active_fake_claim_count,attacker_attributable_cost_on_route,attacker_is_trusted,attacker_route_cost_delta,attacker_source_memory,attacker_trust,benign_movement_steps,benign_no_path_steps,benign_total_distance,benign_total_replans,benign_traffic_wait_steps,deliveries_completed,goal,influential_fake_claim_count,map_error,mean_delivery_cycle_time_steps,mean_delivery_time_steps,method,path_changes,phase,planning_checks,position,preferred_route_affected_by_attacker,robot_id,route_affected_by_attacker,step
0,0.0,True,0.0,0.9,0.9,1,0,1.0,1,0,0,"(33, 50)",0,0.0,,,full_trust,1,RECONNAISSANCE,1,"(7, 8)",False,0,False,0
0,0.0,True,0.0,0.9,0.9,1,0,1.0,1,0,0,"(33, 50)",0,0.0,,,full_trust,1,RECONNAISSANCE,1,"(28, 42)",False,1,False,0
0,0.0,True,0.0,0.9,0.9,1,0,1.0,1,0,0,"(13, 50)",0,0.0,,,full_trust,1,RECONNAISSANCE,1,"(7, 42)",False,2,False,0
0,0.0,True,0.0,0.9,0.9,6,0,6.0,1,0,0,"(33, 50)",0,0.0,,,full_trust,1,RECONNAISSANCE,1,"(12, 8)",False,0,False,5
0,0.0,True,0.0,0.9,0.9,6,0,6.0,1,0,0,"(33, 50)",0,0.0,,,full_trust,1,RECONNAISSANCE,1,"(30, 45)",False,1,False,5
0,0.0,True,0.0,0.9,0.9,6,0,6.0,1,0,0,"(13, 50)",0,0.0,,,full_trust,1,RECONNAISSANCE,1,"(9, 45)",False,2,False,5
0,0.0,True,0.0,0.9,0.9,11,0,11.0,1,0,0,"(33, 50)",0,0.0,,,full_trust,1,RECONNAISSANCE,1,"(13, 12)",False,0,False,10
0,0.0,True,0.0,0.9,0.9,11,0,11.0,1,0,0,"(33, 50)",0,0.0,,,full_trust,1,RECONNAISSANCE,1,"(31, 49)",False,1,False,10
0,0.0,True,0.0,0.9,0.9,11,0,11.0,1,0,0,"(13, 50)",0,0.0,,,full_trust,1,RECONNAISSANCE,1,"(10, 49)",False,2,False,10
0,0.0,True,0.0,0.9,0.9,16,0,16.0,1,0,0,"(33, 50)",0,0.0,,,full_trust,1,RECONNAISSANCE,1,"(14, 16)",False,0,False,15
0,0.0,True,0.0,0.9,0.9,15,0,15.0,2,0,0,"(25, 2)",0,0.0,,,full_trust,2,RECONNAISSANCE,2,"(32, 50)",False,1,False,15
0,0.0,True,0.0,0.9,0.9,15,0,15.0,2,0,0,"(15, 2)",0,0.0,,,full_trust,2,RECONNAISSANCE,2,"(13, 50)",False,2,False,15
0,0.0,True,0.0,0.9,0.9,21,0,21.0,2,0,0,"(33, 50)",0,0.0,,,full_trust,2,RECONNAISSANCE,2,"(14, 21)",False,0,False,20
0,0.0,True,0.0,0.9,0.9,20,0,20.0,2,0,0,"(25, 2)",0,0.0,,,full_trust,2,RECONNAISSANCE,2,"(30, 47)",False,1,False,20
0,0.0,True,0.0,0.9,0.9,20,0,20.0,4,0,0,"(15, 2)",0,0.0,,,full_trust,4,RECONNAISSANCE,4,"(13, 45)",False,2,False,20
0,0.0,True,0.0,0.9,0.9,26,0,26.0,3,0,0,"(33, 50)",0,0.0,,,full_trust,3,RECONNAISSANCE,3,"(17, 23)",False,0,False,25
0,0.0,True,0.0,0.9,0.9,25,0,25.0,2,0,0,"(25, 2)",0,0.0,,,full_trust,2,RECONNAISSANCE,3,"(30, 42)",False,1,False,25
0,0.0,True,0.0,0.9,0.9,25,0,25.0,4,0,0,"(15, 2)",0,0.0,,,full_trust,4,RECONNAISSANCE,5,"(16, 43)",False,2,False,25
0,0.0,True,0.0,0.9,0.9,31,0,31.0,3,0,0,"(33, 50)",0,0.0,,,full_trust,3,RECONNAISSANCE,3,"(19, 26)",False,0,False,30
0,0.0,True,0.0,0.9,0.9,30,0,30.0,2,0,0,"(25, 2)",0,0.0,,,full_trust,2,RECONNAISSANCE,3,"(27, 40)",False,1,False,30
0,0.0,True,0.0,0.9,0.9,30,0,30.0,4,0,0,"(15, 2)",0,0.0,,,full_trust,4,RECONNAISSANCE,5,"(16, 38)",False,2,False,30
0,0.0,True,0.0,0.9,0.9,36,0,36.0,3,0,0,"(33, 50)",0,0.0,,,full_trust,3,RECONNAISSANCE,3,"(20, 30)",False,0,False,35
0,0.0,True,0.0,0.9,0.9,35,0,35.0,2,0,0,"(25, 2)",0,0.0,,,full_trust,2,RECONNAISSANCE,3,"(25, 37)",False,1,False,35
0,0.0,True,0.0,0.9005608116991555,0.9077152561471377,35,0,35.0,4,0,0,"(15, 2)",0,0.0,,,full_trust,4,RECONNAISSANCE,5,"(16, 33)",False,2,False,35
0,0.0,True,0.0,0.9,0.9,41,0,41.0,3,0,0,"(33, 50)",0,0.0,,,full_trust,3,RECONNAISSANCE,3,"(20, 35)",False,0,False,40
0,0.0,True,0.0,0.9026966346285514,0.9193899166655085,40,0,40.0,2,0,0,"(25, 2)",0,0.0,,,full_trust,2,RECONNAISSANCE,3,"(25, 32)",False,1,False,40
0,0.0,True,0.0,0.9048573136635556,0.9257640179246563,40,0,40.0,4,0,0,"(15, 2)",0,0.0,,,full_trust,4,RECONNAISSANCE,5,"(16, 28)",False,2,False,40
0,0.0,True,0.0,0.9,0.9,46,0,46.0,3,0,0,"(33, 50)",0,0.0,,,full_trust,3,RECONNAISSANCE,3,"(20, 40)",False,0,False,45
0,0.0,True,0.0,0.9086106828628702,0.9335617147289076,45,0,45.0,2,0,0,"(25, 2)",0,0.0,,,full_trust,2,RECONNAISSANCE,3,"(25, 27)",False,1,False,45
0,0.0,True,0.0,0.9112825345247917,0.9373170540914262,45,0,45.0,4,0,0,"(15, 2)",0,0.0,,,full_trust,4,RECONNAISSANCE,5,"(16, 23)",False,2,False,45
0,0.0,True,0.0,0.9,0.9,51,0,51.0,3,0,0,"(33, 50)",0,0.0,,,full_trust,3,RECONNAISSANCE,4,"(20, 45)",False,0,False,50
0,0.0,True,0.0,0.9144500293987252,0.9436793610355719,50,0,50.0,2,0,0,"(25, 2)",0,0.0,,,full_trust,2,RECONNAISSANCE,4,"(25, 22)",False,1,False,50
0,0.0,True,0.0,0.9187119736316363,0.9480249027264008,50,0,50.0,4,0,0,"(15, 2)",0,0.0,,,full_trust,4,RECONNAISSANCE,6,"(15, 19)",False,2,False,50
0,0.0,True,0.0,0.9,0.9,56,0,56.0,3,0,0,"(33, 50)",0,0.0,,,full_trust,3,RECONNAISSANCE,4,"(21, 49)",False,0,False,55
0,0.0,True,0.0,0.9144500293987252,0.9436793610355719,55,0,55.0,2,0,0,"(25, 2)",0,0.0,,,full_trust,2,RECONNAISSANCE,4,"(25, 17)",False,1,False,55
0,0.0,True,0.0,0.9265205983129721,0.9561539714572492,55,0,55.0,4,0,0,"(15, 2)",0,0.0,,,full_trust,4,RECONNAISSANCE,6,"(15, 14)",False,2,False,55
0,0.0,True,0.0,0.9,0.9,61,0,61.0,3,0,0,"(33, 50)",0,0.0,,,full_trust,3,RECONNAISSANCE,4,"(25, 50)",False,0,False,60
0,0.0,True,0.0,0.9144500293987252,0.9436793610355719,60,0,60.0,2,0,0,"(25, 2)",0,0.0,,,full_trust,2,RECONNAISSANCE,4,"(25, 12)",False,1,False,60
0,0.0,True,0.0,0.9341564314754558,0.9626007719981722,60,0,60.0,4,0,0,"(15, 2)",0,0.0,,,full_trust,4,RECONNAISSANCE,6,"(15, 9)",False,2,False,60
0,0.0,True,0.0,0.9,0.9,66,0,66.0,3,0,0,"(33, 50)",0,0.0,,,full_trust,3,RECONNAISSANCE,4,"(30, 50)",False,0,False,65
0,0.0,True,0.0,0.9144500293987252,0.9436793610355719,65,0,65.0,2,0,0,"(25, 2)",0,0.0,,,full_trust,2,RECONNAISSANCE,4,"(25, 7)",False,1,False,65
0,0.0,True,0.0,0.9399609391698235,0.9670577364686364,65,0,65.0,4,0,0,"(15, 2)",0,0.0,,,full_trust,4,RECONNAISSANCE,6,"(15, 4)",False,2,False,65
0,0.0,True,0.0,0.9,0.9,70,0,70.0,4,0,0,"(2, 41)",0,0.0,,,full_trust,4,RECONNAISSANCE,5,"(32, 50)",False,0,False,70
0,0.0,True,0.0,0.9144500293987252,0.9436793610355719,70,0,70.0,2,0,0,"(25, 2)",0,0.0,,,full_trust,2,RECONNAISSANCE,4,"(25, 2)",False,1,False,70
0,0.0,True,0.0,0.9399609391698235,0.9670577364686364,69,0,69.0,5,0,1,"(33, 50)",0,0.0,68.0,53.0,full_trust,5,RECONNAISSANCE,7,"(15, 4)",False,2,False,70
0,0.0,True,0.0,0.9,0.9,75,0,75.0,4,0,0,"(2, 41)",0,0.0,,,full_trust,4,RECONNAISSANCE,6,"(28, 49)",False,0,False,75
0,0.0,True,0.0,0.9144500293987252,0.9436793610355719,74,0,74.0,3,0,1,"(33, 50)",0,0.0,71.0,57.0,full_trust,3,RECONNAISSANCE,6,"(25, 6)",False,1,False,75
0,0.0,True,0.0,0.9399609391698235,0.9670577364686364,74,0,74.0,5,0,1,"(33, 50)",0,0.0,68.0,53.0,full_trust,5,RECONNAISSANCE,8,"(16, 8)",False,2,False,75
0,0.0,True,0.0,0.9,0.9,80,0,80.0,4,0,0,"(2, 41)",0,0.0,,,full_trust,4,RECONNAISSANCE,6,"(23, 49)",False,0,False,80
0,0.0,True,0.0,0.9144500293987252,0.9436793610355719,79,0,79.0,3,0,1,"(33, 50)",0,0.0,71.0,57.0,full_trust,3,RECONNAISSANCE,6,"(26, 10)",False,1,False,80
0,0.0,True,0.0,0.9399609391698235,0.9670577364686364,79,0,79.0,5,0,1,"(33, 50)",0,0.0,68.0,53.0,full_trust,5,RECONNAISSANCE,8,"(16, 13)",False,2,False,80
0,0.0,True,0.0,0.9,0.9,85,0,85.0,4,0,0,"(2, 41)",0,0.0,,,full_trust,4,RECONNAISSANCE,6,"(20, 47)",False,0,False,85
0,0.0,True,0.0,0.9144500293987252,0.9436793610355719,84,0,84.0,3,0,1,"(33, 50)",0,0.0,71.0,57.0,full_trust,3,RECONNAISSANCE,6,"(26, 15)",False,1,False,85
0,0.0,True,0.0,0.9399609391698235,0.9670577364686364,84,0,84.0,5,0,1,"(33, 50)",0,0.0,68.0,53.0,full_trust,5,RECONNAISSANCE,8,"(16, 18)",False,2,False,85
0,0.0,True,0.0,0.9,0.9,90,0,90.0,4,0,0,"(2, 41)",0,0.0,,,full_trust,4,RECONNAISSANCE,6,"(19, 43)",False,0,False,90
0,0.0,True,0.0,0.9144500293987252,0.9436793610355719,89,0,89.0,3,0,1,"(33, 50)",0,0.0,71.0,57.0,full_trust,3,RECONNAISSANCE,6,"(26, 20)",False,1,False,90
0,0.0,True,0.0,0.9399609391698235,0.9670577364686364,89,0,89.0,5,0,1,"(33, 50)",0,0.0011123470522803114,68.0,53.0,full_trust,5,RECONNAISSANCE,8,"(16, 23)",False,2,False,90
0,0.0,True,0.0,0.9,0.9,95,0,95.0,4,0,0,"(2, 41)",0,0.0,,,full_trust,4,RECONNAISSANCE,6,"(16, 41)",False,0,False,95
0,0.0,True,0.0,0.9144500293987252,0.9436793610355719,94,0,94.0,3,0,1,"(33, 50)",0,0.0,71.0,57.0,full_trust,3,RECONNAISSANCE,6,"(26, 25)",False,1,False,95
0,0.0,True,0.0,0.9427541739258056,0.9691439046063984,94,0,94.0,5,0,1,"(33, 50)",0,0.0011123470522803114,68.0,53.0,full_trust,5,RECONNAISSANCE,8,"(17, 27)",False,2,False,95
0,0.0,True,0.0,0.9,0.9,100,0,100.0,4,0,0,"(2, 41)",0,0.0,,,full_trust,4,RECONNAISSANCE,7,"(11, 41)",False,0,False,100
0,0.0,True,0.0,0.9144500293987252,0.9436793610355719,99,0,99.0,4,0,1,"(33, 50)",0,0.0,71.0,57.0,full_trust,4,RECONNAISSANCE,7,"(26, 30)",False,1,False,100
0,0.0,True,0.0,0.9492921522430697,0.973103914884267,99,0,99.0,6,0,1,"(33, 50)",0,0.0011001100110011,68.0,53.0,full_trust,6,RECONNAISSANCE,9,"(17, 32)",False,2,False,100
0,0.0,True,0.0,0.9,0.9,105,0,105.0,4,0,0,"(2, 41)",0,0.0,,,full_trust,4,RECONNAISSANCE,7,"(6, 41)",False,0,False,105
0,0.0,True,0.0,0.9205130471710069,0.9490604346905136,104,0,104.0,4,0,1,"(33, 50)",0,0.0,71.0,57.0,full_trust,4,RECONNAISSANCE,7,"(28, 33)",False,1,False,105
0,0.0,True,0.0,0.9552323153488471,0.9770279736990929,104,0,104.0,6,0,1,"(33, 50)",0,0.0010893246187363835,68.0,53.0,full_trust,6,RECONNAISSANCE,9,"(19, 35)",False,2,False,105
0,0.0,True,0.0,0.9,0.9,109,0,109.0,5,0,1,"(33, 50)",0,0.0,110.0,41.0,full_trust,5,RECONNAISSANCE,8,"(2, 41)",False,0,False,110
0,0.0,True,0.0,0.9234675898966893,0.9513727689387461,109,0,109.0,4,0,1,"(33, 50)",0,0.0,71.0,57.0,full_trust,4,RECONNAISSANCE,7,"(29, 37)",False,1,False,110
0,0.0,True,0.0,0.9606034065238453,0.980205810579799,109,0,109.0,6,0,1,"(33, 50)",0,0.0010515247108307045,68.0,53.0,full_trust,6,RECONNAISSANCE,9,"(20, 39)",False,2,False,110
0,0.0,True,0.0,0.9,0.9,114,0,114.0,5,0,1,"(33, 50)",0,0.0,110.0,41.0,full_trust,5,RECONNAISSANCE,8,"(7, 41)",False,0,False,115
0,0.0,True,0.0,0.9306159717702654,0.9573576682193715,114,0,114.0,4,0,1,"(33, 50)",0,0.0,71.0,57.0,full_trust,4,RECONNAISSANCE,7,"(29, 42)",False,1,False,115
0,0.0,True,0.0,0.9654701765366176,0.9832348521069706,114,0,114.0,6,0,1,"(33, 50)",0,0.0010515247108307045,68.0,53.0,full_trust,6,RECONNAISSANCE,9,"(20, 44)",False,2,False,115
0,0.0,True,0.0,0.9,0.9,119,0,119.0,5,0,1,"(33, 50)",0,0.0,110.0,41.0,full_trust,5,RECONNAISSANCE,8,"(12, 41)",False,0,False,120
0,0.0,True,0.0,0.9375248687921254,0.9633109677421272,119,0,119.0,4,0,1,"(33, 50)",0,0.0,71.0,57.0,full_trust,4,RECONNAISSANCE,7,"(31, 45)",False,1,False,120
0,0.0,True,0.0,0.969873867757634,0.9860052527694584,119,0,119.0,6,0,1,"(33, 50)",0,0.0010515247108307045,68.0,53.0,full_trust,6,RECONNAISSANCE,9,"(20, 49)",False,2,False,120
0,0.0,True,0.0,0.9,0.9,124,0,124.0,6,0,1,"(33, 50)",0,0.0,110.0,41.0,full_trust,6,RECONNAISSANCE,9,"(14, 44)",False,0,False,125
0,0.0,True,0.0,0.9428513410978382,0.9681058444129512,124,0,124.0,4,0,1,"(33, 50)",0,0.0,71.0,57.0,full_trust,4,RECONNAISSANCE,8,"(31, 50)",False,1,False,125
0,0.0,True,0.0,0.9738900499776103,0.988520809081269,124,0,124.0,6,0,1,"(33, 50)",0,0.002103049421661409,68.0,53.0,full_trust,6,RECONNAISSANCE,10,"(24, 50)",False,2,False,125
0,0.0,True,0.0,0.9,0.9,129,0,129.0,6,0,1,"(33, 50)",0,0.0,110.0,41.0,full_trust,6,RECONNAISSANCE,9,"(17, 46)",False,0,False,130
0,0.0,True,0.0,0.9441595234691633,0.9690149885243416,128,0,128.0,5,0,1,"(33, 8)",0,0.0,71.0,57.0,full_trust,5,RECONNAISSANCE,9,"(33, 48)",False,1,False,130
0,0.0,True,0.0,0.977448024226116,0.9902249145076506,129,0,129.0,6,0,1,"(33, 50)",0,0.002103049421661409,68.0,53.0,full_trust,6,RECONNAISSANCE,10,"(29, 50)",False,2,False,130
0,0.0,True,0.0,0.9,0.9,134,0,134.0,6,0,1,"(33, 50)",0,0.0,110.0,41.0,full_trust,6,RECONNAISSANCE,9,"(20, 48)",False,0,False,135
0,0.0,True,0.0,0.9441595234691633,0.9690149885243416,133,0,133.0,5,0,1,"(33, 8)",0,0.0,71.0,57.0,full_trust,5,RECONNAISSANCE,9,"(30, 46)",False,1,False,135
0,0.0,True,0.0,0.9805607714154723,0.9918602308524954,133,0,133.0,7,0,1,"(33, 8)",0,0.002103049421661409,68.0,53.0,full_trust,7,RECONNAISSANCE,11,"(33, 50)",False,2,False,135
0,0.0,True,0.0,0.9,0.9,139,0,139.0,6,0,1,"(33, 50)",0,0.0,110.0,41.0,full_trust,6,RECONNAISSANCE,9,"(23, 50)",False,0,False,140
0,0.0,True,0.0,0.9441595234691633,0.9690149885243416,138,0,138.0,5,0,1,"(33, 8)",0,0.0,71.0,57.0,full_trust,5,RECONNAISSANCE,9,"(30, 41)",False,1,False,140
0,0.0,True,0.0,0.9805607714154723,0.9918602308524954,138,0,138.0,7,0,1,"(33, 8)",0,0.002103049421661409,68.0,53.0,full_trust,7,RECONNAISSANCE,11,"(32, 46)",False,2,False,140
0,0.0,True,0.0,0.9,0.9,144,0,144.0,6,0,1,"(33, 50)",0,0.0,110.0,41.0,full_trust,6,RECONNAISSANCE,9,"(28, 50)",False,0,False,145
0,0.0,True,0.0,0.9466990637619388,0.9705561193783313,143,0,143.0,5,0,1,"(33, 8)",0,0.0,71.0,57.0,full_trust,5,RECONNAISSANCE,9,"(28, 38)",False,1,False,145
0,0.0,True,0.0,0.9832950590806485,0.9932332144836412,143,0,143.0,7,0,1,"(33, 8)",0,0.002103049421661409,68.0,53.0,full_trust,7,RECONNAISSANCE,11,"(29, 44)",False,2,False,145
0,0.0,True,0.0,0.9,0.9,149,0,149.0,6,0,1,"(33, 50)",0,0.058885383806519455,110.0,41.0,full_trust,6,RECONNAISSANCE,10,"(33, 50)",False,0,False,150
0,0.0,True,0.0,0.9479274032145333,0.9712658528138296,148,0,148.0,5,0,1,"(33, 8)",0,0.058885383806519455,71.0,57.0,full_trust,5,RECONNAISSANCE,10,"(28, 33)",False,1,False,150
0,0.0,True,0.0,0.9857266062654501,0.9944530515344191,148,0,148.0,7,0,1,"(33, 8)",0,0.056782334384858045,68.0,53.0,full_trust,7,RECONNAISSANCE,12,"(29, 39)",False,2,False,150
0,0.0,True,0.0,0.9,0.9,153,0,153.0,7,0,1,"(13, 50)",0,0.055613850996852045,110.0,41.0,full_trust,7,RECONNAISSANCE,11,"(29, 50)",False,0,False,155
0,0.0,True,0.0,0.9479274032145333,0.9712658528138296,153,0,153.0,5,0,1,"(33, 8)",0,0.055613850996852045,71.0,57.0,full_trust,5,RECONNAISSANCE,10,"(27, 29)",False,1,False,155
0,0.0,True,0.0,0.9857266062654501,0.9944530515344191,153,0,153.0,7,0,1,"(33, 8)",0,0.055613850996852045,68.0,53.0,full_trust,7,RECONNAISSANCE,12,"(29, 34)",False,2,False,155
0,0.0,True,0.0,0.9,0.9,158,0,158.0,7,0,1,"(13, 50)",0,0.04771784232365145,110.0,41.0,full_trust,7,RECONNAISSANCE,11,"(25, 49)",False,0,False,160
0,0.0,True,0.0,0.9479274032145333,0.9712658528138296,158,0,158.0,5,0,1,"(33, 8)",0,0.04771784232365145,71.0,57.0,full_trust,5,RECONNAISSANCE,10,"(27, 24)",False,1,False,160
0,0.0,True,0.0,0.9857266062654501,0.9944530515344191,158,0,158.0,7,0,1,"(33, 8)",0,0.04564315352697095,68.0,53.0,full_trust,7,RECONNAISSANCE,12,"(29, 29)",False,2,False,160
0,0.0,True,0.0,0.9,0.9,163,0,163.0,7,0,1,"(13, 50)",0,0.046012269938650305,110.0,41.0,full_trust,7,RECONNAISSANCE,11,"(20, 49)",False,0,False,165
0,0.0,True,0.0,0.9479274032145333,0.9712658528138296,163,0,163.0,5,0,1,"(33, 8)",0,0.046012269938650305,71.0,57.0,full_trust,5,RECONNAISSANCE,10,"(27, 19)",False,1,False,165
0,0.0,True,0.0,0.9857266062654501,0.9944530515344191,163,0,163.0,7,0,1,"(33, 8)",0,0.04396728016359918,68.0,53.0,full_trust,7,RECONNAISSANCE,12,"(29, 24)",False,2,False,165
0,0.0,True,0.0,0.9,0.9,168,0,168.0,7,0,1,"(13, 50)",0,0.04568527918781726,110.0,41.0,full_trust,7,RECONNAISSANCE,11,"(16, 50)",False,0,False,170
0,0.0,True,0.0,0.9479274032145333,0.9712658528138296,168,0,168.0,5,0,1,"(33, 8)",0,0.04568527918781726,71.0,57.0,full_trust,5,RECONNAISSANCE,10,"(27, 14)",False,1,False,170
0,0.0,True,0.0,0.9857266062654501,0.9944530515344191,168,0,168.0,7,0,1,"(33, 8)",0,0.04365482233502538,68.0,53.0,full_trust,7,RECONNAISSANCE,12,"(29, 19)",False,2,False,170
0,0.0,True,0.0,0.9,0.9,172,0,172.0,8,0,2,"(2, 41)",0,0.045180722891566265,87.0,32.0,full_trust,8,RECONNAISSANCE,13,"(12, 50)",False,0,False,175
0,0.0,True,0.0,0.9479274032145333,0.9712658528138296,173,0,173.0,5,0,1,"(33, 8)",0,0.045180722891566265,71.0,57.0,full_trust,5,RECONNAISSANCE,11,"(27, 9)",False,1,False,175
0,0.0,True,0.0,0.9857266062654501,0.9944530515344191,173,0,173.0,8,0,1,"(33, 8)",0,0.04317269076305221,68.0,53.0,full_trust,8,RECONNAISSANCE,13,"(29, 14)",False,2,False,175
0,0.0,True,0.0,0.9,0.9,177,0,177.0,8,0,2,"(2, 41)",0,0.04491017964071856,87.0,32.0,full_trust,8,RECONNAISSANCE,13,"(12, 45)",False,0,False,180
0,0.0,True,0.0,0.9479274032145333,0.9712658528138296,178,0,178.0,5,0,1,"(33, 8)",0,0.04491017964071856,71.0,57.0,full_trust,5,RECONNAISSANCE,11,"(31, 8)",False,1,False,180
0,0.0,True,0.0,0.9857266062654501,0.9944530515344191,178,0,178.0,8,0,1,"(33, 8)",0,0.04291417165668663,68.0,53.0,full_trust,8,RECONNAISSANCE,13,"(31, 11)",False,2,False,180
0,0.0,True,0.0,0.9,0.9,182,0,182.0,8,0,2,"(2, 41)",0,0.04491017964071856,87.0,32.0,full_trust,8,RECONNAISSANCE,13,"(10, 42)",False,0,False,185
0,0.0,True,0.0,0.9479274032145333,0.9712658528138296,182,0,182.0,6,0,2,"(13, 50)",0,0.04491017964071856,91.5,56.0,full_trust,6,RECONNAISSANCE,12,"(31, 8)",False,1,False,185
0,0.0,True,0.0,0.9857266062654501,0.9944530515344191,181,0,181.0,8,2,1,"(33, 8)",0,0.041916167664670656,68.0,53.0,full_trust,8,RECONNAISSANCE,14,"(32, 9)",False,2,False,185
0,0.0,True,0.0,0.9,0.9,187,0,187.0,8,0,2,"(2, 41)",0,0.041916167664670656,87.0,32.0,full_trust,8,RECONNAISSANCE,13,"(6, 41)",False,0,False,190
0,0.0,True,0.0,0.9479274032145333,0.9712658528138296,187,0,187.0,6,0,2,"(13, 50)",0,0.041916167664670656,91.5,56.0,full_trust,6,RECONNAISSANCE,12,"(29, 11)",False,1,False,190
0,0.0,True,0.0,0.9857266062654501,0.9944530515344191,185,0,185.0,9,2,2,"(2, 20)",0,0.038922155688622756,94.0,53.0,full_trust,9,RECONNAISSANCE,15,"(31, 8)",False,2,False,190
0,0.0,True,0.0,0.9,0.9,191,0,191.0,9,0,2,"(2, 50)",0,0.04091816367265469,87.0,32.0,full_trust,9,RECONNAISSANCE,14,"(2, 41)",False,0,False,195
0,0.0,True,0.0,0.9479274032145333,0.9712658528138296,192,0,192.0,6,0,2,"(13, 50)",0,0.04091816367265469,91.5,56.0,full_trust,6,RECONNAISSANCE,12,"(28, 15)",False,1,False,195
0,0.0,True,0.0,0.9857266062654501,0.9944530515344191,190,0,190.0,9,2,2,"(2, 20)",0,0.03792415169660679,94.0,53.0,full_trust,9,RECONNAISSANCE,15,"(30, 12)",False,2,False,195
0,0.0,True,0.0,0.9,0.9,196,0,196.0,9,0,2,"(2, 50)",0,0.03980099502487562,87.0,32.0,full_trust,9,RECONNAISSANCE,15,"(3, 45)",False,0,False,200
0,0.0,True,0.0,0.9479274032145333,0.9712658528138296,197,0,197.0,7,0,2,"(13, 50)",0,0.03980099502487562,91.5,56.0,full_trust,7,RECONNAISSANCE,13,"(27, 19)",False,1,False,200
0,0.0,True,0.0,0.9857266062654501,0.9944530515344191,195,0,195.0,9,2,2,"(2, 20)",0,0.03681592039800995,94.0,53.0,full_trust,9,RECONNAISSANCE,16,"(28, 15)",False,2,False,200
0,0.0,True,0.0,0.9,0.9,201,0,201.0,9,0,2,"(2, 50)",0,0.036669970267591674,87.0,32.0,full_trust,9,RECONNAISSANCE,15,"(3, 50)",False,0,False,205
0,0.0,True,0.0,0.9479274032145333,0.9712658528138296,202,0,202.0,7,0,2,"(13, 50)",0,0.036669970267591674,91.5,56.0,full_trust,7,RECONNAISSANCE,13,"(26, 23)",False,1,False,205
0,0.0,True,0.0,0.9857266062654501,0.9944530515344191,200,0,200.0,9,2,2,"(2, 20)",0,0.03369672943508424,94.0,53.0,full_trust,9,RECONNAISSANCE,16,"(25, 17)",False,2,False,205
0,0.0,True,0.0,0.9,0.9,205,0,205.0,10,0,3,"(33, 8)",0,0.03663366336633663,69.0,25.333333333333332,full_trust,10,RECONNAISSANCE,16,"(4, 49)",False,0,False,210
0,0.0,True,0.0,0.9479274032145333,0.9712658528138296,207,0,207.0,7,0,2,"(13, 50)",0,0.03861386138613861,91.5,56.0,full_trust,7,RECONNAISSANCE,13,"(26, 28)",False,1,False,210
0,0.0,True,0.0,0.9857266062654501,0.9944530515344191,205,0,205.0,9,2,2,"(2, 20)",0,0.033663366336633666,94.0,53.0,full_trust,9,RECONNAISSANCE,16,"(20, 17)",False,2,False,210
0,0.0,True,0.0,0.9,0.9,210,0,210.0,10,0,3,"(33, 8)",0,0.034653465346534656,69.0,25.333333333333332,full_trust,10,RECONNAISSANCE,16,"(5, 45)",False,0,False,215
0,0.0,True,0.0,0.9479274032145333,0.9712658528138296,212,0,212.0,7,0,2,"(13, 50)",0,0.034653465346534656,91.5,56.0,full_trust,7,RECONNAISSANCE,13,"(26, 33)",False,1,False,215
0,0.0,True,0.0,0.9857266062654501,0.9944530515344191,210,0,210.0,9,2,2,"(2, 20)",0,0.031683168316831684,94.0,53.0,full_trust,9,RECONNAISSANCE,16,"(17, 19)",False,2,False,215
0,0.0,True,0.0,0.9,0.9,215,0,215.0,10,0,3,"(33, 8)",0,0.029615004935834157,69.0,25.333333333333332,full_trust,10,RECONNAISSANCE,16,"(10, 45)",False,0,False,220
0,0.0,True,0.0,0.9479274032145333,0.9712658528138296,217,0,217.0,7,0,2,"(13, 50)",0,0.029615004935834157,91.5,56.0,full_trust,7,RECONNAISSANCE,13,"(26, 38)",False,1,False,220
0,0.0,True,0.0,0.9857266062654501,0.9944530515344191,215,0,215.0,9,2,2,"(2, 20)",0,0.027640671273445213,94.0,53.0,full_trust,9,RECONNAISSANCE,16,"(14, 21)",False,2,False,220
0,0.0,True,0.0,0.9,0.9,220,0,220.0,11,0,3,"(33, 8)",0,0.026061776061776062,69.0,25.333333333333332,full_trust,11,RECONNAISSANCE,17,"(12, 42)",False,0,False,225
0,0.0,True,0.0,0.9525977934598684,0.9742025222847048,222,0,222.0,8,0,2,"(13, 50)",0,0.026061776061776062,91.5,56.0,full_trust,8,RECONNAISSANCE,14,"(25, 42)",False,1,False,225
0,0.0,True,0.0,0.9857266062654501,0.9944530515344191,220,0,220.0,9,2,2,"(2, 20)",0,0.02413127413127413,94.0,53.0,full_trust,9,RECONNAISSANCE,17,"(9, 21)",False,2,False,225
0,0.0,True,0.0,0.9,0.9,225,0,225.0,15,0,3,"(33, 8)",0,0.016853932584269662,69.0,25.333333333333332,full_trust,15,RECONNAISSANCE,21,"(12, 37)",False,0,False,230
0,0.0,True,0.0,0.9580227206734965,0.9779248557548111,227,0,227.0,8,0,2,"(13, 50)",0,0.016853932584269662,91.5,56.0,full_trust,8,RECONNAISSANCE,14,"(24, 46)",False,1,False,230
0,0.0,True,0.0,0.9857266062654501,0.9944530515344191,225,0,225.0,9,2,2,"(2, 20)",0,0.016853932584269662,94.0,53.0,full_trust,9,RECONNAISSANCE,17,"(4, 21)",False,2,False,230
0,0.0,True,0.0,0.9,0.9,230,0,230.0,15,0,3,"(33, 8)",0,0.01674418604651163,69.0,25.333333333333332,full_trust,15,RECONNAISSANCE,21,"(15, 35)",False,0,False,235
0,0.0,True,0.0,0.9630289487036118,0.9816079861568362,232,0,232.0,8,0,2,"(13, 50)",0,0.01674418604651163,91.5,56.0,full_trust,8,RECONNAISSANCE,14,"(22, 49)",False,1,False,235
0,0.0,True,0.0,0.9857266062654501,0.9944530515344191,229,0,229.0,10,2,2,"(25, 2)",0,0.01674418604651163,94.0,53.0,full_trust,10,RECONNAISSANCE,18,"(3, 20)",False,2,False,235
0,0.0,True,0.0,0.9,0.9,235,0,235.0,15,0,3,"(33, 8)",0,0.013023255813953489,69.0,25.333333333333332,full_trust,15,RECONNAISSANCE,21,"(18, 33)",False,0,False,240
0,0.0,True,0.0,0.9676275913418462,0.9843991293146203,237,0,237.0,8,0,2,"(13, 50)",0,0.013023255813953489,91.5,56.0,full_trust,8,RECONNAISSANCE,14,"(17, 49)",False,1,False,240
0,0.0,True,0.0,0.9857266062654501,0.9944530515344191,234,0,234.0,10,2,2,"(25, 2)",0,0.013023255813953489,94.0,53.0,full_trust,10,RECONNAISSANCE,18,"(7, 21)",False,2,False,240
0,0.0,True,0.0,0.9,0.9,240,0,240.0,15,0,3,"(33, 8)",0,0.010232558139534883,69.0,25.333333333333332,full_trust,15,RECONNAISSANCE,21,"(18, 28)",False,0,False,245
0,0.0,True,0.0,0.9717712968171262,0.9868633096829725,242,0,242.0,8,0,2,"(13, 50)",0,0.010232558139534883,91.5,56.0,full_trust,8,RECONNAISSANCE,14,"(13, 50)",False,1,False,245
0,0.0,True,0.0,0.9857266062654501,0.9944530515344191,239,0,239.0,10,2,2,"(25, 2)",0,0.010232558139534883,94.0,53.0,full_trust,10,RECONNAISSANCE,18,"(11, 20)",False,2,False,245
0,0.0,True,0.0,0.9,0.9,245,0,245.0,15,0,3,"(33, 8)",0,0.0074418604651162795,69.0,25.333333333333332,full_trust,15,RECONNAISSANCE,22,"(18, 23)",False,0,False,250
0,0.0,True,0.0,0.9747573770293779,0.9884814238812244,246,0,246.0,10,0,2,"(2, 20)",0,0.0074418604651162795,91.5,56.0,full_trust,10,RECONNAISSANCE,16,"(12, 47)",False,1,False,250
0,0.0,True,0.0,0.9870279097843381,0.9950584840387452,244,0,244.0,10,2,2,"(25, 2)",0,0.0074418604651162795,94.0,53.0,full_trust,10,RECONNAISSANCE,19,"(14, 18)",False,2,False,250
0,0.0,True,0.0,0.9,0.9,250,0,250.0,15,0,3,"(33, 8)",0,0.0074418604651162795,69.0,25.333333333333332,full_trust,15,RECONNAISSANCE,22,"(18, 18)",False,0,False,255
0,0.0,True,0.0,0.9781364579125631,0.9903801555918802,251,0,251.0,10,0,2,"(2, 20)",0,0.0074418604651162795,91.5,56.0,full_trust,10,RECONNAISSANCE,16,"(12, 42)",False,1,False,255
0,0.0,True,0.0,0.9889871760367096,0.9960739185927957,249,0,249.0,10,2,2,"(25, 2)",0,0.0074418604651162795,94.0,53.0,full_trust,10,RECONNAISSANCE,19,"(18, 17)",False,2,False,255
0,0.0,True,0.0,0.9,0.9,254,0,254.0,15,1,3,"(33, 8)",0,0.0074418604651162795,69.0,25.333333333333332,full_trust,15,RECONNAISSANCE,22,"(18, 14)",False,0,False,260
0,0.0,True,0.0,0.9811387152232288,0.9919953056450325,256,0,256.0,10,0,2,"(2, 20)",0,0.0074418604651162795,91.5,56.0,full_trust,10,RECONNAISSANCE,16,"(8, 41)",False,1,False,260
0,0.0,True,0.0,0.990724210592595,0.9970002822008938,254,0,254.0,10,2,2,"(25, 2)",0,0.0074418604651162795,94.0,53.0,full_trust,10,RECONNAISSANCE,19,"(23, 17)",False,2,False,260
0,0.0,True,0.0,0.9,0.9,259,0,259.0,15,1,3,"(33, 8)",0,0.0074418604651162795,69.0,25.333333333333332,full_trust,15,RECONNAISSANCE,22,"(18, 9)",False,0,False,265
0,0.0,True,0.0,0.9837648482760389,0.993180410878272,261,0,261.0,10,0,2,"(2, 20)",0,0.0074418604651162795,91.5,56.0,full_trust,10,RECONNAISSANCE,16,"(3, 41)",False,1,False,265
0,0.0,True,0.0,0.991355009905859,0.9972474085811172,259,0,259.0,10,2,2,"(25, 2)",0,0.0074418604651162795,94.0,53.0,full_trust,10,RECONNAISSANCE,19,"(25, 14)",False,2,False,265
0,0.0,True,0.0,0.9,0.9,264,0,264.0,15,1,3,"(33, 8)",0,0.007359705611775529,69.0,25.333333333333332,full_trust,15,RECONNAISSANCE,22,"(23, 9)",False,0,False,270
0,0.0,True,0.0,0.984716448671342,0.9936776556858954,266,0,266.0,10,0,2,"(2, 20)",0,0.00827966881324747,91.5,56.0,full_trust,10,RECONNAISSANCE,16,"(3, 36)",False,1,False,270
0,0.0,True,0.0,0.9922283431217694,0.9976023275108615,264,0,264.0,10,2,2,"(25, 2)",0,0.007359705611775529,94.0,53.0,full_trust,10,RECONNAISSANCE,19,"(25, 9)",False,2,False,270
0,0.0,True,0.0,0.9,0.9,269,0,269.0,15,1,3,"(33, 8)",0,0.0081374321880651,69.0,25.333333333333332,full_trust,15,RECONNAISSANCE,23,"(27, 8)",False,0,False,275
0,0.0,True,0.0,0.984716448671342,0.9936776556858954,271,0,271.0,10,0,2,"(2, 20)",0,0.0081374321880651,91.5,56.0,full_trust,10,RECONNAISSANCE,17,"(3, 31)",False,1,False,275
0,0.0,True,0.0,0.9935280413447808,0.9981728311198038,269,0,269.0,10,2,2,"(25, 2)",0,0.007233273056057866,94.0,53.0,full_trust,10,RECONNAISSANCE,20,"(25, 4)",False,2,False,275
0,0.0,True,0.0,0.9,0.9,274,0,274.0,15,1,3,"(33, 8)",0,0.008071748878923767,69.0,25.333333333333332,full_trust,15,RECONNAISSANCE,23,"(32, 8)",False,0,False,280
0,0.0,True,0.0,0.984716448671342,0.9936776556858954,276,0,276.0,10,0,2,"(2, 20)",0,0.008071748878923767,91.5,56.0,full_trust,10,RECONNAISSANCE,17,"(3, 26)",False,1,False,280
0,0.0,True,0.0,0.9946327247418623,0.9985327627500662,273,0,273.0,11,2,3,"(33, 50)",0,0.007174887892376682,92.66666666666667,50.0,full_trust,11,RECONNAISSANCE,21,"(25, 4)",False,2,False,280
0,0.0,True,0.0,0.9,0.9,278,0,278.0,16,1,3,"(3, 8)",0,0.008071748878923767,69.0,25.333333333333332,full_trust,16,RECONNAISSANCE,24,"(30, 8)",False,0,False,285
0,0.0,True,0.0,0.984716448671342,0.9936776556858954,281,0,281.0,10,0,2,"(2, 20)",0,0.008071748878923767,91.5,56.0,full_trust,10,RECONNAISSANCE,17,"(2, 22)",False,1,False,285
0,0.0,True,0.0,0.9955514226121726,0.9987883210552101,278,0,278.0,11,2,3,"(33, 50)",0,0.007174887892376682,92.66666666666667,50.0,full_trust,11,RECONNAISSANCE,21,"(26, 8)",False,2,False,285
0,0.0,True,0.0,0.9,0.9,283,0,283.0,16,1,3,"(3, 8)",0,0.008968609865470852,69.0,25.333333333333332,full_trust,16,RECONNAISSANCE,24,"(26, 9)",False,0,False,290
0,0.0,True,0.0,0.984716448671342,0.9936776556858954,285,0,285.0,11,0,3,"(2, 41)",0,0.008071748878923767,96.0,51.333333333333336,full_trust,11,RECONNAISSANCE,18,"(2, 22)",False,1,False,290
0,0.0,True,0.0,0.9963216389575116,0.9990606382212137,283,0,283.0,11,2,3,"(33, 50)",0,0.007174887892376682,92.66666666666667,50.0,full_trust,11,RECONNAISSANCE,21,"(26, 13)",False,2,False,290
0,0.0,True,0.0,0.9,0.9,288,0,288.0,16,1,3,"(3, 8)",0,0.009865470852017937,69.0,25.333333333333332,full_trust,16,RECONNAISSANCE,24,"(21, 9)",False,0,False,295
0,0.0,True,0.0,0.984716448671342,0.9936776556858954,290,0,290.0,11,0,3,"(2, 41)",0,0.009865470852017937,96.0,51.333333333333336,full_trust,11,RECONNAISSANCE,18,"(3, 26)",False,1,False,295
0,0.0,True,0.0,0.9969701611149282,0.9992510200100192,288,0,288.0,11,2,3,"(33, 50)",0,0.007174887892376682,92.66666666666667,50.0,full_trust,11,RECONNAISSANCE,21,"(26, 18)",False,2,False,295
0,0.0,True,0.0,0.9,0.9,293,0,293.0,16,1,3,"(3, 8)",0,0.051075268817204304,69.0,25.333333333333332,full_trust,16,ATTACK,25,"(17, 8)",False,0,False,300
0,0.0,True,0.0,0.984716448671342,0.9936776556858954,295,0,295.0,11,0,3,"(2, 41)",0,0.056451612903225805,96.0,51.333333333333336,full_trust,11,ATTACK,19,"(3, 31)",False,1,False,300
0,0.0,True,0.0,0.9969701611149282,0.9992510200100192,293,0,293.0,11,2,3,"(33, 50)",0,0.05555555555555555,92.66666666666667,50.0,full_trust,11,ATTACK,22,"(28, 21)",False,2,False,300
0,0.0,True,0.0,0.9,0.9,298,0,298.0,16,1,3,"(3, 8)",0,0.047491039426523295,69.0,25.333333333333332,full_trust,16,ATTACK,25,"(12, 8)",False,0,False,305
0,0.0,True,0.0,0.984716448671342,0.9936776556858954,300,0,300.0,11,0,3,"(2, 41)",0,0.05465949820788531,96.0,51.333333333333336,full_trust,11,ATTACK,19,"(3, 36)",False,1,False,305
0,0.0,True,0.0,0.9969701611149282,0.9992510200100192,298,0,298.0,11,2,3,"(33, 50)",0,0.053763440860215055,92.66666666666667,50.0,full_trust,11,ATTACK,22,"(28, 26)",False,2,False,305
0,0.0,True,0.0,0.9,0.9,303,0,303.0,16,1,3,"(3, 8)",0,0.044802867383512544,69.0,25.333333333333332,full_trust,16,ATTACK,25,"(7, 8)",False,0,False,310
0,0.0,True,0.0,0.984716448671342,0.9936776556858954,305,0,305.0,11,0,3,"(2, 41)",0,0.04838709677419355,96.0,51.333333333333336,full_trust,11,ATTACK,19,"(3, 41)",False,1,False,310
0,0.0,True,0.0,0.9969701611149282,0.9992510200100192,303,0,303.0,11,2,3,"(33, 50)",0,0.0492831541218638,92.66666666666667,50.0,full_trust,11,ATTACK,22,"(28, 31)",False,2,False,310
0,0.0,True,0.0,0.9,0.9,307,0,307.0,17,1,4,"(2, 20)",0,0.03942652329749104,78.75,27.25,full_trust,17,ATTACK,26,"(3, 8)",False,0,False,315
0,0.0,True,0.0,0.984716448671342,0.9936776556858954,309,0,309.0,12,0,3,"(15, 2)",0,0.04390681003584229,96.0,51.333333333333336,full_trust,12,ATTACK,20,"(4, 40)",False,1,False,315
0,0.0,True,0.0,0.9969701611149282,0.9992510200100192,308,0,308.0,12,2,3,"(33, 50)",0,0.043010752688172046,92.66666666666667,50.0,full_trust,12,ATTACK,23,"(28, 36)",False,2,False,315
0,0.0,True,0.0,0.9,0.9,312,0,312.0,17,1,4,"(2, 20)",0,0.038461538461538464,78.75,27.25,full_trust,17,ATTACK,26,"(8, 8)",False,0,False,320
0,0.0,True,0.0,0.984716448671342,0.9936776556858954,314,0,314.0,12,0,3,"(15, 2)",0,0.04382826475849732,96.0,51.333333333333336,full_trust,12,ATTACK,20,"(5, 36)",False,1,False,320
0,0.0,True,0.0,0.9969701611149282,0.9992510200100192,313,0,313.0,12,2,3,"(33, 50)",0,0.04293381037567084,92.66666666666667,50.0,full_trust,12,ATTACK,23,"(29, 40)",False,2,False,320
0,0.0,True,0.0,0.9,0.9,317,0,317.0,18,1,4,"(2, 20)",0,0.03374777975133215,78.75,27.25,full_trust,18,ATTACK,27,"(13, 8)",False,0,False,325
0,0.0,True,0.0,0.984716448671342,0.9936776556858954,319,0,319.0,12,0,3,"(15, 2)",0,0.04262877442273535,96.0,51.333333333333336,full_trust,12,ATTACK,21,"(5, 31)",False,1,False,325
0,0.0,True,0.0,0.9969701611149282,0.9992510200100192,318,0,318.0,13,2,3,"(33, 50)",0,0.041740674955595025,92.66666666666667,50.0,full_trust,13,ATTACK,24,"(31, 43)",False,2,False,325
0,0.0,True,0.0,0.9,0.9,322,0,322.0,18,1,4,"(2, 20)",0,0.03259911894273128,78.75,27.25,full_trust,18,ATTACK,27,"(14, 12)",False,0,False,330
0,0.0,True,0.0,0.984716448671342,0.9936776556858954,324,0,324.0,12,0,3,"(15, 2)",0,0.04229074889867841,96.0,51.333333333333336,full_trust,12,ATTACK,21,"(5, 26)",False,1,False,330
0,0.0,True,0.0,0.9969701611149282,0.9992510200100192,323,0,323.0,13,2,3,"(33, 50)",0,0.04140969162995595,92.66666666666667,50.0,full_trust,13,ATTACK,24,"(33, 46)",False,2,False,330
0,0.0,True,0.0,0.9,0.9,327,0,327.0,18,1,4,"(2, 20)",0,0.027312775330396475,78.75,27.25,full_trust,18,ATTACK,27,"(14, 17)",False,0,False,335
0,0.0,True,0.0,0.984716448671342,0.9936776556858954,329,0,329.0,12,0,3,"(15, 2)",0,0.03788546255506608,96.0,51.333333333333336,full_trust,12,ATTACK,21,"(7, 23)",False,1,False,335
0,0.0,True,0.0,0.9969701611149282,0.9992510200100192,327,0,327.0,14,2,3,"(33, 8)",0,0.04140969162995595,92.66666666666667,50.0,full_trust,14,ATTACK,25,"(33, 50)",False,2,False,335
0,0.0,True,0.0,0.9,0.9,332,0,332.0,18,1,4,"(2, 20)",0,0.024669603524229075,78.75,27.25,full_trust,18,ATTACK,27,"(13, 21)",False,0,False,340
4,0.0,True,0.0,0.9856261964370483,0.9941780026211661,334,0,334.0,12,0,3,"(15, 2)",0,0.03524229074889868,96.0,51.333333333333336,full_trust,12,ATTACK,21,"(10, 21)",False,1,False,340
4,0.0,True,0.0,0.9969701611149282,0.9992510200100192,332,0,332.0,14,2,3,"(33, 8)",0,0.04229074889867841,92.66666666666667,50.0,full_trust,14,ATTACK,25,"(32, 46)",False,2,False,340
0,0.0,True,0.0,0.9,0.9,337,0,337.0,18,1,4,"(2, 20)",0,0.024669603524229075,78.75,27.25,full_trust,18,ATTACK,27,"(8, 21)",False,0,False,345
4,0.0,True,0.0,0.9877492346269809,0.9954643040770718,339,0,339.0,12,0,3,"(15, 2)",0,0.03524229074889868,96.0,51.333333333333336,full_trust,12,ATTACK,21,"(14, 20)",False,1,False,345
4,0.0,True,0.0,0.9969701611149282,0.9992510200100192,337,0,337.0,14,2,3,"(33, 8)",0,0.04229074889867841,92.66666666666667,50.0,full_trust,14,ATTACK,25,"(30, 43)",False,2,False,345
0,0.0,True,0.0,0.9,0.9,342,0,342.0,18,1,4,"(2, 20)",0,0.024669603524229075,78.75,27.25,full_trust,18,ATTACK,28,"(3, 21)",False,0,False,350
4,0.0,True,0.0,0.9896147510805463,0.9962859439558435,344,0,344.0,12,0,3,"(15, 2)",0,0.03524229074889868,96.0,51.333333333333336,full_trust,12,ATTACK,22,"(14, 15)",False,1,False,350
4,0.0,True,0.0,0.9969701611149282,0.9992510200100192,342,0,342.0,14,2,3,"(33, 8)",0,0.04229074889867841,92.66666666666667,50.0,full_trust,14,ATTACK,26,"(29, 39)",False,2,False,350
0,0.0,True,0.0,0.9,0.9,346,0,346.0,19,1,4,"(24, 45)",0,0.02378854625550661,78.75,27.25,full_trust,19,ATTACK,29,"(2, 22)",False,0,False,355
4,0.0,True,0.0,0.9912118804359015,0.9968883389259702,349,0,349.0,12,0,3,"(15, 2)",0,0.03524229074889868,96.0,51.333333333333336,full_trust,12,ATTACK,22,"(14, 10)",False,1,False,355
4,0.0,True,0.0,0.9969701611149282,0.9992510200100192,347,0,347.0,14,2,3,"(33, 8)",0,0.04229074889867841,92.66666666666667,50.0,full_trust,14,ATTACK,26,"(29, 34)",False,2,False,355
0,0.0,True,0.0,0.9,0.9,351,0,351.0,19,1,4,"(24, 45)",0,0.023872679045092837,78.75,27.25,full_trust,19,ATTACK,29,"(7, 22)",False,0,False,360
4,0.0,True,0.0,0.992564478268805,0.9973815765799156,354,0,354.0,12,0,3,"(15, 2)",0,0.03536693191865606,96.0,51.333333333333336,full_trust,12,ATTACK,22,"(14, 5)",False,1,False,360
4,0.0,True,0.0,0.9969701611149282,0.9992510200100192,352,0,352.0,14,2,3,"(33, 8)",0,0.04497354497354497,92.66666666666667,50.0,full_trust,14,ATTACK,26,"(29, 29)",False,2,False,360
0,0.0,True,0.0,0.9,0.9,356,0,356.0,19,1,4,"(24, 45)",0,0.022104332449160036,78.75,27.25,full_trust,19,ATTACK,29,"(12, 22)",False,0,False,365
4,0.0,True,0.0,0.992564478268805,0.9973815765799156,358,0,358.0,13,0,4,"(33, 50)",0,0.034482758620689655,91.25,51.75,full_trust,13,ATTACK,23,"(15, 2)",False,1,False,365
4,0.0,True,0.0,0.9969701611149282,0.9992510200100192,357,0,357.0,14,2,3,"(33, 8)",0,0.04409171075837742,92.66666666666667,50.0,full_trust,14,ATTACK,26,"(29, 24)",False,2,False,365
0,0.0,True,0.0,0.9,0.9,361,0,361.0,19,1,4,"(24, 45)",0,0.022084805653710248,78.75,27.25,full_trust,19,ATTACK,29,"(17, 22)",False,0,False,370
4,0.0,True,0.0,0.992564478268805,0.9973815765799156,363,0,363.0,13,0,4,"(33, 50)",0,0.03445229681978799,91.25,51.75,full_trust,13,ATTACK,23,"(15, 7)",False,1,False,370
4,0.0,True,0.0,0.9969701611149282,0.9992510200100192,362,0,362.0,14,2,3,"(33, 8)",0,0.04409171075837742,92.66666666666667,50.0,full_trust,14,ATTACK,26,"(29, 19)",False,2,False,370
0,0.0,True,0.0,0.9,0.9,366,0,366.0,20,1,4,"(24, 45)",0,0.0176678445229682,78.75,27.25,full_trust,20,ATTACK,30,"(19, 25)",False,0,False,375
9,0.0,True,0.0,0.9936979302186708,0.9976881273824362,368,0,368.0,15,0,4,"(33, 50)",0,0.030918727915194347,91.25,51.75,full_trust,15,ATTACK,25,"(15, 12)",False,1,False,375
9,0.0,True,0.0,0.9969701611149282,0.9992510200100192,367,0,367.0,15,2,3,"(33, 8)",0,0.037037037037037035,92.66666666666667,50.0,full_trust,15,ATTACK,27,"(30, 15)",False,2,False,375
0,0.0,True,0.0,0.9,0.9,371,0,371.0,20,1,4,"(24, 45)",0,0.015901060070671377,78.75,27.25,full_trust,20,ATTACK,30,"(21, 28)",False,0,False,380
9,0.0,True,0.0,0.9944727163575044,0.997973280888453,373,0,373.0,15,0,4,"(33, 50)",0,0.02561837455830389,91.25,51.75,full_trust,15,ATTACK,25,"(17, 15)",False,1,False,380
9,0.0,True,0.0,0.9969701611149282,0.9992510200100192,372,0,372.0,15,2,3,"(33, 8)",0,0.031746031746031744,92.66666666666667,50.0,full_trust,15,ATTACK,27,"(32, 12)",False,2,False,380
0,0.0,True,0.0,0.9,0.9,376,0,376.0,20,1,4,"(24, 45)",0,0.015901060070671377,78.75,27.25,full_trust,20,ATTACK,30,"(21, 33)",False,0,False,385
9,0.0,True,0.0,0.9953085180256249,0.9982772366000056,378,0,378.0,15,0,4,"(33, 50)",0,0.024734982332155476,91.25,51.75,full_trust,15,ATTACK,25,"(20, 17)",False,1,False,385
9,0.0,True,0.0,0.9969701611149282,0.9992510200100192,377,0,377.0,15,2,3,"(33, 8)",0,0.0291005291005291,92.66666666666667,50.0,full_trust,15,ATTACK,27,"(33, 8)",False,2,False,385
0,0.0,True,0.0,0.9,0.9,381,0,381.0,20,1,4,"(24, 45)",0,0.012367491166077738,78.75,27.25,full_trust,20,ATTACK,30,"(21, 38)",False,0,False,390
8,0.0,True,0.0,0.9953085180256249,0.9982772366000056,383,0,383.0,15,0,4,"(33, 50)",0,0.018551236749116608,91.25,51.75,full_trust,15,ATTACK,25,"(25, 17)",False,1,False,390
8,0.0,True,0.0,0.9969701611149282,0.9992510200100192,381,0,381.0,16,2,4,"(33, 30)",0,0.021164021164021163,96.5,50.25,full_trust,16,ATTACK,28,"(33, 12)",False,2,False,390
0,0.0,True,0.0,0.9,0.9,386,0,386.0,20,1,4,"(24, 45)",0,0.01060070671378092,78.75,27.25,full_trust,20,ATTACK,30,"(24, 40)",False,0,False,395
7,0.0,True,0.0,0.9953085180256249,0.9982772366000056,388,0,388.0,16,0,4,"(33, 50)",0,0.015901060070671377,91.25,51.75,full_trust,16,ATTACK,26,"(25, 22)",False,1,False,395
7,0.0,True,0.0,0.9969701611149282,0.9992510200100192,386,0,386.0,16,2,4,"(33, 30)",0,0.019400352733686066,96.5,50.25,full_trust,16,ATTACK,28,"(30, 14)",False,2,False,395
0,0.0,True,0.0,0.9,0.9,391,0,391.0,20,1,4,"(24, 45)",0,0.010610079575596816,78.75,27.25,full_trust,20,ATTACK,31,"(25, 44)",False,0,False,400
4,0.0,True,0.0,0.9957490992095988,0.9984484467962006,393,0,393.0,17,0,4,"(33, 50)",0,0.013262599469496022,91.25,51.75,full_trust,17,ATTACK,28,"(25, 27)",False,1,False,400
4,0.0,True,0.0,0.9969701611149282,0.9992510200100192,391,0,391.0,16,2,4,"(33, 30)",0,0.016799292661361626,96.5,50.25,full_trust,16,ATTACK,29,"(29, 18)",False,2,False,400
0,0.0,True,0.0,0.9,0.9,395,0,395.0,21,1,5,"(21, 17)",0,0.010610079575596816,80.6,31.8,full_trust,21,ATTACK,32,"(25, 44)",False,0,False,405
4,0.0,True,0.0,0.9961488179722813,0.9985943957316769,398,0,398.0,17,0,4,"(33, 50)",0,0.014146772767462422,91.25,51.75,full_trust,17,ATTACK,28,"(28, 29)",False,1,False,405
4,0.0,True,0.0,0.9969701611149282,0.9992510200100192,396,0,396.0,16,2,4,"(33, 30)",0,0.016799292661361626,96.5,50.25,full_trust,16,ATTACK,29,"(29, 23)",False,2,False,405
0,0.0,True,0.0,0.9,0.9,400,0,400.0,21,1,5,"(21, 17)",0,0.010610079575596816,80.6,31.8,full_trust,21,ATTACK,32,"(24, 40)",False,0,False,410
14,0.0,True,0.0,0.9966213650539824,0.9987541570748681,403,0,403.0,17,0,4,"(33, 50)",0,0.015030946065428824,91.25,51.75,full_trust,17,ATTACK,28,"(28, 34)",False,1,False,410
14,0.0,True,0.0,0.9971955537960895,0.9992913746839577,401,0,401.0,16,2,4,"(33, 30)",0,0.01856763925729443,96.5,50.25,full_trust,16,ATTACK,29,"(29, 28)",False,2,False,410
0,0.0,True,0.0,0.9,0.9,405,0,405.0,21,1,5,"(21, 17)",0,0.010610079575596816,80.6,31.8,full_trust,21,ATTACK,32,"(23, 36)",False,0,False,415
14,0.0,True,0.0,0.997134397026519,0.9989700934457838,408,0,408.0,17,0,4,"(33, 50)",0,0.015030946065428824,91.25,51.75,full_trust,17,ATTACK,28,"(29, 38)",False,1,False,415
14,0.0,True,0.0,0.9975001805292592,0.9993496652326924,406,0,406.0,16,2,4,"(33, 30)",0,0.01856763925729443,96.5,50.25,full_trust,16,ATTACK,29,"(32, 30)",False,2,False,415
0,0.0,True,0.0,0.9,0.9,410,0,410.0,21,1,5,"(21, 17)",0,0.009734513274336283,80.6,31.8,full_trust,21,ATTACK,32,"(20, 34)",False,0,False,420
14,0.0,True,0.0,0.9975758102000002,0.999143956133179,413,0,413.0,17,0,4,"(33, 50)",0,0.01415929203539823,91.25,51.75,full_trust,17,ATTACK,28,"(29, 43)",False,1,False,420
14,0.0,True,0.0,0.997593589589077,0.9993683617256143,410,0,410.0,17,2,4,"(2, 41)",0,0.017699115044247787,96.5,50.25,full_trust,17,ATTACK,30,"(30, 30)",False,2,False,420
0,0.0,True,0.0,0.9,0.9,415,0,415.0,21,1,5,"(21, 17)",0,0.009725906277630416,80.6,31.8,full_trust,21,ATTACK,33,"(20, 29)",False,0,False,425
10,0.0,True,0.0,0.9979491052040728,0.9992715257867079,418,0,418.0,17,0,4,"(33, 50)",0,0.013262599469496022,91.25,51.75,full_trust,17,ATTACK,29,"(29, 48)",False,1,False,425
10,0.0,True,0.0,0.9980076865999403,0.9994586103704987,415,0,415.0,17,2,4,"(2, 41)",0,0.015915119363395226,96.5,50.25,full_trust,17,ATTACK,31,"(28, 33)",False,2,False,425
0,0.0,True,0.0,0.9,0.9,420,0,420.0,21,1,5,"(21, 17)",0,0.009725906277630416,80.6,31.8,full_trust,21,ATTACK,33,"(20, 24)",False,0,False,430
8,0.0,True,0.0,0.9980813280774469,0.999315744298765,423,0,423.0,17,0,4,"(33, 50)",0,0.015030946065428824,91.25,51.75,full_trust,17,ATTACK,29,"(32, 50)",False,1,False,430
8,0.0,True,0.0,0.998347829297519,0.9995390613122198,420,0,420.0,17,2,4,"(2, 41)",0,0.015915119363395226,96.5,50.25,full_trust,17,ATTACK,31,"(27, 37)",False,2,False,430
0,0.0,True,0.0,0.9,0.9,425,0,425.0,21,1,5,"(21, 17)",0,0.009725906277630416,80.6,31.8,full_trust,21,ATTACK,33,"(19, 20)",False,0,False,435
8,0.0,True,0.0,0.9980813280774469,0.999315744298765,427,0,427.0,18,0,4,"(33, 30)",0,0.015915119363395226,91.25,51.75,full_trust,18,ATTACK,30,"(33, 47)",False,1,False,435
8,0.0,True,0.0,0.9986277511923506,0.9996129189512423,425,0,425.0,17,2,4,"(2, 41)",0,0.015915119363395226,96.5,50.25,full_trust,17,ATTACK,31,"(22, 37)",False,2,False,435
0,0.0,True,0.0,0.9,0.9,430,0,430.0,21,1,5,"(21, 17)",0,0.007992895204262877,80.6,31.8,full_trust,21,ATTACK,33,"(21, 17)",False,0,False,440
8,0.0,True,0.0,0.9980813280774469,0.999315744298765,432,0,432.0,18,0,4,"(33, 30)",0,0.014209591474245116,91.25,51.75,full_trust,18,ATTACK,30,"(30, 45)",False,1,False,440
8,0.0,True,0.0,0.9988587430469018,0.99966958429648,430,0,430.0,17,2,4,"(2, 41)",0,0.014209591474245116,96.5,50.25,full_trust,17,ATTACK,31,"(17, 37)",False,2,False,440
0,0.0,True,0.0,0.9,0.9,434,0,434.0,22,1,5,"(15, 2)",0,0.009769094138543518,80.6,31.8,full_trust,22,ATTACK,34,"(17, 17)",False,0,False,445
8,0.0,True,0.0,0.9980813280774469,0.999315744298765,437,0,437.0,18,0,4,"(33, 30)",0,0.014209591474245116,91.25,51.75,full_trust,18,ATTACK,30,"(29, 41)",False,1,False,445
8,0.0,True,0.0,0.9989771407845728,0.9996971798368146,435,0,435.0,17,2,4,"(2, 41)",0,0.014209591474245116,96.5,50.25,full_trust,17,ATTACK,31,"(12, 37)",False,2,False,445
0,0.0,True,0.0,0.9,0.9,439,0,439.0,22,1,5,"(15, 2)",0,0.055062166962699825,80.6,31.8,full_trust,22,ATTACK,35,"(15, 14)",False,0,False,450
23,0.0,True,0.0,0.9981440585334785,0.99933593719808,442,0,442.0,19,0,4,"(33, 30)",0,0.054078014184397165,91.25,51.75,full_trust,19,ATTACK,31,"(31, 38)",False,1,False,450
18,0.0,True,0.0,0.7556476149808856,0.7556476149808856,440,0,440.0,17,2,4,"(2, 41)",0,0.05585106382978723,96.5,50.25,full_trust,17,ATTACK,32,"(11, 41)",False,2,False,450
0,0.0,True,0.0,0.9,0.9,444,0,444.0,22,1,5,"(15, 2)",0,0.05328596802841918,80.6,31.8,full_trust,22,ATTACK,35,"(15, 9)",False,0,False,455
23,0.0,True,0.0,0.9981440585334785,0.99933593719808,447,0,447.0,19,0,4,"(33, 30)",0,0.05319148936170213,91.25,51.75,full_trust,19,ATTACK,31,"(33, 35)",False,1,False,455
18,0.0,True,0.0,0.7556476149808856,0.7556476149808856,445,0,445.0,17,2,4,"(2, 41)",0,0.05585106382978723,96.5,50.25,full_trust,17,ATTACK,32,"(6, 41)",False,2,False,455
0,0.0,True,0.0,0.9,0.9,449,0,449.0,22,1,5,"(15, 2)",0,0.052397868561278864,80.6,31.8,full_trust,22,ATTACK,35,"(15, 4)",False,0,False,460
23,0.0,True,0.0,0.9981440585334785,0.99933593719808,452,0,452.0,19,0,4,"(33, 30)",0,0.05230496453900709,91.25,51.75,full_trust,19,ATTACK,31,"(33, 30)",False,1,False,460
18,0.0,True,0.0,0.7556476149808856,0.7556476149808856,449,0,449.0,18,2,5,"(21, 17)",0,0.0549645390070922,92.0,48.8,full_trust,18,ATTACK,33,"(2, 41)",False,2,False,460
0,0.0,True,0.0,0.9,0.9,453,0,453.0,23,1,6,"(33, 30)",0,0.052397868561278864,77.16666666666667,30.166666666666668,full_trust,23,ATTACK,36,"(15, 4)",False,0,False,465
23,0.0,True,0.0,0.9981440585334785,0.99933593719808,456,0,456.0,20,0,5,"(2, 50)",0,0.05230496453900709,92.2,47.2,full_trust,20,ATTACK,32,"(29, 30)",False,1,False,465
18,0.0,True,0.0,0.7556476149808856,0.7556476149808856,454,0,454.0,18,2,5,"(21, 17)",0,0.0549645390070922,92.0,48.8,full_trust,18,ATTACK,33,"(7, 41)",False,2,False,465
0,0.0,True,0.0,0.9,0.9,458,0,458.0,23,1,6,"(33, 30)",0,0.05053191489361702,77.16666666666667,30.166666666666668,full_trust,23,ATTACK,36,"(17, 7)",False,0,False,470
23,0.0,True,0.0,0.9981440585334785,0.99933593719808,461,0,461.0,20,0,5,"(2, 50)",0,0.05221238938053097,92.2,47.2,full_trust,20,ATTACK,32,"(27, 33)",False,1,False,470
18,0.0,True,0.0,0.7556476149808856,0.7556476149808856,459,0,459.0,18,2,5,"(21, 17)",0,0.05486725663716814,92.0,48.8,full_trust,18,ATTACK,33,"(8, 37)",False,2,False,470
0,0.0,True,0.0,0.9,0.9,463,0,463.0,23,1,6,"(33, 30)",0,0.04942630185348632,77.16666666666667,30.166666666666668,full_trust,23,ATTACK,37,"(17, 12)",False,0,False,475
23,0.0,True,0.0,0.9981440585334785,0.99933593719808,466,0,466.0,20,0,5,"(2, 50)",0,0.05110132158590308,92.2,47.2,full_trust,20,ATTACK,33,"(27, 38)",False,1,False,475
18,0.0,True,0.0,0.7556476149808856,0.7556476149808856,464,0,464.0,19,2,5,"(21, 17)",0,0.053744493392070485,92.0,48.8,full_trust,19,ATTACK,35,"(9, 33)",False,2,False,475
0,0.0,True,0.0,0.9,0.9,468,0,468.0,23,1,6,"(33, 30)",0,0.04753521126760563,77.16666666666667,30.166666666666668,full_trust,23,ATTACK,37,"(17, 17)",False,0,False,480
23,0.0,True,0.0,0.9981440585334785,0.99933593719808,471,0,471.0,21,0,5,"(2, 50)",0,0.04745166959578207,92.2,47.2,full_trust,21,ATTACK,34,"(24, 40)",False,1,False,480
18,0.0,True,0.0,0.7556476149808856,0.7556476149808856,469,0,469.0,19,2,5,"(21, 17)",0,0.05184534270650264,92.0,48.8,full_trust,19,ATTACK,35,"(13, 32)",False,2,False,480
0,0.0,True,0.0,0.9,0.9,473,0,473.0,23,1,6,"(33, 30)",0,0.043133802816901406,77.16666666666667,30.166666666666668,full_trust,23,ATTACK,37,"(18, 21)",False,0,False,485
28,0.0,True,0.0,0.9981440585334785,0.99933593719808,476,0,476.0,23,0,5,"(2, 50)",0,0.03866432337434095,92.2,47.2,full_trust,23,ATTACK,36,"(25, 42)",False,1,False,485
23,0.0,True,0.0,0.7556476149808856,0.7556476149808856,474,0,474.0,19,2,5,"(21, 17)",0,0.04569420035149385,92.0,48.8,full_trust,19,ATTACK,35,"(18, 32)",False,2,False,485
0,0.0,True,0.0,0.9,0.9,478,0,478.0,23,1,6,"(33, 30)",0,0.035211267605633804,77.16666666666667,30.166666666666668,full_trust,23,ATTACK,37,"(20, 24)",False,0,False,490
26,0.0,True,0.0,0.9981440585334785,0.99933593719808,481,0,481.0,23,0,5,"(2, 50)",0,0.030755711775043937,92.2,47.2,full_trust,23,ATTACK,36,"(25, 47)",False,1,False,490
19,0.0,True,0.0,0.7581058867634786,0.7818489005290385,479,0,479.0,19,2,5,"(21, 17)",0,0.03602811950790861,92.0,48.8,full_trust,19,ATTACK,35,"(19, 28)",False,2,False,490
0,0.0,True,0.0,0.9,0.9,483,0,483.0,23,1,6,"(33, 30)",0,0.032570422535211266,77.16666666666667,30.166666666666668,full_trust,23,ATTACK,37,"(21, 28)",False,0,False,495
24,0.0,True,0.0,0.9981440585334785,0.99933593719808,486,0,486.0,23,0,5,"(2, 50)",0,0.02899824253075571,92.2,47.2,full_trust,23,ATTACK,36,"(22, 49)",False,1,False,495
19,0.0,True,0.0,0.7697714133580112,0.8261899909689641,484,0,484.0,19,2,5,"(21, 17)",0,0.03602811950790861,92.0,48.8,full_trust,19,ATTACK,35,"(19, 23)",False,2,False,495
0,0.0,True,0.0,0.9,0.9,488,0,488.0,23,1,6,"(33, 30)",0,0.02992957746478873,77.16666666666667,30.166666666666668,full_trust,23,ATTACK,38,"(24, 30)",False,0,False,500
22,0.0,False,0.0,0.49509868292744647,0.49509868292744647,491,0,491.0,25,0,5,"(2, 50)",0,0.027240773286467488,92.2,47.2,full_trust,25,ATTACK,38,"(17, 49)",False,1,False,500
19,0.0,True,0.0,0.7873459175661521,0.8581444629403977,489,0,489.0,19,2,5,"(21, 17)",0,0.0351493848857645,92.0,48.8,full_trust,19,ATTACK,36,"(19, 18)",False,2,False,500
0,0.0,True,0.0,0.9,0.9,493,0,493.0,23,1,6,"(33, 30)",0,0.028169014084507043,77.16666666666667,30.166666666666668,full_trust,23,ATTACK,38,"(29, 30)",False,0,False,505
21,0.0,False,0.0,0.37575912884007684,0.37575912884007684,496,0,496.0,25,0,5,"(2, 50)",0,0.026362038664323375,92.2,47.2,full_trust,25,ATTACK,38,"(14, 47)",False,1,False,505
19,0.0,True,0.0,0.7949669923259698,0.8679028456863879,493,0,493.0,20,2,5,"(2, 50)",0,0.03602811950790861,92.0,48.8,full_trust,20,ATTACK,37,"(20, 17)",False,2,False,505
0,0.0,True,0.0,0.9,0.9,497,0,497.0,24,1,6,"(25, 2)",0,0.028144239226033423,77.16666666666667,30.166666666666668,full_trust,24,ATTACK,39,"(33, 30)",False,0,False,510
21,0.0,False,0.0,0.37575912884007684,0.37575912884007684,501,0,501.0,25,0,5,"(2, 50)",0,0.02633889376646181,92.2,47.2,full_trust,25,ATTACK,38,"(10, 46)",False,1,False,510
19,0.0,True,0.0,0.8027069515726606,0.8762710505928938,498,0,498.0,20,2,5,"(2, 50)",0,0.035996488147497806,92.0,48.8,full_trust,20,ATTACK,37,"(18, 20)",False,2,False,510
0,0.0,True,0.0,0.9,0.9,502,0,502.0,24,1,6,"(25, 2)",0,0.028144239226033423,77.16666666666667,30.166666666666668,full_trust,24,ATTACK,39,"(29, 29)",False,0,False,515
21,0.0,False,0.0,0.37575912884007684,0.37575912884007684,506,0,506.0,25,0,5,"(2, 50)",0,0.024582967515364356,92.2,47.2,full_trust,25,ATTACK,38,"(5, 46)",False,1,False,515
19,0.0,True,0.0,0.821852749449512,0.8941597973933986,503,0,503.0,20,2,5,"(2, 50)",0,0.03424056189640035,92.0,48.8,full_trust,20,ATTACK,37,"(18, 25)",False,2,False,515
0,0.0,True,0.0,0.9,0.9,507,0,507.0,24,1,6,"(25, 2)",0,0.028169014084507043,77.16666666666667,30.166666666666668,full_trust,24,ATTACK,39,"(27, 26)",False,0,False,520
21,0.0,False,0.0,0.37575912884007684,0.37575912884007684,511,0,511.0,25,0,5,"(2, 50)",0,0.02460456942003515,92.2,47.2,full_trust,25,ATTACK,38,"(3, 49)",False,1,False,520
19,0.0,True,0.0,0.8404702880964605,0.9099732649414158,508,0,508.0,20,2,5,"(2, 50)",0,0.0351493848857645,92.0,48.8,full_trust,20,ATTACK,37,"(18, 30)",False,2,False,520
0,0.0,True,0.0,0.9,0.9,512,0,512.0,24,1,6,"(25, 2)",0,0.028144239226033423,77.16666666666667,30.166666666666668,full_trust,24,ATTACK,40,"(25, 23)",False,0,False,525
35,23.522747597577123,False,23.522747597577123,0.37575912884007684,0.37575912884007684,515,0,515.0,26,0,5,"(24, 45)",35,0.024582967515364356,92.2,47.2,full_trust,26,ATTACK,40,"(3, 49)",True,1,True,525
33,0.0,True,0.0,0.847633131315399,0.9152064003894639,513,0,513.0,20,2,5,"(2, 50)",0,0.04477611940298507,92.0,48.8,full_trust,20,ATTACK,38,"(14, 31)",False,2,False,525
0,0.0,True,0.0,0.9,0.9,517,0,517.0,24,1,6,"(25, 2)",0,0.027264731750219876,77.16666666666667,30.166666666666668,full_trust,24,ATTACK,40,"(25, 18)",False,0,False,530
35,23.522747597577123,False,23.522747597577123,0.37575912884007684,0.37575912884007684,520,0,520.0,26,0,5,"(24, 45)",35,0.024582967515364356,92.2,47.2,full_trust,26,ATTACK,40,"(5, 46)",True,1,True,530
33,0.0,True,0.0,0.847633131315399,0.9152064003894639,518,0,518.0,20,2,5,"(2, 50)",0,0.04477611940298507,92.0,48.8,full_trust,20,ATTACK,38,"(10, 32)",False,2,False,530
0,0.0,True,0.0,0.9,0.9,522,0,522.0,24,1,6,"(25, 2)",0,0.026385224274406333,77.16666666666667,30.166666666666668,full_trust,24,ATTACK,40,"(25, 13)",False,0,False,535
35,23.522747597577123,False,23.522747597577123,0.37575912884007684,0.37575912884007684,525,0,525.0,26,0,5,"(24, 45)",35,0.024582967515364356,92.2,47.2,full_trust,26,ATTACK,40,"(10, 46)",True,1,True,535
33,0.0,True,0.0,0.847633131315399,0.9152064003894639,523,0,523.0,20,2,5,"(2, 50)",0,0.043898156277436345,92.0,48.8,full_trust,20,ATTACK,38,"(9, 36)",False,2,False,535
0,0.0,True,0.0,0.9,0.9,527,0,527.0,24,1,6,"(25, 2)",0,0.025528169014084508,77.16666666666667,30.166666666666668,full_trust,24,ATTACK,40,"(25, 8)",False,0,False,540
26,21.329852540804417,False,21.329852540804417,0.1339399288778618,0.1339399288778618,530,0,530.0,26,0,5,"(24, 45)",0,0.024582967515364356,92.2,47.2,full_trust,26,ATTACK,40,"(14, 47)",False,1,False,540
33,0.0,True,0.0,0.847633131315399,0.9152064003894639,528,0,528.0,20,2,5,"(2, 50)",0,0.043898156277436345,92.0,48.8,full_trust,20,ATTACK,38,"(5, 37)",False,2,False,540
0,0.0,True,0.0,0.9,0.9,532,0,532.0,24,1,6,"(25, 2)",0,0.023725834797891036,77.16666666666667,30.166666666666668,full_trust,24,ATTACK,40,"(25, 3)",False,0,False,545
18,0.0,False,0.0,0.06261728811197471,0.06261728811197471,535,0,535.0,26,0,5,"(24, 45)",0,0.021929824561403508,92.2,47.2,full_trust,26,ATTACK,41,"(19, 47)",False,1,False,545
33,0.0,True,0.0,0.847633131315399,0.9152064003894639,533,0,533.0,20,2,5,"(2, 50)",0,0.039473684210526314,92.0,48.8,full_trust,20,ATTACK,38,"(5, 42)",False,2,False,545
0,0.0,True,0.0,0.9,0.9,536,0,536.0,25,1,7,"(33, 50)",0,0.022847100175746926,78.14285714285714,31.142857142857142,full_trust,25,ATTACK,42,"(25, 5)",False,0,False,550
18,0.0,False,0.0,0.06261728811197471,0.06261728811197471,540,0,540.0,26,0,5,"(24, 45)",0,0.021052631578947368,92.2,47.2,full_trust,26,ATTACK,42,"(22, 49)",False,1,False,550
33,0.0,True,0.0,0.847633131315399,0.9152064003894639,538,0,538.0,20,2,5,"(2, 50)",0,0.03684210526315789,92.0,48.8,full_trust,20,ATTACK,39,"(3, 45)",False,2,False,550
0,0.0,True,0.0,0.9,0.9,541,0,541.0,25,1,7,"(33, 50)",0,0.022847100175746926,78.14285714285714,31.142857142857142,full_trust,25,ATTACK,42,"(26, 9)",False,0,False,555
18,0.0,False,0.0,0.06261728811197471,0.06261728811197471,545,0,545.0,26,0,5,"(24, 45)",0,0.021052631578947368,92.2,47.2,full_trust,26,ATTACK,42,"(24, 46)",False,1,False,555
33,0.0,True,0.0,0.847633131315399,0.9152064003894639,543,0,543.0,20,2,5,"(2, 50)",0,0.037719298245614034,92.0,48.8,full_trust,20,ATTACK,39,"(3, 50)",False,2,False,555
0,0.0,True,0.0,0.9,0.9,546,0,546.0,25,1,7,"(33, 50)",0,0.022847100175746926,78.14285714285714,31.142857142857142,full_trust,25,ATTACK,42,"(26, 14)",False,0,False,560
23,0.0,False,0.0,0.06261728811197471,0.06261728811197471,549,0,549.0,27,0,6,"(33, 8)",0,0.02543859649122807,92.83333333333333,45.0,full_trust,27,ATTACK,43,"(26, 44)",False,1,False,560
38,0.0,True,0.0,0.847633131315399,0.9152064003894639,547,0,547.0,21,2,6,"(33, 50)",0,0.039473684210526314,92.83333333333333,49.5,full_trust,21,ATTACK,40,"(4, 49)",False,2,False,560
0,0.0,True,0.0,0.9,0.9,551,0,551.0,25,1,7,"(33, 50)",0,0.0210896309314587,78.14285714285714,31.142857142857142,full_trust,25,ATTACK,42,"(26, 19)",False,0,False,565
21,0.0,False,0.0,0.06261728811197471,0.06261728811197471,554,0,554.0,27,0,6,"(33, 8)",0,0.02543859649122807,92.83333333333333,45.0,full_trust,27,ATTACK,43,"(28, 41)",False,1,False,565
36,0.0,True,0.0,0.847633131315399,0.9152064003894639,552,0,552.0,21,2,6,"(33, 50)",0,0.037719298245614034,92.83333333333333,49.5,full_trust,21,ATTACK,40,"(6, 46)",False,2,False,565
0,0.0,True,0.0,0.9,0.9,556,0,556.0,25,1,7,"(33, 50)",0,0.020210896309314587,78.14285714285714,31.142857142857142,full_trust,25,ATTACK,42,"(26, 24)",False,0,False,570
18,0.0,False,0.0,0.07331820680146493,0.153736680311049,559,0,559.0,27,0,6,"(33, 8)",0,0.02280701754385965,92.83333333333333,45.0,full_trust,27,ATTACK,43,"(28, 36)",False,1,False,570
33,0.0,True,0.0,0.847633131315399,0.9152064003894639,557,0,557.0,21,2,6,"(33, 50)",0,0.03508771929824561,92.83333333333333,49.5,full_trust,21,ATTACK,40,"(11, 46)",False,2,False,570
0,0.0,True,0.0,0.9,0.9,561,0,561.0,26,1,7,"(33, 50)",0,0.020210896309314587,78.14285714285714,31.142857142857142,full_trust,26,ATTACK,43,"(26, 29)",False,0,False,575
18,0.0,False,0.0,0.10807393400649305,0.277785921385961,564,0,564.0,27,0,6,"(33, 8)",0,0.02280701754385965,92.83333333333333,45.0,full_trust,27,ATTACK,44,"(28, 31)",False,1,False,575
25,0.0,False,0.0,0.2967237277850269,0.2967237277850269,562,0,562.0,23,2,6,"(33, 50)",0,0.027192982456140352,92.83333333333333,49.5,full_trust,23,ATTACK,44,"(13, 49)",False,2,False,575
0,0.0,True,0.0,0.9,0.9,566,0,566.0,26,1,7,"(33, 50)",0,0.020210896309314587,78.14285714285714,31.142857142857142,full_trust,26,ATTACK,43,"(28, 32)",False,0,False,580
18,0.0,False,0.0,0.16788840735669874,0.4220290126580257,569,0,569.0,27,0,6,"(33, 8)",0,0.02280701754385965,92.83333333333333,45.0,full_trust,27,ATTACK,44,"(28, 26)",False,1,False,580
16,0.0,False,0.0,0.11851397728633352,0.11851397728633352,567,0,567.0,23,2,6,"(33, 50)",0,0.021929824561403508,92.83333333333333,49.5,full_trust,23,ATTACK,46,"(18, 49)",False,2,False,580
0,0.0,True,0.0,0.9,0.9,571,0,571.0,26,1,7,"(33, 50)",0,0.020210896309314587,78.14285714285714,31.142857142857142,full_trust,26,ATTACK,43,"(29, 36)",False,0,False,585
18,0.0,True,0.0,0.23927933887372818,0.5175387686323752,574,0,574.0,27,0,6,"(33, 8)",0,0.02368421052631579,92.83333333333333,45.0,full_trust,27,ATTACK,44,"(29, 22)",False,1,False,585
16,0.0,False,0.0,0.11851397728633352,0.11851397728633352,572,0,572.0,23,2,6,"(33, 50)",0,0.02280701754385965,92.83333333333333,49.5,full_trust,23,ATTACK,46,"(23, 49)",False,2,False,585
0,0.0,True,0.0,0.9,0.9,576,0,576.0,26,1,7,"(33, 50)",0,0.020210896309314587,78.14285714285714,31.142857142857142,full_trust,26,ATTACK,43,"(29, 41)",False,0,False,590
18,0.0,True,0.0,0.31310797278845615,0.5932989210000943,579,0,579.0,27,0,6,"(33, 8)",0,0.02368421052631579,92.83333333333333,45.0,full_trust,27,ATTACK,44,"(29, 17)",False,1,False,590
16,0.0,False,0.0,0.11851397728633352,0.11851397728633352,577,0,577.0,23,2,6,"(33, 50)",0,0.02280701754385965,92.83333333333333,49.5,full_trust,23,ATTACK,46,"(28, 49)",False,2,False,590
0,0.0,True,0.0,0.9,0.9,581,0,581.0,26,1,7,"(33, 50)",0,0.020210896309314587,78.14285714285714,31.142857142857142,full_trust,26,ATTACK,43,"(29, 46)",False,0,False,595
18,0.0,True,0.0,0.38512562149455326,0.653261467835392,584,0,584.0,27,0,6,"(33, 8)",0,0.027192982456140352,92.83333333333333,45.0,full_trust,27,ATTACK,44,"(29, 12)",False,1,False,595
16,0.0,False,0.0,0.14019515394439497,0.2787488676304863,582,0,582.0,23,2,6,"(33, 50)",0,0.02456140350877193,92.83333333333333,49.5,full_trust,23,ATTACK,46,"(32, 50)",False,2,False,595
0,0.0,True,0.0,0.9,0.9,586,0,586.0,26,1,7,"(33, 50)",0,0.05008787346221441,78.14285714285714,31.142857142857142,full_trust,26,ATTACK,44,"(30, 50)",False,0,False,600
18,0.0,True,0.0,0.4397233370127017,0.6931831756573253,589,0,589.0,27,0,6,"(33, 8)",0,0.042105263157894736,92.83333333333333,45.0,full_trust,27,ATTACK,45,"(30, 8)",False,1,False,600
16,0.0,False,0.0,0.1942038781145584,0.43622719251507586,585,0,585.0,24,3,6,"(2, 50)",0,0.042105263157894736,92.83333333333333,49.5,full_trust,24,ATTACK,48,"(31, 50)",False,2,False,600
0,0.0,True,0.0,0.9,0.9,589,0,589.0,27,2,7,"(3, 8)",0,0.048330404217926184,78.14285714285714,31.142857142857142,full_trust,27,ATTACK,45,"(33, 50)",False,0,False,605
18,0.0,True,0.0,0.4397233370127017,0.6931831756573253,593,0,593.0,28,0,6,"(33, 50)",0,0.0412280701754386,92.83333333333333,45.0,full_trust,28,ATTACK,46,"(33, 9)",False,1,False,605
16,0.0,True,0.0,0.26738482778407363,0.5627065598191475,590,0,590.0,26,3,6,"(2, 50)",0,0.0412280701754386,92.83333333333333,49.5,full_trust,26,ATTACK,50,"(27, 49)",False,2,False,605
0,0.0,True,0.0,0.9,0.9,594,0,594.0,27,2,7,"(3, 8)",0,0.048330404217926184,78.14285714285714,31.142857142857142,full_trust,27,ATTACK,45,"(29, 49)",False,0,False,610
18,0.0,True,0.0,0.4397233370127017,0.6931831756573253,598,0,598.0,28,0,6,"(33, 50)",0,0.042105263157894736,92.83333333333333,45.0,full_trust,28,ATTACK,46,"(31, 12)",False,1,False,610
16,0.0,True,0.0,0.3320351418428698,0.6425584914745736,595,0,595.0,26,3,6,"(2, 50)",0,0.04035087719298246,92.83333333333333,49.5,full_trust,26,ATTACK,50,"(22, 49)",False,2,False,610
0,0.0,True,0.0,0.9,0.9,599,0,599.0,27,2,7,"(3, 8)",0,0.043936731107205626,78.14285714285714,31.142857142857142,full_trust,27,ATTACK,45,"(28, 45)",False,0,False,615
18,0.0,True,0.0,0.4397233370127017,0.6931831756573253,603,0,603.0,28,0,6,"(33, 50)",0,0.0412280701754386,92.83333333333333,45.0,full_trust,28,ATTACK,46,"(30, 16)",False,1,False,615
16,0.0,True,0.0,0.3484190374697871,0.6597130543812153,600,0,600.0,26,3,6,"(2, 50)",0,0.037719298245614034,92.83333333333333,49.5,full_trust,26,ATTACK,50,"(19, 47)",False,2,False,615
0,0.0,True,0.0,0.9,0.9,604,0,604.0,27,2,7,"(3, 8)",0,0.03869832893579595,78.14285714285714,31.142857142857142,full_trust,27,ATTACK,45,"(28, 40)",False,0,False,620
18,0.0,True,0.0,0.4397233370127017,0.6931831756573253,608,0,608.0,28,0,6,"(33, 50)",0,0.03775241439859526,92.83333333333333,45.0,full_trust,28,ATTACK,46,"(29, 20)",False,1,False,620
14,0.0,True,0.0,0.3484190374697871,0.6597130543812153,605,0,605.0,26,3,6,"(2, 50)",0,0.0324846356453029,92.83333333333333,49.5,full_trust,26,ATTACK,50,"(14, 47)",False,2,False,620
0,0.0,True,0.0,0.9,0.9,609,0,609.0,28,2,7,"(3, 8)",0,0.03430079155672823,78.14285714285714,31.142857142857142,full_trust,28,ATTACK,46,"(27, 36)",False,0,False,625
18,0.0,True,0.0,0.4397233370127017,0.6931831756573253,613,0,613.0,28,0,6,"(33, 50)",0,0.03511852502194908,92.83333333333333,45.0,full_trust,28,ATTACK,47,"(29, 25)",False,1,False,625
14,0.0,True,0.0,0.3484190374697871,0.6597130543812153,610,0,610.0,26,3,6,"(2, 50)",0,0.028094820017559263,92.83333333333333,49.5,full_trust,26,ATTACK,51,"(10, 46)",False,2,False,625
0,0.0,True,0.0,0.9,0.9,614,0,614.0,28,2,7,"(3, 8)",0,0.0316622691292876,78.14285714285714,31.142857142857142,full_trust,28,ATTACK,46,"(25, 33)",False,0,False,630
21,0.0,True,0.0,0.46595100571448955,0.7140251293765439,618,0,618.0,28,0,6,"(33, 50)",0,0.028094820017559263,92.83333333333333,45.0,full_trust,28,ATTACK,47,"(29, 30)",False,1,False,630
17,0.0,True,0.0,0.3484190374697871,0.6597130543812153,615,0,615.0,26,3,6,"(2, 50)",0,0.024582967515364356,92.83333333333333,49.5,full_trust,26,ATTACK,51,"(5, 46)",False,2,False,630
0,0.0,True,0.0,0.9,0.9,619,0,619.0,28,2,7,"(3, 8)",0,0.0316622691292876,78.14285714285714,31.142857142857142,full_trust,28,ATTACK,46,"(25, 28)",False,0,False,635
21,0.0,True,0.0,0.5303416632402339,0.7707660895606002,623,0,623.0,28,0,6,"(33, 50)",0,0.028094820017559263,92.83333333333333,45.0,full_trust,28,ATTACK,47,"(29, 35)",False,1,False,635
17,0.0,True,0.0,0.3484190374697871,0.6597130543812153,620,0,620.0,26,3,6,"(2, 50)",0,0.024582967515364356,92.83333333333333,49.5,full_trust,26,ATTACK,51,"(3, 49)",False,2,False,635
0,0.0,True,0.0,0.9,0.9,624,0,624.0,28,2,7,"(3, 8)",0,0.03133393017009848,78.14285714285714,31.142857142857142,full_trust,28,ATTACK,46,"(25, 23)",False,0,False,640
21,0.0,True,0.0,0.5900742839687368,0.8071292851132863,628,0,628.0,28,0,6,"(33, 50)",0,0.028596961572832886,92.83333333333333,45.0,full_trust,28,ATTACK,47,"(29, 40)",False,1,False,640
17,0.0,True,0.0,0.3484190374697871,0.6597130543812153,624,0,624.0,27,3,7,"(15, 2)",0,0.025022341376228777,91.14285714285714,48.285714285714285,full_trust,27,ATTACK,52,"(3, 49)",False,2,False,640
0,0.0,True,0.0,0.9,0.9,629,0,629.0,28,2,7,"(3, 8)",0,0.03133393017009848,78.14285714285714,31.142857142857142,full_trust,28,ATTACK,46,"(25, 18)",False,0,False,645
21,0.0,True,0.0,0.6435633067027978,0.8372936577213843,633,0,633.0,28,0,6,"(33, 50)",0,0.02680965147453083,92.83333333333333,45.0,full_trust,28,ATTACK,47,"(29, 45)",False,1,False,645
17,0.0,True,0.0,0.3484190374697871,0.6597130543812153,629,0,629.0,27,3,7,"(15, 2)",0,0.022341376228775692,91.14285714285714,48.285714285714285,full_trust,27,ATTACK,52,"(5, 46)",False,2,False,645
0,0.0,True,0.0,0.9,0.9,634,0,634.0,29,2,7,"(3, 8)",0,0.03043867502238138,78.14285714285714,31.142857142857142,full_trust,29,ATTACK,47,"(25, 13)",False,0,False,650
21,0.0,True,0.0,0.6909475579296903,0.862300765189833,638,0,638.0,28,0,6,"(33, 50)",0,0.02680965147453083,92.83333333333333,45.0,full_trust,28,ATTACK,48,"(29, 50)",False,1,False,650
17,0.0,True,0.0,0.3484190374697871,0.6597130543812153,634,0,634.0,28,3,7,"(15, 2)",0,0.02323503127792672,91.14285714285714,48.285714285714285,full_trust,28,ATTACK,53,"(7, 43)",False,2,False,650
0,0.0,True,0.0,0.9,0.9,639,0,639.0,29,2,7,"(3, 8)",0,0.03043867502238138,78.14285714285714,31.142857142857142,full_trust,29,ATTACK,47,"(24, 9)",False,0,False,655
21,0.0,True,0.0,0.7333667384225727,0.8907077443264876,642,0,642.0,29,0,7,"(25, 2)",0,0.025915996425379804,93.57142857142857,45.857142857142854,full_trust,29,ATTACK,49,"(33, 50)",False,1,False,655
14,0.0,True,0.0,0.3484190374697871,0.6597130543812153,639,0,639.0,28,3,7,"(15, 2)",0,0.021447721179624665,91.14285714285714,48.285714285714285,full_trust,28,ATTACK,53,"(9, 40)",False,2,False,655
0,0.0,True,0.0,0.9,0.9,644,0,644.0,29,2,7,"(3, 8)",0,0.03074141048824593,78.14285714285714,31.142857142857142,full_trust,29,ATTACK,47,"(19, 9)",False,0,False,660
21,0.0,True,0.0,0.7333667384225727,0.8907077443264876,647,0,647.0,29,0,7,"(25, 2)",0,0.025385312783318223,93.57142857142857,45.857142857142854,full_trust,29,ATTACK,49,"(29, 49)",False,1,False,660
13,0.0,True,0.0,0.3484190374697871,0.6597130543812153,644,0,644.0,28,3,7,"(15, 2)",0,0.02085222121486854,91.14285714285714,48.285714285714285,full_trust,28,ATTACK,53,"(10, 36)",False,2,False,660
0,0.0,True,0.0,0.9,0.9,649,0,649.0,29,2,7,"(3, 8)",0,0.027124773960216998,78.14285714285714,31.142857142857142,full_trust,29,ATTACK,47,"(15, 8)",False,0,False,665
58,0.0,True,0.0,0.7413670719563947,0.8933734090990123,652,0,652.0,29,0,7,"(25, 2)",0,0.056210335448776065,93.57142857142857,45.857142857142854,full_trust,29,ATTACK,49,"(28, 45)",False,1,False,665
50,52.065164739567464,True,52.065164739567464,0.3484190374697871,0.6597130543812153,649,0,649.0,29,3,7,"(15, 2)",50,0.05439709882139619,91.14285714285714,48.285714285714285,full_trust,29,ATTACK,54,"(11, 32)",True,2,True,665
0,0.0,True,0.0,0.9,0.9,654,0,654.0,29,2,7,"(3, 8)",0,0.025225225225225224,78.14285714285714,31.142857142857142,full_trust,29,ATTACK,47,"(10, 8)",False,0,False,670
42,0.0,True,0.0,0.7490974212414536,0.8959740576575729,657,0,657.0,29,0,7,"(25, 2)",0,0.04065040650406504,93.57142857142857,45.857142857142854,full_trust,29,ATTACK,49,"(28, 40)",False,1,False,670
34,52.065164739567464,True,52.065164739567464,0.3484190374697871,0.6597130543812153,654,0,654.0,29,3,7,"(15, 2)",34,0.03884372177055104,91.14285714285714,48.285714285714285,full_trust,29,ATTACK,54,"(13, 29)",True,2,True,670
0,0.0,True,0.0,0.9,0.9,659,0,659.0,29,2,7,"(3, 8)",0,0.0242152466367713,78.14285714285714,31.142857142857142,full_trust,29,ATTACK,48,"(5, 8)",False,0,False,675
42,0.0,True,0.0,0.7775382163456421,0.9061406840176423,662,0,662.0,29,0,7,"(25, 2)",0,0.039568345323741004,93.57142857142857,45.857142857142854,full_trust,29,ATTACK,50,"(28, 35)",False,1,False,675
34,20.90253818506305,True,20.90253818506305,0.364418133071508,0.6684009495042051,659,0,659.0,30,3,7,"(15, 2)",34,0.03776978417266187,91.14285714285714,48.285714285714285,full_trust,30,ATTACK,55,"(15, 26)",True,2,True,675
0,0.0,True,0.0,0.9,0.9,663,0,663.0,30,2,8,"(13, 50)",0,0.023540489642184557,84.75,36.375,full_trust,30,ATTACK,49,"(5, 8)",False,0,False,680
42,0.0,True,0.0,0.8085256116325087,0.9194171184249039,667,0,667.0,29,0,7,"(25, 2)",0,0.039473684210526314,93.57142857142857,45.857142857142854,full_trust,29,ATTACK,50,"(28, 30)",False,1,False,680
34,20.90253818506305,True,20.90253818506305,0.4249459876553041,0.702806684312698,664,0,664.0,30,3,7,"(15, 2)",34,0.03759398496240601,91.14285714285714,48.285714285714285,full_trust,30,ATTACK,55,"(16, 22)",True,2,True,680
0,0.0,True,0.0,0.9,0.9,668,0,668.0,30,2,8,"(13, 50)",0,0.024390243902439025,84.75,36.375,full_trust,30,ATTACK,49,"(10, 8)",False,0,False,685
42,0.0,True,0.0,0.8352519499658746,0.9309062337924231,672,0,672.0,29,0,7,"(25, 2)",0,0.03838951310861423,93.57142857142857,45.857142857142854,full_trust,29,ATTACK,50,"(28, 25)",False,1,False,685
22,0.49199999999999733,False,0.49199999999999733,0.37820504537215305,0.37820504537215305,669,0,669.0,30,3,7,"(15, 2)",22,0.026217228464419477,91.14285714285714,48.285714285714285,full_trust,30,ATTACK,57,"(16, 17)",True,2,True,685
0,0.0,True,0.0,0.9,0.9,673,0,673.0,30,2,8,"(13, 50)",0,0.024390243902439025,84.75,36.375,full_trust,30,ATTACK,49,"(13, 10)",False,0,False,690
40,0.0,True,0.0,0.8583433278876281,0.9409852986607644,677,0,677.0,29,0,7,"(25, 2)",0,0.031835205992509365,93.57142857142857,45.857142857142854,full_trust,29,ATTACK,50,"(28, 20)",False,1,False,690
13,0.0,False,0.0,0.31961416165232304,0.35996629430815896,674,0,674.0,30,3,7,"(15, 2)",0,0.017790262172284643,91.14285714285714,48.285714285714285,full_trust,30,ATTACK,57,"(16, 12)",False,2,False,690
0,0.0,True,0.0,0.9,0.9,678,0,678.0,30,2,8,"(13, 50)",0,0.024390243902439025,84.75,36.375,full_trust,30,ATTACK,49,"(16, 12)",False,0,False,695
21,0.0,True,0.0,0.8782538218124896,0.949560996123826,682,0,682.0,29,0,7,"(25, 2)",0,0.016853932584269662,93.57142857142857,45.857142857142854,full_trust,29,ATTACK,50,"(28, 15)",False,1,False,695
13,0.0,False,0.0,0.34841918848444553,0.4984211230658859,679,0,679.0,30,3,7,"(15, 2)",0,0.017790262172284643,91.14285714285714,48.285714285714285,full_trust,30,ATTACK,57,"(15, 8)",False,2,False,695
0,0.0,True,0.0,0.9,0.9,683,0,683.0,30,2,8,"(13, 50)",0,0.024413145539906103,84.75,36.375,full_trust,30,ATTACK,50,"(16, 17)",False,0,False,700
26,0.0,True,0.0,0.8954803237170063,0.9572584949719688,687,0,687.0,30,0,7,"(25, 2)",0,0.019662921348314606,93.57142857142857,45.857142857142854,full_trust,30,ATTACK,51,"(27, 11)",False,1,False,700
18,0.0,True,0.0,0.3861776087397679,0.5784087593339183,684,0,684.0,30,3,7,"(15, 2)",0,0.02153558052434457,91.14285714285714,48.285714285714285,full_trust,30,ATTACK,58,"(15, 3)",False,2,False,700
0,0.0,True,0.0,0.9,0.9,688,0,688.0,30,2,8,"(13, 50)",0,0.02535211267605634,84.75,36.375,full_trust,30,ATTACK,50,"(16, 22)",False,0,False,705
26,0.0,True,0.0,0.9104431181922208,0.9639712021200738,692,0,692.0,30,0,7,"(25, 2)",0,0.019662921348314606,93.57142857142857,45.857142857142854,full_trust,30,ATTACK,51,"(25, 8)",False,1,False,705
18,0.0,True,0.0,0.3861776087397679,0.5784087593339183,688,0,688.0,31,3,7,"(24, 45)",0,0.02153558052434457,91.14285714285714,48.285714285714285,full_trust,31,ATTACK,59,"(15, 5)",False,2,False,705
0,0.0,True,0.0,0.9,0.9,693,0,693.0,30,2,8,"(13, 50)",0,0.02535211267605634,84.75,36.375,full_trust,30,ATTACK,50,"(16, 27)",False,0,False,710
26,0.0,True,0.0,0.9104431181922208,0.9639712021200738,697,0,697.0,30,0,7,"(25, 2)",0,0.020599250936329586,93.57142857142857,45.857142857142854,full_trust,30,ATTACK,51,"(25, 3)",False,1,False,710
18,0.0,True,0.0,0.42799871087254615,0.6286883113752836,693,0,693.0,31,3,7,"(24, 45)",0,0.02153558052434457,91.14285714285714,48.285714285714285,full_trust,31,ATTACK,59,"(17, 8)",False,2,False,710
0,0.0,True,0.0,0.9,0.9,698,0,698.0,30,2,8,"(13, 50)",0,0.02535211267605634,84.75,36.375,full_trust,30,ATTACK,50,"(16, 32)",False,0,False,715
25,0.0,True,0.0,0.9104431181922208,0.9639712021200738,701,0,701.0,31,0,7,"(33, 30)",0,0.019662921348314606,93.57142857142857,45.857142857142854,full_trust,31,ATTACK,52,"(25, 5)",False,1,False,715
17,0.0,True,0.0,0.48186452488824055,0.6872803139102571,698,0,698.0,31,3,7,"(24, 45)",0,0.020599250936329586,91.14285714285714,48.285714285714285,full_trust,31,ATTACK,59,"(17, 13)",False,2,False,715
0,0.0,True,0.0,0.9,0.9,703,0,703.0,30,2,8,"(13, 50)",0,0.020599250936329586,84.75,36.375,full_trust,30,ATTACK,50,"(16, 37)",False,0,False,720
19,0.0,True,0.0,0.9104431181922208,0.9639712021200738,706,0,706.0,31,0,7,"(33, 30)",0,0.017740429505135387,93.57142857142857,45.857142857142854,full_trust,31,ATTACK,52,"(27, 8)",False,1,False,720
15,0.0,True,0.0,0.5353683479354826,0.7358267223785789,703,0,703.0,31,3,7,"(24, 45)",0,0.018674136321195144,91.14285714285714,48.285714285714285,full_trust,31,ATTACK,59,"(17, 18)",False,2,False,720
0,0.0,True,0.0,0.9,0.9,708,0,708.0,30,2,8,"(13, 50)",0,0.018674136321195144,84.75,36.375,full_trust,30,ATTACK,51,"(13, 39)",False,0,False,725
12,0.0,True,0.0,0.9104431181922208,0.9639712021200738,711,0,711.0,31,0,7,"(33, 30)",0,0.01680672268907563,93.57142857142857,45.857142857142854,full_trust,31,ATTACK,53,"(27, 13)",False,1,False,725
9,0.0,True,0.0,0.5867188260844733,0.7769538470128293,708,0,708.0,32,3,7,"(24, 45)",0,0.017740429505135387,91.14285714285714,48.285714285714285,full_trust,32,ATTACK,60,"(17, 23)",False,2,False,725
0,0.0,True,0.0,0.9,0.9,713,0,713.0,30,2,8,"(13, 50)",0,0.017740429505135387,84.75,36.375,full_trust,30,ATTACK,51,"(13, 44)",False,0,False,730
10,0.0,True,0.0,0.9104431181922208,0.9639712021200738,716,0,716.0,31,0,7,"(33, 30)",0,0.017740429505135387,93.57142857142857,45.857142857142854,full_trust,31,ATTACK,53,"(29, 16)",False,1,False,730
6,0.0,True,0.0,0.6345045955613577,0.8087087306852806,713,0,713.0,32,3,7,"(24, 45)",0,0.017740429505135387,91.14285714285714,48.285714285714285,full_trust,32,ATTACK,60,"(19, 26)",False,2,False,730
0,0.0,True,0.0,0.9,0.9,718,0,718.0,30,2,8,"(13, 50)",0,0.017740429505135387,84.75,36.375,full_trust,30,ATTACK,51,"(13, 49)",False,0,False,735
45,0.0,True,0.0,0.9104431181922208,0.9639712021200738,721,0,721.0,31,0,7,"(33, 30)",0,0.031746031746031744,93.57142857142857,45.857142857142854,full_trust,31,ATTACK,53,"(29, 21)",False,1,False,735
41,15.323529477417999,True,15.323529477417999,0.6774041416331598,0.8334704868819216,718,0,718.0,33,3,7,"(24, 45)",41,0.05042016806722689,91.14285714285714,48.285714285714285,full_trust,33,ATTACK,61,"(20, 30)",True,2,True,735
0,0.0,True,0.0,0.9,0.9,722,0,722.0,31,2,8,"(33, 50)",0,0.013133208255159476,84.75,36.375,full_trust,31,ATTACK,52,"(16, 50)",False,0,False,740
45,0.0,True,0.0,0.9104431181922208,0.9639712021200738,726,0,726.0,31,0,7,"(33, 30)",0,0.03189493433395872,93.57142857142857,45.857142857142854,full_trust,31,ATTACK,53,"(29, 26)",False,1,False,740
38,12.350600656964133,True,12.350600656964133,0.7070130757885523,0.7660803748886139,723,0,723.0,33,3,7,"(24, 45)",38,0.04690431519699812,91.14285714285714,48.285714285714285,full_trust,33,ATTACK,61,"(19, 34)",True,2,True,740
0,0.0,True,0.0,0.9,0.9,727,0,727.0,31,2,8,"(33, 50)",0,0.01027077497665733,84.75,36.375,full_trust,31,ATTACK,52,"(20, 49)",False,0,False,745
45,0.0,True,0.0,0.9104431181922208,0.9639712021200738,731,0,731.0,31,0,7,"(33, 30)",0,0.03361344537815126,93.57142857142857,45.857142857142854,full_trust,31,ATTACK,53,"(30, 30)",False,1,False,745
34,10.059803622501548,True,10.059803622501548,0.6856238571065494,0.6856238571065494,728,0,728.0,33,3,7,"(24, 45)",34,0.040149393090569564,91.14285714285714,48.285714285714285,full_trust,33,ATTACK,61,"(19, 39)",True,2,True,745
0,0.0,True,0.0,0.9,0.9,732,0,732.0,31,2,8,"(33, 50)",0,0.0625,84.75,36.375,full_trust,31,ATTACK,53,"(25, 49)",False,0,False,750
45,32.887642712377065,True,32.887642712377065,0.9104431181922208,0.9639712021200738,735,0,735.0,33,0,8,"(33, 50)",45,0.07555970149253731,93.625,44.75,full_trust,33,ATTACK,55,"(33, 31)",True,1,True,750
32,0.0,True,0.0,0.6590170949668444,0.679927299328087,733,0,733.0,33,3,7,"(24, 45)",0,0.08582089552238806,91.14285714285714,48.285714285714285,full_trust,33,ATTACK,62,"(19, 44)",False,2,False,750
0,0.0,True,0.0,0.9,0.9,737,0,737.0,31,2,8,"(33, 50)",0,0.049440298507462684,84.75,36.375,full_trust,31,ATTACK,53,"(30, 49)",False,0,False,755
45,32.887642712377065,True,32.887642712377065,0.9104431181922208,0.9639712021200738,740,0,740.0,36,0,8,"(33, 50)",45,0.06623134328358209,93.625,44.75,full_trust,36,ATTACK,58,"(33, 36)",True,1,True,755
32,0.0,True,0.0,0.6711389421881625,0.7334842379329017,738,0,738.0,33,3,7,"(24, 45)",0,0.07276119402985075,91.14285714285714,48.285714285714285,full_trust,33,ATTACK,62,"(20, 48)",False,2,False,755
0,0.0,True,0.0,0.9,0.9,741,0,741.0,32,2,9,"(2, 50)",0,0.04757462686567164,84.44444444444444,34.888888888888886,full_trust,32,ATTACK,54,"(33, 50)",False,0,False,760
33,10.341326035829873,True,10.341326035829873,0.9104431181922208,0.9639712021200738,745,0,745.0,36,0,8,"(33, 50)",33,0.061567164179104475,93.625,44.75,full_trust,36,ATTACK,58,"(30, 38)",True,1,True,760
31,0.0,True,0.0,0.6871131538867454,0.7708888396426415,743,0,743.0,33,3,7,"(24, 45)",0,0.0708955223880597,91.14285714285714,48.285714285714285,full_trust,33,ATTACK,62,"(24, 49)",False,2,False,760
0,0.0,True,0.0,0.9,0.9,746,0,746.0,32,2,9,"(2, 50)",0,0.04477611940298507,84.44444444444444,34.888888888888886,full_trust,32,ATTACK,54,"(28, 50)",False,0,False,765
14,0.0,True,0.0,0.9183773692926529,0.9670710078937862,750,0,750.0,36,0,8,"(33, 50)",0,0.04291044776119403,93.625,44.75,full_trust,36,ATTACK,58,"(30, 41)",False,1,False,765
24,0.0,True,0.0,0.7116095948820605,0.8098027579361813,747,0,747.0,34,3,8,"(33, 50)",0,0.05783582089552239,95.625,50.125,full_trust,34,ATTACK,63,"(24, 45)",False,2,False,765
0,0.0,True,0.0,0.9,0.9,751,0,751.0,32,2,9,"(2, 50)",0,0.04477611940298507,84.44444444444444,34.888888888888886,full_trust,32,ATTACK,54,"(23, 50)",False,0,False,770
14,0.0,True,0.0,0.9301402263046816,0.972424407992039,755,0,755.0,36,0,8,"(33, 50)",0,0.041044776119402986,93.625,44.75,full_trust,36,ATTACK,58,"(30, 46)",False,1,False,770
24,0.0,True,0.0,0.7395315755289751,0.8505743468525916,752,0,752.0,34,3,8,"(33, 50)",0,0.06343283582089553,95.625,50.125,full_trust,34,ATTACK,63,"(25, 49)",False,2,False,770
0,0.0,True,0.0,0.9,0.9,756,0,756.0,33,2,9,"(2, 50)",0,0.043843283582089554,84.44444444444444,34.888888888888886,full_trust,33,ATTACK,55,"(19, 49)",False,0,False,775
14,0.0,True,0.0,0.9403803628394926,0.9770215896990733,760,0,760.0,36,0,8,"(33, 50)",0,0.04477611940298507,93.625,44.75,full_trust,36,ATTACK,59,"(32, 49)",False,1,False,775
28,0.0,True,0.0,0.7692086890174132,0.8809749688134932,757,0,757.0,34,3,8,"(33, 50)",0,0.06716417910447761,95.625,50.125,full_trust,34,ATTACK,64,"(29, 50)",False,2,False,775
0,0.0,True,0.0,0.9,0.9,761,0,761.0,33,2,9,"(2, 50)",0,0.04392523364485981,84.44444444444444,34.888888888888886,full_trust,33,ATTACK,55,"(16, 47)",False,0,False,780
14,0.0,True,0.0,0.9422792891738413,0.9783588895264669,763,0,763.0,37,1,8,"(24, 45)",0,0.044859813084112146,93.625,44.75,full_trust,37,ATTACK,60,"(32, 50)",False,1,False,780
28,0.0,True,0.0,0.7978197785876288,0.9043737301132923,762,0,762.0,34,3,8,"(33, 50)",0,0.06722689075630252,95.625,50.125,full_trust,34,ATTACK,64,"(32, 48)",False,2,False,780
0,0.0,True,0.0,0.9,0.9,766,0,766.0,33,2,9,"(2, 50)",0,0.04392523364485981,84.44444444444444,34.888888888888886,full_trust,33,ATTACK,55,"(12, 46)",False,0,False,785
14,0.0,True,0.0,0.9476206689558749,0.9803155740298598,768,0,768.0,37,1,8,"(24, 45)",0,0.044859813084112146,93.625,44.75,full_trust,37,ATTACK,60,"(29, 48)",False,1,False,785
28,0.0,True,0.0,0.8032941792659745,0.9073077921545419,766,0,766.0,37,3,8,"(24, 45)",0,0.06722689075630252,95.625,50.125,full_trust,37,ATTACK,67,"(32, 50)",False,2,False,785
0,0.0,True,0.0,0.9,0.9,771,0,771.0,35,2,9,"(2, 50)",0,0.03925233644859813,84.44444444444444,34.888888888888886,full_trust,35,ATTACK,57,"(8, 45)",False,0,False,790
14,0.0,True,0.0,0.9555015709937024,0.9836644098442365,773,0,773.0,37,1,8,"(24, 45)",0,0.04018691588785047,93.625,44.75,full_trust,37,ATTACK,60,"(26, 46)",False,1,False,790
28,0.0,True,0.0,0.8032941792659745,0.9073077921545419,771,0,771.0,37,3,8,"(24, 45)",0,0.06255835667600373,95.625,50.125,full_trust,37,ATTACK,67,"(30, 47)",False,2,False,790
0,0.0,True,0.0,0.9,0.9,776,0,776.0,35,2,9,"(2, 50)",0,0.03925233644859813,84.44444444444444,34.888888888888886,full_trust,35,ATTACK,57,"(7, 41)",False,0,False,795
12,0.0,True,0.0,0.9555015709937024,0.9836644098442365,777,0,777.0,38,1,9,"(2, 20)",0,0.038317757009345796,88.22222222222223,41.55555555555556,full_trust,38,ATTACK,61,"(25, 45)",False,1,False,795
17,0.0,True,0.0,0.8032941792659745,0.9073077921545419,776,0,776.0,37,3,8,"(24, 45)",0,0.05228758169934641,95.625,50.125,full_trust,37,ATTACK,67,"(27, 45)",False,2,False,795
0,0.0,True,0.0,0.9,0.9,781,0,781.0,35,2,9,"(2, 50)",0,0.037383177570093455,84.44444444444444,34.888888888888886,full_trust,35,ATTACK,58,"(3, 42)",False,0,False,800
11,0.0,True,0.0,0.9555015709937024,0.9836644098442365,782,0,782.0,38,1,9,"(2, 20)",0,0.037383177570093455,88.22222222222223,41.55555555555556,full_trust,38,ATTACK,62,"(26, 41)",False,1,False,800
14,0.6909593526719391,True,0.6909593526719391,0.808621094434706,0.909832482640605,780,0,780.0,39,3,9,"(25, 2)",14,0.04388422035480859,88.77777777777777,46.22222222222222,full_trust,39,ATTACK,69,"(25, 45)",True,2,True,800
0,0.0,True,0.0,0.9,0.9,786,0,786.0,35,2,9,"(2, 50)",0,0.0308411214953271,84.44444444444444,34.888888888888886,full_trust,35,ATTACK,58,"(3, 47)",False,0,False,805
10,0.0,True,0.0,0.9555015709937024,0.9836644098442365,787,0,787.0,38,1,9,"(2, 20)",0,0.03271028037383177,88.22222222222223,41.55555555555556,full_trust,38,ATTACK,62,"(26, 36)",False,1,False,805
5,0.0,True,0.0,0.808621094434706,0.909832482640605,785,0,785.0,39,3,9,"(25, 2)",0,0.03454715219421102,88.77777777777777,46.22222222222222,full_trust,39,ATTACK,69,"(26, 41)",False,2,False,805
0,0.0,True,0.0,0.9,0.9,790,0,790.0,36,2,9,"(2, 41)",0,0.026168224299065422,84.44444444444444,34.888888888888886,full_trust,36,ATTACK,59,"(2, 50)",False,0,False,810
10,0.0,True,0.0,0.9555015709937024,0.9836644098442365,792,0,792.0,38,1,9,"(2, 20)",0,0.028037383177570093,88.22222222222223,41.55555555555556,full_trust,38,ATTACK,62,"(26, 31)",False,1,False,810
5,0.0,True,0.0,0.808621094434706,0.909832482640605,790,0,790.0,39,3,9,"(25, 2)",0,0.028011204481792718,88.77777777777777,46.22222222222222,full_trust,39,ATTACK,69,"(25, 37)",False,2,False,810
0,0.0,True,0.0,0.9,0.9,795,0,795.0,36,2,9,"(2, 41)",0,0.024299065420560748,84.44444444444444,34.888888888888886,full_trust,36,ATTACK,59,"(3, 46)",False,0,False,815
30,0.0,True,0.0,0.9555015709937024,0.9836644098442365,797,0,797.0,38,1,9,"(2, 20)",0,0.04392523364485981,88.22222222222223,41.55555555555556,full_trust,38,ATTACK,62,"(25, 27)",False,1,False,815
25,14.00385397810831,True,14.00385397810831,0.808621094434706,0.909832482640605,795,0,795.0,41,3,9,"(25, 2)",25,0.04481792717086835,88.77777777777777,46.22222222222222,full_trust,41,ATTACK,71,"(25, 32)",True,2,True,815
0,0.0,True,0.0,0.9,0.9,800,0,800.0,36,2,9,"(2, 41)",0,0.02336448598130841,84.44444444444444,34.888888888888886,full_trust,36,ATTACK,59,"(3, 41)",False,0,False,820
30,0.0,True,0.0,0.9555015709937024,0.9836644098442365,802,0,802.0,38,1,9,"(2, 20)",0,0.04392523364485981,88.22222222222223,41.55555555555556,full_trust,38,ATTACK,62,"(22, 25)",False,1,False,820
25,14.00385397810831,True,14.00385397810831,0.808621094434706,0.909832482640605,800,0,800.0,42,3,9,"(25, 2)",25,0.04388422035480859,88.77777777777777,46.22222222222222,full_trust,42,ATTACK,72,"(24, 28)",True,2,True,820
0,0.0,True,0.0,0.9,0.9,804,0,804.0,38,2,10,"(3, 8)",0,0.01588785046728972,82.2,32.6,full_trust,38,ATTACK,61,"(5, 41)",False,0,False,825
30,0.0,True,0.0,0.9555015709937024,0.9836644098442365,807,0,807.0,39,1,9,"(2, 20)",0,0.03551401869158879,88.22222222222223,41.55555555555556,full_trust,39,ATTACK,63,"(17, 25)",False,1,False,825
25,3.3727255757787162,True,3.3727255757787162,0.808621094434706,0.909832482640605,805,0,805.0,43,3,9,"(25, 2)",25,0.035480859010270774,88.77777777777777,46.22222222222222,full_trust,43,ATTACK,73,"(21, 26)",True,2,True,825
0,0.0,True,0.0,0.9,0.9,809,0,809.0,38,2,10,"(3, 8)",0,0.013979496738117428,82.2,32.6,full_trust,38,ATTACK,61,"(9, 40)",False,0,False,830
30,0.0,True,0.0,0.9555015709937024,0.9836644098442365,812,0,812.0,39,1,9,"(2, 20)",0,0.033550792171481825,88.22222222222223,41.55555555555556,full_trust,39,ATTACK,63,"(14, 23)",False,1,False,830
25,3.3727255757787162,True,3.3727255757787162,0.808621094434706,0.909832482640605,810,0,810.0,43,3,9,"(25, 2)",25,0.0335195530726257,88.77777777777777,46.22222222222222,full_trust,43,ATTACK,73,"(19, 23)",True,2,True,830
0,0.0,True,0.0,0.9,0.9,814,0,814.0,38,2,10,"(3, 8)",0,0.013686131386861315,82.2,32.6,full_trust,38,ATTACK,61,"(10, 36)",False,0,False,835
28,0.0,True,0.0,0.9555015709937024,0.9836644098442365,817,0,817.0,39,1,9,"(2, 20)",0,0.03193430656934307,88.22222222222223,41.55555555555556,full_trust,39,ATTACK,63,"(10, 22)",False,1,False,835
23,3.3727255757787162,True,3.3727255757787162,0.808621094434706,0.909832482640605,815,0,815.0,43,3,9,"(25, 2)",23,0.03099361896080219,88.77777777777777,46.22222222222222,full_trust,43,ATTACK,73,"(18, 19)",True,2,True,835
0,0.0,True,0.0,0.9,0.9,819,0,819.0,38,2,10,"(3, 8)",0,0.0125,82.2,32.6,full_trust,38,ATTACK,61,"(12, 33)",False,0,False,840
28,0.0,True,0.0,0.9555015709937024,0.9836644098442365,822,0,822.0,39,1,9,"(2, 20)",0,0.03214285714285714,88.22222222222223,41.55555555555556,full_trust,39,ATTACK,63,"(5, 22)",False,1,False,840
23,3.3727255757787162,True,3.3727255757787162,0.808621094434706,0.909832482640605,820,0,820.0,43,3,9,"(25, 2)",23,0.030276046304541407,88.77777777777777,46.22222222222222,full_trust,43,ATTACK,73,"(18, 14)",True,2,True,840
0,0.0,True,0.0,0.9,0.9,824,0,824.0,38,2,10,"(3, 8)",0,0.011565836298932384,82.2,32.6,full_trust,38,ATTACK,61,"(12, 28)",False,0,False,845
28,0.0,True,0.0,0.9555015709937024,0.9836644098442365,827,0,827.0,39,1,9,"(2, 20)",0,0.030249110320284697,88.22222222222223,41.55555555555556,full_trust,39,ATTACK,63,"(2, 20)",False,1,False,845
23,3.3727255757787162,True,3.3727255757787162,0.808621094434706,0.909832482640605,825,0,825.0,43,3,9,"(25, 2)",23,0.029281277728482696,88.77777777777777,46.22222222222222,full_trust,43,ATTACK,73,"(19, 10)",True,2,True,845
0,0.0,True,0.0,0.9,0.9,829,0,829.0,38,2,10,"(3, 8)",0,0.010676156583629894,82.2,32.6,full_trust,38,ATTACK,62,"(12, 23)",False,0,False,850
28,0.0,True,0.0,0.9555015709937024,0.9836644098442365,831,0,831.0,40,1,9,"(2, 41)",0,0.03113879003558719,88.22222222222223,41.55555555555556,full_trust,40,ATTACK,65,"(3, 23)",False,1,False,850
23,0.0,True,0.0,0.808621094434706,0.909832482640605,830,0,830.0,43,3,9,"(25, 2)",0,0.029281277728482696,88.77777777777777,46.22222222222222,full_trust,43,ATTACK,74,"(23, 9)",False,2,False,850
0,0.0,True,0.0,0.9,0.9,834,0,834.0,38,2,10,"(3, 8)",0,0.010526315789473684,82.2,32.6,full_trust,38,ATTACK,62,"(14, 20)",False,0,False,855
70,0.0,True,0.0,0.9596719910366975,0.9852310408414108,836,0,836.0,40,1,9,"(2, 41)",0,0.0412280701754386,88.22222222222223,41.55555555555556,full_trust,40,ATTACK,65,"(3, 28)",False,1,False,855
55,0.0,False,0.0,0.43409677965074794,0.43409677965074794,835,0,835.0,43,3,9,"(25, 2)",0,0.020122484689413824,88.77777777777777,46.22222222222222,full_trust,43,ATTACK,75,"(25, 6)",False,2,False,855
0,0.0,True,0.0,0.9,0.9,839,0,839.0,38,2,10,"(3, 8)",0,0.01048951048951049,82.2,32.6,full_trust,38,ATTACK,62,"(14, 15)",False,0,False,860
70,0.0,True,0.0,0.9646158858383731,0.9868898902309312,841,0,841.0,40,1,9,"(2, 41)",0,0.04807692307692308,88.22222222222223,41.55555555555556,full_trust,40,ATTACK,65,"(3, 33)",False,1,False,860
55,0.0,False,0.0,0.43409677965074794,0.43409677965074794,839,0,839.0,44,3,9,"(33, 50)",0,0.02972027972027972,88.77777777777777,46.22222222222222,full_trust,44,ATTACK,76,"(25, 2)",False,2,False,860
0,0.0,True,0.0,0.9,0.9,844,0,844.0,38,2,10,"(3, 8)",0,0.010480349344978166,82.2,32.6,full_trust,38,ATTACK,62,"(14, 10)",False,0,False,865
70,0.0,True,0.0,0.9699440480763193,0.9889198396755278,846,0,846.0,40,1,9,"(2, 41)",0,0.048034934497816595,88.22222222222223,41.55555555555556,full_trust,40,ATTACK,65,"(3, 38)",False,1,False,865
55,0.0,False,0.0,0.43409677965074794,0.43409677965074794,844,0,844.0,44,3,9,"(33, 50)",0,0.03580786026200873,88.77777777777777,46.22222222222222,full_trust,44,ATTACK,76,"(25, 7)",False,2,False,865
0,0.0,True,0.0,0.9,0.9,849,0,849.0,38,2,10,"(3, 8)",0,0.01222707423580786,82.2,32.6,full_trust,38,ATTACK,62,"(11, 8)",False,0,False,870
70,0.0,True,0.0,0.9745139245770967,0.9909791464613898,850,0,850.0,41,1,10,"(15, 2)",0,0.0445414847161572,87.0,39.8,full_trust,41,ATTACK,66,"(2, 41)",False,1,False,870
46,11.670118324203628,False,11.670118324203628,0.2745717160516403,0.2745717160516403,849,0,849.0,44,3,9,"(33, 50)",46,0.02794759825327511,88.77777777777777,46.22222222222222,full_trust,44,ATTACK,77,"(25, 12)",True,2,True,870
0,0.0,True,0.0,0.9,0.9,854,0,854.0,38,2,10,"(3, 8)",0,0.01222707423580786,82.2,32.6,full_trust,38,ATTACK,63,"(6, 8)",False,0,False,875
70,0.0,True,0.0,0.9761601905840569,0.9915291650838283,855,0,855.0,42,1,10,"(15, 2)",0,0.0462882096069869,87.0,39.8,full_trust,42,ATTACK,67,"(4, 38)",False,1,False,875
45,11.294473070194329,False,11.294473070194329,0.22089438137702358,0.22089438137702358,854,0,854.0,44,3,9,"(33, 50)",45,0.027074235807860263,88.77777777777777,46.22222222222222,full_trust,44,ATTACK,78,"(25, 17)",True,2,True,875
0,0.0,True,0.0,0.9,0.9,858,0,858.0,39,2,10,"(33, 8)",0,0.01222707423580786,82.2,32.6,full_trust,39,ATTACK,64,"(4, 8)",False,0,False,880
70,0.0,True,0.0,0.9798235721175277,0.9928383548630121,860,0,860.0,42,1,10,"(15, 2)",0,0.05502183406113537,87.0,39.8,full_trust,42,ATTACK,67,"(4, 33)",False,1,False,880
45,11.294473070194329,False,11.294473070194329,0.22089438137702358,0.22089438137702358,859,0,859.0,44,3,9,"(33, 50)",45,0.03056768558951965,88.77777777777777,46.22222222222222,full_trust,44,ATTACK,78,"(25, 22)",True,2,True,880
0,0.0,True,0.0,0.9,0.9,863,0,863.0,39,2,10,"(33, 8)",0,0.01222707423580786,82.2,32.6,full_trust,39,ATTACK,64,"(9, 8)",False,0,False,885
70,0.0,True,0.0,0.9829189837818222,0.9938769943375522,865,0,865.0,42,1,10,"(15, 2)",0,0.06026200873362445,87.0,39.8,full_trust,42,ATTACK,67,"(4, 28)",False,1,False,885
45,11.294473070194329,False,11.294473070194329,0.22089438137702358,0.22089438137702358,864,0,864.0,44,3,9,"(33, 50)",45,0.03318777292576419,88.77777777777777,46.22222222222222,full_trust,44,ATTACK,78,"(25, 27)",True,2,True,885
0,0.0,True,0.0,0.9,0.9,868,0,868.0,39,2,10,"(33, 8)",0,0.01222707423580786,82.2,32.6,full_trust,39,ATTACK,64,"(13, 9)",False,0,False,890
70,0.0,True,0.0,0.9855374543095783,0.9948413021623624,870,0,870.0,42,1,10,"(15, 2)",0,0.06550218340611354,87.0,39.8,full_trust,42,ATTACK,67,"(7, 26)",False,1,False,890
45,11.294473070194329,False,11.294473070194329,0.22089438137702358,0.22089438137702358,869,0,869.0,44,3,9,"(33, 50)",45,0.03842794759825328,88.77777777777777,46.22222222222222,full_trust,44,ATTACK,78,"(26, 31)",True,2,True,890
0,0.0,True,0.0,0.9,0.9,873,0,873.0,39,2,10,"(33, 8)",0,0.013973799126637555,82.2,32.6,full_trust,39,ATTACK,64,"(18, 9)",False,0,False,895
80,0.0,True,0.0,0.987745771877565,0.9955694754657114,875,0,875.0,42,1,10,"(15, 2)",0,0.06899563318777292,87.0,39.8,full_trust,42,ATTACK,67,"(7, 21)",False,1,False,895
45,8.020793262417591,False,8.020793262417591,0.09835726342162808,0.09835726342162808,874,0,874.0,45,3,9,"(33, 50)",45,0.043668122270742356,88.77777777777777,46.22222222222222,full_trust,45,ATTACK,79,"(26, 36)",True,2,True,895
0,0.0,True,0.0,0.9,0.9,878,0,878.0,40,2,10,"(33, 8)",0,0.04192139737991266,82.2,32.6,full_trust,40,ATTACK,65,"(23, 9)",False,0,False,900
80,0.0,True,0.0,0.9892709370617951,0.9961609407066399,880,0,880.0,43,1,10,"(15, 2)",0,0.09082969432314411,87.0,39.8,full_trust,43,ATTACK,68,"(11, 20)",False,1,False,900
14,0.015962270399533907,False,0.015962270399533907,0.035972380244644254,0.035972380244644254,879,0,879.0,48,3,9,"(33, 50)",0,0.05327510917030567,88.77777777777777,46.22222222222222,full_trust,48,ATTACK,83,"(26, 41)",False,2,False,900
0,0.0,True,0.0,0.9,0.9,883,0,883.0,40,2,10,"(33, 8)",0,0.04279475982532751,82.2,32.6,full_trust,40,ATTACK,65,"(27, 8)",False,0,False,905
67,0.0,True,0.0,0.9892709370617951,0.9961609407066399,885,0,885.0,43,1,10,"(15, 2)",0,0.07074235807860262,87.0,39.8,full_trust,43,ATTACK,68,"(15, 19)",False,1,False,905
8,0.0,False,0.0,0.035972380244644254,0.035972380244644254,884,0,884.0,48,3,9,"(33, 50)",0,0.048034934497816595,88.77777777777777,46.22222222222222,full_trust,48,ATTACK,83,"(29, 43)",False,2,False,905
0,0.0,True,0.0,0.9,0.9,888,0,888.0,40,2,10,"(33, 8)",0,0.04192139737991266,82.2,32.6,full_trust,40,ATTACK,65,"(32, 8)",False,0,False,910
67,0.0,True,0.0,0.9892709370617951,0.9961609407066399,890,0,890.0,43,1,10,"(15, 2)",0,0.08558951965065502,87.0,39.8,full_trust,43,ATTACK,68,"(15, 14)",False,1,False,910
8,0.0,False,0.0,0.035972380244644254,0.035972380244644254,889,0,889.0,48,3,9,"(33, 50)",0,0.04716157205240175,88.77777777777777,46.22222222222222,full_trust,48,ATTACK,83,"(32, 45)",False,2,False,910
0,0.0,True,0.0,0.9,0.9,892,0,892.0,41,2,11,"(24, 45)",0,0.04192139737991266,82.9090909090909,32.63636363636363,full_trust,41,ATTACK,66,"(30, 8)",False,0,False,915
67,0.0,True,0.0,0.9909126396759524,0.9967631902529068,895,0,895.0,43,1,10,"(15, 2)",0,0.08820960698689956,87.0,39.8,full_trust,43,ATTACK,68,"(15, 9)",False,1,False,915
8,0.0,False,0.0,0.035972380244644254,0.035972380244644254,894,0,894.0,48,3,9,"(33, 50)",0,0.0445414847161572,88.77777777777777,46.22222222222222,full_trust,48,ATTACK,83,"(33, 49)",False,2,False,915
0,0.0,True,0.0,0.9,0.9,897,0,897.0,41,2,11,"(24, 45)",0,0.04192139737991266,82.9090909090909,32.63636363636363,full_trust,41,ATTACK,66,"(28, 11)",False,0,False,920
61,0.0,True,0.0,0.9912096824395499,0.9968534949479021,900,0,900.0,43,1,10,"(15, 2)",0,0.08296943231441048,87.0,39.8,full_trust,43,ATTACK,68,"(15, 4)",False,1,False,920
8,0.0,False,0.0,0.035972380244644254,0.035972380244644254,898,0,898.0,49,3,10,"(33, 8)",0,0.0445414847161572,91.7,47.3,full_trust,49,ATTACK,84,"(33, 47)",False,2,False,920
0,0.0,True,0.0,0.9,0.9,902,0,902.0,41,2,11,"(24, 45)",0,0.04192139737991266,82.9090909090909,32.63636363636363,full_trust,41,ATTACK,67,"(26, 14)",False,0,False,925
60,0.0,True,0.0,0.9912096824395499,0.9968534949479021,904,0,904.0,44,1,10,"(21, 17)",0,0.07598253275109171,87.0,39.8,full_trust,44,ATTACK,70,"(15, 4)",False,1,False,925
8,0.0,False,0.0,0.035972380244644254,0.035972380244644254,903,0,903.0,49,3,10,"(33, 8)",0,0.0445414847161572,91.7,47.3,full_trust,49,ATTACK,85,"(30, 45)",False,2,False,925
0,0.0,True,0.0,0.9,0.9,907,0,907.0,41,2,11,"(24, 45)",0,0.04192139737991266,82.9090909090909,32.63636363636363,full_trust,41,ATTACK,67,"(26, 19)",False,0,False,930
63,0.0,True,0.0,0.7424253793632638,0.7424253793632638,909,0,909.0,44,1,10,"(21, 17)",0,0.05851528384279476,87.0,39.8,full_trust,44,ATTACK,70,"(17, 7)",False,1,False,930
12,0.0,False,0.0,0.035972380244644254,0.035972380244644254,908,0,908.0,49,3,10,"(33, 8)",0,0.048034934497816595,91.7,47.3,full_trust,49,ATTACK,85,"(28, 42)",False,2,False,930
0,0.0,True,0.0,0.9,0.9,912,0,912.0,41,2,11,"(24, 45)",0,0.04104803493449782,82.9090909090909,32.63636363636363,full_trust,41,ATTACK,68,"(26, 24)",False,0,False,935
60,0.0,False,0.0,0.4207620993020247,0.44417173314122665,914,0,914.0,44,1,10,"(21, 17)",0,0.06375545851528384,87.0,39.8,full_trust,44,ATTACK,71,"(17, 12)",False,1,False,935
11,0.0,False,0.0,0.035972380244644254,0.035972380244644254,913,0,913.0,49,3,10,"(33, 8)",0,0.048034934497816595,91.7,47.3,full_trust,49,ATTACK,85,"(28, 37)",False,2,False,935
0,0.0,True,0.0,0.9,0.9,917,0,917.0,41,2,11,"(24, 45)",0,0.03842794759825328,82.9090909090909,32.63636363636363,full_trust,41,ATTACK,68,"(26, 29)",False,0,False,940
60,0.0,False,0.0,0.4207620993020247,0.44417173314122665,919,0,919.0,44,1,10,"(21, 17)",0,0.06026200873362445,87.0,39.8,full_trust,44,ATTACK,71,"(17, 17)",False,1,False,940
11,0.0,False,0.0,0.04099564374254954,0.10561257764542936,918,0,918.0,49,3,10,"(33, 8)",0,0.04716157205240175,91.7,47.3,full_trust,49,ATTACK,85,"(28, 32)",False,2,False,940
0,0.0,True,0.0,0.9,0.9,922,0,922.0,42,2,11,"(24, 45)",0,0.03406113537117904,82.9090909090909,32.63636363636363,full_trust,42,ATTACK,69,"(26, 34)",False,0,False,945
53,0.0,True,0.0,0.43869102014552463,0.530322015074703,923,0,923.0,45,1,11,"(2, 41)",0,0.05589519650655022,85.9090909090909,38.18181818181818,full_trust,45,ATTACK,72,"(21, 17)",False,1,False,945
9,0.0,False,0.0,0.08250519781152549,0.289589508002647,923,0,923.0,49,3,10,"(33, 8)",0,0.043668122270742356,91.7,47.3,full_trust,49,ATTACK,85,"(28, 27)",False,2,False,945
0,0.0,True,0.0,0.9,0.9,927,0,927.0,43,2,11,"(24, 45)",0,0.032314410480349345,82.9090909090909,32.63636363636363,full_trust,43,ATTACK,71,"(28, 37)",False,0,False,950
44,0.0,True,0.0,0.43869102014552463,0.530322015074703,928,0,928.0,45,1,11,"(2, 41)",0,0.05502183406113537,85.9090909090909,38.18181818181818,full_trust,45,ATTACK,73,"(16, 17)",False,1,False,950
7,0.0,False,0.0,0.14592444833323306,0.39963562904969135,928,0,928.0,49,3,10,"(33, 8)",0,0.04104803493449782,91.7,47.3,full_trust,49,ATTACK,86,"(29, 23)",False,2,False,950
0,0.0,True,0.0,0.9,0.9,932,0,932.0,43,2,11,"(24, 45)",0,0.032314410480349345,82.9090909090909,32.63636363636363,full_trust,43,ATTACK,71,"(28, 42)",False,0,False,955
3,0.0,True,0.0,0.43869102014552463,0.530322015074703,933,0,933.0,45,1,11,"(2, 41)",0,0.03668122270742358,85.9090909090909,38.18181818181818,full_trust,45,ATTACK,73,"(14, 20)",False,1,False,955
7,0.0,False,0.0,0.21600960642426736,0.4892856078791549,933,0,933.0,49,3,10,"(33, 8)",0,0.04104803493449782,91.7,47.3,full_trust,49,ATTACK,86,"(29, 18)",False,2,False,955
0,0.0,True,0.0,0.9,0.9,937,0,937.0,43,2,11,"(24, 45)",0,0.032342657342657344,82.9090909090909,32.63636363636363,full_trust,43,ATTACK,71,"(26, 45)",False,0,False,960
3,0.0,True,0.0,0.43869102014552463,0.530322015074703,938,0,938.0,45,1,11,"(2, 41)",0,0.03671328671328671,85.9090909090909,38.18181818181818,full_trust,45,ATTACK,73,"(10, 21)",False,1,False,960
7,0.0,True,0.0,0.2885190253900007,0.5628828178200251,938,0,938.0,49,3,10,"(33, 8)",0,0.04108391608391608,91.7,47.3,full_trust,49,ATTACK,86,"(29, 13)",False,2,False,960
0,0.0,True,0.0,0.9,0.9,941,0,941.0,44,2,11,"(2, 20)",0,0.032342657342657344,82.9090909090909,32.63636363636363,full_trust,44,ATTACK,72,"(25, 44)",False,0,False,965
8,0.0,True,0.0,0.43869102014552463,0.530322015074703,943,0,943.0,45,1,11,"(2, 41)",0,0.04108391608391608,85.9090909090909,38.18181818181818,full_trust,45,ATTACK,73,"(6, 22)",False,1,False,965
12,0.0,True,0.0,0.3593768809645527,0.6233944250593592,943,0,943.0,49,3,10,"(33, 8)",0,0.04195804195804196,91.7,47.3,full_trust,49,ATTACK,86,"(29, 8)",False,2,False,965
0,0.0,True,0.0,0.9,0.9,946,0,946.0,44,2,11,"(2, 20)",0,0.030594405594405596,82.9090909090909,32.63636363636363,full_trust,44,ATTACK,72,"(24, 40)",False,0,False,970
3,0.0,True,0.0,0.43869102014552463,0.530322015074703,948,0,948.0,45,1,11,"(2, 41)",0,0.03583916083916084,85.9090909090909,38.18181818181818,full_trust,45,ATTACK,73,"(5, 26)",False,1,False,970
7,0.0,True,0.0,0.40154254378269627,0.674809505824998,947,0,947.0,50,3,10,"(33, 30)",0,0.04108391608391608,91.7,47.3,full_trust,50,ATTACK,87,"(33, 8)",False,2,False,970
0,0.0,True,0.0,0.9,0.9,951,0,951.0,44,2,11,"(2, 20)",0,0.027972027972027972,82.9090909090909,32.63636363636363,full_trust,44,ATTACK,73,"(22, 37)",False,0,False,975
3,0.0,True,0.0,0.43869102014552463,0.530322015074703,953,0,953.0,45,1,11,"(2, 41)",0,0.033216783216783216,85.9090909090909,38.18181818181818,full_trust,45,ATTACK,74,"(5, 31)",False,1,False,975
7,0.0,True,0.0,0.40154254378269627,0.674809505824998,952,0,952.0,50,3,10,"(33, 30)",0,0.038461538461538464,91.7,47.3,full_trust,50,ATTACK,88,"(32, 12)",False,2,False,975
0,0.0,True,0.0,0.9,0.9,956,0,956.0,44,2,11,"(2, 20)",0,0.021853146853146852,82.9090909090909,32.63636363636363,full_trust,44,ATTACK,73,"(22, 32)",False,0,False,980
3,0.0,True,0.0,0.43869102014552463,0.530322015074703,958,0,958.0,45,1,11,"(2, 41)",0,0.027972027972027972,85.9090909090909,38.18181818181818,full_trust,45,ATTACK,74,"(3, 34)",False,1,False,980
7,0.0,True,0.0,0.40154254378269627,0.674809505824998,957,0,957.0,50,3,10,"(33, 30)",0,0.033216783216783216,91.7,47.3,full_trust,50,ATTACK,88,"(30, 15)",False,2,False,980
0,0.0,True,0.0,0.9,0.9,961,0,961.0,44,2,11,"(2, 20)",0,0.017482517482517484,82.9090909090909,32.63636363636363,full_trust,44,ATTACK,73,"(22, 27)",False,0,False,985
3,0.0,True,0.0,0.43869102014552463,0.530322015074703,963,0,963.0,45,1,11,"(2, 41)",0,0.024475524475524476,85.9090909090909,38.18181818181818,full_trust,45,ATTACK,74,"(3, 39)",False,1,False,985
7,0.0,True,0.0,0.40154254378269627,0.674809505824998,962,0,962.0,50,3,10,"(33, 30)",0,0.027972027972027972,91.7,47.3,full_trust,50,ATTACK,88,"(29, 19)",False,2,False,985
0,0.0,True,0.0,0.9,0.9,966,0,966.0,44,2,11,"(2, 20)",0,0.016608391608391608,82.9090909090909,32.63636363636363,full_trust,44,ATTACK,73,"(19, 25)",False,0,False,990
3,0.0,True,0.0,0.43869102014552463,0.530322015074703,967,0,967.0,46,1,11,"(33, 50)",0,0.0236013986013986,85.9090909090909,38.18181818181818,full_trust,46,ATTACK,75,"(3, 41)",False,1,False,990
7,0.0,True,0.0,0.4298235604796634,0.696678765738948,967,0,967.0,50,3,10,"(33, 30)",0,0.027097902097902096,91.7,47.3,full_trust,50,ATTACK,88,"(29, 24)",False,2,False,990
0,0.0,True,0.0,0.9,0.9,971,0,971.0,44,2,11,"(2, 20)",0,0.015734265734265736,82.9090909090909,32.63636363636363,full_trust,44,ATTACK,73,"(15, 24)",False,0,False,995
3,0.0,True,0.0,0.43869102014552463,0.530322015074703,972,0,972.0,46,1,11,"(33, 50)",0,0.021853146853146852,85.9090909090909,38.18181818181818,full_trust,46,ATTACK,75,"(5, 44)",False,1,False,995
7,0.0,True,0.0,0.4965557593307864,0.7408252829201833,972,0,972.0,50,3,10,"(33, 30)",0,0.024475524475524476,91.7,47.3,full_trust,50,ATTACK,88,"(29, 29)",False,2,False,995
0,0.0,True,0.0,0.9,0.9,976,0,976.0,45,2,11,"(2, 20)",0,0.00960698689956332,82.9090909090909,32.63636363636363,full_trust,45,ATTACK,74,"(13, 21)",False,0,False,1000
3,0.0,True,0.0,0.43869102014552463,0.530322015074703,977,0,977.0,47,1,11,"(33, 50)",0,0.014847161572052401,85.9090909090909,38.18181818181818,full_trust,47,ATTACK,77,"(8, 46)",False,1,False,1000
7,0.0,True,0.0,0.521512393373767,0.7561828019374063,977,0,977.0,50,3,10,"(33, 30)",0,0.017467248908296942,91.7,47.3,full_trust,50,ATTACK,89,"(33, 30)",False,2,False,1000
0,0.0,True,0.0,0.9,0.9,981,0,981.0,45,2,11,"(2, 20)",0,0.007860262008733625,82.9090909090909,32.63636363636363,full_trust,45,ATTACK,74,"(8, 21)",False,0,False,1005
10,0.0,True,0.0,0.43869102014552463,0.530322015074703,982,0,982.0,47,1,11,"(33, 50)",0,0.01921397379912664,85.9090909090909,38.18181818181818,full_trust,47,ATTACK,77,"(9, 50)",False,1,False,1005
11,0.0,False,0.0,0.39886335500526554,0.4144015639244148,981,0,981.0,51,3,11,"(2, 41)",0,0.014847161572052401,91.0,45.81818181818182,full_trust,51,ATTACK,91,"(31, 32)",False,2,False,1005
0,0.0,True,0.0,0.9,0.9,986,0,986.0,45,2,11,"(2, 20)",0,0.007860262008733625,82.9090909090909,32.63636363636363,full_trust,45,ATTACK,74,"(4, 20)",False,0,False,1010
10,0.0,True,0.0,0.43869102014552463,0.530322015074703,987,0,987.0,47,1,11,"(33, 50)",0,0.01834061135371179,85.9090909090909,38.18181818181818,full_trust,47,ATTACK,77,"(14, 50)",False,1,False,1010
8,0.0,False,0.0,0.35894562768070803,0.37908342385585114,986,0,986.0,51,3,11,"(2, 41)",0,0.013100436681222707,91.0,45.81818181818182,full_trust,51,ATTACK,91,"(31, 37)",False,2,False,1010
0,0.0,True,0.0,0.9,0.9,990,0,990.0,46,2,12,"(15, 2)",0,0.007860262008733625,84.41666666666667,34.083333333333336,full_trust,46,ATTACK,75,"(4, 20)",False,0,False,1015
10,0.0,True,0.0,0.43869102014552463,0.530322015074703,992,0,992.0,47,1,11,"(33, 50)",0,0.01921397379912664,85.9090909090909,38.18181818181818,full_trust,47,ATTACK,77,"(18, 49)",False,1,False,1015
7,0.0,False,0.0,0.37175011200916946,0.4456145978282717,991,0,991.0,51,3,11,"(2, 41)",0,0.013100436681222707,91.0,45.81818181818182,full_trust,51,ATTACK,91,"(28, 39)",False,2,False,1015
0,0.0,True,0.0,0.9,0.9,995,0,995.0,46,2,12,"(15, 2)",0,0.00788091068301226,84.41666666666667,34.083333333333336,full_trust,46,ATTACK,75,"(9, 20)",False,0,False,1020
10,0.0,True,0.0,0.4616133270317895,0.5804299377347031,997,0,997.0,47,1,11,"(33, 50)",0,0.021015761821366025,85.9090909090909,38.18181818181818,full_trust,47,ATTACK,77,"(23, 49)",False,1,False,1020
7,0.0,True,0.0,0.4011060324540842,0.5328699818051904,996,0,996.0,51,3,11,"(2, 41)",0,0.013134851138353765,91.0,45.81818181818182,full_trust,51,ATTACK,91,"(24, 40)",False,2,False,1020
0,0.0,True,0.0,0.9,0.9,1000,0,1000.0,47,2,12,"(15, 2)",0,0.00788091068301226,84.41666666666667,34.083333333333336,full_trust,47,ATTACK,76,"(14, 20)",False,0,False,1025
10,0.0,True,0.0,0.49715476250791885,0.6393629791280209,1002,0,1002.0,47,1,11,"(33, 50)",0,0.021015761821366025,85.9090909090909,38.18181818181818,full_trust,47,ATTACK,78,"(28, 49)",False,1,False,1025
7,0.0,True,0.0,0.44116076409072297,0.6031964952177865,1001,0,1001.0,51,3,11,"(2, 41)",0,0.013134851138353765,91.0,45.81818181818182,full_trust,51,ATTACK,92,"(20, 41)",False,2,False,1025
0,0.0,True,0.0,0.9,0.9,1005,0,1005.0,47,2,12,"(15, 2)",0,0.00788091068301226,84.41666666666667,34.083333333333336,full_trust,47,ATTACK,76,"(15, 16)",False,0,False,1030
10,0.0,True,0.0,0.5354273767251793,0.6827301677752988,1007,0,1007.0,47,1,11,"(33, 50)",0,0.021015761821366025,85.9090909090909,38.18181818181818,full_trust,47,ATTACK,78,"(33, 49)",False,1,False,1030
7,0.0,True,0.0,0.44116076409072297,0.6031964952177865,1006,0,1006.0,51,3,11,"(2, 41)",0,0.013134851138353765,91.0,45.81818181818182,full_trust,51,ATTACK,92,"(15, 41)",False,2,False,1030
0,0.0,True,0.0,0.9,0.9,1010,0,1010.0,47,2,12,"(15, 2)",0,0.0070052539404553416,84.41666666666667,34.083333333333336,full_trust,47,ATTACK,76,"(15, 11)",False,0,False,1035
10,0.0,True,0.0,0.5431446246766047,0.6897723357536899,1011,0,1011.0,48,1,12,"(24, 45)",0,0.01838879159369527,86.0,38.583333333333336,full_trust,48,ATTACK,79,"(30, 50)",False,1,False,1035
5,0.0,True,0.0,0.44116076409072297,0.6031964952177865,1011,0,1011.0,51,3,11,"(2, 41)",0,0.010507880910683012,91.0,45.81818181818182,full_trust,51,ATTACK,92,"(10, 41)",False,2,False,1035
0,0.0,True,0.0,0.9,0.9,1015,0,1015.0,47,2,12,"(15, 2)",0,0.006129597197898424,84.41666666666667,34.083333333333336,full_trust,47,ATTACK,76,"(15, 6)",False,0,False,1040
16,0.0,True,0.0,0.5585146685886225,0.704594944091134,1016,0,1016.0,48,1,12,"(24, 45)",0,0.017513134851138354,86.0,38.583333333333336,full_trust,48,ATTACK,79,"(28, 47)",False,1,False,1040
6,0.0,False,0.0,0.4329341327329274,0.4329341327329274,1016,0,1016.0,51,3,11,"(2, 41)",0,0.010507880910683012,91.0,45.81818181818182,full_trust,51,ATTACK,93,"(5, 41)",False,2,False,1040
0,0.0,True,0.0,0.9,0.9,1019,0,1019.0,48,2,12,"(21, 17)",0,0.00788091068301226,84.41666666666667,34.083333333333336,full_trust,48,ATTACK,77,"(15, 2)",False,0,False,1045
16,0.0,True,0.0,0.5895305026419732,0.7375481338649292,1021,0,1021.0,48,1,12,"(24, 45)",0,0.017513134851138354,86.0,38.583333333333336,full_trust,48,ATTACK,79,"(24, 46)",False,1,False,1045
6,0.0,False,0.0,0.4329341327329274,0.4329341327329274,1020,0,1020.0,52,3,11,"(21, 17)",0,0.010507880910683012,91.0,45.81818181818182,full_trust,52,ATTACK,94,"(3, 41)",False,2,False,1045
0,0.0,True,0.0,0.9,0.9,1024,0,1024.0,49,2,12,"(21, 17)",0,0.05166374781085814,84.41666666666667,34.083333333333336,full_trust,49,ATTACK,78,"(15, 7)",False,0,False,1050
16,0.0,True,0.0,0.5973072477928397,0.7450654056593055,1024,1,1024.0,50,1,12,"(33, 8)",0,0.05604203152364273,86.0,38.583333333333336,full_trust,50,ATTACK,81,"(25, 44)",False,1,False,1050
6,0.0,False,0.0,0.4329341327329274,0.4329341327329274,1025,0,1025.0,52,3,11,"(21, 17)",0,0.05604203152364273,91.0,45.81818181818182,full_trust,52,ATTACK,95,"(8, 41)",False,2,False,1050
0,0.0,True,0.0,0.9,0.9,1029,0,1029.0,49,2,12,"(21, 17)",0,0.047285464098073555,84.41666666666667,34.083333333333336,full_trust,49,ATTACK,78,"(17, 10)",False,0,False,1055
16,0.0,True,0.0,0.5973072477928397,0.7450654056593055,1024,6,1024.0,50,1,12,"(33, 8)",0,0.0542907180385289,86.0,38.583333333333336,full_trust,50,ATTACK,86,"(25, 44)",False,1,False,1055
6,0.0,False,0.0,0.4329341327329274,0.4329341327329274,1030,0,1030.0,52,3,11,"(21, 17)",0,0.053415061295971976,91.0,45.81818181818182,full_trust,52,ATTACK,95,"(12, 40)",False,2,False,1055
0,0.0,True,0.0,0.9,0.9,1034,0,1034.0,49,2,12,"(21, 17)",0,0.04665492957746479,84.41666666666667,34.083333333333336,full_trust,49,ATTACK,78,"(18, 14)",False,0,False,1060
16,0.0,True,0.0,0.5973072477928397,0.7450654056593055,1024,11,1024.0,50,1,12,"(33, 8)",0,0.05369718309859155,86.0,38.583333333333336,full_trust,50,ATTACK,91,"(25, 44)",False,1,False,1060
6,0.0,False,0.0,0.4329341327329274,0.4329341327329274,1035,0,1035.0,52,3,11,"(21, 17)",0,0.05369718309859155,91.0,45.81818181818182,full_trust,52,ATTACK,95,"(16, 39)",False,2,False,1060
0,0.0,True,0.0,0.9,0.9,1039,0,1039.0,49,2,12,"(21, 17)",0,0.044854881266490766,84.41666666666667,34.083333333333336,full_trust,49,ATTACK,78,"(20, 17)",False,0,False,1065
16,0.0,True,0.0,0.5973072477928397,0.7450654056593055,1024,16,1024.0,50,1,12,"(33, 8)",0,0.04925241864555849,86.0,38.583333333333336,full_trust,50,ATTACK,96,"(25, 44)",False,1,False,1065
6,0.0,False,0.0,0.4329341327329274,0.4329341327329274,1040,0,1040.0,52,3,11,"(21, 17)",0,0.04925241864555849,91.0,45.81818181818182,full_trust,52,ATTACK,95,"(21, 39)",False,2,False,1065
0,0.0,True,0.0,0.9,0.9,1043,0,1043.0,50,2,13,"(25, 2)",0,0.04305799648506151,82.07692307692308,33.15384615384615,full_trust,50,ATTACK,79,"(24, 17)",False,0,False,1070
16,0.0,True,0.0,0.5973072477928397,0.7450654056593055,1024,21,1024.0,50,1,12,"(33, 8)",0,0.04569420035149385,86.0,38.583333333333336,full_trust,50,ATTACK,101,"(25, 44)",False,1,False,1070
6,0.0,False,0.0,0.4329341327329274,0.4329341327329274,1045,0,1045.0,52,3,11,"(21, 17)",0,0.04305799648506151,91.0,45.81818181818182,full_trust,52,ATTACK,95,"(24, 37)",False,2,False,1070
0,0.0,True,0.0,0.9,0.9,1048,0,1048.0,50,2,13,"(25, 2)",0,0.03866432337434095,82.07692307692308,33.15384615384615,full_trust,50,ATTACK,80,"(25, 13)",False,0,False,1075
20,0.0,True,0.0,0.5973072477928397,0.7450654056593055,1024,26,1024.0,50,1,12,"(33, 8)",0,0.048330404217926184,86.0,38.583333333333336,full_trust,50,ATTACK,106,"(25, 44)",False,1,False,1075
8,0.0,False,0.0,0.4329341327329274,0.4329341327329274,1050,0,1050.0,52,3,11,"(21, 17)",0,0.03690685413005272,91.0,45.81818181818182,full_trust,52,ATTACK,96,"(25, 33)",False,2,False,1075
0,0.0,True,0.0,0.9,0.9,1053,0,1053.0,50,2,13,"(25, 2)",0,0.0351493848857645,82.07692307692308,33.15384615384615,full_trust,50,ATTACK,80,"(25, 8)",False,0,False,1080
20,0.0,True,0.0,0.5973072477928397,0.7450654056593055,1024,31,1024.0,50,1,12,"(33, 8)",0,0.0421792618629174,86.0,38.583333333333336,full_trust,50,ATTACK,111,"(25, 44)",False,1,False,1080
8,0.0,False,0.0,0.4329341327329274,0.4329341327329274,1055,0,1055.0,52,3,11,"(21, 17)",0,0.03163444639718805,91.0,45.81818181818182,full_trust,52,ATTACK,96,"(25, 28)",False,2,False,1080
0,0.0,True,0.0,0.9,0.9,1058,0,1058.0,50,2,13,"(25, 2)",0,0.03163444639718805,82.07692307692308,33.15384615384615,full_trust,50,ATTACK,80,"(25, 3)",False,0,False,1085
20,0.0,True,0.0,0.5973072477928397,0.7450654056593055,1024,36,1024.0,50,1,12,"(33, 8)",0,0.03954305799648506,86.0,38.583333333333336,full_trust,50,ATTACK,116,"(25, 44)",False,1,False,1085
8,0.0,False,0.0,0.4406044419750985,0.49827955572600496,1060,0,1060.0,52,3,11,"(21, 17)",0,0.02899824253075571,91.0,45.81818181818182,full_trust,52,ATTACK,96,"(25, 23)",False,2,False,1085
0,0.0,True,0.0,0.9,0.9,1062,0,1062.0,51,2,13,"(33, 30)",0,0.029876977152899824,82.07692307692308,33.15384615384615,full_trust,51,ATTACK,81,"(25, 5)",False,0,False,1090
20,0.0,True,0.0,0.5973072477928397,0.7450654056593055,1024,41,1024.0,50,1,12,"(33, 8)",0,0.03866432337434095,86.0,38.583333333333336,full_trust,50,ATTACK,121,"(25, 44)",False,1,False,1090
8,0.0,True,0.0,0.46481738596258493,0.5784535402281584,1065,0,1065.0,52,3,11,"(21, 17)",0,0.02899824253075571,91.0,45.81818181818182,full_trust,52,ATTACK,96,"(25, 18)",False,2,False,1090
0,0.0,True,0.0,0.9,0.9,1067,0,1067.0,51,2,13,"(33, 30)",0,0.02899824253075571,82.07692307692308,33.15384615384615,full_trust,51,ATTACK,81,"(26, 9)",False,0,False,1095
20,0.0,True,0.0,0.5973072477928397,0.7450654056593055,1024,46,1024.0,50,1,12,"(33, 8)",0,0.03866432337434095,86.0,38.583333333333336,full_trust,50,ATTACK,126,"(25, 44)",False,1,False,1095
8,0.0,True,0.0,0.5021923485208226,0.6633036702159558,1070,0,1070.0,52,3,11,"(21, 17)",0,0.02899824253075571,91.0,45.81818181818182,full_trust,52,ATTACK,96,"(21, 17)",False,2,False,1095
0,0.0,True,0.0,0.9,0.9,1072,0,1072.0,52,2,13,"(33, 30)",0,0.022887323943661973,82.07692307692308,33.15384615384615,full_trust,52,ATTACK,82,"(26, 14)",False,0,False,1100
20,0.0,True,0.0,0.5973072477928397,0.7450654056593055,1024,51,1024.0,50,1,12,"(33, 8)",0,0.03609154929577465,86.0,38.583333333333336,full_trust,50,ATTACK,131,"(25, 44)",False,1,False,1100
8,0.0,True,0.0,0.5295046718958359,0.7070187467666477,1074,0,1074.0,53,3,12,"(2, 41)",0,0.02640845070422535,91.33333333333333,46.333333333333336,full_trust,53,ATTACK,98,"(25, 17)",False,2,False,1100
0,0.0,True,0.0,0.9,0.9,1077,0,1077.0,52,2,13,"(33, 30)",0,0.02112676056338028,82.07692307692308,33.15384615384615,full_trust,52,ATTACK,82,"(28, 17)",False,0,False,1105
20,0.0,True,0.0,0.5973072477928397,0.7450654056593055,1024,56,1024.0,50,1,12,"(33, 8)",0,0.035211267605633804,86.0,38.583333333333336,full_trust,50,ATTACK,136,"(25, 44)",False,1,False,1105
8,0.0,True,0.0,0.5799964559030243,0.77880473913525,1079,0,1079.0,53,3,12,"(2, 41)",0,0.02464788732394366,91.33333333333333,46.333333333333336,full_trust,53,ATTACK,98,"(25, 22)",False,2,False,1105
0,0.0,True,0.0,0.9,0.9,1082,0,1082.0,52,2,13,"(33, 30)",0,0.02112676056338028,82.07692307692308,33.15384615384615,full_trust,52,ATTACK,82,"(29, 21)",False,0,False,1110
20,0.0,True,0.0,0.5973072477928397,0.7450654056593055,1024,61,1024.0,50,1,12,"(33, 8)",0,0.035211267605633804,86.0,38.583333333333336,full_trust,50,ATTACK,141,"(25, 44)",False,1,False,1110
8,0.0,True,0.0,0.6310885750239275,0.8203393752381691,1084,0,1084.0,53,3,12,"(2, 41)",0,0.023767605633802816,91.33333333333333,46.333333333333336,full_trust,53,ATTACK,98,"(25, 27)",False,2,False,1110
0,0.0,True,0.0,0.9,0.9,1087,0,1087.0,53,2,13,"(33, 30)",0,0.02112676056338028,82.07692307692308,33.15384615384615,full_trust,53,ATTACK,84,"(29, 26)",False,0,False,1115
25,0.0,True,0.0,0.5973072477928397,0.7450654056593055,1024,66,1024.0,50,1,12,"(33, 8)",0,0.03609154929577465,86.0,38.583333333333336,full_trust,50,ATTACK,146,"(25, 44)",False,1,False,1115
13,0.0,True,0.0,0.6786074766320812,0.8531108262742252,1089,0,1089.0,53,3,12,"(2, 41)",0,0.027288732394366196,91.33333333333333,46.333333333333336,full_trust,53,ATTACK,98,"(23, 30)",False,2,False,1115
0,0.0,True,0.0,0.9,0.9,1092,0,1092.0,54,2,13,"(33, 30)",0,0.02019315188762072,82.07692307692308,33.15384615384615,full_trust,54,ATTACK,85,"(28, 30)",False,0,False,1120
25,0.0,True,0.0,0.5973072477928397,0.7450654056593055,1024,71,1024.0,50,1,12,"(33, 8)",0,0.0324846356453029,86.0,38.583333333333336,full_trust,50,ATTACK,151,"(25, 44)",False,1,False,1120
13,0.0,True,0.0,0.7218974324071458,0.8797612683394772,1094,0,1094.0,53,3,12,"(2, 41)",0,0.02633889376646181,91.33333333333333,46.333333333333336,full_trust,53,ATTACK,98,"(23, 35)",False,2,False,1120
0,0.0,True,0.0,0.9,0.9,1097,0,1097.0,58,2,13,"(33, 30)",0,0.02019315188762072,82.07692307692308,33.15384615384615,full_trust,58,ATTACK,89,"(28, 35)",False,0,False,1125
19,0.0,True,0.0,0.5973072477928397,0.7450654056593055,1024,76,1024.0,50,1,12,"(33, 8)",0,0.029850746268656716,86.0,38.583333333333336,full_trust,50,ATTACK,156,"(25, 44)",False,1,False,1125
12,0.0,True,0.0,0.7607397313809571,0.9014621932894115,1099,0,1099.0,54,3,12,"(2, 41)",0,0.02633889376646181,91.33333333333333,46.333333333333336,full_trust,54,ATTACK,99,"(21, 38)",False,2,False,1125
0,0.0,True,0.0,0.9,0.9,1102,0,1102.0,58,2,13,"(33, 30)",0,0.02019315188762072,82.07692307692308,33.15384615384615,full_trust,58,ATTACK,89,"(31, 33)",False,0,False,1130
16,0.0,True,0.0,0.5973072477928397,0.7450654056593055,1024,81,1024.0,50,1,12,"(33, 8)",0,0.028094820017559263,86.0,38.583333333333336,full_trust,50,ATTACK,161,"(25, 44)",False,1,False,1130
7,0.0,True,0.0,0.6129668542134962,0.6129668542134962,1104,0,1104.0,54,3,12,"(2, 41)",0,0.02370500438981563,91.33333333333333,46.333333333333336,full_trust,54,ATTACK,99,"(18, 40)",False,2,False,1130
0,0.0,True,0.0,0.9,0.9,1107,0,1107.0,58,2,13,"(33, 30)",0,0.019315188762071993,82.07692307692308,33.15384615384615,full_trust,58,ATTACK,89,"(33, 30)",False,0,False,1135
15,0.0,True,0.0,0.5973072477928397,0.7450654056593055,1024,86,1024.0,50,1,12,"(33, 8)",0,0.025460930640913083,86.0,38.583333333333336,full_trust,50,ATTACK,166,"(25, 44)",False,1,False,1135
6,0.0,False,0.0,0.46866578858506097,0.46866578858506097,1109,0,1109.0,55,3,12,"(2, 41)",0,0.021949078138718173,91.33333333333333,46.333333333333336,full_trust,55,ATTACK,100,"(13, 40)",False,2,False,1135
0,0.0,True,0.0,0.9,0.9,1111,0,1111.0,59,2,14,"(2, 41)",0,0.018502202643171806,81.14285714285714,34.285714285714285,full_trust,59,ATTACK,90,"(31, 32)",False,0,False,1140
15,0.0,True,0.0,0.5973072477928397,0.7450654056593055,1024,91,1024.0,50,1,12,"(33, 8)",0,0.0264783759929391,86.0,38.583333333333336,full_trust,50,ATTACK,171,"(25, 44)",False,1,False,1140
6,0.0,False,0.0,0.46866578858506097,0.46866578858506097,1114,0,1114.0,55,3,12,"(2, 41)",0,0.02206531332744925,91.33333333333333,46.333333333333336,full_trust,55,ATTACK,100,"(9, 41)",False,2,False,1140
0,0.0,True,0.0,0.9,0.9,1116,0,1116.0,59,2,14,"(2, 41)",0,0.018502202643171806,81.14285714285714,34.285714285714285,full_trust,59,ATTACK,90,"(29, 35)",False,0,False,1145
15,0.0,True,0.0,0.5973072477928397,0.7450654056593055,1024,96,1024.0,50,1,12,"(33, 8)",0,0.02559576345984113,86.0,38.583333333333336,full_trust,50,ATTACK,176,"(25, 44)",False,1,False,1145
6,0.0,False,0.0,0.46866578858506097,0.46866578858506097,1119,0,1119.0,55,3,12,"(2, 41)",0,0.02206531332744925,91.33333333333333,46.333333333333336,full_trust,55,ATTACK,100,"(4, 41)",False,2,False,1145
0,0.0,True,0.0,0.9,0.9,1121,0,1121.0,60,2,14,"(2, 41)",0,0.019383259911894272,81.14285714285714,34.285714285714285,full_trust,60,ATTACK,91,"(25, 36)",False,0,False,1150
15,0.0,True,0.0,0.5973072477928397,0.7450654056593055,1024,101,1024.0,50,1,12,"(33, 8)",0,0.02294792586054722,86.0,38.583333333333336,full_trust,50,ATTACK,181,"(25, 44)",False,1,False,1150
6,0.0,False,0.0,0.46866578858506097,0.46866578858506097,1123,0,1123.0,56,3,12,"(33, 8)",0,0.02030008826125331,91.33333333333333,46.333333333333336,full_trust,56,ATTACK,102,"(4, 41)",False,2,False,1150
0,0.0,True,0.0,0.9,0.9,1126,0,1126.0,60,2,14,"(2, 41)",0,0.02026431718061674,81.14285714285714,34.285714285714285,full_trust,60,ATTACK,91,"(22, 38)",False,0,False,1155
20,0.0,True,0.0,0.5973072477928397,0.7450654056593055,1024,106,1024.0,50,1,12,"(33, 8)",0,0.02294792586054722,86.0,38.583333333333336,full_trust,50,ATTACK,186,"(25, 44)",False,1,False,1155
11,0.0,False,0.0,0.46866578858506097,0.46866578858506097,1128,0,1128.0,56,3,12,"(33, 8)",0,0.02030008826125331,91.33333333333333,46.333333333333336,full_trust,56,ATTACK,102,"(9, 41)",False,2,False,1155
0,0.0,True,0.0,0.9,0.9,1131,0,1131.0,60,2,14,"(2, 41)",0,0.02072072072072072,81.14285714285714,34.285714285714285,full_trust,60,ATTACK,91,"(20, 41)",False,0,False,1160
17,0.0,True,0.0,0.5973072477928397,0.7450654056593055,1024,111,1024.0,50,1,12,"(33, 8)",0,0.01981981981981982,86.0,38.583333333333336,full_trust,50,ATTACK,191,"(25, 44)",False,1,False,1160
10,0.0,True,0.0,0.4711490989967575,0.5024289797350174,1133,0,1133.0,56,3,12,"(33, 8)",0,0.01981981981981982,91.33333333333333,46.333333333333336,full_trust,56,ATTACK,102,"(12, 39)",False,2,False,1160
0,0.0,True,0.0,0.9,0.9,1136,0,1136.0,60,2,14,"(2, 41)",0,0.02072072072072072,81.14285714285714,34.285714285714285,full_trust,60,ATTACK,91,"(15, 41)",False,0,False,1165
14,0.0,True,0.0,0.5973072477928397,0.7450654056593055,1024,116,1024.0,50,1,12,"(33, 8)",0,0.017117117117117116,86.0,38.583333333333336,full_trust,50,ATTACK,196,"(25, 44)",False,1,False,1165
9,0.0,True,0.0,0.49107764358958333,0.5964413475686383,1138,0,1138.0,56,3,12,"(33, 8)",0,0.01891891891891892,91.33333333333333,46.333333333333336,full_trust,56,ATTACK,102,"(17, 39)",False,2,False,1165
0,0.0,True,0.0,0.9,0.9,1141,0,1141.0,60,2,14,"(2, 41)",0,0.02072072072072072,81.14285714285714,34.285714285714285,full_trust,60,ATTACK,91,"(10, 41)",False,0,False,1170
11,0.0,True,0.0,0.5973072477928397,0.7450654056593055,1024,121,1024.0,50,1,12,"(33, 8)",0,0.017117117117117116,86.0,38.583333333333336,full_trust,50,ATTACK,201,"(25, 44)",False,1,False,1170
9,0.0,True,0.0,0.5263052123803913,0.6728813965098303,1143,0,1143.0,56,3,12,"(33, 8)",0,0.01891891891891892,91.33333333333333,46.333333333333336,full_trust,56,ATTACK,102,"(22, 39)",False,2,False,1170
0,0.0,True,0.0,0.9,0.9,1146,0,1146.0,60,2,14,"(2, 41)",0,0.02072072072072072,81.14285714285714,34.285714285714285,full_trust,60,ATTACK,92,"(5, 41)",False,0,False,1175
7,0.0,True,0.0,0.5973072477928397,0.7450654056593055,1024,126,1024.0,50,1,12,"(33, 8)",0,0.017117117117117116,86.0,38.583333333333336,full_trust,50,ATTACK,206,"(25, 44)",False,1,False,1175
6,0.0,True,0.0,0.5663979775699742,0.7210991731861193,1148,0,1148.0,56,3,12,"(33, 8)",0,0.01891891891891892,91.33333333333333,46.333333333333336,full_trust,56,ATTACK,103,"(24, 36)",False,2,False,1175
0,0.0,True,0.0,0.9,0.9,1150,0,1150.0,61,2,14,"(21, 17)",0,0.021660649819494584,81.14285714285714,34.285714285714285,full_trust,61,ATTACK,93,"(3, 41)",False,0,False,1180
7,0.0,True,0.0,0.5973072477928397,0.7450654056593055,1024,131,1024.0,50,1,12,"(33, 8)",0,0.017148014440433214,86.0,38.583333333333336,full_trust,50,ATTACK,211,"(25, 44)",False,1,False,1180
6,0.0,True,0.0,0.6068088084500266,0.7591058802189473,1153,0,1153.0,56,3,12,"(33, 8)",0,0.01895306859205776,91.33333333333333,46.333333333333336,full_trust,56,ATTACK,103,"(24, 31)",False,2,False,1180
0,0.0,True,0.0,0.9,0.9,1155,0,1155.0,61,2,14,"(21, 17)",0,0.021660649819494584,81.14285714285714,34.285714285714285,full_trust,61,ATTACK,93,"(8, 41)",False,0,False,1185
7,0.0,True,0.0,0.5973072477928397,0.7450654056593055,1024,136,1024.0,50,1,12,"(33, 8)",0,0.017148014440433214,86.0,38.583333333333336,full_trust,50,ATTACK,216,"(25, 44)",False,1,False,1185
6,0.0,True,0.0,0.6460962335726955,0.7925527710228414,1158,0,1158.0,56,3,12,"(33, 8)",0,0.01895306859205776,91.33333333333333,46.333333333333336,full_trust,56,ATTACK,103,"(25, 27)",False,2,False,1185
0,0.0,True,0.0,0.9,0.9,1160,0,1160.0,61,2,14,"(21, 17)",0,0.021660649819494584,81.14285714285714,34.285714285714285,full_trust,61,ATTACK,93,"(12, 40)",False,0,False,1190
7,0.0,True,0.0,0.5973072477928397,0.7450654056593055,1024,141,1024.0,50,1,12,"(33, 8)",0,0.017148014440433214,86.0,38.583333333333336,full_trust,50,ATTACK,221,"(25, 44)",False,1,False,1190
6,0.0,True,0.0,0.6829453886959693,0.8184746175128518,1163,0,1163.0,56,3,12,"(33, 8)",0,0.01895306859205776,91.33333333333333,46.333333333333336,full_trust,56,ATTACK,103,"(26, 23)",False,2,False,1190
0,0.0,True,0.0,0.9,0.9,1165,0,1165.0,61,2,14,"(21, 17)",0,0.021505376344086023,81.14285714285714,34.285714285714285,full_trust,61,ATTACK,93,"(14, 37)",False,0,False,1195
10,0.0,True,0.0,0.5973072477928397,0.7450654056593055,1024,146,1024.0,50,1,12,"(33, 8)",0,0.019695613249776187,86.0,38.583333333333336,full_trust,50,ATTACK,226,"(25, 44)",False,1,False,1195
10,0.0,True,0.0,0.7168249786338408,0.8410325342837027,1168,0,1168.0,56,3,12,"(33, 8)",0,0.022381378692927483,91.33333333333333,46.333333333333336,full_trust,56,ATTACK,103,"(26, 18)",False,2,False,1195
0,0.0,True,0.0,0.9,0.9,1170,0,1170.0,61,2,14,"(21, 17)",0,0.05429864253393665,81.14285714285714,34.285714285714285,full_trust,61,ATTACK,94,"(17, 35)",False,0,False,1200
10,0.0,True,0.0,0.5973072477928397,0.7450654056593055,1025,150,1025.0,51,1,12,"(33, 8)",0,0.057813911472448055,86.0,38.583333333333336,full_trust,51,ATTACK,231,"(25, 43)",False,1,False,1200
10,0.0,True,0.0,0.7416851259598717,0.8561440951944361,1173,0,1173.0,56,3,12,"(33, 8)",0,0.06238698010849909,91.33333333333333,46.333333333333336,full_trust,56,ATTACK,104,"(26, 13)",False,2,False,1200
0,0.0,True,0.0,0.9,0.9,1175,0,1175.0,61,2,14,"(21, 17)",0,0.05211141060197664,81.14285714285714,34.285714285714285,full_trust,61,ATTACK,94,"(17, 30)",False,0,False,1205
7,0.0,True,0.0,0.6051134116381038,0.7534305246981217,1030,150,1030.0,51,1,12,"(33, 8)",0,0.053811659192825115,86.0,38.583333333333336,full_trust,51,ATTACK,231,"(27, 40)",False,1,False,1205
7,0.0,True,0.0,0.7416851259598717,0.8561440951944361,1178,0,1178.0,56,3,12,"(33, 8)",0,0.05834829443447038,91.33333333333333,46.333333333333336,full_trust,56,ATTACK,104,"(29, 11)",False,2,False,1205
0,0.0,True,0.0,0.9,0.9,1180,0,1180.0,61,2,14,"(21, 17)",0,0.05026929982046679,81.14285714285714,34.285714285714285,full_trust,61,ATTACK,94,"(17, 25)",False,0,False,1210
6,0.0,True,0.0,0.6051134116381038,0.7534305246981217,1035,150,1035.0,51,1,12,"(33, 8)",0,0.04838709677419355,86.0,38.583333333333336,full_trust,51,ATTACK,231,"(28, 36)",False,1,False,1210
6,0.0,True,0.0,0.7416851259598717,0.8561440951944361,1183,0,1183.0,56,3,12,"(33, 8)",0,0.05560538116591928,91.33333333333333,46.333333333333336,full_trust,56,ATTACK,104,"(31, 8)",False,2,False,1210
0,0.0,True,0.0,0.9,0.9,1185,0,1185.0,61,2,14,"(21, 17)",0,0.04937163375224417,81.14285714285714,34.285714285714285,full_trust,61,ATTACK,94,"(18, 21)",False,0,False,1215
6,0.0,True,0.0,0.6051134116381038,0.7534305246981217,1040,150,1040.0,51,1,12,"(33, 8)",0,0.036738351254480286,86.0,38.583333333333336,full_trust,51,ATTACK,231,"(28, 31)",False,1,False,1215
6,0.0,True,0.0,0.7416851259598717,0.8561440951944361,1187,0,1187.0,57,3,13,"(13, 50)",0,0.0484304932735426,93.3076923076923,47.76923076923077,full_trust,57,ATTACK,105,"(31, 8)",False,2,False,1215
0,0.0,True,0.0,0.9,0.9,1190,0,1190.0,61,2,14,"(21, 17)",0,0.04488330341113106,81.14285714285714,34.285714285714285,full_trust,61,ATTACK,94,"(19, 17)",False,0,False,1220
6,0.0,True,0.0,0.6051134116381038,0.7534305246981217,1045,150,1045.0,51,1,12,"(33, 8)",0,0.03136200716845878,86.0,38.583333333333336,full_trust,51,ATTACK,231,"(28, 26)",False,1,False,1220
6,0.0,True,0.0,0.7416851259598717,0.8561440951944361,1192,0,1192.0,59,3,13,"(13, 50)",0,0.051121076233183856,93.3076923076923,47.76923076923077,full_trust,59,ATTACK,107,"(27, 9)",False,2,False,1220
0,0.0,True,0.0,0.9,0.9,1194,0,1194.0,62,2,15,"(33, 50)",0,0.0421903052064632,81.53333333333333,34.93333333333333,full_trust,62,ATTACK,96,"(23, 17)",False,0,False,1225
6,0.0,True,0.0,0.6051134116381038,0.7534305246981217,1050,150,1050.0,51,1,12,"(33, 8)",0,0.03046594982078853,86.0,38.583333333333336,full_trust,51,ATTACK,232,"(28, 21)",False,1,False,1225
6,0.0,True,0.0,0.7476663036095145,0.8613086789527271,1197,0,1197.0,59,3,13,"(13, 50)",0,0.051121076233183856,93.3076923076923,47.76923076923077,full_trust,59,ATTACK,108,"(27, 14)",False,2,False,1225
0,0.0,True,0.0,0.9,0.9,1198,0,1198.0,62,3,15,"(33, 50)",0,0.04039497307001795,81.53333333333333,34.93333333333333,full_trust,62,ATTACK,96,"(27, 17)",False,0,False,1230
6,0.0,True,0.0,0.6454541643527645,0.8026297414112932,1055,150,1055.0,51,1,12,"(33, 8)",0,0.03046594982078853,86.0,38.583333333333336,full_trust,51,ATTACK,232,"(28, 16)",False,1,False,1230
6,0.0,True,0.0,0.7776256878861005,0.8911792812350998,1202,0,1202.0,59,3,13,"(13, 50)",0,0.04932735426008968,93.3076923076923,47.76923076923077,full_trust,59,ATTACK,108,"(27, 15)",False,2,False,1230
0,0.0,True,0.0,0.9,0.9,1203,0,1203.0,62,3,15,"(33, 50)",0,0.03949730700179533,81.53333333333333,34.93333333333333,full_trust,62,ATTACK,96,"(27, 22)",False,0,False,1235
10,0.0,True,0.0,0.6867083233151787,0.8428569324697154,1060,150,1060.0,51,1,12,"(33, 8)",0,0.03046594982078853,86.0,38.583333333333336,full_trust,51,ATTACK,232,"(28, 11)",False,1,False,1235
10,0.0,True,0.0,0.8011233642199616,0.9109855877760217,1207,0,1207.0,61,3,13,"(13, 50)",0,0.04753363228699552,93.3076923076923,47.76923076923077,full_trust,61,ATTACK,110,"(25, 18)",False,2,False,1235
0,0.0,True,0.0,0.9,0.9,1208,0,1208.0,62,3,15,"(33, 50)",0,0.03773584905660377,81.53333333333333,34.93333333333333,full_trust,62,ATTACK,96,"(27, 27)",False,0,False,1240
8,0.0,True,0.0,0.6947760954241264,0.8480637654941341,1065,150,1065.0,51,1,12,"(33, 8)",0,0.029596412556053813,86.0,38.583333333333336,full_trust,51,ATTACK,232,"(30, 8)",False,1,False,1240
8,0.0,True,0.0,0.8287856321277755,0.9304127361414372,1212,0,1212.0,61,3,13,"(13, 50)",0,0.04308797127468582,93.3076923076923,47.76923076923077,full_trust,61,ATTACK,110,"(25, 23)",False,2,False,1240
0,0.0,True,0.0,0.9,0.9,1213,0,1213.0,62,3,15,"(33, 50)",0,0.025157232704402517,81.53333333333333,34.93333333333333,full_trust,62,ATTACK,96,"(27, 32)",False,0,False,1245
6,0.0,True,0.0,0.6947760954241264,0.8480637654941341,1069,150,1069.0,52,1,13,"(33, 50)",0,0.026905829596412557,95.6923076923077,50.76923076923077,full_trust,52,ATTACK,233,"(33, 9)",False,1,False,1245
6,0.0,True,0.0,0.8536327110856694,0.9431137803577191,1217,0,1217.0,62,3,13,"(13, 50)",0,0.03321364452423698,93.3076923076923,47.76923076923077,full_trust,62,ATTACK,111,"(23, 26)",False,2,False,1245
0,0.0,True,0.0,0.9,0.9,1218,0,1218.0,63,3,15,"(33, 50)",0,0.02425876010781671,81.53333333333333,34.93333333333333,full_trust,63,ATTACK,97,"(28, 36)",False,0,False,1250
6,0.0,True,0.0,0.6947760954241264,0.8480637654941341,1074,150,1074.0,52,1,13,"(33, 50)",0,0.026905829596412557,95.6923076923077,50.76923076923077,full_trust,52,ATTACK,234,"(31, 12)",False,1,False,1250
6,0.0,True,0.0,0.8751162613094495,0.95150171665391,1222,0,1222.0,63,3,13,"(13, 50)",0,0.03141831238779174,93.3076923076923,47.76923076923077,full_trust,63,ATTACK,112,"(20, 28)",False,2,False,1250
0,0.0,True,0.0,0.9,0.9,1223,0,1223.0,63,3,15,"(33, 50)",0,0.02425876010781671,81.53333333333333,34.93333333333333,full_trust,63,ATTACK,97,"(29, 40)",False,0,False,1255
6,0.0,True,0.0,0.717973383349495,0.8619636771052143,1079,150,1079.0,52,1,13,"(33, 50)",0,0.026905829596412557,95.6923076923077,50.76923076923077,full_trust,52,ATTACK,234,"(29, 15)",False,1,False,1255
6,0.0,True,0.0,0.8933449527088131,0.9580959672679791,1227,0,1227.0,63,3,13,"(13, 50)",0,0.03052064631956912,93.3076923076923,47.76923076923077,full_trust,63,ATTACK,112,"(18, 31)",False,2,False,1255
0,0.0,True,0.0,0.9,0.9,1228,0,1228.0,63,3,15,"(33, 50)",0,0.022461814914645103,81.53333333333333,34.93333333333333,full_trust,63,ATTACK,97,"(29, 45)",False,0,False,1260
6,0.0,True,0.0,0.7536256433333597,0.8833872885850789,1084,150,1084.0,52,1,13,"(33, 50)",0,0.025112107623318385,95.6923076923077,50.76923076923077,full_trust,52,ATTACK,234,"(29, 20)",False,1,False,1260
6,0.0,True,0.0,0.908792620119216,0.9636579991558104,1232,0,1232.0,63,3,13,"(13, 50)",0,0.026929982046678635,93.3076923076923,47.76923076923077,full_trust,63,ATTACK,112,"(18, 36)",False,2,False,1260
0,0.0,True,0.0,0.9,0.9,1233,0,1233.0,63,3,15,"(33, 50)",0,0.0215633423180593,81.53333333333333,34.93333333333333,full_trust,63,ATTACK,97,"(30, 49)",False,0,False,1265
6,0.0,True,0.0,0.7855129481243734,0.9012055760423662,1089,150,1089.0,52,1,13,"(33, 50)",0,0.023318385650224215,95.6923076923077,50.76923076923077,full_trust,52,ATTACK,234,"(29, 25)",False,1,False,1265
6,0.0,True,0.0,0.9218623859225422,0.9683356501187937,1237,0,1237.0,63,3,13,"(13, 50)",0,0.025134649910233394,93.3076923076923,47.76923076923077,full_trust,63,ATTACK,112,"(17, 40)",False,2,False,1265
0,0.0,True,0.0,0.9,0.9,1237,0,1237.0,64,3,15,"(13, 50)",0,0.0215633423180593,81.53333333333333,34.93333333333333,full_trust,64,ATTACK,98,"(33, 50)",False,0,False,1270
6,0.0,True,0.0,0.8139438054810015,0.91695280015295,1094,150,1094.0,52,1,13,"(33, 50)",0,0.023318385650224215,95.6923076923077,50.76923076923077,full_trust,52,ATTACK,234,"(29, 30)",False,1,False,1270
6,0.0,True,0.0,0.9242219469488737,0.9690536064491729,1242,0,1242.0,63,3,13,"(13, 50)",0,0.025134649910233394,93.3076923076923,47.76923076923077,full_trust,63,ATTACK,112,"(13, 41)",False,2,False,1270
0,0.0,True,0.0,0.9,0.9,1242,0,1242.0,64,3,15,"(13, 50)",0,0.02062780269058296,81.53333333333333,34.93333333333333,full_trust,64,ATTACK,99,"(28, 50)",False,0,False,1275
40,0.0,True,0.0,0.8390595855701205,0.9295439360000585,1099,150,1099.0,52,1,13,"(33, 50)",0,0.05371530886302596,95.6923076923077,50.76923076923077,full_trust,52,ATTACK,235,"(29, 35)",False,1,False,1275
40,0.0,True,0.0,0.9242219469488737,0.9690536064491729,1247,0,1247.0,63,3,13,"(13, 50)",0,0.05465949820788531,93.3076923076923,47.76923076923077,full_trust,63,ATTACK,113,"(13, 46)",False,2,False,1275
0,0.0,True,0.0,0.9,0.9,1247,0,1247.0,64,3,15,"(13, 50)",0,0.018535681186283594,81.53333333333333,34.93333333333333,full_trust,64,ATTACK,99,"(24, 49)",False,0,False,1280
40,0.0,True,0.0,0.8610404844209951,0.9402756251681413,1104,150,1104.0,52,1,13,"(33, 50)",0,0.05161290322580645,95.6923076923077,50.76923076923077,full_trust,52,ATTACK,235,"(29, 40)",False,1,False,1280
40,0.0,True,0.0,0.9242219469488737,0.9690536064491729,1251,0,1251.0,64,3,13,"(15, 2)",0,0.05355493998153278,93.3076923076923,47.76923076923077,full_trust,64,ATTACK,114,"(13, 50)",False,2,False,1280
0,0.0,True,0.0,0.9,0.9,1252,0,1252.0,64,3,15,"(13, 50)",0,0.017608897126969416,81.53333333333333,34.93333333333333,full_trust,64,ATTACK,99,"(19, 49)",False,0,False,1285
39,0.0,True,0.0,0.8802605559227622,0.9491785150377402,1109,150,1109.0,52,1,13,"(33, 50)",0,0.04976958525345622,95.6923076923077,50.76923076923077,full_trust,52,ATTACK,235,"(32, 42)",False,1,False,1285
39,0.0,True,0.0,0.9308926837382677,0.9719758459841644,1256,0,1256.0,64,3,13,"(15, 2)",0,0.05170821791320406,93.3076923076923,47.76923076923077,full_trust,64,ATTACK,114,"(13, 45)",False,2,False,1285
0,0.0,True,0.0,0.9,0.9,1257,0,1257.0,64,3,15,"(13, 50)",0,0.017608897126969416,81.53333333333333,34.93333333333333,full_trust,64,ATTACK,99,"(14, 49)",False,0,False,1290
39,0.0,True,0.0,0.8969971237621599,0.957341467907677,1114,150,1114.0,52,1,13,"(33, 50)",0,0.04976958525345622,95.6923076923077,50.76923076923077,full_trust,52,ATTACK,235,"(32, 47)",False,1,False,1290
39,0.0,True,0.0,0.9409354357083054,0.977287123920387,1261,0,1261.0,64,3,13,"(15, 2)",0,0.05170821791320406,93.3076923076923,47.76923076923077,full_trust,64,ATTACK,114,"(14, 41)",False,2,False,1290
0,0.0,True,0.0,0.9,0.9,1261,0,1261.0,65,3,16,"(2, 41)",0,0.016682113067655237,80.8125,34.1875,full_trust,65,ATTACK,100,"(12, 49)",False,0,False,1295
39,0.0,True,0.0,0.9061444671240534,0.9633264977436715,1118,150,1118.0,53,1,13,"(25, 2)",0,0.04884792626728111,95.6923076923077,50.76923076923077,full_trust,53,ATTACK,236,"(33, 50)",False,1,False,1295
39,0.0,True,0.0,0.9463484149454963,0.9795119775451696,1266,0,1266.0,64,3,13,"(15, 2)",0,0.050784856879039705,93.3076923076923,47.76923076923077,full_trust,64,ATTACK,114,"(14, 36)",False,2,False,1295
0,0.0,True,0.0,0.9,0.9,1266,0,1266.0,66,3,16,"(2, 41)",0,0.01431297709923664,80.8125,34.1875,full_trust,66,ATTACK,101,"(11, 45)",False,0,False,1300
39,0.0,True,0.0,0.9173076009663349,0.9681251574825541,1123,150,1123.0,53,1,13,"(25, 2)",0,0.04843304843304843,95.6923076923077,50.76923076923077,full_trust,53,ATTACK,237,"(30, 48)",False,1,False,1300
39,17.05896730023234,True,17.05896730023234,0.9541593435133285,0.9816807559917214,1271,0,1271.0,64,3,13,"(15, 2)",39,0.050332383665717,93.3076923076923,47.76923076923077,full_trust,64,ATTACK,115,"(14, 31)",True,2,True,1300
0,0.0,True,0.0,0.9,0.9,1271,0,1271.0,66,3,16,"(2, 41)",0,0.009505703422053232,80.8125,34.1875,full_trust,66,ATTACK,101,"(8, 43)",False,0,False,1305
39,0.0,True,0.0,0.9199138827214486,0.9694332360686092,1128,150,1128.0,53,1,13,"(25, 2)",0,0.045454545454545456,95.6923076923077,50.76923076923077,full_trust,53,ATTACK,237,"(30, 43)",False,1,False,1305
38,16.98956954198954,True,16.98956954198954,0.9594601400739108,0.9833376333477042,1276,0,1276.0,64,3,13,"(15, 2)",38,0.045454545454545456,93.3076923076923,47.76923076923077,full_trust,64,ATTACK,115,"(14, 26)",True,2,True,1305
0,0.0,True,0.0,0.9,0.9,1276,0,1276.0,66,3,16,"(2, 41)",0,0.009505703422053232,80.8125,34.1875,full_trust,66,ATTACK,101,"(5, 41)",False,0,False,1310
54,0.0,True,0.0,0.9199138827214486,0.9694332360686092,1133,150,1133.0,53,1,13,"(25, 2)",0,0.05965909090909091,95.6923076923077,50.76923076923077,full_trust,53,ATTACK,237,"(29, 39)",False,1,False,1310
53,14.58814644514851,True,14.58814644514851,0.9651433020749867,0.9853209478238418,1281,0,1281.0,64,3,13,"(15, 2)",53,0.045454545454545456,93.3076923076923,47.76923076923077,full_trust,64,ATTACK,115,"(14, 21)",True,2,True,1310
0,0.0,True,0.0,0.9,0.9,1280,0,1280.0,67,3,16,"(2, 50)",0,0.009505703422053232,80.8125,34.1875,full_trust,67,ATTACK,102,"(3, 41)",False,0,False,1315
54,0.0,True,0.0,0.9271767474010403,0.9714823823722983,1138,150,1138.0,53,1,13,"(25, 2)",0,0.05776515151515151,95.6923076923077,50.76923076923077,full_trust,53,ATTACK,237,"(28, 35)",False,1,False,1315
38,6.0,True,6.0,0.5503533658669667,0.5503533658669667,1286,0,1286.0,64,3,13,"(15, 2)",38,0.03125,93.3076923076923,47.76923076923077,full_trust,64,ATTACK,116,"(14, 16)",True,2,True,1315
0,0.0,True,0.0,0.9,0.9,1285,0,1285.0,67,3,16,"(2, 50)",0,0.007714561234329798,80.8125,34.1875,full_trust,67,ATTACK,102,"(3, 46)",False,0,False,1320
54,0.0,True,0.0,0.9376753277815216,0.9748402338714035,1143,150,1143.0,53,1,13,"(25, 2)",0,0.048216007714561235,95.6923076923077,50.76923076923077,full_trust,53,ATTACK,237,"(28, 30)",False,1,False,1320
21,0.0,False,0.0,0.1801150685511527,0.1801150685511527,1291,0,1291.0,65,3,13,"(15, 2)",0,0.01446480231436837,93.3076923076923,47.76923076923077,full_trust,65,ATTACK,117,"(14, 11)",False,2,False,1320
0,0.0,True,0.0,0.9,0.9,1290,0,1290.0,67,3,16,"(2, 50)",0,0.007684918347742555,80.8125,34.1875,full_trust,67,ATTACK,103,"(2, 50)",False,0,False,1325
54,0.0,True,0.0,0.9395613752918883,0.9753962779888554,1148,150,1148.0,53,1,13,"(25, 2)",0,0.05571565802113353,95.6923076923077,50.76923076923077,full_trust,53,ATTACK,238,"(28, 25)",False,1,False,1325
20,0.0,False,0.0,0.14409205484092216,0.14409205484092216,1296,0,1296.0,66,3,13,"(15, 2)",0,0.013448607108549471,93.3076923076923,47.76923076923077,full_trust,66,ATTACK,118,"(13, 7)",False,2,False,1325
0,0.0,True,0.0,0.9,0.9,1294,0,1294.0,68,3,17,"(33, 8)",0,0.007684918347742555,78.0,32.88235294117647,full_trust,68,ATTACK,104,"(4, 48)",False,0,False,1330
54,0.0,True,0.0,0.9448547870399208,0.9773520292958827,1153,150,1153.0,53,1,13,"(25, 2)",0,0.05859750240153699,95.6923076923077,50.76923076923077,full_trust,53,ATTACK,238,"(28, 20)",False,1,False,1330
20,0.0,False,0.0,0.14409205484092216,0.14409205484092216,1301,0,1301.0,66,3,13,"(15, 2)",0,0.013448607108549471,93.3076923076923,47.76923076923077,full_trust,66,ATTACK,118,"(15, 4)",False,2,False,1330
0,0.0,True,0.0,0.9,0.9,1299,0,1299.0,68,3,17,"(33, 8)",0,0.007684918347742555,78.0,32.88235294117647,full_trust,68,ATTACK,104,"(7, 46)",False,0,False,1335
54,0.0,True,0.0,0.9480961069393155,0.9783254152233503,1158,150,1158.0,53,1,13,"(25, 2)",0,0.05859750240153699,95.6923076923077,50.76923076923077,full_trust,53,ATTACK,238,"(28, 15)",False,1,False,1335
20,0.0,False,0.0,0.14409205484092216,0.14409205484092216,1305,0,1305.0,67,3,14,"(2, 41)",0,0.013448607108549471,95.21428571428571,48.142857142857146,full_trust,67,ATTACK,119,"(15, 4)",False,2,False,1335
0,0.0,True,0.0,0.9,0.9,1304,0,1304.0,68,3,17,"(33, 8)",0,0.007858546168958742,78.0,32.88235294117647,full_trust,68,ATTACK,104,"(7, 41)",False,0,False,1340
54,0.0,True,0.0,0.9480961069393155,0.9783254152233503,1163,150,1163.0,53,1,13,"(25, 2)",0,0.0547945205479452,95.6923076923077,50.76923076923077,full_trust,53,ATTACK,238,"(28, 10)",False,1,False,1340
19,0.0,False,0.0,0.11695783672152772,0.11695783672152772,1310,0,1310.0,67,3,14,"(2, 41)",0,0.014677103718199608,95.21428571428571,48.142857142857146,full_trust,67,ATTACK,119,"(15, 9)",False,2,False,1340
0,0.0,True,0.0,0.9,0.9,1309,0,1309.0,68,3,17,"(33, 8)",0,0.007744433688286544,78.0,32.88235294117647,full_trust,68,ATTACK,104,"(8, 37)",False,0,False,1345
51,0.0,True,0.0,0.9480961069393155,0.9783254152233503,1168,150,1168.0,53,1,13,"(25, 2)",0,0.035783365570599614,95.6923076923077,50.76923076923077,full_trust,53,ATTACK,238,"(28, 5)",False,1,False,1345
16,0.0,False,0.0,0.11695783672152772,0.11695783672152772,1315,0,1315.0,67,3,14,"(2, 41)",0,0.0183752417794971,95.21428571428571,48.142857142857146,full_trust,67,ATTACK,119,"(15, 14)",False,2,False,1345
0,0.0,True,0.0,0.9,0.9,1314,0,1314.0,69,3,17,"(33, 8)",0,0.06417624521072797,78.0,32.88235294117647,full_trust,69,ATTACK,105,"(12, 36)",False,0,False,1350
65,0.0,True,0.0,0.9480961069393155,0.9783254152233503,1173,150,1173.0,53,1,13,"(25, 2)",0,0.09578544061302682,95.6923076923077,50.76923076923077,full_trust,53,ATTACK,239,"(25, 3)",False,1,False,1350
30,0.0,False,0.0,0.11695783672152772,0.11695783672152772,1320,0,1320.0,67,3,14,"(2, 41)",0,0.06704980842911877,95.21428571428571,48.142857142857146,full_trust,67,ATTACK,120,"(15, 19)",False,2,False,1350
0,0.0,True,0.0,0.9,0.9,1319,0,1319.0,69,3,17,"(33, 8)",0,0.06226053639846743,78.0,32.88235294117647,full_trust,69,ATTACK,105,"(14, 33)",False,0,False,1355
65,0.0,True,0.0,0.9480961069393155,0.9783254152233503,1177,150,1177.0,54,1,14,"(2, 41)",0,0.09386973180076628,96.57142857142857,51.214285714285715,full_trust,54,ATTACK,240,"(25, 5)",False,1,False,1355
30,0.0,False,0.0,0.11695783672152772,0.11695783672152772,1325,0,1325.0,67,3,14,"(2, 41)",0,0.06513409961685823,95.21428571428571,48.142857142857146,full_trust,67,ATTACK,120,"(15, 24)",False,2,False,1355
0,0.0,True,0.0,0.9,0.9,1324,0,1324.0,69,3,17,"(33, 8)",0,0.06147934678194044,78.0,32.88235294117647,full_trust,69,ATTACK,105,"(19, 33)",False,0,False,1360
64,0.0,True,0.0,0.9480961069393155,0.9783254152233503,1182,150,1182.0,54,1,14,"(2, 41)",0,0.09012464046021093,96.57142857142857,51.214285714285715,full_trust,54,ATTACK,240,"(27, 8)",False,1,False,1360
29,0.0,False,0.0,0.1317123465537464,0.2424822215585326,1330,0,1330.0,67,3,14,"(2, 41)",0,0.06327900287631831,95.21428571428571,48.142857142857146,full_trust,67,ATTACK,120,"(14, 28)",False,2,False,1360
0,0.0,True,0.0,0.9,0.9,1329,0,1329.0,69,3,17,"(33, 8)",0,0.05470249520153551,78.0,32.88235294117647,full_trust,69,ATTACK,105,"(24, 33)",False,0,False,1365
62,0.0,True,0.0,0.9480961069393155,0.9783254152233503,1187,150,1187.0,54,1,14,"(2, 41)",0,0.08524904214559387,96.57142857142857,51.214285714285715,full_trust,54,ATTACK,240,"(27, 13)",False,1,False,1365
27,0.0,False,0.0,0.1754436227011081,0.36928704583361266,1335,0,1335.0,67,3,14,"(2, 41)",0,0.05555555555555555,95.21428571428571,48.142857142857146,full_trust,67,ATTACK,120,"(13, 32)",False,2,False,1365
0,0.0,True,0.0,0.9,0.9,1334,0,1334.0,69,3,17,"(33, 8)",0,0.0488974113135187,78.0,32.88235294117647,full_trust,69,ATTACK,105,"(27, 31)",False,0,False,1370
62,0.0,True,0.0,0.9480961069393155,0.9783254152233503,1192,150,1192.0,54,1,14,"(2, 41)",0,0.08325358851674641,96.57142857142857,51.214285714285715,full_trust,54,ATTACK,240,"(27, 18)",False,1,False,1370
27,0.0,False,0.0,0.2335178480324822,0.4680405503606815,1340,0,1340.0,67,3,14,"(2, 41)",0,0.049760765550239235,95.21428571428571,48.142857142857146,full_trust,67,ATTACK,120,"(13, 37)",False,2,False,1370
0,0.0,True,0.0,0.9,0.9,1339,0,1339.0,69,3,17,"(33, 8)",0,0.04218600191754554,78.0,32.88235294117647,full_trust,69,ATTACK,106,"(28, 27)",False,0,False,1375
62,2.189342452221865,True,2.189342452221865,0.951148073368547,0.979779407905868,1197,150,1197.0,55,1,14,"(2, 41)",62,0.07655502392344497,96.57142857142857,51.214285714285715,full_trust,55,ATTACK,241,"(27, 23)",True,1,True,1375
24,0.0,True,0.0,0.25883311614763665,0.5001745589909924,1345,0,1345.0,67,3,14,"(2, 41)",0,0.03923444976076555,95.21428571428571,48.142857142857146,full_trust,67,ATTACK,121,"(12, 41)",False,2,False,1375
0,0.0,True,0.0,0.9,0.9,1344,0,1344.0,69,3,17,"(33, 8)",0,0.04122722914669223,78.0,32.88235294117647,full_trust,69,ATTACK,106,"(28, 22)",False,0,False,1380
62,2.189342452221865,True,2.189342452221865,0.9582626993175635,0.9841964273852954,1202,150,1202.0,55,1,14,"(2, 41)",62,0.06794258373205742,96.57142857142857,51.214285714285715,full_trust,55,ATTACK,241,"(27, 28)",True,1,True,1380
24,0.0,True,0.0,0.28481318225002267,0.5336368761181599,1350,0,1350.0,67,3,14,"(2, 41)",0,0.0354066985645933,95.21428571428571,48.142857142857146,full_trust,67,ATTACK,121,"(7, 41)",False,2,False,1380
0,0.0,True,0.0,0.9,0.9,1349,0,1349.0,69,3,17,"(33, 8)",0,0.04122722914669223,78.0,32.88235294117647,full_trust,69,ATTACK,106,"(28, 17)",False,0,False,1385
64,1.5338412894148803,True,1.5338412894148803,0.8989009275221617,0.8989009275221617,1207,150,1207.0,55,1,14,"(2, 41)",64,0.06124401913875598,96.57142857142857,51.214285714285715,full_trust,55,ATTACK,241,"(27, 33)",True,1,True,1385
29,0.0,True,0.0,0.29786740512964227,0.5458976398424147,1355,0,1355.0,67,3,14,"(2, 41)",0,0.04019138755980861,95.21428571428571,48.142857142857146,full_trust,67,ATTACK,121,"(2, 41)",False,2,False,1385
0,0.0,True,0.0,0.9,0.9,1354,0,1354.0,69,3,17,"(33, 8)",0,0.038350910834132314,78.0,32.88235294117647,full_trust,69,ATTACK,106,"(29, 13)",False,0,False,1390
64,1.5338412894148803,True,1.5338412894148803,0.8993832541846843,0.9054146325781905,1212,150,1212.0,56,1,14,"(2, 41)",64,0.05837320574162679,96.57142857142857,51.214285714285715,full_trust,56,ATTACK,242,"(26, 37)",True,1,True,1390
29,0.0,True,0.0,0.29786740512964227,0.5458976398424147,1359,0,1359.0,68,3,14,"(21, 17)",0,0.03827751196172249,95.21428571428571,48.142857142857146,full_trust,68,ATTACK,122,"(6, 41)",False,2,False,1390
0,0.0,True,0.0,0.9,0.9,1359,0,1359.0,69,3,17,"(33, 8)",0,0.031639501438159155,78.0,32.88235294117647,full_trust,69,ATTACK,106,"(30, 9)",False,0,False,1395
63,0.9294580743223904,True,0.9294580743223904,0.9011039430839519,0.9141739409425425,1217,150,1217.0,56,1,14,"(2, 41)",63,0.05645933014354067,96.57142857142857,51.214285714285715,full_trust,56,ATTACK,242,"(24, 40)",True,1,True,1395
29,0.0,True,0.0,0.3111070417971073,0.5626601384789428,1364,0,1364.0,68,3,14,"(21, 17)",0,0.03827751196172249,95.21428571428571,48.142857142857146,full_trust,68,ATTACK,122,"(8, 38)",False,2,False,1395
0,0.0,True,0.0,0.9,0.9,1363,0,1363.0,70,3,17,"(3, 8)",0,0.030710172744721688,78.0,32.88235294117647,full_trust,70,ATTACK,108,"(33, 8)",False,0,False,1400
52,0.0,True,0.0,0.905675557587256,0.925391444018265,1222,150,1222.0,56,1,14,"(2, 41)",0,0.044976076555023926,96.57142857142857,51.214285714285715,full_trust,56,ATTACK,243,"(20, 41)",False,1,False,1400
29,0.0,True,0.0,0.3111070417971073,0.5626601384789428,1369,0,1369.0,68,3,14,"(21, 17)",0,0.02966507177033493,95.21428571428571,48.142857142857146,full_trust,68,ATTACK,123,"(11, 36)",False,2,False,1400
0,0.0,True,0.0,0.9,0.9,1368,0,1368.0,70,3,17,"(3, 8)",0,0.029750479846449136,78.0,32.88235294117647,full_trust,70,ATTACK,108,"(28, 8)",False,0,False,1405
52,0.0,True,0.0,0.9102756279420106,0.9332971794729951,1227,150,1227.0,56,1,14,"(2, 41)",0,0.0430622009569378,96.57142857142857,51.214285714285715,full_trust,56,ATTACK,243,"(15, 41)",False,1,False,1405
29,0.0,True,0.0,0.33730432448243636,0.5855092370236336,1374,0,1374.0,68,3,14,"(21, 17)",0,0.02966507177033493,95.21428571428571,48.142857142857146,full_trust,68,ATTACK,123,"(14, 34)",False,2,False,1405
0,0.0,True,0.0,0.9,0.9,1373,0,1373.0,70,3,17,"(3, 8)",0,0.028763183125599234,78.0,32.88235294117647,full_trust,70,ATTACK,108,"(24, 9)",False,0,False,1410
52,0.0,True,0.0,0.9167035738801134,0.9418456414827766,1232,150,1232.0,56,1,14,"(2, 41)",0,0.04206500956022945,96.57142857142857,51.214285714285715,full_trust,56,ATTACK,243,"(10, 41)",False,1,False,1410
29,0.0,True,0.0,0.4014452628203435,0.6398028778732151,1379,0,1379.0,68,3,14,"(21, 17)",0,0.03154875717017208,95.21428571428571,48.142857142857146,full_trust,68,ATTACK,123,"(14, 29)",False,2,False,1410
0,0.0,True,0.0,0.9,0.9,1378,0,1378.0,70,3,17,"(3, 8)",0,0.027777777777777776,78.0,32.88235294117647,full_trust,70,ATTACK,108,"(19, 9)",False,0,False,1415
38,0.0,True,0.0,0.9221529537654195,0.9480823927672167,1237,150,1237.0,56,1,14,"(2, 41)",0,0.034383954154727794,96.57142857142857,51.214285714285715,full_trust,56,ATTACK,243,"(5, 41)",False,1,False,1415
29,0.0,True,0.0,0.4138075494634488,0.6486909956824493,1384,0,1384.0,68,3,14,"(21, 17)",0,0.03151862464183381,95.21428571428571,48.142857142857146,full_trust,68,ATTACK,123,"(14, 24)",False,2,False,1415
0,0.0,True,0.0,0.9,0.9,1383,0,1383.0,70,3,17,"(3, 8)",0,0.026794258373205742,78.0,32.88235294117647,full_trust,70,ATTACK,108,"(14, 9)",False,0,False,1420
29,0.0,True,0.0,0.9221529537654195,0.9480823927672167,1241,150,1241.0,57,1,14,"(21, 17)",0,0.03231939163498099,96.57142857142857,51.214285714285715,full_trust,57,ATTACK,244,"(3, 41)",False,1,False,1420
34,0.0,True,0.0,0.4138075494634488,0.6486909956824493,1389,0,1389.0,68,3,14,"(21, 17)",0,0.03517110266159696,95.21428571428571,48.142857142857146,full_trust,68,ATTACK,123,"(16, 21)",False,2,False,1420
0,0.0,True,0.0,0.9,0.9,1388,0,1388.0,70,3,17,"(3, 8)",0,0.024832855778414518,78.0,32.88235294117647,full_trust,70,ATTACK,109,"(10, 8)",False,0,False,1425
28,0.0,True,0.0,0.9221529537654195,0.9480823927672167,1246,150,1246.0,57,1,14,"(21, 17)",0,0.030360531309297913,96.57142857142857,51.214285714285715,full_trust,57,ATTACK,245,"(8, 41)",False,1,False,1425
34,0.0,True,0.0,0.4503196462547918,0.6801966671641511,1394,0,1394.0,68,3,14,"(21, 17)",0,0.03510436432637571,95.21428571428571,48.142857142857146,full_trust,68,ATTACK,124,"(17, 17)",False,2,False,1425
0,0.0,True,0.0,0.9,0.9,1393,0,1393.0,70,3,17,"(3, 8)",0,0.024738344433872503,78.0,32.88235294117647,full_trust,70,ATTACK,109,"(5, 8)",False,0,False,1430
28,0.0,True,0.0,0.9221529537654195,0.9480823927672167,1251,150,1251.0,57,1,14,"(21, 17)",0,0.030245746691871456,96.57142857142857,51.214285714285715,full_trust,57,ATTACK,245,"(12, 40)",False,1,False,1430
34,0.0,True,0.0,0.5082683017415153,0.7213136939971965,1398,0,1398.0,69,3,15,"(2, 20)",0,0.03497164461247637,95.33333333333333,47.86666666666667,full_trust,69,ATTACK,125,"(21, 17)",False,2,False,1430
0,0.0,True,0.0,0.9,0.9,1397,0,1397.0,71,3,18,"(2, 20)",0,0.024738344433872503,79.61111111111111,32.888888888888886,full_trust,71,ATTACK,110,"(5, 8)",False,0,False,1435
28,0.0,True,0.0,0.9289009805662002,0.9544057467666929,1256,150,1256.0,57,1,14,"(21, 17)",0,0.031190926275992438,96.57142857142857,51.214285714285715,full_trust,57,ATTACK,245,"(17, 40)",False,1,False,1435
34,0.0,True,0.0,0.5082683017415153,0.7213136939971965,1403,0,1403.0,69,3,15,"(2, 20)",0,0.034026465028355386,95.33333333333333,47.86666666666667,full_trust,69,ATTACK,125,"(16, 17)",False,2,False,1435
0,0.0,True,0.0,0.9,0.9,1402,0,1402.0,71,3,18,"(2, 20)",0,0.024738344433872503,79.61111111111111,32.888888888888886,full_trust,71,ATTACK,110,"(10, 8)",False,0,False,1440
28,0.0,True,0.0,0.9328650550137265,0.9577537328791074,1261,150,1261.0,57,1,14,"(21, 17)",0,0.031190926275992438,96.57142857142857,51.214285714285715,full_trust,57,ATTACK,245,"(22, 40)",False,1,False,1440
34,0.0,True,0.0,0.5082683017415153,0.7213136939971965,1408,0,1408.0,69,3,15,"(2, 20)",0,0.0330812854442344,95.33333333333333,47.86666666666667,full_trust,69,ATTACK,125,"(14, 20)",False,2,False,1440
0,0.0,True,0.0,0.9,0.9,1407,0,1407.0,71,3,18,"(2, 20)",0,0.02432179607109448,79.61111111111111,32.888888888888886,full_trust,71,ATTACK,110,"(13, 10)",False,0,False,1445
28,0.0,True,0.0,0.934161902056716,0.9588019958735162,1266,150,1266.0,57,1,14,"(21, 17)",0,0.03066914498141264,96.57142857142857,51.214285714285715,full_trust,57,ATTACK,245,"(24, 37)",False,1,False,1445
34,0.0,True,0.0,0.5082683017415153,0.7213136939971965,1413,0,1413.0,69,3,15,"(2, 20)",0,0.032527881040892194,95.33333333333333,47.86666666666667,full_trust,69,ATTACK,125,"(9, 20)",False,2,False,1445
0,0.0,True,0.0,0.9,0.9,1412,0,1412.0,71,3,18,"(2, 20)",0,0.02383134738771769,79.61111111111111,32.888888888888886,full_trust,71,ATTACK,111,"(14, 14)",False,0,False,1450
23,0.0,True,0.0,0.9391790548360966,0.962538661891871,1271,150,1271.0,57,1,14,"(21, 17)",0,0.030054644808743168,96.57142857142857,51.214285714285715,full_trust,57,ATTACK,246,"(25, 33)",False,1,False,1450
34,0.0,True,0.0,0.5082683017415153,0.7213136939971965,1418,0,1418.0,69,3,15,"(2, 20)",0,0.031876138433515486,95.33333333333333,47.86666666666667,full_trust,69,ATTACK,126,"(4, 20)",False,2,False,1450
0,0.0,True,0.0,0.9,0.9,1417,0,1417.0,71,3,18,"(2, 20)",0,0.023787740164684355,79.61111111111111,32.888888888888886,full_trust,71,ATTACK,111,"(14, 19)",False,0,False,1455
33,0.0,True,0.0,0.7564625850330748,0.7564625850330748,1276,150,1276.0,57,1,14,"(21, 17)",0,0.03909090909090909,96.57142857142857,51.214285714285715,full_trust,57,ATTACK,246,"(25, 28)",False,1,False,1455
46,7.124085537926732,True,7.124085537926732,0.5082683017415153,0.7213136939971965,1422,0,1422.0,71,3,15,"(25, 2)",46,0.03909090909090909,95.33333333333333,47.86666666666667,full_trust,71,ATTACK,128,"(4, 20)",True,2,True,1455
0,0.0,True,0.0,0.9,0.9,1422,0,1422.0,71,3,18,"(2, 20)",0,0.02389705882352941,79.61111111111111,32.888888888888886,full_trust,71,ATTACK,111,"(10, 20)",False,0,False,1460
32,0.0,True,0.0,0.7605015490011041,0.7855404927584544,1281,150,1281.0,57,1,14,"(21, 17)",0,0.039269406392694065,96.57142857142857,51.214285714285715,full_trust,57,ATTACK,246,"(25, 23)",False,1,False,1460
46,7.124085537926732,True,7.124085537926732,0.541689290997453,0.7538681349034185,1427,0,1427.0,71,3,15,"(25, 2)",46,0.038356164383561646,95.33333333333333,47.86666666666667,full_trust,71,ATTACK,128,"(9, 20)",True,2,True,1460
0,0.0,True,0.0,0.9,0.9,1426,0,1426.0,71,4,18,"(2, 20)",0,0.023809523809523808,79.61111111111111,32.888888888888886,full_trust,71,ATTACK,111,"(6, 20)",False,0,False,1465
32,0.0,True,0.0,0.7702153801077527,0.8136357191425375,1286,150,1286.0,57,1,14,"(21, 17)",0,0.039162112932604735,96.57142857142857,51.214285714285715,full_trust,57,ATTACK,246,"(25, 18)",False,1,False,1465
45,6.835727212914762,True,6.835727212914762,0.5888370441935271,0.7500553229692231,1432,0,1432.0,73,3,15,"(25, 2)",0,0.037340619307832425,95.33333333333333,47.86666666666667,full_trust,73,ATTACK,130,"(10, 20)",False,2,False,1465
0,0.0,True,0.0,0.9,0.9,1430,0,1430.0,72,4,18,"(24, 45)",0,0.023809523809523808,79.61111111111111,32.888888888888886,full_trust,72,ATTACK,112,"(2, 20)",False,0,False,1470
32,0.0,True,0.0,0.7835060381823724,0.8380382436023273,1291,150,1291.0,57,1,14,"(21, 17)",0,0.039162112932604735,96.57142857142857,51.214285714285715,full_trust,57,ATTACK,246,"(21, 17)",False,1,False,1470
45,6.835727212914762,True,6.835727212914762,0.6324898865924908,0.797734538209002,1437,0,1437.0,73,3,15,"(25, 2)",0,0.037340619307832425,95.33333333333333,47.86666666666667,full_trust,73,ATTACK,130,"(14, 19)",False,2,False,1470
0,0.0,True,0.0,0.9,0.9,1435,0,1435.0,72,4,18,"(24, 45)",0,0.023744292237442923,79.61111111111111,32.888888888888886,full_trust,72,ATTACK,113,"(6, 21)",False,0,False,1475
32,0.0,True,0.0,0.7865327100226682,0.8440394749882895,1295,150,1295.0,58,1,15,"(13, 50)",0,0.03905540417801998,98.06666666666666,51.266666666666666,full_trust,58,ATTACK,248,"(25, 17)",False,1,False,1475
45,6.361294452030997,True,6.361294452030997,0.6748055241540051,0.8319886831463981,1442,0,1442.0,73,3,15,"(25, 2)",0,0.03723887375113533,95.33333333333333,47.86666666666667,full_trust,73,ATTACK,131,"(15, 15)",False,2,False,1475
0,0.0,True,0.0,0.9,0.9,1440,0,1440.0,72,4,18,"(24, 45)",0,0.023744292237442923,79.61111111111111,32.888888888888886,full_trust,72,ATTACK,113,"(11, 21)",False,0,False,1480
32,0.0,True,0.0,0.7865327100226682,0.8440394749882895,1300,150,1300.0,58,1,15,"(13, 50)",0,0.03905540417801998,98.06666666666666,51.266666666666666,full_trust,58,ATTACK,248,"(25, 22)",False,1,False,1480
45,6.361294452030997,True,6.361294452030997,0.7137810049728219,0.855100579990068,1447,0,1447.0,73,3,15,"(25, 2)",0,0.03723887375113533,95.33333333333333,47.86666666666667,full_trust,73,ATTACK,131,"(18, 13)",False,2,False,1480
0,0.0,True,0.0,0.9,0.9,1445,0,1445.0,72,4,18,"(24, 45)",0,0.023744292237442923,79.61111111111111,32.888888888888886,full_trust,72,ATTACK,113,"(16, 21)",False,0,False,1485
32,0.0,True,0.0,0.7865327100226682,0.8440394749882895,1305,150,1305.0,58,1,15,"(13, 50)",0,0.03905540417801998,98.06666666666666,51.266666666666666,full_trust,58,ATTACK,248,"(24, 26)",False,1,False,1485
45,6.361294452030997,True,6.361294452030997,0.7485564781965844,0.8747366914199071,1452,0,1452.0,73,3,15,"(25, 2)",0,0.03723887375113533,95.33333333333333,47.86666666666667,full_trust,73,ATTACK,131,"(19, 9)",False,2,False,1485
0,0.0,True,0.0,0.9,0.9,1450,0,1450.0,72,4,18,"(24, 45)",0,0.023744292237442923,79.61111111111111,32.888888888888886,full_trust,72,ATTACK,113,"(17, 25)",False,0,False,1490
32,0.0,True,0.0,0.7992196329895518,0.8605171620784481,1310,150,1310.0,58,1,15,"(13, 50)",0,0.03633060853769301,98.06666666666666,51.266666666666666,full_trust,58,ATTACK,248,"(24, 31)",False,1,False,1490
36,0.0,False,0.0,0.499681078180493,0.499681078180493,1457,0,1457.0,73,3,15,"(25, 2)",0,0.02997275204359673,95.33333333333333,47.86666666666667,full_trust,73,ATTACK,134,"(24, 9)",False,2,False,1490
0,0.0,True,0.0,0.9,0.9,1455,0,1455.0,72,4,18,"(24, 45)",0,0.023744292237442923,79.61111111111111,32.888888888888886,full_trust,72,ATTACK,113,"(17, 30)",False,0,False,1495
47,0.0,True,0.0,0.8157673988751936,0.8798072124130281,1315,150,1315.0,58,1,15,"(13, 50)",0,0.045413260672116255,98.06666666666666,51.266666666666666,full_trust,58,ATTACK,248,"(24, 36)",False,1,False,1495
48,0.0,True,0.0,0.5003814046513505,0.5401028160966078,1462,0,1462.0,73,3,15,"(25, 2)",0,0.04450499545867393,95.33333333333333,47.86666666666667,full_trust,73,ATTACK,134,"(25, 5)",False,2,False,1495
0,0.0,True,0.0,0.9,0.9,1460,0,1460.0,72,4,18,"(24, 45)",0,0.05114155251141553,79.61111111111111,32.888888888888886,full_trust,72,ATTACK,114,"(20, 32)",False,0,False,1500
40,0.0,True,0.0,0.8289414410829423,0.8589446442058488,1320,150,1320.0,59,1,15,"(13, 50)",0,0.06267029972752043,98.06666666666666,51.266666666666666,full_trust,59,ATTACK,249,"(22, 39)",False,1,False,1500
43,0.0,True,0.0,0.5028787238923839,0.5503277894720173,1466,0,1466.0,74,3,16,"(33, 50)",0,0.06357856494096276,93.6875,47.75,full_trust,74,ATTACK,136,"(25, 3)",False,2,False,1500
0,0.0,True,0.0,0.9,0.9,1465,0,1465.0,72,4,18,"(24, 45)",0,0.05114155251141553,79.61111111111111,32.888888888888886,full_trust,72,ATTACK,114,"(22, 35)",False,0,False,1505
32,0.0,True,0.0,0.8393278175669817,0.8853537029845643,1325,150,1325.0,59,1,15,"(13, 50)",0,0.05903723887375113,98.06666666666666,51.266666666666666,full_trust,59,ATTACK,249,"(19, 41)",False,1,False,1505
40,0.0,True,0.0,0.5028787238923839,0.5503277894720173,1471,0,1471.0,74,3,16,"(33, 50)",0,0.05994550408719346,93.6875,47.75,full_trust,74,ATTACK,136,"(27, 6)",False,2,False,1505
0,0.0,True,0.0,0.9,0.9,1470,0,1470.0,72,4,18,"(24, 45)",0,0.0502283105022831,79.61111111111111,32.888888888888886,full_trust,72,ATTACK,114,"(24, 38)",False,0,False,1510
32,0.0,True,0.0,0.8471954523607753,0.8985962644303691,1330,150,1330.0,59,1,15,"(13, 50)",0,0.05267938237965486,98.06666666666666,51.266666666666666,full_trust,59,ATTACK,249,"(15, 42)",False,1,False,1510
37,0.0,True,0.0,0.5028787238923839,0.5503277894720173,1476,0,1476.0,74,3,16,"(33, 50)",0,0.05994550408719346,93.6875,47.75,full_trust,74,ATTACK,136,"(28, 10)",False,2,False,1510
0,0.0,True,0.0,0.9,0.9,1475,0,1475.0,72,4,18,"(24, 45)",0,0.04927007299270073,79.61111111111111,32.888888888888886,full_trust,72,ATTACK,114,"(25, 42)",False,0,False,1515
25,0.0,True,0.0,0.8471954523607753,0.8985962644303691,1335,150,1335.0,59,1,15,"(13, 50)",0,0.05903723887375113,98.06666666666666,51.266666666666666,full_trust,59,ATTACK,249,"(13, 45)",False,1,False,1515
30,0.0,True,0.0,0.5028787238923839,0.5503277894720173,1481,0,1481.0,74,3,16,"(33, 50)",0,0.05903723887375113,93.6875,47.75,full_trust,74,ATTACK,136,"(28, 15)",False,2,False,1515
0,0.0,True,0.0,0.9,0.9,1479,0,1479.0,73,4,19,"(21, 17)",0,0.04189435336976321,80.0,33.78947368421053,full_trust,73,ATTACK,115,"(24, 45)",False,0,False,1520
17,0.0,True,0.0,0.8471954523607753,0.8985962644303691,1340,150,1340.0,59,1,15,"(13, 50)",0,0.055404178019981834,98.06666666666666,51.266666666666666,full_trust,59,ATTACK,249,"(13, 50)",False,1,False,1520
22,0.0,True,0.0,0.5028787238923839,0.5503277894720173,1486,0,1486.0,74,3,16,"(33, 50)",0,0.053587647593097185,93.6875,47.75,full_trust,74,ATTACK,136,"(28, 20)",False,2,False,1520
0,0.0,True,0.0,0.9,0.9,1484,0,1484.0,74,4,19,"(21, 17)",0,0.03548680618744313,80.0,33.78947368421053,full_trust,74,ATTACK,116,"(25, 41)",False,0,False,1525
17,0.0,True,0.0,0.8471954523607753,0.8985962644303691,1344,150,1344.0,60,1,15,"(2, 20)",0,0.05353901996370236,98.06666666666666,51.266666666666666,full_trust,60,ATTACK,251,"(12, 47)",False,1,False,1525
19,0.0,True,0.0,0.5028787238923839,0.5503277894720173,1491,0,1491.0,74,3,16,"(33, 50)",0,0.04446460980036298,93.6875,47.75,full_trust,74,ATTACK,137,"(28, 25)",False,2,False,1525
0,0.0,True,0.0,0.9,0.9,1489,0,1489.0,74,4,19,"(21, 17)",0,0.0272975432211101,80.0,33.78947368421053,full_trust,74,ATTACK,116,"(24, 37)",False,0,False,1530
26,4.182264862809177,True,4.182264862809177,0.8471954523607753,0.8985962644303691,1349,150,1349.0,61,1,15,"(2, 20)",26,0.05263157894736842,98.06666666666666,51.266666666666666,full_trust,61,ATTACK,252,"(12, 42)",True,1,True,1530
28,0.0,True,0.0,0.5222132448893422,0.6120645487660871,1496,0,1496.0,74,3,16,"(33, 50)",0,0.039927404718693285,93.6875,47.75,full_trust,74,ATTACK,137,"(28, 30)",False,2,False,1530
0,0.0,True,0.0,0.9,0.9,1494,0,1494.0,74,4,19,"(21, 17)",0,0.025408348457350273,80.0,33.78947368421053,full_trust,74,ATTACK,116,"(23, 33)",False,0,False,1535
24,2.2439999999999998,True,2.2439999999999998,0.5362416764218395,0.5362416764218395,1354,150,1354.0,61,1,15,"(2, 20)",24,0.047058823529411764,98.06666666666666,51.266666666666666,full_trust,61,ATTACK,252,"(9, 40)",True,1,True,1535
28,0.0,True,0.0,0.5521774950102464,0.6833480718635098,1501,0,1501.0,74,3,16,"(33, 50)",0,0.037104072398190045,93.6875,47.75,full_trust,74,ATTACK,137,"(28, 35)",False,2,False,1535
0,0.0,True,0.0,0.9,0.9,1499,0,1499.0,74,4,19,"(21, 17)",0,0.023593466424682397,80.0,33.78947368421053,full_trust,74,ATTACK,116,"(21, 30)",False,0,False,1540
23,2.219999999999999,False,2.219999999999999,0.40353567844670685,0.40353567844670685,1359,150,1359.0,62,1,15,"(2, 20)",23,0.04343891402714932,98.06666666666666,51.266666666666666,full_trust,62,ATTACK,253,"(7, 37)",True,1,True,1540
28,0.0,True,0.0,0.5904228908824636,0.7411523730611412,1506,0,1506.0,74,3,16,"(33, 50)",0,0.034389140271493215,93.6875,47.75,full_trust,74,ATTACK,137,"(28, 40)",False,2,False,1540
0,0.0,True,0.0,0.9,0.9,1504,0,1504.0,74,4,19,"(21, 17)",0,0.02323503127792672,80.0,33.78947368421053,full_trust,74,ATTACK,116,"(19, 27)",False,0,False,1545
17,0.0,False,0.0,0.21192488672498344,0.21192488672498344,1364,150,1364.0,62,1,15,"(2, 20)",0,0.034759358288770054,98.06666666666666,51.266666666666666,full_trust,62,ATTACK,253,"(7, 32)",False,1,False,1545
28,0.0,True,0.0,0.630286682986639,0.7805408188791286,1511,0,1511.0,74,3,16,"(33, 50)",0,0.034759358288770054,93.6875,47.75,full_trust,74,ATTACK,137,"(28, 45)",False,2,False,1545
0,0.0,True,0.0,0.9,0.9,1509,0,1509.0,74,4,19,"(21, 17)",0,0.022727272727272728,80.0,33.78947368421053,full_trust,74,ATTACK,117,"(19, 22)",False,0,False,1550
17,0.0,False,0.0,0.21192488672498344,0.21192488672498344,1369,150,1369.0,62,1,15,"(2, 20)",0,0.03312990409764603,98.06666666666666,51.266666666666666,full_trust,62,ATTACK,254,"(3, 31)",False,1,False,1550
28,0.0,True,0.0,0.6537006678877463,0.8006824200797452,1516,0,1516.0,74,3,16,"(33, 50)",0,0.03400174367916303,93.6875,47.75,full_trust,74,ATTACK,138,"(28, 50)",False,2,False,1550
0,0.0,True,0.0,0.9,0.9,1514,0,1514.0,74,4,19,"(21, 17)",0,0.022628372497824196,80.0,33.78947368421053,full_trust,74,ATTACK,117,"(19, 17)",False,0,False,1555
17,0.0,False,0.0,0.21192488672498344,0.21192488672498344,1374,150,1374.0,62,1,15,"(2, 20)",0,0.03307223672758921,98.06666666666666,51.266666666666666,full_trust,62,ATTACK,254,"(3, 26)",False,1,False,1555
28,0.0,True,0.0,0.6537006678877463,0.8006824200797452,1521,0,1521.0,74,3,16,"(33, 50)",0,0.03307223672758921,93.6875,47.75,full_trust,74,ATTACK,138,"(33, 50)",False,2,False,1555
0,0.0,True,0.0,0.9,0.9,1518,0,1518.0,75,4,19,"(15, 2)",0,0.022628372497824196,80.0,33.78947368421053,full_trust,75,ATTACK,118,"(19, 17)",False,0,False,1560
17,0.0,False,0.0,0.21192488672498344,0.21192488672498344,1379,150,1379.0,62,1,15,"(2, 20)",0,0.03307223672758921,98.06666666666666,51.266666666666666,full_trust,62,ATTACK,254,"(2, 22)",False,1,False,1560
28,0.0,True,0.0,0.6537006678877463,0.8006824200797452,1525,0,1525.0,75,3,16,"(33, 8)",0,0.03307223672758921,93.6875,47.75,full_trust,75,ATTACK,139,"(33, 46)",False,2,False,1560
0,0.0,True,0.0,0.9,0.9,1523,0,1523.0,75,4,19,"(15, 2)",0,0.022628372497824196,80.0,33.78947368421053,full_trust,75,ATTACK,118,"(16, 15)",False,0,False,1565
17,0.0,False,0.0,0.21192488672498344,0.21192488672498344,1383,150,1383.0,63,1,16,"(2, 41)",0,0.031331592689295036,97.6875,50.6875,full_trust,63,ATTACK,255,"(2, 22)",False,1,False,1565
28,0.0,True,0.0,0.6537006678877463,0.8006824200797452,1530,0,1530.0,75,3,16,"(33, 8)",0,0.03307223672758921,93.6875,47.75,full_trust,75,ATTACK,139,"(30, 44)",False,2,False,1565
0,0.0,True,0.0,0.9,0.9,1528,0,1528.0,75,4,19,"(15, 2)",0,0.022628372497824196,80.0,33.78947368421053,full_trust,75,ATTACK,118,"(15, 11)",False,0,False,1570
23,0.0,False,0.0,0.21192488672498344,0.21192488672498344,1388,150,1388.0,63,1,16,"(2, 41)",0,0.031331592689295036,97.6875,50.6875,full_trust,63,ATTACK,255,"(3, 26)",False,1,False,1570
34,0.0,True,0.0,0.6537006678877463,0.8006824200797452,1535,0,1535.0,75,3,16,"(33, 8)",0,0.038294168842471714,93.6875,47.75,full_trust,75,ATTACK,139,"(29, 40)",False,2,False,1570
0,0.0,True,0.0,0.9,0.9,1533,0,1533.0,75,4,19,"(15, 2)",0,0.022628372497824196,80.0,33.78947368421053,full_trust,75,ATTACK,119,"(15, 6)",False,0,False,1575
23,0.0,False,0.0,0.21192488672498344,0.21192488672498344,1393,150,1393.0,63,1,16,"(2, 41)",0,0.031331592689295036,97.6875,50.6875,full_trust,63,ATTACK,256,"(3, 31)",False,1,False,1575
34,0.0,True,0.0,0.6687933039284781,0.8110144750993483,1540,0,1540.0,75,3,16,"(33, 8)",0,0.038294168842471714,93.6875,47.75,full_trust,75,ATTACK,140,"(28, 36)",False,2,False,1575
0,0.0,True,0.0,0.9,0.9,1537,0,1537.0,76,4,20,"(33, 30)",0,0.020087336244541485,79.0,33.2,full_trust,76,ATTACK,120,"(15, 2)",False,0,False,1580
23,0.0,False,0.0,0.21192488672498344,0.21192488672498344,1398,150,1398.0,63,1,16,"(2, 41)",0,0.031331592689295036,97.6875,50.6875,full_trust,63,ATTACK,256,"(3, 36)",False,1,False,1580
34,0.0,True,0.0,0.7045693128301802,0.8361418343424657,1545,0,1545.0,75,3,16,"(33, 8)",0,0.03406113537117904,93.6875,47.75,full_trust,75,ATTACK,140,"(28, 31)",False,2,False,1580
0,0.0,True,0.0,0.9,0.9,1542,0,1542.0,76,4,20,"(33, 30)",0,0.01834061135371179,79.0,33.2,full_trust,76,ATTACK,120,"(15, 7)",False,0,False,1585
23,0.0,False,0.0,0.21192488672498344,0.21192488672498344,1403,150,1403.0,63,1,16,"(2, 41)",0,0.03220191470844212,97.6875,50.6875,full_trust,63,ATTACK,256,"(3, 41)",False,1,False,1585
34,0.0,True,0.0,0.7372971612573852,0.8567278028375749,1550,0,1550.0,75,3,16,"(33, 8)",0,0.03668122270742358,93.6875,47.75,full_trust,75,ATTACK,140,"(28, 26)",False,2,False,1585
0,0.0,True,0.0,0.9,0.9,1547,0,1547.0,76,4,20,"(33, 30)",0,0.014847161572052401,79.0,33.2,full_trust,76,ATTACK,120,"(17, 10)",False,0,False,1590
23,0.0,False,0.0,0.21192488672498344,0.21192488672498344,1407,150,1407.0,64,1,16,"(15, 2)",0,0.033942558746736295,97.6875,50.6875,full_trust,64,ATTACK,257,"(4, 40)",False,1,False,1590
34,0.0,True,0.0,0.7554840975597215,0.8687125031492927,1555,0,1555.0,75,3,16,"(33, 8)",0,0.03406113537117904,93.6875,47.75,full_trust,75,ATTACK,140,"(29, 22)",False,2,False,1590
0,0.0,True,0.0,0.9,0.9,1552,0,1552.0,76,4,20,"(33, 30)",0,0.013973799126637555,79.0,33.2,full_trust,76,ATTACK,120,"(17, 15)",False,0,False,1595
23,0.0,False,0.0,0.21192488672498344,0.21192488672498344,1412,150,1412.0,64,1,16,"(15, 2)",0,0.03220191470844212,97.6875,50.6875,full_trust,64,ATTACK,257,"(5, 36)",False,1,False,1595
34,0.0,True,0.0,0.7670218263412519,0.8754400153247969,1560,0,1560.0,75,3,16,"(33, 8)",0,0.02794759825327511,93.6875,47.75,full_trust,75,ATTACK,140,"(29, 17)",False,2,False,1595
0,0.0,True,0.0,0.9,0.9,1557,0,1557.0,77,4,20,"(33, 30)",0,0.014084507042253521,79.0,33.2,full_trust,77,ATTACK,121,"(17, 20)",False,0,False,1600
23,0.0,False,0.0,0.21192488672498344,0.21192488672498344,1417,150,1417.0,64,1,16,"(15, 2)",0,0.02631578947368421,97.6875,50.6875,full_trust,64,ATTACK,258,"(5, 31)",False,1,False,1600
34,0.0,True,0.0,0.7726035170663129,0.8786556408424714,1565,0,1565.0,76,3,16,"(33, 8)",0,0.030809859154929578,93.6875,47.75,full_trust,76,ATTACK,141,"(29, 12)",False,2,False,1600
0,0.0,True,0.0,0.9,0.9,1562,0,1562.0,77,4,20,"(33, 30)",0,0.01232394366197183,79.0,33.2,full_trust,77,ATTACK,121,"(19, 23)",False,0,False,1605
38,0.0,False,0.0,0.21192488672498344,0.21192488672498344,1422,150,1422.0,64,1,16,"(15, 2)",0,0.02631578947368421,97.6875,50.6875,full_trust,64,ATTACK,258,"(5, 26)",False,1,False,1605
49,0.0,True,0.0,0.7726035170663129,0.8786556408424714,1570,0,1570.0,76,3,16,"(33, 8)",0,0.03424056189640035,93.6875,47.75,full_trust,76,ATTACK,141,"(31, 9)",False,2,False,1605
0,0.0,True,0.0,0.9,0.9,1567,0,1567.0,77,4,20,"(33, 30)",0,0.01232394366197183,79.0,33.2,full_trust,77,ATTACK,121,"(22, 25)",False,0,False,1610
38,0.0,False,0.0,0.21192488672498344,0.21192488672498344,1427,150,1427.0,64,1,16,"(15, 2)",0,0.02631578947368421,97.6875,50.6875,full_trust,64,ATTACK,258,"(7, 23)",False,1,False,1610
49,0.0,True,0.0,0.7726035170663129,0.8786556408424714,1574,0,1574.0,77,3,17,"(33, 30)",0,0.03424056189640035,94.6470588235294,48.05882352941177,full_trust,77,ATTACK,142,"(33, 9)",False,2,False,1610
0,0.0,True,0.0,0.9,0.9,1572,0,1572.0,77,4,20,"(33, 30)",0,0.01232394366197183,79.0,33.2,full_trust,77,ATTACK,121,"(23, 29)",False,0,False,1615
38,0.0,False,0.0,0.22695032899147352,0.31682339175858504,1432,150,1432.0,64,1,16,"(15, 2)",0,0.02631578947368421,97.6875,50.6875,full_trust,64,ATTACK,258,"(9, 20)",False,1,False,1615
49,0.0,True,0.0,0.7726035170663129,0.8786556408424714,1579,0,1579.0,77,3,17,"(33, 30)",0,0.03424056189640035,94.6470588235294,48.05882352941177,full_trust,77,ATTACK,142,"(31, 12)",False,2,False,1615
0,0.0,True,0.0,0.9,0.9,1577,0,1577.0,77,4,20,"(33, 30)",0,0.01147396293027361,79.0,33.2,full_trust,77,ATTACK,121,"(27, 30)",False,0,False,1620
38,0.0,False,0.0,0.2622751915073195,0.42305966215665963,1437,150,1437.0,64,1,16,"(15, 2)",0,0.027288732394366196,97.6875,50.6875,full_trust,64,ATTACK,258,"(14, 20)",False,1,False,1620
43,0.0,True,0.0,0.7726035170663129,0.8786556408424714,1584,0,1584.0,77,3,17,"(33, 30)",0,0.033480176211453744,94.6470588235294,48.05882352941177,full_trust,77,ATTACK,142,"(28, 14)",False,2,False,1620
0,0.0,True,0.0,0.9,0.9,1582,0,1582.0,77,4,20,"(33, 30)",0,0.011443661971830986,79.0,33.2,full_trust,77,ATTACK,122,"(32, 30)",False,0,False,1625
38,0.0,True,0.0,0.3117029712479253,0.5132295240751442,1442,150,1442.0,64,1,16,"(15, 2)",0,0.027216856892010536,97.6875,50.6875,full_trust,64,ATTACK,259,"(14, 15)",False,1,False,1625
42,0.0,True,0.0,0.7730592845821149,0.7809103267121228,1589,0,1589.0,77,3,17,"(33, 30)",0,0.033391915641476276,94.6470588235294,48.05882352941177,full_trust,77,ATTACK,143,"(28, 19)",False,2,False,1625
0,0.0,True,0.0,0.9,0.9,1586,0,1586.0,78,4,20,"(25, 2)",0,0.011423550087873463,79.0,33.2,full_trust,78,ATTACK,123,"(30, 30)",False,0,False,1630
38,0.0,True,0.0,0.3678894744926657,0.5861680078621597,1447,150,1447.0,64,1,16,"(15, 2)",0,0.028070175438596492,97.6875,50.6875,full_trust,64,ATTACK,259,"(14, 10)",False,1,False,1630
39,0.0,True,0.0,0.6778956607303285,0.6975648585255065,1594,0,1594.0,77,3,17,"(33, 30)",0,0.03333333333333333,94.6470588235294,48.05882352941177,full_trust,77,ATTACK,143,"(28, 24)",False,2,False,1630
0,0.0,True,0.0,0.9,0.9,1590,0,1590.0,78,5,20,"(25, 2)",0,0.01054481546572935,79.0,33.2,full_trust,78,ATTACK,123,"(28, 28)",False,0,False,1635
36,0.0,True,0.0,0.4263546771219888,0.6506872415998161,1452,150,1452.0,64,1,16,"(15, 2)",0,0.02631578947368421,97.6875,50.6875,full_trust,64,ATTACK,259,"(14, 5)",False,1,False,1635
37,0.0,True,0.0,0.6905008861724484,0.7581597581995699,1598,0,1598.0,77,4,17,"(33, 30)",0,0.03070175438596491,94.6470588235294,48.05882352941177,full_trust,77,ATTACK,143,"(27, 27)",False,2,False,1635
0,0.0,True,0.0,0.9,0.9,1595,0,1595.0,78,5,20,"(25, 2)",0,0.0062724014336917565,79.0,33.2,full_trust,78,ATTACK,123,"(26, 25)",False,0,False,1640
46,0.0,True,0.0,0.47402048709939054,0.6993783908295047,1456,150,1456.0,65,1,17,"(2, 41)",0,0.0285204991087344,96.47058823529412,50.8235294117647,full_trust,65,ATTACK,260,"(15, 2)",False,1,False,1640
47,0.0,True,0.0,0.712639408129421,0.8052749440438481,1603,0,1603.0,79,4,17,"(33, 30)",0,0.027629233511586453,94.6470588235294,48.05882352941177,full_trust,79,ATTACK,145,"(27, 30)",False,2,False,1640
0,0.0,True,0.0,0.9,0.9,1600,0,1600.0,78,5,20,"(25, 2)",0,0.0062724014336917565,79.0,33.2,full_trust,78,ATTACK,123,"(26, 20)",False,0,False,1645
44,0.0,True,0.0,0.47402048709939054,0.6993783908295047,1461,150,1461.0,65,1,17,"(2, 41)",0,0.026737967914438502,96.47058823529412,50.8235294117647,full_trust,65,ATTACK,260,"(15, 7)",False,1,False,1645
41,0.0,True,0.0,0.7264706655696489,0.7910481375598876,1608,0,1608.0,79,4,17,"(33, 30)",0,0.027629233511586453,94.6470588235294,48.05882352941177,full_trust,79,ATTACK,146,"(32, 30)",False,2,False,1645
0,0.0,True,0.0,0.9,0.9,1605,0,1605.0,78,5,20,"(25, 2)",0,0.044802867383512544,79.0,33.2,full_trust,78,ATTACK,124,"(25, 16)",False,0,False,1650
44,0.0,True,0.0,0.5196488003382463,0.7315649437012146,1466,150,1466.0,65,1,17,"(2, 41)",0,0.04634581105169341,96.47058823529412,50.8235294117647,full_trust,65,ATTACK,261,"(15, 12)",False,1,False,1650
41,0.0,True,0.0,0.7342037167471381,0.8103784205979944,1612,0,1612.0,81,4,17,"(2, 41)",0,0.06060606060606061,94.6470588235294,48.05882352941177,full_trust,81,ATTACK,148,"(30, 30)",False,2,False,1650
0,0.0,True,0.0,0.9,0.9,1610,0,1610.0,78,5,20,"(25, 2)",0,0.044802867383512544,79.0,33.2,full_trust,78,ATTACK,124,"(25, 11)",False,0,False,1655
33,0.0,True,0.0,0.5196488003382463,0.7315649437012146,1471,150,1471.0,65,1,17,"(2, 41)",0,0.04723707664884135,96.47058823529412,50.8235294117647,full_trust,65,ATTACK,261,"(15, 17)",False,1,False,1655
41,0.0,True,0.0,0.7342037167471381,0.8103784205979944,1617,0,1617.0,81,4,17,"(2, 41)",0,0.05614973262032086,94.6470588235294,48.05882352941177,full_trust,81,ATTACK,148,"(26, 31)",False,2,False,1655
0,0.0,True,0.0,0.9,0.9,1615,0,1615.0,78,5,20,"(25, 2)",0,0.040467625899280574,79.0,33.2,full_trust,78,ATTACK,124,"(25, 6)",False,0,False,1660
32,0.0,True,0.0,0.5196488003382463,0.7315649437012146,1476,150,1476.0,66,1,17,"(2, 41)",0,0.04114490161001789,96.47058823529412,50.8235294117647,full_trust,66,ATTACK,262,"(13, 20)",False,1,False,1660
41,0.0,True,0.0,0.7342037167471381,0.8103784205979944,1622,0,1622.0,81,4,17,"(2, 41)",0,0.050983899821109124,94.6470588235294,48.05882352941177,full_trust,81,ATTACK,148,"(23, 33)",False,2,False,1660
0,0.0,True,0.0,0.9,0.9,1619,0,1619.0,79,5,21,"(2, 41)",0,0.03866906474820144,79.28571428571429,33.42857142857143,full_trust,79,ATTACK,125,"(25, 2)",False,0,False,1665
32,0.0,True,0.0,0.5196488003382463,0.7315649437012146,1481,150,1481.0,66,1,17,"(2, 41)",0,0.038461538461538464,96.47058823529412,50.8235294117647,full_trust,66,ATTACK,262,"(9, 21)",False,1,False,1665
41,0.0,True,0.0,0.7342037167471381,0.8103784205979944,1627,0,1627.0,82,4,17,"(2, 41)",0,0.049194991055456175,94.6470588235294,48.05882352941177,full_trust,82,ATTACK,149,"(21, 36)",False,2,False,1665
0,0.0,True,0.0,0.9,0.9,1624,0,1624.0,79,5,21,"(2, 41)",0,0.0368705035971223,79.28571428571429,33.42857142857143,full_trust,79,ATTACK,125,"(25, 7)",False,0,False,1670
32,0.0,True,0.0,0.5196488003382463,0.7315649437012146,1486,150,1486.0,66,1,17,"(2, 41)",0,0.03756708407871199,96.47058823529412,50.8235294117647,full_trust,66,ATTACK,262,"(5, 22)",False,1,False,1670
32,0.0,True,0.0,0.7342037167471381,0.8103784205979944,1632,0,1632.0,82,4,17,"(2, 41)",0,0.04025044722719141,94.6470588235294,48.05882352941177,full_trust,82,ATTACK,149,"(17, 37)",False,2,False,1670
0,0.0,True,0.0,0.9,0.9,1629,0,1629.0,79,5,21,"(2, 41)",0,0.03507194244604316,79.28571428571429,33.42857142857143,full_trust,79,ATTACK,126,"(25, 12)",False,0,False,1675
32,0.0,True,0.0,0.5196488003382463,0.7315649437012146,1491,150,1491.0,67,1,17,"(2, 41)",0,0.03667262969588551,96.47058823529412,50.8235294117647,full_trust,67,ATTACK,263,"(4, 26)",False,1,False,1675
32,0.0,True,0.0,0.7342037167471381,0.8103784205979944,1637,0,1637.0,82,4,17,"(2, 41)",0,0.038461538461538464,94.6470588235294,48.05882352941177,full_trust,82,ATTACK,150,"(13, 38)",False,2,False,1675
0,0.0,True,0.0,0.9,0.9,1634,0,1634.0,79,5,21,"(2, 41)",0,0.0341726618705036,79.28571428571429,33.42857142857143,full_trust,79,ATTACK,126,"(24, 16)",False,0,False,1680
38,0.0,True,0.0,0.5196488003382463,0.7315649437012146,1496,150,1496.0,67,1,17,"(2, 41)",0,0.03667262969588551,96.47058823529412,50.8235294117647,full_trust,67,ATTACK,263,"(3, 30)",False,1,False,1680
38,0.0,True,0.0,0.7342037167471381,0.8103784205979944,1642,0,1642.0,82,4,17,"(2, 41)",0,0.04293381037567084,94.6470588235294,48.05882352941177,full_trust,82,ATTACK,150,"(11, 41)",False,2,False,1680
0,0.0,True,0.0,0.9,0.9,1639,0,1639.0,79,5,21,"(2, 41)",0,0.03147482014388489,79.28571428571429,33.42857142857143,full_trust,79,ATTACK,126,"(20, 17)",False,0,False,1685
38,0.0,True,0.0,0.5196488003382463,0.7315649437012146,1501,150,1501.0,67,1,17,"(2, 41)",0,0.03220035778175313,96.47058823529412,50.8235294117647,full_trust,67,ATTACK,263,"(3, 35)",False,1,False,1685
32,0.0,True,0.0,0.7342037167471381,0.8103784205979944,1647,0,1647.0,82,4,17,"(2, 41)",0,0.03577817531305903,94.6470588235294,48.05882352941177,full_trust,82,ATTACK,150,"(6, 41)",False,2,False,1685
0,0.0,True,0.0,0.9,0.9,1644,0,1644.0,79,5,21,"(2, 41)",0,0.029676258992805755,79.28571428571429,33.42857142857143,full_trust,79,ATTACK,126,"(19, 21)",False,0,False,1690
36,0.0,True,0.0,0.5196488003382463,0.7315649437012146,1506,150,1506.0,67,1,17,"(2, 41)",0,0.03220035778175313,96.47058823529412,50.8235294117647,full_trust,67,ATTACK,263,"(3, 40)",False,1,False,1690
24,0.0,True,0.0,0.7342037167471381,0.8103784205979944,1651,0,1651.0,83,4,18,"(21, 17)",0,0.03220035778175313,93.88888888888889,47.77777777777778,full_trust,83,ATTACK,151,"(2, 41)",False,2,False,1690
0,0.0,True,0.0,0.9,0.9,1649,0,1649.0,79,5,21,"(2, 41)",0,0.029676258992805755,79.28571428571429,33.42857142857143,full_trust,79,ATTACK,126,"(19, 26)",False,0,False,1695
34,0.0,True,0.0,0.5196488003382463,0.7315649437012146,1509,151,1509.0,70,2,17,"(2, 41)",0,0.03220035778175313,96.47058823529412,50.8235294117647,full_trust,70,ATTACK,266,"(3, 41)",False,1,False,1695
22,0.0,True,0.0,0.7342037167471381,0.8103784205979944,1654,0,1654.0,84,6,18,"(21, 17)",0,0.03041144901610018,93.88888888888889,47.77777777777778,full_trust,84,ATTACK,152,"(4, 40)",False,2,False,1695
0,0.0,True,0.0,0.9,0.9,1654,0,1654.0,79,5,21,"(2, 41)",0,0.026173285198555957,79.28571428571429,33.42857142857143,full_trust,79,ATTACK,127,"(19, 31)",False,0,False,1700
34,0.0,True,0.0,0.5196488003382463,0.7315649437012146,1513,151,1513.0,71,2,17,"(2, 50)",0,0.03133393017009848,96.47058823529412,50.8235294117647,full_trust,71,ATTACK,268,"(3, 43)",False,1,False,1700
22,0.0,True,0.0,0.7342037167471381,0.8103784205979944,1659,0,1659.0,85,6,18,"(21, 17)",0,0.02954341987466428,93.88888888888889,47.77777777777778,full_trust,85,ATTACK,153,"(8, 41)",False,2,False,1700
0,0.0,True,0.0,0.9,0.9,1659,0,1659.0,79,5,21,"(2, 41)",0,0.024107142857142858,79.28571428571429,33.42857142857143,full_trust,79,ATTACK,127,"(16, 33)",False,0,False,1705
34,0.0,True,0.0,0.5196488003382463,0.7315649437012146,1518,151,1518.0,71,2,17,"(2, 50)",0,0.030115146147032774,96.47058823529412,50.8235294117647,full_trust,71,ATTACK,268,"(3, 48)",False,1,False,1705
22,0.0,True,0.0,0.7342037167471381,0.8103784205979944,1664,0,1664.0,85,6,18,"(21, 17)",0,0.0283436669619132,93.88888888888889,47.77777777777778,full_trust,85,ATTACK,153,"(12, 40)",False,2,False,1705
0,0.0,True,0.0,0.9,0.9,1664,0,1664.0,79,5,21,"(2, 41)",0,0.02230151650312221,79.28571428571429,33.42857142857143,full_trust,79,ATTACK,127,"(13, 35)",False,0,False,1710
34,0.0,True,0.0,0.5196488003382463,0.7315649437012146,1521,151,1521.0,72,2,18,"(24, 45)",0,0.02920353982300885,94.94444444444444,48.666666666666664,full_trust,72,ATTACK,270,"(2, 50)",False,1,False,1710
22,0.0,True,0.0,0.7560780095901574,0.8445896905543303,1669,0,1669.0,85,6,18,"(21, 17)",0,0.02920353982300885,93.88888888888889,47.77777777777778,full_trust,85,ATTACK,153,"(13, 36)",False,2,False,1710
0,0.0,True,0.0,0.9,0.9,1669,0,1669.0,79,5,21,"(2, 41)",0,0.019625334522747548,79.28571428571429,33.42857142857143,full_trust,79,ATTACK,127,"(9, 36)",False,0,False,1715
34,0.0,True,0.0,0.5196488003382463,0.7315649437012146,1526,151,1526.0,72,2,18,"(24, 45)",0,0.02743362831858407,94.94444444444444,48.666666666666664,full_trust,72,ATTACK,270,"(5, 48)",False,1,False,1715
21,0.0,True,0.0,0.7809663221445351,0.877264358102245,1674,0,1674.0,85,6,18,"(21, 17)",0,0.02743362831858407,93.88888888888889,47.77777777777778,full_trust,85,ATTACK,153,"(15, 33)",False,2,False,1715
0,0.0,True,0.0,0.9,0.9,1674,0,1674.0,79,5,21,"(2, 41)",0,0.017857142857142856,79.28571428571429,33.42857142857143,full_trust,79,ATTACK,127,"(4, 36)",False,0,False,1720
44,0.0,True,0.0,0.5196488003382463,0.7315649437012146,1531,151,1531.0,72,2,18,"(24, 45)",0,0.04162976085031001,94.94444444444444,48.666666666666664,full_trust,72,ATTACK,270,"(5, 43)",False,1,False,1720
32,0.0,True,0.0,0.805610792451544,0.8966236391449001,1679,0,1679.0,85,6,18,"(21, 17)",0,0.03897254207263064,93.88888888888889,47.77777777777778,full_trust,85,ATTACK,153,"(18, 31)",False,2,False,1720
0,0.0,True,0.0,0.9,0.9,1679,0,1679.0,79,5,21,"(2, 41)",0,0.015178571428571428,79.28571428571429,33.42857142857143,full_trust,79,ATTACK,128,"(3, 40)",False,0,False,1725
40,0.0,True,0.0,0.5750124639072248,0.7848278818347444,1536,151,1536.0,72,2,18,"(24, 45)",0,0.04428697962798937,94.94444444444444,48.666666666666664,full_trust,72,ATTACK,271,"(8, 41)",False,1,False,1725
32,0.0,True,0.0,0.8284184020633519,0.9120349940446801,1684,0,1684.0,85,6,18,"(21, 17)",0,0.03897254207263064,93.88888888888889,47.77777777777778,full_trust,85,ATTACK,154,"(19, 27)",False,2,False,1725
0,0.0,True,0.0,0.9,0.9,1683,0,1683.0,80,5,21,"(25, 2)",0,0.015178571428571428,79.28571428571429,33.42857142857143,full_trust,80,ATTACK,129,"(4, 41)",False,0,False,1730
40,0.0,True,0.0,0.6286626953194396,0.826359721832625,1541,151,1541.0,72,2,18,"(24, 45)",0,0.04428697962798937,94.94444444444444,48.666666666666664,full_trust,72,ATTACK,271,"(12, 40)",False,1,False,1730
32,0.0,True,0.0,0.8490961220662077,0.9245571909141908,1689,0,1689.0,85,6,18,"(21, 17)",0,0.03897254207263064,93.88888888888889,47.77777777777778,full_trust,85,ATTACK,154,"(19, 22)",False,2,False,1730
0,0.0,True,0.0,0.9,0.9,1688,0,1688.0,80,5,21,"(25, 2)",0,0.015178571428571428,79.28571428571429,33.42857142857143,full_trust,80,ATTACK,129,"(7, 39)",False,0,False,1735
38,0.0,True,0.0,0.6771766190180871,0.8529506743503622,1546,151,1546.0,72,2,18,"(24, 45)",0,0.04428697962798937,94.94444444444444,48.666666666666664,full_trust,72,ATTACK,271,"(17, 40)",False,1,False,1735
30,0.0,True,0.0,0.867907299341125,0.9367956953181232,1694,0,1694.0,85,6,18,"(21, 17)",0,0.03897254207263064,93.88888888888889,47.77777777777778,full_trust,85,ATTACK,154,"(19, 17)",False,2,False,1735
0,0.0,True,0.0,0.9,0.9,1693,0,1693.0,80,5,21,"(25, 2)",0,0.01432408236347359,79.28571428571429,33.42857142857143,full_trust,80,ATTACK,129,"(10, 37)",False,0,False,1740
38,0.0,True,0.0,0.7034266396832413,0.8651548952139644,1551,151,1551.0,72,2,18,"(24, 45)",0,0.043516873889875664,94.94444444444444,48.666666666666664,full_trust,72,ATTACK,271,"(22, 40)",False,1,False,1740
30,0.0,True,0.0,0.8784279516025427,0.9442916102569083,1698,0,1698.0,86,6,18,"(2, 50)",0,0.03996447602131439,93.88888888888889,47.77777777777778,full_trust,86,ATTACK,155,"(19, 17)",False,2,False,1740
0,0.0,True,0.0,0.9,0.9,1698,0,1698.0,80,5,21,"(25, 2)",0,0.011638316920322292,79.28571428571429,33.42857142857143,full_trust,80,ATTACK,129,"(12, 34)",False,0,False,1745
38,0.0,True,0.0,0.7034266396832413,0.8651548952139644,1556,151,1556.0,72,2,18,"(24, 45)",0,0.041740674955595025,94.94444444444444,48.666666666666664,full_trust,72,ATTACK,271,"(25, 42)",False,1,False,1745
30,0.0,True,0.0,0.8784279516025427,0.9442916102569083,1703,0,1703.0,86,6,18,"(2, 50)",0,0.03818827708703375,93.88888888888889,47.77777777777778,full_trust,86,ATTACK,155,"(18, 21)",False,2,False,1745
0,0.0,True,0.0,0.9,0.9,1703,0,1703.0,80,5,21,"(25, 2)",0,0.011638316920322292,79.28571428571429,33.42857142857143,full_trust,80,ATTACK,130,"(14, 31)",False,0,False,1750
38,0.2120000000000033,True,0.2120000000000033,0.7034266396832413,0.8651548952139644,1560,151,1560.0,73,2,19,"(33, 8)",38,0.041740674955595025,92.10526315789474,48.21052631578947,full_trust,73,ATTACK,273,"(24, 45)",True,1,True,1750
28,0.0,True,0.0,0.6236529295746788,0.6236529295746788,1708,0,1708.0,87,6,18,"(2, 50)",0,0.03641207815275311,93.88888888888889,47.77777777777778,full_trust,87,ATTACK,156,"(17, 25)",False,2,False,1750
0,0.0,True,0.0,0.9,0.9,1708,0,1708.0,80,5,21,"(25, 2)",0,0.011627906976744186,79.28571428571429,33.42857142857143,full_trust,80,ATTACK,130,"(17, 29)",False,0,False,1755
38,0.2120000000000033,True,0.2120000000000033,0.7034266396832413,0.8651548952139644,1565,151,1565.0,73,2,19,"(33, 8)",38,0.0417036379769299,92.10526315789474,48.21052631578947,full_trust,73,ATTACK,273,"(27, 43)",True,1,True,1755
28,0.0,True,0.0,0.6341686397852723,0.6995923873818936,1713,0,1713.0,87,6,18,"(2, 50)",0,0.03637976929902396,93.88888888888889,47.77777777777778,full_trust,87,ATTACK,156,"(15, 28)",False,2,False,1755
0,0.0,True,0.0,0.9,0.9,1713,0,1713.0,80,5,21,"(25, 2)",0,0.00985663082437276,79.28571428571429,33.42857142857143,full_trust,80,ATTACK,130,"(18, 25)",False,0,False,1760
52,10.399230196332482,True,10.399230196332482,0.7034266396832413,0.8651548952139644,1570,151,1570.0,73,2,19,"(33, 8)",52,0.052444444444444446,92.10526315789474,48.21052631578947,full_trust,73,ATTACK,274,"(28, 39)",True,1,True,1760
44,0.0,True,0.0,0.6579502291159214,0.7613039697338061,1718,0,1718.0,87,6,18,"(2, 50)",0,0.049777777777777775,93.88888888888889,47.77777777777778,full_trust,87,ATTACK,156,"(14, 32)",False,2,False,1760
0,0.0,True,0.0,0.9,0.9,1718,0,1718.0,80,5,21,"(25, 2)",0,0.009847806624888093,79.28571428571429,33.42857142857143,full_trust,80,ATTACK,130,"(18, 20)",False,0,False,1765
49,7.351425344889051,True,7.351425344889051,0.706111089423686,0.7571156344921349,1575,151,1575.0,73,2,19,"(33, 8)",49,0.050621669626998225,92.10526315789474,48.21052631578947,full_trust,73,ATTACK,275,"(28, 34)",True,1,True,1765
44,0.0,True,0.0,0.6871185942582033,0.7997075432842871,1723,0,1723.0,87,6,18,"(2, 50)",0,0.0497335701598579,93.88888888888889,47.77777777777778,full_trust,87,ATTACK,156,"(12, 35)",False,2,False,1765
0,0.0,True,0.0,0.9,0.9,1723,0,1723.0,80,5,21,"(25, 2)",0,0.009847806624888093,79.28571428571429,33.42857142857143,full_trust,80,ATTACK,130,"(20, 17)",False,0,False,1770
35,0.0519999999999925,False,0.0519999999999925,0.2661424183553851,0.2661424183553851,1580,151,1580.0,73,2,19,"(33, 8)",0,0.03641207815275311,92.10526315789474,48.21052631578947,full_trust,73,ATTACK,277,"(28, 29)",False,1,False,1770
44,0.0,True,0.0,0.7173187678351928,0.833183271219031,1728,0,1728.0,87,6,18,"(2, 50)",0,0.0452930728241563,93.88888888888889,47.77777777777778,full_trust,87,ATTACK,156,"(10, 38)",False,2,False,1770
0,0.0,True,0.0,0.9,0.9,1728,0,1728.0,80,5,21,"(25, 2)",0,0.00804289544235925,79.28571428571429,33.42857142857143,full_trust,80,ATTACK,131,"(24, 16)",False,0,False,1775
22,0.012000000000000455,False,0.012000000000000455,0.25543775740525493,0.3151982768524181,1585,151,1585.0,73,2,19,"(33, 8)",0,0.02040816326530612,92.10526315789474,48.21052631578947,full_trust,73,ATTACK,278,"(28, 24)",False,1,False,1775
34,0.0,True,0.0,0.7472934716984454,0.859295233468206,1733,0,1733.0,88,6,18,"(2, 50)",0,0.03371783496007098,93.88888888888889,47.77777777777778,full_trust,88,ATTACK,157,"(8, 41)",False,2,False,1775
0,0.0,True,0.0,0.9,0.9,1733,0,1733.0,80,5,21,"(25, 2)",0,0.0071492403932082215,79.28571428571429,33.42857142857143,full_trust,80,ATTACK,131,"(25, 12)",False,0,False,1780
17,0.012000000000000455,False,0.012000000000000455,0.28438978423079564,0.42915835343200615,1590,151,1590.0,73,2,19,"(33, 8)",0,0.015084294587400177,92.10526315789474,48.21052631578947,full_trust,73,ATTACK,278,"(29, 20)",False,1,False,1780
29,0.0,True,0.0,0.775767251640784,0.8809199992679179,1738,0,1738.0,88,6,18,"(2, 50)",0,0.02839396628216504,93.88888888888889,47.77777777777778,full_trust,88,ATTACK,157,"(4, 42)",False,2,False,1780
0,0.0,True,0.0,0.9,0.9,1738,0,1738.0,80,5,21,"(25, 2)",0,0.0071492403932082215,79.28571428571429,33.42857142857143,full_trust,80,ATTACK,131,"(25, 7)",False,0,False,1785
17,0.012000000000000455,True,0.012000000000000455,0.3306356004795333,0.5226819816245656,1595,151,1595.0,73,2,19,"(33, 8)",0,0.015084294587400177,92.10526315789474,48.21052631578947,full_trust,73,ATTACK,278,"(30, 16)",False,1,False,1785
29,0.0,True,0.0,0.7865834720392101,0.8890943975744,1743,0,1743.0,88,6,18,"(2, 50)",0,0.02839396628216504,93.88888888888889,47.77777777777778,full_trust,88,ATTACK,157,"(3, 46)",False,2,False,1785
0,0.0,True,0.0,0.9,0.9,1743,0,1743.0,80,5,21,"(25, 2)",0,0.0071492403932082215,79.28571428571429,33.42857142857143,full_trust,80,ATTACK,131,"(25, 2)",False,0,False,1790
17,0.012000000000000455,True,0.012000000000000455,0.38408247787843824,0.5926538288842526,1600,151,1600.0,73,2,19,"(33, 8)",0,0.015084294587400177,92.10526315789474,48.21052631578947,full_trust,73,ATTACK,278,"(30, 11)",False,1,False,1790
29,0.0,True,0.0,0.7865834720392101,0.8890943975744,1748,0,1748.0,88,6,18,"(2, 50)",0,0.02839396628216504,93.88888888888889,47.77777777777778,full_trust,88,ATTACK,157,"(2, 50)",False,2,False,1790
0,0.0,True,0.0,0.9,0.9,1747,0,1747.0,81,5,22,"(13, 50)",0,0.0071492403932082215,81.4090909090909,34.77272727272727,full_trust,81,ATTACK,132,"(25, 6)",False,0,False,1795
23,0.0,True,0.0,0.44040509726756677,0.6596576373193439,1605,151,1605.0,73,2,19,"(33, 8)",0,0.015971606033717833,92.10526315789474,48.21052631578947,full_trust,73,ATTACK,278,"(32, 8)",False,1,False,1795
35,0.0,True,0.0,0.7865834720392101,0.8890943975744,1752,0,1752.0,89,6,19,"(2, 41)",0,0.02839396628216504,94.26315789473684,48.05263157894737,full_trust,89,ATTACK,158,"(3, 47)",False,2,False,1795
0,0.0,True,0.0,0.9,0.9,1752,0,1752.0,81,5,22,"(13, 50)",0,0.0679177837354781,81.4090909090909,34.77272727272727,full_trust,81,ATTACK,133,"(25, 11)",False,0,False,1800
23,0.0,True,0.0,0.4875145805902365,0.7114808686118731,1609,151,1609.0,74,2,19,"(33, 50)",0,0.06299911268855368,92.10526315789474,48.21052631578947,full_trust,74,ATTACK,280,"(33, 11)",False,1,False,1800
33,0.0,True,0.0,0.6573147693702561,0.6573147693702561,1757,0,1757.0,89,6,19,"(2, 41)",0,0.08163265306122448,94.26315789473684,48.05263157894737,full_trust,89,ATTACK,159,"(3, 42)",False,2,False,1800
0,0.0,True,0.0,0.9,0.9,1757,0,1757.0,81,5,22,"(13, 50)",0,0.06523681858802502,81.4090909090909,34.77272727272727,full_trust,81,ATTACK,133,"(25, 16)",False,0,False,1805
23,0.0,True,0.0,0.5450594780618124,0.7577522598364997,1614,151,1614.0,76,2,19,"(33, 50)",0,0.061224489795918366,92.10526315789474,48.21052631578947,full_trust,76,ATTACK,282,"(33, 16)",False,1,False,1805
33,0.0,True,0.0,0.6573147693702561,0.6573147693702561,1761,0,1761.0,90,6,19,"(24, 45)",0,0.07808340727595386,94.26315789473684,48.05263157894737,full_trust,90,ATTACK,160,"(4, 41)",False,2,False,1805
0,0.0,True,0.0,0.9,0.9,1762,0,1762.0,81,5,22,"(13, 50)",0,0.06344950848972297,81.4090909090909,34.77272727272727,full_trust,81,ATTACK,133,"(21, 17)",False,0,False,1810
23,0.0,True,0.0,0.5990249235238653,0.8004475240284622,1619,151,1619.0,76,2,19,"(33, 50)",0,0.06033717834960071,92.10526315789474,48.21052631578947,full_trust,76,ATTACK,282,"(29, 17)",False,1,False,1810
33,0.0,True,0.0,0.6573147693702561,0.6573147693702561,1766,0,1766.0,90,6,19,"(24, 45)",0,0.07542147293700088,94.26315789473684,48.05263157894737,full_trust,90,ATTACK,160,"(9, 41)",False,2,False,1810
0,0.0,True,0.0,0.9,0.9,1767,0,1767.0,83,5,22,"(13, 50)",0,0.052397868561278864,81.4090909090909,34.77272727272727,full_trust,83,ATTACK,135,"(19, 20)",False,0,False,1815
23,0.0,True,0.0,0.6300257157817084,0.8233938663890394,1624,151,1624.0,76,2,19,"(33, 50)",0,0.048802129547471165,92.10526315789474,48.21052631578947,full_trust,76,ATTACK,282,"(29, 22)",False,1,False,1815
33,0.0,True,0.0,0.6573147693702561,0.6573147693702561,1771,0,1771.0,91,6,19,"(24, 45)",0,0.06388642413487133,94.26315789473684,48.05263157894737,full_trust,91,ATTACK,161,"(14, 41)",False,2,False,1815
0,0.0,True,0.0,0.9,0.9,1772,0,1772.0,83,5,22,"(13, 50)",0,0.04488330341113106,81.4090909090909,34.77272727272727,full_trust,83,ATTACK,135,"(17, 23)",False,0,False,1820
22,0.0,True,0.0,0.6300257157817084,0.8233938663890394,1629,151,1629.0,76,2,19,"(33, 50)",0,0.04394618834080718,92.10526315789474,48.21052631578947,full_trust,76,ATTACK,282,"(29, 27)",False,1,False,1820
33,0.0,True,0.0,0.6573147693702561,0.6573147693702561,1776,0,1776.0,92,6,19,"(24, 45)",0,0.05560538116591928,94.26315789473684,48.05263157894737,full_trust,92,ATTACK,162,"(19, 41)",False,2,False,1820
0,0.0,True,0.0,0.9,0.9,1777,0,1777.0,84,5,22,"(13, 50)",0,0.03581020590868397,81.4090909090909,34.77272727272727,full_trust,84,ATTACK,136,"(16, 27)",False,0,False,1825
15,0.0,True,0.0,0.6300257157817084,0.8233938663890394,1634,151,1634.0,77,2,19,"(33, 50)",0,0.03222918531781558,92.10526315789474,48.21052631578947,full_trust,77,ATTACK,283,"(28, 31)",False,1,False,1825
33,0.0,True,0.0,0.6573147693702561,0.6573147693702561,1781,0,1781.0,92,6,19,"(24, 45)",0,0.03670546105640107,94.26315789473684,48.05263157894737,full_trust,92,ATTACK,163,"(23, 40)",False,2,False,1825
0,0.0,True,0.0,0.9,0.9,1782,0,1782.0,84,5,22,"(13, 50)",0,0.03312444046553268,81.4090909090909,34.77272727272727,full_trust,84,ATTACK,136,"(14, 30)",False,0,False,1830
15,0.0,True,0.0,0.6300257157817084,0.8233938663890394,1639,151,1639.0,77,2,19,"(33, 50)",0,0.02954341987466428,92.10526315789474,48.21052631578947,full_trust,77,ATTACK,283,"(29, 35)",False,1,False,1830
33,0.0,True,0.0,0.6573147693702561,0.6573147693702561,1786,0,1786.0,92,6,19,"(24, 45)",0,0.044762757385854966,94.26315789473684,48.05263157894737,full_trust,92,ATTACK,163,"(25, 43)",False,2,False,1830
0,0.0,True,0.0,0.9,0.9,1787,0,1787.0,84,5,22,"(13, 50)",0,0.02685765443151298,81.4090909090909,34.77272727272727,full_trust,84,ATTACK,136,"(14, 35)",False,0,False,1835
27,0.0,True,0.0,0.6300257157817084,0.8233938663890394,1644,151,1644.0,77,2,19,"(33, 50)",0,0.02775290957923008,92.10526315789474,48.21052631578947,full_trust,77,ATTACK,283,"(29, 40)",False,1,False,1835
45,0.0,True,0.0,0.6573147693702561,0.6573147693702561,1790,0,1790.0,93,6,20,"(15, 2)",0,0.052820053715308866,91.7,47.2,full_trust,93,ATTACK,164,"(25, 45)",False,2,False,1835
0,0.0,True,0.0,0.9,0.9,1792,0,1792.0,84,5,22,"(13, 50)",0,0.026876737720111215,81.4090909090909,34.77272727272727,full_trust,84,ATTACK,136,"(14, 40)",False,0,False,1840
27,0.0,True,0.0,0.6300257157817084,0.8233938663890394,1649,151,1649.0,77,2,19,"(33, 50)",0,0.027803521779425393,92.10526315789474,48.21052631578947,full_trust,77,ATTACK,283,"(32, 42)",False,1,False,1840
45,0.0,True,0.0,0.6573147693702561,0.6573147693702561,1795,0,1795.0,93,6,20,"(15, 2)",0,0.05468025949953661,91.7,47.2,full_trust,93,ATTACK,164,"(25, 40)",False,2,False,1840
0,0.0,True,0.0,0.9,0.9,1797,0,1797.0,84,5,22,"(13, 50)",0,0.02665441176470588,81.4090909090909,34.77272727272727,full_trust,84,ATTACK,136,"(13, 44)",False,0,False,1845
27,0.0,True,0.0,0.6300257157817084,0.8233938663890394,1654,151,1654.0,77,2,19,"(33, 50)",0,0.02849264705882353,92.10526315789474,48.21052631578947,full_trust,77,ATTACK,283,"(32, 47)",False,1,False,1845
45,0.0,True,0.0,0.6578151244487239,0.6673218709396118,1800,0,1800.0,93,6,20,"(15, 2)",0,0.05422794117647059,91.7,47.2,full_trust,93,ATTACK,164,"(21, 39)",False,2,False,1845
0,0.0,True,0.0,0.9,0.9,1802,0,1802.0,84,5,22,"(13, 50)",0,0.023423423423423424,81.4090909090909,34.77272727272727,full_trust,84,ATTACK,137,"(13, 49)",False,0,False,1850
25,4.176173456219431,True,4.176173456219431,0.6300257157817084,0.8233938663890394,1658,151,1658.0,78,2,20,"(25, 2)",25,0.02882882882882883,92.5,48.45,full_trust,78,ATTACK,285,"(33, 50)",True,1,True,1850
43,0.0,True,0.0,0.6673182764585094,0.7184296907237527,1805,0,1805.0,94,6,20,"(15, 2)",0,0.04954954954954955,91.7,47.2,full_trust,94,ATTACK,165,"(17, 38)",False,2,False,1850
0,0.0,True,0.0,0.9,0.9,1806,0,1806.0,85,5,22,"(33, 50)",0,0.023255813953488372,81.4090909090909,34.77272727272727,full_trust,85,ATTACK,138,"(16, 50)",False,0,False,1855
25,4.176173456219431,True,4.176173456219431,0.6300257157817084,0.8233938663890394,1663,151,1663.0,78,2,20,"(25, 2)",25,0.027728085867620753,92.5,48.45,full_trust,78,ATTACK,285,"(30, 48)",True,1,True,1855
43,0.0,True,0.0,0.6855942020507011,0.7654994209450967,1810,0,1810.0,94,6,20,"(15, 2)",0,0.046511627906976744,91.7,47.2,full_trust,94,ATTACK,165,"(17, 33)",False,2,False,1855
0,0.0,True,0.0,0.9,0.9,1811,0,1811.0,85,5,22,"(33, 50)",0,0.02333931777378815,81.4090909090909,34.77272727272727,full_trust,85,ATTACK,138,"(20, 49)",False,0,False,1860
25,4.176173456219431,True,4.176173456219431,0.6300257157817084,0.8233938663890394,1668,151,1668.0,78,2,20,"(25, 2)",25,0.027777777777777776,92.5,48.45,full_trust,78,ATTACK,285,"(30, 43)",True,1,True,1860
43,0.0,True,0.0,0.7087093221594567,0.8004160072048855,1815,0,1815.0,94,6,20,"(15, 2)",0,0.04398563734290844,91.7,47.2,full_trust,94,ATTACK,165,"(16, 29)",False,2,False,1860
0,0.0,True,0.0,0.9,0.9,1816,0,1816.0,85,5,22,"(33, 50)",0,0.023318385650224215,81.4090909090909,34.77272727272727,full_trust,85,ATTACK,138,"(24, 50)",False,0,False,1865
25,4.176173456219431,True,4.176173456219431,0.6300257157817084,0.8233938663890394,1673,151,1673.0,78,2,20,"(25, 2)",25,0.025962399283795883,92.5,48.45,full_trust,78,ATTACK,285,"(29, 39)",True,1,True,1865
43,0.0,True,0.0,0.7334654320641975,0.8283372969441157,1820,0,1820.0,94,6,20,"(15, 2)",0,0.04394618834080718,91.7,47.2,full_trust,94,ATTACK,165,"(16, 24)",False,2,False,1865
0,0.0,True,0.0,0.9,0.9,1821,0,1821.0,85,5,22,"(33, 50)",0,0.02242152466367713,81.4090909090909,34.77272727272727,full_trust,85,ATTACK,138,"(29, 50)",False,0,False,1870
39,22.471574908164314,True,22.471574908164314,0.6300257157817084,0.8233938663890394,1678,151,1678.0,78,2,20,"(25, 2)",39,0.03581020590868397,92.5,48.45,full_trust,78,ATTACK,286,"(29, 34)",True,1,True,1870
57,0.0,True,0.0,0.7434221379712268,0.8378074777999978,1825,0,1825.0,94,6,20,"(15, 2)",0,0.05560538116591928,91.7,47.2,full_trust,94,ATTACK,165,"(15, 20)",False,2,False,1870
0,0.0,True,0.0,0.9,0.9,1825,0,1825.0,86,5,23,"(2, 50)",0,0.01883408071748879,81.52173913043478,34.26086956521739,full_trust,86,ATTACK,140,"(33, 50)",False,0,False,1875
39,22.36022632590069,True,22.36022632590069,0.6300257157817084,0.8233938663890394,1683,151,1683.0,78,2,20,"(25, 2)",39,0.03222918531781558,92.5,48.45,full_trust,78,ATTACK,287,"(29, 29)",True,1,True,1875
57,0.0,True,0.0,0.7434221379712268,0.8378074777999978,1830,0,1830.0,94,6,20,"(15, 2)",0,0.04394618834080718,91.7,47.2,full_trust,94,ATTACK,166,"(15, 15)",False,2,False,1875
0,0.0,True,0.0,0.9,0.9,1830,0,1830.0,86,5,23,"(2, 50)",0,0.01883408071748879,81.52173913043478,34.26086956521739,full_trust,86,ATTACK,140,"(28, 50)",False,0,False,1880
39,22.36022632590069,True,22.36022632590069,0.6300257157817084,0.8233938663890394,1688,151,1688.0,78,2,20,"(25, 2)",39,0.03491495076096687,92.5,48.45,full_trust,78,ATTACK,287,"(29, 24)",True,1,True,1880
57,0.0,True,0.0,0.7484703968016267,0.8443873145792247,1835,0,1835.0,94,6,20,"(15, 2)",0,0.042152466367713005,91.7,47.2,full_trust,94,ATTACK,166,"(15, 10)",False,2,False,1880
0,0.0,True,0.0,0.9,0.9,1835,0,1835.0,86,5,23,"(2, 50)",0,0.019730941704035873,81.52173913043478,34.26086956521739,full_trust,86,ATTACK,140,"(24, 49)",False,0,False,1885
28,6.508784733996642,False,6.508784733996642,0.29383367135670835,0.29383367135670835,1693,151,1693.0,78,2,20,"(25, 2)",28,0.02775290957923008,92.5,48.45,full_trust,78,ATTACK,289,"(29, 19)",True,1,True,1885
57,0.0,True,0.0,0.7484703968016267,0.8443873145792247,1840,0,1840.0,94,6,20,"(15, 2)",0,0.042152466367713005,91.7,47.2,full_trust,94,ATTACK,166,"(15, 5)",False,2,False,1885
0,0.0,True,0.0,0.9,0.9,1840,0,1840.0,86,5,23,"(2, 50)",0,0.019730941704035873,81.52173913043478,34.26086956521739,full_trust,86,ATTACK,140,"(19, 49)",False,0,False,1890
27,4.767805576035052,False,4.767805576035052,0.22986905391128146,0.2459861010023561,1698,151,1698.0,78,2,20,"(25, 2)",27,0.02685765443151298,92.5,48.45,full_trust,78,ATTACK,289,"(30, 15)",True,1,True,1890
57,0.0,True,0.0,0.7484703968016267,0.8443873145792247,1844,0,1844.0,95,6,20,"(24, 45)",0,0.04125560538116592,91.7,47.2,full_trust,95,ATTACK,167,"(15, 3)",False,2,False,1890
0,0.0,True,0.0,0.9,0.9,1845,0,1845.0,86,5,23,"(2, 50)",0,0.017040358744394617,81.52173913043478,34.26086956521739,full_trust,86,ATTACK,140,"(15, 48)",False,0,False,1895
20,1.8910852474279949,False,1.8910852474279949,0.23748078892498511,0.23748078892498511,1703,151,1703.0,78,2,20,"(25, 2)",20,0.020590868397493287,92.5,48.45,full_trust,78,ATTACK,289,"(29, 11)",True,1,True,1895
57,0.0,True,0.0,0.7484703968016267,0.8443873145792247,1849,0,1849.0,95,6,20,"(24, 45)",0,0.039461883408071746,91.7,47.2,full_trust,95,ATTACK,167,"(15, 8)",False,2,False,1895
0,0.0,True,0.0,0.9,0.9,1850,0,1850.0,86,5,23,"(2, 50)",0,0.01618705035971223,81.52173913043478,34.26086956521739,full_trust,86,ATTACK,141,"(12, 46)",False,0,False,1900
13,0.0,False,0.0,0.17690752053722775,0.19352038947205477,1708,151,1708.0,78,2,20,"(25, 2)",0,0.013477088948787063,92.5,48.45,full_trust,78,ATTACK,290,"(28, 7)",False,1,False,1900
57,0.0,True,0.0,0.7484703968016267,0.8443873145792247,1854,0,1854.0,95,6,20,"(24, 45)",0,0.030575539568345324,91.7,47.2,full_trust,95,ATTACK,168,"(15, 13)",False,2,False,1900
0,0.0,True,0.0,0.9,0.9,1855,0,1855.0,86,5,23,"(2, 50)",0,0.011586452762923352,81.52173913043478,34.26086956521739,full_trust,86,ATTACK,141,"(7, 46)",False,0,False,1905
37,0.0,False,0.0,0.17690752053722775,0.19352038947205477,1713,151,1713.0,78,2,20,"(25, 2)",0,0.03383793410507569,92.5,48.45,full_trust,78,ATTACK,290,"(25, 5)",False,1,False,1905
77,0.0,True,0.0,0.6144547701351643,0.6144547701351643,1859,0,1859.0,95,6,20,"(24, 45)",0,0.031194295900178252,91.7,47.2,full_trust,95,ATTACK,168,"(15, 18)",False,2,False,1905
0,0.0,True,0.0,0.9,0.9,1860,0,1860.0,86,5,23,"(2, 50)",0,0.0106951871657754,81.52173913043478,34.26086956521739,full_trust,86,ATTACK,141,"(3, 47)",False,0,False,1910
37,0.0,False,0.0,0.17690752053722775,0.19352038947205477,1717,151,1717.0,79,2,20,"(33, 30)",0,0.03294746215494212,92.5,48.45,full_trust,79,ATTACK,291,"(25, 3)",False,1,False,1910
61,0.0,False,0.0,0.15686573958355102,0.15686573958355102,1864,0,1864.0,96,6,20,"(24, 45)",0,0.0374331550802139,91.7,47.2,full_trust,96,ATTACK,169,"(15, 23)",False,2,False,1910
0,0.0,True,0.0,0.9,0.9,1864,0,1864.0,87,5,23,"(2, 41)",0,0.00980392156862745,81.52173913043478,34.26086956521739,full_trust,87,ATTACK,142,"(2, 50)",False,0,False,1915
37,0.0,False,0.0,0.17690752053722775,0.19352038947205477,1722,151,1722.0,79,2,20,"(33, 30)",0,0.03383793410507569,92.5,48.45,full_trust,79,ATTACK,291,"(26, 7)",False,1,False,1915
60,0.0,False,0.0,0.12400384146599773,0.1580028775275102,1869,0,1869.0,96,6,20,"(24, 45)",0,0.025846702317290554,91.7,47.2,full_trust,96,ATTACK,169,"(17, 26)",False,2,False,1915
0,0.0,True,0.0,0.9,0.9,1869,0,1869.0,87,5,23,"(2, 41)",0,0.00985663082437276,81.52173913043478,34.26086956521739,full_trust,87,ATTACK,142,"(3, 46)",False,0,False,1920
28,0.0,False,0.0,0.17690752053722775,0.19352038947205477,1727,151,1727.0,79,2,20,"(33, 30)",0,0.03389830508474576,92.5,48.45,full_trust,79,ATTACK,291,"(26, 12)",False,1,False,1920
51,0.0,False,0.0,0.12400384146599773,0.1580028775275102,1874,0,1874.0,96,6,20,"(24, 45)",0,0.03046594982078853,91.7,47.2,full_trust,96,ATTACK,169,"(17, 31)",False,2,False,1920
0,0.0,True,0.0,0.9,0.9,1874,0,1874.0,87,5,23,"(2, 41)",0,0.00985663082437276,81.52173913043478,34.26086956521739,full_trust,87,ATTACK,143,"(3, 41)",False,0,False,1925
28,0.0,False,0.0,0.18655401084907422,0.2647840327684844,1732,151,1732.0,80,2,20,"(33, 30)",0,0.03389830508474576,92.5,48.45,full_trust,80,ATTACK,292,"(26, 17)",False,1,False,1925
51,0.0,False,0.0,0.12400384146599773,0.1580028775275102,1879,0,1879.0,97,6,20,"(24, 45)",0,0.027777777777777776,91.7,47.2,full_trust,97,ATTACK,170,"(17, 36)",False,2,False,1925
0,0.0,True,0.0,0.9,0.9,1878,0,1878.0,88,5,24,"(3, 8)",0,0.00985663082437276,80.29166666666667,33.333333333333336,full_trust,88,ATTACK,144,"(5, 41)",False,0,False,1930
28,0.0,False,0.0,0.19146851801872034,0.2848441542419964,1737,151,1737.0,80,2,20,"(33, 30)",0,0.03389830508474576,92.5,48.45,full_trust,80,ATTACK,292,"(28, 20)",False,1,False,1930
51,0.0,False,0.0,0.13067578101124522,0.20426582437064286,1884,0,1884.0,97,6,20,"(24, 45)",0,0.03136200716845878,91.7,47.2,full_trust,97,ATTACK,170,"(19, 39)",False,2,False,1930
0,0.0,True,0.0,0.9,0.9,1883,0,1883.0,88,5,24,"(3, 8)",0,0.00985663082437276,80.29166666666667,33.333333333333336,full_trust,88,ATTACK,144,"(10, 41)",False,0,False,1935
28,0.0,False,0.0,0.19146851801872034,0.2848441542419964,1742,151,1742.0,80,2,20,"(33, 30)",0,0.03389830508474576,92.5,48.45,full_trust,80,ATTACK,292,"(28, 25)",False,1,False,1935
51,0.0,False,0.0,0.14632288762679838,0.25774647898762476,1889,0,1889.0,97,6,20,"(24, 45)",0,0.035842293906810034,91.7,47.2,full_trust,97,ATTACK,170,"(23, 40)",False,2,False,1935
0,0.0,True,0.0,0.9,0.9,1888,0,1888.0,88,5,24,"(3, 8)",0,0.009865470852017937,80.29166666666667,33.333333333333336,full_trust,88,ATTACK,144,"(12, 38)",False,0,False,1940
46,0.0,False,0.0,0.19146851801872034,0.2848441542419964,1747,151,1747.0,80,2,20,"(33, 30)",0,0.05,92.5,48.45,full_trust,80,ATTACK,292,"(28, 30)",False,1,False,1940
65,0.0,False,0.0,0.16803478839783964,0.31812626005040934,1894,0,1894.0,97,6,20,"(24, 45)",0,0.033183856502242155,91.7,47.2,full_trust,97,ATTACK,170,"(25, 43)",False,2,False,1940
0,0.0,True,0.0,0.9,0.9,1893,0,1893.0,88,5,24,"(3, 8)",0,0.009865470852017937,80.29166666666667,33.333333333333336,full_trust,88,ATTACK,144,"(13, 34)",False,0,False,1945
46,0.0,False,0.0,0.19146851801872034,0.2848441542419964,1752,151,1752.0,80,2,20,"(33, 30)",0,0.05,92.5,48.45,full_trust,80,ATTACK,292,"(33, 30)",False,1,False,1945
65,0.0,False,0.0,0.20580997208178714,0.397948534764954,1898,0,1898.0,98,6,21,"(2, 41)",0,0.029596412556053813,92.57142857142857,47.57142857142857,full_trust,98,ATTACK,171,"(24, 46)",False,2,False,1945
0,0.0,True,0.0,0.9,0.9,1898,0,1898.0,88,5,24,"(3, 8)",0,0.06624888093106536,80.29166666666667,33.333333333333336,full_trust,88,ATTACK,145,"(13, 29)",False,0,False,1950
46,3.5104451439024587,False,3.5104451439024587,0.19146851801872034,0.2848441542419964,1756,151,1756.0,81,2,21,"(2, 41)",46,0.10606060606060606,92.66666666666667,47.904761904761905,full_trust,81,ATTACK,294,"(29, 30)",True,1,True,1950
65,0.7226593761543469,False,0.7226593761543469,0.25087238678776747,0.47797725148101144,1903,0,1903.0,99,6,21,"(2, 41)",65,0.08504923903312445,92.57142857142857,47.57142857142857,full_trust,99,ATTACK,172,"(22, 49)",True,2,True,1950
0,0.0,True,0.0,0.9,0.9,1903,0,1903.0,88,5,24,"(3, 8)",0,0.0659536541889483,80.29166666666667,33.333333333333336,full_trust,88,ATTACK,145,"(13, 24)",False,0,False,1955
31,3.5104451439024587,False,3.5104451439024587,0.19146851801872034,0.2848441542419964,1761,151,1761.0,81,2,21,"(2, 41)",31,0.09155555555555556,92.66666666666667,47.904761904761905,full_trust,81,ATTACK,294,"(27, 33)",True,1,True,1955
65,0.7226593761543469,False,0.7226593761543469,0.25087238678776747,0.47797725148101144,1908,0,1908.0,99,6,21,"(2, 41)",65,0.08467023172905526,92.57142857142857,47.57142857142857,full_trust,99,ATTACK,172,"(18, 48)",True,2,True,1955
0,0.0,True,0.0,0.9,0.9,1908,0,1908.0,88,5,24,"(3, 8)",0,0.05525846702317291,80.29166666666667,33.333333333333336,full_trust,88,ATTACK,145,"(14, 20)",False,0,False,1960
23,3.5104451439024587,False,3.5104451439024587,0.19146851801872034,0.2848441542419964,1766,151,1766.0,81,2,21,"(2, 41)",23,0.07733333333333334,92.66666666666667,47.904761904761905,full_trust,81,ATTACK,294,"(24, 35)",True,1,True,1960
51,0.0,False,0.0,0.25087238678776747,0.47797725148101144,1913,0,1913.0,99,6,21,"(2, 41)",0,0.07754010695187166,92.57142857142857,47.57142857142857,full_trust,99,ATTACK,172,"(18, 43)",False,2,False,1960
0,0.0,True,0.0,0.9,0.9,1913,0,1913.0,89,5,24,"(3, 8)",0,0.04723707664884135,80.29166666666667,33.333333333333336,full_trust,89,ATTACK,146,"(14, 15)",False,0,False,1965
15,0.0,False,0.0,0.1972048493320536,0.30619514428538536,1771,151,1771.0,81,2,21,"(2, 41)",0,0.05511111111111111,92.66666666666667,47.904761904761905,full_trust,81,ATTACK,294,"(19, 35)",False,1,False,1965
46,0.0,False,0.0,0.25087238678776747,0.47797725148101144,1918,0,1918.0,99,6,21,"(2, 41)",0,0.07040998217468805,92.57142857142857,47.57142857142857,full_trust,99,ATTACK,172,"(14, 42)",False,2,False,1965
0,0.0,True,0.0,0.9,0.9,1918,0,1918.0,89,5,24,"(3, 8)",0,0.045454545454545456,80.29166666666667,33.333333333333336,full_trust,89,ATTACK,146,"(16, 12)",False,0,False,1970
12,0.0,False,0.0,0.23692550221992012,0.41136416613673515,1776,151,1776.0,81,2,21,"(2, 41)",0,0.052444444444444446,92.66666666666667,47.904761904761905,full_trust,81,ATTACK,294,"(14, 35)",False,1,False,1970
46,0.0,False,0.0,0.25087238678776747,0.47797725148101144,1923,0,1923.0,99,6,21,"(2, 41)",0,0.06862745098039216,92.57142857142857,47.57142857142857,full_trust,99,ATTACK,172,"(10, 41)",False,2,False,1970
0,0.0,True,0.0,0.9,0.9,1923,0,1923.0,90,5,24,"(3, 8)",0,0.0427426536064114,80.29166666666667,33.333333333333336,full_trust,90,ATTACK,148,"(15, 8)",False,0,False,1975
8,0.0,False,0.0,0.24669310342763576,0.4322775263742326,1781,151,1781.0,81,2,21,"(2, 41)",0,0.046181172291296625,92.66666666666667,47.904761904761905,full_trust,81,ATTACK,295,"(14, 40)",False,1,False,1975
46,0.0,False,0.0,0.25087238678776747,0.47797725148101144,1928,0,1928.0,99,6,21,"(2, 41)",0,0.06589492430988424,92.57142857142857,47.57142857142857,full_trust,99,ATTACK,173,"(5, 41)",False,2,False,1975
0,0.0,True,0.0,0.9,0.9,1928,0,1928.0,90,5,24,"(3, 8)",0,0.03985171455050973,80.29166666666667,33.333333333333336,full_trust,90,ATTACK,148,"(10, 8)",False,0,False,1980
17,0.0,False,0.0,0.24669310342763576,0.4322775263742326,1786,151,1786.0,81,2,21,"(2, 41)",0,0.0432780847145488,92.66666666666667,47.904761904761905,full_trust,81,ATTACK,295,"(10, 41)",False,1,False,1980
56,0.0,False,0.0,0.25087238678776747,0.47797725148101144,1932,0,1932.0,100,6,21,"(25, 2)",0,0.06278855032317636,92.57142857142857,47.57142857142857,full_trust,100,ATTACK,174,"(3, 41)",False,2,False,1980
0,0.0,True,0.0,0.9,0.9,1933,0,1933.0,90,5,24,"(3, 8)",0,0.03970452446906741,80.29166666666667,33.333333333333336,full_trust,90,ATTACK,148,"(5, 8)",False,0,False,1985
17,0.0,False,0.0,0.24669310342763576,0.4322775263742326,1790,151,1790.0,81,3,21,"(2, 41)",0,0.04220183486238532,92.66666666666667,47.904761904761905,full_trust,81,ATTACK,295,"(6, 41)",False,1,False,1985
56,0.0,False,0.0,0.25087238678776747,0.47797725148101144,1937,0,1937.0,100,6,21,"(25, 2)",0,0.06071757129714812,92.57142857142857,47.57142857142857,full_trust,100,ATTACK,174,"(4, 41)",False,2,False,1985
0,0.0,True,0.0,0.9,0.9,1937,0,1937.0,91,5,24,"(33, 8)",0,0.03970452446906741,80.29166666666667,33.333333333333336,full_trust,91,ATTACK,149,"(5, 8)",False,0,False,1990
17,0.0,False,0.0,0.24669310342763576,0.4322775263742326,1794,151,1794.0,81,4,21,"(2, 41)",0,0.043119266055045874,92.66666666666667,47.904761904761905,full_trust,81,ATTACK,295,"(2, 41)",False,1,False,1990
56,0.0,False,0.0,0.25087238678776747,0.47797725148101144,1941,0,1941.0,104,7,21,"(25, 2)",0,0.05979760809567617,92.57142857142857,47.57142857142857,full_trust,104,ATTACK,178,"(4, 37)",False,2,False,1990
0,0.0,True,0.0,0.9,0.9,1942,0,1942.0,91,5,24,"(33, 8)",0,0.03970452446906741,80.29166666666667,33.333333333333336,full_trust,91,ATTACK,149,"(10, 8)",False,0,False,1995
17,0.0,False,0.0,0.24669310342763576,0.4322775263742326,1798,151,1798.0,82,4,21,"(25, 2)",0,0.04220183486238532,92.66666666666667,47.904761904761905,full_trust,82,ATTACK,296,"(6, 41)",False,1,False,1995
56,0.0,True,0.0,0.2751288815991034,0.5063552297606561,1946,0,1946.0,104,7,21,"(25, 2)",0,0.05887764489420423,92.57142857142857,47.57142857142857,full_trust,104,ATTACK,178,"(8, 36)",False,2,False,1995
0,0.0,True,0.0,0.9,0.9,1947,0,1947.0,91,5,24,"(33, 8)",0,0.038461538461538464,80.29166666666667,33.333333333333336,full_trust,91,RECOVERY,150,"(14, 9)",False,0,False,2000
17,0.0,False,0.0,0.24669310342763576,0.4322775263742326,1803,151,1803.0,82,4,21,"(25, 2)",0,0.04018691588785047,92.66666666666667,47.904761904761905,full_trust,82,RECOVERY,297,"(8, 38)",False,1,False,2000
56,0.0,True,0.0,0.312657640168352,0.553110974955496,1951,0,1951.0,104,7,21,"(25, 2)",0,0.05420560747663551,92.57142857142857,47.57142857142857,full_trust,104,RECOVERY,179,"(13, 36)",False,2,False,2000
0,0.0,True,0.0,0.9,0.9,1952,0,1952.0,91,5,24,"(33, 8)",0,0.038425492033739454,80.29166666666667,33.333333333333336,full_trust,91,RECOVERY,150,"(19, 9)",False,0,False,2005
17,0.0,False,0.0,0.2568094735198414,0.4490205052717489,1808,151,1808.0,82,4,21,"(25, 2)",0,0.040149393090569564,92.66666666666667,47.904761904761905,full_trust,82,RECOVERY,297,"(11, 36)",False,1,False,2005
56,0.0,True,0.0,0.375327591275533,0.6115562584720787,1956,0,1956.0,104,7,21,"(25, 2)",0,0.05228758169934641,92.57142857142857,47.57142857142857,full_trust,104,RECOVERY,179,"(15, 33)",False,2,False,2005
0,0.0,True,0.0,0.9,0.9,1957,0,1957.0,91,5,24,"(33, 8)",0,0.04029990627928772,80.29166666666667,33.333333333333336,full_trust,91,RECOVERY,150,"(24, 9)",False,0,False,2010
17,0.0,False,0.0,0.2776664733418485,0.476995429039579,1813,151,1813.0,82,4,21,"(25, 2)",0,0.040149393090569564,92.66666666666667,47.904761904761905,full_trust,82,RECOVERY,297,"(15, 35)",False,1,False,2010
51,0.0,True,0.0,0.43607825917326026,0.6632888439443407,1961,0,1961.0,104,7,21,"(25, 2)",0,0.05228758169934641,92.57142857142857,47.57142857142857,full_trust,104,RECOVERY,179,"(15, 28)",False,2,False,2010
0,0.0,True,0.0,0.9,0.9,1962,0,1962.0,91,5,24,"(33, 8)",0,0.03561387066541706,80.29166666666667,33.333333333333336,full_trust,91,RECOVERY,150,"(28, 8)",False,0,False,2015
17,0.0,True,0.0,0.32055356269423585,0.5253671193110202,1818,151,1818.0,82,4,21,"(25, 2)",0,0.035480859010270774,92.66666666666667,47.904761904761905,full_trust,82,RECOVERY,297,"(19, 34)",False,1,False,2015
44,0.0,True,0.0,0.49410178220982415,0.7100428381353887,1966,0,1966.0,104,7,21,"(25, 2)",0,0.047619047619047616,92.57142857142857,47.57142857142857,full_trust,104,RECOVERY,179,"(15, 23)",False,2,False,2015
0,0.0,True,0.0,0.9,0.9,1967,0,1967.0,91,5,24,"(33, 8)",0,0.03280224929709466,80.29166666666667,33.333333333333336,full_trust,91,RECOVERY,150,"(33, 8)",False,0,False,2020
17,0.0,True,0.0,0.32055356269423585,0.5253671193110202,1823,151,1823.0,82,4,21,"(25, 2)",0,0.031746031746031744,92.66666666666667,47.904761904761905,full_trust,82,RECOVERY,297,"(24, 34)",False,1,False,2020
44,0.0,True,0.0,0.5486446433678563,0.7507891618864305,1971,0,1971.0,104,7,21,"(25, 2)",0,0.04108309990662932,92.57142857142857,47.57142857142857,full_trust,104,RECOVERY,179,"(15, 18)",False,2,False,2020
0,0.0,True,0.0,0.9,0.9,1971,0,1971.0,92,5,25,"(24, 45)",0,0.029053420805998126,80.84,33.32,full_trust,92,RECOVERY,152,"(29, 8)",False,0,False,2025
17,0.0,True,0.0,0.32055356269423585,0.5253671193110202,1828,151,1828.0,82,4,21,"(25, 2)",0,0.03081232492997199,92.66666666666667,47.904761904761905,full_trust,82,RECOVERY,298,"(24, 29)",False,1,False,2025
44,0.0,True,0.0,0.5999741104735226,0.7897302505602788,1976,0,1976.0,105,7,21,"(25, 2)",0,0.040149393090569564,92.57142857142857,47.57142857142857,full_trust,105,RECOVERY,180,"(16, 14)",False,2,False,2025
0,0.0,True,0.0,0.9,0.9,1976,0,1976.0,92,5,25,"(24, 45)",0,0.023430178069353328,80.84,33.32,full_trust,92,RECOVERY,152,"(27, 11)",False,0,False,2030
17,0.0,True,0.0,0.32055356269423585,0.5253671193110202,1833,151,1833.0,82,4,21,"(25, 2)",0,0.029878618113912233,92.66666666666667,47.904761904761905,full_trust,82,RECOVERY,298,"(25, 25)",False,1,False,2030
42,0.0,True,0.0,0.6477711672887774,0.8243786726305662,1981,0,1981.0,105,7,21,"(25, 2)",0,0.031746031746031744,92.57142857142857,47.57142857142857,full_trust,105,RECOVERY,180,"(18, 11)",False,2,False,2030
0,0.0,True,0.0,0.9,0.9,1981,0,1981.0,92,5,25,"(24, 45)",0,0.022492970946579195,80.84,33.32,full_trust,92,RECOVERY,152,"(25, 14)",False,0,False,2035
17,0.0,True,0.0,0.33153882954863606,0.5402588997822404,1838,151,1838.0,82,4,21,"(25, 2)",0,0.028944911297852476,92.66666666666667,47.904761904761905,full_trust,82,RECOVERY,298,"(25, 20)",False,1,False,2035
35,0.0,True,0.0,0.6923742135302221,0.8580423613038746,1986,0,1986.0,105,7,21,"(25, 2)",0,0.02427637721755369,92.57142857142857,47.57142857142857,full_trust,105,RECOVERY,180,"(21, 9)",False,2,False,2035
0,0.0,True,0.0,0.9,0.9,1985,0,1985.0,92,6,25,"(24, 45)",0,0.0225140712945591,80.84,33.32,full_trust,92,RECOVERY,152,"(25, 18)",False,0,False,2040
17,0.0,True,0.0,0.3921292778367167,0.6362642549874059,1842,151,1842.0,82,5,21,"(25, 2)",0,0.027102803738317756,92.66666666666667,47.904761904761905,full_trust,82,RECOVERY,298,"(27, 18)",False,1,False,2040
30,0.0,True,0.0,0.7337358276731103,0.8843447675113123,1991,0,1991.0,105,7,21,"(25, 2)",0,0.024299065420560748,92.57142857142857,47.57142857142857,full_trust,105,RECOVERY,180,"(25, 8)",False,2,False,2040
0,0.0,True,0.0,0.9,0.9,1990,0,1990.0,92,6,25,"(24, 45)",0,0.019699812382739212,80.84,33.32,full_trust,92,RECOVERY,152,"(25, 23)",False,0,False,2045
17,0.0,True,0.0,0.45767370524728057,0.7099900633363426,1847,151,1847.0,84,5,21,"(25, 2)",0,0.024299065420560748,92.66666666666667,47.904761904761905,full_trust,84,RECOVERY,300,"(25, 15)",False,1,False,2045
30,0.0,True,0.0,0.7703248167399249,0.9013240722417167,1996,0,1996.0,105,7,21,"(25, 2)",0,0.02149532710280374,92.57142857142857,47.57142857142857,full_trust,105,RECOVERY,180,"(25, 3)",False,2,False,2045
0,0.0,True,0.0,0.9,0.9,1995,0,1995.0,92,6,25,"(24, 45)",0,0.019699812382739212,80.84,33.32,full_trust,92,RECOVERY,153,"(25, 28)",False,0,False,2050
17,0.0,True,0.0,0.5222940003879941,0.7619301655169192,1852,151,1852.0,84,5,21,"(25, 2)",0,0.024299065420560748,92.66666666666667,47.904761904761905,full_trust,84,RECOVERY,301,"(25, 10)",False,1,False,2050
18,0.0,True,0.0,0.7703248167399249,0.9013240722417167,1999,0,1999.0,106,7,22,"(33, 50)",0,0.02149532710280374,93.04545454545455,48.5,full_trust,106,RECOVERY,183,"(25, 4)",False,2,False,2050
0,0.0,True,0.0,0.9,0.9,2000,0,2000.0,92,6,25,"(24, 45)",0,0.019699812382739212,80.84,33.32,full_trust,92,RECOVERY,153,"(25, 33)",False,0,False,2055
17,0.0,True,0.0,0.5702527438637841,0.7905656792467671,1856,151,1856.0,84,6,21,"(25, 2)",0,0.024299065420560748,92.66666666666667,47.904761904761905,full_trust,84,RECOVERY,301,"(25, 6)",False,1,False,2055
16,0.0,True,0.0,0.7770161891219267,0.9041522643799597,2003,0,2003.0,106,8,22,"(33, 50)",0,0.02149532710280374,93.04545454545455,48.5,full_trust,106,RECOVERY,183,"(27, 6)",False,2,False,2055
0,0.0,True,0.0,0.9,0.9,2005,0,2005.0,92,6,25,"(24, 45)",0,0.018726591760299626,80.84,33.32,full_trust,92,RECOVERY,153,"(25, 38)",False,0,False,2060
17,0.0,True,0.0,0.6035417628768995,0.8084497602600481,1860,151,1860.0,85,6,22,"(2, 20)",0,0.02332089552238806,93.63636363636364,48.86363636363637,full_trust,85,RECOVERY,302,"(25, 2)",False,1,False,2060
14,0.0,True,0.0,0.8077735254628576,0.918320937723287,2008,0,2008.0,108,8,22,"(33, 50)",0,0.020522388059701493,93.04545454545455,48.5,full_trust,108,RECOVERY,185,"(27, 11)",False,2,False,2060
0,0.0,True,0.0,0.9,0.9,2010,0,2010.0,92,6,25,"(24, 45)",0,0.015917602996254682,80.84,33.32,full_trust,92,RECOVERY,153,"(25, 43)",False,0,False,2065
14,0.0,True,0.0,0.6035417628768995,0.8084497602600481,1865,151,1865.0,85,6,22,"(2, 20)",0,0.020522388059701493,93.63636363636364,48.86363636363637,full_trust,85,RECOVERY,302,"(25, 7)",False,1,False,2065
11,0.0,True,0.0,0.8345802488337056,0.930913611593165,2013,0,2013.0,109,8,22,"(33, 50)",0,0.017723880597014924,93.04545454545455,48.5,full_trust,109,RECOVERY,186,"(27, 16)",False,2,False,2065
0,0.0,True,0.0,0.9,0.9,2014,0,2014.0,93,6,25,"(2, 20)",0,0.014044943820224719,80.84,33.32,full_trust,93,RECOVERY,154,"(25, 45)",False,0,False,2070
11,0.0,True,0.0,0.6035417628768995,0.8084497602600481,1870,151,1870.0,85,6,22,"(2, 20)",0,0.017723880597014924,93.63636363636364,48.86363636363637,full_trust,85,RECOVERY,302,"(25, 12)",False,1,False,2070
8,0.0,True,0.0,0.8578911216648017,0.9414752240921941,2018,0,2018.0,109,8,22,"(33, 50)",0,0.014925373134328358,93.04545454545455,48.5,full_trust,109,RECOVERY,186,"(27, 21)",False,2,False,2070
0,0.0,True,0.0,0.9,0.9,2019,0,2019.0,93,6,25,"(2, 20)",0,0.0149812734082397,80.84,33.32,full_trust,93,RECOVERY,155,"(25, 40)",False,0,False,2075
11,1.8975072052255513,True,1.8975072052255513,0.6242954387310722,0.8190996040538833,1875,151,1875.0,85,6,22,"(2, 20)",0,0.017723880597014924,93.63636363636364,48.86363636363637,full_trust,85,RECOVERY,303,"(24, 16)",False,1,False,2075
8,0.0,True,0.0,0.8780302856782027,0.950012790060747,2023,0,2023.0,109,8,22,"(33, 50)",0,0.014925373134328358,93.04545454545455,48.5,full_trust,109,RECOVERY,187,"(27, 26)",False,2,False,2075
0,0.0,True,0.0,0.9,0.9,2024,0,2024.0,93,6,25,"(2, 20)",0,0.0149812734082397,80.84,33.32,full_trust,93,RECOVERY,155,"(24, 36)",False,0,False,2080
11,1.8975072052255513,True,1.8975072052255513,0.6620159939671388,0.8326394314740407,1880,151,1880.0,85,6,22,"(2, 20)",0,0.017723880597014924,93.63636363636364,48.86363636363637,full_trust,85,RECOVERY,303,"(20, 17)",False,1,False,2080
8,0.0,True,0.0,0.8953348841729328,0.9571247682029703,2028,0,2028.0,109,8,22,"(33, 50)",0,0.014925373134328358,93.04545454545455,48.5,full_trust,109,RECOVERY,187,"(27, 31)",False,2,False,2080
0,0.0,True,0.0,0.9,0.9,2029,0,2029.0,93,6,25,"(2, 20)",0,0.0149812734082397,80.84,33.32,full_trust,93,RECOVERY,155,"(24, 31)",False,0,False,2085
11,1.8975072052255513,True,1.8975072052255513,0.70336501151001,0.8520063307984507,1885,151,1885.0,85,6,22,"(2, 20)",0,0.017723880597014924,93.63636363636364,48.86363636363637,full_trust,85,RECOVERY,303,"(15, 17)",False,1,False,2085
8,0.0,True,0.0,0.9104890994760131,0.9654578337588536,2033,0,2033.0,109,8,22,"(33, 50)",0,0.014925373134328358,93.04545454545455,48.5,full_trust,109,RECOVERY,187,"(27, 36)",False,2,False,2085
0,0.0,True,0.0,0.9,0.9,2034,0,2034.0,93,6,25,"(2, 20)",0,0.0149812734082397,80.84,33.32,full_trust,93,RECOVERY,155,"(24, 26)",False,0,False,2090
11,1.8975072052255513,True,1.8975072052255513,0.7393248140966667,0.8681666298113958,1890,151,1890.0,85,6,22,"(2, 20)",0,0.017723880597014924,93.63636363636364,48.86363636363637,full_trust,85,RECOVERY,303,"(13, 20)",False,1,False,2090
8,0.0,True,0.0,0.9238289079582107,0.9717024781605793,2038,0,2038.0,109,8,22,"(33, 50)",0,0.014925373134328358,93.04545454545455,48.5,full_trust,109,RECOVERY,187,"(27, 41)",False,2,False,2090
0,0.0,True,0.0,0.9,0.9,2039,0,2039.0,93,6,25,"(2, 20)",0,0.01011029411764706,80.84,33.32,full_trust,93,RECOVERY,155,"(20, 25)",False,0,False,2095
7,0.0,True,0.0,0.7585206849420891,0.8769914163796423,1895,151,1895.0,85,6,22,"(2, 20)",0,0.011029411764705883,93.63636363636364,48.86363636363637,full_trust,85,RECOVERY,303,"(8, 20)",False,1,False,2095
5,0.0,False,0.0,0.4501703755674488,0.4501703755674488,2043,0,2043.0,110,8,22,"(33, 50)",0,0.008272058823529412,93.04545454545455,48.5,full_trust,110,RECOVERY,188,"(28, 45)",False,2,False,2095
0,0.0,True,0.0,0.9,0.9,2044,0,2044.0,94,6,25,"(2, 20)",0,0.04787714543812105,80.84,33.32,full_trust,94,RECOVERY,156,"(16, 24)",False,0,False,2100
7,0.0,True,0.0,0.7585206849420891,0.8769914163796423,1900,151,1900.0,85,6,22,"(2, 20)",0,0.052393857271906055,93.63636363636364,48.86363636363637,full_trust,85,RECOVERY,304,"(3, 20)",False,1,False,2100
4,0.0,False,0.0,0.4291938750956592,0.4882088065405055,2048,0,2048.0,110,8,22,"(33, 50)",0,0.04968383017163505,93.04545454545455,48.5,full_trust,110,RECOVERY,189,"(30, 48)",False,2,False,2100
0,0.0,True,0.0,0.9,0.9,2049,0,2049.0,94,6,25,"(2, 20)",0,0.043243243243243246,80.84,33.32,full_trust,94,RECOVERY,156,"(13, 22)",False,0,False,2105
7,0.0,True,0.0,0.7585206849420891,0.8769914163796423,1904,151,1904.0,86,6,22,"(2, 41)",0,0.051351351351351354,93.63636363636364,48.86363636363637,full_trust,86,RECOVERY,305,"(2, 23)",False,1,False,2105
4,0.0,False,0.0,0.4291938750956592,0.4882088065405055,2053,0,2053.0,110,8,22,"(33, 50)",0,0.04594594594594595,93.04545454545455,48.5,full_trust,110,RECOVERY,189,"(33, 50)",False,2,False,2105
0,0.0,True,0.0,0.9,0.9,2054,0,2054.0,94,6,25,"(2, 20)",0,0.0415929203539823,80.84,33.32,full_trust,94,RECOVERY,156,"(10, 20)",False,0,False,2110
7,0.0,True,0.0,0.7585206849420891,0.8769914163796423,1909,151,1909.0,86,6,22,"(2, 41)",0,0.050442477876106194,93.63636363636364,48.86363636363637,full_trust,86,RECOVERY,305,"(3, 27)",False,1,False,2110
0,0.0,False,0.0,0.4291938750956592,0.4882088065405055,2057,0,2057.0,111,8,23,"(33, 8)",0,0.04336283185840708,91.56521739130434,48.91304347826087,full_trust,111,RECOVERY,190,"(32, 47)",False,2,False,2110
0,0.0,True,0.0,0.9,0.9,2059,0,2059.0,94,6,25,"(2, 20)",0,0.04056437389770723,80.84,33.32,full_trust,94,RECOVERY,156,"(5, 20)",False,0,False,2115
7,0.0,True,0.0,0.7585206849420891,0.8769914163796423,1914,151,1914.0,86,6,22,"(2, 41)",0,0.04938271604938271,93.63636363636364,48.86363636363637,full_trust,86,RECOVERY,305,"(3, 32)",False,1,False,2115
0,0.0,False,0.0,0.4291938750956592,0.4882088065405055,2062,0,2062.0,111,8,23,"(33, 8)",0,0.042328042328042326,91.56521739130434,48.91304347826087,full_trust,111,RECOVERY,190,"(29, 45)",False,2,False,2115
0,0.0,True,0.0,0.9,0.9,2063,0,2063.0,95,6,26,"(15, 2)",0,0.037037037037037035,81.5,33.96153846153846,full_trust,95,RECOVERY,157,"(3, 20)",False,0,False,2120
7,0.0,True,0.0,0.7585206849420891,0.8769914163796423,1919,151,1919.0,86,6,22,"(2, 41)",0,0.04585537918871252,93.63636363636364,48.86363636363637,full_trust,86,RECOVERY,305,"(3, 37)",False,1,False,2120
0,0.0,False,0.0,0.4291938750956592,0.4882088065405055,2067,0,2067.0,111,8,23,"(33, 8)",0,0.03880070546737213,91.56521739130434,48.91304347826087,full_trust,111,RECOVERY,190,"(29, 40)",False,2,False,2120
0,0.0,True,0.0,0.9,0.9,2068,0,2068.0,95,6,26,"(15, 2)",0,0.037037037037037035,81.5,33.96153846153846,full_trust,95,RECOVERY,158,"(8, 20)",False,0,False,2125
7,0.0,True,0.0,0.7585206849420891,0.8769914163796423,1924,151,1924.0,86,6,22,"(2, 41)",0,0.04497354497354497,93.63636363636364,48.86363636363637,full_trust,86,RECOVERY,306,"(2, 41)",False,1,False,2125
0,0.0,False,0.0,0.4291938750956592,0.4882088065405055,2072,0,2072.0,111,8,23,"(33, 8)",0,0.03791887125220458,91.56521739130434,48.91304347826087,full_trust,111,RECOVERY,191,"(29, 35)",False,2,False,2125
0,0.0,True,0.0,0.9,0.9,2073,0,2073.0,95,6,26,"(15, 2)",0,0.036155202821869487,81.5,33.96153846153846,full_trust,95,RECOVERY,158,"(13, 20)",False,0,False,2130
7,0.0,True,0.0,0.7585206849420891,0.8769914163796423,1928,151,1928.0,87,6,23,"(15, 2)",0,0.04497354497354497,92.43478260869566,47.78260869565217,full_trust,87,RECOVERY,307,"(4, 39)",False,1,False,2130
0,0.0,False,0.0,0.4291938750956592,0.4882088065405055,2077,0,2077.0,111,8,23,"(33, 8)",0,0.03791887125220458,91.56521739130434,48.91304347826087,full_trust,111,RECOVERY,191,"(29, 30)",False,2,False,2130
0,0.0,True,0.0,0.9,0.9,2078,0,2078.0,95,6,26,"(15, 2)",0,0.036155202821869487,81.5,33.96153846153846,full_trust,95,RECOVERY,158,"(16, 18)",False,0,False,2135
7,0.0,True,0.0,0.7585206849420891,0.8769914163796423,1933,151,1933.0,87,6,23,"(15, 2)",0,0.04497354497354497,92.43478260869566,47.78260869565217,full_trust,87,RECOVERY,307,"(5, 35)",False,1,False,2135
0,0.0,False,0.0,0.4291938750956592,0.4882088065405055,2082,0,2082.0,111,8,23,"(33, 8)",0,0.03791887125220458,91.56521739130434,48.91304347826087,full_trust,111,RECOVERY,191,"(29, 25)",False,2,False,2135
0,0.0,True,0.0,0.9,0.9,2083,0,2083.0,95,6,26,"(15, 2)",0,0.03259911894273128,81.5,33.96153846153846,full_trust,95,RECOVERY,158,"(16, 13)",False,0,False,2140
7,0.0,True,0.0,0.7585206849420891,0.8769914163796423,1938,151,1938.0,87,6,23,"(15, 2)",0,0.039647577092511016,92.43478260869566,47.78260869565217,full_trust,87,RECOVERY,307,"(5, 30)",False,1,False,2140
0,0.0,False,0.0,0.4291938750956592,0.4882088065405055,2087,0,2087.0,111,8,23,"(33, 8)",0,0.033480176211453744,91.56521739130434,48.91304347826087,full_trust,111,RECOVERY,191,"(29, 20)",False,2,False,2140
0,0.0,True,0.0,0.9,0.9,2088,0,2088.0,95,6,26,"(15, 2)",0,0.028045574057843997,81.5,33.96153846153846,full_trust,95,RECOVERY,158,"(16, 8)",False,0,False,2145
7,0.0,True,0.0,0.7876794762316031,0.8938953861851607,1943,151,1943.0,87,6,23,"(15, 2)",0,0.03067484662576687,92.43478260869566,47.78260869565217,full_trust,87,RECOVERY,307,"(5, 25)",False,1,False,2145
0,0.0,False,0.0,0.4291938750956592,0.4882088065405055,2092,0,2092.0,111,8,23,"(33, 8)",0,0.025416301489921123,91.56521739130434,48.91304347826087,full_trust,111,RECOVERY,191,"(29, 15)",False,2,False,2145
0,0.0,True,0.0,0.9,0.9,2093,0,2093.0,95,6,26,"(15, 2)",0,0.02716914986853637,81.5,33.96153846153846,full_trust,95,RECOVERY,159,"(15, 4)",False,0,False,2150
7,0.0,True,0.0,0.8141810044961066,0.9110968625747978,1948,151,1948.0,88,6,23,"(15, 2)",0,0.028921998247151623,92.43478260869566,47.78260869565217,full_trust,88,RECOVERY,308,"(7, 22)",False,1,False,2150
0,0.0,False,0.0,0.4291938750956592,0.4882088065405055,2097,0,2097.0,111,8,23,"(33, 8)",0,0.025416301489921123,91.56521739130434,48.91304347826087,full_trust,111,RECOVERY,192,"(29, 10)",False,2,False,2150
0,0.0,True,0.0,0.9,0.9,2097,0,2097.0,96,6,26,"(21, 17)",0,0.026292725679228746,81.5,33.96153846153846,full_trust,96,RECOVERY,160,"(15, 4)",False,0,False,2155
7,0.0,True,0.0,0.8379127561793408,0.924024618381391,1953,151,1953.0,88,6,23,"(15, 2)",0,0.028045574057843997,92.43478260869566,47.78260869565217,full_trust,88,RECOVERY,308,"(10, 20)",False,1,False,2155
0,0.0,False,0.0,0.4291938750956592,0.4882088065405055,2102,0,2102.0,111,8,23,"(33, 8)",0,0.024539877300613498,91.56521739130434,48.91304347826087,full_trust,111,RECOVERY,192,"(32, 8)",False,2,False,2155
0,0.0,True,0.0,0.9,0.9,2102,0,2102.0,96,6,26,"(21, 17)",0,0.025416301489921123,81.5,33.96153846153846,full_trust,96,RECOVERY,160,"(17, 7)",False,0,False,2160
7,0.0,True,0.0,0.8592030633514224,0.9363844878564881,1958,151,1958.0,88,6,23,"(15, 2)",0,0.028045574057843997,92.43478260869566,47.78260869565217,full_trust,88,RECOVERY,308,"(14, 19)",False,1,False,2160
0,0.0,False,0.0,0.4291938750956592,0.4882088065405055,2106,0,2106.0,112,8,23,"(33, 30)",0,0.024539877300613498,91.56521739130434,48.91304347826087,full_trust,112,RECOVERY,193,"(33, 11)",False,2,False,2160
0,0.0,True,0.0,0.9,0.9,2107,0,2107.0,96,6,26,"(21, 17)",0,0.025416301489921123,81.5,33.96153846153846,full_trust,96,RECOVERY,160,"(17, 12)",False,0,False,2165
7,0.0,True,0.0,0.8781402026975479,0.9466897948833543,1963,151,1963.0,88,6,23,"(15, 2)",0,0.028045574057843997,92.43478260869566,47.78260869565217,full_trust,88,RECOVERY,308,"(15, 15)",False,1,False,2165
0,0.0,False,0.0,0.4291938750956592,0.4882088065405055,2111,0,2111.0,112,8,23,"(33, 30)",0,0.024539877300613498,91.56521739130434,48.91304347826087,full_trust,112,RECOVERY,193,"(30, 13)",False,2,False,2165
0,0.0,True,0.0,0.9,0.9,2112,0,2112.0,96,6,26,"(21, 17)",0,0.025416301489921123,81.5,33.96153846153846,full_trust,96,RECOVERY,160,"(17, 17)",False,0,False,2170
7,0.0,True,0.0,0.8953033190190899,0.9580471572444473,1968,151,1968.0,88,6,23,"(15, 2)",0,0.028045574057843997,92.43478260869566,47.78260869565217,full_trust,88,RECOVERY,308,"(16, 11)",False,1,False,2170
0,0.0,False,0.0,0.4291938750956592,0.4882088065405055,2116,0,2116.0,112,8,23,"(33, 30)",0,0.024539877300613498,91.56521739130434,48.91304347826087,full_trust,112,RECOVERY,193,"(29, 17)",False,2,False,2170
0,0.0,True,0.0,0.9,0.9,2116,0,2116.0,97,6,27,"(25, 2)",0,0.025416301489921123,80.55555555555556,33.51851851851852,full_trust,97,RECOVERY,162,"(21, 17)",False,0,False,2175
7,0.0,True,0.0,0.9106422847775866,0.9656579860420847,1973,151,1973.0,88,6,23,"(15, 2)",0,0.028045574057843997,92.43478260869566,47.78260869565217,full_trust,88,RECOVERY,309,"(15, 7)",False,1,False,2175
0,0.0,True,0.0,0.4328875363530379,0.5030671002432329,2121,0,2121.0,112,8,23,"(33, 30)",0,0.025416301489921123,91.56521739130434,48.91304347826087,full_trust,112,RECOVERY,194,"(29, 22)",False,2,False,2175
0,0.0,True,0.0,0.9,0.9,2121,0,2121.0,97,6,27,"(25, 2)",0,0.026292725679228746,80.55555555555556,33.51851851851852,full_trust,97,RECOVERY,162,"(25, 16)",False,0,False,2180
7,0.0,True,0.0,0.9240228516080443,0.9727328743173304,1978,151,1978.0,88,6,23,"(15, 2)",0,0.028045574057843997,92.43478260869566,47.78260869565217,full_trust,88,RECOVERY,309,"(15, 2)",False,1,False,2180
0,0.0,True,0.0,0.4371178609745176,0.5174940287826322,2126,0,2126.0,112,8,23,"(33, 30)",0,0.025416301489921123,91.56521739130434,48.91304347826087,full_trust,112,RECOVERY,194,"(29, 27)",False,2,False,2180
0,0.0,True,0.0,0.9,0.9,2126,0,2126.0,97,6,27,"(25, 2)",0,0.026292725679228746,80.55555555555556,33.51851851851852,full_trust,97,RECOVERY,162,"(25, 11)",False,0,False,2185
7,0.0,True,0.0,0.9265211849386112,0.9739895182193826,1982,151,1982.0,89,6,23,"(21, 17)",0,0.028045574057843997,92.43478260869566,47.78260869565217,full_trust,89,RECOVERY,310,"(15, 6)",False,1,False,2185
0,0.0,True,0.0,0.4371178609745176,0.5174940287826322,2131,0,2131.0,112,8,23,"(33, 30)",0,0.026292725679228746,91.56521739130434,48.91304347826087,full_trust,112,RECOVERY,194,"(31, 30)",False,2,False,2185
0,0.0,True,0.0,0.9,0.9,2131,0,2131.0,97,6,27,"(25, 2)",0,0.02366345311130587,80.55555555555556,33.51851851851852,full_trust,97,RECOVERY,162,"(25, 6)",False,0,False,2190
7,0.0,True,0.0,0.9312815532701917,0.9758236696010106,1987,151,1987.0,89,6,23,"(21, 17)",0,0.024539877300613498,92.43478260869566,47.78260869565217,full_trust,89,RECOVERY,310,"(17, 9)",False,1,False,2190
0,0.0,True,0.0,0.4371178609745176,0.5174940287826322,2135,0,2135.0,113,8,24,"(2, 41)",0,0.02366345311130587,91.16666666666667,48.166666666666664,full_trust,113,RECOVERY,195,"(31, 30)",False,2,False,2190
0,0.0,True,0.0,0.9,0.9,2135,0,2135.0,98,6,27,"(33, 30)",0,0.022787028921998246,80.55555555555556,33.51851851851852,full_trust,98,RECOVERY,163,"(25, 2)",False,0,False,2195
7,0.0,True,0.0,0.9418868451847865,0.9794931525783626,1992,151,1992.0,89,6,23,"(21, 17)",0,0.022787028921998246,92.43478260869566,47.78260869565217,full_trust,89,RECOVERY,310,"(17, 14)",False,1,False,2195
0,0.0,True,0.0,0.4371178609745176,0.5174940287826322,2140,0,2140.0,113,8,24,"(2, 41)",0,0.024539877300613498,91.16666666666667,48.166666666666664,full_trust,113,RECOVERY,195,"(29, 33)",False,2,False,2195
0,0.0,True,0.0,0.9,0.9,2140,0,2140.0,99,6,27,"(33, 30)",0,0.02280701754385965,80.55555555555556,33.51851851851852,full_trust,99,RECOVERY,164,"(25, 7)",False,0,False,2200
7,0.0,True,0.0,0.950909114313201,0.9830246465572539,1997,151,1997.0,89,6,23,"(21, 17)",0,0.021929824561403508,92.43478260869566,47.78260869565217,full_trust,89,RECOVERY,311,"(19, 17)",False,1,False,2200
0,0.0,True,0.0,0.4371178609745176,0.5174940287826322,2145,0,2145.0,113,8,24,"(2, 41)",0,0.02456140350877193,91.16666666666667,48.166666666666664,full_trust,113,RECOVERY,196,"(28, 37)",False,2,False,2200
0,0.0,True,0.0,0.9,0.9,2145,0,2145.0,99,6,27,"(33, 30)",0,0.021929824561403508,80.55555555555556,33.51851851851852,full_trust,99,RECOVERY,164,"(27, 10)",False,0,False,2205
7,0.0,True,0.0,0.9572277741126225,0.986008161307799,2001,151,2001.0,90,6,24,"(33, 8)",0,0.021052631578947368,91.79166666666667,46.708333333333336,full_trust,90,RECOVERY,312,"(23, 17)",False,1,False,2205
0,0.0,True,0.0,0.4371178609745176,0.5174940287826322,2150,0,2150.0,113,8,24,"(2, 41)",0,0.02368421052631579,91.16666666666667,48.166666666666664,full_trust,113,RECOVERY,196,"(26, 40)",False,2,False,2205
0,0.0,True,0.0,0.9,0.9,2150,0,2150.0,99,6,27,"(33, 30)",0,0.01929824561403509,80.55555555555556,33.51851851851852,full_trust,99,RECOVERY,164,"(27, 15)",False,0,False,2210
7,0.0,True,0.0,0.9641101171350238,0.9886943307256176,2006,151,2006.0,90,6,24,"(33, 8)",0,0.018421052631578946,91.79166666666667,46.708333333333336,full_trust,90,RECOVERY,312,"(26, 15)",False,1,False,2210
0,0.0,True,0.0,0.4371178609745176,0.5174940287826322,2155,0,2155.0,113,8,24,"(2, 41)",0,0.021052631578947368,91.16666666666667,48.166666666666664,full_trust,113,RECOVERY,196,"(21, 40)",False,2,False,2210
0,0.0,True,0.0,0.9,0.9,2155,0,2155.0,99,6,27,"(33, 30)",0,0.015789473684210527,80.55555555555556,33.51851851851852,full_trust,99,RECOVERY,164,"(27, 20)",False,0,False,2215
7,0.0,True,0.0,0.9700172098738026,0.9910251693974965,2011,151,2011.0,90,6,24,"(33, 8)",0,0.014912280701754385,91.79166666666667,46.708333333333336,full_trust,90,RECOVERY,312,"(26, 10)",False,1,False,2215
0,0.0,True,0.0,0.4371178609745176,0.5174940287826322,2160,0,2160.0,113,8,24,"(2, 41)",0,0.017543859649122806,91.16666666666667,48.166666666666664,full_trust,113,RECOVERY,196,"(16, 40)",False,2,False,2215
0,0.0,True,0.0,0.9,0.9,2160,0,2160.0,99,6,27,"(33, 30)",0,0.017889087656529516,80.55555555555556,33.51851851851852,full_trust,99,RECOVERY,164,"(28, 24)",False,0,False,2220
7,0.0,True,0.0,0.9749677998291741,0.9923904474894257,2016,151,2016.0,90,6,24,"(33, 8)",0,0.01521933751119069,91.79166666666667,46.708333333333336,full_trust,90,RECOVERY,312,"(29, 8)",False,1,False,2220
0,0.0,True,0.0,0.4371178609745176,0.5174940287826322,2165,0,2165.0,113,8,24,"(2, 41)",0,0.017905102954341987,91.16666666666667,48.166666666666664,full_trust,113,RECOVERY,196,"(12, 41)",False,2,False,2220
0,0.0,True,0.0,0.9,0.9,2165,0,2165.0,99,6,27,"(33, 30)",0,0.017889087656529516,80.55555555555556,33.51851851851852,full_trust,99,RECOVERY,165,"(28, 29)",False,0,False,2225
7,0.0,True,0.0,0.9766971797554912,0.9928049306137766,2020,151,2020.0,91,6,24,"(2, 20)",0,0.01521933751119069,91.79166666666667,46.708333333333336,full_trust,91,RECOVERY,314,"(33, 8)",False,1,False,2225
0,0.0,True,0.0,0.4371178609745176,0.5174940287826322,2170,0,2170.0,113,8,24,"(2, 41)",0,0.017905102954341987,91.16666666666667,48.166666666666664,full_trust,113,RECOVERY,197,"(7, 41)",False,2,False,2225
0,0.0,True,0.0,0.9,0.9,2170,0,2170.0,99,6,27,"(33, 30)",0,0.017889087656529516,80.55555555555556,33.51851851851852,full_trust,99,RECOVERY,165,"(32, 30)",False,0,False,2230
7,0.0,True,0.0,0.9766971797554912,0.9928049306137766,2025,151,2025.0,91,6,24,"(2, 20)",0,0.01521933751119069,91.79166666666667,46.708333333333336,full_trust,91,RECOVERY,314,"(29, 9)",False,1,False,2230
0,0.0,True,0.0,0.4371178609745176,0.5174940287826322,2175,0,2175.0,113,8,24,"(2, 41)",0,0.017905102954341987,91.16666666666667,48.166666666666664,full_trust,113,RECOVERY,197,"(2, 41)",False,2,False,2230
0,0.0,True,0.0,0.9,0.9,2174,0,2174.0,100,6,28,"(33, 8)",0,0.017889087656529516,79.71428571428571,33.642857142857146,full_trust,100,RECOVERY,166,"(30, 30)",False,0,False,2235
7,0.0,True,0.0,0.9797807136595212,0.9936041956604947,2030,151,2030.0,91,6,24,"(2, 20)",0,0.01521933751119069,91.79166666666667,46.708333333333336,full_trust,91,RECOVERY,314,"(28, 13)",False,1,False,2235
0,0.0,True,0.0,0.4371178609745176,0.5174940287826322,2179,0,2179.0,114,8,24,"(21, 17)",0,0.020590868397493287,91.16666666666667,48.166666666666664,full_trust,114,RECOVERY,198,"(6, 41)",False,2,False,2235
0,0.0,True,0.0,0.9,0.9,2179,0,2179.0,100,6,28,"(33, 8)",0,0.018115942028985508,79.71428571428571,33.642857142857146,full_trust,100,RECOVERY,166,"(29, 26)",False,0,False,2240
4,0.0,True,0.0,0.9830428979023335,0.9945350983497202,2035,151,2035.0,91,6,24,"(2, 20)",0,0.015398550724637682,91.79166666666667,46.708333333333336,full_trust,91,RECOVERY,314,"(25, 15)",False,1,False,2240
0,0.0,True,0.0,0.4371178609745176,0.5174940287826322,2184,0,2184.0,114,8,24,"(21, 17)",0,0.021739130434782608,91.16666666666667,48.166666666666664,full_trust,114,RECOVERY,198,"(11, 41)",False,2,False,2240
0,0.0,True,0.0,0.9,0.9,2184,0,2184.0,100,6,28,"(33, 8)",0,0.019021739130434784,79.71428571428571,33.642857142857146,full_trust,100,RECOVERY,166,"(29, 21)",False,0,False,2245
4,0.0,True,0.0,0.9847292375169122,0.9950473805905968,2040,151,2040.0,91,6,24,"(2, 20)",0,0.015398550724637682,91.79166666666667,46.708333333333336,full_trust,91,RECOVERY,314,"(22, 17)",False,1,False,2245
0,0.0,True,0.0,0.4371178609745176,0.5174940287826322,2189,0,2189.0,114,8,24,"(21, 17)",0,0.021739130434782608,91.16666666666667,48.166666666666664,full_trust,114,RECOVERY,198,"(15, 40)",False,2,False,2245
0,0.0,True,0.0,0.9,0.9,2189,0,2189.0,101,6,28,"(33, 8)",0,0.057065217391304345,79.71428571428571,33.642857142857146,full_trust,101,RECOVERY,167,"(29, 16)",False,0,False,2250
4,0.0,True,0.0,0.9847292375169122,0.9950473805905968,2045,151,2045.0,92,6,24,"(2, 20)",0,0.06340579710144928,91.79166666666667,46.708333333333336,full_trust,92,RECOVERY,315,"(18, 18)",False,1,False,2250
0,0.0,True,0.0,0.4371178609745176,0.5174940287826322,2194,0,2194.0,114,8,24,"(21, 17)",0,0.0552536231884058,91.16666666666667,48.166666666666664,full_trust,114,RECOVERY,199,"(18, 38)",False,2,False,2250
0,0.0,True,0.0,0.9,0.9,2194,0,2194.0,101,6,28,"(33, 8)",0,0.05344202898550725,79.71428571428571,33.642857142857146,full_trust,101,RECOVERY,167,"(31, 13)",False,0,False,2255
4,0.0,True,0.0,0.9847292375169122,0.9950473805905968,2050,151,2050.0,92,6,24,"(2, 20)",0,0.059782608695652176,91.79166666666667,46.708333333333336,full_trust,92,RECOVERY,315,"(15, 20)",False,1,False,2255
0,0.0,True,0.0,0.4371178609745176,0.5174940287826322,2199,0,2199.0,114,8,24,"(21, 17)",0,0.051630434782608696,91.16666666666667,48.166666666666664,full_trust,114,RECOVERY,199,"(19, 34)",False,2,False,2255
0,0.0,True,0.0,0.9,0.9,2199,0,2199.0,101,6,28,"(33, 8)",0,0.05116279069767442,79.71428571428571,33.642857142857146,full_trust,101,RECOVERY,167,"(33, 10)",False,0,False,2260
4,0.0,True,0.0,0.9847292375169122,0.9950473805905968,2055,151,2055.0,92,6,24,"(2, 20)",0,0.05674418604651163,91.79166666666667,46.708333333333336,full_trust,92,RECOVERY,315,"(10, 20)",False,1,False,2260
0,0.0,True,0.0,0.4371178609745176,0.5174940287826322,2204,0,2204.0,114,8,24,"(21, 17)",0,0.044444444444444446,91.16666666666667,48.166666666666664,full_trust,114,RECOVERY,199,"(19, 29)",False,2,False,2260
0,0.0,True,0.0,0.9,0.9,2203,0,2203.0,102,6,28,"(2, 50)",0,0.05116279069767442,79.71428571428571,33.642857142857146,full_trust,102,RECOVERY,168,"(31, 8)",False,0,False,2265
4,0.0,True,0.0,0.9847292375169122,0.9950473805905968,2060,151,2060.0,92,6,24,"(2, 20)",0,0.05488372093023256,91.79166666666667,46.708333333333336,full_trust,92,RECOVERY,315,"(5, 20)",False,1,False,2265
0,0.0,True,0.0,0.4371178609745176,0.5174940287826322,2209,0,2209.0,114,8,24,"(21, 17)",0,0.04259259259259259,91.16666666666667,48.166666666666664,full_trust,114,RECOVERY,199,"(19, 24)",False,2,False,2265
0,0.0,True,0.0,0.9,0.9,2208,0,2208.0,102,6,28,"(2, 50)",0,0.04930232558139535,79.71428571428571,33.642857142857146,full_trust,102,RECOVERY,168,"(30, 12)",False,0,False,2270
4,0.0,True,0.0,0.9847292375169122,0.9950473805905968,2064,151,2064.0,93,6,25,"(24, 45)",0,0.05488372093023256,90.76,46.6,full_trust,93,RECOVERY,316,"(2, 21)",False,1,False,2270
0,0.0,True,0.0,0.4371178609745176,0.5174940287826322,2214,0,2214.0,114,8,24,"(21, 17)",0,0.04259259259259259,91.16666666666667,48.166666666666664,full_trust,114,RECOVERY,199,"(19, 19)",False,2,False,2270
0,0.0,True,0.0,0.9,0.9,2213,0,2213.0,103,6,28,"(2, 50)",0,0.04930232558139535,79.71428571428571,33.642857142857146,full_trust,103,RECOVERY,169,"(29, 16)",False,0,False,2275
4,0.0,True,0.0,0.9847292375169122,0.9950473805905968,2069,151,2069.0,93,6,25,"(24, 45)",0,0.05488372093023256,90.76,46.6,full_trust,93,RECOVERY,317,"(7, 21)",False,1,False,2275
0,0.0,True,0.0,0.4523721940660215,0.5571092390871543,2218,0,2218.0,115,8,25,"(33, 8)",0,0.041666666666666664,91.0,48.0,full_trust,115,RECOVERY,201,"(21, 17)",False,2,False,2275
0,0.0,True,0.0,0.9,0.9,2218,0,2218.0,103,6,28,"(2, 50)",0,0.04919583727530748,79.71428571428571,33.642857142857146,full_trust,103,RECOVERY,169,"(26, 18)",False,0,False,2280
0,0.0,True,0.0,0.9847292375169122,0.9950473805905968,2074,151,2074.0,93,6,25,"(24, 45)",0,0.05392620624408704,90.76,46.6,full_trust,93,RECOVERY,317,"(12, 21)",False,1,False,2280
0,0.0,True,0.0,0.48078134841100423,0.6321904468673673,2223,0,2223.0,115,8,25,"(33, 8)",0,0.04068117313150426,91.0,48.0,full_trust,115,RECOVERY,201,"(26, 17)",False,2,False,2280
0,0.0,True,0.0,0.9,0.9,2223,0,2223.0,103,6,28,"(2, 50)",0,0.048249763481551564,79.71428571428571,33.642857142857146,full_trust,103,RECOVERY,169,"(25, 22)",False,0,False,2285
0,0.0,True,0.0,0.9847292375169122,0.9950473805905968,2079,151,2079.0,93,6,25,"(24, 45)",0,0.0510879848628193,90.76,46.6,full_trust,93,RECOVERY,317,"(17, 21)",False,1,False,2285
0,0.0,True,0.0,0.5261108974740145,0.7075084919822178,2228,0,2228.0,115,8,25,"(33, 8)",0,0.039735099337748346,91.0,48.0,full_trust,115,RECOVERY,201,"(31, 17)",False,2,False,2285
0,0.0,True,0.0,0.9,0.9,2228,0,2228.0,103,6,28,"(2, 50)",0,0.04541154210028382,79.71428571428571,33.642857142857146,full_trust,103,RECOVERY,169,"(25, 27)",False,0,False,2290
0,0.0,True,0.0,0.9852546606299164,0.9952376997769953,2084,151,2084.0,93,6,25,"(24, 45)",0,0.048249763481551564,90.76,46.6,full_trust,93,RECOVERY,317,"(19, 24)",False,1,False,2290
0,0.0,True,0.0,0.5742624340919423,0.7552822123471542,2233,0,2233.0,115,8,25,"(33, 8)",0,0.03500473036896878,91.0,48.0,full_trust,115,RECOVERY,201,"(31, 12)",False,2,False,2290
0,0.0,True,0.0,0.9,0.9,2233,0,2233.0,104,6,28,"(2, 50)",0,0.039735099337748346,79.71428571428571,33.642857142857146,full_trust,104,RECOVERY,170,"(23, 30)",False,0,False,2295
0,0.0,True,0.0,0.9876471255214551,0.9961641942759581,2089,151,2089.0,93,6,25,"(24, 45)",0,0.041627246925260174,90.76,46.6,full_trust,93,RECOVERY,317,"(23, 25)",False,1,False,2295
0,0.0,True,0.0,0.6023950540736797,0.7791640808688873,2238,0,2238.0,115,8,25,"(33, 8)",0,0.03122043519394513,91.0,48.0,full_trust,115,RECOVERY,201,"(32, 8)",False,2,False,2295
0,0.0,True,0.0,0.9,0.9,2238,0,2238.0,105,6,28,"(2, 50)",0,0.04003813155386082,79.71428571428571,33.642857142857146,full_trust,105,RECOVERY,171,"(20, 32)",False,0,False,2300
0,0.0,True,0.0,0.98968169461318,0.996914634583121,2094,151,2094.0,93,6,25,"(24, 45)",0,0.04194470924690181,90.76,46.6,full_trust,93,RECOVERY,318,"(24, 29)",False,1,False,2300
0,0.0,True,0.0,0.6023950540736797,0.7791640808688873,2242,0,2242.0,117,8,25,"(21, 17)",0,0.03145853193517636,91.0,48.0,full_trust,117,RECOVERY,203,"(30, 8)",False,2,False,2300
0,0.0,True,0.0,0.9,0.9,2243,0,2243.0,105,6,28,"(2, 50)",0,0.04003813155386082,79.71428571428571,33.642857142857146,full_trust,105,RECOVERY,171,"(17, 34)",False,0,False,2305
0,0.0,True,0.0,0.9914079955579863,0.9975353967048614,2099,151,2099.0,94,6,25,"(24, 45)",0,0.04194470924690181,90.76,46.6,full_trust,94,RECOVERY,319,"(25, 33)",False,1,False,2305
0,0.0,True,0.0,0.620539400968484,0.7919154885224601,2247,0,2247.0,117,8,25,"(21, 17)",0,0.03145853193517636,91.0,48.0,full_trust,117,RECOVERY,203,"(27, 10)",False,2,False,2305
0,0.0,True,0.0,0.9,0.9,2248,0,2248.0,105,6,28,"(2, 50)",0,0.03813155386081983,79.71428571428571,33.642857142857146,full_trust,105,RECOVERY,171,"(13, 35)",False,0,False,2310
0,0.0,True,0.0,0.9925805636653537,0.997827176674743,2104,151,2104.0,94,6,25,"(24, 45)",0,0.04003813155386082,90.76,46.6,full_trust,94,RECOVERY,319,"(26, 35)",False,1,False,2310
0,0.0,True,0.0,0.6467413482558699,0.8102129018313705,2252,0,2252.0,117,8,25,"(21, 17)",0,0.030505243088655862,91.0,48.0,full_trust,117,RECOVERY,203,"(27, 15)",False,2,False,2310
0,0.0,True,0.0,0.9,0.9,2253,0,2253.0,105,6,28,"(2, 50)",0,0.03813155386081983,79.71428571428571,33.642857142857146,full_trust,105,RECOVERY,171,"(9, 36)",False,0,False,2315
0,0.0,True,0.0,0.9938139166963061,0.9981473474451303,2109,151,2109.0,94,6,25,"(24, 45)",0,0.04003813155386082,90.76,46.6,full_trust,94,RECOVERY,319,"(25, 39)",False,1,False,2315
0,0.0,True,0.0,0.6796679168860452,0.8334978883791063,2257,0,2257.0,117,8,25,"(21, 17)",0,0.030505243088655862,91.0,48.0,full_trust,117,RECOVERY,203,"(24, 17)",False,2,False,2315
0,0.0,True,0.0,0.9,0.9,2258,0,2258.0,105,6,28,"(2, 50)",0,0.027751196172248804,79.71428571428571,33.642857142857146,full_trust,105,RECOVERY,171,"(4, 36)",False,0,False,2320
0,0.0,True,0.0,0.9940332076191009,0.9981997351522013,2114,151,2114.0,94,6,25,"(24, 45)",0,0.027751196172248804,90.76,46.6,full_trust,94,RECOVERY,319,"(25, 44)",False,1,False,2320
0,0.0,True,0.0,0.6796679168860452,0.8334978883791063,2261,0,2261.0,118,8,26,"(13, 50)",0,0.02200956937799043,89.1923076923077,47.0,full_trust,118,RECOVERY,204,"(20, 17)",False,2,False,2320
0,0.0,True,0.0,0.9,0.9,2263,0,2263.0,105,6,28,"(2, 50)",0,0.027751196172248804,79.71428571428571,33.642857142857146,full_trust,105,RECOVERY,172,"(3, 40)",False,0,False,2325
0,0.0,True,0.0,0.9940332076191009,0.9981997351522013,2118,151,2118.0,95,6,25,"(33, 8)",0,0.027751196172248804,90.76,46.6,full_trust,95,RECOVERY,321,"(25, 44)",False,1,False,2325
0,0.0,True,0.0,0.6796679168860452,0.8334978883791063,2266,0,2266.0,118,8,26,"(13, 50)",0,0.02200956937799043,89.1923076923077,47.0,full_trust,118,RECOVERY,205,"(18, 20)",False,2,False,2325
0,0.0,True,0.0,0.9,0.9,2268,0,2268.0,105,6,28,"(2, 50)",0,0.027462121212121212,79.71428571428571,33.642857142857146,full_trust,105,RECOVERY,172,"(3, 45)",False,0,False,2330
0,0.0,True,0.0,0.9940332076191009,0.9981997351522013,2123,151,2123.0,95,6,25,"(33, 8)",0,0.027462121212121212,90.76,46.6,full_trust,95,RECOVERY,321,"(27, 41)",False,1,False,2330
0,0.0,True,0.0,0.7103787295117329,0.8519230587154366,2271,0,2271.0,118,8,26,"(13, 50)",0,0.020833333333333332,89.1923076923077,47.0,full_trust,118,RECOVERY,205,"(18, 25)",False,2,False,2330
0,0.0,True,0.0,0.9,0.9,2273,0,2273.0,105,6,28,"(2, 50)",0,0.027332704995287466,79.71428571428571,33.642857142857146,full_trust,105,RECOVERY,172,"(3, 50)",False,0,False,2335
0,0.0,True,0.0,0.9940332076191009,0.9981997351522013,2128,151,2128.0,95,6,25,"(33, 8)",0,0.027332704995287466,90.76,46.6,full_trust,95,RECOVERY,321,"(27, 36)",False,1,False,2335
0,0.0,True,0.0,0.7454294896118678,0.8729777588641726,2276,0,2276.0,118,8,26,"(13, 50)",0,0.020735155513666354,89.1923076923077,47.0,full_trust,118,RECOVERY,205,"(18, 30)",False,2,False,2335
0,0.0,True,0.0,0.9,0.9,2277,0,2277.0,106,6,29,"(33, 50)",0,0.027332704995287466,80.58620689655173,35.03448275862069,full_trust,106,RECOVERY,173,"(4, 49)",False,0,False,2340
0,0.0,True,0.0,0.9940332076191009,0.9981997351522013,2133,151,2133.0,95,6,25,"(33, 8)",0,0.027332704995287466,90.76,46.6,full_trust,95,RECOVERY,321,"(28, 32)",False,1,False,2340
0,0.0,True,0.0,0.7769404832800777,0.8915365365773068,2281,0,2281.0,118,8,26,"(13, 50)",0,0.020735155513666354,89.1923076923077,47.0,full_trust,118,RECOVERY,205,"(18, 35)",False,2,False,2340
0,0.0,True,0.0,0.9,0.9,2282,0,2282.0,106,6,29,"(33, 50)",0,0.02631578947368421,80.58620689655173,35.03448275862069,full_trust,106,RECOVERY,173,"(6, 46)",False,0,False,2345
0,0.0,True,0.0,0.9944465940506259,0.998297625341659,2138,151,2138.0,95,6,25,"(33, 8)",0,0.02631578947368421,90.76,46.6,full_trust,95,RECOVERY,321,"(29, 28)",False,1,False,2345
0,0.0,True,0.0,0.8051566171200848,0.9077578634632538,2286,0,2286.0,118,8,26,"(13, 50)",0,0.020676691729323307,89.1923076923077,47.0,full_trust,118,RECOVERY,205,"(18, 40)",False,2,False,2345
0,0.0,True,0.0,0.9,0.9,2287,0,2287.0,107,6,29,"(33, 50)",0,0.02304147465437788,80.58620689655173,35.03448275862069,full_trust,107,RECOVERY,174,"(11, 46)",False,0,False,2350
0,0.0,True,0.0,0.995178481603371,0.9984536732273418,2143,151,2143.0,95,6,25,"(33, 8)",0,0.02304147465437788,90.76,46.6,full_trust,95,RECOVERY,322,"(29, 23)",False,1,False,2350
0,0.0,True,0.0,0.8302605320693228,0.9213191436581697,2291,0,2291.0,119,8,26,"(13, 50)",0,0.017511520737327188,89.1923076923077,47.0,full_trust,119,RECOVERY,207,"(14, 41)",False,2,False,2350
0,0.0,True,0.0,0.9,0.9,2292,0,2292.0,107,6,29,"(33, 50)",0,0.02089009990917348,80.58620689655173,35.03448275862069,full_trust,107,RECOVERY,174,"(14, 48)",False,0,False,2355
0,0.0,True,0.0,0.9959511457665657,0.9986772065312332,2148,151,2148.0,95,6,25,"(33, 8)",0,0.02089009990917348,90.76,46.6,full_trust,95,RECOVERY,322,"(29, 18)",False,1,False,2355
0,0.0,True,0.0,0.853188122861115,0.9379999678942235,2296,0,2296.0,119,8,26,"(13, 50)",0,0.015440508628519528,89.1923076923077,47.0,full_trust,119,RECOVERY,207,"(13, 45)",False,2,False,2355
0,0.0,True,0.0,0.9,0.9,2297,0,2297.0,107,6,29,"(33, 50)",0,0.020480854853072127,80.58620689655173,35.03448275862069,full_trust,107,RECOVERY,174,"(18, 49)",False,0,False,2360
0,0.0,True,0.0,0.9965916130260738,0.9988392206601903,2153,151,2153.0,95,6,25,"(33, 8)",0,0.020480854853072127,90.76,46.6,full_trust,95,RECOVERY,322,"(29, 13)",False,1,False,2360
0,0.0,True,0.0,0.8743927909460757,0.9521316773097349,2301,0,2301.0,119,8,26,"(13, 50)",0,0.015138023152270703,89.1923076923077,47.0,full_trust,119,RECOVERY,207,"(13, 50)",False,2,False,2360
0,0.0,True,0.0,0.9,0.9,2302,0,2302.0,107,6,29,"(33, 50)",0,0.02040816326530612,80.58620689655173,35.03448275862069,full_trust,107,RECOVERY,174,"(23, 49)",False,0,False,2365
0,0.0,True,0.0,0.9971185885028154,0.998970069546571,2158,151,2158.0,95,6,25,"(33, 8)",0,0.02040816326530612,90.76,46.6,full_trust,95,RECOVERY,322,"(32, 11)",False,1,False,2365
0,0.0,True,0.0,0.8934819519697035,0.9621322623619896,2305,0,2305.0,120,8,26,"(15, 2)",0,0.015084294587400177,89.1923076923077,47.0,full_trust,120,RECOVERY,208,"(13, 46)",False,2,False,2365
0,0.0,True,0.0,0.9,0.9,2307,0,2307.0,107,6,29,"(33, 50)",0,0.015971606033717833,80.58620689655173,35.03448275862069,full_trust,107,RECOVERY,174,"(27, 50)",False,0,False,2370
0,0.0,True,0.0,0.9973911600456276,0.9990672359736736,2162,151,2162.0,96,6,26,"(33, 50)",0,0.015971606033717833,91.15384615384616,46.61538461538461,full_trust,96,RECOVERY,323,"(33, 8)",False,1,False,2370
0,0.0,True,0.0,0.8969795860751825,0.9634346340792838,2310,0,2310.0,120,8,26,"(15, 2)",0,0.013309671694764862,89.1923076923077,47.0,full_trust,120,RECOVERY,208,"(15, 43)",False,2,False,2370
0,0.0,True,0.0,0.9,0.9,2312,0,2312.0,107,6,29,"(33, 50)",0,0.01419698314108252,80.58620689655173,35.03448275862069,full_trust,107,RECOVERY,175,"(32, 50)",False,0,False,2375
0,0.0,True,0.0,0.9973911600456276,0.9990672359736736,2167,151,2167.0,98,6,26,"(33, 50)",0,0.01419698314108252,91.15384615384616,46.61538461538461,full_trust,98,RECOVERY,325,"(33, 13)",False,1,False,2375
0,0.0,True,0.0,0.9068273698443757,0.9671020156904829,2315,0,2315.0,120,8,26,"(15, 2)",0,0.011535048802129548,89.1923076923077,47.0,full_trust,120,RECOVERY,209,"(15, 38)",False,2,False,2375
0,0.0,True,0.0,0.9,0.9,2316,0,2316.0,108,6,29,"(13, 50)",0,0.01419698314108252,80.58620689655173,35.03448275862069,full_trust,108,RECOVERY,176,"(30, 50)",False,0,False,2380
0,0.0,True,0.0,0.997475864864454,0.9990852564221572,2172,151,2172.0,98,6,26,"(33, 50)",0,0.01419698314108252,91.15384615384616,46.61538461538461,full_trust,98,RECOVERY,325,"(31, 16)",False,1,False,2380
0,0.0,True,0.0,0.9210940844588552,0.9712707349326117,2320,0,2320.0,120,8,26,"(15, 2)",0,0.011535048802129548,89.1923076923077,47.0,full_trust,120,RECOVERY,209,"(15, 33)",False,2,False,2380
0,0.0,True,0.0,0.9,0.9,2321,0,2321.0,108,6,29,"(13, 50)",0,0.013262599469496022,80.58620689655173,35.03448275862069,full_trust,108,RECOVERY,176,"(26, 49)",False,0,False,2385
0,0.0,True,0.0,0.997475864864454,0.9990852564221572,2177,151,2177.0,98,6,26,"(33, 50)",0,0.013262599469496022,91.15384615384616,46.61538461538461,full_trust,98,RECOVERY,325,"(29, 19)",False,1,False,2385
0,0.0,True,0.0,0.923636035908666,0.971933113455072,2325,0,2325.0,120,8,26,"(15, 2)",0,0.011494252873563218,89.1923076923077,47.0,full_trust,120,RECOVERY,209,"(15, 28)",False,2,False,2385
0,0.0,True,0.0,0.9,0.9,2326,0,2326.0,108,6,29,"(13, 50)",0,0.013262599469496022,80.58620689655173,35.03448275862069,full_trust,108,RECOVERY,176,"(21, 49)",False,0,False,2390
0,0.0,True,0.0,0.997475864864454,0.9990852564221572,2182,151,2182.0,98,6,26,"(33, 50)",0,0.013262599469496022,91.15384615384616,46.61538461538461,full_trust,98,RECOVERY,325,"(29, 24)",False,1,False,2390
0,0.0,True,0.0,0.923636035908666,0.971933113455072,2330,0,2330.0,120,8,26,"(15, 2)",0,0.011494252873563218,89.1923076923077,47.0,full_trust,120,RECOVERY,209,"(15, 23)",False,2,False,2390
0,0.0,True,0.0,0.9,0.9,2331,0,2331.0,108,6,29,"(13, 50)",0,0.013262599469496022,80.58620689655173,35.03448275862069,full_trust,108,RECOVERY,176,"(17, 50)",False,0,False,2395
0,0.0,True,0.0,0.997475864864454,0.9990852564221572,2187,151,2187.0,98,6,26,"(33, 50)",0,0.013262599469496022,91.15384615384616,46.61538461538461,full_trust,98,RECOVERY,325,"(29, 29)",False,1,False,2395
0,0.0,True,0.0,0.923636035908666,0.971933113455072,2335,0,2335.0,120,8,26,"(15, 2)",0,0.011494252873563218,89.1923076923077,47.0,full_trust,120,RECOVERY,209,"(15, 18)",False,2,False,2395
0,0.0,True,0.0,0.9,0.9,2335,0,2335.0,109,6,30,"(2, 41)",0,0.052166224580017684,80.0,34.63333333333333,full_trust,109,RECOVERY,178,"(13, 50)",False,0,False,2400
0,0.0,True,0.0,0.997475864864454,0.9990852564221572,2192,151,2192.0,98,6,26,"(33, 50)",0,0.05305039787798409,91.15384615384616,46.61538461538461,full_trust,98,RECOVERY,326,"(29, 34)",False,1,False,2400
0,0.0,True,0.0,0.923636035908666,0.971933113455072,2340,0,2340.0,120,8,26,"(15, 2)",0,0.05305039787798409,89.1923076923077,47.0,full_trust,120,RECOVERY,210,"(15, 13)",False,2,False,2400
0,0.0,True,0.0,0.9,0.9,2340,0,2340.0,110,6,30,"(2, 41)",0,0.04862953138815208,80.0,34.63333333333333,full_trust,110,RECOVERY,179,"(9, 49)",False,0,False,2405
0,0.0,True,0.0,0.997475864864454,0.9990852564221572,2197,151,2197.0,98,6,26,"(33, 50)",0,0.05128205128205128,91.15384615384616,46.61538461538461,full_trust,98,RECOVERY,326,"(29, 39)",False,1,False,2405
0,0.0,True,0.0,0.923636035908666,0.971933113455072,2345,0,2345.0,121,8,26,"(15, 2)",0,0.050397877984084884,89.1923076923077,47.0,full_trust,121,RECOVERY,211,"(14, 9)",False,2,False,2405
0,0.0,True,0.0,0.9,0.9,2345,0,2345.0,111,6,30,"(2, 41)",0,0.03975265017667844,80.0,34.63333333333333,full_trust,111,RECOVERY,180,"(9, 44)",False,0,False,2410
0,0.0,True,0.0,0.997475864864454,0.9990852564221572,2202,151,2202.0,98,6,26,"(33, 50)",0,0.04240282685512368,91.15384615384616,46.61538461538461,full_trust,98,RECOVERY,326,"(31, 42)",False,1,False,2410
0,0.0,True,0.0,0.923636035908666,0.971933113455072,2350,0,2350.0,121,8,26,"(15, 2)",0,0.04328621908127209,89.1923076923077,47.0,full_trust,121,RECOVERY,211,"(14, 4)",False,2,False,2410
0,0.0,True,0.0,0.9,0.9,2350,0,2350.0,111,6,30,"(2, 41)",0,0.037102473498233215,80.0,34.63333333333333,full_trust,111,RECOVERY,180,"(7, 41)",False,0,False,2415
0,0.0,True,0.0,0.997475864864454,0.9990852564221572,2207,151,2207.0,98,6,26,"(33, 50)",0,0.0353356890459364,91.15384615384616,46.61538461538461,full_trust,98,RECOVERY,326,"(31, 47)",False,1,False,2415
0,0.0,True,0.0,0.923636035908666,0.971933113455072,2354,0,2354.0,122,8,27,"(33, 8)",0,0.038869257950530034,89.4074074074074,47.22222222222222,full_trust,122,RECOVERY,212,"(15, 3)",False,2,False,2415
0,0.0,True,0.0,0.9,0.9,2355,0,2355.0,111,6,30,"(2, 41)",0,0.037102473498233215,80.0,34.63333333333333,full_trust,111,RECOVERY,180,"(2, 41)",False,0,False,2420
0,0.0,True,0.0,0.997475864864454,0.9990852564221572,2212,151,2212.0,98,6,26,"(33, 50)",0,0.0353356890459364,91.15384615384616,46.61538461538461,full_trust,98,RECOVERY,326,"(33, 50)",False,1,False,2420
0,0.0,True,0.0,0.923636035908666,0.971933113455072,2359,0,2359.0,122,8,27,"(33, 8)",0,0.0353356890459364,89.4074074074074,47.22222222222222,full_trust,122,RECOVERY,212,"(14, 7)",False,2,False,2420
0,0.0,True,0.0,0.9,0.9,2359,0,2359.0,112,6,30,"(2, 50)",0,0.037102473498233215,80.0,34.63333333333333,full_trust,112,RECOVERY,182,"(3, 44)",False,0,False,2425
0,0.0,True,0.0,0.997475864864454,0.9990852564221572,2216,151,2216.0,99,6,26,"(25, 2)",0,0.0353356890459364,91.15384615384616,46.61538461538461,full_trust,99,RECOVERY,328,"(30, 49)",False,1,False,2425
0,0.0,True,0.0,0.923636035908666,0.971933113455072,2364,0,2364.0,122,8,27,"(33, 8)",0,0.0353356890459364,89.4074074074074,47.22222222222222,full_trust,122,RECOVERY,213,"(17, 9)",False,2,False,2425
0,0.0,True,0.0,0.9,0.9,2364,0,2364.0,112,6,30,"(2, 50)",0,0.037102473498233215,80.0,34.63333333333333,full_trust,112,RECOVERY,182,"(3, 49)",False,0,False,2430
0,0.0,True,0.0,0.997475864864454,0.9990852564221572,2221,151,2221.0,99,6,26,"(25, 2)",0,0.0353356890459364,91.15384615384616,46.61538461538461,full_trust,99,RECOVERY,328,"(30, 44)",False,1,False,2430
0,0.0,True,0.0,0.923636035908666,0.971933113455072,2369,0,2369.0,122,8,27,"(33, 8)",0,0.037102473498233215,89.4074074074074,47.22222222222222,full_trust,122,RECOVERY,213,"(22, 9)",False,2,False,2430
0,0.0,True,0.0,0.9,0.9,2368,0,2368.0,113,6,31,"(33, 8)",0,0.0353356890459364,78.48387096774194,33.903225806451616,full_trust,113,RECOVERY,183,"(3, 49)",False,0,False,2435
0,0.0,True,0.0,0.997475864864454,0.9990852564221572,2226,151,2226.0,99,6,26,"(25, 2)",0,0.03356890459363958,91.15384615384616,46.61538461538461,full_trust,99,RECOVERY,328,"(29, 40)",False,1,False,2435
0,0.0,True,0.0,0.923636035908666,0.971933113455072,2374,0,2374.0,122,8,27,"(33, 8)",0,0.0353356890459364,89.4074074074074,47.22222222222222,full_trust,122,RECOVERY,213,"(27, 9)",False,2,False,2435
0,0.0,True,0.0,0.9,0.9,2373,0,2373.0,113,6,31,"(33, 8)",0,0.033628318584070796,78.48387096774194,33.903225806451616,full_trust,113,RECOVERY,183,"(5, 46)",False,0,False,2440
0,0.0,True,0.0,0.997475864864454,0.9990852564221572,2231,151,2231.0,99,6,26,"(25, 2)",0,0.03359858532272325,91.15384615384616,46.61538461538461,full_trust,99,RECOVERY,328,"(29, 35)",False,1,False,2440
0,0.0,True,0.0,0.923636035908666,0.971933113455072,2379,0,2379.0,122,8,27,"(33, 8)",0,0.035398230088495575,89.4074074074074,47.22222222222222,full_trust,122,RECOVERY,213,"(31, 8)",False,2,False,2440
0,0.0,True,0.0,0.9,0.9,2378,0,2378.0,113,6,31,"(33, 8)",0,0.033628318584070796,78.48387096774194,33.903225806451616,full_trust,113,RECOVERY,183,"(5, 41)",False,0,False,2445
0,0.0,True,0.0,0.997475864864454,0.9990852564221572,2236,151,2236.0,99,6,26,"(25, 2)",0,0.03359858532272325,91.15384615384616,46.61538461538461,full_trust,99,RECOVERY,328,"(29, 30)",False,1,False,2445
0,0.0,True,0.0,0.923636035908666,0.971933113455072,2383,0,2383.0,123,8,27,"(13, 50)",0,0.035398230088495575,89.4074074074074,47.22222222222222,full_trust,123,RECOVERY,214,"(31, 8)",False,2,False,2445
0,0.0,True,0.0,0.9,0.9,2383,0,2383.0,113,6,31,"(33, 8)",0,0.02831858407079646,78.48387096774194,33.903225806451616,full_trust,113,RECOVERY,184,"(8, 39)",False,0,False,2450
0,0.0,True,0.0,0.997475864864454,0.9990852564221572,2241,151,2241.0,99,6,26,"(25, 2)",0,0.028293545534924844,91.15384615384616,46.61538461538461,full_trust,99,RECOVERY,329,"(29, 25)",False,1,False,2450
0,0.0,True,0.0,0.923636035908666,0.971933113455072,2388,0,2388.0,123,8,27,"(13, 50)",0,0.03008849557522124,89.4074074074074,47.22222222222222,full_trust,123,RECOVERY,215,"(27, 9)",False,2,False,2450
0,0.0,True,0.0,0.9,0.9,2388,0,2388.0,113,6,31,"(33, 8)",0,0.02743362831858407,78.48387096774194,33.903225806451616,full_trust,113,RECOVERY,184,"(10, 36)",False,0,False,2455
0,0.0,True,0.0,0.997475864864454,0.9990852564221572,2246,151,2246.0,100,6,26,"(25, 2)",0,0.027409372236958444,91.15384615384616,46.61538461538461,full_trust,100,RECOVERY,330,"(29, 20)",False,1,False,2455
0,0.0,True,0.0,0.923636035908666,0.971933113455072,2393,0,2393.0,123,8,27,"(13, 50)",0,0.02920353982300885,89.4074074074074,47.22222222222222,full_trust,123,RECOVERY,215,"(22, 9)",False,2,False,2455
0,0.0,True,0.0,0.9,0.9,2393,0,2393.0,115,6,31,"(33, 8)",0,0.022665457842248413,78.48387096774194,33.903225806451616,full_trust,115,RECOVERY,186,"(12, 33)",False,0,False,2460
0,0.0,True,0.0,0.997475864864454,0.9990852564221572,2251,151,2251.0,100,6,26,"(25, 2)",0,0.022665457842248413,91.15384615384616,46.61538461538461,full_trust,100,RECOVERY,330,"(28, 16)",False,1,False,2460
0,0.0,True,0.0,0.923636035908666,0.971933113455072,2398,0,2398.0,123,8,27,"(13, 50)",0,0.027198549410698096,89.4074074074074,47.22222222222222,full_trust,123,RECOVERY,215,"(19, 11)",False,2,False,2460
0,0.0,True,0.0,0.9,0.9,2398,0,2398.0,115,6,31,"(33, 8)",0,0.021739130434782608,78.48387096774194,33.903225806451616,full_trust,115,RECOVERY,186,"(14, 30)",False,0,False,2465
0,0.0,True,0.0,0.997475864864454,0.9990852564221572,2256,151,2256.0,100,6,26,"(25, 2)",0,0.021739130434782608,91.15384615384616,46.61538461538461,full_trust,100,RECOVERY,330,"(26, 13)",False,1,False,2465
0,0.0,True,0.0,0.923636035908666,0.971933113455072,2403,0,2403.0,123,8,27,"(13, 50)",0,0.02717391304347826,89.4074074074074,47.22222222222222,full_trust,123,RECOVERY,215,"(16, 13)",False,2,False,2465
0,0.0,True,0.0,0.9,0.9,2403,0,2403.0,117,6,31,"(33, 8)",0,0.016304347826086956,78.48387096774194,33.903225806451616,full_trust,117,RECOVERY,188,"(15, 26)",False,0,False,2470
0,0.0,True,0.0,0.997475864864454,0.9990852564221572,2261,151,2261.0,100,6,26,"(25, 2)",0,0.017210144927536232,91.15384615384616,46.61538461538461,full_trust,100,RECOVERY,330,"(25, 9)",False,1,False,2470
0,0.0,True,0.0,0.923636035908666,0.971933113455072,2408,0,2408.0,123,8,27,"(13, 50)",0,0.019021739130434784,89.4074074074074,47.22222222222222,full_trust,123,RECOVERY,215,"(14, 16)",False,2,False,2470
0,0.0,True,0.0,0.9,0.9,2408,0,2408.0,118,6,31,"(33, 8)",0,0.016304347826086956,78.48387096774194,33.903225806451616,full_trust,118,RECOVERY,189,"(17, 23)",False,0,False,2475
0,0.0,True,0.0,0.997475864864454,0.9990852564221572,2266,151,2266.0,100,6,26,"(25, 2)",0,0.016304347826086956,91.15384615384616,46.61538461538461,full_trust,100,RECOVERY,331,"(25, 4)",False,1,False,2475
0,0.0,True,0.0,0.9330732063825858,0.9760670061673662,2413,0,2413.0,123,8,27,"(13, 50)",0,0.019021739130434784,89.4074074074074,47.22222222222222,full_trust,123,RECOVERY,216,"(14, 21)",False,2,False,2475
0,0.0,True,0.0,0.9,0.9,2413,0,2413.0,118,6,31,"(33, 8)",0,0.015398550724637682,78.48387096774194,33.903225806451616,full_trust,118,RECOVERY,189,"(19, 20)",False,0,False,2480
0,0.0,True,0.0,0.997475864864454,0.9990852564221572,2270,151,2270.0,101,6,27,"(33, 8)",0,0.015398550724637682,91.77777777777777,47.0,full_trust,101,RECOVERY,332,"(25, 4)",False,1,False,2480
0,0.0,True,0.0,0.9434808364873352,0.9807824346368226,2418,0,2418.0,123,8,27,"(13, 50)",0,0.018115942028985508,89.4074074074074,47.22222222222222,full_trust,123,RECOVERY,216,"(14, 26)",False,2,False,2480
0,0.0,True,0.0,0.9,0.9,2418,0,2418.0,118,6,31,"(33, 8)",0,0.015342960288808664,78.48387096774194,33.903225806451616,full_trust,118,RECOVERY,189,"(21, 17)",False,0,False,2485
0,0.0,True,0.0,0.997475864864454,0.9990852564221572,2275,151,2275.0,101,6,27,"(33, 8)",0,0.015342960288808664,91.77777777777777,47.0,full_trust,101,RECOVERY,332,"(28, 6)",False,1,False,2485
0,0.0,True,0.0,0.9523695621318319,0.9838992339806635,2423,0,2423.0,123,8,27,"(13, 50)",0,0.016245487364620937,89.4074074074074,47.22222222222222,full_trust,123,RECOVERY,216,"(14, 31)",False,2,False,2485
0,0.0,True,0.0,0.9,0.9,2423,0,2423.0,118,6,31,"(33, 8)",0,0.0153015301530153,78.48387096774194,33.903225806451616,full_trust,118,RECOVERY,189,"(25, 16)",False,0,False,2490
0,0.0,True,0.0,0.997475864864454,0.9990852564221572,2280,151,2280.0,101,6,27,"(33, 8)",0,0.0153015301530153,91.77777777777777,47.0,full_trust,101,RECOVERY,332,"(31, 8)",False,1,False,2490
0,0.0,True,0.0,0.9598763079523516,0.9864820280056109,2428,0,2428.0,123,8,27,"(13, 50)",0,0.016201620162016202,89.4074074074074,47.22222222222222,full_trust,123,RECOVERY,216,"(14, 36)",False,2,False,2490
0,0.0,True,0.0,0.9,0.9,2428,0,2428.0,118,6,31,"(33, 8)",0,0.0144014401440144,78.48387096774194,33.903225806451616,full_trust,118,RECOVERY,189,"(27, 13)",False,0,False,2495
0,0.0,True,0.0,0.9977868134546465,0.9991900676574649,2284,151,2284.0,102,6,27,"(13, 50)",0,0.0153015301530153,91.77777777777777,47.0,full_trust,102,RECOVERY,333,"(31, 8)",False,1,False,2495
0,0.0,True,0.0,0.9649986739186929,0.9880049224905867,2433,0,2433.0,123,8,27,"(13, 50)",0,0.0144014401440144,89.4074074074074,47.22222222222222,full_trust,123,RECOVERY,216,"(14, 41)",False,2,False,2495
