active_fake_claim_count,attacker_attributable_cost_on_route,attacker_is_trusted,attacker_route_cost_delta,attacker_source_memory,attacker_trust,benign_movement_steps,benign_no_path_steps,benign_total_distance,benign_total_replans,benign_traffic_wait_steps,deliveries_completed,goal,influential_fake_claim_count,map_error,mean_delivery_cycle_time_steps,mean_delivery_time_steps,method,path_changes,phase,planning_checks,position,preferred_route_affected_by_attacker,robot_id,route_affected_by_attacker,step
0,0.0,True,0.0,0.9,0.9,1,0,1.0,1,0,0,"(33, 50)",0,0.0,,,trust_fused,1,RECONNAISSANCE,1,"(7, 8)",False,0,False,0
0,0.0,True,0.0,0.9,0.9,1,0,1.0,1,0,0,"(33, 50)",0,0.0,,,trust_fused,1,RECONNAISSANCE,1,"(28, 42)",False,1,False,0
0,0.0,True,0.0,0.9,0.9,1,0,1.0,1,0,0,"(13, 50)",0,0.0,,,trust_fused,1,RECONNAISSANCE,1,"(7, 42)",False,2,False,0
0,0.0,True,0.0,0.9,0.9,6,0,6.0,1,0,0,"(33, 50)",0,0.0,,,trust_fused,1,RECONNAISSANCE,1,"(12, 8)",False,0,False,5
0,0.0,True,0.0,0.9,0.9,6,0,6.0,1,0,0,"(33, 50)",0,0.0,,,trust_fused,1,RECONNAISSANCE,1,"(30, 45)",False,1,False,5
0,0.0,True,0.0,0.9,0.9,6,0,6.0,1,0,0,"(13, 50)",0,0.0,,,trust_fused,1,RECONNAISSANCE,1,"(9, 45)",False,2,False,5
0,0.0,True,0.0,0.9,0.9,11,0,11.0,1,0,0,"(33, 50)",0,0.0,,,trust_fused,1,RECONNAISSANCE,1,"(13, 12)",False,0,False,10
0,0.0,True,0.0,0.9,0.9,11,0,11.0,1,0,0,"(33, 50)",0,0.0,,,trust_fused,1,RECONNAISSANCE,1,"(31, 49)",False,1,False,10
0,0.0,True,0.0,0.9,0.9,11,0,11.0,1,0,0,"(13, 50)",0,0.0,,,trust_fused,1,RECONNAISSANCE,1,"(10, 49)",False,2,False,10
0,0.0,True,0.0,0.9,0.9,16,0,16.0,1,0,0,"(33, 50)",0,0.0,,,trust_fused,1,RECONNAISSANCE,1,"(14, 16)",False,0,False,15
0,0.0,True,0.0,0.9,0.9,15,0,15.0,2,0,0,"(25, 2)",0,0.0,,,trust_fused,2,RECONNAISSANCE,2,"(32, 50)",False,1,False,15
0,0.0,True,0.0,0.9,0.9,15,0,15.0,2,0,0,"(15, 2)",0,0.0,,,trust_fused,2,RECONNAISSANCE,2,"(13, 50)",False,2,False,15
0,0.0,True,0.0,0.9,0.9,21,0,21.0,1,0,0,"(33, 50)",0,0.0,,,trust_fused,1,RECONNAISSANCE,1,"(14, 21)",False,0,False,20
0,0.0,True,0.0,0.9,0.9,20,0,20.0,2,0,0,"(25, 2)",0,0.0,,,trust_fused,2,RECONNAISSANCE,2,"(30, 47)",False,1,False,20
0,0.0,True,0.0,0.9,0.9,20,0,20.0,2,0,0,"(15, 2)",0,0.0,,,trust_fused,2,RECONNAISSANCE,2,"(13, 45)",False,2,False,20
0,0.0,True,0.0,0.9,0.9,26,0,26.0,2,0,0,"(33, 50)",0,0.0,,,trust_fused,2,RECONNAISSANCE,2,"(14, 26)",False,0,False,25
0,0.0,True,0.0,0.9,0.9,25,0,25.0,2,0,0,"(25, 2)",0,0.0,,,trust_fused,2,RECONNAISSANCE,3,"(30, 42)",False,1,False,25
0,0.0,True,0.0,0.9,0.9,25,0,25.0,2,0,0,"(15, 2)",0,0.0,,,trust_fused,2,RECONNAISSANCE,3,"(14, 41)",False,2,False,25
0,0.0,True,0.0,0.9,0.9,31,0,31.0,2,0,0,"(33, 50)",0,0.0,,,trust_fused,2,RECONNAISSANCE,2,"(16, 29)",False,0,False,30
0,0.0,True,0.0,0.9,0.9,30,0,30.0,2,0,0,"(25, 2)",0,0.0,,,trust_fused,2,RECONNAISSANCE,3,"(27, 40)",False,1,False,30
0,0.0,True,0.0,0.9,0.9,30,0,30.0,3,0,0,"(15, 2)",0,0.0,,,trust_fused,3,RECONNAISSANCE,4,"(15, 37)",False,2,False,30
0,0.0,True,0.0,0.9,0.9,36,0,36.0,2,0,0,"(33, 50)",0,0.0,,,trust_fused,2,RECONNAISSANCE,2,"(17, 33)",False,0,False,35
0,0.0,True,0.0,0.9,0.9,35,0,35.0,2,0,0,"(25, 2)",0,0.0,,,trust_fused,2,RECONNAISSANCE,3,"(25, 37)",False,1,False,35
0,0.0,True,0.0,0.9029239203957065,0.9208621740421404,35,0,35.0,3,0,0,"(15, 2)",0,0.0,,,trust_fused,3,RECONNAISSANCE,4,"(15, 32)",False,2,False,35
0,0.0,True,0.0,0.9,0.9,41,0,41.0,2,0,0,"(33, 50)",0,0.0,,,trust_fused,2,RECONNAISSANCE,2,"(17, 38)",False,0,False,40
0,0.0,True,0.0,0.9023939006305409,0.9165348003430678,40,0,40.0,2,0,0,"(25, 2)",0,0.0,,,trust_fused,2,RECONNAISSANCE,3,"(25, 32)",False,1,False,40
0,0.0,True,0.0,0.9092275853531437,0.9358487127749816,40,0,40.0,3,0,0,"(15, 2)",0,0.0,,,trust_fused,3,RECONNAISSANCE,4,"(15, 27)",False,2,False,40
0,0.0,True,0.0,0.9,0.9,46,0,46.0,2,0,0,"(33, 50)",0,0.0,,,trust_fused,2,RECONNAISSANCE,2,"(17, 43)",False,0,False,45
0,0.0,True,0.0,0.9073077353218316,0.9286045202346687,45,0,45.0,2,0,0,"(25, 2)",0,0.0,,,trust_fused,2,RECONNAISSANCE,3,"(25, 27)",False,1,False,45
0,0.0,True,0.0,0.9166085515682787,0.9454080876377094,45,0,45.0,3,0,0,"(15, 2)",0,0.0,,,trust_fused,3,RECONNAISSANCE,4,"(15, 22)",False,2,False,45
0,0.0,True,0.0,0.9,0.9,51,0,51.0,2,0,0,"(33, 50)",0,0.0,,,trust_fused,2,RECONNAISSANCE,3,"(17, 48)",False,0,False,50
0,0.0,True,0.0,0.9109308641846502,0.934523596369731,50,0,50.0,2,0,0,"(25, 2)",0,0.0,,,trust_fused,2,RECONNAISSANCE,4,"(25, 22)",False,1,False,50
0,0.0,True,0.0,0.9244194924749178,0.9546294284122859,50,0,50.0,3,0,0,"(15, 2)",0,0.0,,,trust_fused,3,RECONNAISSANCE,5,"(15, 17)",False,2,False,50
0,0.0,True,0.0,0.9,0.9,56,0,56.0,2,0,0,"(33, 50)",0,0.0,,,trust_fused,2,RECONNAISSANCE,3,"(21, 49)",False,0,False,55
0,0.0,True,0.0,0.9109308641846502,0.934523596369731,55,0,55.0,2,0,0,"(25, 2)",0,0.0,,,trust_fused,2,RECONNAISSANCE,4,"(25, 17)",False,1,False,55
0,0.0,True,0.0,0.9322659845282041,0.9616277805455282,55,0,55.0,3,0,0,"(15, 2)",0,0.0,,,trust_fused,3,RECONNAISSANCE,5,"(15, 12)",False,2,False,55
0,0.0,True,0.0,0.9,0.9,61,0,61.0,2,0,0,"(33, 50)",0,0.0,,,trust_fused,2,RECONNAISSANCE,3,"(25, 50)",False,0,False,60
0,0.0,True,0.0,0.9109308641846502,0.934523596369731,60,0,60.0,2,0,0,"(25, 2)",0,0.0,,,trust_fused,2,RECONNAISSANCE,4,"(25, 12)",False,1,False,60
0,0.0,True,0.0,0.93971336483054,0.9672229870841069,60,0,60.0,3,0,0,"(15, 2)",0,0.0,,,trust_fused,3,RECONNAISSANCE,5,"(15, 7)",False,2,False,60
0,0.0,True,0.0,0.9,0.9,66,0,66.0,2,0,0,"(33, 50)",0,0.0,,,trust_fused,2,RECONNAISSANCE,3,"(30, 50)",False,0,False,65
0,0.0,True,0.0,0.9109308641846502,0.934523596369731,65,0,65.0,2,0,0,"(25, 2)",0,0.0,,,trust_fused,2,RECONNAISSANCE,4,"(25, 7)",False,1,False,65
0,0.0,True,0.0,0.942538741747927,0.9692750963267341,65,0,65.0,3,0,0,"(15, 2)",0,0.0,,,trust_fused,3,RECONNAISSANCE,5,"(15, 2)",False,2,False,65
0,0.0,True,0.0,0.9,0.9,70,0,70.0,3,0,0,"(2, 41)",0,0.0,,,trust_fused,3,RECONNAISSANCE,4,"(32, 50)",False,0,False,70
0,0.0,True,0.0,0.9109308641846502,0.934523596369731,70,0,70.0,2,0,0,"(25, 2)",0,0.0,,,trust_fused,2,RECONNAISSANCE,4,"(25, 2)",False,1,False,70
0,0.0,True,0.0,0.942538741747927,0.9692750963267341,69,0,69.0,4,0,1,"(33, 50)",0,0.0,66.0,51.0,trust_fused,4,RECONNAISSANCE,6,"(15, 6)",False,2,False,70
0,0.0,True,0.0,0.9,0.9,75,0,75.0,3,0,0,"(2, 41)",0,0.0,,,trust_fused,3,RECONNAISSANCE,5,"(28, 49)",False,0,False,75
0,0.0,True,0.0,0.9109308641846502,0.934523596369731,74,0,74.0,3,0,1,"(33, 50)",0,0.0,71.0,57.0,trust_fused,3,RECONNAISSANCE,6,"(25, 6)",False,1,False,75
0,0.0,True,0.0,0.942538741747927,0.9692750963267341,74,0,74.0,4,0,1,"(33, 50)",0,0.0,66.0,51.0,trust_fused,4,RECONNAISSANCE,7,"(16, 10)",False,2,False,75
0,0.0,True,0.0,0.9,0.9,80,0,80.0,3,0,0,"(2, 41)",0,0.0,,,trust_fused,3,RECONNAISSANCE,5,"(23, 49)",False,0,False,80
0,0.0,True,0.0,0.9109308641846502,0.934523596369731,79,0,79.0,3,0,1,"(33, 50)",0,0.0,71.0,57.0,trust_fused,3,RECONNAISSANCE,6,"(26, 10)",False,1,False,80
0,0.0,True,0.0,0.942538741747927,0.9692750963267341,79,0,79.0,4,0,1,"(33, 50)",0,0.0011148272017837235,66.0,51.0,trust_fused,4,RECONNAISSANCE,7,"(16, 15)",False,2,False,80
0,0.0,True,0.0,0.9,0.9,85,0,85.0,3,0,0,"(2, 41)",0,0.0,,,trust_fused,3,RECONNAISSANCE,5,"(20, 47)",False,0,False,85
0,0.0,True,0.0,0.9109308641846502,0.934523596369731,84,0,84.0,3,0,1,"(33, 50)",0,0.0,71.0,57.0,trust_fused,3,RECONNAISSANCE,6,"(26, 15)",False,1,False,85
0,0.0,True,0.0,0.942538741747927,0.9692750963267341,84,0,84.0,4,0,1,"(33, 50)",0,0.0011086474501108647,66.0,51.0,trust_fused,4,RECONNAISSANCE,7,"(16, 20)",False,2,False,85
0,0.0,True,0.0,0.9,0.9,90,0,90.0,3,0,0,"(2, 41)",0,0.0,,,trust_fused,3,RECONNAISSANCE,5,"(17, 45)",False,0,False,90
0,0.0,True,0.0,0.9109308641846502,0.934523596369731,89,0,89.0,3,0,1,"(33, 50)",0,0.0011025358324145535,71.0,57.0,trust_fused,3,RECONNAISSANCE,6,"(26, 20)",False,1,False,90
0,0.0,True,0.0,0.942538741747927,0.9692750963267341,89,0,89.0,4,0,1,"(33, 50)",0,0.0011025358324145535,66.0,51.0,trust_fused,4,RECONNAISSANCE,7,"(16, 25)",False,2,False,90
0,0.0,True,0.0,0.9,0.9,95,0,95.0,3,0,0,"(2, 41)",0,0.0,,,trust_fused,3,RECONNAISSANCE,5,"(16, 41)",False,0,False,95
0,0.0,True,0.0,0.9109308641846502,0.934523596369731,94,0,94.0,3,0,1,"(33, 50)",0,0.0010964912280701754,71.0,57.0,trust_fused,3,RECONNAISSANCE,6,"(26, 25)",False,1,False,95
0,0.0,True,0.0,0.9478543268201636,0.9723004174741416,94,0,94.0,4,0,1,"(33, 50)",0,0.0010964912280701754,66.0,51.0,trust_fused,4,RECONNAISSANCE,7,"(16, 30)",False,2,False,95
0,0.0,True,0.0,0.9,0.9,100,0,100.0,4,0,0,"(2, 41)",0,0.001091703056768559,,,trust_fused,4,RECONNAISSANCE,7,"(11, 41)",False,0,False,100
0,0.0,True,0.0,0.9109308641846502,0.934523596369731,99,0,99.0,4,0,1,"(33, 50)",0,0.001091703056768559,71.0,57.0,trust_fused,4,RECONNAISSANCE,7,"(26, 30)",False,1,False,100
0,0.0,True,0.0,0.9539634915414905,0.9764340505740746,99,0,99.0,4,0,1,"(33, 50)",0,0.0,66.0,51.0,trust_fused,4,RECONNAISSANCE,8,"(16, 35)",False,2,False,100
0,0.0,True,0.0,0.9,0.9,105,0,105.0,4,0,0,"(2, 41)",0,0.001081081081081081,,,trust_fused,4,RECONNAISSANCE,7,"(7, 42)",False,0,False,105
0,0.0,True,0.0,0.9109308641846502,0.934523596369731,104,0,104.0,4,0,1,"(33, 50)",0,0.001081081081081081,71.0,57.0,trust_fused,4,RECONNAISSANCE,7,"(28, 33)",False,1,False,105
0,0.0,True,0.0,0.9596416954226177,0.9805196459690927,104,0,104.0,4,0,1,"(33, 50)",0,0.0,66.0,51.0,trust_fused,4,RECONNAISSANCE,8,"(16, 40)",False,2,False,105
0,0.0,True,0.0,0.9,0.9,110,0,110.0,4,0,0,"(2, 41)",0,0.0010438413361169101,,,trust_fused,4,RECONNAISSANCE,7,"(3, 41)",False,0,False,110
0,0.0,True,0.0,0.9109308641846502,0.934523596369731,109,0,109.0,4,0,1,"(33, 50)",0,0.0010438413361169101,71.0,57.0,trust_fused,4,RECONNAISSANCE,7,"(29, 37)",False,1,False,110
0,0.0,True,0.0,0.9647931351962924,0.9834613167014886,109,0,109.0,4,0,1,"(33, 50)",0,0.0,66.0,51.0,trust_fused,4,RECONNAISSANCE,8,"(16, 45)",False,2,False,110
0,0.0,True,0.0,0.9,0.9,114,0,114.0,5,0,1,"(33, 50)",0,0.0010427528675703858,112.0,43.0,trust_fused,5,RECONNAISSANCE,8,"(5, 41)",False,0,False,115
0,0.0,True,0.0,0.9134890342147007,0.938014274975196,114,0,114.0,4,0,1,"(33, 50)",0,0.0010427528675703858,71.0,57.0,trust_fused,4,RECONNAISSANCE,7,"(29, 42)",False,1,False,115
0,0.0,True,0.0,0.9693616393010881,0.986024308799638,114,0,114.0,4,0,1,"(33, 50)",0,0.0,66.0,51.0,trust_fused,4,RECONNAISSANCE,8,"(17, 49)",False,2,False,115
0,0.0,True,0.0,0.9,0.9,119,0,119.0,5,0,1,"(33, 50)",0,0.0010427528675703858,112.0,43.0,trust_fused,5,RECONNAISSANCE,8,"(8, 43)",False,0,False,120
0,0.0,True,0.0,0.9202863743482217,0.9466681072540272,119,0,119.0,4,0,1,"(33, 50)",0,0.0010427528675703858,71.0,57.0,trust_fused,4,RECONNAISSANCE,7,"(31, 45)",False,1,False,120
0,0.0,True,0.0,0.9734840809060896,0.9885265019716961,119,0,119.0,4,0,1,"(33, 50)",0,0.0,66.0,51.0,trust_fused,4,RECONNAISSANCE,8,"(21, 50)",False,2,False,120
0,0.0,True,0.0,0.9,0.9,124,0,124.0,6,0,1,"(33, 50)",0,0.0010427528675703858,112.0,43.0,trust_fused,6,RECONNAISSANCE,9,"(10, 46)",False,0,False,125
0,0.0,True,0.0,0.925969789999635,0.9536380334854196,124,0,124.0,4,0,1,"(33, 50)",0,0.0010427528675703858,71.0,57.0,trust_fused,4,RECONNAISSANCE,8,"(31, 50)",False,1,False,125
0,0.0,True,0.0,0.9771775960982594,0.9904717143768926,124,0,124.0,4,0,1,"(33, 50)",0,0.0,66.0,51.0,trust_fused,4,RECONNAISSANCE,9,"(26, 50)",False,2,False,125
0,0.0,True,0.0,0.9,0.9,129,0,129.0,6,0,1,"(33, 50)",0,0.0010427528675703858,112.0,43.0,trust_fused,6,RECONNAISSANCE,9,"(13, 48)",False,0,False,130
0,0.0,True,0.0,0.9274192796543801,0.9549595830945375,128,0,128.0,5,0,1,"(33, 8)",0,0.0010427528675703858,71.0,57.0,trust_fused,5,RECONNAISSANCE,9,"(33, 48)",False,1,False,130
0,0.0,True,0.0,0.9803833798276073,0.9918471585792535,129,0,129.0,4,0,1,"(33, 50)",0,0.0,66.0,51.0,trust_fused,4,RECONNAISSANCE,9,"(31, 50)",False,2,False,130
0,0.0,True,0.0,0.9,0.9,134,0,134.0,6,0,1,"(33, 50)",0,0.0010427528675703858,112.0,43.0,trust_fused,6,RECONNAISSANCE,9,"(17, 49)",False,0,False,135
0,0.0,True,0.0,0.9274192796543801,0.9549595830945375,133,0,133.0,5,0,1,"(33, 8)",0,0.0010427528675703858,71.0,57.0,trust_fused,5,RECONNAISSANCE,9,"(30, 46)",False,1,False,135
0,0.0,True,0.0,0.9821109843455462,0.9927921190880866,133,0,133.0,5,0,1,"(33, 8)",0,0.0,66.0,51.0,trust_fused,5,RECONNAISSANCE,10,"(33, 48)",False,2,False,135
0,0.0,True,0.0,0.9,0.9,139,0,139.0,6,0,1,"(33, 50)",0,0.0010427528675703858,112.0,43.0,trust_fused,6,RECONNAISSANCE,9,"(22, 49)",False,0,False,140
0,0.0,True,0.0,0.9274192796543801,0.9549595830945375,138,0,138.0,5,0,1,"(33, 8)",0,0.0010427528675703858,71.0,57.0,trust_fused,5,RECONNAISSANCE,9,"(30, 41)",False,1,False,140
0,0.0,True,0.0,0.9831788918773626,0.9931499323409408,138,0,138.0,5,0,1,"(33, 8)",0,0.0,66.0,51.0,trust_fused,5,RECONNAISSANCE,10,"(30, 46)",False,2,False,140
0,0.0,True,0.0,0.9,0.9,144,0,144.0,6,0,1,"(33, 50)",0,0.0010427528675703858,112.0,43.0,trust_fused,6,RECONNAISSANCE,9,"(26, 50)",False,0,False,145
0,0.0,True,0.0,0.9274192796543801,0.9549595830945375,143,0,143.0,5,0,1,"(33, 8)",0,0.0010427528675703858,71.0,57.0,trust_fused,5,RECONNAISSANCE,9,"(29, 37)",False,1,False,145
0,0.0,True,0.0,0.9855811646012457,0.9942308460047228,143,0,143.0,5,0,1,"(33, 8)",0,0.0,66.0,51.0,trust_fused,5,RECONNAISSANCE,10,"(29, 42)",False,2,False,145
0,0.0,True,0.0,0.9,0.9,149,0,149.0,6,0,1,"(33, 50)",0,0.06882168925964546,112.0,43.0,trust_fused,6,RECONNAISSANCE,10,"(31, 50)",False,0,False,150
0,0.0,True,0.0,0.9274192796543801,0.9549595830945375,148,0,148.0,5,0,1,"(33, 8)",0,0.06882168925964546,71.0,57.0,trust_fused,5,RECONNAISSANCE,10,"(29, 32)",False,1,False,150
0,0.0,True,0.0,0.9864527715368907,0.9946107233272965,148,0,148.0,5,0,1,"(33, 8)",0,0.06986444212721585,66.0,51.0,trust_fused,5,RECONNAISSANCE,11,"(29, 37)",False,2,False,150
0,0.0,True,0.0,0.9,0.9,153,0,153.0,7,0,1,"(13, 50)",0,0.0640495867768595,112.0,43.0,trust_fused,7,RECONNAISSANCE,11,"(31, 50)",False,0,False,155
0,0.0,True,0.0,0.9274192796543801,0.9549595830945375,153,0,153.0,5,0,1,"(33, 8)",0,0.0640495867768595,71.0,57.0,trust_fused,5,RECONNAISSANCE,10,"(29, 27)",False,1,False,155
0,0.0,True,0.0,0.9864527715368907,0.9946107233272965,153,0,153.0,5,0,1,"(33, 8)",0,0.06508264462809918,66.0,51.0,trust_fused,5,RECONNAISSANCE,11,"(29, 32)",False,2,False,155
0,0.0,True,0.0,0.9,0.9,158,0,158.0,7,0,1,"(13, 50)",0,0.06032719836400818,112.0,43.0,trust_fused,7,RECONNAISSANCE,11,"(27, 49)",False,0,False,160
0,0.0,True,0.0,0.9274192796543801,0.9549595830945375,158,0,158.0,5,0,1,"(33, 8)",0,0.06032719836400818,71.0,57.0,trust_fused,5,RECONNAISSANCE,10,"(29, 22)",False,1,False,160
0,0.0,True,0.0,0.9864527715368907,0.9946107233272965,158,0,158.0,5,0,1,"(33, 8)",0,0.06134969325153374,66.0,51.0,trust_fused,5,RECONNAISSANCE,11,"(29, 27)",False,2,False,160
0,0.0,True,0.0,0.9,0.9,163,0,163.0,7,0,1,"(13, 50)",0,0.05504587155963303,112.0,43.0,trust_fused,7,RECONNAISSANCE,11,"(22, 49)",False,0,False,165
0,0.0,True,0.0,0.9274192796543801,0.9549595830945375,163,0,163.0,6,0,1,"(33, 8)",0,0.05504587155963303,71.0,57.0,trust_fused,6,RECONNAISSANCE,11,"(29, 17)",False,1,False,165
0,0.0,True,0.0,0.9864527715368907,0.9946107233272965,163,0,163.0,6,0,1,"(33, 8)",0,0.05606523955147808,66.0,51.0,trust_fused,6,RECONNAISSANCE,12,"(29, 22)",False,2,False,165
0,0.0,True,0.0,0.9,0.9,168,0,168.0,7,0,1,"(13, 50)",0,0.053266331658291456,112.0,43.0,trust_fused,7,RECONNAISSANCE,11,"(18, 50)",False,0,False,170
0,0.0,True,0.0,0.9274192796543801,0.9549595830945375,168,0,168.0,6,0,1,"(33, 8)",0,0.053266331658291456,71.0,57.0,trust_fused,6,RECONNAISSANCE,11,"(30, 13)",False,1,False,170
0,0.0,True,0.0,0.9864527715368907,0.9946107233272965,168,0,168.0,6,0,1,"(33, 8)",0,0.054271356783919596,66.0,51.0,trust_fused,6,RECONNAISSANCE,12,"(29, 17)",False,2,False,170
0,0.0,True,0.0,0.9,0.9,173,0,173.0,7,0,1,"(13, 50)",0,0.05005005005005005,112.0,43.0,trust_fused,7,RECONNAISSANCE,12,"(13, 50)",False,0,False,175
0,0.0,True,0.0,0.9274192796543801,0.9549595830945375,173,0,173.0,6,0,1,"(33, 8)",0,0.05005005005005005,71.0,57.0,trust_fused,6,RECONNAISSANCE,12,"(30, 8)",False,1,False,175
0,0.0,True,0.0,0.9864527715368907,0.9946107233272965,173,0,173.0,7,0,1,"(33, 8)",0,0.05105105105105105,66.0,51.0,trust_fused,7,RECONNAISSANCE,13,"(30, 13)",False,2,False,175
0,0.0,True,0.0,0.9,0.9,177,0,177.0,8,0,2,"(2, 41)",0,0.05005005005005005,88.0,33.0,trust_fused,8,RECONNAISSANCE,13,"(12, 47)",False,0,False,180
0,0.0,True,0.0,0.9274192796543801,0.9549595830945375,177,0,177.0,7,0,2,"(13, 50)",0,0.05005005005005005,89.5,54.0,trust_fused,7,RECONNAISSANCE,13,"(32, 8)",False,1,False,180
0,0.0,True,0.0,0.9864527715368907,0.9946107233272965,178,0,178.0,7,0,1,"(33, 8)",0,0.05105105105105105,66.0,51.0,trust_fused,7,RECONNAISSANCE,13,"(32, 10)",False,2,False,180
0,0.0,True,0.0,0.9,0.9,182,0,182.0,8,0,2,"(2, 41)",0,0.04904904904904905,88.0,33.0,trust_fused,8,RECONNAISSANCE,13,"(8, 46)",False,0,False,185
0,0.0,True,0.0,0.9274192796543801,0.9549595830945375,182,0,182.0,7,0,2,"(13, 50)",0,0.04904904904904905,89.5,54.0,trust_fused,7,RECONNAISSANCE,13,"(30, 11)",False,1,False,185
0,0.0,True,0.0,0.9864527715368907,0.9946107233272965,182,0,182.0,8,0,2,"(2, 20)",0,0.05005005005005005,92.0,51.0,trust_fused,8,RECONNAISSANCE,14,"(32, 8)",False,2,False,185
0,0.0,True,0.0,0.9,0.9,187,0,187.0,8,0,2,"(2, 41)",0,0.04875621890547264,88.0,33.0,trust_fused,8,RECONNAISSANCE,13,"(5, 44)",False,0,False,190
0,0.0,True,0.0,0.9274192796543801,0.9549595830945375,187,0,187.0,7,0,2,"(13, 50)",0,0.04875621890547264,89.5,54.0,trust_fused,7,RECONNAISSANCE,13,"(29, 15)",False,1,False,190
0,0.0,True,0.0,0.9864527715368907,0.9946107233272965,187,0,187.0,8,0,2,"(2, 20)",0,0.04975124378109453,92.0,51.0,trust_fused,8,RECONNAISSANCE,14,"(30, 11)",False,2,False,190
0,0.0,True,0.0,0.9,0.9,192,0,192.0,8,0,2,"(2, 41)",0,0.04776119402985075,88.0,33.0,trust_fused,8,RECONNAISSANCE,13,"(3, 41)",False,0,False,195
0,0.0,True,0.0,0.9274192796543801,0.9549595830945375,192,0,192.0,7,0,2,"(13, 50)",0,0.04776119402985075,89.5,54.0,trust_fused,7,RECONNAISSANCE,13,"(29, 20)",False,1,False,195
0,0.0,True,0.0,0.9864527715368907,0.9946107233272965,192,0,192.0,8,0,2,"(2, 20)",0,0.04875621890547264,92.0,51.0,trust_fused,8,RECONNAISSANCE,14,"(29, 15)",False,2,False,195
0,0.0,True,0.0,0.9,0.9,196,0,196.0,9,0,2,"(2, 50)",0,0.046766169154228855,88.0,33.0,trust_fused,9,RECONNAISSANCE,15,"(3, 43)",False,0,False,200
0,0.0,True,0.0,0.9274192796543801,0.9549595830945375,197,0,197.0,7,0,2,"(13, 50)",0,0.04776119402985075,89.5,54.0,trust_fused,7,RECONNAISSANCE,14,"(29, 25)",False,1,False,200
0,0.0,True,0.0,0.9864527715368907,0.9946107233272965,197,0,197.0,8,0,2,"(2, 20)",0,0.04875621890547264,92.0,51.0,trust_fused,8,RECONNAISSANCE,15,"(25, 16)",False,2,False,200
0,0.0,True,0.0,0.9,0.9,201,0,201.0,9,0,2,"(2, 50)",0,0.04568023833167825,88.0,33.0,trust_fused,9,RECONNAISSANCE,15,"(3, 48)",False,0,False,205
0,0.0,True,0.0,0.9274192796543801,0.9549595830945375,202,0,202.0,7,0,2,"(13, 50)",0,0.04667328699106256,89.5,54.0,trust_fused,7,RECONNAISSANCE,14,"(28, 29)",False,1,False,205
0,0.0,True,0.0,0.9864527715368907,0.9946107233272965,202,0,202.0,8,0,2,"(2, 20)",0,0.047666335650446874,92.0,51.0,trust_fused,8,RECONNAISSANCE,15,"(21, 17)",False,2,False,205
0,0.0,True,0.0,0.9,0.9,205,0,205.0,10,0,3,"(33, 8)",0,0.036597428288822946,69.66666666666667,26.0,trust_fused,10,RECONNAISSANCE,16,"(3, 50)",False,0,False,210
0,0.0,True,0.0,0.9274192796543801,0.9549595830945375,207,0,207.0,7,0,2,"(13, 50)",0,0.03758654797230465,89.5,54.0,trust_fused,7,RECONNAISSANCE,14,"(28, 34)",False,1,False,210
0,0.0,True,0.0,0.9864527715368907,0.9946107233272965,207,0,207.0,9,0,2,"(2, 20)",0,0.03857566765578635,92.0,51.0,trust_fused,9,RECONNAISSANCE,16,"(16, 17)",False,2,False,210
0,0.0,True,0.0,0.9,0.9,210,0,210.0,10,0,3,"(33, 8)",0,0.036597428288822946,69.66666666666667,26.0,trust_fused,10,RECONNAISSANCE,16,"(5, 47)",False,0,False,215
0,0.0,True,0.0,0.9274192796543801,0.9549595830945375,212,0,212.0,7,0,2,"(13, 50)",0,0.03758654797230465,89.5,54.0,trust_fused,7,RECONNAISSANCE,14,"(28, 39)",False,1,False,215
0,0.0,True,0.0,0.9864527715368907,0.9946107233272965,212,0,212.0,9,0,2,"(2, 20)",0,0.03857566765578635,92.0,51.0,trust_fused,9,RECONNAISSANCE,16,"(15, 21)",False,2,False,215
0,0.0,True,0.0,0.9,0.9,215,0,215.0,10,0,3,"(33, 8)",0,0.03343166175024582,69.66666666666667,26.0,trust_fused,10,RECONNAISSANCE,16,"(7, 44)",False,0,False,220
0,0.0,True,0.0,0.9344348517629912,0.9606565817252228,217,0,217.0,7,0,2,"(13, 50)",0,0.0344149459193707,89.5,54.0,trust_fused,7,RECONNAISSANCE,14,"(28, 44)",False,1,False,220
0,0.0,True,0.0,0.9864527715368907,0.9946107233272965,217,0,217.0,9,0,2,"(2, 20)",0,0.035398230088495575,92.0,51.0,trust_fused,9,RECONNAISSANCE,16,"(11, 20)",False,2,False,220
0,0.0,True,0.0,0.9,0.9,220,0,220.0,11,0,3,"(33, 8)",0,0.03148854961832061,69.66666666666667,26.0,trust_fused,11,RECONNAISSANCE,17,"(9, 41)",False,0,False,225
0,0.0,True,0.0,0.9411371382123782,0.9661128212402458,222,0,222.0,7,0,2,"(13, 50)",0,0.03148854961832061,89.5,54.0,trust_fused,7,RECONNAISSANCE,15,"(28, 49)",False,1,False,225
0,0.0,True,0.0,0.9864527715368907,0.9946107233272965,222,0,222.0,9,0,2,"(2, 20)",0,0.03244274809160305,92.0,51.0,trust_fused,9,RECONNAISSANCE,17,"(6, 20)",False,2,False,225
0,0.0,True,0.0,0.9,0.9,225,0,225.0,11,0,3,"(33, 8)",0,0.02838221381267739,69.66666666666667,26.0,trust_fused,11,RECONNAISSANCE,17,"(13, 40)",False,0,False,230
0,0.0,True,0.0,0.9475020713201595,0.971403539714871,227,0,227.0,7,0,2,"(13, 50)",0,0.02838221381267739,89.5,54.0,trust_fused,7,RECONNAISSANCE,15,"(23, 49)",False,1,False,230
0,0.0,True,0.0,0.9864527715368907,0.9946107233272965,226,0,226.0,10,0,2,"(25, 2)",0,0.0293282876064333,92.0,51.0,trust_fused,10,RECONNAISSANCE,18,"(2, 20)",False,2,False,230
0,0.0,True,0.0,0.9,0.9,230,0,230.0,11,0,3,"(33, 8)",0,0.020657276995305163,69.66666666666667,26.0,trust_fused,11,RECONNAISSANCE,17,"(15, 37)",False,0,False,235
0,0.0,True,0.0,0.9535946967442124,0.9760204747211453,232,0,232.0,7,0,2,"(13, 50)",0,0.020657276995305163,89.5,54.0,trust_fused,7,RECONNAISSANCE,15,"(18, 49)",False,1,False,235
0,0.0,True,0.0,0.9864527715368907,0.9946107233272965,231,0,231.0,10,0,2,"(25, 2)",0,0.0215962441314554,92.0,51.0,trust_fused,10,RECONNAISSANCE,18,"(7, 20)",False,2,False,235
0,0.0,True,0.0,0.9,0.9,235,0,235.0,11,0,3,"(33, 8)",0,0.013133208255159476,69.66666666666667,26.0,trust_fused,11,RECONNAISSANCE,17,"(16, 33)",False,0,False,240
0,0.0,True,0.0,0.9592128658146554,0.9797328107918403,237,0,237.0,7,0,2,"(13, 50)",0,0.013133208255159476,89.5,54.0,trust_fused,7,RECONNAISSANCE,15,"(13, 49)",False,1,False,240
0,0.0,True,0.0,0.9864527715368907,0.9946107233272965,236,0,236.0,10,0,2,"(25, 2)",0,0.013133208255159476,92.0,51.0,trust_fused,10,RECONNAISSANCE,18,"(11, 21)",False,2,False,240
0,0.0,True,0.0,0.9,0.9,240,0,240.0,11,0,3,"(33, 8)",0,0.011246485473289597,69.66666666666667,26.0,trust_fused,11,RECONNAISSANCE,17,"(16, 28)",False,0,False,245
0,0.0,True,0.0,0.963313454697972,0.9821542766755109,241,0,241.0,8,0,2,"(2, 20)",0,0.011246485473289597,89.5,54.0,trust_fused,8,RECONNAISSANCE,16,"(12, 48)",False,1,False,245
0,0.0,True,0.0,0.9868693052115803,0.9947834450306834,241,0,241.0,10,0,2,"(25, 2)",0,0.011246485473289597,92.0,51.0,trust_fused,10,RECONNAISSANCE,18,"(16, 21)",False,2,False,245
0,0.0,True,0.0,0.9,0.9,245,0,245.0,12,0,3,"(33, 8)",0,0.011246485473289597,69.66666666666667,26.0,trust_fused,12,RECONNAISSANCE,18,"(16, 23)",False,0,False,250
0,0.0,True,0.0,0.9679813891011949,0.9849640661826294,246,0,246.0,9,0,2,"(2, 20)",0,0.011246485473289597,89.5,54.0,trust_fused,9,RECONNAISSANCE,17,"(10, 45)",False,1,False,250
0,0.0,True,0.0,0.9887948627517897,0.9957507269678731,246,0,246.0,10,0,2,"(25, 2)",0,0.011246485473289597,92.0,51.0,trust_fused,10,RECONNAISSANCE,19,"(17, 17)",False,2,False,250
0,0.0,True,0.0,0.9,0.9,250,0,250.0,12,0,3,"(33, 8)",0,0.011246485473289597,69.66666666666667,26.0,trust_fused,12,RECONNAISSANCE,18,"(18, 20)",False,0,False,255
0,0.0,True,0.0,0.9721839855627616,0.987430169755566,251,0,251.0,9,0,2,"(2, 20)",0,0.011246485473289597,89.5,54.0,trust_fused,9,RECONNAISSANCE,17,"(7, 43)",False,1,False,255
0,0.0,True,0.0,0.990498317631696,0.9966654918055499,251,0,251.0,10,0,2,"(25, 2)",0,0.011246485473289597,92.0,51.0,trust_fused,10,RECONNAISSANCE,19,"(22, 17)",False,2,False,255
0,0.0,True,0.0,0.9,0.9,255,0,255.0,12,0,3,"(33, 8)",0,0.010309278350515464,69.66666666666667,26.0,trust_fused,12,RECONNAISSANCE,18,"(20, 17)",False,0,False,260
0,0.0,True,0.0,0.9759242631152351,0.9894525892695749,256,0,256.0,9,0,2,"(2, 20)",0,0.010309278350515464,89.5,54.0,trust_fused,9,RECONNAISSANCE,17,"(4, 41)",False,1,False,260
0,0.0,True,0.0,0.9911225191760817,0.9969666631634783,256,0,256.0,10,0,2,"(25, 2)",0,0.010309278350515464,92.0,51.0,trust_fused,10,RECONNAISSANCE,19,"(25, 15)",False,2,False,260
0,0.0,True,0.0,0.9,0.9,260,0,260.0,12,0,3,"(33, 8)",0,0.010232558139534883,69.66666666666667,26.0,trust_fused,12,RECONNAISSANCE,18,"(24, 16)",False,0,False,265
0,0.0,True,0.0,0.9779464162323072,0.9905003194244005,261,0,261.0,9,0,2,"(2, 20)",0,0.010232558139534883,89.5,54.0,trust_fused,9,RECONNAISSANCE,17,"(3, 37)",False,1,False,265
0,0.0,True,0.0,0.9925362807982144,0.997589244943177,261,0,261.0,10,0,2,"(25, 2)",0,0.010232558139534883,92.0,51.0,trust_fused,10,RECONNAISSANCE,19,"(25, 10)",False,2,False,265
0,0.0,True,0.0,0.9,0.9,265,0,265.0,12,0,3,"(33, 8)",0,0.01004566210045662,69.66666666666667,26.0,trust_fused,12,RECONNAISSANCE,18,"(25, 12)",False,0,False,270
0,0.0,True,0.0,0.9779464162323072,0.9905003194244005,266,0,266.0,9,0,2,"(2, 20)",0,0.01004566210045662,89.5,54.0,trust_fused,9,RECONNAISSANCE,17,"(3, 32)",False,1,False,270
0,0.0,True,0.0,0.9937508879008411,0.9980780367386229,266,0,266.0,10,0,2,"(25, 2)",0,0.01004566210045662,92.0,51.0,trust_fused,10,RECONNAISSANCE,19,"(25, 5)",False,2,False,270
0,0.0,True,0.0,0.9,0.9,270,0,270.0,12,0,3,"(33, 8)",0,0.00990990990990991,69.66666666666667,26.0,trust_fused,12,RECONNAISSANCE,19,"(26, 8)",False,0,False,275
0,0.0,True,0.0,0.9779464162323072,0.9905003194244005,271,0,271.0,9,0,2,"(2, 20)",0,0.00990990990990991,89.5,54.0,trust_fused,9,RECONNAISSANCE,18,"(3, 27)",False,1,False,275
0,0.0,True,0.0,0.9947819446209183,0.9984413964182518,270,0,270.0,11,0,3,"(33, 50)",0,0.00990990990990991,91.33333333333333,48.666666666666664,trust_fused,11,RECONNAISSANCE,21,"(25, 3)",False,2,False,275
0,0.0,True,0.0,0.9,0.9,275,0,275.0,12,0,3,"(33, 8)",0,0.009900990099009901,69.66666666666667,26.0,trust_fused,12,RECONNAISSANCE,19,"(31, 8)",False,0,False,280
0,0.0,True,0.0,0.9779464162323072,0.9905003194244005,276,0,276.0,9,0,2,"(2, 20)",0,0.009900990099009901,89.5,54.0,trust_fused,9,RECONNAISSANCE,18,"(2, 23)",False,1,False,280
0,0.0,True,0.0,0.995655957612919,0.9987626076717389,275,0,275.0,11,0,3,"(33, 50)",0,0.009900990099009901,91.33333333333333,48.666666666666664,trust_fused,11,RECONNAISSANCE,21,"(26, 7)",False,2,False,280
0,0.0,True,0.0,0.9,0.9,279,0,279.0,13,0,3,"(3, 8)",0,0.009900990099009901,69.66666666666667,26.0,trust_fused,13,RECONNAISSANCE,20,"(31, 8)",False,0,False,285
0,0.0,True,0.0,0.9779464162323072,0.9905003194244005,280,0,280.0,10,0,3,"(2, 41)",0,0.009900990099009901,94.66666666666667,50.0,trust_fused,10,RECONNAISSANCE,19,"(2, 21)",False,1,False,285
0,0.0,True,0.0,0.9963943390477106,0.9990036390859895,280,0,280.0,11,0,3,"(33, 50)",0,0.009900990099009901,91.33333333333333,48.666666666666664,trust_fused,11,RECONNAISSANCE,21,"(26, 12)",False,2,False,285
0,0.0,True,0.0,0.9,0.9,284,0,284.0,13,0,3,"(3, 8)",0,0.011701170117011701,69.66666666666667,26.0,trust_fused,13,RECONNAISSANCE,20,"(27, 9)",False,0,False,290
0,0.0,True,0.0,0.9779464162323072,0.9905003194244005,285,0,285.0,10,0,3,"(2, 41)",0,0.009900990099009901,94.66666666666667,50.0,trust_fused,10,RECONNAISSANCE,19,"(3, 25)",False,1,False,290
0,0.0,True,0.0,0.9970119329392921,0.999186271752618,285,0,285.0,11,0,3,"(33, 50)",0,0.009900990099009901,91.33333333333333,48.666666666666664,trust_fused,11,RECONNAISSANCE,21,"(26, 17)",False,2,False,290
0,0.0,True,0.0,0.9,0.9,289,0,289.0,13,0,3,"(3, 8)",0,0.0144014401440144,69.66666666666667,26.0,trust_fused,13,RECONNAISSANCE,20,"(22, 9)",False,0,False,295
0,0.0,True,0.0,0.9779464162323072,0.9905003194244005,290,0,290.0,10,0,3,"(2, 41)",0,0.009900990099009901,94.66666666666667,50.0,trust_fused,10,RECONNAISSANCE,19,"(3, 30)",False,1,False,295
0,0.0,True,0.0,0.9973307420217539,0.999275343101913,290,0,290.0,11,0,3,"(33, 50)",0,0.011701170117011701,91.33333333333333,48.666666666666664,trust_fused,11,RECONNAISSANCE,21,"(28, 20)",False,2,False,295
0,0.0,True,0.0,0.9,0.9,294,0,294.0,16,0,3,"(3, 8)",0,0.050405040504050404,69.66666666666667,26.0,trust_fused,16,ATTACK,23,"(17, 9)",False,0,False,300
0,0.0,True,0.0,0.9779464162323072,0.9905003194244005,295,0,295.0,10,0,3,"(2, 41)",0,0.0558055805580558,94.66666666666667,50.0,trust_fused,10,ATTACK,20,"(3, 35)",False,1,False,300
0,0.0,True,0.0,0.9973307420217539,0.999275343101913,295,0,295.0,11,0,3,"(33, 50)",0,0.04950495049504951,91.33333333333333,48.666666666666664,trust_fused,11,ATTACK,22,"(29, 24)",False,2,False,300
0,0.0,True,0.0,0.9,0.9,299,0,299.0,16,0,3,"(3, 8)",0,0.046804680468046804,69.66666666666667,26.0,trust_fused,16,ATTACK,23,"(13, 8)",False,0,False,305
0,0.0,True,0.0,0.9779464162323072,0.9905003194244005,300,0,300.0,10,0,3,"(2, 41)",0,0.052205220522052204,94.66666666666667,50.0,trust_fused,10,ATTACK,20,"(3, 40)",False,1,False,305
0,0.0,True,0.0,0.9973307420217539,0.999275343101913,300,0,300.0,11,0,3,"(33, 50)",0,0.04590459045904591,91.33333333333333,48.666666666666664,trust_fused,11,ATTACK,22,"(29, 29)",False,2,False,305
0,0.0,True,0.0,0.9,0.9,304,0,304.0,16,0,3,"(3, 8)",0,0.046804680468046804,69.66666666666667,26.0,trust_fused,16,ATTACK,23,"(8, 8)",False,0,False,310
0,0.0,True,0.0,0.9779464162323072,0.9905003194244005,304,0,304.0,11,0,3,"(15, 2)",0,0.052205220522052204,94.66666666666667,50.0,trust_fused,11,ATTACK,21,"(3, 40)",False,1,False,310
0,0.0,True,0.0,0.9973307420217539,0.999275343101913,305,0,305.0,11,0,3,"(33, 50)",0,0.04590459045904591,91.33333333333333,48.666666666666664,trust_fused,11,ATTACK,22,"(29, 34)",False,2,False,310
0,0.0,True,0.0,0.9,0.9,309,0,309.0,16,0,3,"(3, 8)",0,0.046804680468046804,69.66666666666667,26.0,trust_fused,16,ATTACK,23,"(3, 8)",False,0,False,315
0,0.0,True,0.0,0.9779464162323072,0.9905003194244005,309,0,309.0,11,0,3,"(15, 2)",0,0.05130513051305131,94.66666666666667,50.0,trust_fused,11,ATTACK,21,"(5, 37)",False,1,False,315
0,0.0,True,0.0,0.9973307420217539,0.999275343101913,310,0,310.0,11,0,3,"(33, 50)",0,0.045004500450045004,91.33333333333333,48.666666666666664,trust_fused,11,ATTACK,22,"(29, 39)",False,2,False,315
0,0.0,True,0.0,0.9,0.9,313,0,313.0,17,0,4,"(2, 20)",0,0.04659498207885305,79.0,27.75,trust_fused,17,ATTACK,24,"(7, 8)",False,0,False,320
0,0.0,True,0.0,0.9779464162323072,0.9905003194244005,314,0,314.0,11,0,3,"(15, 2)",0,0.051075268817204304,94.66666666666667,50.0,trust_fused,11,ATTACK,21,"(5, 32)",False,1,False,320
0,0.0,True,0.0,0.9973307420217539,0.999275343101913,315,0,315.0,11,0,3,"(33, 50)",0,0.044802867383512544,91.33333333333333,48.666666666666664,trust_fused,11,ATTACK,22,"(31, 42)",False,2,False,320
0,0.0,True,0.0,0.9,0.9,318,0,318.0,18,0,4,"(2, 20)",0,0.0456140350877193,79.0,27.75,trust_fused,18,ATTACK,25,"(12, 8)",False,0,False,325
0,0.0,True,0.0,0.9779464162323072,0.9905003194244005,319,0,319.0,11,0,3,"(15, 2)",0,0.05,94.66666666666667,50.0,trust_fused,11,ATTACK,22,"(7, 29)",False,1,False,325
0,0.0,True,0.0,0.9973307420217539,0.999275343101913,320,0,320.0,11,0,3,"(33, 50)",0,0.04298245614035088,91.33333333333333,48.666666666666664,trust_fused,11,ATTACK,23,"(31, 47)",False,2,False,325
0,0.0,True,0.0,0.9,0.9,323,0,323.0,18,0,4,"(2, 20)",0,0.03943908851884312,79.0,27.75,trust_fused,18,ATTACK,25,"(14, 11)",False,0,False,330
0,0.0,True,0.0,0.9779464162323072,0.9905003194244005,324,0,324.0,11,0,3,"(15, 2)",0,0.04382120946538125,94.66666666666667,50.0,trust_fused,11,ATTACK,22,"(7, 24)",False,1,False,330
0,0.0,True,0.0,0.9973307420217539,0.999275343101913,325,0,325.0,11,0,3,"(33, 50)",0,0.040315512708150744,91.33333333333333,48.666666666666664,trust_fused,11,ATTACK,23,"(33, 50)",False,2,False,330
0,0.0,True,0.0,0.9,0.9,328,0,328.0,18,0,4,"(2, 20)",0,0.03418054338299737,79.0,27.75,trust_fused,18,ATTACK,25,"(14, 16)",False,0,False,335
0,0.0,True,0.0,0.9779464162323072,0.9905003194244005,329,0,329.0,11,0,3,"(15, 2)",0,0.03768624014022787,94.66666666666667,50.0,trust_fused,11,ATTACK,22,"(8, 20)",False,1,False,335
0,0.0,True,0.0,0.9973307420217539,0.999275343101913,329,0,329.0,12,0,3,"(33, 8)",0,0.03418054338299737,91.33333333333333,48.666666666666664,trust_fused,12,ATTACK,24,"(33, 46)",False,2,False,335
0,0.0,True,0.0,0.9,0.9,333,0,333.0,18,0,4,"(2, 20)",0,0.032541776605101144,79.0,27.75,trust_fused,18,ATTACK,25,"(13, 20)",False,0,False,340
0,0.0,True,0.0,0.7616540564743094,0.7894453541494975,333,0,333.0,11,1,3,"(15, 2)",0,0.03690685413005272,94.66666666666667,50.0,trust_fused,11,ATTACK,22,"(12, 20)",False,1,False,340
4,0.0,True,0.0,0.9973307420217539,0.999275343101913,334,0,334.0,12,0,3,"(33, 8)",0,0.036939313984168866,91.33333333333333,48.666666666666664,trust_fused,12,ATTACK,24,"(30, 44)",False,2,False,340
0,0.0,True,0.0,0.9,0.9,337,0,337.0,18,1,4,"(2, 20)",0,0.032541776605101144,79.0,27.75,trust_fused,18,ATTACK,25,"(9, 20)",False,0,False,345
0,0.0,True,0.0,0.7755896881913182,0.8412230178848739,336,0,336.0,13,3,3,"(15, 2)",0,0.03602811950790861,94.66666666666667,50.0,trust_fused,13,ATTACK,24,"(10, 21)",False,1,False,345
0,0.0,True,0.0,0.9973307420217539,0.999275343101913,339,0,339.0,12,0,3,"(33, 8)",0,0.03342128408091469,91.33333333333333,48.666666666666664,trust_fused,12,ATTACK,24,"(29, 40)",False,2,False,345
0,0.0,True,0.0,0.9,0.9,342,0,342.0,18,1,4,"(2, 20)",0,0.032541776605101144,79.0,27.75,trust_fused,18,ATTACK,26,"(4, 20)",False,0,False,350
0,0.0,True,0.0,0.7954964530123523,0.875485296221502,341,0,341.0,13,3,3,"(15, 2)",0,0.033391915641476276,94.66666666666667,50.0,trust_fused,13,ATTACK,25,"(14, 20)",False,1,False,350
0,0.0,True,0.0,0.9973307420217539,0.999275343101913,344,0,344.0,12,0,3,"(33, 8)",0,0.03342128408091469,91.33333333333333,48.666666666666664,trust_fused,12,ATTACK,25,"(29, 35)",False,2,False,350
0,0.0,True,0.0,0.9,0.9,346,0,346.0,19,1,4,"(24, 45)",0,0.032541776605101144,79.0,27.75,trust_fused,19,ATTACK,27,"(4, 20)",False,0,False,355
0,0.0,True,0.0,0.8166286654210582,0.8967919008746142,346,0,346.0,13,3,3,"(15, 2)",0,0.033391915641476276,94.66666666666667,50.0,trust_fused,13,ATTACK,25,"(15, 16)",False,1,False,355
0,0.0,True,0.0,0.9973307420217539,0.999275343101913,349,0,349.0,12,0,3,"(33, 8)",0,0.03342128408091469,91.33333333333333,48.666666666666664,trust_fused,12,ATTACK,25,"(29, 30)",False,2,False,355
0,0.0,True,0.0,0.9,0.9,351,0,351.0,19,1,4,"(24, 45)",0,0.03268551236749117,79.0,27.75,trust_fused,19,ATTACK,27,"(9, 20)",False,0,False,360
0,0.0,True,0.0,0.8370416679566386,0.9125576350405268,351,0,351.0,13,3,3,"(15, 2)",0,0.033480176211453744,94.66666666666667,50.0,trust_fused,13,ATTACK,25,"(15, 11)",False,1,False,360
0,0.0,True,0.0,0.9973307420217539,0.999275343101913,354,0,354.0,12,0,3,"(33, 8)",0,0.03356890459363958,91.33333333333333,48.666666666666664,trust_fused,12,ATTACK,25,"(29, 25)",False,2,False,360
0,0.0,True,0.0,0.9,0.9,356,0,356.0,19,1,4,"(24, 45)",0,0.03268551236749117,79.0,27.75,trust_fused,19,ATTACK,27,"(13, 21)",False,0,False,365
0,0.0,True,0.0,0.8559287534994289,0.9249664164753925,356,0,356.0,13,3,3,"(15, 2)",0,0.033480176211453744,94.66666666666667,50.0,trust_fused,13,ATTACK,25,"(15, 6)",False,1,False,365
0,0.0,True,0.0,0.9973307420217539,0.999275343101913,359,0,359.0,12,0,3,"(33, 8)",0,0.03356890459363958,91.33333333333333,48.666666666666664,trust_fused,12,ATTACK,25,"(29, 20)",False,2,False,365
0,0.0,True,0.0,0.9,0.9,361,0,361.0,19,1,4,"(24, 45)",0,0.027385159010600707,79.0,27.75,trust_fused,19,ATTACK,27,"(15, 24)",False,0,False,370
0,0.0,True,0.0,0.8595359392264239,0.9280724680393297,360,0,360.0,14,3,4,"(33, 50)",0,0.024669603524229075,92.5,53.0,trust_fused,14,ATTACK,26,"(15, 2)",False,1,False,370
0,0.0,True,0.0,0.9973307420217539,0.999275343101913,364,0,364.0,12,0,3,"(33, 8)",0,0.024734982332155476,91.33333333333333,48.666666666666664,trust_fused,12,ATTACK,25,"(30, 16)",False,2,False,370
0,0.0,True,0.0,0.9,0.9,366,0,366.0,20,1,4,"(24, 45)",0,0.02294792586054722,79.0,27.75,trust_fused,20,ATTACK,28,"(17, 27)",False,0,False,375
11,6.405012090619948,True,6.405012090619948,0.5418370771144855,0.5418370771144855,365,0,365.0,15,3,4,"(33, 50)",11,0.022007042253521125,92.5,53.0,trust_fused,15,ATTACK,28,"(15, 7)",True,1,True,375
17,0.0,True,0.0,0.9973307420217539,0.999275343101913,369,0,369.0,12,0,3,"(33, 8)",0,0.037069726390114736,91.33333333333333,48.666666666666664,trust_fused,12,ATTACK,26,"(30, 11)",False,2,False,375
0,0.0,True,0.0,0.9,0.9,371,0,371.0,20,1,4,"(24, 45)",0,0.0176522506619594,79.0,27.75,trust_fused,20,ATTACK,28,"(19, 30)",False,0,False,380
0,0.0,False,0.0,0.24105749852196046,0.24105749852196046,370,0,370.0,16,3,4,"(33, 50)",0,0.025528169014084508,92.5,53.0,trust_fused,16,ATTACK,29,"(15, 12)",False,1,False,380
17,0.0,True,0.0,0.9973307420217539,0.999275343101913,374,0,374.0,12,0,3,"(33, 8)",0,0.02736098852603707,91.33333333333333,48.666666666666664,trust_fused,12,ATTACK,26,"(32, 8)",False,2,False,380
0,0.0,True,0.0,0.9,0.9,376,0,376.0,20,1,4,"(24, 45)",0,0.017605633802816902,79.0,27.75,trust_fused,20,ATTACK,28,"(20, 34)",False,0,False,385
0,0.0,False,0.0,0.2565096666224256,0.3488739490787765,375,0,375.0,16,3,4,"(33, 50)",0,0.025505716798592787,92.5,53.0,trust_fused,16,ATTACK,29,"(16, 16)",False,1,False,385
17,0.0,True,0.0,0.9973307420217539,0.999275343101913,378,0,378.0,13,0,4,"(33, 30)",0,0.030809859154929578,95.5,49.25,trust_fused,13,ATTACK,27,"(33, 11)",False,2,False,385
0,0.0,True,0.0,0.9,0.9,381,0,381.0,20,1,4,"(24, 45)",0,0.013146362839614373,79.0,27.75,trust_fused,20,ATTACK,28,"(20, 39)",False,0,False,390
0,0.0,False,0.0,0.2918095443405798,0.44959630191895833,380,0,380.0,16,3,4,"(33, 50)",0,0.025416301489921123,92.5,53.0,trust_fused,16,ATTACK,29,"(16, 21)",False,1,False,390
17,0.0,True,0.0,0.9973307420217539,0.999275343101913,383,0,383.0,13,0,4,"(33, 30)",0,0.028045574057843997,95.5,49.25,trust_fused,13,ATTACK,27,"(29, 12)",False,2,False,390
0,0.0,True,0.0,0.9,0.9,386,0,386.0,20,1,4,"(24, 45)",0,0.011393514460999123,79.0,27.75,trust_fused,20,ATTACK,28,"(24, 40)",False,0,False,395
0,0.0,True,0.0,0.3391011481560835,0.5306588210315893,385,0,385.0,16,3,4,"(33, 50)",0,0.021034180543382998,92.5,53.0,trust_fused,16,ATTACK,29,"(18, 24)",False,1,False,395
17,0.0,True,0.0,0.9973307420217539,0.999275343101913,388,0,388.0,13,0,4,"(33, 30)",0,0.026292725679228746,95.5,49.25,trust_fused,13,ATTACK,27,"(29, 17)",False,2,False,395
0,0.0,True,0.0,0.9,0.9,391,0,391.0,20,1,4,"(24, 45)",0,0.011393514460999123,79.0,27.75,trust_fused,20,ATTACK,29,"(25, 44)",False,0,False,400
0,0.0,True,0.0,0.38158049678980754,0.5870312457667209,390,0,390.0,16,3,4,"(33, 50)",0,0.015775635407537247,92.5,53.0,trust_fused,16,ATTACK,30,"(22, 25)",False,1,False,400
17,0.0,True,0.0,0.9973307420217539,0.999275343101913,393,0,393.0,13,0,4,"(33, 30)",0,0.026292725679228746,95.5,49.25,trust_fused,13,ATTACK,28,"(29, 22)",False,2,False,400
0,0.0,True,0.0,0.9,0.9,395,0,395.0,21,1,5,"(21, 17)",0,0.011393514460999123,80.6,32.2,trust_fused,21,ATTACK,30,"(25, 44)",False,0,False,405
0,0.0,True,0.0,0.39264905774019276,0.6029517157975117,395,0,395.0,16,3,4,"(33, 50)",0,0.014899211218229623,92.5,53.0,trust_fused,16,ATTACK,30,"(24, 28)",False,1,False,405
17,0.0,True,0.0,0.9973307420217539,0.999275343101913,398,0,398.0,13,0,4,"(33, 30)",0,0.026292725679228746,95.5,49.25,trust_fused,13,ATTACK,28,"(29, 27)",False,2,False,405
0,0.0,True,0.0,0.9,0.9,400,0,400.0,21,1,5,"(21, 17)",0,0.011393514460999123,80.6,32.2,trust_fused,21,ATTACK,30,"(24, 40)",False,0,False,410
0,0.0,True,0.0,0.4266100324337915,0.6415334436130485,400,0,400.0,16,3,4,"(33, 50)",0,0.013146362839614373,92.5,53.0,trust_fused,16,ATTACK,30,"(27, 30)",False,1,False,410
17,0.0,True,0.0,0.9973307420217539,0.999275343101913,403,0,403.0,13,0,4,"(33, 30)",0,0.026292725679228746,95.5,49.25,trust_fused,13,ATTACK,28,"(31, 30)",False,2,False,410
0,0.0,True,0.0,0.9,0.9,405,0,405.0,21,1,5,"(21, 17)",0,0.011393514460999123,80.6,32.2,trust_fused,21,ATTACK,30,"(20, 39)",False,0,False,415
3,0.0,True,0.0,0.471769463203076,0.6870985176837271,405,0,405.0,16,3,4,"(33, 50)",0,0.014899211218229623,92.5,53.0,trust_fused,16,ATTACK,30,"(27, 35)",False,1,False,415
20,0.0,True,0.0,0.9973307420217539,0.999275343101913,407,0,407.0,15,0,4,"(2, 41)",0,0.028921998247151623,95.5,49.25,trust_fused,15,ATTACK,30,"(31, 30)",False,2,False,415
0,0.0,True,0.0,0.9,0.9,410,0,410.0,21,1,5,"(21, 17)",0,0.011393514460999123,80.6,32.2,trust_fused,21,ATTACK,30,"(19, 35)",False,0,False,420
0,0.0,True,0.0,0.5279243087721561,0.7388578646681393,410,0,410.0,16,3,4,"(33, 50)",0,0.011393514460999123,92.5,53.0,trust_fused,16,ATTACK,30,"(27, 40)",False,1,False,420
17,0.0,True,0.0,0.9975232888861632,0.9993150236906403,412,0,412.0,16,0,4,"(2, 41)",0,0.026292725679228746,95.5,49.25,trust_fused,16,ATTACK,31,"(28, 32)",False,2,False,420
0,0.0,True,0.0,0.9,0.9,415,0,415.0,21,1,5,"(21, 17)",0,0.011393514460999123,80.6,32.2,trust_fused,21,ATTACK,31,"(19, 30)",False,0,False,425
0,0.0,True,0.0,0.5815016599923055,0.7796183415435307,415,0,415.0,17,3,4,"(33, 50)",0,0.011393514460999123,92.5,53.0,trust_fused,17,ATTACK,31,"(27, 45)",False,1,False,425
17,0.0,True,0.0,0.9979428770688418,0.999416317695644,417,0,417.0,16,0,4,"(2, 41)",0,0.026292725679228746,95.5,49.25,trust_fused,16,ATTACK,32,"(28, 37)",False,2,False,425
0,0.0,True,0.0,0.9,0.9,420,0,420.0,21,1,5,"(21, 17)",0,0.011393514460999123,80.6,32.2,trust_fused,21,ATTACK,31,"(19, 25)",False,0,False,430
0,0.0,True,0.0,0.6017926782063862,0.7925216731802199,420,0,420.0,17,3,4,"(33, 50)",0,0.011393514460999123,92.5,53.0,trust_fused,17,ATTACK,31,"(29, 48)",False,1,False,430
17,0.0,True,0.0,0.9982893968840697,0.9995096469825131,422,0,422.0,16,0,4,"(2, 41)",0,0.026292725679228746,95.5,49.25,trust_fused,16,ATTACK,32,"(23, 37)",False,2,False,430
0,0.0,True,0.0,0.9,0.9,425,0,425.0,21,1,5,"(21, 17)",0,0.011393514460999123,80.6,32.2,trust_fused,21,ATTACK,31,"(19, 20)",False,0,False,435
0,0.0,True,0.0,0.6017926782063862,0.7925216731802199,425,0,425.0,17,3,4,"(33, 50)",0,0.011393514460999123,92.5,53.0,trust_fused,17,ATTACK,31,"(32, 50)",False,1,False,435
17,0.0,True,0.0,0.9985766816186799,0.9995869599526168,427,0,427.0,16,0,4,"(2, 41)",0,0.026292725679228746,95.5,49.25,trust_fused,16,ATTACK,32,"(18, 37)",False,2,False,435
0,0.0,True,0.0,0.9,0.9,430,0,430.0,21,1,5,"(21, 17)",0,0.011393514460999123,80.6,32.2,trust_fused,21,ATTACK,31,"(21, 17)",False,0,False,440
0,0.0,True,0.0,0.6017926782063862,0.7925216731802199,429,0,429.0,18,3,4,"(33, 30)",0,0.012269938650306749,92.5,53.0,trust_fused,18,ATTACK,32,"(33, 47)",False,1,False,440
17,0.0,True,0.0,0.9988133753527165,0.999642205894975,432,0,432.0,16,0,4,"(2, 41)",0,0.026292725679228746,95.5,49.25,trust_fused,16,ATTACK,32,"(13, 37)",False,2,False,440
0,0.0,True,0.0,0.9,0.9,434,0,434.0,22,1,5,"(15, 2)",0,0.011393514460999123,80.6,32.2,trust_fused,22,ATTACK,32,"(17, 17)",False,0,False,445
0,0.0,True,0.0,0.6017926782063862,0.7925216731802199,434,0,434.0,18,3,4,"(33, 30)",0,0.013146362839614373,92.5,53.0,trust_fused,18,ATTACK,32,"(29, 46)",False,1,False,445
16,0.0,True,0.0,0.9988552310500106,0.9996504892985981,437,0,437.0,16,0,4,"(2, 41)",0,0.025416301489921123,95.5,49.25,trust_fused,16,ATTACK,32,"(12, 41)",False,2,False,445
0,0.0,True,0.0,0.9,0.9,439,0,439.0,22,1,5,"(15, 2)",0,0.051709027169149865,80.6,32.2,trust_fused,22,ATTACK,33,"(15, 14)",False,0,False,450
0,0.0,True,0.0,0.6017926782063862,0.7925216731802199,439,0,439.0,18,3,4,"(33, 30)",0,0.05346187554776512,92.5,53.0,trust_fused,18,ATTACK,33,"(29, 41)",False,1,False,450
0,0.0,True,0.0,0.9988552310500106,0.9996504892985981,442,0,442.0,16,0,4,"(2, 41)",0,0.05083260297984225,95.5,49.25,trust_fused,16,ATTACK,33,"(7, 41)",False,2,False,450
0,0.0,True,0.0,0.9,0.9,444,0,444.0,22,1,5,"(15, 2)",0,0.04820333041191937,80.6,32.2,trust_fused,22,ATTACK,33,"(15, 9)",False,0,False,455
9,0.0,True,0.0,0.6017926782063862,0.7925216731802199,444,0,444.0,18,3,4,"(33, 30)",0,0.05696757230499562,92.5,53.0,trust_fused,18,ATTACK,33,"(29, 36)",False,1,False,455
9,0.0,True,0.0,0.9988552310500106,0.9996504892985981,447,0,447.0,16,0,4,"(2, 41)",0,0.04995617879053462,95.5,49.25,trust_fused,16,ATTACK,33,"(2, 41)",False,2,False,455
0,0.0,True,0.0,0.9,0.9,449,0,449.0,22,1,5,"(15, 2)",0,0.04820333041191937,80.6,32.2,trust_fused,22,ATTACK,33,"(15, 4)",False,0,False,460
9,0.0,True,0.0,0.6017926782063862,0.7925216731802199,449,0,449.0,18,3,4,"(33, 30)",0,0.05696757230499562,92.5,53.0,trust_fused,18,ATTACK,33,"(29, 31)",False,1,False,460
9,0.0,True,0.0,0.9988552310500106,0.9996504892985981,451,0,451.0,17,0,5,"(21, 17)",0,0.04995617879053462,91.2,48.0,trust_fused,17,ATTACK,34,"(6, 41)",False,2,False,460
0,0.0,True,0.0,0.9,0.9,453,0,453.0,23,1,6,"(33, 30)",0,0.04820333041191937,77.16666666666667,30.5,trust_fused,23,ATTACK,34,"(15, 4)",False,0,False,465
9,0.0,True,0.0,0.6017926782063862,0.7925216731802199,454,0,454.0,18,3,4,"(33, 30)",0,0.05696757230499562,92.5,53.0,trust_fused,18,ATTACK,33,"(33, 30)",False,1,False,465
9,0.0,True,0.0,0.9988552310500106,0.9996504892985981,456,0,456.0,17,0,5,"(21, 17)",0,0.049079754601226995,91.2,48.0,trust_fused,17,ATTACK,34,"(8, 38)",False,2,False,465
0,0.0,True,0.0,0.9,0.9,458,0,458.0,23,1,6,"(33, 30)",0,0.04820333041191937,77.16666666666667,30.5,trust_fused,23,ATTACK,34,"(17, 7)",False,0,False,470
9,0.0,True,0.0,0.6017926782063862,0.7925216731802199,458,0,458.0,19,3,5,"(2, 50)",0,0.056091148115687994,93.2,48.2,trust_fused,19,ATTACK,34,"(29, 30)",False,1,False,470
9,0.0,True,0.0,0.9988552310500106,0.9996504892985981,461,0,461.0,17,0,5,"(21, 17)",0,0.05258545135845749,91.2,48.0,trust_fused,17,ATTACK,34,"(11, 36)",False,2,False,470
0,0.0,True,0.0,0.9,0.9,463,0,463.0,23,1,6,"(33, 30)",0,0.04820333041191937,77.16666666666667,30.5,trust_fused,23,ATTACK,35,"(17, 12)",False,0,False,475
9,0.0,True,0.0,0.6017926782063862,0.7925216731802199,463,0,463.0,20,3,5,"(2, 50)",0,0.05258545135845749,93.2,48.2,trust_fused,20,ATTACK,35,"(27, 33)",False,1,False,475
9,0.0,True,0.0,0.9988552310500106,0.9996504892985981,466,0,466.0,18,0,5,"(21, 17)",0,0.049079754601226995,91.2,48.0,trust_fused,18,ATTACK,35,"(15, 35)",False,2,False,475
0,0.0,True,0.0,0.9,0.9,468,0,468.0,23,1,6,"(33, 30)",0,0.04645048203330412,77.16666666666667,30.5,trust_fused,23,ATTACK,35,"(17, 17)",False,0,False,480
9,0.0,True,0.0,0.6017926782063862,0.7925216731802199,468,0,468.0,20,3,5,"(2, 50)",0,0.04557405784399649,93.2,48.2,trust_fused,20,ATTACK,35,"(25, 36)",False,1,False,480
9,0.0,True,0.0,0.9988552310500106,0.9996504892985981,471,0,471.0,19,0,5,"(21, 17)",0,0.04645048203330412,91.2,48.0,trust_fused,19,ATTACK,36,"(16, 31)",False,2,False,480
0,0.0,True,0.0,0.9,0.9,473,0,473.0,23,1,6,"(33, 30)",0,0.04294478527607362,77.16666666666667,30.5,trust_fused,23,ATTACK,35,"(18, 21)",False,0,False,485
9,0.0,True,0.0,0.6017926782063862,0.7925216731802199,473,0,473.0,20,3,5,"(2, 50)",0,0.044697633654688866,93.2,48.2,trust_fused,20,ATTACK,35,"(24, 40)",False,1,False,485
9,0.0,True,0.0,0.9988955730028937,0.9996620701076727,476,0,476.0,19,0,5,"(21, 17)",0,0.04557405784399649,91.2,48.0,trust_fused,19,ATTACK,36,"(18, 28)",False,2,False,485
0,0.0,True,0.0,0.9,0.9,478,0,478.0,23,1,6,"(33, 30)",0,0.04294478527607362,77.16666666666667,30.5,trust_fused,23,ATTACK,35,"(20, 24)",False,0,False,490
16,0.0,True,0.0,0.6017926782063862,0.7925216731802199,478,0,478.0,20,3,5,"(2, 50)",0,0.04820333041191937,93.2,48.2,trust_fused,20,ATTACK,35,"(19, 40)",False,1,False,490
16,13.07344189081805,True,13.07344189081805,0.9990786002562235,0.9997317489182759,481,0,481.0,19,0,5,"(21, 17)",0,0.04820333041191937,91.2,48.0,trust_fused,19,ATTACK,37,"(18, 23)",False,2,False,490
0,0.0,True,0.0,0.9,0.9,483,0,483.0,23,1,6,"(33, 30)",0,0.040315512708150744,77.16666666666667,30.5,trust_fused,23,ATTACK,35,"(23, 26)",False,0,False,495
16,0.0,True,0.0,0.6017926782063862,0.7925216731802199,483,0,483.0,20,3,5,"(2, 50)",0,0.04119193689745837,93.2,48.2,trust_fused,20,ATTACK,35,"(15, 41)",False,1,False,495
9,0.0,True,0.0,0.8825468230968712,0.8825468230968712,486,0,486.0,20,0,5,"(21, 17)",0,0.042068361086765996,91.2,48.0,trust_fused,20,ATTACK,40,"(18, 18)",False,2,False,495
0,0.0,True,0.0,0.9,0.9,488,0,488.0,23,1,6,"(33, 30)",0,0.03593339176161262,77.16666666666667,30.5,trust_fused,23,ATTACK,36,"(24, 30)",False,0,False,500
16,0.0,True,0.0,0.6017926782063862,0.7925216731802199,488,0,488.0,21,3,5,"(2, 50)",0,0.03943908851884312,93.2,48.2,trust_fused,21,ATTACK,36,"(10, 41)",False,1,False,500
9,0.0,True,0.0,0.8831224580989794,0.8902356969205826,490,0,490.0,21,0,5,"(2, 50)",0,0.040315512708150744,91.2,48.0,trust_fused,21,ATTACK,42,"(21, 17)",False,2,False,500
0,0.0,True,0.0,0.9,0.9,493,0,493.0,23,1,6,"(33, 30)",0,0.035056967572304996,77.16666666666667,30.5,trust_fused,23,ATTACK,36,"(29, 30)",False,0,False,505
16,0.0,True,0.0,0.6017926782063862,0.7925216731802199,493,0,493.0,21,3,5,"(2, 50)",0,0.03943908851884312,93.2,48.2,trust_fused,21,ATTACK,36,"(7, 43)",False,1,False,505
9,0.0,True,0.0,0.8836526072426609,0.8937254409726095,495,0,495.0,21,0,5,"(2, 50)",0,0.040315512708150744,91.2,48.0,trust_fused,21,ATTACK,42,"(17, 18)",False,2,False,505
0,0.0,True,0.0,0.9,0.9,497,0,497.0,24,1,6,"(25, 2)",0,0.033304119193689745,77.16666666666667,30.5,trust_fused,24,ATTACK,37,"(33, 30)",False,0,False,510
16,0.0,True,0.0,0.6017926782063862,0.7925216731802199,498,0,498.0,21,3,5,"(2, 50)",0,0.04294478527607362,93.2,48.2,trust_fused,21,ATTACK,36,"(4, 45)",False,1,False,510
9,0.0,True,0.0,0.886033102111164,0.9033865678327792,500,0,500.0,21,0,5,"(2, 50)",0,0.040315512708150744,91.2,48.0,trust_fused,21,ATTACK,42,"(17, 23)",False,2,False,510
0,0.0,True,0.0,0.9,0.9,502,0,502.0,24,1,6,"(25, 2)",0,0.03155127081507449,77.16666666666667,30.5,trust_fused,24,ATTACK,37,"(29, 29)",False,0,False,515
16,0.0,True,0.0,0.6017926782063862,0.7925216731802199,503,0,503.0,21,3,5,"(2, 50)",0,0.04119193689745837,93.2,48.2,trust_fused,21,ATTACK,36,"(3, 49)",False,1,False,515
9,0.0,True,0.0,0.8920208354621375,0.9175938695100859,505,0,505.0,21,0,5,"(2, 50)",0,0.03856266432953549,91.2,48.0,trust_fused,21,ATTACK,42,"(17, 28)",False,2,False,515
0,0.0,True,0.0,0.9,0.9,507,0,507.0,24,1,6,"(25, 2)",0,0.03067484662576687,77.16666666666667,30.5,trust_fused,24,ATTACK,37,"(27, 26)",False,0,False,520
16,0.0,True,0.0,0.6017926782063862,0.7925216731802199,507,0,507.0,22,3,5,"(24, 45)",0,0.04119193689745837,93.2,48.2,trust_fused,22,ATTACK,37,"(3, 49)",False,1,False,520
9,0.0,True,0.0,0.8981119304654334,0.9288656071466085,510,0,510.0,21,0,5,"(2, 50)",0,0.03856266432953549,91.2,48.0,trust_fused,21,ATTACK,42,"(16, 32)",False,2,False,520
0,0.0,True,0.0,0.9,0.9,512,0,512.0,24,1,6,"(25, 2)",0,0.03067484662576687,77.16666666666667,30.5,trust_fused,24,ATTACK,38,"(26, 22)",False,0,False,525
16,0.0,True,0.0,0.6017926782063862,0.7925216731802199,512,0,512.0,23,3,5,"(24, 45)",0,0.04119193689745837,93.2,48.2,trust_fused,23,ATTACK,38,"(5, 46)",False,1,False,525
9,0.0,True,0.0,0.8981119304654334,0.9288656071466085,515,0,515.0,22,0,5,"(2, 50)",0,0.03856266432953549,91.2,48.0,trust_fused,22,ATTACK,43,"(11, 32)",False,2,False,525
0,0.0,True,0.0,0.9,0.9,517,0,517.0,24,1,6,"(25, 2)",0,0.029798422436459245,77.16666666666667,30.5,trust_fused,24,ATTACK,38,"(26, 17)",False,0,False,530
30,0.0,True,0.0,0.5785949132009376,0.5785949132009376,517,0,517.0,24,3,5,"(24, 45)",0,0.03943908851884312,93.2,48.2,trust_fused,24,ATTACK,39,"(8, 44)",False,1,False,530
31,5.272728937234952,True,5.272728937234952,0.8981119304654334,0.9288656071466085,520,0,520.0,23,0,5,"(2, 50)",31,0.03768624014022787,91.2,48.0,trust_fused,23,ATTACK,44,"(8, 34)",True,2,True,530
0,0.0,True,0.0,0.9,0.9,522,0,522.0,24,1,6,"(25, 2)",0,0.021034180543382998,77.16666666666667,30.5,trust_fused,24,ATTACK,38,"(25, 13)",False,0,False,535
22,0.0,False,0.0,0.334029502966754,0.334029502966754,522,0,522.0,24,3,5,"(24, 45)",0,0.03155127081507449,93.2,48.2,trust_fused,24,ATTACK,40,"(10, 41)",False,1,False,535
19,1.4443041490834148,False,1.4443041490834148,0.31827562557866157,0.31827562557866157,525,0,525.0,24,0,5,"(2, 50)",19,0.026292725679228746,91.2,48.0,trust_fused,24,ATTACK,47,"(7, 38)",True,2,True,535
0,0.0,True,0.0,0.9,0.9,527,0,527.0,24,1,6,"(25, 2)",0,0.019538188277087035,77.16666666666667,30.5,trust_fused,24,ATTACK,38,"(25, 8)",False,0,False,540
21,0.0,False,0.0,0.2583368159062289,0.2583368159062289,527,0,527.0,24,3,5,"(24, 45)",0,0.03108348134991119,93.2,48.2,trust_fused,24,ATTACK,40,"(14, 40)",False,1,False,540
4,0.0,False,0.0,0.06981405386337466,0.06981405386337466,530,0,530.0,25,0,5,"(2, 50)",0,0.02575488454706927,91.2,48.0,trust_fused,25,ATTACK,48,"(7, 43)",False,2,False,540
0,0.0,True,0.0,0.9,0.9,532,0,532.0,24,1,6,"(25, 2)",0,0.020426287744227355,77.16666666666667,30.5,trust_fused,24,ATTACK,38,"(25, 3)",False,0,False,545
21,0.0,False,0.0,0.2583368159062289,0.2583368159062289,532,0,532.0,24,3,5,"(24, 45)",0,0.03108348134991119,93.2,48.2,trust_fused,24,ATTACK,40,"(19, 40)",False,1,False,545
2,0.0,False,0.0,0.036231976238150575,0.036231976238150575,535,0,535.0,25,0,5,"(2, 50)",0,0.02575488454706927,91.2,48.0,trust_fused,25,ATTACK,48,"(4, 45)",False,2,False,545
0,0.0,True,0.0,0.9,0.9,536,0,536.0,25,1,7,"(33, 50)",0,0.020426287744227355,78.14285714285714,31.428571428571427,trust_fused,25,ATTACK,40,"(25, 5)",False,0,False,550
21,0.0,False,0.0,0.25924128320390427,0.27642616185973556,537,0,537.0,24,3,5,"(24, 45)",0,0.03108348134991119,93.2,48.2,trust_fused,24,ATTACK,41,"(24, 40)",False,1,False,550
2,0.0,False,0.0,0.036231976238150575,0.036231976238150575,540,0,540.0,25,0,5,"(2, 50)",0,0.02575488454706927,91.2,48.0,trust_fused,25,ATTACK,49,"(3, 49)",False,2,False,550
0,0.0,True,0.0,0.9,0.9,541,0,541.0,25,1,7,"(33, 50)",0,0.019538188277087035,78.14285714285714,31.428571428571427,trust_fused,25,ATTACK,40,"(26, 9)",False,0,False,555
21,0.0,False,0.0,0.26349838775104306,0.3112920041496591,542,0,542.0,24,3,5,"(24, 45)",0,0.03108348134991119,93.2,48.2,trust_fused,24,ATTACK,41,"(25, 44)",False,1,False,555
2,0.0,False,0.0,0.036231976238150575,0.036231976238150575,544,0,544.0,26,0,6,"(33, 50)",0,0.02575488454706927,92.16666666666667,48.833333333333336,trust_fused,26,ATTACK,50,"(3, 49)",False,2,False,555
0,0.0,True,0.0,0.9,0.9,546,0,546.0,25,1,7,"(33, 50)",0,0.021004566210045664,78.14285714285714,31.428571428571427,trust_fused,25,ATTACK,40,"(26, 14)",False,0,False,560
21,0.0,False,0.0,0.26349838775104306,0.3112920041496591,546,0,546.0,25,3,6,"(33, 8)",0,0.0319634703196347,93.0,46.833333333333336,trust_fused,25,ATTACK,42,"(25, 44)",False,1,False,560
2,0.0,False,0.0,0.036231976238150575,0.036231976238150575,549,0,549.0,26,0,6,"(33, 50)",0,0.026484018264840183,92.16666666666667,48.833333333333336,trust_fused,26,ATTACK,50,"(5, 46)",False,2,False,560
0,0.0,True,0.0,0.9,0.9,551,0,551.0,25,1,7,"(33, 50)",0,0.018198362147406732,78.14285714285714,31.428571428571427,trust_fused,25,ATTACK,40,"(26, 19)",False,0,False,565
21,0.0,False,0.0,0.26349838775104306,0.3112920041496591,551,0,551.0,25,3,6,"(33, 8)",0,0.03366696997270246,93.0,46.833333333333336,trust_fused,25,ATTACK,42,"(27, 41)",False,1,False,565
2,0.0,False,0.0,0.036231976238150575,0.036231976238150575,554,0,554.0,26,0,6,"(33, 50)",0,0.026387625113739762,92.16666666666667,48.833333333333336,trust_fused,26,ATTACK,50,"(7, 49)",False,2,False,565
0,0.0,True,0.0,0.9,0.9,556,0,556.0,25,1,7,"(33, 50)",0,0.01809954751131222,78.14285714285714,31.428571428571427,trust_fused,25,ATTACK,40,"(27, 23)",False,0,False,570
26,0.0,False,0.0,0.28026210627413123,0.3784556500887313,556,0,556.0,25,3,6,"(33, 8)",0,0.0334841628959276,93.0,46.833333333333336,trust_fused,25,ATTACK,42,"(27, 36)",False,1,False,570
7,0.0,False,0.0,0.036231976238150575,0.036231976238150575,559,0,559.0,26,0,6,"(33, 50)",0,0.026244343891402715,92.16666666666667,48.833333333333336,trust_fused,26,ATTACK,50,"(11, 50)",False,2,False,570
0,0.0,True,0.0,0.9,0.9,561,0,561.0,26,1,7,"(33, 50)",0,0.0176678445229682,78.14285714285714,31.428571428571427,trust_fused,26,ATTACK,41,"(27, 28)",False,0,False,575
26,0.0,False,0.0,0.31444748485199553,0.46642312627853966,561,0,561.0,26,3,6,"(33, 8)",0,0.03356890459363958,93.0,46.833333333333336,trust_fused,26,ATTACK,43,"(27, 31)",False,1,False,575
7,0.0,False,0.0,0.036231976238150575,0.036231976238150575,564,0,564.0,26,0,6,"(33, 50)",0,0.02561837455830389,92.16666666666667,48.833333333333336,trust_fused,26,ATTACK,51,"(16, 50)",False,2,False,575
0,0.0,True,0.0,0.9,0.9,565,0,565.0,26,2,7,"(33, 50)",0,0.01755926251097454,78.14285714285714,31.428571428571427,trust_fused,26,ATTACK,41,"(28, 31)",False,0,False,580
26,0.0,True,0.0,0.36406106922698567,0.5682558455259049,566,0,566.0,28,3,6,"(33, 8)",0,0.034210526315789476,93.0,46.833333333333336,trust_fused,28,ATTACK,45,"(25, 28)",False,1,False,580
7,0.0,False,0.0,0.036231976238150575,0.036231976238150575,569,0,569.0,26,0,6,"(33, 50)",0,0.024582967515364356,92.16666666666667,48.833333333333336,trust_fused,26,ATTACK,51,"(20, 49)",False,2,False,580
0,0.0,True,0.0,0.9,0.9,570,0,570.0,26,2,7,"(33, 50)",0,0.017543859649122806,78.14285714285714,31.428571428571427,trust_fused,26,ATTACK,41,"(29, 35)",False,0,False,585
26,0.0,True,0.0,0.42168649534383845,0.6448111852740482,571,0,571.0,28,3,6,"(33, 8)",0,0.035056967572304996,93.0,46.833333333333336,trust_fused,28,ATTACK,45,"(28, 26)",False,1,False,585
7,0.0,False,0.0,0.036231976238150575,0.036231976238150575,574,0,574.0,26,0,6,"(33, 50)",0,0.02456140350877193,92.16666666666667,48.833333333333336,trust_fused,26,ATTACK,51,"(25, 49)",False,2,False,585
0,0.0,True,0.0,0.9,0.9,575,0,575.0,26,2,7,"(33, 50)",0,0.017543859649122806,78.14285714285714,31.428571428571427,trust_fused,26,ATTACK,41,"(29, 40)",False,0,False,590
26,0.0,True,0.0,0.47962994958602345,0.6970517343064421,576,0,576.0,28,3,6,"(33, 8)",0,0.035056967572304996,93.0,46.833333333333336,trust_fused,28,ATTACK,45,"(28, 21)",False,1,False,590
7,0.0,False,0.0,0.036231976238150575,0.036231976238150575,579,0,579.0,26,0,6,"(33, 50)",0,0.02456140350877193,92.16666666666667,48.833333333333336,trust_fused,26,ATTACK,51,"(30, 49)",False,2,False,590
0,0.0,True,0.0,0.9,0.9,580,0,580.0,26,2,7,"(33, 50)",0,0.017543859649122806,78.14285714285714,31.428571428571427,trust_fused,26,ATTACK,41,"(29, 45)",False,0,False,595
26,0.0,True,0.0,0.5351830553677451,0.7414629517314295,581,0,581.0,28,3,6,"(33, 8)",0,0.03593339176161262,93.0,46.833333333333336,trust_fused,28,ATTACK,45,"(28, 16)",False,1,False,595
7,0.0,False,0.0,0.05734125299158294,0.1882767220005015,583,0,583.0,27,0,6,"(2, 50)",0,0.02456140350877193,92.16666666666667,48.833333333333336,trust_fused,27,ATTACK,52,"(33, 50)",False,2,False,595
0,0.0,True,0.0,0.9,0.9,584,0,584.0,26,3,7,"(33, 50)",0,0.0549645390070922,78.14285714285714,31.428571428571427,trust_fused,26,ATTACK,42,"(29, 49)",False,0,False,600
26,0.0,True,0.0,0.5772167555183549,0.7730522754718264,586,0,586.0,28,3,6,"(33, 8)",0,0.0566873339238264,93.0,46.833333333333336,trust_fused,28,ATTACK,46,"(29, 12)",False,1,False,600
7,0.0,False,0.0,0.11041004706724153,0.3595961921909676,588,0,588.0,27,0,6,"(2, 50)",0,0.05230496453900709,92.16666666666667,48.833333333333336,trust_fused,27,ATTACK,53,"(28, 50)",False,2,False,600
0,0.0,True,0.0,0.9,0.9,589,0,589.0,26,3,7,"(33, 50)",0,0.0549645390070922,78.14285714285714,31.428571428571427,trust_fused,26,ATTACK,42,"(33, 50)",False,0,False,605
26,0.0,True,0.0,0.5772167555183549,0.7730522754718264,591,0,591.0,28,3,6,"(33, 8)",0,0.05491585473870682,93.0,46.833333333333336,trust_fused,28,ATTACK,46,"(30, 8)",False,1,False,605
7,0.0,False,0.0,0.17283271145617754,0.4881609631508288,593,0,593.0,27,0,6,"(2, 50)",0,0.051418439716312055,92.16666666666667,48.833333333333336,trust_fused,27,ATTACK,53,"(23, 50)",False,2,False,605
0,0.0,True,0.0,0.9,0.9,593,0,593.0,27,3,7,"(3, 8)",0,0.054078014184397165,78.14285714285714,31.428571428571427,trust_fused,27,ATTACK,43,"(31, 48)",False,0,False,610
30,0.0,True,0.0,0.5772167555183549,0.7730522754718264,595,0,595.0,29,3,6,"(33, 50)",0,0.0566873339238264,93.0,46.833333333333336,trust_fused,29,ATTACK,47,"(33, 9)",False,1,False,610
11,0.0,True,0.0,0.20620771240301697,0.5221017972944543,598,0,598.0,27,0,6,"(2, 50)",0,0.051418439716312055,92.16666666666667,48.833333333333336,trust_fused,27,ATTACK,53,"(19, 49)",False,2,False,610
0,0.0,True,0.0,0.9,0.9,598,0,598.0,28,3,7,"(3, 8)",0,0.04964539007092199,78.14285714285714,31.428571428571427,trust_fused,28,ATTACK,44,"(31, 43)",False,0,False,615
30,0.0,True,0.0,0.5772167555183549,0.7730522754718264,600,0,600.0,29,3,6,"(33, 50)",0,0.054030115146147036,93.0,46.833333333333336,trust_fused,29,ATTACK,47,"(31, 12)",False,1,False,615
11,0.0,True,0.0,0.20620771240301697,0.5221017972944543,603,0,603.0,27,0,6,"(2, 50)",0,0.05053191489361702,92.16666666666667,48.833333333333336,trust_fused,27,ATTACK,53,"(15, 50)",False,2,False,615
0,0.0,True,0.0,0.9,0.9,603,0,603.0,28,3,7,"(3, 8)",0,0.04262877442273535,78.14285714285714,31.428571428571427,trust_fused,28,ATTACK,44,"(28, 41)",False,0,False,620
30,0.0,True,0.0,0.5772167555183549,0.7730522754718264,605,0,605.0,29,3,6,"(33, 50)",0,0.05146406388642413,93.0,46.833333333333336,trust_fused,29,ATTACK,47,"(29, 15)",False,1,False,620
11,0.0,True,0.0,0.20620771240301697,0.5221017972944543,608,0,608.0,27,0,6,"(2, 50)",0,0.0452930728241563,92.16666666666667,48.833333333333336,trust_fused,27,ATTACK,53,"(10, 50)",False,2,False,620
0,0.0,True,0.0,0.9,0.9,608,0,608.0,29,3,7,"(3, 8)",0,0.037300177619893425,78.14285714285714,31.428571428571427,trust_fused,29,ATTACK,45,"(27, 37)",False,0,False,625
30,0.0,True,0.0,0.5772167555183549,0.7730522754718264,610,0,610.0,29,3,6,"(33, 50)",0,0.049689440993788817,93.0,46.833333333333336,trust_fused,29,ATTACK,48,"(29, 20)",False,1,False,625
11,0.0,True,0.0,0.20620771240301697,0.5221017972944543,613,0,613.0,27,0,6,"(2, 50)",0,0.04262877442273535,92.16666666666667,48.833333333333336,trust_fused,27,ATTACK,54,"(9, 46)",False,2,False,625
0,0.0,True,0.0,0.9,0.9,613,0,613.0,29,3,7,"(3, 8)",0,0.03374777975133215,78.14285714285714,31.428571428571427,trust_fused,29,ATTACK,45,"(25, 34)",False,0,False,630
30,0.0,True,0.0,0.5772167555183549,0.7730522754718264,615,0,615.0,29,3,6,"(33, 50)",0,0.04614019520851819,93.0,46.833333333333336,trust_fused,29,ATTACK,48,"(29, 25)",False,1,False,630
11,0.0,True,0.0,0.20620771240301697,0.5221017972944543,618,0,618.0,27,0,6,"(2, 50)",0,0.03996447602131439,92.16666666666667,48.833333333333336,trust_fused,27,ATTACK,54,"(5, 47)",False,2,False,630
0,0.0,True,0.0,0.9,0.9,618,0,618.0,29,3,7,"(3, 8)",0,0.03108348134991119,78.14285714285714,31.428571428571427,trust_fused,29,ATTACK,45,"(25, 29)",False,0,False,635
30,0.0,True,0.0,0.6077848046225481,0.800815795213335,620,0,620.0,29,3,6,"(33, 50)",0,0.04525288376220053,93.0,46.833333333333336,trust_fused,29,ATTACK,48,"(29, 30)",False,1,False,635
11,0.0,True,0.0,0.20620771240301697,0.5221017972944543,623,0,623.0,27,0,6,"(2, 50)",0,0.03996447602131439,92.16666666666667,48.833333333333336,trust_fused,27,ATTACK,54,"(3, 50)",False,2,False,635
0,0.0,True,0.0,0.9,0.9,623,0,623.0,29,3,7,"(3, 8)",0,0.02815622161671208,78.14285714285714,31.428571428571427,trust_fused,29,ATTACK,45,"(25, 24)",False,0,False,640
30,0.0,True,0.0,0.6569654775313587,0.8377707328175541,625,0,625.0,29,3,6,"(33, 50)",0,0.04533091568449683,93.0,46.833333333333336,trust_fused,29,ATTACK,48,"(29, 35)",False,1,False,640
11,0.0,True,0.0,0.20620771240301697,0.5221017972944543,627,0,627.0,28,0,7,"(15, 2)",0,0.03720508166969147,91.0,47.857142857142854,trust_fused,28,ATTACK,55,"(4, 49)",False,2,False,640
0,0.0,True,0.0,0.9,0.9,628,0,628.0,29,3,7,"(3, 8)",0,0.02633969118982743,78.14285714285714,31.428571428571427,trust_fused,29,ATTACK,45,"(25, 19)",False,0,False,645
34,0.0,True,0.0,0.701361645973696,0.8621480768067523,630,0,630.0,30,3,6,"(33, 50)",0,0.04533091568449683,93.0,46.833333333333336,trust_fused,30,ATTACK,49,"(29, 40)",False,1,False,645
15,0.0,True,0.0,0.20620771240301697,0.5221017972944543,632,0,632.0,28,0,7,"(15, 2)",0,0.03901996370235935,91.0,47.857142857142854,trust_fused,28,ATTACK,55,"(6, 46)",False,2,False,645
0,0.0,True,0.0,0.9,0.9,633,0,633.0,29,3,7,"(3, 8)",0,0.02633969118982743,78.14285714285714,31.428571428571427,trust_fused,29,ATTACK,46,"(22, 17)",False,0,False,650
31,0.0,True,0.0,0.7407662640817646,0.8830375154609884,635,0,635.0,32,3,6,"(33, 50)",0,0.04079782411604715,93.0,46.833333333333336,trust_fused,32,ATTACK,51,"(31, 43)",False,1,False,650
15,0.0,True,0.0,0.20620771240301697,0.5221017972944543,637,0,637.0,28,0,7,"(15, 2)",0,0.036297640653357534,91.0,47.857142857142854,trust_fused,28,ATTACK,56,"(9, 44)",False,2,False,650
0,0.0,True,0.0,0.9,0.9,638,0,638.0,29,3,7,"(3, 8)",0,0.025431425976385105,78.14285714285714,31.428571428571427,trust_fused,29,ATTACK,46,"(17, 17)",False,0,False,655
22,0.0,True,0.0,0.7759012284266493,0.9037249977574925,640,0,640.0,32,3,6,"(33, 50)",0,0.03535811423390753,93.0,46.833333333333336,trust_fused,32,ATTACK,51,"(33, 46)",False,1,False,655
10,0.0,True,0.0,0.20620771240301697,0.5221017972944543,642,0,642.0,28,0,7,"(15, 2)",0,0.03539019963702359,91.0,47.857142857142854,trust_fused,28,ATTACK,56,"(9, 39)",False,2,False,655
0,0.0,True,0.0,0.9,0.9,643,0,643.0,29,3,7,"(3, 8)",0,0.024029574861367836,78.14285714285714,31.428571428571427,trust_fused,29,ATTACK,46,"(16, 13)",False,0,False,660
22,0.0,True,0.0,0.8071758148645618,0.9204203687817819,644,0,644.0,33,3,7,"(25, 2)",0,0.034227567067530065,94.28571428571429,47.42857142857143,trust_fused,33,ATTACK,52,"(33, 50)",False,1,False,660
9,0.0,False,0.0,0.2162245155403659,0.4065437751499956,647,0,647.0,29,0,7,"(15, 2)",0,0.03515263644773358,91.0,47.857142857142854,trust_fused,29,ATTACK,57,"(11, 36)",False,2,False,660
0,0.0,True,0.0,0.9,0.9,648,0,648.0,29,3,7,"(3, 8)",0,0.02123730378578024,78.14285714285714,31.428571428571427,trust_fused,29,ATTACK,46,"(16, 8)",False,0,False,665
22,0.0,True,0.0,0.8293235429311547,0.9299755997660927,649,0,649.0,33,3,7,"(25, 2)",0,0.029574861367837338,94.28571428571429,47.42857142857143,trust_fused,33,ATTACK,52,"(31, 47)",False,1,False,665
9,0.0,False,0.0,0.2162245155403659,0.4065437751499956,652,0,652.0,29,0,7,"(15, 2)",0,0.03234750462107209,91.0,47.857142857142854,trust_fused,29,ATTACK,57,"(13, 33)",False,2,False,665
0,0.0,True,0.0,0.9,0.9,653,0,653.0,29,3,7,"(3, 8)",0,0.021159153633854646,78.14285714285714,31.428571428571427,trust_fused,29,ATTACK,46,"(11, 8)",False,0,False,670
22,0.0,True,0.0,0.8293235429311547,0.9299755997660927,654,0,654.0,33,3,7,"(25, 2)",0,0.029465930018416207,94.28571428571429,47.42857142857143,trust_fused,33,ATTACK,52,"(30, 43)",False,1,False,670
9,0.0,False,0.0,0.2162245155403659,0.4065437751499956,657,0,657.0,29,0,7,"(15, 2)",0,0.03222836095764273,91.0,47.857142857142854,trust_fused,29,ATTACK,57,"(13, 28)",False,2,False,670
0,0.0,True,0.0,0.9,0.9,658,0,658.0,29,3,7,"(3, 8)",0,0.0192131747483989,78.14285714285714,31.428571428571427,trust_fused,29,ATTACK,47,"(6, 8)",False,0,False,675
22,0.0,True,0.0,0.8394433821105837,0.9343004286605062,659,0,659.0,33,3,7,"(25, 2)",0,0.027472527472527472,94.28571428571429,47.42857142857143,trust_fused,33,ATTACK,53,"(28, 40)",False,1,False,675
9,0.0,False,0.0,0.22659699649332113,0.4236741345994703,662,0,662.0,29,0,7,"(15, 2)",0,0.03021978021978022,91.0,47.857142857142854,trust_fused,29,ATTACK,58,"(15, 25)",False,2,False,675
0,0.0,True,0.0,0.9,0.9,662,0,662.0,30,3,8,"(13, 50)",0,0.01971830985915493,84.875,36.625,trust_fused,30,ATTACK,48,"(4, 8)",False,0,False,680
22,0.0,True,0.0,0.8622035514325356,0.9434095100420028,664,0,664.0,33,3,7,"(25, 2)",0,0.028037383177570093,94.28571428571429,47.42857142857143,trust_fused,33,ATTACK,53,"(28, 35)",False,1,False,680
9,0.0,True,0.0,0.2834372653135789,0.5100029331462386,667,0,667.0,29,0,7,"(15, 2)",0,0.029906542056074768,91.0,47.857142857142854,trust_fused,29,ATTACK,58,"(15, 20)",False,2,False,680
0,0.0,True,0.0,0.9,0.9,667,0,667.0,30,3,8,"(13, 50)",0,0.019699812382739212,84.875,36.625,trust_fused,30,ATTACK,48,"(9, 8)",False,0,False,685
32,0.0,True,0.0,0.8816293582279329,0.9509351869041275,669,0,669.0,33,3,7,"(25, 2)",0,0.03734827264239029,94.28571428571429,47.42857142857143,trust_fused,33,ATTACK,53,"(28, 30)",False,1,False,685
9,0.0,False,0.0,0.3317789179701506,0.4204205032164457,672,0,672.0,29,0,7,"(15, 2)",0,0.02707749766573296,91.0,47.857142857142854,trust_fused,29,ATTACK,61,"(15, 15)",False,2,False,685
0,0.0,True,0.0,0.9,0.9,672,0,672.0,30,3,8,"(13, 50)",0,0.019699812382739212,84.875,36.625,trust_fused,30,ATTACK,48,"(13, 9)",False,0,False,690
32,0.0,True,0.0,0.8983088722581977,0.9579661977710412,674,0,674.0,33,3,7,"(25, 2)",0,0.03454715219421102,94.28571428571429,47.42857142857143,trust_fused,33,ATTACK,53,"(28, 25)",False,1,False,690
9,0.0,True,0.0,0.3653258330511825,0.5167805094553944,677,0,677.0,29,0,7,"(15, 2)",0,0.02707749766573296,91.0,47.857142857142854,trust_fused,29,ATTACK,61,"(15, 10)",False,2,False,690
0,0.0,True,0.0,0.9,0.9,677,0,677.0,30,3,8,"(13, 50)",0,0.021575984990619138,84.875,36.625,trust_fused,30,ATTACK,48,"(14, 13)",False,0,False,695
23,0.0,True,0.0,0.9127355521240008,0.9644301126154667,679,0,679.0,33,3,7,"(25, 2)",0,0.028944911297852476,94.28571428571429,47.42857142857143,trust_fused,33,ATTACK,53,"(28, 20)",False,1,False,695
9,0.0,True,0.0,0.4146374236648724,0.6212962802089227,682,0,682.0,29,0,7,"(15, 2)",0,0.02707749766573296,91.0,47.857142857142854,trust_fused,29,ATTACK,61,"(15, 5)",False,2,False,695
0,0.0,True,0.0,0.9,0.9,682,0,682.0,30,3,8,"(13, 50)",0,0.020637898686679174,84.875,36.625,trust_fused,30,ATTACK,49,"(14, 18)",False,0,False,700
22,0.0,True,0.0,0.925169636117597,0.9695572274825186,684,0,684.0,34,3,7,"(25, 2)",0,0.028944911297852476,94.28571428571429,47.42857142857143,trust_fused,34,ATTACK,54,"(27, 16)",False,1,False,700
9,0.0,True,0.0,0.43715838862112794,0.6521824499288885,686,0,686.0,30,0,7,"(24, 45)",0,0.028011204481792718,91.0,47.857142857142854,trust_fused,30,ATTACK,63,"(15, 3)",False,2,False,700
0,0.0,True,0.0,0.9,0.9,687,0,687.0,30,3,8,"(13, 50)",0,0.019644527595884004,84.875,36.625,trust_fused,30,ATTACK,49,"(14, 23)",False,0,False,705
22,0.0,True,0.0,0.9296440847916224,0.9716722723436431,689,0,689.0,34,3,7,"(25, 2)",0,0.028864059590316574,94.28571428571429,47.42857142857143,trust_fused,34,ATTACK,54,"(26, 12)",False,1,False,705
9,0.0,True,0.0,0.47116519805508145,0.6870262478673038,691,0,691.0,30,0,7,"(24, 45)",0,0.027932960893854747,91.0,47.857142857142854,trust_fused,30,ATTACK,63,"(16, 7)",False,2,False,705
0,0.0,True,0.0,0.9,0.9,692,0,692.0,30,3,8,"(13, 50)",0,0.019626168224299065,84.875,36.625,trust_fused,30,ATTACK,49,"(14, 28)",False,0,False,710
22,0.0,True,0.0,0.9317808485875153,0.9723793607094803,694,0,694.0,34,3,7,"(25, 2)",0,0.02883720930232558,94.28571428571429,47.42857142857143,trust_fused,34,ATTACK,54,"(26, 7)",False,1,False,710
9,0.0,True,0.0,0.5270850209965885,0.7367731587478006,696,0,696.0,30,0,7,"(24, 45)",0,0.027906976744186046,91.0,47.857142857142854,trust_fused,30,ATTACK,63,"(16, 12)",False,2,False,710
0,0.0,True,0.0,0.9,0.9,697,0,697.0,30,3,8,"(13, 50)",0,0.0196078431372549,84.875,36.625,trust_fused,30,ATTACK,49,"(14, 33)",False,0,False,715
22,0.0,True,0.0,0.9317808485875153,0.9723793607094803,699,0,699.0,34,3,7,"(25, 2)",0,0.027881040892193308,94.28571428571429,47.42857142857143,trust_fused,34,ATTACK,54,"(25, 3)",False,1,False,715
9,0.0,True,0.0,0.5807653551289664,0.7801951969221729,701,0,701.0,30,0,7,"(24, 45)",0,0.02695167286245353,91.0,47.857142857142854,trust_fused,30,ATTACK,63,"(16, 17)",False,2,False,715
0,0.0,True,0.0,0.9,0.9,702,0,702.0,30,3,8,"(13, 50)",0,0.018674136321195144,84.875,36.625,trust_fused,30,ATTACK,49,"(14, 38)",False,0,False,720
26,0.0,True,0.0,0.9317808485875153,0.9723793607094803,703,0,703.0,35,3,7,"(33, 30)",0,0.031598513011152414,94.28571428571429,47.42857142857143,trust_fused,35,ATTACK,55,"(25, 5)",False,1,False,720
13,0.0,True,0.0,0.6308303352667548,0.814077730626454,706,0,706.0,30,0,7,"(24, 45)",0,0.026022304832713755,91.0,47.857142857142854,trust_fused,30,ATTACK,63,"(16, 22)",False,2,False,720
0,0.0,True,0.0,0.9,0.9,707,0,707.0,31,3,8,"(13, 50)",0,0.016775396085740912,84.875,36.625,trust_fused,31,ATTACK,50,"(14, 43)",False,0,False,725
26,0.0,True,0.0,0.9317808485875153,0.9723793607094803,708,0,708.0,35,3,7,"(33, 30)",0,0.030612244897959183,94.28571428571429,47.42857142857143,trust_fused,35,ATTACK,56,"(27, 8)",False,1,False,725
13,0.0,True,0.0,0.676217638103525,0.8414741478603167,711,0,711.0,30,0,7,"(24, 45)",0,0.02411873840445269,91.0,47.857142857142854,trust_fused,30,ATTACK,64,"(16, 27)",False,2,False,725
0,0.0,True,0.0,0.9,0.9,712,0,712.0,31,3,8,"(13, 50)",0,0.016775396085740912,84.875,36.625,trust_fused,31,ATTACK,50,"(13, 47)",False,0,False,730
26,0.0,True,0.0,0.9317808485875153,0.9723793607094803,713,0,713.0,35,3,7,"(33, 30)",0,0.030612244897959183,94.28571428571429,47.42857142857143,trust_fused,35,ATTACK,56,"(27, 13)",False,1,False,730
13,0.0,True,0.0,0.7169663564666575,0.8646863226725356,716,0,716.0,30,0,7,"(24, 45)",0,0.022263450834879406,91.0,47.857142857142854,trust_fused,30,ATTACK,64,"(16, 32)",False,2,False,730
0,0.0,True,0.0,0.9,0.9,716,0,716.0,32,3,8,"(33, 50)",0,0.016775396085740912,84.875,36.625,trust_fused,32,ATTACK,51,"(14, 50)",False,0,False,735
26,0.0,True,0.0,0.9317808485875153,0.9723793607094803,718,0,718.0,35,3,7,"(33, 30)",0,0.030612244897959183,94.28571428571429,47.42857142857143,trust_fused,35,ATTACK,56,"(27, 18)",False,1,False,735
13,0.0,True,0.0,0.7528311175871024,0.8820793461270225,721,0,721.0,30,0,7,"(24, 45)",0,0.022263450834879406,91.0,47.857142857142854,trust_fused,30,ATTACK,64,"(17, 36)",False,2,False,735
0,0.0,True,0.0,0.9,0.9,721,0,721.0,32,3,8,"(33, 50)",0,0.016775396085740912,84.875,36.625,trust_fused,32,ATTACK,51,"(18, 49)",False,0,False,740
26,0.0,True,0.0,0.9317808485875153,0.9723793607094803,723,0,723.0,35,3,7,"(33, 30)",0,0.030612244897959183,94.28571428571429,47.42857142857143,trust_fused,35,ATTACK,56,"(29, 21)",False,1,False,740
13,0.0,True,0.0,0.7844650345761565,0.8985441638652709,726,0,726.0,30,0,7,"(24, 45)",0,0.022263450834879406,91.0,47.857142857142854,trust_fused,30,ATTACK,64,"(19, 39)",False,2,False,740
0,0.0,True,0.0,0.9,0.9,726,0,726.0,32,3,8,"(33, 50)",0,0.015843429636533086,84.875,36.625,trust_fused,32,ATTACK,51,"(23, 49)",False,0,False,745
26,0.0,True,0.0,0.9317808485875153,0.9723793607094803,728,0,728.0,35,3,7,"(33, 30)",0,0.030612244897959183,94.28571428571429,47.42857142857143,trust_fused,35,ATTACK,56,"(29, 26)",False,1,False,745
13,0.0,True,0.0,0.8118516641330891,0.9094872299840774,731,0,731.0,30,0,7,"(24, 45)",0,0.022263450834879406,91.0,47.857142857142854,trust_fused,30,ATTACK,64,"(24, 39)",False,2,False,745
0,0.0,True,0.0,0.9,0.9,731,0,731.0,32,3,8,"(33, 50)",0,0.048462255358807084,84.875,36.625,trust_fused,32,ATTACK,52,"(28, 49)",False,0,False,750
26,0.0,True,0.0,0.9317808485875153,0.9723793607094803,733,0,733.0,35,3,7,"(33, 30)",0,0.07142857142857142,94.28571428571429,47.42857142857143,trust_fused,35,ATTACK,57,"(30, 30)",False,1,False,750
13,0.0,True,0.0,0.8353888677759868,0.920850648750442,736,0,736.0,30,0,7,"(24, 45)",0,0.05380333951762523,91.0,47.857142857142854,trust_fused,30,ATTACK,65,"(25, 43)",False,2,False,750
0,0.0,True,0.0,0.9,0.9,736,0,736.0,32,3,8,"(33, 50)",0,0.04473438956197577,84.875,36.625,trust_fused,32,ATTACK,52,"(32, 50)",False,0,False,755
26,0.0,True,0.0,0.9317808485875153,0.9723793607094803,737,0,737.0,37,3,8,"(33, 50)",0,0.06679035250463822,94.25,46.125,trust_fused,37,ATTACK,59,"(33, 31)",False,1,False,755
13,0.0,True,0.0,0.8568320605989918,0.9354160747029896,740,0,740.0,31,0,8,"(33, 50)",0,0.04730983302411874,94.25,48.75,trust_fused,31,ATTACK,66,"(24, 46)",False,2,False,755
0,0.0,True,0.0,0.9,0.9,740,0,740.0,33,3,9,"(2, 50)",0,0.04303086997193639,84.11111111111111,35.111111111111114,trust_fused,33,ATTACK,53,"(30, 50)",False,0,False,760
35,0.0,True,0.0,0.9317808485875153,0.9723793607094803,742,0,742.0,37,3,8,"(33, 50)",0,0.06412639405204461,94.25,46.125,trust_fused,37,ATTACK,59,"(31, 34)",False,1,False,760
22,0.0,True,0.0,0.8761552524325054,0.9464709775734249,745,0,745.0,31,0,8,"(33, 50)",0,0.05390334572490706,94.25,48.75,trust_fused,31,ATTACK,66,"(26, 49)",False,2,False,760
0,0.0,True,0.0,0.9,0.9,745,0,745.0,33,3,9,"(2, 50)",0,0.04303086997193639,84.11111111111111,35.111111111111114,trust_fused,33,ATTACK,53,"(25, 50)",False,0,False,765
35,0.0,True,0.0,0.9317808485875153,0.9723793607094803,747,0,747.0,37,3,8,"(33, 50)",0,0.06412639405204461,94.25,46.125,trust_fused,37,ATTACK,59,"(29, 37)",False,1,False,765
22,0.0,True,0.0,0.8938385380786569,0.9588434687383102,750,0,750.0,31,0,8,"(33, 50)",0,0.056691449814126396,94.25,48.75,trust_fused,31,ATTACK,66,"(31, 49)",False,2,False,765
0,0.0,True,0.0,0.9,0.9,750,0,750.0,33,3,9,"(2, 50)",0,0.0411599625818522,84.11111111111111,35.111111111111114,trust_fused,33,ATTACK,53,"(21, 49)",False,0,False,770
35,0.0,True,0.0,0.937800842947546,0.9747796964608835,752,0,752.0,39,3,8,"(33, 50)",0,0.0604089219330855,94.25,46.125,trust_fused,39,ATTACK,61,"(29, 42)",False,1,False,770
22,0.0,True,0.0,0.9067837036230268,0.9655886538702175,754,0,754.0,32,0,8,"(24, 45)",0,0.05483271375464684,94.25,48.75,trust_fused,32,ATTACK,67,"(32, 50)",False,2,False,770
0,0.0,True,0.0,0.9,0.9,755,0,755.0,33,3,9,"(2, 50)",0,0.040224508886810104,84.11111111111111,35.111111111111114,trust_fused,33,ATTACK,54,"(18, 47)",False,0,False,775
35,0.0,True,0.0,0.9466967914844927,0.978526226218943,757,0,757.0,40,3,8,"(33, 50)",0,0.05390334572490706,94.25,46.125,trust_fused,40,ATTACK,62,"(27, 45)",False,1,False,775
22,0.0,True,0.0,0.920828620385941,0.9709210429416074,759,0,759.0,33,0,8,"(24, 45)",0,0.05390334572490706,94.25,48.75,trust_fused,33,ATTACK,68,"(28, 49)",False,2,False,775
0,0.0,True,0.0,0.9,0.9,760,0,760.0,34,3,9,"(2, 50)",0,0.03467666354264293,84.11111111111111,35.111111111111114,trust_fused,34,ATTACK,55,"(13, 47)",False,0,False,780
35,0.0,True,0.0,0.9529609451234413,0.9815667819111776,762,0,762.0,40,3,8,"(33, 50)",0,0.046511627906976744,94.25,46.125,trust_fused,40,ATTACK,62,"(29, 48)",False,1,False,780
22,0.0,True,0.0,0.9329910877105092,0.9764087691195206,764,0,764.0,33,0,8,"(24, 45)",0,0.04837209302325581,94.25,48.75,trust_fused,33,ATTACK,68,"(25, 47)",False,2,False,780
0,0.0,True,0.0,0.9,0.9,765,0,765.0,34,3,9,"(2, 50)",0,0.033739456419868794,84.11111111111111,35.111111111111114,trust_fused,34,ATTACK,55,"(11, 50)",False,0,False,785
35,0.0,True,0.0,0.9599503032474921,0.9852588593824122,767,0,767.0,40,3,8,"(33, 50)",0,0.04837209302325581,94.25,46.125,trust_fused,40,ATTACK,62,"(32, 50)",False,1,False,785
22,0.0,True,0.0,0.9329910877105092,0.9764087691195206,768,0,768.0,34,0,9,"(25, 2)",0,0.04744186046511628,87.11111111111111,45.0,trust_fused,34,ATTACK,69,"(25, 45)",False,2,False,785
0,0.0,True,0.0,0.9,0.9,770,0,770.0,34,3,9,"(2, 50)",0,0.033739456419868794,84.11111111111111,35.111111111111114,trust_fused,34,ATTACK,55,"(7, 49)",False,0,False,790
35,0.0,True,0.0,0.9625316874567685,0.9868669697935855,771,0,771.0,41,3,8,"(24, 45)",0,0.04837209302325581,94.25,46.125,trust_fused,41,ATTACK,63,"(30, 50)",False,1,False,790
22,0.0,True,0.0,0.9329910877105092,0.9764087691195206,773,0,773.0,34,0,9,"(25, 2)",0,0.04744186046511628,87.11111111111111,45.0,trust_fused,34,ATTACK,69,"(25, 40)",False,2,False,790
0,0.0,True,0.0,0.9,0.9,775,0,775.0,34,3,9,"(2, 50)",0,0.03280224929709466,84.11111111111111,35.111111111111114,trust_fused,34,ATTACK,55,"(5, 46)",False,0,False,795
35,0.0,True,0.0,0.9625316874567685,0.9868669697935855,776,0,776.0,41,3,8,"(24, 45)",0,0.04744186046511628,94.25,46.125,trust_fused,41,ATTACK,63,"(27, 48)",False,1,False,795
27,0.0,True,0.0,0.9329910877105092,0.9764087691195206,778,0,778.0,34,0,9,"(25, 2)",0,0.046511627906976744,87.11111111111111,45.0,trust_fused,34,ATTACK,69,"(25, 35)",False,2,False,795
0,0.0,True,0.0,0.9,0.9,780,0,780.0,34,3,9,"(2, 50)",0,0.031865042174320526,84.11111111111111,35.111111111111114,trust_fused,34,ATTACK,56,"(3, 49)",False,0,False,800
32,0.0,True,0.0,0.9649700765160235,0.9877061115289787,781,0,781.0,41,3,8,"(24, 45)",0,0.045581395348837206,94.25,46.125,trust_fused,41,ATTACK,64,"(24, 46)",False,1,False,800
27,0.0,True,0.0,0.9329910877105092,0.9764087691195206,783,0,783.0,34,0,9,"(25, 2)",0,0.045581395348837206,87.11111111111111,45.0,trust_fused,34,ATTACK,70,"(25, 30)",False,2,False,800
0,0.0,True,0.0,0.9,0.9,784,0,784.0,35,3,9,"(2, 41)",0,0.029053420805998126,84.11111111111111,35.111111111111114,trust_fused,35,ATTACK,57,"(3, 49)",False,0,False,805
32,0.0,True,0.0,0.9649700765160235,0.9877061115289787,785,0,785.0,43,3,9,"(2, 20)",0,0.045581395348837206,89.11111111111111,42.666666666666664,trust_fused,43,ATTACK,66,"(25, 43)",False,1,False,805
27,0.0,True,0.0,0.9329910877105092,0.9764087691195206,788,0,788.0,34,0,9,"(25, 2)",0,0.04279069767441861,87.11111111111111,45.0,trust_fused,34,ATTACK,70,"(25, 25)",False,2,False,805
0,0.0,True,0.0,0.9,0.9,789,0,789.0,35,3,9,"(2, 41)",0,0.02717900656044986,84.11111111111111,35.111111111111114,trust_fused,35,ATTACK,57,"(3, 44)",False,0,False,810
31,0.0,True,0.0,0.9649700765160235,0.9877061115289787,790,0,790.0,43,3,9,"(2, 20)",0,0.045581395348837206,89.11111111111111,42.666666666666664,trust_fused,43,ATTACK,66,"(25, 38)",False,1,False,810
25,0.0,True,0.0,0.5355734351938494,0.5355734351938494,793,0,793.0,34,0,9,"(25, 2)",0,0.04093023255813953,87.11111111111111,45.0,trust_fused,34,ATTACK,70,"(25, 20)",False,2,False,810
0,0.0,True,0.0,0.9,0.9,793,0,793.0,36,3,10,"(3, 8)",0,0.022367194780987885,81.5,32.8,trust_fused,36,ATTACK,58,"(2, 41)",False,0,False,815
25,0.0,True,0.0,0.9649700765160235,0.9877061115289787,795,0,795.0,43,3,9,"(2, 20)",0,0.04452690166975881,89.11111111111111,42.666666666666664,trust_fused,43,ATTACK,66,"(25, 33)",False,1,False,815
19,0.0,False,0.0,0.20140469186681628,0.20140469186681628,798,0,798.0,34,0,9,"(25, 2)",0,0.036178107606679034,87.11111111111111,45.0,trust_fused,34,ATTACK,71,"(25, 15)",False,2,False,815
0,0.0,True,0.0,0.9,0.9,798,0,798.0,36,3,10,"(3, 8)",0,0.02050326188257223,81.5,32.8,trust_fused,36,ATTACK,58,"(7, 41)",False,0,False,820
24,0.0,True,0.0,0.9649700765160235,0.9877061115289787,800,0,800.0,43,3,9,"(2, 20)",0,0.039888682745825604,89.11111111111111,42.666666666666664,trust_fused,43,ATTACK,66,"(24, 29)",False,1,False,820
10,0.0,False,0.0,0.08365310393956074,0.08365310393956074,803,0,803.0,34,0,9,"(25, 2)",0,0.027829313543599257,87.11111111111111,45.0,trust_fused,34,ATTACK,71,"(25, 10)",False,2,False,820
0,0.0,True,0.0,0.9,0.9,803,0,803.0,37,3,10,"(3, 8)",0,0.0130475302889096,81.5,32.8,trust_fused,37,ATTACK,59,"(12, 41)",False,0,False,825
24,0.5973733561076671,True,0.5973733561076671,0.9649700765160235,0.9877061115289787,805,0,805.0,43,3,9,"(2, 20)",24,0.03339517625231911,89.11111111111111,42.666666666666664,trust_fused,43,ATTACK,67,"(22, 26)",True,1,True,825
10,0.0,False,0.0,0.08365310393956074,0.08365310393956074,808,0,808.0,34,0,9,"(25, 2)",0,0.023191094619666047,87.11111111111111,45.0,trust_fused,34,ATTACK,72,"(25, 5)",False,2,False,825
0,0.0,True,0.0,0.9,0.9,808,0,808.0,37,3,10,"(3, 8)",0,0.008387698042870456,81.5,32.8,trust_fused,37,ATTACK,59,"(14, 38)",False,0,False,830
24,0.5973733561076671,True,0.5973733561076671,0.9649700765160235,0.9877061115289787,810,0,810.0,45,3,9,"(2, 20)",24,0.030612244897959183,89.11111111111111,42.666666666666664,trust_fused,45,ATTACK,69,"(19, 24)",True,1,True,830
10,0.0,False,0.0,0.08365310393956074,0.08365310393956074,812,0,812.0,35,0,9,"(33, 50)",0,0.02040816326530612,87.11111111111111,45.0,trust_fused,35,ATTACK,73,"(25, 3)",False,2,False,830
0,0.0,True,0.0,0.9,0.9,813,0,813.0,37,3,10,"(3, 8)",0,0.008387698042870456,81.5,32.8,trust_fused,37,ATTACK,59,"(14, 33)",False,0,False,835
26,0.27377302832224615,True,0.27377302832224615,0.9649700765160235,0.9877061115289787,815,0,815.0,45,3,9,"(2, 20)",0,0.03153988868274583,89.11111111111111,42.666666666666664,trust_fused,45,ATTACK,69,"(17, 21)",False,1,False,835
12,0.0,False,0.0,0.08365310393956074,0.08365310393956074,817,0,817.0,35,0,9,"(33, 50)",0,0.02040816326530612,87.11111111111111,45.0,trust_fused,35,ATTACK,73,"(26, 7)",False,2,False,835
0,0.0,True,0.0,0.9,0.9,818,0,818.0,37,3,10,"(3, 8)",0,0.008563273073263558,81.5,32.8,trust_fused,37,ATTACK,59,"(14, 28)",False,0,False,840
26,0.27377302832224615,True,0.27377302832224615,0.9672416434840592,0.9884631128969622,820,0,820.0,45,3,9,"(2, 20)",0,0.02554399243140965,89.11111111111111,42.666666666666664,trust_fused,45,ATTACK,69,"(12, 21)",False,1,False,840
12,0.0,False,0.0,0.08365310393956074,0.08365310393956074,822,0,822.0,35,0,9,"(33, 50)",0,0.020813623462630087,87.11111111111111,45.0,trust_fused,35,ATTACK,73,"(26, 12)",False,2,False,840
0,0.0,True,0.0,0.9,0.9,823,0,823.0,37,3,10,"(3, 8)",0,0.009259259259259259,81.5,32.8,trust_fused,37,ATTACK,59,"(14, 23)",False,0,False,845
22,0.0,True,0.0,0.9723487372898164,0.9906416399250687,825,0,825.0,45,3,9,"(2, 20)",0,0.022181146025878003,89.11111111111111,42.666666666666664,trust_fused,45,ATTACK,69,"(7, 21)",False,1,False,845
12,0.0,False,0.0,0.08365310393956074,0.08365310393956074,827,0,827.0,35,0,9,"(33, 50)",0,0.01756007393715342,87.11111111111111,45.0,trust_fused,35,ATTACK,73,"(26, 17)",False,2,False,845
0,0.0,True,0.0,0.9,0.9,828,0,828.0,38,3,10,"(3, 8)",0,0.010064043915827997,81.5,32.8,trust_fused,38,ATTACK,60,"(14, 18)",False,0,False,850
22,0.0,True,0.0,0.9767295929748823,0.9922675155507888,830,0,830.0,45,3,9,"(2, 20)",0,0.021004566210045664,89.11111111111111,42.666666666666664,trust_fused,45,ATTACK,70,"(3, 20)",False,1,False,850
12,0.0,False,0.0,0.08365310393956074,0.08365310393956074,832,0,832.0,35,0,9,"(33, 50)",0,0.01643835616438356,87.11111111111111,45.0,trust_fused,35,ATTACK,74,"(26, 22)",False,2,False,850
0,0.0,True,0.0,0.9,0.9,833,0,833.0,38,3,10,"(3, 8)",0,0.010968921389396709,81.5,32.8,trust_fused,38,ATTACK,60,"(13, 14)",False,0,False,855
22,0.0,True,0.0,0.9767295929748823,0.9922675155507888,834,0,834.0,46,3,9,"(2, 41)",0,0.021897810218978103,89.11111111111111,42.666666666666664,trust_fused,46,ATTACK,71,"(2, 23)",False,1,False,855
12,0.0,False,0.0,0.08365310393956074,0.08365310393956074,837,0,837.0,35,0,9,"(33, 50)",0,0.016423357664233577,87.11111111111111,45.0,trust_fused,35,ATTACK,74,"(26, 27)",False,2,False,855
0,0.0,True,0.0,0.9,0.9,838,0,838.0,38,3,10,"(3, 8)",0,0.009892086330935251,81.5,32.8,trust_fused,38,ATTACK,60,"(13, 9)",False,0,False,860
22,0.0,True,0.0,0.9767295929748823,0.9922675155507888,839,0,839.0,46,3,9,"(2, 41)",0,0.02064631956912029,89.11111111111111,42.666666666666664,trust_fused,46,ATTACK,71,"(3, 27)",False,1,False,860
12,0.0,False,0.0,0.08365310393956074,0.08365310393956074,842,0,842.0,35,0,9,"(33, 50)",0,0.01526032315978456,87.11111111111111,45.0,trust_fused,35,ATTACK,74,"(26, 32)",False,2,False,860
0,0.0,True,0.0,0.9,0.9,843,0,843.0,38,3,10,"(3, 8)",0,0.009734513274336283,81.5,32.8,trust_fused,38,ATTACK,60,"(9, 8)",False,0,False,865
20,0.0,True,0.0,0.6717460750474878,0.6717460750474878,844,0,844.0,46,3,9,"(2, 41)",0,0.018584070796460177,89.11111111111111,42.666666666666664,trust_fused,46,ATTACK,71,"(3, 32)",False,1,False,865
12,0.0,False,0.0,0.08365310393956074,0.08365310393956074,847,0,847.0,35,0,9,"(33, 50)",0,0.01504424778761062,87.11111111111111,45.0,trust_fused,35,ATTACK,74,"(26, 37)",False,2,False,865
0,0.0,True,0.0,0.9,0.9,848,0,848.0,38,3,10,"(3, 8)",0,0.009725906277630416,81.5,32.8,trust_fused,38,ATTACK,60,"(4, 8)",False,0,False,870
18,0.0,True,0.0,0.5758542280488599,0.6125095113958566,849,0,849.0,46,3,9,"(2, 41)",0,0.016799292661361626,89.11111111111111,42.666666666666664,trust_fused,46,ATTACK,71,"(3, 37)",False,1,False,870
12,0.0,False,0.0,0.08365310393956074,0.08365310393956074,852,0,852.0,35,0,9,"(33, 50)",0,0.015030946065428824,87.11111111111111,45.0,trust_fused,35,ATTACK,74,"(26, 42)",False,2,False,870
0,0.0,True,0.0,0.9,0.9,852,0,852.0,39,3,10,"(33, 8)",0,0.010610079575596816,81.5,32.8,trust_fused,39,ATTACK,62,"(6, 8)",False,0,False,875
23,0.0,True,0.0,0.5929379586693374,0.6733294098402921,854,0,854.0,46,3,9,"(2, 41)",0,0.019451812555260833,89.11111111111111,42.666666666666664,trust_fused,46,ATTACK,72,"(2, 41)",False,1,False,875
17,0.0,False,0.0,0.08365310393956074,0.08365310393956074,857,0,857.0,35,0,9,"(33, 50)",0,0.015030946065428824,87.11111111111111,45.0,trust_fused,35,ATTACK,75,"(26, 47)",False,2,False,875
0,0.0,True,0.0,0.9,0.9,857,0,857.0,39,3,10,"(33, 8)",0,0.011494252873563218,81.5,32.8,trust_fused,39,ATTACK,62,"(11, 8)",False,0,False,880
23,0.0,True,0.0,0.6031820251125951,0.7036044060313941,858,0,858.0,47,3,10,"(15, 2)",0,0.01856763925729443,87.6,40.8,trust_fused,47,ATTACK,73,"(4, 39)",False,1,False,880
17,0.0,False,0.0,0.08365310393956074,0.08365310393956074,862,0,862.0,35,0,9,"(33, 50)",0,0.015030946065428824,87.11111111111111,45.0,trust_fused,35,ATTACK,75,"(28, 50)",False,2,False,880
0,0.0,True,0.0,0.9,0.9,862,0,862.0,39,3,10,"(33, 8)",0,0.01237842617152962,81.5,32.8,trust_fused,39,ATTACK,62,"(15, 9)",False,0,False,885
21,0.0,True,0.0,0.6116215083856247,0.6668516598725399,863,0,863.0,47,3,10,"(15, 2)",0,0.016799292661361626,87.6,40.8,trust_fused,47,ATTACK,73,"(5, 35)",False,1,False,885
16,0.0,False,0.0,0.08365310393956074,0.08365310393956074,867,0,867.0,35,0,9,"(33, 50)",0,0.014146772767462422,87.11111111111111,45.0,trust_fused,35,ATTACK,75,"(33, 50)",False,2,False,885
0,0.0,True,0.0,0.9,0.9,867,0,867.0,39,3,10,"(33, 8)",0,0.012334801762114538,81.5,32.8,trust_fused,39,ATTACK,62,"(20, 9)",False,0,False,890
18,0.0,True,0.0,0.6184436377173036,0.6859708442507803,868,0,868.0,47,3,10,"(15, 2)",0,0.014096916299559472,87.6,40.8,trust_fused,47,ATTACK,73,"(5, 30)",False,1,False,890
13,0.0,False,0.0,0.08365310393956074,0.08365310393956074,871,0,871.0,36,0,10,"(33, 8)",0,0.01145374449339207,88.6,46.2,trust_fused,36,ATTACK,76,"(30, 49)",False,2,False,890
0,0.0,True,0.0,0.9,0.9,872,0,872.0,39,3,10,"(33, 8)",0,0.012269938650306749,81.5,32.8,trust_fused,39,ATTACK,62,"(25, 9)",False,0,False,895
11,0.0,True,0.0,0.6262973753547568,0.7030897769048278,873,0,873.0,47,3,10,"(15, 2)",0,0.013146362839614373,87.6,40.8,trust_fused,47,ATTACK,73,"(5, 25)",False,1,False,895
13,0.0,False,0.0,0.08365310393956074,0.08365310393956074,876,0,876.0,36,0,10,"(33, 8)",0,0.011393514460999123,88.6,46.2,trust_fused,36,ATTACK,76,"(29, 45)",False,2,False,895
0,0.0,True,0.0,0.9,0.9,877,0,877.0,39,3,10,"(33, 8)",0,0.051709027169149865,81.5,32.8,trust_fused,39,ATTACK,63,"(29, 8)",False,0,False,900
9,0.0,True,0.0,0.6305435342821468,0.7112205539025572,878,0,878.0,47,3,10,"(15, 2)",0,0.05696757230499562,87.6,40.8,trust_fused,47,ATTACK,74,"(7, 22)",False,1,False,900
13,0.0,False,0.0,0.08365310393956074,0.08365310393956074,881,0,881.0,36,0,10,"(33, 8)",0,0.04820333041191937,88.6,46.2,trust_fused,36,ATTACK,77,"(29, 40)",False,2,False,900
0,0.0,True,0.0,0.9,0.9,881,0,881.0,40,3,11,"(24, 45)",0,0.05083260297984225,82.27272727272727,32.81818181818182,trust_fused,40,ATTACK,64,"(33, 8)",False,0,False,905
9,0.0,True,0.0,0.6305435342821468,0.7112205539025572,883,0,883.0,47,3,10,"(15, 2)",0,0.056091148115687994,87.6,40.8,trust_fused,47,ATTACK,74,"(11, 21)",False,1,False,905
13,0.0,False,0.0,0.08365310393956074,0.08365310393956074,886,0,886.0,36,0,10,"(33, 8)",0,0.04732690622261174,88.6,46.2,trust_fused,36,ATTACK,77,"(29, 35)",False,2,False,905
0,0.0,True,0.0,0.9,0.9,886,0,886.0,40,3,11,"(24, 45)",0,0.04995617879053462,82.27272727272727,32.81818181818182,trust_fused,40,ATTACK,64,"(29, 9)",False,0,False,910
14,0.0,True,0.0,0.6305435342821468,0.7112205539025572,888,0,888.0,47,3,10,"(15, 2)",0,0.058720420683610865,87.6,40.8,trust_fused,47,ATTACK,74,"(14, 19)",False,1,False,910
18,0.0,False,0.0,0.08365310393956074,0.08365310393956074,891,0,891.0,36,0,10,"(33, 8)",0,0.04557405784399649,88.6,46.2,trust_fused,36,ATTACK,77,"(29, 30)",False,2,False,910
0,0.0,True,0.0,0.9,0.9,891,0,891.0,40,3,11,"(24, 45)",0,0.04294478527607362,82.27272727272727,32.81818181818182,trust_fused,40,ATTACK,64,"(26, 11)",False,0,False,915
8,0.0,True,0.0,0.6305435342821468,0.7112205539025572,893,0,893.0,47,3,10,"(15, 2)",0,0.049079754601226995,87.6,40.8,trust_fused,47,ATTACK,74,"(15, 15)",False,1,False,915
13,0.0,False,0.0,0.08365310393956074,0.08365310393956074,896,0,896.0,36,0,10,"(33, 8)",0,0.040315512708150744,88.6,46.2,trust_fused,36,ATTACK,77,"(29, 25)",False,2,False,915
0,0.0,True,0.0,0.9,0.9,896,0,896.0,40,3,11,"(24, 45)",0,0.03508771929824561,82.27272727272727,32.81818181818182,trust_fused,40,ATTACK,64,"(25, 15)",False,0,False,920
8,0.0,True,0.0,0.6305435342821468,0.7112205539025572,898,0,898.0,47,3,10,"(15, 2)",0,0.03768624014022787,87.6,40.8,trust_fused,47,ATTACK,74,"(15, 10)",False,1,False,920
13,0.0,False,0.0,0.08495733808191822,0.10973778678671013,901,0,901.0,36,0,10,"(33, 8)",0,0.02982456140350877,88.6,46.2,trust_fused,36,ATTACK,77,"(29, 20)",False,2,False,920
0,0.0,True,0.0,0.9,0.9,901,0,901.0,40,3,11,"(24, 45)",0,0.028921998247151623,82.27272727272727,32.81818181818182,trust_fused,40,ATTACK,65,"(25, 20)",False,0,False,925
6,0.0,True,0.0,0.6305435342821468,0.7112205539025572,903,0,903.0,47,3,10,"(15, 2)",0,0.03242769500438212,87.6,40.8,trust_fused,47,ATTACK,75,"(15, 5)",False,1,False,925
13,0.0,False,0.0,0.11244772105759034,0.26574705476006394,906,0,906.0,37,0,10,"(33, 8)",0,0.02366345311130587,88.6,46.2,trust_fused,37,ATTACK,78,"(29, 15)",False,2,False,925
0,0.0,True,0.0,0.9,0.9,906,0,906.0,40,3,11,"(24, 45)",0,0.024539877300613498,82.27272727272727,32.81818181818182,trust_fused,40,ATTACK,65,"(25, 25)",False,0,False,930
5,0.0,True,0.0,0.6305435342821468,0.7112205539025572,907,0,907.0,48,3,10,"(21, 17)",0,0.029798422436459245,87.6,40.8,trust_fused,48,ATTACK,76,"(15, 3)",False,1,False,930
13,0.0,False,0.0,0.16490782897636008,0.3852817932383585,911,0,911.0,37,0,10,"(33, 8)",0,0.02366345311130587,88.6,46.2,trust_fused,37,ATTACK,78,"(31, 12)",False,2,False,930
0,0.0,True,0.0,0.9,0.9,911,0,911.0,40,3,11,"(24, 45)",0,0.024539877300613498,82.27272727272727,32.81818181818182,trust_fused,40,ATTACK,65,"(25, 30)",False,0,False,935
5,0.0,True,0.0,0.6305435342821468,0.7112205539025572,912,0,912.0,48,3,10,"(21, 17)",0,0.029798422436459245,87.6,40.8,trust_fused,48,ATTACK,76,"(16, 7)",False,1,False,935
13,0.0,False,0.0,0.21505841209064339,0.4621000261638613,916,0,916.0,37,0,10,"(33, 8)",0,0.02366345311130587,88.6,46.2,trust_fused,37,ATTACK,78,"(32, 8)",False,2,False,935
0,0.0,True,0.0,0.9,0.9,916,0,916.0,40,3,11,"(24, 45)",0,0.022787028921998246,82.27272727272727,32.81818181818182,trust_fused,40,ATTACK,65,"(25, 35)",False,0,False,940
5,0.0,True,0.0,0.6305435342821468,0.7112205539025572,917,0,917.0,48,3,10,"(21, 17)",0,0.03067484662576687,87.6,40.8,trust_fused,48,ATTACK,76,"(17, 11)",False,1,False,940
13,0.0,False,0.0,0.21505841209064339,0.4621000261638613,920,0,920.0,38,0,10,"(33, 30)",0,0.02366345311130587,88.6,46.2,trust_fused,38,ATTACK,79,"(33, 11)",False,2,False,940
0,0.0,True,0.0,0.9,0.9,921,0,921.0,40,3,11,"(24, 45)",0,0.021034180543382998,82.27272727272727,32.81818181818182,trust_fused,40,ATTACK,65,"(25, 40)",False,0,False,945
5,0.0,True,0.0,0.6305435342821468,0.7112205539025572,922,0,922.0,48,3,10,"(21, 17)",0,0.03067484662576687,87.6,40.8,trust_fused,48,ATTACK,76,"(18, 15)",False,1,False,945
13,0.0,False,0.0,0.21505841209064339,0.4621000261638613,925,0,925.0,38,0,10,"(33, 30)",0,0.02366345311130587,88.6,46.2,trust_fused,38,ATTACK,79,"(30, 13)",False,2,False,945
0,0.0,True,0.0,0.9,0.9,926,0,926.0,40,3,11,"(24, 45)",0,0.021034180543382998,82.27272727272727,32.81818181818182,trust_fused,40,ATTACK,66,"(25, 45)",False,0,False,950
10,0.0,True,0.0,0.6451526537623724,0.741313159943824,927,0,927.0,48,3,10,"(21, 17)",0,0.035056967572304996,87.6,40.8,trust_fused,48,ATTACK,77,"(21, 17)",False,1,False,950
18,0.0,False,0.0,0.2419016222591507,0.499264180787418,930,0,930.0,38,0,10,"(33, 30)",0,0.02366345311130587,88.6,46.2,trust_fused,38,ATTACK,80,"(29, 17)",False,2,False,950
0,0.0,True,0.0,0.9,0.9,930,0,930.0,41,3,11,"(2, 20)",0,0.021034180543382998,82.27272727272727,32.81818181818182,trust_fused,41,ATTACK,67,"(25, 43)",False,0,False,955
10,0.0,True,0.0,0.6505287648166884,0.7526748748486917,931,0,931.0,49,3,11,"(2, 41)",0,0.035056967572304996,86.45454545454545,39.09090909090909,trust_fused,49,ATTACK,78,"(17, 17)",False,1,False,955
18,0.0,True,0.0,0.31188108516415824,0.5793669574951389,935,0,935.0,38,0,10,"(33, 30)",0,0.02366345311130587,88.6,46.2,trust_fused,38,ATTACK,80,"(29, 22)",False,2,False,955
0,0.0,True,0.0,0.9,0.9,935,0,935.0,41,3,11,"(2, 20)",0,0.021108179419525065,82.27272727272727,32.81818181818182,trust_fused,41,ATTACK,67,"(24, 39)",False,0,False,960
10,0.0,True,0.0,0.6505287648166884,0.7526748748486917,936,0,936.0,49,3,11,"(2, 41)",0,0.03518029903254178,86.45454545454545,39.09090909090909,trust_fused,49,ATTACK,78,"(14, 19)",False,1,False,960
14,0.0,True,0.0,0.3824089547092269,0.647636797438619,940,0,940.0,38,0,10,"(33, 30)",0,0.02368421052631579,88.6,46.2,trust_fused,38,ATTACK,80,"(29, 27)",False,2,False,960
0,0.0,True,0.0,0.9,0.9,940,0,940.0,41,3,11,"(2, 20)",0,0.019349164467897976,82.27272727272727,32.81818181818182,trust_fused,41,ATTACK,67,"(24, 34)",False,0,False,965
6,0.0,True,0.0,0.6505287648166884,0.7526748748486917,941,0,941.0,49,3,11,"(2, 41)",0,0.0316622691292876,86.45454545454545,39.09090909090909,trust_fused,49,ATTACK,78,"(11, 21)",False,1,False,965
10,0.0,True,0.0,0.44969829094051367,0.6994617196486894,945,0,945.0,38,0,10,"(33, 30)",0,0.02368421052631579,88.6,46.2,trust_fused,38,ATTACK,80,"(31, 30)",False,2,False,965
0,0.0,True,0.0,0.9,0.9,945,0,945.0,41,3,11,"(2, 20)",0,0.019349164467897976,82.27272727272727,32.81818181818182,trust_fused,41,ATTACK,67,"(24, 29)",False,0,False,970
5,0.0,True,0.0,0.6505287648166884,0.7526748748486917,946,0,946.0,49,3,11,"(2, 41)",0,0.029023746701846966,86.45454545454545,39.09090909090909,trust_fused,49,ATTACK,78,"(7, 22)",False,1,False,970
9,0.0,True,0.0,0.501056762702495,0.7407863346304385,949,0,949.0,39,0,11,"(2, 41)",0,0.021929824561403508,88.0,44.81818181818182,trust_fused,39,ATTACK,81,"(31, 30)",False,2,False,970
0,0.0,True,0.0,0.9,0.9,950,0,950.0,41,3,11,"(2, 20)",0,0.019349164467897976,82.27272727272727,32.81818181818182,trust_fused,41,ATTACK,68,"(22, 26)",False,0,False,975
5,0.0,True,0.0,0.6505287648166884,0.7526748748486917,951,0,951.0,50,3,11,"(2, 41)",0,0.028144239226033423,86.45454545454545,39.09090909090909,trust_fused,50,ATTACK,79,"(4, 24)",False,1,False,975
9,0.0,True,0.0,0.5619674937270858,0.7867644499474937,954,0,954.0,40,0,11,"(2, 41)",0,0.02017543859649123,88.0,44.81818181818182,trust_fused,40,ATTACK,82,"(28, 32)",False,2,False,975
0,0.0,True,0.0,0.9,0.9,955,0,955.0,41,3,11,"(2, 20)",0,0.015957446808510637,82.27272727272727,32.81818181818182,trust_fused,41,ATTACK,68,"(17, 26)",False,0,False,980
5,0.0,True,0.0,0.6505287648166884,0.7526748748486917,956,0,956.0,50,3,11,"(2, 41)",0,0.024822695035460994,86.45454545454545,39.09090909090909,trust_fused,50,ATTACK,79,"(3, 28)",False,1,False,980
9,0.0,True,0.0,0.617794173377829,0.8211615630129115,959,0,959.0,40,0,11,"(2, 41)",0,0.016843971631205674,88.0,44.81818181818182,trust_fused,40,ATTACK,82,"(25, 34)",False,2,False,980
0,0.0,True,0.0,0.9,0.9,960,0,960.0,41,3,11,"(2, 20)",0,0.015957446808510637,82.27272727272727,32.81818181818182,trust_fused,41,ATTACK,68,"(15, 23)",False,0,False,985
14,0.0,True,0.0,0.6505287648166884,0.7526748748486917,961,0,961.0,50,3,11,"(2, 41)",0,0.03280141843971631,86.45454545454545,39.09090909090909,trust_fused,50,ATTACK,79,"(3, 33)",False,1,False,985
18,0.0,True,0.0,0.6675905846505343,0.8474947362337173,964,0,964.0,40,0,11,"(2, 41)",0,0.01773049645390071,88.0,44.81818181818182,trust_fused,40,ATTACK,82,"(25, 39)",False,2,False,985
0,0.0,True,0.0,0.9,0.9,965,0,965.0,41,3,11,"(2, 20)",0,0.015957446808510637,82.27272727272727,32.81818181818182,trust_fused,41,ATTACK,68,"(13, 20)",False,0,False,990
14,0.0,True,0.0,0.6505287648166884,0.7526748748486917,966,0,966.0,50,3,11,"(2, 41)",0,0.03280141843971631,86.45454545454545,39.09090909090909,trust_fused,50,ATTACK,79,"(3, 38)",False,1,False,990
18,0.0,True,0.0,0.7112619294143084,0.8689716067397121,969,0,969.0,40,0,11,"(2, 41)",0,0.01773049645390071,88.0,44.81818181818182,trust_fused,40,ATTACK,82,"(21, 40)",False,2,False,990
0,0.0,True,0.0,0.9,0.9,970,0,970.0,41,3,11,"(2, 20)",0,0.015070921985815602,82.27272727272727,32.81818181818182,trust_fused,41,ATTACK,68,"(8, 20)",False,0,False,995
14,0.0,True,0.0,0.6505287648166884,0.7526748748486917,970,0,970.0,51,3,11,"(33, 50)",0,0.02925531914893617,86.45454545454545,39.09090909090909,trust_fused,51,ATTACK,80,"(2, 41)",False,1,False,995
18,0.0,True,0.0,0.7193208932405026,0.8724412059381933,974,0,974.0,40,0,11,"(2, 41)",0,0.015957446808510637,88.0,44.81818181818182,trust_fused,40,ATTACK,82,"(16, 40)",False,2,False,995
0,0.0,True,0.0,0.9,0.9,975,0,975.0,41,3,11,"(2, 20)",0,0.015057573073516387,82.27272727272727,32.81818181818182,trust_fused,41,ATTACK,69,"(3, 20)",False,0,False,1000
14,0.0,True,0.0,0.6505287648166884,0.7526748748486917,975,0,975.0,51,3,11,"(33, 50)",0,0.025686448184233834,86.45454545454545,39.09090909090909,trust_fused,51,ATTACK,81,"(5, 43)",False,1,False,1000
17,0.0,True,0.0,0.7193208932405026,0.8724412059381933,979,0,979.0,40,0,11,"(2, 41)",0,0.0141718334809566,88.0,44.81818181818182,trust_fused,40,ATTACK,83,"(12, 41)",False,2,False,1000
0,0.0,True,0.0,0.9,0.9,979,0,979.0,42,3,12,"(15, 2)",0,0.010628875110717449,83.5,34.25,trust_fused,42,ATTACK,70,"(5, 20)",False,0,False,1005
14,0.0,True,0.0,0.6505287648166884,0.7526748748486917,980,0,980.0,52,3,11,"(33, 50)",0,0.01948627103631532,86.45454545454545,39.09090909090909,trust_fused,52,ATTACK,82,"(7, 46)",False,1,False,1005
13,0.0,True,0.0,0.7193208932405026,0.8724412059381933,984,0,984.0,40,0,11,"(2, 41)",0,0.012400354295837024,88.0,44.81818181818182,trust_fused,40,ATTACK,83,"(7, 41)",False,2,False,1005
0,0.0,True,0.0,0.9,0.9,984,0,984.0,42,3,12,"(15, 2)",0,0.010628875110717449,83.5,34.25,trust_fused,42,ATTACK,70,"(10, 20)",False,0,False,1010
14,0.0,True,0.0,0.6505287648166884,0.7526748748486917,985,0,985.0,52,3,11,"(33, 50)",0,0.01948627103631532,86.45454545454545,39.09090909090909,trust_fused,52,ATTACK,82,"(9, 49)",False,1,False,1010
11,0.0,True,0.0,0.7193208932405026,0.8724412059381933,989,0,989.0,40,0,11,"(2, 41)",0,0.012400354295837024,88.0,44.81818181818182,trust_fused,40,ATTACK,83,"(2, 41)",False,2,False,1010
0,0.0,True,0.0,0.9,0.9,989,0,989.0,42,3,12,"(15, 2)",0,0.010628875110717449,83.5,34.25,trust_fused,42,ATTACK,70,"(14, 19)",False,0,False,1015
14,0.0,True,0.0,0.6505287648166884,0.7526748748486917,990,0,990.0,52,3,11,"(33, 50)",0,0.01948627103631532,86.45454545454545,39.09090909090909,trust_fused,52,ATTACK,82,"(13, 50)",False,1,False,1015
11,0.0,True,0.0,0.7193208932405026,0.8724412059381933,993,0,993.0,41,0,11,"(21, 17)",0,0.012400354295837024,88.0,44.81818181818182,trust_fused,41,ATTACK,84,"(6, 41)",False,2,False,1015
0,0.0,True,0.0,0.9,0.9,994,0,994.0,42,3,12,"(15, 2)",0,0.010638297872340425,83.5,34.25,trust_fused,42,ATTACK,70,"(15, 15)",False,0,False,1020
14,0.0,True,0.0,0.6505287648166884,0.7526748748486917,995,0,995.0,52,3,11,"(33, 50)",0,0.01948627103631532,86.45454545454545,39.09090909090909,trust_fused,52,ATTACK,82,"(18, 50)",False,1,False,1020
11,0.0,True,0.0,0.7193208932405026,0.8724412059381933,998,0,998.0,41,0,11,"(21, 17)",0,0.014184397163120567,88.0,44.81818181818182,trust_fused,41,ATTACK,84,"(11, 41)",False,2,False,1020
0,0.0,True,0.0,0.9,0.9,999,0,999.0,42,3,12,"(15, 2)",0,0.010638297872340425,83.5,34.25,trust_fused,42,ATTACK,71,"(15, 10)",False,0,False,1025
16,0.0,True,0.0,0.6668572408250413,0.770703481845122,1000,0,1000.0,52,3,11,"(33, 50)",0,0.01948627103631532,86.45454545454545,39.09090909090909,trust_fused,52,ATTACK,83,"(22, 49)",False,1,False,1025
13,0.0,True,0.0,0.7193208932405026,0.8724412059381933,1003,0,1003.0,42,0,11,"(21, 17)",0,0.015957446808510637,88.0,44.81818181818182,trust_fused,42,ATTACK,85,"(13, 38)",False,2,False,1025
0,0.0,True,0.0,0.9,0.9,1004,0,1004.0,42,3,12,"(15, 2)",0,0.010628875110717449,83.5,34.25,trust_fused,42,ATTACK,71,"(15, 5)",False,0,False,1030
16,0.0,True,0.0,0.6946944072991486,0.8009270194419509,1005,0,1005.0,52,3,11,"(33, 50)",0,0.019469026548672566,86.45454545454545,39.09090909090909,trust_fused,52,ATTACK,83,"(27, 49)",False,1,False,1030
13,0.0,True,0.0,0.7271318132216951,0.8755392928643518,1008,0,1008.0,42,0,11,"(21, 17)",0,0.02037201062887511,88.0,44.81818181818182,trust_fused,42,ATTACK,85,"(16, 36)",False,2,False,1030
0,0.0,True,0.0,0.9,0.9,1008,0,1008.0,43,3,12,"(21, 17)",0,0.006167400881057269,83.5,34.25,trust_fused,43,ATTACK,72,"(15, 3)",False,0,False,1035
16,0.0,True,0.0,0.7164648526995718,0.8179154064791271,1010,0,1010.0,52,3,11,"(33, 50)",0,0.016725352112676055,86.45454545454545,39.09090909090909,trust_fused,52,ATTACK,83,"(32, 49)",False,1,False,1035
13,0.0,True,0.0,0.7627199432446612,0.889586058158072,1013,0,1013.0,42,0,11,"(21, 17)",0,0.021145374449339206,88.0,44.81818181818182,trust_fused,42,ATTACK,85,"(21, 36)",False,2,False,1035
0,0.0,True,0.0,0.9,0.9,1013,0,1013.0,43,3,12,"(21, 17)",0,0.00617828773168579,83.5,34.25,trust_fused,43,ATTACK,72,"(16, 7)",False,0,False,1040
16,0.0,True,0.0,0.7164648526995718,0.8179154064791271,1014,0,1014.0,53,3,12,"(24, 45)",0,0.01676963812886143,86.5,39.416666666666664,trust_fused,53,ATTACK,84,"(31, 50)",False,1,False,1040
13,0.0,True,0.0,0.7691931667717198,0.8921844137858335,1018,0,1018.0,42,0,11,"(21, 17)",0,0.02118270079435128,88.0,44.81818181818182,trust_fused,42,ATTACK,85,"(24, 34)",False,2,False,1040
0,0.0,True,0.0,0.9,0.9,1018,0,1018.0,43,3,12,"(21, 17)",0,0.00617828773168579,83.5,34.25,trust_fused,43,ATTACK,72,"(17, 11)",False,0,False,1045
16,0.0,True,0.0,0.7217281288857763,0.8217303764236608,1019,0,1019.0,53,3,12,"(24, 45)",0,0.01676963812886143,86.5,39.416666666666664,trust_fused,53,ATTACK,84,"(29, 47)",False,1,False,1045
13,0.0,True,0.0,0.7932623993771717,0.9027251620517555,1023,0,1023.0,42,0,11,"(21, 17)",0,0.02206531332744925,88.0,44.81818181818182,trust_fused,42,ATTACK,85,"(24, 29)",False,2,False,1045
0,0.0,True,0.0,0.9,0.9,1023,0,1023.0,43,3,12,"(21, 17)",0,0.05207413945278023,83.5,34.25,trust_fused,43,ATTACK,73,"(18, 15)",False,0,False,1050
14,0.0,True,0.0,0.7423813325138194,0.8399617099658779,1024,0,1024.0,53,3,12,"(24, 45)",0,0.05825242718446602,86.5,39.416666666666664,trust_fused,53,ATTACK,85,"(24, 47)",False,1,False,1050
11,0.0,True,0.0,0.8147770578627884,0.9124055247828897,1028,0,1028.0,42,0,11,"(21, 17)",0,0.05207413945278023,88.0,44.81818181818182,trust_fused,42,ATTACK,86,"(25, 25)",False,2,False,1050
0,0.0,True,0.0,0.9,0.9,1028,0,1028.0,43,3,12,"(21, 17)",0,0.04766107678729038,83.5,34.25,trust_fused,43,ATTACK,73,"(21, 17)",False,0,False,1055
14,0.0,True,0.0,0.7423813325138194,0.8399617099658779,1028,0,1028.0,54,3,12,"(33, 8)",0,0.0529567519858782,86.5,39.416666666666664,trust_fused,54,ATTACK,86,"(25, 44)",False,1,False,1055
11,0.0,True,0.0,0.8147770578627884,0.9124055247828897,1033,0,1033.0,42,0,11,"(21, 17)",0,0.04854368932038835,88.0,44.81818181818182,trust_fused,42,ATTACK,86,"(25, 20)",False,2,False,1055
0,0.0,True,0.0,0.9,0.9,1031,0,1031.0,44,4,13,"(25, 2)",0,0.03713527851458886,81.23076923076923,33.30769230769231,trust_fused,44,ATTACK,74,"(24, 17)",False,0,False,1060
28,0.0,True,0.0,0.7423813325138194,0.8399617099658779,1033,0,1033.0,54,3,12,"(33, 8)",0,0.05658709106984969,86.5,39.416666666666664,trust_fused,54,ATTACK,86,"(28, 42)",False,1,False,1060
26,0.0,True,0.0,0.8394806868767448,0.931906367991682,1037,0,1037.0,42,1,11,"(21, 17)",0,0.04332449160035367,88.0,44.81818181818182,trust_fused,42,ATTACK,86,"(25, 18)",False,2,False,1060
0,0.0,True,0.0,0.9,0.9,1036,0,1036.0,44,4,13,"(25, 2)",0,0.030918727915194347,81.23076923076923,33.30769230769231,trust_fused,44,ATTACK,74,"(25, 13)",False,0,False,1065
23,0.0,True,0.0,0.7423813325138194,0.8399617099658779,1038,0,1038.0,55,3,12,"(33, 8)",0,0.046819787985865724,86.5,39.416666666666664,trust_fused,55,ATTACK,87,"(29, 38)",False,1,False,1065
25,0.0,True,0.0,0.8565886820902812,0.9343033110422906,1042,0,1042.0,44,1,11,"(21, 17)",0,0.036219081272084806,88.0,44.81818181818182,trust_fused,44,ATTACK,88,"(25, 17)",False,2,False,1065
0,0.0,True,0.0,0.9,0.9,1041,0,1041.0,44,4,13,"(25, 2)",0,0.027385159010600707,81.23076923076923,33.30769230769231,trust_fused,44,ATTACK,74,"(25, 8)",False,0,False,1070
19,0.0,True,0.0,0.7423813325138194,0.8399617099658779,1043,0,1043.0,55,3,12,"(33, 8)",0,0.03975265017667844,86.5,39.416666666666664,trust_fused,55,ATTACK,87,"(29, 33)",False,1,False,1070
25,0.0,True,0.0,0.8763454120233601,0.9492508275219905,1046,0,1046.0,45,1,12,"(2, 41)",0,0.026501766784452298,89.16666666666667,46.0,trust_fused,45,ATTACK,89,"(21, 17)",False,2,False,1070
0,0.0,True,0.0,0.9,0.9,1046,0,1046.0,44,4,13,"(25, 2)",0,0.026501766784452298,81.23076923076923,33.30769230769231,trust_fused,44,ATTACK,75,"(25, 3)",False,0,False,1075
7,0.0,False,0.0,0.28810625832502157,0.28810625832502157,1048,0,1048.0,55,3,12,"(33, 8)",0,0.030918727915194347,86.5,39.416666666666664,trust_fused,55,ATTACK,89,"(29, 28)",False,1,False,1075
25,0.0,True,0.0,0.8872550085532889,0.9543884184010735,1051,0,1051.0,45,1,12,"(2, 41)",0,0.027385159010600707,89.16666666666667,46.0,trust_fused,45,ATTACK,90,"(25, 18)",False,2,False,1075
0,0.0,True,0.0,0.9,0.9,1050,0,1050.0,45,4,13,"(33, 30)",0,0.026455026455026454,81.23076923076923,33.30769230769231,trust_fused,45,ATTACK,76,"(25, 5)",False,0,False,1080
4,0.0,False,0.0,0.22440981044003228,0.2681049289468768,1053,0,1053.0,55,3,12,"(33, 8)",0,0.02821869488536155,86.5,39.416666666666664,trust_fused,55,ATTACK,89,"(29, 23)",False,1,False,1080
17,0.0,False,0.0,0.43683025336236364,0.43683025336236364,1056,0,1056.0,46,1,12,"(2, 41)",0,0.026455026455026454,89.16666666666667,46.0,trust_fused,46,ATTACK,91,"(25, 23)",False,2,False,1080
0,0.0,True,0.0,0.9,0.9,1055,0,1055.0,45,4,13,"(33, 30)",0,0.026455026455026454,81.23076923076923,33.30769230769231,trust_fused,45,ATTACK,76,"(26, 9)",False,0,False,1085
4,0.0,False,0.0,0.25052138758964515,0.3795383815556943,1058,0,1058.0,55,3,12,"(33, 8)",0,0.02821869488536155,86.5,39.416666666666664,trust_fused,55,ATTACK,89,"(29, 18)",False,1,False,1085
11,0.0,False,0.0,0.2592452270247519,0.2592452270247519,1061,0,1061.0,46,1,12,"(2, 41)",0,0.02821869488536155,89.16666666666667,46.0,trust_fused,46,ATTACK,91,"(24, 27)",False,2,False,1085
0,0.0,True,0.0,0.9,0.9,1060,0,1060.0,45,4,13,"(33, 30)",0,0.02292768959435626,81.23076923076923,33.30769230769231,trust_fused,45,ATTACK,76,"(26, 14)",False,0,False,1090
4,0.0,False,0.0,0.2760630354545279,0.45588954186397596,1063,0,1063.0,56,3,12,"(33, 8)",0,0.02821869488536155,86.5,39.416666666666664,trust_fused,56,ATTACK,90,"(30, 14)",False,1,False,1090
11,0.0,False,0.0,0.2592452270247519,0.2592452270247519,1066,0,1066.0,46,1,12,"(2, 41)",0,0.02821869488536155,89.16666666666667,46.0,trust_fused,46,ATTACK,91,"(24, 32)",False,2,False,1090
0,0.0,True,0.0,0.9,0.9,1065,0,1065.0,45,4,13,"(33, 30)",0,0.021164021164021163,81.23076923076923,33.30769230769231,trust_fused,45,ATTACK,76,"(28, 17)",False,0,False,1095
4,0.0,True,0.0,0.29742279391013293,0.5038657579860194,1068,0,1068.0,56,3,12,"(33, 8)",0,0.025573192239858905,86.5,39.416666666666664,trust_fused,56,ATTACK,90,"(33, 12)",False,1,False,1095
11,0.0,False,0.0,0.2592452270247519,0.2592452270247519,1071,0,1071.0,46,1,12,"(2, 41)",0,0.025573192239858905,89.16666666666667,46.0,trust_fused,46,ATTACK,91,"(22, 35)",False,2,False,1095
0,0.0,True,0.0,0.9,0.9,1070,0,1070.0,45,4,13,"(33, 30)",0,0.019434628975265017,81.23076923076923,33.30769230769231,trust_fused,45,ATTACK,77,"(29, 21)",False,0,False,1100
8,0.0,True,0.0,0.3563946231227918,0.5898951771772026,1072,0,1072.0,57,3,13,"(33, 50)",0,0.027385159010600707,84.61538461538461,40.0,trust_fused,57,ATTACK,92,"(33, 8)",False,1,False,1100
15,0.0,False,0.0,0.2592452270247519,0.2592452270247519,1076,0,1076.0,47,1,12,"(2, 41)",0,0.023851590106007067,89.16666666666667,46.0,trust_fused,47,ATTACK,92,"(17, 35)",False,2,False,1100
0,0.0,True,0.0,0.9,0.9,1075,0,1075.0,45,4,13,"(33, 30)",0,0.019434628975265017,81.23076923076923,33.30769230769231,trust_fused,45,ATTACK,77,"(29, 26)",False,0,False,1105
8,0.0,True,0.0,0.3688535360012981,0.605572880692918,1077,0,1077.0,57,3,13,"(33, 50)",0,0.027385159010600707,84.61538461538461,40.0,trust_fused,57,ATTACK,92,"(33, 13)",False,1,False,1105
15,0.0,False,0.0,0.2592452270247519,0.2592452270247519,1081,0,1081.0,47,1,12,"(2, 41)",0,0.023851590106007067,89.16666666666667,46.0,trust_fused,47,ATTACK,92,"(14, 37)",False,2,False,1105
0,0.0,True,0.0,0.9,0.9,1080,0,1080.0,45,4,13,"(33, 30)",0,0.018551236749116608,81.23076923076923,33.30769230769231,trust_fused,45,ATTACK,77,"(30, 30)",False,0,False,1110
8,0.0,True,0.0,0.41927805457772893,0.6576772218116228,1082,0,1082.0,57,3,13,"(33, 50)",0,0.026501766784452298,84.61538461538461,40.0,trust_fused,57,ATTACK,92,"(30, 15)",False,1,False,1110
13,0.0,False,0.0,0.2592452270247519,0.2592452270247519,1086,0,1086.0,47,1,12,"(2, 41)",0,0.022968197879858657,89.16666666666667,46.0,trust_fused,47,ATTACK,92,"(12, 40)",False,2,False,1110
0,0.0,True,0.0,0.9,0.9,1084,0,1084.0,46,4,14,"(2, 41)",0,0.014134275618374558,79.57142857142857,33.57142857142857,trust_fused,46,ATTACK,78,"(32, 30)",False,0,False,1115
8,0.0,True,0.0,0.4815455570841032,0.7162016764986574,1087,0,1087.0,57,3,13,"(33, 50)",0,0.024734982332155476,84.61538461538461,40.0,trust_fused,57,ATTACK,92,"(28, 18)",False,1,False,1115
9,0.0,False,0.0,0.2592452270247519,0.2592452270247519,1091,0,1091.0,47,1,12,"(2, 41)",0,0.018551236749116608,89.16666666666667,46.0,trust_fused,47,ATTACK,92,"(8, 41)",False,2,False,1115
0,0.0,True,0.0,0.9,0.9,1089,0,1089.0,46,4,14,"(2, 41)",0,0.014146772767462422,79.57142857142857,33.57142857142857,trust_fused,46,ATTACK,78,"(29, 32)",False,0,False,1120
8,0.0,True,0.0,0.5412584535352515,0.7626211873471545,1092,0,1092.0,57,3,13,"(33, 50)",0,0.02475685234305924,84.61538461538461,40.0,trust_fused,57,ATTACK,92,"(28, 23)",False,1,False,1120
9,0.0,False,0.0,0.2592452270247519,0.2592452270247519,1096,0,1096.0,47,1,12,"(2, 41)",0,0.01856763925729443,89.16666666666667,46.0,trust_fused,47,ATTACK,92,"(3, 41)",False,2,False,1120
0,0.0,True,0.0,0.9,0.9,1094,0,1094.0,46,4,14,"(2, 41)",0,0.014146772767462422,79.57142857142857,33.57142857142857,trust_fused,46,ATTACK,79,"(25, 33)",False,0,False,1125
8,0.0,True,0.0,0.5971008045518216,0.8032249906767333,1097,0,1097.0,57,3,13,"(33, 50)",0,0.022988505747126436,84.61538461538461,40.0,trust_fused,57,ATTACK,93,"(28, 28)",False,1,False,1125
6,0.0,False,0.0,0.2592452270247519,0.2592452270247519,1100,0,1100.0,49,1,12,"(33, 8)",0,0.01856763925729443,89.16666666666667,46.0,trust_fused,49,ATTACK,94,"(5, 41)",False,2,False,1125
0,0.0,True,0.0,0.9,0.9,1099,0,1099.0,46,4,14,"(2, 41)",0,0.014146772767462422,79.57142857142857,33.57142857142857,trust_fused,46,ATTACK,79,"(23, 36)",False,0,False,1130
8,0.0,True,0.0,0.6490110524857886,0.839827378381739,1102,0,1102.0,57,3,13,"(33, 50)",0,0.022988505747126436,84.61538461538461,40.0,trust_fused,57,ATTACK,93,"(28, 33)",False,1,False,1130
6,0.0,False,0.0,0.2592452270247519,0.2592452270247519,1105,0,1105.0,49,1,12,"(33, 8)",0,0.01856763925729443,89.16666666666667,46.0,trust_fused,49,ATTACK,94,"(10, 41)",False,2,False,1130
0,0.0,True,0.0,0.9,0.9,1104,0,1104.0,46,4,14,"(2, 41)",0,0.014146772767462422,79.57142857142857,33.57142857142857,trust_fused,46,ATTACK,79,"(22, 40)",False,0,False,1135
29,9.967315497626437,True,9.967315497626437,0.6945421891463168,0.8321834421344598,1107,0,1107.0,58,3,13,"(33, 50)",29,0.030061892130857647,84.61538461538461,40.0,trust_fused,58,ATTACK,94,"(28, 38)",True,1,True,1135
29,0.0,False,0.0,0.2592452270247519,0.2592452270247519,1110,0,1110.0,49,1,12,"(33, 8)",0,0.01856763925729443,89.16666666666667,46.0,trust_fused,49,ATTACK,94,"(13, 39)",False,2,False,1135
0,0.0,True,0.0,0.9,0.9,1109,0,1109.0,46,4,14,"(2, 41)",0,0.014146772767462422,79.57142857142857,33.57142857142857,trust_fused,46,ATTACK,79,"(17, 40)",False,0,False,1140
23,5.052272120316211,True,5.052272120316211,0.7113550651761109,0.7778165380327025,1112,0,1112.0,58,3,13,"(33, 50)",23,0.028293545534924844,84.61538461538461,40.0,trust_fused,58,ATTACK,94,"(25, 40)",True,1,True,1140
27,0.0,False,0.0,0.2752882782362015,0.3764235891704372,1115,0,1115.0,49,1,12,"(33, 8)",0,0.01856763925729443,89.16666666666667,46.0,trust_fused,49,ATTACK,94,"(13, 34)",False,2,False,1140
0,0.0,True,0.0,0.9,0.9,1114,0,1114.0,46,4,14,"(2, 41)",0,0.014134275618374558,79.57142857142857,33.57142857142857,trust_fused,46,ATTACK,79,"(12, 40)",False,0,False,1145
16,0.0,False,0.0,0.41575447984609576,0.41575447984609576,1117,0,1117.0,59,3,13,"(33, 50)",0,0.02561837455830389,84.61538461538461,40.0,trust_fused,59,ATTACK,95,"(25, 45)",False,1,False,1145
27,0.0,False,0.0,0.3138091917973129,0.48430780079740815,1120,0,1120.0,49,1,12,"(33, 8)",0,0.018551236749116608,89.16666666666667,46.0,trust_fused,49,ATTACK,94,"(18, 34)",False,2,False,1145
0,0.0,True,0.0,0.9,0.9,1119,0,1119.0,46,4,14,"(2, 41)",0,0.014134275618374558,79.57142857142857,33.57142857142857,trust_fused,46,ATTACK,80,"(8, 41)",False,0,False,1150
11,0.0,False,0.0,0.32430146633860824,0.32430146633860824,1122,0,1122.0,60,3,13,"(33, 50)",0,0.023851590106007067,84.61538461538461,40.0,trust_fused,60,ATTACK,96,"(27, 48)",False,1,False,1150
27,0.0,True,0.0,0.36380254169033066,0.5629235032304444,1125,0,1125.0,50,1,12,"(33, 8)",0,0.018551236749116608,89.16666666666667,46.0,trust_fused,50,ATTACK,95,"(22, 33)",False,2,False,1150
0,0.0,True,0.0,0.9,0.9,1124,0,1124.0,46,4,14,"(2, 41)",0,0.014134275618374558,79.57142857142857,33.57142857142857,trust_fused,46,ATTACK,80,"(3, 41)",False,0,False,1155
11,0.0,False,0.0,0.32430146633860824,0.32430146633860824,1127,0,1127.0,60,3,13,"(33, 50)",0,0.022084805653710248,84.61538461538461,40.0,trust_fused,60,ATTACK,96,"(30, 50)",False,1,False,1155
27,0.0,True,0.0,0.4171773219258739,0.6202934776511825,1130,0,1130.0,50,1,12,"(33, 8)",0,0.019434628975265017,89.16666666666667,46.0,trust_fused,50,ATTACK,95,"(24, 30)",False,2,False,1155
0,0.0,True,0.0,0.9,0.9,1128,0,1128.0,47,4,14,"(21, 17)",0,0.01415929203539823,79.57142857142857,33.57142857142857,trust_fused,47,ATTACK,81,"(5, 41)",False,0,False,1160
11,0.0,False,0.0,0.32430146633860824,0.32430146633860824,1131,0,1131.0,61,3,13,"(25, 2)",0,0.022123893805309734,84.61538461538461,40.0,trust_fused,61,ATTACK,97,"(32, 50)",False,1,False,1160
27,0.0,True,0.0,0.4705078580946746,0.6712624326271623,1135,0,1135.0,50,1,12,"(33, 8)",0,0.019469026548672566,89.16666666666667,46.0,trust_fused,50,ATTACK,95,"(25, 26)",False,2,False,1160
0,0.0,True,0.0,0.9,0.9,1133,0,1133.0,47,4,14,"(21, 17)",0,0.01415929203539823,79.57142857142857,33.57142857142857,trust_fused,47,ATTACK,81,"(10, 41)",False,0,False,1165
11,0.0,False,0.0,0.32430146633860824,0.32430146633860824,1136,0,1136.0,61,3,13,"(25, 2)",0,0.023008849557522124,84.61538461538461,40.0,trust_fused,61,ATTACK,97,"(29, 48)",False,1,False,1165
27,0.0,True,0.0,0.522254322497036,0.7160241704205665,1140,0,1140.0,50,1,12,"(33, 8)",0,0.019469026548672566,89.16666666666667,46.0,trust_fused,50,ATTACK,95,"(25, 21)",False,2,False,1165
0,0.0,True,0.0,0.9,0.9,1138,0,1138.0,47,4,14,"(21, 17)",0,0.016814159292035398,79.57142857142857,33.57142857142857,trust_fused,47,ATTACK,81,"(13, 39)",False,0,False,1170
8,0.0,False,0.0,0.12341236606182282,0.12341236606182282,1141,0,1141.0,61,3,13,"(25, 2)",0,0.021238938053097345,84.61538461538461,40.0,trust_fused,61,ATTACK,97,"(28, 44)",False,1,False,1170
31,0.0,True,0.0,0.5718951752498705,0.7565285646005272,1145,0,1145.0,50,1,12,"(33, 8)",0,0.020353982300884955,89.16666666666667,46.0,trust_fused,50,ATTACK,95,"(26, 17)",False,2,False,1170
0,0.0,True,0.0,0.9,0.9,1143,0,1143.0,47,4,14,"(21, 17)",0,0.01504424778761062,79.57142857142857,33.57142857142857,trust_fused,47,ATTACK,82,"(18, 39)",False,0,False,1175
8,0.0,False,0.0,0.12341236606182282,0.12341236606182282,1146,0,1146.0,61,3,13,"(25, 2)",0,0.018584070796460177,84.61538461538461,40.0,trust_fused,61,ATTACK,98,"(27, 40)",False,1,False,1175
31,0.0,True,0.0,0.6188488718113703,0.7930994018896609,1150,0,1150.0,51,1,12,"(33, 8)",0,0.016814159292035398,89.16666666666667,46.0,trust_fused,51,ATTACK,96,"(26, 12)",False,2,False,1175
0,0.0,True,0.0,0.9,0.9,1148,0,1148.0,47,4,14,"(21, 17)",0,0.014209591474245116,79.57142857142857,33.57142857142857,trust_fused,47,ATTACK,82,"(19, 35)",False,0,False,1180
8,0.0,False,0.0,0.13229603191738484,0.2087259155804785,1151,0,1151.0,61,3,13,"(25, 2)",0,0.016873889875666074,84.61538461538461,40.0,trust_fused,61,ATTACK,98,"(27, 35)",False,1,False,1180
31,0.0,True,0.0,0.6620042417829816,0.818714867041872,1155,0,1155.0,52,1,12,"(33, 8)",0,0.015097690941385435,89.16666666666667,46.0,trust_fused,52,ATTACK,97,"(27, 8)",False,2,False,1180
0,0.0,True,0.0,0.9,0.9,1153,0,1153.0,47,4,14,"(21, 17)",0,0.013321492007104795,79.57142857142857,33.57142857142857,trust_fused,47,ATTACK,82,"(19, 30)",False,0,False,1185
8,0.0,False,0.0,0.1671266087137444,0.3301045915795368,1156,0,1156.0,61,3,13,"(25, 2)",0,0.015985790408525755,84.61538461538461,40.0,trust_fused,61,ATTACK,98,"(27, 30)",False,1,False,1185
31,0.0,True,0.0,0.6854746509855804,0.8298667415219544,1160,0,1160.0,52,1,12,"(33, 8)",0,0.014209591474245116,89.16666666666667,46.0,trust_fused,52,ATTACK,97,"(32, 8)",False,2,False,1185
0,0.0,True,0.0,0.9,0.9,1158,0,1158.0,47,4,14,"(21, 17)",0,0.013321492007104795,79.57142857142857,33.57142857142857,trust_fused,47,ATTACK,82,"(19, 25)",False,0,False,1190
8,0.0,False,0.0,0.2195233816334053,0.4378523868518926,1161,0,1161.0,61,3,13,"(25, 2)",0,0.015985790408525755,84.61538461538461,40.0,trust_fused,61,ATTACK,98,"(27, 25)",False,1,False,1190
31,0.0,True,0.0,0.6854746509855804,0.8298667415219544,1164,0,1164.0,53,1,13,"(13, 50)",0,0.014209591474245116,91.3076923076923,47.46153846153846,trust_fused,53,ATTACK,98,"(30, 8)",False,2,False,1190
0,0.0,True,0.0,0.9,0.9,1163,0,1163.0,47,4,14,"(21, 17)",0,0.013321492007104795,79.57142857142857,33.57142857142857,trust_fused,47,ATTACK,82,"(19, 20)",False,0,False,1195
8,0.0,False,0.0,0.25627701047233575,0.4948888843737547,1166,0,1166.0,61,3,13,"(25, 2)",0,0.016873889875666074,84.61538461538461,40.0,trust_fused,61,ATTACK,98,"(27, 20)",False,1,False,1195
31,0.0,True,0.0,0.6854746509855804,0.8298667415219544,1169,0,1169.0,53,1,13,"(13, 50)",0,0.014209591474245116,91.3076923076923,47.46153846153846,trust_fused,53,ATTACK,98,"(27, 10)",False,2,False,1195
0,0.0,True,0.0,0.9,0.9,1168,0,1168.0,47,4,14,"(21, 17)",0,0.0544464609800363,79.57142857142857,33.57142857142857,trust_fused,47,ATTACK,83,"(21, 17)",False,0,False,1200
8,0.0,True,0.0,0.30710435915851836,0.5517141602580209,1171,0,1171.0,61,3,13,"(25, 2)",0,0.049818840579710144,84.61538461538461,40.0,trust_fused,61,ATTACK,99,"(26, 16)",False,1,False,1200
31,0.0,True,0.0,0.6854746509855804,0.8298667415219544,1174,0,1174.0,53,1,13,"(13, 50)",0,0.050816696914700546,91.3076923076923,47.46153846153846,trust_fused,53,ATTACK,99,"(25, 13)",False,2,False,1200
0,0.0,True,0.0,0.9,0.9,1172,0,1172.0,48,4,15,"(33, 50)",0,0.0499092558983666,80.06666666666666,34.266666666666666,trust_fused,48,ATTACK,84,"(19, 19)",False,0,False,1205
8,0.0,True,0.0,0.37709931634354193,0.6509585111374091,1175,0,1175.0,61,4,13,"(25, 2)",0,0.049818840579710144,84.61538461538461,40.0,trust_fused,61,ATTACK,99,"(25, 13)",False,1,False,1205
31,0.0,True,0.0,0.7150537568278598,0.85368584319105,1178,0,1178.0,55,2,13,"(13, 50)",0,0.04627949183303085,91.3076923076923,47.46153846153846,trust_fused,55,ATTACK,101,"(26, 14)",False,2,False,1205
0,0.0,True,0.0,0.9,0.9,1177,0,1177.0,48,4,15,"(33, 50)",0,0.04900181488203267,80.06666666666666,34.266666666666666,trust_fused,48,ATTACK,84,"(19, 24)",False,0,False,1210
29,0.0,True,0.0,0.37709931634354193,0.6509585111374091,1180,0,1180.0,61,4,13,"(25, 2)",0,0.06793478260869565,84.61538461538461,40.0,trust_fused,61,ATTACK,99,"(25, 8)",False,1,False,1210
52,3.377925871208433,True,3.377925871208433,0.7368568872733667,0.8742739831313747,1183,0,1183.0,56,2,13,"(13, 50)",52,0.06533575317604355,91.3076923076923,47.46153846153846,trust_fused,56,ATTACK,102,"(25, 18)",True,2,True,1210
0,0.0,True,0.0,0.9,0.9,1182,0,1182.0,48,4,15,"(33, 50)",0,0.04809437386569873,80.06666666666666,34.266666666666666,trust_fused,48,ATTACK,84,"(20, 28)",False,0,False,1215
29,0.0,True,0.0,0.37709931634354193,0.6509585111374091,1185,0,1185.0,61,4,13,"(25, 2)",0,0.06793478260869565,84.61538461538461,40.0,trust_fused,61,ATTACK,99,"(25, 3)",False,1,False,1215
52,3.377925871208433,True,3.377925871208433,0.7508368368030246,0.8824420695529896,1188,0,1188.0,56,2,13,"(13, 50)",52,0.060798548094373864,91.3076923076923,47.46153846153846,trust_fused,56,ATTACK,102,"(25, 23)",True,2,True,1215
0,0.0,True,0.0,0.9,0.9,1187,0,1187.0,48,4,15,"(33, 50)",0,0.047229791099000905,80.06666666666666,34.266666666666666,trust_fused,48,ATTACK,84,"(20, 33)",False,0,False,1220
29,0.0,True,0.0,0.37709931634354193,0.6509585111374091,1189,0,1189.0,62,4,14,"(2, 41)",0,0.06793478260869565,86.92857142857143,41.285714285714285,trust_fused,62,ATTACK,100,"(25, 5)",False,1,False,1220
52,3.377925871208433,True,3.377925871208433,0.7838377037985927,0.9046786185084398,1193,0,1193.0,56,2,13,"(13, 50)",52,0.06085376930063579,91.3076923076923,47.46153846153846,trust_fused,56,ATTACK,102,"(24, 27)",True,2,True,1220
0,0.0,True,0.0,0.9,0.9,1192,0,1192.0,48,4,15,"(33, 50)",0,0.047229791099000905,80.06666666666666,34.266666666666666,trust_fused,48,ATTACK,85,"(20, 38)",False,0,False,1225
29,0.0,True,0.0,0.37709931634354193,0.6509585111374091,1194,0,1194.0,62,4,14,"(2, 41)",0,0.06702898550724638,86.92857142857143,41.285714285714285,trust_fused,62,ATTACK,101,"(25, 10)",False,1,False,1225
52,3.4627679728861054,True,3.4627679728861054,0.8136562558585835,0.9219503995275972,1198,0,1198.0,56,2,13,"(13, 50)",52,0.06085376930063579,91.3076923076923,47.46153846153846,trust_fused,56,ATTACK,103,"(24, 32)",True,2,True,1225
0,0.0,True,0.0,0.9,0.9,1197,0,1197.0,48,4,15,"(33, 50)",0,0.047229791099000905,80.06666666666666,34.266666666666666,trust_fused,48,ATTACK,85,"(23, 40)",False,0,False,1230
29,0.0,True,0.0,0.37709931634354193,0.6509585111374091,1199,0,1199.0,62,4,14,"(2, 41)",0,0.06702898550724638,86.92857142857143,41.285714285714285,trust_fused,62,ATTACK,101,"(25, 15)",False,1,False,1230
52,3.4627679728861054,True,3.4627679728861054,0.8401829916545951,0.9358993709400876,1203,0,1203.0,56,2,13,"(13, 50)",52,0.06085376930063579,91.3076923076923,47.46153846153846,trust_fused,56,ATTACK,103,"(21, 34)",True,2,True,1230
0,0.0,True,0.0,0.9,0.9,1202,0,1202.0,48,4,15,"(33, 50)",0,0.047229791099000905,80.06666666666666,34.266666666666666,trust_fused,48,ATTACK,85,"(27, 41)",False,0,False,1235
29,0.0,True,0.0,0.406094345166912,0.6818352604972716,1204,0,1204.0,62,4,14,"(2, 41)",0,0.0661231884057971,86.92857142857143,41.285714285714285,trust_fused,62,ATTACK,101,"(25, 20)",False,1,False,1235
36,3.4627679728861054,True,3.4627679728861054,0.863439968623524,0.9468442217980524,1208,0,1208.0,56,2,13,"(13, 50)",36,0.06085376930063579,91.3076923076923,47.46153846153846,trust_fused,56,ATTACK,103,"(17, 35)",True,2,True,1235
0,0.0,True,0.0,0.9,0.9,1207,0,1207.0,48,4,15,"(33, 50)",0,0.04367606915377616,80.06666666666666,34.266666666666666,trust_fused,48,ATTACK,85,"(27, 46)",False,0,False,1240
29,0.0,True,0.0,0.4747466579128311,0.7278381214697278,1209,0,1209.0,62,4,14,"(2, 41)",0,0.06261343012704174,86.92857142857143,41.285714285714285,trust_fused,62,ATTACK,101,"(25, 25)",False,1,False,1240
29,3.4627679728861054,True,3.4627679728861054,0.8717973118443795,0.9498598147191104,1213,0,1213.0,56,2,13,"(13, 50)",29,0.06085376930063579,91.3076923076923,47.46153846153846,trust_fused,56,ATTACK,103,"(12, 35)",True,2,True,1240
0,0.0,True,0.0,0.9,0.9,1212,0,1212.0,48,4,15,"(33, 50)",0,0.04178019981834696,80.06666666666666,34.266666666666666,trust_fused,48,ATTACK,85,"(28, 50)",False,0,False,1245
34,0.0,True,0.0,0.5376748918772146,0.7668641848754206,1214,0,1214.0,62,4,14,"(2, 41)",0,0.06159420289855073,86.92857142857143,41.285714285714285,trust_fused,62,ATTACK,101,"(25, 30)",False,1,False,1245
34,0.22000000000000242,True,0.22000000000000242,0.8717973118443795,0.9498598147191104,1218,0,1218.0,56,2,13,"(13, 50)",34,0.05983680870353581,91.3076923076923,47.46153846153846,trust_fused,56,ATTACK,103,"(12, 40)",True,2,True,1245
0,0.0,True,0.0,0.9,0.9,1217,0,1217.0,48,4,15,"(33, 50)",0,0.03626473254759746,80.06666666666666,34.266666666666666,trust_fused,48,ATTACK,86,"(33, 50)",False,0,False,1250
34,0.0,True,0.0,0.5942137338753561,0.8000474888634672,1219,0,1219.0,63,4,14,"(2, 41)",0,0.05244122965641953,86.92857142857143,41.285714285714285,trust_fused,63,ATTACK,102,"(24, 34)",False,1,False,1250
24,0.0,False,0.0,0.3582009273923084,0.3582009273923084,1223,0,1223.0,56,2,13,"(13, 50)",0,0.047058823529411764,91.3076923076923,47.46153846153846,trust_fused,56,ATTACK,105,"(12, 45)",False,2,False,1250
0,0.0,True,0.0,0.9,0.9,1221,0,1221.0,49,4,15,"(13, 50)",0,0.03535811423390753,80.06666666666666,34.266666666666666,trust_fused,49,ATTACK,87,"(29, 50)",False,0,False,1255
34,0.0,True,0.0,0.6450878515781147,0.8303652239223784,1224,0,1224.0,63,4,14,"(2, 41)",0,0.0433996383363472,86.92857142857143,41.285714285714285,trust_fused,63,ATTACK,102,"(22, 37)",False,1,False,1255
15,0.0,False,0.0,0.10719029303977155,0.10719029303977155,1228,0,1228.0,56,2,13,"(13, 50)",0,0.03891402714932127,91.3076923076923,47.46153846153846,trust_fused,56,ATTACK,105,"(12, 50)",False,2,False,1255
0,0.0,True,0.0,0.9,0.9,1226,0,1226.0,49,4,15,"(13, 50)",0,0.034482758620689655,80.06666666666666,34.266666666666666,trust_fused,49,ATTACK,87,"(25, 49)",False,0,False,1260
34,0.0,True,0.0,0.6906646905314382,0.8551512291386434,1229,0,1229.0,63,4,14,"(2, 41)",0,0.039819004524886875,86.92857142857143,41.285714285714285,trust_fused,63,ATTACK,102,"(20, 40)",False,1,False,1260
13,0.0,False,0.0,0.06747329093207374,0.06747329093207374,1232,0,1232.0,57,2,13,"(15, 2)",0,0.036297640653357534,91.3076923076923,47.46153846153846,trust_fused,57,ATTACK,106,"(13, 47)",False,2,False,1260
0,0.0,True,0.0,0.9,0.9,1231,0,1231.0,49,4,15,"(13, 50)",0,0.034482758620689655,80.06666666666666,34.266666666666666,trust_fused,49,ATTACK,87,"(20, 49)",False,0,False,1265
28,0.0,True,0.0,0.6742749703883718,0.6821559144886264,1234,0,1234.0,63,4,14,"(2, 41)",0,0.03619909502262444,86.92857142857143,41.285714285714285,trust_fused,63,ATTACK,102,"(15, 40)",False,1,False,1265
11,0.0,False,0.0,0.06876553936942345,0.09331825967906787,1237,0,1237.0,57,2,13,"(15, 2)",0,0.034482758620689655,91.3076923076923,47.46153846153846,trust_fused,57,ATTACK,106,"(13, 42)",False,2,False,1265
0,0.0,True,0.0,0.9,0.9,1236,0,1236.0,49,4,15,"(13, 50)",0,0.034482758620689655,80.06666666666666,34.266666666666666,trust_fused,49,ATTACK,87,"(15, 49)",False,0,False,1270
14,0.0,True,0.0,0.6742749703883718,0.6821559144886264,1239,0,1239.0,63,4,14,"(2, 41)",0,0.0334841628959276,86.92857142857143,41.285714285714285,trust_fused,63,ATTACK,102,"(11, 41)",False,1,False,1270
8,0.0,False,0.0,0.07489926099748163,0.14424264573333537,1240,0,1240.0,58,4,13,"(15, 2)",0,0.03176043557168784,91.3076923076923,47.46153846153846,trust_fused,58,ATTACK,107,"(13, 39)",False,2,False,1270
0,0.0,True,0.0,0.9,0.9,1240,0,1240.0,50,4,16,"(2, 41)",0,0.030852994555353903,79.625,33.5625,trust_fused,50,ATTACK,89,"(12, 50)",False,0,False,1275
9,0.0,True,0.0,0.6742749703883718,0.6821559144886264,1244,0,1244.0,64,4,14,"(2, 41)",0,0.03076923076923077,86.92857142857143,41.285714285714285,trust_fused,64,ATTACK,104,"(7, 42)",False,1,False,1275
8,0.0,False,0.0,0.07960864524993475,0.1690869460465437,1245,0,1245.0,58,4,13,"(15, 2)",0,0.029038112522686024,91.3076923076923,47.46153846153846,trust_fused,58,ATTACK,108,"(15, 36)",False,2,False,1275
0,0.0,True,0.0,0.9,0.9,1245,0,1245.0,50,4,16,"(2, 41)",0,0.028258887876025523,79.625,33.5625,trust_fused,50,ATTACK,89,"(12, 45)",False,0,False,1280
8,0.0,True,0.0,0.6831783223261156,0.7360618811990123,1249,0,1249.0,65,4,14,"(2, 41)",0,0.029117379435850774,86.92857142857143,41.285714285714285,trust_fused,65,ATTACK,105,"(5, 45)",False,1,False,1280
8,0.0,False,0.0,0.09161164272432118,0.21329312671772413,1250,0,1250.0,58,4,13,"(15, 2)",0,0.02643573381950775,91.3076923076923,47.46153846153846,trust_fused,58,ATTACK,108,"(15, 31)",False,2,False,1280
0,0.0,True,0.0,0.9,0.9,1250,0,1250.0,51,4,16,"(2, 41)",0,0.026411657559198543,79.625,33.5625,trust_fused,51,ATTACK,90,"(7, 45)",False,0,False,1285
10,0.0,True,0.0,0.7030784981973024,0.7929579255505074,1254,0,1254.0,66,4,14,"(2, 41)",0,0.02727272727272727,86.92857142857143,41.285714285714285,trust_fused,66,ATTACK,106,"(7, 42)",False,1,False,1285
10,0.0,False,0.0,0.13335794783930047,0.31257849119011455,1255,0,1255.0,58,4,13,"(15, 2)",0,0.02459016393442623,91.3076923076923,47.46153846153846,trust_fused,58,ATTACK,108,"(15, 26)",False,2,False,1285
0,0.0,True,0.0,0.9,0.9,1255,0,1255.0,53,4,16,"(2, 41)",0,0.025500910746812388,79.625,33.5625,trust_fused,53,ATTACK,94,"(7, 44)",False,0,False,1290
10,0.0,True,0.0,0.7296401915848733,0.8346172526510736,1259,0,1259.0,67,4,14,"(2, 41)",0,0.02727272727272727,86.92857142857143,41.285714285714285,trust_fused,67,ATTACK,107,"(10, 40)",False,1,False,1290
10,0.0,False,0.0,0.18558474574187125,0.3936820697777159,1260,0,1260.0,58,4,13,"(15, 2)",0,0.02459016393442623,91.3076923076923,47.46153846153846,trust_fused,58,ATTACK,108,"(15, 21)",False,2,False,1290
0,0.0,True,0.0,0.9,0.9,1260,0,1260.0,54,4,16,"(2, 41)",0,0.023486901535682024,79.625,33.5625,trust_fused,54,ATTACK,95,"(9, 41)",False,0,False,1295
10,0.0,True,0.0,0.7469362570274135,0.8583653956535953,1264,0,1264.0,67,4,14,"(2, 41)",0,0.026149684400360685,86.92857142857143,41.285714285714285,trust_fused,67,ATTACK,107,"(9, 36)",False,1,False,1295
10,0.0,False,0.0,0.2194728934833935,0.4362695610300121,1265,0,1265.0,58,4,13,"(15, 2)",0,0.023486901535682024,91.3076923076923,47.46153846153846,trust_fused,58,ATTACK,108,"(15, 16)",False,2,False,1295
0,0.0,True,0.0,0.9,0.9,1265,0,1265.0,55,4,16,"(2, 41)",0,0.019319227230910764,79.625,33.5625,trust_fused,55,ATTACK,96,"(10, 37)",False,0,False,1300
10,0.0,True,0.0,0.7762820287115302,0.887013049126944,1269,0,1269.0,68,4,14,"(2, 41)",0,0.022222222222222223,86.92857142857143,41.285714285714285,trust_fused,68,ATTACK,108,"(6, 36)",False,1,False,1300
9,0.0,False,0.0,0.2249702045991909,0.3294191157993417,1270,0,1270.0,58,4,13,"(15, 2)",0,0.019444444444444445,91.3076923076923,47.46153846153846,trust_fused,58,ATTACK,109,"(15, 11)",False,2,False,1300
0,0.0,True,0.0,0.9,0.9,1269,0,1269.0,55,5,16,"(2, 41)",0,0.01655933762649494,79.625,33.5625,trust_fused,55,ATTACK,96,"(7, 36)",False,0,False,1305
10,0.0,True,0.0,0.8048970590129485,0.9110367412121029,1274,0,1274.0,68,4,14,"(2, 41)",0,0.019444444444444445,86.92857142857143,41.285714285714285,trust_fused,68,ATTACK,108,"(10, 37)",False,1,False,1305
6,0.0,False,0.0,0.10937552211028649,0.10937552211028649,1275,0,1275.0,58,4,13,"(15, 2)",0,0.016666666666666666,91.3076923076923,47.46153846153846,trust_fused,58,ATTACK,109,"(15, 6)",False,2,False,1305
0,0.0,True,0.0,0.9,0.9,1274,0,1274.0,57,5,16,"(2, 41)",0,0.01655933762649494,79.625,33.5625,trust_fused,57,ATTACK,98,"(8, 36)",False,0,False,1310
10,0.0,True,0.0,0.8318501758236961,0.9305234298721694,1279,0,1279.0,69,4,14,"(2, 41)",0,0.019444444444444445,86.92857142857143,41.285714285714285,trust_fused,69,ATTACK,109,"(10, 40)",False,1,False,1310
6,0.0,False,0.0,0.10937552211028649,0.10937552211028649,1279,0,1279.0,59,4,14,"(2, 41)",0,0.016666666666666666,93.57142857142857,47.857142857142854,trust_fused,59,ATTACK,110,"(15, 2)",False,2,False,1310
0,0.0,True,0.0,0.9,0.9,1278,0,1278.0,57,6,16,"(2, 41)",0,0.01655933762649494,79.625,33.5625,trust_fused,57,ATTACK,98,"(10, 38)",False,0,False,1315
10,0.0,True,0.0,0.8564261976199471,0.9473313013065741,1283,0,1283.0,69,5,14,"(2, 41)",0,0.019444444444444445,86.92857142857143,41.285714285714285,trust_fused,69,ATTACK,109,"(10, 40)",False,1,False,1315
6,0.0,False,0.0,0.10937552211028649,0.10937552211028649,1284,0,1284.0,59,4,14,"(2, 41)",0,0.016666666666666666,93.57142857142857,47.857142857142854,trust_fused,59,ATTACK,110,"(14, 6)",False,2,False,1315
0,0.0,True,0.0,0.9,0.9,1283,0,1283.0,58,6,16,"(2, 41)",0,0.01730769230769231,79.625,33.5625,trust_fused,58,ATTACK,99,"(10, 39)",False,0,False,1320
10,0.0,True,0.0,0.8745161895402835,0.9571259264827959,1288,0,1288.0,69,5,14,"(2, 41)",0,0.020114942528735632,86.92857142857143,41.285714285714285,trust_fused,69,ATTACK,109,"(12, 39)",False,1,False,1320
6,0.0,False,0.0,0.10937552211028649,0.10937552211028649,1289,0,1289.0,59,4,14,"(2, 41)",0,0.017241379310344827,93.57142857142857,47.857142857142854,trust_fused,59,ATTACK,110,"(14, 11)",False,2,False,1320
0,0.0,True,0.0,0.9,0.9,1288,0,1288.0,58,6,16,"(2, 41)",0,0.01730769230769231,79.625,33.5625,trust_fused,58,ATTACK,100,"(8, 36)",False,0,False,1325
19,0.0,True,0.0,0.8946273745607336,0.9669704109841466,1292,1,1292.0,72,5,14,"(2, 41)",0,0.028735632183908046,86.92857142857143,41.285714285714285,trust_fused,72,ATTACK,113,"(12, 39)",False,1,False,1325
15,0.0,False,0.0,0.10937552211028649,0.10937552211028649,1294,0,1294.0,59,4,14,"(2, 41)",0,0.017241379310344827,93.57142857142857,47.857142857142854,trust_fused,59,ATTACK,111,"(14, 16)",False,2,False,1325
0,0.0,True,0.0,0.9,0.9,1293,0,1293.0,60,6,16,"(2, 41)",0,0.01729106628242075,79.625,33.5625,trust_fused,60,ATTACK,102,"(7, 36)",False,0,False,1330
19,0.0,True,0.0,0.9120982629091794,0.9744475642932166,1297,1,1297.0,73,5,14,"(2, 41)",0,0.028708133971291867,86.92857142857143,41.285714285714285,trust_fused,73,ATTACK,114,"(9, 41)",False,1,False,1330
15,0.0,False,0.0,0.10937552211028649,0.10937552211028649,1299,0,1299.0,59,4,14,"(2, 41)",0,0.01722488038277512,93.57142857142857,47.857142857142854,trust_fused,59,ATTACK,111,"(14, 21)",False,2,False,1330
0,0.0,True,0.0,0.9,0.9,1298,0,1298.0,60,6,16,"(2, 41)",0,0.017241379310344827,79.625,33.5625,trust_fused,60,ATTACK,102,"(10, 38)",False,0,False,1335
19,0.0,True,0.0,0.9269182134702125,0.9791444896344438,1302,1,1302.0,73,5,14,"(2, 41)",0,0.02862595419847328,86.92857142857143,41.285714285714285,trust_fused,73,ATTACK,114,"(7, 44)",False,1,False,1335
15,0.0,False,0.0,0.10937552211028649,0.10937552211028649,1304,0,1304.0,60,4,14,"(2, 41)",0,0.01717557251908397,93.57142857142857,47.857142857142854,trust_fused,60,ATTACK,114,"(14, 26)",False,2,False,1335
0,0.0,True,0.0,0.9,0.9,1303,0,1303.0,61,6,16,"(2, 41)",0,0.01722488038277512,79.625,33.5625,trust_fused,61,ATTACK,103,"(8, 41)",False,0,False,1340
19,0.0,True,0.0,0.9392446065398878,0.9828607630730258,1307,1,1307.0,74,5,14,"(2, 41)",0,0.028598665395614873,86.92857142857143,41.285714285714285,trust_fused,74,ATTACK,115,"(7, 45)",False,1,False,1340
15,0.0,False,0.0,0.11331042010819534,0.16346378467867617,1309,0,1309.0,60,4,14,"(2, 41)",0,0.016205910390848427,93.57142857142857,47.857142857142854,trust_fused,60,ATTACK,114,"(14, 31)",False,2,False,1340
0,0.0,True,0.0,0.9,0.9,1307,0,1307.0,61,7,16,"(2, 41)",0,0.01722488038277512,79.625,33.5625,trust_fused,61,ATTACK,103,"(7, 44)",False,0,False,1345
19,0.0,True,0.0,0.9496829686833316,0.9867409180383735,1312,1,1312.0,76,5,14,"(2, 41)",0,0.028598665395614873,86.92857142857143,41.285714285714285,trust_fused,76,ATTACK,117,"(8, 43)",False,1,False,1345
15,0.0,False,0.0,0.13616711337322693,0.28055048443428526,1314,0,1314.0,60,4,14,"(2, 41)",0,0.016205910390848427,93.57142857142857,47.857142857142854,trust_fused,60,ATTACK,114,"(14, 36)",False,2,False,1345
0,0.0,True,0.0,0.9,0.9,1312,0,1312.0,63,7,16,"(2, 41)",0,0.07177033492822966,79.625,33.5625,trust_fused,63,ATTACK,105,"(5, 45)",False,0,False,1350
19,0.0,True,0.0,0.9585144143794245,0.9897055806927163,1317,1,1317.0,78,5,14,"(2, 41)",0,0.07626310772163966,86.92857142857143,41.285714285714285,trust_fused,78,ATTACK,119,"(7, 41)",False,1,False,1350
15,0.0,False,0.0,0.17496317289068808,0.3832168305419646,1319,0,1319.0,61,4,14,"(2, 41)",0,0.06387035271687322,93.57142857142857,47.857142857142854,trust_fused,61,ATTACK,115,"(9, 36)",False,2,False,1350
0,0.0,True,0.0,0.9,0.9,1317,0,1317.0,63,7,16,"(2, 41)",0,0.06596558317399617,79.625,33.5625,trust_fused,63,ATTACK,105,"(3, 42)",False,0,False,1355
19,0.0,True,0.0,0.9645064198732962,0.9913635596727498,1322,1,1322.0,78,5,14,"(2, 41)",0,0.07428571428571429,86.92857142857143,41.285714285714285,trust_fused,78,ATTACK,119,"(7, 36)",False,1,False,1355
15,0.0,False,0.0,0.18641719275548552,0.40404357018663695,1324,0,1324.0,61,4,14,"(2, 41)",0,0.06,93.57142857142857,47.857142857142854,trust_fused,61,ATTACK,115,"(5, 37)",False,2,False,1355
0,0.0,True,0.0,0.9,0.9,1321,0,1321.0,64,7,16,"(2, 50)",0,0.0647342995169082,79.625,33.5625,trust_fused,64,ATTACK,106,"(3, 42)",False,0,False,1360
34,0.0,True,0.0,0.969668867803318,0.9928676301665925,1327,1,1327.0,78,5,14,"(2, 41)",0,0.0846968238691049,86.92857142857143,41.285714285714285,trust_fused,78,ATTACK,119,"(4, 38)",False,1,False,1360
30,0.0,True,0.0,0.25425290828338665,0.5322291603055308,1329,0,1329.0,61,4,14,"(2, 41)",0,0.0712223291626564,93.57142857142857,47.857142857142854,trust_fused,61,ATTACK,115,"(3, 40)",False,2,False,1360
0,0.0,True,0.0,0.9,0.9,1326,0,1326.0,64,7,16,"(2, 50)",0,0.0647342995169082,79.625,33.5625,trust_fused,64,ATTACK,106,"(3, 47)",False,0,False,1365
34,0.0,True,0.0,0.9751492826951632,0.9944747331607369,1332,1,1332.0,78,5,14,"(2, 41)",0,0.08373435996150144,86.92857142857143,41.285714285714285,trust_fused,78,ATTACK,119,"(4, 41)",False,1,False,1365
30,0.0,True,0.0,0.33243681785913415,0.6380376593531442,1331,0,1331.0,63,6,14,"(21, 17)",0,0.0712223291626564,93.57142857142857,47.857142857142854,trust_fused,63,ATTACK,117,"(2, 41)",False,2,False,1365
0,0.0,True,0.0,0.9,0.9,1330,0,1330.0,65,7,17,"(33, 8)",0,0.06460945033751206,80.58823529411765,32.294117647058826,trust_fused,65,ATTACK,107,"(2, 50)",False,0,False,1370
34,0.0,True,0.0,0.9796882610536924,0.9955911620955916,1334,2,1334.0,82,6,14,"(21, 17)",0,0.08357348703170028,86.92857142857143,41.285714285714285,trust_fused,82,ATTACK,123,"(2, 41)",False,1,False,1370
30,0.0,True,0.0,0.3963479155219644,0.6949357226468348,1336,0,1336.0,63,6,14,"(21, 17)",0,0.07108549471661864,93.57142857142857,47.857142857142854,trust_fused,63,ATTACK,117,"(5, 39)",False,2,False,1370
0,0.0,True,0.0,0.9,0.9,1335,0,1335.0,66,7,17,"(33, 8)",0,0.06460945033751206,80.58823529411765,32.294117647058826,trust_fused,66,ATTACK,108,"(4, 47)",False,0,False,1375
34,0.0,True,0.0,0.9819999912686841,0.9960464012353233,1339,2,1339.0,83,6,14,"(21, 17)",0,0.08357348703170028,86.92857142857143,41.285714285714285,trust_fused,83,ATTACK,124,"(7, 41)",False,1,False,1375
30,0.0,True,0.0,0.3963479155219644,0.6949357226468348,1341,0,1341.0,64,6,14,"(21, 17)",0,0.07108549471661864,93.57142857142857,47.857142857142854,trust_fused,64,ATTACK,118,"(7, 36)",False,2,False,1375
0,0.0,True,0.0,0.9,0.9,1340,0,1340.0,66,7,17,"(33, 8)",0,0.0643611911623439,80.58823529411765,32.294117647058826,trust_fused,66,ATTACK,108,"(7, 45)",False,0,False,1380
34,0.0,True,0.0,0.9852750319407312,0.9967327979753247,1344,2,1344.0,83,6,14,"(21, 17)",0,0.0830945558739255,86.92857142857143,41.285714285714285,trust_fused,83,ATTACK,124,"(9, 38)",False,1,False,1380
30,0.0,True,0.0,0.3963479155219644,0.6949357226468348,1346,0,1346.0,64,6,14,"(21, 17)",0,0.06889952153110047,93.57142857142857,47.857142857142854,trust_fused,64,ATTACK,118,"(9, 33)",False,2,False,1380
0,0.0,True,0.0,0.9,0.9,1345,0,1345.0,66,7,17,"(33, 8)",0,0.05730659025787966,80.58823529411765,32.294117647058826,trust_fused,66,ATTACK,108,"(9, 42)",False,0,False,1385
34,0.0,True,0.0,0.9874614448398835,0.997238420816764,1349,2,1349.0,83,6,14,"(21, 17)",0,0.08262108262108261,86.92857142857143,41.285714285714285,trust_fused,83,ATTACK,124,"(12, 36)",False,1,False,1385
30,0.0,True,0.0,0.3963479155219644,0.6949357226468348,1351,0,1351.0,64,6,14,"(21, 17)",0,0.06660323501427212,93.57142857142857,47.857142857142854,trust_fused,64,ATTACK,118,"(13, 32)",False,2,False,1385
0,0.0,True,0.0,0.9,0.9,1350,0,1350.0,66,7,17,"(33, 8)",0,0.05730659025787966,80.58823529411765,32.294117647058826,trust_fused,66,ATTACK,108,"(10, 38)",False,0,False,1390
34,0.0,True,0.0,0.9897440608987761,0.9977339090871898,1354,2,1354.0,83,6,14,"(21, 17)",0,0.08262108262108261,86.92857142857143,41.285714285714285,trust_fused,83,ATTACK,124,"(15, 34)",False,1,False,1390
30,0.0,True,0.0,0.3963479155219644,0.6949357226468348,1356,0,1356.0,64,6,14,"(21, 17)",0,0.06660323501427212,93.57142857142857,47.857142857142854,trust_fused,64,ATTACK,118,"(15, 29)",False,2,False,1390
0,0.0,True,0.0,0.9,0.9,1355,0,1355.0,66,7,17,"(33, 8)",0,0.05730659025787966,80.58823529411765,32.294117647058826,trust_fused,66,ATTACK,108,"(12, 35)",False,0,False,1395
34,0.0,True,0.0,0.991269732926171,0.9980874835786145,1359,2,1359.0,83,6,14,"(21, 17)",0,0.08262108262108261,86.92857142857143,41.285714285714285,trust_fused,83,ATTACK,124,"(19, 33)",False,1,False,1395
30,0.0,True,0.0,0.3963479155219644,0.6949357226468348,1361,0,1361.0,64,6,14,"(21, 17)",0,0.06565176022835395,93.57142857142857,47.857142857142854,trust_fused,64,ATTACK,118,"(15, 24)",False,2,False,1395
0,0.0,True,0.0,0.9,0.9,1360,0,1360.0,66,7,17,"(33, 8)",0,0.05758157389635317,80.58823529411765,32.294117647058826,trust_fused,66,ATTACK,109,"(16, 34)",False,0,False,1400
39,0.0,True,0.0,0.9928620872935198,0.9984408798513399,1364,2,1364.0,83,6,14,"(21, 17)",0,0.07934990439770555,86.92857142857143,41.285714285714285,trust_fused,83,ATTACK,125,"(19, 28)",False,1,False,1400
35,0.0,True,0.0,0.3963479155219644,0.6949357226468348,1366,0,1366.0,64,6,14,"(21, 17)",0,0.06429942418426103,93.57142857142857,47.857142857142854,trust_fused,64,ATTACK,119,"(15, 19)",False,2,False,1400
0,0.0,True,0.0,0.9,0.9,1365,0,1365.0,66,7,17,"(33, 8)",0,0.05758157389635317,80.58823529411765,32.294117647058826,trust_fused,66,ATTACK,109,"(19, 32)",False,0,False,1405
39,0.0,True,0.0,0.9941650669539219,0.9987163187723028,1369,2,1369.0,83,6,14,"(21, 17)",0,0.07934990439770555,86.92857142857143,41.285714285714285,trust_fused,83,ATTACK,125,"(19, 23)",False,1,False,1405
35,0.0,True,0.0,0.3963479155219644,0.6949357226468348,1371,0,1371.0,64,6,14,"(21, 17)",0,0.06429942418426103,93.57142857142857,47.857142857142854,trust_fused,64,ATTACK,119,"(18, 17)",False,2,False,1405
0,0.0,True,0.0,0.9,0.9,1370,0,1370.0,66,7,17,"(33, 8)",0,0.05758157389635317,80.58823529411765,32.294117647058826,trust_fused,66,ATTACK,109,"(19, 27)",False,0,False,1410
39,0.0,True,0.0,0.9952236459243782,0.9989185654847167,1374,2,1374.0,83,6,14,"(21, 17)",0,0.07934990439770555,86.92857142857143,41.285714285714285,trust_fused,83,ATTACK,125,"(19, 18)",False,1,False,1410
35,0.0,True,0.0,0.3963479155219644,0.6949357226468348,1375,0,1375.0,65,6,15,"(2, 20)",0,0.06429942418426103,93.93333333333334,47.733333333333334,trust_fused,65,ATTACK,120,"(20, 17)",False,2,False,1410
0,0.0,True,0.0,0.9,0.9,1375,0,1375.0,67,7,17,"(33, 8)",0,0.05662188099808062,80.58823529411765,32.294117647058826,trust_fused,67,ATTACK,110,"(19, 22)",False,0,False,1415
39,0.0,True,0.0,0.9960845203740913,0.9990983490271756,1375,2,1375.0,83,10,14,"(21, 17)",0,0.07839388145315487,86.92857142857143,41.285714285714285,trust_fused,83,ATTACK,128,"(19, 17)",False,1,False,1415
35,0.0,True,0.0,0.3963479155219644,0.6949357226468348,1379,0,1379.0,65,7,15,"(2, 20)",0,0.06333973128598848,93.93333333333334,47.733333333333334,trust_fused,65,ATTACK,120,"(24, 17)",False,2,False,1415
0,0.0,True,0.0,0.9,0.9,1380,0,1380.0,67,7,17,"(33, 8)",0,0.05252918287937743,80.58823529411765,32.294117647058826,trust_fused,67,ATTACK,110,"(19, 17)",False,0,False,1420
39,0.0,True,0.0,0.9967943719825455,0.9992971251467248,1378,2,1378.0,84,11,15,"(13, 50)",0,0.06679574056147145,94.53333333333333,41.733333333333334,trust_fused,84,ATTACK,129,"(20, 17)",False,1,False,1420
26,0.0,True,0.0,0.411720136341984,0.7037923319223564,1384,0,1384.0,65,7,15,"(2, 20)",0,0.05847953216374269,93.93333333333334,47.733333333333334,trust_fused,65,ATTACK,120,"(25, 21)",False,2,False,1420
0,0.0,True,0.0,0.9,0.9,1383,0,1383.0,68,9,17,"(33, 8)",0,0.047665369649805445,80.58823529411765,32.294117647058826,trust_fused,68,ATTACK,112,"(18, 15)",False,0,False,1425
38,0.0,True,0.0,0.9971629130297905,0.9994116155234799,1383,2,1383.0,84,11,15,"(13, 50)",0,0.061955469506292354,94.53333333333333,41.733333333333334,trust_fused,84,ATTACK,130,"(25, 17)",False,1,False,1425
25,0.0,True,0.0,0.47060342974166197,0.7419127644043889,1389,0,1389.0,65,7,15,"(2, 20)",0,0.05360623781676413,93.93333333333334,47.733333333333334,trust_fused,65,ATTACK,121,"(24, 25)",False,2,False,1425
0,0.0,True,0.0,0.9,0.9,1388,0,1388.0,68,9,17,"(33, 8)",0,0.04251207729468599,80.58823529411765,32.294117647058826,trust_fused,68,ATTACK,112,"(18, 10)",False,0,False,1430
24,0.0,True,0.0,0.9971629130297905,0.9994116155234799,1388,2,1388.0,84,11,15,"(13, 50)",0,0.05576923076923077,94.53333333333333,41.733333333333334,trust_fused,84,ATTACK,130,"(26, 21)",False,1,False,1430
24,0.0,True,0.0,0.5381431134814005,0.7838494699692317,1394,0,1394.0,65,7,15,"(2, 20)",0,0.05227492739593417,93.93333333333334,47.733333333333334,trust_fused,65,ATTACK,121,"(20, 24)",False,2,False,1430
0,0.0,True,0.0,0.9,0.9,1393,0,1393.0,70,9,17,"(33, 8)",0,0.03946102021174206,80.58823529411765,32.294117647058826,trust_fused,70,ATTACK,114,"(18, 13)",False,0,False,1435
62,6.852566545260501,True,6.852566545260501,0.9509797559936521,0.9536992439367974,1393,2,1393.0,84,11,15,"(13, 50)",62,0.06417624521072797,94.53333333333333,41.733333333333334,trust_fused,84,ATTACK,130,"(24, 24)",True,1,True,1435
63,0.0,True,0.0,0.598294776321682,0.8168530496389965,1399,0,1399.0,65,7,15,"(2, 20)",0,0.08196721311475409,93.93333333333334,47.733333333333334,trust_fused,65,ATTACK,121,"(17, 22)",False,2,False,1435
0,0.0,True,0.0,0.9,0.9,1398,0,1398.0,70,9,17,"(33, 8)",0,0.03155818540433925,80.58823529411765,32.294117647058826,trust_fused,70,ATTACK,114,"(19, 17)",False,0,False,1440
62,6.852566545260501,True,6.852566545260501,0.9526079211877942,0.9608638009510827,1398,2,1398.0,84,11,15,"(13, 50)",62,0.06699029126213592,94.53333333333333,41.733333333333334,trust_fused,84,ATTACK,130,"(20, 25)",True,1,True,1440
63,0.0,True,0.0,0.6525988612957487,0.8524927770244449,1404,0,1404.0,65,7,15,"(2, 20)",0,0.07669616519174041,93.93333333333334,47.733333333333334,trust_fused,65,ATTACK,121,"(17, 17)",False,2,False,1440
0,0.0,True,0.0,0.9,0.9,1403,0,1403.0,70,9,17,"(33, 8)",0,0.03155818540433925,80.58823529411765,32.294117647058826,trust_fused,70,ATTACK,114,"(24, 17)",False,0,False,1445
62,6.852566545260501,True,6.852566545260501,0.9552799786237274,0.9666120140452156,1403,2,1403.0,84,11,15,"(13, 50)",62,0.07572815533980583,94.53333333333333,41.733333333333334,trust_fused,84,ATTACK,130,"(17, 23)",True,1,True,1445
63,0.0,True,0.0,0.7026093312297258,0.8847681233143261,1408,1,1408.0,68,7,15,"(2, 20)",0,0.07669616519174041,93.93333333333334,47.733333333333334,trust_fused,68,ATTACK,124,"(14, 18)",False,2,False,1445
0,0.0,True,0.0,0.9,0.9,1408,0,1408.0,71,9,17,"(33, 8)",0,0.030362389813907934,80.58823529411765,32.294117647058826,trust_fused,71,ATTACK,115,"(26, 14)",False,0,False,1450
62,9.463191352239392,True,9.463191352239392,0.9586888261941103,0.9723937510447241,1408,2,1408.0,84,11,15,"(13, 50)",62,0.07618129218900675,94.53333333333333,41.733333333333334,trust_fused,84,ATTACK,131,"(17, 18)",True,1,True,1450
63,0.0,True,0.0,0.7119114797769148,0.888652302173507,1413,1,1413.0,68,7,15,"(2, 20)",0,0.076171875,93.93333333333334,47.733333333333334,trust_fused,68,ATTACK,125,"(11, 20)",False,2,False,1450
0,0.0,True,0.0,0.9,0.9,1413,0,1413.0,71,9,17,"(33, 8)",0,0.027645376549094377,80.58823529411765,32.294117647058826,trust_fused,71,ATTACK,115,"(28, 11)",False,0,False,1455
62,9.463191352239392,True,9.463191352239392,0.9623985645598396,0.976500356432947,1413,2,1413.0,86,11,15,"(13, 50)",62,0.07230046948356808,94.53333333333333,41.733333333333334,trust_fused,86,ATTACK,133,"(14, 18)",True,1,True,1455
63,0.0,True,0.0,0.7119114797769148,0.888652302173507,1418,1,1418.0,68,7,15,"(2, 20)",0,0.0741444866920152,93.93333333333334,47.733333333333334,trust_fused,68,ATTACK,125,"(6, 20)",False,2,False,1455
0,0.0,True,0.0,0.9,0.9,1418,0,1418.0,71,9,17,"(33, 8)",0,0.027462121212121212,80.58823529411765,32.294117647058826,trust_fused,71,ATTACK,115,"(30, 8)",False,0,False,1460
62,9.463191352239392,True,9.463191352239392,0.9623985645598396,0.976500356432947,1418,2,1418.0,86,11,15,"(13, 50)",62,0.07369402985074627,94.53333333333333,41.733333333333334,trust_fused,86,ATTACK,133,"(14, 23)",True,1,True,1460
63,0.0,True,0.0,0.7119114797769148,0.888652302173507,1422,1,1422.0,69,7,15,"(25, 2)",0,0.07459867799811143,93.93333333333334,47.733333333333334,trust_fused,69,ATTACK,126,"(2, 20)",False,2,False,1460
0,0.0,True,0.0,0.9,0.9,1422,0,1422.0,72,9,17,"(3, 8)",0,0.027462121212121212,80.58823529411765,32.294117647058826,trust_fused,72,ATTACK,116,"(32, 8)",False,0,False,1465
62,9.463191352239392,True,9.463191352239392,0.9645853184303328,0.9783060849248262,1423,2,1423.0,86,11,15,"(13, 50)",62,0.07462686567164178,94.53333333333333,41.733333333333334,trust_fused,86,ATTACK,133,"(14, 28)",True,1,True,1465
63,0.0,True,0.0,0.7119114797769148,0.888652302173507,1427,1,1427.0,69,7,15,"(25, 2)",0,0.07459867799811143,93.93333333333334,47.733333333333334,trust_fused,69,ATTACK,126,"(7, 20)",False,2,False,1465
0,0.0,True,0.0,0.9,0.9,1427,0,1427.0,72,9,17,"(3, 8)",0,0.027462121212121212,80.58823529411765,32.294117647058826,trust_fused,72,ATTACK,116,"(29, 10)",False,0,False,1470
62,9.463191352239392,True,9.463191352239392,0.968093922047245,0.9811474601114556,1428,2,1428.0,86,11,15,"(13, 50)",62,0.07835820895522388,94.53333333333333,41.733333333333334,trust_fused,86,ATTACK,133,"(13, 32)",True,1,True,1470
63,0.0,True,0.0,0.7119114797769148,0.888652302173507,1432,1,1432.0,69,7,15,"(25, 2)",0,0.07554296506137866,93.93333333333334,47.733333333333334,trust_fused,69,ATTACK,126,"(12, 20)",False,2,False,1470
0,0.0,True,0.0,0.9,0.9,1432,0,1432.0,72,9,17,"(3, 8)",0,0.027410207939508508,80.58823529411765,32.294117647058826,trust_fused,72,ATTACK,117,"(27, 13)",False,0,False,1475
71,0.5468497982883278,True,0.5468497982883278,0.9713972510618889,0.9836791145738113,1433,2,1433.0,86,11,15,"(13, 50)",71,0.0782122905027933,94.53333333333333,41.733333333333334,trust_fused,86,ATTACK,134,"(10, 34)",True,1,True,1475
72,0.0,True,0.0,0.7119114797769148,0.888652302173507,1437,1,1437.0,69,7,15,"(25, 2)",0,0.07540056550424128,93.93333333333334,47.733333333333334,trust_fused,69,ATTACK,127,"(15, 18)",False,2,False,1475
0,0.0,True,0.0,0.9,0.9,1437,0,1437.0,72,9,17,"(3, 8)",0,0.02767175572519084,80.58823529411765,32.294117647058826,trust_fused,72,ATTACK,117,"(25, 16)",False,0,False,1480
70,0.5369817074308187,True,0.5369817074308187,0.9405608841851149,0.9446639770765813,1438,2,1438.0,86,11,15,"(13, 50)",70,0.07793427230046948,94.53333333333333,41.733333333333334,trust_fused,86,ATTACK,134,"(10, 39)",True,1,True,1480
72,0.0,True,0.0,0.7540109985958315,0.9034435656801553,1442,1,1442.0,69,7,15,"(25, 2)",0,0.07992388201712655,93.93333333333334,47.733333333333334,trust_fused,69,ATTACK,127,"(19, 17)",False,2,False,1480
0,0.0,True,0.0,0.9,0.9,1440,0,1440.0,73,11,17,"(3, 8)",0,0.02767175572519084,80.58823529411765,32.294117647058826,trust_fused,73,ATTACK,118,"(24, 16)",False,0,False,1485
57,0.0,True,0.0,0.6701894303583464,0.6781991065961505,1443,2,1443.0,86,11,15,"(13, 50)",0,0.0676056338028169,94.53333333333333,41.733333333333334,trust_fused,86,ATTACK,134,"(10, 44)",False,1,False,1485
72,0.0,True,0.0,0.7910581637640628,0.9263401008917502,1447,1,1447.0,69,7,15,"(25, 2)",0,0.071360608943863,93.93333333333334,47.733333333333334,trust_fused,69,ATTACK,127,"(24, 17)",False,2,False,1485
0,0.0,True,0.0,0.9,0.9,1445,0,1445.0,73,11,17,"(3, 8)",0,0.022900763358778626,80.58823529411765,32.294117647058826,trust_fused,73,ATTACK,118,"(25, 12)",False,0,False,1490
47,0.0,False,0.0,0.36340707551847357,0.36340707551847357,1448,2,1448.0,87,11,15,"(13, 50)",0,0.05821596244131456,94.53333333333333,41.733333333333334,trust_fused,87,ATTACK,135,"(12, 47)",False,1,False,1490
72,0.0,True,0.0,0.8241508917818545,0.9433403820325165,1451,1,1451.0,69,8,15,"(25, 2)",0,0.0675547098001903,93.93333333333334,47.733333333333334,trust_fused,69,ATTACK,127,"(25, 14)",False,2,False,1490
0,0.0,True,0.0,0.9,0.9,1450,0,1450.0,73,11,17,"(3, 8)",0,0.02099236641221374,80.58823529411765,32.294117647058826,trust_fused,73,ATTACK,118,"(23, 9)",False,0,False,1495
47,0.0,False,0.0,0.3643447995205227,0.38216155555945536,1452,2,1452.0,88,11,15,"(2, 20)",0,0.05727699530516432,94.53333333333333,41.733333333333334,trust_fused,88,ATTACK,136,"(13, 50)",False,1,False,1495
72,0.0,True,0.0,0.8528813325084688,0.9554876793129701,1456,1,1456.0,69,8,15,"(25, 2)",0,0.06850618458610847,93.93333333333334,47.733333333333334,trust_fused,69,ATTACK,127,"(25, 9)",False,2,False,1495
0,0.0,True,0.0,0.9,0.9,1455,0,1455.0,76,11,17,"(3, 8)",0,0.0448780487804878,80.58823529411765,32.294117647058826,trust_fused,76,ATTACK,121,"(24, 9)",False,0,False,1500
46,0.0,False,0.0,0.3643447995205227,0.38216155555945536,1457,2,1457.0,88,11,15,"(2, 20)",0,0.07375478927203065,94.53333333333333,41.733333333333334,trust_fused,88,ATTACK,137,"(13, 45)",False,1,False,1500
72,0.0,True,0.0,0.8774002311710043,0.9647965403982268,1461,1,1461.0,69,8,15,"(25, 2)",0,0.0905587668593449,93.93333333333334,47.733333333333334,trust_fused,69,ATTACK,128,"(25, 4)",False,2,False,1500
0,0.0,True,0.0,0.9,0.9,1460,0,1460.0,76,11,17,"(3, 8)",0,0.03992210321324245,80.58823529411765,32.294117647058826,trust_fused,76,ATTACK,121,"(19, 9)",False,0,False,1505
32,0.0,False,0.0,0.3643447995205227,0.38216155555945536,1462,2,1462.0,88,11,15,"(2, 20)",0,0.05736137667304015,94.53333333333333,41.733333333333334,trust_fused,88,ATTACK,137,"(13, 40)",False,1,False,1505
72,0.0,True,0.0,0.8818657590431472,0.9667107886138636,1465,1,1465.0,70,8,16,"(33, 50)",0,0.06538461538461539,93.9375,47.4375,trust_fused,70,ATTACK,129,"(25, 4)",False,2,False,1505
0,0.0,True,0.0,0.9,0.9,1465,0,1465.0,76,11,17,"(3, 8)",0,0.037937743190661476,80.58823529411765,32.294117647058826,trust_fused,76,ATTACK,121,"(15, 8)",False,0,False,1510
63,0.0,False,0.0,0.3643447995205227,0.38216155555945536,1467,2,1467.0,88,11,15,"(2, 20)",0,0.061127029608404965,94.53333333333333,41.733333333333334,trust_fused,88,ATTACK,137,"(12, 36)",False,1,False,1510
103,0.44902142940418344,True,0.44902142940418344,0.9018589414916292,0.9725204482306835,1470,1,1470.0,71,8,16,"(33, 50)",103,0.0989433237271854,93.9375,47.4375,trust_fused,71,ATTACK,130,"(25, 9)",True,2,True,1510
0,0.0,True,0.0,0.9,0.9,1470,0,1470.0,76,11,17,"(3, 8)",0,0.03297769156159069,80.58823529411765,32.294117647058826,trust_fused,76,ATTACK,121,"(10, 8)",False,0,False,1515
63,0.0,False,0.0,0.3643447995205227,0.38216155555945536,1472,2,1472.0,88,11,15,"(2, 20)",0,0.054285714285714284,94.53333333333333,41.733333333333334,trust_fused,88,ATTACK,137,"(12, 31)",False,1,False,1515
103,0.44902142940418344,True,0.44902142940418344,0.9054430630836762,0.9735413733325698,1475,1,1475.0,71,8,16,"(33, 50)",103,0.09770114942528736,93.9375,47.4375,trust_fused,71,ATTACK,130,"(27, 12)",True,2,True,1515
0,0.0,True,0.0,0.9,0.9,1475,0,1475.0,76,11,17,"(3, 8)",0,0.030710172744721688,80.58823529411765,32.294117647058826,trust_fused,76,ATTACK,121,"(5, 8)",False,0,False,1520
63,0.0,False,0.0,0.3643447995205227,0.38216155555945536,1477,2,1477.0,88,11,15,"(2, 20)",0,0.05089538171536286,94.53333333333333,41.733333333333334,trust_fused,88,ATTACK,137,"(12, 26)",False,1,False,1520
102,0.0,True,0.0,0.9054430630836762,0.9735413733325698,1480,1,1480.0,71,8,16,"(33, 50)",0,0.09013282732447818,93.9375,47.4375,trust_fused,71,ATTACK,130,"(27, 17)",False,2,False,1520
0,0.0,True,0.0,0.9,0.9,1479,0,1479.0,77,11,18,"(2, 20)",0,0.030418250950570342,84.61111111111111,33.77777777777778,trust_fused,77,ATTACK,123,"(5, 8)",False,0,False,1525
63,0.0,False,0.0,0.3643447995205227,0.38216155555945536,1482,2,1482.0,88,11,15,"(2, 20)",0,0.04481792717086835,94.53333333333333,41.733333333333334,trust_fused,88,ATTACK,138,"(10, 23)",False,1,False,1525
94,0.0,True,0.0,0.9054430630836762,0.9735413733325698,1485,1,1485.0,72,8,16,"(33, 50)",0,0.07894736842105263,93.9375,47.4375,trust_fused,72,ATTACK,131,"(28, 21)",False,2,False,1525
0,0.0,True,0.0,0.9,0.9,1484,0,1484.0,77,11,18,"(2, 20)",0,0.02897196261682243,84.61111111111111,33.77777777777778,trust_fused,77,ATTACK,123,"(10, 8)",False,0,False,1530
63,0.0,False,0.0,0.3643447995205227,0.38216155555945536,1487,2,1487.0,88,11,15,"(2, 20)",0,0.04633920296570899,94.53333333333333,41.733333333333334,trust_fused,88,ATTACK,138,"(8, 20)",False,1,False,1530
94,0.0,True,0.0,0.9054430630836762,0.9735413733325698,1490,1,1490.0,72,8,16,"(33, 50)",0,0.07462686567164178,93.9375,47.4375,trust_fused,72,ATTACK,131,"(28, 26)",False,2,False,1530
0,0.0,True,0.0,0.9,0.9,1489,0,1489.0,77,11,18,"(2, 20)",0,0.028440366972477066,84.61111111111111,33.77777777777778,trust_fused,77,ATTACK,123,"(13, 10)",False,0,False,1535
63,0.0,False,0.0,0.3643447995205227,0.38216155555945536,1492,2,1492.0,88,11,15,"(2, 20)",0,0.04945054945054945,94.53333333333333,41.733333333333334,trust_fused,88,ATTACK,138,"(3, 20)",False,1,False,1535
94,0.0,True,0.0,0.9054430630836762,0.9735413733325698,1495,1,1495.0,72,8,16,"(33, 50)",0,0.06880733944954129,93.9375,47.4375,trust_fused,72,ATTACK,131,"(28, 31)",False,2,False,1535
0,0.0,True,0.0,0.9,0.9,1494,0,1494.0,77,11,18,"(2, 20)",0,0.02459016393442623,84.61111111111111,33.77777777777778,trust_fused,77,ATTACK,123,"(14, 14)",False,0,False,1540
63,0.0,False,0.0,0.3643447995205227,0.38216155555945536,1496,2,1496.0,89,11,16,"(2, 41)",0,0.031135531135531136,96.0625,41.75,trust_fused,89,ATTACK,139,"(2, 23)",False,1,False,1540
79,0.0,True,0.0,0.9054430630836762,0.9735413733325698,1500,1,1500.0,72,8,16,"(33, 50)",0,0.047706422018348627,93.9375,47.4375,trust_fused,72,ATTACK,131,"(28, 36)",False,2,False,1540
0,0.0,True,0.0,0.9,0.9,1499,0,1499.0,77,11,18,"(2, 20)",0,0.023893805309734513,84.61111111111111,33.77777777777778,trust_fused,77,ATTACK,123,"(14, 19)",False,0,False,1545
63,0.0,False,0.0,0.3643447995205227,0.38216155555945536,1501,2,1501.0,89,11,16,"(2, 41)",0,0.030141843971631204,96.0625,41.75,trust_fused,89,ATTACK,139,"(3, 27)",False,1,False,1545
72,0.0,True,0.0,0.5990939220945127,0.5990939220945127,1505,1,1505.0,72,8,16,"(33, 50)",0,0.0398936170212766,93.9375,47.4375,trust_fused,72,ATTACK,131,"(28, 41)",False,2,False,1545
0,0.0,True,0.0,0.9,0.9,1504,0,1504.0,77,11,18,"(2, 20)",0,0.020282186948853614,84.61111111111111,33.77777777777778,trust_fused,77,ATTACK,124,"(10, 20)",False,0,False,1550
78,0.0,False,0.0,0.3643447995205227,0.38216155555945536,1506,2,1506.0,89,11,16,"(2, 41)",0,0.02821869488536155,96.0625,41.75,trust_fused,89,ATTACK,140,"(3, 32)",False,1,False,1550
59,0.0,False,0.0,0.16453635536313294,0.16453635536313294,1510,1,1510.0,74,8,16,"(33, 50)",0,0.01675485008818342,93.9375,47.4375,trust_fused,74,ATTACK,135,"(28, 46)",False,2,False,1550
0,0.0,True,0.0,0.9,0.9,1509,0,1509.0,77,11,18,"(2, 20)",0,0.018518518518518517,84.61111111111111,33.77777777777778,trust_fused,77,ATTACK,124,"(5, 20)",False,0,False,1555
78,0.0,False,0.0,0.3643447995205227,0.38216155555945536,1511,2,1511.0,89,11,16,"(2, 41)",0,0.025573192239858905,96.0625,41.75,trust_fused,89,ATTACK,140,"(3, 37)",False,1,False,1555
57,0.0,False,0.0,0.08365409863590591,0.08365409863590591,1515,1,1515.0,74,8,16,"(33, 50)",0,0.014991181657848324,93.9375,47.4375,trust_fused,74,ATTACK,135,"(29, 50)",False,2,False,1555
0,0.0,True,0.0,0.9,0.9,1513,0,1513.0,78,11,18,"(24, 45)",0,0.01064773735581189,84.61111111111111,33.77777777777778,trust_fused,78,ATTACK,125,"(2, 21)",False,0,False,1560
78,0.0,False,0.0,0.3643447995205227,0.38216155555945536,1516,2,1516.0,89,11,16,"(2, 41)",0,0.023809523809523808,96.0625,41.75,trust_fused,89,ATTACK,140,"(2, 41)",False,1,False,1560
55,0.0,False,0.0,0.039109942127874615,0.039109942127874615,1519,1,1519.0,75,8,16,"(33, 8)",0,0.013227513227513227,93.9375,47.4375,trust_fused,75,ATTACK,136,"(33, 50)",False,2,False,1560
0,0.0,True,0.0,0.9,0.9,1518,0,1518.0,78,11,18,"(24, 45)",0,0.01064773735581189,84.61111111111111,33.77777777777778,trust_fused,78,ATTACK,125,"(7, 21)",False,0,False,1565
78,0.0,False,0.0,0.3643447995205227,0.38216155555945536,1520,2,1520.0,90,11,16,"(15, 2)",0,0.023809523809523808,96.0625,41.75,trust_fused,90,ATTACK,141,"(4, 39)",False,1,False,1565
55,0.0,False,0.0,0.039109942127874615,0.039109942127874615,1524,1,1524.0,75,8,16,"(33, 8)",0,0.013227513227513227,93.9375,47.4375,trust_fused,75,ATTACK,136,"(29, 49)",False,2,False,1565
0,0.0,True,0.0,0.9,0.9,1523,0,1523.0,78,11,18,"(24, 45)",0,0.007985803016858917,84.61111111111111,33.77777777777778,trust_fused,78,ATTACK,125,"(12, 21)",False,0,False,1570
78,0.0,False,0.0,0.3643447995205227,0.38216155555945536,1525,2,1525.0,90,11,16,"(15, 2)",0,0.023809523809523808,96.0625,41.75,trust_fused,90,ATTACK,141,"(5, 35)",False,1,False,1570
55,0.0,False,0.0,0.039109942127874615,0.039109942127874615,1529,1,1529.0,75,8,16,"(33, 8)",0,0.013227513227513227,93.9375,47.4375,trust_fused,75,ATTACK,136,"(29, 44)",False,2,False,1570
0,0.0,True,0.0,0.9,0.9,1528,0,1528.0,78,11,18,"(24, 45)",0,0.0062056737588652485,84.61111111111111,33.77777777777778,trust_fused,78,ATTACK,126,"(17, 21)",False,0,False,1575
78,0.0,False,0.0,0.36610333734406186,0.3995155559913066,1530,2,1530.0,91,11,16,"(15, 2)",0,0.023809523809523808,96.0625,41.75,trust_fused,91,ATTACK,142,"(5, 30)",False,1,False,1575
54,0.0,False,0.0,0.029887175835384427,0.029887175835384427,1534,1,1534.0,75,8,16,"(33, 8)",0,0.012345679012345678,93.9375,47.4375,trust_fused,75,ATTACK,137,"(29, 39)",False,2,False,1575
0,0.0,True,0.0,0.9,0.9,1533,0,1533.0,78,11,18,"(24, 45)",0,0.00545950864422202,84.61111111111111,33.77777777777778,trust_fused,78,ATTACK,126,"(19, 24)",False,0,False,1580
78,0.0,False,0.0,0.3868819659860018,0.494003638456604,1535,2,1535.0,91,11,16,"(15, 2)",0,0.026244343891402715,96.0625,41.75,trust_fused,91,ATTACK,142,"(5, 25)",False,1,False,1580
54,0.0,False,0.0,0.029887175835384427,0.029887175835384427,1539,1,1539.0,75,8,16,"(33, 8)",0,0.012669683257918552,93.9375,47.4375,trust_fused,75,ATTACK,137,"(29, 34)",False,2,False,1580
0,0.0,True,0.0,0.9,0.9,1538,0,1538.0,78,11,18,"(24, 45)",0,0.003639672429481347,84.61111111111111,33.77777777777778,trust_fused,78,ATTACK,126,"(20, 28)",False,0,False,1585
82,0.0,True,0.0,0.42349707004348724,0.580064096956899,1540,2,1540.0,91,11,16,"(15, 2)",0,0.025339366515837104,96.0625,41.75,trust_fused,91,ATTACK,142,"(7, 22)",False,1,False,1585
58,0.0,False,0.0,0.029887175835384427,0.029887175835384427,1544,1,1544.0,75,8,16,"(33, 8)",0,0.016289592760180997,93.9375,47.4375,trust_fused,75,ATTACK,137,"(29, 29)",False,2,False,1585
0,0.0,True,0.0,0.9,0.9,1543,0,1543.0,78,11,18,"(24, 45)",0,0.003639672429481347,84.61111111111111,33.77777777777778,trust_fused,78,ATTACK,126,"(20, 33)",False,0,False,1590
82,0.0,True,0.0,0.46814200064866845,0.6447274257100545,1545,2,1545.0,91,11,16,"(15, 2)",0,0.02262443438914027,96.0625,41.75,trust_fused,91,ATTACK,142,"(11, 21)",False,1,False,1590
58,0.0,False,0.0,0.05008355142233631,0.17225024982336165,1549,1,1549.0,75,8,16,"(33, 8)",0,0.012669683257918552,93.9375,47.4375,trust_fused,75,ATTACK,137,"(29, 24)",False,2,False,1590
0,0.0,True,0.0,0.9,0.9,1548,0,1548.0,78,11,18,"(24, 45)",0,0.0036036036036036037,84.61111111111111,33.77777777777778,trust_fused,78,ATTACK,126,"(20, 38)",False,0,False,1595
81,0.0,True,0.0,0.5158770624781915,0.6984725608377346,1550,2,1550.0,91,11,16,"(15, 2)",0,0.01881720430107527,96.0625,41.75,trust_fused,91,ATTACK,142,"(15, 20)",False,1,False,1595
49,0.0,False,0.0,0.057929357847976204,0.08061438277983435,1554,1,1554.0,75,8,16,"(33, 8)",0,0.012544802867383513,93.9375,47.4375,trust_fused,75,ATTACK,137,"(29, 19)",False,2,False,1595
0,0.0,True,0.0,0.9,0.9,1553,0,1553.0,78,11,18,"(24, 45)",0,0.003587443946188341,84.61111111111111,33.77777777777778,trust_fused,78,ATTACK,127,"(23, 40)",False,0,False,1600
74,0.0,True,0.0,0.5636560230509227,0.7428309307617539,1555,2,1555.0,91,11,16,"(15, 2)",0,0.01784121320249777,96.0625,41.75,trust_fused,91,ATTACK,143,"(15, 15)",False,1,False,1600
46,0.0,False,0.0,0.05816719721762383,0.06268614524092873,1559,1,1559.0,76,8,16,"(33, 8)",0,0.012488849241748439,93.9375,47.4375,trust_fused,76,ATTACK,138,"(29, 14)",False,2,False,1600
0,0.0,True,0.0,0.9,0.9,1558,0,1558.0,78,11,18,"(24, 45)",0,0.003587443946188341,84.61111111111111,33.77777777777778,trust_fused,78,ATTACK,127,"(25, 43)",False,0,False,1605
52,0.0,True,0.0,0.6090105260820976,0.7762228515778614,1560,2,1560.0,91,11,16,"(15, 2)",0,0.016057091882247992,96.0625,41.75,trust_fused,91,ATTACK,143,"(15, 10)",False,1,False,1605
46,0.0,False,0.0,0.05816719721762383,0.06268614524092873,1564,1,1564.0,76,8,16,"(33, 8)",0,0.012488849241748439,93.9375,47.4375,trust_fused,76,ATTACK,138,"(31, 11)",False,2,False,1605
0,0.0,True,0.0,0.9,0.9,1562,0,1562.0,79,11,19,"(21, 17)",0,0.003587443946188341,84.6842105263158,34.63157894736842,trust_fused,79,ATTACK,128,"(25, 45)",False,0,False,1610
36,0.0,True,0.0,0.650759952401732,0.8047104318854146,1565,2,1565.0,91,11,16,"(15, 2)",0,0.016057091882247992,96.0625,41.75,trust_fused,91,ATTACK,143,"(15, 5)",False,1,False,1610
46,0.0,False,0.0,0.05816719721762383,0.06268614524092873,1569,1,1569.0,76,8,16,"(33, 8)",0,0.012488849241748439,93.9375,47.4375,trust_fused,76,ATTACK,138,"(33, 8)",False,2,False,1610
0,0.0,True,0.0,0.9,0.9,1567,0,1567.0,79,11,19,"(21, 17)",0,0.003587443946188341,84.6842105263158,34.63157894736842,trust_fused,79,ATTACK,128,"(25, 40)",False,0,False,1615
36,0.0,True,0.0,0.650759952401732,0.8047104318854146,1569,2,1569.0,92,11,17,"(2, 41)",0,0.016057091882247992,94.94117647058823,42.411764705882355,trust_fused,92,ATTACK,144,"(14, 2)",False,1,False,1615
46,0.0,False,0.0,0.05816719721762383,0.06268614524092873,1573,1,1573.0,77,8,17,"(33, 30)",0,0.012488849241748439,94.76470588235294,47.64705882352941,trust_fused,77,ATTACK,139,"(33, 12)",False,2,False,1615
0,0.0,True,0.0,0.9,0.9,1572,0,1572.0,79,11,19,"(21, 17)",0,0.003587443946188341,84.6842105263158,34.63157894736842,trust_fused,79,ATTACK,128,"(21, 39)",False,0,False,1620
36,0.0,True,0.0,0.658786822080397,0.8112973459750316,1574,2,1574.0,92,11,17,"(2, 41)",0,0.016057091882247992,94.94117647058823,42.411764705882355,trust_fused,92,ATTACK,144,"(14, 7)",False,1,False,1620
46,0.0,False,0.0,0.05816719721762383,0.06268614524092873,1578,1,1578.0,77,8,17,"(33, 30)",0,0.012488849241748439,94.76470588235294,47.64705882352941,trust_fused,77,ATTACK,139,"(30, 14)",False,2,False,1620
0,0.0,True,0.0,0.9,0.9,1577,0,1577.0,79,11,19,"(21, 17)",0,0.0035842293906810036,84.6842105263158,34.63157894736842,trust_fused,79,ATTACK,129,"(21, 34)",False,0,False,1625
64,0.0,True,0.0,0.6743428804968102,0.8206961271560225,1579,2,1579.0,92,11,17,"(2, 41)",0,0.040998217468805706,94.94117647058823,42.411764705882355,trust_fused,92,ATTACK,145,"(14, 12)",False,1,False,1625
74,0.0,False,0.0,0.05816719721762383,0.06268614524092873,1583,1,1583.0,77,8,17,"(33, 30)",0,0.012477718360071301,94.76470588235294,47.64705882352941,trust_fused,77,ATTACK,140,"(29, 18)",False,2,False,1625
0,0.0,True,0.0,0.9,0.9,1582,0,1582.0,79,11,19,"(21, 17)",0,0.002688172043010753,84.6842105263158,34.63157894736842,trust_fused,79,ATTACK,129,"(19, 31)",False,0,False,1630
61,0.0,True,0.0,0.6743428804968102,0.8206961271560225,1584,2,1584.0,92,11,17,"(2, 41)",0,0.0374331550802139,94.94117647058823,42.411764705882355,trust_fused,92,ATTACK,145,"(14, 17)",False,1,False,1630
71,0.0,False,0.0,0.05816719721762383,0.06268614524092873,1588,1,1588.0,77,8,17,"(33, 30)",0,0.012477718360071301,94.76470588235294,47.64705882352941,trust_fused,77,ATTACK,140,"(29, 23)",False,2,False,1630
0,0.0,True,0.0,0.9,0.9,1587,0,1587.0,79,11,19,"(21, 17)",0,0.002688172043010753,84.6842105263158,34.63157894736842,trust_fused,79,ATTACK,129,"(19, 26)",False,0,False,1635
61,0.0,True,0.0,0.6743428804968102,0.8206961271560225,1589,2,1589.0,92,11,17,"(2, 41)",0,0.036541889483065956,94.94117647058823,42.411764705882355,trust_fused,92,ATTACK,145,"(12, 20)",False,1,False,1635
61,0.0,False,0.0,0.02872797423801793,0.02872797423801793,1593,1,1593.0,77,8,17,"(33, 30)",0,0.012477718360071301,94.76470588235294,47.64705882352941,trust_fused,77,ATTACK,141,"(29, 28)",False,2,False,1635
0,0.0,True,0.0,0.9,0.9,1592,0,1592.0,79,11,19,"(21, 17)",0,0.002688172043010753,84.6842105263158,34.63157894736842,trust_fused,79,ATTACK,129,"(19, 21)",False,0,False,1640
61,0.0,True,0.0,0.6894557809270726,0.8321986777230012,1594,2,1594.0,92,11,17,"(2, 41)",0,0.030303030303030304,94.94117647058823,42.411764705882355,trust_fused,92,ATTACK,145,"(9, 22)",False,1,False,1640
47,0.0,False,0.0,0.024194273997000772,0.024194273997000772,1598,1,1598.0,77,8,17,"(33, 30)",0,0.012477718360071301,94.76470588235294,47.64705882352941,trust_fused,77,ATTACK,141,"(32, 30)",False,2,False,1640
0,0.0,True,0.0,0.9,0.9,1597,0,1597.0,79,11,19,"(21, 17)",0,0.002688172043010753,84.6842105263158,34.63157894736842,trust_fused,79,ATTACK,129,"(20, 17)",False,0,False,1645
61,0.0,True,0.0,0.6968757339477636,0.8378548413408929,1599,2,1599.0,92,11,17,"(2, 41)",0,0.03208556149732621,94.94117647058823,42.411764705882355,trust_fused,92,ATTACK,145,"(5, 23)",False,1,False,1645
47,0.0,False,0.0,0.024194273997000772,0.024194273997000772,1602,1,1602.0,78,8,17,"(2, 41)",0,0.013368983957219251,94.76470588235294,47.64705882352941,trust_fused,78,ATTACK,142,"(30, 30)",False,2,False,1645
0,0.0,True,0.0,0.9,0.9,1601,0,1601.0,80,11,19,"(15, 2)",0,0.05824372759856631,84.6842105263158,34.63157894736842,trust_fused,80,ATTACK,131,"(18, 17)",False,0,False,1650
60,0.0,True,0.0,0.6968757339477636,0.8378548413408929,1604,2,1604.0,92,11,17,"(2, 41)",0,0.0570409982174688,94.94117647058823,42.411764705882355,trust_fused,92,ATTACK,146,"(4, 27)",False,1,False,1650
46,0.0,False,0.0,0.026835232012397504,0.06415546148580115,1607,1,1607.0,79,8,17,"(2, 41)",0,0.05258467023172905,94.76470588235294,47.64705882352941,trust_fused,79,ATTACK,143,"(28, 33)",False,2,False,1650
0,0.0,True,0.0,0.9,0.9,1606,0,1606.0,80,11,19,"(15, 2)",0,0.056451612903225805,84.6842105263158,34.63157894736842,trust_fused,80,ATTACK,131,"(16, 14)",False,0,False,1655
60,0.0,True,0.0,0.6968757339477636,0.8378548413408929,1609,2,1609.0,92,11,17,"(2, 41)",0,0.05080213903743316,94.94117647058823,42.411764705882355,trust_fused,92,ATTACK,146,"(4, 32)",False,1,False,1655
46,0.0,False,0.0,0.026835232012397504,0.06415546148580115,1612,1,1612.0,79,8,17,"(2, 41)",0,0.04367201426024955,94.76470588235294,47.64705882352941,trust_fused,79,ATTACK,143,"(25, 35)",False,2,False,1655
0,0.0,True,0.0,0.9,0.9,1611,0,1611.0,80,11,19,"(15, 2)",0,0.0528673835125448,84.6842105263158,34.63157894736842,trust_fused,80,ATTACK,131,"(15, 10)",False,0,False,1660
72,0.0,True,0.0,0.6968757339477636,0.8378548413408929,1614,2,1614.0,92,11,17,"(2, 41)",0,0.06448763250883392,94.94117647058823,42.411764705882355,trust_fused,92,ATTACK,146,"(4, 37)",False,1,False,1660
58,0.0,False,0.0,0.026835232012397504,0.06415546148580115,1617,1,1617.0,79,8,17,"(2, 41)",0,0.037985865724381625,94.76470588235294,47.64705882352941,trust_fused,79,ATTACK,143,"(25, 40)",False,2,False,1660
0,0.0,True,0.0,0.9,0.9,1616,0,1616.0,80,11,19,"(15, 2)",0,0.05197132616487455,84.6842105263158,34.63157894736842,trust_fused,80,ATTACK,131,"(15, 5)",False,0,False,1665
72,0.0,True,0.0,0.6968757339477636,0.8378548413408929,1619,2,1619.0,92,11,17,"(2, 41)",0,0.0636042402826855,94.94117647058823,42.411764705882355,trust_fused,92,ATTACK,146,"(3, 41)",False,1,False,1665
58,0.0,False,0.0,0.026835232012397504,0.06415546148580115,1622,1,1622.0,79,8,17,"(2, 41)",0,0.036219081272084806,94.76470588235294,47.64705882352941,trust_fused,79,ATTACK,144,"(20, 40)",False,2,False,1665
0,0.0,True,0.0,0.9,0.9,1620,0,1620.0,81,11,20,"(33, 30)",0,0.05089285714285714,83.45,34.0,trust_fused,81,ATTACK,132,"(15, 3)",False,0,False,1670
72,0.0,True,0.0,0.6968757339477636,0.8378548413408929,1623,2,1623.0,93,11,17,"(2, 50)",0,0.061619718309859156,94.94117647058823,42.411764705882355,trust_fused,93,ATTACK,147,"(3, 43)",False,1,False,1670
29,0.0,False,0.0,0.026835232012397504,0.06415546148580115,1627,1,1627.0,79,8,17,"(2, 41)",0,0.03433098591549296,94.76470588235294,47.64705882352941,trust_fused,79,ATTACK,144,"(15, 40)",False,2,False,1670
0,0.0,True,0.0,0.9,0.9,1625,0,1625.0,81,11,20,"(33, 30)",0,0.049107142857142856,83.45,34.0,trust_fused,81,ATTACK,133,"(16, 7)",False,0,False,1675
72,0.0,True,0.0,0.6968757339477636,0.8378548413408929,1628,2,1628.0,93,11,17,"(2, 50)",0,0.061619718309859156,94.94117647058823,42.411764705882355,trust_fused,93,ATTACK,148,"(3, 48)",False,1,False,1675
27,0.0,False,0.0,0.026835232012397504,0.06415546148580115,1632,1,1632.0,79,8,17,"(2, 41)",0,0.032570422535211266,94.76470588235294,47.64705882352941,trust_fused,79,ATTACK,145,"(11, 41)",False,2,False,1675
0,0.0,True,0.0,0.9,0.9,1630,0,1630.0,81,11,20,"(33, 30)",0,0.049107142857142856,83.45,34.0,trust_fused,81,ATTACK,133,"(17, 11)",False,0,False,1680
72,0.0,True,0.0,0.6968757339477636,0.8378548413408929,1631,2,1631.0,94,11,18,"(24, 45)",0,0.061619718309859156,93.27777777777777,40.72222222222222,trust_fused,94,ATTACK,150,"(2, 50)",False,1,False,1680
27,0.0,False,0.0,0.026835232012397504,0.06415546148580115,1637,1,1637.0,79,8,17,"(2, 41)",0,0.032570422535211266,94.76470588235294,47.64705882352941,trust_fused,79,ATTACK,145,"(6, 41)",False,2,False,1680
0,0.0,True,0.0,0.9,0.9,1635,0,1635.0,81,11,20,"(33, 30)",0,0.048214285714285716,83.45,34.0,trust_fused,81,ATTACK,133,"(17, 16)",False,0,False,1685
72,0.0,True,0.0,0.6968757339477636,0.8378548413408929,1636,2,1636.0,94,11,18,"(24, 45)",0,0.061619718309859156,93.27777777777777,40.72222222222222,trust_fused,94,ATTACK,150,"(5, 48)",False,1,False,1685
27,0.0,False,0.0,0.026835232012397504,0.06415546148580115,1641,1,1641.0,80,8,18,"(21, 17)",0,0.03169014084507042,93.61111111111111,47.388888888888886,trust_fused,80,ATTACK,146,"(2, 41)",False,2,False,1685
0,0.0,True,0.0,0.9,0.9,1640,0,1640.0,81,11,20,"(33, 30)",0,0.04732142857142857,83.45,34.0,trust_fused,81,ATTACK,133,"(17, 21)",False,0,False,1690
72,0.0,True,0.0,0.6968757339477636,0.8378548413408929,1641,2,1641.0,94,11,18,"(24, 45)",0,0.061619718309859156,93.27777777777777,40.72222222222222,trust_fused,94,ATTACK,150,"(5, 43)",False,1,False,1690
27,0.0,False,0.0,0.026835232012397504,0.06415546148580115,1646,1,1646.0,80,8,18,"(21, 17)",0,0.03169014084507042,93.61111111111111,47.388888888888886,trust_fused,80,ATTACK,146,"(7, 41)",False,2,False,1690
0,0.0,True,0.0,0.9,0.9,1645,0,1645.0,81,11,20,"(33, 30)",0,0.04017857142857143,83.45,34.0,trust_fused,81,ATTACK,133,"(19, 24)",False,0,False,1695
72,0.0,True,0.0,0.6968757339477636,0.8378548413408929,1646,2,1646.0,94,11,18,"(24, 45)",0,0.05721830985915493,93.27777777777777,40.72222222222222,trust_fused,94,ATTACK,150,"(8, 41)",False,1,False,1695
27,0.0,False,0.0,0.026835232012397504,0.06415546148580115,1651,1,1651.0,80,8,18,"(21, 17)",0,0.03169014084507042,93.61111111111111,47.388888888888886,trust_fused,80,ATTACK,146,"(12, 41)",False,2,False,1695
0,0.0,True,0.0,0.9,0.9,1650,0,1650.0,81,11,20,"(33, 30)",0,0.04017857142857143,83.45,34.0,trust_fused,81,ATTACK,134,"(23, 25)",False,0,False,1700
84,0.0,True,0.0,0.6968757339477636,0.8378548413408929,1651,2,1651.0,94,11,18,"(24, 45)",0,0.07570422535211267,93.27777777777777,40.72222222222222,trust_fused,94,ATTACK,151,"(13, 41)",False,1,False,1700
39,0.0,False,0.0,0.026835232012397504,0.06415546148580115,1656,1,1656.0,81,8,18,"(21, 17)",0,0.03169014084507042,93.61111111111111,47.388888888888886,trust_fused,81,ATTACK,147,"(14, 38)",False,2,False,1700
0,0.0,True,0.0,0.9,0.9,1655,0,1655.0,82,11,20,"(33, 30)",0,0.03125,83.45,34.0,trust_fused,82,ATTACK,135,"(25, 28)",False,0,False,1705
73,0.0,True,0.0,0.6968757339477636,0.8378548413408929,1656,2,1656.0,94,11,18,"(24, 45)",0,0.06778169014084508,93.27777777777777,40.72222222222222,trust_fused,94,ATTACK,151,"(17, 40)",False,1,False,1705
39,0.0,False,0.0,0.026835232012397504,0.06415546148580115,1661,1,1661.0,81,8,18,"(21, 17)",0,0.029049295774647887,93.61111111111111,47.388888888888886,trust_fused,81,ATTACK,147,"(16, 35)",False,2,False,1705
0,0.0,True,0.0,0.9,0.9,1660,0,1660.0,82,11,20,"(33, 30)",0,0.030357142857142857,83.45,34.0,trust_fused,82,ATTACK,135,"(28, 30)",False,0,False,1710
57,0.0,True,0.0,0.6968757339477636,0.8378548413408929,1661,2,1661.0,94,11,18,"(24, 45)",0,0.05721830985915493,93.27777777777777,40.72222222222222,trust_fused,94,ATTACK,151,"(22, 40)",False,1,False,1710
39,0.0,False,0.0,0.030011134753039348,0.09035328682523437,1666,1,1666.0,81,8,18,"(21, 17)",0,0.03609154929577465,93.61111111111111,47.388888888888886,trust_fused,81,ATTACK,147,"(18, 32)",False,2,False,1710
0,0.0,True,0.0,0.9,0.9,1665,0,1665.0,82,11,20,"(33, 30)",0,0.027678571428571427,83.45,34.0,trust_fused,82,ATTACK,135,"(33, 30)",False,0,False,1715
55,0.0,True,0.0,0.6968757339477636,0.8378548413408929,1666,2,1666.0,94,11,18,"(24, 45)",0,0.05457746478873239,93.27777777777777,40.72222222222222,trust_fused,94,ATTACK,151,"(25, 42)",False,1,False,1715
39,0.0,False,0.0,0.06402405847113996,0.2315543452771309,1671,1,1671.0,81,8,18,"(21, 17)",0,0.02640845070422535,93.61111111111111,47.388888888888886,trust_fused,81,ATTACK,147,"(18, 27)",False,2,False,1715
0,0.0,True,0.0,0.9,0.9,1669,0,1669.0,83,11,20,"(25, 2)",0,0.025892857142857145,83.45,34.0,trust_fused,83,ATTACK,136,"(29, 30)",False,0,False,1720
55,0.0,True,0.0,0.6968757339477636,0.8378548413408929,1670,2,1670.0,95,11,19,"(33, 8)",0,0.0528169014084507,90.52631578947368,40.68421052631579,trust_fused,95,ATTACK,152,"(24, 45)",False,1,False,1720
39,0.0,False,0.0,0.11933418128057223,0.3527542785063112,1676,1,1676.0,81,8,18,"(21, 17)",0,0.025528169014084508,93.61111111111111,47.388888888888886,trust_fused,81,ATTACK,147,"(18, 22)",False,2,False,1720
0,0.0,True,0.0,0.9,0.9,1674,0,1674.0,84,11,20,"(25, 2)",0,0.023214285714285715,83.45,34.0,trust_fused,84,ATTACK,137,"(27, 27)",False,0,False,1725
53,0.9672129574219923,True,0.9672129574219923,0.6968757339477636,0.8378548413408929,1675,2,1675.0,96,11,19,"(33, 8)",53,0.04929577464788732,90.52631578947368,40.68421052631579,trust_fused,96,ATTACK,153,"(26, 42)",True,1,True,1725
39,0.0,False,0.0,0.17220158637568683,0.4317947864613509,1681,1,1681.0,81,8,18,"(21, 17)",0,0.02464788732394366,93.61111111111111,47.388888888888886,trust_fused,81,ATTACK,148,"(19, 18)",False,2,False,1725
0,0.0,True,0.0,0.9,0.9,1679,0,1679.0,84,11,20,"(25, 2)",0,0.022321428571428572,83.45,34.0,trust_fused,84,ATTACK,137,"(25, 24)",False,0,False,1730
49,0.9672129574219923,True,0.9672129574219923,0.7113051404353969,0.8469793695388486,1680,2,1680.0,96,11,19,"(33, 8)",49,0.04665492957746479,90.52631578947368,40.68421052631579,trust_fused,96,ATTACK,153,"(28, 39)",True,1,True,1730
35,0.0,False,0.0,0.20941946873716777,0.273463312099407,1685,1,1685.0,82,8,18,"(2, 50)",0,0.022887323943661973,93.61111111111111,47.388888888888886,trust_fused,82,ATTACK,149,"(20, 17)",False,2,False,1730
0,0.0,True,0.0,0.9,0.9,1684,0,1684.0,84,11,20,"(25, 2)",0,0.02142857142857143,83.45,34.0,trust_fused,84,ATTACK,137,"(25, 19)",False,0,False,1735
44,0.14214239725492916,True,0.14214239725492916,0.7452655195523634,0.8702206278357701,1685,2,1685.0,97,11,19,"(33, 8)",44,0.035211267605633804,90.52631578947368,40.68421052631579,trust_fused,97,ATTACK,154,"(28, 34)",True,1,True,1735
33,0.0,False,0.0,0.22445680902405707,0.33214049476174773,1690,1,1690.0,82,8,18,"(2, 50)",0,0.02112676056338028,93.61111111111111,47.388888888888886,trust_fused,82,ATTACK,149,"(17, 19)",False,2,False,1735
0,0.0,True,0.0,0.9,0.9,1689,0,1689.0,84,11,20,"(25, 2)",0,0.02142857142857143,83.45,34.0,trust_fused,84,ATTACK,137,"(25, 14)",False,0,False,1740
42,0.14214239725492916,True,0.14214239725492916,0.7766577243689501,0.8917584504674069,1690,2,1690.0,97,11,19,"(33, 8)",42,0.03433098591549296,90.52631578947368,40.68421052631579,trust_fused,97,ATTACK,154,"(28, 29)",True,1,True,1740
33,0.0,False,0.0,0.24462201422249671,0.38247827502603987,1695,1,1695.0,82,8,18,"(2, 50)",0,0.01936619718309859,93.61111111111111,47.388888888888886,trust_fused,82,ATTACK,149,"(17, 24)",False,2,False,1740
0,0.0,True,0.0,0.9,0.9,1694,0,1694.0,84,11,20,"(25, 2)",0,0.02142857142857143,83.45,34.0,trust_fused,84,ATTACK,137,"(25, 9)",False,0,False,1745
42,0.14214239725492916,True,0.14214239725492916,0.8051730335304418,0.9090748097321945,1695,2,1695.0,97,11,19,"(33, 8)",42,0.03433098591549296,90.52631578947368,40.68421052631579,trust_fused,97,ATTACK,154,"(28, 24)",True,1,True,1745
31,0.0,False,0.0,0.2710582271867099,0.3759429019901139,1700,1,1700.0,82,8,18,"(2, 50)",0,0.014084507042253521,93.61111111111111,47.388888888888886,trust_fused,82,ATTACK,149,"(17, 29)",False,2,False,1745
0,0.0,True,0.0,0.9,0.9,1699,0,1699.0,84,11,20,"(25, 2)",0,0.020535714285714286,83.45,34.0,trust_fused,84,ATTACK,138,"(25, 4)",False,0,False,1750
42,0.0,True,0.0,0.8307321755819643,0.9232707867982705,1700,2,1700.0,98,11,19,"(33, 8)",0,0.032570422535211266,90.52631578947368,40.68421052631579,trust_fused,98,ATTACK,155,"(28, 19)",False,1,False,1750
27,0.0,False,0.0,0.10685933967517353,0.10685933967517353,1705,1,1705.0,82,8,18,"(2, 50)",0,0.013204225352112676,93.61111111111111,47.388888888888886,trust_fused,82,ATTACK,150,"(17, 34)",False,2,False,1750
0,0.0,True,0.0,0.9,0.9,1703,0,1703.0,85,11,21,"(2, 41)",0,0.020535714285714286,83.47619047619048,34.142857142857146,trust_fused,85,ATTACK,139,"(25, 4)",False,0,False,1755
42,0.0,True,0.0,0.8533966600311327,0.9350950162786793,1705,2,1705.0,98,11,19,"(33, 8)",0,0.03433098591549296,90.52631578947368,40.68421052631579,trust_fused,98,ATTACK,155,"(30, 16)",False,1,False,1755
27,0.0,False,0.0,0.10685933967517353,0.10685933967517353,1710,1,1710.0,82,8,18,"(2, 50)",0,0.013204225352112676,93.61111111111111,47.388888888888886,trust_fused,82,ATTACK,150,"(14, 36)",False,2,False,1755
0,0.0,True,0.0,0.9,0.9,1708,0,1708.0,85,11,21,"(2, 41)",0,0.017857142857142856,83.47619047619048,34.142857142857146,trust_fused,85,ATTACK,139,"(25, 9)",False,0,False,1760
42,0.0,True,0.0,0.8731849417376761,0.9445848418023894,1710,2,1710.0,98,11,19,"(33, 8)",0,0.03609154929577465,90.52631578947368,40.68421052631579,trust_fused,98,ATTACK,155,"(30, 11)",False,1,False,1760
27,0.0,False,0.0,0.10685933967517353,0.10685933967517353,1715,1,1715.0,82,8,18,"(2, 50)",0,0.01056338028169014,93.61111111111111,47.388888888888886,trust_fused,82,ATTACK,150,"(10, 37)",False,2,False,1760
0,0.0,True,0.0,0.9,0.9,1713,0,1713.0,85,11,21,"(2, 41)",0,0.017857142857142856,83.47619047619048,34.142857142857146,trust_fused,85,ATTACK,139,"(25, 14)",False,0,False,1765
42,0.0,True,0.0,0.8908931446370885,0.9553099774977877,1715,2,1715.0,98,11,19,"(33, 8)",0,0.03697183098591549,90.52631578947368,40.68421052631579,trust_fused,98,ATTACK,155,"(32, 8)",False,1,False,1765
27,0.0,False,0.0,0.10685933967517353,0.10685933967517353,1720,1,1720.0,82,8,18,"(2, 50)",0,0.01056338028169014,93.61111111111111,47.388888888888886,trust_fused,82,ATTACK,150,"(9, 41)",False,2,False,1765
0,0.0,True,0.0,0.9,0.9,1718,0,1718.0,85,11,21,"(2, 41)",0,0.017857142857142856,83.47619047619048,34.142857142857146,trust_fused,85,ATTACK,139,"(23, 17)",False,0,False,1770
42,0.0,True,0.0,0.9035259153728566,0.9607412092950751,1719,2,1719.0,99,11,19,"(33, 50)",0,0.03697183098591549,90.52631578947368,40.68421052631579,trust_fused,99,ATTACK,156,"(33, 11)",False,1,False,1770
27,0.0,False,0.0,0.10685933967517353,0.10685933967517353,1725,1,1725.0,82,8,18,"(2, 50)",0,0.011443661971830986,93.61111111111111,47.388888888888886,trust_fused,82,ATTACK,150,"(5, 42)",False,2,False,1770
0,0.0,True,0.0,0.9,0.9,1723,0,1723.0,86,11,21,"(2, 41)",0,0.017857142857142856,83.47619047619048,34.142857142857146,trust_fused,86,ATTACK,140,"(18, 17)",False,0,False,1775
47,0.0,True,0.0,0.9173091713581121,0.9667285532043625,1724,2,1724.0,99,11,19,"(33, 50)",0,0.03697183098591549,90.52631578947368,40.68421052631579,trust_fused,99,ATTACK,157,"(29, 12)",False,1,False,1775
32,0.0,False,0.0,0.10685933967517353,0.10685933967517353,1730,1,1730.0,82,8,18,"(2, 50)",0,0.011443661971830986,93.61111111111111,47.388888888888886,trust_fused,82,ATTACK,151,"(3, 45)",False,2,False,1775
0,0.0,True,0.0,0.9,0.9,1728,0,1728.0,86,11,21,"(2, 41)",0,0.017905102954341987,83.47619047619048,34.142857142857146,trust_fused,86,ATTACK,140,"(16, 20)",False,0,False,1780
47,0.0,True,0.0,0.9292935666745846,0.9724050082895398,1729,2,1729.0,99,11,19,"(33, 50)",0,0.037069726390114736,90.52631578947368,40.68421052631579,trust_fused,99,ATTACK,157,"(29, 17)",False,1,False,1780
32,0.0,False,0.0,0.10685933967517353,0.10685933967517353,1735,1,1735.0,82,8,18,"(2, 50)",0,0.01147396293027361,93.61111111111111,47.388888888888886,trust_fused,82,ATTACK,151,"(3, 50)",False,2,False,1780
0,0.0,True,0.0,0.9,0.9,1733,0,1733.0,86,11,21,"(2, 41)",0,0.017009847806624886,83.47619047619048,34.142857142857146,trust_fused,86,ATTACK,140,"(16, 25)",False,0,False,1785
47,0.0,True,0.0,0.9336402159620455,0.9744715578095099,1734,2,1734.0,99,11,19,"(33, 50)",0,0.03618711385701677,90.52631578947368,40.68421052631579,trust_fused,99,ATTACK,157,"(29, 22)",False,1,False,1785
32,0.0,False,0.0,0.10685933967517353,0.10685933967517353,1739,1,1739.0,83,8,19,"(2, 41)",0,0.01059135039717564,93.78947368421052,47.68421052631579,trust_fused,83,ATTACK,152,"(3, 48)",False,2,False,1785
0,0.0,True,0.0,0.9,0.9,1738,0,1738.0,86,11,21,"(2, 41)",0,0.017009847806624886,83.47619047619048,34.142857142857146,trust_fused,86,ATTACK,140,"(16, 30)",False,0,False,1790
45,0.0,True,0.0,0.9357260740991087,0.97535737870331,1739,2,1739.0,99,11,19,"(33, 50)",0,0.03618711385701677,90.52631578947368,40.68421052631579,trust_fused,99,ATTACK,157,"(29, 27)",False,1,False,1790
32,0.0,False,0.0,0.10685933967517353,0.10685933967517353,1744,1,1744.0,83,8,19,"(2, 41)",0,0.01059135039717564,93.78947368421052,47.68421052631579,trust_fused,83,ATTACK,152,"(3, 43)",False,2,False,1790
0,0.0,True,0.0,0.9,0.9,1743,0,1743.0,86,11,21,"(2, 41)",0,0.017009847806624886,83.47619047619048,34.142857142857146,trust_fused,86,ATTACK,140,"(16, 35)",False,0,False,1795
41,0.0,True,0.0,0.8435435004748574,0.8469500822888562,1744,2,1744.0,99,11,19,"(33, 50)",0,0.03353927625772286,90.52631578947368,40.68421052631579,trust_fused,99,ATTACK,157,"(29, 32)",False,1,False,1795
32,0.0,False,0.0,0.10685933967517353,0.10685933967517353,1748,1,1748.0,84,8,19,"(24, 45)",0,0.009708737864077669,93.78947368421052,47.68421052631579,trust_fused,84,ATTACK,153,"(3, 41)",False,2,False,1795
0,0.0,True,0.0,0.9,0.9,1748,0,1748.0,87,11,21,"(2, 41)",0,0.06593406593406594,83.47619047619048,34.142857142857146,trust_fused,87,ATTACK,141,"(17, 39)",False,0,False,1800
39,0.0,False,0.0,0.4133902330110449,0.4133902330110449,1749,2,1749.0,100,11,19,"(33, 50)",0,0.0737410071942446,90.52631578947368,40.68421052631579,trust_fused,100,ATTACK,159,"(29, 37)",False,1,False,1800
32,0.0,False,0.0,0.10685933967517353,0.10685933967517353,1753,1,1753.0,84,8,19,"(24, 45)",0,0.05324909747292419,93.78947368421052,47.68421052631579,trust_fused,84,ATTACK,154,"(8, 41)",False,2,False,1800
0,0.0,True,0.0,0.9,0.9,1753,0,1753.0,87,11,21,"(2, 41)",0,0.05200729927007299,83.47619047619048,34.142857142857146,trust_fused,87,ATTACK,141,"(14, 41)",False,0,False,1805
38,0.0,False,0.0,0.4133902330110449,0.4133902330110449,1754,2,1754.0,100,11,19,"(33, 50)",0,0.06272401433691756,90.52631578947368,40.68421052631579,trust_fused,100,ATTACK,159,"(30, 41)",False,1,False,1805
31,0.0,False,0.0,0.11237138527130938,0.18244799514121451,1758,1,1758.0,85,8,19,"(24, 45)",0,0.046762589928057555,93.78947368421052,47.68421052631579,trust_fused,85,ATTACK,155,"(13, 41)",False,2,False,1805
0,0.0,True,0.0,0.9,0.9,1757,0,1757.0,87,12,21,"(2, 41)",0,0.045207956600361664,83.47619047619048,34.142857142857146,trust_fused,87,ATTACK,141,"(10, 41)",False,0,False,1810
66,0.0,False,0.0,0.4133902330110449,0.4133902330110449,1759,2,1759.0,100,11,19,"(33, 50)",0,0.05540661304736372,90.52631578947368,40.68421052631579,trust_fused,100,ATTACK,159,"(31, 45)",False,1,False,1810
59,0.0,False,0.0,0.15348691669029138,0.3544780551486995,1763,1,1763.0,87,8,19,"(24, 45)",0,0.043010752688172046,93.78947368421052,47.68421052631579,trust_fused,87,ATTACK,157,"(16, 43)",False,2,False,1810
0,0.0,True,0.0,0.9,0.9,1762,0,1762.0,87,12,21,"(2, 41)",0,0.043243243243243246,83.47619047619048,34.142857142857146,trust_fused,87,ATTACK,141,"(5, 41)",False,0,False,1815
65,0.0,False,0.0,0.4133902330110449,0.4133902330110449,1764,2,1764.0,100,11,19,"(33, 50)",0,0.05089285714285714,90.52631578947368,40.68421052631579,trust_fused,100,ATTACK,159,"(31, 50)",False,1,False,1815
57,0.0,False,0.0,0.21554715674846048,0.46616717571394434,1768,1,1768.0,87,8,19,"(24, 45)",0,0.04203935599284436,93.78947368421052,47.68421052631579,trust_fused,87,ATTACK,157,"(18, 40)",False,2,False,1815
0,0.0,True,0.0,0.9,0.9,1766,0,1766.0,88,12,21,"(25, 2)",0,0.04253393665158371,83.47619047619048,34.142857142857146,trust_fused,88,ATTACK,142,"(3, 41)",False,0,False,1820
65,0.0,False,0.0,0.4133902330110449,0.4133902330110449,1768,2,1768.0,101,11,20,"(25, 2)",0,0.04851752021563342,90.9,41.2,trust_fused,101,ATTACK,160,"(31, 50)",False,1,False,1820
57,0.0,True,0.0,0.25664860918934485,0.5174453685022042,1773,1,1773.0,87,8,19,"(24, 45)",0,0.03863432165318958,93.78947368421052,47.68421052631579,trust_fused,87,ATTACK,157,"(23, 40)",False,2,False,1820
0,0.0,True,0.0,0.9,0.9,1771,0,1771.0,88,12,21,"(25, 2)",0,0.0416289592760181,83.47619047619048,34.142857142857146,trust_fused,88,ATTACK,143,"(8, 41)",False,0,False,1825
65,0.0,False,0.0,0.4133902330110449,0.4133902330110449,1773,2,1773.0,101,11,20,"(25, 2)",0,0.04851752021563342,90.9,41.2,trust_fused,101,ATTACK,161,"(30, 46)",False,1,False,1825
57,0.0,True,0.0,0.25664860918934485,0.5174453685022042,1778,1,1778.0,87,8,19,"(24, 45)",0,0.03593890386343217,93.78947368421052,47.68421052631579,trust_fused,87,ATTACK,158,"(25, 43)",False,2,False,1825
0,0.0,True,0.0,0.9,0.9,1776,0,1776.0,88,12,21,"(25, 2)",0,0.0416289592760181,83.47619047619048,34.142857142857146,trust_fused,88,ATTACK,143,"(12, 40)",False,0,False,1830
65,0.0,False,0.0,0.4133902330110449,0.4133902330110449,1778,2,1778.0,101,11,20,"(25, 2)",0,0.04851752021563342,90.9,41.2,trust_fused,101,ATTACK,161,"(30, 41)",False,1,False,1830
57,0.0,True,0.0,0.25664860918934485,0.5174453685022042,1782,1,1782.0,88,8,20,"(15, 2)",0,0.03504043126684636,91.45,47.05,trust_fused,88,ATTACK,159,"(25, 45)",False,2,False,1830
0,0.0,True,0.0,0.9,0.9,1781,0,1781.0,88,12,21,"(25, 2)",0,0.0416289592760181,83.47619047619048,34.142857142857146,trust_fused,88,ATTACK,143,"(14, 37)",False,0,False,1835
65,0.0,False,0.0,0.4133902330110449,0.4133902330110449,1783,2,1783.0,101,11,20,"(25, 2)",0,0.04851752021563342,90.9,41.2,trust_fused,101,ATTACK,161,"(29, 37)",False,1,False,1835
57,0.0,True,0.0,0.25664860918934485,0.5174453685022042,1787,1,1787.0,88,8,20,"(15, 2)",0,0.03504043126684636,91.45,47.05,trust_fused,88,ATTACK,159,"(25, 40)",False,2,False,1835
0,0.0,True,0.0,0.9,0.9,1786,0,1786.0,88,12,21,"(25, 2)",0,0.03832116788321168,83.47619047619048,34.142857142857146,trust_fused,88,ATTACK,143,"(16, 34)",False,0,False,1840
61,0.0,False,0.0,0.4133902330110449,0.4133902330110449,1788,2,1788.0,101,11,20,"(25, 2)",0,0.048824593128390596,90.9,41.2,trust_fused,101,ATTACK,161,"(28, 33)",False,1,False,1840
53,0.0,True,0.0,0.2987708688534528,0.5689949921059473,1792,1,1792.0,88,8,20,"(15, 2)",0,0.03351449275362319,91.45,47.05,trust_fused,88,ATTACK,159,"(21, 39)",False,2,False,1840
0,0.0,True,0.0,0.9,0.9,1791,0,1791.0,88,12,21,"(25, 2)",0,0.028284671532846715,83.47619047619048,34.142857142857146,trust_fused,88,ATTACK,143,"(17, 30)",False,0,False,1845
56,0.0,False,0.0,0.4133902330110449,0.4133902330110449,1793,2,1793.0,101,11,20,"(25, 2)",0,0.0461121157323689,90.9,41.2,trust_fused,101,ATTACK,161,"(28, 28)",False,1,False,1845
49,0.0,True,0.0,0.3714492185603011,0.6497370486622084,1797,1,1797.0,88,8,20,"(15, 2)",0,0.028985507246376812,91.45,47.05,trust_fused,88,ATTACK,159,"(17, 38)",False,2,False,1845
0,0.0,True,0.0,0.9,0.9,1796,0,1796.0,89,12,21,"(25, 2)",0,0.01916058394160584,83.47619047619048,34.142857142857146,trust_fused,89,ATTACK,144,"(17, 25)",False,0,False,1850
56,0.0,False,0.0,0.29626943037906917,0.29626943037906917,1798,2,1798.0,101,11,20,"(25, 2)",0,0.03345388788426763,90.9,41.2,trust_fused,101,ATTACK,163,"(28, 23)",False,1,False,1850
89,0.0,True,0.0,0.44306160397428035,0.7092333926183877,1802,1,1802.0,88,8,20,"(15, 2)",0,0.021739130434782608,91.45,47.05,trust_fused,88,ATTACK,160,"(16, 34)",False,2,False,1850
0,0.0,True,0.0,0.9,0.9,1801,0,1801.0,89,12,21,"(25, 2)",0,0.01551094890510949,83.47619047619048,34.142857142857146,trust_fused,89,ATTACK,144,"(19, 22)",False,0,False,1855
51,0.0,False,0.0,0.18665725341922498,0.18665725341922498,1803,2,1803.0,101,11,20,"(25, 2)",0,0.029837251356238697,90.9,41.2,trust_fused,101,ATTACK,165,"(28, 18)",False,1,False,1855
89,0.0,True,0.0,0.5100010171444198,0.755949248394748,1807,1,1807.0,88,8,20,"(15, 2)",0,0.034420289855072464,91.45,47.05,trust_fused,88,ATTACK,160,"(16, 29)",False,2,False,1855
0,0.0,True,0.0,0.9,0.9,1806,0,1806.0,89,12,21,"(25, 2)",0,0.014625228519195612,83.47619047619048,34.142857142857146,trust_fused,89,ATTACK,144,"(19, 17)",False,0,False,1860
27,0.0,False,0.0,0.07487272904164023,0.07487272904164023,1808,2,1808.0,103,11,20,"(25, 2)",0,0.02802893309222423,90.9,41.2,trust_fused,103,ATTACK,169,"(25, 16)",False,1,False,1860
83,0.0,True,0.0,0.5718745153599161,0.7999842379599834,1812,1,1812.0,88,8,20,"(15, 2)",0,0.03804347826086957,91.45,47.05,trust_fused,88,ATTACK,160,"(16, 24)",False,2,False,1860
0,0.0,True,0.0,0.9,0.9,1811,0,1811.0,89,12,21,"(25, 2)",0,0.013711151736745886,83.47619047619048,34.142857142857146,trust_fused,89,ATTACK,144,"(24, 17)",False,0,False,1865
22,0.0,False,0.0,0.0888179698450914,0.18574067977844164,1813,2,1813.0,103,11,20,"(25, 2)",0,0.023508137432188065,90.9,41.2,trust_fused,103,ATTACK,172,"(25, 11)",False,1,False,1865
78,0.0,True,0.0,0.628953010675666,0.8379925418452435,1817,1,1817.0,88,8,20,"(15, 2)",0,0.03713768115942029,91.45,47.05,trust_fused,88,ATTACK,160,"(16, 19)",False,2,False,1865
0,0.0,True,0.0,0.9,0.9,1816,0,1816.0,89,12,21,"(25, 2)",0,0.011882998171846435,83.47619047619048,34.142857142857146,trust_fused,89,ATTACK,144,"(25, 13)",False,0,False,1870
16,0.0,False,0.0,0.12074909389849159,0.2496941569782987,1818,2,1818.0,103,11,20,"(25, 2)",0,0.0216998191681736,90.9,41.2,trust_fused,103,ATTACK,172,"(25, 6)",False,1,False,1870
64,0.0,True,0.0,0.6604375661866925,0.8552389521615412,1822,1,1822.0,88,8,20,"(15, 2)",0,0.035326086956521736,91.45,47.05,trust_fused,88,ATTACK,160,"(16, 14)",False,2,False,1870
0,0.0,True,0.0,0.9,0.9,1821,0,1821.0,89,12,21,"(25, 2)",0,0.011882998171846435,83.47619047619048,34.142857142857146,trust_fused,89,ATTACK,145,"(25, 8)",False,0,False,1875
16,0.0,False,0.0,0.1715803312384953,0.3996980426830034,1822,2,1822.0,104,11,20,"(33, 30)",0,0.0216998191681736,90.9,41.2,trust_fused,104,ATTACK,174,"(25, 2)",False,1,False,1875
60,0.0,True,0.0,0.6604375661866925,0.8552389521615412,1827,1,1827.0,88,8,20,"(15, 2)",0,0.035326086956521736,91.45,47.05,trust_fused,88,ATTACK,161,"(15, 10)",False,2,False,1875
0,0.0,True,0.0,0.9,0.9,1825,0,1825.0,89,13,21,"(25, 2)",0,0.011009174311926606,83.47619047619048,34.142857142857146,trust_fused,89,ATTACK,145,"(25, 4)",False,0,False,1880
16,0.0,True,0.0,0.24104089506070012,0.5272347804138428,1826,2,1826.0,104,12,20,"(33, 30)",0,0.021758839528558477,90.9,41.2,trust_fused,104,ATTACK,174,"(27, 4)",False,1,False,1880
57,0.0,True,0.0,0.6703870877686737,0.859427997826317,1832,1,1832.0,88,8,20,"(15, 2)",0,0.034545454545454546,91.45,47.05,trust_fused,88,ATTACK,161,"(15, 5)",False,2,False,1880
0,0.0,True,0.0,0.9,0.9,1829,0,1829.0,90,13,22,"(13, 50)",0,0.010958904109589041,85.5909090909091,35.5,trust_fused,90,ATTACK,146,"(25, 4)",False,0,False,1885
23,0.0,True,0.0,0.3178288494961861,0.6113735303499873,1831,2,1831.0,106,12,20,"(33, 30)",0,0.02888086642599278,90.9,41.2,trust_fused,106,ATTACK,178,"(27, 9)",False,1,False,1885
66,0.0,True,0.0,0.6703870877686737,0.859427997826317,1836,1,1836.0,89,8,20,"(24, 45)",0,0.03891402714932127,91.45,47.05,trust_fused,89,ATTACK,162,"(15, 3)",False,2,False,1885
0,0.0,True,0.0,0.9,0.9,1834,0,1834.0,90,13,22,"(13, 50)",0,0.010958904109589041,85.5909090909091,35.5,trust_fused,90,ATTACK,146,"(25, 9)",False,0,False,1890
23,0.0,True,0.0,0.39552663824750584,0.6881216008196084,1836,2,1836.0,106,12,20,"(33, 30)",0,0.02888086642599278,90.9,41.2,trust_fused,106,ATTACK,178,"(27, 14)",False,1,False,1890
66,0.0,True,0.0,0.6703870877686737,0.859427997826317,1841,1,1841.0,89,8,20,"(24, 45)",0,0.03891402714932127,91.45,47.05,trust_fused,89,ATTACK,162,"(16, 7)",False,2,False,1890
0,0.0,True,0.0,0.9,0.9,1839,0,1839.0,90,13,22,"(13, 50)",0,0.010958904109589041,85.5909090909091,35.5,trust_fused,90,ATTACK,146,"(25, 14)",False,0,False,1895
23,0.0,True,0.0,0.47002212482662437,0.7488023998342418,1841,2,1841.0,106,12,20,"(33, 30)",0,0.02888086642599278,90.9,41.2,trust_fused,106,ATTACK,178,"(27, 19)",False,1,False,1895
66,0.0,True,0.0,0.6895332421893768,0.86909058959111,1846,1,1846.0,89,8,20,"(24, 45)",0,0.039819004524886875,91.45,47.05,trust_fused,89,ATTACK,162,"(17, 11)",False,2,False,1895
0,0.0,True,0.0,0.9,0.9,1844,0,1844.0,90,13,22,"(13, 50)",0,0.010958904109589041,85.5909090909091,35.5,trust_fused,90,ATTACK,147,"(23, 17)",False,0,False,1900
23,0.0,True,0.0,0.5412516587704727,0.8031383657967797,1846,2,1846.0,106,12,20,"(33, 30)",0,0.029783393501805054,90.9,41.2,trust_fused,106,ATTACK,179,"(29, 22)",False,1,False,1900
66,0.0,True,0.0,0.6895332421893768,0.86909058959111,1851,1,1851.0,89,8,20,"(24, 45)",0,0.03257918552036199,91.45,47.05,trust_fused,89,ATTACK,163,"(17, 16)",False,2,False,1900
0,0.0,True,0.0,0.9,0.9,1849,0,1849.0,90,13,22,"(13, 50)",0,0.010958904109589041,85.5909090909091,35.5,trust_fused,90,ATTACK,147,"(19, 18)",False,0,False,1905
23,0.0,True,0.0,0.5680397443696663,0.8192838555917737,1851,2,1851.0,106,12,20,"(33, 30)",0,0.029783393501805054,90.9,41.2,trust_fused,106,ATTACK,179,"(29, 27)",False,1,False,1905
66,0.0,True,0.0,0.7259792304957052,0.8954231932537691,1856,1,1856.0,89,8,20,"(24, 45)",0,0.028054298642533938,91.45,47.05,trust_fused,89,ATTACK,163,"(17, 21)",False,2,False,1905
0,0.0,True,0.0,0.9,0.9,1854,0,1854.0,90,13,22,"(13, 50)",0,0.010958904109589041,85.5909090909091,35.5,trust_fused,90,ATTACK,147,"(18, 22)",False,0,False,1910
23,0.0,True,0.0,0.5680397443696663,0.8192838555917737,1856,2,1856.0,106,12,20,"(33, 30)",0,0.029783393501805054,90.9,41.2,trust_fused,106,ATTACK,179,"(31, 30)",False,1,False,1910
66,0.0,True,0.0,0.7680898629156364,0.9210493892222508,1861,1,1861.0,89,8,20,"(24, 45)",0,0.025339366515837104,91.45,47.05,trust_fused,89,ATTACK,163,"(17, 26)",False,2,False,1910
0,0.0,True,0.0,0.9,0.9,1859,0,1859.0,90,13,22,"(13, 50)",0,0.010958904109589041,85.5909090909091,35.5,trust_fused,90,ATTACK,147,"(18, 27)",False,0,False,1915
23,0.0,True,0.0,0.5680397443696663,0.8192838555917737,1860,2,1860.0,107,12,21,"(2, 41)",0,0.02888086642599278,91.0952380952381,41.04761904761905,trust_fused,107,ATTACK,180,"(31, 30)",False,1,False,1915
66,0.0,True,0.0,0.8053996640214217,0.9395738356879426,1866,1,1866.0,89,8,20,"(24, 45)",0,0.025339366515837104,91.45,47.05,trust_fused,89,ATTACK,163,"(17, 31)",False,2,False,1915
0,0.0,True,0.0,0.9,0.9,1864,0,1864.0,90,13,22,"(13, 50)",0,0.010958904109589041,85.5909090909091,35.5,trust_fused,90,ATTACK,147,"(18, 32)",False,0,False,1920
23,0.0,True,0.0,0.5680397443696663,0.8192838555917737,1865,2,1865.0,107,12,21,"(2, 41)",0,0.02888086642599278,91.0952380952381,41.04761904761905,trust_fused,107,ATTACK,180,"(29, 33)",False,1,False,1920
66,0.0,True,0.0,0.8377884358139022,0.9536995759932335,1871,1,1871.0,89,8,20,"(24, 45)",0,0.025339366515837104,91.45,47.05,trust_fused,89,ATTACK,163,"(17, 36)",False,2,False,1920
0,0.0,True,0.0,0.9,0.9,1869,0,1869.0,90,13,22,"(13, 50)",0,0.010958904109589041,85.5909090909091,35.5,trust_fused,90,ATTACK,148,"(18, 37)",False,0,False,1925
28,1.684488765998907,True,1.684488765998907,0.5680397443696663,0.8192838555917737,1870,2,1870.0,108,12,21,"(2, 41)",0,0.033393501805054154,91.0952380952381,41.04761904761905,trust_fused,108,ATTACK,182,"(28, 37)",False,1,False,1925
69,0.0,True,0.0,0.8602093559883132,0.9406419465159245,1876,1,1876.0,89,8,20,"(24, 45)",0,0.028054298642533938,91.45,47.05,trust_fused,89,ATTACK,164,"(18, 40)",False,2,False,1925
0,0.0,True,0.0,0.9,0.9,1874,0,1874.0,90,13,22,"(13, 50)",0,0.010958904109589041,85.5909090909091,35.5,trust_fused,90,ATTACK,148,"(17, 41)",False,0,False,1930
28,1.684488765998907,True,1.684488765998907,0.593377786970793,0.8307678217594927,1875,2,1875.0,108,12,21,"(2, 41)",0,0.033393501805054154,91.0952380952381,41.04761904761905,trust_fused,108,ATTACK,182,"(26, 40)",False,1,False,1930
69,0.0,True,0.0,0.8803185795493058,0.9537879032733603,1881,1,1881.0,89,8,20,"(24, 45)",0,0.02895927601809955,91.45,47.05,trust_fused,89,ATTACK,164,"(23, 40)",False,2,False,1930
0,0.0,True,0.0,0.9,0.9,1879,0,1879.0,90,13,22,"(13, 50)",0,0.0091324200913242,85.5909090909091,35.5,trust_fused,90,ATTACK,148,"(14, 43)",False,0,False,1935
21,1.684488765998907,True,1.684488765998907,0.6508554266676397,0.85744748047749,1879,2,1879.0,109,13,21,"(2, 41)",0,0.02707581227436823,91.0952380952381,41.04761904761905,trust_fused,109,ATTACK,183,"(22, 40)",False,1,False,1935
62,0.0,True,0.0,0.894772257804508,0.9603389210052796,1886,1,1886.0,91,8,20,"(24, 45)",0,0.019004524886877826,91.45,47.05,trust_fused,91,ATTACK,166,"(24, 40)",False,2,False,1935
0,0.0,True,0.0,0.9,0.9,1884,0,1884.0,90,13,22,"(13, 50)",0,0.009066183136899365,85.5909090909091,35.5,trust_fused,90,ATTACK,148,"(13, 47)",False,0,False,1940
21,1.684488765998907,True,1.684488765998907,0.7012479055693513,0.8828420636049025,1884,2,1884.0,109,13,21,"(2, 41)",0,0.02680965147453083,91.0952380952381,41.04761904761905,trust_fused,109,ATTACK,183,"(18, 41)",False,1,False,1940
62,0.0,True,0.0,0.894772257804508,0.9603389210052796,1891,1,1891.0,91,8,20,"(24, 45)",0,0.018867924528301886,91.45,47.05,trust_fused,91,ATTACK,166,"(25, 44)",False,2,False,1940
0,0.0,True,0.0,0.9,0.9,1888,0,1888.0,91,13,22,"(33, 50)",0,0.009009009009009009,85.5909090909091,35.5,trust_fused,91,ATTACK,149,"(14, 50)",False,0,False,1945
21,1.684488765998907,True,1.684488765998907,0.7452395392584465,0.9029729486271941,1889,2,1889.0,109,13,21,"(2, 41)",0,0.02664298401420959,91.0952380952381,41.04761904761905,trust_fused,109,ATTACK,183,"(13, 41)",False,1,False,1945
62,0.0,True,0.0,0.894772257804508,0.9603389210052796,1895,1,1895.0,92,8,21,"(2, 41)",0,0.01875,92.52380952380952,47.61904761904762,trust_fused,92,ATTACK,167,"(25, 44)",False,2,False,1945
0,0.0,True,0.0,0.9,0.9,1893,0,1893.0,91,13,22,"(33, 50)",0,0.05745062836624776,85.5909090909091,35.5,trust_fused,91,ATTACK,150,"(18, 49)",False,0,False,1950
9,0.0,True,0.0,0.75426063006892,0.7636843455561482,1894,2,1894.0,109,13,21,"(2, 41)",0,0.06394316163410302,91.0952380952381,41.04761904761905,trust_fused,109,ATTACK,184,"(8, 41)",False,1,False,1950
58,0.0,True,0.0,0.894772257804508,0.9603389210052796,1900,1,1900.0,92,8,21,"(2, 41)",0,0.060714285714285714,92.52380952380952,47.61904761904762,trust_fused,92,ATTACK,168,"(24, 40)",False,2,False,1950
0,0.0,True,0.0,0.9,0.9,1898,0,1898.0,91,13,22,"(33, 50)",0,0.05357142857142857,85.5909090909091,35.5,trust_fused,91,ATTACK,150,"(22, 50)",False,0,False,1955
3,0.0,True,0.0,0.75426063006892,0.7636843455561482,1899,2,1899.0,109,13,21,"(2, 41)",0,0.056838365896980464,91.0952380952381,41.04761904761905,trust_fused,109,ATTACK,184,"(3, 41)",False,1,False,1955
52,0.0,True,0.0,0.8981148428164334,0.9616239580430168,1905,1,1905.0,92,8,21,"(2, 41)",0,0.055357142857142855,92.52380952380952,47.61904761904762,trust_fused,92,ATTACK,168,"(20, 41)",False,2,False,1955
0,0.0,True,0.0,0.9,0.9,1903,0,1903.0,91,13,22,"(33, 50)",0,0.05319148936170213,85.5909090909091,35.5,trust_fused,91,ATTACK,150,"(27, 50)",False,0,False,1960
7,0.0,True,0.0,0.75426063006892,0.7636843455561482,1903,2,1903.0,110,13,21,"(25, 2)",0,0.058653846153846154,91.0952380952381,41.04761904761905,trust_fused,110,ATTACK,185,"(5, 41)",False,1,False,1960
56,0.0,True,0.0,0.9133161809596081,0.9672617067297581,1910,1,1910.0,92,8,21,"(2, 41)",0,0.055876685934489405,92.52380952380952,47.61904761904762,trust_fused,92,ATTACK,168,"(15, 41)",False,2,False,1960
0,0.0,True,0.0,0.9,0.9,1908,0,1908.0,91,13,22,"(33, 50)",0,0.05319148936170213,85.5909090909091,35.5,trust_fused,91,ATTACK,150,"(32, 50)",False,0,False,1965
7,0.0,True,0.0,0.75426063006892,0.7636843455561482,1908,2,1908.0,110,13,21,"(25, 2)",0,0.05961538461538462,91.0952380952381,41.04761904761905,trust_fused,110,ATTACK,185,"(10, 41)",False,1,False,1965
52,0.0,True,0.0,0.9133161809596081,0.9672617067297581,1914,1,1914.0,92,9,21,"(2, 41)",0,0.05202312138728324,92.52380952380952,47.61904761904762,trust_fused,92,ATTACK,168,"(11, 41)",False,2,False,1965
0,0.0,True,0.0,0.9,0.9,1912,0,1912.0,92,13,23,"(2, 50)",0,0.05319148936170213,85.52173913043478,34.95652173913044,trust_fused,92,ATTACK,151,"(30, 50)",False,0,False,1970
7,0.0,True,0.0,0.75426063006892,0.7636843455561482,1911,2,1911.0,110,15,21,"(25, 2)",0,0.052884615384615384,91.0952380952381,41.04761904761905,trust_fused,110,ATTACK,185,"(13, 41)",False,1,False,1970
52,0.0,True,0.0,0.9133161809596081,0.9672617067297581,1918,1,1918.0,94,10,21,"(2, 41)",0,0.05202312138728324,92.52380952380952,47.61904761904762,trust_fused,94,ATTACK,170,"(13, 39)",False,2,False,1970
0,0.0,True,0.0,0.9,0.9,1917,0,1917.0,92,13,23,"(2, 50)",0,0.05319148936170213,85.52173913043478,34.95652173913044,trust_fused,92,ATTACK,152,"(26, 49)",False,0,False,1975
7,0.0,True,0.0,0.7591350346536249,0.7897087276107402,1916,2,1916.0,110,15,21,"(25, 2)",0,0.05096153846153846,91.0952380952381,41.04761904761905,trust_fused,110,ATTACK,186,"(17, 40)",False,1,False,1975
52,0.0,True,0.0,0.9133161809596081,0.9672617067297581,1923,1,1923.0,96,10,21,"(2, 41)",0,0.05202312138728324,92.52380952380952,47.61904761904762,trust_fused,96,ATTACK,173,"(10, 41)",False,2,False,1975
0,0.0,True,0.0,0.9,0.9,1922,0,1922.0,92,13,23,"(2, 50)",0,0.05170731707317073,85.52173913043478,34.95652173913044,trust_fused,92,ATTACK,152,"(21, 49)",False,0,False,1980
7,0.0,True,0.0,0.7591350346536249,0.7897087276107402,1921,2,1921.0,110,15,21,"(25, 2)",0,0.04956268221574344,91.0952380952381,41.04761904761905,trust_fused,110,ATTACK,186,"(19, 37)",False,1,False,1980
52,0.0,True,0.0,0.9133161809596081,0.9672617067297581,1928,1,1928.0,96,10,21,"(2, 41)",0,0.05150631681243926,92.52380952380952,47.61904761904762,trust_fused,96,ATTACK,173,"(5, 41)",False,2,False,1980
0,0.0,True,0.0,0.9,0.9,1927,0,1927.0,92,13,23,"(2, 50)",0,0.04780487804878049,85.52173913043478,34.95652173913044,trust_fused,92,ATTACK,152,"(17, 48)",False,0,False,1985
7,0.0,True,0.0,0.7591350346536249,0.7897087276107402,1926,2,1926.0,110,15,21,"(25, 2)",0,0.043731778425655975,91.0952380952381,41.04761904761905,trust_fused,110,ATTACK,186,"(23, 36)",False,1,False,1985
52,0.0,True,0.0,0.9133161809596081,0.9672617067297581,1932,1,1932.0,97,10,21,"(25, 2)",0,0.04956268221574344,92.52380952380952,47.61904761904762,trust_fused,97,ATTACK,174,"(3, 41)",False,2,False,1985
0,0.0,True,0.0,0.9,0.9,1932,0,1932.0,92,13,23,"(2, 50)",0,0.04,85.52173913043478,34.95652173913044,trust_fused,92,ATTACK,152,"(12, 48)",False,0,False,1990
7,0.0,True,0.0,0.7591350346536249,0.7897087276107402,1931,2,1931.0,110,15,21,"(25, 2)",0,0.037900874635568516,91.0952380952381,41.04761904761905,trust_fused,110,ATTACK,186,"(24, 32)",False,1,False,1990
52,0.0,True,0.0,0.9160609800643492,0.9682121630544307,1937,1,1937.0,97,10,21,"(25, 2)",0,0.04470359572400389,92.52380952380952,47.61904761904762,trust_fused,97,ATTACK,174,"(8, 41)",False,2,False,1990
0,0.0,True,0.0,0.9,0.9,1937,0,1937.0,93,13,23,"(2, 50)",0,0.0369290573372206,85.52173913043478,34.95652173913044,trust_fused,93,ATTACK,153,"(9, 46)",False,0,False,1995
35,0.0,True,0.0,0.7591350346536249,0.7897087276107402,1936,2,1936.0,110,15,21,"(25, 2)",0,0.060320452403393024,91.0952380952381,41.04761904761905,trust_fused,110,ATTACK,186,"(25, 28)",False,1,False,1995
80,0.0,True,0.0,0.9238906035765123,0.9722426021301812,1942,1,1942.0,97,10,21,"(25, 2)",0,0.0640904806786051,92.52380952380952,47.61904761904762,trust_fused,97,ATTACK,174,"(12, 40)",False,2,False,1995
0,0.0,True,0.0,0.9,0.9,1942,0,1942.0,94,13,23,"(2, 50)",0,0.03300970873786408,85.52173913043478,34.95652173913044,trust_fused,94,RECOVERY,154,"(7, 45)",False,0,False,2000
35,0.0,True,0.0,0.7591350346536249,0.7897087276107402,1941,2,1941.0,110,15,21,"(25, 2)",0,0.05743879472693032,91.0952380952381,41.04761904761905,trust_fused,110,RECOVERY,187,"(25, 23)",False,1,False,2000
79,0.0,True,0.0,0.9287839479337285,0.9746913719761322,1947,1,1947.0,98,10,21,"(25, 2)",0,0.060263653483992465,92.52380952380952,47.61904761904762,trust_fused,98,RECOVERY,175,"(13, 36)",False,2,False,2000
0,0.0,True,0.0,0.9,0.9,1947,0,1947.0,94,13,23,"(2, 50)",0,0.02810077519379845,85.52173913043478,34.95652173913044,trust_fused,94,RECOVERY,154,"(4, 47)",False,0,False,2005
35,0.0,True,0.0,0.7591350346536249,0.7897087276107402,1946,2,1946.0,110,15,21,"(25, 2)",0,0.05263157894736842,91.0952380952381,41.04761904761905,trust_fused,110,RECOVERY,187,"(25, 18)",False,1,False,2005
79,0.0,True,0.0,0.9287839479337285,0.9746913719761322,1952,1,1952.0,98,10,21,"(25, 2)",0,0.05545112781954887,92.52380952380952,47.61904761904762,trust_fused,98,RECOVERY,175,"(14, 32)",False,2,False,2005
0,0.0,True,0.0,0.9,0.9,1952,0,1952.0,94,13,23,"(2, 50)",0,0.025193798449612403,85.52173913043478,34.95652173913044,trust_fused,94,RECOVERY,154,"(2, 50)",False,0,False,2010
35,0.0,True,0.0,0.7591350346536249,0.7897087276107402,1951,2,1951.0,110,15,21,"(25, 2)",0,0.05075187969924812,91.0952380952381,41.04761904761905,trust_fused,110,RECOVERY,187,"(25, 13)",False,1,False,2010
79,0.0,True,0.0,0.9287839479337285,0.9746913719761322,1957,1,1957.0,98,10,21,"(25, 2)",0,0.05263157894736842,92.52380952380952,47.61904761904762,trust_fused,98,RECOVERY,175,"(18, 31)",False,2,False,2010
0,0.0,True,0.0,0.9,0.9,1956,0,1956.0,95,13,23,"(2, 41)",0,0.023255813953488372,85.52173913043478,34.95652173913044,trust_fused,95,RECOVERY,155,"(3, 47)",False,0,False,2015
35,0.0,True,0.0,0.7591350346536249,0.7897087276107402,1956,2,1956.0,110,15,21,"(25, 2)",0,0.046992481203007516,91.0952380952381,41.04761904761905,trust_fused,110,RECOVERY,187,"(25, 8)",False,1,False,2015
79,0.0,True,0.0,0.9287839479337285,0.9746913719761322,1962,1,1962.0,98,10,21,"(25, 2)",0,0.047932330827067667,92.52380952380952,47.61904761904762,trust_fused,98,RECOVERY,175,"(18, 26)",False,2,False,2015
0,0.0,True,0.0,0.9,0.9,1961,0,1961.0,95,13,23,"(2, 41)",0,0.018410852713178296,85.52173913043478,34.95652173913044,trust_fused,95,RECOVERY,155,"(3, 42)",False,0,False,2020
35,0.0,True,0.0,0.7591350346536249,0.7897087276107402,1961,2,1961.0,110,15,21,"(25, 2)",0,0.043233082706766915,91.0952380952381,41.04761904761905,trust_fused,110,RECOVERY,187,"(25, 3)",False,1,False,2020
79,0.0,True,0.0,0.9287839479337285,0.9746913719761322,1967,1,1967.0,98,10,21,"(25, 2)",0,0.041353383458646614,92.52380952380952,47.61904761904762,trust_fused,98,RECOVERY,175,"(18, 21)",False,2,False,2020
0,0.0,True,0.0,0.9,0.9,1965,0,1965.0,96,13,24,"(3, 8)",0,0.018410852713178296,84.29166666666667,34.0,trust_fused,96,RECOVERY,157,"(4, 41)",False,0,False,2025
35,30.886866546376822,True,30.886866546376822,0.7591350346536249,0.7897087276107402,1965,2,1965.0,111,15,22,"(2, 20)",35,0.043233082706766915,91.9090909090909,42.13636363636363,trust_fused,111,RECOVERY,189,"(25, 5)",True,1,True,2025
79,0.0,True,0.0,0.9287839479337285,0.9746913719761322,1972,1,1972.0,99,10,21,"(25, 2)",0,0.042293233082706765,92.52380952380952,47.61904761904762,trust_fused,99,RECOVERY,176,"(18, 16)",False,2,False,2025
0,0.0,True,0.0,0.9,0.9,1970,0,1970.0,96,13,24,"(3, 8)",0,0.01937984496124031,84.29166666666667,34.0,trust_fused,96,RECOVERY,157,"(9, 41)",False,0,False,2030
35,30.886866546376822,True,30.886866546376822,0.7591350346536249,0.7897087276107402,1970,2,1970.0,111,15,22,"(2, 20)",35,0.043233082706766915,91.9090909090909,42.13636363636363,trust_fused,111,RECOVERY,189,"(25, 10)",True,1,True,2030
79,0.0,True,0.0,0.9287839479337285,0.9746913719761322,1977,1,1977.0,99,10,21,"(25, 2)",0,0.042293233082706765,92.52380952380952,47.61904761904762,trust_fused,99,RECOVERY,176,"(18, 11)",False,2,False,2030
0,0.0,True,0.0,0.9,0.9,1975,0,1975.0,96,13,24,"(3, 8)",0,0.016472868217054265,84.29166666666667,34.0,trust_fused,96,RECOVERY,157,"(12, 39)",False,0,False,2035
35,30.886866546376822,True,30.886866546376822,0.7591350346536249,0.7897087276107402,1975,2,1975.0,111,15,22,"(2, 20)",35,0.044172932330827065,91.9090909090909,42.13636363636363,trust_fused,111,RECOVERY,189,"(25, 15)",True,1,True,2035
79,0.0,True,0.0,0.9287839479337285,0.9746913719761322,1982,1,1982.0,99,10,21,"(25, 2)",0,0.042293233082706765,92.52380952380952,47.61904761904762,trust_fused,99,RECOVERY,176,"(21, 9)",False,2,False,2035
0,0.0,True,0.0,0.9,0.9,1980,0,1980.0,96,13,24,"(3, 8)",0,0.013565891472868217,84.29166666666667,34.0,trust_fused,96,RECOVERY,157,"(13, 35)",False,0,False,2040
34,30.886866546376822,True,30.886866546376822,0.7591350346536249,0.7897087276107402,1980,2,1980.0,111,15,22,"(2, 20)",34,0.044172932330827065,91.9090909090909,42.13636363636363,trust_fused,111,RECOVERY,189,"(25, 20)",True,1,True,2040
77,0.0,True,0.0,0.9287839479337285,0.9746913719761322,1987,1,1987.0,99,10,21,"(25, 2)",0,0.042293233082706765,92.52380952380952,47.61904761904762,trust_fused,99,RECOVERY,176,"(25, 8)",False,2,False,2040
0,0.0,True,0.0,0.9,0.9,1985,0,1985.0,96,13,24,"(3, 8)",0,0.012596899224806201,84.29166666666667,34.0,trust_fused,96,RECOVERY,157,"(14, 31)",False,0,False,2045
34,30.886866546376822,True,30.886866546376822,0.7591350346536249,0.7897087276107402,1985,2,1985.0,111,15,22,"(2, 20)",34,0.044172932330827065,91.9090909090909,42.13636363636363,trust_fused,111,RECOVERY,189,"(24, 24)",True,1,True,2045
77,0.0,True,0.0,0.9287839479337285,0.9746913719761322,1992,1,1992.0,99,10,21,"(25, 2)",0,0.042293233082706765,92.52380952380952,47.61904761904762,trust_fused,99,RECOVERY,176,"(25, 3)",False,2,False,2045
0,0.0,True,0.0,0.9,0.9,1990,0,1990.0,96,13,24,"(3, 8)",0,0.013539651837524178,84.29166666666667,34.0,trust_fused,96,RECOVERY,158,"(14, 26)",False,0,False,2050
33,16.59732414278203,True,16.59732414278203,0.763091038476346,0.8031584579676133,1990,2,1990.0,112,15,22,"(2, 20)",33,0.0431924882629108,91.9090909090909,42.13636363636363,trust_fused,112,RECOVERY,190,"(20, 25)",True,1,True,2050
76,0.0,True,0.0,0.9287839479337285,0.9746913719761322,1995,1,1995.0,100,10,22,"(33, 50)",0,0.04131455399061033,93.04545454545455,48.31818181818182,trust_fused,100,RECOVERY,179,"(25, 4)",False,2,False,2050
0,0.0,True,0.0,0.9,0.9,1995,0,1995.0,96,13,24,"(3, 8)",0,0.013461538461538462,84.29166666666667,34.0,trust_fused,96,RECOVERY,158,"(14, 21)",False,0,False,2055
27,16.59732414278203,True,16.59732414278203,0.7774986283536223,0.8409589820708654,1995,2,1995.0,112,15,22,"(2, 20)",27,0.03755868544600939,91.9090909090909,42.13636363636363,trust_fused,112,RECOVERY,190,"(17, 27)",True,1,True,2055
70,0.0,True,0.0,0.9287839479337285,0.9746913719761322,2000,1,2000.0,100,10,22,"(33, 50)",0,0.03568075117370892,93.04545454545455,48.31818181818182,trust_fused,100,RECOVERY,179,"(25, 9)",False,2,False,2055
0,0.0,True,0.0,0.9,0.9,2000,0,2000.0,96,13,24,"(3, 8)",0,0.005808325266214908,84.29166666666667,34.0,trust_fused,96,RECOVERY,158,"(14, 16)",False,0,False,2060
25,16.59732414278203,True,16.59732414278203,0.7958777960021578,0.8680734837997158,2000,2,2000.0,113,15,22,"(2, 20)",25,0.02838221381267739,91.9090909090909,42.13636363636363,trust_fused,113,RECOVERY,191,"(12, 27)",True,1,True,2060
68,0.0,True,0.0,0.9287839479337285,0.9746913719761322,2005,1,2005.0,100,10,22,"(33, 50)",0,0.032015065913371,93.04545454545455,48.31818181818182,trust_fused,100,RECOVERY,179,"(21, 10)",False,2,False,2060
0,0.0,True,0.0,0.9,0.9,2005,0,2005.0,96,13,24,"(3, 8)",0,0.006622516556291391,84.29166666666667,34.0,trust_fused,96,RECOVERY,158,"(13, 12)",False,0,False,2065
14,8.427961823195822,False,8.427961823195822,0.4914349763232713,0.4914349763232713,2005,2,2005.0,115,15,22,"(2, 20)",0,0.017757009345794394,91.9090909090909,42.13636363636363,trust_fused,115,RECOVERY,193,"(9, 25)",False,1,False,2065
68,0.0,True,0.0,0.9377305833119827,0.9784150084792258,2010,1,2010.0,100,10,22,"(33, 50)",0,0.027906976744186046,93.04545454545455,48.31818181818182,trust_fused,100,RECOVERY,179,"(19, 13)",False,2,False,2065
0,0.0,True,0.0,0.9,0.9,2010,0,2010.0,96,13,24,"(3, 8)",0,0.007332722273143905,84.29166666666667,34.0,trust_fused,96,RECOVERY,158,"(12, 8)",False,0,False,2070
2,0.0,False,0.0,0.20790188904733473,0.20790188904733473,2010,2,2010.0,116,15,22,"(2, 20)",0,0.00641025641025641,91.9090909090909,42.13636363636363,trust_fused,116,RECOVERY,195,"(6, 23)",False,1,False,2070
68,0.0,True,0.0,0.9474959730362807,0.9822364577289001,2015,1,2015.0,100,10,22,"(33, 50)",0,0.013673655423883319,93.04545454545455,48.31818181818182,trust_fused,100,RECOVERY,179,"(18, 17)",False,2,False,2070
0,0.0,True,0.0,0.9,0.9,2015,0,2015.0,96,13,24,"(3, 8)",0,0.008100810081008101,84.29166666666667,34.0,trust_fused,96,RECOVERY,159,"(7, 8)",False,0,False,2075
2,0.0,False,0.0,0.20790188904733473,0.20790188904733473,2015,2,2015.0,116,15,22,"(2, 20)",0,0.006294964028776978,91.9090909090909,42.13636363636363,trust_fused,116,RECOVERY,196,"(3, 21)",False,1,False,2075
68,0.0,True,0.0,0.9557148242613662,0.98473565832731,2020,1,2020.0,100,10,22,"(33, 50)",0,0.01611459265890779,93.04545454545455,48.31818181818182,trust_fused,100,RECOVERY,180,"(19, 21)",False,2,False,2075
0,0.0,True,0.0,0.9,0.9,2019,0,2019.0,97,13,24,"(33, 8)",0,0.006363636363636364,84.29166666666667,34.0,trust_fused,97,RECOVERY,160,"(3, 8)",False,0,False,2080
0,0.0,False,0.0,0.20790188904733473,0.20790188904733473,2019,2,2019.0,117,15,22,"(2, 41)",0,0.004537205081669692,91.9090909090909,42.13636363636363,trust_fused,117,RECOVERY,197,"(2, 22)",False,1,False,2080
62,0.0,True,0.0,0.9625787348412976,0.9868171043645969,2025,1,2025.0,100,10,22,"(33, 50)",0,0.01090909090909091,93.04545454545455,48.31818181818182,trust_fused,100,RECOVERY,180,"(19, 26)",False,2,False,2080
0,0.0,True,0.0,0.9,0.9,2024,0,2024.0,97,13,24,"(33, 8)",0,0.006346328195829556,84.29166666666667,34.0,trust_fused,97,RECOVERY,160,"(8, 8)",False,0,False,2085
0,0.0,False,0.0,0.20790188904733473,0.20790188904733473,2024,2,2024.0,117,15,22,"(2, 41)",0,0.004524886877828055,91.9090909090909,42.13636363636363,trust_fused,117,RECOVERY,197,"(3, 26)",False,1,False,2085
59,0.0,True,0.0,0.9683219845291904,0.9886453931586571,2030,1,2030.0,100,10,22,"(33, 50)",0,0.010879419764279238,93.04545454545455,48.31818181818182,trust_fused,100,RECOVERY,180,"(19, 31)",False,2,False,2085
0,0.0,True,0.0,0.9,0.9,2029,0,2029.0,97,13,24,"(33, 8)",0,0.00625,84.29166666666667,34.0,trust_fused,97,RECOVERY,160,"(13, 8)",False,0,False,2090
0,0.0,False,0.0,0.20790188904733473,0.20790188904733473,2029,2,2029.0,117,15,22,"(2, 41)",0,0.0035650623885918,91.9090909090909,42.13636363636363,trust_fused,117,RECOVERY,197,"(3, 31)",False,1,False,2090
59,0.0,True,0.0,0.9731292050363247,0.9901366357489705,2035,1,2035.0,100,10,22,"(33, 50)",0,0.011607142857142858,93.04545454545455,48.31818181818182,trust_fused,100,RECOVERY,180,"(19, 36)",False,2,False,2090
0,0.0,True,0.0,0.9,0.9,2034,0,2034.0,97,13,24,"(33, 8)",0,0.006216696269982238,84.29166666666667,34.0,trust_fused,97,RECOVERY,160,"(17, 9)",False,0,False,2095
0,0.0,False,0.0,0.22187023652853757,0.31046027593563436,2034,2,2034.0,117,15,22,"(2, 41)",0,0.0035460992907801418,91.9090909090909,42.13636363636363,trust_fused,117,RECOVERY,197,"(3, 36)",False,1,False,2095
59,0.0,True,0.0,0.9748270032383263,0.9906513715232962,2040,1,2040.0,100,10,22,"(33, 50)",0,0.010657193605683837,93.04545454545455,48.31818181818182,trust_fused,100,RECOVERY,180,"(21, 39)",False,2,False,2095
0,0.0,True,0.0,0.9,0.9,2039,0,2039.0,98,13,24,"(33, 8)",0,0.049777777777777775,84.29166666666667,34.0,trust_fused,98,RECOVERY,161,"(22, 9)",False,0,False,2100
0,0.0,False,0.0,0.24830243024043647,0.3949555640806665,2039,2,2039.0,117,15,22,"(2, 41)",0,0.050666666666666665,91.9090909090909,42.13636363636363,trust_fused,117,RECOVERY,198,"(3, 41)",False,1,False,2100
59,0.0,True,0.0,0.9756292216499524,0.9908713714708487,2045,1,2045.0,101,10,22,"(33, 50)",0,0.059555555555555556,93.04545454545455,48.31818181818182,trust_fused,101,RECOVERY,181,"(25, 40)",False,2,False,2100
0,0.0,True,0.0,0.9,0.9,2044,0,2044.0,98,13,24,"(33, 8)",0,0.04622222222222222,84.29166666666667,34.0,trust_fused,98,RECOVERY,161,"(26, 8)",False,0,False,2105
0,0.0,False,0.0,0.24830243024043647,0.3949555640806665,2043,2,2043.0,118,15,23,"(15, 2)",0,0.049777777777777775,91.3913043478261,41.34782608695652,trust_fused,118,RECOVERY,199,"(4, 40)",False,1,False,2105
59,0.0,True,0.0,0.9756292216499524,0.9908713714708487,2050,1,2050.0,101,10,22,"(33, 50)",0,0.056,93.04545454545455,48.31818181818182,trust_fused,101,RECOVERY,181,"(29, 41)",False,2,False,2105
0,0.0,True,0.0,0.9,0.9,2049,0,2049.0,98,13,24,"(33, 8)",0,0.044169611307420496,84.29166666666667,34.0,trust_fused,98,RECOVERY,161,"(31, 8)",False,0,False,2110
0,0.0,False,0.0,0.24830243024043647,0.3949555640806665,2048,2,2048.0,118,15,23,"(15, 2)",0,0.045936395759717315,91.3913043478261,41.34782608695652,trust_fused,118,RECOVERY,199,"(5, 36)",False,1,False,2110
59,0.0,True,0.0,0.9756292216499524,0.9908713714708487,2055,1,2055.0,101,10,22,"(33, 50)",0,0.05123674911660778,93.04545454545455,48.31818181818182,trust_fused,101,RECOVERY,181,"(29, 46)",False,2,False,2110
0,0.0,True,0.0,0.9,0.9,2053,0,2053.0,99,13,25,"(24, 45)",0,0.03687445127304653,84.52,33.96,trust_fused,99,RECOVERY,162,"(31, 8)",False,0,False,2115
0,0.0,False,0.0,0.24830243024043647,0.3949555640806665,2053,2,2053.0,118,15,23,"(15, 2)",0,0.038630377524143986,91.3913043478261,41.34782608695652,trust_fused,118,RECOVERY,199,"(5, 31)",False,1,False,2115
59,0.0,True,0.0,0.9756292216499524,0.9908713714708487,2060,1,2060.0,101,10,22,"(33, 50)",0,0.043898156277436345,93.04545454545455,48.31818181818182,trust_fused,101,RECOVERY,181,"(30, 50)",False,2,False,2115
0,0.0,True,0.0,0.9,0.9,2058,0,2058.0,99,13,25,"(24, 45)",0,0.031578947368421054,84.52,33.96,trust_fused,99,RECOVERY,162,"(29, 11)",False,0,False,2120
0,0.0,False,0.0,0.24830243024043647,0.3949555640806665,2058,2,2058.0,118,15,23,"(15, 2)",0,0.03508771929824561,91.3913043478261,41.34782608695652,trust_fused,118,RECOVERY,199,"(7, 28)",False,1,False,2120
59,0.0,True,0.0,0.9756292216499524,0.9908713714708487,2064,1,2064.0,102,10,23,"(33, 8)",0,0.039473684210526314,92.1304347826087,49.30434782608695,trust_fused,102,RECOVERY,182,"(33, 49)",False,2,False,2120
0,0.0,True,0.0,0.9,0.9,2063,0,2063.0,99,13,25,"(24, 45)",0,0.029798422436459245,84.52,33.96,trust_fused,99,RECOVERY,163,"(25, 12)",False,0,False,2125
0,0.0,False,0.0,0.24830243024043647,0.3949555640806665,2063,2,2063.0,119,15,23,"(15, 2)",0,0.033304119193689745,91.3913043478261,41.34782608695652,trust_fused,119,RECOVERY,200,"(7, 23)",False,1,False,2125
59,0.0,True,0.0,0.9756292216499524,0.9908713714708487,2069,1,2069.0,103,10,23,"(33, 8)",0,0.03155127081507449,92.1304347826087,49.30434782608695,trust_fused,103,RECOVERY,183,"(32, 45)",False,2,False,2125
0,0.0,True,0.0,0.9,0.9,2068,0,2068.0,99,13,25,"(24, 45)",0,0.028921998247151623,84.52,33.96,trust_fused,99,RECOVERY,163,"(25, 17)",False,0,False,2130
0,0.0,False,0.0,0.24830243024043647,0.3949555640806665,2068,2,2068.0,119,15,23,"(15, 2)",0,0.033304119193689745,91.3913043478261,41.34782608695652,trust_fused,119,RECOVERY,200,"(10, 21)",False,1,False,2130
59,0.0,True,0.0,0.9756292216499524,0.9908713714708487,2074,1,2074.0,103,10,23,"(33, 8)",0,0.03155127081507449,92.1304347826087,49.30434782608695,trust_fused,103,RECOVERY,183,"(30, 42)",False,2,False,2130
0,0.0,True,0.0,0.9,0.9,2073,0,2073.0,99,13,25,"(24, 45)",0,0.028045574057843997,84.52,33.96,trust_fused,99,RECOVERY,163,"(25, 22)",False,0,False,2135
0,0.0,False,0.0,0.24830243024043647,0.3949555640806665,2073,2,2073.0,119,15,23,"(15, 2)",0,0.03242769500438212,91.3913043478261,41.34782608695652,trust_fused,119,RECOVERY,200,"(15, 21)",False,1,False,2135
39,0.0,True,0.0,0.9756292216499524,0.9908713714708487,2079,1,2079.0,103,10,23,"(33, 8)",0,0.03067484662576687,92.1304347826087,49.30434782608695,trust_fused,103,RECOVERY,183,"(29, 38)",False,2,False,2135
0,0.0,True,0.0,0.9,0.9,2078,0,2078.0,99,13,25,"(24, 45)",0,0.024539877300613498,84.52,33.96,trust_fused,99,RECOVERY,163,"(25, 27)",False,0,False,2140
0,0.0,False,0.0,0.25649053310314335,0.4120644874945743,2078,2,2078.0,119,15,23,"(15, 2)",0,0.028921998247151623,91.3913043478261,41.34782608695652,trust_fused,119,RECOVERY,200,"(15, 16)",False,1,False,2140
23,0.0,True,0.0,0.9756292216499524,0.9908713714708487,2084,1,2084.0,103,10,23,"(33, 8)",0,0.026292725679228746,92.1304347826087,49.30434782608695,trust_fused,103,RECOVERY,183,"(29, 33)",False,2,False,2140
0,0.0,True,0.0,0.9,0.9,2083,0,2083.0,99,13,25,"(24, 45)",0,0.02366345311130587,84.52,33.96,trust_fused,99,RECOVERY,163,"(25, 32)",False,0,False,2145
0,0.0,False,0.0,0.3033098971909158,0.493455138361476,2083,2,2083.0,119,15,23,"(15, 2)",0,0.028045574057843997,91.3913043478261,41.34782608695652,trust_fused,119,RECOVERY,200,"(15, 11)",False,1,False,2145
23,0.0,True,0.0,0.9793120042157251,0.9925609552600626,2089,1,2089.0,103,10,23,"(33, 8)",0,0.025416301489921123,92.1304347826087,49.30434782608695,trust_fused,103,RECOVERY,183,"(29, 28)",False,2,False,2145
0,0.0,True,0.0,0.9,0.9,2088,0,2088.0,99,13,25,"(24, 45)",0,0.02366345311130587,84.52,33.96,trust_fused,99,RECOVERY,164,"(25, 37)",False,0,False,2150
0,0.0,True,0.0,0.33511631212192045,0.5388905821853652,2088,2,2088.0,119,15,23,"(15, 2)",0,0.028045574057843997,91.3913043478261,41.34782608695652,trust_fused,119,RECOVERY,201,"(15, 6)",False,1,False,2150
23,0.0,True,0.0,0.9824938775454621,0.9937945015654804,2094,1,2094.0,103,10,23,"(33, 8)",0,0.025416301489921123,92.1304347826087,49.30434782608695,trust_fused,103,RECOVERY,184,"(29, 23)",False,2,False,2150
0,0.0,True,0.0,0.9,0.9,2093,0,2093.0,99,13,25,"(24, 45)",0,0.02366345311130587,84.52,33.96,trust_fused,99,RECOVERY,164,"(25, 42)",False,0,False,2155
0,0.0,True,0.0,0.33511631212192045,0.5388905821853652,2092,2,2092.0,120,15,23,"(21, 17)",0,0.028045574057843997,91.3913043478261,41.34782608695652,trust_fused,120,RECOVERY,202,"(15, 2)",False,1,False,2155
23,0.0,True,0.0,0.9851841723203337,0.9947372382956576,2099,1,2099.0,103,10,23,"(33, 8)",0,0.025416301489921123,92.1304347826087,49.30434782608695,trust_fused,103,RECOVERY,184,"(29, 18)",False,2,False,2155
0,0.0,True,0.0,0.9,0.9,2097,0,2097.0,100,13,25,"(2, 20)",0,0.023622047244094488,84.52,33.96,trust_fused,100,RECOVERY,165,"(24, 45)",False,0,False,2160
0,0.0,True,0.0,0.33511631212192045,0.5388905821853652,2097,2,2097.0,120,15,23,"(21, 17)",0,0.02799650043744532,91.3913043478261,41.34782608695652,trust_fused,120,RECOVERY,202,"(15, 7)",False,1,False,2160
23,0.0,True,0.0,0.9874578158923759,0.9955152739789463,2104,1,2104.0,103,10,23,"(33, 8)",0,0.02537182852143482,92.1304347826087,49.30434782608695,trust_fused,103,RECOVERY,184,"(29, 13)",False,2,False,2160
0,0.0,True,0.0,0.9,0.9,2102,0,2102.0,100,13,25,"(2, 20)",0,0.023622047244094488,84.52,33.96,trust_fused,100,RECOVERY,165,"(25, 41)",False,0,False,2165
0,0.0,True,0.0,0.3571953688244336,0.5674683510513039,2102,2,2102.0,120,15,23,"(21, 17)",0,0.02799650043744532,91.3913043478261,41.34782608695652,trust_fused,120,RECOVERY,202,"(17, 10)",False,1,False,2165
23,0.0,True,0.0,0.9893722273921386,0.9961478516330183,2109,1,2109.0,103,10,23,"(33, 8)",0,0.02537182852143482,92.1304347826087,49.30434782608695,trust_fused,103,RECOVERY,184,"(29, 8)",False,2,False,2165
0,0.0,True,0.0,0.9,0.9,2107,0,2107.0,100,13,25,"(2, 20)",0,0.023622047244094488,84.52,33.96,trust_fused,100,RECOVERY,165,"(24, 37)",False,0,False,2170
0,0.0,True,0.0,0.3685241337136676,0.5837706666091137,2107,2,2107.0,120,15,23,"(21, 17)",0,0.02799650043744532,91.3913043478261,41.34782608695652,trust_fused,120,RECOVERY,202,"(17, 15)",False,1,False,2170
23,0.0,True,0.0,0.9903847688188809,0.9966747938927356,2113,1,2113.0,104,10,23,"(33, 30)",0,0.02537182852143482,92.1304347826087,49.30434782608695,trust_fused,104,RECOVERY,185,"(33, 8)",False,2,False,2170
0,0.0,True,0.0,0.9,0.9,2112,0,2112.0,101,13,25,"(2, 20)",0,0.023622047244094488,84.52,33.96,trust_fused,101,RECOVERY,166,"(23, 33)",False,0,False,2175
0,0.0,True,0.0,0.4032728408775094,0.6263208576172826,2112,2,2112.0,120,15,23,"(21, 17)",0,0.02799650043744532,91.3913043478261,41.34782608695652,trust_fused,120,RECOVERY,203,"(20, 17)",False,1,False,2175
23,0.0,True,0.0,0.9903847688188809,0.9966747938927356,2118,1,2118.0,104,10,23,"(33, 30)",0,0.02537182852143482,92.1304347826087,49.30434782608695,trust_fused,104,RECOVERY,186,"(32, 12)",False,2,False,2175
0,0.0,True,0.0,0.9,0.9,2117,0,2117.0,101,13,25,"(2, 20)",0,0.021872265966754154,84.52,33.96,trust_fused,101,RECOVERY,166,"(21, 30)",False,0,False,2180
0,0.0,True,0.0,0.4502630094848257,0.6752609626335616,2116,2,2116.0,121,15,24,"(33, 8)",0,0.026246719160104987,90.70833333333333,40.541666666666664,trust_fused,121,RECOVERY,204,"(24, 17)",False,1,False,2180
23,0.0,True,0.0,0.9903847688188809,0.9966747938927356,2123,1,2123.0,104,10,23,"(33, 30)",0,0.023622047244094488,92.1304347826087,49.30434782608695,trust_fused,104,RECOVERY,186,"(30, 15)",False,2,False,2180
0,0.0,True,0.0,0.9,0.9,2122,0,2122.0,101,13,25,"(2, 20)",0,0.021872265966754154,84.52,33.96,trust_fused,101,RECOVERY,166,"(21, 25)",False,0,False,2185
0,0.0,True,0.0,0.5078324727554161,0.7218778713368129,2121,2,2121.0,121,15,24,"(33, 8)",0,0.026246719160104987,90.70833333333333,40.541666666666664,trust_fused,121,RECOVERY,204,"(27, 15)",False,1,False,2185
23,0.0,True,0.0,0.9903847688188809,0.9966747938927356,2128,1,2128.0,104,10,23,"(33, 30)",0,0.023622047244094488,92.1304347826087,49.30434782608695,trust_fused,104,RECOVERY,186,"(29, 19)",False,2,False,2185
0,0.0,True,0.0,0.9,0.9,2127,0,2127.0,101,13,25,"(2, 20)",0,0.021872265966754154,84.52,33.96,trust_fused,101,RECOVERY,166,"(16, 25)",False,0,False,2190
0,0.0,True,0.0,0.5614242306480384,0.7580352077603753,2126,2,2126.0,121,15,24,"(33, 8)",0,0.026246719160104987,90.70833333333333,40.541666666666664,trust_fused,121,RECOVERY,204,"(28, 11)",False,1,False,2190
23,0.0,True,0.0,0.9910127997378041,0.9968784508845637,2133,1,2133.0,104,10,23,"(33, 30)",0,0.023622047244094488,92.1304347826087,49.30434782608695,trust_fused,104,RECOVERY,186,"(29, 24)",False,2,False,2190
0,0.0,True,0.0,0.9,0.9,2132,0,2132.0,101,13,25,"(2, 20)",0,0.021872265966754154,84.52,33.96,trust_fused,101,RECOVERY,166,"(15, 21)",False,0,False,2195
0,0.0,True,0.0,0.6100359189373368,0.7864632866141379,2131,2,2131.0,121,15,24,"(33, 8)",0,0.02712160979877515,90.70833333333333,40.541666666666664,trust_fused,121,RECOVERY,204,"(30, 8)",False,1,False,2195
23,0.0,True,0.0,0.9924025984795596,0.9973184866921643,2138,1,2138.0,104,10,23,"(33, 30)",0,0.023622047244094488,92.1304347826087,49.30434782608695,trust_fused,104,RECOVERY,186,"(29, 29)",False,2,False,2195
0,0.0,True,0.0,0.9,0.9,2137,0,2137.0,101,13,25,"(2, 20)",0,0.021108179419525065,84.52,33.96,trust_fused,101,RECOVERY,167,"(11, 20)",False,0,False,2200
0,0.0,True,0.0,0.6374060521171506,0.8120323409274458,2135,2,2135.0,122,15,24,"(2, 20)",0,0.026385224274406333,90.70833333333333,40.541666666666664,trust_fused,122,RECOVERY,206,"(32, 8)",False,1,False,2200
18,0.0,True,0.0,0.993125738106945,0.9975384139862175,2143,1,2143.0,104,10,23,"(33, 30)",0,0.022867194371152155,92.1304347826087,49.30434782608695,trust_fused,104,RECOVERY,187,"(33, 30)",False,2,False,2200
0,0.0,True,0.0,0.9,0.9,2142,0,2142.0,101,13,25,"(2, 20)",0,0.021108179419525065,84.52,33.96,trust_fused,101,RECOVERY,167,"(6, 20)",False,0,False,2205
0,0.0,True,0.0,0.6374060521171506,0.8120323409274458,2140,2,2140.0,122,15,24,"(2, 20)",0,0.026385224274406333,90.70833333333333,40.541666666666664,trust_fused,122,RECOVERY,206,"(29, 10)",False,1,False,2205
3,0.0,True,0.0,0.993125738106945,0.9975384139862175,2147,1,2147.0,105,10,24,"(2, 41)",0,0.022867194371152155,91.70833333333333,48.541666666666664,trust_fused,105,RECOVERY,188,"(29, 30)",False,2,False,2205
0,0.0,True,0.0,0.9,0.9,2146,0,2146.0,102,13,26,"(15, 2)",0,0.021108179419525065,85.0,34.57692307692308,trust_fused,102,RECOVERY,168,"(2, 20)",False,0,False,2210
0,0.0,True,0.0,0.6374060521171506,0.8120323409274458,2145,2,2145.0,122,15,24,"(2, 20)",0,0.025505716798592787,90.70833333333333,40.541666666666664,trust_fused,122,RECOVERY,206,"(28, 14)",False,1,False,2210
3,0.0,True,0.0,0.9939766116368289,0.997806079560256,2152,1,2152.0,105,10,24,"(2, 41)",0,0.022867194371152155,91.70833333333333,48.541666666666664,trust_fused,105,RECOVERY,188,"(28, 34)",False,2,False,2210
0,0.0,True,0.0,0.9,0.9,2151,0,2151.0,102,13,26,"(15, 2)",0,0.021108179419525065,85.0,34.57692307692308,trust_fused,102,RECOVERY,168,"(7, 20)",False,0,False,2215
0,0.0,True,0.0,0.6463984026217755,0.8172530622096486,2150,2,2150.0,122,15,24,"(2, 20)",0,0.025505716798592787,90.70833333333333,40.541666666666664,trust_fused,122,RECOVERY,206,"(26, 17)",False,1,False,2215
3,0.0,True,0.0,0.9948852844761698,0.9981030652743647,2157,1,2157.0,105,10,24,"(2, 41)",0,0.023746701846965697,91.70833333333333,48.541666666666664,trust_fused,105,RECOVERY,188,"(28, 39)",False,2,False,2215
0,0.0,True,0.0,0.9,0.9,2156,0,2156.0,102,13,26,"(15, 2)",0,0.021108179419525065,85.0,34.57692307692308,trust_fused,102,RECOVERY,168,"(12, 20)",False,0,False,2220
0,0.0,True,0.0,0.6637961819323249,0.8273626950276788,2155,2,2155.0,122,15,24,"(2, 20)",0,0.026385224274406333,90.70833333333333,40.541666666666664,trust_fused,122,RECOVERY,206,"(21, 17)",False,1,False,2220
3,0.0,True,0.0,0.9956539300823962,0.9983798172118165,2162,1,2162.0,105,10,24,"(2, 41)",0,0.023746701846965697,91.70833333333333,48.541666666666664,trust_fused,105,RECOVERY,188,"(24, 40)",False,2,False,2220
0,0.0,True,0.0,0.9,0.9,2161,0,2161.0,102,13,26,"(15, 2)",0,0.019349164467897976,85.0,34.57692307692308,trust_fused,102,RECOVERY,169,"(15, 18)",False,0,False,2225
0,0.0,True,0.0,0.7049426981139612,0.8572741631894488,2160,2,2160.0,122,15,24,"(2, 20)",0,0.024626209322779244,90.70833333333333,40.541666666666664,trust_fused,122,RECOVERY,207,"(18, 19)",False,1,False,2225
3,0.0,True,0.0,0.996303291634744,0.9986048032777588,2167,1,2167.0,106,10,24,"(2, 41)",0,0.02198768689533861,91.70833333333333,48.541666666666664,trust_fused,106,RECOVERY,189,"(19, 40)",False,2,False,2225
0,0.0,True,0.0,0.9,0.9,2166,0,2166.0,102,13,26,"(15, 2)",0,0.0158311345646438,85.0,34.57692307692308,trust_fused,102,RECOVERY,169,"(15, 13)",False,0,False,2230
0,0.0,True,0.0,0.7436823785066861,0.887166322313843,2165,2,2165.0,122,15,24,"(2, 20)",0,0.021108179419525065,90.70833333333333,40.541666666666664,trust_fused,122,RECOVERY,207,"(14, 20)",False,1,False,2230
3,0.0,True,0.0,0.9964204603801197,0.9986466665422583,2172,1,2172.0,106,10,24,"(2, 41)",0,0.018469656992084433,91.70833333333333,48.541666666666664,trust_fused,106,RECOVERY,189,"(14, 40)",False,2,False,2230
0,0.0,True,0.0,0.9,0.9,2171,0,2171.0,102,13,26,"(15, 2)",0,0.012313104661389622,85.0,34.57692307692308,trust_fused,102,RECOVERY,169,"(15, 8)",False,0,False,2235
0,0.0,True,0.0,0.779010727133847,0.9066359717071797,2170,2,2170.0,122,15,24,"(2, 20)",0,0.014951627088830254,90.70833333333333,40.541666666666664,trust_fused,122,RECOVERY,207,"(9, 20)",False,1,False,2235
3,0.0,True,0.0,0.9964204603801197,0.9986466665422583,2177,1,2177.0,106,10,24,"(2, 41)",0,0.014072119613016711,91.70833333333333,48.541666666666664,trust_fused,106,RECOVERY,189,"(10, 41)",False,2,False,2235
0,0.0,True,0.0,0.9,0.9,2176,0,2176.0,102,13,26,"(15, 2)",0,0.006194690265486726,85.0,34.57692307692308,trust_fused,102,RECOVERY,169,"(15, 3)",False,0,False,2240
0,0.0,True,0.0,0.8100396789560954,0.9217303750324978,2175,2,2175.0,122,15,24,"(2, 20)",0,0.008849557522123894,90.70833333333333,40.541666666666664,trust_fused,122,RECOVERY,207,"(4, 20)",False,1,False,2240
3,0.0,True,0.0,0.9964204603801197,0.9986466665422583,2182,1,2182.0,106,10,24,"(2, 41)",0,0.007964601769911504,91.70833333333333,48.541666666666664,trust_fused,106,RECOVERY,189,"(5, 41)",False,2,False,2240
0,0.0,True,0.0,0.9,0.9,2180,0,2180.0,103,13,26,"(21, 17)",0,0.006194690265486726,85.0,34.57692307692308,trust_fused,103,RECOVERY,170,"(15, 5)",False,0,False,2245
0,0.0,True,0.0,0.8270324773988333,0.9332094002101274,2179,2,2179.0,123,15,25,"(24, 45)",0,0.008849557522123894,89.72,40.68,trust_fused,123,RECOVERY,208,"(3, 21)",False,1,False,2245
3,0.0,True,0.0,0.9964204603801197,0.9986466665422583,2186,1,2186.0,107,10,24,"(21, 17)",0,0.007964601769911504,91.70833333333333,48.541666666666664,trust_fused,107,RECOVERY,190,"(3, 41)",False,2,False,2245
0,0.0,True,0.0,0.9,0.9,2185,0,2185.0,103,13,26,"(21, 17)",0,0.04513274336283186,85.0,34.57692307692308,trust_fused,103,RECOVERY,171,"(17, 8)",False,0,False,2250
0,0.0,True,0.0,0.8270324773988333,0.9332094002101274,2184,2,2184.0,123,15,25,"(24, 45)",0,0.04513274336283186,89.72,40.68,trust_fused,123,RECOVERY,209,"(8, 21)",False,1,False,2250
3,0.0,True,0.0,0.9964204603801197,0.9986466665422583,2191,1,2191.0,107,10,24,"(21, 17)",0,0.048672566371681415,91.70833333333333,48.541666666666664,trust_fused,107,RECOVERY,191,"(8, 41)",False,2,False,2250
0,0.0,True,0.0,0.9,0.9,2190,0,2190.0,103,13,26,"(21, 17)",0,0.04247787610619469,85.0,34.57692307692308,trust_fused,103,RECOVERY,171,"(17, 13)",False,0,False,2255
0,0.0,True,0.0,0.8270324773988333,0.9332094002101274,2189,2,2189.0,123,15,25,"(24, 45)",0,0.04247787610619469,89.72,40.68,trust_fused,123,RECOVERY,209,"(13, 21)",False,1,False,2255
3,0.0,True,0.0,0.9964204603801197,0.9986466665422583,2196,1,2196.0,107,10,24,"(21, 17)",0,0.04513274336283186,91.70833333333333,48.541666666666664,trust_fused,107,RECOVERY,191,"(12, 40)",False,2,False,2255
0,0.0,True,0.0,0.9,0.9,2195,0,2195.0,103,13,26,"(21, 17)",0,0.03985828166519043,85.0,34.57692307692308,trust_fused,103,RECOVERY,171,"(18, 17)",False,0,False,2260
0,0.0,True,0.0,0.8478263545432174,0.9430392385880418,2194,2,2194.0,123,15,25,"(24, 45)",0,0.041666666666666664,89.72,40.68,trust_fused,123,RECOVERY,209,"(18, 21)",False,1,False,2260
0,0.0,True,0.0,0.9964204603801197,0.9986466665422583,2201,1,2201.0,107,10,24,"(21, 17)",0,0.04343971631205674,91.70833333333333,48.541666666666664,trust_fused,107,RECOVERY,191,"(16, 39)",False,2,False,2260
0,0.0,True,0.0,0.9,0.9,2199,0,2199.0,104,13,27,"(25, 2)",0,0.03808680248007086,83.85185185185185,34.111111111111114,trust_fused,104,RECOVERY,172,"(22, 17)",False,0,False,2265
0,0.0,True,0.0,0.8667945699518077,0.9533396998209994,2199,2,2199.0,123,15,25,"(24, 45)",0,0.03723404255319149,89.72,40.68,trust_fused,123,RECOVERY,209,"(19, 25)",False,1,False,2265
0,0.0,True,0.0,0.9964204603801197,0.9986466665422583,2206,1,2206.0,107,10,24,"(21, 17)",0,0.03900709219858156,91.70833333333333,48.541666666666664,trust_fused,107,RECOVERY,191,"(19, 37)",False,2,False,2265
0,0.0,True,0.0,0.9,0.9,2204,0,2204.0,104,13,27,"(25, 2)",0,0.03454384410983171,83.85185185185185,34.111111111111114,trust_fused,104,RECOVERY,172,"(25, 15)",False,0,False,2270
0,0.0,True,0.0,0.8667945699518077,0.9533396998209994,2204,2,2204.0,123,15,25,"(24, 45)",0,0.03280141843971631,89.72,40.68,trust_fused,123,RECOVERY,209,"(21, 28)",False,1,False,2270
0,0.0,True,0.0,0.9964204603801197,0.9986466665422583,2211,1,2211.0,107,10,24,"(21, 17)",0,0.03546099290780142,91.70833333333333,48.541666666666664,trust_fused,107,RECOVERY,191,"(19, 32)",False,2,False,2270
0,0.0,True,0.0,0.9,0.9,2209,0,2209.0,104,13,27,"(25, 2)",0,0.030115146147032774,83.85185185185185,34.111111111111114,trust_fused,104,RECOVERY,173,"(25, 10)",False,0,False,2275
0,0.0,True,0.0,0.8667945699518077,0.9533396998209994,2209,2,2209.0,123,15,25,"(24, 45)",0,0.028368794326241134,89.72,40.68,trust_fused,123,RECOVERY,210,"(24, 30)",False,1,False,2275
0,0.0,True,0.0,0.9964204603801197,0.9986466665422583,2216,1,2216.0,107,10,24,"(21, 17)",0,0.03102836879432624,91.70833333333333,48.541666666666664,trust_fused,107,RECOVERY,192,"(19, 27)",False,2,False,2275
0,0.0,True,0.0,0.9,0.9,2214,0,2214.0,104,13,27,"(25, 2)",0,0.030115146147032774,83.85185185185185,34.111111111111114,trust_fused,104,RECOVERY,173,"(25, 5)",False,0,False,2280
0,0.0,True,0.0,0.8667945699518077,0.9533396998209994,2214,2,2214.0,123,15,25,"(24, 45)",0,0.02839396628216504,89.72,40.68,trust_fused,123,RECOVERY,210,"(25, 34)",False,1,False,2280
0,0.0,True,0.0,0.9968547815066847,0.9988277586714158,2221,1,2221.0,107,10,24,"(21, 17)",0,0.031055900621118012,91.70833333333333,48.541666666666664,trust_fused,107,RECOVERY,192,"(19, 22)",False,2,False,2280
0,0.0,True,0.0,0.9,0.9,2218,0,2218.0,105,13,27,"(33, 30)",0,0.02745792736935341,83.85185185185185,34.111111111111114,trust_fused,105,RECOVERY,174,"(25, 3)",False,0,False,2285
0,0.0,True,0.0,0.8667945699518077,0.9533396998209994,2219,2,2219.0,123,15,25,"(24, 45)",0,0.025732031943212066,89.72,40.68,trust_fused,123,RECOVERY,210,"(25, 39)",False,1,False,2285
0,0.0,True,0.0,0.9973305889620714,0.999041633947955,2226,1,2226.0,107,10,24,"(21, 17)",0,0.029281277728482696,91.70833333333333,48.541666666666664,trust_fused,107,RECOVERY,192,"(19, 17)",False,2,False,2285
0,0.0,True,0.0,0.9,0.9,2223,0,2223.0,105,13,27,"(33, 30)",0,0.024800708591674048,83.85185185185185,34.111111111111114,trust_fused,105,RECOVERY,174,"(26, 7)",False,0,False,2290
0,0.0,True,0.0,0.8667945699518077,0.9533396998209994,2224,2,2224.0,123,15,25,"(24, 45)",0,0.023070097604259095,89.72,40.68,trust_fused,123,RECOVERY,210,"(25, 44)",False,1,False,2290
0,0.0,True,0.0,0.9976672773951876,0.9992040356092741,2230,1,2230.0,108,10,25,"(33, 8)",0,0.02839396628216504,91.52,48.36,trust_fused,108,RECOVERY,193,"(23, 17)",False,2,False,2290
0,0.0,True,0.0,0.9,0.9,2228,0,2228.0,105,13,27,"(33, 30)",0,0.023029229406554472,83.85185185185185,34.111111111111114,trust_fused,105,RECOVERY,174,"(26, 12)",False,0,False,2295
0,0.0,True,0.0,0.8667945699518077,0.9533396998209994,2228,2,2228.0,124,15,25,"(33, 8)",0,0.018633540372670808,89.72,40.68,trust_fused,124,RECOVERY,211,"(25, 44)",False,1,False,2295
0,0.0,True,0.0,0.9980347399856042,0.9993408256340938,2235,1,2235.0,108,10,25,"(33, 8)",0,0.02129547471162378,91.52,48.36,trust_fused,108,RECOVERY,193,"(28, 17)",False,2,False,2295
0,0.0,True,0.0,0.9,0.9,2233,0,2233.0,106,13,27,"(33, 30)",0,0.02432179607109448,83.85185185185185,34.111111111111114,trust_fused,106,RECOVERY,175,"(26, 17)",False,0,False,2300
0,0.0,True,0.0,0.8667945699518077,0.9533396998209994,2233,2,2233.0,124,15,25,"(33, 8)",0,0.019681349578256794,89.72,40.68,trust_fused,124,RECOVERY,212,"(24, 40)",False,1,False,2300
0,0.0,True,0.0,0.998350145225455,0.9994778163995687,2240,1,2240.0,109,10,25,"(33, 8)",0,0.02155576382380506,91.52,48.36,trust_fused,109,RECOVERY,194,"(31, 15)",False,2,False,2300
0,0.0,True,0.0,0.9,0.9,2238,0,2238.0,106,13,27,"(33, 30)",0,0.026192703461178673,83.85185185185185,34.111111111111114,trust_fused,106,RECOVERY,175,"(28, 20)",False,0,False,2305
0,0.0,True,0.0,0.8667945699518077,0.9533396998209994,2238,2,2238.0,124,15,25,"(33, 8)",0,0.019681349578256794,89.72,40.68,trust_fused,124,RECOVERY,212,"(24, 35)",False,1,False,2305
0,0.0,True,0.0,0.9986187681368581,0.9995681434921385,2245,1,2245.0,109,10,25,"(33, 8)",0,0.020618556701030927,91.52,48.36,trust_fused,109,RECOVERY,194,"(33, 12)",False,2,False,2305
0,0.0,True,0.0,0.9,0.9,2243,0,2243.0,106,13,27,"(33, 30)",0,0.026192703461178673,83.85185185185185,34.111111111111114,trust_fused,106,RECOVERY,175,"(29, 24)",False,0,False,2310
0,0.0,True,0.0,0.8667945699518077,0.9533396998209994,2243,2,2243.0,124,15,25,"(33, 8)",0,0.019681349578256794,89.72,40.68,trust_fused,124,RECOVERY,212,"(24, 30)",False,1,False,2310
0,0.0,True,0.0,0.9986668393291276,0.9995801919822479,2249,1,2249.0,110,10,25,"(21, 17)",0,0.020618556701030927,91.52,48.36,trust_fused,110,RECOVERY,195,"(33, 8)",False,2,False,2310
0,0.0,True,0.0,0.9,0.9,2248,0,2248.0,106,13,27,"(33, 30)",0,0.023386342376052385,83.85185185185185,34.111111111111114,trust_fused,106,RECOVERY,175,"(29, 29)",False,0,False,2315
0,0.0,True,0.0,0.8875772659513659,0.9621287176366383,2248,2,2248.0,124,15,25,"(33, 8)",0,0.016869728209934397,89.72,40.68,trust_fused,124,RECOVERY,212,"(25, 26)",False,1,False,2315
0,0.0,True,0.0,0.9988430522342608,0.9996359736953776,2254,1,2254.0,110,10,25,"(21, 17)",0,0.01780693533270853,91.52,48.36,trust_fused,110,RECOVERY,195,"(29, 9)",False,2,False,2315
0,0.0,True,0.0,0.9,0.9,2253,0,2253.0,106,13,27,"(33, 30)",0,0.017077798861480076,83.85185185185185,34.111111111111114,trust_fused,106,RECOVERY,175,"(33, 30)",False,0,False,2320
0,0.0,True,0.0,0.9054411817551208,0.968853135907623,2253,2,2253.0,124,15,25,"(33, 8)",0,0.010456273764258554,89.72,40.68,trust_fused,124,RECOVERY,212,"(25, 21)",False,1,False,2320
0,0.0,True,0.0,0.9990305086059623,0.9996922172901251,2259,1,2259.0,110,10,25,"(21, 17)",0,0.015209125475285171,91.52,48.36,trust_fused,110,RECOVERY,195,"(28, 13)",False,2,False,2320
0,0.0,True,0.0,0.9,0.9,2257,0,2257.0,107,13,28,"(33, 8)",0,0.017061611374407582,82.89285714285714,34.214285714285715,trust_fused,107,RECOVERY,177,"(29, 30)",False,0,False,2325
0,0.0,True,0.0,0.9205063386203407,0.973869790132723,2258,2,2258.0,124,15,25,"(33, 8)",0,0.010446343779677113,89.72,40.68,trust_fused,124,RECOVERY,213,"(25, 16)",False,1,False,2325
0,0.0,True,0.0,0.9991868320819732,0.9997384513274087,2264,1,2264.0,110,10,25,"(21, 17)",0,0.015194681861348529,91.52,48.36,trust_fused,110,RECOVERY,196,"(25, 15)",False,2,False,2325
0,0.0,True,0.0,0.9,0.9,2262,0,2262.0,107,13,28,"(33, 8)",0,0.017061611374407582,82.89285714285714,34.214285714285715,trust_fused,107,RECOVERY,177,"(29, 25)",False,0,False,2330
0,0.0,True,0.0,0.9308004547823842,0.9771719193911678,2262,2,2262.0,124,16,25,"(33, 8)",0,0.010446343779677113,89.72,40.68,trust_fused,124,RECOVERY,213,"(26, 13)",False,1,False,2330
0,0.0,True,0.0,0.9992147741869084,0.9997456741806775,2269,1,2269.0,112,10,25,"(21, 17)",0,0.015194681861348529,91.52,48.36,trust_fused,112,RECOVERY,198,"(25, 16)",False,2,False,2330
0,0.0,True,0.0,0.9,0.9,2267,0,2267.0,107,13,28,"(33, 8)",0,0.017061611374407582,82.89285714285714,34.214285714285715,trust_fused,107,RECOVERY,177,"(29, 20)",False,0,False,2335
0,0.0,True,0.0,0.9417416172423547,0.9803264954150217,2267,2,2267.0,124,16,25,"(33, 8)",0,0.010446343779677113,89.72,40.68,trust_fused,124,RECOVERY,213,"(28, 10)",False,1,False,2335
0,0.0,True,0.0,0.9992932100369363,0.9997735777998686,2274,1,2274.0,112,10,25,"(21, 17)",0,0.014245014245014245,91.52,48.36,trust_fused,112,RECOVERY,198,"(21, 17)",False,2,False,2335
0,0.0,True,0.0,0.9,0.9,2272,0,2272.0,107,13,28,"(33, 8)",0,0.017142857142857144,82.89285714285714,34.214285714285715,trust_fused,107,RECOVERY,177,"(30, 16)",False,0,False,2340
0,0.0,True,0.0,0.9508497715716451,0.9830408138420794,2272,2,2272.0,124,16,25,"(33, 8)",0,0.010476190476190476,89.72,40.68,trust_fused,124,RECOVERY,213,"(31, 8)",False,1,False,2340
0,0.0,True,0.0,0.9993175300893278,0.9997796110847673,2278,1,2278.0,113,10,26,"(13, 50)",0,0.014285714285714285,89.84615384615384,47.5,trust_fused,113,RECOVERY,199,"(18, 18)",False,2,False,2340
0,0.0,True,0.0,0.9,0.9,2277,0,2277.0,107,13,28,"(33, 8)",0,0.017142857142857144,82.89285714285714,34.214285714285715,trust_fused,107,RECOVERY,177,"(30, 11)",False,0,False,2345
0,0.0,True,0.0,0.9585567281455575,0.9861517609849996,2276,2,2276.0,125,16,26,"(33, 50)",0,0.010476190476190476,90.11538461538461,41.03846153846154,trust_fused,125,RECOVERY,214,"(33, 10)",False,1,False,2345
0,0.0,True,0.0,0.9993847728978116,0.9997933575381759,2283,1,2283.0,113,10,26,"(13, 50)",0,0.015238095238095238,89.84615384615384,47.5,trust_fused,113,RECOVERY,199,"(18, 23)",False,2,False,2345
0,0.0,True,0.0,0.9,0.9,2282,0,2282.0,107,13,28,"(33, 8)",0,0.017142857142857144,82.89285714285714,34.214285714285715,trust_fused,107,RECOVERY,178,"(32, 8)",False,0,False,2350
0,0.0,True,0.0,0.9652184809101155,0.9889756838169337,2281,2,2281.0,125,16,26,"(33, 50)",0,0.009523809523809525,90.11538461538461,41.03846153846154,trust_fused,125,RECOVERY,215,"(30, 12)",False,1,False,2350
0,0.0,True,0.0,0.9993847728978116,0.9997933575381759,2288,1,2288.0,113,10,26,"(13, 50)",0,0.01619047619047619,89.84615384615384,47.5,trust_fused,113,RECOVERY,200,"(18, 28)",False,2,False,2350
0,0.0,True,0.0,0.9,0.9,2286,0,2286.0,108,13,28,"(2, 50)",0,0.01619047619047619,82.89285714285714,34.214285714285715,trust_fused,108,RECOVERY,179,"(30, 8)",False,0,False,2355
0,0.0,True,0.0,0.9708736471334392,0.9908413348764151,2286,2,2286.0,125,16,26,"(33, 50)",0,0.008571428571428572,90.11538461538461,41.03846153846154,trust_fused,125,RECOVERY,215,"(29, 16)",False,1,False,2355
0,0.0,True,0.0,0.9993847728978116,0.9997933575381759,2293,1,2293.0,113,10,26,"(13, 50)",0,0.013333333333333334,89.84615384615384,47.5,trust_fused,113,RECOVERY,200,"(18, 33)",False,2,False,2355
0,0.0,True,0.0,0.9,0.9,2291,0,2291.0,108,13,28,"(2, 50)",0,0.01623686723973257,82.89285714285714,34.214285714285715,trust_fused,108,RECOVERY,179,"(29, 12)",False,0,False,2360
0,0.0,True,0.0,0.9756100513827074,0.99234491848223,2291,2,2291.0,125,16,26,"(33, 50)",0,0.008587786259541985,90.11538461538461,41.03846153846154,trust_fused,125,RECOVERY,215,"(29, 21)",False,1,False,2360
0,0.0,True,0.0,0.9993847728978116,0.9997933575381759,2298,1,2298.0,113,10,26,"(13, 50)",0,0.013371537726838587,89.84615384615384,47.5,trust_fused,113,RECOVERY,200,"(18, 38)",False,2,False,2360
0,0.0,True,0.0,0.9,0.9,2296,0,2296.0,108,13,28,"(2, 50)",0,0.014326647564469915,82.89285714285714,34.214285714285715,trust_fused,108,RECOVERY,179,"(29, 17)",False,0,False,2365
0,0.0,True,0.0,0.9795471365169723,0.9934031495779593,2296,2,2296.0,125,16,26,"(33, 50)",0,0.008587786259541985,90.11538461538461,41.03846153846154,trust_fused,125,RECOVERY,215,"(29, 26)",False,1,False,2365
0,0.0,True,0.0,0.9993847728978116,0.9997933575381759,2303,1,2303.0,113,10,26,"(13, 50)",0,0.011461318051575931,89.84615384615384,47.5,trust_fused,113,RECOVERY,200,"(15, 40)",False,2,False,2365
0,0.0,True,0.0,0.9,0.9,2301,0,2301.0,108,13,28,"(2, 50)",0,0.013295346628679962,82.89285714285714,34.214285714285715,trust_fused,108,RECOVERY,179,"(24, 17)",False,0,False,2370
0,0.0,True,0.0,0.9828238273212001,0.9944252378144891,2301,2,2301.0,125,16,26,"(33, 50)",0,0.009487666034155597,90.11538461538461,41.03846153846154,trust_fused,125,RECOVERY,215,"(29, 31)",False,1,False,2370
0,0.0,True,0.0,0.9993847728978116,0.9997933575381759,2308,1,2308.0,113,10,26,"(13, 50)",0,0.010446343779677113,89.84615384615384,47.5,trust_fused,113,RECOVERY,200,"(13, 43)",False,2,False,2370
0,0.0,True,0.0,0.9,0.9,2306,0,2306.0,109,13,28,"(2, 50)",0,0.010138248847926268,82.89285714285714,34.214285714285715,trust_fused,109,RECOVERY,180,"(19, 17)",False,0,False,2375
0,0.0,True,0.0,0.9845205195369872,0.994845806207719,2306,2,2306.0,125,16,26,"(33, 50)",0,0.006445672191528545,90.11538461538461,41.03846153846154,trust_fused,125,RECOVERY,216,"(29, 36)",False,1,False,2375
0,0.0,True,0.0,0.9993847728978116,0.9997933575381759,2313,1,2313.0,113,10,26,"(13, 50)",0,0.010138248847926268,89.84615384615384,47.5,trust_fused,113,RECOVERY,201,"(13, 48)",False,2,False,2375
0,0.0,True,0.0,0.9,0.9,2311,0,2311.0,109,13,28,"(2, 50)",0,0.010166358595194085,82.89285714285714,34.214285714285715,trust_fused,109,RECOVERY,180,"(16, 19)",False,0,False,2380
0,0.0,True,0.0,0.9845205195369872,0.994845806207719,2311,2,2311.0,125,16,26,"(33, 50)",0,0.006463527239150508,90.11538461538461,41.03846153846154,trust_fused,125,RECOVERY,216,"(29, 41)",False,1,False,2380
0,0.0,True,0.0,0.9993847728978116,0.9997933575381759,2317,1,2317.0,114,10,26,"(15, 2)",0,0.010166358595194085,89.84615384615384,47.5,trust_fused,114,RECOVERY,202,"(13, 48)",False,2,False,2380
0,0.0,True,0.0,0.9,0.9,2316,0,2316.0,109,13,28,"(2, 50)",0,0.010166358595194085,82.89285714285714,34.214285714285715,trust_fused,109,RECOVERY,180,"(12, 20)",False,0,False,2385
0,0.0,True,0.0,0.9845205195369872,0.994845806207719,2316,2,2316.0,125,16,26,"(33, 50)",0,0.006463527239150508,90.11538461538461,41.03846153846154,trust_fused,125,RECOVERY,216,"(29, 46)",False,1,False,2385
0,0.0,True,0.0,0.9993847728978116,0.9997933575381759,2322,1,2322.0,114,10,26,"(15, 2)",0,0.010166358595194085,89.84615384615384,47.5,trust_fused,114,RECOVERY,202,"(14, 44)",False,2,False,2385
0,0.0,True,0.0,0.9,0.9,2321,0,2321.0,109,13,28,"(2, 50)",0,0.010166358595194085,82.89285714285714,34.214285714285715,trust_fused,109,RECOVERY,180,"(8, 21)",False,0,False,2390
0,0.0,True,0.0,0.9845205195369872,0.994845806207719,2321,2,2321.0,125,16,26,"(33, 50)",0,0.006463527239150508,90.11538461538461,41.03846153846154,trust_fused,125,RECOVERY,216,"(30, 50)",False,1,False,2390
0,0.0,True,0.0,0.9993847728978116,0.9997933575381759,2327,1,2327.0,114,10,26,"(15, 2)",0,0.010166358595194085,89.84615384615384,47.5,trust_fused,114,RECOVERY,202,"(14, 39)",False,2,False,2390
0,0.0,True,0.0,0.9,0.9,2326,0,2326.0,109,13,28,"(2, 50)",0,0.011049723756906077,82.89285714285714,34.214285714285715,trust_fused,109,RECOVERY,180,"(3, 21)",False,0,False,2395
0,0.0,True,0.0,0.9845205195369872,0.994845806207719,2325,2,2325.0,126,16,26,"(25, 2)",0,0.007359705611775529,90.11538461538461,41.03846153846154,trust_fused,126,RECOVERY,217,"(32, 50)",False,1,False,2395
0,0.0,True,0.0,0.9993847728978116,0.9997933575381759,2332,1,2332.0,114,10,26,"(15, 2)",0,0.009208103130755065,89.84615384615384,47.5,trust_fused,114,RECOVERY,202,"(14, 34)",False,2,False,2395
0,0.0,True,0.0,0.9,0.9,2331,0,2331.0,109,13,28,"(2, 50)",0,0.04541241890639481,82.89285714285714,34.214285714285715,trust_fused,109,RECOVERY,181,"(3, 26)",False,0,False,2400
0,0.0,True,0.0,0.9845205195369872,0.994845806207719,2330,2,2330.0,126,16,26,"(25, 2)",0,0.04355885078776645,90.11538461538461,41.03846153846154,trust_fused,126,RECOVERY,218,"(29, 48)",False,1,False,2400
0,0.0,True,0.0,0.9993847728978116,0.9997933575381759,2337,1,2337.0,114,10,26,"(15, 2)",0,0.047265987025023166,89.84615384615384,47.5,trust_fused,114,RECOVERY,203,"(15, 30)",False,2,False,2400
0,0.0,True,0.0,0.9,0.9,2336,0,2336.0,109,13,28,"(2, 50)",0,0.03614457831325301,82.89285714285714,34.214285714285715,trust_fused,109,RECOVERY,181,"(3, 31)",False,0,False,2405
0,0.0,True,0.0,0.9845205195369872,0.994845806207719,2335,2,2335.0,126,16,26,"(25, 2)",0,0.03614457831325301,90.11538461538461,41.03846153846154,trust_fused,126,RECOVERY,218,"(28, 44)",False,1,False,2405
0,0.0,True,0.0,0.9993847728978116,0.9997933575381759,2342,1,2342.0,114,10,26,"(15, 2)",0,0.037998146431881374,89.84615384615384,47.5,trust_fused,114,RECOVERY,203,"(15, 25)",False,2,False,2405
0,0.0,True,0.0,0.9,0.9,2341,0,2341.0,109,13,28,"(2, 50)",0,0.03243744207599629,82.89285714285714,34.214285714285715,trust_fused,109,RECOVERY,181,"(3, 36)",False,0,False,2410
0,0.0,True,0.0,0.9845205195369872,0.994845806207719,2340,2,2340.0,126,16,26,"(25, 2)",0,0.03243744207599629,90.11538461538461,41.03846153846154,trust_fused,126,RECOVERY,218,"(28, 39)",False,1,False,2410
0,0.0,True,0.0,0.9993847728978116,0.9997933575381759,2347,1,2347.0,114,10,26,"(15, 2)",0,0.03429101019462465,89.84615384615384,47.5,trust_fused,114,RECOVERY,203,"(15, 20)",False,2,False,2410
0,0.0,True,0.0,0.9,0.9,2346,0,2346.0,109,13,28,"(2, 50)",0,0.026876737720111215,82.89285714285714,34.214285714285715,trust_fused,109,RECOVERY,181,"(3, 41)",False,0,False,2415
0,0.0,True,0.0,0.9845205195369872,0.994845806207719,2345,2,2345.0,128,16,26,"(25, 2)",0,0.026876737720111215,90.11538461538461,41.03846153846154,trust_fused,128,RECOVERY,220,"(25, 37)",False,1,False,2415
0,0.0,True,0.0,0.9993847728978116,0.9997933575381759,2352,1,2352.0,114,10,26,"(15, 2)",0,0.028730305838739572,89.84615384615384,47.5,trust_fused,114,RECOVERY,203,"(15, 15)",False,2,False,2415
0,0.0,True,0.0,0.9,0.9,2351,0,2351.0,109,13,28,"(2, 50)",0,0.0221606648199446,82.89285714285714,34.214285714285715,trust_fused,109,RECOVERY,181,"(3, 46)",False,0,False,2420
0,0.0,True,0.0,0.9845205195369872,0.994845806207719,2350,2,2350.0,128,16,26,"(25, 2)",0,0.023062730627306273,90.11538461538461,41.03846153846154,trust_fused,128,RECOVERY,220,"(24, 33)",False,1,False,2420
0,0.0,True,0.0,0.9993847728978116,0.9997933575381759,2357,1,2357.0,114,10,26,"(15, 2)",0,0.024007386888273315,89.84615384615384,47.5,trust_fused,114,RECOVERY,203,"(15, 10)",False,2,False,2420
0,0.0,True,0.0,0.9,0.9,2356,0,2356.0,109,13,28,"(2, 50)",0,0.02119815668202765,82.89285714285714,34.214285714285715,trust_fused,109,RECOVERY,182,"(2, 50)",False,0,False,2425
0,0.0,True,0.0,0.9845205195369872,0.994845806207719,2355,2,2355.0,128,16,26,"(25, 2)",0,0.02117863720073665,90.11538461538461,41.03846153846154,trust_fused,128,RECOVERY,221,"(24, 28)",False,1,False,2425
0,0.0,True,0.0,0.9993847728978116,0.9997933575381759,2362,1,2362.0,114,10,26,"(15, 2)",0,0.02119815668202765,89.84615384615384,47.5,trust_fused,114,RECOVERY,204,"(15, 5)",False,2,False,2425
0,0.0,True,0.0,0.9,0.9,2360,0,2360.0,110,13,29,"(33, 50)",0,0.020257826887661142,83.65517241379311,35.58620689655172,trust_fused,110,RECOVERY,183,"(5, 49)",False,0,False,2430
0,0.0,True,0.0,0.9845205195369872,0.994845806207719,2360,2,2360.0,128,16,26,"(25, 2)",0,0.020239190432382703,90.11538461538461,41.03846153846154,trust_fused,128,RECOVERY,221,"(25, 24)",False,1,False,2430
0,0.0,True,0.0,0.9993847728978116,0.9997933575381759,2366,1,2366.0,115,10,27,"(33, 8)",0,0.020257826887661142,89.96296296296296,47.629629629629626,trust_fused,115,RECOVERY,205,"(15, 3)",False,2,False,2430
0,0.0,True,0.0,0.9,0.9,2365,0,2365.0,110,13,29,"(33, 50)",0,0.020128087831655993,83.65517241379311,35.58620689655172,trust_fused,110,RECOVERY,183,"(7, 46)",False,0,False,2435
0,0.0,True,0.0,0.9845205195369872,0.994845806207719,2365,2,2365.0,128,16,26,"(25, 2)",0,0.02010968921389397,90.11538461538461,41.03846153846154,trust_fused,128,RECOVERY,221,"(25, 19)",False,1,False,2435
0,0.0,True,0.0,0.9993847728978116,0.9997933575381759,2371,1,2371.0,115,10,27,"(33, 8)",0,0.020128087831655993,89.96296296296296,47.629629629629626,trust_fused,115,RECOVERY,205,"(16, 7)",False,2,False,2435
0,0.0,True,0.0,0.9,0.9,2370,0,2370.0,110,13,29,"(33, 50)",0,0.02016498625114574,83.65517241379311,35.58620689655172,trust_fused,110,RECOVERY,183,"(12, 46)",False,0,False,2440
0,0.0,True,0.0,0.9845205195369872,0.994845806207719,2370,2,2370.0,128,16,26,"(25, 2)",0,0.02016498625114574,90.11538461538461,41.03846153846154,trust_fused,128,RECOVERY,221,"(25, 14)",False,1,False,2440
0,0.0,True,0.0,0.9993847728978116,0.9997933575381759,2376,1,2376.0,115,10,27,"(33, 8)",0,0.02016498625114574,89.96296296296296,47.629629629629626,trust_fused,115,RECOVERY,205,"(19, 9)",False,2,False,2440
0,0.0,True,0.0,0.9,0.9,2375,0,2375.0,110,13,29,"(33, 50)",0,0.017415215398716773,83.65517241379311,35.58620689655172,trust_fused,110,RECOVERY,183,"(14, 49)",False,0,False,2445
0,0.0,True,0.0,0.9845205195369872,0.994845806207719,2375,2,2375.0,128,16,26,"(25, 2)",0,0.017415215398716773,90.11538461538461,41.03846153846154,trust_fused,128,RECOVERY,221,"(25, 9)",False,1,False,2445
0,0.0,True,0.0,0.9993847728978116,0.9997933575381759,2381,1,2381.0,115,10,27,"(33, 8)",0,0.017415215398716773,89.96296296296296,47.629629629629626,trust_fused,115,RECOVERY,205,"(24, 9)",False,2,False,2445
0,0.0,True,0.0,0.9,0.9,2380,0,2380.0,110,13,29,"(33, 50)",0,0.017241379310344827,83.65517241379311,35.58620689655172,trust_fused,110,RECOVERY,184,"(19, 49)",False,0,False,2450
0,0.0,True,0.0,0.9845205195369872,0.994845806207719,2380,2,2380.0,128,16,26,"(25, 2)",0,0.017241379310344827,90.11538461538461,41.03846153846154,trust_fused,128,RECOVERY,222,"(25, 4)",False,1,False,2450
0,0.0,True,0.0,0.9993847728978116,0.9997933575381759,2386,1,2386.0,117,10,27,"(33, 8)",0,0.017241379310344827,89.96296296296296,47.629629629629626,trust_fused,117,RECOVERY,208,"(28, 10)",False,2,False,2450
0,0.0,True,0.0,0.9,0.9,2385,0,2385.0,111,13,29,"(33, 50)",0,0.015384615384615385,83.65517241379311,35.58620689655172,trust_fused,111,RECOVERY,185,"(24, 49)",False,0,False,2455
0,0.0,True,0.0,0.9845205195369872,0.994845806207719,2384,2,2384.0,130,16,27,"(33, 8)",0,0.015384615384615385,90.85185185185185,41.7037037037037,trust_fused,130,RECOVERY,224,"(25, 4)",False,1,False,2455
0,0.0,True,0.0,0.9993847728978116,0.9997933575381759,2391,1,2391.0,118,10,27,"(33, 8)",0,0.015384615384615385,89.96296296296296,47.629629629629626,trust_fused,118,RECOVERY,209,"(32, 11)",False,2,False,2455
0,0.0,True,0.0,0.9,0.9,2390,0,2390.0,111,13,29,"(33, 50)",0,0.013537906137184115,83.65517241379311,35.58620689655172,trust_fused,111,RECOVERY,185,"(26, 46)",False,0,False,2460
0,0.0,True,0.0,0.9845205195369872,0.994845806207719,2389,2,2389.0,130,16,27,"(33, 8)",0,0.013537906137184115,90.85185185185185,41.7037037037037,trust_fused,130,RECOVERY,224,"(28, 6)",False,1,False,2460
0,0.0,True,0.0,0.9993847728978116,0.9997933575381759,2395,1,2395.0,119,10,27,"(13, 50)",0,0.013537906137184115,89.96296296296296,47.629629629629626,trust_fused,119,RECOVERY,210,"(33, 8)",False,2,False,2460
0,0.0,True,0.0,0.9,0.9,2395,0,2395.0,111,13,29,"(33, 50)",0,0.012601260126012601,83.65517241379311,35.58620689655172,trust_fused,111,RECOVERY,185,"(28, 47)",False,0,False,2465
0,0.0,True,0.0,0.9845205195369872,0.994845806207719,2394,2,2394.0,130,16,27,"(33, 8)",0,0.012601260126012601,90.85185185185185,41.7037037037037,trust_fused,130,RECOVERY,224,"(28, 11)",False,1,False,2465
0,0.0,True,0.0,0.9993847728978116,0.9997933575381759,2400,1,2400.0,119,10,27,"(13, 50)",0,0.012601260126012601,89.96296296296296,47.629629629629626,trust_fused,119,RECOVERY,210,"(32, 12)",False,2,False,2465
0,0.0,True,0.0,0.9,0.9,2400,0,2400.0,111,13,29,"(33, 50)",0,0.012601260126012601,83.65517241379311,35.58620689655172,trust_fused,111,RECOVERY,185,"(30, 50)",False,0,False,2470
0,0.0,True,0.0,0.9845205195369872,0.994845806207719,2399,2,2399.0,130,16,27,"(33, 8)",0,0.017101710171017102,90.85185185185185,41.7037037037037,trust_fused,130,RECOVERY,224,"(32, 10)",False,1,False,2470
0,0.0,True,0.0,0.9993847728978116,0.9997933575381759,2405,1,2405.0,119,10,27,"(13, 50)",0,0.011701170117011701,89.96296296296296,47.629629629629626,trust_fused,119,RECOVERY,210,"(27, 12)",False,2,False,2470
0,0.0,True,0.0,0.9,0.9,2404,0,2404.0,112,13,29,"(13, 50)",0,0.012601260126012601,83.65517241379311,35.58620689655172,trust_fused,112,RECOVERY,187,"(32, 50)",False,0,False,2475
0,0.0,True,0.0,0.9845205195369872,0.994845806207719,2403,2,2403.0,131,16,27,"(13, 50)",0,0.017101710171017102,90.85185185185185,41.7037037037037,trust_fused,131,RECOVERY,226,"(32, 8)",False,1,False,2475
0,0.0,True,0.0,0.9993847728978116,0.9997933575381759,2410,1,2410.0,120,10,27,"(13, 50)",0,0.011701170117011701,89.96296296296296,47.629629629629626,trust_fused,120,RECOVERY,211,"(25, 15)",False,2,False,2475
0,0.0,True,0.0,0.9,0.9,2409,0,2409.0,112,13,29,"(13, 50)",0,0.012601260126012601,83.65517241379311,35.58620689655172,trust_fused,112,RECOVERY,187,"(29, 48)",False,0,False,2480
0,0.0,True,0.0,0.9845205195369872,0.994845806207719,2408,2,2408.0,131,16,27,"(13, 50)",0,0.017101710171017102,90.85185185185185,41.7037037037037,trust_fused,131,RECOVERY,226,"(31, 12)",False,1,False,2480
0,0.0,True,0.0,0.9993847728978116,0.9997933575381759,2415,1,2415.0,120,10,27,"(13, 50)",0,0.012601260126012601,89.96296296296296,47.629629629629626,trust_fused,120,RECOVERY,211,"(22, 17)",False,2,False,2480
0,0.0,True,0.0,0.9,0.9,2414,0,2414.0,112,13,29,"(13, 50)",0,0.012601260126012601,83.65517241379311,35.58620689655172,trust_fused,112,RECOVERY,187,"(27, 45)",False,0,False,2485
0,0.0,True,0.0,0.9845205195369872,0.994845806207719,2413,2,2413.0,131,16,27,"(13, 50)",0,0.018001800180018002,90.85185185185185,41.7037037037037,trust_fused,131,RECOVERY,226,"(26, 12)",False,1,False,2485
0,0.0,True,0.0,0.9993847728978116,0.9997933575381759,2420,1,2420.0,120,10,27,"(13, 50)",0,0.012601260126012601,89.96296296296296,47.629629629629626,trust_fused,120,RECOVERY,211,"(17, 17)",False,2,False,2485
0,0.0,True,0.0,0.9,0.9,2419,0,2419.0,112,13,29,"(13, 50)",0,0.013501350135013501,83.65517241379311,35.58620689655172,trust_fused,112,RECOVERY,187,"(25, 48)",False,0,False,2490
0,0.0,True,0.0,0.9845205195369872,0.994845806207719,2418,2,2418.0,131,16,27,"(13, 50)",0,0.018001800180018002,90.85185185185185,41.7037037037037,trust_fused,131,RECOVERY,226,"(26, 17)",False,1,False,2490
0,0.0,True,0.0,0.9993847728978116,0.9997933575381759,2425,1,2425.0,120,10,27,"(13, 50)",0,0.012601260126012601,89.96296296296296,47.629629629629626,trust_fused,120,RECOVERY,211,"(14, 19)",False,2,False,2490
0,0.0,True,0.0,0.9,0.9,2424,0,2424.0,112,13,29,"(13, 50)",0,0.013501350135013501,83.65517241379311,35.58620689655172,trust_fused,112,RECOVERY,187,"(21, 49)",False,0,False,2495
0,0.0,True,0.0,0.9845205195369872,0.994845806207719,2423,2,2423.0,131,16,27,"(13, 50)",0,0.018001800180018002,90.85185185185185,41.7037037037037,trust_fused,131,RECOVERY,226,"(26, 22)",False,1,False,2495
0,0.0,True,0.0,0.9993847728978116,0.9997933575381759,2430,1,2430.0,120,10,27,"(13, 50)",0,0.012601260126012601,89.96296296296296,47.629629629629626,trust_fused,120,RECOVERY,211,"(14, 24)",False,2,False,2495
