active_fake_claim_count,attacker_attributable_cost_on_route,attacker_is_trusted,attacker_route_cost_delta,attacker_source_memory,attacker_trust,benign_movement_steps,benign_no_path_steps,benign_total_distance,benign_total_replans,benign_traffic_wait_steps,deliveries_completed,goal,influential_fake_claim_count,map_error,mean_delivery_cycle_time_steps,mean_delivery_time_steps,method,path_changes,phase,planning_checks,position,preferred_route_affected_by_attacker,robot_id,route_affected_by_attacker,step
0,0.0,True,0.0,0.9,0.9,1,0,1.0,1,0,0,"(33, 50)",0,0.0,,,full_trust,1,RECONNAISSANCE,1,"(7, 8)",False,0,False,0
0,0.0,True,0.0,0.9,0.9,1,0,1.0,1,0,0,"(33, 50)",0,0.0,,,full_trust,1,RECONNAISSANCE,1,"(28, 42)",False,1,False,0
0,0.0,True,0.0,0.9,0.9,1,0,1.0,1,0,0,"(13, 50)",0,0.0,,,full_trust,1,RECONNAISSANCE,1,"(7, 42)",False,2,False,0
0,0.0,True,0.0,0.9,0.9,6,0,6.0,1,0,0,"(33, 50)",0,0.0,,,full_trust,1,RECONNAISSANCE,1,"(12, 8)",False,0,False,5
0,0.0,True,0.0,0.9,0.9,6,0,6.0,1,0,0,"(33, 50)",0,0.0,,,full_trust,1,RECONNAISSANCE,1,"(30, 45)",False,1,False,5
0,0.0,True,0.0,0.9,0.9,6,0,6.0,1,0,0,"(13, 50)",0,0.0,,,full_trust,1,RECONNAISSANCE,1,"(9, 45)",False,2,False,5
0,0.0,True,0.0,0.9,0.9,11,0,11.0,1,0,0,"(33, 50)",0,0.0,,,full_trust,1,RECONNAISSANCE,1,"(13, 12)",False,0,False,10
0,0.0,True,0.0,0.9,0.9,11,0,11.0,1,0,0,"(33, 50)",0,0.0,,,full_trust,1,RECONNAISSANCE,1,"(31, 49)",False,1,False,10
0,0.0,True,0.0,0.9,0.9,11,0,11.0,1,0,0,"(13, 50)",0,0.0,,,full_trust,1,RECONNAISSANCE,1,"(10, 49)",False,2,False,10
0,0.0,True,0.0,0.9,0.9,16,0,16.0,1,0,0,"(33, 50)",0,0.0,,,full_trust,1,RECONNAISSANCE,1,"(14, 16)",False,0,False,15
0,0.0,True,0.0,0.9,0.9,15,0,15.0,2,0,0,"(25, 2)",0,0.0,,,full_trust,2,RECONNAISSANCE,2,"(32, 50)",False,1,False,15
0,0.0,True,0.0,0.9,0.9,15,0,15.0,2,0,0,"(15, 2)",0,0.0,,,full_trust,2,RECONNAISSANCE,2,"(13, 50)",False,2,False,15
0,0.0,True,0.0,0.9,0.9,21,0,21.0,1,0,0,"(33, 50)",0,0.0,,,full_trust,1,RECONNAISSANCE,1,"(14, 21)",False,0,False,20
0,0.0,True,0.0,0.9,0.9,20,0,20.0,2,0,0,"(25, 2)",0,0.0,,,full_trust,2,RECONNAISSANCE,2,"(30, 47)",False,1,False,20
0,0.0,True,0.0,0.9,0.9,20,0,20.0,2,0,0,"(15, 2)",0,0.0,,,full_trust,2,RECONNAISSANCE,2,"(13, 45)",False,2,False,20
0,0.0,True,0.0,0.9,0.9,26,0,26.0,2,0,0,"(33, 50)",0,0.0,,,full_trust,2,RECONNAISSANCE,2,"(14, 26)",False,0,False,25
0,0.0,True,0.0,0.9,0.9,25,0,25.0,2,0,0,"(25, 2)",0,0.0,,,full_trust,2,RECONNAISSANCE,3,"(30, 42)",False,1,False,25
0,0.0,True,0.0,0.9,0.9,25,0,25.0,2,0,0,"(15, 2)",0,0.0,,,full_trust,2,RECONNAISSANCE,3,"(14, 41)",False,2,False,25
0,0.0,True,0.0,0.9,0.9,31,0,31.0,2,0,0,"(33, 50)",0,0.0,,,full_trust,2,RECONNAISSANCE,2,"(16, 29)",False,0,False,30
0,0.0,True,0.0,0.9,0.9,30,0,30.0,2,0,0,"(25, 2)",0,0.0,,,full_trust,2,RECONNAISSANCE,3,"(27, 40)",False,1,False,30
0,0.0,True,0.0,0.9005353814978126,0.9074170943729795,30,0,30.0,2,0,0,"(15, 2)",0,0.0,,,full_trust,2,RECONNAISSANCE,3,"(14, 36)",False,2,False,30
0,0.0,True,0.0,0.9,0.9,36,0,36.0,2,0,0,"(33, 50)",0,0.0,,,full_trust,2,RECONNAISSANCE,2,"(17, 33)",False,0,False,35
0,0.0,True,0.0,0.9,0.9,35,0,35.0,2,0,0,"(25, 2)",0,0.0,,,full_trust,2,RECONNAISSANCE,3,"(25, 37)",False,1,False,35
0,0.0,True,0.0,0.9046101546431302,0.9252619706220142,35,0,35.0,2,0,0,"(15, 2)",0,0.0,,,full_trust,2,RECONNAISSANCE,3,"(14, 31)",False,2,False,35
0,0.0,True,0.0,0.9,0.9,41,0,41.0,2,0,0,"(33, 50)",0,0.0,,,full_trust,2,RECONNAISSANCE,2,"(17, 38)",False,0,False,40
0,0.0,True,0.0,0.9024036732377093,0.9166827492636235,40,0,40.0,2,0,0,"(25, 2)",0,0.0,,,full_trust,2,RECONNAISSANCE,3,"(25, 32)",False,1,False,40
0,0.0,True,0.0,0.9113141622099501,0.938726664523383,40,0,40.0,2,0,0,"(15, 2)",0,0.0,,,full_trust,2,RECONNAISSANCE,3,"(14, 26)",False,2,False,40
0,0.0,True,0.0,0.9,0.9,46,0,46.0,2,0,0,"(33, 50)",0,0.0,,,full_trust,2,RECONNAISSANCE,2,"(17, 43)",False,0,False,45
0,0.0,True,0.0,0.9051633726042757,0.9241605739904846,45,0,45.0,2,0,0,"(25, 2)",0,0.0,,,full_trust,2,RECONNAISSANCE,3,"(25, 27)",False,1,False,45
0,0.0,True,0.0,0.91881434865784,0.9477543411906444,45,0,45.0,2,0,0,"(15, 2)",0,0.0,,,full_trust,2,RECONNAISSANCE,3,"(14, 21)",False,2,False,45
0,0.0,True,0.0,0.9,0.9,51,0,51.0,2,0,0,"(33, 50)",0,0.0,,,full_trust,2,RECONNAISSANCE,3,"(17, 48)",False,0,False,50
0,0.0,True,0.0,0.9051633726042757,0.9241605739904846,50,0,50.0,2,0,0,"(25, 2)",0,0.0,,,full_trust,2,RECONNAISSANCE,4,"(25, 22)",False,1,False,50
0,0.0,True,0.0,0.9265144244646492,0.9560594487078676,50,0,50.0,2,0,0,"(15, 2)",0,0.0,,,full_trust,2,RECONNAISSANCE,4,"(14, 16)",False,2,False,50
0,0.0,True,0.0,0.9,0.9,56,0,56.0,2,0,0,"(33, 50)",0,0.0,,,full_trust,2,RECONNAISSANCE,3,"(21, 49)",False,0,False,55
0,0.0,True,0.0,0.9051633726042757,0.9241605739904846,55,0,55.0,2,0,0,"(25, 2)",0,0.0,,,full_trust,2,RECONNAISSANCE,4,"(25, 17)",False,1,False,55
0,0.0,True,0.0,0.934356949199002,0.9642047996797681,55,0,55.0,2,0,0,"(15, 2)",0,0.0,,,full_trust,2,RECONNAISSANCE,4,"(14, 11)",False,2,False,55
0,0.0,True,0.0,0.9,0.9,61,0,61.0,2,0,0,"(33, 50)",0,0.0,,,full_trust,2,RECONNAISSANCE,3,"(25, 50)",False,0,False,60
0,0.0,True,0.0,0.9051633726042757,0.9241605739904846,60,0,60.0,2,0,0,"(25, 2)",0,0.0,,,full_trust,2,RECONNAISSANCE,4,"(25, 12)",False,1,False,60
0,0.0,True,0.0,0.9419222980969519,0.9697250091270376,60,0,60.0,2,0,0,"(15, 2)",0,0.0,,,full_trust,2,RECONNAISSANCE,4,"(14, 6)",False,2,False,60
0,0.0,True,0.0,0.9,0.9,66,0,66.0,2,0,0,"(33, 50)",0,0.0,,,full_trust,2,RECONNAISSANCE,3,"(30, 50)",False,0,False,65
0,0.0,True,0.0,0.9051633726042757,0.9241605739904846,65,0,65.0,2,0,0,"(25, 2)",0,0.0,,,full_trust,2,RECONNAISSANCE,4,"(25, 7)",False,1,False,65
0,0.0,True,0.0,0.9433758465120083,0.9709932663980808,65,0,65.0,2,0,0,"(15, 2)",0,0.0,,,full_trust,2,RECONNAISSANCE,4,"(15, 2)",False,2,False,65
0,0.0,True,0.0,0.9,0.9,70,0,70.0,3,0,0,"(2, 41)",0,0.0,,,full_trust,3,RECONNAISSANCE,4,"(32, 50)",False,0,False,70
0,0.0,True,0.0,0.9051633726042757,0.9241605739904846,70,0,70.0,2,0,0,"(25, 2)",0,0.0,,,full_trust,2,RECONNAISSANCE,4,"(25, 2)",False,1,False,70
0,0.0,True,0.0,0.9433758465120083,0.9709932663980808,69,0,69.0,3,0,1,"(33, 50)",0,0.0,66.0,51.0,full_trust,3,RECONNAISSANCE,5,"(15, 6)",False,2,False,70
0,0.0,True,0.0,0.9,0.9,75,0,75.0,3,0,0,"(2, 41)",0,0.0,,,full_trust,3,RECONNAISSANCE,5,"(28, 49)",False,0,False,75
0,0.0,True,0.0,0.9051633726042757,0.9241605739904846,74,0,74.0,3,0,1,"(33, 50)",0,0.0,71.0,57.0,full_trust,3,RECONNAISSANCE,6,"(25, 6)",False,1,False,75
0,0.0,True,0.0,0.9433758465120083,0.9709932663980808,74,0,74.0,3,0,1,"(33, 50)",0,0.0,66.0,51.0,full_trust,3,RECONNAISSANCE,6,"(17, 9)",False,2,False,75
0,0.0,True,0.0,0.9,0.9,80,0,80.0,3,0,0,"(2, 41)",0,0.0,,,full_trust,3,RECONNAISSANCE,5,"(23, 49)",False,0,False,80
0,0.0,True,0.0,0.9051633726042757,0.9241605739904846,79,0,79.0,3,0,1,"(33, 50)",0,0.0,71.0,57.0,full_trust,3,RECONNAISSANCE,6,"(25, 11)",False,1,False,80
0,0.0,True,0.0,0.9433758465120083,0.9709932663980808,79,0,79.0,3,0,1,"(33, 50)",0,0.0,66.0,51.0,full_trust,3,RECONNAISSANCE,6,"(17, 14)",False,2,False,80
0,0.0,True,0.0,0.9,0.9,85,0,85.0,3,0,0,"(2, 41)",0,0.0,,,full_trust,3,RECONNAISSANCE,5,"(20, 47)",False,0,False,85
0,0.0,True,0.0,0.9051633726042757,0.9241605739904846,84,0,84.0,3,0,1,"(33, 50)",0,0.0,71.0,57.0,full_trust,3,RECONNAISSANCE,6,"(25, 16)",False,1,False,85
0,0.0,True,0.0,0.9433758465120083,0.9709932663980808,84,0,84.0,3,0,1,"(33, 50)",0,0.0,66.0,51.0,full_trust,3,RECONNAISSANCE,6,"(17, 19)",False,2,False,85
0,0.0,True,0.0,0.9,0.9,90,0,90.0,3,0,0,"(2, 41)",0,0.001092896174863388,,,full_trust,3,RECONNAISSANCE,5,"(17, 45)",False,0,False,90
0,0.0,True,0.0,0.9051633726042757,0.9241605739904846,89,0,89.0,3,0,1,"(33, 50)",0,0.0,71.0,57.0,full_trust,3,RECONNAISSANCE,6,"(26, 20)",False,1,False,90
0,0.0,True,0.0,0.9433758465120083,0.9709932663980808,89,0,89.0,3,0,1,"(33, 50)",0,0.0,66.0,51.0,full_trust,3,RECONNAISSANCE,6,"(17, 24)",False,2,False,90
0,0.0,True,0.0,0.9,0.9,95,0,95.0,3,0,0,"(2, 41)",0,0.0010857763300760044,,,full_trust,3,RECONNAISSANCE,5,"(16, 41)",False,0,False,95
0,0.0,True,0.0,0.9051633726042757,0.9241605739904846,94,0,94.0,3,0,1,"(33, 50)",0,0.0,71.0,57.0,full_trust,3,RECONNAISSANCE,6,"(26, 25)",False,1,False,95
0,0.0,True,0.0,0.9461818343671693,0.9725413589947364,94,0,94.0,3,0,1,"(33, 50)",0,0.0,66.0,51.0,full_trust,3,RECONNAISSANCE,6,"(17, 29)",False,2,False,95
0,0.0,True,0.0,0.9,0.9,100,0,100.0,3,0,0,"(2, 41)",0,0.0,,,full_trust,3,RECONNAISSANCE,6,"(11, 41)",False,0,False,100
0,0.0,True,0.0,0.9051633726042757,0.9241605739904846,99,0,99.0,4,0,1,"(33, 50)",0,0.0,71.0,57.0,full_trust,4,RECONNAISSANCE,7,"(26, 30)",False,1,False,100
0,0.0,True,0.0,0.9526613424538608,0.9761785971295621,99,0,99.0,3,0,1,"(33, 50)",0,0.0,66.0,51.0,full_trust,3,RECONNAISSANCE,7,"(17, 34)",False,2,False,100
0,0.0,True,0.0,0.9,0.9,105,0,105.0,3,0,0,"(2, 41)",0,0.0,,,full_trust,3,RECONNAISSANCE,6,"(6, 41)",False,0,False,105
0,0.0,True,0.0,0.9051633726042757,0.9241605739904846,104,0,104.0,4,0,1,"(33, 50)",0,0.0,71.0,57.0,full_trust,4,RECONNAISSANCE,7,"(28, 33)",False,1,False,105
0,0.0,True,0.0,0.9584896567288334,0.979764795669673,104,0,104.0,3,0,1,"(33, 50)",0,0.0,66.0,51.0,full_trust,3,RECONNAISSANCE,7,"(18, 38)",False,2,False,105
0,0.0,True,0.0,0.9,0.9,109,0,109.0,4,0,1,"(33, 50)",0,0.0,110.0,41.0,full_trust,4,RECONNAISSANCE,7,"(2, 41)",False,0,False,110
0,0.0,True,0.0,0.9051633726042757,0.9241605739904846,109,0,109.0,4,0,1,"(33, 50)",0,0.0,71.0,57.0,full_trust,4,RECONNAISSANCE,7,"(29, 37)",False,1,False,110
0,0.0,True,0.0,0.9637304291833237,0.9828268514459252,109,0,109.0,3,0,1,"(33, 50)",0,0.0,66.0,51.0,full_trust,3,RECONNAISSANCE,7,"(18, 43)",False,2,False,110
0,0.0,True,0.0,0.9,0.9,114,0,114.0,4,0,1,"(33, 50)",0,0.0,110.0,41.0,full_trust,4,RECONNAISSANCE,7,"(7, 41)",False,0,False,115
0,0.0,True,0.0,0.9073142931175864,0.9282037261360582,114,0,114.0,4,0,1,"(33, 50)",0,0.0,71.0,57.0,full_trust,4,RECONNAISSANCE,7,"(29, 42)",False,1,False,115
0,0.0,True,0.0,0.9684257412504245,0.9854228402687601,114,0,114.0,3,0,1,"(33, 50)",0,0.0,66.0,51.0,full_trust,3,RECONNAISSANCE,7,"(18, 48)",False,2,False,115
0,0.0,True,0.0,0.9,0.9,119,0,119.0,4,0,1,"(33, 50)",0,0.0,110.0,41.0,full_trust,4,RECONNAISSANCE,7,"(8, 45)",False,0,False,120
0,0.0,True,0.0,0.9134868664860689,0.938227209962616,119,0,119.0,4,0,1,"(33, 50)",0,0.0,71.0,57.0,full_trust,4,RECONNAISSANCE,7,"(31, 45)",False,1,False,120
0,0.0,True,0.0,0.9726014472816271,0.9878096560297737,119,0,119.0,3,0,1,"(33, 50)",0,0.0,66.0,51.0,full_trust,3,RECONNAISSANCE,7,"(21, 50)",False,2,False,120
0,0.0,True,0.0,0.9,0.9,124,0,124.0,5,0,1,"(33, 50)",0,0.0,110.0,41.0,full_trust,5,RECONNAISSANCE,8,"(12, 46)",False,0,False,125
0,0.0,True,0.0,0.9189908122780143,0.9463002740805283,124,0,124.0,4,0,1,"(33, 50)",0,0.0,71.0,57.0,full_trust,4,RECONNAISSANCE,8,"(31, 50)",False,1,False,125
0,0.0,True,0.0,0.9763506250839227,0.9898764022179022,124,0,124.0,3,0,1,"(33, 50)",0,0.0,66.0,51.0,full_trust,3,RECONNAISSANCE,8,"(26, 50)",False,2,False,125
0,0.0,True,0.0,0.9,0.9,129,0,129.0,5,0,1,"(33, 50)",0,0.0,110.0,41.0,full_trust,5,RECONNAISSANCE,8,"(15, 48)",False,0,False,130
0,0.0,True,0.0,0.9204328210040651,0.9478309867990299,128,0,128.0,5,0,1,"(33, 8)",0,0.0,71.0,57.0,full_trust,5,RECONNAISSANCE,9,"(33, 48)",False,1,False,130
0,0.0,True,0.0,0.9796212102265827,0.991337781990424,129,0,129.0,3,0,1,"(33, 50)",0,0.0,66.0,51.0,full_trust,3,RECONNAISSANCE,8,"(31, 50)",False,2,False,130
0,0.0,True,0.0,0.9,0.9,134,0,134.0,5,0,1,"(33, 50)",0,0.0,110.0,41.0,full_trust,5,RECONNAISSANCE,8,"(19, 49)",False,0,False,135
0,0.0,True,0.0,0.9204328210040651,0.9478309867990299,133,0,133.0,5,0,1,"(33, 8)",0,0.0,71.0,57.0,full_trust,5,RECONNAISSANCE,9,"(30, 46)",False,1,False,135
0,0.0,True,0.0,0.981390653791336,0.9923417821316658,133,0,133.0,4,0,1,"(33, 8)",0,0.0,66.0,51.0,full_trust,4,RECONNAISSANCE,9,"(33, 48)",False,2,False,135
0,0.0,True,0.0,0.9,0.9,139,0,139.0,5,0,1,"(33, 50)",0,0.0,110.0,41.0,full_trust,5,RECONNAISSANCE,8,"(23, 50)",False,0,False,140
0,0.0,True,0.0,0.9204328210040651,0.9478309867990299,138,0,138.0,5,0,1,"(33, 8)",0,0.0,71.0,57.0,full_trust,5,RECONNAISSANCE,9,"(30, 41)",False,1,False,140
0,0.0,True,0.0,0.9824865411828348,0.9927219509885079,138,0,138.0,4,0,1,"(33, 8)",0,0.0,66.0,51.0,full_trust,4,RECONNAISSANCE,9,"(30, 46)",False,2,False,140
0,0.0,True,0.0,0.9,0.9,144,0,144.0,5,0,1,"(33, 50)",0,0.0,110.0,41.0,full_trust,5,RECONNAISSANCE,8,"(28, 50)",False,0,False,145
0,0.0,True,0.0,0.9218784576895173,0.949345554713108,143,0,143.0,5,0,1,"(33, 8)",0,0.002074688796680498,71.0,57.0,full_trust,5,RECONNAISSANCE,9,"(28, 38)",False,1,False,145
0,0.0,True,0.0,0.9849801561657588,0.9940109275887051,143,0,143.0,4,0,1,"(33, 8)",0,0.0,66.0,51.0,full_trust,4,RECONNAISSANCE,9,"(29, 42)",False,2,False,145
0,0.0,True,0.0,0.9,0.9,149,0,149.0,5,0,1,"(33, 50)",0,0.0487551867219917,110.0,41.0,full_trust,5,RECONNAISSANCE,9,"(33, 50)",False,0,False,150
0,0.0,True,0.0,0.9218784576895173,0.949345554713108,148,0,148.0,6,0,1,"(33, 8)",0,0.04564315352697095,71.0,57.0,full_trust,6,RECONNAISSANCE,10,"(28, 33)",False,1,False,150
0,0.0,True,0.0,0.9858921557328854,0.9944286793786582,148,0,148.0,4,0,1,"(33, 8)",0,0.04771784232365145,66.0,51.0,full_trust,4,RECONNAISSANCE,10,"(29, 37)",False,2,False,150
0,0.0,True,0.0,0.9,0.9,153,0,153.0,6,0,1,"(13, 50)",0,0.0487551867219917,110.0,41.0,full_trust,6,RECONNAISSANCE,10,"(29, 50)",False,0,False,155
0,0.0,True,0.0,0.9218784576895173,0.949345554713108,153,0,153.0,6,0,1,"(33, 8)",0,0.044605809128630707,71.0,57.0,full_trust,6,RECONNAISSANCE,10,"(26, 30)",False,1,False,155
0,0.0,True,0.0,0.9858921557328854,0.9944286793786582,153,0,153.0,4,0,1,"(33, 8)",0,0.04771784232365145,66.0,51.0,full_trust,4,RECONNAISSANCE,10,"(29, 32)",False,2,False,155
0,0.0,True,0.0,0.9,0.9,158,0,158.0,6,0,1,"(13, 50)",0,0.043076923076923075,110.0,41.0,full_trust,6,RECONNAISSANCE,10,"(25, 49)",False,0,False,160
0,0.0,True,0.0,0.9218784576895173,0.949345554713108,158,0,158.0,6,0,1,"(33, 8)",0,0.043076923076923075,71.0,57.0,full_trust,6,RECONNAISSANCE,10,"(25, 26)",False,1,False,160
0,0.0,True,0.0,0.9858921557328854,0.9944286793786582,158,0,158.0,4,0,1,"(33, 8)",0,0.04205128205128205,66.0,51.0,full_trust,4,RECONNAISSANCE,10,"(29, 27)",False,2,False,160
0,0.0,True,0.0,0.9,0.9,163,0,163.0,6,0,1,"(13, 50)",0,0.0416243654822335,110.0,41.0,full_trust,6,RECONNAISSANCE,10,"(20, 49)",False,0,False,165
0,0.0,True,0.0,0.9218784576895173,0.949345554713108,163,0,163.0,7,0,1,"(33, 8)",0,0.03959390862944162,71.0,57.0,full_trust,7,RECONNAISSANCE,11,"(25, 21)",False,1,False,165
0,0.0,True,0.0,0.9858921557328854,0.9944286793786582,163,0,163.0,4,0,1,"(33, 8)",0,0.04060913705583756,66.0,51.0,full_trust,4,RECONNAISSANCE,10,"(29, 22)",False,2,False,165
0,0.0,True,0.0,0.9,0.9,168,0,168.0,6,0,1,"(13, 50)",0,0.034274193548387094,110.0,41.0,full_trust,6,RECONNAISSANCE,10,"(16, 50)",False,0,False,170
0,0.0,True,0.0,0.9218784576895173,0.949345554713108,168,0,168.0,7,0,1,"(33, 8)",0,0.03326612903225806,71.0,57.0,full_trust,7,RECONNAISSANCE,11,"(27, 18)",False,1,False,170
0,0.0,True,0.0,0.9858921557328854,0.9944286793786582,168,0,168.0,4,0,1,"(33, 8)",0,0.03528225806451613,66.0,51.0,full_trust,4,RECONNAISSANCE,10,"(29, 17)",False,2,False,170
0,0.0,True,0.0,0.9,0.9,172,0,172.0,7,0,2,"(2, 41)",0,0.03060217176702863,87.0,32.0,full_trust,7,RECONNAISSANCE,12,"(12, 50)",False,0,False,175
0,0.0,True,0.0,0.9218784576895173,0.949345554713108,173,0,173.0,9,0,1,"(33, 8)",0,0.029615004935834157,71.0,57.0,full_trust,9,RECONNAISSANCE,13,"(29, 15)",False,1,False,175
0,0.0,True,0.0,0.9858921557328854,0.9944286793786582,173,0,173.0,6,0,1,"(33, 8)",0,0.03257650542941757,66.0,51.0,full_trust,6,RECONNAISSANCE,12,"(29, 12)",False,2,False,175
0,0.0,True,0.0,0.9,0.9,177,0,177.0,7,0,2,"(2, 41)",0,0.027613412228796843,87.0,32.0,full_trust,7,RECONNAISSANCE,12,"(11, 46)",False,0,False,180
0,0.0,True,0.0,0.9218784576895173,0.949345554713108,178,0,178.0,10,0,1,"(33, 8)",0,0.026627218934911243,71.0,57.0,full_trust,10,RECONNAISSANCE,14,"(30, 11)",False,1,False,180
0,0.0,True,0.0,0.9858921557328854,0.9944286793786582,178,0,178.0,6,0,1,"(33, 8)",0,0.03057199211045365,66.0,51.0,full_trust,6,RECONNAISSANCE,13,"(32, 10)",False,2,False,180
0,0.0,True,0.0,0.9,0.9,182,0,182.0,7,0,2,"(2, 41)",0,0.027613412228796843,87.0,32.0,full_trust,7,RECONNAISSANCE,12,"(7, 45)",False,0,False,185
0,0.0,True,0.0,0.9218784576895173,0.949345554713108,183,0,183.0,10,0,1,"(33, 8)",0,0.026627218934911243,71.0,57.0,full_trust,10,RECONNAISSANCE,14,"(28, 8)",False,1,False,185
0,0.0,True,0.0,0.9858921557328854,0.9944286793786582,183,0,183.0,7,0,1,"(33, 8)",0,0.03057199211045365,66.0,51.0,full_trust,7,RECONNAISSANCE,14,"(28, 9)",False,2,False,185
0,0.0,True,0.0,0.9,0.9,187,0,187.0,7,0,2,"(2, 41)",0,0.026392961876832845,87.0,32.0,full_trust,7,RECONNAISSANCE,12,"(5, 42)",False,0,False,190
0,0.0,True,0.0,0.9218784576895173,0.949345554713108,188,0,188.0,10,0,1,"(33, 8)",0,0.02541544477028348,71.0,57.0,full_trust,10,RECONNAISSANCE,14,"(33, 8)",False,1,False,190
0,0.0,True,0.0,0.9858921557328854,0.9944286793786582,188,0,188.0,7,0,1,"(33, 8)",0,0.02737047898338221,66.0,51.0,full_trust,7,RECONNAISSANCE,14,"(32, 8)",False,2,False,190
0,0.0,True,0.0,0.9,0.9,191,0,191.0,8,0,2,"(2, 50)",0,0.02541544477028348,87.0,32.0,full_trust,8,RECONNAISSANCE,13,"(2, 41)",False,0,False,195
0,0.0,True,0.0,0.9218784576895173,0.949345554713108,191,0,191.0,11,1,2,"(13, 50)",0,0.024437927663734114,95.5,60.0,full_trust,11,RECONNAISSANCE,15,"(30, 8)",False,1,False,195
0,0.0,True,0.0,0.9858921557328854,0.9944286793786582,192,0,192.0,7,1,1,"(33, 8)",0,0.026392961876832845,66.0,51.0,full_trust,7,RECONNAISSANCE,14,"(28, 8)",False,2,False,195
0,0.0,True,0.0,0.9,0.9,196,0,196.0,8,0,2,"(2, 50)",0,0.02541544477028348,87.0,32.0,full_trust,8,RECONNAISSANCE,14,"(3, 45)",False,0,False,200
0,0.0,True,0.0,0.9218784576895173,0.949345554713108,196,0,196.0,11,1,2,"(13, 50)",0,0.024437927663734114,95.5,60.0,full_trust,11,RECONNAISSANCE,16,"(28, 11)",False,1,False,200
0,0.0,True,0.0,0.9858921557328854,0.9944286793786582,197,0,197.0,7,1,1,"(33, 8)",0,0.024437927663734114,66.0,51.0,full_trust,7,RECONNAISSANCE,15,"(30, 11)",False,2,False,200
0,0.0,True,0.0,0.9,0.9,201,0,201.0,8,0,2,"(2, 50)",0,0.025365853658536587,87.0,32.0,full_trust,8,RECONNAISSANCE,14,"(3, 50)",False,0,False,205
0,0.0,True,0.0,0.9218784576895173,0.949345554713108,201,0,201.0,11,1,2,"(13, 50)",0,0.024390243902439025,95.5,60.0,full_trust,11,RECONNAISSANCE,16,"(28, 16)",False,1,False,205
0,0.0,True,0.0,0.9858921557328854,0.9944286793786582,202,0,202.0,9,1,1,"(33, 8)",0,0.023414634146341463,66.0,51.0,full_trust,9,RECONNAISSANCE,17,"(30, 10)",False,2,False,205
0,0.0,True,0.0,0.9,0.9,205,0,205.0,9,0,3,"(33, 8)",0,0.025365853658536587,69.0,25.333333333333332,full_trust,9,RECONNAISSANCE,15,"(4, 49)",False,0,False,210
0,0.0,True,0.0,0.9218784576895173,0.949345554713108,206,0,206.0,11,1,2,"(13, 50)",0,0.024390243902439025,95.5,60.0,full_trust,11,RECONNAISSANCE,16,"(27, 20)",False,1,False,210
0,0.0,True,0.0,0.9858921557328854,0.9944286793786582,207,0,207.0,9,1,1,"(33, 8)",0,0.023414634146341463,66.0,51.0,full_trust,9,RECONNAISSANCE,17,"(29, 8)",False,2,False,210
0,0.0,True,0.0,0.9,0.9,210,0,210.0,9,0,3,"(33, 8)",0,0.025365853658536587,69.0,25.333333333333332,full_trust,9,RECONNAISSANCE,15,"(6, 46)",False,0,False,215
0,0.0,True,0.0,0.9218784576895173,0.949345554713108,211,0,211.0,11,1,2,"(13, 50)",0,0.024390243902439025,95.5,60.0,full_trust,11,RECONNAISSANCE,16,"(27, 25)",False,1,False,215
0,0.0,True,0.0,0.9858921557328854,0.9944286793786582,211,0,211.0,10,1,2,"(2, 20)",0,0.023414634146341463,107.5,66.5,full_trust,10,RECONNAISSANCE,18,"(33, 8)",False,2,False,215
0,0.0,True,0.0,0.9,0.9,215,0,215.0,9,0,3,"(33, 8)",0,0.025365853658536587,69.0,25.333333333333332,full_trust,9,RECONNAISSANCE,15,"(8, 43)",False,0,False,220
0,0.0,True,0.0,0.9218784576895173,0.949345554713108,216,0,216.0,11,1,2,"(13, 50)",0,0.024390243902439025,95.5,60.0,full_trust,11,RECONNAISSANCE,16,"(27, 30)",False,1,False,220
0,0.0,True,0.0,0.9858921557328854,0.9944286793786582,216,0,216.0,10,1,2,"(2, 20)",0,0.023414634146341463,107.5,66.5,full_trust,10,RECONNAISSANCE,18,"(28, 8)",False,2,False,220
0,0.0,True,0.0,0.9,0.9,220,0,220.0,10,0,3,"(33, 8)",0,0.025365853658536587,69.0,25.333333333333332,full_trust,10,RECONNAISSANCE,16,"(11, 41)",False,0,False,225
0,0.0,True,0.0,0.9218784576895173,0.949345554713108,221,0,221.0,11,1,2,"(13, 50)",0,0.024390243902439025,95.5,60.0,full_trust,11,RECONNAISSANCE,17,"(27, 35)",False,1,False,225
0,0.0,True,0.0,0.9858921557328854,0.9944286793786582,221,0,221.0,11,1,2,"(2, 20)",0,0.023414634146341463,107.5,66.5,full_trust,11,RECONNAISSANCE,19,"(24, 9)",False,2,False,225
0,0.0,True,0.0,0.9,0.9,225,0,225.0,10,0,3,"(33, 8)",0,0.02048780487804878,69.0,25.333333333333332,full_trust,10,RECONNAISSANCE,16,"(14, 39)",False,0,False,230
0,0.0,True,0.0,0.923308513430181,0.9504795725027941,226,0,226.0,11,1,2,"(13, 50)",0,0.01951219512195122,95.5,60.0,full_trust,11,RECONNAISSANCE,17,"(27, 40)",False,1,False,230
0,0.0,True,0.0,0.9858921557328854,0.9944286793786582,226,0,226.0,11,1,2,"(2, 20)",0,0.01951219512195122,107.5,66.5,full_trust,11,RECONNAISSANCE,19,"(20, 10)",False,2,False,230
0,0.0,True,0.0,0.9,0.9,230,0,230.0,10,0,3,"(33, 8)",0,0.012682926829268294,69.0,25.333333333333332,full_trust,10,RECONNAISSANCE,16,"(16, 36)",False,0,False,235
0,0.0,True,0.0,0.9303477024554813,0.9569148310098851,231,0,231.0,11,1,2,"(13, 50)",0,0.010731707317073172,95.5,60.0,full_trust,11,RECONNAISSANCE,17,"(27, 45)",False,1,False,235
0,0.0,True,0.0,0.9858921557328854,0.9944286793786582,231,0,231.0,11,1,2,"(2, 20)",0,0.010731707317073172,107.5,66.5,full_trust,11,RECONNAISSANCE,19,"(18, 13)",False,2,False,235
0,0.0,True,0.0,0.9,0.9,235,0,235.0,10,0,3,"(33, 8)",0,0.007804878048780488,69.0,25.333333333333332,full_trust,10,RECONNAISSANCE,16,"(16, 31)",False,0,False,240
0,0.0,True,0.0,0.9371385148380683,0.962565125948928,236,0,236.0,11,1,2,"(13, 50)",0,0.005853658536585366,95.5,60.0,full_trust,11,RECONNAISSANCE,17,"(26, 49)",False,1,False,240
0,0.0,True,0.0,0.9858921557328854,0.9944286793786582,236,0,236.0,11,1,2,"(2, 20)",0,0.005853658536585366,107.5,66.5,full_trust,11,RECONNAISSANCE,19,"(18, 18)",False,2,False,240
0,0.0,True,0.0,0.9,0.9,240,0,240.0,10,0,3,"(33, 8)",0,0.005853658536585366,69.0,25.333333333333332,full_trust,10,RECONNAISSANCE,16,"(16, 26)",False,0,False,245
0,0.0,True,0.0,0.9436958560906903,0.9684211199558014,241,0,241.0,11,1,2,"(13, 50)",0,0.003902439024390244,95.5,60.0,full_trust,11,RECONNAISSANCE,17,"(21, 49)",False,1,False,245
0,0.0,True,0.0,0.9867513689466374,0.9947970942911611,241,0,241.0,11,1,2,"(2, 20)",0,0.003902439024390244,107.5,66.5,full_trust,11,RECONNAISSANCE,19,"(15, 20)",False,2,False,245
0,0.0,True,0.0,0.9,0.9,245,0,245.0,11,0,3,"(33, 8)",0,0.004812319538017324,69.0,25.333333333333332,full_trust,11,RECONNAISSANCE,17,"(16, 21)",False,0,False,250
0,0.0,True,0.0,0.9499912679585952,0.9734211223841833,246,0,246.0,11,1,2,"(13, 50)",0,0.0028873917228103944,95.5,60.0,full_trust,11,RECONNAISSANCE,18,"(16, 49)",False,1,False,250
0,0.0,True,0.0,0.9887199358873722,0.9958540516125324,246,0,246.0,11,1,2,"(2, 20)",0,0.0028873917228103944,107.5,66.5,full_trust,11,RECONNAISSANCE,20,"(10, 20)",False,2,False,250
0,0.0,True,0.0,0.9,0.9,250,0,250.0,11,0,3,"(33, 8)",0,0.004690431519699813,69.0,25.333333333333332,full_trust,11,RECONNAISSANCE,17,"(18, 18)",False,0,False,255
0,0.0,True,0.0,0.9559171856629877,0.9776287442734223,250,0,250.0,12,1,2,"(2, 20)",0,0.0028142589118198874,95.5,60.0,full_trust,12,RECONNAISSANCE,19,"(13, 50)",False,1,False,255
0,0.0,True,0.0,0.9901244800724092,0.996485344497842,251,0,251.0,11,1,2,"(2, 20)",0,0.0028142589118198874,107.5,66.5,full_trust,11,RECONNAISSANCE,20,"(5, 20)",False,2,False,255
0,0.0,True,0.0,0.9,0.9,255,0,255.0,11,0,3,"(33, 8)",0,0.0037418147801683817,69.0,25.333333333333332,full_trust,11,RECONNAISSANCE,17,"(18, 13)",False,0,False,260
0,0.0,True,0.0,0.9602762170878697,0.9804225263842454,255,0,255.0,12,1,2,"(2, 20)",0,0.002806361085126286,95.5,60.0,full_trust,12,RECONNAISSANCE,19,"(12, 46)",False,1,False,260
0,0.0,True,0.0,0.9901244800724092,0.996485344497842,255,0,255.0,12,1,2,"(25, 2)",0,0.002806361085126286,107.5,66.5,full_trust,12,RECONNAISSANCE,21,"(3, 20)",False,2,False,260
0,0.0,True,0.0,0.9,0.9,260,0,260.0,11,0,3,"(33, 8)",0,0.0037418147801683817,69.0,25.333333333333332,full_trust,11,RECONNAISSANCE,17,"(19, 9)",False,0,False,265
0,0.0,True,0.0,0.9652661238172159,0.9834710550872076,260,0,260.0,12,1,2,"(2, 20)",0,0.002806361085126286,95.5,60.0,full_trust,12,RECONNAISSANCE,19,"(8, 45)",False,1,False,265
0,0.0,True,0.0,0.9901244800724092,0.996485344497842,260,0,260.0,12,1,2,"(25, 2)",0,0.002806361085126286,107.5,66.5,full_trust,12,RECONNAISSANCE,21,"(8, 20)",False,2,False,265
0,0.0,True,0.0,0.9,0.9,265,0,265.0,11,0,3,"(33, 8)",0,0.004677268475210477,69.0,25.333333333333332,full_trust,11,RECONNAISSANCE,17,"(24, 9)",False,0,False,270
0,0.0,True,0.0,0.9697361238511781,0.9859201419291527,265,0,265.0,12,1,2,"(2, 20)",0,0.002806361085126286,95.5,60.0,full_trust,12,RECONNAISSANCE,19,"(3, 45)",False,1,False,270
0,0.0,True,0.0,0.9916379140159153,0.9970142449650631,265,0,265.0,12,1,2,"(25, 2)",0,0.002806361085126286,107.5,66.5,full_trust,12,RECONNAISSANCE,21,"(13, 20)",False,2,False,270
0,0.0,True,0.0,0.9,0.9,270,0,270.0,11,0,3,"(33, 8)",0,0.004677268475210477,69.0,25.333333333333332,full_trust,11,RECONNAISSANCE,18,"(28, 8)",False,0,False,275
0,0.0,True,0.0,0.9736851439044462,0.9879822738766816,270,0,270.0,12,1,2,"(2, 20)",0,0.002806361085126286,95.5,60.0,full_trust,12,RECONNAISSANCE,20,"(3, 40)",False,1,False,275
0,0.0,True,0.0,0.9929236611747356,0.9975048206021738,270,0,270.0,13,1,2,"(25, 2)",0,0.002806361085126286,107.5,66.5,full_trust,13,RECONNAISSANCE,22,"(15, 17)",False,2,False,275
0,0.0,True,0.0,0.9,0.9,275,0,275.0,11,0,3,"(33, 8)",0,0.002770083102493075,69.0,25.333333333333332,full_trust,11,RECONNAISSANCE,18,"(33, 8)",False,0,False,280
0,0.0,True,0.0,0.9751439244561978,0.9888570017530237,275,0,275.0,12,1,2,"(2, 20)",0,0.0018467220683287165,95.5,60.0,full_trust,12,RECONNAISSANCE,20,"(3, 35)",False,1,False,280
0,0.0,True,0.0,0.9940165264182425,0.9979046249750098,275,0,275.0,13,1,2,"(25, 2)",0,0.0018467220683287165,107.5,66.5,full_trust,13,RECONNAISSANCE,22,"(17, 14)",False,2,False,280
0,0.0,True,0.0,0.9,0.9,279,0,279.0,12,0,3,"(3, 8)",0,0.002717391304347826,69.0,25.333333333333332,full_trust,12,RECONNAISSANCE,19,"(29, 8)",False,0,False,285
0,0.0,True,0.0,0.9751439244561978,0.9888570017530237,280,0,280.0,12,1,2,"(2, 20)",0,0.002717391304347826,95.5,60.0,full_trust,12,RECONNAISSANCE,20,"(3, 30)",False,1,False,285
0,0.0,True,0.0,0.9949413757332193,0.9982456306533272,280,0,280.0,13,1,2,"(25, 2)",0,0.0018115942028985507,107.5,66.5,full_trust,13,RECONNAISSANCE,22,"(19, 11)",False,2,False,285
0,0.0,True,0.0,0.9,0.9,284,0,284.0,12,0,3,"(3, 8)",0,0.0027002700270027003,69.0,25.333333333333332,full_trust,12,RECONNAISSANCE,19,"(25, 9)",False,0,False,290
0,0.0,True,0.0,0.9751439244561978,0.9888570017530237,285,0,285.0,12,1,2,"(2, 20)",0,0.0036003600360036,95.5,60.0,full_trust,12,RECONNAISSANCE,20,"(3, 25)",False,1,False,290
0,0.0,True,0.0,0.9957429058971041,0.998629756445883,285,0,285.0,13,1,2,"(25, 2)",0,0.0018001800180018,107.5,66.5,full_trust,13,RECONNAISSANCE,22,"(22, 9)",False,2,False,290
0,0.0,True,0.0,0.9,0.9,287,0,287.0,13,2,3,"(3, 8)",0,0.0027002700270027003,69.0,25.333333333333332,full_trust,13,RECONNAISSANCE,20,"(25, 10)",False,0,False,295
0,0.0,True,0.0,0.9751439244561978,0.9888570017530237,290,0,290.0,12,1,2,"(2, 20)",0,0.0036003600360036,95.5,60.0,full_trust,12,RECONNAISSANCE,20,"(2, 21)",False,1,False,295
0,0.0,True,0.0,0.9961755400706587,0.9988443611890648,290,0,290.0,13,1,2,"(25, 2)",0,0.0018001800180018,107.5,66.5,full_trust,13,RECONNAISSANCE,22,"(19, 9)",False,2,False,295
0,0.0,True,0.0,0.9,0.9,292,0,292.0,14,2,3,"(3, 8)",0,0.050405040504050404,69.0,25.333333333333332,full_trust,14,ATTACK,21,"(25, 13)",False,0,False,300
0,0.0,True,0.0,0.9751439244561978,0.9888570017530237,294,0,294.0,13,1,3,"(2, 41)",0,0.052205220522052204,99.0,54.0,full_trust,13,ATTACK,22,"(2, 23)",False,1,False,300
0,0.0,True,0.0,0.9964418221570112,0.9989250600139563,295,0,295.0,14,1,2,"(25, 2)",0,0.052205220522052204,107.5,66.5,full_trust,14,ATTACK,23,"(18, 11)",False,2,False,300
0,0.0,True,0.0,0.9,0.9,297,0,297.0,14,2,3,"(3, 8)",0,0.048604860486048604,69.0,25.333333333333332,full_trust,14,ATTACK,21,"(24, 9)",False,0,False,305
0,0.0,True,0.0,0.9751439244561978,0.9888570017530237,299,0,299.0,13,1,3,"(2, 41)",0,0.05130513051305131,99.0,54.0,full_trust,13,ATTACK,22,"(3, 27)",False,1,False,305
0,0.0,True,0.0,0.9965685353044689,0.9989760851061659,300,0,300.0,14,1,2,"(25, 2)",0,0.05130513051305131,107.5,66.5,full_trust,14,ATTACK,23,"(21, 9)",False,2,False,305
0,0.0,True,0.0,0.9,0.9,302,0,302.0,16,2,3,"(3, 8)",0,0.046804680468046804,69.0,25.333333333333332,full_trust,16,ATTACK,23,"(25, 9)",False,0,False,310
0,0.0,True,0.0,0.9751439244561978,0.9888570017530237,304,0,304.0,13,1,3,"(2, 41)",0,0.04950495049504951,99.0,54.0,full_trust,13,ATTACK,22,"(3, 32)",False,1,False,310
0,0.0,True,0.0,0.9971490115536237,0.9992184305326685,303,0,303.0,14,3,2,"(25, 2)",0,0.050405040504050404,107.5,66.5,full_trust,14,ATTACK,23,"(24, 9)",False,2,False,310
0,0.0,True,0.0,0.9,0.9,307,0,307.0,18,2,3,"(3, 8)",0,0.04136690647482014,69.0,25.333333333333332,full_trust,18,ATTACK,25,"(24, 9)",False,0,False,315
0,0.0,True,0.0,0.9751439244561978,0.9888570017530237,309,0,309.0,13,1,3,"(2, 41)",0,0.045863309352517985,99.0,54.0,full_trust,13,ATTACK,22,"(3, 37)",False,1,False,315
0,0.0,True,0.0,0.9976439675469775,0.9994063954208183,307,0,307.0,14,4,2,"(25, 2)",0,0.045863309352517985,107.5,66.5,full_trust,14,ATTACK,23,"(25, 6)",False,2,False,315
0,0.0,True,0.0,0.9,0.9,312,0,312.0,18,2,3,"(3, 8)",0,0.0416289592760181,69.0,25.333333333333332,full_trust,18,ATTACK,25,"(20, 8)",False,0,False,320
0,0.0,True,0.0,0.9751439244561978,0.9888570017530237,314,0,314.0,13,1,3,"(2, 41)",0,0.04524886877828054,99.0,54.0,full_trust,13,ATTACK,22,"(2, 41)",False,1,False,320
0,0.0,True,0.0,0.997983059354965,0.9995026775209835,311,0,311.0,15,4,3,"(33, 50)",0,0.046153846153846156,106.66666666666667,64.66666666666667,full_trust,15,ATTACK,24,"(25, 2)",False,2,False,320
0,0.0,True,0.0,0.9,0.9,317,0,317.0,18,2,3,"(3, 8)",0,0.0416289592760181,69.0,25.333333333333332,full_trust,18,ATTACK,26,"(15, 8)",False,0,False,325
0,0.0,True,0.0,0.9751439244561978,0.9888570017530237,318,0,318.0,15,1,3,"(15, 2)",0,0.04524886877828054,99.0,54.0,full_trust,15,ATTACK,24,"(4, 39)",False,1,False,325
0,0.0,True,0.0,0.998204184639722,0.9995492850971813,316,0,316.0,15,4,3,"(33, 50)",0,0.046153846153846156,106.66666666666667,64.66666666666667,full_trust,15,ATTACK,25,"(26, 6)",False,2,False,325
0,0.0,True,0.0,0.9,0.9,322,0,322.0,18,2,3,"(3, 8)",0,0.04121863799283154,69.0,25.333333333333332,full_trust,18,ATTACK,26,"(10, 8)",False,0,False,330
0,0.0,True,0.0,0.9751439244561978,0.9888570017530237,323,0,323.0,15,1,3,"(15, 2)",0,0.044802867383512544,99.0,54.0,full_trust,15,ATTACK,24,"(4, 34)",False,1,False,330
0,0.0,True,0.0,0.998518249714347,0.999618090167735,321,0,321.0,15,4,3,"(33, 50)",0,0.04390681003584229,106.66666666666667,64.66666666666667,full_trust,15,ATTACK,25,"(28, 9)",False,2,False,330
0,0.0,True,0.0,0.9,0.9,327,0,327.0,18,2,3,"(3, 8)",0,0.03911111111111111,69.0,25.333333333333332,full_trust,18,ATTACK,26,"(5, 8)",False,0,False,335
0,0.0,True,0.0,0.9751439244561978,0.9888570017530237,328,0,328.0,15,1,3,"(15, 2)",0,0.042666666666666665,99.0,54.0,full_trust,15,ATTACK,24,"(4, 29)",False,1,False,335
0,0.0,True,0.0,0.9987750595598569,0.9996740065705234,326,0,326.0,17,4,3,"(33, 50)",0,0.04088888888888889,106.66666666666667,64.66666666666667,full_trust,17,ATTACK,27,"(28, 14)",False,2,False,335
0,0.0,True,0.0,0.9,0.9,331,0,331.0,19,2,4,"(2, 20)",0,0.039180765805877114,84.5,33.25,full_trust,19,ATTACK,27,"(5, 8)",False,0,False,340
4,0.0,True,0.0,0.9751439244561978,0.9888570017530237,333,0,333.0,15,1,3,"(15, 2)",0,0.04541406945681211,99.0,54.0,full_trust,15,ATTACK,24,"(4, 24)",False,1,False,340
4,0.0,True,0.0,0.9989061312963704,0.9997045310573931,331,0,331.0,17,4,3,"(33, 50)",0,0.04092526690391459,106.66666666666667,64.66666666666667,full_trust,17,ATTACK,27,"(26, 17)",False,2,False,340
0,0.0,True,0.0,0.9,0.9,336,0,336.0,19,2,4,"(2, 20)",0,0.0365093499554764,84.5,33.25,full_trust,19,ATTACK,27,"(10, 8)",False,0,False,345
4,0.0,True,0.0,0.9751439244561978,0.9888570017530237,338,0,338.0,15,1,3,"(15, 2)",0,0.0427426536064114,99.0,54.0,full_trust,15,ATTACK,24,"(5, 20)",False,1,False,345
4,0.0,True,0.0,0.9989061312963704,0.9997045310573931,336,0,336.0,17,4,3,"(33, 50)",0,0.03825622775800712,106.66666666666667,64.66666666666667,full_trust,17,ATTACK,27,"(28, 20)",False,2,False,345
0,0.0,True,0.0,0.9,0.9,341,0,341.0,19,2,4,"(2, 20)",0,0.031166518254674976,84.5,33.25,full_trust,19,ATTACK,28,"(13, 10)",False,0,False,350
3,0.0,True,0.0,0.9751439244561978,0.9888570017530237,343,0,343.0,17,1,3,"(15, 2)",0,0.0365093499554764,99.0,54.0,full_trust,17,ATTACK,27,"(8, 22)",False,1,False,350
3,0.0,True,0.0,0.9989061312963704,0.9997045310573931,341,0,341.0,17,4,3,"(33, 50)",0,0.03469750889679715,106.66666666666667,64.66666666666667,full_trust,17,ATTACK,28,"(28, 25)",False,2,False,350
0,0.0,True,0.0,0.9,0.9,346,0,346.0,19,2,4,"(2, 20)",0,0.03000882612533098,84.5,33.25,full_trust,19,ATTACK,28,"(14, 14)",False,0,False,355
0,0.0,True,0.0,0.9751439244561978,0.9888570017530237,348,0,348.0,17,1,3,"(15, 2)",0,0.03265666372462489,99.0,54.0,full_trust,17,ATTACK,27,"(8, 27)",False,1,False,355
0,0.0,True,0.0,0.9989061312963704,0.9997045310573931,346,0,346.0,17,4,3,"(33, 50)",0,0.03265666372462489,106.66666666666667,64.66666666666667,full_trust,17,ATTACK,28,"(28, 30)",False,2,False,355
0,0.0,True,0.0,0.9,0.9,351,0,351.0,20,2,4,"(2, 20)",0,0.02112676056338028,84.5,33.25,full_trust,20,ATTACK,29,"(14, 19)",False,0,False,360
0,0.0,True,0.0,0.9751439244561978,0.9888570017530237,353,0,353.0,18,1,3,"(15, 2)",0,0.028169014084507043,99.0,54.0,full_trust,18,ATTACK,28,"(12, 26)",False,1,False,360
0,0.0,True,0.0,0.9989061312963704,0.9997045310573931,351,0,351.0,17,4,3,"(33, 50)",0,0.02640845070422535,106.66666666666667,64.66666666666667,full_trust,17,ATTACK,28,"(28, 35)",False,2,False,360
0,0.0,True,0.0,0.9,0.9,356,0,356.0,23,2,4,"(2, 20)",0,0.01232394366197183,84.5,33.25,full_trust,23,ATTACK,32,"(15, 23)",False,0,False,365
0,0.0,True,0.0,0.977219898022437,0.9901321659368779,358,0,358.0,18,1,3,"(15, 2)",0,0.01936619718309859,99.0,54.0,full_trust,18,ATTACK,28,"(15, 24)",False,1,False,365
0,0.0,True,0.0,0.9989061312963704,0.9997045310573931,356,0,356.0,17,4,3,"(33, 50)",0,0.018485915492957746,106.66666666666667,64.66666666666667,full_trust,17,ATTACK,28,"(28, 40)",False,2,False,365
0,0.0,True,0.0,0.9,0.9,360,0,360.0,25,3,4,"(2, 20)",0,0.011443661971830986,84.5,33.25,full_trust,25,ATTACK,35,"(12, 24)",False,0,False,370
0,0.0,True,0.0,0.9798396488122884,0.991957889713607,363,0,363.0,20,1,3,"(15, 2)",0,0.017605633802816902,99.0,54.0,full_trust,20,ATTACK,30,"(15, 23)",False,1,False,370
0,0.0,True,0.0,0.9989061312963704,0.9997045310573931,361,0,361.0,17,4,3,"(33, 50)",0,0.017605633802816902,106.66666666666667,64.66666666666667,full_trust,17,ATTACK,28,"(31, 42)",False,2,False,370
0,0.0,True,0.0,0.9,0.9,365,0,365.0,26,3,4,"(2, 20)",0,0.011443661971830986,84.5,33.25,full_trust,26,ATTACK,36,"(10, 27)",False,0,False,375
5,0.0,True,0.0,0.9828089341860663,0.9934851105047918,368,0,368.0,20,1,3,"(15, 2)",0,0.016725352112676055,99.0,54.0,full_trust,20,ATTACK,31,"(15, 18)",False,1,False,375
5,0.0,True,0.0,0.9989061312963704,0.9997045310573931,366,0,366.0,17,4,3,"(33, 50)",0,0.022007042253521125,106.66666666666667,64.66666666666667,full_trust,17,ATTACK,29,"(31, 47)",False,2,False,375
0,0.0,True,0.0,0.9,0.9,370,0,370.0,26,3,4,"(2, 20)",0,0.011504424778761062,84.5,33.25,full_trust,26,ATTACK,36,"(7, 25)",False,0,False,380
5,0.0,True,0.0,0.9853812721608218,0.9945477645236614,373,0,373.0,20,1,3,"(15, 2)",0,0.016814159292035398,99.0,54.0,full_trust,20,ATTACK,31,"(15, 13)",False,1,False,380
5,0.0,True,0.0,0.9989061312963704,0.9997045310573931,371,0,371.0,17,4,3,"(33, 50)",0,0.022123893805309734,106.66666666666667,64.66666666666667,full_trust,17,ATTACK,29,"(33, 50)",False,2,False,380
0,0.0,True,0.0,0.9,0.9,375,0,375.0,26,3,4,"(2, 20)",0,0.011504424778761062,84.5,33.25,full_trust,26,ATTACK,36,"(4, 23)",False,0,False,385
5,0.0,True,0.0,0.9875714200041205,0.9953523309640014,378,0,378.0,20,1,3,"(15, 2)",0,0.016814159292035398,99.0,54.0,full_trust,20,ATTACK,31,"(15, 8)",False,1,False,385
5,0.0,True,0.0,0.9989061312963704,0.9997045310573931,375,0,375.0,18,4,3,"(33, 8)",0,0.022123893805309734,106.66666666666667,64.66666666666667,full_trust,18,ATTACK,30,"(33, 46)",False,2,False,385
0,0.0,True,0.0,0.9,0.9,380,0,380.0,26,3,4,"(2, 20)",0,0.01146384479717813,84.5,33.25,full_trust,26,ATTACK,36,"(2, 20)",False,0,False,390
5,0.0,True,0.0,0.9887199801414147,0.9957803697506796,383,0,383.0,20,1,3,"(15, 2)",0,0.01675485008818342,99.0,54.0,full_trust,20,ATTACK,31,"(15, 3)",False,1,False,390
5,0.0,True,0.0,0.9989061312963704,0.9997045310573931,380,0,380.0,18,4,3,"(33, 8)",0,0.02204585537918871,106.66666666666667,64.66666666666667,full_trust,18,ATTACK,30,"(31, 43)",False,2,False,390
0,0.0,True,0.0,0.9,0.9,384,0,384.0,27,3,4,"(24, 45)",0,0.011443661971830986,84.5,33.25,full_trust,27,ATTACK,37,"(3, 23)",False,0,False,395
5,0.0,True,0.0,0.9887199801414147,0.9957803697506796,387,0,387.0,21,1,4,"(33, 50)",0,0.016725352112676055,98.0,58.25,full_trust,21,ATTACK,32,"(15, 5)",False,1,False,395
5,0.0,True,0.0,0.9989061312963704,0.9997045310573931,385,0,385.0,18,4,3,"(33, 8)",0,0.02112676056338028,106.66666666666667,64.66666666666667,full_trust,18,ATTACK,30,"(29, 40)",False,2,False,395
0,0.0,True,0.0,0.9,0.9,389,0,389.0,27,3,4,"(24, 45)",0,0.011443661971830986,84.5,33.25,full_trust,27,ATTACK,38,"(7, 24)",False,0,False,400
5,0.0,True,0.0,0.9890776422468467,0.9958732222500535,392,0,392.0,21,1,4,"(33, 50)",0,0.016725352112676055,98.0,58.25,full_trust,21,ATTACK,33,"(16, 9)",False,1,False,400
5,0.0,True,0.0,0.9989061312963704,0.9997045310573931,390,0,390.0,18,4,3,"(33, 8)",0,0.022007042253521125,106.66666666666667,64.66666666666667,full_trust,18,ATTACK,31,"(27, 37)",False,2,False,400
0,0.0,True,0.0,0.9,0.9,394,0,394.0,27,3,4,"(24, 45)",0,0.011443661971830986,84.5,33.25,full_trust,27,ATTACK,38,"(9, 27)",False,0,False,405
5,0.0,True,0.0,0.9897571963103622,0.9960933961052342,397,0,397.0,21,1,4,"(33, 50)",0,0.018485915492957746,98.0,58.25,full_trust,21,ATTACK,33,"(16, 14)",False,1,False,405
5,0.0,True,0.0,0.9989061312963704,0.9997045310573931,395,0,395.0,18,4,3,"(33, 8)",0,0.025528169014084508,106.66666666666667,64.66666666666667,full_trust,18,ATTACK,31,"(27, 32)",False,2,False,405
0,0.0,True,0.0,0.9,0.9,399,0,399.0,27,3,4,"(24, 45)",0,0.011433597185576077,84.5,33.25,full_trust,27,ATTACK,38,"(12, 29)",False,0,False,410
5,0.0,True,0.0,0.9897571963103622,0.9960933961052342,402,0,402.0,21,1,4,"(33, 50)",0,0.01759014951627089,98.0,58.25,full_trust,21,ATTACK,33,"(16, 19)",False,1,False,410
5,0.0,True,0.0,0.9989061312963704,0.9997045310573931,400,0,400.0,18,4,3,"(33, 8)",0,0.023746701846965697,106.66666666666667,64.66666666666667,full_trust,18,ATTACK,31,"(27, 27)",False,2,False,410
0,0.0,True,0.0,0.9,0.9,404,0,404.0,27,3,4,"(24, 45)",0,0.009632224168126095,84.5,33.25,full_trust,27,ATTACK,38,"(15, 31)",False,0,False,415
9,0.0,True,0.0,0.9906995576575082,0.9964931941790972,407,0,407.0,21,1,4,"(33, 50)",0,0.0148861646234676,98.0,58.25,full_trust,21,ATTACK,33,"(16, 24)",False,1,False,415
9,3.369137195080441,True,3.369137195080441,0.9989061312963704,0.9997045310573931,405,0,405.0,19,4,3,"(33, 8)",9,0.017513134851138354,106.66666666666667,64.66666666666667,full_trust,19,ATTACK,32,"(27, 22)",True,2,True,415
0,0.0,True,0.0,0.9,0.9,409,0,409.0,27,3,4,"(24, 45)",0,0.009708737864077669,84.5,33.25,full_trust,27,ATTACK,38,"(17, 34)",False,0,False,420
9,0.0,True,0.0,0.9921037840771582,0.9971609272556622,412,0,412.0,21,1,4,"(33, 50)",0,0.018534863195057368,98.0,58.25,full_trust,21,ATTACK,33,"(16, 29)",False,1,False,420
8,0.0,True,0.0,0.9011152770910473,0.9011152770910473,410,0,410.0,19,4,3,"(33, 8)",0,0.01500441306266549,106.66666666666667,64.66666666666667,full_trust,19,ATTACK,32,"(25, 19)",False,2,False,420
0,0.0,True,0.0,0.9,0.9,414,0,414.0,27,3,4,"(24, 45)",0,0.009649122807017544,84.5,33.25,full_trust,27,ATTACK,39,"(17, 39)",False,0,False,425
9,0.0,True,0.0,0.9933308918969026,0.9977209935468151,417,0,417.0,22,1,4,"(33, 50)",0,0.018421052631578946,98.0,58.25,full_trust,22,ATTACK,34,"(19, 31)",False,1,False,425
8,0.0,True,0.0,0.9011152770910473,0.9011152770910473,415,0,415.0,19,4,3,"(33, 8)",0,0.014912280701754385,106.66666666666667,64.66666666666667,full_trust,19,ATTACK,33,"(27, 16)",False,2,False,425
0,0.0,True,0.0,0.9,0.9,419,0,419.0,27,3,4,"(24, 45)",0,0.008756567425569177,84.5,33.25,full_trust,27,ATTACK,39,"(21, 40)",False,0,False,430
9,0.0,True,0.0,0.9943797688772471,0.9981108600397152,422,0,422.0,22,1,4,"(33, 50)",0,0.01838879159369527,98.0,58.25,full_trust,22,ATTACK,34,"(22, 33)",False,1,False,430
8,0.0,True,0.0,0.9011152770910473,0.9011152770910473,420,0,420.0,19,4,3,"(33, 8)",0,0.0148861646234676,106.66666666666667,64.66666666666667,full_trust,19,ATTACK,33,"(29, 13)",False,2,False,430
0,0.0,True,0.0,0.9,0.9,424,0,424.0,27,3,4,"(24, 45)",0,0.008756567425569177,84.5,33.25,full_trust,27,ATTACK,39,"(25, 41)",False,0,False,435
9,0.0,True,0.0,0.9952709511208634,0.9984451353632204,427,0,427.0,22,1,4,"(33, 50)",0,0.017513134851138354,98.0,58.25,full_trust,22,ATTACK,34,"(24, 36)",False,1,False,435
8,0.0,True,0.0,0.9011152770910473,0.9011152770910473,425,0,425.0,19,4,3,"(33, 8)",0,0.0148861646234676,106.66666666666667,64.66666666666667,full_trust,19,ATTACK,33,"(29, 8)",False,2,False,435
0,0.0,True,0.0,0.9,0.9,429,0,429.0,27,3,4,"(24, 45)",0,0.008771929824561403,84.5,33.25,full_trust,27,ATTACK,39,"(24, 45)",False,0,False,440
9,0.0,True,0.0,0.9960346938861305,0.9987679309272789,432,0,432.0,22,1,4,"(33, 50)",0,0.017543859649122806,98.0,58.25,full_trust,22,ATTACK,34,"(25, 40)",False,1,False,440
8,0.0,True,0.0,0.9011152770910473,0.9011152770910473,429,0,429.0,20,4,4,"(33, 30)",0,0.014912280701754385,110.0,63.25,full_trust,20,ATTACK,34,"(33, 8)",False,2,False,440
0,0.0,True,0.0,0.9,0.9,432,0,432.0,28,4,5,"(21, 17)",0,0.008771929824561403,88.2,36.6,full_trust,28,ATTACK,40,"(25, 43)",False,0,False,445
9,0.0,True,0.0,0.9966913429997152,0.9990351093503643,437,0,437.0,22,1,4,"(33, 50)",0,0.017543859649122806,98.0,58.25,full_trust,22,ATTACK,34,"(26, 44)",False,1,False,445
8,0.0,True,0.0,0.9011152770910473,0.9011152770910473,434,0,434.0,20,4,4,"(33, 30)",0,0.014912280701754385,110.0,63.25,full_trust,20,ATTACK,34,"(32, 12)",False,2,False,445
0,0.0,True,0.0,0.9,0.9,437,0,437.0,29,4,5,"(21, 17)",0,0.04649122807017544,88.2,36.6,full_trust,29,ATTACK,41,"(23, 40)",False,0,False,450
9,0.0,True,0.0,0.9972505373787254,0.9992437031345456,442,0,442.0,24,1,4,"(33, 50)",0,0.054385964912280704,98.0,58.25,full_trust,24,ATTACK,37,"(25, 48)",False,1,False,450
8,0.0,True,0.0,0.9011152770910473,0.9011152770910473,439,0,439.0,20,4,4,"(33, 30)",0,0.05526315789473684,110.0,63.25,full_trust,20,ATTACK,35,"(28, 13)",False,2,False,450
0,0.0,True,0.0,0.9,0.9,442,0,442.0,29,4,5,"(21, 17)",0,0.04473684210526316,88.2,36.6,full_trust,29,ATTACK,41,"(21, 37)",False,0,False,455
21,0.0,True,0.0,0.997351413199348,0.9992680537911766,447,0,447.0,24,1,4,"(33, 50)",0,0.05526315789473684,98.0,58.25,full_trust,24,ATTACK,37,"(28, 50)",False,1,False,455
19,0.0,True,0.0,0.9011152770910473,0.9011152770910473,444,0,444.0,20,4,4,"(33, 30)",0,0.054385964912280704,110.0,63.25,full_trust,20,ATTACK,35,"(26, 16)",False,2,False,455
0,0.0,True,0.0,0.9,0.9,447,0,447.0,29,4,5,"(21, 17)",0,0.043898156277436345,88.2,36.6,full_trust,29,ATTACK,41,"(19, 34)",False,0,False,460
21,0.0,True,0.0,0.997351413199348,0.9992680537911766,452,0,452.0,24,1,4,"(33, 50)",0,0.0553116769095698,98.0,58.25,full_trust,24,ATTACK,37,"(33, 50)",False,1,False,460
19,0.0,True,0.0,0.9011152770910473,0.9011152770910473,449,0,449.0,20,4,4,"(33, 30)",0,0.053555750658472345,110.0,63.25,full_trust,20,ATTACK,35,"(27, 20)",False,2,False,460
0,0.0,True,0.0,0.9,0.9,452,0,452.0,30,4,5,"(21, 17)",0,0.03424056189640035,88.2,36.6,full_trust,30,ATTACK,42,"(19, 29)",False,0,False,465
21,0.0,True,0.0,0.997351413199348,0.9992680537911766,456,0,456.0,25,1,4,"(33, 30)",0,0.050921861281826165,98.0,58.25,full_trust,25,ATTACK,38,"(33, 46)",False,1,False,465
19,0.0,True,0.0,0.9011152770910473,0.9011152770910473,454,0,454.0,20,4,4,"(33, 30)",0,0.04477611940298507,110.0,63.25,full_trust,20,ATTACK,35,"(28, 24)",False,2,False,465
0,0.0,True,0.0,0.9,0.9,457,0,457.0,30,4,5,"(21, 17)",0,0.021071115013169446,88.2,36.6,full_trust,30,ATTACK,42,"(18, 25)",False,0,False,470
20,0.0,True,0.0,0.9976311298003905,0.999332988796108,461,0,461.0,25,1,4,"(33, 30)",0,0.04038630377524144,98.0,58.25,full_trust,25,ATTACK,38,"(31, 43)",False,1,False,470
18,0.0,True,0.0,0.9011152770910473,0.9011152770910473,459,0,459.0,20,4,4,"(33, 30)",0,0.029850746268656716,110.0,63.25,full_trust,20,ATTACK,35,"(28, 29)",False,2,False,470
0,0.0,True,0.0,0.9,0.9,462,0,462.0,30,4,5,"(21, 17)",0,0.01929824561403509,88.2,36.6,full_trust,30,ATTACK,43,"(19, 21)",False,0,False,475
17,0.0,True,0.0,0.9980301796352605,0.9994319465905658,466,0,466.0,25,1,4,"(33, 30)",0,0.03859649122807018,98.0,58.25,full_trust,25,ATTACK,39,"(29, 40)",False,1,False,475
15,0.0,True,0.0,0.9011152770910473,0.9011152770910473,464,0,464.0,20,4,4,"(33, 30)",0,0.03070175438596491,110.0,63.25,full_trust,20,ATTACK,36,"(32, 30)",False,2,False,475
0,0.0,True,0.0,0.9,0.9,467,0,467.0,30,4,5,"(21, 17)",0,0.017605633802816902,88.2,36.6,full_trust,30,ATTACK,43,"(20, 17)",False,0,False,480
17,0.0,True,0.0,0.9983585306903235,0.9995094617342363,471,0,471.0,25,1,4,"(33, 30)",0,0.03609154929577465,98.0,58.25,full_trust,25,ATTACK,39,"(29, 35)",False,1,False,480
15,0.0,True,0.0,0.9011152770910473,0.9011152770910473,468,0,468.0,21,4,4,"(2, 41)",0,0.03169014084507042,110.0,63.25,full_trust,21,ATTACK,37,"(30, 30)",False,2,False,480
0,0.0,True,0.0,0.9,0.9,471,0,471.0,31,4,5,"(15, 2)",0,0.01584507042253521,88.2,36.6,full_trust,31,ATTACK,44,"(18, 17)",False,0,False,485
16,0.0,True,0.0,0.9984726922923918,0.9995357294251699,476,0,476.0,25,1,4,"(33, 30)",0,0.02992957746478873,98.0,58.25,full_trust,25,ATTACK,39,"(29, 34)",False,1,False,485
15,0.0,True,0.0,0.9011152770910473,0.9011152770910473,471,0,471.0,22,6,4,"(2, 41)",0,0.029049295774647887,110.0,63.25,full_trust,22,ATTACK,38,"(28, 31)",False,2,False,485
0,0.0,True,0.0,0.9,0.9,476,0,476.0,31,4,5,"(15, 2)",0,0.014964788732394365,88.2,36.6,full_trust,31,ATTACK,44,"(16, 14)",False,0,False,490
18,0.0,True,0.0,0.9984726922923918,0.9995357294251699,481,0,481.0,27,1,4,"(33, 30)",0,0.027288732394366196,98.0,58.25,full_trust,27,ATTACK,41,"(30, 30)",False,1,False,490
17,0.0,True,0.0,0.9019092626792786,0.9095582455307993,476,0,476.0,22,6,4,"(2, 41)",0,0.02640845070422535,110.0,63.25,full_trust,22,ATTACK,38,"(26, 34)",False,2,False,490
0,0.0,True,0.0,0.9,0.9,481,0,481.0,31,4,5,"(15, 2)",0,0.014964788732394365,88.2,36.6,full_trust,31,ATTACK,44,"(15, 10)",False,0,False,495
18,0.0,True,0.0,0.9985271326668789,0.9995614997821335,485,0,485.0,28,1,5,"(2, 50)",0,0.02464788732394366,98.8,53.2,full_trust,28,ATTACK,42,"(32, 30)",False,1,False,495
15,0.0,True,0.0,0.8634313048218375,0.8778947245339443,481,0,481.0,23,6,4,"(2, 41)",0,0.02640845070422535,110.0,63.25,full_trust,23,ATTACK,39,"(23, 36)",False,2,False,495
0,0.0,True,0.0,0.9,0.9,486,0,486.0,31,4,5,"(15, 2)",0,0.014964788732394365,88.2,36.6,full_trust,31,ATTACK,45,"(15, 5)",False,0,False,500
16,1.1778186438516514,True,1.1778186438516514,0.7640138517892181,0.7640138517892181,490,0,490.0,29,1,5,"(2, 50)",16,0.023767605633802816,98.8,53.2,full_trust,29,ATTACK,43,"(28, 31)",True,1,True,500
15,0.0,True,0.0,0.8691303319873768,0.8947196089187801,486,0,486.0,23,6,4,"(2, 41)",0,0.02640845070422535,110.0,63.25,full_trust,23,ATTACK,40,"(22, 40)",False,2,False,500
0,0.0,True,0.0,0.9,0.9,490,0,490.0,32,4,6,"(33, 30)",0,0.014964788732394365,84.0,34.166666666666664,full_trust,32,ATTACK,46,"(15, 3)",False,0,False,505
16,1.1778186438516514,True,1.1778186438516514,0.7643669460132276,0.7710757362694096,495,0,495.0,29,1,5,"(2, 50)",16,0.022887323943661973,98.8,53.2,full_trust,29,ATTACK,43,"(26, 34)",True,1,True,505
15,0.0,True,0.0,0.8769298075398397,0.9087362724426824,491,0,491.0,23,6,4,"(2, 41)",0,0.02640845070422535,110.0,63.25,full_trust,23,ATTACK,40,"(17, 40)",False,2,False,505
0,0.0,True,0.0,0.9,0.9,495,0,495.0,32,4,6,"(33, 30)",0,0.014084507042253521,84.0,34.166666666666664,full_trust,32,ATTACK,46,"(16, 7)",False,0,False,510
16,1.1778186438516514,True,1.1778186438516514,0.7703842103863471,0.8024481390785531,500,0,500.0,29,1,5,"(2, 50)",16,0.020246478873239437,98.8,53.2,full_trust,29,ATTACK,43,"(25, 38)",True,1,True,510
15,0.0,True,0.0,0.880428067935932,0.9140171225634769,496,0,496.0,23,6,4,"(2, 41)",0,0.023767605633802816,110.0,63.25,full_trust,23,ATTACK,40,"(12, 40)",False,2,False,510
0,0.0,True,0.0,0.9,0.9,500,0,500.0,32,4,6,"(33, 30)",0,0.014084507042253521,84.0,34.166666666666664,full_trust,32,ATTACK,46,"(17, 11)",False,0,False,515
16,1.1778186438516514,True,1.1778186438516514,0.7813895449154191,0.8287064861079013,505,0,505.0,29,1,5,"(2, 50)",16,0.01936619718309859,98.8,53.2,full_trust,29,ATTACK,43,"(22, 40)",True,1,True,515
15,0.0,True,0.0,0.880428067935932,0.9140171225634769,501,0,501.0,23,6,4,"(2, 41)",0,0.023767605633802816,110.0,63.25,full_trust,23,ATTACK,40,"(8, 41)",False,2,False,515
0,0.0,True,0.0,0.9,0.9,505,0,505.0,32,4,6,"(33, 30)",0,0.014109347442680775,84.0,34.166666666666664,full_trust,32,ATTACK,46,"(17, 16)",False,0,False,520
16,1.1778186438516514,True,1.1778186438516514,0.7952655622517923,0.8508291392115207,510,0,510.0,29,1,5,"(2, 50)",16,0.018518518518518517,98.8,53.2,full_trust,29,ATTACK,43,"(17, 40)",True,1,True,520
14,0.0,True,0.0,0.880428067935932,0.9140171225634769,506,0,506.0,23,6,4,"(2, 41)",0,0.023809523809523808,110.0,63.25,full_trust,23,ATTACK,40,"(3, 41)",False,2,False,520
0,0.0,True,0.0,0.9,0.9,510,0,510.0,32,4,6,"(33, 30)",0,0.013215859030837005,84.0,34.166666666666664,full_trust,32,ATTACK,47,"(17, 21)",False,0,False,525
14,0.0,True,0.0,0.8012956007495018,0.8589768675583096,515,0,515.0,29,1,5,"(2, 50)",0,0.016740088105726872,98.8,53.2,full_trust,29,ATTACK,44,"(13, 41)",False,1,False,525
12,0.0,True,0.0,0.880428067935932,0.9140171225634769,510,0,510.0,24,6,5,"(21, 17)",0,0.019383259911894272,104.4,59.6,full_trust,24,ATTACK,42,"(5, 41)",False,2,False,525
0,0.0,True,0.0,0.9,0.9,515,0,515.0,32,4,6,"(33, 30)",0,0.01145374449339207,84.0,34.166666666666664,full_trust,32,ATTACK,47,"(18, 25)",False,0,False,530
18,0.0,True,0.0,0.8012956007495018,0.8589768675583096,520,0,520.0,29,1,5,"(2, 50)",0,0.02026431718061674,98.8,53.2,full_trust,29,ATTACK,44,"(9, 40)",False,1,False,530
16,0.0,True,0.0,0.880428067935932,0.9140171225634769,513,0,513.0,26,8,5,"(21, 17)",0,0.019383259911894272,104.4,59.6,full_trust,26,ATTACK,44,"(8, 41)",False,2,False,530
0,0.0,True,0.0,0.9,0.9,520,0,520.0,33,4,6,"(33, 30)",0,0.011403508771929825,84.0,34.166666666666664,full_trust,33,ATTACK,48,"(22, 26)",False,0,False,535
15,0.0,True,0.0,0.8012956007495018,0.8589768675583096,525,0,525.0,31,1,5,"(2, 50)",0,0.014912280701754385,98.8,53.2,full_trust,31,ATTACK,46,"(7, 41)",False,1,False,535
13,0.0,True,0.0,0.880428067935932,0.9140171225634769,518,0,518.0,26,8,5,"(21, 17)",0,0.017543859649122806,104.4,59.6,full_trust,26,ATTACK,44,"(12, 40)",False,2,False,535
0,0.0,True,0.0,0.9,0.9,525,0,525.0,33,4,6,"(33, 30)",0,0.011403508771929825,84.0,34.166666666666664,full_trust,33,ATTACK,48,"(26, 25)",False,0,False,540
14,0.0,True,0.0,0.8012956007495018,0.8589768675583096,530,0,530.0,31,1,5,"(2, 50)",0,0.014035087719298246,98.8,53.2,full_trust,31,ATTACK,46,"(6, 45)",False,1,False,540
12,0.0,True,0.0,0.880428067935932,0.9140171225634769,523,0,523.0,26,8,5,"(21, 17)",0,0.018421052631578946,104.4,59.6,full_trust,26,ATTACK,44,"(16, 39)",False,2,False,540
0,0.0,True,0.0,0.9,0.9,530,0,530.0,33,4,6,"(33, 30)",0,0.011403508771929825,84.0,34.166666666666664,full_trust,33,ATTACK,48,"(27, 29)",False,0,False,545
14,0.0,True,0.0,0.8012956007495018,0.8589768675583096,535,0,535.0,31,1,5,"(2, 50)",0,0.014035087719298246,98.8,53.2,full_trust,31,ATTACK,46,"(3, 47)",False,1,False,545
12,0.0,True,0.0,0.8840200735087743,0.9183573628187863,528,0,528.0,26,8,5,"(21, 17)",0,0.017543859649122806,104.4,59.6,full_trust,26,ATTACK,44,"(19, 37)",False,2,False,545
0,0.0,True,0.0,0.9,0.9,535,0,535.0,33,4,6,"(33, 30)",0,0.009632224168126095,84.0,34.166666666666664,full_trust,33,ATTACK,49,"(31, 30)",False,0,False,550
12,0.0,True,0.0,0.8012956007495018,0.8589768675583096,539,0,539.0,32,1,5,"(24, 45)",0,0.014010507880910683,98.8,53.2,full_trust,32,ATTACK,48,"(2, 50)",False,1,False,550
10,0.0,True,0.0,0.8934190471788412,0.9300820003752296,533,0,533.0,26,8,5,"(21, 17)",0,0.01576182136602452,104.4,59.6,full_trust,26,ATTACK,45,"(19, 32)",False,2,False,550
0,0.0,True,0.0,0.9,0.9,539,0,539.0,34,4,6,"(25, 2)",0,0.00788091068301226,84.0,34.166666666666664,full_trust,34,ATTACK,50,"(31, 30)",False,0,False,555
12,0.0,True,0.0,0.8012956007495018,0.8589768675583096,544,0,544.0,32,1,5,"(24, 45)",0,0.014010507880910683,98.8,53.2,full_trust,32,ATTACK,48,"(5, 48)",False,1,False,555
9,0.0,True,0.0,0.8996595676833101,0.9168156996983917,538,0,538.0,27,8,5,"(21, 17)",0,0.013134851138353765,104.4,59.6,full_trust,27,ATTACK,46,"(19, 27)",False,2,False,555
0,0.0,True,0.0,0.9,0.9,544,0,544.0,34,4,6,"(25, 2)",0,0.00807899461400359,84.0,34.166666666666664,full_trust,34,ATTACK,50,"(28, 28)",False,0,False,560
12,0.0,True,0.0,0.8012956007495018,0.8589768675583096,549,0,549.0,32,1,5,"(24, 45)",0,0.013452914798206279,98.8,53.2,full_trust,32,ATTACK,48,"(7, 45)",False,1,False,560
9,0.0,True,0.0,0.9054806098113425,0.9303720157263724,543,0,543.0,27,8,5,"(21, 17)",0,0.013464991023339317,104.4,59.6,full_trust,27,ATTACK,46,"(18, 23)",False,2,False,560
0,0.0,True,0.0,0.9,0.9,549,0,549.0,34,4,6,"(25, 2)",0,0.0062836624775583485,84.0,34.166666666666664,full_trust,34,ATTACK,50,"(26, 25)",False,0,False,565
12,0.0,True,0.0,0.8012956007495018,0.8589768675583096,554,0,554.0,32,1,5,"(24, 45)",0,0.011659192825112108,98.8,53.2,full_trust,32,ATTACK,48,"(8, 41)",False,1,False,565
9,0.0,True,0.0,0.9126206595829449,0.9408074650153536,548,0,548.0,27,8,5,"(21, 17)",0,0.011669658886894075,104.4,59.6,full_trust,27,ATTACK,46,"(18, 18)",False,2,False,565
0,0.0,True,0.0,0.9,0.9,554,0,554.0,34,4,6,"(25, 2)",0,0.0062836624775583485,84.0,34.166666666666664,full_trust,34,ATTACK,50,"(25, 21)",False,0,False,570
13,0.0,True,0.0,0.8012956007495018,0.8589768675583096,559,0,559.0,32,1,5,"(24, 45)",0,0.012556053811659192,98.8,53.2,full_trust,32,ATTACK,48,"(12, 40)",False,1,False,570
11,0.0,True,0.0,0.9201649628002999,0.9495226205152587,552,0,552.0,28,8,5,"(2, 50)",0,0.012567324955116697,104.4,59.6,full_trust,28,ATTACK,47,"(21, 17)",False,2,False,570
0,0.0,True,0.0,0.9,0.9,559,0,559.0,34,4,6,"(25, 2)",0,0.0062836624775583485,84.0,34.166666666666664,full_trust,34,ATTACK,51,"(25, 16)",False,0,False,575
10,0.0,True,0.0,0.8012956007495018,0.8589768675583096,564,0,564.0,32,1,5,"(24, 45)",0,0.010762331838565023,98.8,53.2,full_trust,32,ATTACK,49,"(17, 40)",False,1,False,575
8,0.0,True,0.0,0.8295515068005344,0.841155254167299,557,0,557.0,28,8,5,"(2, 50)",0,0.011669658886894075,104.4,59.6,full_trust,28,ATTACK,48,"(18, 19)",False,2,False,575
0,0.0,True,0.0,0.9,0.9,564,0,564.0,34,4,6,"(25, 2)",0,0.006340579710144928,84.0,34.166666666666664,full_trust,34,ATTACK,51,"(25, 11)",False,0,False,580
10,0.0,True,0.0,0.8012956007495018,0.8589768675583096,569,0,569.0,32,1,5,"(24, 45)",0,0.009963768115942028,98.8,53.2,full_trust,32,ATTACK,49,"(22, 40)",False,1,False,580
8,0.0,True,0.0,0.8295515068005344,0.841155254167299,562,0,562.0,28,8,5,"(2, 50)",0,0.01177536231884058,104.4,59.6,full_trust,28,ATTACK,48,"(18, 24)",False,2,False,580
0,0.0,True,0.0,0.9,0.9,569,0,569.0,34,4,6,"(25, 2)",0,0.006340579710144928,84.0,34.166666666666664,full_trust,34,ATTACK,51,"(25, 6)",False,0,False,585
10,0.0,True,0.0,0.8012956007495018,0.8589768675583096,574,0,574.0,32,1,5,"(24, 45)",0,0.009963768115942028,98.8,53.2,full_trust,32,ATTACK,49,"(25, 42)",False,1,False,585
8,0.0,True,0.0,0.8342734211541679,0.8615492365805023,567,0,567.0,28,8,5,"(2, 50)",0,0.01177536231884058,104.4,59.6,full_trust,28,ATTACK,48,"(18, 29)",False,2,False,585
0,0.0,True,0.0,0.9,0.9,573,0,573.0,35,4,7,"(33, 50)",0,0.006340579710144928,84.28571428571429,34.57142857142857,full_trust,35,ATTACK,52,"(25, 2)",False,0,False,590
10,0.0,True,0.0,0.8012956007495018,0.8589768675583096,578,0,578.0,33,1,6,"(33, 8)",0,0.010869565217391304,98.33333333333333,51.0,full_trust,33,ATTACK,50,"(24, 45)",False,1,False,590
8,0.0,True,0.0,0.8342734211541679,0.8615492365805023,572,0,572.0,28,8,5,"(2, 50)",0,0.01177536231884058,104.4,59.6,full_trust,28,ATTACK,48,"(17, 33)",False,2,False,590
0,0.0,True,0.0,0.9,0.9,578,0,578.0,35,4,7,"(33, 50)",0,0.006340579710144928,84.28571428571429,34.57142857142857,full_trust,35,ATTACK,52,"(25, 7)",False,0,False,595
10,0.0,True,0.0,0.8012956007495018,0.8589768675583096,583,0,583.0,33,1,6,"(33, 8)",0,0.010869565217391304,98.33333333333333,51.0,full_trust,33,ATTACK,50,"(27, 43)",False,1,False,595
8,0.0,True,0.0,0.8342734211541679,0.8615492365805023,577,0,577.0,28,8,5,"(2, 50)",0,0.01177536231884058,104.4,59.6,full_trust,28,ATTACK,48,"(15, 36)",False,2,False,595
0,0.0,True,0.0,0.9,0.9,583,0,583.0,35,4,7,"(33, 50)",0,0.04076086956521739,84.28571428571429,34.57142857142857,full_trust,35,ATTACK,53,"(26, 11)",False,0,False,600
10,2.258440539191085,True,2.258440539191085,0.8043503009793135,0.8623896053457353,588,0,588.0,33,1,6,"(33, 8)",10,0.043478260869565216,98.33333333333333,51.0,full_trust,33,ATTACK,51,"(27, 38)",True,1,True,600
8,0.0,True,0.0,0.8342734211541679,0.8615492365805023,582,0,582.0,29,8,5,"(2, 50)",0,0.04619565217391304,104.4,59.6,full_trust,29,ATTACK,49,"(10, 36)",False,2,False,600
0,0.0,True,0.0,0.9,0.9,588,0,588.0,35,4,7,"(33, 50)",0,0.03891402714932127,84.28571428571429,34.57142857142857,full_trust,35,ATTACK,53,"(26, 16)",False,0,False,605
40,10.294564962992553,True,10.294564962992553,0.8043503009793135,0.8623896053457353,593,0,593.0,34,1,6,"(33, 8)",40,0.06787330316742081,98.33333333333333,51.0,full_trust,34,ATTACK,52,"(27, 33)",True,1,True,605
37,0.0,True,0.0,0.8342734211541679,0.8615492365805023,587,0,587.0,29,8,5,"(2, 50)",0,0.06968325791855204,104.4,59.6,full_trust,29,ATTACK,49,"(7, 38)",False,2,False,605
0,0.0,True,0.0,0.9,0.9,593,0,593.0,36,4,7,"(33, 50)",0,0.03891402714932127,84.28571428571429,34.57142857142857,full_trust,36,ATTACK,54,"(26, 21)",False,0,False,610
17,4.0,True,4.0,0.665937919185896,0.665937919185896,598,0,598.0,35,1,6,"(33, 8)",17,0.04343891402714932,98.33333333333333,51.0,full_trust,35,ATTACK,53,"(27, 28)",True,1,True,610
15,0.0,True,0.0,0.8342734211541679,0.8615492365805023,592,0,592.0,29,8,5,"(2, 50)",0,0.046153846153846156,104.4,59.6,full_trust,29,ATTACK,49,"(5, 41)",False,2,False,610
0,0.0,True,0.0,0.9,0.9,598,0,598.0,36,4,7,"(33, 50)",0,0.029837251356238697,84.28571428571429,34.57142857142857,full_trust,36,ATTACK,54,"(26, 26)",False,0,False,615
9,2.0,True,2.0,0.5152070726545488,0.5856048819174614,603,0,603.0,35,1,6,"(33, 8)",9,0.028933092224231464,98.33333333333333,51.0,full_trust,35,ATTACK,53,"(30, 26)",True,1,True,615
6,0.0,True,0.0,0.8342734211541679,0.8615492365805023,597,0,597.0,29,8,5,"(2, 50)",0,0.03345388788426763,104.4,59.6,full_trust,29,ATTACK,49,"(4, 45)",False,2,False,615
0,0.0,True,0.0,0.9,0.9,603,0,603.0,36,4,7,"(33, 50)",0,0.026149684400360685,84.28571428571429,34.57142857142857,full_trust,36,ATTACK,54,"(27, 30)",False,0,False,620
9,2.0,True,2.0,0.5427915501912018,0.6644213077191236,608,0,608.0,35,1,6,"(33, 8)",9,0.027051397655545536,98.33333333333333,51.0,full_trust,35,ATTACK,53,"(30, 21)",True,1,True,620
6,0.0,True,0.0,0.8342734211541679,0.8615492365805023,602,0,602.0,29,8,5,"(2, 50)",0,0.030658250676284943,104.4,59.6,full_trust,29,ATTACK,49,"(3, 49)",False,2,False,620
0,0.0,True,0.0,0.9,0.9,608,0,608.0,37,4,7,"(33, 50)",0,0.025247971145175834,84.28571428571429,34.57142857142857,full_trust,37,ATTACK,55,"(27, 35)",False,0,False,625
9,0.0,True,0.0,0.5778688945869277,0.7176396058833193,613,0,613.0,35,1,6,"(33, 8)",0,0.027051397655545536,98.33333333333333,51.0,full_trust,35,ATTACK,54,"(29, 17)",False,1,False,625
6,0.0,True,0.0,0.8342734211541679,0.8615492365805023,606,0,606.0,31,8,6,"(33, 50)",0,0.030658250676284943,103.83333333333333,58.5,full_trust,31,ATTACK,51,"(3, 49)",False,2,False,625
0,0.0,True,0.0,0.9,0.9,613,0,613.0,37,4,7,"(33, 50)",0,0.024346257889990983,84.28571428571429,34.57142857142857,full_trust,37,ATTACK,55,"(29, 38)",False,0,False,630
9,0.0,True,0.0,0.6157248757673426,0.7608767489021596,618,0,618.0,35,1,6,"(33, 8)",0,0.026149684400360685,98.33333333333333,51.0,full_trust,35,ATTACK,54,"(29, 12)",False,1,False,630
6,0.0,True,0.0,0.8342734211541679,0.8615492365805023,611,0,611.0,31,8,6,"(33, 50)",0,0.028854824165915238,103.83333333333333,58.5,full_trust,31,ATTACK,51,"(5, 46)",False,2,False,630
0,0.0,True,0.0,0.9,0.9,618,0,618.0,37,4,7,"(33, 50)",0,0.024346257889990983,84.28571428571429,34.57142857142857,full_trust,37,ATTACK,55,"(29, 43)",False,0,False,635
9,0.0,True,0.0,0.6535349866622321,0.795419720183799,623,0,623.0,35,1,6,"(33, 8)",0,0.026149684400360685,98.33333333333333,51.0,full_trust,35,ATTACK,54,"(30, 8)",False,1,False,635
6,0.0,True,0.0,0.8342734211541679,0.8615492365805023,616,0,616.0,31,8,6,"(33, 50)",0,0.027953110910730387,103.83333333333333,58.5,full_trust,31,ATTACK,51,"(9, 45)",False,2,False,635
0,0.0,True,0.0,0.9,0.9,623,0,623.0,37,4,7,"(33, 50)",0,0.024324324324324326,84.28571428571429,34.57142857142857,full_trust,37,ATTACK,55,"(29, 48)",False,0,False,640
9,0.0,True,0.0,0.6535349866622321,0.795419720183799,627,0,627.0,36,1,6,"(33, 50)",0,0.02605570530098832,98.33333333333333,51.0,full_trust,36,ATTACK,55,"(33, 9)",False,1,False,640
6,0.0,True,0.0,0.8342734211541679,0.8615492365805023,621,0,621.0,31,8,6,"(33, 50)",0,0.026954177897574125,103.83333333333333,58.5,full_trust,31,ATTACK,51,"(14, 45)",False,2,False,640
0,0.0,True,0.0,0.9,0.9,628,0,628.0,37,4,7,"(33, 50)",0,0.023070097604259095,84.28571428571429,34.57142857142857,full_trust,37,ATTACK,55,"(32, 50)",False,0,False,645
11,0.0,True,0.0,0.6123323481014619,0.6123323481014619,632,0,632.0,36,1,6,"(33, 50)",0,0.024778761061946902,98.33333333333333,51.0,full_trust,36,ATTACK,55,"(31, 12)",False,1,False,645
10,0.0,True,0.0,0.8342734211541679,0.8615492365805023,626,0,626.0,31,8,6,"(33, 50)",0,0.02920353982300885,103.83333333333333,58.5,full_trust,31,ATTACK,51,"(19, 45)",False,2,False,645
0,0.0,True,0.0,0.9,0.9,632,0,632.0,38,4,7,"(3, 8)",0,0.022182786157941437,84.28571428571429,34.57142857142857,full_trust,38,ATTACK,57,"(30, 50)",False,0,False,650
9,0.0,False,0.0,0.35194602070296316,0.35194602070296316,637,0,637.0,37,1,6,"(33, 50)",0,0.024778761061946902,98.33333333333333,51.0,full_trust,37,ATTACK,57,"(30, 16)",False,1,False,650
10,0.0,True,0.0,0.8342734211541679,0.8615492365805023,631,0,631.0,32,8,6,"(33, 50)",0,0.02831858407079646,103.83333333333333,58.5,full_trust,32,ATTACK,52,"(20, 49)",False,2,False,650
0,0.0,True,0.0,0.9,0.9,637,0,637.0,38,4,7,"(3, 8)",0,0.022182786157941437,84.28571428571429,34.57142857142857,full_trust,38,ATTACK,57,"(28, 47)",False,0,False,655
9,0.0,False,0.0,0.35194602070296316,0.35194602070296316,642,0,642.0,37,1,6,"(33, 50)",0,0.024778761061946902,98.33333333333333,51.0,full_trust,37,ATTACK,57,"(29, 20)",False,1,False,655
10,0.0,True,0.0,0.8436665612448069,0.884637524841187,636,0,636.0,32,8,6,"(33, 50)",0,0.02831858407079646,103.83333333333333,58.5,full_trust,32,ATTACK,52,"(24, 50)",False,2,False,655
0,0.0,True,0.0,0.9,0.9,642,0,642.0,38,4,7,"(3, 8)",0,0.022341376228775692,84.28571428571429,34.57142857142857,full_trust,38,ATTACK,57,"(28, 42)",False,0,False,660
9,0.0,False,0.0,0.36563579855068484,0.4469803430305365,647,0,647.0,37,1,6,"(33, 50)",0,0.024955436720142603,98.33333333333333,51.0,full_trust,37,ATTACK,57,"(29, 25)",False,1,False,660
10,0.0,True,0.0,0.8562508489128733,0.9075443208834763,641,0,641.0,32,8,6,"(33, 50)",0,0.0285204991087344,103.83333333333333,58.5,full_trust,32,ATTACK,52,"(29, 50)",False,2,False,660
0,0.0,True,0.0,0.9,0.9,647,0,647.0,38,4,7,"(3, 8)",0,0.022341376228775692,84.28571428571429,34.57142857142857,full_trust,38,ATTACK,57,"(28, 37)",False,0,False,665
9,0.0,True,0.0,0.3961217493795742,0.5310822700940817,652,0,652.0,37,1,6,"(33, 50)",0,0.024955436720142603,98.33333333333333,51.0,full_trust,37,ATTACK,57,"(29, 30)",False,1,False,665
10,0.0,True,0.0,0.8702829880707603,0.9252184899577665,645,0,645.0,33,8,6,"(2, 50)",0,0.0285204991087344,103.83333333333333,58.5,full_trust,33,ATTACK,53,"(33, 50)",False,2,False,665
0,0.0,True,0.0,0.9,0.9,652,0,652.0,38,4,7,"(3, 8)",0,0.021447721179624665,84.28571428571429,34.57142857142857,full_trust,38,ATTACK,57,"(28, 32)",False,0,False,670
9,0.0,True,0.0,0.43907518854396843,0.6221510737285179,657,0,657.0,37,1,6,"(33, 50)",0,0.024955436720142603,98.33333333333333,51.0,full_trust,37,ATTACK,57,"(29, 35)",False,1,False,670
10,0.0,True,0.0,0.8731508484433151,0.9276401955218558,650,0,650.0,33,8,6,"(2, 50)",0,0.027629233511586453,103.83333333333333,58.5,full_trust,33,ATTACK,53,"(28, 50)",False,2,False,670
0,0.0,True,0.0,0.9,0.9,657,0,657.0,38,4,7,"(3, 8)",0,0.021447721179624665,84.28571428571429,34.57142857142857,full_trust,38,ATTACK,58,"(27, 28)",False,0,False,675
9,0.0,True,0.0,0.4908233519218908,0.6910259122817969,662,0,662.0,37,1,6,"(33, 50)",0,0.022281639928698752,98.33333333333333,51.0,full_trust,37,ATTACK,58,"(29, 40)",False,1,False,675
10,0.0,True,0.0,0.8869752283007776,0.9381202456314192,655,0,655.0,33,8,6,"(2, 50)",0,0.024955436720142603,103.83333333333333,58.5,full_trust,33,ATTACK,54,"(24, 49)",False,2,False,675
0,0.0,True,0.0,0.9,0.9,662,0,662.0,38,4,7,"(3, 8)",0,0.021524663677130046,84.28571428571429,34.57142857142857,full_trust,38,ATTACK,58,"(25, 25)",False,0,False,680
4,0.0,True,0.0,0.542922154092483,0.7376870941764735,667,0,667.0,37,1,6,"(33, 50)",0,0.022482014388489208,98.33333333333333,51.0,full_trust,37,ATTACK,58,"(29, 45)",False,1,False,680
7,0.0,True,0.0,0.8896185068250455,0.9398407987861357,660,0,660.0,33,8,6,"(2, 50)",0,0.025179856115107913,103.83333333333333,58.5,full_trust,33,ATTACK,54,"(20, 48)",False,2,False,680
0,0.0,True,0.0,0.9,0.9,667,0,667.0,38,4,7,"(3, 8)",0,0.02062780269058296,84.28571428571429,34.57142857142857,full_trust,38,ATTACK,58,"(25, 20)",False,0,False,685
16,0.0,True,0.0,0.582683275478513,0.7679176174709458,672,0,672.0,37,1,6,"(33, 50)",0,0.03237410071942446,98.33333333333333,51.0,full_trust,37,ATTACK,58,"(32, 47)",False,1,False,685
7,0.0,True,0.0,0.5290949161756509,0.5290949161756509,665,0,665.0,35,8,6,"(2, 50)",0,0.024280575539568347,103.83333333333333,58.5,full_trust,35,ATTACK,56,"(17, 46)",False,2,False,685
0,0.0,True,0.0,0.9,0.9,672,0,672.0,38,4,7,"(3, 8)",0,0.02062780269058296,84.28571428571429,34.57142857142857,full_trust,38,ATTACK,58,"(25, 15)",False,0,False,690
16,0.0,True,0.0,0.5925640530180564,0.7802988262693816,676,0,676.0,38,1,7,"(25, 2)",0,0.03147482014388489,98.57142857142857,51.0,full_trust,38,ATTACK,59,"(33, 50)",False,1,False,690
7,0.0,True,0.0,0.5290949161756509,0.5290949161756509,670,0,670.0,35,8,6,"(2, 50)",0,0.024280575539568347,103.83333333333333,58.5,full_trust,35,ATTACK,56,"(12, 46)",False,2,False,690
0,0.0,True,0.0,0.9,0.9,677,0,677.0,38,4,7,"(3, 8)",0,0.02062780269058296,84.28571428571429,34.57142857142857,full_trust,38,ATTACK,58,"(25, 10)",False,0,False,695
16,0.0,True,0.0,0.5925640530180564,0.7802988262693816,681,0,681.0,38,1,7,"(25, 2)",0,0.03237410071942446,98.57142857142857,51.0,full_trust,38,ATTACK,59,"(30, 48)",False,1,False,695
7,0.0,True,0.0,0.5290949161756509,0.5290949161756509,675,0,675.0,35,8,6,"(2, 50)",0,0.024280575539568347,103.83333333333333,58.5,full_trust,35,ATTACK,56,"(7, 46)",False,2,False,695
0,0.0,True,0.0,0.9,0.9,682,0,682.0,38,4,7,"(3, 8)",0,0.021043000914913082,84.28571428571429,34.57142857142857,full_trust,38,ATTACK,59,"(21, 9)",False,0,False,700
16,0.0,True,0.0,0.5925640530180564,0.7802988262693816,686,0,686.0,38,1,7,"(25, 2)",0,0.033271719038817,98.57142857142857,51.0,full_trust,38,ATTACK,60,"(30, 43)",False,1,False,700
7,0.0,True,0.0,0.5290949161756509,0.5290949161756509,680,0,680.0,35,8,6,"(2, 50)",0,0.024953789279112754,103.83333333333333,58.5,full_trust,35,ATTACK,57,"(5, 49)",False,2,False,700
0,0.0,True,0.0,0.9,0.9,687,0,687.0,38,4,7,"(3, 8)",0,0.021043000914913082,84.28571428571429,34.57142857142857,full_trust,38,ATTACK,59,"(16, 9)",False,0,False,705
16,0.0,True,0.0,0.5925640530180564,0.7802988262693816,691,0,691.0,38,1,7,"(25, 2)",0,0.033271719038817,98.57142857142857,51.0,full_trust,38,ATTACK,60,"(28, 40)",False,1,False,705
7,0.0,True,0.0,0.5290949161756509,0.5290949161756509,684,0,684.0,36,8,7,"(15, 2)",0,0.024953789279112754,100.71428571428571,55.857142857142854,full_trust,36,ATTACK,58,"(2, 50)",False,2,False,705
0,0.0,True,0.0,0.9,0.9,692,0,692.0,38,4,7,"(3, 8)",0,0.021004566210045664,84.28571428571429,34.57142857142857,full_trust,38,ATTACK,59,"(12, 8)",False,0,False,710
16,0.0,True,0.0,0.6385324206254924,0.8062914123539243,696,0,696.0,38,1,7,"(25, 2)",0,0.03413284132841329,98.57142857142857,51.0,full_trust,38,ATTACK,60,"(28, 35)",False,1,False,710
7,0.0,True,0.0,0.5290949161756509,0.5290949161756509,689,0,689.0,36,8,7,"(15, 2)",0,0.024907749077490774,100.71428571428571,55.857142857142854,full_trust,36,ATTACK,58,"(5, 48)",False,2,False,710
0,0.0,True,0.0,0.9,0.9,697,0,697.0,38,4,7,"(3, 8)",0,0.02090909090909091,84.28571428571429,34.57142857142857,full_trust,38,ATTACK,59,"(7, 8)",False,0,False,715
16,0.0,True,0.0,0.6804462269914021,0.8345986677617995,701,0,701.0,38,1,7,"(25, 2)",0,0.03397612488521579,98.57142857142857,51.0,full_trust,38,ATTACK,60,"(28, 30)",False,1,False,715
7,0.0,True,0.0,0.5290949161756509,0.5290949161756509,694,0,694.0,36,8,7,"(15, 2)",0,0.024793388429752067,100.71428571428571,55.857142857142854,full_trust,36,ATTACK,58,"(7, 45)",False,2,False,715
0,0.0,True,0.0,0.9,0.9,701,0,701.0,39,4,8,"(13, 50)",0,0.02048780487804878,90.0,39.375,full_trust,39,ATTACK,60,"(3, 8)",False,0,False,720
20,0.0,True,0.0,0.7188542728834735,0.8593255441505158,706,0,706.0,38,1,7,"(25, 2)",0,0.03488372093023256,98.57142857142857,51.0,full_trust,38,ATTACK,60,"(28, 25)",False,1,False,720
11,0.0,True,0.0,0.5290949161756509,0.5290949161756509,699,0,699.0,36,8,7,"(15, 2)",0,0.02529182879377432,100.71428571428571,55.857142857142854,full_trust,36,ATTACK,58,"(12, 45)",False,2,False,720
0,0.0,True,0.0,0.9,0.9,706,0,706.0,39,4,8,"(13, 50)",0,0.02048780487804878,90.0,39.375,full_trust,39,ATTACK,61,"(8, 8)",False,0,False,725
20,0.0,True,0.0,0.7536791187622993,0.8804947377026804,711,0,711.0,39,1,7,"(25, 2)",0,0.03488372093023256,98.57142857142857,51.0,full_trust,39,ATTACK,61,"(27, 21)",False,1,False,725
11,0.0,True,0.0,0.5290949161756509,0.5290949161756509,704,0,704.0,37,8,7,"(15, 2)",0,0.02529182879377432,100.71428571428571,55.857142857142854,full_trust,37,ATTACK,59,"(12, 40)",False,2,False,725
0,0.0,True,0.0,0.9,0.9,711,0,711.0,39,4,8,"(13, 50)",0,0.02048780487804878,90.0,39.375,full_trust,39,ATTACK,61,"(13, 8)",False,0,False,730
20,0.0,True,0.0,0.7847403029026023,0.8973500854090632,716,0,716.0,39,1,7,"(25, 2)",0,0.03488372093023256,98.57142857142857,51.0,full_trust,39,ATTACK,61,"(25, 18)",False,1,False,730
11,0.0,True,0.0,0.5290949161756509,0.5290949161756509,709,0,709.0,37,8,7,"(15, 2)",0,0.02529182879377432,100.71428571428571,55.857142857142854,full_trust,37,ATTACK,59,"(14, 37)",False,2,False,730
0,0.0,True,0.0,0.9,0.9,716,0,716.0,39,4,8,"(13, 50)",0,0.0175609756097561,90.0,39.375,full_trust,39,ATTACK,61,"(14, 12)",False,0,False,735
20,0.0,True,0.0,0.8126175704708296,0.9140218263601901,721,0,721.0,39,1,7,"(25, 2)",0,0.03197674418604651,98.57142857142857,51.0,full_trust,39,ATTACK,61,"(25, 13)",False,1,False,735
11,0.0,True,0.0,0.5290949161756509,0.5290949161756509,714,0,714.0,37,8,7,"(15, 2)",0,0.02237354085603113,100.71428571428571,55.857142857142854,full_trust,37,ATTACK,59,"(15, 33)",False,2,False,735
0,0.0,True,0.0,0.9,0.9,721,0,721.0,39,4,8,"(13, 50)",0,0.009718172983479106,90.0,39.375,full_trust,39,ATTACK,62,"(14, 17)",False,0,False,740
20,0.0,True,0.0,0.8375761604591095,0.9281952943876884,726,0,726.0,39,1,7,"(25, 2)",0,0.023255813953488372,98.57142857142857,51.0,full_trust,39,ATTACK,61,"(25, 8)",False,1,False,740
11,0.0,True,0.0,0.5290949161756509,0.5290949161756509,719,0,719.0,38,8,7,"(15, 2)",0,0.014534883720930232,100.71428571428571,55.857142857142854,full_trust,38,ATTACK,60,"(15, 28)",False,2,False,740
0,0.0,True,0.0,0.9,0.9,726,0,726.0,40,4,8,"(13, 50)",0,0.0019175455417066154,90.0,39.375,full_trust,40,ATTACK,63,"(15, 21)",False,0,False,745
17,0.0,True,0.0,0.8375761604591095,0.9281952943876884,731,0,731.0,39,1,7,"(25, 2)",0,0.013422818791946308,98.57142857142857,51.0,full_trust,39,ATTACK,61,"(25, 3)",False,1,False,745
8,0.0,True,0.0,0.5332948923480095,0.57495767571778,724,0,724.0,38,8,7,"(15, 2)",0,0.005752636625119847,100.71428571428571,55.857142857142854,full_trust,38,ATTACK,60,"(16, 24)",False,2,False,745
0,0.0,True,0.0,0.9,0.9,731,0,731.0,42,4,8,"(13, 50)",0,0.04314477468839885,90.0,39.375,full_trust,42,ATTACK,65,"(16, 21)",False,0,False,750
17,0.0,True,0.0,0.8375761604591095,0.9281952943876884,735,0,735.0,40,1,7,"(33, 30)",0,0.05465004793863854,98.57142857142857,51.0,full_trust,40,ATTACK,63,"(25, 5)",False,1,False,750
8,0.0,True,0.0,0.5562747771604122,0.6704091132148617,726,0,726.0,40,11,7,"(15, 2)",0,0.04122722914669223,100.71428571428571,55.857142857142854,full_trust,40,ATTACK,62,"(16, 22)",False,2,False,750
0,0.0,True,0.0,0.9,0.9,736,0,736.0,44,4,8,"(13, 50)",0,0.04218600191754554,90.0,39.375,full_trust,44,ATTACK,67,"(16, 18)",False,0,False,755
16,0.0,True,0.0,0.8375761604591095,0.9281952943876884,740,0,740.0,40,1,7,"(33, 30)",0,0.052732502396931925,98.57142857142857,51.0,full_trust,40,ATTACK,63,"(26, 9)",False,1,False,755
8,0.0,True,0.0,0.5927221064184469,0.7452588418334268,728,0,728.0,40,14,7,"(15, 2)",0,0.040268456375838924,100.71428571428571,55.857142857142854,full_trust,40,ATTACK,62,"(16, 20)",False,2,False,755
0,0.0,True,0.0,0.9,0.9,741,0,741.0,48,4,8,"(13, 50)",0,0.04218600191754554,90.0,39.375,full_trust,48,ATTACK,71,"(16, 17)",False,0,False,760
33,21.49600585611067,True,21.49600585611067,0.8375761604591095,0.9281952943876884,745,0,745.0,41,1,7,"(33, 30)",0,0.04985618408437201,98.57142857142857,51.0,full_trust,41,ATTACK,64,"(26, 14)",False,1,False,760
25,0.0,True,0.0,0.6354361706987667,0.8018997125981592,729,0,729.0,40,18,7,"(15, 2)",0,0.052732502396931925,100.71428571428571,55.857142857142854,full_trust,40,ATTACK,62,"(16, 19)",False,2,False,760
0,0.0,True,0.0,0.9,0.9,746,0,746.0,52,4,8,"(13, 50)",0,0.0364333652924257,90.0,39.375,full_trust,52,ATTACK,75,"(16, 16)",False,0,False,765
33,21.49600585611067,True,21.49600585611067,0.8375761604591095,0.9281952943876884,750,0,750.0,41,1,7,"(33, 30)",0,0.04410354745925216,98.57142857142857,51.0,full_trust,41,ATTACK,64,"(29, 16)",False,1,False,765
25,0.0,True,0.0,0.679708722002977,0.8468810541243932,731,0,731.0,40,21,7,"(15, 2)",0,0.04985618408437201,100.71428571428571,55.857142857142854,full_trust,40,ATTACK,62,"(16, 17)",False,2,False,765
0,0.0,True,0.0,0.9,0.9,751,0,751.0,54,4,8,"(13, 50)",0,0.032598274209012464,90.0,39.375,full_trust,54,ATTACK,77,"(16, 13)",False,0,False,770
33,21.49600585611067,True,21.49600585611067,0.8375761604591095,0.9281952943876884,755,0,755.0,41,1,7,"(33, 30)",0,0.04218600191754554,98.57142857142857,51.0,full_trust,41,ATTACK,64,"(29, 21)",False,1,False,770
25,0.0,True,0.0,0.7226155461579269,0.8821799029199858,733,0,733.0,40,24,7,"(15, 2)",0,0.04793863854266539,100.71428571428571,55.857142857142854,full_trust,40,ATTACK,62,"(16, 15)",False,2,False,770
0,0.0,True,0.0,0.9,0.9,756,0,756.0,56,4,8,"(13, 50)",0,0.028763183125599234,90.0,39.375,full_trust,56,ATTACK,80,"(16, 18)",False,0,False,775
32,10.499018569457593,True,10.499018569457593,0.7234569714635141,0.7234569714635141,760,0,760.0,41,1,7,"(33, 30)",0,0.040268456375838924,98.57142857142857,51.0,full_trust,41,ATTACK,65,"(29, 26)",False,1,False,775
25,0.0,True,0.0,0.7624856822998017,0.9085088548585848,738,0,738.0,41,24,7,"(15, 2)",0,0.04410354745925216,100.71428571428571,55.857142857142854,full_trust,41,ATTACK,64,"(15, 11)",False,2,False,775
0,0.0,True,0.0,0.9,0.9,761,0,761.0,56,4,8,"(13, 50)",0,0.023969319271332695,90.0,39.375,full_trust,56,ATTACK,80,"(16, 23)",False,0,False,780
12,0.0,False,0.0,0.19203762646438502,0.19203762646438502,765,0,765.0,41,1,7,"(33, 30)",0,0.024928092042186004,98.57142857142857,51.0,full_trust,41,ATTACK,67,"(30, 30)",False,1,False,780
25,0.0,True,0.0,0.7844418920009473,0.9194993024920258,743,0,743.0,41,24,7,"(15, 2)",0,0.031639501438159155,100.71428571428571,55.857142857142854,full_trust,41,ATTACK,64,"(14, 7)",False,2,False,780
0,0.0,True,0.0,0.9,0.9,766,0,766.0,56,4,8,"(13, 50)",0,0.01725790987535954,90.0,39.375,full_trust,56,ATTACK,80,"(16, 28)",False,0,False,785
12,0.0,False,0.0,0.19203762646438502,0.19203762646438502,769,0,769.0,42,1,8,"(33, 50)",0,0.01725790987535954,98.0,49.25,full_trust,42,ATTACK,68,"(33, 31)",False,1,False,785
25,0.0,True,0.0,0.7844418920009473,0.9194993024920258,748,0,748.0,41,24,7,"(15, 2)",0,0.03451581975071908,100.71428571428571,55.857142857142854,full_trust,41,ATTACK,64,"(14, 2)",False,2,False,785
0,0.0,True,0.0,0.9,0.9,771,0,771.0,56,4,8,"(13, 50)",0,0.015296367112810707,90.0,39.375,full_trust,56,ATTACK,80,"(13, 30)",False,0,False,790
12,0.0,False,0.0,0.19203762646438502,0.19203762646438502,774,0,774.0,42,1,8,"(33, 50)",0,0.017208413001912046,98.0,49.25,full_trust,42,ATTACK,68,"(31, 34)",False,1,False,790
25,0.0,True,0.0,0.7844418920009473,0.9194993024920258,752,0,752.0,42,24,7,"(24, 45)",0,0.032504780114722756,100.71428571428571,55.857142857142854,full_trust,42,ATTACK,65,"(14, 4)",False,2,False,790
0,0.0,True,0.0,0.9,0.9,776,0,776.0,56,4,8,"(13, 50)",0,0.0124282982791587,90.0,39.375,full_trust,56,ATTACK,80,"(13, 35)",False,0,False,795
17,0.0,False,0.0,0.19203762646438502,0.19203762646438502,779,0,779.0,42,1,8,"(33, 50)",0,0.022944550669216062,98.0,49.25,full_trust,42,ATTACK,68,"(29, 37)",False,1,False,795
30,0.0,True,0.0,0.7844418920009473,0.9194993024920258,757,0,757.0,42,24,7,"(24, 45)",0,0.03537284894837476,100.71428571428571,55.857142857142854,full_trust,42,ATTACK,65,"(14, 9)",False,2,False,795
0,0.0,True,0.0,0.9,0.9,781,0,781.0,56,4,8,"(13, 50)",0,0.0124282982791587,90.0,39.375,full_trust,56,ATTACK,81,"(13, 40)",False,0,False,800
13,0.0,False,0.0,0.19203762646438502,0.19203762646438502,784,0,784.0,43,1,8,"(33, 50)",0,0.019120458891013385,98.0,49.25,full_trust,43,ATTACK,69,"(29, 42)",False,1,False,800
26,0.0,True,0.0,0.7979590634196551,0.9241110534888617,762,0,762.0,42,24,7,"(24, 45)",0,0.030592734225621414,100.71428571428571,55.857142857142854,full_trust,42,ATTACK,66,"(16, 12)",False,2,False,800
0,0.0,True,0.0,0.9,0.9,786,0,786.0,56,4,8,"(13, 50)",0,0.011472275334608031,90.0,39.375,full_trust,56,ATTACK,81,"(13, 45)",False,0,False,805
0,0.0,False,0.0,0.19203762646438502,0.19203762646438502,789,0,789.0,43,1,8,"(33, 50)",0,0.006692160611854685,98.0,49.25,full_trust,43,ATTACK,69,"(31, 45)",False,1,False,805
25,0.0,True,0.0,0.8281613363953728,0.9357726666423175,767,0,767.0,42,24,7,"(24, 45)",0,0.029636711281070746,100.71428571428571,55.857142857142854,full_trust,42,ATTACK,66,"(16, 17)",False,2,False,805
0,0.0,True,0.0,0.9,0.9,791,0,791.0,56,4,8,"(13, 50)",0,0.009551098376313277,90.0,39.375,full_trust,56,ATTACK,81,"(13, 50)",False,0,False,810
0,0.0,False,0.0,0.19203762646438502,0.19203762646438502,794,0,794.0,43,1,8,"(33, 50)",0,0.0066857688634192934,98.0,49.25,full_trust,43,ATTACK,69,"(32, 49)",False,1,False,810
25,0.0,True,0.0,0.8539680406346115,0.9456669339810563,772,0,772.0,42,24,7,"(24, 45)",0,0.029608404966571154,100.71428571428571,55.857142857142854,full_trust,42,ATTACK,66,"(17, 21)",False,2,False,810
0,0.0,True,0.0,0.9,0.9,795,0,795.0,57,4,8,"(33, 50)",0,0.009551098376313277,90.0,39.375,full_trust,57,ATTACK,82,"(17, 50)",False,0,False,815
0,0.0,False,0.0,0.19203762646438502,0.19203762646438502,798,0,798.0,44,1,8,"(24, 45)",0,0.0057306590257879654,98.0,49.25,full_trust,44,ATTACK,70,"(31, 50)",False,1,False,815
25,0.0,True,0.0,0.8759288784090254,0.9540514356587222,777,0,777.0,42,24,7,"(24, 45)",0,0.026743075453677174,100.71428571428571,55.857142857142854,full_trust,42,ATTACK,66,"(17, 26)",False,2,False,815
0,0.0,True,0.0,0.9,0.9,800,0,800.0,57,4,8,"(33, 50)",0,0.004775549188156638,90.0,39.375,full_trust,57,ATTACK,82,"(21, 49)",False,0,False,820
0,0.0,False,0.0,0.19321046241781326,0.2154943455329498,803,0,803.0,44,1,8,"(24, 45)",0,0.007640878701050621,98.0,49.25,full_trust,44,ATTACK,70,"(29, 47)",False,1,False,820
25,0.0,True,0.0,0.894569064023168,0.9607747915012655,782,0,782.0,42,24,7,"(24, 45)",0,0.025787965616045846,100.71428571428571,55.857142857142854,full_trust,42,ATTACK,66,"(17, 31)",False,2,False,820
0,0.0,True,0.0,0.9,0.9,805,0,805.0,57,4,8,"(33, 50)",0,0.0028653295128939827,90.0,39.375,full_trust,57,ATTACK,83,"(26, 49)",False,0,False,825
0,0.0,False,0.0,0.21906968944466923,0.3714219333264054,808,0,808.0,44,1,8,"(24, 45)",0,0.008595988538681949,98.0,49.25,full_trust,44,ATTACK,71,"(25, 46)",False,1,False,825
25,0.0,True,0.0,0.9103393434756395,0.9663201323085332,787,0,787.0,43,24,7,"(24, 45)",0,0.025787965616045846,100.71428571428571,55.857142857142854,full_trust,43,ATTACK,67,"(17, 36)",False,2,False,825
0,0.0,True,0.0,0.9,0.9,810,0,810.0,57,4,8,"(33, 50)",0,0.0028653295128939827,90.0,39.375,full_trust,57,ATTACK,83,"(30, 50)",False,0,False,830
0,0.0,True,0.0,0.27278899881713126,0.5012307869732976,812,0,812.0,45,1,9,"(2, 20)",0,0.008595988538681949,92.0,45.44444444444444,full_trust,45,ATTACK,72,"(25, 44)",False,1,False,830
25,0.0,True,0.0,0.9236771926653585,0.9709705820967572,792,0,792.0,43,24,7,"(24, 45)",0,0.024832855778414518,100.71428571428571,55.857142857142854,full_trust,43,ATTACK,67,"(19, 39)",False,2,False,830
0,0.0,True,0.0,0.9,0.9,814,0,814.0,58,4,9,"(2, 50)",0,0.0028653295128939827,92.66666666666667,37.55555555555556,full_trust,58,ATTACK,84,"(32, 50)",False,0,False,835
0,0.0,False,0.0,0.30721825214311943,0.40216543021373025,817,0,817.0,45,1,9,"(2, 20)",0,0.009551098376313277,92.0,45.44444444444444,full_trust,45,ATTACK,73,"(26, 40)",False,1,False,835
41,0.0,True,0.0,0.9306565731543491,0.9733979777009819,797,0,797.0,43,24,7,"(24, 45)",0,0.04011461318051576,100.71428571428571,55.857142857142854,full_trust,43,ATTACK,68,"(23, 40)",False,2,False,835
0,0.0,True,0.0,0.9,0.9,819,0,819.0,58,4,9,"(2, 50)",0,0.0028653295128939827,92.66666666666667,37.55555555555556,full_trust,58,ATTACK,84,"(28, 49)",False,0,False,840
0,0.0,False,0.0,0.30721825214311943,0.40216543021373025,822,0,822.0,45,1,9,"(2, 20)",0,0.009551098376313277,92.0,45.44444444444444,full_trust,45,ATTACK,73,"(26, 35)",False,1,False,840
25,0.0,False,0.0,0.47850813970829864,0.47850813970829864,802,0,802.0,43,24,7,"(24, 45)",0,0.022922636103151862,100.71428571428571,55.857142857142854,full_trust,43,ATTACK,71,"(25, 43)",False,2,False,840
0,0.0,True,0.0,0.9,0.9,824,0,824.0,58,4,9,"(2, 50)",0,0.0038204393505253103,92.66666666666667,37.55555555555556,full_trust,58,ATTACK,84,"(23, 49)",False,0,False,845
0,0.0,False,0.0,0.30721825214311943,0.40216543021373025,827,0,827.0,45,1,9,"(2, 20)",0,0.009551098376313277,92.0,45.44444444444444,full_trust,45,ATTACK,73,"(26, 30)",False,1,False,845
25,0.0,True,0.0,0.4932965181420162,0.5860770222650077,806,0,806.0,44,24,8,"(33, 50)",0,0.008595988538681949,105.5,56.0,full_trust,44,ATTACK,72,"(24, 46)",False,2,False,845
0,0.0,True,0.0,0.9,0.9,829,0,829.0,59,4,9,"(2, 50)",0,0.0028653295128939827,92.66666666666667,37.55555555555556,full_trust,59,ATTACK,85,"(19, 48)",False,0,False,850
0,0.0,False,0.0,0.32483153588445496,0.4443427625159591,832,0,832.0,46,1,9,"(2, 20)",0,0.007640878701050621,92.0,45.44444444444444,full_trust,46,ATTACK,74,"(24, 27)",False,1,False,850
25,0.0,True,0.0,0.526995878700745,0.6767114129647656,811,0,811.0,44,24,8,"(33, 50)",0,0.01623686723973257,105.5,56.0,full_trust,44,ATTACK,73,"(26, 49)",False,2,False,850
0,0.0,True,0.0,0.9,0.9,834,0,834.0,59,4,9,"(2, 50)",0,0.0028653295128939827,92.66666666666667,37.55555555555556,full_trust,59,ATTACK,85,"(16, 46)",False,0,False,855
0,0.0,True,0.0,0.36159838763138624,0.5127714586999306,837,0,837.0,46,1,9,"(2, 20)",0,0.008595988538681949,92.0,45.44444444444444,full_trust,46,ATTACK,74,"(21, 25)",False,1,False,855
25,0.0,True,0.0,0.5686512318118522,0.7283000166775246,816,0,816.0,44,24,8,"(33, 50)",0,0.018147086914995225,105.5,56.0,full_trust,44,ATTACK,73,"(30, 50)",False,2,False,855
0,0.0,True,0.0,0.9,0.9,839,0,839.0,59,4,9,"(2, 50)",0,0.0028680688336520078,92.66666666666667,37.55555555555556,full_trust,59,ATTACK,85,"(11, 46)",False,0,False,860
0,0.0,True,0.0,0.40461808138384314,0.5757661506385633,842,0,842.0,46,1,9,"(2, 20)",0,0.008604206500956023,92.0,45.44444444444444,full_trust,46,ATTACK,74,"(17, 24)",False,1,False,860
25,0.0,True,0.0,0.6043049951609782,0.7781078029472727,820,0,820.0,45,24,8,"(24, 45)",0,0.018147086914995225,105.5,56.0,full_trust,45,ATTACK,74,"(32, 50)",False,2,False,860
0,0.0,True,0.0,0.9,0.9,844,0,844.0,59,4,9,"(2, 50)",0,0.0038240917782026767,92.66666666666667,37.55555555555556,full_trust,59,ATTACK,85,"(6, 46)",False,0,False,865
0,0.0,True,0.0,0.45055144546186104,0.62774491723022,847,0,847.0,46,1,9,"(2, 20)",0,0.008604206500956023,92.0,45.44444444444444,full_trust,46,ATTACK,74,"(15, 21)",False,1,False,865
25,0.0,True,0.0,0.6043049951609782,0.7781078029472727,825,0,825.0,45,24,8,"(24, 45)",0,0.01623686723973257,105.5,56.0,full_trust,45,ATTACK,74,"(29, 48)",False,2,False,865
0,0.0,True,0.0,0.9,0.9,849,0,849.0,59,4,9,"(2, 50)",0,0.0028169014084507044,92.66666666666667,37.55555555555556,full_trust,59,ATTACK,85,"(3, 48)",False,0,False,870
5,0.0,True,0.0,0.4790968377276139,0.6599064132681618,852,0,852.0,46,1,9,"(2, 20)",0,0.012206572769953052,92.0,45.44444444444444,full_trust,46,ATTACK,74,"(10, 21)",False,1,False,870
30,0.0,True,0.0,0.6043049951609782,0.7781078029472727,830,0,830.0,45,24,8,"(24, 45)",0,0.017823639774859287,105.5,56.0,full_trust,45,ATTACK,74,"(27, 45)",False,2,False,870
0,0.0,True,0.0,0.9,0.9,853,0,853.0,60,4,9,"(2, 41)",0,0.0027397260273972603,92.66666666666667,37.55555555555556,full_trust,60,ATTACK,87,"(3, 50)",False,0,False,875
5,0.0,True,0.0,0.48854663059223463,0.6680926950200282,857,0,857.0,46,1,9,"(2, 20)",0,0.011872146118721462,92.0,45.44444444444444,full_trust,46,ATTACK,75,"(5, 21)",False,1,False,875
30,0.0,True,0.0,0.6043049951609782,0.7781078029472727,834,0,834.0,46,24,9,"(25, 2)",0,0.01824817518248175,97.11111111111111,51.44444444444444,full_trust,46,ATTACK,76,"(25, 45)",False,2,False,875
0,0.0,True,0.0,0.9,0.9,858,0,858.0,60,4,9,"(2, 41)",0,0.00273224043715847,92.66666666666667,37.55555555555556,full_trust,60,ATTACK,87,"(3, 45)",False,0,False,880
5,0.0,True,0.0,0.48854663059223463,0.6680926950200282,861,0,861.0,47,1,9,"(2, 41)",0,0.011839708561020037,92.0,45.44444444444444,full_trust,47,ATTACK,76,"(2, 20)",False,1,False,880
30,0.0,True,0.0,0.6043049951609782,0.7781078029472727,839,0,839.0,46,24,9,"(25, 2)",0,0.018198362147406732,97.11111111111111,51.44444444444444,full_trust,46,ATTACK,76,"(25, 40)",False,2,False,880
0,0.0,True,0.0,0.9,0.9,863,0,863.0,60,4,9,"(2, 41)",0,0.003629764065335753,92.66666666666667,37.55555555555556,full_trust,60,ATTACK,87,"(2, 41)",False,0,False,885
5,0.0,True,0.0,0.48854663059223463,0.6680926950200282,866,0,866.0,47,1,9,"(2, 41)",0,0.011796733212341199,92.0,45.44444444444444,full_trust,47,ATTACK,76,"(3, 24)",False,1,False,885
30,0.0,True,0.0,0.6133237225305131,0.7846795425516774,844,0,844.0,46,24,9,"(25, 2)",0,0.019038984587488667,97.11111111111111,51.44444444444444,full_trust,46,ATTACK,76,"(22, 38)",False,2,False,885
0,0.0,True,0.0,0.9,0.9,867,0,867.0,61,4,10,"(3, 8)",0,0.0035587188612099642,88.6,35.0,full_trust,61,ATTACK,88,"(6, 41)",False,0,False,890
5,0.0,True,0.0,0.48854663059223463,0.6680926950200282,871,0,871.0,47,1,9,"(2, 41)",0,0.011565836298932384,92.0,45.44444444444444,full_trust,47,ATTACK,76,"(3, 29)",False,1,False,890
28,0.0,True,0.0,0.5727295266312505,0.5727295266312505,849,0,849.0,46,24,9,"(25, 2)",0,0.016,97.11111111111111,51.44444444444444,full_trust,46,ATTACK,76,"(22, 33)",False,2,False,890
0,0.0,True,0.0,0.9,0.9,872,0,872.0,61,4,10,"(3, 8)",0,0.0035398230088495575,88.6,35.0,full_trust,61,ATTACK,88,"(11, 41)",False,0,False,895
5,0.0,True,0.0,0.5169453711998443,0.6975543010069151,876,0,876.0,47,1,9,"(2, 41)",0,0.011504424778761062,92.0,45.44444444444444,full_trust,47,ATTACK,76,"(3, 34)",False,1,False,895
27,0.0,False,0.0,0.49077080259747263,0.49077080259747263,854,0,854.0,46,24,9,"(25, 2)",0,0.015030946065428824,97.11111111111111,51.44444444444444,full_trust,46,ATTACK,77,"(22, 28)",False,2,False,895
0,0.0,True,0.0,0.9,0.9,877,0,877.0,61,4,10,"(3, 8)",0,0.05132743362831858,88.6,35.0,full_trust,61,ATTACK,89,"(12, 37)",False,0,False,900
5,0.0,True,0.0,0.5557253444610835,0.7407132674017948,881,0,881.0,47,1,9,"(2, 41)",0,0.049557522123893805,92.0,45.44444444444444,full_trust,47,ATTACK,77,"(3, 39)",False,1,False,900
27,0.0,False,0.0,0.49077080259747263,0.49077080259747263,859,0,859.0,46,24,9,"(25, 2)",0,0.0584070796460177,97.11111111111111,51.44444444444444,full_trust,46,ATTACK,78,"(24, 25)",False,2,False,900
0,0.0,True,0.0,0.9,0.9,882,0,882.0,61,4,10,"(3, 8)",0,0.050397877984084884,88.6,35.0,full_trust,61,ATTACK,89,"(12, 32)",False,0,False,905
5,0.0,True,0.0,0.5557253444610835,0.7407132674017948,885,0,885.0,48,1,10,"(15, 2)",0,0.04774535809018567,90.4,43.3,full_trust,48,ATTACK,78,"(3, 41)",False,1,False,905
27,0.0,False,0.0,0.49077080259747263,0.49077080259747263,864,0,864.0,47,24,9,"(25, 2)",0,0.05747126436781609,97.11111111111111,51.44444444444444,full_trust,47,ATTACK,79,"(25, 21)",False,2,False,905
0,0.0,True,0.0,0.9,0.9,887,0,887.0,61,4,10,"(3, 8)",0,0.045053003533568906,88.6,35.0,full_trust,61,ATTACK,89,"(12, 27)",False,0,False,910
10,0.0,True,0.0,0.5557253444610835,0.7407132674017948,890,0,890.0,48,1,10,"(15, 2)",0,0.044169611307420496,90.4,43.3,full_trust,48,ATTACK,78,"(5, 38)",False,1,False,910
32,0.0,False,0.0,0.49077080259747263,0.49077080259747263,869,0,869.0,47,24,9,"(25, 2)",0,0.053003533568904596,97.11111111111111,51.44444444444444,full_trust,47,ATTACK,79,"(26, 17)",False,2,False,910
0,0.0,True,0.0,0.9,0.9,892,0,892.0,62,4,10,"(3, 8)",0,0.03169014084507042,88.6,35.0,full_trust,62,ATTACK,90,"(12, 22)",False,0,False,915
10,0.0,True,0.0,0.5655192830161364,0.7516041155621416,895,0,895.0,49,1,10,"(15, 2)",0,0.03609154929577465,90.4,43.3,full_trust,49,ATTACK,79,"(5, 33)",False,1,False,915
32,0.0,False,0.0,0.49077080259747263,0.49077080259747263,874,0,874.0,48,24,9,"(25, 2)",0,0.04137323943661972,97.11111111111111,51.44444444444444,full_trust,48,ATTACK,80,"(26, 12)",False,2,False,915
0,0.0,True,0.0,0.9,0.9,897,0,897.0,63,4,10,"(3, 8)",0,0.027312775330396475,88.6,35.0,full_trust,63,ATTACK,91,"(16, 21)",False,0,False,920
10,0.0,True,0.0,0.5850858829824881,0.7701879424899665,900,0,900.0,49,1,10,"(15, 2)",0,0.03259911894273128,90.4,43.3,full_trust,49,ATTACK,81,"(5, 28)",False,1,False,920
32,0.0,False,0.0,0.49077080259747263,0.49077080259747263,879,0,879.0,48,24,9,"(25, 2)",0,0.033480176211453744,97.11111111111111,51.44444444444444,full_trust,48,ATTACK,80,"(25, 8)",False,2,False,920
0,0.0,True,0.0,0.9,0.9,902,0,902.0,64,4,10,"(3, 8)",0,0.025505716798592787,88.6,35.0,full_trust,64,ATTACK,93,"(17, 19)",False,0,False,925
10,0.0,True,0.0,0.6139172585342989,0.7944431872984135,905,0,905.0,50,1,10,"(15, 2)",0,0.030782761653474055,90.4,43.3,full_trust,50,ATTACK,82,"(5, 23)",False,1,False,925
32,0.0,False,0.0,0.49077080259747263,0.49077080259747263,884,0,884.0,48,24,9,"(25, 2)",0,0.028144239226033423,97.11111111111111,51.44444444444444,full_trust,48,ATTACK,81,"(25, 3)",False,2,False,925
0,0.0,True,0.0,0.9,0.9,907,0,907.0,64,4,10,"(3, 8)",0,0.025505716798592787,88.6,35.0,full_trust,64,ATTACK,93,"(15, 16)",False,0,False,930
10,0.0,True,0.0,0.6594006412017406,0.82662940161975,910,0,910.0,50,1,10,"(15, 2)",0,0.030782761653474055,90.4,43.3,full_trust,50,ATTACK,83,"(8, 21)",False,1,False,930
32,0.0,False,0.0,0.49077080259747263,0.49077080259747263,888,0,888.0,49,24,9,"(33, 50)",0,0.027264731750219876,97.11111111111111,51.44444444444444,full_trust,49,ATTACK,82,"(25, 5)",False,2,False,930
0,0.0,True,0.0,0.9,0.9,912,0,912.0,64,4,10,"(3, 8)",0,0.019349164467897976,88.6,35.0,full_trust,64,ATTACK,93,"(15, 11)",False,0,False,935
3,0.0,True,0.0,0.701690489295399,0.8571956872662478,915,0,915.0,50,1,10,"(15, 2)",0,0.021108179419525065,90.4,43.3,full_trust,50,ATTACK,83,"(13, 21)",False,1,False,935
25,0.0,False,0.0,0.49077080259747263,0.49077080259747263,893,0,893.0,49,24,9,"(33, 50)",0,0.023746701846965697,97.11111111111111,51.44444444444444,full_trust,49,ATTACK,82,"(26, 9)",False,2,False,935
0,0.0,True,0.0,0.9,0.9,917,0,917.0,64,4,10,"(3, 8)",0,0.01759014951627089,88.6,35.0,full_trust,64,ATTACK,93,"(13, 8)",False,0,False,940
0,0.0,True,0.0,0.7404079128401332,0.881495766809429,920,0,920.0,54,1,10,"(15, 2)",0,0.0158311345646438,90.4,43.3,full_trust,54,ATTACK,87,"(18, 21)",False,1,False,940
22,0.0,False,0.0,0.49077080259747263,0.49077080259747263,898,0,898.0,50,24,9,"(33, 50)",0,0.019349164467897976,97.11111111111111,51.44444444444444,full_trust,50,ATTACK,83,"(26, 14)",False,2,False,940
0,0.0,True,0.0,0.9,0.9,922,0,922.0,64,4,10,"(3, 8)",0,0.01759014951627089,88.6,35.0,full_trust,64,ATTACK,93,"(8, 8)",False,0,False,945
4,0.0,True,0.0,0.7752106486009905,0.9014871804494172,925,0,925.0,54,1,10,"(15, 2)",0,0.016710642040457344,90.4,43.3,full_trust,54,ATTACK,87,"(15, 19)",False,1,False,945
25,0.0,False,0.0,0.3778066224768843,0.3778066224768843,903,0,903.0,50,24,9,"(33, 50)",0,0.019349164467897976,97.11111111111111,51.44444444444444,full_trust,50,ATTACK,83,"(27, 18)",False,2,False,945
0,0.0,True,0.0,0.9,0.9,927,0,927.0,64,4,10,"(3, 8)",0,0.0158311345646438,88.6,35.0,full_trust,64,ATTACK,94,"(3, 8)",False,0,False,950
4,0.0,True,0.0,0.8059768621531589,0.9170593651792439,930,0,930.0,54,1,10,"(15, 2)",0,0.016710642040457344,90.4,43.3,full_trust,54,ATTACK,88,"(15, 14)",False,1,False,950
25,0.0,False,0.0,0.3778066224768843,0.3778066224768843,908,0,908.0,50,24,9,"(33, 50)",0,0.01759014951627089,97.11111111111111,51.44444444444444,full_trust,50,ATTACK,84,"(27, 23)",False,2,False,950
0,0.0,True,0.0,0.9,0.9,931,0,931.0,65,4,10,"(33, 8)",0,0.014072119613016711,88.6,35.0,full_trust,65,ATTACK,95,"(7, 8)",False,0,False,955
4,0.0,True,0.0,0.8330924567923126,0.9306996198729242,935,0,935.0,54,1,10,"(15, 2)",0,0.0158311345646438,90.4,43.3,full_trust,54,ATTACK,88,"(15, 9)",False,1,False,955
14,0.0,False,0.0,0.3778066224768843,0.3778066224768843,913,0,913.0,50,24,9,"(33, 50)",0,0.014951627088830254,97.11111111111111,51.44444444444444,full_trust,50,ATTACK,84,"(27, 28)",False,2,False,955
0,0.0,True,0.0,0.9,0.9,936,0,936.0,65,4,10,"(33, 8)",0,0.013286093888396812,88.6,35.0,full_trust,65,ATTACK,95,"(12, 8)",False,0,False,960
4,0.0,True,0.0,0.8569761779578393,0.9441128879830973,940,0,940.0,54,1,10,"(15, 2)",0,0.015943312666076175,90.4,43.3,full_trust,54,ATTACK,88,"(15, 4)",False,1,False,960
3,0.0,False,0.0,0.3778066224768843,0.3778066224768843,918,0,918.0,50,24,9,"(33, 50)",0,0.013286093888396812,97.11111111111111,51.44444444444444,full_trust,50,ATTACK,84,"(27, 33)",False,2,False,960
0,0.0,True,0.0,0.9,0.9,941,0,941.0,65,4,10,"(33, 8)",0,0.00974313551815766,88.6,35.0,full_trust,65,ATTACK,95,"(16, 9)",False,0,False,965
4,0.0,True,0.0,0.8784363030406884,0.9559749137291308,944,0,944.0,55,1,10,"(21, 17)",0,0.012400354295837024,90.4,43.3,full_trust,55,ATTACK,89,"(15, 4)",False,1,False,965
3,0.0,False,0.0,0.3778066224768843,0.3778066224768843,923,0,923.0,50,24,9,"(33, 50)",0,0.00974313551815766,97.11111111111111,51.44444444444444,full_trust,50,ATTACK,84,"(27, 38)",False,2,False,965
0,0.0,True,0.0,0.9,0.9,946,0,946.0,65,4,10,"(33, 8)",0,0.00974313551815766,88.6,35.0,full_trust,65,ATTACK,95,"(21, 9)",False,0,False,970
4,0.0,True,0.0,0.8973239628473375,0.965391354750378,949,0,949.0,55,1,10,"(21, 17)",0,0.012400354295837024,90.4,43.3,full_trust,55,ATTACK,89,"(17, 7)",False,1,False,970
3,0.0,False,0.0,0.3778066224768843,0.3778066224768843,928,0,928.0,50,24,9,"(33, 50)",0,0.00974313551815766,97.11111111111111,51.44444444444444,full_trust,50,ATTACK,84,"(29, 41)",False,2,False,970
0,0.0,True,0.0,0.9,0.9,951,0,951.0,67,4,10,"(33, 8)",0,0.00974313551815766,88.6,35.0,full_trust,67,ATTACK,98,"(26, 9)",False,0,False,975
4,0.0,True,0.0,0.9137746759129173,0.9725201455001021,954,0,954.0,55,1,10,"(21, 17)",0,0.012400354295837024,90.4,43.3,full_trust,55,ATTACK,90,"(17, 12)",False,1,False,975
3,0.0,False,0.0,0.3778066224768843,0.3778066224768843,933,0,933.0,51,24,9,"(33, 50)",0,0.00974313551815766,97.11111111111111,51.44444444444444,full_trust,51,ATTACK,85,"(31, 44)",False,2,False,975
0,0.0,True,0.0,0.9,0.9,956,0,956.0,68,4,10,"(33, 8)",0,0.008841732979664015,88.6,35.0,full_trust,68,ATTACK,99,"(27, 7)",False,0,False,980
4,0.0,True,0.0,0.9196334317848788,0.9742397211235415,959,0,959.0,55,1,10,"(21, 17)",0,0.011494252873563218,90.4,43.3,full_trust,55,ATTACK,90,"(17, 17)",False,1,False,980
3,0.0,False,0.0,0.3778066224768843,0.3778066224768843,938,0,938.0,51,24,9,"(33, 50)",0,0.008841732979664015,97.11111111111111,51.44444444444444,full_trust,51,ATTACK,85,"(33, 47)",False,2,False,980
0,0.0,True,0.0,0.9,0.9,961,0,961.0,68,4,10,"(33, 8)",0,0.008841732979664015,88.6,35.0,full_trust,68,ATTACK,99,"(26, 11)",False,0,False,985
30,0.0,True,0.0,0.7358769216014664,0.7358769216014664,963,0,963.0,56,1,11,"(2, 41)",0,0.034482758620689655,89.54545454545455,41.36363636363637,full_trust,56,ATTACK,91,"(21, 17)",False,1,False,985
31,0.0,False,0.0,0.3778066224768843,0.3778066224768843,942,0,942.0,52,24,10,"(33, 8)",0,0.008841732979664015,98.4,52.0,full_trust,52,ATTACK,86,"(33, 49)",False,2,False,985
0,0.0,True,0.0,0.9,0.9,966,0,966.0,68,4,10,"(33, 8)",0,0.007073386383731211,88.6,35.0,full_trust,68,ATTACK,99,"(30, 12)",False,0,False,990
15,0.0,True,0.0,0.7358769216014664,0.7358769216014664,968,0,968.0,56,1,11,"(2, 41)",0,0.01768346595932803,89.54545454545455,41.36363636363637,full_trust,56,ATTACK,91,"(18, 19)",False,1,False,990
16,0.0,False,0.0,0.3778066224768843,0.3778066224768843,947,0,947.0,53,24,10,"(33, 8)",0,0.007073386383731211,98.4,52.0,full_trust,53,ATTACK,87,"(32, 45)",False,2,False,990
0,0.0,True,0.0,0.9,0.9,971,0,971.0,68,4,10,"(33, 8)",0,0.004409171075837742,88.6,35.0,full_trust,68,ATTACK,99,"(31, 8)",False,0,False,995
15,0.0,True,0.0,0.7358769216014664,0.7358769216014664,973,0,973.0,56,1,11,"(2, 41)",0,0.014991181657848324,89.54545454545455,41.36363636363637,full_trust,56,ATTACK,91,"(16, 22)",False,1,False,995
16,0.0,False,0.0,0.3778066224768843,0.3778066224768843,952,0,952.0,53,24,10,"(33, 8)",0,0.004409171075837742,98.4,52.0,full_trust,53,ATTACK,87,"(30, 42)",False,2,False,995
0,0.0,True,0.0,0.9,0.9,975,0,975.0,69,4,11,"(24, 45)",0,0.004393673110720563,90.72727272727273,36.09090909090909,full_trust,69,ATTACK,101,"(31, 8)",False,0,False,1000
15,0.0,True,0.0,0.740120102964849,0.7653719088659412,978,0,978.0,57,1,11,"(2, 41)",0,0.014938488576449912,89.54545454545455,41.36363636363637,full_trust,57,ATTACK,92,"(11, 22)",False,1,False,1000
16,16.800360638831265,False,16.800360638831265,0.3778066224768843,0.3778066224768843,957,0,957.0,53,24,10,"(33, 8)",0,0.004393673110720563,98.4,52.0,full_trust,53,ATTACK,88,"(29, 38)",False,2,False,1000
0,0.0,True,0.0,0.9,0.9,980,0,980.0,69,4,11,"(24, 45)",0,0.004393673110720563,90.72727272727273,36.09090909090909,full_trust,69,ATTACK,101,"(30, 12)",False,0,False,1005
15,0.0,True,0.0,0.7418019821158441,0.7737576859847533,983,0,983.0,57,1,11,"(2, 41)",0,0.014938488576449912,89.54545454545455,41.36363636363637,full_trust,57,ATTACK,92,"(8, 24)",False,1,False,1005
16,16.800360638831265,False,16.800360638831265,0.3778066224768843,0.3778066224768843,962,0,962.0,53,24,10,"(33, 8)",0,0.007029876977152899,98.4,52.0,full_trust,53,ATTACK,88,"(29, 33)",False,2,False,1005
0,0.0,True,0.0,0.9,0.9,985,0,985.0,69,4,11,"(24, 45)",0,0.0043821209465381246,90.72727272727273,36.09090909090909,full_trust,69,ATTACK,101,"(26, 13)",False,0,False,1010
13,0.0,True,0.0,0.751107561580787,0.8019743342931166,988,0,988.0,57,1,11,"(2, 41)",0,0.013146362839614373,89.54545454545455,41.36363636363637,full_trust,57,ATTACK,92,"(8, 29)",False,1,False,1010
14,16.800360638831265,False,16.800360638831265,0.3778066224768843,0.3778066224768843,967,0,967.0,53,24,10,"(33, 8)",0,0.006134969325153374,98.4,52.0,full_trust,53,ATTACK,88,"(29, 28)",False,2,False,1010
0,0.0,True,0.0,0.9,0.9,990,0,990.0,69,4,11,"(24, 45)",0,0.0026246719160104987,90.72727272727273,36.09090909090909,full_trust,69,ATTACK,101,"(26, 18)",False,0,False,1015
5,0.0,True,0.0,0.766234335279531,0.8274031774859537,993,0,993.0,57,1,11,"(2, 41)",0,0.005249343832020997,89.54545454545455,41.36363636363637,full_trust,57,ATTACK,92,"(8, 34)",False,1,False,1015
4,0.0,False,0.0,0.3057703036147229,0.32698163710974376,972,0,972.0,53,24,10,"(33, 8)",0,0.0026246719160104987,98.4,52.0,full_trust,53,ATTACK,90,"(29, 23)",False,2,False,1015
0,0.0,True,0.0,0.9,0.9,995,0,995.0,69,4,11,"(24, 45)",0,0.0026223776223776225,90.72727272727273,36.09090909090909,full_trust,69,ATTACK,101,"(26, 23)",False,0,False,1020
9,0.0,True,0.0,0.7727745191934878,0.8350629985669475,998,0,998.0,57,1,11,"(2, 41)",0,0.008741258741258742,89.54545454545455,41.36363636363637,full_trust,57,ATTACK,92,"(5, 36)",False,1,False,1020
7,1.0507111228634614,False,1.0507111228634614,0.3298176758534067,0.4624058204826688,977,0,977.0,54,24,10,"(33, 8)",7,0.006118881118881119,98.4,52.0,full_trust,54,ATTACK,91,"(29, 18)",True,2,True,1020
0,0.0,True,0.0,0.9,0.9,1000,0,1000.0,69,4,11,"(24, 45)",0,0.0026223776223776225,90.72727272727273,36.09090909090909,full_trust,69,ATTACK,102,"(26, 28)",False,0,False,1025
9,0.0,True,0.0,0.7727745191934878,0.8350629985669475,1003,0,1003.0,57,1,11,"(2, 41)",0,0.008741258741258742,89.54545454545455,41.36363636363637,full_trust,57,ATTACK,93,"(4, 40)",False,1,False,1025
7,0.6987791003632502,True,0.6987791003632502,0.3738909676076009,0.5598695623584958,982,0,982.0,55,24,10,"(33, 8)",7,0.006118881118881119,98.4,52.0,full_trust,55,ATTACK,92,"(30, 14)",True,2,True,1025
0,0.0,True,0.0,0.9,0.9,1005,0,1005.0,69,4,11,"(24, 45)",0,0.0026223776223776225,90.72727272727273,36.09090909090909,full_trust,69,ATTACK,102,"(26, 33)",False,0,False,1030
9,0.0,True,0.0,0.7727745191934878,0.8350629985669475,1007,0,1007.0,58,1,11,"(33, 50)",0,0.008741258741258742,89.54545454545455,41.36363636363637,full_trust,58,ATTACK,94,"(3, 41)",False,1,False,1030
6,0.0,True,0.0,0.3972083109202285,0.5144250464429415,987,0,987.0,55,24,10,"(33, 8)",0,0.005244755244755245,98.4,52.0,full_trust,55,ATTACK,93,"(33, 12)",False,2,False,1030
0,0.0,True,0.0,0.9,0.9,1010,0,1010.0,69,4,11,"(24, 45)",0,0.0026223776223776225,90.72727272727273,36.09090909090909,full_trust,69,ATTACK,102,"(26, 38)",False,0,False,1035
9,0.0,True,0.0,0.7727745191934878,0.8350629985669475,1012,0,1012.0,58,1,11,"(33, 50)",0,0.008741258741258742,89.54545454545455,41.36363636363637,full_trust,58,ATTACK,94,"(5, 44)",False,1,False,1035
4,0.0,False,0.0,0.4198434984269772,0.46820704883095887,991,0,991.0,56,24,10,"(33, 30)",0,0.0034965034965034965,98.4,52.0,full_trust,56,ATTACK,95,"(33, 8)",False,2,False,1035
0,0.0,True,0.0,0.9,0.9,1015,0,1015.0,69,4,11,"(24, 45)",0,0.0026223776223776225,90.72727272727273,36.09090909090909,full_trust,69,ATTACK,102,"(26, 43)",False,0,False,1040
9,0.0,True,0.0,0.7727745191934878,0.8350629985669475,1017,0,1017.0,58,1,11,"(33, 50)",0,0.008741258741258742,89.54545454545455,41.36363636363637,full_trust,58,ATTACK,94,"(8, 46)",False,1,False,1040
4,0.0,False,0.0,0.4198434984269772,0.46820704883095887,996,0,996.0,56,24,10,"(33, 30)",0,0.0034965034965034965,98.4,52.0,full_trust,56,ATTACK,95,"(33, 13)",False,2,False,1040
0,0.0,True,0.0,0.9,0.9,1019,0,1019.0,70,4,11,"(2, 20)",0,0.0026223776223776225,90.72727272727273,36.09090909090909,full_trust,70,ATTACK,103,"(24, 45)",False,0,False,1045
9,0.0,True,0.0,0.7792964309398156,0.8409790676497578,1022,0,1022.0,58,1,11,"(33, 50)",0,0.008741258741258742,89.54545454545455,41.36363636363637,full_trust,58,ATTACK,94,"(12, 47)",False,1,False,1045
4,0.0,False,0.0,0.4198434984269772,0.46820704883095887,1001,0,1001.0,56,24,10,"(33, 30)",0,0.004370629370629371,98.4,52.0,full_trust,56,ATTACK,95,"(29, 14)",False,2,False,1045
0,0.0,True,0.0,0.9,0.9,1024,0,1024.0,70,4,11,"(2, 20)",0,0.04108391608391608,90.72727272727273,36.09090909090909,full_trust,70,ATTACK,104,"(25, 41)",False,0,False,1050
9,0.0,True,0.0,0.7792964309398156,0.8409790676497578,1027,0,1027.0,58,1,11,"(33, 50)",0,0.044580419580419584,89.54545454545455,41.36363636363637,full_trust,58,ATTACK,95,"(15, 49)",False,1,False,1050
4,0.0,False,0.0,0.4230570096606224,0.48411372309988,1006,0,1006.0,56,24,10,"(33, 30)",0,0.04195804195804196,98.4,52.0,full_trust,56,ATTACK,96,"(29, 19)",False,2,False,1050
0,0.0,True,0.0,0.9,0.9,1029,0,1029.0,70,4,11,"(2, 20)",0,0.03496503496503497,90.72727272727273,36.09090909090909,full_trust,70,ATTACK,104,"(25, 36)",False,0,False,1055
9,0.0,True,0.0,0.7792964309398156,0.8409790676497578,1032,0,1032.0,58,1,11,"(33, 50)",0,0.038461538461538464,89.54545454545455,41.36363636363637,full_trust,58,ATTACK,95,"(20, 49)",False,1,False,1055
4,0.0,False,0.0,0.4230570096606224,0.48411372309988,1011,0,1011.0,56,24,10,"(33, 30)",0,0.03409090909090909,98.4,52.0,full_trust,56,ATTACK,96,"(29, 24)",False,2,False,1055
0,0.0,True,0.0,0.9,0.9,1034,0,1034.0,70,4,11,"(2, 20)",0,0.03412073490813648,90.72727272727273,36.09090909090909,full_trust,70,ATTACK,104,"(25, 31)",False,0,False,1060
13,0.0,True,0.0,0.786151830614471,0.8521916882115412,1037,0,1037.0,58,1,11,"(33, 50)",0,0.04111986001749781,89.54545454545455,41.36363636363637,full_trust,58,ATTACK,95,"(25, 49)",False,1,False,1060
8,0.0,True,0.0,0.4319258848579651,0.5240081763898382,1016,0,1016.0,56,24,10,"(33, 30)",0,0.033245844269466314,98.4,52.0,full_trust,56,ATTACK,96,"(29, 29)",False,2,False,1060
0,0.0,True,0.0,0.9,0.9,1039,0,1039.0,70,4,11,"(2, 20)",0,0.033245844269466314,90.72727272727273,36.09090909090909,full_trust,70,ATTACK,104,"(25, 26)",False,0,False,1065
13,0.0,True,0.0,0.8041636199534767,0.8735213472364891,1042,0,1042.0,58,1,11,"(33, 50)",0,0.04111986001749781,89.54545454545455,41.36363636363637,full_trust,58,ATTACK,95,"(30, 49)",False,1,False,1065
8,0.0,True,0.0,0.46687941598944593,0.6202922663330586,1021,0,1021.0,56,24,10,"(33, 30)",0,0.033245844269466314,98.4,52.0,full_trust,56,ATTACK,96,"(33, 30)",False,2,False,1065
0,0.0,True,0.0,0.9,0.9,1044,0,1044.0,70,4,11,"(2, 20)",0,0.03237095363079615,90.72727272727273,36.09090909090909,full_trust,70,ATTACK,104,"(21, 25)",False,0,False,1070
13,0.0,True,0.0,0.8041636199534767,0.8735213472364891,1046,0,1046.0,59,1,12,"(24, 45)",0,0.04024496937882765,89.16666666666667,41.333333333333336,full_trust,59,ATTACK,96,"(33, 50)",False,1,False,1070
8,0.0,True,0.0,0.501604974634114,0.6725907541119277,1025,0,1025.0,57,24,11,"(2, 41)",0,0.03237095363079615,96.9090909090909,50.09090909090909,full_trust,57,ATTACK,97,"(29, 30)",False,2,False,1070
0,0.0,True,0.0,0.9,0.9,1049,0,1049.0,70,4,11,"(2, 20)",0,0.026246719160104987,90.72727272727273,36.09090909090909,full_trust,70,ATTACK,105,"(19, 22)",False,0,False,1075
13,0.0,True,0.0,0.8041636199534767,0.8735213472364891,1051,0,1051.0,59,1,12,"(24, 45)",0,0.03762029746281715,89.16666666666667,41.333333333333336,full_trust,59,ATTACK,97,"(29, 49)",False,1,False,1075
8,0.0,True,0.0,0.5476971800408935,0.723995504162266,1030,0,1030.0,57,24,11,"(2, 41)",0,0.028871391076115485,96.9090909090909,50.09090909090909,full_trust,57,ATTACK,98,"(27, 33)",False,2,False,1075
0,0.0,True,0.0,0.9,0.9,1054,0,1054.0,70,4,11,"(2, 20)",0,0.024518388791593695,90.72727272727273,36.09090909090909,full_trust,70,ATTACK,105,"(15, 21)",False,0,False,1080
13,0.0,True,0.0,0.8187321522583557,0.8879622037222523,1056,0,1056.0,59,1,12,"(24, 45)",0,0.03677758318739054,89.16666666666667,41.333333333333336,full_trust,59,ATTACK,97,"(26, 47)",False,1,False,1080
8,0.0,True,0.0,0.5934307135418726,0.7647986937432427,1035,0,1035.0,57,24,11,"(2, 41)",0,0.025394045534150613,96.9090909090909,50.09090909090909,full_trust,57,ATTACK,98,"(25, 36)",False,2,False,1080
0,0.0,True,0.0,0.9,0.9,1059,0,1059.0,70,4,11,"(2, 20)",0,0.024518388791593695,90.72727272727273,36.09090909090909,full_trust,70,ATTACK,105,"(11, 20)",False,0,False,1085
13,0.0,True,0.0,0.826000653953953,0.8946816220248834,1060,0,1060.0,60,1,12,"(33, 8)",0,0.03677758318739054,89.16666666666667,41.333333333333336,full_trust,60,ATTACK,98,"(24, 45)",False,1,False,1085
8,0.0,True,0.0,0.620020282166466,0.7863072316117888,1040,0,1040.0,57,24,11,"(2, 41)",0,0.025394045534150613,96.9090909090909,50.09090909090909,full_trust,57,ATTACK,98,"(21, 37)",False,2,False,1085
0,0.0,True,0.0,0.9,0.9,1064,0,1064.0,70,4,11,"(2, 20)",0,0.023642732049036778,90.72727272727273,36.09090909090909,full_trust,70,ATTACK,105,"(6, 20)",False,0,False,1090
13,0.0,True,0.0,0.8402205570373407,0.9071706982397189,1065,0,1065.0,60,1,12,"(33, 8)",0,0.03590192644483362,89.16666666666667,41.333333333333336,full_trust,60,ATTACK,98,"(27, 43)",False,1,False,1090
8,0.0,True,0.0,0.6376522987125305,0.8053823204453789,1045,0,1045.0,57,24,11,"(2, 41)",0,0.024518388791593695,96.9090909090909,50.09090909090909,full_trust,57,ATTACK,98,"(20, 41)",False,2,False,1090
0,0.0,True,0.0,0.9,0.9,1068,0,1068.0,71,4,12,"(15, 2)",0,0.021891418563922942,91.25,37.25,full_trust,71,ATTACK,106,"(2, 20)",False,0,False,1095
27,4.7082719804901245,True,4.7082719804901245,0.8572752580791424,0.9204112738482744,1070,0,1070.0,60,1,12,"(33, 8)",27,0.04816112084063047,89.16666666666667,41.333333333333336,full_trust,60,ATTACK,99,"(28, 39)",True,1,True,1095
22,0.0,True,0.0,0.6376522987125305,0.8053823204453789,1050,0,1050.0,57,24,11,"(2, 41)",0,0.02276707530647986,96.9090909090909,50.09090909090909,full_trust,57,ATTACK,98,"(15, 41)",False,2,False,1095
0,0.0,True,0.0,0.9,0.9,1073,0,1073.0,71,4,12,"(15, 2)",0,0.021891418563922942,91.25,37.25,full_trust,71,ATTACK,107,"(7, 20)",False,0,False,1100
27,4.448467702915579,True,4.448467702915579,0.8732045261272862,0.9319470172877623,1075,0,1075.0,60,1,12,"(33, 8)",27,0.046409807355516634,89.16666666666667,41.333333333333336,full_trust,60,ATTACK,100,"(28, 34)",True,1,True,1100
22,0.0,True,0.0,0.6376522987125305,0.8053823204453789,1055,0,1055.0,57,24,11,"(2, 41)",0,0.02276707530647986,96.9090909090909,50.09090909090909,full_trust,57,ATTACK,99,"(10, 41)",False,2,False,1100
0,0.0,True,0.0,0.9,0.9,1078,0,1078.0,71,4,12,"(15, 2)",0,0.01838879159369527,91.25,37.25,full_trust,71,ATTACK,107,"(12, 20)",False,0,False,1105
27,4.448467702915579,True,4.448467702915579,0.8878836343134758,0.9416913230440982,1080,0,1080.0,60,1,12,"(33, 8)",27,0.046409807355516634,89.16666666666667,41.333333333333336,full_trust,60,ATTACK,100,"(28, 29)",True,1,True,1105
22,0.0,True,0.0,0.6376522987125305,0.8053823204453789,1060,0,1060.0,57,24,11,"(2, 41)",0,0.024518388791593695,96.9090909090909,50.09090909090909,full_trust,57,ATTACK,99,"(5, 41)",False,2,False,1105
0,0.0,True,0.0,0.9,0.9,1083,0,1083.0,71,4,12,"(15, 2)",0,0.017513134851138354,91.25,37.25,full_trust,71,ATTACK,107,"(14, 17)",False,0,False,1110
21,1.3596527750125986,True,1.3596527750125986,0.7166985522741848,0.7166985522741848,1085,0,1085.0,61,1,12,"(33, 8)",0,0.04115586690017513,89.16666666666667,41.333333333333336,full_trust,61,ATTACK,102,"(28, 24)",False,1,False,1110
22,0.0,True,0.0,0.6376522987125305,0.8053823204453789,1064,0,1064.0,58,24,11,"(21, 17)",0,0.03064798598949212,96.9090909090909,50.09090909090909,full_trust,58,ATTACK,100,"(3, 41)",False,2,False,1110
0,0.0,True,0.0,0.9,0.9,1088,0,1088.0,71,4,12,"(15, 2)",0,0.017513134851138354,91.25,37.25,full_trust,71,ATTACK,107,"(15, 13)",False,0,False,1115
9,0.0,False,0.0,0.27425228448253774,0.27425228448253774,1090,0,1090.0,61,1,12,"(33, 8)",0,0.028021015761821366,89.16666666666667,41.333333333333336,full_trust,61,ATTACK,105,"(28, 19)",False,1,False,1115
22,0.0,True,0.0,0.6376522987125305,0.8053823204453789,1069,0,1069.0,58,24,11,"(21, 17)",0,0.02714535901926445,96.9090909090909,50.09090909090909,full_trust,58,ATTACK,100,"(8, 41)",False,2,False,1115
0,0.0,True,0.0,0.9,0.9,1093,0,1093.0,71,4,12,"(15, 2)",0,0.014873140857392825,91.25,37.25,full_trust,71,ATTACK,107,"(15, 8)",False,0,False,1120
9,0.0,False,0.0,0.27425228448253774,0.27425228448253774,1095,0,1095.0,61,1,12,"(33, 8)",0,0.021872265966754154,89.16666666666667,41.333333333333336,full_trust,61,ATTACK,105,"(28, 14)",False,1,False,1120
22,0.0,True,0.0,0.6376522987125305,0.8053823204453789,1074,0,1074.0,58,24,11,"(21, 17)",0,0.023622047244094488,96.9090909090909,50.09090909090909,full_trust,58,ATTACK,100,"(12, 40)",False,2,False,1120
0,0.0,True,0.0,0.9,0.9,1098,0,1098.0,71,4,12,"(15, 2)",0,0.015734265734265736,91.25,37.25,full_trust,71,ATTACK,108,"(15, 3)",False,0,False,1125
5,0.0,False,0.0,0.27425228448253774,0.27425228448253774,1100,0,1100.0,61,1,12,"(33, 8)",0,0.01048951048951049,89.16666666666667,41.333333333333336,full_trust,61,ATTACK,106,"(30, 11)",False,1,False,1125
22,0.0,True,0.0,0.6376522987125305,0.8053823204453789,1079,0,1079.0,58,24,11,"(21, 17)",0,0.020104895104895104,96.9090909090909,50.09090909090909,full_trust,58,ATTACK,101,"(16, 39)",False,2,False,1125
0,0.0,True,0.0,0.9,0.9,1102,0,1102.0,72,4,12,"(21, 17)",0,0.013111888111888112,91.25,37.25,full_trust,72,ATTACK,109,"(15, 5)",False,0,False,1130
4,0.0,False,0.0,0.27425228448253774,0.27425228448253774,1105,0,1105.0,61,1,12,"(33, 8)",0,0.008741258741258742,89.16666666666667,41.333333333333336,full_trust,61,ATTACK,106,"(32, 8)",False,1,False,1130
22,0.0,True,0.0,0.6376522987125305,0.8053823204453789,1084,0,1084.0,58,24,11,"(21, 17)",0,0.020104895104895104,96.9090909090909,50.09090909090909,full_trust,58,ATTACK,101,"(19, 37)",False,2,False,1130
0,0.0,True,0.0,0.9,0.9,1107,0,1107.0,72,4,12,"(21, 17)",0,0.011363636363636364,91.25,37.25,full_trust,72,ATTACK,109,"(17, 8)",False,0,False,1135
8,0.0,False,0.0,0.27425228448253774,0.27425228448253774,1109,0,1109.0,62,1,13,"(33, 50)",0,0.011363636363636364,87.07692307692308,41.76923076923077,full_trust,62,ATTACK,107,"(31, 9)",False,1,False,1135
26,0.0,True,0.0,0.6629828351571804,0.8199557441431528,1089,0,1089.0,59,24,11,"(21, 17)",0,0.02097902097902098,96.9090909090909,50.09090909090909,full_trust,59,ATTACK,102,"(19, 32)",False,2,False,1135
0,0.0,True,0.0,0.9,0.9,1112,0,1112.0,72,4,12,"(21, 17)",0,0.011363636363636364,91.25,37.25,full_trust,72,ATTACK,109,"(17, 13)",False,0,False,1140
8,0.0,False,0.0,0.27425228448253774,0.27425228448253774,1114,0,1114.0,62,1,13,"(33, 50)",0,0.011363636363636364,87.07692307692308,41.76923076923077,full_trust,62,ATTACK,107,"(29, 12)",False,1,False,1140
26,0.0,True,0.0,0.701733615720501,0.8430934343193947,1094,0,1094.0,59,24,11,"(21, 17)",0,0.0236013986013986,96.9090909090909,50.09090909090909,full_trust,59,ATTACK,102,"(20, 28)",False,2,False,1140
0,0.0,True,0.0,0.9,0.9,1117,0,1117.0,72,4,12,"(21, 17)",0,0.011363636363636364,91.25,37.25,full_trust,72,ATTACK,109,"(18, 17)",False,0,False,1145
8,0.0,False,0.0,0.27425228448253774,0.27425228448253774,1119,0,1119.0,62,1,13,"(33, 50)",0,0.011363636363636364,87.07692307692308,41.76923076923077,full_trust,62,ATTACK,107,"(29, 17)",False,1,False,1145
26,0.0,True,0.0,0.7367629793701337,0.8642252253375747,1099,0,1099.0,59,24,11,"(21, 17)",0,0.020104895104895104,96.9090909090909,50.09090909090909,full_trust,59,ATTACK,102,"(19, 24)",False,2,False,1145
0,0.0,True,0.0,0.9,0.9,1121,0,1121.0,73,4,13,"(25, 2)",0,0.007867132867132868,88.38461538461539,36.07692307692308,full_trust,73,ATTACK,111,"(20, 17)",False,0,False,1150
8,0.0,False,0.0,0.27766625622950314,0.32080983878518726,1124,0,1124.0,62,1,13,"(33, 50)",0,0.011363636363636364,87.07692307692308,41.76923076923077,full_trust,62,ATTACK,108,"(29, 22)",False,1,False,1150
26,0.0,True,0.0,0.7690515484757537,0.8888548939157074,1104,0,1104.0,59,24,11,"(21, 17)",0,0.016608391608391608,96.9090909090909,50.09090909090909,full_trust,59,ATTACK,103,"(19, 19)",False,2,False,1150
0,0.0,True,0.0,0.9,0.9,1126,0,1126.0,73,4,13,"(25, 2)",0,0.007867132867132868,88.38461538461539,36.07692307692308,full_trust,73,ATTACK,111,"(18, 14)",False,0,False,1155
8,0.0,False,0.0,0.27766625622950314,0.32080983878518726,1129,0,1129.0,62,1,13,"(33, 50)",0,0.011363636363636364,87.07692307692308,41.76923076923077,full_trust,62,ATTACK,108,"(29, 27)",False,1,False,1155
26,0.0,True,0.0,0.7997990290809047,0.9149980874193453,1108,0,1108.0,60,24,12,"(2, 41)",0,0.022727272727272728,96.25,49.75,full_trust,60,ATTACK,104,"(21, 17)",False,2,False,1155
0,0.0,True,0.0,0.9,0.9,1131,0,1131.0,73,4,13,"(25, 2)",0,0.005249343832020997,88.38461538461539,36.07692307692308,full_trust,73,ATTACK,111,"(19, 10)",False,0,False,1160
8,0.0,False,0.0,0.27766625622950314,0.32080983878518726,1134,0,1134.0,62,1,13,"(33, 50)",0,0.010498687664041995,87.07692307692308,41.76923076923077,full_trust,62,ATTACK,108,"(29, 32)",False,1,False,1160
26,0.0,True,0.0,0.8284279775139957,0.932486972065897,1113,0,1113.0,60,24,12,"(2, 41)",0,0.02099737532808399,96.25,49.75,full_trust,60,ATTACK,104,"(18, 19)",False,2,False,1160
0,0.0,True,0.0,0.9,0.9,1136,0,1136.0,73,4,13,"(25, 2)",0,0.005249343832020997,88.38461538461539,36.07692307692308,full_trust,73,ATTACK,111,"(23, 9)",False,0,False,1165
8,0.0,False,0.0,0.27766625622950314,0.32080983878518726,1139,0,1139.0,62,1,13,"(33, 50)",0,0.010498687664041995,87.07692307692308,41.76923076923077,full_trust,62,ATTACK,108,"(29, 37)",False,1,False,1165
26,0.0,True,0.0,0.8533135256845183,0.9415174010345231,1118,0,1118.0,60,24,12,"(2, 41)",0,0.02099737532808399,96.25,49.75,full_trust,60,ATTACK,104,"(18, 24)",False,2,False,1165
0,0.0,True,0.0,0.9,0.9,1141,0,1141.0,73,4,13,"(25, 2)",0,0.004374453193350831,88.38461538461539,36.07692307692308,full_trust,73,ATTACK,111,"(25, 6)",False,0,False,1170
8,0.0,False,0.0,0.27766625622950314,0.32080983878518726,1144,0,1144.0,62,1,13,"(33, 50)",0,0.010498687664041995,87.07692307692308,41.76923076923077,full_trust,62,ATTACK,108,"(29, 42)",False,1,False,1170
24,0.0,True,0.0,0.8742797400851011,0.9487605665980454,1123,0,1123.0,61,24,12,"(2, 41)",0,0.020122484689413824,96.25,49.75,full_trust,61,ATTACK,105,"(14, 25)",False,2,False,1170
0,0.0,True,0.0,0.9,0.9,1145,0,1145.0,74,4,13,"(33, 30)",0,0.004374453193350831,88.38461538461539,36.07692307692308,full_trust,74,ATTACK,113,"(25, 2)",False,0,False,1175
12,0.0,False,0.0,0.27766625622950314,0.32080983878518726,1149,0,1149.0,62,1,13,"(33, 50)",0,0.014873140857392825,87.07692307692308,41.76923076923077,full_trust,62,ATTACK,109,"(30, 46)",False,1,False,1175
28,0.0,True,0.0,0.878082688603205,0.9503387104471792,1128,0,1128.0,62,24,12,"(2, 41)",0,0.020122484689413824,96.25,49.75,full_trust,62,ATTACK,106,"(13, 29)",False,2,False,1175
0,0.0,True,0.0,0.9,0.9,1150,0,1150.0,74,4,13,"(33, 30)",0,0.0043821209465381246,88.38461538461539,36.07692307692308,full_trust,74,ATTACK,113,"(26, 6)",False,0,False,1180
12,0.0,False,0.0,0.27766625622950314,0.32080983878518726,1154,0,1154.0,62,1,13,"(33, 50)",0,0.014899211218229623,87.07692307692308,41.76923076923077,full_trust,62,ATTACK,109,"(33, 48)",False,1,False,1180
28,0.0,True,0.0,0.878082688603205,0.9503387104471792,1133,0,1133.0,62,24,12,"(2, 41)",0,0.022787028921998246,96.25,49.75,full_trust,62,ATTACK,106,"(12, 33)",False,2,False,1180
0,0.0,True,0.0,0.9,0.9,1155,0,1155.0,74,4,13,"(33, 30)",0,0.004366812227074236,88.38461538461539,36.07692307692308,full_trust,74,ATTACK,113,"(28, 9)",False,0,False,1185
12,0.0,False,0.0,0.27766625622950314,0.32080983878518726,1158,0,1158.0,63,1,13,"(25, 2)",0,0.014847161572052401,87.07692307692308,41.76923076923077,full_trust,63,ATTACK,110,"(31, 50)",False,1,False,1185
28,0.0,True,0.0,0.878082688603205,0.9503387104471792,1138,0,1138.0,62,24,12,"(2, 41)",0,0.02096069868995633,96.25,49.75,full_trust,62,ATTACK,106,"(10, 36)",False,2,False,1185
0,0.0,True,0.0,0.9,0.9,1160,0,1160.0,74,4,13,"(33, 30)",0,0.004366812227074236,88.38461538461539,36.07692307692308,full_trust,74,ATTACK,113,"(28, 14)",False,0,False,1190
12,0.0,False,0.0,0.27766625622950314,0.32080983878518726,1163,0,1163.0,63,1,13,"(25, 2)",0,0.014847161572052401,87.07692307692308,41.76923076923077,full_trust,63,ATTACK,110,"(29, 47)",False,1,False,1190
24,0.0,True,0.0,0.878082688603205,0.9503387104471792,1143,0,1143.0,62,24,12,"(2, 41)",0,0.02096069868995633,96.25,49.75,full_trust,62,ATTACK,106,"(10, 41)",False,2,False,1190
0,0.0,True,0.0,0.9,0.9,1165,0,1165.0,74,4,13,"(33, 30)",0,0.004366812227074236,88.38461538461539,36.07692307692308,full_trust,74,ATTACK,113,"(28, 19)",False,0,False,1195
10,0.0,False,0.0,0.27766625622950314,0.32080983878518726,1168,0,1168.0,63,1,13,"(25, 2)",0,0.014847161572052401,87.07692307692308,41.76923076923077,full_trust,63,ATTACK,110,"(28, 43)",False,1,False,1195
8,0.0,True,0.0,0.7574029949135895,0.7574029949135895,1148,0,1148.0,62,24,12,"(2, 41)",0,0.008733624454148471,96.25,49.75,full_trust,62,ATTACK,106,"(5, 41)",False,2,False,1195
0,0.0,True,0.0,0.9,0.9,1170,0,1170.0,74,4,13,"(33, 30)",0,0.04279475982532751,88.38461538461539,36.07692307692308,full_trust,74,ATTACK,114,"(28, 24)",False,0,False,1200
9,0.0,False,0.0,0.27766625622950314,0.32080983878518726,1173,0,1173.0,63,1,13,"(25, 2)",0,0.034934497816593885,87.07692307692308,41.76923076923077,full_trust,63,ATTACK,111,"(28, 38)",False,1,False,1200
6,0.0,True,0.0,0.5922609109190065,0.5922609109190065,1152,0,1152.0,63,24,12,"(33, 8)",0,0.04017467248908297,96.25,49.75,full_trust,63,ATTACK,108,"(3, 41)",False,2,False,1200
0,0.0,True,0.0,0.9,0.9,1175,0,1175.0,74,4,13,"(33, 30)",0,0.03842794759825328,88.38461538461539,36.07692307692308,full_trust,74,ATTACK,114,"(29, 28)",False,0,False,1205
9,0.0,False,0.0,0.2851460269567383,0.36603091928065146,1178,0,1178.0,63,1,13,"(25, 2)",0,0.03318777292576419,87.07692307692308,41.76923076923077,full_trust,63,ATTACK,111,"(28, 33)",False,1,False,1205
6,0.0,True,0.0,0.5922609109190065,0.5922609109190065,1157,0,1157.0,63,24,12,"(33, 8)",0,0.03580786026200873,96.25,49.75,full_trust,63,ATTACK,108,"(7, 40)",False,2,False,1205
0,0.0,True,0.0,0.9,0.9,1180,0,1180.0,74,4,13,"(33, 30)",0,0.03580786026200873,88.38461538461539,36.07692307692308,full_trust,74,ATTACK,114,"(32, 30)",False,0,False,1210
9,0.0,True,0.0,0.3233003409702645,0.5032275449320849,1183,0,1183.0,63,1,13,"(25, 2)",0,0.029694323144104803,87.07692307692308,41.76923076923077,full_trust,63,ATTACK,111,"(28, 28)",False,1,False,1210
6,0.0,True,0.0,0.5922609109190065,0.5922609109190065,1162,0,1162.0,63,24,12,"(33, 8)",0,0.032314410480349345,96.25,49.75,full_trust,63,ATTACK,108,"(9, 37)",False,2,False,1210
0,0.0,True,0.0,0.9,0.9,1184,0,1184.0,75,4,14,"(2, 41)",0,0.03318777292576419,86.57142857142857,36.142857142857146,full_trust,75,ATTACK,115,"(30, 30)",False,0,False,1215
25,4.648351282113758,True,4.648351282113758,0.3763230275247072,0.5847278047709131,1188,0,1188.0,64,1,13,"(25, 2)",25,0.032314410480349345,87.07692307692308,41.76923076923077,full_trust,64,ATTACK,112,"(28, 23)",True,1,True,1215
22,0.0,True,0.0,0.5922609109190065,0.5922609109190065,1167,0,1167.0,63,24,12,"(33, 8)",0,0.04017467248908297,96.25,49.75,full_trust,63,ATTACK,108,"(12, 35)",False,2,False,1215
0,0.0,True,0.0,0.9,0.9,1189,0,1189.0,75,4,14,"(2, 41)",0,0.03146853146853147,86.57142857142857,36.142857142857146,full_trust,75,ATTACK,115,"(28, 33)",False,0,False,1220
15,5.3233792045229364,False,5.3233792045229364,0.26940973369467,0.26940973369467,1193,0,1193.0,65,1,13,"(25, 2)",15,0.024475524475524476,87.07692307692308,41.76923076923077,full_trust,65,ATTACK,113,"(28, 18)",True,1,True,1220
22,0.0,True,0.0,0.5922609109190065,0.5922609109190065,1172,0,1172.0,65,24,12,"(33, 8)",0,0.03496503496503497,96.25,49.75,full_trust,65,ATTACK,110,"(13, 31)",False,2,False,1220
0,0.0,True,0.0,0.9,0.9,1194,0,1194.0,76,4,14,"(2, 41)",0,0.028846153846153848,86.57142857142857,36.142857142857146,full_trust,76,ATTACK,116,"(24, 34)",False,0,False,1225
6,0.0,False,0.0,0.1566548257811564,0.1566548257811564,1198,0,1198.0,66,1,13,"(25, 2)",0,0.016608391608391608,87.07692307692308,41.76923076923077,full_trust,66,ATTACK,114,"(28, 15)",False,1,False,1225
20,0.0,True,0.0,0.5922609109190065,0.5922609109190065,1177,0,1177.0,66,24,12,"(33, 8)",0,0.03146853146853147,96.25,49.75,full_trust,66,ATTACK,112,"(17, 30)",False,2,False,1225
0,0.0,True,0.0,0.9,0.9,1199,0,1199.0,77,4,14,"(2, 41)",0,0.025349650349650348,86.57142857142857,36.142857142857146,full_trust,77,ATTACK,117,"(19, 34)",False,0,False,1230
5,0.0,False,0.0,0.1566548257811564,0.1566548257811564,1203,0,1203.0,66,1,13,"(25, 2)",0,0.013986013986013986,87.07692307692308,41.76923076923077,full_trust,66,ATTACK,114,"(25, 13)",False,1,False,1230
19,0.0,True,0.0,0.6023754450549408,0.6659504945610684,1182,0,1182.0,66,24,12,"(33, 8)",0,0.024475524475524476,96.25,49.75,full_trust,66,ATTACK,112,"(20, 28)",False,2,False,1230
0,0.0,True,0.0,0.9,0.9,1204,0,1204.0,78,4,14,"(2, 41)",0,0.022727272727272728,86.57142857142857,36.142857142857146,full_trust,78,ATTACK,118,"(19, 39)",False,0,False,1235
4,0.0,False,0.0,0.1566548257811564,0.1566548257811564,1208,0,1208.0,66,1,13,"(25, 2)",0,0.012237762237762238,87.07692307692308,41.76923076923077,full_trust,66,ATTACK,114,"(25, 8)",False,1,False,1235
18,0.0,True,0.0,0.6247438136198413,0.718306536951609,1187,0,1187.0,67,24,12,"(33, 8)",0,0.02972027972027972,96.25,49.75,full_trust,67,ATTACK,113,"(22, 25)",False,2,False,1235
0,0.0,True,0.0,0.9,0.9,1209,0,1209.0,78,4,14,"(2, 41)",0,0.015817223198594025,86.57142857142857,36.142857142857146,full_trust,78,ATTACK,118,"(16, 41)",False,0,False,1240
4,0.0,False,0.0,0.1566548257811564,0.1566548257811564,1213,0,1213.0,66,1,13,"(25, 2)",0,0.006151142355008787,87.07692307692308,41.76923076923077,full_trust,66,ATTACK,114,"(25, 3)",False,1,False,1240
18,0.0,True,0.0,0.6521370668914538,0.7611199654017486,1192,0,1192.0,67,24,12,"(33, 8)",0,0.02460456942003515,96.25,49.75,full_trust,67,ATTACK,113,"(27, 25)",False,2,False,1240
0,0.0,True,0.0,0.9,0.9,1214,0,1214.0,78,4,14,"(2, 41)",0,0.015817223198594025,86.57142857142857,36.142857142857146,full_trust,78,ATTACK,118,"(11, 41)",False,0,False,1245
4,0.0,False,0.0,0.1566548257811564,0.1566548257811564,1217,0,1217.0,67,1,14,"(2, 41)",0,0.006151142355008787,88.71428571428571,43.0,full_trust,67,ATTACK,115,"(25, 5)",False,1,False,1245
18,0.0,True,0.0,0.6755987832133137,0.7876219563855352,1197,0,1197.0,67,24,12,"(33, 8)",0,0.02460456942003515,96.25,49.75,full_trust,67,ATTACK,113,"(28, 21)",False,2,False,1245
0,0.0,True,0.0,0.9,0.9,1219,0,1219.0,78,4,14,"(2, 41)",0,0.014938488576449912,86.57142857142857,36.142857142857146,full_trust,78,ATTACK,119,"(6, 41)",False,0,False,1250
7,0.0,False,0.0,0.1566548257811564,0.1566548257811564,1222,0,1222.0,67,1,14,"(2, 41)",0,0.006151142355008787,88.71428571428571,43.0,full_trust,67,ATTACK,116,"(25, 10)",False,1,False,1250
6,0.0,False,0.0,0.2312281611245677,0.2312281611245677,1202,0,1202.0,70,24,12,"(33, 8)",0,0.012302284710017574,96.25,49.75,full_trust,70,ATTACK,116,"(28, 16)",False,2,False,1250
0,0.0,True,0.0,0.9,0.9,1223,0,1223.0,79,4,14,"(21, 17)",0,0.014938488576449912,86.57142857142857,36.142857142857146,full_trust,79,ATTACK,120,"(2, 41)",False,0,False,1255
6,0.0,False,0.0,0.1566548257811564,0.1566548257811564,1227,0,1227.0,67,1,14,"(2, 41)",0,0.006151142355008787,88.71428571428571,43.0,full_trust,67,ATTACK,116,"(25, 15)",False,1,False,1255
6,0.0,False,0.0,0.2312281611245677,0.2312281611245677,1207,0,1207.0,70,24,12,"(33, 8)",0,0.011423550087873463,96.25,49.75,full_trust,70,ATTACK,116,"(31, 14)",False,2,False,1255
0,0.0,True,0.0,0.9,0.9,1228,0,1228.0,79,4,14,"(21, 17)",0,0.01500441306266549,86.57142857142857,36.142857142857146,full_trust,79,ATTACK,120,"(7, 41)",False,0,False,1260
6,0.0,False,0.0,0.1566548257811564,0.1566548257811564,1232,0,1232.0,67,1,14,"(2, 41)",0,0.00529567519858782,88.71428571428571,43.0,full_trust,67,ATTACK,116,"(25, 20)",False,1,False,1260
6,0.0,False,0.0,0.2312281611245677,0.2312281611245677,1212,0,1212.0,70,24,12,"(33, 8)",0,0.01147396293027361,96.25,49.75,full_trust,70,ATTACK,116,"(33, 11)",False,2,False,1260
0,0.0,True,0.0,0.9,0.9,1233,0,1233.0,79,4,14,"(21, 17)",0,0.01500441306266549,86.57142857142857,36.142857142857146,full_trust,79,ATTACK,120,"(12, 41)",False,0,False,1265
6,0.0,False,0.0,0.1599256594213158,0.2008139173487307,1237,0,1237.0,67,1,14,"(2, 41)",0,0.00441306266548985,88.71428571428571,43.0,full_trust,67,ATTACK,116,"(25, 25)",False,1,False,1265
6,0.0,False,0.0,0.2312281611245677,0.2312281611245677,1216,0,1216.0,71,24,13,"(13, 50)",0,0.01059135039717564,97.23076923076923,50.92307692307692,full_trust,71,ATTACK,117,"(32, 8)",False,2,False,1265
0,0.0,True,0.0,0.9,0.9,1238,0,1238.0,79,4,14,"(21, 17)",0,0.01412180052956752,86.57142857142857,36.142857142857146,full_trust,79,ATTACK,120,"(13, 37)",False,0,False,1270
3,0.0,False,0.0,0.17904969412758628,0.266028918137785,1242,0,1242.0,67,1,14,"(2, 41)",0,0.00441306266548985,88.71428571428571,43.0,full_trust,67,ATTACK,116,"(25, 30)",False,1,False,1270
6,0.0,False,0.0,0.2312281611245677,0.2312281611245677,1221,0,1221.0,71,24,13,"(13, 50)",0,0.01059135039717564,97.23076923076923,50.92307692307692,full_trust,71,ATTACK,117,"(32, 13)",False,2,False,1270
0,0.0,True,0.0,0.9,0.9,1243,0,1243.0,80,4,14,"(21, 17)",0,0.01235657546337158,86.57142857142857,36.142857142857146,full_trust,80,ATTACK,121,"(16, 35)",False,0,False,1275
1,0.0,False,0.0,0.20788329110811443,0.3419887295068695,1247,0,1247.0,68,1,14,"(2, 41)",0,0.00441306266548985,88.71428571428571,43.0,full_trust,68,ATTACK,117,"(24, 34)",False,1,False,1275
6,0.0,False,0.0,0.2312281611245677,0.2312281611245677,1226,0,1226.0,72,24,13,"(13, 50)",0,0.01059135039717564,97.23076923076923,50.92307692307692,full_trust,72,ATTACK,118,"(28, 14)",False,2,False,1275
0,0.0,True,0.0,0.9,0.9,1248,0,1248.0,80,4,14,"(21, 17)",0,0.008849557522123894,86.57142857142857,36.142857142857146,full_trust,80,ATTACK,121,"(18, 32)",False,0,False,1280
1,0.0,False,0.0,0.2539121140514532,0.4561125328668618,1252,0,1252.0,68,1,14,"(2, 41)",0,0.004424778761061947,88.71428571428571,43.0,full_trust,68,ATTACK,117,"(21, 36)",False,1,False,1280
6,0.0,False,0.0,0.2312281611245677,0.2312281611245677,1231,0,1231.0,72,24,13,"(13, 50)",0,0.010619469026548672,97.23076923076923,50.92307692307692,full_trust,72,ATTACK,118,"(26, 17)",False,2,False,1280
0,0.0,True,0.0,0.9,0.9,1253,0,1253.0,80,4,14,"(21, 17)",0,0.008849557522123894,86.57142857142857,36.142857142857146,full_trust,80,ATTACK,121,"(19, 28)",False,0,False,1285
1,0.0,True,0.0,0.31495238757855637,0.5602894112329276,1257,0,1257.0,68,1,14,"(2, 41)",0,0.004424778761061947,88.71428571428571,43.0,full_trust,68,ATTACK,117,"(19, 39)",False,1,False,1285
6,0.0,False,0.0,0.2312281611245677,0.2312281611245677,1236,0,1236.0,72,24,13,"(13, 50)",0,0.010619469026548672,97.23076923076923,50.92307692307692,full_trust,72,ATTACK,118,"(26, 22)",False,2,False,1285
0,0.0,True,0.0,0.9,0.9,1258,0,1258.0,80,4,14,"(21, 17)",0,0.008849557522123894,86.57142857142857,36.142857142857146,full_trust,80,ATTACK,121,"(19, 23)",False,0,False,1290
16,0.0,True,0.0,0.38036636209715263,0.629393914658774,1262,0,1262.0,68,1,14,"(2, 41)",0,0.017699115044247787,88.71428571428571,43.0,full_trust,68,ATTACK,117,"(16, 41)",False,1,False,1290
20,5.2594357041300555,False,5.2594357041300555,0.24633595498444494,0.334571974125297,1241,0,1241.0,73,24,13,"(13, 50)",20,0.022123893805309734,97.23076923076923,50.92307692307692,full_trust,73,ATTACK,119,"(25, 26)",True,2,True,1290
0,0.0,True,0.0,0.9,0.9,1263,0,1263.0,80,4,14,"(21, 17)",0,0.008849557522123894,86.57142857142857,36.142857142857146,full_trust,80,ATTACK,121,"(19, 18)",False,0,False,1295
16,0.0,True,0.0,0.4451196717905916,0.6879731977364938,1267,0,1267.0,68,1,14,"(2, 41)",0,0.017699115044247787,88.71428571428571,43.0,full_trust,68,ATTACK,117,"(11, 41)",False,1,False,1295
20,5.2594357041300555,False,5.2594357041300555,0.28307348012056527,0.45058066409894804,1246,0,1246.0,73,24,13,"(13, 50)",20,0.022123893805309734,97.23076923076923,50.92307692307692,full_trust,73,ATTACK,119,"(22, 28)",True,2,True,1295
0,0.0,True,0.0,0.9,0.9,1267,0,1267.0,81,4,15,"(33, 50)",0,0.008849557522123894,86.6,36.666666666666664,full_trust,81,ATTACK,123,"(22, 17)",False,0,False,1300
16,0.0,True,0.0,0.5067076959747897,0.7328303372583598,1272,0,1272.0,68,1,14,"(2, 41)",0,0.017699115044247787,88.71428571428571,43.0,full_trust,68,ATTACK,118,"(6, 41)",False,1,False,1300
20,5.303017832049996,True,5.303017832049996,0.332966440151589,0.5339987695309184,1251,0,1251.0,74,24,13,"(13, 50)",20,0.022123893805309734,97.23076923076923,50.92307692307692,full_trust,74,ATTACK,120,"(18, 29)",True,2,True,1300
0,0.0,True,0.0,0.9,0.9,1272,0,1272.0,81,4,15,"(33, 50)",0,0.007964601769911504,86.6,36.666666666666664,full_trust,81,ATTACK,123,"(27, 17)",False,0,False,1305
16,0.0,True,0.0,0.5639362054170903,0.777970615615503,1276,0,1276.0,69,1,14,"(21, 17)",0,0.017699115044247787,88.71428571428571,43.0,full_trust,69,ATTACK,119,"(2, 41)",False,1,False,1305
20,5.303017832049996,True,5.303017832049996,0.3884935462754001,0.6041742386233688,1256,0,1256.0,74,24,13,"(13, 50)",20,0.022123893805309734,97.23076923076923,50.92307692307692,full_trust,74,ATTACK,120,"(15, 31)",True,2,True,1305
0,0.0,True,0.0,0.9,0.9,1277,0,1277.0,81,4,15,"(33, 50)",0,0.007079646017699115,86.6,36.666666666666664,full_trust,81,ATTACK,123,"(27, 22)",False,0,False,1310
16,0.0,True,0.0,0.5639362054170903,0.777970615615503,1281,0,1281.0,69,1,14,"(21, 17)",0,0.017699115044247787,88.71428571428571,43.0,full_trust,69,ATTACK,119,"(7, 41)",False,1,False,1310
20,5.303017832049996,True,5.303017832049996,0.44518585462893856,0.6594384482410502,1261,0,1261.0,74,24,13,"(13, 50)",20,0.022123893805309734,97.23076923076923,50.92307692307692,full_trust,74,ATTACK,120,"(13, 34)",True,2,True,1310
0,0.0,True,0.0,0.9,0.9,1282,0,1282.0,81,4,15,"(33, 50)",0,0.007079646017699115,86.6,36.666666666666664,full_trust,81,ATTACK,123,"(27, 27)",False,0,False,1315
16,0.0,True,0.0,0.5639362054170903,0.777970615615503,1286,0,1286.0,69,1,14,"(21, 17)",0,0.017699115044247787,88.71428571428571,43.0,full_trust,69,ATTACK,119,"(12, 41)",False,1,False,1315
20,5.303017832049996,True,5.303017832049996,0.5010271544394523,0.7104311374296994,1266,0,1266.0,74,24,13,"(13, 50)",20,0.022123893805309734,97.23076923076923,50.92307692307692,full_trust,74,ATTACK,120,"(13, 39)",True,2,True,1315
0,0.0,True,0.0,0.9,0.9,1287,0,1287.0,81,4,15,"(33, 50)",0,0.0072992700729927005,86.6,36.666666666666664,full_trust,81,ATTACK,123,"(28, 31)",False,0,False,1320
16,0.0,True,0.0,0.6065342472535938,0.8029510419157131,1291,0,1291.0,69,1,14,"(21, 17)",0,0.01818181818181818,88.71428571428571,43.0,full_trust,69,ATTACK,119,"(13, 37)",False,1,False,1320
17,4.0,True,4.0,0.5521189982188791,0.7318588158794124,1271,0,1271.0,74,24,13,"(13, 50)",17,0.020072992700729927,97.23076923076923,50.92307692307692,full_trust,74,ATTACK,120,"(12, 43)",True,2,True,1320
0,0.0,True,0.0,0.9,0.9,1292,0,1292.0,82,4,15,"(33, 50)",0,0.004562043795620438,86.6,36.666666666666664,full_trust,82,ATTACK,124,"(29, 35)",False,0,False,1325
16,0.0,True,0.0,0.6547034697324664,0.829329457919143,1296,0,1296.0,70,1,14,"(21, 17)",0,0.017272727272727273,88.71428571428571,43.0,full_trust,70,ATTACK,120,"(16, 35)",False,1,False,1325
1,0.0,False,0.0,0.3225199671775829,0.3225199671775829,1276,0,1276.0,74,24,13,"(13, 50)",0,0.004562043795620438,97.23076923076923,50.92307692307692,full_trust,74,ATTACK,122,"(12, 48)",False,2,False,1325
0,0.0,True,0.0,0.9,0.9,1297,0,1297.0,82,4,15,"(33, 50)",0,0.004562043795620438,86.6,36.666666666666664,full_trust,82,ATTACK,124,"(29, 40)",False,0,False,1330
34,0.0,True,0.0,0.6976502678524146,0.8533373486829929,1301,0,1301.0,70,1,14,"(21, 17)",0,0.02085222121486854,88.71428571428571,43.0,full_trust,70,ATTACK,120,"(18, 32)",False,1,False,1330
19,3.8245347994415226,False,3.8245347994415226,0.3225199671775829,0.3225199671775829,1280,0,1280.0,76,24,13,"(15, 2)",19,0.00818926296633303,97.23076923076923,50.92307692307692,full_trust,76,ATTACK,124,"(13, 49)",True,2,True,1330
0,0.0,True,0.0,0.9,0.9,1302,0,1302.0,82,4,15,"(33, 50)",0,0.0018248175182481751,86.6,36.666666666666664,full_trust,82,ATTACK,124,"(29, 45)",False,0,False,1335
29,0.0,True,0.0,0.7096762177391306,0.7654366425750015,1306,0,1306.0,70,1,14,"(21, 17)",0,0.02085222121486854,88.71428571428571,43.0,full_trust,70,ATTACK,120,"(20, 29)",False,1,False,1335
19,3.8245347994415226,False,3.8245347994415226,0.3225199671775829,0.3225199671775829,1285,0,1285.0,76,24,13,"(15, 2)",19,0.00545950864422202,97.23076923076923,50.92307692307692,full_trust,76,ATTACK,124,"(13, 44)",True,2,True,1335
0,0.0,True,0.0,0.9,0.9,1307,0,1307.0,82,4,15,"(33, 50)",0,0.0018604651162790699,86.6,36.666666666666664,full_trust,82,ATTACK,124,"(29, 50)",False,0,False,1340
29,0.0,True,0.0,0.727072059562659,0.7981141679687007,1311,0,1311.0,70,1,14,"(21, 17)",0,0.02411873840445269,88.71428571428571,43.0,full_trust,70,ATTACK,120,"(20, 24)",False,1,False,1340
19,3.8245347994415226,False,3.8245347994415226,0.32483348697491043,0.3541970989982528,1290,0,1290.0,76,24,13,"(15, 2)",19,0.006493506493506494,97.23076923076923,50.92307692307692,full_trust,76,ATTACK,124,"(13, 39)",True,2,True,1340
0,0.0,True,0.0,0.9,0.9,1311,0,1311.0,83,4,15,"(13, 50)",0,0.0018604651162790699,86.6,36.666666666666664,full_trust,83,ATTACK,125,"(33, 50)",False,0,False,1345
29,0.0,True,0.0,0.7473253289596085,0.8284949523798758,1316,0,1316.0,70,1,14,"(21, 17)",0,0.02411873840445269,88.71428571428571,43.0,full_trust,70,ATTACK,120,"(19, 20)",False,1,False,1345
15,0.0,False,0.0,0.17893936894106832,0.17893936894106832,1295,0,1295.0,76,24,13,"(15, 2)",0,0.006493506493506494,97.23076923076923,50.92307692307692,full_trust,76,ATTACK,124,"(14, 35)",False,2,False,1345
0,0.0,True,0.0,0.9,0.9,1316,0,1316.0,83,4,15,"(13, 50)",0,0.059534883720930236,86.6,36.666666666666664,full_trust,83,ATTACK,126,"(28, 50)",False,0,False,1350
29,0.0,True,0.0,0.7651149316455376,0.8504487081455415,1321,0,1321.0,70,1,14,"(21, 17)",0,0.08163265306122448,88.71428571428571,43.0,full_trust,70,ATTACK,121,"(21, 17)",False,1,False,1350
6,0.0,False,0.0,0.09010731798340003,0.09010731798340003,1300,0,1300.0,77,24,13,"(15, 2)",0,0.06029684601113173,97.23076923076923,50.92307692307692,full_trust,77,ATTACK,125,"(14, 30)",False,2,False,1350
0,0.0,True,0.0,0.9,0.9,1321,0,1321.0,83,4,15,"(13, 50)",0,0.05674418604651163,86.6,36.666666666666664,full_trust,83,ATTACK,126,"(24, 49)",False,0,False,1355
29,0.0,True,0.0,0.7651149316455376,0.8504487081455415,1325,0,1325.0,71,1,15,"(13, 50)",0,0.07884972170686456,90.06666666666666,43.2,full_trust,71,ATTACK,122,"(18, 18)",False,1,False,1355
6,0.0,False,0.0,0.09010731798340003,0.09010731798340003,1305,0,1305.0,78,24,13,"(15, 2)",0,0.05658627087198516,97.23076923076923,50.92307692307692,full_trust,78,ATTACK,126,"(15, 26)",False,2,False,1355
0,0.0,True,0.0,0.9,0.9,1326,0,1326.0,83,4,15,"(13, 50)",0,0.047752808988764044,86.6,36.666666666666664,full_trust,83,ATTACK,126,"(19, 49)",False,0,False,1360
24,0.0,True,0.0,0.7651149316455376,0.8504487081455415,1330,0,1330.0,71,1,15,"(13, 50)",0,0.06902985074626866,90.06666666666666,43.2,full_trust,71,ATTACK,122,"(18, 23)",False,1,False,1360
6,0.0,False,0.0,0.09010731798340003,0.09010731798340003,1310,0,1310.0,78,24,13,"(15, 2)",0,0.05223880597014925,97.23076923076923,50.92307692307692,full_trust,78,ATTACK,126,"(16, 22)",False,2,False,1360
0,0.0,True,0.0,0.9,0.9,1331,0,1331.0,83,4,15,"(13, 50)",0,0.0449438202247191,86.6,36.666666666666664,full_trust,83,ATTACK,126,"(14, 49)",False,0,False,1365
13,0.0,True,0.0,0.7651149316455376,0.8504487081455415,1335,0,1335.0,73,1,15,"(13, 50)",0,0.051305970149253734,90.06666666666666,43.2,full_trust,73,ATTACK,124,"(16, 26)",False,1,False,1365
6,0.0,False,0.0,0.09010731798340003,0.09010731798340003,1315,0,1315.0,78,24,13,"(15, 2)",0,0.05037313432835821,97.23076923076923,50.92307692307692,full_trust,78,ATTACK,126,"(16, 17)",False,2,False,1365
0,0.0,True,0.0,0.9,0.9,1335,0,1335.0,84,4,16,"(2, 41)",0,0.0449438202247191,85.5,35.8125,full_trust,84,ATTACK,127,"(12, 49)",False,0,False,1370
12,0.0,True,0.0,0.7651149316455376,0.8504487081455415,1340,0,1340.0,73,1,15,"(13, 50)",0,0.054104477611940295,90.06666666666666,43.2,full_trust,73,ATTACK,124,"(15, 30)",False,1,False,1370
11,0.0,False,0.0,0.09010731798340003,0.09010731798340003,1320,0,1320.0,78,24,13,"(15, 2)",0,0.05503731343283582,97.23076923076923,50.92307692307692,full_trust,78,ATTACK,126,"(15, 13)",False,2,False,1370
0,0.0,True,0.0,0.9,0.9,1340,0,1340.0,85,4,16,"(2, 41)",0,0.040262172284644196,85.5,35.8125,full_trust,85,ATTACK,128,"(11, 45)",False,0,False,1375
11,0.0,True,0.0,0.7651149316455376,0.8504487081455415,1345,0,1345.0,74,1,15,"(13, 50)",0,0.048507462686567165,90.06666666666666,43.2,full_trust,74,ATTACK,125,"(14, 34)",False,1,False,1375
11,0.0,False,0.0,0.09010731798340003,0.09010731798340003,1325,0,1325.0,78,24,13,"(15, 2)",0,0.05317164179104478,97.23076923076923,50.92307692307692,full_trust,78,ATTACK,127,"(15, 8)",False,2,False,1375
0,0.0,True,0.0,0.9,0.9,1345,0,1345.0,85,4,16,"(2, 41)",0,0.03899721448467967,85.5,35.8125,full_trust,85,ATTACK,128,"(8, 43)",False,0,False,1380
9,0.0,True,0.0,0.7741614097243155,0.8603155680896776,1350,0,1350.0,74,1,15,"(13, 50)",0,0.044444444444444446,90.06666666666666,43.2,full_trust,74,ATTACK,125,"(13, 38)",False,1,False,1380
10,0.0,False,0.0,0.09010731798340003,0.09010731798340003,1330,0,1330.0,78,24,13,"(15, 2)",0,0.05092592592592592,97.23076923076923,50.92307692307692,full_trust,78,ATTACK,127,"(15, 3)",False,2,False,1380
0,0.0,True,0.0,0.9,0.9,1350,0,1350.0,85,4,16,"(2, 41)",0,0.035283194057567316,85.5,35.8125,full_trust,85,ATTACK,128,"(5, 41)",False,0,False,1385
9,0.0,True,0.0,0.7973060187290683,0.8858586332860109,1355,0,1355.0,74,1,15,"(13, 50)",0,0.04259259259259259,90.06666666666666,43.2,full_trust,74,ATTACK,125,"(13, 43)",False,1,False,1385
10,0.0,False,0.0,0.09010731798340003,0.09010731798340003,1334,0,1334.0,79,24,14,"(2, 41)",0,0.04722222222222222,98.71428571428571,51.07142857142857,full_trust,79,ATTACK,128,"(15, 5)",False,2,False,1385
0,0.0,True,0.0,0.9,0.9,1354,0,1354.0,86,4,16,"(2, 50)",0,0.036211699164345405,85.5,35.8125,full_trust,86,ATTACK,129,"(3, 41)",False,0,False,1390
9,0.0,True,0.0,0.8199884104880779,0.9042602864450268,1360,0,1360.0,74,1,15,"(13, 50)",0,0.04259259259259259,90.06666666666666,43.2,full_trust,74,ATTACK,125,"(13, 48)",False,1,False,1390
10,0.0,False,0.0,0.09010731798340003,0.09010731798340003,1339,0,1339.0,79,24,14,"(2, 41)",0,0.046296296296296294,98.71428571428571,51.07142857142857,full_trust,79,ATTACK,128,"(16, 9)",False,2,False,1390
0,0.0,True,0.0,0.9,0.9,1359,0,1359.0,86,4,16,"(2, 50)",0,0.035878564857405704,85.5,35.8125,full_trust,86,ATTACK,129,"(3, 46)",False,0,False,1395
9,0.0,True,0.0,0.8372031706828305,0.916771789986644,1364,0,1364.0,75,1,15,"(2, 20)",0,0.04128440366972477,90.06666666666666,43.2,full_trust,75,ATTACK,126,"(12, 49)",False,1,False,1395
10,0.0,False,0.0,0.09010731798340003,0.09010731798340003,1344,0,1344.0,79,24,14,"(2, 41)",0,0.045871559633027525,98.71428571428571,51.07142857142857,full_trust,79,ATTACK,128,"(16, 14)",False,2,False,1395
0,0.0,True,0.0,0.9,0.9,1364,0,1364.0,86,4,16,"(2, 50)",0,0.036044362292051754,85.5,35.8125,full_trust,86,ATTACK,130,"(2, 50)",False,0,False,1400
9,0.0,True,0.0,0.8494012323876281,0.9252705500029273,1369,0,1369.0,75,1,15,"(2, 20)",0,0.041666666666666664,90.06666666666666,43.2,full_trust,75,ATTACK,127,"(12, 44)",False,1,False,1400
10,0.0,False,0.0,0.09010731798340003,0.09010731798340003,1349,0,1349.0,79,24,14,"(2, 41)",0,0.04537037037037037,98.71428571428571,51.07142857142857,full_trust,79,ATTACK,129,"(16, 19)",False,2,False,1400
0,0.0,True,0.0,0.9,0.9,1368,0,1368.0,87,4,17,"(33, 8)",0,0.03512014787430684,82.41176470588235,34.411764705882355,full_trust,87,ATTACK,131,"(4, 48)",False,0,False,1405
9,0.0,True,0.0,0.861064571189441,0.9341997581061895,1374,0,1374.0,75,1,15,"(2, 20)",0,0.041666666666666664,90.06666666666666,43.2,full_trust,75,ATTACK,127,"(12, 39)",False,1,False,1405
10,0.0,False,0.0,0.09010731798340003,0.09010731798340003,1354,0,1354.0,79,24,14,"(2, 41)",0,0.04537037037037037,98.71428571428571,51.07142857142857,full_trust,79,ATTACK,129,"(16, 24)",False,2,False,1405
0,0.0,True,0.0,0.9,0.9,1373,0,1373.0,87,4,17,"(33, 8)",0,0.036044362292051754,82.41176470588235,34.411764705882355,full_trust,87,ATTACK,131,"(7, 46)",False,0,False,1410
13,0.0,True,0.0,0.8685237045530623,0.9386968582715296,1379,0,1379.0,75,1,15,"(2, 20)",0,0.041666666666666664,90.06666666666666,43.2,full_trust,75,ATTACK,127,"(12, 34)",False,1,False,1410
14,0.0,False,0.0,0.09010731798340003,0.09010731798340003,1359,0,1359.0,79,24,14,"(2, 41)",0,0.04537037037037037,98.71428571428571,51.07142857142857,full_trust,79,ATTACK,129,"(14, 27)",False,2,False,1410
0,0.0,True,0.0,0.9,0.9,1378,0,1378.0,87,4,17,"(33, 8)",0,0.03413284132841329,82.41176470588235,34.411764705882355,full_trust,87,ATTACK,131,"(7, 41)",False,0,False,1415
12,0.0,True,0.0,0.8685237045530623,0.9386968582715296,1384,0,1384.0,75,1,15,"(2, 20)",0,0.041589648798521256,90.06666666666666,43.2,full_trust,75,ATTACK,127,"(12, 29)",False,1,False,1415
13,0.0,False,0.0,0.09010731798340003,0.09010731798340003,1364,0,1364.0,79,24,14,"(2, 41)",0,0.04251386321626617,98.71428571428571,51.07142857142857,full_trust,79,ATTACK,129,"(13, 31)",False,2,False,1415
0,0.0,True,0.0,0.9,0.9,1383,0,1383.0,87,4,17,"(33, 8)",0,0.03336510962821735,82.41176470588235,34.411764705882355,full_trust,87,ATTACK,131,"(8, 37)",False,0,False,1420
11,0.0,True,0.0,0.8685237045530623,0.9386968582715296,1389,0,1389.0,75,1,15,"(2, 20)",0,0.04091341579448145,90.06666666666666,43.2,full_trust,75,ATTACK,127,"(12, 24)",False,1,False,1420
12,0.0,False,0.0,0.09907226124521237,0.1867933688491887,1369,0,1369.0,79,24,14,"(2, 41)",0,0.0390104662226451,98.71428571428571,51.07142857142857,full_trust,79,ATTACK,129,"(13, 36)",False,2,False,1420
0,0.0,True,0.0,0.9,0.9,1388,0,1388.0,88,4,17,"(33, 8)",0,0.03145235892691952,82.41176470588235,34.411764705882355,full_trust,88,ATTACK,132,"(12, 36)",False,0,False,1425
11,0.0,True,0.0,0.8685237045530623,0.9386968582715296,1394,0,1394.0,76,1,15,"(2, 20)",0,0.038781163434903045,90.06666666666666,43.2,full_trust,76,ATTACK,128,"(8, 23)",False,1,False,1425
12,0.0,False,0.0,0.1415928840632365,0.34327861603328186,1374,0,1374.0,79,24,14,"(2, 41)",0,0.03693444136657433,98.71428571428571,51.07142857142857,full_trust,79,ATTACK,130,"(13, 41)",False,2,False,1425
0,0.0,True,0.0,0.9,0.9,1393,0,1393.0,88,4,17,"(33, 8)",0,0.03074141048824593,82.41176470588235,34.411764705882355,full_trust,88,ATTACK,132,"(14, 33)",False,0,False,1430
11,0.0,True,0.0,0.8685237045530623,0.9386968582715296,1399,0,1399.0,76,1,15,"(2, 20)",0,0.03790613718411552,90.06666666666666,43.2,full_trust,76,ATTACK,128,"(5, 21)",False,1,False,1430
12,0.0,False,0.0,0.20499752823241268,0.46484538602213704,1379,0,1379.0,79,24,14,"(2, 41)",0,0.036101083032490974,98.71428571428571,51.07142857142857,full_trust,79,ATTACK,130,"(8, 41)",False,2,False,1430
0,0.0,True,0.0,0.9,0.9,1398,0,1398.0,88,4,17,"(33, 8)",0,0.03074141048824593,82.41176470588235,34.411764705882355,full_trust,88,ATTACK,132,"(16, 30)",False,0,False,1435
11,0.0,True,0.0,0.8685237045530623,0.9386968582715296,1403,0,1403.0,77,1,16,"(2, 41)",0,0.03790613718411552,89.6875,43.125,full_trust,77,ATTACK,129,"(2, 20)",False,1,False,1435
12,0.0,True,0.0,0.27602225109285683,0.5504166282812296,1384,0,1384.0,79,24,14,"(2, 41)",0,0.036101083032490974,98.71428571428571,51.07142857142857,full_trust,79,ATTACK,130,"(3, 41)",False,2,False,1435
0,0.0,True,0.0,0.9,0.9,1403,0,1403.0,88,4,17,"(33, 8)",0,0.03074141048824593,82.41176470588235,34.411764705882355,full_trust,88,ATTACK,132,"(21, 30)",False,0,False,1440
11,0.0,True,0.0,0.8685237045530623,0.9386968582715296,1408,0,1408.0,77,1,16,"(2, 41)",0,0.03700361010830325,89.6875,43.125,full_trust,77,ATTACK,129,"(3, 24)",False,1,False,1440
12,0.0,True,0.0,0.3052313198969037,0.5876366096156992,1388,0,1388.0,80,24,14,"(21, 17)",0,0.036101083032490974,98.71428571428571,51.07142857142857,full_trust,80,ATTACK,131,"(5, 41)",False,2,False,1440
0,0.0,True,0.0,0.9,0.9,1408,0,1408.0,88,4,17,"(33, 8)",0,0.024933214603739984,82.41176470588235,34.411764705882355,full_trust,88,ATTACK,132,"(25, 29)",False,0,False,1445
44,0.0,True,0.0,0.8685237045530623,0.9386968582715296,1413,0,1413.0,77,1,16,"(2, 41)",0,0.059555555555555556,89.6875,43.125,full_trust,77,ATTACK,129,"(3, 29)",False,1,False,1445
45,6.982620836402255,True,6.982620836402255,0.3347208874523768,0.6147590126370218,1393,0,1393.0,81,24,14,"(21, 17)",45,0.030222222222222223,98.71428571428571,51.07142857142857,full_trust,81,ATTACK,132,"(7, 38)",True,2,True,1445
0,0.0,True,0.0,0.9,0.9,1413,0,1413.0,88,4,17,"(33, 8)",0,0.02471315092674316,82.41176470588235,34.411764705882355,full_trust,88,ATTACK,133,"(27, 26)",False,0,False,1450
44,0.0,True,0.0,0.8823488059293625,0.9454571784922149,1418,0,1418.0,77,1,16,"(2, 41)",0,0.059030837004405284,89.6875,43.125,full_trust,77,ATTACK,130,"(3, 34)",False,1,False,1450
45,6.826853987935515,True,6.826853987935515,0.4070870869466224,0.6758831750954006,1398,0,1398.0,82,24,14,"(21, 17)",45,0.033480176211453744,98.71428571428571,51.07142857142857,full_trust,82,ATTACK,133,"(9, 35)",True,2,True,1450
0,0.0,True,0.0,0.9,0.9,1418,0,1418.0,88,4,17,"(33, 8)",0,0.021949078138718173,82.41176470588235,34.411764705882355,full_trust,88,ATTACK,133,"(28, 22)",False,0,False,1455
44,0.0,True,0.0,0.8977620016345466,0.9536676661976147,1423,0,1423.0,77,1,16,"(2, 41)",0,0.05443371378402107,89.6875,43.125,full_trust,77,ATTACK,130,"(3, 39)",False,1,False,1455
42,6.702515502329916,True,6.702515502329916,0.4756045016623238,0.7302479221651045,1403,0,1403.0,82,24,14,"(21, 17)",42,0.03424056189640035,98.71428571428571,51.07142857142857,full_trust,82,ATTACK,133,"(11, 32)",True,2,True,1455
0,0.0,True,0.0,0.9,0.9,1423,0,1423.0,88,4,17,"(33, 8)",0,0.019315188762071993,82.41176470588235,34.411764705882355,full_trust,88,ATTACK,133,"(28, 17)",False,0,False,1460
42,0.0,True,0.0,0.9089735105521524,0.960822253117477,1427,0,1427.0,78,1,16,"(15, 2)",0,0.05004389815627744,89.6875,43.125,full_trust,78,ATTACK,131,"(3, 41)",False,1,False,1460
40,6.702515502329916,True,6.702515502329916,0.5395285226702761,0.7736646014805914,1408,0,1408.0,82,24,14,"(21, 17)",40,0.029850746268656716,98.71428571428571,51.07142857142857,full_trust,82,ATTACK,133,"(14, 30)",True,2,True,1460
0,0.0,True,0.0,0.9,0.9,1428,0,1428.0,88,4,17,"(33, 8)",0,0.014925373134328358,82.41176470588235,34.411764705882355,full_trust,88,ATTACK,133,"(30, 14)",False,0,False,1465
40,0.0,True,0.0,0.9141940074575163,0.9631109413061624,1432,0,1432.0,78,1,16,"(15, 2)",0,0.043898156277436345,89.6875,43.125,full_trust,78,ATTACK,131,"(5, 38)",False,1,False,1465
38,6.702515502329916,True,6.702515502329916,0.586129730057169,0.7994140050368784,1413,0,1413.0,82,24,14,"(21, 17)",38,0.024582967515364356,98.71428571428571,51.07142857142857,full_trust,82,ATTACK,133,"(15, 26)",True,2,True,1465
0,0.0,True,0.0,0.9,0.9,1433,0,1433.0,88,4,17,"(33, 8)",0,0.009657594381035996,82.41176470588235,34.411764705882355,full_trust,88,ATTACK,133,"(30, 9)",False,0,False,1470
39,0.0,True,0.0,0.9215670389619274,0.9671144166425459,1437,0,1437.0,78,1,16,"(15, 2)",0,0.03775241439859526,89.6875,43.125,full_trust,78,ATTACK,131,"(5, 33)",False,1,False,1470
37,6.702515502329916,True,6.702515502329916,0.6185579150123224,0.8188409734178825,1418,0,1418.0,82,24,14,"(21, 17)",37,0.021949078138718173,98.71428571428571,51.07142857142857,full_trust,82,ATTACK,133,"(17, 23)",True,2,True,1470
0,0.0,True,0.0,0.9,0.9,1437,0,1437.0,89,4,17,"(3, 8)",0,0.00877963125548727,82.41176470588235,34.411764705882355,full_trust,89,ATTACK,135,"(33, 8)",False,0,False,1475
39,1.4839999999999947,True,1.4839999999999947,0.9261651777434909,0.9693063123366236,1442,0,1442.0,79,1,16,"(15, 2)",39,0.03687445127304653,89.6875,43.125,full_trust,79,ATTACK,132,"(5, 28)",True,1,True,1475
22,0.0,False,0.0,0.294681505876372,0.294681505876372,1423,0,1423.0,83,24,14,"(21, 17)",0,0.01755926251097454,98.71428571428571,51.07142857142857,full_trust,83,ATTACK,136,"(17, 18)",False,2,False,1475
0,0.0,True,0.0,0.9,0.9,1442,0,1442.0,89,4,17,"(3, 8)",0,0.006145741878841089,82.41176470588235,34.411764705882355,full_trust,89,ATTACK,135,"(28, 8)",False,0,False,1480
37,1.460000000000008,True,1.460000000000008,0.9304858269135177,0.970863473565914,1447,0,1447.0,79,1,16,"(15, 2)",37,0.030728709394205442,89.6875,43.125,full_trust,79,ATTACK,132,"(8, 26)",True,1,True,1480
13,0.0,False,0.0,0.1696038752507804,0.21909613408099946,1428,0,1428.0,83,24,14,"(21, 17)",0,0.014047410008779631,98.71428571428571,51.07142857142857,full_trust,83,ATTACK,136,"(21, 17)",False,2,False,1480
0,0.0,True,0.0,0.9,0.9,1447,0,1447.0,89,4,17,"(3, 8)",0,0.006145741878841089,82.41176470588235,34.411764705882355,full_trust,89,ATTACK,135,"(24, 9)",False,0,False,1485
42,1.4279999999999973,True,1.4279999999999973,0.9304858269135177,0.970863473565914,1452,0,1452.0,79,1,16,"(15, 2)",42,0.0324846356453029,89.6875,43.125,full_trust,79,ATTACK,132,"(8, 21)",True,1,True,1485
18,0.0,False,0.0,0.17330517012521302,0.24362977273943232,1432,0,1432.0,84,24,15,"(2, 20)",0,0.018437225636523266,98.73333333333333,50.6,full_trust,84,ATTACK,137,"(17, 17)",False,2,False,1485
0,0.0,True,0.0,0.9,0.9,1452,0,1452.0,89,4,17,"(3, 8)",0,0.006145741878841089,82.41176470588235,34.411764705882355,full_trust,89,ATTACK,135,"(19, 9)",False,0,False,1490
32,1.4279999999999973,True,1.4279999999999973,0.9325395479429474,0.9715602475021122,1457,0,1457.0,79,1,16,"(15, 2)",32,0.027216856892010536,89.6875,43.125,full_trust,79,ATTACK,132,"(13, 21)",True,1,True,1490
12,0.0,False,0.0,0.17432312993133042,0.19366436624756145,1437,0,1437.0,84,24,15,"(2, 20)",0,0.013169446883230905,98.73333333333333,50.6,full_trust,84,ATTACK,137,"(14, 19)",False,2,False,1490
0,0.0,True,0.0,0.9,0.9,1457,0,1457.0,89,4,17,"(3, 8)",0,0.0061403508771929825,82.41176470588235,34.411764705882355,full_trust,89,ATTACK,135,"(14, 9)",False,0,False,1495
12,0.0,False,0.0,0.3828920882923344,0.3828920882923344,1461,0,1461.0,81,2,16,"(15, 2)",0,0.013157894736842105,89.6875,43.125,full_trust,81,ATTACK,134,"(14, 18)",False,1,False,1495
9,0.0,False,0.0,0.17432312993133042,0.19366436624756145,1442,0,1442.0,86,24,15,"(2, 20)",0,0.010526315789473684,98.73333333333333,50.6,full_trust,86,ATTACK,139,"(14, 20)",False,2,False,1495
0,0.0,True,0.0,0.9,0.9,1462,0,1462.0,89,4,17,"(3, 8)",0,0.03954305799648506,82.41176470588235,34.411764705882355,full_trust,89,ATTACK,136,"(10, 8)",False,0,False,1500
10,0.0,False,0.0,0.38749648466590825,0.45299032154077307,1466,0,1466.0,81,2,16,"(15, 2)",0,0.04481546572934974,89.6875,43.125,full_trust,81,ATTACK,135,"(15, 14)",False,1,False,1500
9,0.0,False,0.0,0.17432312993133042,0.19366436624756145,1447,0,1447.0,86,24,15,"(2, 20)",0,0.04305799648506151,98.73333333333333,50.6,full_trust,86,ATTACK,140,"(9, 20)",False,2,False,1500
0,0.0,True,0.0,0.9,0.9,1467,0,1467.0,89,4,17,"(3, 8)",0,0.03852889667250438,82.41176470588235,34.411764705882355,full_trust,89,ATTACK,136,"(5, 8)",False,0,False,1505
10,0.0,True,0.0,0.40782722325202253,0.5220865883043174,1471,0,1471.0,81,2,16,"(15, 2)",0,0.0446584938704028,89.6875,43.125,full_trust,81,ATTACK,135,"(15, 9)",False,1,False,1505
9,0.0,False,0.0,0.17432312993133042,0.19366436624756145,1452,0,1452.0,86,24,15,"(2, 20)",0,0.042907180385288964,98.73333333333333,50.6,full_trust,86,ATTACK,140,"(4, 20)",False,2,False,1505
0,0.0,True,0.0,0.9,0.9,1471,0,1471.0,90,4,18,"(2, 20)",0,0.03765323992994746,83.77777777777777,34.333333333333336,full_trust,90,ATTACK,137,"(5, 8)",False,0,False,1510
10,0.0,True,0.0,0.42118220912445853,0.5513369622449212,1476,0,1476.0,81,2,16,"(15, 2)",0,0.0446584938704028,89.6875,43.125,full_trust,81,ATTACK,135,"(15, 4)",False,1,False,1510
9,0.0,False,0.0,0.17432312993133042,0.19366436624756145,1456,0,1456.0,87,24,15,"(25, 2)",0,0.042907180385288964,98.73333333333333,50.6,full_trust,87,ATTACK,141,"(4, 20)",False,2,False,1510
0,0.0,True,0.0,0.9,0.9,1476,0,1476.0,90,4,18,"(2, 20)",0,0.03765323992994746,83.77777777777777,34.333333333333336,full_trust,90,ATTACK,137,"(10, 8)",False,0,False,1515
10,0.0,True,0.0,0.42118220912445853,0.5513369622449212,1480,0,1480.0,82,2,17,"(2, 41)",0,0.0446584938704028,89.0,43.76470588235294,full_trust,82,ATTACK,136,"(14, 3)",False,1,False,1515
9,0.0,False,0.0,0.17432312993133042,0.19366436624756145,1461,0,1461.0,87,24,15,"(25, 2)",0,0.042907180385288964,98.73333333333333,50.6,full_trust,87,ATTACK,141,"(9, 20)",False,2,False,1515
0,0.0,True,0.0,0.9,0.9,1481,0,1481.0,90,4,18,"(2, 20)",0,0.035964912280701755,83.77777777777777,34.333333333333336,full_trust,90,ATTACK,137,"(13, 10)",False,0,False,1520
14,0.0,True,0.0,0.45466382331761185,0.6346076747561863,1485,0,1485.0,82,2,17,"(2, 41)",0,0.0446584938704028,89.0,43.76470588235294,full_trust,82,ATTACK,136,"(14, 8)",False,1,False,1520
13,0.0,False,0.0,0.17432312993133042,0.19366436624756145,1466,0,1466.0,87,24,15,"(25, 2)",0,0.04203152364273205,98.73333333333333,50.6,full_trust,87,ATTACK,141,"(14, 20)",False,2,False,1520
0,0.0,True,0.0,0.9,0.9,1486,0,1486.0,90,4,18,"(2, 20)",0,0.03508771929824561,83.77777777777777,34.333333333333336,full_trust,90,ATTACK,138,"(14, 14)",False,0,False,1525
14,0.0,True,0.0,0.507669092806314,0.7180266099838963,1490,0,1490.0,82,2,17,"(2, 41)",0,0.0446584938704028,89.0,43.76470588235294,full_trust,82,ATTACK,137,"(14, 13)",False,1,False,1525
13,0.0,False,0.0,0.1858675396289046,0.2865919308081403,1471,0,1471.0,88,24,15,"(25, 2)",0,0.04115586690017513,98.73333333333333,50.6,full_trust,88,ATTACK,142,"(16, 17)",False,2,False,1525
0,0.0,True,0.0,0.9,0.9,1491,0,1491.0,90,4,18,"(2, 20)",0,0.034210526315789476,83.77777777777777,34.333333333333336,full_trust,90,ATTACK,138,"(14, 19)",False,0,False,1530
14,0.0,True,0.0,0.5640069445533348,0.7785366505560646,1495,0,1495.0,82,2,17,"(2, 41)",0,0.042907180385288964,89.0,43.76470588235294,full_trust,82,ATTACK,137,"(14, 18)",False,1,False,1530
13,0.0,False,0.0,0.23112387272295182,0.44115101798102563,1476,0,1476.0,88,24,15,"(25, 2)",0,0.04115586690017513,98.73333333333333,50.6,full_trust,88,ATTACK,142,"(18, 14)",False,2,False,1530
0,0.0,True,0.0,0.9,0.9,1496,0,1496.0,90,4,18,"(2, 20)",0,0.034210526315789476,83.77777777777777,34.333333333333336,full_trust,90,ATTACK,138,"(10, 20)",False,0,False,1535
14,0.0,True,0.0,0.6195721011973604,0.8267396709819691,1500,0,1500.0,82,2,17,"(2, 41)",0,0.04203152364273205,89.0,43.76470588235294,full_trust,82,ATTACK,137,"(12, 21)",False,1,False,1535
13,0.0,True,0.0,0.29311825150298754,0.5351565668508617,1481,0,1481.0,88,24,15,"(25, 2)",0,0.04115586690017513,98.73333333333333,50.6,full_trust,88,ATTACK,142,"(18, 9)",False,2,False,1535
0,0.0,True,0.0,0.9,0.9,1501,0,1501.0,90,4,18,"(2, 20)",0,0.030728709394205442,83.77777777777777,34.333333333333336,full_trust,90,ATTACK,138,"(5, 20)",False,0,False,1540
14,0.0,True,0.0,0.6720746820780255,0.864982730837971,1505,0,1505.0,82,2,17,"(2, 41)",0,0.03940455341506129,89.0,43.76470588235294,full_trust,82,ATTACK,137,"(12, 26)",False,1,False,1540
13,0.0,True,0.0,0.30596035818299205,0.5499603851030784,1486,0,1486.0,88,24,15,"(25, 2)",0,0.04119193689745837,98.73333333333333,50.6,full_trust,88,ATTACK,142,"(23, 9)",False,2,False,1540
0,0.0,True,0.0,0.9,0.9,1505,0,1505.0,91,4,18,"(24, 45)",0,0.029850746268656716,83.77777777777777,34.333333333333336,full_trust,91,ATTACK,139,"(2, 21)",False,0,False,1545
14,0.0,True,0.0,0.7008355673981357,0.8776985591170022,1510,0,1510.0,82,2,17,"(2, 41)",0,0.03152364273204904,89.0,43.76470588235294,full_trust,82,ATTACK,137,"(9, 28)",False,1,False,1545
13,0.0,True,0.0,0.30596035818299205,0.5499603851030784,1491,0,1491.0,88,24,15,"(25, 2)",0,0.03418054338299737,98.73333333333333,50.6,full_trust,88,ATTACK,142,"(26, 7)",False,2,False,1545
0,0.0,True,0.0,0.9,0.9,1510,0,1510.0,91,4,18,"(24, 45)",0,0.02897278314310799,83.77777777777777,34.333333333333336,full_trust,91,ATTACK,140,"(5, 23)",False,0,False,1550
14,0.0,True,0.0,0.7098562494184125,0.8812492078036724,1515,0,1515.0,82,2,17,"(2, 41)",0,0.0297723292469352,89.0,43.76470588235294,full_trust,82,ATTACK,138,"(8, 32)",False,1,False,1550
13,0.0,True,0.0,0.30596035818299205,0.5499603851030784,1496,0,1496.0,88,24,15,"(25, 2)",0,0.03242769500438212,98.73333333333333,50.6,full_trust,88,ATTACK,143,"(25, 3)",False,2,False,1550
0,0.0,True,0.0,0.9,0.9,1515,0,1515.0,91,4,18,"(24, 45)",0,0.027216856892010536,83.77777777777777,34.333333333333336,full_trust,91,ATTACK,140,"(10, 23)",False,0,False,1555
19,0.0,True,0.0,0.7098562494184125,0.8812492078036724,1520,0,1520.0,82,2,17,"(2, 41)",0,0.03502626970227671,89.0,43.76470588235294,full_trust,82,ATTACK,138,"(7, 36)",False,1,False,1555
18,0.0,True,0.0,0.30596035818299205,0.5499603851030784,1500,0,1500.0,89,24,16,"(33, 50)",0,0.03680981595092025,97.0,50.1875,full_trust,89,ATTACK,144,"(25, 5)",False,2,False,1555
0,0.0,True,0.0,0.9,0.9,1520,0,1520.0,91,4,18,"(24, 45)",0,0.026362038664323375,83.77777777777777,34.333333333333336,full_trust,91,ATTACK,140,"(12, 26)",False,0,False,1560
19,0.0,True,0.0,0.7098562494184125,0.8812492078036724,1525,0,1525.0,82,2,17,"(2, 41)",0,0.033304119193689745,89.0,43.76470588235294,full_trust,82,ATTACK,138,"(4, 38)",False,1,False,1560
18,0.0,True,0.0,0.30596035818299205,0.5499603851030784,1505,0,1505.0,89,24,16,"(33, 50)",0,0.03593339176161262,97.0,50.1875,full_trust,89,ATTACK,144,"(27, 8)",False,2,False,1560
0,0.0,True,0.0,0.9,0.9,1525,0,1525.0,92,4,18,"(24, 45)",0,0.01845342706502636,83.77777777777777,34.333333333333336,full_trust,92,ATTACK,141,"(14, 29)",False,0,False,1565
18,0.0,True,0.0,0.7098562494184125,0.8812492078036724,1530,0,1530.0,82,2,17,"(2, 41)",0,0.02716914986853637,89.0,43.76470588235294,full_trust,82,ATTACK,138,"(2, 41)",False,1,False,1565
17,0.0,True,0.0,0.30596035818299205,0.5499603851030784,1510,0,1510.0,89,24,16,"(33, 50)",0,0.028921998247151623,97.0,50.1875,full_trust,89,ATTACK,144,"(29, 11)",False,2,False,1565
0,0.0,True,0.0,0.9,0.9,1530,0,1530.0,93,4,18,"(24, 45)",0,0.012302284710017574,83.77777777777777,34.333333333333336,full_trust,93,ATTACK,142,"(18, 30)",False,0,False,1570
14,0.0,True,0.0,0.7098562494184125,0.8812492078036724,1534,0,1534.0,83,2,17,"(2, 50)",0,0.018404907975460124,89.0,43.76470588235294,full_trust,83,ATTACK,139,"(3, 44)",False,1,False,1570
13,0.0,True,0.0,0.30596035818299205,0.5499603851030784,1515,0,1515.0,89,24,16,"(33, 50)",0,0.020157756354075372,97.0,50.1875,full_trust,89,ATTACK,144,"(29, 16)",False,2,False,1570
0,0.0,True,0.0,0.9,0.9,1535,0,1535.0,96,4,18,"(24, 45)",0,0.008787346221441126,83.77777777777777,34.333333333333336,full_trust,96,ATTACK,145,"(21, 32)",False,0,False,1575
12,0.0,True,0.0,0.7098562494184125,0.8812492078036724,1539,0,1539.0,83,2,17,"(2, 50)",0,0.014899211218229623,89.0,43.76470588235294,full_trust,83,ATTACK,140,"(3, 49)",False,1,False,1575
11,0.0,True,0.0,0.30596035818299205,0.5499603851030784,1520,0,1520.0,89,24,16,"(33, 50)",0,0.016652059596844872,97.0,50.1875,full_trust,89,ATTACK,145,"(29, 21)",False,2,False,1575
0,0.0,True,0.0,0.9,0.9,1540,0,1540.0,96,4,18,"(24, 45)",0,0.0043821209465381246,83.77777777777777,34.333333333333336,full_trust,96,ATTACK,145,"(23, 35)",False,0,False,1580
11,0.0,True,0.0,0.7098562494184125,0.8812492078036724,1542,0,1542.0,84,2,18,"(24, 45)",0,0.010517090271691499,87.66666666666667,42.0,full_trust,84,ATTACK,142,"(3, 50)",False,1,False,1580
7,0.0,True,0.0,0.30596035818299205,0.5499603851030784,1525,0,1525.0,91,24,16,"(33, 50)",0,0.009640666082383873,97.0,50.1875,full_trust,91,ATTACK,147,"(29, 26)",False,2,False,1580
0,0.0,True,0.0,0.9,0.9,1545,0,1545.0,96,4,18,"(24, 45)",0,0.0026292725679228747,83.77777777777777,34.333333333333336,full_trust,96,ATTACK,145,"(25, 38)",False,0,False,1585
10,0.0,True,0.0,0.7098562494184125,0.8812492078036724,1547,0,1547.0,84,2,18,"(24, 45)",0,0.0026292725679228747,87.66666666666667,42.0,full_trust,84,ATTACK,142,"(5, 47)",False,1,False,1585
5,0.0,True,0.0,0.3706250694423825,0.6181884766919995,1530,0,1530.0,91,24,16,"(33, 50)",0,0.0043821209465381246,97.0,50.1875,full_trust,91,ATTACK,147,"(27, 29)",False,2,False,1585
0,0.0,True,0.0,0.9,0.9,1550,0,1550.0,96,4,18,"(24, 45)",0,0.0026292725679228747,83.77777777777777,34.333333333333336,full_trust,96,ATTACK,145,"(25, 43)",False,0,False,1590
10,0.0,True,0.0,0.7098562494184125,0.8812492078036724,1552,0,1552.0,84,2,18,"(24, 45)",0,0.0043821209465381246,87.66666666666667,42.0,full_trust,84,ATTACK,142,"(9, 46)",False,1,False,1590
5,0.0,True,0.0,0.43519539848320893,0.6777194035822536,1535,0,1535.0,91,24,16,"(33, 50)",0,0.0035056967572304996,97.0,50.1875,full_trust,91,ATTACK,147,"(29, 32)",False,2,False,1590
0,0.0,True,0.0,0.9,0.9,1554,0,1554.0,97,4,19,"(21, 17)",0,0.0026292725679228747,83.89473684210526,35.1578947368421,full_trust,97,ATTACK,146,"(25, 45)",False,0,False,1595
14,0.0,True,0.0,0.7098562494184125,0.8812492078036724,1557,0,1557.0,84,2,18,"(24, 45)",0,0.008764241893076249,87.66666666666667,42.0,full_trust,84,ATTACK,142,"(13, 47)",False,1,False,1595
9,0.0,True,0.0,0.4972111935690234,0.7274423250497458,1540,0,1540.0,91,24,16,"(33, 50)",0,0.0035056967572304996,97.0,50.1875,full_trust,91,ATTACK,147,"(29, 37)",False,2,False,1595
0,0.0,True,0.0,0.9,0.9,1559,0,1559.0,97,4,19,"(21, 17)",0,0.001763668430335097,83.89473684210526,35.1578947368421,full_trust,97,ATTACK,147,"(25, 40)",False,0,False,1600
14,0.0,True,0.0,0.7098562494184125,0.8812492078036724,1562,0,1562.0,84,2,18,"(24, 45)",0,0.008818342151675485,87.66666666666667,42.0,full_trust,84,ATTACK,143,"(16, 49)",False,1,False,1600
9,0.0,True,0.0,0.5559413593239368,0.7764808302910561,1545,0,1545.0,92,24,16,"(33, 50)",0,0.003527336860670194,97.0,50.1875,full_trust,92,ATTACK,148,"(29, 42)",False,2,False,1600
0,0.0,True,0.0,0.9,0.9,1564,0,1564.0,97,4,19,"(21, 17)",0,0.001763668430335097,83.89473684210526,35.1578947368421,full_trust,97,ATTACK,147,"(25, 35)",False,0,False,1605
14,0.0,True,0.0,0.7271119601017836,0.8885301673568827,1567,0,1567.0,84,2,18,"(24, 45)",0,0.008818342151675485,87.66666666666667,42.0,full_trust,84,ATTACK,143,"(21, 49)",False,1,False,1605
9,0.0,True,0.0,0.6118108841400186,0.8164594402885381,1550,0,1550.0,92,24,16,"(33, 50)",0,0.003527336860670194,97.0,50.1875,full_trust,92,ATTACK,148,"(31, 45)",False,2,False,1605
0,0.0,True,0.0,0.9,0.9,1569,0,1569.0,97,4,19,"(21, 17)",0,0.001763668430335097,83.89473684210526,35.1578947368421,full_trust,97,ATTACK,147,"(25, 30)",False,0,False,1610
10,0.0,True,0.0,0.766196243108425,0.9067638299696273,1572,0,1572.0,84,2,18,"(24, 45)",0,0.006172839506172839,87.66666666666667,42.0,full_trust,84,ATTACK,143,"(24, 47)",False,1,False,1610
9,0.0,True,0.0,0.6118108841400186,0.8164594402885381,1555,0,1555.0,92,24,16,"(33, 50)",0,0.001763668430335097,97.0,50.1875,full_trust,92,ATTACK,148,"(32, 49)",False,2,False,1610
0,0.0,True,0.0,0.9,0.9,1574,0,1574.0,97,4,19,"(21, 17)",0,0.001763668430335097,83.89473684210526,35.1578947368421,full_trust,97,ATTACK,147,"(25, 25)",False,0,False,1615
10,0.0,True,0.0,0.7938394986168235,0.9195871903549425,1576,0,1576.0,85,2,19,"(33, 8)",0,0.005291005291005291,84.89473684210526,41.578947368421055,full_trust,85,ATTACK,144,"(25, 44)",False,1,False,1615
9,0.0,True,0.0,0.6118108841400186,0.8164594402885381,1559,0,1559.0,93,24,16,"(33, 8)",0,0.001763668430335097,97.0,50.1875,full_trust,93,ATTACK,149,"(33, 48)",False,2,False,1615
0,0.0,True,0.0,0.9,0.9,1579,0,1579.0,97,4,19,"(21, 17)",0,0.00176522506619594,83.89473684210526,35.1578947368421,full_trust,97,ATTACK,147,"(25, 20)",False,0,False,1620
7,0.0,True,0.0,0.8241470806534957,0.9323784504199621,1581,0,1581.0,85,2,19,"(33, 8)",0,0.0026455026455026454,84.89473684210526,41.578947368421055,full_trust,85,ATTACK,144,"(28, 42)",False,1,False,1620
6,0.0,True,0.0,0.6118108841400186,0.8164594402885381,1564,0,1564.0,93,24,16,"(33, 8)",0,0.001763668430335097,97.0,50.1875,full_trust,93,ATTACK,149,"(30, 46)",False,2,False,1620
0,0.0,True,0.0,0.9,0.9,1584,0,1584.0,97,4,19,"(21, 17)",0,0.00176522506619594,83.89473684210526,35.1578947368421,full_trust,97,ATTACK,148,"(23, 17)",False,0,False,1625
5,0.0,True,0.0,0.8500755144674697,0.9425551174510138,1586,0,1586.0,85,2,19,"(33, 8)",0,0.001763668430335097,84.89473684210526,41.578947368421055,full_trust,85,ATTACK,146,"(28, 37)",False,1,False,1625
5,0.0,True,0.0,0.642606804766388,0.8331824173448573,1569,0,1569.0,94,24,16,"(33, 8)",0,0.001763668430335097,97.0,50.1875,full_trust,94,ATTACK,150,"(30, 41)",False,2,False,1625
0,0.0,True,0.0,0.9,0.9,1588,0,1588.0,98,4,19,"(15, 2)",0,0.00176522506619594,83.89473684210526,35.1578947368421,full_trust,98,ATTACK,149,"(19, 17)",False,0,False,1630
10,0.0,True,0.0,0.8722357169925402,0.9512246152330192,1591,0,1591.0,85,2,19,"(33, 8)",0,0.006172839506172839,84.89473684210526,41.578947368421055,full_trust,85,ATTACK,146,"(28, 32)",False,1,False,1630
10,0.0,True,0.0,0.6892073950732737,0.8578002687539633,1574,0,1574.0,94,24,16,"(33, 8)",0,0.006172839506172839,97.0,50.1875,full_trust,94,ATTACK,150,"(28, 38)",False,2,False,1630
0,0.0,True,0.0,0.9,0.9,1593,0,1593.0,98,4,19,"(15, 2)",0,0.0026455026455026454,83.89473684210526,35.1578947368421,full_trust,98,ATTACK,149,"(15, 16)",False,0,False,1635
10,0.0,True,0.0,0.8911718323287419,0.9587498295350003,1596,0,1596.0,86,2,19,"(33, 8)",0,0.006172839506172839,84.89473684210526,41.578947368421055,full_trust,86,ATTACK,147,"(27, 28)",False,1,False,1635
10,0.0,True,0.0,0.7304109108550003,0.8789977014261293,1579,0,1579.0,94,24,16,"(33, 8)",0,0.006172839506172839,97.0,50.1875,full_trust,94,ATTACK,150,"(27, 34)",False,2,False,1635
0,0.0,True,0.0,0.9,0.9,1598,0,1598.0,98,4,19,"(15, 2)",0,0.0026455026455026454,83.89473684210526,35.1578947368421,full_trust,98,ATTACK,149,"(15, 11)",False,0,False,1640
10,0.0,True,0.0,0.907412080484064,0.9654332894837684,1601,0,1601.0,86,2,19,"(33, 8)",0,0.006172839506172839,84.89473684210526,41.578947368421055,full_trust,86,ATTACK,147,"(27, 23)",False,1,False,1640
10,0.0,True,0.0,0.7665620418423984,0.8968454918310447,1584,0,1584.0,94,24,16,"(33, 8)",0,0.006172839506172839,97.0,50.1875,full_trust,94,ATTACK,150,"(27, 29)",False,2,False,1640
0,0.0,True,0.0,0.9,0.9,1603,0,1603.0,98,4,19,"(15, 2)",0,0.0026455026455026454,83.89473684210526,35.1578947368421,full_trust,98,ATTACK,149,"(15, 6)",False,0,False,1645
10,0.0,True,0.0,0.9213900920441391,0.9713111972050555,1606,0,1606.0,86,2,19,"(33, 8)",0,0.006172839506172839,84.89473684210526,41.578947368421055,full_trust,86,ATTACK,147,"(27, 18)",False,1,False,1645
10,0.0,True,0.0,0.7982962019435589,0.9122774680450995,1589,0,1589.0,94,24,16,"(33, 8)",0,0.006172839506172839,97.0,50.1875,full_trust,94,ATTACK,150,"(28, 25)",False,2,False,1645
0,0.0,True,0.0,0.9,0.9,1607,0,1607.0,99,4,20,"(33, 30)",0,0.05202821869488536,82.5,34.5,full_trust,99,ATTACK,151,"(15, 2)",False,0,False,1650
10,0.0,True,0.0,0.9287687407689278,0.9739137364955625,1611,0,1611.0,87,2,19,"(33, 8)",0,0.05731922398589065,84.89473684210526,41.578947368421055,full_trust,87,ATTACK,148,"(27, 13)",False,1,False,1650
10,0.0,True,0.0,0.8208309330353969,0.9240095881662826,1594,0,1594.0,94,24,16,"(33, 8)",0,0.05555555555555555,97.0,50.1875,full_trust,94,ATTACK,151,"(28, 20)",False,2,False,1650
0,0.0,True,0.0,0.9,0.9,1612,0,1612.0,99,4,20,"(33, 30)",0,0.04497354497354497,82.5,34.5,full_trust,99,ATTACK,151,"(15, 7)",False,0,False,1655
10,0.0,True,0.0,0.9287687407689278,0.9739137364955625,1616,0,1616.0,87,2,19,"(33, 8)",0,0.05202821869488536,84.89473684210526,41.578947368421055,full_trust,87,ATTACK,148,"(29, 10)",False,1,False,1655
10,0.0,True,0.0,0.8208309330353969,0.9240095881662826,1599,0,1599.0,94,24,16,"(33, 8)",0,0.05114638447971781,97.0,50.1875,full_trust,94,ATTACK,151,"(30, 17)",False,2,False,1655
0,0.0,True,0.0,0.9,0.9,1617,0,1617.0,99,4,20,"(33, 30)",0,0.04501323918799647,82.5,34.5,full_trust,99,ATTACK,151,"(17, 10)",False,0,False,1660
10,0.0,True,0.0,0.9287687407689278,0.9739137364955625,1621,0,1621.0,87,2,19,"(33, 8)",0,0.05207413945278023,84.89473684210526,41.578947368421055,full_trust,87,ATTACK,148,"(32, 8)",False,1,False,1660
10,0.0,True,0.0,0.8208309330353969,0.9240095881662826,1604,0,1604.0,94,24,16,"(33, 8)",0,0.05030891438658429,97.0,50.1875,full_trust,94,ATTACK,151,"(31, 13)",False,2,False,1660
0,0.0,True,0.0,0.9,0.9,1622,0,1622.0,99,4,20,"(33, 30)",0,0.04501323918799647,82.5,34.5,full_trust,99,ATTACK,151,"(17, 15)",False,0,False,1665
15,0.0,True,0.0,0.9287687407689278,0.9739137364955625,1624,0,1624.0,88,3,19,"(33, 50)",0,0.05207413945278023,84.89473684210526,41.578947368421055,full_trust,88,ATTACK,149,"(33, 10)",False,1,False,1665
15,0.0,True,0.0,0.8208309330353969,0.9240095881662826,1609,0,1609.0,94,24,16,"(33, 8)",0,0.04942630185348632,97.0,50.1875,full_trust,94,ATTACK,151,"(32, 11)",False,2,False,1665
0,0.0,True,0.0,0.9,0.9,1627,0,1627.0,99,4,20,"(33, 30)",0,0.04324801412180053,82.5,34.5,full_trust,99,ATTACK,151,"(20, 17)",False,0,False,1670
15,0.0,True,0.0,0.9287687407689278,0.9739137364955625,1629,0,1629.0,88,3,19,"(33, 50)",0,0.05030891438658429,84.89473684210526,41.578947368421055,full_trust,88,ATTACK,149,"(30, 12)",False,1,False,1670
15,0.0,True,0.0,0.8208309330353969,0.9240095881662826,1614,0,1614.0,96,24,16,"(33, 8)",0,0.04677846425419241,97.0,50.1875,full_trust,96,ATTACK,153,"(32, 8)",False,2,False,1670
0,0.0,True,0.0,0.9,0.9,1632,0,1632.0,100,4,20,"(33, 30)",0,0.04236540158870256,82.5,34.5,full_trust,100,ATTACK,152,"(25, 17)",False,0,False,1675
15,0.0,True,0.0,0.9333168960505832,0.9759512455215674,1634,0,1634.0,88,3,19,"(33, 50)",0,0.05030891438658429,84.89473684210526,41.578947368421055,full_trust,88,ATTACK,150,"(28, 15)",False,1,False,1675
15,0.0,True,0.0,0.8208309330353969,0.9240095881662826,1618,0,1618.0,97,24,17,"(33, 30)",0,0.04589585172109444,98.3529411764706,50.705882352941174,full_trust,97,ATTACK,155,"(33, 11)",False,2,False,1675
0,0.0,True,0.0,0.9,0.9,1637,0,1637.0,100,4,20,"(33, 30)",0,0.04148278905560459,82.5,34.5,full_trust,100,ATTACK,152,"(27, 20)",False,0,False,1680
15,0.0,True,0.0,0.9437774596585274,0.9814733630674412,1639,0,1639.0,88,3,19,"(33, 50)",0,0.04766107678729038,84.89473684210526,41.578947368421055,full_trust,88,ATTACK,150,"(28, 20)",False,1,False,1680
15,0.0,True,0.0,0.8312901139609428,0.9293932373416899,1623,0,1623.0,97,24,17,"(33, 30)",0,0.04589585172109444,98.3529411764706,50.705882352941174,full_trust,97,ATTACK,155,"(30, 13)",False,2,False,1680
0,0.0,True,0.0,0.9,0.9,1642,0,1642.0,100,4,20,"(33, 30)",0,0.0353045013239188,82.5,34.5,full_trust,100,ATTACK,152,"(27, 25)",False,0,False,1685
15,0.0,True,0.0,0.952907751908689,0.98562798477987,1644,0,1644.0,88,3,19,"(33, 50)",0,0.04060017652250662,84.89473684210526,41.578947368421055,full_trust,88,ATTACK,150,"(28, 25)",False,1,False,1685
15,0.0,True,0.0,0.8553043281613674,0.9420487180096176,1628,0,1628.0,97,24,17,"(33, 30)",0,0.04589585172109444,98.3529411764706,50.705882352941174,full_trust,97,ATTACK,155,"(29, 17)",False,2,False,1685
0,0.0,True,0.0,0.9,0.9,1647,0,1647.0,100,4,20,"(33, 30)",0,0.0353045013239188,82.5,34.5,full_trust,100,ATTACK,152,"(29, 28)",False,0,False,1690
14,0.0,True,0.0,0.960772609022915,0.9887836505630755,1649,0,1649.0,88,3,19,"(33, 50)",0,0.04060017652250662,84.89473684210526,41.578947368421055,full_trust,88,ATTACK,150,"(28, 28)",False,1,False,1690
14,0.0,True,0.0,0.876398296010141,0.9521354962122403,1633,0,1633.0,97,24,17,"(33, 30)",0,0.04589585172109444,98.3529411764706,50.705882352941174,full_trust,97,ATTACK,155,"(28, 21)",False,2,False,1690
0,0.0,True,0.0,0.9,0.9,1652,0,1652.0,100,4,20,"(33, 30)",0,0.0353045013239188,82.5,34.5,full_trust,100,ATTACK,152,"(32, 30)",False,0,False,1695
11,0.0,True,0.0,0.9674542599705459,0.9911659456990574,1654,0,1654.0,88,3,19,"(33, 50)",0,0.04060017652250662,84.89473684210526,41.578947368421055,full_trust,88,ATTACK,150,"(29, 32)",False,1,False,1695
11,0.0,True,0.0,0.8947887525956171,0.9609106611927105,1638,0,1638.0,97,24,17,"(33, 30)",0,0.04060017652250662,98.3529411764706,50.705882352941174,full_trust,97,ATTACK,155,"(27, 25)",False,2,False,1695
0,0.0,True,0.0,0.9,0.9,1656,0,1656.0,102,4,20,"(25, 2)",0,0.034482758620689655,82.5,34.5,full_trust,102,ATTACK,154,"(30, 30)",False,0,False,1700
15,0.0,True,0.0,0.9720418082299738,0.9926653547134326,1659,0,1659.0,88,3,19,"(33, 50)",0,0.040671971706454466,84.89473684210526,41.578947368421055,full_trust,88,ATTACK,151,"(29, 37)",False,1,False,1700
15,0.0,True,0.0,0.9107247892777471,0.9678180572685638,1643,0,1643.0,97,24,17,"(33, 30)",0,0.03978779840848806,98.3529411764706,50.705882352941174,full_trust,97,ATTACK,156,"(29, 28)",False,2,False,1700
0,0.0,True,0.0,0.9,0.9,1661,0,1661.0,102,4,20,"(25, 2)",0,0.03359858532272325,82.5,34.5,full_trust,102,ATTACK,154,"(27, 28)",False,0,False,1705
15,0.0,True,0.0,0.9760012309937309,0.9937150645203756,1664,0,1664.0,88,3,19,"(33, 50)",0,0.03978779840848806,84.89473684210526,41.578947368421055,full_trust,88,ATTACK,151,"(29, 42)",False,1,False,1705
15,0.0,True,0.0,0.9246126714615627,0.9747371576689313,1648,0,1648.0,97,24,17,"(33, 30)",0,0.03801945181255526,98.3529411764706,50.705882352941174,full_trust,97,ATTACK,156,"(32, 30)",False,2,False,1705
0,0.0,True,0.0,0.9,0.9,1666,0,1666.0,102,4,20,"(25, 2)",0,0.03094606542882405,82.5,34.5,full_trust,102,ATTACK,154,"(26, 24)",False,0,False,1710
15,0.0,True,0.0,0.9760012309937309,0.9937150645203756,1669,0,1669.0,89,3,19,"(33, 50)",0,0.03713527851458886,84.89473684210526,41.578947368421055,full_trust,89,ATTACK,152,"(30, 46)",False,1,False,1710
15,0.0,True,0.0,0.9366598685688972,0.9794225747430138,1652,0,1652.0,98,24,17,"(2, 41)",0,0.03536693191865606,98.3529411764706,50.705882352941174,full_trust,98,ATTACK,157,"(30, 30)",False,2,False,1710
0,0.0,True,0.0,0.9,0.9,1671,0,1671.0,102,4,20,"(25, 2)",0,0.030061892130857647,82.5,34.5,full_trust,102,ATTACK,154,"(26, 19)",False,0,False,1715
13,0.0,True,0.0,0.9760012309937309,0.9937150645203756,1674,0,1674.0,89,3,19,"(33, 50)",0,0.034482758620689655,84.89473684210526,41.578947368421055,full_trust,89,ATTACK,152,"(32, 49)",False,1,False,1715
13,0.0,True,0.0,0.9468445194312726,0.9827592253132615,1657,0,1657.0,98,24,17,"(2, 41)",0,0.032714412024756855,98.3529411764706,50.705882352941174,full_trust,98,ATTACK,157,"(28, 33)",False,2,False,1715
0,0.0,True,0.0,0.9,0.9,1676,0,1676.0,102,4,20,"(25, 2)",0,0.02654867256637168,82.5,34.5,full_trust,102,ATTACK,154,"(26, 14)",False,0,False,1720
11,0.0,True,0.0,0.9760012309937309,0.9937150645203756,1678,0,1678.0,90,3,20,"(25, 2)",0,0.030973451327433628,85.9,42.3,full_trust,90,ATTACK,153,"(31, 50)",False,1,False,1720
11,0.0,True,0.0,0.9521172706833718,0.9842975258065834,1662,0,1662.0,98,24,17,"(2, 41)",0,0.029177718832891247,98.3529411764706,50.705882352941174,full_trust,98,ATTACK,157,"(26, 36)",False,2,False,1720
0,0.0,True,0.0,0.9,0.9,1681,0,1681.0,102,4,20,"(25, 2)",0,0.02654867256637168,82.5,34.5,full_trust,102,ATTACK,155,"(26, 9)",False,0,False,1725
11,0.0,True,0.0,0.9760012309937309,0.9937150645203756,1683,0,1683.0,91,3,20,"(25, 2)",0,0.030973451327433628,85.9,42.3,full_trust,91,ATTACK,154,"(30, 46)",False,1,False,1725
11,0.0,True,0.0,0.9521172706833718,0.9842975258065834,1667,0,1667.0,98,24,17,"(2, 41)",0,0.029177718832891247,98.3529411764706,50.705882352941174,full_trust,98,ATTACK,158,"(25, 40)",False,2,False,1725
0,0.0,True,0.0,0.9,0.9,1686,0,1686.0,102,4,20,"(25, 2)",0,0.02460456942003515,82.5,34.5,full_trust,102,ATTACK,155,"(26, 4)",False,0,False,1730
11,0.0,True,0.0,0.9760012309937309,0.9937150645203756,1688,0,1688.0,91,3,20,"(25, 2)",0,0.02899824253075571,85.9,42.3,full_trust,91,ATTACK,154,"(28, 43)",False,1,False,1730
11,0.0,True,0.0,0.9521172706833718,0.9842975258065834,1672,0,1672.0,98,24,17,"(2, 41)",0,0.028094820017559263,98.3529411764706,50.705882352941174,full_trust,98,ATTACK,158,"(20, 40)",False,2,False,1730
0,0.0,True,0.0,0.9,0.9,1690,0,1690.0,103,4,21,"(2, 41)",0,0.024518388791593695,82.57142857142857,34.61904761904762,full_trust,103,ATTACK,156,"(25, 3)",False,0,False,1735
11,0.0,True,0.0,0.9768963215600933,0.9939030423209796,1693,0,1693.0,91,3,20,"(25, 2)",0,0.028021015761821366,85.9,42.3,full_trust,91,ATTACK,154,"(28, 38)",False,1,False,1735
10,0.0,True,0.0,0.9521172706833718,0.9842975258065834,1677,0,1677.0,98,24,17,"(2, 41)",0,0.02712160979877515,98.3529411764706,50.705882352941174,full_trust,98,ATTACK,158,"(15, 40)",False,2,False,1735
0,0.0,True,0.0,0.9,0.9,1695,0,1695.0,103,4,21,"(2, 41)",0,0.024518388791593695,82.57142857142857,34.61904761904762,full_trust,103,ATTACK,156,"(25, 8)",False,0,False,1740
16,0.0,True,0.0,0.9808651786273653,0.9947667712944638,1698,0,1698.0,91,3,20,"(25, 2)",0,0.028021015761821366,85.9,42.3,full_trust,91,ATTACK,154,"(28, 33)",False,1,False,1740
15,0.0,True,0.0,0.9521172706833718,0.9842975258065834,1682,0,1682.0,98,24,17,"(2, 41)",0,0.02712160979877515,98.3529411764706,50.705882352941174,full_trust,98,ATTACK,158,"(11, 41)",False,2,False,1740
0,0.0,True,0.0,0.9,0.9,1700,0,1700.0,103,4,21,"(2, 41)",0,0.024518388791593695,82.57142857142857,34.61904761904762,full_trust,103,ATTACK,156,"(25, 13)",False,0,False,1745
16,0.0,True,0.0,0.9841164935508832,0.9955159269202077,1703,0,1703.0,91,3,20,"(25, 2)",0,0.028021015761821366,85.9,42.3,full_trust,91,ATTACK,154,"(28, 28)",False,1,False,1745
15,0.0,True,0.0,0.9521172706833718,0.9842975258065834,1687,0,1687.0,98,24,17,"(2, 41)",0,0.02712160979877515,98.3529411764706,50.705882352941174,full_trust,98,ATTACK,158,"(6, 41)",False,2,False,1745
0,0.0,True,0.0,0.9,0.9,1705,0,1705.0,103,4,21,"(2, 41)",0,0.024518388791593695,82.57142857142857,34.61904761904762,full_trust,103,ATTACK,157,"(24, 17)",False,0,False,1750
16,0.0,True,0.0,0.986790446011342,0.9961785198118663,1708,0,1708.0,92,3,20,"(25, 2)",0,0.028021015761821366,85.9,42.3,full_trust,92,ATTACK,155,"(27, 24)",False,1,False,1750
15,0.6377359449805624,True,0.6377359449805624,0.9521172706833718,0.9842975258065834,1691,0,1691.0,99,24,18,"(21, 17)",15,0.02712160979877515,97.22222222222223,50.27777777777778,full_trust,99,ATTACK,160,"(2, 41)",True,2,True,1750
0,0.0,True,0.0,0.9,0.9,1710,0,1710.0,103,4,21,"(2, 41)",0,0.024518388791593695,82.57142857142857,34.61904761904762,full_trust,103,ATTACK,157,"(19, 17)",False,0,False,1755
16,0.0,True,0.0,0.9890048129972258,0.996828919262622,1713,0,1713.0,92,3,20,"(25, 2)",0,0.028021015761821366,85.9,42.3,full_trust,92,ATTACK,155,"(25, 21)",False,1,False,1755
15,0.6377359449805624,True,0.6377359449805624,0.9521172706833718,0.9842975258065834,1696,0,1696.0,99,24,18,"(21, 17)",15,0.02712160979877515,97.22222222222223,50.27777777777778,full_trust,99,ATTACK,160,"(7, 41)",True,2,True,1755
0,0.0,True,0.0,0.9,0.9,1715,0,1715.0,103,4,21,"(2, 41)",0,0.020122484689413824,82.57142857142857,34.61904761904762,full_trust,103,ATTACK,157,"(16, 19)",False,0,False,1760
16,0.0,True,0.0,0.9908551502962254,0.9973994857195586,1718,0,1718.0,92,3,20,"(25, 2)",0,0.023622047244094488,85.9,42.3,full_trust,92,ATTACK,155,"(25, 16)",False,1,False,1760
15,0.6377359449805624,True,0.6377359449805624,0.9521172706833718,0.9842975258065834,1701,0,1701.0,99,24,18,"(21, 17)",15,0.0236013986013986,97.22222222222223,50.27777777777778,full_trust,99,ATTACK,160,"(12, 41)",True,2,True,1760
0,0.0,True,0.0,0.9,0.9,1720,0,1720.0,104,4,21,"(2, 41)",0,0.014873140857392825,82.57142857142857,34.61904761904762,full_trust,104,ATTACK,158,"(12, 20)",False,0,False,1765
14,0.0,True,0.0,0.9923997044248003,0.997843902419801,1723,0,1723.0,92,3,20,"(25, 2)",0,0.01837270341207349,85.9,42.3,full_trust,92,ATTACK,155,"(25, 11)",False,1,False,1765
13,0.6377359449805624,True,0.6377359449805624,0.9521172706833718,0.9842975258065834,1706,0,1706.0,99,24,18,"(21, 17)",13,0.018356643356643356,97.22222222222223,50.27777777777778,full_trust,99,ATTACK,160,"(15, 39)",True,2,True,1765
0,0.0,True,0.0,0.9,0.9,1725,0,1725.0,104,4,21,"(2, 41)",0,0.014873140857392825,82.57142857142857,34.61904761904762,full_trust,104,ATTACK,158,"(10, 23)",False,0,False,1770
14,0.0,True,0.0,0.9936822322448198,0.9981942032118666,1728,0,1728.0,92,3,20,"(25, 2)",0,0.01837270341207349,85.9,42.3,full_trust,92,ATTACK,155,"(25, 6)",False,1,False,1770
13,0.6377359449805624,True,0.6377359449805624,0.9521172706833718,0.9842975258065834,1711,0,1711.0,99,24,18,"(21, 17)",13,0.019230769230769232,97.22222222222223,50.27777777777778,full_trust,99,ATTACK,160,"(20, 39)",True,2,True,1770
0,0.0,True,0.0,0.9,0.9,1730,0,1730.0,105,4,21,"(2, 41)",0,0.012248468941382326,82.57142857142857,34.61904761904762,full_trust,105,ATTACK,160,"(10, 28)",False,0,False,1775
11,0.0,True,0.0,0.9947492170798934,0.9985298758024719,1732,0,1732.0,93,3,20,"(33, 30)",0,0.015748031496062992,85.9,42.3,full_trust,93,ATTACK,157,"(25, 2)",False,1,False,1775
10,0.0,True,0.0,0.9521172706833718,0.9842975258065834,1716,0,1716.0,100,24,18,"(21, 17)",0,0.016608391608391608,97.22222222222223,50.27777777777778,full_trust,100,ATTACK,161,"(24, 38)",False,2,False,1775
0,0.0,True,0.0,0.9,0.9,1735,0,1735.0,105,4,21,"(2, 41)",0,0.011443661971830986,82.57142857142857,34.61904761904762,full_trust,105,ATTACK,160,"(7, 30)",False,0,False,1780
15,0.0,True,0.0,0.9947492170798934,0.9985298758024719,1737,0,1737.0,93,3,20,"(33, 30)",0,0.017605633802816902,85.9,42.3,full_trust,93,ATTACK,157,"(25, 7)",False,1,False,1780
14,0.0,True,0.0,0.9521172706833718,0.9842975258065834,1721,0,1721.0,100,24,18,"(21, 17)",0,0.018485915492957746,97.22222222222223,50.27777777777778,full_trust,100,ATTACK,161,"(26, 35)",False,2,False,1780
0,0.0,True,0.0,0.9,0.9,1740,0,1740.0,105,4,21,"(2, 41)",0,0.010507880910683012,82.57142857142857,34.61904761904762,full_trust,105,ATTACK,160,"(4, 32)",False,0,False,1785
15,0.0,True,0.0,0.9952983759339008,0.9986316420240026,1742,0,1742.0,93,3,20,"(33, 30)",0,0.017513134851138354,85.9,42.3,full_trust,93,ATTACK,157,"(26, 11)",False,1,False,1785
14,0.0,True,0.0,0.9553102437701775,0.9850391262416377,1726,0,1726.0,100,24,18,"(21, 17)",0,0.017513134851138354,97.22222222222223,50.27777777777778,full_trust,100,ATTACK,161,"(26, 30)",False,2,False,1785
0,0.0,True,0.0,0.9,0.9,1745,0,1745.0,105,4,21,"(2, 41)",0,0.009632224168126095,82.57142857142857,34.61904761904762,full_trust,105,ATTACK,160,"(3, 36)",False,0,False,1790
15,0.0,True,0.0,0.9960738167934283,0.9987810868910697,1747,0,1747.0,93,3,20,"(33, 30)",0,0.016637478108581436,85.9,42.3,full_trust,93,ATTACK,157,"(26, 16)",False,1,False,1790
14,0.0,True,0.0,0.9622911607135656,0.9868848027306912,1731,0,1731.0,100,24,18,"(21, 17)",0,0.016637478108581436,97.22222222222223,50.27777777777778,full_trust,100,ATTACK,161,"(26, 25)",False,2,False,1790
0,0.0,True,0.0,0.9,0.9,1750,0,1750.0,105,4,21,"(2, 41)",0,0.009632224168126095,82.57142857142857,34.61904761904762,full_trust,105,ATTACK,160,"(3, 41)",False,0,False,1795
15,0.0,True,0.0,0.9962105272294791,0.9988080255144434,1751,0,1751.0,93,4,20,"(33, 30)",0,0.016637478108581436,85.9,42.3,full_trust,93,ATTACK,157,"(26, 20)",False,1,False,1795
14,0.0,True,0.0,0.9681248273439773,0.9887994537735154,1736,0,1736.0,100,24,18,"(21, 17)",0,0.016637478108581436,97.22222222222223,50.27777777777778,full_trust,100,ATTACK,161,"(27, 21)",False,2,False,1795
0,0.0,True,0.0,0.9,0.9,1754,0,1754.0,106,4,21,"(25, 2)",0,0.03064798598949212,82.57142857142857,34.61904761904762,full_trust,106,ATTACK,162,"(4, 40)",False,0,False,1800
15,0.0,True,0.0,0.9962105272294791,0.9988080255144434,1756,0,1756.0,93,4,20,"(33, 30)",0,0.03590192644483362,85.9,42.3,full_trust,93,ATTACK,158,"(26, 25)",False,1,False,1800
14,0.0,True,0.0,0.9701983114022982,0.9895581242891228,1741,0,1741.0,102,24,18,"(21, 17)",0,0.03677758318739054,97.22222222222223,50.27777777777778,full_trust,102,ATTACK,164,"(25, 20)",False,2,False,1800
0,0.0,True,0.0,0.9,0.9,1759,0,1759.0,107,4,21,"(25, 2)",0,0.0297723292469352,82.57142857142857,34.61904761904762,full_trust,107,ATTACK,163,"(5, 36)",False,0,False,1805
15,0.0,True,0.0,0.9962105272294791,0.9988080255144434,1761,0,1761.0,93,4,20,"(33, 30)",0,0.03502626970227671,85.9,42.3,full_trust,93,ATTACK,158,"(28, 28)",False,1,False,1805
12,0.0,True,0.0,0.9701983114022982,0.9895581242891228,1746,0,1746.0,102,24,18,"(21, 17)",0,0.03415061295971979,97.22222222222223,50.27777777777778,full_trust,102,ATTACK,164,"(23, 17)",False,2,False,1805
0,0.0,True,0.0,0.9,0.9,1764,0,1764.0,108,4,21,"(25, 2)",0,0.028021015761821366,82.57142857142857,34.61904761904762,full_trust,108,ATTACK,164,"(5, 31)",False,0,False,1810
15,0.0,True,0.0,0.9962105272294791,0.9988080255144434,1766,0,1766.0,93,4,20,"(33, 30)",0,0.03327495621716287,85.9,42.3,full_trust,93,ATTACK,158,"(31, 30)",False,1,False,1810
11,0.0,True,0.0,0.9701983114022982,0.9895581242891228,1750,0,1750.0,103,24,18,"(2, 50)",0,0.03152364273204904,97.22222222222223,50.27777777777778,full_trust,103,ATTACK,165,"(23, 17)",False,2,False,1810
0,0.0,True,0.0,0.9,0.9,1769,0,1769.0,109,4,21,"(25, 2)",0,0.026246719160104987,82.57142857142857,34.61904761904762,full_trust,109,ATTACK,165,"(7, 28)",False,0,False,1815
19,0.0,True,0.0,0.9962105272294791,0.9988080255144434,1770,0,1770.0,94,4,21,"(2, 41)",0,0.03587051618547681,86.33333333333333,42.095238095238095,full_trust,94,ATTACK,159,"(31, 30)",False,1,False,1815
15,0.0,True,0.0,0.9701983114022982,0.9895581242891228,1755,0,1755.0,103,24,18,"(2, 50)",0,0.02974628171478565,97.22222222222223,50.27777777777778,full_trust,103,ATTACK,165,"(25, 20)",False,2,False,1815
0,0.0,True,0.0,0.9,0.9,1774,0,1774.0,109,4,21,"(25, 2)",0,0.02640845070422535,82.57142857142857,34.61904761904762,full_trust,109,ATTACK,165,"(11, 27)",False,0,False,1820
19,0.0,True,0.0,0.9962105272294791,0.9988080255144434,1775,0,1775.0,94,4,21,"(2, 41)",0,0.03609154929577465,86.33333333333333,42.095238095238095,full_trust,94,ATTACK,159,"(29, 33)",False,1,False,1820
15,0.0,True,0.0,0.9701983114022982,0.9895581242891228,1760,0,1760.0,103,24,18,"(2, 50)",0,0.029049295774647887,97.22222222222223,50.27777777777778,full_trust,103,ATTACK,165,"(25, 25)",False,2,False,1820
0,0.0,True,0.0,0.9,0.9,1779,0,1779.0,110,4,21,"(25, 2)",0,0.02198768689533861,82.57142857142857,34.61904761904762,full_trust,110,ATTACK,166,"(13, 24)",False,0,False,1825
14,0.0,True,0.0,0.7742697872204988,0.7742697872204988,1780,0,1780.0,95,4,21,"(2, 41)",0,0.029023746701846966,86.33333333333333,42.095238095238095,full_trust,95,ATTACK,160,"(26, 35)",False,1,False,1825
8,0.6148860525846374,False,0.6148860525846374,0.4440202430423989,0.4440202430423989,1765,0,1765.0,103,24,18,"(2, 50)",8,0.022867194371152155,97.22222222222223,50.27777777777778,full_trust,103,ATTACK,166,"(24, 29)",True,2,True,1825
0,0.0,True,0.0,0.9,0.9,1784,0,1784.0,110,4,21,"(25, 2)",0,0.018469656992084433,82.57142857142857,34.61904761904762,full_trust,110,ATTACK,166,"(15, 21)",False,0,False,1830
10,0.0,False,0.0,0.36462474728053645,0.36462474728053645,1785,0,1785.0,96,4,21,"(2, 41)",0,0.023746701846965697,86.33333333333333,42.095238095238095,full_trust,96,ATTACK,161,"(21, 35)",False,1,False,1830
7,0.0,False,0.0,0.3383657178902923,0.3383657178902923,1770,0,1770.0,103,24,18,"(2, 50)",0,0.021108179419525065,97.22222222222223,50.27777777777778,full_trust,103,ATTACK,166,"(24, 34)",False,2,False,1830
0,0.0,True,0.0,0.9,0.9,1789,0,1789.0,110,4,21,"(25, 2)",0,0.018469656992084433,82.57142857142857,34.61904761904762,full_trust,110,ATTACK,166,"(17, 18)",False,0,False,1835
5,0.0,False,0.0,0.36462474728053645,0.36462474728053645,1790,0,1790.0,96,4,21,"(2, 41)",0,0.019349164467897976,86.33333333333333,42.095238095238095,full_trust,96,ATTACK,161,"(19, 38)",False,1,False,1835
6,0.0,False,0.0,0.3383657178902923,0.3383657178902923,1775,0,1775.0,103,24,18,"(2, 50)",0,0.019349164467897976,97.22222222222223,50.27777777777778,full_trust,103,ATTACK,166,"(24, 39)",False,2,False,1835
0,0.0,True,0.0,0.9,0.9,1794,0,1794.0,110,4,21,"(25, 2)",0,0.018485915492957746,82.57142857142857,34.61904761904762,full_trust,110,ATTACK,166,"(21, 17)",False,0,False,1840
3,0.0,False,0.0,0.36462474728053645,0.36462474728053645,1795,0,1795.0,96,4,21,"(2, 41)",0,0.018485915492957746,86.33333333333333,42.095238095238095,full_trust,96,ATTACK,161,"(14, 38)",False,1,False,1840
6,0.0,False,0.0,0.3383657178902923,0.3383657178902923,1780,0,1780.0,103,24,18,"(2, 50)",0,0.01936619718309859,97.22222222222223,50.27777777777778,full_trust,103,ATTACK,166,"(20, 40)",False,2,False,1840
0,0.0,True,0.0,0.9,0.9,1799,0,1799.0,110,4,21,"(25, 2)",0,0.018485915492957746,82.57142857142857,34.61904761904762,full_trust,110,ATTACK,166,"(25, 16)",False,0,False,1845
3,0.0,False,0.0,0.36462474728053645,0.36462474728053645,1800,0,1800.0,96,4,21,"(2, 41)",0,0.018485915492957746,86.33333333333333,42.095238095238095,full_trust,96,ATTACK,161,"(12, 41)",False,1,False,1845
6,0.0,False,0.0,0.3383657178902923,0.3383657178902923,1785,0,1785.0,103,24,18,"(2, 50)",0,0.01936619718309859,97.22222222222223,50.27777777777778,full_trust,103,ATTACK,166,"(15, 40)",False,2,False,1845
0,0.0,True,0.0,0.9,0.9,1804,0,1804.0,110,4,21,"(25, 2)",0,0.018485915492957746,82.57142857142857,34.61904761904762,full_trust,110,ATTACK,167,"(25, 11)",False,0,False,1850
3,0.0,False,0.0,0.378453593404598,0.46150681585195547,1805,0,1805.0,96,4,21,"(2, 41)",0,0.018485915492957746,86.33333333333333,42.095238095238095,full_trust,96,ATTACK,162,"(7, 41)",False,1,False,1850
6,0.0,False,0.0,0.3393697276974732,0.35844591403391074,1790,0,1790.0,103,24,18,"(2, 50)",0,0.01936619718309859,97.22222222222223,50.27777777777778,full_trust,103,ATTACK,167,"(11, 41)",False,2,False,1850
0,0.0,True,0.0,0.9,0.9,1809,0,1809.0,110,4,21,"(25, 2)",0,0.01584507042253521,82.57142857142857,34.61904761904762,full_trust,110,ATTACK,167,"(25, 6)",False,0,False,1855
7,0.0,True,0.0,0.40677596328520016,0.5260005784444256,1810,0,1810.0,96,4,21,"(2, 41)",0,0.02112676056338028,86.33333333333333,42.095238095238095,full_trust,96,ATTACK,162,"(2, 41)",False,1,False,1855
11,0.0,False,0.0,0.35775812147226393,0.45656353967665786,1795,0,1795.0,103,24,18,"(2, 50)",0,0.022007042253521125,97.22222222222223,50.27777777777778,full_trust,103,ATTACK,167,"(6, 41)",False,2,False,1855
0,0.0,True,0.0,0.9,0.9,1813,0,1813.0,111,4,22,"(13, 50)",0,0.015138023152270703,84.54545454545455,35.90909090909091,full_trust,111,ATTACK,168,"(25, 2)",False,0,False,1860
7,0.0,True,0.0,0.41374175302457517,0.5460917580727005,1814,0,1814.0,97,4,21,"(25, 2)",0,0.0213713268032057,86.33333333333333,42.095238095238095,full_trust,97,ATTACK,163,"(6, 41)",False,1,False,1860
10,0.0,False,0.0,0.3691961180432108,0.47528010881256244,1800,0,1800.0,103,24,18,"(2, 50)",0,0.0213713268032057,97.22222222222223,50.27777777777778,full_trust,103,ATTACK,167,"(4, 44)",False,2,False,1860
0,0.0,True,0.0,0.9,0.9,1818,0,1818.0,111,4,22,"(13, 50)",0,0.015138023152270703,84.54545454545455,35.90909090909091,full_trust,111,ATTACK,168,"(25, 7)",False,0,False,1865
7,0.0,True,0.0,0.4289549003867453,0.5785134606814936,1819,0,1819.0,97,4,21,"(25, 2)",0,0.020480854853072127,86.33333333333333,42.095238095238095,full_trust,97,ATTACK,163,"(8, 38)",False,1,False,1865
10,0.0,False,0.0,0.3691961180432108,0.47528010881256244,1805,0,1805.0,103,24,18,"(2, 50)",0,0.0213713268032057,97.22222222222223,50.27777777777778,full_trust,103,ATTACK,167,"(3, 48)",False,2,False,1865
0,0.0,True,0.0,0.9,0.9,1823,0,1823.0,111,4,22,"(13, 50)",0,0.015138023152270703,84.54545454545455,35.90909090909091,full_trust,111,ATTACK,168,"(25, 12)",False,0,False,1870
6,0.0,True,0.0,0.4586141024124564,0.5842326343388372,1824,0,1824.0,97,4,21,"(25, 2)",0,0.016028495102404273,86.33333333333333,42.095238095238095,full_trust,97,ATTACK,163,"(11, 36)",False,1,False,1870
10,0.0,False,0.0,0.3691961180432108,0.47528010881256244,1809,0,1809.0,104,24,19,"(2, 41)",0,0.020480854853072127,98.36842105263158,50.8421052631579,full_trust,104,ATTACK,168,"(3, 50)",False,2,False,1870
0,0.0,True,0.0,0.9,0.9,1828,0,1828.0,111,4,22,"(13, 50)",0,0.016918967052537846,84.54545454545455,35.90909090909091,full_trust,111,ATTACK,169,"(24, 16)",False,0,False,1875
6,0.0,True,0.0,0.48716703828471863,0.6267632700778529,1829,0,1829.0,98,4,21,"(25, 2)",0,0.016028495102404273,86.33333333333333,42.095238095238095,full_trust,98,ATTACK,164,"(15, 35)",False,1,False,1875
10,0.0,False,0.0,0.3691961180432108,0.47528010881256244,1814,0,1814.0,104,24,19,"(2, 41)",0,0.020480854853072127,98.36842105263158,50.8421052631579,full_trust,104,ATTACK,169,"(3, 45)",False,2,False,1875
0,0.0,True,0.0,0.9,0.9,1833,0,1833.0,111,4,22,"(13, 50)",0,0.016057091882247992,84.54545454545455,35.90909090909091,full_trust,111,ATTACK,169,"(20, 17)",False,0,False,1880
5,0.0,True,0.0,0.494660619503039,0.6370386626511261,1834,0,1834.0,98,4,21,"(25, 2)",0,0.015151515151515152,86.33333333333333,42.095238095238095,full_trust,98,ATTACK,164,"(18, 33)",False,1,False,1880
10,0.0,False,0.0,0.37514080618338774,0.48808988084675,1819,0,1819.0,104,24,19,"(2, 41)",0,0.017825311942959002,98.36842105263158,50.8421052631579,full_trust,104,ATTACK,169,"(2, 41)",False,2,False,1880
0,0.0,True,0.0,0.9,0.9,1838,0,1838.0,111,4,22,"(13, 50)",0,0.016028495102404273,84.54545454545455,35.90909090909091,full_trust,111,ATTACK,169,"(18, 20)",False,0,False,1885
4,0.0,True,0.0,0.5099883891409766,0.6563931920571492,1839,0,1839.0,98,4,21,"(25, 2)",0,0.014247551202137132,86.33333333333333,42.095238095238095,full_trust,98,ATTACK,164,"(22, 32)",False,1,False,1885
10,0.0,True,0.0,0.3887649907835704,0.5217244206087189,1823,0,1823.0,105,24,19,"(24, 45)",0,0.016918967052537846,98.36842105263158,50.8421052631579,full_trust,105,ATTACK,170,"(6, 41)",False,2,False,1885
0,0.0,True,0.0,0.9,0.9,1843,0,1843.0,111,4,22,"(13, 50)",0,0.016028495102404273,84.54545454545455,35.90909090909091,full_trust,111,ATTACK,169,"(15, 22)",False,0,False,1890
18,16.276460749264892,True,16.276460749264892,0.5258705688049814,0.6782631488104537,1844,0,1844.0,99,4,21,"(25, 2)",18,0.026714158504007122,86.33333333333333,42.095238095238095,full_trust,99,ATTACK,165,"(23, 28)",True,1,True,1890
24,0.0,True,0.0,0.3887649907835704,0.5217244206087189,1828,0,1828.0,105,24,19,"(24, 45)",0,0.029385574354407838,98.36842105263158,50.8421052631579,full_trust,105,ATTACK,170,"(11, 41)",False,2,False,1890
0,0.0,True,0.0,0.9,0.9,1848,0,1848.0,111,4,22,"(13, 50)",0,0.016028495102404273,84.54545454545455,35.90909090909091,full_trust,111,ATTACK,169,"(13, 25)",False,0,False,1895
18,16.276460749264892,True,16.276460749264892,0.5670287157995845,0.7249962785909103,1849,0,1849.0,99,4,21,"(25, 2)",18,0.026714158504007122,86.33333333333333,42.095238095238095,full_trust,99,ATTACK,165,"(25, 25)",True,1,True,1895
23,0.0,True,0.0,0.3887649907835704,0.5217244206087189,1833,0,1833.0,105,24,19,"(24, 45)",0,0.029385574354407838,98.36842105263158,50.8421052631579,full_trust,105,ATTACK,170,"(15, 40)",False,2,False,1895
0,0.0,True,0.0,0.9,0.9,1853,0,1853.0,112,4,22,"(13, 50)",0,0.017179023508137433,84.54545454545455,35.90909090909091,full_trust,112,ATTACK,170,"(12, 29)",False,0,False,1900
18,12.20922947855287,True,12.20922947855287,0.6082512999057053,0.7642178629926607,1854,0,1854.0,100,4,21,"(25, 2)",18,0.027124773960216998,86.33333333333333,42.095238095238095,full_trust,100,ATTACK,166,"(26, 21)",True,1,True,1900
23,0.0,True,0.0,0.3887649907835704,0.5217244206087189,1838,0,1838.0,105,24,19,"(24, 45)",0,0.029837251356238697,98.36842105263158,50.8421052631579,full_trust,105,ATTACK,171,"(20, 40)",False,2,False,1900
0,0.0,True,0.0,0.9,0.9,1858,0,1858.0,112,4,22,"(13, 50)",0,0.017179023508137433,84.54545454545455,35.90909090909091,full_trust,112,ATTACK,170,"(12, 34)",False,0,False,1905
18,12.20922947855287,True,12.20922947855287,0.6488260612872545,0.7999924292075017,1859,0,1859.0,100,4,21,"(25, 2)",18,0.027124773960216998,86.33333333333333,42.095238095238095,full_trust,100,ATTACK,166,"(28, 18)",True,1,True,1905
23,0.0,True,0.0,0.3887649907835704,0.5217244206087189,1843,0,1843.0,105,24,19,"(24, 45)",0,0.029837251356238697,98.36842105263158,50.8421052631579,full_trust,105,ATTACK,171,"(25, 40)",False,2,False,1905
0,0.0,True,0.0,0.9,0.9,1863,0,1863.0,112,4,22,"(13, 50)",0,0.0162748643761302,84.54545454545455,35.90909090909091,full_trust,112,ATTACK,170,"(12, 39)",False,0,False,1910
18,12.20922947855287,True,12.20922947855287,0.6869321962147318,0.8276986464689624,1864,0,1864.0,100,4,21,"(25, 2)",18,0.024412296564195298,86.33333333333333,42.095238095238095,full_trust,100,ATTACK,166,"(28, 13)",True,1,True,1910
23,0.0,True,0.0,0.3887649907835704,0.5217244206087189,1848,0,1848.0,105,24,19,"(24, 45)",0,0.028933092224231464,98.36842105263158,50.8421052631579,full_trust,105,ATTACK,171,"(25, 45)",False,2,False,1910
0,0.0,True,0.0,0.9,0.9,1868,0,1868.0,112,4,22,"(13, 50)",0,0.016260162601626018,84.54545454545455,35.90909090909091,full_trust,112,ATTACK,170,"(12, 44)",False,0,False,1915
9,6.061020776972175,True,6.061020776972175,0.598301553016338,0.598301553016338,1869,0,1869.0,100,4,21,"(25, 2)",9,0.016260162601626018,86.33333333333333,42.095238095238095,full_trust,100,ATTACK,166,"(28, 8)",True,1,True,1915
23,0.0,True,0.0,0.3887649907835704,0.5217244206087189,1852,0,1852.0,106,24,20,"(15, 2)",0,0.028906955736224028,95.6,49.85,full_trust,106,ATTACK,172,"(25, 43)",False,2,False,1915
0,0.0,True,0.0,0.9,0.9,1873,0,1873.0,112,4,22,"(13, 50)",0,0.007386888273314866,84.54545454545455,35.90909090909091,full_trust,112,ATTACK,170,"(12, 49)",False,0,False,1920
4,0.0,False,0.0,0.47255899091262815,0.4974082362430691,1874,0,1874.0,103,4,21,"(25, 2)",0,0.003693444136657433,86.33333333333333,42.095238095238095,full_trust,103,ATTACK,169,"(25, 6)",False,1,False,1920
23,0.0,True,0.0,0.3887649907835704,0.5217244206087189,1857,0,1857.0,106,24,20,"(15, 2)",0,0.022935779816513763,95.6,49.85,full_trust,106,ATTACK,172,"(25, 38)",False,2,False,1920
0,0.0,True,0.0,0.9,0.9,1877,0,1877.0,113,4,22,"(33, 50)",0,0.0072992700729927005,84.54545454545455,35.90909090909091,full_trust,113,ATTACK,172,"(15, 50)",False,0,False,1925
4,0.0,True,0.0,0.4893723792773238,0.5818647170573572,1878,0,1878.0,104,4,22,"(2, 20)",0,0.0036496350364963502,87.5,43.31818181818182,full_trust,104,ATTACK,171,"(25, 2)",False,1,False,1925
23,0.0,True,0.0,0.3887649907835704,0.5217244206087189,1862,0,1862.0,106,24,20,"(15, 2)",0,0.022665457842248413,95.6,49.85,full_trust,106,ATTACK,173,"(25, 33)",False,2,False,1925
0,0.0,True,0.0,0.9,0.9,1882,0,1882.0,113,4,22,"(33, 50)",0,0.007220216606498195,84.54545454545455,35.90909090909091,full_trust,113,ATTACK,172,"(19, 49)",False,0,False,1930
10,0.0,True,0.0,0.4893723792773238,0.5818647170573572,1883,0,1883.0,104,4,22,"(2, 20)",0,0.009025270758122744,87.5,43.31818181818182,full_trust,104,ATTACK,171,"(25, 7)",False,1,False,1930
29,6.0,True,6.0,0.3960144201588352,0.5337535782888662,1867,0,1867.0,107,24,20,"(15, 2)",29,0.02062780269058296,95.6,49.85,full_trust,107,ATTACK,174,"(25, 28)",True,2,True,1930
0,0.0,True,0.0,0.9,0.9,1887,0,1887.0,116,4,22,"(33, 50)",0,0.00718132854578097,84.54545454545455,35.90909090909091,full_trust,116,ATTACK,175,"(23, 50)",False,0,False,1935
10,0.0,True,0.0,0.5063619590230886,0.6197602373174288,1888,0,1888.0,104,4,22,"(2, 20)",0,0.008976660682226212,87.5,43.31818181818182,full_trust,104,ATTACK,171,"(25, 12)",False,1,False,1935
29,6.0,True,6.0,0.42725989869922293,0.5806621744268586,1872,0,1872.0,107,24,20,"(15, 2)",29,0.03038427167113494,95.6,49.85,full_trust,107,ATTACK,174,"(25, 23)",True,2,True,1935
0,0.0,True,0.0,0.9,0.9,1892,0,1892.0,116,4,22,"(33, 50)",0,0.006289308176100629,84.54545454545455,35.90909090909091,full_trust,116,ATTACK,175,"(25, 47)",False,0,False,1940
10,0.0,True,0.0,0.5197483114824906,0.6508279160144309,1893,0,1893.0,104,4,22,"(2, 20)",0,0.008086253369272238,87.5,43.31818181818182,full_trust,104,ATTACK,171,"(24, 16)",False,1,False,1940
28,6.0,True,6.0,0.46998507439279075,0.6385847896237584,1877,0,1877.0,107,24,20,"(15, 2)",28,0.025157232704402517,95.6,49.85,full_trust,107,ATTACK,174,"(25, 18)",True,2,True,1940
0,0.0,True,0.0,0.9,0.9,1897,0,1897.0,116,4,22,"(33, 50)",0,0.005390835579514825,84.54545454545455,35.90909090909091,full_trust,116,ATTACK,175,"(29, 46)",False,0,False,1945
10,0.0,True,0.0,0.5500112875195667,0.6997159153079342,1898,0,1898.0,104,4,22,"(2, 20)",0,0.008984725965858042,87.5,43.31818181818182,full_trust,104,ATTACK,171,"(20, 17)",False,1,False,1945
28,6.0,True,6.0,0.4974197954314814,0.6755373125954788,1880,0,1880.0,108,26,20,"(15, 2)",28,0.02425876010781671,95.6,49.85,full_trust,108,ATTACK,175,"(24, 16)",True,2,True,1945
0,0.0,True,0.0,0.9,0.9,1902,0,1902.0,116,4,22,"(33, 50)",0,0.049151027703306524,84.54545454545455,35.90909090909091,full_trust,116,ATTACK,176,"(30, 50)",False,0,False,1950
10,0.0,True,0.0,0.5817901185133951,0.7317272474699803,1903,0,1903.0,104,4,22,"(2, 20)",0,0.05540661304736372,87.5,43.31818181818182,full_trust,104,ATTACK,172,"(15, 17)",False,1,False,1950
28,6.0,True,6.0,0.5355847242544922,0.7145051271253774,1885,0,1885.0,109,26,20,"(15, 2)",28,0.06970509383378017,95.6,49.85,full_trust,109,ATTACK,176,"(25, 12)",True,2,True,1950
0,0.0,True,0.0,0.9,0.9,1906,0,1906.0,117,4,23,"(2, 50)",0,0.045576407506702415,84.95652173913044,35.69565217391305,full_trust,117,ATTACK,177,"(32, 50)",False,0,False,1955
10,0.0,True,0.0,0.5817901185133951,0.7317272474699803,1908,0,1908.0,105,4,22,"(2, 20)",0,0.05451295799821269,87.5,43.31818181818182,full_trust,105,ATTACK,173,"(13, 20)",False,1,False,1955
19,6.0,True,6.0,0.5355847242544922,0.7145051271253774,1890,0,1890.0,109,26,20,"(15, 2)",19,0.0580875781948168,95.6,49.85,full_trust,109,ATTACK,176,"(23, 9)",True,2,True,1955
0,0.0,True,0.0,0.9,0.9,1911,0,1911.0,117,4,23,"(2, 50)",0,0.04367606915377616,84.95652173913044,35.69565217391305,full_trust,117,ATTACK,177,"(28, 49)",False,0,False,1960
10,0.0,True,0.0,0.5817901185133951,0.7317272474699803,1913,0,1913.0,106,4,22,"(2, 20)",0,0.05393053016453382,87.5,43.31818181818182,full_trust,106,ATTACK,174,"(10, 22)",False,1,False,1960
14,6.0,True,6.0,0.5355847242544922,0.7145051271253774,1895,0,1895.0,109,26,20,"(15, 2)",14,0.05301645338208409,95.6,49.85,full_trust,109,ATTACK,176,"(18, 9)",True,2,True,1960
0,0.0,True,0.0,0.9,0.9,1916,0,1916.0,117,4,23,"(2, 50)",0,0.0423042304230423,84.95652173913044,35.69565217391305,full_trust,117,ATTACK,177,"(23, 49)",False,0,False,1965
24,0.0,True,0.0,0.5817901185133951,0.7317272474699803,1918,0,1918.0,107,4,22,"(2, 20)",0,0.048604860486048604,87.5,43.31818181818182,full_trust,107,ATTACK,175,"(9, 26)",False,1,False,1965
27,0.0,True,0.0,0.5355847242544922,0.7145051271253774,1900,0,1900.0,109,26,20,"(15, 2)",0,0.0612061206120612,95.6,49.85,full_trust,109,ATTACK,176,"(14, 8)",False,2,False,1965
0,0.0,True,0.0,0.9,0.9,1921,0,1921.0,117,4,23,"(2, 50)",0,0.04192685102586976,84.95652173913044,35.69565217391305,full_trust,117,ATTACK,177,"(18, 49)",False,0,False,1970
10,0.0,True,0.0,0.5257264184041183,0.5257264184041183,1923,0,1923.0,108,4,22,"(2, 20)",0,0.045495093666369314,87.5,43.31818181818182,full_trust,108,ATTACK,176,"(7, 23)",False,1,False,1970
27,0.0,True,0.0,0.5355847242544922,0.7145051271253774,1905,0,1905.0,109,26,20,"(15, 2)",0,0.056199821587867974,95.6,49.85,full_trust,109,ATTACK,176,"(14, 3)",False,2,False,1970
0,0.0,True,0.0,0.9,0.9,1926,0,1926.0,117,4,23,"(2, 50)",0,0.04148278905560459,84.95652173913044,35.69565217391305,full_trust,117,ATTACK,178,"(14, 48)",False,0,False,1975
10,0.0,True,0.0,0.5257264184041183,0.5257264184041183,1928,0,1928.0,108,4,22,"(2, 20)",0,0.04677846425419241,87.5,43.31818181818182,full_trust,108,ATTACK,177,"(3, 22)",False,1,False,1975
27,0.0,True,0.0,0.5355847242544922,0.7145051271253774,1909,0,1909.0,111,26,20,"(24, 45)",0,0.05825242718446602,95.6,49.85,full_trust,111,ATTACK,178,"(15, 4)",False,2,False,1975
0,0.0,True,0.0,0.9,0.9,1931,0,1931.0,117,4,23,"(2, 50)",0,0.04060017652250662,84.95652173913044,35.69565217391305,full_trust,117,ATTACK,178,"(11, 46)",False,0,False,1980
10,0.0,True,0.0,0.5257264184041183,0.5257264184041183,1932,0,1932.0,109,4,22,"(2, 41)",0,0.0441306266548985,87.5,43.31818181818182,full_trust,109,ATTACK,178,"(2, 21)",False,1,False,1980
27,0.0,True,0.0,0.5355847242544922,0.7145051271253774,1914,0,1914.0,111,26,20,"(24, 45)",0,0.05825242718446602,95.6,49.85,full_trust,111,ATTACK,178,"(16, 8)",False,2,False,1980
0,0.0,True,0.0,0.9,0.9,1936,0,1936.0,117,4,23,"(2, 50)",0,0.040457343887423045,84.95652173913044,35.69565217391305,full_trust,117,ATTACK,178,"(6, 46)",False,0,False,1985
10,0.0,True,0.0,0.5257264184041183,0.5257264184041183,1937,0,1937.0,109,4,22,"(2, 41)",0,0.04221635883905013,87.5,43.31818181818182,full_trust,109,ATTACK,178,"(4, 24)",False,1,False,1985
27,0.0,True,0.0,0.5355847242544922,0.7145051271253774,1919,0,1919.0,111,26,20,"(24, 45)",0,0.05804749340369393,95.6,49.85,full_trust,111,ATTACK,178,"(20, 9)",False,2,False,1985
0,0.0,True,0.0,0.9,0.9,1941,0,1941.0,117,4,23,"(2, 50)",0,0.040457343887423045,84.95652173913044,35.69565217391305,full_trust,117,ATTACK,178,"(3, 48)",False,0,False,1990
9,0.0,True,0.0,0.5257264184041183,0.5257264184041183,1942,0,1942.0,109,4,22,"(2, 41)",0,0.04397537379067722,87.5,43.31818181818182,full_trust,109,ATTACK,178,"(4, 29)",False,1,False,1990
27,0.0,True,0.0,0.5355847242544922,0.7145051271253774,1924,0,1924.0,111,26,20,"(24, 45)",0,0.056288478452066845,95.6,49.85,full_trust,111,ATTACK,178,"(24, 10)",False,2,False,1990
0,0.0,True,0.0,0.9,0.9,1945,0,1945.0,118,4,23,"(2, 41)",0,0.03869832893579595,84.95652173913044,35.69565217391305,full_trust,118,ATTACK,179,"(3, 50)",False,0,False,1995
7,0.0,True,0.0,0.5257264184041183,0.5257264184041183,1947,0,1947.0,109,4,22,"(2, 41)",0,0.03869832893579595,87.5,43.31818181818182,full_trust,109,ATTACK,178,"(4, 34)",False,1,False,1995
27,0.0,True,0.0,0.5355847242544922,0.7145051271253774,1929,0,1929.0,111,26,20,"(24, 45)",0,0.051011433597185574,95.6,49.85,full_trust,111,ATTACK,178,"(26, 13)",False,2,False,1995
0,0.0,True,0.0,0.9,0.9,1950,0,1950.0,118,4,23,"(2, 41)",0,0.037985865724381625,84.95652173913044,35.69565217391305,full_trust,118,RECOVERY,180,"(3, 45)",False,0,False,2000
7,0.0,True,0.0,0.529830193717599,0.5692620391083328,1952,0,1952.0,109,4,22,"(2, 41)",0,0.037069726390114736,87.5,43.31818181818182,full_trust,109,RECOVERY,179,"(4, 39)",False,1,False,2000
27,0.0,True,0.0,0.5355847242544922,0.7145051271253774,1934,0,1934.0,111,26,20,"(24, 45)",0,0.04858657243816254,95.6,49.85,full_trust,111,RECOVERY,179,"(26, 18)",False,2,False,2000
0,0.0,True,0.0,0.9,0.9,1954,0,1954.0,118,5,23,"(2, 41)",0,0.037985865724381625,84.95652173913044,35.69565217391305,full_trust,118,RECOVERY,180,"(3, 41)",False,0,False,2005
7,0.0,True,0.0,0.5519552628937332,0.6646405802663544,1956,0,1956.0,110,4,23,"(15, 2)",0,0.03618711385701677,87.17391304347827,42.56521739130435,full_trust,110,RECOVERY,180,"(2, 41)",False,1,False,2005
27,0.0,True,0.0,0.5355847242544922,0.7145051271253774,1939,0,1939.0,111,26,20,"(24, 45)",0,0.04858657243816254,95.6,49.85,full_trust,111,RECOVERY,179,"(26, 23)",False,2,False,2005
0,0.0,True,0.0,0.9,0.9,1957,1,1957.0,121,6,23,"(2, 41)",0,0.036219081272084806,84.95652173913044,35.69565217391305,full_trust,121,RECOVERY,183,"(2, 41)",False,0,False,2010
7,0.0,True,0.0,0.5728525325142191,0.7124593994945999,1960,0,1960.0,111,5,23,"(15, 2)",0,0.0353045013239188,87.17391304347827,42.56521739130435,full_trust,111,RECOVERY,181,"(4, 39)",False,1,False,2010
27,0.0,True,0.0,0.5355847242544922,0.7145051271253774,1944,0,1944.0,111,26,20,"(24, 45)",0,0.04770318021201413,95.6,49.85,full_trust,111,RECOVERY,179,"(26, 28)",False,2,False,2010
0,0.0,True,0.0,0.9,0.9,1961,1,1961.0,123,6,24,"(3, 8)",0,0.028268551236749116,83.79166666666667,34.916666666666664,full_trust,123,RECOVERY,185,"(6, 41)",False,0,False,2015
7,0.0,True,0.0,0.6057445168133433,0.7702840702965706,1965,0,1965.0,111,5,23,"(15, 2)",0,0.02736098852603707,87.17391304347827,42.56521739130435,full_trust,111,RECOVERY,181,"(5, 35)",False,1,False,2015
27,0.0,True,0.0,0.5355847242544922,0.7145051271253774,1949,0,1949.0,111,26,20,"(24, 45)",0,0.04063604240282685,95.6,49.85,full_trust,111,RECOVERY,179,"(26, 33)",False,2,False,2015
0,0.0,True,0.0,0.9,0.9,1966,1,1966.0,123,6,24,"(3, 8)",0,0.025686448184233834,83.79166666666667,34.916666666666664,full_trust,123,RECOVERY,185,"(9, 39)",False,0,False,2020
7,0.0,True,0.0,0.6232081745787688,0.7890515104278583,1970,0,1970.0,111,5,23,"(15, 2)",0,0.0264783759929391,87.17391304347827,42.56521739130435,full_trust,111,RECOVERY,181,"(5, 30)",False,1,False,2020
27,0.0,True,0.0,0.5355847242544922,0.7145051271253774,1954,0,1954.0,111,26,20,"(24, 45)",0,0.03985828166519043,95.6,49.85,full_trust,111,RECOVERY,179,"(26, 38)",False,2,False,2020
0,0.0,True,0.0,0.9,0.9,1971,1,1971.0,124,6,24,"(3, 8)",0,0.024800708591674048,83.79166666666667,34.916666666666664,full_trust,124,RECOVERY,186,"(10, 35)",False,0,False,2025
7,0.0,True,0.0,0.6318315681220158,0.7956760454437104,1975,0,1975.0,111,5,23,"(15, 2)",0,0.02559576345984113,87.17391304347827,42.56521739130435,full_trust,111,RECOVERY,182,"(7, 27)",False,1,False,2025
27,0.0,True,0.0,0.5632645994630621,0.7369494632497525,1959,0,1959.0,111,26,20,"(24, 45)",0,0.03188662533215235,95.6,49.85,full_trust,111,RECOVERY,180,"(26, 43)",False,2,False,2025
0,0.0,True,0.0,0.9,0.9,1976,1,1976.0,124,6,24,"(3, 8)",0,0.022143489813994686,83.79166666666667,34.916666666666664,full_trust,124,RECOVERY,186,"(10, 30)",False,0,False,2030
7,0.0,True,0.0,0.6734887519243937,0.8287605925853341,1980,0,1980.0,111,5,23,"(15, 2)",0,0.02294792586054722,87.17391304347827,42.56521739130435,full_trust,111,RECOVERY,182,"(10, 25)",False,1,False,2030
22,0.0,True,0.0,0.6078938455063086,0.773437111074303,1963,0,1963.0,112,26,21,"(2, 41)",0,0.024800708591674048,96.66666666666667,50.19047619047619,full_trust,112,RECOVERY,181,"(24, 45)",False,2,False,2030
0,0.0,True,0.0,0.9,0.9,1981,1,1981.0,124,6,24,"(3, 8)",0,0.022143489813994686,83.79166666666667,34.916666666666664,full_trust,124,RECOVERY,186,"(12, 27)",False,0,False,2035
7,0.0,True,0.0,0.7139919748738228,0.8662246163605928,1985,0,1985.0,111,5,23,"(15, 2)",0,0.02206531332744925,87.17391304347827,42.56521739130435,full_trust,111,RECOVERY,182,"(12, 22)",False,1,False,2035
14,0.0,True,0.0,0.6078938455063086,0.773437111074303,1968,0,1968.0,112,26,21,"(2, 41)",0,0.023914968999114262,96.66666666666667,50.19047619047619,full_trust,112,RECOVERY,181,"(25, 41)",False,2,False,2035
0,0.0,True,0.0,0.9,0.9,1986,1,1986.0,124,6,24,"(3, 8)",0,0.018699910952804988,83.79166666666667,34.916666666666664,full_trust,124,RECOVERY,186,"(13, 23)",False,0,False,2040
6,0.0,True,0.0,0.7525258122761,0.895136707491614,1990,0,1990.0,111,5,23,"(15, 2)",0,0.018683274021352312,87.17391304347827,42.56521739130435,full_trust,111,RECOVERY,182,"(14, 19)",False,1,False,2040
10,0.0,True,0.0,0.6078938455063086,0.773437111074303,1973,0,1973.0,112,26,21,"(2, 41)",0,0.0213713268032057,96.66666666666667,50.19047619047619,full_trust,112,RECOVERY,181,"(21, 40)",False,2,False,2040
0,0.0,True,0.0,0.9,0.9,1991,1,1991.0,124,6,24,"(3, 8)",0,0.016028495102404273,83.79166666666667,34.916666666666664,full_trust,124,RECOVERY,186,"(14, 19)",False,0,False,2045
6,0.0,True,0.0,0.7882808395078491,0.9192059578369175,1995,0,1995.0,111,5,23,"(15, 2)",0,0.01601423487544484,87.17391304347827,42.56521739130435,full_trust,111,RECOVERY,182,"(15, 15)",False,1,False,2045
10,0.0,True,0.0,0.6410582893078434,0.7945062810543316,1978,0,1978.0,113,26,21,"(2, 41)",0,0.017809439002671415,96.66666666666667,50.19047619047619,full_trust,113,RECOVERY,182,"(18, 42)",False,2,False,2045
0,0.0,True,0.0,0.9,0.9,1996,1,1996.0,124,6,24,"(3, 8)",0,0.016028495102404273,83.79166666666667,34.916666666666664,full_trust,124,RECOVERY,187,"(13, 15)",False,0,False,2050
1,0.0,True,0.0,0.820674698706263,0.9382354112954047,2000,0,2000.0,111,5,23,"(15, 2)",0,0.011565836298932384,87.17391304347827,42.56521739130435,full_trust,111,RECOVERY,183,"(15, 10)",False,1,False,2050
10,0.0,True,0.0,0.6797925928318302,0.8238817475409747,1983,0,1983.0,113,26,21,"(2, 41)",0,0.018699910952804988,96.66666666666667,50.19047619047619,full_trust,113,RECOVERY,183,"(14, 41)",False,2,False,2050
0,0.0,True,0.0,0.9,0.9,2001,1,2001.0,124,6,24,"(3, 8)",0,0.016028495102404273,83.79166666666667,34.916666666666664,full_trust,124,RECOVERY,187,"(13, 10)",False,0,False,2055
0,0.0,True,0.0,0.8492605610213639,0.9519158188879273,2005,0,2005.0,111,5,23,"(15, 2)",0,0.011565836298932384,87.17391304347827,42.56521739130435,full_trust,111,RECOVERY,183,"(15, 5)",False,1,False,2055
10,0.0,True,0.0,0.7162367897484165,0.8510765057617343,1988,0,1988.0,113,26,21,"(2, 41)",0,0.019590382902938557,96.66666666666667,50.19047619047619,full_trust,113,RECOVERY,183,"(9, 41)",False,2,False,2055
0,0.0,True,0.0,0.9,0.9,2006,1,2006.0,124,6,24,"(3, 8)",0,0.015097690941385435,83.79166666666667,34.916666666666664,full_trust,124,RECOVERY,187,"(10, 8)",False,0,False,2060
0,0.0,True,0.0,0.8693798875451455,0.9608137167109015,2009,0,2009.0,112,5,23,"(21, 17)",0,0.011545293072824156,87.17391304347827,42.56521739130435,full_trust,112,RECOVERY,184,"(15, 3)",False,1,False,2060
10,0.0,True,0.0,0.7499720961863171,0.8743408658951218,1993,0,1993.0,113,26,21,"(2, 41)",0,0.019538188277087035,96.66666666666667,50.19047619047619,full_trust,113,RECOVERY,183,"(4, 41)",False,2,False,2060
0,0.0,True,0.0,0.9,0.9,2011,1,2011.0,124,6,24,"(3, 8)",0,0.01504424778761062,83.79166666666667,34.916666666666664,full_trust,124,RECOVERY,187,"(5, 8)",False,0,False,2065
0,0.0,True,0.0,0.8910582257304649,0.9678039460213909,2014,0,2014.0,112,5,23,"(21, 17)",0,0.011504424778761062,87.17391304347827,42.56521739130435,full_trust,112,RECOVERY,184,"(16, 7)",False,1,False,2065
10,0.0,True,0.0,0.7688083614650151,0.8875846207072572,1997,0,1997.0,114,26,21,"(25, 2)",0,0.019469026548672566,96.66666666666667,50.19047619047619,full_trust,114,RECOVERY,184,"(4, 41)",False,2,False,2065
0,0.0,True,0.0,0.9,0.9,2015,1,2015.0,125,6,24,"(33, 8)",0,0.01415929203539823,83.79166666666667,34.916666666666664,full_trust,125,RECOVERY,188,"(5, 8)",False,0,False,2070
0,0.0,True,0.0,0.9090973419735773,0.972574133261892,2019,0,2019.0,112,5,23,"(21, 17)",0,0.011504424778761062,87.17391304347827,42.56521739130435,full_trust,112,RECOVERY,184,"(17, 11)",False,1,False,2070
10,0.0,True,0.0,0.7688083614650151,0.8875846207072572,2002,0,2002.0,114,26,21,"(25, 2)",0,0.020353982300884955,96.66666666666667,50.19047619047619,full_trust,114,RECOVERY,184,"(9, 41)",False,2,False,2070
0,0.0,True,0.0,0.9,0.9,2020,1,2020.0,126,6,24,"(33, 8)",0,0.01415929203539823,83.79166666666667,34.916666666666664,full_trust,126,RECOVERY,189,"(10, 8)",False,0,False,2075
0,0.0,True,0.0,0.92407385724708,0.9769185975796026,2024,0,2024.0,112,5,23,"(21, 17)",0,0.011504424778761062,87.17391304347827,42.56521739130435,full_trust,112,RECOVERY,185,"(17, 16)",False,1,False,2075
10,0.0,True,0.0,0.774931534088551,0.8912718139357332,2007,0,2007.0,114,26,21,"(25, 2)",0,0.020353982300884955,96.66666666666667,50.19047619047619,full_trust,114,RECOVERY,185,"(12, 39)",False,2,False,2075
0,0.0,True,0.0,0.9,0.9,2025,1,2025.0,126,6,24,"(33, 8)",0,0.01415929203539823,83.79166666666667,34.916666666666664,full_trust,126,RECOVERY,189,"(14, 9)",False,0,False,2080
0,0.0,True,0.0,0.9293337980564641,0.9783491733595456,2029,0,2029.0,112,5,23,"(21, 17)",0,0.011504424778761062,87.17391304347827,42.56521739130435,full_trust,112,RECOVERY,185,"(21, 17)",False,1,False,2080
10,0.0,True,0.0,0.8038396494201436,0.9093231852777182,2012,0,2012.0,114,26,21,"(25, 2)",0,0.020353982300884955,96.66666666666667,50.19047619047619,full_trust,114,RECOVERY,185,"(15, 37)",False,2,False,2080
0,0.0,True,0.0,0.9,0.9,2030,1,2030.0,126,6,24,"(33, 8)",0,0.01415929203539823,83.79166666666667,34.916666666666664,full_trust,126,RECOVERY,189,"(19, 9)",False,0,False,2085
0,0.0,True,0.0,0.9293337980564641,0.9783491733595456,2033,0,2033.0,113,5,24,"(33, 8)",0,0.011504424778761062,86.70833333333333,41.708333333333336,full_trust,113,RECOVERY,186,"(25, 17)",False,1,False,2085
10,0.0,True,0.0,0.8092235444509768,0.9115175500368055,2017,0,2017.0,114,26,21,"(25, 2)",0,0.021238938053097345,96.66666666666667,50.19047619047619,full_trust,114,RECOVERY,185,"(19, 36)",False,2,False,2085
0,0.0,True,0.0,0.9,0.9,2035,1,2035.0,126,6,24,"(33, 8)",0,0.01415929203539823,83.79166666666667,34.916666666666664,full_trust,126,RECOVERY,189,"(24, 9)",False,0,False,2090
0,0.0,True,0.0,0.9293337980564641,0.9783491733595456,2038,0,2038.0,114,5,24,"(33, 8)",0,0.011504424778761062,86.70833333333333,41.708333333333336,full_trust,114,RECOVERY,187,"(26, 13)",False,1,False,2090
10,0.0,True,0.0,0.8092235444509768,0.9115175500368055,2022,0,2022.0,114,26,21,"(25, 2)",0,0.017699115044247787,96.66666666666667,50.19047619047619,full_trust,114,RECOVERY,185,"(24, 36)",False,2,False,2090
0,0.0,True,0.0,0.9,0.9,2040,1,2040.0,126,6,24,"(33, 8)",0,0.011504424778761062,83.79166666666667,34.916666666666664,full_trust,126,RECOVERY,189,"(28, 8)",False,0,False,2095
0,0.0,True,0.0,0.9389337572470781,0.9825574577698246,2043,0,2043.0,115,5,24,"(33, 8)",0,0.008849557522123894,86.70833333333333,41.708333333333336,full_trust,115,RECOVERY,188,"(31, 13)",False,1,False,2095
7,0.0,True,0.0,0.8092235444509768,0.9115175500368055,2027,0,2027.0,114,26,21,"(25, 2)",0,0.012389380530973451,96.66666666666667,50.19047619047619,full_trust,114,RECOVERY,185,"(25, 32)",False,2,False,2095
0,0.0,True,0.0,0.9,0.9,2045,1,2045.0,126,6,24,"(33, 8)",0,0.043555555555555556,83.79166666666667,34.916666666666664,full_trust,126,RECOVERY,190,"(33, 8)",False,0,False,2100
0,0.0,True,0.0,0.9493109263800684,0.9862376713960539,2048,0,2048.0,115,5,24,"(33, 8)",0,0.04440497335701599,86.70833333333333,41.708333333333336,full_trust,115,RECOVERY,189,"(33, 10)",False,1,False,2100
7,0.0,True,0.0,0.8092235444509768,0.9115175500368055,2032,0,2032.0,114,26,21,"(25, 2)",0,0.044444444444444446,96.66666666666667,50.19047619047619,full_trust,114,RECOVERY,186,"(25, 27)",False,2,False,2100
0,0.0,True,0.0,0.9,0.9,2049,1,2049.0,127,6,25,"(24, 45)",0,0.04088888888888889,84.04,34.84,full_trust,127,RECOVERY,191,"(29, 8)",False,0,False,2105
0,0.0,True,0.0,0.9564799598021643,0.9889085799015472,2051,0,2051.0,116,6,24,"(2, 20)",0,0.043516873889875664,86.70833333333333,41.708333333333336,full_trust,116,RECOVERY,190,"(32, 8)",False,1,False,2105
7,0.0,True,0.0,0.8092235444509768,0.9115175500368055,2037,0,2037.0,114,26,21,"(25, 2)",0,0.043555555555555556,96.66666666666667,50.19047619047619,full_trust,114,RECOVERY,186,"(25, 22)",False,2,False,2105
0,0.0,True,0.0,0.9,0.9,2054,1,2054.0,127,6,25,"(24, 45)",0,0.034666666666666665,84.04,34.84,full_trust,127,RECOVERY,191,"(27, 11)",False,0,False,2110
0,0.0,True,0.0,0.9641662381123025,0.9913132300579518,2056,0,2056.0,117,6,24,"(2, 20)",0,0.03641207815275311,86.70833333333333,41.708333333333336,full_trust,117,RECOVERY,192,"(27, 8)",False,1,False,2110
6,0.0,True,0.0,0.8092235444509768,0.9115175500368055,2042,0,2042.0,114,26,21,"(25, 2)",0,0.035555555555555556,96.66666666666667,50.19047619047619,full_trust,114,RECOVERY,186,"(25, 17)",False,2,False,2110
0,0.0,True,0.0,0.9,0.9,2058,1,2058.0,127,7,25,"(24, 45)",0,0.034666666666666665,84.04,34.84,full_trust,127,RECOVERY,191,"(25, 13)",False,0,False,2115
0,0.0,True,0.0,0.9705846227504501,0.9932762455592538,2061,0,2061.0,117,6,24,"(2, 20)",0,0.03374777975133215,86.70833333333333,41.708333333333336,full_trust,117,RECOVERY,192,"(25, 11)",False,1,False,2115
6,0.0,True,0.0,0.8350868034838659,0.9314253801471026,2046,0,2046.0,114,27,21,"(25, 2)",0,0.034666666666666665,96.66666666666667,50.19047619047619,full_trust,114,RECOVERY,186,"(25, 15)",False,2,False,2115
0,0.0,True,0.0,0.9,0.9,2063,1,2063.0,127,7,25,"(24, 45)",0,0.03507194244604316,84.04,34.84,full_trust,127,RECOVERY,191,"(25, 18)",False,0,False,2120
0,0.0,True,0.0,0.9759237846294603,0.99469389733666,2065,0,2065.0,117,7,24,"(2, 20)",0,0.03401969561324977,86.70833333333333,41.708333333333336,full_trust,117,RECOVERY,192,"(25, 15)",False,1,False,2120
6,0.0,True,0.0,0.8545348059883733,0.9442745033260468,2050,1,2050.0,117,27,21,"(25, 2)",0,0.03507194244604316,96.66666666666667,50.19047619047619,full_trust,117,RECOVERY,189,"(26, 16)",False,2,False,2120
0,0.0,True,0.0,0.9,0.9,2068,1,2068.0,127,7,25,"(24, 45)",0,0.03507194244604316,84.04,34.84,full_trust,127,RECOVERY,192,"(25, 23)",False,0,False,2125
0,0.0,True,0.0,0.9803435625128262,0.9958910004612358,2070,0,2070.0,118,7,24,"(2, 20)",0,0.03401969561324977,86.70833333333333,41.708333333333336,full_trust,118,RECOVERY,193,"(22, 17)",False,1,False,2125
6,0.0,True,0.0,0.8766246711586405,0.9566124907811365,2055,1,2055.0,119,27,21,"(25, 2)",0,0.03507194244604316,96.66666666666667,50.19047619047619,full_trust,119,RECOVERY,192,"(25, 14)",False,2,False,2125
0,0.0,True,0.0,0.9,0.9,2073,1,2073.0,127,7,25,"(24, 45)",0,0.03507194244604316,84.04,34.84,full_trust,127,RECOVERY,192,"(25, 28)",False,0,False,2130
0,0.0,True,0.0,0.9811292723227444,0.9960577587111902,2075,0,2075.0,118,7,24,"(2, 20)",0,0.03401969561324977,86.70833333333333,41.708333333333336,full_trust,118,RECOVERY,193,"(18, 18)",False,1,False,2130
6,0.0,True,0.0,0.8958877509361183,0.9645558900244948,2060,1,2060.0,119,27,21,"(25, 2)",0,0.03327338129496403,96.66666666666667,50.19047619047619,full_trust,119,RECOVERY,192,"(25, 9)",False,2,False,2130
0,0.0,True,0.0,0.9,0.9,2078,1,2078.0,127,7,25,"(24, 45)",0,0.0341726618705036,84.04,34.84,full_trust,127,RECOVERY,192,"(25, 33)",False,0,False,2135
0,0.0,True,0.0,0.9811292723227444,0.9960577587111902,2080,0,2080.0,118,7,24,"(2, 20)",0,0.03312444046553268,86.70833333333333,41.708333333333336,full_trust,118,RECOVERY,193,"(14, 19)",False,1,False,2135
5,0.0,True,0.0,0.9059873514393006,0.9676228599343605,2065,1,2065.0,119,27,21,"(25, 2)",0,0.03327338129496403,96.66666666666667,50.19047619047619,full_trust,119,RECOVERY,192,"(25, 4)",False,2,False,2135
0,0.0,True,0.0,0.9,0.9,2083,1,2083.0,127,7,25,"(24, 45)",0,0.0273224043715847,84.04,34.84,full_trust,127,RECOVERY,192,"(25, 38)",False,0,False,2140
0,0.0,True,0.0,0.9811292723227444,0.9960577587111902,2085,0,2085.0,118,7,24,"(2, 20)",0,0.026411657559198543,86.70833333333333,41.708333333333336,full_trust,118,RECOVERY,193,"(10, 20)",False,1,False,2140
5,0.0,True,0.0,0.9059873514393006,0.9676228599343605,2068,1,2068.0,120,27,22,"(33, 50)",0,0.025500910746812388,97.18181818181819,51.31818181818182,full_trust,120,RECOVERY,194,"(25, 3)",False,2,False,2140
0,0.0,True,0.0,0.9,0.9,2088,1,2088.0,127,7,25,"(24, 45)",0,0.0273224043715847,84.04,34.84,full_trust,127,RECOVERY,192,"(25, 43)",False,0,False,2145
0,0.0,True,0.0,0.9811292723227444,0.9960577587111902,2090,0,2090.0,118,7,24,"(2, 20)",0,0.026411657559198543,86.70833333333333,41.708333333333336,full_trust,118,RECOVERY,193,"(5, 20)",False,1,False,2145
5,0.0,True,0.0,0.9059873514393006,0.9676228599343605,2073,1,2073.0,120,27,22,"(33, 50)",0,0.025500910746812388,97.18181818181819,51.31818181818182,full_trust,120,RECOVERY,194,"(25, 8)",False,2,False,2145
0,0.0,True,0.0,0.9,0.9,2092,1,2092.0,128,7,25,"(2, 20)",0,0.0273224043715847,84.04,34.84,full_trust,128,RECOVERY,194,"(25, 45)",False,0,False,2150
0,0.0,True,0.0,0.9811292723227444,0.9960577587111902,2094,0,2094.0,119,7,25,"(24, 45)",0,0.026411657559198543,85.96,41.84,full_trust,119,RECOVERY,195,"(2, 21)",False,1,False,2150
5,0.0,True,0.0,0.9059873514393006,0.9676228599343605,2078,1,2078.0,121,27,22,"(33, 50)",0,0.02459016393442623,97.18181818181819,51.31818181818182,full_trust,121,RECOVERY,195,"(25, 13)",False,2,False,2150
0,0.0,True,0.0,0.9,0.9,2097,1,2097.0,128,7,25,"(2, 20)",0,0.0273224043715847,84.04,34.84,full_trust,128,RECOVERY,194,"(25, 40)",False,0,False,2155
0,0.0,True,0.0,0.9811292723227444,0.9960577587111902,2099,0,2099.0,119,7,25,"(24, 45)",0,0.026411657559198543,85.96,41.84,full_trust,119,RECOVERY,195,"(7, 21)",False,1,False,2155
5,0.0,True,0.0,0.9178490248444371,0.9712606361028473,2083,1,2083.0,121,27,22,"(33, 50)",0,0.02459016393442623,97.18181818181819,51.31818181818182,full_trust,121,RECOVERY,195,"(26, 17)",False,2,False,2155
0,0.0,True,0.0,0.9,0.9,2102,1,2102.0,128,7,25,"(2, 20)",0,0.0273224043715847,84.04,34.84,full_trust,128,RECOVERY,194,"(24, 36)",False,0,False,2160
0,0.0,True,0.0,0.9811292723227444,0.9960577587111902,2104,0,2104.0,119,7,25,"(24, 45)",0,0.026411657559198543,85.96,41.84,full_trust,119,RECOVERY,195,"(12, 21)",False,1,False,2160
1,0.0,True,0.0,0.9305341538466987,0.9755406226228182,2088,1,2088.0,121,27,22,"(33, 50)",0,0.022768670309653915,97.18181818181819,51.31818181818182,full_trust,121,RECOVERY,195,"(26, 22)",False,2,False,2160
0,0.0,True,0.0,0.9,0.9,2107,1,2107.0,128,7,25,"(2, 20)",0,0.0273224043715847,84.04,34.84,full_trust,128,RECOVERY,194,"(24, 31)",False,0,False,2165
0,0.0,True,0.0,0.9811292723227444,0.9960577587111902,2109,0,2109.0,119,7,25,"(24, 45)",0,0.026411657559198543,85.96,41.84,full_trust,119,RECOVERY,195,"(17, 21)",False,1,False,2165
1,0.0,True,0.0,0.9412221305478319,0.9790925719978895,2093,1,2093.0,121,27,22,"(33, 50)",0,0.022768670309653915,97.18181818181819,51.31818181818182,full_trust,121,RECOVERY,195,"(26, 27)",False,2,False,2165
0,0.0,True,0.0,0.9,0.9,2112,1,2112.0,128,7,25,"(2, 20)",0,0.0272975432211101,84.04,34.84,full_trust,128,RECOVERY,194,"(23, 27)",False,0,False,2170
0,0.0,True,0.0,0.9839504038935852,0.9965134530918172,2114,0,2114.0,119,7,25,"(24, 45)",0,0.026387625113739762,85.96,41.84,full_trust,119,RECOVERY,195,"(18, 25)",False,1,False,2170
1,0.0,True,0.0,0.9504006518910009,0.9833609617591864,2098,1,2098.0,121,27,22,"(33, 50)",0,0.022747952684258416,97.18181818181819,51.31818181818182,full_trust,121,RECOVERY,195,"(26, 32)",False,2,False,2170
0,0.0,True,0.0,0.9,0.9,2117,1,2117.0,128,7,25,"(2, 20)",0,0.02456778889899909,84.04,34.84,full_trust,128,RECOVERY,195,"(18, 27)",False,0,False,2175
0,0.0,True,0.0,0.9868953294542637,0.9972332136112798,2119,0,2119.0,119,7,25,"(24, 45)",0,0.026387625113739762,85.96,41.84,full_trust,119,RECOVERY,196,"(23, 25)",False,1,False,2175
1,0.0,True,0.0,0.958260442740547,0.9860659764598095,2103,1,2103.0,122,27,22,"(33, 50)",0,0.02183803457688808,97.18181818181819,51.31818181818182,full_trust,122,RECOVERY,196,"(26, 37)",False,2,False,2175
0,0.0,True,0.0,0.9,0.9,2122,1,2122.0,128,7,25,"(2, 20)",0,0.02456778889899909,84.04,34.84,full_trust,128,RECOVERY,195,"(13, 27)",False,0,False,2180
0,0.0,True,0.0,0.9893017573401012,0.9976800896077268,2124,0,2124.0,119,7,25,"(24, 45)",0,0.026387625113739762,85.96,41.84,full_trust,119,RECOVERY,196,"(25, 28)",False,1,False,2180
1,0.0,True,0.0,0.9648515185499248,0.9881860794524808,2108,1,2108.0,122,27,22,"(33, 50)",0,0.02183803457688808,97.18181818181819,51.31818181818182,full_trust,122,RECOVERY,196,"(28, 40)",False,2,False,2180
0,0.0,True,0.0,0.9,0.9,2127,1,2127.0,128,7,25,"(2, 20)",0,0.02171945701357466,84.04,34.84,full_trust,128,RECOVERY,195,"(10, 25)",False,0,False,2185
0,0.0,True,0.0,0.9912453419057013,0.9980179114032247,2129,0,2129.0,119,7,25,"(24, 45)",0,0.023529411764705882,85.96,41.84,full_trust,119,RECOVERY,196,"(25, 33)",False,1,False,2185
0,0.0,True,0.0,0.9703474208664555,0.9897266502309846,2113,1,2113.0,122,27,22,"(33, 50)",0,0.019004524886877826,97.18181818181819,51.31818181818182,full_trust,122,RECOVERY,196,"(29, 44)",False,2,False,2185
0,0.0,True,0.0,0.9,0.9,2132,1,2132.0,128,7,25,"(2, 20)",0,0.019004524886877826,84.04,34.84,full_trust,128,RECOVERY,195,"(7, 23)",False,0,False,2190
0,0.0,True,0.0,0.9928180093562043,0.998300387190788,2134,0,2134.0,119,7,25,"(24, 45)",0,0.02081447963800905,85.96,41.84,full_trust,119,RECOVERY,196,"(25, 38)",False,1,False,2190
0,0.0,True,0.0,0.9732007372518332,0.9906356861669582,2118,1,2118.0,122,27,22,"(33, 50)",0,0.016289592760180997,97.18181818181819,51.31818181818182,full_trust,122,RECOVERY,196,"(30, 48)",False,2,False,2190
0,0.0,True,0.0,0.9,0.9,2137,1,2137.0,128,7,25,"(2, 20)",0,0.01809954751131222,84.04,34.84,full_trust,128,RECOVERY,195,"(2, 23)",False,0,False,2195
0,0.0,True,0.0,0.9940919449426505,0.9985400783030386,2139,0,2139.0,119,7,25,"(24, 45)",0,0.019909502262443438,85.96,41.84,full_trust,119,RECOVERY,196,"(25, 43)",False,1,False,2195
0,0.0,True,0.0,0.9732007372518332,0.9906356861669582,2123,1,2123.0,123,27,22,"(33, 50)",0,0.015384615384615385,97.18181818181819,51.31818181818182,full_trust,123,RECOVERY,197,"(32, 45)",False,2,False,2195
0,0.0,True,0.0,0.9,0.9,2141,1,2141.0,129,7,26,"(15, 2)",0,0.01809954751131222,84.57692307692308,35.42307692307692,full_trust,129,RECOVERY,197,"(3, 20)",False,0,False,2200
0,0.0,True,0.0,0.9949397146205243,0.9987348945266578,2143,0,2143.0,120,7,25,"(33, 8)",0,0.019909502262443438,85.96,41.84,full_trust,120,RECOVERY,198,"(25, 45)",False,1,False,2200
0,0.0,True,0.0,0.9732007372518332,0.9906356861669582,2128,1,2128.0,123,27,22,"(33, 50)",0,0.015384615384615385,97.18181818181819,51.31818181818182,full_trust,123,RECOVERY,198,"(33, 49)",False,2,False,2200
0,0.0,True,0.0,0.9,0.9,2146,1,2146.0,129,7,26,"(15, 2)",0,0.01809954751131222,84.57692307692308,35.42307692307692,full_trust,129,RECOVERY,197,"(8, 20)",False,0,False,2205
0,0.0,True,0.0,0.9949397146205243,0.9987348945266578,2148,0,2148.0,120,7,25,"(33, 8)",0,0.019909502262443438,85.96,41.84,full_trust,120,RECOVERY,198,"(26, 41)",False,1,False,2205
0,0.0,True,0.0,0.9732007372518332,0.9906356861669582,2132,1,2132.0,124,27,23,"(33, 8)",0,0.015384615384615385,95.73913043478261,51.82608695652174,full_trust,124,RECOVERY,199,"(33, 47)",False,2,False,2205
0,0.0,True,0.0,0.9,0.9,2151,1,2151.0,129,7,26,"(15, 2)",0,0.01809954751131222,84.57692307692308,35.42307692307692,full_trust,129,RECOVERY,197,"(13, 20)",False,0,False,2210
0,0.0,True,0.0,0.9949397146205243,0.9987348945266578,2153,0,2153.0,120,7,25,"(33, 8)",0,0.019909502262443438,85.96,41.84,full_trust,120,RECOVERY,198,"(26, 36)",False,1,False,2210
0,0.0,True,0.0,0.9732007372518332,0.9906356861669582,2137,1,2137.0,124,27,23,"(33, 8)",0,0.015384615384615385,95.73913043478261,51.82608695652174,full_trust,124,RECOVERY,199,"(31, 44)",False,2,False,2210
0,0.0,True,0.0,0.9,0.9,2156,1,2156.0,129,7,26,"(15, 2)",0,0.01809954751131222,84.57692307692308,35.42307692307692,full_trust,129,RECOVERY,197,"(14, 16)",False,0,False,2215
0,0.0,True,0.0,0.9949397146205243,0.9987348945266578,2158,0,2158.0,120,7,25,"(33, 8)",0,0.019909502262443438,85.96,41.84,full_trust,120,RECOVERY,198,"(26, 31)",False,1,False,2215
0,0.0,True,0.0,0.9740849685430051,0.9908853630752706,2142,1,2142.0,124,27,23,"(33, 8)",0,0.015384615384615385,95.73913043478261,51.82608695652174,full_trust,124,RECOVERY,199,"(28, 42)",False,2,False,2215
0,0.0,True,0.0,0.9,0.9,2161,1,2161.0,129,7,26,"(15, 2)",0,0.016289592760180997,84.57692307692308,35.42307692307692,full_trust,129,RECOVERY,197,"(14, 11)",False,0,False,2220
0,0.0,True,0.0,0.9951307564454234,0.9987605511185046,2163,0,2163.0,120,7,25,"(33, 8)",0,0.017194570135746608,85.96,41.84,full_trust,120,RECOVERY,198,"(26, 26)",False,1,False,2220
0,0.0,True,0.0,0.9740849685430051,0.9908853630752706,2147,1,2147.0,124,27,23,"(33, 8)",0,0.013574660633484163,95.73913043478261,51.82608695652174,full_trust,124,RECOVERY,199,"(28, 37)",False,2,False,2220
0,0.0,True,0.0,0.9,0.9,2166,1,2166.0,129,7,26,"(15, 2)",0,0.016245487364620937,84.57692307692308,35.42307692307692,full_trust,129,RECOVERY,198,"(15, 7)",False,0,False,2225
0,0.0,True,0.0,0.9959707423716164,0.9988978923055808,2168,0,2168.0,121,7,25,"(33, 8)",0,0.017148014440433214,85.96,41.84,full_trust,121,RECOVERY,199,"(26, 21)",False,1,False,2225
0,0.0,True,0.0,0.9749369616876623,0.9911248314361506,2152,1,2152.0,124,27,23,"(33, 8)",0,0.013537906137184115,95.73913043478261,51.82608695652174,full_trust,124,RECOVERY,200,"(28, 32)",False,2,False,2225
0,0.0,True,0.0,0.9,0.9,2171,1,2171.0,129,7,26,"(15, 2)",0,0.015232974910394265,84.57692307692308,35.42307692307692,full_trust,129,RECOVERY,198,"(15, 2)",False,0,False,2230
0,0.0,True,0.0,0.9962603789338582,0.9989512348606753,2173,0,2173.0,121,7,25,"(33, 8)",0,0.016129032258064516,85.96,41.84,full_trust,121,RECOVERY,199,"(28, 18)",False,1,False,2230
0,0.0,True,0.0,0.9787654434199475,0.9922949795570718,2157,1,2157.0,124,27,23,"(33, 8)",0,0.012544802867383513,95.73913043478261,51.82608695652174,full_trust,124,RECOVERY,200,"(28, 27)",False,2,False,2230
0,0.0,True,0.0,0.9,0.9,2175,1,2175.0,130,7,26,"(21, 17)",0,0.015985790408525755,84.57692307692308,35.42307692307692,full_trust,130,RECOVERY,199,"(15, 6)",False,0,False,2235
0,0.0,True,0.0,0.9965255618023943,0.9989904911053834,2178,0,2178.0,121,7,25,"(33, 8)",0,0.015985790408525755,85.96,41.84,full_trust,121,RECOVERY,199,"(29, 14)",False,1,False,2235
0,0.0,True,0.0,0.9813690240855483,0.9930703323367028,2162,1,2162.0,124,27,23,"(33, 8)",0,0.012433392539964476,95.73913043478261,51.82608695652174,full_trust,124,RECOVERY,200,"(28, 22)",False,2,False,2235
0,0.0,True,0.0,0.9,0.9,2180,1,2180.0,130,7,26,"(21, 17)",0,0.0141718334809566,84.57692307692308,35.42307692307692,full_trust,130,RECOVERY,199,"(17, 9)",False,0,False,2240
0,0.0,True,0.0,0.9967686673950994,0.9990276623861063,2183,0,2183.0,121,7,25,"(33, 8)",0,0.0141718334809566,85.96,41.84,full_trust,121,RECOVERY,199,"(31, 11)",False,1,False,2240
0,0.0,True,0.0,0.9813690240855483,0.9930703323367028,2167,1,2167.0,124,27,23,"(33, 8)",0,0.010628875110717449,95.73913043478261,51.82608695652174,full_trust,124,RECOVERY,200,"(28, 17)",False,2,False,2240
0,0.0,True,0.0,0.9,0.9,2185,1,2185.0,130,7,26,"(21, 17)",0,0.0141718334809566,84.57692307692308,35.42307692307692,full_trust,130,RECOVERY,199,"(17, 14)",False,0,False,2245
0,0.0,True,0.0,0.9968826430514972,0.9990481805230558,2188,0,2188.0,121,7,25,"(33, 8)",0,0.0141718334809566,85.96,41.84,full_trust,121,RECOVERY,199,"(33, 8)",False,1,False,2245
0,0.0,True,0.0,0.98359894108078,0.993557715219048,2172,1,2172.0,124,27,23,"(33, 8)",0,0.010628875110717449,95.73913043478261,51.82608695652174,full_trust,124,RECOVERY,200,"(30, 14)",False,2,False,2245
0,0.0,True,0.0,0.9,0.9,2190,1,2190.0,130,7,26,"(21, 17)",0,0.046058458813108945,84.57692307692308,35.42307692307692,full_trust,130,RECOVERY,200,"(19, 17)",False,0,False,2250
0,0.0,True,0.0,0.9968826430514972,0.9990481805230558,2192,0,2192.0,123,7,26,"(33, 50)",0,0.047829937998228524,86.38461538461539,42.03846153846154,full_trust,123,RECOVERY,201,"(32, 11)",False,1,False,2250
0,0.0,True,0.0,0.985507858789798,0.9940588521421009,2177,1,2177.0,124,27,23,"(33, 8)",0,0.043401240035429584,95.73913043478261,51.82608695652174,full_trust,124,RECOVERY,201,"(31, 10)",False,2,False,2250
0,0.0,True,0.0,0.9,0.9,2194,1,2194.0,131,7,27,"(25, 2)",0,0.043401240035429584,83.44444444444444,34.925925925925924,full_trust,131,RECOVERY,201,"(23, 17)",False,0,False,2255
0,0.0,True,0.0,0.9968826430514972,0.9990481805230558,2197,0,2197.0,123,7,26,"(33, 50)",0,0.045172719220549155,86.38461538461539,42.03846153846154,full_trust,123,RECOVERY,201,"(27, 11)",False,1,False,2255
0,0.0,True,0.0,0.985507858789798,0.9940588521421009,2181,1,2181.0,125,27,23,"(33, 30)",0,0.042515500442869794,95.73913043478261,51.82608695652174,full_trust,125,RECOVERY,202,"(33, 8)",False,2,False,2255
0,0.0,True,0.0,0.9,0.9,2199,1,2199.0,131,7,27,"(25, 2)",0,0.043401240035429584,83.44444444444444,34.925925925925924,full_trust,131,RECOVERY,201,"(25, 14)",False,0,False,2260
0,0.0,True,0.0,0.997302959739507,0.9992070797595543,2201,0,2201.0,123,8,26,"(33, 50)",0,0.045172719220549155,86.38461538461539,42.03846153846154,full_trust,123,RECOVERY,201,"(25, 13)",False,1,False,2260
0,0.0,True,0.0,0.9859440326112606,0.9942313352190513,2186,1,2186.0,125,27,23,"(33, 30)",0,0.042515500442869794,95.73913043478261,51.82608695652174,full_trust,125,RECOVERY,202,"(32, 12)",False,2,False,2260
0,0.0,True,0.0,0.9,0.9,2203,1,2203.0,131,8,27,"(25, 2)",0,0.043401240035429584,83.44444444444444,34.925925925925924,full_trust,131,RECOVERY,201,"(25, 10)",False,0,False,2265
0,0.0,True,0.0,0.9977583148041027,0.9993735810481476,2206,0,2206.0,125,8,26,"(33, 50)",0,0.045172719220549155,86.38461538461539,42.03846153846154,full_trust,125,RECOVERY,203,"(27, 16)",False,1,False,2265
0,0.0,True,0.0,0.9879681518009813,0.9953194878927657,2191,1,2191.0,125,27,23,"(33, 30)",0,0.04074402125775022,95.73913043478261,51.82608695652174,full_trust,125,RECOVERY,202,"(28, 13)",False,2,False,2265
0,0.0,True,0.0,0.9,0.9,2208,1,2208.0,131,8,27,"(25, 2)",0,0.04074402125775022,83.44444444444444,34.925925925925924,full_trust,131,RECOVERY,201,"(25, 5)",False,0,False,2270
0,0.0,True,0.0,0.9979961418330303,0.9994462949655268,2211,0,2211.0,125,8,26,"(33, 50)",0,0.042515500442869794,86.38461538461539,42.03846153846154,full_trust,125,RECOVERY,203,"(27, 21)",False,1,False,2270
0,0.0,True,0.0,0.9897610519471476,0.9961827263856052,2196,1,2196.0,125,27,23,"(33, 30)",0,0.03720106288751107,95.73913043478261,51.82608695652174,full_trust,125,RECOVERY,202,"(29, 17)",False,2,False,2270
0,0.0,True,0.0,0.9,0.9,2212,1,2212.0,132,8,27,"(33, 30)",0,0.04070796460176991,83.44444444444444,34.925925925925924,full_trust,132,RECOVERY,203,"(25, 3)",False,0,False,2275
0,0.0,True,0.0,0.9979961418330303,0.9994462949655268,2216,0,2216.0,125,8,26,"(33, 50)",0,0.04247787610619469,86.38461538461539,42.03846153846154,full_trust,125,RECOVERY,204,"(27, 26)",False,1,False,2275
0,0.0,True,0.0,0.9907104425832994,0.9965195776124817,2201,1,2201.0,125,27,23,"(33, 30)",0,0.03716814159292035,95.73913043478261,51.82608695652174,full_trust,125,RECOVERY,203,"(29, 22)",False,2,False,2275
0,0.0,True,0.0,0.9,0.9,2217,1,2217.0,132,8,27,"(33, 30)",0,0.03626473254759746,83.44444444444444,34.925925925925924,full_trust,132,RECOVERY,203,"(26, 7)",False,0,False,2280
0,0.0,True,0.0,0.9979961418330303,0.9994462949655268,2221,0,2221.0,127,8,26,"(33, 50)",0,0.03814713896457766,86.38461538461539,42.03846153846154,full_trust,127,RECOVERY,206,"(26, 30)",False,1,False,2280
0,0.0,True,0.0,0.9907104425832994,0.9965195776124817,2206,1,2206.0,125,27,23,"(33, 30)",0,0.03723887375113533,95.73913043478261,51.82608695652174,full_trust,125,RECOVERY,203,"(29, 27)",False,2,False,2280
0,0.0,True,0.0,0.9,0.9,2222,1,2222.0,132,8,27,"(33, 30)",0,0.027852650494159928,83.44444444444444,34.925925925925924,full_trust,132,RECOVERY,203,"(26, 12)",False,0,False,2285
0,0.0,True,0.0,0.9979961418330303,0.9994462949655268,2226,0,2226.0,128,8,26,"(33, 50)",0,0.0333033303330333,86.38461538461539,42.03846153846154,full_trust,128,RECOVERY,207,"(25, 34)",False,1,False,2285
0,0.0,True,0.0,0.9907104425832994,0.9965195776124817,2211,1,2211.0,125,27,23,"(33, 30)",0,0.027002700270027002,95.73913043478261,51.82608695652174,full_trust,125,RECOVERY,203,"(31, 30)",False,2,False,2285
0,0.0,True,0.0,0.9,0.9,2227,1,2227.0,132,8,27,"(33, 30)",0,0.022461814914645103,83.44444444444444,34.925925925925924,full_trust,132,RECOVERY,203,"(26, 17)",False,0,False,2290
0,0.0,True,0.0,0.9979961418330303,0.9994462949655268,2231,0,2231.0,128,8,26,"(33, 50)",0,0.025202520252025202,86.38461538461539,42.03846153846154,full_trust,128,RECOVERY,207,"(27, 37)",False,1,False,2290
0,0.0,True,0.0,0.9907104425832994,0.9965195776124817,2215,1,2215.0,126,27,24,"(2, 41)",0,0.025202520252025202,95.33333333333333,51.041666666666664,full_trust,126,RECOVERY,204,"(31, 30)",False,2,False,2290
0,0.0,True,0.0,0.9,0.9,2232,1,2232.0,132,8,27,"(33, 30)",0,0.020664869721473494,83.44444444444444,34.925925925925924,full_trust,132,RECOVERY,203,"(27, 21)",False,0,False,2295
0,0.0,True,0.0,0.9979961418330303,0.9994462949655268,2236,0,2236.0,128,8,26,"(33, 50)",0,0.024302430243024302,86.38461538461539,42.03846153846154,full_trust,128,RECOVERY,207,"(27, 42)",False,1,False,2295
0,0.0,True,0.0,0.9907104425832994,0.9965195776124817,2220,1,2220.0,126,27,24,"(2, 41)",0,0.024302430243024302,95.33333333333333,51.041666666666664,full_trust,126,RECOVERY,204,"(29, 33)",False,2,False,2295
0,0.0,True,0.0,0.9,0.9,2237,1,2237.0,132,8,27,"(33, 30)",0,0.01937269372693727,83.44444444444444,34.925925925925924,full_trust,132,RECOVERY,204,"(28, 25)",False,0,False,2300
0,0.0,True,0.0,0.9979961418330303,0.9994462949655268,2241,0,2241.0,129,8,26,"(33, 50)",0,0.020351526364477335,86.38461538461539,42.03846153846154,full_trust,129,RECOVERY,208,"(28, 46)",False,1,False,2300
0,0.0,True,0.0,0.9907104425832994,0.9965195776124817,2225,1,2225.0,126,27,24,"(2, 41)",0,0.02127659574468085,95.33333333333333,51.041666666666664,full_trust,126,RECOVERY,205,"(27, 36)",False,2,False,2300
0,0.0,True,0.0,0.9,0.9,2242,1,2242.0,132,8,27,"(33, 30)",0,0.016605166051660517,83.44444444444444,34.925925925925924,full_trust,132,RECOVERY,204,"(28, 30)",False,0,False,2305
0,0.0,True,0.0,0.9979961418330303,0.9994462949655268,2246,0,2246.0,129,8,26,"(33, 50)",0,0.018501387604070305,86.38461538461539,42.03846153846154,full_trust,129,RECOVERY,208,"(31, 48)",False,1,False,2305
0,0.0,True,0.0,0.9907104425832994,0.9965195776124817,2230,1,2230.0,126,27,24,"(2, 41)",0,0.01757631822386679,95.33333333333333,51.041666666666664,full_trust,126,RECOVERY,205,"(23, 37)",False,2,False,2305
0,0.0,True,0.0,0.9,0.9,2247,1,2247.0,132,8,27,"(33, 30)",0,0.007380073800738007,83.44444444444444,34.925925925925924,full_trust,132,RECOVERY,204,"(33, 30)",False,0,False,2310
0,0.0,True,0.0,0.9979961418330303,0.9994462949655268,2250,0,2250.0,130,8,26,"(25, 2)",0,0.009250693802035153,86.38461538461539,42.03846153846154,full_trust,130,RECOVERY,209,"(33, 50)",False,1,False,2310
0,0.0,True,0.0,0.9907104425832994,0.9965195776124817,2235,1,2235.0,127,27,24,"(2, 41)",0,0.012025901942645698,95.33333333333333,51.041666666666664,full_trust,127,RECOVERY,206,"(19, 38)",False,2,False,2310
0,0.0,True,0.0,0.9,0.9,2251,1,2251.0,133,8,28,"(33, 8)",0,0.005535055350553505,82.53571428571429,35.0,full_trust,133,RECOVERY,205,"(29, 30)",False,0,False,2315
0,0.0,True,0.0,0.9979961418330303,0.9994462949655268,2255,0,2255.0,130,8,26,"(25, 2)",0,0.0074005550416281225,86.38461538461539,42.03846153846154,full_trust,130,RECOVERY,209,"(29, 49)",False,1,False,2315
0,0.0,True,0.0,0.9907104425832994,0.9965195776124817,2240,1,2240.0,127,27,24,"(2, 41)",0,0.010175763182238668,95.33333333333333,51.041666666666664,full_trust,127,RECOVERY,206,"(17, 41)",False,2,False,2315
0,0.0,True,0.0,0.9,0.9,2256,1,2256.0,133,8,28,"(33, 8)",0,0.0037488284910965324,82.53571428571429,35.0,full_trust,133,RECOVERY,205,"(29, 25)",False,0,False,2320
0,0.0,True,0.0,0.9979961418330303,0.9994462949655268,2260,0,2260.0,130,8,26,"(25, 2)",0,0.00749063670411985,86.38461538461539,42.03846153846154,full_trust,130,RECOVERY,209,"(27, 46)",False,1,False,2320
0,0.0,True,0.0,0.9907104425832994,0.9965195776124817,2245,1,2245.0,127,27,24,"(2, 41)",0,0.010309278350515464,95.33333333333333,51.041666666666664,full_trust,127,RECOVERY,206,"(12, 41)",False,2,False,2320
0,0.0,True,0.0,0.9,0.9,2261,1,2261.0,133,8,28,"(33, 8)",0,0.0037488284910965324,82.53571428571429,35.0,full_trust,133,RECOVERY,206,"(29, 20)",False,0,False,2325
0,0.0,True,0.0,0.9979961418330303,0.9994462949655268,2265,0,2265.0,131,8,26,"(25, 2)",0,0.00749063670411985,86.38461538461539,42.03846153846154,full_trust,131,RECOVERY,210,"(26, 42)",False,1,False,2325
0,0.0,True,0.0,0.9907104425832994,0.9965195776124817,2250,1,2250.0,127,27,24,"(2, 41)",0,0.010309278350515464,95.33333333333333,51.041666666666664,full_trust,127,RECOVERY,207,"(7, 41)",False,2,False,2325
0,0.0,True,0.0,0.9,0.9,2266,1,2266.0,133,8,28,"(33, 8)",0,0.004686035613870665,82.53571428571429,35.0,full_trust,133,RECOVERY,206,"(28, 16)",False,0,False,2330
0,0.0,True,0.0,0.9979961418330303,0.9994462949655268,2270,0,2270.0,131,8,26,"(25, 2)",0,0.0046816479400749065,86.38461538461539,42.03846153846154,full_trust,131,RECOVERY,210,"(25, 38)",False,1,False,2330
0,0.0,True,0.0,0.9907104425832994,0.9965195776124817,2255,1,2255.0,127,27,24,"(2, 41)",0,0.006560449859418931,95.33333333333333,51.041666666666664,full_trust,127,RECOVERY,207,"(2, 41)",False,2,False,2330
0,0.0,True,0.0,0.9,0.9,2271,1,2271.0,133,8,28,"(33, 8)",0,0.004686035613870665,82.53571428571429,35.0,full_trust,133,RECOVERY,206,"(28, 11)",False,0,False,2335
0,0.0,True,0.0,0.9982720902833818,0.9995048108144712,2275,0,2275.0,131,8,26,"(25, 2)",0,0.0046816479400749065,86.38461538461539,42.03846153846154,full_trust,131,RECOVERY,210,"(25, 33)",False,1,False,2335
0,0.0,True,0.0,0.9907104425832994,0.9965195776124817,2259,1,2259.0,128,27,24,"(21, 17)",0,0.006560449859418931,95.33333333333333,51.041666666666664,full_trust,128,RECOVERY,208,"(6, 41)",False,2,False,2335
0,0.0,True,0.0,0.9,0.9,2276,1,2276.0,133,8,28,"(33, 8)",0,0.00484027105517909,82.53571428571429,35.0,full_trust,133,RECOVERY,206,"(30, 8)",False,0,False,2340
0,0.0,True,0.0,0.9985619646050566,0.9995826135785596,2280,0,2280.0,131,8,26,"(25, 2)",0,0.00484027105517909,86.38461538461539,42.03846153846154,full_trust,131,RECOVERY,210,"(25, 28)",False,1,False,2340
0,0.0,True,0.0,0.9907104425832994,0.9965195776124817,2264,1,2264.0,128,27,24,"(21, 17)",0,0.006776379477250726,95.33333333333333,51.041666666666664,full_trust,128,RECOVERY,208,"(11, 41)",False,2,False,2340
0,0.0,True,0.0,0.9,0.9,2280,1,2280.0,134,8,28,"(2, 50)",0,0.00484027105517909,82.53571428571429,35.0,full_trust,134,RECOVERY,207,"(32, 8)",False,0,False,2345
0,0.0,True,0.0,0.9988016187015016,0.9996436660624495,2285,0,2285.0,131,8,26,"(25, 2)",0,0.00484027105517909,86.38461538461539,42.03846153846154,full_trust,131,RECOVERY,210,"(25, 23)",False,1,False,2345
0,0.0,True,0.0,0.9907104425832994,0.9965195776124817,2269,1,2269.0,128,27,24,"(21, 17)",0,0.006776379477250726,95.33333333333333,51.041666666666664,full_trust,128,RECOVERY,208,"(16, 41)",False,2,False,2345
0,0.0,True,0.0,0.9,0.9,2285,1,2285.0,135,8,28,"(2, 50)",0,0.00484027105517909,82.53571428571429,35.0,full_trust,135,RECOVERY,208,"(28, 9)",False,0,False,2350
0,0.0,True,0.0,0.999000246985585,0.9997004717133634,2290,0,2290.0,131,8,26,"(25, 2)",0,0.00484027105517909,86.38461538461539,42.03846153846154,full_trust,131,RECOVERY,211,"(25, 18)",False,1,False,2350
0,0.0,True,0.0,0.9907104425832994,0.9965195776124817,2274,1,2274.0,129,27,24,"(21, 17)",0,0.003872216844143272,95.33333333333333,51.041666666666664,full_trust,129,RECOVERY,209,"(18, 38)",False,2,False,2350
0,0.0,True,0.0,0.9,0.9,2290,1,2290.0,135,8,28,"(2, 50)",0,0.00484027105517909,82.53571428571429,35.0,full_trust,135,RECOVERY,208,"(26, 12)",False,0,False,2355
0,0.0,True,0.0,0.9991659333677256,0.9997541853748079,2295,0,2295.0,131,8,26,"(25, 2)",0,0.00484027105517909,86.38461538461539,42.03846153846154,full_trust,131,RECOVERY,211,"(25, 13)",False,1,False,2355
0,0.0,True,0.0,0.9907104425832994,0.9965195776124817,2279,1,2279.0,129,27,24,"(21, 17)",0,0.003872216844143272,95.33333333333333,51.041666666666664,full_trust,129,RECOVERY,209,"(21, 36)",False,2,False,2355
0,0.0,True,0.0,0.9,0.9,2295,1,2295.0,135,8,28,"(2, 50)",0,0.0038910505836575876,82.53571428571429,35.0,full_trust,135,RECOVERY,208,"(26, 17)",False,0,False,2360
0,0.0,True,0.0,0.9993067294279544,0.9998058992672557,2300,0,2300.0,131,8,26,"(25, 2)",0,0.0038910505836575876,86.38461538461539,42.03846153846154,full_trust,131,RECOVERY,211,"(25, 8)",False,1,False,2360
0,0.0,True,0.0,0.9912893019130068,0.9966898812744716,2284,1,2284.0,129,27,24,"(21, 17)",0,0.0029182879377431907,95.33333333333333,51.041666666666664,full_trust,129,RECOVERY,209,"(25, 35)",False,2,False,2360
0,0.0,True,0.0,0.9,0.9,2300,1,2300.0,135,8,28,"(2, 50)",0,0.0038910505836575876,82.53571428571429,35.0,full_trust,135,RECOVERY,208,"(21, 17)",False,0,False,2365
0,0.0,True,0.0,0.999423727266208,0.9998342036285028,2305,0,2305.0,131,8,26,"(25, 2)",0,0.0038910505836575876,86.38461538461539,42.03846153846154,full_trust,131,RECOVERY,211,"(25, 3)",False,1,False,2365
0,0.0,True,0.0,0.9925713210038073,0.9971339476951364,2289,1,2289.0,129,27,24,"(21, 17)",0,0.0029182879377431907,95.33333333333333,51.041666666666664,full_trust,129,RECOVERY,209,"(25, 30)",False,2,False,2365
0,0.0,True,0.0,0.9,0.9,2305,1,2305.0,135,8,28,"(2, 50)",0,0.0029182879377431907,82.53571428571429,35.0,full_trust,135,RECOVERY,208,"(18, 19)",False,0,False,2370
0,0.0,True,0.0,0.9994646055488116,0.9998457546113718,2309,0,2309.0,132,8,27,"(33, 8)",0,0.0038910505836575876,87.66666666666667,42.592592592592595,full_trust,132,RECOVERY,212,"(25, 5)",False,1,False,2370
0,0.0,True,0.0,0.9936608870970299,0.9975288739883296,2294,1,2294.0,129,27,24,"(21, 17)",0,0.0029182879377431907,95.33333333333333,51.041666666666664,full_trust,129,RECOVERY,209,"(25, 25)",False,2,False,2370
0,0.0,True,0.0,0.9,0.9,2310,1,2310.0,136,8,28,"(2, 50)",0,0.0029069767441860465,82.53571428571429,35.0,full_trust,136,RECOVERY,209,"(14, 20)",False,0,False,2375
0,0.0,True,0.0,0.9995024066555311,0.9998545587666152,2314,0,2314.0,132,8,27,"(33, 8)",0,0.003875968992248062,87.66666666666667,42.592592592592595,full_trust,132,RECOVERY,213,"(28, 7)",False,1,False,2375
0,0.0,True,0.0,0.9945909735302305,0.9979161919428123,2299,1,2299.0,129,27,24,"(21, 17)",0,0.0029069767441860465,95.33333333333333,51.041666666666664,full_trust,129,RECOVERY,210,"(25, 20)",False,2,False,2375
0,0.0,True,0.0,0.9,0.9,2315,1,2315.0,136,8,28,"(2, 50)",0,0.0019646365422396855,82.53571428571429,35.0,full_trust,136,RECOVERY,209,"(11, 22)",False,0,False,2380
0,0.0,True,0.0,0.999585261702908,0.9998779020229468,2319,0,2319.0,132,8,27,"(33, 8)",0,0.0029469548133595285,87.66666666666667,42.592592592592595,full_trust,132,RECOVERY,213,"(32, 8)",False,1,False,2380
0,0.0,True,0.0,0.9953974010471419,0.9983078876579156,2304,1,2304.0,129,27,24,"(21, 17)",0,0.0029354207436399216,95.33333333333333,51.041666666666664,full_trust,129,RECOVERY,210,"(23, 17)",False,2,False,2380
0,0.0,True,0.0,0.9,0.9,2320,1,2320.0,136,8,28,"(2, 50)",0,0.0019646365422396855,82.53571428571429,35.0,full_trust,136,RECOVERY,209,"(8, 24)",False,0,False,2385
0,0.0,True,0.0,0.9996145754560375,0.9998884447352175,2323,0,2323.0,133,8,27,"(13, 50)",0,0.0029469548133595285,87.66666666666667,42.592592592592595,full_trust,133,RECOVERY,214,"(30, 8)",False,1,False,2385
0,0.0,True,0.0,0.9958365063385228,0.998541953586713,2308,1,2308.0,130,27,25,"(33, 8)",0,0.0029354207436399216,95.32,51.08,full_trust,130,RECOVERY,211,"(23, 17)",False,2,False,2385
0,0.0,True,0.0,0.9,0.9,2325,1,2325.0,136,8,28,"(2, 50)",0,0.001953125,82.53571428571429,35.0,full_trust,136,RECOVERY,209,"(6, 27)",False,0,False,2390
0,0.0,True,0.0,0.9996546294237751,0.9998986583713773,2328,0,2328.0,133,8,27,"(13, 50)",0,0.001953125,87.66666666666667,42.592592592592595,full_trust,133,RECOVERY,214,"(28, 11)",False,1,False,2390
0,0.0,True,0.0,0.9961070304611036,0.9986350729881255,2313,1,2313.0,130,27,25,"(33, 8)",0,0.0019455252918287938,95.32,51.08,full_trust,130,RECOVERY,211,"(26, 15)",False,2,False,2390
0,0.0,True,0.0,0.9,0.9,2330,1,2330.0,136,8,28,"(2, 50)",0,0.001937984496124031,82.53571428571429,35.0,full_trust,136,RECOVERY,209,"(3, 29)",False,0,False,2395
0,0.0,True,0.0,0.9997014807777165,0.9999116212219697,2332,0,2332.0,133,9,27,"(13, 50)",0,0.001937984496124031,87.66666666666667,42.592592592592595,full_trust,133,RECOVERY,214,"(26, 13)",False,1,False,2395
0,0.0,True,0.0,0.9965966237081738,0.9988038995331175,2317,1,2317.0,130,28,25,"(33, 8)",0,0.0019305019305019305,95.32,51.08,full_trust,130,RECOVERY,211,"(26, 11)",False,2,False,2395
0,0.0,True,0.0,0.9,0.9,2335,1,2335.0,136,8,28,"(2, 50)",0,0.06292352371732816,82.53571428571429,35.0,full_trust,136,RECOVERY,210,"(3, 34)",False,0,False,2400
0,0.0,True,0.0,0.999741948338652,0.9999236506008615,2337,0,2337.0,133,9,27,"(13, 50)",0,0.061955469506292354,87.66666666666667,42.592592592592595,full_trust,133,RECOVERY,215,"(26, 18)",False,1,False,2400
0,0.0,True,0.0,0.9970218985460525,0.9989309125135439,2322,1,2322.0,132,28,25,"(33, 8)",0,0.060019361084220714,95.32,51.08,full_trust,132,RECOVERY,214,"(28, 8)",False,2,False,2400
0,0.0,True,0.0,0.9,0.9,2340,1,2340.0,136,8,28,"(2, 50)",0,0.06286266924564797,82.53571428571429,35.0,full_trust,136,RECOVERY,210,"(3, 39)",False,0,False,2405
0,0.0,True,0.0,0.999741948338652,0.9999236506008615,2342,0,2342.0,133,9,27,"(13, 50)",0,0.061895551257253385,87.66666666666667,42.592592592592595,full_trust,133,RECOVERY,215,"(26, 23)",False,1,False,2405
0,0.0,True,0.0,0.9970218985460525,0.9989309125135439,2327,1,2327.0,132,28,25,"(33, 8)",0,0.05705996131528046,95.32,51.08,full_trust,132,RECOVERY,214,"(33, 8)",False,2,False,2405
0,0.0,True,0.0,0.9,0.9,2345,1,2345.0,136,8,28,"(2, 50)",0,0.05662188099808062,82.53571428571429,35.0,full_trust,136,RECOVERY,210,"(3, 44)",False,0,False,2410
0,0.0,True,0.0,0.999741948338652,0.9999236506008615,2347,0,2347.0,133,9,27,"(13, 50)",0,0.05758157389635317,87.66666666666667,42.592592592592595,full_trust,133,RECOVERY,215,"(26, 28)",False,1,False,2410
0,0.0,True,0.0,0.9970218985460525,0.9989309125135439,2331,1,2331.0,133,28,25,"(21, 17)",0,0.05470249520153551,95.32,51.08,full_trust,133,RECOVERY,215,"(29, 8)",False,2,False,2410
0,0.0,True,0.0,0.9,0.9,2350,1,2350.0,136,8,28,"(2, 50)",0,0.04861773117254528,82.53571428571429,35.0,full_trust,136,RECOVERY,210,"(3, 49)",False,0,False,2415
0,0.0,True,0.0,0.999741948338652,0.9999236506008615,2352,0,2352.0,133,9,27,"(13, 50)",0,0.05052430886558627,87.66666666666667,42.592592592592595,full_trust,133,RECOVERY,215,"(25, 32)",False,1,False,2415
0,0.0,True,0.0,0.9970218985460525,0.9989309125135439,2336,1,2336.0,133,28,25,"(21, 17)",0,0.05052430886558627,95.32,51.08,full_trust,133,RECOVERY,215,"(28, 12)",False,2,False,2415
0,0.0,True,0.0,0.9,0.9,2354,1,2354.0,137,8,29,"(33, 50)",0,0.03619047619047619,83.37931034482759,36.3448275862069,full_trust,137,RECOVERY,211,"(3, 49)",False,0,False,2420
0,0.0,True,0.0,0.999741948338652,0.9999236506008615,2357,0,2357.0,133,9,27,"(13, 50)",0,0.04,87.66666666666667,42.592592592592595,full_trust,133,RECOVERY,215,"(25, 37)",False,1,False,2420
0,0.0,True,0.0,0.9970218985460525,0.9989309125135439,2341,1,2341.0,133,28,25,"(21, 17)",0,0.039047619047619046,95.32,51.08,full_trust,133,RECOVERY,215,"(25, 14)",False,2,False,2420
0,0.0,True,0.0,0.9,0.9,2359,1,2359.0,137,8,29,"(33, 50)",0,0.03330161750713606,83.37931034482759,36.3448275862069,full_trust,137,RECOVERY,212,"(5, 46)",False,0,False,2425
0,0.0,True,0.0,0.999741948338652,0.9999236506008615,2362,0,2362.0,134,9,27,"(13, 50)",0,0.038058991436726926,87.66666666666667,42.592592592592595,full_trust,134,RECOVERY,216,"(25, 42)",False,1,False,2425
0,0.0,True,0.0,0.9970218985460525,0.9989309125135439,2346,1,2346.0,133,28,25,"(21, 17)",0,0.038058991436726926,95.32,51.08,full_trust,133,RECOVERY,216,"(23, 17)",False,2,False,2425
0,0.0,True,0.0,0.9,0.9,2364,1,2364.0,137,8,29,"(33, 50)",0,0.03277153558052434,83.37931034482759,36.3448275862069,full_trust,137,RECOVERY,212,"(10, 46)",False,0,False,2430
0,0.0,True,0.0,0.999741948338652,0.9999236506008615,2367,0,2367.0,134,9,27,"(13, 50)",0,0.03651685393258427,87.66666666666667,42.592592592592595,full_trust,134,RECOVERY,216,"(25, 47)",False,1,False,2430
0,0.0,True,0.0,0.9970218985460525,0.9989309125135439,2350,1,2350.0,134,28,26,"(13, 50)",0,0.03651685393258427,93.38461538461539,49.96153846153846,full_trust,134,RECOVERY,217,"(23, 17)",False,2,False,2430
0,0.0,True,0.0,0.9,0.9,2369,1,2369.0,137,8,29,"(33, 50)",0,0.03099361896080219,83.37931034482759,36.3448275862069,full_trust,137,RECOVERY,212,"(12, 49)",False,0,False,2435
0,0.0,True,0.0,0.999741948338652,0.9999236506008615,2372,0,2372.0,134,9,27,"(13, 50)",0,0.03463992707383774,87.66666666666667,42.592592592592595,full_trust,134,RECOVERY,216,"(22, 49)",False,1,False,2435
0,0.0,True,0.0,0.9970218985460525,0.9989309125135439,2355,1,2355.0,134,28,26,"(13, 50)",0,0.03372835004557885,93.38461538461539,49.96153846153846,full_trust,134,RECOVERY,217,"(25, 20)",False,2,False,2435
0,0.0,True,0.0,0.9,0.9,2374,1,2374.0,137,8,29,"(33, 50)",0,0.030658250676284943,83.37931034482759,36.3448275862069,full_trust,137,RECOVERY,212,"(17, 49)",False,0,False,2440
0,0.0,True,0.0,0.9997769826974975,0.9999354676213378,2376,0,2376.0,134,10,27,"(13, 50)",0,0.034265103697024346,87.66666666666667,42.592592592592595,full_trust,134,RECOVERY,216,"(18, 49)",False,1,False,2440
0,0.0,True,0.0,0.9970218985460525,0.9989309125135439,2360,1,2360.0,134,28,26,"(13, 50)",0,0.029756537421100092,93.38461538461539,49.96153846153846,full_trust,134,RECOVERY,217,"(24, 24)",False,2,False,2440
0,0.0,True,0.0,0.9,0.9,2378,1,2378.0,137,9,29,"(33, 50)",0,0.029756537421100092,83.37931034482759,36.3448275862069,full_trust,137,RECOVERY,212,"(21, 49)",False,0,False,2445
0,0.0,True,0.0,0.9998147703612885,0.9999485347232827,2381,0,2381.0,136,10,27,"(13, 50)",0,0.032461677186654644,87.66666666666667,42.592592592592595,full_trust,136,RECOVERY,218,"(15, 47)",False,1,False,2445
0,0.0,True,0.0,0.9970218985460525,0.9989309125135439,2365,1,2365.0,134,28,26,"(13, 50)",0,0.024346257889990983,93.38461538461539,49.96153846153846,full_trust,134,RECOVERY,217,"(24, 29)",False,2,False,2445
0,0.0,True,0.0,0.9,0.9,2383,1,2383.0,137,9,29,"(33, 50)",0,0.028854824165915238,83.37931034482759,36.3448275862069,full_trust,137,RECOVERY,213,"(26, 49)",False,0,False,2450
0,0.0,True,0.0,0.9998463851561016,0.9999574243238559,2386,0,2386.0,136,10,27,"(13, 50)",0,0.029756537421100092,87.66666666666667,42.592592592592595,full_trust,136,RECOVERY,219,"(13, 50)",False,1,False,2450
0,0.0,True,0.0,0.9970218985460525,0.9989309125135439,2370,1,2370.0,135,28,26,"(13, 50)",0,0.02164111812443643,93.38461538461539,49.96153846153846,full_trust,135,RECOVERY,218,"(23, 33)",False,2,False,2450
0,0.0,True,0.0,0.9,0.9,2388,1,2388.0,137,9,29,"(33, 50)",0,0.028854824165915238,83.37931034482759,36.3448275862069,full_trust,137,RECOVERY,213,"(30, 50)",False,0,False,2455
0,0.0,True,0.0,0.9998574189661845,0.999960329541342,2389,0,2389.0,137,10,28,"(2, 20)",0,0.029756537421100092,87.53571428571429,43.535714285714285,full_trust,137,RECOVERY,221,"(13, 47)",False,1,False,2455
0,0.0,True,0.0,0.9970218985460525,0.9989309125135439,2375,1,2375.0,135,28,26,"(13, 50)",0,0.02164111812443643,93.38461538461539,49.96153846153846,full_trust,135,RECOVERY,218,"(21, 36)",False,2,False,2455
0,0.0,True,0.0,0.9,0.9,2392,1,2392.0,138,9,29,"(13, 50)",0,0.01981981981981982,83.37931034482759,36.3448275862069,full_trust,138,RECOVERY,214,"(32, 50)",False,0,False,2460
0,0.0,True,0.0,0.9998771606949833,0.9999660429169984,2394,0,2394.0,137,10,28,"(2, 20)",0,0.02072072072072072,87.53571428571429,43.535714285714285,full_trust,137,RECOVERY,221,"(12, 43)",False,1,False,2460
0,0.0,True,0.0,0.9970218985460525,0.9989309125135439,2380,1,2380.0,135,28,26,"(13, 50)",0,0.017117117117117116,93.38461538461539,49.96153846153846,full_trust,135,RECOVERY,218,"(18, 38)",False,2,False,2460
0,0.0,True,0.0,0.9,0.9,2397,1,2397.0,138,9,29,"(13, 50)",0,0.017009847806624886,83.37931034482759,36.3448275862069,full_trust,138,RECOVERY,214,"(28, 49)",False,0,False,2465
0,0.0,True,0.0,0.9998859942663688,0.9999683234071751,2399,0,2399.0,137,10,28,"(2, 20)",0,0.017905102954341987,87.53571428571429,43.535714285714285,full_trust,137,RECOVERY,221,"(12, 38)",False,1,False,2465
0,0.0,True,0.0,0.9974738238736667,0.9990753552683923,2385,1,2385.0,135,28,26,"(13, 50)",0,0.01521933751119069,93.38461538461539,49.96153846153846,full_trust,135,RECOVERY,218,"(16, 41)",False,2,False,2465
0,0.0,True,0.0,0.9,0.9,2402,1,2402.0,138,9,29,"(13, 50)",0,0.015957446808510637,83.37931034482759,36.3448275862069,full_trust,138,RECOVERY,214,"(23, 49)",False,0,False,2470
0,0.0,True,0.0,0.9998901525401429,0.9999691597418495,2404,0,2404.0,137,10,28,"(2, 20)",0,0.018617021276595744,87.53571428571429,43.535714285714285,full_trust,137,RECOVERY,221,"(12, 33)",False,1,False,2470
0,0.0,True,0.0,0.9978537298421157,0.9991996270168478,2390,1,2390.0,135,28,26,"(13, 50)",0,0.015070921985815602,93.38461538461539,49.96153846153846,full_trust,135,RECOVERY,218,"(13, 43)",False,2,False,2470
0,0.0,True,0.0,0.9,0.9,2407,1,2407.0,138,9,29,"(13, 50)",0,0.01588702559576346,83.37931034482759,36.3448275862069,full_trust,138,RECOVERY,215,"(18, 49)",False,0,False,2475
0,0.0,True,0.0,0.9998901525401429,0.9999691597418495,2409,0,2409.0,137,10,28,"(2, 20)",0,0.019417475728155338,87.53571428571429,43.535714285714285,full_trust,137,RECOVERY,222,"(12, 28)",False,1,False,2475
0,0.0,True,0.0,0.9981767455509808,0.9993297834766873,2395,1,2395.0,135,28,26,"(13, 50)",0,0.01676963812886143,93.38461538461539,49.96153846153846,full_trust,135,RECOVERY,219,"(13, 48)",False,2,False,2475
0,0.0,True,0.0,0.9,0.9,2412,1,2412.0,138,9,29,"(13, 50)",0,0.015057573073516387,83.37931034482759,36.3448275862069,full_trust,138,RECOVERY,215,"(14, 50)",False,0,False,2480
0,0.0,True,0.0,0.9998901525401429,0.9999691597418495,2414,0,2414.0,137,10,28,"(2, 20)",0,0.018600531443755536,87.53571428571429,43.535714285714285,full_trust,137,RECOVERY,222,"(12, 23)",False,1,False,2480
0,0.0,True,0.0,0.9984586963597005,0.9994821405236453,2399,1,2399.0,136,28,26,"(15, 2)",0,0.015943312666076175,93.38461538461539,49.96153846153846,full_trust,136,RECOVERY,220,"(13, 48)",False,2,False,2480
0,0.0,True,0.0,0.9,0.9,2416,1,2416.0,139,9,30,"(2, 41)",0,0.015057573073516387,82.73333333333333,35.9,full_trust,139,RECOVERY,216,"(12, 48)",False,0,False,2485
0,0.0,True,0.0,0.9998901525401429,0.9999691597418495,2419,0,2419.0,137,10,28,"(2, 20)",0,0.018600531443755536,87.53571428571429,43.535714285714285,full_trust,137,RECOVERY,222,"(10, 20)",False,1,False,2485
0,0.0,True,0.0,0.9987067905843342,0.9995897010010487,2404,1,2404.0,136,28,26,"(15, 2)",0,0.015943312666076175,93.38461538461539,49.96153846153846,full_trust,136,RECOVERY,220,"(15, 45)",False,2,False,2485
0,0.0,True,0.0,0.9,0.9,2421,1,2421.0,139,9,30,"(2, 41)",0,0.015057573073516387,82.73333333333333,35.9,full_trust,139,RECOVERY,216,"(10, 45)",False,0,False,2490
0,0.0,True,0.0,0.9998901525401429,0.9999691597418495,2424,0,2424.0,137,10,28,"(2, 20)",0,0.018600531443755536,87.53571428571429,43.535714285714285,full_trust,137,RECOVERY,222,"(5, 20)",False,1,False,2490
0,0.0,True,0.0,0.9989206287419597,0.9996838903502714,2409,1,2409.0,136,28,26,"(15, 2)",0,0.01771479185119575,93.38461538461539,49.96153846153846,full_trust,136,RECOVERY,220,"(15, 40)",False,2,False,2490
0,0.0,True,0.0,0.9,0.9,2426,1,2426.0,139,9,30,"(2, 41)",0,0.01504424778761062,82.73333333333333,35.9,full_trust,139,RECOVERY,216,"(5, 45)",False,0,False,2495
0,0.0,True,0.0,0.9998901525401429,0.9999691597418495,2428,0,2428.0,138,10,29,"(2, 41)",0,0.018584070796460177,86.0,43.48275862068966,full_trust,138,RECOVERY,223,"(2, 21)",False,1,False,2495
0,0.0,True,0.0,0.9989594211859809,0.9996964776223841,2414,1,2414.0,136,28,26,"(15, 2)",0,0.017699115044247787,93.38461538461539,49.96153846153846,full_trust,136,RECOVERY,220,"(15, 35)",False,2,False,2495
