active_fake_claim_count,attacker_attributable_cost_on_route,attacker_is_trusted,attacker_route_cost_delta,attacker_source_memory,attacker_trust,benign_movement_steps,benign_no_path_steps,benign_total_distance,benign_total_replans,benign_traffic_wait_steps,deliveries_completed,goal,influential_fake_claim_count,map_error,mean_delivery_cycle_time_steps,mean_delivery_time_steps,method,path_changes,phase,planning_checks,position,preferred_route_affected_by_attacker,robot_id,route_affected_by_attacker,step
0,0.0,True,0.0,0.9,0.9,1,0,1.0,1,0,0,"(2, 50)",0,0.0,,,latest_report,1,RECONNAISSANCE,1,"(7, 8)",False,0,False,0
0,0.0,True,0.0,0.9,0.9,1,0,1.0,1,0,0,"(2, 50)",0,0.0,,,latest_report,1,RECONNAISSANCE,1,"(27, 41)",False,1,False,0
0,0.0,True,0.0,0.9,0.9,1,0,1.0,1,0,0,"(33, 50)",0,0.0,,,latest_report,1,RECONNAISSANCE,1,"(7, 42)",False,2,False,0
0,0.0,True,0.0,0.9,0.9,6,0,6.0,1,0,0,"(2, 50)",0,0.0,,,latest_report,1,RECONNAISSANCE,1,"(12, 8)",False,0,False,5
0,0.0,True,0.0,0.9,0.9,6,0,6.0,1,0,0,"(2, 50)",0,0.0,,,latest_report,1,RECONNAISSANCE,1,"(23, 40)",False,1,False,5
0,0.0,True,0.0,0.9,0.9,6,0,6.0,1,0,0,"(33, 50)",0,0.0,,,latest_report,1,RECONNAISSANCE,1,"(9, 45)",False,2,False,5
0,0.0,True,0.0,0.9,0.9,11,0,11.0,1,0,0,"(2, 50)",0,0.0,,,latest_report,1,RECONNAISSANCE,1,"(13, 12)",False,0,False,10
0,0.0,True,0.0,0.9,0.9,11,0,11.0,1,0,0,"(2, 50)",0,0.0,,,latest_report,1,RECONNAISSANCE,1,"(18, 40)",False,1,False,10
0,0.0,True,0.0,0.9,0.9,11,0,11.0,1,0,0,"(33, 50)",0,0.0,,,latest_report,1,RECONNAISSANCE,1,"(12, 47)",False,2,False,10
0,0.0,True,0.0,0.9,0.9,16,0,16.0,1,0,0,"(2, 50)",0,0.0,,,latest_report,1,RECONNAISSANCE,1,"(14, 16)",False,0,False,15
0,0.0,True,0.0,0.9,0.9,16,0,16.0,1,0,0,"(2, 50)",0,0.0,,,latest_report,1,RECONNAISSANCE,1,"(13, 40)",False,1,False,15
0,0.0,True,0.0,0.9,0.9,16,0,16.0,1,0,0,"(33, 50)",0,0.0,,,latest_report,1,RECONNAISSANCE,1,"(15, 49)",False,2,False,15
0,0.0,True,0.0,0.9,0.9,21,0,21.0,1,0,0,"(2, 50)",0,0.0,,,latest_report,1,RECONNAISSANCE,1,"(13, 20)",False,0,False,20
0,0.0,True,0.0,0.9,0.9,21,0,21.0,1,0,0,"(2, 50)",0,0.0,,,latest_report,1,RECONNAISSANCE,1,"(9, 41)",False,1,False,20
0,0.0,True,0.0,0.9,0.9,21,0,21.0,1,0,0,"(33, 50)",0,0.0,,,latest_report,1,RECONNAISSANCE,1,"(20, 49)",False,2,False,20
0,0.0,True,0.0,0.9,0.9,26,0,26.0,3,0,0,"(2, 50)",0,0.0,,,latest_report,3,RECONNAISSANCE,3,"(12, 24)",False,0,False,25
0,0.0,True,0.0,0.9,0.9,26,0,26.0,1,0,0,"(2, 50)",0,0.0,,,latest_report,1,RECONNAISSANCE,2,"(4, 41)",False,1,False,25
0,0.0,True,0.0,0.9,0.9,26,0,26.0,1,0,0,"(33, 50)",0,0.0,,,latest_report,1,RECONNAISSANCE,2,"(24, 50)",False,2,False,25
0,0.0,True,0.0,0.9,0.9,31,0,31.0,3,0,0,"(2, 50)",0,0.0,,,latest_report,3,RECONNAISSANCE,3,"(12, 29)",False,0,False,30
0,0.0,True,0.0,0.9,0.9,31,0,31.0,1,0,0,"(2, 50)",0,0.0,,,latest_report,1,RECONNAISSANCE,2,"(3, 45)",False,1,False,30
0,0.0,True,0.0,0.9,0.9,31,0,31.0,1,0,0,"(33, 50)",0,0.0,,,latest_report,1,RECONNAISSANCE,2,"(29, 50)",False,2,False,30
0,0.0,True,0.0,0.9,0.9,36,0,36.0,3,0,0,"(2, 50)",0,0.0,,,latest_report,3,RECONNAISSANCE,3,"(10, 32)",False,0,False,35
0,0.0,True,0.0,0.9,0.9,36,0,36.0,1,0,0,"(2, 50)",0,0.0,,,latest_report,1,RECONNAISSANCE,2,"(3, 50)",False,1,False,35
0,0.0,True,0.0,0.9,0.9,35,0,35.0,2,0,0,"(13, 15)",0,0.0,,,latest_report,2,RECONNAISSANCE,3,"(33, 50)",False,2,False,35
0,0.0,True,0.0,0.9,0.9,41,0,41.0,3,0,0,"(2, 50)",0,0.0,,,latest_report,3,RECONNAISSANCE,3,"(5, 32)",False,0,False,40
0,0.0,True,0.0,0.9,0.9,40,0,40.0,2,0,0,"(15, 2)",0,0.0,,,latest_report,2,RECONNAISSANCE,3,"(4, 49)",False,1,False,40
0,0.0,True,0.0,0.9,0.9,40,0,40.0,2,0,0,"(13, 15)",0,0.0,,,latest_report,2,RECONNAISSANCE,3,"(30, 48)",False,2,False,40
0,0.0,True,0.0,0.9,0.9,46,0,46.0,3,0,0,"(2, 50)",0,0.0,,,latest_report,3,RECONNAISSANCE,3,"(3, 35)",False,0,False,45
0,0.0,True,0.0,0.9,0.9,45,0,45.0,2,0,0,"(15, 2)",0,0.0,,,latest_report,2,RECONNAISSANCE,3,"(6, 46)",False,1,False,45
0,0.0,True,0.0,0.9,0.9,45,0,45.0,2,0,0,"(13, 15)",0,0.0,,,latest_report,2,RECONNAISSANCE,3,"(28, 45)",False,2,False,45
0,0.0,True,0.0,0.9,0.9,51,0,51.0,3,0,0,"(2, 50)",0,0.0,,,latest_report,3,RECONNAISSANCE,4,"(3, 40)",False,0,False,50
0,0.0,True,0.0,0.900067776291975,0.9013555258394995,50,0,50.0,3,0,0,"(15, 2)",0,0.0,,,latest_report,3,RECONNAISSANCE,4,"(7, 42)",False,1,False,50
0,0.0,True,0.0,0.9,0.9,50,0,50.0,3,0,0,"(13, 15)",0,0.0,,,latest_report,3,RECONNAISSANCE,4,"(25, 43)",False,2,False,50
0,0.0,True,0.0,0.9,0.9,56,0,56.0,3,0,0,"(2, 50)",0,0.0,,,latest_report,3,RECONNAISSANCE,4,"(3, 45)",False,0,False,55
0,0.0,True,0.0,0.9012894446415387,0.9076794195353138,55,0,55.0,3,0,0,"(15, 2)",0,0.0,,,latest_report,3,RECONNAISSANCE,4,"(9, 39)",False,1,False,55
0,0.0,True,0.0,0.9,0.9,55,0,55.0,3,0,0,"(13, 15)",0,0.0,,,latest_report,3,RECONNAISSANCE,4,"(24, 39)",False,2,False,55
0,0.0,True,0.0,0.9,0.9,61,0,61.0,3,0,0,"(2, 50)",0,0.0,,,latest_report,3,RECONNAISSANCE,4,"(3, 50)",False,0,False,60
0,0.0,True,0.0,0.9033901555057613,0.9122648896639579,60,0,60.0,3,0,0,"(15, 2)",0,0.0,,,latest_report,3,RECONNAISSANCE,4,"(11, 36)",False,1,False,60
0,0.0,True,0.0,0.9,0.9,60,0,60.0,3,0,0,"(13, 15)",0,0.0,,,latest_report,3,RECONNAISSANCE,4,"(19, 39)",False,2,False,60
0,0.0,True,0.0,0.9,0.9,65,0,65.0,5,0,0,"(15, 2)",0,0.0,,,latest_report,5,RECONNAISSANCE,6,"(3, 48)",False,0,False,65
0,0.0,True,0.0,0.9059709942373868,0.9161935267400246,65,0,65.0,3,0,0,"(15, 2)",0,0.0,,,latest_report,3,RECONNAISSANCE,4,"(15, 35)",False,1,False,65
0,0.0,True,0.0,0.900591235924169,0.9043069186401189,65,0,65.0,3,0,0,"(13, 15)",0,0.0,,,latest_report,3,RECONNAISSANCE,4,"(14, 39)",False,2,False,65
0,0.0,True,0.0,0.9,0.9,70,0,70.0,10,0,0,"(15, 2)",0,0.0014044943820224719,,,latest_report,10,RECONNAISSANCE,11,"(3, 43)",False,0,False,70
0,0.0,True,0.0,0.9087533936267425,0.9194861853368842,70,0,70.0,3,0,0,"(15, 2)",0,0.0,,,latest_report,3,RECONNAISSANCE,4,"(15, 30)",False,1,False,70
0,0.0,True,0.0,0.9020900586951707,0.9089094912308952,70,0,70.0,3,0,0,"(13, 15)",0,0.0,,,latest_report,3,RECONNAISSANCE,4,"(14, 34)",False,2,False,70
0,0.0,True,0.0,0.9,0.9,75,0,75.0,15,0,0,"(15, 2)",0,0.001379310344827586,,,latest_report,15,RECONNAISSANCE,16,"(3, 38)",False,0,False,75
0,0.0,True,0.0,0.9116094095728006,0.9225056124718821,75,0,75.0,3,0,0,"(15, 2)",0,0.0,,,latest_report,3,RECONNAISSANCE,5,"(15, 25)",False,1,False,75
0,0.0,True,0.0,0.9041854297083931,0.9127467201881545,75,0,75.0,3,0,0,"(13, 15)",0,0.0,,,latest_report,3,RECONNAISSANCE,5,"(14, 29)",False,2,False,75
0,0.0,True,0.0,0.9,0.9,80,0,80.0,20,0,0,"(15, 2)",0,0.0013717421124828531,,,latest_report,20,RECONNAISSANCE,21,"(6, 36)",False,0,False,80
0,0.0,True,0.0,0.9144736055694803,0.9253589775503147,80,0,80.0,3,0,0,"(15, 2)",0,0.0,,,latest_report,3,RECONNAISSANCE,5,"(15, 20)",False,1,False,80
0,0.0,True,0.0,0.9065963265022622,0.916088561010613,80,0,80.0,3,0,0,"(13, 15)",0,0.0,,,latest_report,3,RECONNAISSANCE,5,"(14, 24)",False,2,False,80
0,0.0,True,0.0,0.9,0.9,85,0,85.0,22,0,0,"(15, 2)",0,0.0,,,latest_report,22,RECONNAISSANCE,26,"(7, 32)",False,0,False,85
0,0.0,True,0.0,0.9173416928428588,0.9282119109903798,85,0,85.0,3,0,0,"(15, 2)",0,0.0,,,latest_report,3,RECONNAISSANCE,5,"(15, 15)",False,1,False,85
0,0.0,True,0.0,0.909174741934949,0.919131129660626,85,0,85.0,3,0,0,"(13, 15)",0,0.0,,,latest_report,3,RECONNAISSANCE,5,"(14, 19)",False,2,False,85
0,0.0,True,0.0,0.9,0.9,90,0,90.0,24,0,0,"(15, 2)",0,0.0,,,latest_report,24,RECONNAISSANCE,31,"(7, 27)",False,0,False,90
0,0.0,True,0.0,0.9201548484134393,0.9307391639862481,90,0,90.0,3,0,0,"(15, 2)",0,0.0,,,latest_report,3,RECONNAISSANCE,5,"(15, 10)",False,1,False,90
0,0.0,True,0.0,0.9118655735307457,0.9222083667137579,90,0,90.0,3,0,0,"(13, 15)",0,0.0,,,latest_report,3,RECONNAISSANCE,5,"(13, 15)",False,2,False,90
0,0.0,True,0.0,0.9,0.9,95,0,95.0,24,0,0,"(15, 2)",0,0.0,,,latest_report,24,RECONNAISSANCE,33,"(12, 27)",False,0,False,95
0,0.0,True,0.0,0.922872783457484,0.9330877234382596,95,0,95.0,3,0,0,"(15, 2)",0,0.0,,,latest_report,3,RECONNAISSANCE,5,"(15, 5)",False,1,False,95
0,0.0,True,0.0,0.914080760146323,0.9246166197040018,94,0,94.0,4,0,1,"(15, 2)",0,0.0,91.0,56.0,latest_report,4,RECONNAISSANCE,6,"(13, 11)",False,2,False,95
0,0.0,True,0.0,0.9,0.9,100,0,100.0,25,0,0,"(15, 2)",0,0.0,,,latest_report,25,RECONNAISSANCE,34,"(13, 23)",False,0,False,100
0,0.0,True,0.0,0.922872783457484,0.9330877234382596,99,0,99.0,4,0,1,"(12, 50)",0,0.0,99.0,62.0,latest_report,4,RECONNAISSANCE,7,"(14, 2)",False,1,False,100
0,0.0,True,0.0,0.9168354584268208,0.9272216491225221,99,0,99.0,4,0,1,"(15, 2)",0,0.0,91.0,56.0,latest_report,4,RECONNAISSANCE,7,"(15, 8)",False,2,False,100
0,0.0,True,0.0,0.9,0.9,105,0,105.0,25,0,0,"(15, 2)",0,0.0,,,latest_report,25,RECONNAISSANCE,34,"(15, 20)",False,0,False,105
0,0.0,True,0.0,0.9234132129834373,0.9336813739765484,104,0,104.0,4,0,1,"(12, 50)",0,0.0,99.0,62.0,latest_report,4,RECONNAISSANCE,7,"(14, 7)",False,1,False,105
0,0.0,True,0.0,0.9184510257069237,0.9286653192464979,104,0,104.0,4,0,1,"(15, 2)",0,0.0,91.0,56.0,latest_report,4,RECONNAISSANCE,7,"(15, 3)",False,2,False,105
0,0.0,True,0.0,0.9,0.9,110,0,110.0,25,0,0,"(15, 2)",0,0.0,,,latest_report,25,RECONNAISSANCE,34,"(15, 15)",False,0,False,110
0,0.0,True,0.0,0.9250235092900486,0.9353315425550969,109,0,109.0,4,0,1,"(12, 50)",0,0.0,99.0,62.0,latest_report,4,RECONNAISSANCE,7,"(14, 12)",False,1,False,110
0,0.0,True,0.0,0.9184510257069237,0.9286653192464979,108,0,108.0,5,0,1,"(24, 45)",0,0.0,91.0,56.0,latest_report,5,RECONNAISSANCE,8,"(15, 5)",False,2,False,110
0,0.0,True,0.0,0.9,0.9,115,0,115.0,25,0,0,"(15, 2)",0,0.0,,,latest_report,25,RECONNAISSANCE,34,"(15, 10)",False,0,False,115
0,0.0,True,0.0,0.9279094608717712,0.9392434410490059,114,0,114.0,4,0,1,"(12, 50)",0,0.0,99.0,62.0,latest_report,4,RECONNAISSANCE,7,"(14, 17)",False,1,False,115
0,0.0,True,0.0,0.920662414370985,0.931496779075358,113,0,113.0,5,0,1,"(24, 45)",0,0.0,91.0,56.0,latest_report,5,RECONNAISSANCE,8,"(16, 9)",False,2,False,115
0,0.0,True,0.0,0.9,0.9,120,0,120.0,25,0,0,"(15, 2)",0,0.0,,,latest_report,25,RECONNAISSANCE,34,"(15, 5)",False,0,False,120
0,0.0,True,0.0,0.9308946611376865,0.9420787828721302,119,0,119.0,4,0,1,"(12, 50)",0,0.0,99.0,62.0,latest_report,4,RECONNAISSANCE,7,"(14, 22)",False,1,False,120
0,0.0,True,0.0,0.9236747276034132,0.9354305988546486,118,0,118.0,5,0,1,"(24, 45)",0,0.0,91.0,56.0,latest_report,5,RECONNAISSANCE,8,"(16, 14)",False,2,False,120
0,0.0,True,0.0,0.9,0.9,124,0,124.0,26,0,1,"(3, 8)",0,0.0,124.0,62.0,latest_report,26,RECONNAISSANCE,36,"(14, 2)",False,0,False,125
0,0.0,True,0.0,0.9337711211448224,0.9445447072442003,124,0,124.0,5,0,1,"(12, 50)",0,0.0,99.0,62.0,latest_report,5,RECONNAISSANCE,8,"(13, 26)",False,1,False,125
0,0.0,True,0.0,0.9267435321825941,0.9382593391100938,123,0,123.0,6,0,1,"(24, 45)",0,0.0,91.0,56.0,latest_report,6,RECONNAISSANCE,9,"(16, 19)",False,2,False,125
0,0.0,True,0.0,0.9,0.9,129,0,129.0,26,0,1,"(3, 8)",0,0.0012919896640826874,124.0,62.0,latest_report,26,RECONNAISSANCE,36,"(13, 6)",False,0,False,130
0,0.0,True,0.0,0.9359973515421502,0.9465276427775264,129,0,129.0,5,0,1,"(12, 50)",0,0.0,99.0,62.0,latest_report,5,RECONNAISSANCE,8,"(12, 30)",False,1,False,130
0,0.0,True,0.0,0.9296857028842227,0.9405945974067925,128,0,128.0,6,0,1,"(24, 45)",0,0.0,91.0,56.0,latest_report,6,RECONNAISSANCE,9,"(18, 22)",False,2,False,130
0,0.0,True,0.0,0.9,0.9,134,0,134.0,26,0,1,"(3, 8)",0,0.0012658227848101266,124.0,62.0,latest_report,26,RECONNAISSANCE,36,"(10, 8)",False,0,False,135
0,0.0,True,0.0,0.9387035404683566,0.948829326115772,134,0,134.0,5,0,1,"(12, 50)",0,0.0,99.0,62.0,latest_report,5,RECONNAISSANCE,8,"(10, 33)",False,1,False,135
0,0.0,True,0.0,0.9313623222067263,0.9418469058669628,133,0,133.0,6,0,1,"(24, 45)",0,0.0,91.0,56.0,latest_report,6,RECONNAISSANCE,9,"(19, 26)",False,2,False,135
0,0.0,True,0.0,0.9,0.9,139,0,139.0,26,0,1,"(3, 8)",0,0.0012376237623762376,124.0,62.0,latest_report,26,RECONNAISSANCE,36,"(5, 8)",False,0,False,140
0,0.0,True,0.0,0.9412702378136748,0.9508018833959833,139,0,139.0,5,0,1,"(12, 50)",0,0.0,99.0,62.0,latest_report,5,RECONNAISSANCE,8,"(10, 38)",False,1,False,140
0,0.0,True,0.0,0.9340323788625243,0.9440040490781759,138,0,138.0,6,0,1,"(24, 45)",0,0.0,91.0,56.0,latest_report,6,RECONNAISSANCE,9,"(19, 31)",False,2,False,140
0,0.0,True,0.0,0.9,0.9,143,0,143.0,27,0,1,"(24, 45)",0,0.0012330456226880395,124.0,62.0,latest_report,27,RECONNAISSANCE,37,"(5, 8)",False,0,False,145
0,0.0,True,0.0,0.9436563591134891,0.9523728819231767,144,0,144.0,5,0,1,"(12, 50)",0,0.0,99.0,62.0,latest_report,5,RECONNAISSANCE,8,"(10, 43)",False,1,False,145
0,0.0,True,0.0,0.9340323788625243,0.9440040490781759,143,0,143.0,6,0,1,"(24, 45)",0,0.0,91.0,56.0,latest_report,6,RECONNAISSANCE,9,"(19, 36)",False,2,False,145
0,0.0,True,0.0,0.9,0.9,148,0,148.0,27,0,1,"(24, 45)",0,0.040690505548705305,124.0,62.0,latest_report,27,RECONNAISSANCE,38,"(10, 8)",False,0,False,150
0,0.0,True,0.0,0.9454028588365231,0.9534775729051103,149,0,149.0,5,0,1,"(12, 50)",0,0.04192355117139334,99.0,62.0,latest_report,5,RECONNAISSANCE,9,"(10, 48)",False,1,False,150
0,0.0,True,0.0,0.9340323788625243,0.9440040490781759,148,0,148.0,6,0,1,"(24, 45)",0,0.04192355117139334,91.0,56.0,latest_report,6,RECONNAISSANCE,10,"(20, 40)",False,2,False,150
0,0.0,True,0.0,0.9,0.9,153,0,153.0,28,0,1,"(24, 45)",0,0.0345252774352651,124.0,62.0,latest_report,28,RECONNAISSANCE,39,"(13, 10)",False,0,False,155
0,0.0,True,0.0,0.9454028588365231,0.9534775729051103,153,0,153.0,6,0,1,"(33, 50)",0,0.036991368680641186,99.0,62.0,latest_report,6,RECONNAISSANCE,10,"(12, 50)",False,1,False,155
0,0.0,True,0.0,0.9340323788625243,0.9440040490781759,153,0,153.0,7,0,1,"(24, 45)",0,0.036991368680641186,91.0,56.0,latest_report,7,RECONNAISSANCE,11,"(25, 40)",False,2,False,155
0,0.0,True,0.0,0.9,0.9,158,0,158.0,31,0,1,"(24, 45)",0,0.027093596059113302,124.0,62.0,latest_report,31,RECONNAISSANCE,42,"(13, 15)",False,0,False,160
0,0.0,True,0.0,0.9454028588365231,0.9534775729051103,158,0,158.0,6,0,1,"(33, 50)",0,0.029556650246305417,99.0,62.0,latest_report,6,RECONNAISSANCE,10,"(17, 50)",False,1,False,160
0,0.0,True,0.0,0.9340323788625243,0.9440040490781759,158,0,158.0,9,0,1,"(24, 45)",0,0.029556650246305417,91.0,56.0,latest_report,9,RECONNAISSANCE,13,"(27, 43)",False,2,False,160
0,0.0,True,0.0,0.9,0.9,163,0,163.0,34,0,1,"(24, 45)",0,0.020935960591133004,124.0,62.0,latest_report,34,RECONNAISSANCE,45,"(14, 19)",False,0,False,165
0,0.0,True,0.0,0.9454028588365231,0.9534775729051103,163,0,163.0,6,0,1,"(33, 50)",0,0.024630541871921183,99.0,62.0,latest_report,6,RECONNAISSANCE,10,"(21, 49)",False,1,False,165
0,0.0,True,0.0,0.9340323788625243,0.9440040490781759,163,0,163.0,12,0,1,"(24, 45)",0,0.024630541871921183,91.0,56.0,latest_report,12,RECONNAISSANCE,16,"(27, 48)",False,2,False,165
0,0.0,True,0.0,0.9,0.9,168,0,168.0,34,0,1,"(24, 45)",0,0.014760147601476014,124.0,62.0,latest_report,34,RECONNAISSANCE,45,"(16, 22)",False,0,False,170
0,0.0,True,0.0,0.9454028588365231,0.9534775729051103,168,0,168.0,6,0,1,"(33, 50)",0,0.020910209102091022,99.0,62.0,latest_report,6,RECONNAISSANCE,10,"(25, 50)",False,1,False,170
0,0.0,True,0.0,0.9340323788625243,0.9440040490781759,168,0,168.0,13,0,1,"(24, 45)",0,0.01845018450184502,91.0,56.0,latest_report,13,RECONNAISSANCE,17,"(24, 46)",False,2,False,170
0,0.0,True,0.0,0.9,0.9,173,0,173.0,35,0,1,"(24, 45)",0,0.01107011070110701,124.0,62.0,latest_report,35,RECONNAISSANCE,46,"(16, 27)",False,0,False,175
0,0.0,True,0.0,0.9454028588365231,0.9534775729051103,173,0,173.0,6,0,1,"(33, 50)",0,0.015990159901599015,99.0,62.0,latest_report,6,RECONNAISSANCE,11,"(30, 50)",False,1,False,175
0,0.0,True,0.0,0.9340323788625243,0.9440040490781759,172,0,172.0,14,0,2,"(33, 8)",0,0.015990159901599015,86.0,60.5,latest_report,14,RECONNAISSANCE,19,"(24, 48)",False,2,False,175
0,0.0,True,0.0,0.9,0.9,178,0,178.0,35,0,1,"(24, 45)",0,0.00984009840098401,124.0,62.0,latest_report,35,RECONNAISSANCE,46,"(18, 30)",False,0,False,180
0,0.0,True,0.0,0.9454028588365231,0.9534775729051103,177,0,177.0,7,0,2,"(33, 30)",0,0.015990159901599015,89.5,43.0,latest_report,7,RECONNAISSANCE,12,"(33, 49)",False,1,False,180
0,0.0,True,0.0,0.9340323788625243,0.9440040490781759,177,0,177.0,14,0,2,"(33, 8)",0,0.015990159901599015,86.0,60.5,latest_report,14,RECONNAISSANCE,19,"(27, 46)",False,2,False,180
0,0.0,True,0.0,0.9,0.9,183,0,183.0,35,0,1,"(24, 45)",0,0.00984009840098401,124.0,62.0,latest_report,35,RECONNAISSANCE,46,"(19, 34)",False,0,False,185
0,0.0,True,0.0,0.9454028588365231,0.9534775729051103,182,0,182.0,7,0,2,"(33, 30)",0,0.015990159901599015,89.5,43.0,latest_report,7,RECONNAISSANCE,12,"(31, 46)",False,1,False,185
0,0.0,True,0.0,0.9340323788625243,0.9440040490781759,182,0,182.0,14,0,2,"(33, 8)",0,0.014760147601476014,86.0,60.5,latest_report,14,RECONNAISSANCE,19,"(28, 42)",False,2,False,185
0,0.0,True,0.0,0.9,0.9,188,0,188.0,35,0,1,"(24, 45)",0,0.009626955475330927,124.0,62.0,latest_report,35,RECONNAISSANCE,46,"(19, 39)",False,0,False,190
0,0.0,True,0.0,0.9454028588365231,0.9534775729051103,187,0,187.0,7,0,2,"(33, 30)",0,0.015643802647412757,89.5,43.0,latest_report,7,RECONNAISSANCE,12,"(29, 43)",False,1,False,190
0,0.0,True,0.0,0.9340323788625243,0.9440040490781759,187,0,187.0,14,0,2,"(33, 8)",0,0.01444043321299639,86.0,60.5,latest_report,14,RECONNAISSANCE,19,"(29, 38)",False,2,False,190
0,0.0,True,0.0,0.9,0.9,193,0,193.0,35,0,1,"(24, 45)",0,0.008018327605956471,124.0,62.0,latest_report,35,RECONNAISSANCE,46,"(19, 44)",False,0,False,195
0,0.0,True,0.0,0.9458237959932184,0.9538216019704304,192,0,192.0,7,0,2,"(33, 30)",0,0.013745704467353952,89.5,43.0,latest_report,7,RECONNAISSANCE,12,"(29, 38)",False,1,False,195
0,0.0,True,0.0,0.9345511837896509,0.9444084774050542,192,0,192.0,14,0,2,"(33, 8)",0,0.012600229095074456,86.0,60.5,latest_report,14,RECONNAISSANCE,19,"(29, 33)",False,2,False,195
0,0.0,True,0.0,0.9,0.9,198,0,198.0,35,0,1,"(24, 45)",0,0.006607929515418502,124.0,62.0,latest_report,35,RECONNAISSANCE,47,"(20, 48)",False,0,False,200
0,0.0,True,0.0,0.9458237959932184,0.9538216019704304,197,0,197.0,8,0,2,"(33, 30)",0,0.012114537444933921,89.5,43.0,latest_report,8,RECONNAISSANCE,13,"(31, 35)",False,1,False,200
0,0.0,True,0.0,0.9365666095711773,0.9459703762174634,197,0,197.0,14,0,2,"(33, 8)",0,0.011013215859030838,86.0,60.5,latest_report,14,RECONNAISSANCE,20,"(29, 28)",False,2,False,200
0,0.0,True,0.0,0.9,0.9,203,0,203.0,35,0,1,"(24, 45)",0,0.005274261603375527,124.0,62.0,latest_report,35,RECONNAISSANCE,47,"(24, 49)",False,0,False,205
0,0.0,True,0.0,0.9458237959932184,0.9538216019704304,202,0,202.0,8,0,2,"(33, 30)",0,0.010548523206751054,89.5,43.0,latest_report,8,RECONNAISSANCE,13,"(33, 32)",False,1,False,205
0,0.0,True,0.0,0.9365666095711773,0.9459703762174634,202,0,202.0,16,0,2,"(33, 8)",0,0.010548523206751054,86.0,60.5,latest_report,16,RECONNAISSANCE,22,"(29, 23)",False,2,False,205
0,0.0,True,0.0,0.9,0.9,207,0,207.0,36,0,2,"(13, 15)",0,0.004056795131845842,105.0,64.5,latest_report,36,RECONNAISSANCE,48,"(24, 45)",False,0,False,210
0,0.0,True,0.0,0.9458237959932184,0.9538216019704304,206,0,206.0,9,0,2,"(21, 24)",0,0.013184584178498986,89.5,43.0,latest_report,9,RECONNAISSANCE,14,"(31, 30)",False,1,False,210
0,0.0,True,0.0,0.9365666095711773,0.9459703762174634,207,0,207.0,16,0,2,"(33, 8)",0,0.010141987829614604,86.0,60.5,latest_report,16,RECONNAISSANCE,22,"(28, 19)",False,2,False,210
0,0.0,True,0.0,0.9,0.9,212,0,212.0,36,0,2,"(13, 15)",0,0.003861003861003861,105.0,64.5,latest_report,36,RECONNAISSANCE,48,"(23, 49)",False,0,False,215
0,0.0,True,0.0,0.9470575243816819,0.9548016000421037,211,0,211.0,9,0,2,"(21, 24)",0,0.012548262548262547,89.5,43.0,latest_report,9,RECONNAISSANCE,14,"(27, 29)",False,1,False,215
0,0.0,True,0.0,0.9365666095711773,0.9459703762174634,212,0,212.0,16,0,2,"(33, 8)",0,0.009652509652509652,86.0,60.5,latest_report,16,RECONNAISSANCE,22,"(28, 14)",False,2,False,215
0,0.0,True,0.0,0.9,0.9,217,0,217.0,36,0,2,"(13, 15)",0,0.00463821892393321,105.0,64.5,latest_report,36,RECONNAISSANCE,48,"(20, 47)",False,0,False,220
0,0.0,True,0.0,0.9490491799734446,0.9564971202284694,216,0,216.0,9,0,2,"(21, 24)",0,0.012059369202226345,89.5,43.0,latest_report,9,RECONNAISSANCE,14,"(22, 29)",False,1,False,220
0,0.0,True,0.0,0.9365666095711773,0.9459703762174634,217,0,217.0,16,0,2,"(33, 8)",0,0.00927643784786642,86.0,60.5,latest_report,16,RECONNAISSANCE,22,"(28, 9)",False,2,False,220
0,0.0,True,0.0,0.9,0.9,222,0,222.0,37,0,2,"(13, 15)",0,0.004574565416285453,105.0,64.5,latest_report,37,RECONNAISSANCE,49,"(18, 44)",False,0,False,225
0,0.0,True,0.0,0.9509631977218748,0.9581016551371331,221,0,221.0,9,0,2,"(21, 24)",0,0.011893870082342177,89.5,43.0,latest_report,9,RECONNAISSANCE,15,"(21, 25)",False,1,False,225
0,0.0,True,0.0,0.9365666095711773,0.9459703762174634,222,0,222.0,16,0,2,"(33, 8)",0,0.009149130832570906,86.0,60.5,latest_report,16,RECONNAISSANCE,23,"(32, 8)",False,2,False,225
0,0.0,True,0.0,0.9,0.9,227,0,227.0,37,0,2,"(13, 15)",0,0.0027447392497712718,105.0,64.5,latest_report,37,RECONNAISSANCE,49,"(17, 40)",False,0,False,230
0,0.0,True,0.0,0.9517014180734269,0.9586610637550708,225,0,225.0,10,0,3,"(24, 45)",0,0.010064043915827997,75.66666666666667,35.0,latest_report,10,RECONNAISSANCE,16,"(21, 27)",False,1,False,230
0,0.0,True,0.0,0.9365666095711773,0.9459703762174634,226,0,226.0,17,0,2,"(2, 50)",0,0.007319304666056725,86.0,60.5,latest_report,17,RECONNAISSANCE,24,"(30, 8)",False,2,False,230
0,0.0,True,0.0,0.9,0.9,232,0,232.0,37,0,2,"(13, 15)",0,0.0027447392497712718,105.0,64.5,latest_report,37,RECONNAISSANCE,49,"(17, 35)",False,0,False,235
0,0.0,True,0.0,0.9517014180734269,0.9586610637550708,230,0,230.0,10,0,3,"(24, 45)",0,0.010064043915827997,75.66666666666667,35.0,latest_report,10,RECONNAISSANCE,16,"(26, 27)",False,1,False,235
0,0.0,True,0.0,0.9365666095711773,0.9459703762174634,231,0,231.0,18,0,2,"(2, 50)",0,0.007319304666056725,86.0,60.5,latest_report,18,RECONNAISSANCE,25,"(27, 10)",False,2,False,235
0,0.0,True,0.0,0.9,0.9,237,0,237.0,37,0,2,"(13, 15)",0,0.0027447392497712718,105.0,64.5,latest_report,37,RECONNAISSANCE,49,"(17, 30)",False,0,False,240
0,0.0,True,0.0,0.9517014180734269,0.9586610637550708,235,0,235.0,10,0,3,"(24, 45)",0,0.010064043915827997,75.66666666666667,35.0,latest_report,10,RECONNAISSANCE,16,"(28, 30)",False,1,False,240
0,0.0,True,0.0,0.9365666095711773,0.9459703762174634,236,0,236.0,18,0,2,"(2, 50)",0,0.007319304666056725,86.0,60.5,latest_report,18,RECONNAISSANCE,26,"(27, 15)",False,2,False,240
0,0.0,True,0.0,0.9,0.9,242,0,242.0,37,0,2,"(13, 15)",0,0.0027447392497712718,105.0,64.5,latest_report,37,RECONNAISSANCE,49,"(16, 26)",False,0,False,245
0,0.0,True,0.0,0.9524168767418874,0.9591608213603121,240,0,240.0,10,0,3,"(24, 45)",0,0.010064043915827997,75.66666666666667,35.0,latest_report,10,RECONNAISSANCE,16,"(28, 35)",False,1,False,245
0,0.0,True,0.0,0.9365666095711773,0.9459703762174634,241,0,241.0,18,0,2,"(2, 50)",0,0.007319304666056725,86.0,60.5,latest_report,18,RECONNAISSANCE,26,"(27, 20)",False,2,False,245
0,0.0,True,0.0,0.9,0.9,247,0,247.0,37,0,2,"(13, 15)",0,0.0027447392497712718,105.0,64.5,latest_report,37,RECONNAISSANCE,50,"(15, 22)",False,0,False,250
0,0.0,True,0.0,0.9524168767418874,0.9591608213603121,245,0,245.0,10,0,3,"(24, 45)",0,0.010064043915827997,75.66666666666667,35.0,latest_report,10,RECONNAISSANCE,17,"(28, 40)",False,1,False,250
0,0.0,True,0.0,0.9370523761406132,0.946281940959896,246,0,246.0,19,0,2,"(2, 50)",0,0.007319304666056725,86.0,60.5,latest_report,19,RECONNAISSANCE,27,"(26, 24)",False,2,False,250
0,0.0,True,0.0,0.9,0.9,252,0,252.0,37,0,2,"(13, 15)",0,0.0027447392497712718,105.0,64.5,latest_report,37,RECONNAISSANCE,50,"(15, 17)",False,0,False,255
0,0.0,True,0.0,0.9541327416680266,0.9605388644858416,250,0,250.0,10,0,3,"(24, 45)",0,0.010064043915827997,75.66666666666667,35.0,latest_report,10,RECONNAISSANCE,17,"(28, 45)",False,1,False,255
0,0.0,True,0.0,0.9394108522855593,0.9482420256059534,251,0,251.0,19,0,2,"(2, 50)",0,0.007319304666056725,86.0,60.5,latest_report,19,RECONNAISSANCE,27,"(24, 27)",False,2,False,255
0,0.0,True,0.0,0.9,0.9,256,0,256.0,38,0,2,"(33, 8)",0,0.0018298261665141812,105.0,64.5,latest_report,38,RECONNAISSANCE,51,"(13, 15)",False,0,False,260
0,0.0,True,0.0,0.955822098317613,0.9623174517436485,255,0,255.0,10,0,3,"(24, 45)",0,0.010064043915827997,75.66666666666667,35.0,latest_report,10,RECONNAISSANCE,17,"(26, 48)",False,1,False,260
0,0.0,True,0.0,0.9416640123291935,0.9500241938653332,256,0,256.0,19,0,2,"(2, 50)",0,0.007319304666056725,86.0,60.5,latest_report,19,RECONNAISSANCE,27,"(24, 32)",False,2,False,260
0,0.0,True,0.0,0.9,0.9,261,0,261.0,38,0,2,"(33, 8)",0,0.0018298261665141812,105.0,64.5,latest_report,38,RECONNAISSANCE,51,"(14, 11)",False,0,False,265
0,0.0,True,0.0,0.957588864424112,0.9645811569061502,260,0,260.0,10,0,3,"(24, 45)",0,0.010064043915827997,75.66666666666667,35.0,latest_report,10,RECONNAISSANCE,17,"(24, 45)",False,1,False,265
0,0.0,True,0.0,0.9437953566937286,0.9517510690836635,261,0,261.0,19,0,2,"(2, 50)",0,0.008234217749313814,86.0,60.5,latest_report,19,RECONNAISSANCE,27,"(24, 37)",False,2,False,265
0,0.0,True,0.0,0.9,0.9,266,0,266.0,38,0,2,"(33, 8)",0,0.0018298261665141812,105.0,64.5,latest_report,38,RECONNAISSANCE,51,"(17, 9)",False,0,False,270
0,0.0,True,0.0,0.9579656295233094,0.9651241664080606,264,0,264.0,11,0,3,"(2, 22)",0,0.009149130832570906,75.66666666666667,35.0,latest_report,11,RECONNAISSANCE,18,"(25, 48)",False,1,False,270
0,0.0,True,0.0,0.9458600099179469,0.9536618738610873,266,0,266.0,19,0,2,"(2, 50)",0,0.008234217749313814,86.0,60.5,latest_report,19,RECONNAISSANCE,27,"(21, 39)",False,2,False,270
0,0.0,True,0.0,0.9,0.9,271,0,271.0,39,0,2,"(33, 8)",0,0.0018264840182648401,105.0,64.5,latest_report,39,RECONNAISSANCE,52,"(22, 9)",False,0,False,275
0,0.0,True,0.0,0.9579656295233094,0.9651241664080606,269,0,269.0,11,0,3,"(2, 22)",0,0.0091324200913242,75.66666666666667,35.0,latest_report,11,RECONNAISSANCE,19,"(27, 45)",False,1,False,275
0,0.0,True,0.0,0.9478773202143004,0.9554552079053521,271,0,271.0,19,0,2,"(2, 50)",0,0.00821917808219178,86.0,60.5,latest_report,19,RECONNAISSANCE,28,"(19, 42)",False,2,False,275
0,0.0,True,0.0,0.9,0.9,276,0,276.0,39,0,2,"(33, 8)",0,0.0018264840182648401,105.0,64.5,latest_report,39,RECONNAISSANCE,52,"(26, 8)",False,0,False,280
0,0.0,True,0.0,0.9583326203199217,0.9653054454555554,274,0,274.0,11,0,3,"(2, 22)",0,0.0091324200913242,75.66666666666667,35.0,latest_report,11,RECONNAISSANCE,19,"(27, 40)",False,1,False,280
0,0.0,True,0.0,0.949821656412875,0.9570359764463346,276,0,276.0,19,0,2,"(2, 50)",0,0.00821917808219178,86.0,60.5,latest_report,19,RECONNAISSANCE,28,"(16, 44)",False,2,False,280
0,0.0,True,0.0,0.9,0.9,281,0,281.0,39,0,2,"(33, 8)",0,0.0018214936247723133,105.0,64.5,latest_report,39,RECONNAISSANCE,52,"(31, 8)",False,0,False,285
0,0.0,True,0.0,0.9600549556652612,0.9663347939007146,279,0,279.0,11,0,3,"(2, 22)",0,0.00819672131147541,75.66666666666667,35.0,latest_report,11,RECONNAISSANCE,19,"(25, 37)",False,1,False,285
0,0.0,True,0.0,0.9512996369070841,0.9583278071471018,281,0,281.0,19,0,2,"(2, 50)",0,0.009107468123861567,86.0,60.5,latest_report,19,RECONNAISSANCE,28,"(13, 46)",False,2,False,285
0,0.0,True,0.0,0.9,0.9,285,0,285.0,40,0,3,"(21, 24)",0,0.0018214936247723133,96.0,52.333333333333336,latest_report,40,RECONNAISSANCE,53,"(31, 8)",False,0,False,290
0,0.0,True,0.0,0.961632042428198,0.9674408268919853,284,0,284.0,11,0,3,"(2, 22)",0,0.007285974499089253,75.66666666666667,35.0,latest_report,11,RECONNAISSANCE,19,"(24, 33)",False,1,False,290
0,0.0,True,0.0,0.9512996369070841,0.9583278071471018,286,0,286.0,19,0,2,"(2, 50)",0,0.009107468123861567,86.0,60.5,latest_report,19,RECONNAISSANCE,28,"(8, 46)",False,2,False,290
0,0.0,True,0.0,0.9,0.9,290,0,290.0,40,0,3,"(21, 24)",0,0.0018214936247723133,96.0,52.333333333333336,latest_report,40,RECONNAISSANCE,53,"(27, 9)",False,0,False,295
0,0.0,True,0.0,0.9631083927766705,0.9685625403681892,289,0,289.0,11,0,3,"(2, 22)",0,0.007285974499089253,75.66666666666667,35.0,latest_report,11,RECONNAISSANCE,19,"(23, 29)",False,1,False,295
0,0.0,True,0.0,0.9512996369070841,0.9583278071471018,291,0,291.0,19,0,2,"(2, 50)",0,0.009107468123861567,86.0,60.5,latest_report,19,RECONNAISSANCE,28,"(4, 47)",False,2,False,295
0,0.0,True,0.0,0.9,0.9,295,0,295.0,41,0,3,"(21, 24)",0,0.044626593806921674,96.0,52.333333333333336,latest_report,41,ATTACK,54,"(22, 9)",False,0,False,300
0,0.0,True,0.0,0.9642234660947381,0.969446563131386,294,0,294.0,12,0,3,"(2, 22)",0,0.05009107468123861,75.66666666666667,35.0,latest_report,12,ATTACK,20,"(19, 28)",False,1,False,300
0,0.0,True,0.0,0.9512996369070841,0.9583278071471018,296,0,296.0,19,0,2,"(2, 50)",0,0.0482695810564663,86.0,60.5,latest_report,19,ATTACK,29,"(2, 50)",False,2,False,300
0,0.0,True,0.0,0.9,0.9,300,0,300.0,41,0,3,"(21, 24)",0,0.044626593806921674,96.0,52.333333333333336,latest_report,41,ATTACK,54,"(19, 11)",False,0,False,305
0,0.0,True,0.0,0.9642234660947381,0.969446563131386,299,0,299.0,12,0,3,"(2, 22)",0,0.05009107468123861,75.66666666666667,35.0,latest_report,12,ATTACK,20,"(14, 28)",False,1,False,305
0,0.0,True,0.0,0.9512996369070841,0.9583278071471018,300,0,300.0,20,0,3,"(33, 30)",0,0.0482695810564663,100.33333333333333,65.0,latest_report,20,ATTACK,30,"(4, 48)",False,2,False,305
0,0.0,True,0.0,0.9,0.9,305,0,305.0,41,0,3,"(21, 24)",0,0.04553734061930783,96.0,52.333333333333336,latest_report,41,ATTACK,54,"(18, 15)",False,0,False,310
0,0.0,True,0.0,0.9642234660947381,0.969446563131386,304,0,304.0,12,0,3,"(2, 22)",0,0.05009107468123861,75.66666666666667,35.0,latest_report,12,ATTACK,20,"(10, 27)",False,1,False,310
0,0.0,True,0.0,0.9512996369070841,0.9583278071471018,305,0,305.0,20,0,3,"(33, 30)",0,0.0482695810564663,100.33333333333333,65.0,latest_report,20,ATTACK,30,"(7, 46)",False,2,False,310
0,0.0,True,0.0,0.9,0.9,310,0,310.0,41,0,3,"(21, 24)",0,0.035326086956521736,96.0,52.333333333333336,latest_report,41,ATTACK,54,"(19, 19)",False,0,False,315
0,0.0,True,0.0,0.9642234660947381,0.969446563131386,309,0,309.0,12,0,3,"(2, 22)",0,0.03804347826086957,75.66666666666667,35.0,latest_report,12,ATTACK,20,"(7, 25)",False,1,False,315
0,0.0,True,0.0,0.9512996369070841,0.9583278071471018,310,0,310.0,20,0,3,"(33, 30)",0,0.036231884057971016,100.33333333333333,65.0,latest_report,20,ATTACK,30,"(12, 46)",False,2,False,315
0,0.0,True,0.0,0.9,0.9,315,0,315.0,41,0,3,"(21, 24)",0,0.034666666666666665,96.0,52.333333333333336,latest_report,41,ATTACK,54,"(19, 24)",False,0,False,320
0,0.0,True,0.0,0.9642234660947381,0.969446563131386,314,0,314.0,12,0,3,"(2, 22)",0,0.037333333333333336,75.66666666666667,35.0,latest_report,12,ATTACK,20,"(4, 23)",False,1,False,320
0,0.0,True,0.0,0.9512996369070841,0.9583278071471018,315,0,315.0,20,0,3,"(33, 30)",0,0.035555555555555556,100.33333333333333,65.0,latest_report,20,ATTACK,30,"(16, 45)",False,2,False,320
0,0.0,True,0.0,0.9,0.9,319,0,319.0,43,0,3,"(3, 8)",0,0.031055900621118012,96.0,52.333333333333336,latest_report,43,ATTACK,56,"(19, 24)",False,0,False,325
0,0.0,True,0.0,0.9642234660947381,0.969446563131386,318,0,318.0,13,0,4,"(33, 8)",0,0.03371783496007098,81.0,40.75,latest_report,13,ATTACK,22,"(3, 22)",False,1,False,325
0,0.0,True,0.0,0.9512996369070841,0.9583278071471018,320,0,320.0,21,0,3,"(33, 30)",0,0.030168589174800354,100.33333333333333,65.0,latest_report,21,ATTACK,31,"(17, 41)",False,2,False,325
0,0.0,True,0.0,0.9,0.9,324,0,324.0,43,0,3,"(3, 8)",0,0.03102836879432624,96.0,52.333333333333336,latest_report,43,ATTACK,56,"(17, 21)",False,0,False,330
0,0.0,True,0.0,0.9642234660947381,0.969446563131386,323,0,323.0,13,0,4,"(33, 8)",0,0.03280141843971631,81.0,40.75,latest_report,13,ATTACK,22,"(7, 23)",False,1,False,330
0,0.0,True,0.0,0.9512996369070841,0.9583278071471018,325,0,325.0,21,0,3,"(33, 30)",0,0.028368794326241134,100.33333333333333,65.0,latest_report,21,ATTACK,31,"(20, 39)",False,2,False,330
0,0.0,True,0.0,0.9,0.9,329,0,329.0,43,0,3,"(3, 8)",0,0.028368794326241134,96.0,52.333333333333336,latest_report,43,ATTACK,56,"(17, 16)",False,0,False,335
5,0.0,True,0.0,0.9650476889487611,0.9702790797036932,328,0,328.0,13,0,4,"(33, 8)",0,0.03280141843971631,81.0,40.75,latest_report,13,ATTACK,22,"(12, 23)",False,1,False,335
5,0.0,True,0.0,0.9512996369070841,0.9583278071471018,330,0,330.0,22,0,3,"(33, 30)",0,0.030141843971631204,100.33333333333333,65.0,latest_report,22,ATTACK,32,"(21, 35)",False,2,False,335
0,0.0,True,0.0,0.9,0.9,334,0,334.0,43,0,3,"(3, 8)",0,0.02304964539007092,96.0,52.333333333333336,latest_report,43,ATTACK,56,"(17, 11)",False,0,False,340
4,0.0,True,0.0,0.942869258468208,0.944599029637014,333,0,333.0,13,0,4,"(33, 8)",0,0.030141843971631204,81.0,40.75,latest_report,13,ATTACK,22,"(17, 23)",False,1,False,340
5,0.0,True,0.0,0.9512996369070841,0.9583278071471018,335,0,335.0,22,0,3,"(33, 30)",0,0.023936170212765957,100.33333333333333,65.0,latest_report,22,ATTACK,32,"(25, 34)",False,2,False,340
0,0.0,True,0.0,0.9,0.9,339,0,339.0,43,0,3,"(3, 8)",0,0.02304964539007092,96.0,52.333333333333336,latest_report,43,ATTACK,56,"(15, 8)",False,0,False,345
4,0.0,True,0.0,0.9436035426794417,0.9471019107048165,338,0,338.0,13,0,4,"(33, 8)",0,0.028368794326241134,81.0,40.75,latest_report,13,ATTACK,22,"(18, 19)",False,1,False,345
5,0.0,True,0.0,0.9523916798573642,0.9592688186618058,340,0,340.0,22,0,3,"(33, 30)",0,0.023936170212765957,100.33333333333333,65.0,latest_report,22,ATTACK,32,"(26, 30)",False,2,False,345
0,0.0,True,0.0,0.9,0.9,344,0,344.0,43,0,3,"(3, 8)",0,0.02304964539007092,96.0,52.333333333333336,latest_report,43,ATTACK,57,"(10, 8)",False,0,False,350
4,0.0,True,0.0,0.9447228528760769,0.9494427895109773,343,0,343.0,13,0,4,"(33, 8)",0,0.028368794326241134,81.0,40.75,latest_report,13,ATTACK,23,"(18, 14)",False,1,False,350
5,0.0,True,0.0,0.9523916798573642,0.9592688186618058,345,0,345.0,22,0,3,"(33, 30)",0,0.023936170212765957,100.33333333333333,65.0,latest_report,22,ATTACK,33,"(31, 30)",False,2,False,350
0,0.0,True,0.0,0.9,0.9,349,0,349.0,43,0,3,"(3, 8)",0,0.02304964539007092,96.0,52.333333333333336,latest_report,43,ATTACK,57,"(5, 8)",False,0,False,355
4,0.0,True,0.0,0.9461232754662737,0.9517827595486158,348,0,348.0,13,0,4,"(33, 8)",0,0.028368794326241134,81.0,40.75,latest_report,13,ATTACK,23,"(18, 9)",False,1,False,355
5,0.0,True,0.0,0.9523916798573642,0.9592688186618058,349,0,349.0,23,0,3,"(2, 41)",0,0.023936170212765957,100.33333333333333,65.0,latest_report,23,ATTACK,34,"(31, 30)",False,2,False,355
0,0.0,True,0.0,0.9,0.9,353,0,353.0,44,0,4,"(12, 50)",0,0.023131672597864767,89.5,48.0,latest_report,44,ATTACK,58,"(5, 8)",False,0,False,360
4,0.0,True,0.0,0.9477001896790473,0.9538061860827719,353,0,353.0,13,0,4,"(33, 8)",0,0.028545941123996433,81.0,40.75,latest_report,13,ATTACK,23,"(23, 9)",False,1,False,360
5,0.0,True,0.0,0.9523916798573642,0.9592688186618058,354,0,354.0,23,0,3,"(2, 41)",0,0.02408563782337199,100.33333333333333,65.0,latest_report,23,ATTACK,34,"(29, 33)",False,2,False,360
0,0.0,True,0.0,0.9,0.9,358,0,358.0,44,0,4,"(12, 50)",0,0.022222222222222223,89.5,48.0,latest_report,44,ATTACK,58,"(10, 8)",False,0,False,365
4,0.0,True,0.0,0.9480230594414034,0.9541575849261686,358,0,358.0,13,0,4,"(33, 8)",0,0.0285204991087344,81.0,40.75,latest_report,13,ATTACK,23,"(27, 8)",False,1,False,365
5,0.0,True,0.0,0.9523916798573642,0.9592688186618058,359,0,359.0,23,0,3,"(2, 41)",0,0.023172905525846704,100.33333333333333,65.0,latest_report,23,ATTACK,34,"(24, 33)",False,2,False,365
0,0.0,True,0.0,0.9,0.9,363,0,363.0,44,0,4,"(12, 50)",0,0.022222222222222223,89.5,48.0,latest_report,44,ATTACK,58,"(13, 10)",False,0,False,370
4,0.0,True,0.0,0.9480230594414034,0.9541575849261686,363,0,363.0,13,0,4,"(33, 8)",0,0.0285204991087344,81.0,40.75,latest_report,13,ATTACK,23,"(32, 8)",False,1,False,370
5,0.0,True,0.0,0.9523916798573642,0.9592688186618058,364,0,364.0,23,0,3,"(2, 41)",0,0.023172905525846704,100.33333333333333,65.0,latest_report,23,ATTACK,34,"(24, 38)",False,2,False,370
0,0.0,True,0.0,0.9,0.9,368,0,368.0,45,0,4,"(12, 50)",0,0.022222222222222223,89.5,48.0,latest_report,45,ATTACK,59,"(14, 14)",False,0,False,375
8,0.0,True,0.0,0.9480230594414034,0.9541575849261686,367,0,367.0,14,0,4,"(2, 41)",0,0.029359430604982206,81.0,40.75,latest_report,14,ATTACK,25,"(30, 8)",False,1,False,375
9,0.0,True,0.0,0.9523916798573642,0.9592688186618058,369,0,369.0,24,0,3,"(2, 41)",0,0.026690391459074734,100.33333333333333,65.0,latest_report,24,ATTACK,35,"(20, 39)",False,2,False,375
0,0.0,True,0.0,0.9,0.9,373,0,373.0,45,0,4,"(12, 50)",0,0.022461814914645103,89.5,48.0,latest_report,45,ATTACK,59,"(14, 19)",False,0,False,380
7,0.0,True,0.0,0.9480230594414034,0.9541575849261686,372,0,372.0,14,0,4,"(2, 41)",0,0.0288028802880288,81.0,40.75,latest_report,14,ATTACK,25,"(26, 9)",False,1,False,380
8,0.0,True,0.0,0.9523916798573642,0.9592688186618058,374,0,374.0,24,0,3,"(2, 41)",0,0.025202520252025202,100.33333333333333,65.0,latest_report,24,ATTACK,35,"(17, 41)",False,2,False,380
0,0.0,True,0.0,0.9,0.9,378,0,378.0,46,0,4,"(12, 50)",0,0.02242152466367713,89.5,48.0,latest_report,46,ATTACK,60,"(12, 22)",False,0,False,385
7,0.0,True,0.0,0.9483482861343846,0.9545275933010277,377,0,377.0,14,0,4,"(2, 41)",0,0.027852650494159928,81.0,40.75,latest_report,14,ATTACK,25,"(21, 9)",False,1,False,385
7,0.0,True,0.0,0.9523916798573642,0.9592688186618058,379,0,379.0,24,0,3,"(2, 41)",0,0.02425876010781671,100.33333333333333,65.0,latest_report,24,ATTACK,35,"(12, 41)",False,2,False,385
0,0.0,True,0.0,0.9,0.9,383,0,383.0,46,0,4,"(12, 50)",0,0.022381378692927483,89.5,48.0,latest_report,46,ATTACK,60,"(12, 27)",False,0,False,390
7,0.0,True,0.0,0.9500137233703464,0.9564206617142799,382,0,382.0,15,0,4,"(2, 41)",0,0.02780269058295964,81.0,40.75,latest_report,15,ATTACK,26,"(17, 10)",False,1,False,390
7,0.0,True,0.0,0.9523916798573642,0.9592688186618058,384,0,384.0,24,0,3,"(2, 41)",0,0.0242152466367713,100.33333333333333,65.0,latest_report,24,ATTACK,35,"(7, 41)",False,2,False,390
0,0.0,True,0.0,0.9,0.9,388,0,388.0,46,0,4,"(12, 50)",0,0.02224199288256228,89.5,48.0,latest_report,46,ATTACK,60,"(12, 32)",False,0,False,395
7,0.0,True,0.0,0.951733005904024,0.9583616417134805,387,0,387.0,15,0,4,"(2, 41)",0,0.027629233511586453,81.0,40.75,latest_report,15,ATTACK,26,"(17, 15)",False,1,False,395
7,0.0,True,0.0,0.9523916798573642,0.9592688186618058,389,0,389.0,24,0,3,"(2, 41)",0,0.02406417112299465,100.33333333333333,65.0,latest_report,24,ATTACK,35,"(2, 41)",False,2,False,395
0,0.0,True,0.0,0.9,0.9,393,0,393.0,46,0,4,"(12, 50)",0,0.02072072072072072,89.5,48.0,latest_report,46,ATTACK,61,"(12, 37)",False,0,False,400
7,0.0,True,0.0,0.953484705388117,0.9601395566330505,392,0,392.0,16,0,4,"(2, 41)",0,0.025179856115107913,81.0,40.75,latest_report,16,ATTACK,27,"(16, 19)",False,1,False,400
7,0.0,True,0.0,0.9523916798573642,0.9592688186618058,393,0,393.0,25,0,4,"(24, 45)",0,0.022482014388489208,99.0,59.5,latest_report,25,ATTACK,37,"(6, 41)",False,2,False,400
0,0.0,True,0.0,0.9,0.9,398,0,398.0,46,0,4,"(12, 50)",0,0.02072072072072072,89.5,48.0,latest_report,46,ATTACK,61,"(12, 42)",False,0,False,405
7,0.0,True,0.0,0.9552401393236003,0.9619578747594687,397,0,397.0,16,0,4,"(2, 41)",0,0.023381294964028777,81.0,40.75,latest_report,16,ATTACK,27,"(13, 21)",False,1,False,405
7,0.0,True,0.0,0.9542352134924251,0.9614393408879046,398,0,398.0,25,0,4,"(24, 45)",0,0.022482014388489208,99.0,59.5,latest_report,25,ATTACK,37,"(11, 41)",False,2,False,405
0,0.0,True,0.0,0.9,0.9,403,0,403.0,46,0,4,"(12, 50)",0,0.02072072072072072,89.5,48.0,latest_report,46,ATTACK,61,"(12, 47)",False,0,False,410
12,0.0,True,0.0,0.9569918397849865,0.9636065810233959,402,0,402.0,16,0,4,"(2, 41)",0,0.023381294964028777,81.0,40.75,latest_report,16,ATTACK,27,"(10, 23)",False,1,False,410
12,0.0,True,0.0,0.9561860142063615,0.9636890566453697,403,0,403.0,25,0,4,"(24, 45)",0,0.02697841726618705,99.0,59.5,latest_report,25,ATTACK,37,"(14, 43)",False,2,False,410
0,0.0,True,0.0,0.9,0.9,407,0,407.0,47,0,4,"(33, 50)",0,0.02072072072072072,89.5,48.0,latest_report,47,ATTACK,62,"(13, 50)",False,0,False,415
8,0.0,True,0.0,0.7507868953537625,0.7528922403825531,407,0,407.0,16,0,4,"(2, 41)",0,0.023381294964028777,81.0,40.75,latest_report,16,ATTACK,27,"(9, 27)",False,1,False,415
12,0.0,True,0.0,0.9581743758772647,0.965637837850328,408,0,408.0,25,0,4,"(24, 45)",0,0.024280575539568347,99.0,59.5,latest_report,25,ATTACK,37,"(19, 43)",False,2,False,415
0,0.0,True,0.0,0.9,0.9,412,0,412.0,47,0,4,"(33, 50)",0,0.02072072072072072,89.5,48.0,latest_report,47,ATTACK,62,"(17, 49)",False,0,False,420
8,0.0,True,0.0,0.7531243065479322,0.7659017051744132,412,0,412.0,16,0,4,"(2, 41)",0,0.022482014388489208,81.0,40.75,latest_report,16,ATTACK,27,"(9, 32)",False,1,False,420
12,0.0,True,0.0,0.9593333394604041,0.9666541534189071,413,0,413.0,25,0,4,"(24, 45)",0,0.024280575539568347,99.0,59.5,latest_report,25,ATTACK,37,"(20, 47)",False,2,False,420
0,0.0,True,0.0,0.9,0.9,416,0,416.0,47,1,4,"(33, 50)",0,0.01981981981981982,89.5,48.0,latest_report,47,ATTACK,63,"(21, 49)",False,0,False,425
8,0.0,True,0.0,0.7576225795782963,0.7771664594719049,417,0,417.0,17,0,4,"(2, 41)",0,0.02158273381294964,81.0,40.75,latest_report,17,ATTACK,28,"(8, 36)",False,1,False,425
12,0.0,True,0.0,0.9609038054019489,0.9684589400202043,418,0,418.0,25,0,4,"(24, 45)",0,0.023381294964028777,99.0,59.5,latest_report,25,ATTACK,38,"(23, 49)",False,2,False,425
0,0.0,True,0.0,0.9,0.9,421,0,421.0,47,1,4,"(33, 50)",0,0.010752688172043012,89.5,48.0,latest_report,47,ATTACK,63,"(25, 50)",False,0,False,430
8,0.0,True,0.0,0.7634431318136358,0.7871208914873259,422,0,422.0,17,0,4,"(2, 41)",0,0.012522361359570662,81.0,40.75,latest_report,17,ATTACK,28,"(7, 40)",False,1,False,430
12,0.0,True,0.0,0.9629330480810397,0.9706694160738647,423,0,423.0,25,0,4,"(24, 45)",0,0.01520572450805009,99.0,59.5,latest_report,25,ATTACK,38,"(24, 45)",False,2,False,430
0,0.0,True,0.0,0.9,0.9,426,0,426.0,47,1,4,"(33, 50)",0,0.010752688172043012,89.5,48.0,latest_report,47,ATTACK,63,"(30, 50)",False,0,False,435
8,0.0,True,0.0,0.7660292743138553,0.7908626568603633,427,0,427.0,17,0,4,"(2, 41)",0,0.012522361359570662,81.0,40.75,latest_report,17,ATTACK,28,"(3, 41)",False,1,False,435
12,0.0,True,0.0,0.9649222082205327,0.9723661555255988,427,0,427.0,26,0,4,"(2, 22)",0,0.016100178890876567,99.0,59.5,latest_report,26,ATTACK,39,"(24, 49)",False,2,False,435
0,0.0,True,0.0,0.9,0.9,430,0,430.0,48,1,5,"(2, 50)",0,0.00993676603432701,87.8,43.4,latest_report,48,ATTACK,64,"(32, 50)",False,0,False,440
8,0.0,True,0.0,0.7660292743138553,0.7908626568603633,431,0,431.0,18,0,5,"(13, 15)",0,0.013525698827772768,87.4,45.6,latest_report,18,ATTACK,29,"(5, 41)",False,1,False,440
12,0.0,True,0.0,0.9668119800387374,0.973735018848907,432,0,432.0,26,0,4,"(2, 22)",0,0.015329125338142471,99.0,59.5,latest_report,26,ATTACK,39,"(20, 48)",False,2,False,440
0,0.0,True,0.0,0.9,0.9,435,0,435.0,48,1,5,"(2, 50)",0,0.00993676603432701,87.8,43.4,latest_report,48,ATTACK,64,"(28, 49)",False,0,False,445
8,0.0,True,0.0,0.7660292743138553,0.7908626568603633,436,0,436.0,18,0,5,"(13, 15)",0,0.015329125338142471,87.4,45.6,latest_report,18,ATTACK,29,"(8, 39)",False,1,False,445
12,0.0,True,0.0,0.9675219462957328,0.9742120659333025,437,0,437.0,26,0,4,"(2, 22)",0,0.015329125338142471,99.0,59.5,latest_report,26,ATTACK,39,"(18, 45)",False,2,False,445
0,0.0,True,0.0,0.9,0.9,440,0,440.0,48,1,5,"(2, 50)",0,0.04332129963898917,87.8,43.4,latest_report,48,ATTACK,65,"(23, 49)",False,0,False,450
12,0.0,True,0.0,0.7660292743138553,0.7908626568603633,441,0,441.0,19,0,5,"(13, 15)",0,0.043243243243243246,87.4,45.6,latest_report,19,ATTACK,30,"(8, 34)",False,1,False,450
12,0.0,True,0.0,0.6720332871363189,0.6720332871363189,442,0,442.0,27,0,4,"(2, 22)",0,0.03513513513513514,99.0,59.5,latest_report,27,ATTACK,40,"(13, 45)",False,2,False,450
0,0.0,True,0.0,0.9,0.9,445,0,445.0,48,1,5,"(2, 50)",0,0.04308797127468582,87.8,43.4,latest_report,48,ATTACK,65,"(20, 47)",False,0,False,455
12,0.0,True,0.0,0.7660292743138553,0.7908626568603633,446,0,446.0,19,0,5,"(13, 15)",0,0.042114695340501794,87.4,45.6,latest_report,19,ATTACK,30,"(11, 32)",False,1,False,455
12,0.0,True,0.0,0.6720332871363189,0.6720332871363189,447,0,447.0,27,0,4,"(2, 22)",0,0.03494623655913978,99.0,59.5,latest_report,27,ATTACK,40,"(9, 44)",False,2,False,455
0,0.0,True,0.0,0.9,0.9,450,0,450.0,48,1,5,"(2, 50)",0,0.0421903052064632,87.8,43.4,latest_report,48,ATTACK,65,"(15, 47)",False,0,False,460
11,0.0,True,0.0,0.7660292743138553,0.7908626568603633,451,0,451.0,20,0,5,"(13, 15)",0,0.04032258064516129,87.4,45.6,latest_report,20,ATTACK,31,"(12, 28)",False,1,False,460
12,0.0,True,0.0,0.6720332871363189,0.6720332871363189,452,0,452.0,27,0,4,"(2, 22)",0,0.03046594982078853,99.0,59.5,latest_report,27,ATTACK,40,"(7, 41)",False,2,False,460
0,0.0,True,0.0,0.9,0.9,455,0,455.0,48,1,5,"(2, 50)",0,0.04035874439461883,87.8,43.4,latest_report,48,ATTACK,65,"(11, 46)",False,0,False,465
8,0.0,True,0.0,0.7660292743138553,0.7908626568603633,456,0,456.0,20,0,5,"(13, 15)",0,0.03939122649955237,87.4,45.6,latest_report,20,ATTACK,31,"(14, 25)",False,1,False,465
12,0.0,True,0.0,0.6721549552262793,0.6744666489355259,457,0,457.0,27,0,4,"(2, 22)",0,0.02864816472694718,99.0,59.5,latest_report,27,ATTACK,40,"(4, 39)",False,2,False,465
0,0.0,True,0.0,0.9,0.9,460,0,460.0,48,1,5,"(2, 50)",0,0.038392857142857145,87.8,43.4,latest_report,48,ATTACK,65,"(6, 46)",False,0,False,470
8,0.0,True,0.0,0.7660292743138553,0.7908626568603633,461,0,461.0,20,0,5,"(13, 15)",0,0.035650623885918005,87.4,45.6,latest_report,20,ATTACK,31,"(14, 20)",False,1,False,470
12,0.0,True,0.0,0.6721549552262793,0.6744666489355259,462,0,462.0,27,0,4,"(2, 22)",0,0.02406417112299465,99.0,59.5,latest_report,27,ATTACK,40,"(3, 35)",False,2,False,470
0,0.0,True,0.0,0.9,0.9,465,0,465.0,48,1,5,"(2, 50)",0,0.033807829181494664,87.8,43.4,latest_report,48,ATTACK,66,"(3, 48)",False,0,False,475
8,0.0,True,0.0,0.7660292743138553,0.7908626568603633,466,0,466.0,20,0,5,"(13, 15)",0,0.03285968028419183,87.4,45.6,latest_report,20,ATTACK,32,"(14, 15)",False,1,False,475
12,0.0,True,0.0,0.6721549552262793,0.6744666489355259,467,0,467.0,27,0,4,"(2, 22)",0,0.021314387211367674,99.0,59.5,latest_report,27,ATTACK,41,"(3, 30)",False,2,False,475
0,0.0,True,0.0,0.9,0.9,469,0,469.0,49,1,5,"(33, 30)",0,0.030222222222222223,87.8,43.4,latest_report,49,ATTACK,67,"(3, 50)",False,0,False,480
8,0.0,True,0.0,0.7660292743138553,0.7908626568603633,470,0,470.0,21,0,5,"(2, 50)",0,0.03371783496007098,87.4,45.6,latest_report,21,ATTACK,33,"(14, 17)",False,1,False,480
12,0.0,True,0.0,0.6721549552262793,0.6744666489355259,472,0,472.0,27,0,4,"(2, 22)",0,0.02040816326530612,99.0,59.5,latest_report,27,ATTACK,41,"(3, 25)",False,2,False,480
0,0.0,True,0.0,0.9,0.9,474,0,474.0,49,1,5,"(33, 30)",0,0.028444444444444446,87.8,43.4,latest_report,49,ATTACK,67,"(5, 47)",False,0,False,485
8,0.0,True,0.0,0.7660292743138553,0.7908626568603633,475,0,475.0,21,0,5,"(2, 50)",0,0.030168589174800354,87.4,45.6,latest_report,21,ATTACK,33,"(14, 22)",False,1,False,485
8,0.0,True,0.0,0.6721549552262793,0.6744666489355259,476,0,476.0,28,0,5,"(12, 50)",0,0.015971606033717833,97.0,58.4,latest_report,28,ATTACK,42,"(2, 22)",False,2,False,485
0,0.0,True,0.0,0.9,0.9,479,0,479.0,49,1,5,"(33, 30)",0,0.028444444444444446,87.8,43.4,latest_report,49,ATTACK,67,"(7, 44)",False,0,False,490
23,0.18393034797914254,True,0.18393034797914254,0.7660292743138553,0.7908626568603633,480,0,480.0,22,0,5,"(2, 50)",23,0.037267080745341616,87.4,45.6,latest_report,22,ATTACK,34,"(14, 27)",True,1,True,490
23,16.58746699747484,True,16.58746699747484,0.6721549552262793,0.6744666489355259,481,0,481.0,29,0,5,"(12, 50)",23,0.015971606033717833,97.0,58.4,latest_report,29,ATTACK,43,"(3, 26)",True,2,True,490
0,0.0,True,0.0,0.9,0.9,484,0,484.0,49,1,5,"(33, 30)",0,0.027555555555555555,87.8,43.4,latest_report,49,ATTACK,67,"(9, 41)",False,0,False,495
11,0.18393034797914254,True,0.18393034797914254,0.7660292743138553,0.7908626568603633,485,0,485.0,22,0,5,"(2, 50)",11,0.029281277728482696,87.4,45.6,latest_report,22,ATTACK,34,"(13, 31)",True,1,True,495
11,16.58746699747484,True,16.58746699747484,0.6721549552262793,0.6744666489355259,486,0,486.0,29,0,5,"(12, 50)",11,0.015971606033717833,97.0,58.4,latest_report,29,ATTACK,43,"(4, 30)",True,2,True,495
0,0.0,True,0.0,0.9,0.9,489,0,489.0,49,1,5,"(33, 30)",0,0.026714158504007122,87.8,43.4,latest_report,49,ATTACK,68,"(9, 36)",False,0,False,500
11,0.17463212669778727,True,0.17463212669778727,0.7687534547088858,0.7950864382221096,490,0,490.0,22,0,5,"(2, 50)",11,0.030168589174800354,87.4,45.6,latest_report,22,ATTACK,35,"(10, 33)",True,1,True,500
11,0.0,True,0.0,0.6728537111168732,0.6809767999450252,491,0,491.0,30,0,5,"(12, 50)",0,0.016,97.0,58.4,latest_report,30,ATTACK,44,"(4, 35)",False,2,False,500
0,0.0,True,0.0,0.9,0.9,493,0,493.0,49,2,5,"(33, 30)",0,0.025823686553873553,87.8,43.4,latest_report,49,ATTACK,68,"(10, 33)",False,0,False,505
11,0.17463212669778727,True,0.17463212669778727,0.7749123455364023,0.805888551881979,494,0,494.0,24,1,5,"(2, 50)",11,0.029281277728482696,87.4,45.6,latest_report,24,ATTACK,37,"(8, 31)",True,1,True,505
11,0.0,True,0.0,0.6773500725662163,0.6996250271347202,496,0,496.0,30,0,5,"(12, 50)",0,0.016,97.0,58.4,latest_report,30,ATTACK,44,"(7, 37)",False,2,False,505
0,0.0,True,0.0,0.9,0.9,498,0,498.0,49,2,5,"(33, 30)",0,0.025823686553873553,87.8,43.4,latest_report,49,ATTACK,68,"(13, 31)",False,0,False,510
11,0.17463212669778727,True,0.17463212669778727,0.7836377160275798,0.8176436884407607,499,0,499.0,24,1,5,"(2, 50)",11,0.029281277728482696,87.4,45.6,latest_report,24,ATTACK,37,"(7, 35)",True,1,True,510
11,0.0,True,0.0,0.684683341321318,0.7149653155888149,501,0,501.0,30,0,5,"(12, 50)",0,0.015111111111111112,97.0,58.4,latest_report,30,ATTACK,44,"(7, 42)",False,2,False,510
0,0.0,True,0.0,0.9,0.9,503,0,503.0,49,2,5,"(33, 30)",0,0.024933214603739984,87.8,43.4,latest_report,49,ATTACK,68,"(17, 30)",False,0,False,515
11,0.17463212669778727,True,0.17463212669778727,0.7925694943146624,0.8262138956841921,504,0,504.0,24,1,5,"(2, 50)",11,0.02839396628216504,87.4,45.6,latest_report,24,ATTACK,37,"(5, 38)",True,1,True,515
11,0.0,True,0.0,0.6932817085612414,0.727277850136333,506,0,506.0,30,0,5,"(12, 50)",0,0.015111111111111112,97.0,58.4,latest_report,30,ATTACK,44,"(9, 45)",False,2,False,515
0,0.0,True,0.0,0.9,0.9,508,0,508.0,49,2,5,"(33, 30)",0,0.025688073394495414,87.8,43.4,latest_report,49,ATTACK,68,"(22, 30)",False,0,False,520
9,0.0,True,0.0,0.7379067733705567,0.7446539054760138,509,0,509.0,24,1,5,"(2, 50)",0,0.029117379435850774,87.4,45.6,latest_report,24,ATTACK,37,"(4, 42)",False,1,False,520
11,0.0,True,0.0,0.7025908709320241,0.7383190768641253,511,0,511.0,30,0,5,"(12, 50)",0,0.015412511332728921,97.0,58.4,latest_report,30,ATTACK,44,"(12, 47)",False,2,False,520
0,0.0,True,0.0,0.9,0.9,513,0,513.0,49,2,5,"(33, 30)",0,0.026605504587155965,87.8,43.4,latest_report,49,ATTACK,69,"(27, 30)",False,0,False,525
8,0.0,True,0.0,0.723878024867115,0.7286357840607433,514,0,514.0,24,1,5,"(2, 50)",0,0.028207461328480437,87.4,45.6,latest_report,24,ATTACK,38,"(3, 46)",False,1,False,525
11,0.0,True,0.0,0.7101319628339207,0.745793533308346,515,0,515.0,31,0,5,"(21, 24)",0,0.014505893019038985,97.0,58.4,latest_report,31,ATTACK,46,"(12, 49)",False,2,False,525
0,0.0,True,0.0,0.9,0.9,518,0,518.0,49,2,5,"(33, 30)",0,0.025688073394495414,87.8,43.4,latest_report,49,ATTACK,69,"(32, 30)",False,0,False,530
16,0.0,True,0.0,0.7268490074969837,0.7429192187075376,519,0,519.0,24,1,5,"(2, 50)",0,0.02909090909090909,87.4,45.6,latest_report,24,ATTACK,38,"(2, 50)",False,1,False,530
19,0.0,True,0.0,0.7119907959910874,0.7473086259772549,520,0,520.0,31,0,5,"(21, 24)",0,0.017210144927536232,97.0,58.4,latest_report,31,ATTACK,46,"(14, 46)",False,2,False,530
0,0.0,True,0.0,0.9,0.9,522,0,522.0,50,2,6,"(24, 45)",0,0.024770642201834864,88.66666666666667,45.0,latest_report,50,ATTACK,70,"(30, 30)",False,0,False,535
16,0.0,True,0.0,0.7289108393679674,0.7490142567683655,523,0,523.0,25,1,6,"(24, 45)",0,0.028181818181818183,88.5,47.0,latest_report,25,ATTACK,39,"(4, 48)",False,1,False,535
19,0.0,True,0.0,0.7211227364789844,0.7551969573480527,525,0,525.0,31,0,5,"(21, 24)",0,0.016304347826086956,97.0,58.4,latest_report,31,ATTACK,46,"(15, 42)",False,2,False,535
0,0.0,True,0.0,0.9,0.9,527,0,527.0,50,2,6,"(24, 45)",0,0.021139705882352942,88.66666666666667,45.0,latest_report,50,ATTACK,70,"(28, 33)",False,0,False,540
16,0.0,True,0.0,0.7349537738646746,0.7594841953911612,528,0,528.0,25,1,6,"(24, 45)",0,0.024635036496350366,88.5,47.0,latest_report,25,ATTACK,39,"(7, 46)",False,1,False,540
19,0.0,True,0.0,0.7281786720011539,0.7614223444063196,530,0,530.0,31,0,5,"(21, 24)",0,0.016333938294010888,97.0,58.4,latest_report,31,ATTACK,46,"(19, 41)",False,2,False,540
0,0.0,True,0.0,0.9,0.9,532,0,532.0,50,2,6,"(24, 45)",0,0.014678899082568808,88.66666666666667,45.0,latest_report,50,ATTACK,70,"(28, 38)",False,0,False,545
14,0.0,True,0.0,0.7416716888173702,0.7679677436319778,533,0,533.0,25,1,6,"(24, 45)",0,0.016423357664233577,88.5,47.0,latest_report,25,ATTACK,39,"(12, 46)",False,1,False,545
17,0.0,True,0.0,0.7351494563260484,0.7682622257345387,535,0,535.0,31,0,5,"(21, 24)",0,0.01358695652173913,97.0,58.4,latest_report,31,ATTACK,46,"(19, 36)",False,2,False,545
0,0.0,True,0.0,0.9,0.9,537,0,537.0,50,2,6,"(24, 45)",0,0.010999083409715857,88.66666666666667,45.0,latest_report,50,ATTACK,71,"(28, 43)",False,0,False,550
11,0.0,True,0.0,0.7486603727816106,0.7752220784811416,538,0,538.0,25,1,6,"(24, 45)",0,0.013686131386861315,88.5,47.0,latest_report,25,ATTACK,40,"(17, 46)",False,1,False,550
14,0.0,True,0.0,0.7439487207047653,0.7775306453904105,540,0,540.0,31,0,5,"(21, 24)",0,0.01085972850678733,97.0,58.4,latest_report,31,ATTACK,47,"(21, 33)",False,2,False,550
0,0.0,True,0.0,0.9,0.9,542,0,542.0,50,2,6,"(24, 45)",0,0.006404391582799634,88.66666666666667,45.0,latest_report,50,ATTACK,71,"(25, 45)",False,0,False,555
10,0.0,True,0.0,0.752851063257564,0.7795250374213739,543,0,543.0,25,1,6,"(24, 45)",0,0.009124087591240875,88.5,47.0,latest_report,25,ATTACK,40,"(20, 48)",False,1,False,555
13,0.0,True,0.0,0.7527317365404241,0.785761199746834,545,0,545.0,31,0,5,"(21, 24)",0,0.007226738934056007,97.0,58.4,latest_report,31,ATTACK,47,"(21, 28)",False,2,False,555
0,0.0,True,0.0,0.9,0.9,546,0,546.0,51,2,6,"(2, 22)",0,0.006842619745845552,88.66666666666667,45.0,latest_report,51,ATTACK,72,"(27, 45)",False,0,False,560
10,0.0,True,0.0,0.7601897113755783,0.7894642003555585,548,0,548.0,25,1,6,"(24, 45)",0,0.009746588693957114,88.5,47.0,latest_report,25,ATTACK,40,"(24, 49)",False,1,False,560
13,0.0,True,0.0,0.7595463699791707,0.7914491930941171,549,0,549.0,32,0,6,"(33, 8)",0,0.007797270955165692,93.33333333333333,54.666666666666664,latest_report,32,ATTACK,48,"(21, 24)",False,2,False,560
0,0.0,True,0.0,0.9,0.9,551,0,551.0,51,2,6,"(2, 22)",0,0.00676328502415459,88.66666666666667,45.0,latest_report,51,ATTACK,72,"(27, 40)",False,0,False,565
24,0.0,True,0.0,0.7685824850873688,0.8019669685430754,552,0,552.0,26,1,6,"(2, 22)",0,0.025048169556840076,88.5,47.0,latest_report,26,ATTACK,41,"(24, 45)",False,1,False,565
27,0.0,True,0.0,0.7645310515868091,0.7960771165516486,554,0,554.0,32,0,6,"(33, 8)",0,0.014450867052023121,93.33333333333333,54.666666666666664,latest_report,32,ATTACK,48,"(25, 25)",False,2,False,565
0,0.0,True,0.0,0.9,0.9,556,0,556.0,51,2,6,"(2, 22)",0,0.0065298507462686565,88.66666666666667,45.0,latest_report,51,ATTACK,72,"(26, 36)",False,0,False,570
24,0.0,True,0.0,0.7739129997386698,0.8077711230314538,557,0,557.0,26,1,6,"(2, 22)",0,0.024186046511627906,88.5,47.0,latest_report,26,ATTACK,41,"(23, 49)",False,1,False,570
27,0.0,True,0.0,0.7727466856309411,0.8036848039502941,559,0,559.0,32,0,6,"(33, 8)",0,0.013953488372093023,93.33333333333333,54.666666666666664,latest_report,32,ATTACK,48,"(29, 24)",False,2,False,570
0,0.0,True,0.0,0.9,0.9,561,0,561.0,52,2,6,"(2, 22)",0,0.006357856494096276,88.66666666666667,45.0,latest_report,52,ATTACK,73,"(25, 32)",False,0,False,575
24,5.415236550355019,True,5.415236550355019,0.7739129997386698,0.8077711230314538,562,0,562.0,26,1,6,"(2, 22)",24,0.02355072463768116,88.5,47.0,latest_report,26,ATTACK,42,"(20, 47)",True,1,True,575
27,0.0,True,0.0,0.7727466856309411,0.8036848039502941,564,0,564.0,32,0,6,"(33, 8)",0,0.014492753623188406,93.33333333333333,54.666666666666664,latest_report,32,ATTACK,49,"(29, 19)",False,2,False,575
0,0.0,True,0.0,0.9,0.9,566,0,566.0,52,2,6,"(2, 22)",0,0.006222222222222222,88.66666666666667,45.0,latest_report,52,ATTACK,73,"(22, 30)",False,0,False,580
24,5.415236550355019,True,5.415236550355019,0.7739129997386698,0.8077711230314538,567,0,567.0,26,1,6,"(2, 22)",24,0.023936170212765957,88.5,47.0,latest_report,26,ATTACK,42,"(17, 45)",True,1,True,580
27,0.0,True,0.0,0.7727466856309411,0.8036848039502941,569,0,569.0,32,0,6,"(33, 8)",0,0.01773049645390071,93.33333333333333,54.666666666666664,latest_report,32,ATTACK,49,"(29, 14)",False,2,False,580
0,0.0,True,0.0,0.9,0.9,571,0,571.0,52,2,6,"(2, 22)",0,0.006222222222222222,88.66666666666667,45.0,latest_report,52,ATTACK,73,"(18, 29)",False,0,False,585
24,5.415236550355019,True,5.415236550355019,0.7756817142058984,0.8092872890832421,572,0,572.0,26,1,6,"(2, 22)",24,0.023936170212765957,88.5,47.0,latest_report,26,ATTACK,42,"(12, 45)",True,1,True,585
27,0.0,True,0.0,0.7727466856309411,0.8036848039502941,574,0,574.0,32,0,6,"(33, 8)",0,0.01773049645390071,93.33333333333333,54.666666666666664,latest_report,32,ATTACK,49,"(29, 9)",False,2,False,585
0,0.0,True,0.0,0.9,0.9,576,0,576.0,52,2,6,"(2, 22)",0,0.006222222222222222,88.66666666666667,45.0,latest_report,52,ATTACK,73,"(13, 29)",False,0,False,590
24,5.415236550355019,True,5.415236550355019,0.7756817142058984,0.8092872890832421,577,0,577.0,26,1,6,"(2, 22)",24,0.02304964539007092,88.5,47.0,latest_report,26,ATTACK,42,"(10, 42)",True,1,True,590
27,0.0,True,0.0,0.7727466856309411,0.8036848039502941,579,0,579.0,32,0,6,"(33, 8)",0,0.01773049645390071,93.33333333333333,54.666666666666664,latest_report,32,ATTACK,49,"(33, 8)",False,2,False,590
0,0.0,True,0.0,0.9,0.9,581,0,581.0,52,2,6,"(2, 22)",0,0.006222222222222222,88.66666666666667,45.0,latest_report,52,ATTACK,73,"(10, 27)",False,0,False,595
24,5.415236550355019,True,5.415236550355019,0.7792784704530962,0.8134933620228754,582,0,582.0,26,1,6,"(2, 22)",24,0.02304964539007092,88.5,47.0,latest_report,26,ATTACK,42,"(8, 39)",True,1,True,595
27,0.0,True,0.0,0.7727466856309411,0.8036848039502941,583,0,583.0,33,0,6,"(2, 41)",0,0.01773049645390071,93.33333333333333,54.666666666666664,latest_report,33,ATTACK,50,"(29, 8)",False,2,False,595
0,0.0,True,0.0,0.9,0.9,586,0,586.0,53,2,6,"(2, 22)",0,0.036444444444444446,88.66666666666667,45.0,latest_report,53,ATTACK,74,"(8, 24)",False,0,False,600
27,5.68822436586462,True,5.68822436586462,0.7792784704530962,0.8134933620228754,587,0,587.0,27,1,6,"(2, 22)",27,0.05053191489361702,88.5,47.0,latest_report,27,ATTACK,43,"(7, 35)",True,1,True,600
28,0.0,True,0.0,0.7727466856309411,0.8036848039502941,588,0,588.0,33,0,6,"(2, 41)",0,0.04964539007092199,93.33333333333333,54.666666666666664,latest_report,33,ATTACK,51,"(28, 12)",False,2,False,600
0,0.0,True,0.0,0.9,0.9,591,0,591.0,53,2,6,"(2, 22)",0,0.03641207815275311,88.66666666666667,45.0,latest_report,53,ATTACK,74,"(5, 22)",False,0,False,605
12,5.68822436586462,True,5.68822436586462,0.784618288612017,0.8183071157580959,592,0,592.0,27,1,6,"(2, 22)",12,0.03808680248007086,88.5,47.0,latest_report,27,ATTACK,43,"(7, 30)",True,1,True,605
15,0.0,True,0.0,0.7727466856309411,0.8036848039502941,593,0,593.0,33,0,6,"(2, 41)",0,0.03897254207263064,93.33333333333333,54.666666666666664,latest_report,33,ATTACK,51,"(25, 14)",False,2,False,605
0,0.0,True,0.0,0.9,0.9,595,0,595.0,54,2,7,"(2, 41)",0,0.03546099290780142,87.0,46.0,latest_report,54,ATTACK,75,"(2, 23)",False,0,False,610
11,0.0,True,0.0,0.7934216675922716,0.8265616755976951,597,0,597.0,27,1,6,"(2, 22)",0,0.03720106288751107,88.5,47.0,latest_report,27,ATTACK,43,"(7, 25)",False,1,False,610
15,0.0,True,0.0,0.7727466856309411,0.8036848039502941,598,0,598.0,33,0,6,"(2, 41)",0,0.03897254207263064,93.33333333333333,54.666666666666664,latest_report,33,ATTACK,51,"(25, 19)",False,2,False,610
0,0.0,True,0.0,0.9,0.9,600,0,600.0,54,2,7,"(2, 41)",0,0.034574468085106384,87.0,46.0,latest_report,54,ATTACK,75,"(3, 27)",False,0,False,615
11,0.0,True,0.0,0.8022049075654376,0.8360098637291391,602,0,602.0,27,1,6,"(2, 22)",0,0.03631532329495128,88.5,47.0,latest_report,27,ATTACK,43,"(5, 22)",False,1,False,615
14,0.0,True,0.0,0.7727466856309411,0.8036848039502941,603,0,603.0,33,0,6,"(2, 41)",0,0.03808680248007086,93.33333333333333,54.666666666666664,latest_report,33,ATTACK,51,"(25, 24)",False,2,False,615
0,0.0,True,0.0,0.9,0.9,605,0,605.0,54,2,7,"(2, 41)",0,0.034574468085106384,87.0,46.0,latest_report,54,ATTACK,75,"(3, 32)",False,0,False,620
11,0.0,True,0.0,0.8111997301279341,0.8449394576754407,607,0,607.0,27,1,6,"(2, 22)",0,0.03454384410983171,88.5,47.0,latest_report,27,ATTACK,43,"(2, 22)",False,1,False,620
14,0.0,True,0.0,0.7727466856309411,0.8036848039502941,608,0,608.0,33,0,6,"(2, 41)",0,0.03720106288751107,93.33333333333333,54.666666666666664,latest_report,33,ATTACK,51,"(22, 26)",False,2,False,620
0,0.0,True,0.0,0.9,0.9,610,0,610.0,54,2,7,"(2, 41)",0,0.03368794326241135,87.0,46.0,latest_report,54,ATTACK,76,"(3, 37)",False,0,False,625
11,0.0,True,0.0,0.8129539087895177,0.8462833033596064,611,0,611.0,28,1,7,"(15, 2)",0,0.03277236492471213,88.71428571428571,48.285714285714285,latest_report,28,ATTACK,45,"(4, 20)",False,1,False,625
14,0.0,True,0.0,0.7727466856309411,0.8036848039502941,613,0,613.0,34,0,6,"(2, 41)",0,0.0354295837023915,93.33333333333333,54.666666666666664,latest_report,34,ATTACK,52,"(19, 28)",False,2,False,625
0,0.0,True,0.0,0.9,0.9,615,0,615.0,54,2,7,"(2, 41)",0,0.03368794326241135,87.0,46.0,latest_report,54,ATTACK,76,"(2, 41)",False,0,False,630
11,0.0,True,0.0,0.8163715889730967,0.8486618863319849,616,0,616.0,28,1,7,"(15, 2)",0,0.029229406554472984,88.71428571428571,48.285714285714285,latest_report,28,ATTACK,45,"(9, 20)",False,1,False,630
12,0.0,True,0.0,0.7727466856309411,0.8036848039502941,618,0,618.0,34,0,6,"(2, 41)",0,0.03188662533215235,93.33333333333333,54.666666666666664,latest_report,34,ATTACK,52,"(17, 31)",False,2,False,630
0,0.0,True,0.0,0.9,0.9,619,0,619.0,55,2,7,"(15, 2)",0,0.02925531914893617,87.0,46.0,latest_report,55,ATTACK,77,"(4, 39)",False,0,False,635
11,0.0,True,0.0,0.8180449229393899,0.8498382682989614,621,0,621.0,28,1,7,"(15, 2)",0,0.025686448184233834,88.71428571428571,48.285714285714285,latest_report,28,ATTACK,45,"(14, 20)",False,1,False,635
12,0.0,True,0.0,0.7727466856309411,0.8036848039502941,623,0,623.0,34,0,6,"(2, 41)",0,0.0283436669619132,93.33333333333333,54.666666666666664,latest_report,34,ATTACK,52,"(17, 36)",False,2,False,635
0,0.0,True,0.0,0.9,0.9,624,0,624.0,55,2,7,"(15, 2)",0,0.024822695035460994,87.0,46.0,latest_report,55,ATTACK,77,"(5, 35)",False,0,False,640
11,0.0,True,0.0,0.8180449229393899,0.8498382682989614,626,0,626.0,28,1,7,"(15, 2)",0,0.022143489813994686,88.71428571428571,48.285714285714285,latest_report,28,ATTACK,45,"(14, 15)",False,1,False,640
12,0.0,True,0.0,0.7743630340576126,0.8050736541643729,628,0,628.0,34,0,6,"(2, 41)",0,0.022143489813994686,93.33333333333333,54.666666666666664,latest_report,34,ATTACK,52,"(12, 36)",False,2,False,640
0,0.0,True,0.0,0.9,0.9,629,0,629.0,55,2,7,"(15, 2)",0,0.02127659574468085,87.0,46.0,latest_report,55,ATTACK,77,"(5, 30)",False,0,False,645
11,0.0,True,0.0,0.8180449229393899,0.8498382682989614,631,0,631.0,28,1,7,"(15, 2)",0,0.022143489813994686,88.71428571428571,48.285714285714285,latest_report,28,ATTACK,45,"(14, 10)",False,1,False,645
12,0.0,True,0.0,0.7827514374279279,0.8151259519181355,633,0,633.0,34,0,6,"(2, 41)",0,0.021257750221434897,93.33333333333333,54.666666666666664,latest_report,34,ATTACK,52,"(7, 36)",False,2,False,645
0,0.0,True,0.0,0.9,0.9,634,0,634.0,57,2,7,"(15, 2)",0,0.01948627103631532,87.0,46.0,latest_report,57,ATTACK,79,"(7, 27)",False,0,False,650
11,0.0,True,0.0,0.8180449229393899,0.8498382682989614,636,0,636.0,28,1,7,"(15, 2)",0,0.022123893805309734,88.71428571428571,48.285714285714285,latest_report,28,ATTACK,46,"(15, 6)",False,1,False,650
12,0.0,True,0.0,0.7913529674680256,0.8239317508156286,638,0,638.0,34,0,6,"(2, 41)",0,0.021238938053097345,93.33333333333333,54.666666666666664,latest_report,34,ATTACK,53,"(5, 39)",False,2,False,650
0,0.0,True,0.0,0.9,0.9,639,0,639.0,57,2,7,"(15, 2)",0,0.019400352733686066,87.0,46.0,latest_report,57,ATTACK,79,"(9, 24)",False,0,False,655
11,0.0,True,0.0,0.8180449229393899,0.8498382682989614,640,0,640.0,29,1,7,"(2, 41)",0,0.02290748898678414,88.71428571428571,48.285714285714285,latest_report,29,ATTACK,47,"(15, 2)",False,1,False,655
12,0.0,True,0.0,0.7999345820631645,0.8322034618478941,643,0,643.0,34,0,6,"(2, 41)",0,0.021145374449339206,93.33333333333333,54.666666666666664,latest_report,34,ATTACK,53,"(2, 41)",False,2,False,655
0,0.0,True,0.0,0.9,0.9,644,0,644.0,57,2,7,"(15, 2)",0,0.01763668430335097,87.0,46.0,latest_report,57,ATTACK,79,"(12, 22)",False,0,False,660
11,0.0,True,0.0,0.8180449229393899,0.8498382682989614,645,0,645.0,29,1,7,"(2, 41)",0,0.02290748898678414,88.71428571428571,48.285714285714285,latest_report,29,ATTACK,47,"(14, 6)",False,1,False,660
12,0.0,True,0.0,0.801672595809139,0.8346948569826537,647,0,647.0,35,0,7,"(33, 50)",0,0.021145374449339206,93.71428571428571,56.142857142857146,latest_report,35,ATTACK,54,"(6, 41)",False,2,False,660
0,0.0,True,0.0,0.9,0.9,649,0,649.0,57,2,7,"(15, 2)",0,0.013227513227513227,87.0,46.0,latest_report,57,ATTACK,79,"(14, 19)",False,0,False,665
11,0.0,True,0.0,0.8180449229393899,0.8498382682989614,650,0,650.0,29,1,7,"(2, 41)",0,0.022026431718061675,88.71428571428571,48.285714285714285,latest_report,29,ATTACK,47,"(14, 11)",False,1,False,665
12,0.0,True,0.0,0.801672595809139,0.8346948569826537,652,0,652.0,35,0,7,"(33, 50)",0,0.019383259911894272,93.71428571428571,56.142857142857146,latest_report,35,ATTACK,54,"(10, 42)",False,2,False,665
0,0.0,True,0.0,0.9,0.9,654,0,654.0,57,2,7,"(15, 2)",0,0.013227513227513227,87.0,46.0,latest_report,57,ATTACK,79,"(15, 15)",False,0,False,670
10,0.0,True,0.0,0.8262731062654988,0.8577030729618919,655,0,655.0,29,1,7,"(2, 41)",0,0.021145374449339206,88.71428571428571,48.285714285714285,latest_report,29,ATTACK,47,"(14, 16)",False,1,False,670
11,0.0,True,0.0,0.801672595809139,0.8346948569826537,657,0,657.0,35,0,7,"(33, 50)",0,0.019383259911894272,93.71428571428571,56.142857142857146,latest_report,35,ATTACK,54,"(12, 45)",False,2,False,670
0,0.0,True,0.0,0.9,0.9,659,0,659.0,57,2,7,"(15, 2)",0,0.010582010582010581,87.0,46.0,latest_report,57,ATTACK,80,"(15, 10)",False,0,False,675
10,0.0,True,0.0,0.8345402218601037,0.8656518595860748,660,0,660.0,30,1,7,"(2, 41)",0,0.018502202643171806,88.71428571428571,48.285714285714285,latest_report,30,ATTACK,48,"(13, 20)",False,1,False,675
11,0.0,True,0.0,0.801672595809139,0.8346948569826537,662,0,662.0,35,0,7,"(33, 50)",0,0.019383259911894272,93.71428571428571,56.142857142857146,latest_report,35,ATTACK,55,"(15, 47)",False,2,False,675
0,0.0,True,0.0,0.9,0.9,664,0,664.0,57,2,7,"(15, 2)",0,0.010714285714285714,87.0,46.0,latest_report,57,ATTACK,80,"(15, 5)",False,0,False,680
8,0.0,True,0.0,0.8424213405417785,0.8716111177819386,665,0,665.0,30,1,7,"(2, 41)",0,0.01871657754010695,88.71428571428571,48.285714285714285,latest_report,30,ATTACK,48,"(10, 22)",False,1,False,680
9,0.0,True,0.0,0.801672595809139,0.8346948569826537,667,0,667.0,35,0,7,"(33, 50)",0,0.020517395182872437,93.71428571428571,56.142857142857146,latest_report,35,ATTACK,55,"(18, 49)",False,2,False,680
0,0.0,True,0.0,0.9,0.9,668,0,668.0,58,2,8,"(33, 50)",0,0.009821428571428571,85.5,46.875,latest_report,58,ATTACK,81,"(15, 3)",False,0,False,685
8,0.0,True,0.0,0.8497820572422686,0.8770643529592516,670,0,670.0,30,1,7,"(2, 41)",0,0.01871657754010695,88.71428571428571,48.285714285714285,latest_report,30,ATTACK,48,"(9, 26)",False,1,False,685
9,0.0,True,0.0,0.801672595809139,0.8346948569826537,672,0,672.0,35,0,7,"(33, 50)",0,0.02230151650312221,93.71428571428571,56.142857142857146,latest_report,35,ATTACK,55,"(23, 49)",False,2,False,685
0,0.0,True,0.0,0.9,0.9,673,0,673.0,61,2,8,"(33, 50)",0,0.008928571428571428,85.5,46.875,latest_report,61,ATTACK,84,"(15, 8)",False,0,False,690
8,0.0,True,0.0,0.8566240764554454,0.8818880283339355,675,0,675.0,30,1,7,"(2, 41)",0,0.0142602495543672,88.71428571428571,48.285714285714285,latest_report,30,ATTACK,48,"(6, 28)",False,1,False,690
7,0.0,True,0.0,0.5696370440266249,0.5696370440266249,677,0,677.0,35,0,7,"(33, 50)",0,0.01873327386262266,93.71428571428571,56.142857142857146,latest_report,35,ATTACK,55,"(27, 50)",False,2,False,690
0,0.0,True,0.0,0.9,0.9,678,0,678.0,63,2,8,"(33, 50)",0,0.008035714285714285,85.5,46.875,latest_report,63,ATTACK,86,"(15, 13)",False,0,False,695
8,0.0,True,0.0,0.8631164811820453,0.8873474136995708,680,0,680.0,30,1,7,"(2, 41)",0,0.013368983957219251,88.71428571428571,48.285714285714285,latest_report,30,ATTACK,48,"(4, 31)",False,1,False,695
7,0.0,True,0.0,0.5696370440266249,0.5696370440266249,682,0,682.0,35,0,7,"(33, 50)",0,0.01784121320249777,93.71428571428571,56.142857142857146,latest_report,35,ATTACK,55,"(32, 50)",False,2,False,695
0,0.0,True,0.0,0.9,0.9,683,0,683.0,64,2,8,"(33, 50)",0,0.008071748878923767,85.5,46.875,latest_report,64,ATTACK,87,"(17, 16)",False,0,False,700
8,0.0,True,0.0,0.8692690540483594,0.8921183588651532,685,0,685.0,30,1,7,"(2, 41)",0,0.013440860215053764,88.71428571428571,48.285714285714285,latest_report,30,ATTACK,49,"(4, 36)",False,1,False,700
7,0.0,True,0.0,0.5696370440266249,0.5696370440266249,686,0,686.0,36,0,7,"(12, 50)",0,0.017921146953405017,93.71428571428571,56.142857142857146,latest_report,36,ATTACK,57,"(30, 50)",False,2,False,700
0,0.0,True,0.0,0.9,0.9,688,0,688.0,64,2,8,"(33, 50)",0,0.008071748878923767,85.5,46.875,latest_report,64,ATTACK,87,"(17, 21)",False,0,False,705
8,0.0,True,0.0,0.8750668571259745,0.8964753207694846,690,0,690.0,30,1,7,"(2, 41)",0,0.013440860215053764,88.71428571428571,48.285714285714285,latest_report,30,ATTACK,49,"(4, 41)",False,1,False,705
7,0.0,True,0.0,0.5696370440266249,0.5696370440266249,691,0,691.0,36,0,7,"(12, 50)",0,0.01881720430107527,93.71428571428571,56.142857142857146,latest_report,36,ATTACK,57,"(26, 49)",False,2,False,705
0,0.0,True,0.0,0.9,0.9,693,0,693.0,64,2,8,"(33, 50)",0,0.008968609865470852,85.5,46.875,latest_report,64,ATTACK,87,"(17, 26)",False,0,False,710
8,0.0,True,0.0,0.8783596901135167,0.8992892434139864,694,0,694.0,31,1,8,"(13, 15)",0,0.013440860215053764,88.5,48.875,latest_report,31,ATTACK,50,"(3, 40)",False,1,False,710
7,0.0,True,0.0,0.5696370440266249,0.5696370440266249,696,0,696.0,36,0,7,"(12, 50)",0,0.016129032258064516,93.71428571428571,56.142857142857146,latest_report,36,ATTACK,57,"(21, 49)",False,2,False,710
0,0.0,True,0.0,0.9,0.9,698,0,698.0,64,2,8,"(33, 50)",0,0.008968609865470852,85.5,46.875,latest_report,64,ATTACK,87,"(18, 30)",False,0,False,715
13,0.0,True,0.0,0.8783596901135167,0.8992892434139864,699,0,699.0,31,1,8,"(13, 15)",0,0.013440860215053764,88.5,48.875,latest_report,31,ATTACK,50,"(5, 37)",False,1,False,715
12,0.0,True,0.0,0.5696370440266249,0.5696370440266249,701,0,701.0,36,0,7,"(12, 50)",0,0.02060931899641577,93.71428571428571,56.142857142857146,latest_report,36,ATTACK,57,"(17, 50)",False,2,False,715
0,0.0,True,0.0,0.9,0.9,703,0,703.0,64,2,8,"(33, 50)",0,0.007174887892376682,85.5,46.875,latest_report,64,ATTACK,87,"(23, 30)",False,0,False,720
13,0.0,True,0.0,0.881545783957405,0.9013634650518293,704,0,704.0,31,1,8,"(13, 15)",0,0.011648745519713262,88.5,48.875,latest_report,31,ATTACK,50,"(5, 32)",False,1,False,720
12,0.0,True,0.0,0.5696370440266249,0.5696370440266249,706,0,706.0,36,0,7,"(12, 50)",0,0.017025089605734768,93.71428571428571,56.142857142857146,latest_report,36,ATTACK,57,"(12, 50)",False,2,False,720
0,0.0,True,0.0,0.9,0.9,708,0,708.0,65,2,8,"(33, 50)",0,0.006278026905829596,85.5,46.875,latest_report,65,ATTACK,88,"(23, 35)",False,0,False,725
13,0.0,True,0.0,0.8825682711261539,0.901995527332383,709,0,709.0,32,1,8,"(13, 15)",0,0.010752688172043012,88.5,48.875,latest_report,32,ATTACK,51,"(7, 29)",False,1,False,725
12,0.0,True,0.0,0.5696370440266249,0.5696370440266249,710,0,710.0,37,0,8,"(13, 15)",0,0.017921146953405017,90.125,52.125,latest_report,37,ATTACK,59,"(12, 46)",False,2,False,725
0,0.0,True,0.0,0.9,0.9,713,0,713.0,65,2,8,"(33, 50)",0,0.005376344086021506,85.5,46.875,latest_report,65,ATTACK,88,"(25, 38)",False,0,False,730
6,0.0,False,0.0,0.40889910892396936,0.40889910892396936,714,0,714.0,33,1,8,"(13, 15)",0,0.007168458781362007,88.5,48.875,latest_report,33,ATTACK,52,"(8, 25)",False,1,False,730
10,0.0,True,0.0,0.5696370440266249,0.5696370440266249,715,0,715.0,37,0,8,"(13, 15)",0,0.015232974910394265,90.125,52.125,latest_report,37,ATTACK,59,"(12, 41)",False,2,False,730
0,0.0,True,0.0,0.9,0.9,718,0,718.0,65,2,8,"(33, 50)",0,0.005376344086021506,85.5,46.875,latest_report,65,ATTACK,88,"(27, 41)",False,0,False,735
6,0.0,False,0.0,0.4117800733735513,0.42952982246529614,719,0,719.0,33,1,8,"(13, 15)",0,0.007168458781362007,88.5,48.875,latest_report,33,ATTACK,52,"(10, 22)",False,1,False,735
10,0.0,True,0.0,0.5700883560136881,0.5758011062219571,720,0,720.0,37,0,8,"(13, 15)",0,0.00985663082437276,90.125,52.125,latest_report,37,ATTACK,59,"(12, 36)",False,2,False,735
0,0.0,True,0.0,0.9,0.9,723,0,723.0,65,2,8,"(33, 50)",0,0.0026905829596412557,85.5,46.875,latest_report,65,ATTACK,88,"(28, 45)",False,0,False,740
3,0.0,False,0.0,0.41907188661120476,0.45264063369681784,724,0,724.0,33,1,8,"(13, 15)",0,0.004480286738351254,88.5,48.875,latest_report,33,ATTACK,52,"(14, 21)",False,1,False,740
8,0.0,True,0.0,0.5736992173819485,0.5923237517547462,725,0,725.0,37,0,8,"(13, 15)",0,0.007168458781362007,90.125,52.125,latest_report,37,ATTACK,59,"(14, 33)",False,2,False,740
0,0.0,True,0.0,0.9,0.9,728,0,728.0,65,2,8,"(33, 50)",0,0.0026905829596412557,85.5,46.875,latest_report,65,ATTACK,88,"(32, 46)",False,0,False,745
3,0.0,False,0.0,0.42970471221765455,0.47429854626278306,729,0,729.0,33,1,8,"(13, 15)",0,0.004480286738351254,88.5,48.875,latest_report,33,ATTACK,52,"(14, 16)",False,1,False,745
8,0.0,True,0.0,0.5787053430445087,0.6050962996795451,730,0,730.0,37,0,8,"(13, 15)",0,0.007168458781362007,90.125,52.125,latest_report,37,ATTACK,59,"(13, 31)",False,2,False,745
0,0.0,True,0.0,0.9,0.9,733,0,733.0,65,2,8,"(33, 50)",0,0.04304932735426009,85.5,46.875,latest_report,65,ATTACK,89,"(33, 50)",False,0,False,750
3,0.0,False,0.0,0.4372780259661859,0.4869537268479163,733,0,733.0,34,1,8,"(12, 50)",0,0.04032258064516129,88.5,48.875,latest_report,34,ATTACK,54,"(14, 16)",False,1,False,750
8,0.0,True,0.0,0.5848829379168109,0.6162223452108727,735,0,735.0,37,0,8,"(13, 15)",0,0.036738351254480286,90.125,52.125,latest_report,37,ATTACK,60,"(13, 26)",False,2,False,750
0,0.0,True,0.0,0.9,0.9,737,0,737.0,66,2,8,"(13, 15)",0,0.042152466367713005,85.5,46.875,latest_report,66,ATTACK,90,"(30, 49)",False,0,False,755
19,19.785778052867272,False,19.785778052867272,0.4372780259661859,0.4869537268479163,738,0,738.0,36,1,8,"(12, 50)",19,0.05017921146953405,88.5,48.875,latest_report,36,ATTACK,56,"(14, 21)",True,1,True,755
22,0.0,True,0.0,0.5848829379168109,0.6162223452108727,740,0,740.0,37,0,8,"(13, 15)",0,0.034050179211469536,90.125,52.125,latest_report,37,ATTACK,60,"(13, 21)",False,2,False,755
0,0.0,True,0.0,0.9,0.9,742,0,742.0,66,2,8,"(13, 15)",0,0.036771300448430494,85.5,46.875,latest_report,66,ATTACK,90,"(29, 45)",False,0,False,760
18,19.785778052867272,False,19.785778052867272,0.4372780259661859,0.4869537268479163,742,0,742.0,36,2,8,"(12, 50)",18,0.04659498207885305,88.5,48.875,latest_report,36,ATTACK,56,"(12, 23)",True,1,True,760
22,0.0,True,0.0,0.5848829379168109,0.6162223452108727,745,0,745.0,37,0,8,"(13, 15)",0,0.033154121863799284,90.125,52.125,latest_report,37,ATTACK,60,"(14, 17)",False,2,False,760
0,0.0,True,0.0,0.9,0.9,747,0,747.0,66,2,8,"(13, 15)",0,0.034050179211469536,85.5,46.875,latest_report,66,ATTACK,90,"(27, 42)",False,0,False,765
16,19.785778052867272,False,19.785778052867272,0.4372780259661859,0.4869537268479163,747,0,747.0,36,2,8,"(12, 50)",16,0.043010752688172046,88.5,48.875,latest_report,36,ATTACK,56,"(10, 26)",True,1,True,765
20,0.0,True,0.0,0.5848829379168109,0.6162223452108727,749,0,749.0,38,0,8,"(2, 50)",0,0.03046594982078853,90.125,52.125,latest_report,38,ATTACK,61,"(14, 15)",False,2,False,765
0,0.0,True,0.0,0.9,0.9,752,0,752.0,68,2,8,"(13, 15)",0,0.027777777777777776,85.5,46.875,latest_report,68,ATTACK,92,"(29, 39)",False,0,False,770
16,19.785778052867272,False,19.785778052867272,0.4372780259661859,0.4869537268479163,752,0,752.0,38,2,8,"(12, 50)",16,0.03763440860215054,88.5,48.875,latest_report,38,ATTACK,58,"(7, 28)",True,1,True,770
20,0.0,True,0.0,0.5848829379168109,0.6162223452108727,754,0,754.0,38,0,8,"(2, 50)",0,0.025089605734767026,90.125,52.125,latest_report,38,ATTACK,61,"(14, 20)",False,2,False,770
0,0.0,True,0.0,0.9,0.9,757,0,757.0,68,2,8,"(13, 15)",0,0.024193548387096774,85.5,46.875,latest_report,68,ATTACK,93,"(25, 38)",False,0,False,775
16,15.952165242305924,False,15.952165242305924,0.4372780259661859,0.4869537268479163,757,0,757.0,39,2,8,"(12, 50)",16,0.034050179211469536,88.5,48.875,latest_report,39,ATTACK,60,"(8, 28)",True,1,True,775
20,0.0,True,0.0,0.5848829379168109,0.6162223452108727,759,0,759.0,38,0,8,"(2, 50)",0,0.021505376344086023,90.125,52.125,latest_report,38,ATTACK,62,"(13, 24)",False,2,False,775
0,0.0,True,0.0,0.9,0.9,762,0,762.0,68,2,8,"(13, 15)",0,0.02060931899641577,85.5,46.875,latest_report,68,ATTACK,93,"(24, 34)",False,0,False,780
16,15.952165242305924,False,15.952165242305924,0.4372780259661859,0.4869537268479163,762,0,762.0,39,2,8,"(12, 50)",16,0.02956989247311828,88.5,48.875,latest_report,39,ATTACK,60,"(12, 27)",True,1,True,780
20,0.0,True,0.0,0.5848829379168109,0.6162223452108727,764,0,764.0,38,0,8,"(2, 50)",0,0.01881720430107527,90.125,52.125,latest_report,38,ATTACK,62,"(13, 29)",False,2,False,780
0,0.0,True,0.0,0.9,0.9,767,0,767.0,68,2,8,"(13, 15)",0,0.01971326164874552,85.5,46.875,latest_report,68,ATTACK,93,"(22, 31)",False,0,False,785
16,15.952165242305924,False,15.952165242305924,0.4372780259661859,0.4869537268479163,767,0,767.0,39,2,8,"(12, 50)",16,0.02867383512544803,88.5,48.875,latest_report,39,ATTACK,60,"(13, 31)",True,1,True,785
20,0.0,True,0.0,0.5848829379168109,0.6162223452108727,769,0,769.0,38,0,8,"(2, 50)",0,0.02060931899641577,90.125,52.125,latest_report,38,ATTACK,62,"(13, 34)",False,2,False,785
0,0.0,True,0.0,0.9,0.9,772,0,772.0,68,2,8,"(13, 15)",0,0.017025089605734768,85.5,46.875,latest_report,68,ATTACK,93,"(22, 26)",False,0,False,790
22,16.19293230067297,False,16.19293230067297,0.445566787631807,0.49919609302632023,772,0,772.0,39,2,8,"(12, 50)",22,0.027777777777777776,88.5,48.875,latest_report,39,ATTACK,60,"(13, 36)",True,1,True,790
26,0.0,True,0.0,0.5883992915090923,0.622323474977807,774,0,774.0,38,0,8,"(2, 50)",0,0.02060931899641577,90.125,52.125,latest_report,38,ATTACK,62,"(10, 36)",False,2,False,790
0,0.0,True,0.0,0.9,0.9,777,0,777.0,68,2,8,"(13, 15)",0,0.011648745519713262,85.5,46.875,latest_report,68,ATTACK,93,"(17, 26)",False,0,False,795
22,16.19293230067297,False,16.19293230067297,0.445566787631807,0.49919609302632023,777,0,777.0,39,2,8,"(12, 50)",22,0.024193548387096774,88.5,48.875,latest_report,39,ATTACK,60,"(13, 41)",True,1,True,795
26,0.0,True,0.0,0.5883992915090923,0.622323474977807,779,0,779.0,38,0,8,"(2, 50)",0,0.02060931899641577,90.125,52.125,latest_report,38,ATTACK,62,"(9, 40)",False,2,False,795
0,0.0,True,0.0,0.9,0.9,782,0,782.0,69,2,8,"(13, 15)",0,0.00985663082437276,85.5,46.875,latest_report,69,ATTACK,94,"(15, 23)",False,0,False,800
7,0.0,False,0.0,0.18897197948345204,0.18897197948345204,782,0,782.0,40,2,8,"(12, 50)",0,0.010752688172043012,88.5,48.875,latest_report,40,ATTACK,61,"(12, 45)",False,1,False,800
23,0.0,False,0.0,0.484354542739339,0.484354542739339,784,0,784.0,40,0,8,"(2, 50)",0,0.013440860215053764,90.125,52.125,latest_report,40,ATTACK,64,"(7, 43)",False,2,False,800
0,0.0,True,0.0,0.9,0.9,787,0,787.0,69,2,8,"(13, 15)",0,0.008960573476702509,85.5,46.875,latest_report,69,ATTACK,94,"(14, 19)",False,0,False,805
5,0.0,False,0.0,0.18897197948345204,0.18897197948345204,787,0,787.0,40,2,8,"(12, 50)",0,0.008960573476702509,88.5,48.875,latest_report,40,ATTACK,61,"(12, 50)",False,1,False,805
18,0.0,False,0.0,0.24759353494003566,0.24759353494003566,789,0,789.0,40,0,8,"(2, 50)",0,0.010752688172043012,90.125,52.125,latest_report,40,ATTACK,64,"(5, 46)",False,2,False,805
0,0.0,True,0.0,0.9,0.9,792,0,792.0,69,2,8,"(13, 15)",0,0.008960573476702509,85.5,46.875,latest_report,69,ATTACK,94,"(13, 15)",False,0,False,810
5,0.0,False,0.0,0.18897197948345204,0.18897197948345204,791,0,791.0,41,2,9,"(21, 24)",0,0.008960573476702509,89.55555555555556,49.888888888888886,latest_report,41,ATTACK,62,"(12, 46)",False,1,False,810
18,0.0,False,0.0,0.24759353494003566,0.24759353494003566,794,0,794.0,40,0,8,"(2, 50)",0,0.010752688172043012,90.125,52.125,latest_report,40,ATTACK,64,"(3, 49)",False,2,False,810
0,0.0,True,0.0,0.9,0.9,796,0,796.0,70,2,9,"(12, 50)",0,0.008960573476702509,90.11111111111111,48.333333333333336,latest_report,70,ATTACK,95,"(14, 18)",False,0,False,815
5,0.0,False,0.0,0.18897197948345204,0.18897197948345204,796,0,796.0,41,2,9,"(21, 24)",0,0.008960573476702509,89.55555555555556,49.888888888888886,latest_report,41,ATTACK,62,"(14, 43)",False,1,False,815
18,0.0,False,0.0,0.24759353494003566,0.24759353494003566,798,0,798.0,41,0,9,"(33, 30)",0,0.010752688172043012,90.33333333333333,51.77777777777778,latest_report,41,ATTACK,65,"(3, 49)",False,2,False,815
0,0.0,True,0.0,0.9,0.9,801,0,801.0,70,2,9,"(12, 50)",0,0.008960573476702509,90.11111111111111,48.333333333333336,latest_report,70,ATTACK,95,"(13, 22)",False,0,False,820
5,0.0,False,0.0,0.18897197948345204,0.18897197948345204,801,0,801.0,41,2,9,"(21, 24)",0,0.011648745519713262,89.55555555555556,49.888888888888886,latest_report,41,ATTACK,62,"(14, 38)",False,1,False,820
18,0.0,False,0.0,0.24759353494003566,0.24759353494003566,803,0,803.0,41,0,9,"(33, 30)",0,0.010752688172043012,90.33333333333333,51.77777777777778,latest_report,41,ATTACK,65,"(5, 46)",False,2,False,820
0,0.0,True,0.0,0.9,0.9,806,0,806.0,70,2,9,"(12, 50)",0,0.008960573476702509,90.11111111111111,48.333333333333336,latest_report,70,ATTACK,96,"(12, 26)",False,0,False,825
2,0.0,False,0.0,0.19153403315906845,0.21108219219921562,806,0,806.0,42,2,9,"(21, 24)",0,0.00985663082437276,89.55555555555556,49.888888888888886,latest_report,42,ATTACK,63,"(14, 33)",False,1,False,825
14,0.0,False,0.0,0.24759353494003566,0.24759353494003566,808,0,808.0,41,0,9,"(33, 30)",0,0.00985663082437276,90.33333333333333,51.77777777777778,latest_report,41,ATTACK,66,"(7, 43)",False,2,False,825
0,0.0,True,0.0,0.9,0.9,811,0,811.0,70,2,9,"(12, 50)",0,0.00985663082437276,90.11111111111111,48.333333333333336,latest_report,70,ATTACK,96,"(12, 31)",False,0,False,830
2,0.0,False,0.0,0.20144627042484153,0.2524487973649857,811,0,811.0,42,2,9,"(21, 24)",0,0.00985663082437276,89.55555555555556,49.888888888888886,latest_report,42,ATTACK,63,"(16, 30)",False,1,False,830
14,0.0,False,0.0,0.24759353494003566,0.24759353494003566,813,0,813.0,41,0,9,"(33, 30)",0,0.00985663082437276,90.33333333333333,51.77777777777778,latest_report,41,ATTACK,66,"(10, 41)",False,2,False,830
0,0.0,True,0.0,0.9,0.9,816,0,816.0,70,2,9,"(12, 50)",0,0.010752688172043012,90.11111111111111,48.333333333333336,latest_report,70,ATTACK,96,"(12, 36)",False,0,False,835
2,0.0,False,0.0,0.2181092476349525,0.2873883407462076,816,0,816.0,42,2,9,"(21, 24)",0,0.00985663082437276,89.55555555555556,49.888888888888886,latest_report,42,ATTACK,63,"(17, 26)",False,1,False,835
14,0.0,False,0.0,0.24960352329766636,0.2691776486184868,818,0,818.0,41,0,9,"(33, 30)",0,0.00985663082437276,90.33333333333333,51.77777777777778,latest_report,41,ATTACK,66,"(12, 38)",False,2,False,835
0,0.0,True,0.0,0.9,0.9,820,0,820.0,70,3,9,"(12, 50)",0,0.01078167115902965,90.11111111111111,48.333333333333336,latest_report,70,ATTACK,96,"(12, 40)",False,0,False,840
2,0.0,False,0.0,0.23764840579017024,0.3146023197245313,821,0,821.0,42,2,9,"(21, 24)",0,0.009900990099009901,89.55555555555556,49.888888888888886,latest_report,42,ATTACK,63,"(20, 24)",False,1,False,840
14,0.0,False,0.0,0.2601718809963551,0.31059813979009154,822,0,822.0,43,1,9,"(33, 30)",0,0.009900990099009901,90.33333333333333,51.77777777777778,latest_report,43,ATTACK,68,"(14, 36)",False,2,False,840
0,0.0,True,0.0,0.9,0.9,825,0,825.0,70,3,9,"(12, 50)",0,0.01078167115902965,90.11111111111111,48.333333333333336,latest_report,70,ATTACK,96,"(12, 45)",False,0,False,845
2,0.0,False,0.0,0.2544713538553156,0.3354699045480247,825,0,825.0,43,2,9,"(33, 50)",0,0.010801080108010801,89.55555555555556,49.888888888888886,latest_report,43,ATTACK,64,"(21, 27)",False,1,False,845
3,0.0,False,0.0,0.2764906603216571,0.34300857451505623,827,0,827.0,43,1,9,"(33, 30)",0,0.009900990099009901,90.33333333333333,51.77777777777778,latest_report,43,ATTACK,68,"(17, 34)",False,2,False,845
0,0.0,True,0.0,0.9,0.9,830,0,830.0,70,3,9,"(12, 50)",0,0.013477088948787063,90.11111111111111,48.333333333333336,latest_report,70,ATTACK,97,"(12, 50)",False,0,False,850
2,0.0,False,0.0,0.27174910078027503,0.3540940011686658,830,0,830.0,43,2,9,"(33, 50)",0,0.010801080108010801,89.55555555555556,49.888888888888886,latest_report,43,ATTACK,65,"(19, 30)",False,1,False,850
3,0.0,False,0.0,0.29484934743058494,0.3666917744218194,832,0,832.0,43,1,9,"(33, 30)",0,0.009900990099009901,90.33333333333333,51.77777777777778,latest_report,43,ATTACK,69,"(18, 30)",False,2,False,850
0,0.0,True,0.0,0.9,0.9,834,0,834.0,71,3,9,"(33, 8)",0,0.014375561545372867,90.11111111111111,48.333333333333336,latest_report,71,ATTACK,98,"(12, 46)",False,0,False,855
2,0.0,False,0.0,0.29353999143611625,0.3765189367026713,835,0,835.0,43,2,9,"(33, 50)",0,0.011701170117011701,89.55555555555556,49.888888888888886,latest_report,43,ATTACK,65,"(19, 35)",False,1,False,855
3,0.0,False,0.0,0.31418140931608274,0.3882209246222353,837,0,837.0,43,1,9,"(33, 30)",0,0.009900990099009901,90.33333333333333,51.77777777777778,latest_report,43,ATTACK,69,"(23, 30)",False,2,False,855
0,0.0,True,0.0,0.9,0.9,839,0,839.0,71,3,9,"(33, 8)",0,0.01444043321299639,90.11111111111111,48.333333333333336,latest_report,71,ATTACK,98,"(13, 42)",False,0,False,860
2,0.0,False,0.0,0.3154136577920624,0.3989670039233902,840,0,840.0,43,2,9,"(33, 50)",0,0.01263537906137184,89.55555555555556,49.888888888888886,latest_report,43,ATTACK,65,"(19, 40)",False,1,False,860
3,0.0,False,0.0,0.3336008323448339,0.40695735738126454,842,0,842.0,43,1,9,"(33, 30)",0,0.009927797833935019,90.33333333333333,51.77777777777778,latest_report,43,ATTACK,69,"(28, 30)",False,2,False,860
0,0.0,True,0.0,0.9,0.9,844,0,844.0,71,3,9,"(33, 8)",0,0.015232974910394265,90.11111111111111,48.333333333333336,latest_report,71,ATTACK,98,"(13, 37)",False,0,False,865
8,0.0,False,0.0,0.3384317626468088,0.4278305101291824,845,0,845.0,43,2,9,"(33, 50)",0,0.014336917562724014,89.55555555555556,49.888888888888886,latest_report,43,ATTACK,65,"(19, 45)",False,1,False,865
9,0.0,False,0.0,0.35253326038352023,0.42333514170029535,847,0,847.0,43,1,9,"(33, 30)",0,0.011648745519713262,90.33333333333333,51.77777777777778,latest_report,43,ATTACK,69,"(33, 30)",False,2,False,865
0,0.0,True,0.0,0.9,0.9,849,0,849.0,71,3,9,"(33, 8)",0,0.015232974910394265,90.11111111111111,48.333333333333336,latest_report,71,ATTACK,98,"(13, 32)",False,0,False,870
8,0.0,False,0.0,0.34784105640938406,0.43708837122887806,850,0,850.0,43,2,9,"(33, 50)",0,0.014336917562724014,89.55555555555556,49.888888888888886,latest_report,43,ATTACK,65,"(20, 49)",False,1,False,870
9,0.0,False,0.0,0.3562210848388652,0.42628974949041964,851,0,851.0,44,1,9,"(15, 2)",0,0.011648745519713262,90.33333333333333,51.77777777777778,latest_report,44,ATTACK,70,"(29, 30)",False,2,False,870
0,0.0,True,0.0,0.9,0.9,854,0,854.0,72,3,9,"(33, 8)",0,0.015232974910394265,90.11111111111111,48.333333333333336,latest_report,72,ATTACK,99,"(13, 27)",False,0,False,875
8,0.0,False,0.0,0.36160120132761003,0.4474045823894082,855,0,855.0,43,2,9,"(33, 50)",0,0.014336917562724014,89.55555555555556,49.888888888888886,latest_report,43,ATTACK,66,"(24, 50)",False,1,False,875
9,0.0,False,0.0,0.35987787838955754,0.42935695585271133,856,0,856.0,45,1,9,"(15, 2)",0,0.011648745519713262,90.33333333333333,51.77777777777778,latest_report,45,ATTACK,71,"(25, 29)",False,2,False,875
0,0.0,True,0.0,0.9,0.9,859,0,859.0,72,3,9,"(33, 8)",0,0.017511520737327188,90.11111111111111,48.333333333333336,latest_report,72,ATTACK,99,"(15, 24)",False,0,False,880
6,0.0,False,0.0,0.38320883399321076,0.46294741922062604,860,0,860.0,43,2,9,"(33, 50)",0,0.012903225806451613,89.55555555555556,49.888888888888886,latest_report,43,ATTACK,66,"(29, 50)",False,1,False,880
7,0.0,False,0.0,0.37831507854856716,0.44856167449372314,861,0,861.0,45,1,9,"(15, 2)",0,0.010101010101010102,90.33333333333333,51.77777777777778,latest_report,45,ATTACK,71,"(22, 27)",False,2,False,880
0,0.0,True,0.0,0.9,0.9,864,0,864.0,72,3,9,"(33, 8)",0,0.018433179723502304,90.11111111111111,48.333333333333336,latest_report,72,ATTACK,99,"(16, 20)",False,0,False,885
4,0.0,False,0.0,0.4034387470534616,0.4792543422007441,864,0,864.0,44,2,10,"(33, 8)",0,0.012903225806451613,88.5,49.2,latest_report,44,ATTACK,67,"(33, 50)",False,1,False,885
5,0.0,False,0.0,0.39766390343785163,0.47440128179640456,866,0,866.0,45,1,9,"(15, 2)",0,0.010101010101010102,90.33333333333333,51.77777777777778,latest_report,45,ATTACK,71,"(18, 26)",False,2,False,885
0,0.0,True,0.0,0.9,0.9,869,0,869.0,72,3,9,"(33, 8)",0,0.018433179723502304,90.11111111111111,48.333333333333336,latest_report,72,ATTACK,99,"(16, 15)",False,0,False,890
4,0.0,False,0.0,0.4150703079490067,0.48777219917814446,869,0,869.0,44,2,10,"(33, 8)",0,0.012903225806451613,88.5,49.2,latest_report,44,ATTACK,67,"(32, 46)",False,1,False,890
5,0.0,False,0.0,0.41864823051385963,0.49947639141317923,871,0,871.0,45,1,9,"(15, 2)",0,0.010101010101010102,90.33333333333333,51.77777777777778,latest_report,45,ATTACK,71,"(15, 24)",False,2,False,890
0,0.0,True,0.0,0.9,0.9,874,0,874.0,72,3,9,"(33, 8)",0,0.016589861751152075,90.11111111111111,48.333333333333336,latest_report,72,ATTACK,99,"(17, 11)",False,0,False,895
4,0.0,True,0.0,0.4335892513428406,0.5029364541749882,874,0,874.0,44,2,10,"(33, 8)",0,0.012903225806451613,88.5,49.2,latest_report,44,ATTACK,67,"(29, 44)",False,1,False,895
5,0.0,True,0.0,0.4400980234849832,0.5219286771755133,876,0,876.0,45,1,9,"(15, 2)",0,0.010101010101010102,90.33333333333333,51.77777777777778,latest_report,45,ATTACK,71,"(15, 19)",False,2,False,895
0,0.0,True,0.0,0.9,0.9,879,0,879.0,72,3,9,"(33, 8)",0,0.023832221163012392,90.11111111111111,48.333333333333336,latest_report,72,ATTACK,100,"(20, 9)",False,0,False,900
4,0.0,True,0.0,0.4478596963833858,0.514379131511791,879,0,879.0,44,2,10,"(33, 8)",0,0.025738798856053385,88.5,49.2,latest_report,44,ATTACK,68,"(29, 39)",False,1,False,900
5,0.0,True,0.0,0.4618250839525423,0.5448718491124981,881,0,881.0,45,1,9,"(15, 2)",0,0.0225140712945591,90.33333333333333,51.77777777777778,latest_report,45,ATTACK,72,"(15, 14)",False,2,False,900
0,0.0,True,0.0,0.9,0.9,884,0,884.0,72,3,9,"(33, 8)",0,0.023629489603024575,90.11111111111111,48.333333333333336,latest_report,72,ATTACK,100,"(25, 9)",False,0,False,905
12,0.0,True,0.0,0.4478596963833858,0.514379131511791,884,0,884.0,44,2,10,"(33, 8)",0,0.030245746691871456,88.5,49.2,latest_report,44,ATTACK,68,"(29, 34)",False,1,False,905
13,0.0,True,0.0,0.4837831204271447,0.5670808171582853,886,0,886.0,45,1,9,"(15, 2)",0,0.02897196261682243,90.33333333333333,51.77777777777778,latest_report,45,ATTACK,72,"(15, 9)",False,2,False,905
0,0.0,True,0.0,0.9,0.9,889,0,889.0,72,3,9,"(33, 8)",0,0.022181146025878003,90.11111111111111,48.333333333333336,latest_report,72,ATTACK,100,"(29, 8)",False,0,False,910
12,0.0,True,0.0,0.4478596963833858,0.514379131511791,889,0,889.0,45,2,10,"(33, 8)",0,0.029574861367837338,88.5,49.2,latest_report,45,ATTACK,69,"(28, 30)",False,1,False,910
13,0.0,True,0.0,0.49682551084689697,0.5794667522461584,891,0,891.0,45,1,9,"(15, 2)",0,0.028362305580969808,90.33333333333333,51.77777777777778,latest_report,45,ATTACK,72,"(15, 4)",False,2,False,910
0,0.0,True,0.0,0.9,0.9,893,0,893.0,73,3,10,"(21, 24)",0,0.01834862385321101,91.5,49.9,latest_report,73,ATTACK,101,"(33, 8)",False,0,False,915
12,0.0,True,0.0,0.4478596963833858,0.514379131511791,894,0,894.0,45,2,10,"(33, 8)",0,0.025688073394495414,88.5,49.2,latest_report,45,ATTACK,69,"(28, 25)",False,1,False,915
13,0.0,True,0.0,0.49682551084689697,0.5794667522461584,895,0,895.0,46,1,10,"(24, 45)",0,0.028258887876025523,91.3,51.3,latest_report,46,ATTACK,73,"(15, 4)",False,2,False,915
0,0.0,True,0.0,0.9,0.9,898,0,898.0,73,3,10,"(21, 24)",0,0.01839926402943882,91.5,49.9,latest_report,73,ATTACK,101,"(28, 8)",False,0,False,920
12,0.0,True,0.0,0.4478596963833858,0.514379131511791,899,0,899.0,45,2,10,"(33, 8)",0,0.02667893284268629,88.5,49.2,latest_report,45,ATTACK,69,"(28, 20)",False,1,False,920
13,0.0,True,0.0,0.49682551084689697,0.5794667522461584,900,0,900.0,46,1,10,"(24, 45)",0,0.028518859245630176,91.3,51.3,latest_report,46,ATTACK,73,"(16, 8)",False,2,False,920
0,0.0,True,0.0,0.9,0.9,903,0,903.0,73,3,10,"(21, 24)",0,0.017873100983020553,91.5,49.9,latest_report,73,ATTACK,103,"(24, 9)",False,0,False,925
12,0.0,True,0.0,0.4583957466739661,0.5254372031198035,904,0,904.0,46,2,10,"(33, 8)",0,0.025915996425379804,88.5,49.2,latest_report,46,ATTACK,70,"(28, 15)",False,1,False,925
13,0.0,True,0.0,0.5099082711382301,0.5927103674057427,905,0,905.0,47,1,10,"(24, 45)",0,0.02770330652368186,91.3,51.3,latest_report,47,ATTACK,74,"(16, 13)",False,2,False,925
0,0.0,True,0.0,0.9,0.9,908,0,908.0,73,3,10,"(21, 24)",0,0.01784121320249777,91.5,49.9,latest_report,73,ATTACK,103,"(20, 10)",False,0,False,930
12,0.0,True,0.0,0.4767183595044813,0.5474375378123175,909,0,909.0,46,2,10,"(33, 8)",0,0.024977698483496878,88.5,49.2,latest_report,46,ATTACK,70,"(30, 12)",False,1,False,930
13,0.0,True,0.0,0.5099082711382301,0.5927103674057427,910,0,910.0,47,1,10,"(24, 45)",0,0.02408563782337199,91.3,51.3,latest_report,47,ATTACK,74,"(16, 18)",False,2,False,930
0,0.0,True,0.0,0.9,0.9,913,0,913.0,73,3,10,"(21, 24)",0,0.01784121320249777,91.5,49.9,latest_report,73,ATTACK,103,"(18, 13)",False,0,False,935
12,0.0,True,0.0,0.4957257046560313,0.5685659984345727,914,0,914.0,46,2,10,"(33, 8)",0,0.0231935771632471,88.5,49.2,latest_report,46,ATTACK,70,"(31, 8)",False,1,False,935
13,0.0,True,0.0,0.5141994710161801,0.595732268697231,915,0,915.0,47,1,10,"(24, 45)",0,0.02230151650312221,91.3,51.3,latest_report,47,ATTACK,74,"(16, 23)",False,2,False,935
0,0.0,True,0.0,0.9,0.9,918,0,918.0,73,3,10,"(21, 24)",0,0.016143497757847534,91.5,49.9,latest_report,73,ATTACK,103,"(18, 18)",False,0,False,940
12,0.0,True,0.0,0.4957257046560313,0.5685659984345727,918,0,918.0,47,2,10,"(33, 50)",0,0.023318385650224215,88.5,49.2,latest_report,47,ATTACK,71,"(33, 10)",False,1,False,940
13,0.0,True,0.0,0.5141994710161801,0.595732268697231,920,0,920.0,47,1,10,"(24, 45)",0,0.02242152466367713,91.3,51.3,latest_report,47,ATTACK,74,"(17, 27)",False,2,False,940
0,0.0,True,0.0,0.9,0.9,923,0,923.0,73,3,10,"(21, 24)",0,0.015246636771300448,91.5,49.9,latest_report,73,ATTACK,103,"(18, 23)",False,0,False,945
16,0.0,True,0.0,0.4957257046560313,0.5685659984345727,923,0,923.0,47,2,10,"(33, 50)",0,0.023318385650224215,88.5,49.2,latest_report,47,ATTACK,71,"(30, 12)",False,1,False,945
17,0.0,True,0.0,0.5311363932969411,0.6116719692548739,925,0,925.0,47,1,10,"(24, 45)",0,0.025112107623318385,91.3,51.3,latest_report,47,ATTACK,74,"(22, 27)",False,2,False,945
0,0.0,True,0.0,0.9,0.9,927,0,927.0,74,3,10,"(3, 8)",0,0.014349775784753363,91.5,49.9,latest_report,74,ATTACK,105,"(21, 24)",False,0,False,950
16,0.0,True,0.0,0.4957257046560313,0.5685659984345727,928,0,928.0,48,2,10,"(33, 50)",0,0.023318385650224215,88.5,49.2,latest_report,48,ATTACK,74,"(29, 16)",False,1,False,950
17,0.0,True,0.0,0.5525854562189744,0.6345829824529396,930,0,930.0,47,1,10,"(24, 45)",0,0.023318385650224215,91.3,51.3,latest_report,47,ATTACK,75,"(26, 28)",False,2,False,950
0,0.0,True,0.0,0.9,0.9,932,0,932.0,74,3,10,"(3, 8)",0,0.014349775784753363,91.5,49.9,latest_report,74,ATTACK,105,"(17, 23)",False,0,False,955
16,0.0,True,0.0,0.4957257046560313,0.5685659984345727,933,0,933.0,48,2,10,"(33, 50)",0,0.023318385650224215,88.5,49.2,latest_report,48,ATTACK,74,"(29, 21)",False,1,False,955
17,0.0,True,0.0,0.5653172002902181,0.6446073802538549,935,0,935.0,47,1,10,"(24, 45)",0,0.023318385650224215,91.3,51.3,latest_report,47,ATTACK,75,"(27, 32)",False,2,False,955
0,0.0,True,0.0,0.9,0.9,937,0,937.0,74,3,10,"(3, 8)",0,0.012511170688114389,91.5,49.9,latest_report,74,ATTACK,105,"(17, 18)",False,0,False,960
16,0.0,True,0.0,0.5070726901535996,0.578494216711183,938,0,938.0,48,2,10,"(33, 50)",0,0.022341376228775692,88.5,49.2,latest_report,48,ATTACK,74,"(28, 25)",False,1,False,960
17,0.0,True,0.0,0.5653172002902181,0.6446073802538549,940,0,940.0,47,1,10,"(24, 45)",0,0.022341376228775692,91.3,51.3,latest_report,47,ATTACK,75,"(27, 37)",False,2,False,960
0,0.0,True,0.0,0.9,0.9,942,0,942.0,74,3,10,"(3, 8)",0,0.01161751563896336,91.5,49.9,latest_report,74,ATTACK,105,"(17, 13)",False,0,False,965
16,0.0,True,0.0,0.5218311439589683,0.5909406205332148,943,0,943.0,48,2,10,"(33, 50)",0,0.022341376228775692,88.5,49.2,latest_report,48,ATTACK,74,"(28, 30)",False,1,False,965
17,0.0,True,0.0,0.5653172002902181,0.6446073802538549,945,0,945.0,47,1,10,"(24, 45)",0,0.022341376228775692,91.3,51.3,latest_report,47,ATTACK,75,"(27, 42)",False,2,False,965
0,0.0,True,0.0,0.9,0.9,947,0,947.0,74,3,10,"(3, 8)",0,0.008928571428571428,91.5,49.9,latest_report,74,ATTACK,105,"(16, 9)",False,0,False,970
16,0.0,True,0.0,0.5218311439589683,0.5909406205332148,948,0,948.0,48,2,10,"(33, 50)",0,0.020535714285714286,88.5,49.2,latest_report,48,ATTACK,74,"(29, 34)",False,1,False,970
17,0.0,True,0.0,0.5653172002902181,0.6446073802538549,950,0,950.0,50,1,10,"(24, 45)",0,0.019642857142857142,91.3,51.3,latest_report,50,ATTACK,78,"(27, 47)",False,2,False,970
0,0.0,True,0.0,0.9,0.9,952,0,952.0,74,3,10,"(3, 8)",0,0.007136485280999108,91.5,49.9,latest_report,74,ATTACK,106,"(12, 8)",False,0,False,975
16,0.0,True,0.0,0.5218311439589683,0.5909406205332148,953,0,953.0,49,2,10,"(33, 50)",0,0.01873327386262266,88.5,49.2,latest_report,49,ATTACK,75,"(29, 39)",False,1,False,975
17,0.0,True,0.0,0.5653172002902181,0.6446073802538549,955,0,955.0,50,1,10,"(24, 45)",0,0.01784121320249777,91.3,51.3,latest_report,50,ATTACK,79,"(24, 45)",False,2,False,975
0,0.0,True,0.0,0.9,0.9,957,0,957.0,74,3,10,"(3, 8)",0,0.006216696269982238,91.5,49.9,latest_report,74,ATTACK,106,"(7, 8)",False,0,False,980
16,0.0,True,0.0,0.5218311439589683,0.5909406205332148,958,0,958.0,49,2,10,"(33, 50)",0,0.016873889875666074,88.5,49.2,latest_report,49,ATTACK,75,"(30, 43)",False,1,False,980
17,0.0,True,0.0,0.5653172002902181,0.6446073802538549,959,0,959.0,51,1,10,"(2, 22)",0,0.016873889875666074,91.3,51.3,latest_report,51,ATTACK,80,"(26, 47)",False,2,False,980
0,0.0,True,0.0,0.9,0.9,961,0,961.0,75,3,11,"(2, 22)",0,0.006211180124223602,89.54545454545455,48.54545454545455,latest_report,75,ATTACK,107,"(3, 8)",False,0,False,985
20,0.0,True,0.0,0.5218311439589683,0.5909406205332148,963,0,963.0,49,2,10,"(33, 50)",0,0.018633540372670808,88.5,49.2,latest_report,49,ATTACK,75,"(30, 48)",False,1,False,985
21,0.0,True,0.0,0.5653172002902181,0.6446073802538549,964,0,964.0,51,1,10,"(2, 22)",0,0.01685891748003549,91.3,51.3,latest_report,51,ATTACK,80,"(27, 43)",False,2,False,985
0,0.0,True,0.0,0.9,0.9,966,0,966.0,75,3,11,"(2, 22)",0,0.006211180124223602,89.54545454545455,48.54545454545455,latest_report,75,ATTACK,107,"(8, 8)",False,0,False,990
20,0.0,True,0.0,0.5218311439589683,0.5909406205332148,968,0,968.0,49,2,10,"(33, 50)",0,0.01774622892635315,88.5,49.2,latest_report,49,ATTACK,75,"(33, 50)",False,1,False,990
18,0.0,False,0.0,0.4882728914742865,0.4882728914742865,969,0,969.0,51,1,10,"(2, 22)",0,0.01685891748003549,91.3,51.3,latest_report,51,ATTACK,81,"(27, 38)",False,2,False,990
0,0.0,True,0.0,0.9,0.9,971,0,971.0,75,3,11,"(2, 22)",0,0.005323868677905945,89.54545454545455,48.54545454545455,latest_report,75,ATTACK,107,"(13, 8)",False,0,False,995
20,0.0,True,0.0,0.5218311439589683,0.5909406205332148,972,0,972.0,50,2,11,"(33, 30)",0,0.015971606033717833,90.0909090909091,49.54545454545455,latest_report,50,ATTACK,76,"(33, 46)",False,1,False,995
17,0.0,False,0.0,0.35036868042071756,0.35036868042071756,974,0,974.0,51,1,10,"(2, 22)",0,0.015971606033717833,91.3,51.3,latest_report,51,ATTACK,81,"(25, 35)",False,2,False,995
0,0.0,True,0.0,0.9,0.9,976,0,976.0,75,3,11,"(2, 22)",0,0.005323868677905945,89.54545454545455,48.54545454545455,latest_report,75,ATTACK,108,"(14, 12)",False,0,False,1000
20,0.0,True,0.0,0.5218311439589683,0.5909406205332148,977,0,977.0,50,2,11,"(33, 30)",0,0.015971606033717833,90.0909090909091,49.54545454545455,latest_report,50,ATTACK,77,"(29, 45)",False,1,False,1000
17,0.0,False,0.0,0.35057363689109705,0.35446780982830783,979,0,979.0,52,1,10,"(2, 22)",0,0.015971606033717833,91.3,51.3,latest_report,52,ATTACK,82,"(24, 31)",False,2,False,1000
0,0.0,True,0.0,0.9,0.9,981,0,981.0,75,3,11,"(2, 22)",0,0.005323868677905945,89.54545454545455,48.54545454545455,latest_report,75,ATTACK,108,"(14, 17)",False,0,False,1005
19,0.0,False,0.0,0.4616723597915741,0.4616723597915741,982,0,982.0,51,2,11,"(33, 30)",0,0.015971606033717833,90.0909090909091,49.54545454545455,latest_report,51,ATTACK,78,"(29, 40)",False,1,False,1005
17,0.0,False,0.0,0.35455467015517056,0.37702908289484344,984,0,984.0,52,1,10,"(2, 22)",0,0.015971606033717833,91.3,51.3,latest_report,52,ATTACK,82,"(22, 28)",False,2,False,1005
0,0.0,True,0.0,0.9,0.9,986,0,986.0,75,3,11,"(2, 22)",0,0.005323868677905945,89.54545454545455,48.54545454545455,latest_report,75,ATTACK,108,"(14, 22)",False,0,False,1010
19,0.0,False,0.0,0.4616723597915741,0.4616723597915741,987,0,987.0,51,2,11,"(33, 30)",0,0.015971606033717833,90.0909090909091,49.54545454545455,latest_report,51,ATTACK,78,"(30, 36)",False,1,False,1010
17,0.0,False,0.0,0.3628253832767765,0.39958513907121035,989,0,989.0,52,1,10,"(2, 22)",0,0.015971606033717833,91.3,51.3,latest_report,52,ATTACK,82,"(19, 26)",False,2,False,1010
0,0.0,True,0.0,0.9,0.9,991,0,991.0,75,3,11,"(2, 22)",0,0.0044365572315882874,89.54545454545455,48.54545454545455,latest_report,75,ATTACK,108,"(10, 23)",False,0,False,1015
16,0.0,False,0.0,0.4616723597915741,0.4616723597915741,992,0,992.0,51,2,11,"(33, 30)",0,0.01419698314108252,90.0909090909091,49.54545454545455,latest_report,51,ATTACK,78,"(30, 31)",False,1,False,1015
13,0.0,False,0.0,0.37549265718707525,0.43158166828494265,994,0,994.0,52,1,10,"(2, 22)",0,0.01419698314108252,91.3,51.3,latest_report,52,ATTACK,82,"(14, 26)",False,2,False,1015
0,0.0,True,0.0,0.9,0.9,996,0,996.0,75,3,11,"(2, 22)",0,0.004476275738585497,89.54545454545455,48.54545454545455,latest_report,75,ATTACK,108,"(6, 22)",False,0,False,1020
16,0.0,False,0.0,0.4616723597915741,0.4616723597915741,996,0,996.0,52,2,11,"(33, 8)",0,0.014285714285714285,90.0909090909091,49.54545454545455,latest_report,52,ATTACK,79,"(33, 30)",False,1,False,1020
12,0.0,False,0.0,0.3929896249598103,0.4660275335908807,999,0,999.0,52,1,10,"(2, 22)",0,0.01432408236347359,91.3,51.3,latest_report,52,ATTACK,82,"(12, 23)",False,2,False,1020
0,0.0,True,0.0,0.9,0.9,1000,0,1000.0,76,3,11,"(33, 30)",0,0.004464285714285714,89.54545454545455,48.54545454545455,latest_report,76,ATTACK,110,"(2, 22)",False,0,False,1025
16,0.0,False,0.0,0.4616723597915741,0.4616723597915741,1001,0,1001.0,52,2,11,"(33, 8)",0,0.014247551202137132,90.0909090909091,49.54545454545455,latest_report,52,ATTACK,80,"(28, 30)",False,1,False,1025
12,0.0,False,0.0,0.41387686411959507,0.4965009821015795,1004,0,1004.0,52,1,10,"(2, 22)",0,0.014285714285714285,91.3,51.3,latest_report,52,ATTACK,83,"(8, 22)",False,2,False,1025
0,0.0,True,0.0,0.9,0.9,1005,0,1005.0,76,3,11,"(33, 30)",0,0.004464285714285714,89.54545454545455,48.54545454545455,latest_report,76,ATTACK,110,"(6, 23)",False,0,False,1030
14,0.0,False,0.0,0.4616723597915741,0.4616723597915741,1006,0,1006.0,52,2,11,"(33, 8)",0,0.012466607301869992,90.0909090909091,49.54545454545455,latest_report,52,ATTACK,80,"(28, 25)",False,1,False,1030
10,0.0,True,0.0,0.4366521391025386,0.5263329114736247,1009,0,1009.0,52,1,10,"(2, 22)",0,0.013392857142857142,91.3,51.3,latest_report,52,ATTACK,83,"(3, 22)",False,2,False,1030
0,0.0,True,0.0,0.9,0.9,1010,0,1010.0,76,3,11,"(33, 30)",0,0.004464285714285714,89.54545454545455,48.54545454545455,latest_report,76,ATTACK,110,"(11, 23)",False,0,False,1035
14,0.0,False,0.0,0.4616723597915741,0.4616723597915741,1011,0,1011.0,52,2,11,"(33, 8)",0,0.012466607301869992,90.0909090909091,49.54545454545455,latest_report,52,ATTACK,80,"(29, 21)",False,1,False,1035
10,0.0,True,0.0,0.4612366704055429,0.5556669842789224,1013,0,1013.0,53,1,11,"(21, 24)",0,0.013392857142857142,93.81818181818181,51.72727272727273,latest_report,53,ATTACK,84,"(4, 23)",False,2,False,1035
0,0.0,True,0.0,0.9,0.9,1015,0,1015.0,76,3,11,"(33, 30)",0,0.0036133694670280035,89.54545454545455,48.54545454545455,latest_report,76,ATTACK,110,"(13, 26)",False,0,False,1040
14,0.0,False,0.0,0.4616723597915741,0.4616723597915741,1016,0,1016.0,52,2,11,"(33, 8)",0,0.012601260126012601,90.0909090909091,49.54545454545455,latest_report,52,ATTACK,80,"(29, 16)",False,1,False,1040
10,0.0,True,0.0,0.4858881979627472,0.5789006410453059,1018,0,1018.0,53,1,11,"(21, 24)",0,0.013513513513513514,93.81818181818181,51.72727272727273,latest_report,53,ATTACK,84,"(9, 23)",False,2,False,1040
0,0.0,True,0.0,0.9,0.9,1020,0,1020.0,76,3,11,"(33, 30)",0,0.0027100271002710027,89.54545454545455,48.54545454545455,latest_report,76,ATTACK,110,"(17, 27)",False,0,False,1045
14,0.0,False,0.0,0.4616723597915741,0.4616723597915741,1021,0,1021.0,52,2,11,"(33, 8)",0,0.011701170117011701,90.0909090909091,49.54545454545455,latest_report,52,ATTACK,80,"(30, 12)",False,1,False,1045
10,0.0,True,0.0,0.5102203789602862,0.6028182730416919,1023,0,1023.0,53,1,11,"(21, 24)",0,0.012612612612612612,93.81818181818181,51.72727272727273,latest_report,53,ATTACK,84,"(13, 24)",False,2,False,1045
0,0.0,True,0.0,0.9,0.9,1025,0,1025.0,77,3,11,"(33, 30)",0,0.05058717253839205,89.54545454545455,48.54545454545455,latest_report,77,ATTACK,111,"(20, 29)",False,0,False,1050
14,0.0,False,0.0,0.46210393716709725,0.46747307419550016,1026,0,1026.0,52,2,11,"(33, 8)",0,0.05670567056705671,90.0909090909091,49.54545454545455,latest_report,52,ATTACK,81,"(31, 8)",False,1,False,1050
10,0.0,True,0.0,0.5342461003823472,0.6247500269183696,1028,0,1028.0,53,1,11,"(21, 24)",0,0.054954954954954956,93.81818181818181,51.72727272727273,latest_report,53,ATTACK,85,"(18, 24)",False,2,False,1050
0,0.0,True,0.0,0.9,0.9,1030,0,1030.0,77,3,11,"(33, 30)",0,0.04697380307136405,89.54545454545455,48.54545454545455,latest_report,77,ATTACK,111,"(24, 30)",False,0,False,1055
14,0.0,False,0.0,0.46210393716709725,0.46747307419550016,1030,0,1030.0,54,2,12,"(12, 50)",0,0.0558055805580558,87.75,48.166666666666664,latest_report,54,ATTACK,83,"(31, 8)",False,1,False,1055
10,0.0,True,0.0,0.5576252341455524,0.6445853636831486,1032,0,1032.0,54,1,11,"(2, 41)",0,0.05405405405405406,93.81818181818181,51.72727272727273,latest_report,54,ATTACK,86,"(20, 24)",False,2,False,1055
0,0.0,True,0.0,0.9,0.9,1035,0,1035.0,77,3,11,"(33, 30)",0,0.04155374887082204,89.54545454545455,48.54545454545455,latest_report,77,ATTACK,111,"(29, 30)",False,0,False,1060
15,0.0,False,0.0,0.15049240838166814,0.15049240838166814,1035,0,1035.0,54,2,12,"(12, 50)",0,0.054005400540054004,87.75,48.166666666666664,latest_report,54,ATTACK,83,"(29, 11)",False,1,False,1060
15,0.0,True,0.0,0.5796322257959619,0.6604157072860442,1037,0,1037.0,54,1,11,"(2, 41)",0,0.04684684684684685,93.81818181818181,51.72727272727273,latest_report,54,ATTACK,86,"(17, 26)",False,2,False,1060
0,0.0,True,0.0,0.9,0.9,1039,0,1039.0,78,3,12,"(3, 8)",0,0.03884372177055104,88.75,47.833333333333336,latest_report,78,ATTACK,112,"(33, 30)",False,0,False,1065
13,0.0,False,0.0,0.08050724370841891,0.08050724370841891,1040,0,1040.0,54,2,12,"(12, 50)",0,0.052205220522052204,87.75,48.166666666666664,latest_report,54,ATTACK,83,"(28, 15)",False,1,False,1065
15,0.0,True,0.0,0.5879283459278896,0.6661566536781444,1042,0,1042.0,54,1,11,"(2, 41)",0,0.043243243243243246,93.81818181818181,51.72727272727273,latest_report,54,ATTACK,86,"(13, 27)",False,2,False,1065
0,0.0,True,0.0,0.9,0.9,1044,0,1044.0,78,3,12,"(3, 8)",0,0.03342366757000903,88.75,47.833333333333336,latest_report,78,ATTACK,112,"(28, 30)",False,0,False,1070
13,0.0,False,0.0,0.08050724370841891,0.08050724370841891,1045,0,1045.0,54,2,12,"(12, 50)",0,0.043204320432043204,87.75,48.166666666666664,latest_report,54,ATTACK,83,"(28, 20)",False,1,False,1070
15,0.0,True,0.0,0.5879283459278896,0.6661566536781444,1047,0,1047.0,54,1,11,"(2, 41)",0,0.032432432432432434,93.81818181818181,51.72727272727273,latest_report,54,ATTACK,86,"(8, 27)",False,2,False,1070
0,0.0,True,0.0,0.9,0.9,1049,0,1049.0,79,3,12,"(3, 8)",0,0.03153153153153153,88.75,47.833333333333336,latest_report,79,ATTACK,113,"(25, 28)",False,0,False,1075
13,0.0,False,0.0,0.08563093840182248,0.11888002383488973,1050,0,1050.0,54,2,12,"(12, 50)",0,0.0297029702970297,87.75,48.166666666666664,latest_report,54,ATTACK,84,"(28, 25)",False,1,False,1075
7,0.0,True,0.0,0.5879283459278896,0.6661566536781444,1052,0,1052.0,54,1,11,"(2, 41)",0,0.023402340234023402,93.81818181818181,51.72727272727273,latest_report,54,ATTACK,87,"(3, 27)",False,2,False,1075
0,0.0,True,0.0,0.9,0.9,1054,0,1054.0,79,3,12,"(3, 8)",0,0.029676258992805755,88.75,47.833333333333336,latest_report,79,ATTACK,113,"(22, 26)",False,0,False,1080
13,0.0,False,0.0,0.10028373450638374,0.16750500280422173,1055,0,1055.0,54,2,12,"(12, 50)",0,0.02425876010781671,87.75,48.166666666666664,latest_report,54,ATTACK,84,"(28, 30)",False,1,False,1080
6,0.0,True,0.0,0.5879283459278896,0.6661566536781444,1057,0,1057.0,55,1,11,"(2, 41)",0,0.020664869721473494,93.81818181818181,51.72727272727273,latest_report,55,ATTACK,88,"(7, 28)",False,2,False,1080
0,0.0,True,0.0,0.9,0.9,1059,0,1059.0,79,3,12,"(3, 8)",0,0.028751123090745734,88.75,47.833333333333336,latest_report,79,ATTACK,113,"(19, 24)",False,0,False,1085
13,0.0,False,0.0,0.1203114486334968,0.20011350100878125,1060,0,1060.0,54,2,12,"(12, 50)",0,0.02333931777378815,87.75,48.166666666666664,latest_report,54,ATTACK,84,"(28, 35)",False,1,False,1085
6,0.0,True,0.0,0.5879283459278896,0.6661566536781444,1062,0,1062.0,55,1,11,"(2, 41)",0,0.019748653500897665,93.81818181818181,51.72727272727273,latest_report,55,ATTACK,88,"(7, 33)",False,2,False,1085
0,0.0,True,0.0,0.9,0.9,1064,0,1064.0,79,3,12,"(3, 8)",0,0.017809439002671415,88.75,47.833333333333336,latest_report,79,ATTACK,113,"(15, 23)",False,0,False,1090
13,0.0,False,0.0,0.12457364851193674,0.20555544620229552,1065,0,1065.0,54,2,12,"(12, 50)",0,0.015124555160142349,87.75,48.166666666666664,latest_report,54,ATTACK,84,"(28, 40)",False,1,False,1090
6,0.0,True,0.0,0.5879283459278896,0.6661566536781444,1067,0,1067.0,55,1,11,"(2, 41)",0,0.016903914590747332,93.81818181818181,51.72727272727273,latest_report,55,ATTACK,88,"(7, 38)",False,2,False,1090
0,0.0,True,0.0,0.9,0.9,1069,0,1069.0,79,3,12,"(3, 8)",0,0.008873114463176575,88.75,47.833333333333336,latest_report,79,ATTACK,113,"(14, 19)",False,0,False,1095
21,0.0,False,0.0,0.12457364851193674,0.20555544620229552,1070,0,1070.0,54,2,12,"(12, 50)",0,0.007978723404255319,87.75,48.166666666666664,latest_report,54,ATTACK,84,"(28, 45)",False,1,False,1095
14,0.0,True,0.0,0.5879283459278896,0.6661566536781444,1072,0,1072.0,55,1,11,"(2, 41)",0,0.020390070921985817,93.81818181818181,51.72727272727273,latest_report,55,ATTACK,88,"(5, 41)",False,2,False,1095
0,0.0,True,0.0,0.9,0.9,1074,0,1074.0,79,3,12,"(3, 8)",0,0.008857395925597875,88.75,47.833333333333336,latest_report,79,ATTACK,114,"(13, 15)",False,0,False,1100
21,0.0,False,0.0,0.12457364851193674,0.20555544620229552,1075,0,1075.0,54,2,12,"(12, 50)",0,0.007964601769911504,87.75,48.166666666666664,latest_report,54,ATTACK,85,"(27, 49)",False,1,False,1100
14,0.0,True,0.0,0.5879283459278896,0.6661566536781444,1076,0,1076.0,56,1,12,"(33, 50)",0,0.020353982300884955,91.58333333333333,51.166666666666664,latest_report,56,ATTACK,90,"(3, 41)",False,2,False,1100
0,0.0,True,0.0,0.9,0.9,1079,0,1079.0,79,3,12,"(3, 8)",0,0.008857395925597875,88.75,47.833333333333336,latest_report,79,ATTACK,114,"(13, 10)",False,0,False,1105
21,0.0,False,0.0,0.12457364851193674,0.20555544620229552,1080,0,1080.0,54,2,12,"(12, 50)",0,0.007964601769911504,87.75,48.166666666666664,latest_report,54,ATTACK,85,"(22, 49)",False,1,False,1105
14,0.0,True,0.0,0.5879283459278896,0.6661566536781444,1081,0,1081.0,56,1,12,"(33, 50)",0,0.020353982300884955,91.58333333333333,51.166666666666664,latest_report,56,ATTACK,90,"(8, 41)",False,2,False,1105
0,0.0,True,0.0,0.9,0.9,1084,0,1084.0,79,3,12,"(3, 8)",0,0.008857395925597875,88.75,47.833333333333336,latest_report,79,ATTACK,114,"(10, 8)",False,0,False,1110
21,0.0,False,0.0,0.12457364851193674,0.20555544620229552,1085,0,1085.0,54,2,12,"(12, 50)",0,0.007964601769911504,87.75,48.166666666666664,latest_report,54,ATTACK,85,"(17, 49)",False,1,False,1110
14,0.0,True,0.0,0.5879283459278896,0.6661566536781444,1086,0,1086.0,56,1,12,"(33, 50)",0,0.020353982300884955,91.58333333333333,51.166666666666664,latest_report,56,ATTACK,90,"(13, 41)",False,2,False,1110
0,0.0,True,0.0,0.9,0.9,1089,0,1089.0,79,3,12,"(3, 8)",0,0.008857395925597875,88.75,47.833333333333336,latest_report,79,ATTACK,114,"(5, 8)",False,0,False,1115
21,0.0,False,0.0,0.12457364851193674,0.20555544620229552,1090,0,1090.0,54,2,12,"(12, 50)",0,0.007964601769911504,87.75,48.166666666666664,latest_report,54,ATTACK,85,"(13, 50)",False,1,False,1115
14,0.0,True,0.0,0.5879283459278896,0.6661566536781444,1091,0,1091.0,56,1,12,"(33, 50)",0,0.020353982300884955,91.58333333333333,51.166666666666664,latest_report,56,ATTACK,90,"(17, 40)",False,2,False,1115
0,0.0,True,0.0,0.9,0.9,1093,0,1093.0,80,3,12,"(21, 24)",0,0.008888888888888889,88.75,47.833333333333336,latest_report,80,ATTACK,115,"(5, 8)",False,0,False,1120
21,0.0,False,0.0,0.12457364851193674,0.20555544620229552,1094,0,1094.0,55,2,12,"(24, 45)",0,0.008880994671403197,87.75,48.166666666666664,latest_report,55,ATTACK,86,"(14, 49)",False,1,False,1120
14,0.0,True,0.0,0.5958402189969255,0.670012208145272,1096,0,1096.0,56,1,12,"(33, 50)",0,0.018617021276595744,91.58333333333333,51.166666666666664,latest_report,56,ATTACK,90,"(22, 40)",False,2,False,1120
0,0.0,True,0.0,0.9,0.9,1098,0,1098.0,80,3,12,"(21, 24)",0,0.008888888888888889,88.75,47.833333333333336,latest_report,80,ATTACK,116,"(10, 8)",False,0,False,1125
21,0.0,False,0.0,0.12457364851193674,0.20555544620229552,1099,0,1099.0,55,2,12,"(24, 45)",0,0.008880994671403197,87.75,48.166666666666664,latest_report,55,ATTACK,87,"(19, 49)",False,1,False,1125
14,0.0,True,0.0,0.613949968339778,0.6794574086107265,1101,0,1101.0,57,1,12,"(33, 50)",0,0.014184397163120567,91.58333333333333,51.166666666666664,latest_report,57,ATTACK,91,"(26, 41)",False,2,False,1125
0,0.0,True,0.0,0.9,0.9,1103,0,1103.0,80,3,12,"(21, 24)",0,0.008888888888888889,88.75,47.833333333333336,latest_report,80,ATTACK,116,"(13, 10)",False,0,False,1130
21,0.0,False,0.0,0.12457364851193674,0.20555544620229552,1104,0,1104.0,55,2,12,"(24, 45)",0,0.009769094138543518,87.75,48.166666666666664,latest_report,55,ATTACK,87,"(24, 49)",False,1,False,1130
14,0.0,True,0.0,0.613949968339778,0.6794574086107265,1106,0,1106.0,57,1,12,"(33, 50)",0,0.013297872340425532,91.58333333333333,51.166666666666664,latest_report,57,ATTACK,91,"(28, 44)",False,2,False,1130
0,0.0,True,0.0,0.9,0.9,1108,0,1108.0,80,3,12,"(21, 24)",0,0.008888888888888889,88.75,47.833333333333336,latest_report,80,ATTACK,116,"(14, 14)",False,0,False,1135
25,0.0,False,0.0,0.12457364851193674,0.20555544620229552,1108,0,1108.0,56,2,13,"(15, 2)",0,0.011545293072824156,87.3076923076923,45.84615384615385,latest_report,56,ATTACK,88,"(24, 45)",False,1,False,1135
18,0.0,True,0.0,0.613949968339778,0.6794574086107265,1111,0,1111.0,57,1,12,"(33, 50)",0,0.013297872340425532,91.58333333333333,51.166666666666664,latest_report,57,ATTACK,91,"(29, 48)",False,2,False,1135
0,0.0,True,0.0,0.9,0.9,1113,0,1113.0,80,3,12,"(21, 24)",0,0.009025270758122744,88.75,47.833333333333336,latest_report,80,ATTACK,116,"(14, 19)",False,0,False,1140
25,0.0,False,0.0,0.12457364851193674,0.20555544620229552,1113,0,1113.0,56,2,13,"(15, 2)",0,0.011722272317403066,87.3076923076923,45.84615384615385,latest_report,56,ATTACK,88,"(25, 41)",False,1,False,1140
18,0.0,True,0.0,0.613949968339778,0.6794574086107265,1116,0,1116.0,57,1,12,"(33, 50)",0,0.013525698827772768,91.58333333333333,51.166666666666664,latest_report,57,ATTACK,91,"(32, 50)",False,2,False,1140
0,0.0,True,0.0,0.9,0.9,1118,0,1118.0,80,3,12,"(21, 24)",0,0.009025270758122744,88.75,47.833333333333336,latest_report,80,ATTACK,116,"(15, 23)",False,0,False,1145
25,0.0,False,0.0,0.13736768585501752,0.21865011920241254,1118,0,1118.0,56,2,13,"(15, 2)",0,0.011722272317403066,87.3076923076923,45.84615384615385,latest_report,56,ATTACK,88,"(25, 36)",False,1,False,1145
18,0.0,True,0.0,0.613949968339778,0.6794574086107265,1120,0,1120.0,58,1,12,"(2, 50)",0,0.013525698827772768,91.58333333333333,51.166666666666664,latest_report,58,ATTACK,92,"(30, 50)",False,2,False,1145
0,0.0,True,0.0,0.9,0.9,1123,0,1123.0,80,3,12,"(21, 24)",0,0.008122743682310469,88.75,47.833333333333336,latest_report,80,ATTACK,117,"(19, 24)",False,0,False,1150
25,0.0,False,0.0,0.15894045625987596,0.24170174621309357,1123,0,1123.0,56,2,13,"(15, 2)",0,0.013525698827772768,87.3076923076923,45.84615384615385,latest_report,56,ATTACK,89,"(25, 31)",False,1,False,1150
18,3.058198069276358,True,3.058198069276358,0.613949968339778,0.6794574086107265,1125,0,1125.0,58,1,12,"(2, 50)",18,0.014427412082957619,91.58333333333333,51.166666666666664,latest_report,58,ATTACK,93,"(26, 49)",True,2,True,1150
0,0.0,True,0.0,0.9,0.9,1127,0,1127.0,81,3,13,"(24, 45)",0,0.008122743682310469,88.6923076923077,46.84615384615385,latest_report,81,ATTACK,118,"(21, 26)",False,0,False,1155
25,0.0,False,0.0,0.181810919639793,0.27293456799177834,1128,0,1128.0,56,2,13,"(15, 2)",0,0.016230838593327322,87.3076923076923,45.84615384615385,latest_report,56,ATTACK,89,"(25, 26)",False,1,False,1155
18,3.058198069276358,True,3.058198069276358,0.613949968339778,0.6794574086107265,1130,0,1130.0,58,1,12,"(2, 50)",18,0.014427412082957619,91.58333333333333,51.166666666666664,latest_report,58,ATTACK,93,"(21, 49)",True,2,True,1155
0,0.0,True,0.0,0.9,0.9,1132,0,1132.0,81,3,13,"(24, 45)",0,0.008159564823209429,88.6923076923077,46.84615384615385,latest_report,81,ATTACK,118,"(24, 28)",False,0,False,1160
25,0.0,False,0.0,0.20869398087725463,0.3166744286612994,1133,0,1133.0,56,2,13,"(15, 2)",0,0.016304347826086956,87.3076923076923,45.84615384615385,latest_report,56,ATTACK,89,"(25, 21)",False,1,False,1160
16,0.0,False,0.0,0.4182949540497593,0.4182949540497593,1135,0,1135.0,58,1,12,"(2, 50)",0,0.01358695652173913,91.58333333333333,51.166666666666664,latest_report,58,ATTACK,94,"(16, 49)",False,2,False,1160
0,0.0,True,0.0,0.9,0.9,1137,0,1137.0,81,3,13,"(24, 45)",0,0.008159564823209429,88.6923076923077,46.84615384615385,latest_report,81,ATTACK,118,"(24, 33)",False,0,False,1165
25,0.0,False,0.0,0.220304957515382,0.3313499662356441,1138,0,1138.0,56,2,13,"(15, 2)",0,0.016304347826086956,87.3076923076923,45.84615384615385,latest_report,56,ATTACK,89,"(25, 16)",False,1,False,1165
14,0.0,False,0.0,0.2583254000910043,0.2583254000910043,1140,0,1140.0,58,1,12,"(2, 50)",0,0.015398550724637682,91.58333333333333,51.166666666666664,latest_report,58,ATTACK,94,"(13, 47)",False,2,False,1165
0,0.0,True,0.0,0.9,0.9,1142,0,1142.0,81,3,13,"(24, 45)",0,0.007174887892376682,88.6923076923077,46.84615384615385,latest_report,81,ATTACK,118,"(25, 37)",False,0,False,1170
27,0.0,False,0.0,0.220304957515382,0.3313499662356441,1143,0,1143.0,56,2,13,"(15, 2)",0,0.017921146953405017,87.3076923076923,45.84615384615385,latest_report,56,ATTACK,89,"(25, 11)",False,1,False,1170
19,0.0,False,0.0,0.2583254000910043,0.2583254000910043,1145,0,1145.0,58,1,12,"(2, 50)",0,0.01881720430107527,91.58333333333333,51.166666666666664,latest_report,58,ATTACK,94,"(9, 46)",False,2,False,1170
0,0.0,True,0.0,0.9,0.9,1147,0,1147.0,81,3,13,"(24, 45)",0,0.006211180124223602,88.6923076923077,46.84615384615385,latest_report,81,ATTACK,119,"(25, 42)",False,0,False,1175
27,0.0,False,0.0,0.2260758218888741,0.3357222449852235,1148,0,1148.0,56,2,13,"(15, 2)",0,0.016843971631205674,87.3076923076923,45.84615384615385,latest_report,56,ATTACK,90,"(22, 9)",False,1,False,1175
19,0.0,False,0.0,0.2583254000910043,0.2583254000910043,1150,0,1150.0,58,1,12,"(2, 50)",0,0.01773049645390071,91.58333333333333,51.166666666666664,latest_report,58,ATTACK,95,"(4, 46)",False,2,False,1175
0,0.0,True,0.0,0.9,0.9,1151,0,1151.0,82,3,13,"(2, 41)",0,0.006255585344057194,88.6923076923077,46.84615384615385,latest_report,82,ATTACK,120,"(24, 45)",False,0,False,1180
27,0.0,False,0.0,0.25426417304562243,0.3598479426400967,1153,0,1153.0,56,2,13,"(15, 2)",0,0.016964285714285713,87.3076923076923,45.84615384615385,latest_report,56,ATTACK,90,"(17, 9)",False,1,False,1180
19,0.0,False,0.0,0.2583254000910043,0.2583254000910043,1155,0,1155.0,58,1,12,"(2, 50)",0,0.017857142857142856,91.58333333333333,51.166666666666664,latest_report,58,ATTACK,95,"(3, 50)",False,2,False,1180
0,0.0,True,0.0,0.9,0.9,1156,0,1156.0,82,3,13,"(2, 41)",0,0.006255585344057194,88.6923076923077,46.84615384615385,latest_report,82,ATTACK,120,"(25, 41)",False,0,False,1185
27,0.0,False,0.0,0.2815507865486061,0.3831925327814512,1158,0,1158.0,56,2,13,"(15, 2)",0,0.016964285714285713,87.3076923076923,45.84615384615385,latest_report,56,ATTACK,90,"(15, 6)",False,1,False,1185
19,0.0,False,0.0,0.2583254000910043,0.2583254000910043,1159,0,1159.0,60,1,13,"(15, 2)",0,0.017857142857142856,90.92307692307692,50.30769230769231,latest_report,60,ATTACK,97,"(3, 48)",False,2,False,1185
0,0.0,True,0.0,0.9,0.9,1161,0,1161.0,82,3,13,"(2, 41)",0,0.006255585344057194,88.6923076923077,46.84615384615385,latest_report,82,ATTACK,120,"(21, 40)",False,0,False,1190
27,0.0,False,0.0,0.2869378033877612,0.38929112333170757,1162,0,1162.0,57,2,13,"(2, 50)",0,0.016964285714285713,87.3076923076923,45.84615384615385,latest_report,57,ATTACK,91,"(15, 2)",False,1,False,1190
19,0.0,False,0.0,0.2583254000910043,0.2583254000910043,1164,0,1164.0,60,1,13,"(15, 2)",0,0.017857142857142856,90.92307692307692,50.30769230769231,latest_report,60,ATTACK,97,"(5, 45)",False,2,False,1190
0,0.0,True,0.0,0.9,0.9,1166,0,1166.0,82,3,13,"(2, 41)",0,0.00804289544235925,88.6923076923077,46.84615384615385,latest_report,82,ATTACK,120,"(16, 40)",False,0,False,1195
27,0.0,False,0.0,0.2869378033877612,0.38929112333170757,1167,0,1167.0,57,2,13,"(2, 50)",0,0.016964285714285713,87.3076923076923,45.84615384615385,latest_report,57,ATTACK,91,"(14, 6)",False,1,False,1195
19,0.0,False,0.0,0.2583254000910043,0.2583254000910043,1169,0,1169.0,62,1,13,"(15, 2)",0,0.017857142857142856,90.92307692307692,50.30769230769231,latest_report,62,ATTACK,99,"(10, 45)",False,2,False,1195
0,0.0,True,0.0,0.9,0.9,1171,0,1171.0,82,3,13,"(2, 41)",0,0.04196428571428571,88.6923076923077,46.84615384615385,latest_report,82,ATTACK,121,"(12, 41)",False,0,False,1200
23,0.0,False,0.0,0.3029379546975572,0.40274863942832323,1172,0,1172.0,57,2,13,"(2, 50)",0,0.043710972346119537,87.3076923076923,45.84615384615385,latest_report,57,ATTACK,92,"(14, 11)",False,1,False,1200
19,0.0,False,0.0,0.2634836627440407,0.29721674901122946,1174,0,1174.0,63,1,13,"(15, 2)",0,0.042818911685994644,90.92307692307692,50.30769230769231,latest_report,63,ATTACK,101,"(13, 43)",False,2,False,1200
0,0.0,True,0.0,0.9,0.9,1176,0,1176.0,82,3,13,"(2, 41)",0,0.04196428571428571,88.6923076923077,46.84615384615385,latest_report,82,ATTACK,121,"(7, 41)",False,0,False,1205
23,0.0,False,0.0,0.3029379546975572,0.40274863942832323,1177,0,1177.0,57,2,13,"(2, 50)",0,0.039250669045495096,87.3076923076923,45.84615384615385,latest_report,57,ATTACK,92,"(14, 16)",False,1,False,1205
19,0.0,False,0.0,0.2773399944044457,0.34067570864570906,1179,0,1179.0,63,1,13,"(15, 2)",0,0.0383586083853702,90.92307692307692,50.30769230769231,latest_report,63,ATTACK,101,"(15, 40)",False,2,False,1205
0,0.0,True,0.0,0.9,0.9,1181,0,1181.0,82,3,13,"(2, 41)",0,0.04074402125775022,88.6923076923077,46.84615384615385,latest_report,82,ATTACK,121,"(2, 41)",False,0,False,1210
23,0.0,False,0.0,0.3029379546975572,0.40274863942832323,1182,0,1182.0,57,2,13,"(2, 50)",0,0.034513274336283185,87.3076923076923,45.84615384615385,latest_report,57,ATTACK,92,"(14, 21)",False,1,False,1210
17,0.0,False,0.0,0.29189035601712443,0.3630167027857176,1184,0,1184.0,63,1,13,"(15, 2)",0,0.033628318584070796,90.92307692307692,50.30769230769231,latest_report,63,ATTACK,101,"(15, 35)",False,2,False,1210
0,0.0,True,0.0,0.9,0.9,1185,0,1185.0,83,3,14,"(3, 8)",0,0.03985828166519043,86.5,45.714285714285715,latest_report,83,ATTACK,122,"(6, 41)",False,0,False,1215
23,0.0,False,0.0,0.3029379546975572,0.40274863942832323,1187,0,1187.0,57,2,13,"(2, 50)",0,0.03185840707964602,87.3076923076923,45.84615384615385,latest_report,57,ATTACK,92,"(14, 26)",False,1,False,1215
15,0.0,False,0.0,0.29189035601712443,0.3630167027857176,1189,0,1189.0,63,1,13,"(15, 2)",0,0.03185840707964602,90.92307692307692,50.30769230769231,latest_report,63,ATTACK,101,"(15, 30)",False,2,False,1215
0,0.0,True,0.0,0.9,0.9,1190,0,1190.0,83,3,14,"(3, 8)",0,0.0398936170212766,86.5,45.714285714285715,latest_report,83,ATTACK,122,"(11, 41)",False,0,False,1220
14,0.0,False,0.0,0.3029379546975572,0.40274863942832323,1192,0,1192.0,57,2,13,"(2, 50)",0,0.032114183764495985,87.3076923076923,45.84615384615385,latest_report,57,ATTACK,92,"(14, 31)",False,1,False,1220
15,0.0,False,0.0,0.29189035601712443,0.3630167027857176,1194,0,1194.0,63,1,13,"(15, 2)",0,0.032114183764495985,90.92307692307692,50.30769230769231,latest_report,63,ATTACK,101,"(15, 25)",False,2,False,1220
0,0.0,True,0.0,0.9,0.9,1195,0,1195.0,83,3,14,"(3, 8)",0,0.0398936170212766,86.5,45.714285714285715,latest_report,83,ATTACK,123,"(13, 38)",False,0,False,1225
12,0.0,False,0.0,0.32893045679743654,0.4289748054370381,1197,0,1197.0,58,2,13,"(2, 50)",0,0.031222123104371096,87.3076923076923,45.84615384615385,latest_report,58,ATTACK,93,"(13, 35)",False,1,False,1225
15,0.0,False,0.0,0.29189035601712443,0.3630167027857176,1199,0,1199.0,63,1,13,"(15, 2)",0,0.031222123104371096,90.92307692307692,50.30769230769231,latest_report,63,ATTACK,102,"(15, 20)",False,2,False,1225
0,0.0,True,0.0,0.9,0.9,1200,0,1200.0,83,3,14,"(3, 8)",0,0.0398936170212766,86.5,45.714285714285715,latest_report,83,ATTACK,123,"(14, 34)",False,0,False,1230
12,0.0,False,0.0,0.3565972830092184,0.46360057661898235,1202,0,1202.0,58,2,13,"(2, 50)",0,0.030330062444246207,87.3076923076923,45.84615384615385,latest_report,58,ATTACK,93,"(12, 39)",False,1,False,1230
15,0.0,False,0.0,0.29189035601712443,0.3630167027857176,1204,0,1204.0,63,1,13,"(15, 2)",0,0.032114183764495985,90.92307692307692,50.30769230769231,latest_report,63,ATTACK,102,"(15, 15)",False,2,False,1230
0,0.0,True,0.0,0.9,0.9,1205,0,1205.0,83,3,14,"(3, 8)",0,0.0398936170212766,86.5,45.714285714285715,latest_report,83,ATTACK,123,"(14, 29)",False,0,False,1235
12,0.0,False,0.0,0.3850535446783125,0.4936087302119207,1207,0,1207.0,58,2,13,"(2, 50)",0,0.030330062444246207,87.3076923076923,45.84615384615385,latest_report,58,ATTACK,93,"(12, 44)",False,1,False,1235
14,0.0,False,0.0,0.29189035601712443,0.3630167027857176,1209,0,1209.0,63,1,13,"(15, 2)",0,0.032114183764495985,90.92307692307692,50.30769230769231,latest_report,63,ATTACK,102,"(15, 10)",False,2,False,1235
0,0.0,True,0.0,0.9,0.9,1210,0,1210.0,83,3,14,"(3, 8)",0,0.040467625899280574,86.5,45.714285714285715,latest_report,83,ATTACK,123,"(14, 24)",False,0,False,1240
12,0.0,True,0.0,0.41280183113068775,0.5156940111092277,1212,0,1212.0,58,2,13,"(2, 50)",0,0.030548068283917342,87.3076923076923,45.84615384615385,latest_report,58,ATTACK,93,"(9, 46)",False,1,False,1240
14,0.0,False,0.0,0.29189035601712443,0.3630167027857176,1214,0,1214.0,63,1,13,"(15, 2)",0,0.03234501347708895,90.92307692307692,50.30769230769231,latest_report,63,ATTACK,102,"(15, 5)",False,2,False,1240
0,0.0,True,0.0,0.9,0.9,1215,0,1215.0,83,3,14,"(3, 8)",0,0.040467625899280574,86.5,45.714285714285715,latest_report,83,ATTACK,123,"(14, 19)",False,0,False,1245
17,0.0,True,0.0,0.43892092045422054,0.5364556568601897,1217,0,1217.0,58,2,13,"(2, 50)",0,0.030548068283917342,87.3076923076923,45.84615384615385,latest_report,58,ATTACK,93,"(4, 46)",False,1,False,1245
19,0.0,False,0.0,0.29189035601712443,0.3630167027857176,1218,0,1218.0,64,1,13,"(12, 50)",0,0.03324348607367475,90.92307692307692,50.30769230769231,latest_report,64,ATTACK,103,"(14, 2)",False,2,False,1245
0,0.0,True,0.0,0.9,0.9,1220,0,1220.0,83,3,14,"(3, 8)",0,0.03776978417266187,86.5,45.714285714285715,latest_report,83,ATTACK,124,"(13, 15)",False,0,False,1250
17,0.0,True,0.0,0.4488918377597455,0.5426961348708547,1222,0,1222.0,58,2,13,"(2, 50)",0,0.029649595687331536,87.3076923076923,45.84615384615385,latest_report,58,ATTACK,94,"(3, 50)",False,1,False,1250
19,0.0,False,0.0,0.2956829794746477,0.3677428251675898,1223,0,1223.0,64,1,13,"(12, 50)",0,0.03324348607367475,90.92307692307692,50.30769230769231,latest_report,64,ATTACK,104,"(14, 7)",False,2,False,1250
0,0.0,True,0.0,0.9,0.9,1225,0,1225.0,83,3,14,"(3, 8)",0,0.03776978417266187,86.5,45.714285714285715,latest_report,83,ATTACK,124,"(13, 10)",False,0,False,1255
17,0.0,True,0.0,0.4488918377597455,0.5426961348708547,1226,0,1226.0,59,2,14,"(13, 15)",0,0.029649595687331536,89.42857142857143,47.0,latest_report,59,ATTACK,95,"(4, 49)",False,1,False,1255
19,0.0,False,0.0,0.31657018289170624,0.40223221765938466,1228,0,1228.0,64,1,13,"(12, 50)",0,0.03324348607367475,90.92307692307692,50.30769230769231,latest_report,64,ATTACK,104,"(14, 12)",False,2,False,1255
0,0.0,True,0.0,0.9,0.9,1230,0,1230.0,83,3,14,"(3, 8)",0,0.03776978417266187,86.5,45.714285714285715,latest_report,83,ATTACK,124,"(10, 8)",False,0,False,1260
17,0.0,True,0.0,0.4488918377597455,0.5426961348708547,1231,0,1231.0,59,2,14,"(13, 15)",0,0.029649595687331536,89.42857142857143,47.0,latest_report,59,ATTACK,95,"(6, 46)",False,1,False,1260
19,0.0,False,0.0,0.340733012688771,0.43482173294307813,1233,0,1233.0,64,1,13,"(12, 50)",0,0.03773584905660377,90.92307692307692,50.30769230769231,latest_report,64,ATTACK,104,"(14, 17)",False,2,False,1260
0,0.0,True,0.0,0.9,0.9,1235,0,1235.0,83,3,14,"(3, 8)",0,0.03776978417266187,86.5,45.714285714285715,latest_report,83,ATTACK,124,"(5, 8)",False,0,False,1265
17,0.0,True,0.0,0.46326173025390754,0.5533068275240113,1236,0,1236.0,59,2,14,"(13, 15)",0,0.029649595687331536,89.42857142857143,47.0,latest_report,59,ATTACK,95,"(7, 42)",False,1,False,1265
19,0.0,False,0.0,0.36567760501798013,0.45998527289543234,1238,0,1238.0,64,1,13,"(12, 50)",0,0.03863432165318958,90.92307692307692,50.30769230769231,latest_report,64,ATTACK,104,"(14, 22)",False,2,False,1265
0,0.0,True,0.0,0.9,0.9,1239,0,1239.0,84,3,14,"(2, 22)",0,0.0368705035971223,86.5,45.714285714285715,latest_report,84,ATTACK,125,"(5, 8)",False,0,False,1270
17,0.0,True,0.0,0.48184929869168536,0.5687838237900497,1241,0,1241.0,59,2,14,"(13, 15)",0,0.029649595687331536,89.42857142857143,47.0,latest_report,59,ATTACK,95,"(9, 39)",False,1,False,1270
19,0.0,False,0.0,0.3899190975083261,0.4805158692853144,1243,0,1243.0,64,1,13,"(12, 50)",0,0.04043126684636118,90.92307692307692,50.30769230769231,latest_report,64,ATTACK,104,"(14, 27)",False,2,False,1270
0,0.0,True,0.0,0.9,0.9,1244,0,1244.0,84,3,14,"(2, 22)",0,0.03507194244604316,86.5,45.714285714285715,latest_report,84,ATTACK,126,"(10, 8)",False,0,False,1275
15,0.0,False,0.0,0.47040124212257206,0.474427260048561,1246,0,1246.0,61,2,14,"(13, 15)",0,0.027852650494159928,89.42857142857143,47.0,latest_report,61,ATTACK,97,"(11, 36)",False,1,False,1275
15,0.0,False,0.0,0.40388205407637084,0.43603644677475956,1248,0,1248.0,64,1,13,"(12, 50)",0,0.03593890386343217,90.92307692307692,50.30769230769231,latest_report,64,ATTACK,105,"(14, 32)",False,2,False,1275
0,0.0,True,0.0,0.9,0.9,1249,0,1249.0,84,3,14,"(2, 22)",0,0.0341726618705036,86.5,45.714285714285715,latest_report,84,ATTACK,126,"(13, 10)",False,0,False,1280
16,0.0,False,0.0,0.4448595232162293,0.4448595232162293,1251,0,1251.0,62,2,14,"(13, 15)",0,0.027852650494159928,89.42857142857143,47.0,latest_report,62,ATTACK,98,"(12, 32)",False,1,False,1280
18,0.0,False,0.0,0.41128281363333447,0.4447976855012317,1253,0,1253.0,64,1,13,"(12, 50)",0,0.03593890386343217,90.92307692307692,50.30769230769231,latest_report,64,ATTACK,105,"(14, 37)",False,2,False,1280
0,0.0,True,0.0,0.9,0.9,1254,0,1254.0,84,3,14,"(2, 22)",0,0.0341726618705036,86.5,45.714285714285715,latest_report,84,ATTACK,126,"(14, 14)",False,0,False,1285
16,0.0,False,0.0,0.4477441744402416,0.46539703691101786,1256,0,1256.0,62,2,14,"(13, 15)",0,0.027852650494159928,89.42857142857143,47.0,latest_report,62,ATTACK,98,"(13, 28)",False,1,False,1285
18,0.0,False,0.0,0.4218603230188273,0.46578556615663097,1258,0,1258.0,64,1,13,"(12, 50)",0,0.034141958670260555,90.92307692307692,50.30769230769231,latest_report,64,ATTACK,105,"(14, 42)",False,2,False,1285
0,0.0,True,0.0,0.9,0.9,1259,0,1259.0,84,3,14,"(2, 22)",0,0.0341726618705036,86.5,45.714285714285715,latest_report,84,ATTACK,126,"(14, 19)",False,0,False,1290
16,0.0,False,0.0,0.45462310631518243,0.48615661730774,1261,0,1261.0,62,2,14,"(13, 15)",0,0.02605570530098832,89.42857142857143,47.0,latest_report,62,ATTACK,98,"(13, 23)",False,1,False,1290
18,0.0,False,0.0,0.4315763720133225,0.47874610496727193,1263,0,1263.0,64,1,13,"(12, 50)",0,0.031446540880503145,90.92307692307692,50.30769230769231,latest_report,64,ATTACK,105,"(13, 46)",False,2,False,1290
0,0.0,True,0.0,0.9,0.9,1264,0,1264.0,84,3,14,"(2, 22)",0,0.03237410071942446,86.5,45.714285714285715,latest_report,84,ATTACK,126,"(11, 21)",False,0,False,1295
16,0.0,True,0.0,0.466043341320712,0.516963783079665,1266,0,1266.0,62,2,14,"(13, 15)",0,0.02425876010781671,89.42857142857143,47.0,latest_report,62,ATTACK,98,"(14, 19)",False,1,False,1295
18,0.0,False,0.0,0.43938249590896816,0.489810220993282,1268,0,1268.0,64,1,13,"(12, 50)",0,0.029649595687331536,90.92307692307692,50.30769230769231,latest_report,64,ATTACK,105,"(12, 50)",False,2,False,1295
0,0.0,True,0.0,0.9,0.9,1269,0,1269.0,85,3,14,"(2, 22)",0,0.03147482014388489,86.5,45.714285714285715,latest_report,85,ATTACK,128,"(8, 23)",False,0,False,1300
16,0.0,True,0.0,0.48119752437147256,0.5417886654905749,1271,0,1271.0,62,2,14,"(13, 15)",0,0.02336028751123091,89.42857142857143,47.0,latest_report,62,ATTACK,99,"(13, 15)",False,1,False,1300
18,0.0,False,0.0,0.43938249590896816,0.489810220993282,1271,0,1271.0,65,1,14,"(33, 8)",0,0.028751123090745734,92.57142857142857,50.42857142857143,latest_report,65,ATTACK,108,"(12, 47)",False,2,False,1300
0,0.0,True,0.0,0.9,0.9,1274,0,1274.0,86,3,14,"(2, 22)",0,0.029676258992805755,86.5,45.714285714285715,latest_report,86,ATTACK,129,"(3, 23)",False,0,False,1305
16,0.0,True,0.0,0.4844950488137081,0.5471480132161832,1275,0,1275.0,63,2,14,"(2, 50)",0,0.0215633423180593,89.42857142857143,47.0,latest_report,63,ATTACK,100,"(14, 18)",False,1,False,1305
18,0.0,False,0.0,0.44206120563904633,0.49295669051053137,1276,0,1276.0,65,1,14,"(33, 8)",0,0.026954177897574125,92.57142857142857,50.42857142857143,latest_report,65,ATTACK,108,"(15, 45)",False,2,False,1305
0,0.0,True,0.0,0.9,0.9,1278,0,1278.0,87,3,15,"(15, 2)",0,0.02877697841726619,87.2,45.333333333333336,latest_report,87,ATTACK,130,"(4, 22)",False,0,False,1310
16,0.0,True,0.0,0.501707727913239,0.5690772316657443,1280,0,1280.0,63,2,14,"(2, 50)",0,0.020664869721473494,89.42857142857143,47.0,latest_report,63,ATTACK,100,"(12, 21)",False,1,False,1310
18,0.0,False,0.0,0.44206120563904633,0.49295669051053137,1281,0,1281.0,65,1,14,"(33, 8)",0,0.02605570530098832,92.57142857142857,50.42857142857143,latest_report,65,ATTACK,108,"(15, 40)",False,2,False,1310
0,0.0,True,0.0,0.9,0.9,1283,0,1283.0,87,3,15,"(15, 2)",0,0.02877697841726619,87.2,45.333333333333336,latest_report,87,ATTACK,130,"(8, 23)",False,0,False,1315
24,0.0,True,0.0,0.519995620443689,0.5910560189116373,1285,0,1285.0,63,2,14,"(2, 50)",0,0.020664869721473494,89.42857142857143,47.0,latest_report,63,ATTACK,100,"(12, 26)",False,1,False,1315
26,0.0,False,0.0,0.44206120563904633,0.49295669051053137,1286,0,1286.0,65,1,14,"(33, 8)",0,0.02605570530098832,92.57142857142857,50.42857142857143,latest_report,65,ATTACK,108,"(15, 35)",False,2,False,1315
0,0.0,True,0.0,0.9,0.9,1288,0,1288.0,87,3,15,"(15, 2)",0,0.028906955736224028,87.2,45.333333333333336,latest_report,87,ATTACK,130,"(10, 20)",False,0,False,1320
24,0.0,True,0.0,0.5313350014652618,0.6033630595405463,1290,0,1290.0,63,2,14,"(2, 50)",0,0.019766397124887692,89.42857142857143,47.0,latest_report,63,ATTACK,100,"(12, 31)",False,1,False,1320
26,0.0,False,0.0,0.44206120563904633,0.49295669051053137,1291,0,1291.0,65,1,14,"(33, 8)",0,0.026173285198555957,92.57142857142857,50.42857142857143,latest_report,65,ATTACK,108,"(15, 30)",False,2,False,1320
0,0.0,True,0.0,0.9,0.9,1293,0,1293.0,87,3,15,"(15, 2)",0,0.028906955736224028,87.2,45.333333333333336,latest_report,87,ATTACK,131,"(14, 19)",False,0,False,1325
24,0.0,True,0.0,0.535073284389692,0.6061006599538669,1295,0,1295.0,64,2,14,"(2, 50)",0,0.019766397124887692,89.42857142857143,47.0,latest_report,64,ATTACK,101,"(9, 33)",False,1,False,1325
26,0.0,True,0.0,0.4533999686257894,0.5098495663292482,1296,0,1296.0,66,1,14,"(33, 8)",0,0.026173285198555957,92.57142857142857,50.42857142857143,latest_report,66,ATTACK,109,"(15, 25)",False,2,False,1325
0,0.0,True,0.0,0.9,0.9,1298,0,1298.0,87,3,15,"(15, 2)",0,0.028906955736224028,87.2,45.333333333333336,latest_report,87,ATTACK,131,"(15, 15)",False,0,False,1330
24,0.0,True,0.0,0.5387578435334712,0.6087644672652767,1300,0,1300.0,64,2,14,"(2, 50)",0,0.019766397124887692,89.42857142857143,47.0,latest_report,64,ATTACK,101,"(7, 36)",False,1,False,1330
26,0.0,True,0.0,0.46996111065462687,0.5364182309064981,1301,0,1301.0,66,1,14,"(33, 8)",0,0.02527075812274368,92.57142857142857,50.42857142857143,latest_report,66,ATTACK,109,"(17, 22)",False,2,False,1330
0,0.0,True,0.0,0.9,0.9,1303,0,1303.0,87,3,15,"(15, 2)",0,0.028906955736224028,87.2,45.333333333333336,latest_report,87,ATTACK,131,"(15, 10)",False,0,False,1335
24,0.0,True,0.0,0.5423714485397161,0.6110299436583683,1305,0,1305.0,64,2,14,"(2, 50)",0,0.019766397124887692,89.42857142857143,47.0,latest_report,64,ATTACK,101,"(7, 41)",False,1,False,1335
26,0.0,True,0.0,0.48830139549405255,0.559066943150359,1306,0,1306.0,66,1,14,"(33, 8)",0,0.02527075812274368,92.57142857142857,50.42857142857143,latest_report,66,ATTACK,109,"(18, 18)",False,2,False,1335
0,0.0,True,0.0,0.9,0.9,1308,0,1308.0,87,3,15,"(15, 2)",0,0.0292772186642269,87.2,45.333333333333336,latest_report,87,ATTACK,131,"(15, 5)",False,0,False,1340
20,0.0,True,0.0,0.5528228515911632,0.6184595250615882,1310,0,1310.0,64,2,14,"(2, 50)",0,0.019855595667870037,89.42857142857143,47.0,latest_report,64,ATTACK,101,"(5, 44)",False,1,False,1340
25,0.0,True,0.0,0.5071973225274082,0.5796160586229376,1311,0,1311.0,66,1,14,"(33, 8)",0,0.02552415679124886,92.57142857142857,50.42857142857143,latest_report,66,ATTACK,109,"(18, 13)",False,2,False,1340
0,0.0,True,0.0,0.9,0.9,1312,0,1312.0,88,3,15,"(33, 50)",0,0.0292772186642269,87.2,45.333333333333336,latest_report,88,ATTACK,132,"(15, 3)",False,0,False,1345
20,0.0,True,0.0,0.5528228515911632,0.6184595250615882,1315,0,1315.0,64,2,14,"(2, 50)",0,0.019855595667870037,89.42857142857143,47.0,latest_report,64,ATTACK,101,"(5, 49)",False,1,False,1345
25,0.0,True,0.0,0.5263158738501525,0.5987422896022373,1316,0,1316.0,66,1,14,"(33, 8)",0,0.02552415679124886,92.57142857142857,50.42857142857143,latest_report,66,ATTACK,109,"(19, 9)",False,2,False,1345
0,0.0,True,0.0,0.9,0.9,1317,0,1317.0,88,3,15,"(33, 50)",0,0.03385178408051235,87.2,45.333333333333336,latest_report,88,ATTACK,133,"(16, 7)",False,0,False,1350
20,0.0,True,0.0,0.5528228515911632,0.6184595250615882,1319,0,1319.0,65,2,15,"(2, 22)",0,0.0351985559566787,90.0,47.13333333333333,latest_report,65,ATTACK,103,"(2, 50)",False,1,False,1350
25,0.0,True,0.0,0.5301257635264707,0.6025136673765159,1321,0,1321.0,67,1,14,"(33, 8)",0,0.03919781221513218,92.57142857142857,50.42857142857143,latest_report,67,ATTACK,110,"(24, 9)",False,2,False,1350
0,0.0,True,0.0,0.9,0.9,1322,0,1322.0,88,3,15,"(33, 50)",0,0.03002729754322111,87.2,45.333333333333336,latest_report,88,ATTACK,133,"(16, 12)",False,0,False,1355
20,0.0,True,0.0,0.5528228515911632,0.6184595250615882,1324,0,1324.0,65,2,15,"(2, 22)",0,0.03321364452423698,90.0,47.13333333333333,latest_report,65,ATTACK,103,"(5, 48)",False,1,False,1355
23,0.0,True,0.0,0.5338926169852505,0.6054628327020679,1326,0,1326.0,68,1,14,"(33, 8)",0,0.03445149592021759,92.57142857142857,50.42857142857143,latest_report,68,ATTACK,111,"(29, 9)",False,2,False,1355
0,0.0,True,0.0,0.9,0.9,1327,0,1327.0,88,3,15,"(33, 50)",0,0.02933088909257562,87.2,45.333333333333336,latest_report,88,ATTACK,133,"(16, 17)",False,0,False,1360
20,0.0,True,0.0,0.5528228515911632,0.6184595250615882,1329,0,1329.0,65,2,15,"(2, 22)",0,0.032403240324032405,90.0,47.13333333333333,latest_report,65,ATTACK,103,"(7, 45)",False,1,False,1360
17,0.0,True,0.0,0.5338926169852505,0.6054628327020679,1331,0,1331.0,68,1,14,"(33, 8)",0,0.033789954337899546,92.57142857142857,50.42857142857143,latest_report,68,ATTACK,111,"(33, 8)",False,2,False,1360
0,0.0,True,0.0,0.9,0.9,1332,0,1332.0,88,3,15,"(33, 50)",0,0.029223744292237442,87.2,45.333333333333336,latest_report,88,ATTACK,133,"(16, 22)",False,0,False,1365
20,0.0,True,0.0,0.5528228515911632,0.6184595250615882,1334,0,1334.0,65,2,15,"(2, 22)",0,0.032403240324032405,90.0,47.13333333333333,latest_report,65,ATTACK,103,"(7, 40)",False,1,False,1365
17,0.0,True,0.0,0.5338926169852505,0.6054628327020679,1335,0,1335.0,69,1,15,"(33, 50)",0,0.029117379435850774,90.73333333333333,51.333333333333336,latest_report,69,ATTACK,112,"(33, 12)",False,2,False,1365
0,0.0,True,0.0,0.9,0.9,1337,0,1337.0,88,3,15,"(33, 50)",0,0.028233151183970857,87.2,45.333333333333336,latest_report,88,ATTACK,133,"(16, 27)",False,0,False,1370
20,0.0,True,0.0,0.5528228515911632,0.6184595250615882,1339,0,1339.0,65,2,15,"(2, 22)",0,0.0315031503150315,90.0,47.13333333333333,latest_report,65,ATTACK,103,"(8, 36)",False,1,False,1370
17,0.0,True,0.0,0.5338926169852505,0.6054628327020679,1340,0,1340.0,69,1,15,"(33, 50)",0,0.028130671506352088,90.73333333333333,51.333333333333336,latest_report,69,ATTACK,112,"(29, 13)",False,2,False,1370
0,0.0,True,0.0,0.9,0.9,1342,0,1342.0,89,3,15,"(33, 50)",0,0.030965391621129327,87.2,45.333333333333336,latest_report,89,ATTACK,134,"(16, 32)",False,0,False,1375
20,0.0,True,0.0,0.5597109345096752,0.6251506568441193,1344,0,1344.0,65,2,15,"(2, 22)",0,0.0315031503150315,90.0,47.13333333333333,latest_report,65,ATTACK,104,"(9, 32)",False,1,False,1375
17,0.0,True,0.0,0.5338926169852505,0.6054628327020679,1345,0,1345.0,70,1,15,"(33, 50)",0,0.028130671506352088,90.73333333333333,51.333333333333336,latest_report,70,ATTACK,113,"(29, 18)",False,2,False,1375
0,0.0,True,0.0,0.9,0.9,1347,0,1347.0,89,3,15,"(33, 50)",0,0.01981132075471698,87.2,45.333333333333336,latest_report,89,ATTACK,134,"(18, 35)",False,0,False,1380
20,0.0,True,0.0,0.5771089204458548,0.6429849636556146,1349,0,1349.0,65,2,15,"(2, 22)",0,0.023084025854108958,90.0,47.13333333333333,latest_report,65,ATTACK,104,"(9, 27)",False,1,False,1380
17,0.0,True,0.0,0.5338926169852505,0.6054628327020679,1350,0,1350.0,73,1,15,"(33, 50)",0,0.018726591760299626,90.73333333333333,51.333333333333336,latest_report,73,ATTACK,116,"(28, 22)",False,2,False,1380
0,0.0,True,0.0,0.9,0.9,1352,0,1352.0,89,3,15,"(33, 50)",0,0.012264150943396227,87.2,45.333333333333336,latest_report,89,ATTACK,134,"(19, 39)",False,0,False,1385
20,0.0,True,0.0,0.5940288859769408,0.6572211517534092,1354,0,1354.0,65,2,15,"(2, 22)",0,0.013850415512465374,90.0,47.13333333333333,latest_report,65,ATTACK,104,"(8, 23)",False,1,False,1385
17,0.0,True,0.0,0.5338926169852505,0.6054628327020679,1355,0,1355.0,73,1,15,"(33, 50)",0,0.013108614232209739,90.73333333333333,51.333333333333336,latest_report,73,ATTACK,116,"(25, 24)",False,2,False,1385
0,0.0,True,0.0,0.9,0.9,1357,0,1357.0,89,3,15,"(33, 50)",0,0.008466603951081843,87.2,45.333333333333336,latest_report,89,ATTACK,134,"(24, 39)",False,0,False,1390
47,0.0,True,0.0,0.5940288859769408,0.6572211517534092,1359,0,1359.0,65,2,15,"(2, 22)",0,0.033210332103321034,90.0,47.13333333333333,latest_report,65,ATTACK,104,"(3, 23)",False,1,False,1390
44,20.24991777283536,True,20.24991777283536,0.5520910617766854,0.6196528842212276,1360,0,1360.0,74,1,15,"(33, 50)",44,0.03361344537815126,90.73333333333333,51.333333333333336,latest_report,74,ATTACK,117,"(25, 29)",True,2,True,1390
0,0.0,True,0.0,0.9,0.9,1362,0,1362.0,89,3,15,"(33, 50)",0,0.007525870178739417,87.2,45.333333333333336,latest_report,89,ATTACK,134,"(26, 42)",False,0,False,1395
22,0.0,True,0.0,0.5940288859769408,0.6572211517534092,1363,0,1363.0,66,2,15,"(33, 50)",0,0.01014760147601476,90.0,47.13333333333333,latest_report,66,ATTACK,105,"(3, 23)",False,1,False,1395
19,20.24991777283536,True,20.24991777283536,0.5694878467470791,0.6346893057997746,1365,0,1365.0,74,1,15,"(33, 50)",19,0.01027077497665733,90.73333333333333,51.333333333333336,latest_report,74,ATTACK,117,"(20, 29)",True,2,True,1395
0,0.0,True,0.0,0.9,0.9,1367,0,1367.0,89,3,15,"(33, 50)",0,0.007692307692307693,87.2,45.333333333333336,latest_report,89,ATTACK,135,"(26, 47)",False,0,False,1400
12,0.0,True,0.0,0.5940288859769408,0.6572211517534092,1368,0,1368.0,66,2,15,"(33, 50)",0,0.0047984644913627635,90.0,47.13333333333333,latest_report,66,ATTACK,106,"(7, 24)",False,1,False,1400
9,0.0,True,0.0,0.5862371372156828,0.6489114516685673,1370,0,1370.0,74,1,15,"(33, 50)",0,0.004807692307692308,90.73333333333333,51.333333333333336,latest_report,74,ATTACK,118,"(18, 32)",False,2,False,1400
0,0.0,True,0.0,0.9,0.9,1372,0,1372.0,89,3,15,"(33, 50)",0,0.007677543186180422,87.2,45.333333333333336,latest_report,89,ATTACK,135,"(28, 50)",False,0,False,1405
12,0.0,True,0.0,0.5940288859769408,0.6572211517534092,1373,0,1373.0,66,2,15,"(33, 50)",0,0.004789272030651341,90.0,47.13333333333333,latest_report,66,ATTACK,106,"(9, 27)",False,1,False,1405
9,0.0,True,0.0,0.6024545698215265,0.6635345515185561,1375,0,1375.0,74,1,15,"(33, 50)",0,0.0047984644913627635,90.73333333333333,51.333333333333336,latest_report,74,ATTACK,120,"(18, 37)",False,2,False,1405
0,0.0,True,0.0,0.9,0.9,1377,0,1377.0,89,3,15,"(33, 50)",0,0.005758157389635317,87.2,45.333333333333336,latest_report,89,ATTACK,135,"(33, 50)",False,0,False,1410
12,0.0,True,0.0,0.60705699766695,0.6679991999247045,1378,0,1378.0,66,2,15,"(33, 50)",0,0.0028735632183908046,90.0,47.13333333333333,latest_report,66,ATTACK,106,"(12, 29)",False,1,False,1410
9,0.0,True,0.0,0.6151464490455605,0.6747572528472744,1380,0,1380.0,74,1,15,"(33, 50)",0,0.0028790786948176585,90.73333333333333,51.333333333333336,latest_report,74,ATTACK,121,"(18, 42)",False,2,False,1410
0,0.0,True,0.0,0.9,0.9,1381,0,1381.0,90,3,16,"(12, 50)",0,0.0047984644913627635,88.1875,46.6875,latest_report,90,ATTACK,136,"(29, 50)",False,0,False,1415
12,0.0,True,0.0,0.6225899851864081,0.6805398360216044,1383,0,1383.0,66,2,15,"(33, 50)",0,0.0019157088122605363,90.0,47.13333333333333,latest_report,66,ATTACK,106,"(12, 34)",False,1,False,1415
9,0.0,True,0.0,0.6182577954763091,0.6773733776605331,1385,0,1385.0,74,1,15,"(33, 50)",0,0.0019193857965451055,90.73333333333333,51.333333333333336,latest_report,74,ATTACK,121,"(18, 47)",False,2,False,1415
0,0.0,True,0.0,0.9,0.9,1386,0,1386.0,90,3,16,"(12, 50)",0,0.0047984644913627635,88.1875,46.6875,latest_report,90,ATTACK,136,"(25, 49)",False,0,False,1420
12,0.0,True,0.0,0.6373920806346314,0.6924704996775067,1388,0,1388.0,66,2,15,"(33, 50)",0,0.0019157088122605363,90.0,47.13333333333333,latest_report,66,ATTACK,106,"(12, 39)",False,1,False,1420
9,0.0,True,0.0,0.6334305139589069,0.6906247667496012,1390,0,1390.0,74,1,15,"(33, 50)",0,0.0028790786948176585,90.73333333333333,51.333333333333336,latest_report,74,ATTACK,121,"(21, 49)",False,2,False,1420
0,0.0,True,0.0,0.9,0.9,1391,0,1391.0,90,3,16,"(12, 50)",0,0.0047984644913627635,88.1875,46.6875,latest_report,90,ATTACK,137,"(20, 49)",False,0,False,1425
12,0.0,True,0.0,0.651407387578764,0.7035749278488975,1393,0,1393.0,67,2,15,"(33, 50)",0,0.0019157088122605363,90.0,47.13333333333333,latest_report,67,ATTACK,107,"(12, 44)",False,1,False,1425
9,0.0,True,0.0,0.6492025170242353,0.7104991178736989,1395,0,1395.0,74,1,15,"(33, 50)",0,0.0047984644913627635,90.73333333333333,51.333333333333336,latest_report,74,ATTACK,122,"(25, 50)",False,2,False,1425
0,0.0,True,0.0,0.9,0.9,1396,0,1396.0,90,3,16,"(12, 50)",0,0.003838771593090211,88.1875,46.6875,latest_report,90,ATTACK,137,"(15, 49)",False,0,False,1430
12,0.0,True,0.0,0.6623776508174556,0.7151641149732089,1398,0,1398.0,67,2,15,"(33, 50)",0,0.0019157088122605363,90.0,47.13333333333333,latest_report,67,ATTACK,107,"(14, 47)",False,1,False,1430
9,0.0,True,0.0,0.6652397305434017,0.7250230378297958,1400,0,1400.0,74,1,15,"(33, 50)",0,0.0047984644913627635,90.73333333333333,51.333333333333336,latest_report,74,ATTACK,122,"(30, 50)",False,2,False,1430
0,0.0,True,0.0,0.9,0.9,1400,0,1400.0,91,3,16,"(33, 8)",0,0.003838771593090211,88.1875,46.6875,latest_report,91,ATTACK,138,"(12, 50)",False,0,False,1435
12,0.0,True,0.0,0.6767127242126026,0.7322238970264084,1403,0,1403.0,67,2,15,"(33, 50)",0,0.0019157088122605363,90.0,47.13333333333333,latest_report,67,ATTACK,107,"(17, 49)",False,1,False,1435
9,0.0,True,0.0,0.6777503113803418,0.7373530041084448,1404,0,1404.0,75,1,15,"(2, 22)",0,0.0067178502879078695,90.73333333333333,51.333333333333336,latest_report,75,ATTACK,123,"(32, 50)",False,2,False,1435
0,0.0,True,0.0,0.9,0.9,1405,0,1405.0,91,3,16,"(33, 8)",0,0.003872216844143272,88.1875,46.6875,latest_report,91,ATTACK,138,"(14, 47)",False,0,False,1440
12,0.0,True,0.0,0.6912110272144711,0.7464858347702447,1408,0,1408.0,67,2,15,"(33, 50)",0,0.001932367149758454,90.0,47.13333333333333,latest_report,67,ATTACK,107,"(22, 49)",False,1,False,1440
9,0.0,True,0.0,0.6777503113803418,0.7373530041084448,1409,0,1409.0,75,1,15,"(2, 22)",0,0.008712487899322363,90.73333333333333,51.333333333333336,latest_report,75,ATTACK,123,"(28, 49)",False,2,False,1440
0,0.0,True,0.0,0.9,0.9,1410,0,1410.0,91,3,16,"(33, 8)",0,0.003872216844143272,88.1875,46.6875,latest_report,91,ATTACK,138,"(17, 45)",False,0,False,1445
12,0.0,True,0.0,0.7055059945347476,0.7587156514910859,1412,0,1412.0,67,3,15,"(33, 50)",0,0.001932367149758454,90.0,47.13333333333333,latest_report,67,ATTACK,107,"(26, 49)",False,1,False,1445
9,0.0,True,0.0,0.6896514615296314,0.7445474403450841,1413,0,1413.0,75,2,15,"(2, 22)",0,0.008712487899322363,90.73333333333333,51.333333333333336,latest_report,75,ATTACK,123,"(26, 47)",False,2,False,1445
0,0.0,True,0.0,0.9,0.9,1415,0,1415.0,91,3,16,"(33, 8)",0,0.003872216844143272,88.1875,46.6875,latest_report,91,ATTACK,139,"(17, 40)",False,0,False,1450
12,0.0,True,0.0,0.7188726297622009,0.7678174148223997,1417,0,1417.0,67,3,15,"(33, 50)",0,0.001932367149758454,90.0,47.13333333333333,latest_report,67,ATTACK,108,"(30, 50)",False,1,False,1450
9,0.0,True,0.0,0.7034031379620698,0.7541126050029668,1418,0,1418.0,78,2,15,"(2, 22)",0,0.008712487899322363,90.73333333333333,51.333333333333336,latest_report,78,ATTACK,126,"(25, 43)",False,2,False,1450
0,0.0,True,0.0,0.9,0.9,1420,0,1420.0,91,3,16,"(33, 8)",0,0.003872216844143272,88.1875,46.6875,latest_report,91,ATTACK,139,"(17, 35)",False,0,False,1455
12,0.0,True,0.0,0.7292481395218334,0.7787212545371762,1421,0,1421.0,68,3,16,"(2, 41)",0,0.001932367149758454,90.875,48.0,latest_report,68,ATTACK,109,"(32, 50)",False,1,False,1455
9,0.0,True,0.0,0.7162221876941764,0.7635690315419255,1423,0,1423.0,78,2,15,"(2, 22)",0,0.00968054211035818,90.73333333333333,51.333333333333336,latest_report,78,ATTACK,126,"(24, 39)",False,2,False,1455
0,0.0,True,0.0,0.9,0.9,1425,0,1425.0,91,3,16,"(33, 8)",0,0.0019398642095053346,88.1875,46.6875,latest_report,91,ATTACK,139,"(17, 30)",False,0,False,1460
12,0.0,True,0.0,0.7292481395218334,0.7787212545371762,1426,0,1426.0,68,3,16,"(2, 41)",0,0.0038797284190106693,90.875,48.0,latest_report,68,ATTACK,109,"(28, 49)",False,1,False,1460
9,0.0,True,0.0,0.7285565721523474,0.7750282950569315,1428,0,1428.0,78,2,15,"(2, 22)",0,0.01066925315227934,90.73333333333333,51.333333333333336,latest_report,78,ATTACK,126,"(19, 39)",False,2,False,1460
0,0.0,True,0.0,0.9,0.9,1430,0,1430.0,91,3,16,"(33, 8)",0,0.0019398642095053346,88.1875,46.6875,latest_report,91,ATTACK,139,"(17, 25)",False,0,False,1465
21,0.0,True,0.0,0.7343208389851935,0.7822310301840717,1431,0,1431.0,68,3,16,"(2, 41)",0,0.005819592628516004,90.875,48.0,latest_report,68,ATTACK,109,"(23, 49)",False,1,False,1465
18,12.000000000000007,True,12.000000000000007,0.7403792756457899,0.7839689741598246,1433,0,1433.0,79,2,15,"(2, 22)",18,0.020368574199806012,90.73333333333333,51.333333333333336,latest_report,79,ATTACK,127,"(15, 38)",True,2,True,1465
0,0.0,True,0.0,0.9,0.9,1435,0,1435.0,91,3,16,"(33, 8)",0,0.0019398642095053346,88.1875,46.6875,latest_report,91,ATTACK,139,"(17, 20)",False,0,False,1470
21,0.0,True,0.0,0.7465030138046773,0.7918505760384776,1436,0,1436.0,68,3,16,"(2, 41)",0,0.005819592628516004,90.875,48.0,latest_report,68,ATTACK,109,"(20, 47)",False,1,False,1470
18,12.000000000000007,True,12.000000000000007,0.7513959110773261,0.7922798015198022,1438,0,1438.0,79,2,15,"(2, 22)",18,0.020368574199806012,90.73333333333333,51.333333333333336,latest_report,79,ATTACK,127,"(14, 34)",True,2,True,1470
0,0.0,True,0.0,0.9,0.9,1440,0,1440.0,92,3,16,"(33, 8)",0,0.0019398642095053346,88.1875,46.6875,latest_report,92,ATTACK,140,"(17, 15)",False,0,False,1475
21,0.0,True,0.0,0.7579526811091152,0.8002325080229287,1441,0,1441.0,68,3,16,"(2, 41)",0,0.006789524733268671,90.875,48.0,latest_report,68,ATTACK,110,"(18, 44)",False,1,False,1475
18,12.0,True,12.0,0.7618315092339394,0.8005919445725186,1443,0,1443.0,80,2,15,"(2, 22)",18,0.02133850630455868,90.73333333333333,51.333333333333336,latest_report,80,ATTACK,128,"(13, 30)",True,2,True,1475
0,0.0,True,0.0,0.9,0.9,1445,0,1445.0,92,3,16,"(33, 8)",0,0.00196078431372549,88.1875,46.6875,latest_report,92,ATTACK,140,"(19, 12)",False,0,False,1480
21,0.0,True,0.0,0.7686372686262741,0.8079964316579823,1446,0,1446.0,68,3,16,"(2, 41)",0,0.00784313725490196,90.875,48.0,latest_report,68,ATTACK,110,"(14, 43)",False,1,False,1480
18,12.0,True,12.0,0.7716287852254118,0.8080088015945123,1448,0,1448.0,80,2,15,"(2, 22)",18,0.021568627450980392,90.73333333333333,51.333333333333336,latest_report,80,ATTACK,128,"(12, 26)",True,2,True,1480
0,0.0,True,0.0,0.9,0.9,1450,0,1450.0,92,3,16,"(33, 8)",0,0.0,88.1875,46.6875,latest_report,92,ATTACK,140,"(21, 9)",False,0,False,1485
21,0.0,True,0.0,0.7766292908001189,0.8137201710226778,1451,0,1451.0,68,3,16,"(2, 41)",0,0.006862745098039216,90.875,48.0,latest_report,68,ATTACK,110,"(11, 41)",False,1,False,1485
18,12.0,True,12.0,0.7790632773562437,0.8137763631579912,1453,0,1453.0,80,2,15,"(2, 22)",18,0.0196078431372549,90.73333333333333,51.333333333333336,latest_report,80,ATTACK,128,"(10, 23)",True,2,True,1485
0,0.0,True,0.0,0.9,0.9,1455,0,1455.0,92,3,16,"(33, 8)",0,0.0,88.1875,46.6875,latest_report,92,ATTACK,140,"(26, 9)",False,0,False,1490
21,0.0,True,0.0,0.7804821576988685,0.8169388929899852,1456,0,1456.0,68,3,16,"(2, 41)",0,0.00196078431372549,90.875,48.0,latest_report,68,ATTACK,110,"(6, 41)",False,1,False,1490
9,0.0,False,0.0,0.2841198820982776,0.2841198820982776,1458,0,1458.0,80,2,15,"(2, 22)",0,0.00980392156862745,90.73333333333333,51.333333333333336,latest_report,80,ATTACK,129,"(6, 22)",False,2,False,1490
0,0.0,True,0.0,0.9,0.9,1460,0,1460.0,92,3,16,"(33, 8)",0,0.0,88.1875,46.6875,latest_report,92,ATTACK,140,"(31, 9)",False,0,False,1495
17,0.0,True,0.0,0.7804821576988685,0.8169388929899852,1460,0,1460.0,69,3,16,"(21, 24)",0,0.00196078431372549,90.875,48.0,latest_report,69,ATTACK,111,"(2, 41)",False,1,False,1495
8,0.0,False,0.0,0.2841198820982776,0.2841198820982776,1463,0,1463.0,80,2,15,"(2, 22)",0,0.006862745098039216,90.73333333333333,51.333333333333336,latest_report,80,ATTACK,129,"(3, 20)",False,2,False,1495
0,0.0,True,0.0,0.9,0.9,1464,0,1464.0,93,3,17,"(2, 50)",0,0.04906771344455348,88.17647058823529,47.705882352941174,latest_report,93,ATTACK,142,"(32, 8)",False,0,False,1500
17,0.0,True,0.0,0.7804821576988685,0.8169388929899852,1465,0,1465.0,70,3,16,"(21, 24)",0,0.047105004906771344,90.875,48.0,latest_report,70,ATTACK,112,"(7, 41)",False,1,False,1500
8,0.0,False,0.0,0.2841198820982776,0.2841198820982776,1467,0,1467.0,82,2,16,"(13, 15)",0,0.042198233562315994,93.6875,52.1875,latest_report,82,ATTACK,131,"(3, 22)",False,2,False,1500
0,0.0,True,0.0,0.9,0.9,1469,0,1469.0,93,3,17,"(2, 50)",0,0.04105571847507331,88.17647058823529,47.705882352941174,latest_report,93,ATTACK,142,"(28, 9)",False,0,False,1505
17,0.0,True,0.0,0.7804821576988685,0.8169388929899852,1470,0,1470.0,70,3,16,"(21, 24)",0,0.03616813294232649,90.875,48.0,latest_report,70,ATTACK,112,"(12, 41)",False,1,False,1505
8,0.0,False,0.0,0.2841198820982776,0.2841198820982776,1472,0,1472.0,82,2,16,"(13, 15)",0,0.03421309872922776,93.6875,52.1875,latest_report,82,ATTACK,131,"(7, 23)",False,2,False,1505
0,0.0,True,0.0,0.9,0.9,1474,0,1474.0,93,3,17,"(2, 50)",0,0.030303030303030304,88.17647058823529,47.705882352941174,latest_report,93,ATTACK,142,"(23, 9)",False,0,False,1510
17,0.0,True,0.0,0.7804821576988685,0.8169388929899852,1475,0,1475.0,70,3,16,"(21, 24)",0,0.03128054740957967,90.875,48.0,latest_report,70,ATTACK,112,"(13, 37)",False,1,False,1510
8,0.0,False,0.0,0.2841198820982776,0.2841198820982776,1477,0,1477.0,82,2,16,"(13, 15)",0,0.026392961876832845,93.6875,52.1875,latest_report,82,ATTACK,131,"(10, 21)",False,2,False,1510
0,0.0,True,0.0,0.9,0.9,1479,0,1479.0,93,3,17,"(2, 50)",0,0.02932551319648094,88.17647058823529,47.705882352941174,latest_report,93,ATTACK,142,"(19, 10)",False,0,False,1515
17,0.0,True,0.0,0.7804821576988685,0.8169388929899852,1480,0,1480.0,70,3,16,"(21, 24)",0,0.02737047898338221,90.875,48.0,latest_report,70,ATTACK,112,"(13, 32)",False,1,False,1515
8,0.0,False,0.0,0.2841198820982776,0.2841198820982776,1482,0,1482.0,82,2,16,"(13, 15)",0,0.026392961876832845,93.6875,52.1875,latest_report,82,ATTACK,131,"(14, 20)",False,2,False,1515
0,0.0,True,0.0,0.9,0.9,1484,0,1484.0,93,3,17,"(2, 50)",0,0.02932551319648094,88.17647058823529,47.705882352941174,latest_report,93,ATTACK,142,"(18, 14)",False,0,False,1520
17,0.0,True,0.0,0.7804821576988685,0.8169388929899852,1485,0,1485.0,70,3,16,"(21, 24)",0,0.02541544477028348,90.875,48.0,latest_report,70,ATTACK,112,"(13, 27)",False,1,False,1520
8,0.0,False,0.0,0.28523633361125184,0.2994073992001454,1487,0,1487.0,82,2,16,"(13, 15)",0,0.026392961876832845,93.6875,52.1875,latest_report,82,ATTACK,131,"(14, 15)",False,2,False,1520
0,0.0,True,0.0,0.9,0.9,1489,0,1489.0,93,3,17,"(2, 50)",0,0.02932551319648094,88.17647058823529,47.705882352941174,latest_report,93,ATTACK,143,"(16, 17)",False,0,False,1525
17,0.0,True,0.0,0.782384126635146,0.8185215364244173,1490,0,1490.0,70,3,16,"(21, 24)",0,0.02541544477028348,90.875,48.0,latest_report,70,ATTACK,113,"(15, 24)",False,1,False,1525
8,0.0,False,0.0,0.2945876286397704,0.3428378000368901,1491,0,1491.0,84,2,16,"(2, 50)",0,0.020527859237536656,93.6875,52.1875,latest_report,84,ATTACK,133,"(14, 17)",False,2,False,1525
0,0.0,True,0.0,0.9,0.9,1494,0,1494.0,93,3,17,"(2, 50)",0,0.02737047898338221,88.17647058823529,47.705882352941174,latest_report,93,ATTACK,143,"(16, 22)",False,0,False,1530
17,0.0,True,0.0,0.791941579634489,0.8287951584417926,1495,0,1495.0,70,3,16,"(21, 24)",0,0.02541544477028348,90.875,48.0,latest_report,70,ATTACK,113,"(20, 24)",False,1,False,1530
8,0.0,False,0.0,0.31172182741659543,0.3858347577221006,1496,0,1496.0,84,2,16,"(2, 50)",0,0.020527859237536656,93.6875,52.1875,latest_report,84,ATTACK,133,"(13, 21)",False,2,False,1530
0,0.0,True,0.0,0.9,0.9,1499,0,1499.0,93,3,17,"(2, 50)",0,0.02737047898338221,88.17647058823529,47.705882352941174,latest_report,93,ATTACK,143,"(16, 27)",False,0,False,1535
17,0.0,True,0.0,0.8018469068869314,0.8396826560684985,1499,0,1499.0,71,3,17,"(33, 30)",0,0.02541544477028348,90.11764705882354,47.35294117647059,latest_report,71,ATTACK,114,"(21, 27)",False,1,False,1535
8,0.0,False,0.0,0.3337076006381753,0.42220890991560567,1501,0,1501.0,84,2,16,"(2, 50)",0,0.020527859237536656,93.6875,52.1875,latest_report,84,ATTACK,133,"(13, 26)",False,2,False,1535
0,0.0,True,0.0,0.9,0.9,1504,0,1504.0,93,3,17,"(2, 50)",0,0.02737047898338221,88.17647058823529,47.705882352941174,latest_report,93,ATTACK,143,"(16, 32)",False,0,False,1540
17,0.0,True,0.0,0.8115977995028503,0.8479967340555191,1504,0,1504.0,71,3,17,"(33, 30)",0,0.02541544477028348,90.11764705882354,47.35294117647059,latest_report,71,ATTACK,114,"(24, 29)",False,1,False,1540
8,0.0,False,0.0,0.35842056172330905,0.4554071194360752,1506,0,1506.0,84,2,16,"(2, 50)",0,0.020527859237536656,93.6875,52.1875,latest_report,84,ATTACK,133,"(13, 31)",False,2,False,1540
0,0.0,True,0.0,0.9,0.9,1509,0,1509.0,94,3,17,"(2, 50)",0,0.02598652550529355,88.17647058823529,47.705882352941174,latest_report,94,ATTACK,144,"(14, 35)",False,0,False,1545
17,0.0,True,0.0,0.817163346187546,0.851851431658235,1509,0,1509.0,71,3,17,"(33, 30)",0,0.032723772858517804,90.11764705882354,47.35294117647059,latest_report,71,ATTACK,114,"(28, 30)",False,1,False,1545
8,0.0,False,0.0,0.38468700765705893,0.48646227836972616,1511,0,1511.0,84,2,16,"(2, 50)",0,0.02598652550529355,93.6875,52.1875,latest_report,84,ATTACK,133,"(13, 36)",False,2,False,1545
0,0.0,True,0.0,0.9,0.9,1514,0,1514.0,94,3,17,"(2, 50)",0,0.025616698292220113,88.17647058823529,47.705882352941174,latest_report,94,ATTACK,145,"(12, 38)",False,0,False,1550
17,0.0,True,0.0,0.817163346187546,0.851851431658235,1514,0,1514.0,71,3,17,"(33, 30)",0,0.03225806451612903,90.11764705882354,47.35294117647059,latest_report,71,ATTACK,115,"(33, 30)",False,1,False,1550
8,0.0,True,0.0,0.41311619764817886,0.5243605977217645,1516,0,1516.0,85,2,16,"(2, 50)",0,0.024667931688804556,93.6875,52.1875,latest_report,85,ATTACK,134,"(12, 40)",False,2,False,1550
0,0.0,True,0.0,0.9,0.9,1519,0,1519.0,94,3,17,"(2, 50)",0,0.024644549763033177,88.17647058823529,47.705882352941174,latest_report,94,ATTACK,145,"(12, 43)",False,0,False,1555
17,0.0,True,0.0,0.817163346187546,0.851851431658235,1518,0,1518.0,72,3,17,"(15, 2)",0,0.03222748815165877,90.11764705882354,47.35294117647059,latest_report,72,ATTACK,116,"(29, 30)",False,1,False,1555
8,0.0,True,0.0,0.44291429354858963,0.5567883931750571,1521,0,1521.0,85,2,16,"(2, 50)",0,0.023696682464454975,93.6875,52.1875,latest_report,85,ATTACK,134,"(9, 42)",False,2,False,1555
0,0.0,True,0.0,0.9,0.9,1524,0,1524.0,94,3,17,"(2, 50)",0,0.023430178069353328,88.17647058823529,47.705882352941174,latest_report,94,ATTACK,145,"(10, 46)",False,0,False,1560
17,0.0,True,0.0,0.817163346187546,0.851851431658235,1523,0,1523.0,72,3,17,"(15, 2)",0,0.028116213683223992,90.11764705882354,47.35294117647059,latest_report,72,ATTACK,116,"(26, 28)",False,1,False,1560
8,0.0,True,0.0,0.47265002347707574,0.5847191942696744,1526,0,1526.0,85,2,16,"(2, 50)",0,0.023430178069353328,93.6875,52.1875,latest_report,85,ATTACK,134,"(8, 46)",False,2,False,1560
0,0.0,True,0.0,0.9,0.9,1529,0,1529.0,94,3,17,"(2, 50)",0,0.022492970946579195,88.17647058823529,47.705882352941174,latest_report,94,ATTACK,145,"(5, 46)",False,0,False,1565
17,0.0,True,0.0,0.8224203952059338,0.8551266671268671,1528,0,1528.0,72,3,17,"(15, 2)",0,0.02717900656044986,90.11764705882354,47.35294117647059,latest_report,72,ATTACK,116,"(21, 28)",False,1,False,1565
8,0.0,True,0.0,0.5019254318256045,0.6127455056224723,1531,0,1531.0,85,2,16,"(2, 50)",0,0.02436738519212746,93.6875,52.1875,latest_report,85,ATTACK,134,"(3, 46)",False,2,False,1565
0,0.0,True,0.0,0.9,0.9,1534,0,1534.0,94,3,17,"(2, 50)",0,0.022492970946579195,88.17647058823529,47.705882352941174,latest_report,94,ATTACK,145,"(3, 49)",False,0,False,1570
17,0.0,True,0.0,0.8306387923703369,0.8608740140655665,1533,0,1533.0,72,3,17,"(15, 2)",0,0.026241799437675725,90.11764705882354,47.35294117647059,latest_report,72,ATTACK,116,"(19, 25)",False,1,False,1570
8,0.0,True,0.0,0.5307172285869423,0.6397273424829958,1536,0,1536.0,85,2,16,"(2, 50)",0,0.02436738519212746,93.6875,52.1875,latest_report,85,ATTACK,134,"(2, 50)",False,2,False,1570
0,0.0,True,0.0,0.9,0.9,1537,0,1537.0,94,5,17,"(2, 50)",0,0.022492970946579195,88.17647058823529,47.705882352941174,latest_report,94,ATTACK,147,"(3, 46)",False,0,False,1575
17,0.0,True,0.0,0.8382407907660407,0.8662733921149658,1538,0,1538.0,72,3,17,"(15, 2)",0,0.026241799437675725,90.11764705882354,47.35294117647059,latest_report,72,ATTACK,117,"(18, 21)",False,1,False,1575
8,0.0,True,0.0,0.5533824998537408,0.6590288021069727,1539,0,1539.0,87,3,17,"(33, 30)",0,0.02436738519212746,92.41176470588235,52.0,latest_report,87,ATTACK,136,"(3, 48)",False,2,False,1575
0,0.0,True,0.0,0.9,0.9,1541,0,1541.0,96,6,17,"(2, 50)",0,0.023607176581680833,88.17647058823529,47.705882352941174,latest_report,96,ATTACK,149,"(3, 50)",False,0,False,1580
17,0.0,True,0.0,0.8452730835310703,0.8710470866642366,1543,0,1543.0,72,3,17,"(15, 2)",0,0.02644003777148253,90.11764705882354,47.35294117647059,latest_report,72,ATTACK,117,"(15, 19)",False,1,False,1580
8,0.0,True,0.0,0.580230654438439,0.6794670847851445,1543,0,1543.0,87,4,17,"(33, 30)",0,0.024551463644948063,92.41176470588235,52.0,latest_report,87,ATTACK,136,"(3, 46)",False,2,False,1580
0,0.0,True,0.0,0.9,0.9,1545,0,1545.0,97,6,17,"(13, 15)",0,0.023607176581680833,88.17647058823529,47.705882352941174,latest_report,97,ATTACK,150,"(4, 49)",False,0,False,1585
21,0.0,True,0.0,0.8517916079124319,0.8757574614414878,1548,0,1548.0,72,3,17,"(15, 2)",0,0.02927289896128423,90.11764705882354,47.35294117647059,latest_report,72,ATTACK,117,"(15, 14)",False,1,False,1585
12,0.0,True,0.0,0.5955760931494662,0.6913761705352809,1548,0,1548.0,89,4,17,"(33, 30)",0,0.024551463644948063,92.41176470588235,52.0,latest_report,89,ATTACK,138,"(3, 41)",False,2,False,1585
0,0.0,True,0.0,0.9,0.9,1550,0,1550.0,97,6,17,"(13, 15)",0,0.023607176581680833,88.17647058823529,47.705882352941174,latest_report,97,ATTACK,150,"(6, 46)",False,0,False,1590
21,0.0,True,0.0,0.8578229844200109,0.8800925248377917,1553,0,1553.0,72,3,17,"(15, 2)",0,0.030217186024551465,90.11764705882354,47.35294117647059,latest_report,72,ATTACK,117,"(15, 9)",False,1,False,1590
12,0.0,True,0.0,0.6192849217771383,0.7056869548717836,1553,0,1553.0,89,4,17,"(33, 30)",0,0.025495750708215296,92.41176470588235,52.0,latest_report,89,ATTACK,138,"(8, 41)",False,2,False,1590
0,0.0,True,0.0,0.9,0.9,1555,0,1555.0,97,6,17,"(13, 15)",0,0.024551463644948063,88.17647058823529,47.705882352941174,latest_report,97,ATTACK,150,"(7, 42)",False,0,False,1595
21,0.0,True,0.0,0.8612275106360565,0.8824584218234982,1558,0,1558.0,72,3,17,"(15, 2)",0,0.030217186024551465,90.11764705882354,47.35294117647059,latest_report,72,ATTACK,117,"(15, 4)",False,1,False,1595
8,0.0,True,0.0,0.6395126598321245,0.6924544702065147,1558,0,1558.0,89,4,17,"(33, 30)",0,0.02927289896128423,92.41176470588235,52.0,latest_report,89,ATTACK,138,"(12, 40)",False,2,False,1595
0,0.0,True,0.0,0.9,0.9,1560,0,1560.0,97,6,17,"(13, 15)",0,0.024551463644948063,88.17647058823529,47.705882352941174,latest_report,97,ATTACK,151,"(9, 39)",False,0,False,1600
21,0.0,True,0.0,0.8612275106360565,0.8824584218234982,1562,0,1562.0,74,3,18,"(24, 45)",0,0.02927289896128423,88.77777777777777,47.333333333333336,latest_report,74,ATTACK,119,"(15, 4)",False,1,False,1600
8,0.0,True,0.0,0.6537478752008559,0.7084941793190033,1563,0,1563.0,90,4,17,"(33, 30)",0,0.02927289896128423,92.41176470588235,52.0,latest_report,90,ATTACK,139,"(13, 36)",False,2,False,1600
0,0.0,True,0.0,0.9,0.9,1565,0,1565.0,97,6,17,"(13, 15)",0,0.023607176581680833,88.17647058823529,47.705882352941174,latest_report,97,ATTACK,151,"(11, 36)",False,0,False,1605
21,0.0,True,0.0,0.8612275106360565,0.8824584218234982,1567,0,1567.0,74,3,18,"(24, 45)",0,0.02927289896128423,88.77777777777777,47.333333333333336,latest_report,74,ATTACK,119,"(16, 8)",False,1,False,1605
8,0.0,True,0.0,0.6682195163538664,0.7237084037937183,1568,0,1568.0,90,4,17,"(33, 30)",0,0.028328611898016998,92.41176470588235,52.0,latest_report,90,ATTACK,139,"(14, 32)",False,2,False,1605
0,0.0,True,0.0,0.9,0.9,1570,0,1570.0,97,6,17,"(13, 15)",0,0.023607176581680833,88.17647058823529,47.705882352941174,latest_report,97,ATTACK,151,"(14, 34)",False,0,False,1610
21,0.0,True,0.0,0.8644898026512282,0.8849466456321141,1572,0,1572.0,74,3,18,"(24, 45)",0,0.02927289896128423,88.77777777777777,47.333333333333336,latest_report,74,ATTACK,119,"(16, 13)",False,1,False,1610
8,0.0,True,0.0,0.6827224914433832,0.7373026331497111,1573,0,1573.0,90,4,17,"(33, 30)",0,0.02927289896128423,92.41176470588235,52.0,latest_report,90,ATTACK,139,"(17, 30)",False,2,False,1610
0,0.0,True,0.0,0.9,0.9,1575,0,1575.0,97,6,17,"(13, 15)",0,0.023607176581680833,88.17647058823529,47.705882352941174,latest_report,97,ATTACK,151,"(14, 29)",False,0,False,1615
21,0.0,True,0.0,0.8644898026512282,0.8849466456321141,1577,0,1577.0,74,3,18,"(24, 45)",0,0.02927289896128423,88.77777777777777,47.333333333333336,latest_report,74,ATTACK,119,"(16, 18)",False,1,False,1615
8,0.0,True,0.0,0.697061894823487,0.7511852927477852,1578,0,1578.0,90,4,17,"(33, 30)",0,0.02927289896128423,92.41176470588235,52.0,latest_report,90,ATTACK,139,"(22, 30)",False,2,False,1615
0,0.0,True,0.0,0.9,0.9,1580,0,1580.0,97,6,17,"(13, 15)",0,0.023607176581680833,88.17647058823529,47.705882352941174,latest_report,97,ATTACK,151,"(14, 24)",False,0,False,1620
21,0.0,True,0.0,0.867730093917087,0.8884221345759583,1582,0,1582.0,74,3,18,"(24, 45)",0,0.02927289896128423,88.77777777777777,47.333333333333336,latest_report,74,ATTACK,119,"(16, 23)",False,1,False,1620
8,0.0,True,0.0,0.6998817281109051,0.7534585605718497,1583,0,1583.0,90,4,17,"(33, 30)",0,0.030217186024551465,92.41176470588235,52.0,latest_report,90,ATTACK,139,"(27, 30)",False,2,False,1620
0,0.0,True,0.0,0.9,0.9,1585,0,1585.0,97,6,17,"(13, 15)",0,0.023607176581680833,88.17647058823529,47.705882352941174,latest_report,97,ATTACK,152,"(14, 19)",False,0,False,1625
25,0.0,True,0.0,0.8733414909416792,0.894968500949208,1587,0,1587.0,74,3,18,"(24, 45)",0,0.033050047214353166,88.77777777777777,47.333333333333336,latest_report,74,ATTACK,120,"(20, 24)",False,1,False,1625
12,0.0,True,0.0,0.6998817281109051,0.7534585605718497,1588,0,1588.0,90,4,17,"(33, 30)",0,0.030217186024551465,92.41176470588235,52.0,latest_report,90,ATTACK,140,"(32, 30)",False,2,False,1625
0,0.0,True,0.0,0.9,0.9,1590,0,1590.0,97,6,17,"(13, 15)",0,0.023607176581680833,88.17647058823529,47.705882352941174,latest_report,97,ATTACK,152,"(13, 15)",False,0,False,1630
25,0.0,True,0.0,0.8767156472839575,0.8978128531382376,1592,0,1592.0,74,3,18,"(24, 45)",0,0.033050047214353166,88.77777777777777,47.333333333333336,latest_report,74,ATTACK,120,"(23, 26)",False,1,False,1630
12,0.0,True,0.0,0.6998817281109051,0.7534585605718497,1592,0,1592.0,91,4,17,"(21, 24)",0,0.030217186024551465,92.41176470588235,52.0,latest_report,91,ATTACK,141,"(30, 30)",False,2,False,1630
0,0.0,True,0.0,0.9,0.9,1594,0,1594.0,98,6,18,"(15, 2)",0,0.024551463644948063,90.61111111111111,47.77777777777778,latest_report,98,ATTACK,153,"(13, 11)",False,0,False,1635
25,0.0,True,0.0,0.8767156472839575,0.8978128531382376,1597,0,1597.0,74,3,18,"(24, 45)",0,0.033050047214353166,88.77777777777777,47.333333333333336,latest_report,74,ATTACK,120,"(25, 29)",False,1,False,1635
12,0.0,True,0.0,0.6998817281109051,0.7534585605718497,1597,0,1597.0,91,4,17,"(21, 24)",0,0.030217186024551465,92.41176470588235,52.0,latest_report,91,ATTACK,141,"(27, 28)",False,2,False,1635
0,0.0,True,0.0,0.9,0.9,1599,0,1599.0,98,6,18,"(15, 2)",0,0.023696682464454975,90.61111111111111,47.77777777777778,latest_report,98,ATTACK,153,"(15, 8)",False,0,False,1640
25,0.0,True,0.0,0.8788493452428978,0.898852274037592,1602,0,1602.0,75,3,18,"(24, 45)",0,0.03222748815165877,88.77777777777777,47.333333333333336,latest_report,75,ATTACK,121,"(25, 34)",False,1,False,1640
12,0.0,True,0.0,0.7053006682864862,0.7562320838187494,1602,0,1602.0,91,4,17,"(21, 24)",0,0.029383886255924172,92.41176470588235,52.0,latest_report,91,ATTACK,141,"(22, 28)",False,2,False,1640
0,0.0,True,0.0,0.9,0.9,1604,0,1604.0,98,6,18,"(15, 2)",0,0.02169811320754717,90.61111111111111,47.77777777777778,latest_report,98,ATTACK,153,"(15, 3)",False,0,False,1645
25,0.0,True,0.0,0.8808827805933793,0.899952453572561,1607,0,1607.0,75,3,18,"(24, 45)",0,0.03018867924528302,88.77777777777777,47.333333333333336,latest_report,75,ATTACK,121,"(26, 38)",False,1,False,1645
12,0.0,True,0.0,0.7180887403128461,0.7652377612901398,1607,0,1607.0,91,4,17,"(21, 24)",0,0.027358490566037737,92.41176470588235,52.0,latest_report,91,ATTACK,141,"(21, 24)",False,2,False,1645
0,0.0,True,0.0,0.9,0.9,1608,0,1608.0,99,6,18,"(2, 41)",0,0.055503292568203196,90.61111111111111,47.77777777777778,latest_report,99,ATTACK,155,"(14, 4)",False,0,False,1650
25,0.0,True,0.0,0.8808827805933793,0.899952453572561,1612,0,1612.0,75,3,18,"(24, 45)",0,0.05832549388523048,88.77777777777777,47.333333333333336,latest_report,75,ATTACK,122,"(26, 43)",False,1,False,1650
12,0.0,True,0.0,0.7253773163837741,0.7710526991463817,1611,0,1611.0,92,4,18,"(13, 15)",0,0.04609595484477893,91.44444444444444,50.166666666666664,latest_report,92,ATTACK,143,"(17, 24)",False,2,False,1650
0,0.0,True,0.0,0.9,0.9,1613,0,1613.0,99,6,18,"(2, 41)",0,0.05169172932330827,90.61111111111111,47.77777777777778,latest_report,99,ATTACK,155,"(14, 9)",False,0,False,1655
25,0.0,True,0.0,0.8808827805933793,0.899952453572561,1616,0,1616.0,76,3,18,"(33, 30)",0,0.05451127819548872,88.77777777777777,47.333333333333336,latest_report,76,ATTACK,123,"(24, 45)",False,1,False,1655
12,0.0,True,0.0,0.7253773163837741,0.7710526991463817,1616,0,1616.0,92,4,18,"(13, 15)",0,0.042293233082706765,91.44444444444444,50.166666666666664,latest_report,92,ATTACK,143,"(14, 22)",False,2,False,1655
0,0.0,True,0.0,0.9,0.9,1618,0,1618.0,99,6,18,"(2, 41)",0,0.05169172932330827,90.61111111111111,47.77777777777778,latest_report,99,ATTACK,155,"(14, 14)",False,0,False,1660
32,0.0,True,0.0,0.8808827805933793,0.899952453572561,1621,0,1621.0,76,3,18,"(33, 30)",0,0.05545112781954887,88.77777777777777,47.333333333333336,latest_report,76,ATTACK,123,"(27, 43)",False,1,False,1660
19,0.0,True,0.0,0.7301758591763288,0.7758102012782198,1621,0,1621.0,92,4,18,"(13, 15)",0,0.043233082706766915,91.44444444444444,50.166666666666664,latest_report,92,ATTACK,143,"(14, 17)",False,2,False,1660
0,0.0,True,0.0,0.9,0.9,1622,0,1622.0,99,7,18,"(2, 41)",0,0.04962546816479401,90.61111111111111,47.77777777777778,latest_report,99,ATTACK,155,"(14, 18)",False,0,False,1665
32,0.0,True,0.0,0.8808827805933793,0.899952453572561,1626,0,1626.0,76,3,18,"(33, 30)",0,0.05337078651685393,88.77777777777777,47.333333333333336,latest_report,76,ATTACK,123,"(27, 38)",False,1,False,1665
19,0.0,True,0.0,0.7424250471009691,0.7889761318990772,1626,0,1626.0,94,4,18,"(13, 15)",0,0.04119850187265917,91.44444444444444,50.166666666666664,latest_report,94,ATTACK,145,"(14, 16)",False,2,False,1665
0,0.0,True,0.0,0.9,0.9,1627,0,1627.0,99,7,18,"(2, 41)",0,0.047619047619047616,90.61111111111111,47.77777777777778,latest_report,99,ATTACK,155,"(12, 21)",False,0,False,1670
30,0.0,True,0.0,0.8808827805933793,0.899952453572561,1631,0,1631.0,76,3,18,"(33, 30)",0,0.05322128851540616,88.77777777777777,47.333333333333336,latest_report,76,ATTACK,123,"(27, 33)",False,1,False,1670
17,0.0,True,0.0,0.754714025922781,0.8010160129559738,1630,0,1630.0,95,4,18,"(15, 2)",0,0.04108309990662932,91.44444444444444,50.166666666666664,latest_report,95,ATTACK,146,"(13, 13)",False,2,False,1670
0,0.0,True,0.0,0.9,0.9,1632,0,1632.0,99,7,18,"(2, 41)",0,0.04668534080298786,90.61111111111111,47.77777777777778,latest_report,99,ATTACK,156,"(12, 26)",False,0,False,1675
29,0.0,True,0.0,0.8808827805933793,0.899952453572561,1636,0,1636.0,76,3,18,"(33, 30)",0,0.05322128851540616,88.77777777777777,47.333333333333336,latest_report,76,ATTACK,124,"(29, 30)",False,1,False,1675
16,0.0,True,0.0,0.7664684961299132,0.8098461044510278,1635,0,1635.0,95,4,18,"(15, 2)",0,0.04108309990662932,91.44444444444444,50.166666666666664,latest_report,95,ATTACK,147,"(15, 10)",False,2,False,1675
0,0.0,True,0.0,0.9,0.9,1637,0,1637.0,99,7,18,"(2, 41)",0,0.03868471953578337,90.61111111111111,47.77777777777778,latest_report,99,ATTACK,156,"(12, 31)",False,0,False,1680
29,0.0,True,0.0,0.8808827805933793,0.899952453572561,1640,0,1640.0,77,3,19,"(2, 41)",0,0.04642166344294004,88.42105263157895,46.1578947368421,latest_report,77,ATTACK,125,"(33, 30)",False,1,False,1680
16,0.0,True,0.0,0.7774533626759228,0.8183353122852726,1640,0,1640.0,95,4,18,"(15, 2)",0,0.03365384615384615,91.44444444444444,50.166666666666664,latest_report,95,ATTACK,147,"(15, 5)",False,2,False,1680
0,0.0,True,0.0,0.9,0.9,1642,0,1642.0,99,7,18,"(2, 41)",0,0.032818532818532815,90.61111111111111,47.77777777777778,latest_report,99,ATTACK,156,"(10, 34)",False,0,False,1685
29,0.0,True,0.0,0.8808827805933793,0.899952453572561,1645,0,1645.0,77,3,19,"(2, 41)",0,0.04054054054054054,88.42105263157895,46.1578947368421,latest_report,77,ATTACK,125,"(29, 31)",False,1,False,1685
16,0.0,True,0.0,0.7860580738401329,0.8274780015220365,1644,0,1644.0,96,4,19,"(33, 8)",0,0.03262955854126679,88.63157894736842,48.36842105263158,latest_report,96,ATTACK,148,"(15, 3)",False,2,False,1685
0,0.0,True,0.0,0.9,0.9,1647,0,1647.0,99,7,18,"(2, 41)",0,0.03182256509161042,90.61111111111111,47.77777777777778,latest_report,99,ATTACK,156,"(9, 38)",False,0,False,1690
29,0.0,True,0.0,0.8808827805933793,0.899952453572561,1650,0,1650.0,77,3,19,"(2, 41)",0,0.03953712632594021,88.42105263157895,46.1578947368421,latest_report,77,ATTACK,125,"(28, 35)",False,1,False,1690
16,0.0,True,0.0,0.7860580738401329,0.8274780015220365,1649,0,1649.0,96,4,19,"(33, 8)",0,0.031639501438159155,88.63157894736842,48.36842105263158,latest_report,96,ATTACK,148,"(16, 7)",False,2,False,1690
0,0.0,True,0.0,0.9,0.9,1652,0,1652.0,99,7,18,"(2, 41)",0,0.031791907514450865,90.61111111111111,47.77777777777778,latest_report,99,ATTACK,156,"(7, 41)",False,0,False,1695
35,0.0,True,0.0,0.8808827805933793,0.899952453572561,1655,0,1655.0,77,3,19,"(2, 41)",0,0.04238921001926782,88.42105263157895,46.1578947368421,latest_report,77,ATTACK,125,"(23, 35)",False,1,False,1695
22,0.0,True,0.0,0.7860580738401329,0.8274780015220365,1654,0,1654.0,96,4,19,"(33, 8)",0,0.03735632183908046,88.63157894736842,48.36842105263158,latest_report,96,ATTACK,148,"(19, 9)",False,2,False,1695
0,0.0,True,0.0,0.9,0.9,1657,0,1657.0,99,7,18,"(2, 41)",0,0.030632411067193676,90.61111111111111,47.77777777777778,latest_report,99,ATTACK,157,"(2, 41)",False,0,False,1700
35,0.0,True,0.0,0.883819819380997,0.9022542029059043,1660,0,1660.0,78,3,19,"(2, 41)",0,0.04215686274509804,88.42105263157895,46.1578947368421,latest_report,78,ATTACK,126,"(18, 35)",False,1,False,1700
22,0.0,True,0.0,0.7860580738401329,0.8274780015220365,1659,0,1659.0,97,4,19,"(33, 8)",0,0.03725490196078431,88.63157894736842,48.36842105263158,latest_report,97,ATTACK,149,"(24, 9)",False,2,False,1700
0,0.0,True,0.0,0.9,0.9,1661,0,1661.0,100,7,19,"(33, 30)",0,0.021696252465483234,89.52631578947368,48.10526315789474,latest_report,100,ATTACK,158,"(6, 41)",False,0,False,1705
35,0.0,True,0.0,0.8886299202013641,0.9068531762820542,1665,0,1665.0,80,3,19,"(2, 41)",0,0.033268101761252444,88.42105263157895,46.1578947368421,latest_report,80,ATTACK,128,"(13, 35)",False,1,False,1705
22,0.0,True,0.0,0.7860580738401329,0.8274780015220365,1664,0,1664.0,97,4,19,"(33, 8)",0,0.03131115459882583,88.63157894736842,48.36842105263158,latest_report,97,ATTACK,149,"(28, 8)",False,2,False,1705
0,0.0,True,0.0,0.9,0.9,1666,0,1666.0,100,7,19,"(33, 30)",0,0.02066929133858268,89.52631578947368,48.10526315789474,latest_report,100,ATTACK,158,"(8, 38)",False,0,False,1710
35,0.0,True,0.0,0.8933523112851227,0.911228207859898,1670,0,1670.0,80,3,19,"(2, 41)",0,0.033203125,88.42105263157895,46.1578947368421,latest_report,80,ATTACK,128,"(12, 39)",False,1,False,1710
22,0.0,True,0.0,0.7860580738401329,0.8274780015220365,1669,0,1669.0,97,4,19,"(33, 8)",0,0.0302734375,88.63157894736842,48.36842105263158,latest_report,97,ATTACK,149,"(33, 8)",False,2,False,1710
0,0.0,True,0.0,0.9,0.9,1671,0,1671.0,100,7,19,"(33, 30)",0,0.0206286836935167,89.52631578947368,48.10526315789474,latest_report,100,ATTACK,158,"(11, 36)",False,0,False,1715
31,0.0,True,0.0,0.8981233134953314,0.9162483571509911,1675,0,1675.0,80,3,19,"(2, 41)",0,0.03216374269005848,88.42105263157895,46.1578947368421,latest_report,80,ATTACK,128,"(9, 41)",False,1,False,1715
22,0.0,True,0.0,0.7860580738401329,0.8274780015220365,1673,0,1673.0,98,4,19,"(24, 45)",0,0.029239766081871343,88.63157894736842,48.36842105263158,latest_report,98,ATTACK,150,"(29, 8)",False,2,False,1715
0,0.0,True,0.0,0.9,0.9,1676,0,1676.0,100,7,19,"(33, 30)",0,0.017543859649122806,89.52631578947368,48.10526315789474,latest_report,100,ATTACK,158,"(12, 32)",False,0,False,1720
31,0.0,True,0.0,0.9028309520310387,0.920477294582617,1680,0,1680.0,80,3,19,"(2, 41)",0,0.029980657640232108,88.42105263157895,46.1578947368421,latest_report,80,ATTACK,128,"(4, 41)",False,1,False,1720
22,0.0,True,0.0,0.7860580738401329,0.8274780015220365,1678,0,1678.0,98,4,19,"(24, 45)",0,0.027079303675048357,88.63157894736842,48.36842105263158,latest_report,98,ATTACK,150,"(27, 11)",False,2,False,1720
0,0.0,True,0.0,0.9,0.9,1681,0,1681.0,100,7,19,"(33, 30)",0,0.017408123791102514,89.52631578947368,48.10526315789474,latest_report,100,ATTACK,159,"(15, 30)",False,0,False,1725
31,0.0,True,0.0,0.9055475405142355,0.9229382679646965,1684,0,1684.0,81,3,19,"(2, 22)",0,0.029750479846449136,88.42105263157895,46.1578947368421,latest_report,81,ATTACK,130,"(3, 40)",False,1,False,1725
22,0.0,True,0.0,0.7860580738401329,0.8274780015220365,1683,0,1683.0,98,4,19,"(24, 45)",0,0.026871401151631478,88.63157894736842,48.36842105263158,latest_report,98,ATTACK,151,"(25, 14)",False,2,False,1725
0,0.0,True,0.0,0.9,0.9,1686,0,1686.0,100,7,19,"(33, 30)",0,0.01585820895522388,89.52631578947368,48.10526315789474,latest_report,100,ATTACK,159,"(20, 30)",False,0,False,1730
36,0.0,True,0.0,0.909087008292149,0.9254485956506673,1689,0,1689.0,81,3,19,"(2, 22)",0,0.027001862197392923,88.42105263157895,46.1578947368421,latest_report,81,ATTACK,130,"(3, 35)",False,1,False,1730
19,0.0,True,0.0,0.6689472508471254,0.6689472508471254,1688,0,1688.0,98,4,19,"(24, 45)",0,0.019553072625698324,88.63157894736842,48.36842105263158,latest_report,98,ATTACK,151,"(25, 19)",False,2,False,1730
0,0.0,True,0.0,0.9,0.9,1691,0,1691.0,100,7,19,"(33, 30)",0,0.012879484820607176,89.52631578947368,48.10526315789474,latest_report,100,ATTACK,159,"(25, 30)",False,0,False,1735
36,0.0,True,0.0,0.911581830665716,0.9271283611738245,1694,0,1694.0,81,3,19,"(2, 22)",0,0.023875114784205693,88.42105263157895,46.1578947368421,latest_report,81,ATTACK,130,"(3, 30)",False,1,False,1735
16,0.0,False,0.0,0.4719684195778803,0.4719684195778803,1693,0,1693.0,98,4,19,"(24, 45)",0,0.01652892561983471,88.63157894736842,48.36842105263158,latest_report,98,ATTACK,152,"(25, 24)",False,2,False,1735
0,0.0,True,0.0,0.9,0.9,1696,0,1696.0,100,7,19,"(33, 30)",0,0.01011029411764706,89.52631578947368,48.10526315789474,latest_report,100,ATTACK,159,"(30, 30)",False,0,False,1740
26,0.0,True,0.0,0.7402832899524268,0.7402832899524268,1699,0,1699.0,81,3,19,"(2, 22)",0,0.02110091743119266,88.42105263157895,46.1578947368421,latest_report,81,ATTACK,130,"(3, 25)",False,1,False,1740
15,0.0,False,0.0,0.4757796342602169,0.49935745253432273,1698,0,1698.0,98,4,19,"(24, 45)",0,0.014692378328741965,88.63157894736842,48.36842105263158,latest_report,98,ATTACK,152,"(25, 29)",False,2,False,1740
0,0.0,True,0.0,0.9,0.9,1700,0,1700.0,101,7,19,"(24, 45)",0,0.006433823529411764,89.52631578947368,48.10526315789474,latest_report,101,ATTACK,160,"(32, 30)",False,0,False,1745
19,0.0,False,0.0,0.45107579366920714,0.45107579366920714,1703,0,1703.0,82,3,20,"(12, 50)",0,0.013761467889908258,87.25,44.95,latest_report,82,ATTACK,132,"(2, 22)",False,1,False,1745
15,0.0,True,0.0,0.484689595596517,0.5238939457203274,1703,0,1703.0,98,4,19,"(24, 45)",0,0.0073461891643709825,88.63157894736842,48.36842105263158,latest_report,98,ATTACK,152,"(25, 34)",False,2,False,1745
0,0.0,True,0.0,0.9,0.9,1705,0,1705.0,101,7,19,"(24, 45)",0,0.006433823529411764,89.52631578947368,48.10526315789474,latest_report,101,ATTACK,161,"(29, 32)",False,0,False,1750
19,0.0,False,0.0,0.45107579366920714,0.45107579366920714,1708,0,1708.0,82,3,20,"(12, 50)",0,0.013761467889908258,87.25,44.95,latest_report,82,ATTACK,133,"(4, 25)",False,1,False,1750
15,0.0,True,0.0,0.4963564311104341,0.5446601434957248,1708,0,1708.0,98,4,19,"(24, 45)",0,0.0073461891643709825,88.63157894736842,48.36842105263158,latest_report,98,ATTACK,153,"(25, 39)",False,2,False,1750
0,0.0,True,0.0,0.9,0.9,1710,0,1710.0,101,7,19,"(24, 45)",0,0.006433823529411764,89.52631578947368,48.10526315789474,latest_report,101,ATTACK,161,"(25, 33)",False,0,False,1755
19,0.0,False,0.0,0.45354697683039424,0.46878259172134046,1713,0,1713.0,82,3,20,"(12, 50)",0,0.014678899082568808,87.25,44.95,latest_report,82,ATTACK,133,"(5, 29)",False,1,False,1755
15,0.0,True,0.0,0.510124575798365,0.5643797864106516,1713,0,1713.0,98,4,19,"(24, 45)",0,0.0073461891643709825,88.63157894736842,48.36842105263158,latest_report,98,ATTACK,153,"(25, 44)",False,2,False,1755
0,0.0,True,0.0,0.9,0.9,1715,0,1715.0,101,7,19,"(24, 45)",0,0.006535947712418301,89.52631578947368,48.10526315789474,latest_report,101,ATTACK,161,"(25, 38)",False,0,False,1760
19,0.0,False,0.0,0.4571000435527814,0.48290591807228606,1718,0,1718.0,82,3,20,"(12, 50)",0,0.012025901942645698,87.25,44.95,latest_report,82,ATTACK,133,"(7, 32)",False,1,False,1760
15,0.0,True,0.0,0.5130256427044306,0.5681459139196772,1717,0,1717.0,99,4,20,"(2, 41)",0,0.007455731593662628,87.9,48.3,latest_report,99,ATTACK,154,"(25, 44)",False,2,False,1760
0,0.0,True,0.0,0.9,0.9,1719,0,1719.0,101,8,19,"(24, 45)",0,0.006535947712418301,89.52631578947368,48.10526315789474,latest_report,101,ATTACK,161,"(25, 42)",False,0,False,1765
19,0.0,True,0.0,0.46605350559782666,0.5053700533852331,1723,0,1723.0,82,3,20,"(12, 50)",0,0.010175763182238668,87.25,44.95,latest_report,82,ATTACK,133,"(9, 35)",False,1,False,1765
15,0.0,True,0.0,0.5288691968393375,0.593121559447128,1721,0,1721.0,99,5,20,"(2, 41)",0,0.007455731593662628,87.9,48.3,latest_report,99,ATTACK,154,"(27, 42)",False,2,False,1765
0,0.0,True,0.0,0.9,0.9,1723,0,1723.0,102,8,20,"(12, 50)",0,0.006535947712418301,88.5,47.0,latest_report,102,ATTACK,162,"(24, 45)",False,0,False,1770
27,0.0,True,0.0,0.47777649272853734,0.5251372441497383,1728,0,1728.0,82,3,20,"(12, 50)",0,0.017495395948434623,87.25,44.95,latest_report,82,ATTACK,133,"(12, 37)",False,1,False,1770
23,0.0,True,0.0,0.546389855240995,0.6149487047848233,1726,0,1726.0,101,5,20,"(2, 41)",0,0.013914656771799629,87.9,48.3,latest_report,101,ATTACK,156,"(24, 40)",False,2,False,1770
0,0.0,True,0.0,0.9,0.9,1728,0,1728.0,102,8,20,"(12, 50)",0,0.0028011204481792717,88.5,47.0,latest_report,102,ATTACK,163,"(23, 49)",False,0,False,1775
27,0.0,True,0.0,0.47777649272853734,0.5251372441497383,1733,0,1733.0,82,3,20,"(12, 50)",0,0.016574585635359115,87.25,44.95,latest_report,82,ATTACK,134,"(12, 42)",False,1,False,1775
23,0.0,True,0.0,0.5641591796647526,0.6300219430719184,1731,0,1731.0,101,5,20,"(2, 41)",0,0.012059369202226345,87.9,48.3,latest_report,101,ATTACK,157,"(19, 40)",False,2,False,1775
0,0.0,True,0.0,0.9,0.9,1733,0,1733.0,102,8,20,"(12, 50)",0,0.0028116213683223993,88.5,47.0,latest_report,102,ATTACK,165,"(18, 49)",False,0,False,1780
27,0.0,True,0.0,0.4803366523522493,0.5289796852027772,1738,0,1738.0,82,3,20,"(12, 50)",0,0.015828677839851025,87.25,44.95,latest_report,82,ATTACK,134,"(12, 47)",False,1,False,1780
23,0.0,True,0.0,0.5806213272275477,0.6417769673702831,1736,0,1736.0,101,5,20,"(2, 41)",0,0.0148975791433892,87.9,48.3,latest_report,101,ATTACK,157,"(15, 41)",False,2,False,1780
0,0.0,True,0.0,0.9,0.9,1738,0,1738.0,102,8,20,"(12, 50)",0,0.0028089887640449437,88.5,47.0,latest_report,102,ATTACK,165,"(13, 49)",False,0,False,1785
27,0.0,True,0.0,0.49509485160024524,0.5573675520147023,1742,0,1742.0,83,3,20,"(33, 8)",0,0.01581395348837209,87.25,44.95,latest_report,83,ATTACK,135,"(12, 49)",False,1,False,1785
23,0.0,True,0.0,0.5964505776218307,0.6558869491660465,1741,0,1741.0,101,5,20,"(2, 41)",0,0.018604651162790697,87.9,48.3,latest_report,101,ATTACK,157,"(10, 41)",False,2,False,1785
0,0.0,True,0.0,0.9,0.9,1741,0,1741.0,103,9,20,"(33, 50)",0,0.0028089887640449437,88.5,47.0,latest_report,103,ATTACK,166,"(13, 50)",False,0,False,1790
27,0.0,True,0.0,0.5129496630053566,0.5833295796369967,1747,0,1747.0,83,3,20,"(33, 8)",0,0.01581395348837209,87.25,44.95,latest_report,83,ATTACK,135,"(13, 45)",False,1,False,1790
23,0.0,True,0.0,0.6115785924759117,0.6678041248728995,1746,0,1746.0,101,5,20,"(2, 41)",0,0.01953488372093023,87.9,48.3,latest_report,101,ATTACK,157,"(5, 41)",False,2,False,1790
0,0.0,True,0.0,0.9,0.9,1746,0,1746.0,103,9,20,"(33, 50)",0,0.0028089887640449437,88.5,47.0,latest_report,103,ATTACK,166,"(17, 49)",False,0,False,1795
27,0.0,True,0.0,0.5315866867651053,0.6026908475034501,1752,0,1752.0,83,3,20,"(33, 8)",0,0.01581395348837209,87.25,44.95,latest_report,83,ATTACK,135,"(13, 40)",False,1,False,1795
23,0.0,True,0.0,0.6230980059412984,0.6779801122595508,1750,0,1750.0,102,5,20,"(21, 24)",0,0.01953488372093023,87.9,48.3,latest_report,102,ATTACK,158,"(3, 41)",False,2,False,1795
0,0.0,True,0.0,0.9,0.9,1751,0,1751.0,103,9,20,"(33, 50)",0,0.05065666041275797,88.5,47.0,latest_report,103,ATTACK,167,"(22, 49)",False,0,False,1800
27,0.9190363690286745,True,0.9190363690286745,0.5388451626925825,0.6071426675094993,1757,0,1757.0,84,3,20,"(33, 8)",27,0.05322128851540616,87.25,44.95,latest_report,84,ATTACK,136,"(13, 35)",True,1,True,1800
23,0.0,True,0.0,0.6230980059412984,0.6779801122595508,1755,0,1755.0,102,5,20,"(21, 24)",0,0.05228758169934641,87.9,48.3,latest_report,102,ATTACK,159,"(8, 41)",False,2,False,1800
0,0.0,True,0.0,0.9,0.9,1756,0,1756.0,103,9,20,"(33, 50)",0,0.04588014981273408,88.5,47.0,latest_report,103,ATTACK,167,"(26, 50)",False,0,False,1805
31,0.0,True,0.0,0.5388451626925825,0.6071426675094993,1762,0,1762.0,85,3,20,"(33, 8)",0,0.047530288909599254,87.25,44.95,latest_report,85,ATTACK,137,"(13, 30)",False,1,False,1805
27,0.0,True,0.0,0.6230980059412984,0.6779801122595508,1760,0,1760.0,102,5,20,"(21, 24)",0,0.045666356011183594,87.9,48.3,latest_report,102,ATTACK,159,"(12, 40)",False,2,False,1805
0,0.0,True,0.0,0.9,0.9,1761,0,1761.0,103,9,20,"(33, 50)",0,0.03690036900369004,88.5,47.0,latest_report,103,ATTACK,167,"(31, 50)",False,0,False,1810
31,0.0,True,0.0,0.5388451626925825,0.6071426675094993,1767,0,1767.0,86,3,20,"(33, 8)",0,0.03764921946740129,87.25,44.95,latest_report,86,ATTACK,138,"(14, 26)",False,1,False,1810
27,0.0,True,0.0,0.6230980059412984,0.6779801122595508,1765,0,1765.0,102,5,20,"(21, 24)",0,0.03397612488521579,87.9,48.3,latest_report,102,ATTACK,159,"(15, 38)",False,2,False,1810
0,0.0,True,0.0,0.9,0.9,1765,0,1765.0,104,9,21,"(33, 8)",0,0.03219871205151794,86.33333333333333,45.904761904761905,latest_report,104,ATTACK,168,"(33, 48)",False,0,False,1815
31,0.0,True,0.0,0.5388451626925825,0.6071426675094993,1772,0,1772.0,86,3,20,"(33, 8)",0,0.03663003663003663,87.25,44.95,latest_report,86,ATTACK,138,"(17, 24)",False,1,False,1815
27,0.0,True,0.0,0.6230980059412984,0.6779801122595508,1770,0,1770.0,102,5,20,"(21, 24)",0,0.03205128205128205,87.9,48.3,latest_report,102,ATTACK,159,"(20, 38)",False,2,False,1815
0,0.0,True,0.0,0.9,0.9,1770,0,1770.0,104,9,21,"(33, 8)",0,0.027573529411764705,86.33333333333333,45.904761904761905,latest_report,104,ATTACK,168,"(30, 46)",False,0,False,1820
31,0.0,True,0.0,0.5388451626925825,0.6071426675094993,1777,0,1777.0,86,3,20,"(33, 8)",0,0.03102189781021898,87.25,44.95,latest_report,86,ATTACK,138,"(18, 20)",False,1,False,1820
27,0.0,True,0.0,0.6230980059412984,0.6779801122595508,1775,0,1775.0,103,5,20,"(21, 24)",0,0.025547445255474453,87.9,48.3,latest_report,103,ATTACK,160,"(20, 33)",False,2,False,1820
0,0.0,True,0.0,0.9,0.9,1775,0,1775.0,104,9,21,"(33, 8)",0,0.024816176470588234,86.33333333333333,45.904761904761905,latest_report,104,ATTACK,169,"(29, 42)",False,0,False,1825
31,0.0,True,0.0,0.5388451626925825,0.6071426675094993,1782,0,1782.0,86,3,20,"(33, 8)",0,0.028284671532846715,87.25,44.95,latest_report,86,ATTACK,139,"(18, 15)",False,1,False,1825
27,0.0,True,0.0,0.6230980059412984,0.6779801122595508,1780,0,1780.0,103,5,20,"(21, 24)",0,0.02281021897810219,87.9,48.3,latest_report,103,ATTACK,161,"(21, 29)",False,2,False,1825
0,0.0,True,0.0,0.9,0.9,1780,0,1780.0,104,9,21,"(33, 8)",0,0.02383134738771769,86.33333333333333,45.904761904761905,latest_report,104,ATTACK,169,"(29, 37)",False,0,False,1830
31,0.0,True,0.0,0.5388451626925825,0.6071426675094993,1787,0,1787.0,86,3,20,"(33, 8)",0,0.0272975432211101,87.25,44.95,latest_report,86,ATTACK,139,"(18, 10)",False,1,False,1830
27,0.0,True,0.0,0.6230980059412984,0.6779801122595508,1785,0,1785.0,103,5,20,"(21, 24)",0,0.02183803457688808,87.9,48.3,latest_report,103,ATTACK,161,"(21, 24)",False,2,False,1830
0,0.0,True,0.0,0.9,0.9,1785,0,1785.0,104,9,21,"(33, 8)",0,0.022914757103574702,86.33333333333333,45.904761904761905,latest_report,104,ATTACK,169,"(29, 32)",False,0,False,1835
31,0.0,True,0.0,0.5388451626925825,0.6071426675094993,1792,0,1792.0,86,3,20,"(33, 8)",0,0.026387625113739762,87.25,44.95,latest_report,86,ATTACK,139,"(22, 9)",False,1,False,1835
27,0.0,True,0.0,0.6230980059412984,0.6779801122595508,1785,4,1785.0,103,5,21,"(24, 45)",0,0.020018198362147407,87.19047619047619,47.76190476190476,latest_report,103,ATTACK,166,"(21, 24)",False,2,False,1835
0,0.0,True,0.0,0.9,0.9,1790,0,1790.0,104,9,21,"(33, 8)",0,0.016498625114573784,86.33333333333333,45.904761904761905,latest_report,104,ATTACK,169,"(29, 27)",False,0,False,1840
25,0.0,False,0.0,0.34993537806790265,0.34993537806790265,1797,0,1797.0,86,3,20,"(33, 8)",0,0.020018198362147407,87.25,44.95,latest_report,86,ATTACK,140,"(26, 8)",False,1,False,1840
26,0.0,True,0.0,0.6288108855329956,0.6829478196292351,1785,9,1785.0,103,5,21,"(24, 45)",0,0.014558689717925387,87.19047619047619,47.76190476190476,latest_report,103,ATTACK,171,"(21, 24)",False,2,False,1840
0,0.0,True,0.0,0.9,0.9,1795,0,1795.0,104,9,21,"(33, 8)",0,0.010820559062218215,86.33333333333333,45.904761904761905,latest_report,104,ATTACK,169,"(29, 22)",False,0,False,1845
6,0.0,False,0.0,0.34993537806790265,0.34993537806790265,1802,0,1802.0,86,3,20,"(33, 8)",0,0.009000900090009001,87.25,44.95,latest_report,86,ATTACK,140,"(31, 8)",False,1,False,1845
16,0.0,True,0.0,0.6429031375169654,0.6961254535808172,1785,14,1785.0,103,5,21,"(24, 45)",0,0.004500450045004501,87.19047619047619,47.76190476190476,latest_report,103,ATTACK,176,"(21, 24)",False,2,False,1845
0,0.0,True,0.0,0.9,0.9,1800,0,1800.0,105,9,21,"(33, 8)",0,0.0063006300630063005,86.33333333333333,45.904761904761905,latest_report,105,ATTACK,170,"(29, 17)",False,0,False,1850
6,0.0,False,0.0,0.34993537806790265,0.34993537806790265,1806,0,1806.0,87,3,21,"(2, 50)",0,0.005390835579514825,88.0,45.857142857142854,latest_report,87,ATTACK,142,"(31, 8)",False,1,False,1850
16,0.0,True,0.0,0.6456868214905856,0.69857681698937,1785,19,1785.0,103,5,21,"(24, 45)",0,0.004492362982929021,87.19047619047619,47.76190476190476,latest_report,103,ATTACK,181,"(21, 24)",False,2,False,1850
0,0.0,True,0.0,0.9,0.9,1805,0,1805.0,105,9,21,"(33, 8)",0,0.005371530886302597,86.33333333333333,45.904761904761905,latest_report,105,ATTACK,170,"(31, 14)",False,0,False,1855
1,0.0,False,0.0,0.3527384800209251,0.3745631005986665,1811,0,1811.0,87,3,21,"(2, 50)",0,0.005366726296958855,88.0,45.857142857142854,latest_report,87,ATTACK,142,"(27, 9)",False,1,False,1855
11,0.0,True,0.0,0.6456868214905856,0.69857681698937,1785,24,1785.0,103,5,21,"(24, 45)",0,0.0017889087656529517,87.19047619047619,47.76190476190476,latest_report,103,ATTACK,186,"(21, 24)",False,2,False,1855
0,0.0,True,0.0,0.9,0.9,1810,0,1810.0,105,9,21,"(33, 8)",0,0.005371530886302597,86.33333333333333,45.904761904761905,latest_report,105,ATTACK,170,"(32, 10)",False,0,False,1860
1,0.0,False,0.0,0.35981875030106997,0.3988644954353328,1816,0,1816.0,87,3,21,"(2, 50)",0,0.007155635062611807,88.0,45.857142857142854,latest_report,87,ATTACK,142,"(22, 9)",False,1,False,1860
11,0.0,True,0.0,0.6456868214905856,0.69857681698937,1785,29,1785.0,103,5,21,"(24, 45)",0,0.0017889087656529517,87.19047619047619,47.76190476190476,latest_report,103,ATTACK,191,"(21, 24)",False,2,False,1860
0,0.0,True,0.0,0.9,0.9,1814,0,1814.0,106,9,21,"(2, 41)",0,0.005371530886302597,86.33333333333333,45.904761904761905,latest_report,106,ATTACK,171,"(32, 8)",False,0,False,1865
1,0.0,False,0.0,0.35981875030106997,0.3988644954353328,1821,0,1821.0,87,3,21,"(2, 50)",0,0.008050089445438283,88.0,45.857142857142854,latest_report,87,ATTACK,142,"(19, 11)",False,1,False,1865
11,0.0,True,0.0,0.6456868214905856,0.69857681698937,1785,34,1785.0,103,5,21,"(24, 45)",0,0.0017889087656529517,87.19047619047619,47.76190476190476,latest_report,103,ATTACK,196,"(21, 24)",False,2,False,1865
0,0.0,True,0.0,0.9,0.9,1819,0,1819.0,106,9,21,"(2, 41)",0,0.005371530886302597,86.33333333333333,45.904761904761905,latest_report,106,ATTACK,171,"(30, 11)",False,0,False,1870
1,0.0,False,0.0,0.35981875030106997,0.3988644954353328,1826,0,1826.0,87,3,21,"(2, 50)",0,0.008050089445438283,88.0,45.857142857142854,latest_report,87,ATTACK,142,"(17, 14)",False,1,False,1870
9,0.0,True,0.0,0.6456868214905856,0.69857681698937,1785,39,1785.0,103,5,21,"(24, 45)",0,0.0017889087656529517,87.19047619047619,47.76190476190476,latest_report,103,ATTACK,201,"(21, 24)",False,2,False,1870
0,0.0,True,0.0,0.9,0.9,1824,0,1824.0,107,9,21,"(2, 41)",0,0.008057296329453895,86.33333333333333,45.904761904761905,latest_report,107,ATTACK,172,"(28, 14)",False,0,False,1875
1,0.0,False,0.0,0.35981875030106997,0.3988644954353328,1831,0,1831.0,88,3,21,"(2, 50)",0,0.008050089445438283,88.0,45.857142857142854,latest_report,88,ATTACK,143,"(16, 18)",False,1,False,1875
9,0.0,True,0.0,0.6456868214905856,0.69857681698937,1785,44,1785.0,103,5,21,"(24, 45)",0,0.0017889087656529517,87.19047619047619,47.76190476190476,latest_report,103,ATTACK,206,"(21, 24)",False,2,False,1875
0,0.0,True,0.0,0.9,0.9,1829,0,1829.0,107,9,21,"(2, 41)",0,0.009847806624888093,86.33333333333333,45.904761904761905,latest_report,107,ATTACK,172,"(26, 17)",False,0,False,1880
1,0.0,False,0.0,0.35981875030106997,0.3988644954353328,1836,0,1836.0,88,3,21,"(2, 50)",0,0.008057296329453895,88.0,45.857142857142854,latest_report,88,ATTACK,143,"(14, 21)",False,1,False,1880
9,0.0,True,0.0,0.6456868214905856,0.69857681698937,1785,49,1785.0,103,5,21,"(24, 45)",0,0.0035810205908683975,87.19047619047619,47.76190476190476,latest_report,103,ATTACK,211,"(21, 24)",False,2,False,1880
0,0.0,True,0.0,0.9,0.9,1834,0,1834.0,107,9,21,"(2, 41)",0,0.009847806624888093,86.33333333333333,45.904761904761905,latest_report,107,ATTACK,172,"(26, 22)",False,0,False,1885
4,0.0,False,0.0,0.3012761342748155,0.3012761342748155,1841,0,1841.0,88,3,21,"(2, 50)",0,0.010743061772605193,88.0,45.857142857142854,latest_report,88,ATTACK,143,"(13, 25)",False,1,False,1885
12,0.0,True,0.0,0.6456868214905856,0.69857681698937,1785,54,1785.0,103,5,21,"(24, 45)",0,0.007162041181736795,87.19047619047619,47.76190476190476,latest_report,103,ATTACK,216,"(21, 24)",False,2,False,1885
0,0.0,True,0.0,0.9,0.9,1839,0,1839.0,107,9,21,"(2, 41)",0,0.010743061772605193,86.33333333333333,45.904761904761905,latest_report,107,ATTACK,172,"(26, 27)",False,0,False,1890
4,0.0,False,0.0,0.3012761342748155,0.3012761342748155,1846,0,1846.0,88,3,21,"(2, 50)",0,0.010743061772605193,88.0,45.857142857142854,latest_report,88,ATTACK,143,"(12, 29)",False,1,False,1890
12,0.0,True,0.0,0.6571031896101229,0.71199397395946,1785,59,1785.0,103,5,21,"(24, 45)",0,0.007162041181736795,87.19047619047619,47.76190476190476,latest_report,103,ATTACK,221,"(21, 24)",False,2,False,1890
0,0.0,True,0.0,0.9,0.9,1844,0,1844.0,107,9,21,"(2, 41)",0,0.010743061772605193,86.33333333333333,45.904761904761905,latest_report,107,ATTACK,172,"(26, 32)",False,0,False,1895
4,0.0,False,0.0,0.3012761342748155,0.3012761342748155,1851,0,1851.0,88,3,21,"(2, 50)",0,0.008952551477170993,88.0,45.857142857142854,latest_report,88,ATTACK,143,"(10, 32)",False,1,False,1895
12,0.0,True,0.0,0.6716922496866012,0.7269854240067667,1785,64,1785.0,103,5,21,"(24, 45)",0,0.006266786034019696,87.19047619047619,47.76190476190476,latest_report,103,ATTACK,226,"(21, 24)",False,2,False,1895
0,0.0,True,0.0,0.9,0.9,1849,0,1849.0,108,9,21,"(2, 41)",0,0.010948905109489052,86.33333333333333,45.904761904761905,latest_report,108,ATTACK,173,"(24, 35)",False,0,False,1900
4,0.0,False,0.0,0.3012761342748155,0.3012761342748155,1856,0,1856.0,89,3,21,"(2, 50)",0,0.009115770282588878,88.0,45.857142857142854,latest_report,89,ATTACK,144,"(9, 36)",False,1,False,1900
12,0.0,True,0.0,0.67742983635662,0.7316026962125625,1785,69,1785.0,103,5,21,"(24, 45)",0,0.006381039197812215,87.19047619047619,47.76190476190476,latest_report,103,ATTACK,231,"(21, 24)",False,2,False,1900
0,0.0,True,0.0,0.9,0.9,1854,0,1854.0,108,9,21,"(2, 41)",0,0.011861313868613138,86.33333333333333,45.904761904761905,latest_report,108,ATTACK,173,"(21, 37)",False,0,False,1905
4,0.0,False,0.0,0.3012761342748155,0.3012761342748155,1861,0,1861.0,89,3,21,"(2, 50)",0,0.009115770282588878,88.0,45.857142857142854,latest_report,89,ATTACK,144,"(7, 39)",False,1,False,1905
12,0.0,True,0.0,0.67742983635662,0.7316026962125625,1785,74,1785.0,103,5,21,"(24, 45)",0,0.0054694621695533276,87.19047619047619,47.76190476190476,latest_report,103,ATTACK,236,"(21, 24)",False,2,False,1905
0,0.0,True,0.0,0.9,0.9,1859,0,1859.0,108,9,21,"(2, 41)",0,0.011828935395814377,86.33333333333333,45.904761904761905,latest_report,108,ATTACK,173,"(18, 39)",False,0,False,1910
4,0.0,False,0.0,0.3012761342748155,0.3012761342748155,1866,0,1866.0,89,3,21,"(2, 50)",0,0.00909090909090909,88.0,45.857142857142854,latest_report,89,ATTACK,144,"(7, 44)",False,1,False,1910
12,0.0,True,0.0,0.67742983635662,0.7316026962125625,1785,79,1785.0,103,5,21,"(24, 45)",0,0.006363636363636364,87.19047619047619,47.76190476190476,latest_report,103,ATTACK,241,"(21, 24)",False,2,False,1910
0,0.0,True,0.0,0.9,0.9,1864,0,1864.0,108,9,21,"(2, 41)",0,0.012556053811659192,86.33333333333333,45.904761904761905,latest_report,108,ATTACK,173,"(13, 39)",False,0,False,1915
4,0.0,False,0.0,0.3012761342748155,0.3012761342748155,1871,0,1871.0,89,3,21,"(2, 50)",0,0.008960573476702509,88.0,45.857142857142854,latest_report,89,ATTACK,144,"(4, 46)",False,1,False,1915
12,0.0,True,0.0,0.67742983635662,0.7316026962125625,1785,84,1785.0,103,5,21,"(24, 45)",0,0.0062724014336917565,87.19047619047619,47.76190476190476,latest_report,103,ATTACK,246,"(21, 24)",False,2,False,1915
0,0.0,True,0.0,0.9,0.9,1869,0,1869.0,108,9,21,"(2, 41)",0,0.012533572068039392,86.33333333333333,45.904761904761905,latest_report,108,ATTACK,173,"(10, 41)",False,0,False,1920
4,0.0,False,0.0,0.3012761342748155,0.3012761342748155,1876,0,1876.0,89,3,21,"(2, 50)",0,0.008944543828264758,88.0,45.857142857142854,latest_report,89,ATTACK,144,"(3, 50)",False,1,False,1920
12,0.0,True,0.0,0.67742983635662,0.7316026962125625,1785,89,1785.0,103,5,21,"(24, 45)",0,0.006261180679785331,87.19047619047619,47.76190476190476,latest_report,103,ATTACK,251,"(21, 24)",False,2,False,1920
0,0.0,True,0.0,0.9,0.9,1874,0,1874.0,108,9,21,"(2, 41)",0,0.012533572068039392,86.33333333333333,45.904761904761905,latest_report,108,ATTACK,174,"(5, 41)",False,0,False,1925
4,0.0,False,0.0,0.3012761342748155,0.3012761342748155,1880,0,1880.0,91,3,21,"(13, 15)",0,0.008944543828264758,88.0,45.857142857142854,latest_report,91,ATTACK,146,"(3, 48)",False,1,False,1925
12,0.0,True,0.0,0.67742983635662,0.7316026962125625,1785,94,1785.0,103,5,21,"(24, 45)",0,0.006261180679785331,87.19047619047619,47.76190476190476,latest_report,103,ATTACK,256,"(21, 24)",False,2,False,1925
0,0.0,True,0.0,0.9,0.9,1878,0,1878.0,109,9,22,"(3, 8)",0,0.012533572068039392,87.68181818181819,46.77272727272727,latest_report,109,ATTACK,175,"(3, 41)",False,0,False,1930
4,0.0,False,0.0,0.3062710214290976,0.3380765759219819,1885,0,1885.0,91,3,21,"(13, 15)",0,0.008944543828264758,88.0,45.857142857142854,latest_report,91,ATTACK,146,"(5, 45)",False,1,False,1930
12,0.0,True,0.0,0.67742983635662,0.7316026962125625,1785,99,1785.0,103,5,21,"(24, 45)",0,0.006261180679785331,87.19047619047619,47.76190476190476,latest_report,103,ATTACK,261,"(21, 24)",False,2,False,1930
0,0.0,True,0.0,0.9,0.9,1883,0,1883.0,109,9,22,"(3, 8)",0,0.012533572068039392,87.68181818181819,46.77272727272727,latest_report,109,ATTACK,175,"(7, 40)",False,0,False,1935
4,0.0,False,0.0,0.3184595809709075,0.3742234014404846,1890,0,1890.0,91,3,21,"(13, 15)",0,0.008944543828264758,88.0,45.857142857142854,latest_report,91,ATTACK,146,"(7, 42)",False,1,False,1935
12,0.0,True,0.0,0.67742983635662,0.7316026962125625,1785,104,1785.0,103,5,21,"(24, 45)",0,0.006261180679785331,87.19047619047619,47.76190476190476,latest_report,103,ATTACK,266,"(21, 24)",False,2,False,1935
0,0.0,True,0.0,0.9,0.9,1888,0,1888.0,109,9,22,"(3, 8)",0,0.012533572068039392,87.68181818181819,46.77272727272727,latest_report,109,ATTACK,175,"(9, 37)",False,0,False,1940
3,0.0,False,0.0,0.33651860243095844,0.4127538218544718,1895,0,1895.0,91,3,21,"(13, 15)",0,0.008952551477170993,88.0,45.857142857142854,latest_report,91,ATTACK,146,"(8, 38)",False,1,False,1940
11,0.0,True,0.0,0.67742983635662,0.7316026962125625,1785,109,1785.0,103,5,21,"(24, 45)",0,0.006266786034019696,87.19047619047619,47.76190476190476,latest_report,103,ATTACK,271,"(21, 24)",False,2,False,1940
0,0.0,True,0.0,0.9,0.9,1893,0,1893.0,109,9,22,"(3, 8)",0,0.012533572068039392,87.68181818181819,46.77272727272727,latest_report,109,ATTACK,175,"(13, 36)",False,0,False,1945
3,0.0,False,0.0,0.3589100563124639,0.44904136721266025,1900,0,1900.0,91,3,21,"(13, 15)",0,0.010743061772605193,88.0,45.857142857142854,latest_report,91,ATTACK,146,"(11, 36)",False,1,False,1945
11,0.0,True,0.0,0.67742983635662,0.7316026962125625,1785,114,1785.0,103,5,21,"(24, 45)",0,0.006266786034019696,87.19047619047619,47.76190476190476,latest_report,103,ATTACK,276,"(21, 24)",False,2,False,1945
0,0.0,True,0.0,0.9,0.9,1898,0,1898.0,109,9,22,"(3, 8)",0,0.03491495076096687,87.68181818181819,46.77272727272727,latest_report,109,ATTACK,176,"(14, 32)",False,0,False,1950
3,0.0,False,0.0,0.38397270698458524,0.48233158968209744,1905,0,1905.0,92,3,21,"(13, 15)",0,0.046553267681289166,88.0,45.857142857142854,latest_report,92,ATTACK,147,"(12, 32)",False,1,False,1950
11,0.0,True,0.0,0.67742983635662,0.7316026962125625,1785,119,1785.0,103,5,21,"(24, 45)",0,0.04207699194270367,87.19047619047619,47.76190476190476,latest_report,103,ATTACK,281,"(21, 24)",False,2,False,1950
0,0.0,True,0.0,0.9,0.9,1903,0,1903.0,109,9,22,"(3, 8)",0,0.03401969561324977,87.68181818181819,46.77272727272727,latest_report,109,ATTACK,176,"(14, 27)",False,0,False,1955
9,0.0,True,0.0,0.41056201641367374,0.5129042808528587,1910,0,1910.0,92,3,21,"(13, 15)",0,0.045658012533572066,88.0,45.857142857142854,latest_report,92,ATTACK,147,"(14, 29)",False,1,False,1955
17,0.0,True,0.0,0.6857712556804666,0.7381367189157109,1785,124,1785.0,103,5,21,"(24, 45)",0,0.04118173679498657,87.19047619047619,47.76190476190476,latest_report,103,ATTACK,286,"(21, 24)",False,2,False,1955
0,0.0,True,0.0,0.9,0.9,1908,0,1908.0,109,9,22,"(3, 8)",0,0.034050179211469536,87.68181818181819,46.77272727272727,latest_report,109,ATTACK,176,"(14, 22)",False,0,False,1960
9,0.0,True,0.0,0.43763484077971504,0.5405158981174444,1915,0,1915.0,92,3,21,"(13, 15)",0,0.0456989247311828,88.0,45.857142857142854,latest_report,92,ATTACK,147,"(14, 24)",False,1,False,1960
16,0.0,True,0.0,0.6993520724615052,0.75069059358955,1785,129,1785.0,103,5,21,"(24, 45)",0,0.04032258064516129,87.19047619047619,47.76190476190476,latest_report,103,ATTACK,291,"(21, 24)",False,2,False,1960
0,0.0,True,0.0,0.9,0.9,1913,0,1913.0,109,9,22,"(3, 8)",0,0.03136200716845878,87.68181818181819,46.77272727272727,latest_report,109,ATTACK,176,"(14, 17)",False,0,False,1965
9,0.0,True,0.0,0.46456147315435414,0.5665393650912683,1920,0,1920.0,92,3,21,"(13, 15)",0,0.043010752688172046,88.0,45.857142857142854,latest_report,92,ATTACK,147,"(14, 19)",False,1,False,1965
15,0.0,True,0.0,0.7125258595154814,0.7616164609918777,1785,134,1785.0,103,5,21,"(24, 45)",0,0.03763440860215054,87.19047619047619,47.76190476190476,latest_report,103,ATTACK,296,"(21, 24)",False,2,False,1965
0,0.0,True,0.0,0.9,0.9,1918,0,1918.0,109,9,22,"(3, 8)",0,0.02956989247311828,87.68181818181819,46.77272727272727,latest_report,109,ATTACK,176,"(13, 13)",False,0,False,1970
9,0.0,True,0.0,0.4912138863755751,0.5917840808606187,1925,0,1925.0,92,3,21,"(13, 15)",0,0.04032258064516129,88.0,45.857142857142854,latest_report,92,ATTACK,147,"(13, 15)",False,1,False,1970
15,0.0,True,0.0,0.7125258595154814,0.7616164609918777,1785,139,1785.0,103,5,21,"(24, 45)",0,0.035842293906810034,87.19047619047619,47.76190476190476,latest_report,103,ATTACK,301,"(21, 24)",False,2,False,1970
0,0.0,True,0.0,0.9,0.9,1923,0,1923.0,109,9,22,"(3, 8)",0,0.02867383512544803,87.68181818181819,46.77272727272727,latest_report,109,ATTACK,177,"(13, 8)",False,0,False,1975
9,0.0,True,0.0,0.5176499212187571,0.6173287985243964,1929,0,1929.0,93,3,22,"(33, 50)",0,0.03853046594982079,89.5909090909091,46.0,latest_report,93,ATTACK,149,"(15, 17)",False,1,False,1975
15,0.0,True,0.0,0.7125258595154814,0.7616164609918777,1785,144,1785.0,103,5,21,"(24, 45)",0,0.03494623655913978,87.19047619047619,47.76190476190476,latest_report,103,ATTACK,306,"(21, 24)",False,2,False,1975
0,0.0,True,0.0,0.9,0.9,1928,0,1928.0,109,9,22,"(3, 8)",0,0.02867383512544803,87.68181818181819,46.77272727272727,latest_report,109,ATTACK,177,"(8, 8)",False,0,False,1980
9,0.0,True,0.0,0.5279009169756105,0.6242769729637011,1934,0,1934.0,93,3,22,"(33, 50)",0,0.03849597135183527,89.5909090909091,46.0,latest_report,93,ATTACK,149,"(15, 22)",False,1,False,1980
15,0.0,True,0.0,0.7125258595154814,0.7616164609918777,1785,149,1785.0,103,5,21,"(24, 45)",0,0.03491495076096687,87.19047619047619,47.76190476190476,latest_report,103,ATTACK,311,"(21, 24)",False,2,False,1980
0,0.0,True,0.0,0.9,0.9,1933,0,1933.0,109,9,22,"(3, 8)",0,0.027728085867620753,87.68181818181819,46.77272727272727,latest_report,109,ATTACK,177,"(3, 8)",False,0,False,1985
9,0.0,True,0.0,0.5279009169756105,0.6242769729637011,1939,0,1939.0,93,3,22,"(33, 50)",0,0.03842716711349419,89.5909090909091,46.0,latest_report,93,ATTACK,149,"(15, 27)",False,1,False,1985
15,0.0,True,0.0,0.7125258595154814,0.7616164609918777,1785,154,1785.0,103,5,21,"(24, 45)",0,0.03485254691689008,87.19047619047619,47.76190476190476,latest_report,103,ATTACK,316,"(21, 24)",False,2,False,1985
0,0.0,True,0.0,0.9,0.9,1937,0,1937.0,110,9,22,"(2, 22)",0,0.027728085867620753,87.68181818181819,46.77272727272727,latest_report,110,ATTACK,178,"(7, 8)",False,0,False,1990
9,0.0,True,0.0,0.5469832005695379,0.6345836394089807,1944,0,1944.0,93,3,22,"(33, 50)",0,0.03842716711349419,89.5909090909091,46.0,latest_report,93,ATTACK,149,"(15, 32)",False,1,False,1990
15,0.0,True,0.0,0.7125258595154814,0.7616164609918777,1785,159,1785.0,103,5,21,"(24, 45)",0,0.03485254691689008,87.19047619047619,47.76190476190476,latest_report,103,ATTACK,321,"(21, 24)",False,2,False,1990
0,0.0,True,0.0,0.9,0.9,1942,0,1942.0,110,9,22,"(2, 22)",0,0.027728085867620753,87.68181818181819,46.77272727272727,latest_report,110,ATTACK,178,"(12, 8)",False,0,False,1995
9,0.0,True,0.0,0.5603116601441013,0.6432148282985847,1949,0,1949.0,93,3,22,"(33, 50)",0,0.035746201966041107,89.5909090909091,46.0,latest_report,93,ATTACK,149,"(15, 37)",False,1,False,1995
15,0.0,True,0.0,0.7125258595154814,0.7616164609918777,1785,164,1785.0,103,5,21,"(24, 45)",0,0.03395889186773905,87.19047619047619,47.76190476190476,latest_report,103,ATTACK,326,"(21, 24)",False,2,False,1995
0,0.0,True,0.0,0.9,0.9,1947,0,1947.0,110,9,22,"(2, 22)",0,0.027051397655545536,87.68181818181819,46.77272727272727,latest_report,110,RECOVERY,179,"(14, 11)",False,0,False,2000
9,0.0,True,0.0,0.5603116601441013,0.6432148282985847,1954,0,1954.0,94,3,22,"(33, 50)",0,0.03513513513513514,89.5909090909091,46.0,latest_report,94,RECOVERY,150,"(15, 42)",False,1,False,2000
11,0.0,True,0.0,0.7125258595154814,0.7616164609918777,1785,169,1785.0,103,5,21,"(24, 45)",0,0.03333333333333333,87.19047619047619,47.76190476190476,latest_report,103,RECOVERY,331,"(21, 24)",False,2,False,2000
0,0.0,True,0.0,0.9,0.9,1952,0,1952.0,110,9,22,"(2, 22)",0,0.025247971145175834,87.68181818181819,46.77272727272727,latest_report,110,RECOVERY,179,"(14, 16)",False,0,False,2005
9,0.0,True,0.0,0.5603116601441013,0.6432148282985847,1959,0,1959.0,94,3,22,"(33, 50)",0,0.03333333333333333,89.5909090909091,46.0,latest_report,94,RECOVERY,150,"(17, 45)",False,1,False,2005
11,0.0,True,0.0,0.7125258595154814,0.7616164609918777,1785,174,1785.0,103,5,21,"(24, 45)",0,0.03333333333333333,87.19047619047619,47.76190476190476,latest_report,103,RECOVERY,336,"(21, 24)",False,2,False,2005
0,0.0,True,0.0,0.9,0.9,1957,0,1957.0,110,9,22,"(2, 22)",0,0.023444544634806132,87.68181818181819,46.77272727272727,latest_report,110,RECOVERY,179,"(13, 20)",False,0,False,2010
9,0.0,True,0.0,0.5603116601441013,0.6432148282985847,1964,0,1964.0,94,3,22,"(33, 50)",0,0.03153153153153153,89.5909090909091,46.0,latest_report,94,RECOVERY,150,"(18, 49)",False,1,False,2010
11,0.0,True,0.0,0.7125258595154814,0.7616164609918777,1785,179,1785.0,103,5,21,"(24, 45)",0,0.03333333333333333,87.19047619047619,47.76190476190476,latest_report,103,RECOVERY,341,"(21, 24)",False,2,False,2010
0,0.0,True,0.0,0.9,0.9,1962,0,1962.0,110,9,22,"(2, 22)",0,0.023255813953488372,87.68181818181819,46.77272727272727,latest_report,110,RECOVERY,179,"(10, 22)",False,0,False,2015
6,0.0,True,0.0,0.5603116601441013,0.6432148282985847,1969,0,1969.0,94,3,22,"(33, 50)",0,0.027728085867620753,89.5909090909091,46.0,latest_report,94,RECOVERY,150,"(22, 50)",False,1,False,2015
8,0.0,True,0.0,0.7125258595154814,0.7616164609918777,1785,184,1785.0,103,5,21,"(24, 45)",0,0.029516994633273702,87.19047619047619,47.76190476190476,latest_report,103,RECOVERY,346,"(21, 24)",False,2,False,2015
0,0.0,True,0.0,0.9,0.9,1967,0,1967.0,110,9,22,"(2, 22)",0,0.02064631956912029,87.68181818181819,46.77272727272727,latest_report,110,RECOVERY,179,"(5, 22)",False,0,False,2020
4,0.0,False,0.0,0.41046291580555,0.41046291580555,1974,0,1974.0,94,3,22,"(33, 50)",0,0.018850987432675045,89.5909090909091,46.0,latest_report,94,RECOVERY,151,"(27, 50)",False,1,False,2020
8,0.0,True,0.0,0.7150675306491989,0.7633592821898326,1789,185,1789.0,105,5,21,"(24, 45)",0,0.02064631956912029,87.19047619047619,47.76190476190476,latest_report,105,RECOVERY,349,"(24, 25)",False,2,False,2020
0,0.0,True,0.0,0.9,0.9,1971,0,1971.0,111,9,23,"(33, 30)",0,0.018850987432675045,88.0,46.391304347826086,latest_report,111,RECOVERY,181,"(2, 23)",False,0,False,2025
4,0.0,False,0.0,0.41046291580555,0.41046291580555,1979,0,1979.0,94,3,22,"(33, 50)",0,0.017055655296229804,89.5909090909091,46.0,latest_report,94,RECOVERY,152,"(32, 50)",False,1,False,2025
8,0.0,True,0.0,0.7150675306491989,0.7633592821898326,1794,185,1794.0,105,5,21,"(24, 45)",0,0.018850987432675045,87.19047619047619,47.76190476190476,latest_report,105,RECOVERY,350,"(26, 28)",False,2,False,2025
0,0.0,True,0.0,0.9,0.9,1976,0,1976.0,111,9,23,"(33, 30)",0,0.013464991023339317,88.0,46.391304347826086,latest_report,111,RECOVERY,182,"(7, 23)",False,0,False,2030
4,0.0,False,0.0,0.41046291580555,0.41046291580555,1983,0,1983.0,95,3,22,"(13, 15)",0,0.011669658886894075,89.5909090909091,46.0,latest_report,95,RECOVERY,153,"(30, 50)",False,1,False,2030
8,0.0,True,0.0,0.7150675306491989,0.7633592821898326,1799,185,1799.0,105,5,21,"(24, 45)",0,0.013464991023339317,87.19047619047619,47.76190476190476,latest_report,105,RECOVERY,350,"(26, 33)",False,2,False,2030
0,0.0,True,0.0,0.9,0.9,1981,0,1981.0,111,9,23,"(33, 30)",0,0.013464991023339317,88.0,46.391304347826086,latest_report,111,RECOVERY,182,"(12, 23)",False,0,False,2035
4,0.0,False,0.0,0.41046291580555,0.41046291580555,1988,0,1988.0,95,3,22,"(13, 15)",0,0.011669658886894075,89.5909090909091,46.0,latest_report,95,RECOVERY,153,"(25, 50)",False,1,False,2035
8,0.0,True,0.0,0.7150675306491989,0.7633592821898326,1804,185,1804.0,105,5,21,"(24, 45)",0,0.013464991023339317,87.19047619047619,47.76190476190476,latest_report,105,RECOVERY,350,"(25, 37)",False,2,False,2035
0,0.0,True,0.0,0.9,0.9,1986,0,1986.0,111,9,23,"(33, 30)",0,0.010771992818671455,88.0,46.391304347826086,latest_report,111,RECOVERY,182,"(15, 25)",False,0,False,2040
3,0.0,False,0.0,0.32985039463522897,0.32985039463522897,1993,0,1993.0,95,3,22,"(13, 15)",0,0.008976660682226212,89.5909090909091,46.0,latest_report,95,RECOVERY,153,"(21, 49)",False,1,False,2040
6,0.0,True,0.0,0.6234264906732268,0.6234264906732268,1809,185,1809.0,105,5,21,"(24, 45)",0,0.010771992818671455,87.19047619047619,47.76190476190476,latest_report,105,RECOVERY,350,"(25, 42)",False,2,False,2040
0,0.0,True,0.0,0.9,0.9,1991,0,1991.0,111,9,23,"(33, 30)",0,0.010771992818671455,88.0,46.391304347826086,latest_report,111,RECOVERY,182,"(15, 30)",False,0,False,2045
3,0.0,False,0.0,0.32985039463522897,0.32985039463522897,1998,0,1998.0,95,3,22,"(13, 15)",0,0.008976660682226212,89.5909090909091,46.0,latest_report,95,RECOVERY,153,"(20, 45)",False,1,False,2045
4,0.0,False,0.0,0.3757693178813541,0.3757693178813541,1813,185,1813.0,106,5,21,"(2, 22)",0,0.010771992818671455,87.19047619047619,47.76190476190476,latest_report,106,RECOVERY,352,"(24, 45)",False,2,False,2045
0,0.0,True,0.0,0.9,0.9,1996,0,1996.0,111,9,23,"(33, 30)",0,0.010771992818671455,88.0,46.391304347826086,latest_report,111,RECOVERY,183,"(20, 30)",False,0,False,2050
3,0.0,False,0.0,0.32985039463522897,0.32985039463522897,2003,0,2003.0,95,3,22,"(13, 15)",0,0.008976660682226212,89.5909090909091,46.0,latest_report,95,RECOVERY,154,"(17, 43)",False,1,False,2050
4,0.0,False,0.0,0.3757693178813541,0.3757693178813541,1818,185,1818.0,107,5,21,"(2, 22)",0,0.010771992818671455,87.19047619047619,47.76190476190476,latest_report,107,RECOVERY,353,"(25, 41)",False,2,False,2050
0,0.0,True,0.0,0.9,0.9,2001,0,2001.0,111,9,23,"(33, 30)",0,0.011669658886894075,88.0,46.391304347826086,latest_report,111,RECOVERY,183,"(25, 30)",False,0,False,2055
3,0.0,False,0.0,0.32985039463522897,0.32985039463522897,2008,0,2008.0,95,3,22,"(13, 15)",0,0.008976660682226212,89.5909090909091,46.0,latest_report,95,RECOVERY,154,"(14, 41)",False,1,False,2055
4,0.0,False,0.0,0.3764895004956558,0.3857803447425765,1823,185,1823.0,107,5,21,"(2, 22)",0,0.010771992818671455,87.19047619047619,47.76190476190476,latest_report,107,RECOVERY,353,"(24, 37)",False,2,False,2055
0,0.0,True,0.0,0.9,0.9,2006,0,2006.0,111,9,23,"(33, 30)",0,0.010009099181073703,88.0,46.391304347826086,latest_report,111,RECOVERY,183,"(30, 30)",False,0,False,2060
3,0.0,False,0.0,0.33144871282770766,0.3465292674622702,2013,0,2013.0,95,3,22,"(13, 15)",0,0.007266121707538601,89.5909090909091,46.0,latest_report,95,RECOVERY,154,"(14, 36)",False,1,False,2060
4,0.0,False,0.0,0.38274463308127255,0.415816232092374,1828,185,1828.0,107,5,21,"(2, 22)",0,0.009099181073703366,87.19047619047619,47.76190476190476,latest_report,107,RECOVERY,353,"(23, 33)",False,2,False,2060
0,0.0,True,0.0,0.9,0.9,2010,0,2010.0,112,9,23,"(2, 50)",0,0.010009099181073703,88.0,46.391304347826086,latest_report,112,RECOVERY,184,"(32, 30)",False,0,False,2065
3,0.0,False,0.0,0.33874033289213945,0.3739539362524729,2018,0,2018.0,95,3,22,"(13, 15)",0,0.007266121707538601,89.5909090909091,46.0,latest_report,95,RECOVERY,154,"(14, 31)",False,1,False,2065
4,0.0,False,0.0,0.3939852422935344,0.44153900339113256,1833,185,1833.0,107,5,21,"(2, 22)",0,0.009099181073703366,87.19047619047619,47.76190476190476,latest_report,107,RECOVERY,353,"(22, 29)",False,2,False,2065
0,0.0,True,0.0,0.9,0.9,2015,0,2015.0,112,9,23,"(2, 50)",0,0.010009099181073703,88.0,46.391304347826086,latest_report,112,RECOVERY,184,"(28, 31)",False,0,False,2070
3,0.0,False,0.0,0.3502220811223326,0.39889597877300886,2023,0,2023.0,95,3,22,"(13, 15)",0,0.007266121707538601,89.5909090909091,46.0,latest_report,95,RECOVERY,154,"(14, 26)",False,1,False,2070
4,0.0,False,0.0,0.40784003508077277,0.46357092934192967,1838,185,1838.0,107,5,21,"(2, 22)",0,0.009099181073703366,87.19047619047619,47.76190476190476,latest_report,107,RECOVERY,353,"(20, 26)",False,2,False,2070
0,0.0,True,0.0,0.9,0.9,2020,0,2020.0,112,9,23,"(2, 50)",0,0.010009099181073703,88.0,46.391304347826086,latest_report,112,RECOVERY,185,"(23, 31)",False,0,False,2075
3,0.0,False,0.0,0.36439435160524236,0.4210961887679257,2028,0,2028.0,95,3,22,"(13, 15)",0,0.007266121707538601,89.5909090909091,46.0,latest_report,95,RECOVERY,155,"(14, 21)",False,1,False,2075
4,0.0,False,0.0,0.4231336834749059,0.48220093525942337,1843,185,1843.0,107,5,21,"(2, 22)",0,0.009099181073703366,87.19047619047619,47.76190476190476,latest_report,107,RECOVERY,354,"(18, 23)",False,2,False,2075
0,0.0,True,0.0,0.9,0.9,2025,0,2025.0,112,9,23,"(2, 50)",0,0.010054844606946984,88.0,46.391304347826086,latest_report,112,RECOVERY,185,"(18, 31)",False,0,False,2080
3,0.0,False,0.0,0.38000038640099854,0.4409795475736771,2033,0,2033.0,95,3,22,"(13, 15)",0,0.007312614259597806,89.5909090909091,46.0,latest_report,95,RECOVERY,155,"(14, 16)",False,1,False,2080
4,0.0,True,0.0,0.4391122155720535,0.5008786331604111,1848,185,1848.0,107,5,21,"(2, 22)",0,0.009140767824497258,87.19047619047619,47.76190476190476,latest_report,107,RECOVERY,354,"(14, 22)",False,2,False,2080
0,0.0,True,0.0,0.9,0.9,2030,0,2030.0,112,9,23,"(2, 50)",0,0.010054844606946984,88.0,46.391304347826086,latest_report,112,RECOVERY,185,"(13, 31)",False,0,False,2085
3,0.0,False,0.0,0.3899937330975984,0.45466543313520486,2037,0,2037.0,96,3,23,"(21, 24)",0,0.007312614259597806,90.56521739130434,46.43478260869565,latest_report,96,RECOVERY,156,"(14, 16)",False,1,False,2085
4,0.0,True,0.0,0.4558974636444843,0.5205770949880777,1853,185,1853.0,107,5,21,"(2, 22)",0,0.009140767824497258,87.19047619047619,47.76190476190476,latest_report,107,RECOVERY,354,"(9, 22)",False,2,False,2085
0,0.0,True,0.0,0.9,0.9,2035,0,2035.0,112,9,23,"(2, 50)",0,0.010054844606946984,88.0,46.391304347826086,latest_report,112,RECOVERY,185,"(10, 33)",False,0,False,2090
3,0.0,False,0.0,0.3899937330975984,0.45466543313520486,2042,0,2042.0,96,3,23,"(21, 24)",0,0.007312614259597806,90.56521739130434,46.43478260869565,latest_report,96,RECOVERY,156,"(17, 18)",False,1,False,2090
4,0.0,True,0.0,0.4730816843815254,0.5386882365910413,1858,185,1858.0,107,5,21,"(2, 22)",0,0.009140767824497258,87.19047619047619,47.76190476190476,latest_report,107,RECOVERY,354,"(4, 22)",False,2,False,2090
0,0.0,True,0.0,0.9,0.9,2040,0,2040.0,112,9,23,"(2, 50)",0,0.010054844606946984,88.0,46.391304347826086,latest_report,112,RECOVERY,185,"(10, 38)",False,0,False,2095
3,0.0,False,0.0,0.39681023641987695,0.4617062486211714,2047,0,2047.0,96,3,23,"(21, 24)",0,0.007312614259597806,90.56521739130434,46.43478260869565,latest_report,96,RECOVERY,156,"(17, 23)",False,1,False,2095
4,0.0,True,0.0,0.4800183201455924,0.5463904769473945,1862,185,1862.0,108,5,22,"(15, 2)",0,0.009140767824497258,95.13636363636364,47.77272727272727,latest_report,108,RECOVERY,355,"(2, 20)",False,2,False,2095
0,0.0,True,0.0,0.9,0.9,2045,0,2045.0,113,9,23,"(2, 50)",0,0.04674610449129239,88.0,46.391304347826086,latest_report,113,RECOVERY,186,"(8, 41)",False,0,False,2100
3,0.0,False,0.0,0.4107991747051611,0.47814918692845204,2052,0,2052.0,96,3,23,"(21, 24)",0,0.04216315307057745,90.56521739130434,46.43478260869565,latest_report,96,RECOVERY,157,"(21, 24)",False,1,False,2100
4,0.0,True,0.0,0.4800183201455924,0.5463904769473945,1867,185,1867.0,108,5,22,"(15, 2)",0,0.04766269477543538,95.13636363636364,47.77272727272727,latest_report,108,RECOVERY,356,"(7, 20)",False,2,False,2100
0,0.0,True,0.0,0.9,0.9,2050,0,2050.0,113,9,23,"(2, 50)",0,0.044912923923006415,88.0,46.391304347826086,latest_report,113,RECOVERY,186,"(7, 45)",False,0,False,2105
3,0.0,False,0.0,0.4107991747051611,0.47814918692845204,2056,0,2056.0,97,3,23,"(15, 2)",0,0.03941338221814849,90.56521739130434,46.43478260869565,latest_report,97,RECOVERY,158,"(17, 24)",False,1,False,2105
4,0.0,True,0.0,0.4800183201455924,0.5463904769473945,1872,185,1872.0,108,5,22,"(15, 2)",0,0.044912923923006415,95.13636363636364,47.77272727272727,latest_report,108,RECOVERY,356,"(12, 20)",False,2,False,2105
0,0.0,True,0.0,0.9,0.9,2055,0,2055.0,113,9,23,"(2, 50)",0,0.04032997250229148,88.0,46.391304347826086,latest_report,113,RECOVERY,186,"(3, 46)",False,0,False,2110
3,0.0,False,0.0,0.4107991747051611,0.47814918692845204,2061,0,2061.0,97,3,23,"(15, 2)",0,0.034830430797433545,90.56521739130434,46.43478260869565,latest_report,97,RECOVERY,158,"(16, 20)",False,1,False,2110
4,0.0,True,0.0,0.4800183201455924,0.5463904769473945,1877,185,1877.0,108,5,22,"(15, 2)",0,0.04032997250229148,95.13636363636364,47.77272727272727,latest_report,108,RECOVERY,356,"(15, 18)",False,2,False,2110
0,0.0,True,0.0,0.9,0.9,2060,0,2060.0,113,9,23,"(2, 50)",0,0.0384967919340055,88.0,46.391304347826086,latest_report,113,RECOVERY,186,"(2, 50)",False,0,False,2115
3,0.0,False,0.0,0.4107991747051611,0.47814918692845204,2066,0,2066.0,97,3,23,"(15, 2)",0,0.03024747937671861,90.56521739130434,46.43478260869565,latest_report,97,RECOVERY,158,"(16, 15)",False,1,False,2115
4,0.0,True,0.0,0.4800183201455924,0.5463904769473945,1882,185,1882.0,108,5,22,"(15, 2)",0,0.03758020164986251,95.13636363636364,47.77272727272727,latest_report,108,RECOVERY,356,"(15, 13)",False,2,False,2115
0,0.0,True,0.0,0.9,0.9,2064,0,2064.0,116,9,24,"(3, 8)",0,0.0384967919340055,88.16666666666667,46.625,latest_report,116,RECOVERY,190,"(3, 47)",False,0,False,2120
3,0.0,False,0.0,0.4107991747051611,0.47814918692845204,2071,0,2071.0,97,3,23,"(15, 2)",0,0.03024747937671861,90.56521739130434,46.43478260869565,latest_report,97,RECOVERY,158,"(15, 11)",False,1,False,2120
2,0.0,True,0.0,0.4800183201455924,0.5463904769473945,1887,185,1887.0,108,5,22,"(15, 2)",0,0.03758020164986251,95.13636363636364,47.77272727272727,latest_report,108,RECOVERY,356,"(15, 8)",False,2,False,2120
0,0.0,True,0.0,0.9,0.9,2069,0,2069.0,117,9,24,"(3, 8)",0,0.038391224862888484,88.16666666666667,46.625,latest_report,117,RECOVERY,192,"(5, 44)",False,0,False,2125
3,0.0,False,0.0,0.4107991747051611,0.47814918692845204,2072,4,2072.0,98,3,23,"(15, 2)",0,0.03016453382084095,90.56521739130434,46.43478260869565,latest_report,98,RECOVERY,162,"(15, 10)",False,1,False,2125
2,0.0,True,0.0,0.4800183201455924,0.5463904769473945,1888,189,1888.0,109,5,22,"(15, 2)",0,0.03656307129798903,95.13636363636364,47.77272727272727,latest_report,109,RECOVERY,360,"(15, 7)",False,2,False,2125
0,0.0,True,0.0,0.9,0.9,2074,0,2074.0,117,9,24,"(3, 8)",0,0.03473491773308958,88.16666666666667,46.625,latest_report,117,RECOVERY,192,"(7, 41)",False,0,False,2130
3,0.0,False,0.0,0.4107991747051611,0.47814918692845204,2072,9,2072.0,98,3,23,"(15, 2)",0,0.03016453382084095,90.56521739130434,46.43478260869565,latest_report,98,RECOVERY,167,"(15, 10)",False,1,False,2130
2,0.0,True,0.0,0.4800183201455924,0.5463904769473945,1888,194,1888.0,109,5,22,"(15, 2)",0,0.0356489945155393,95.13636363636364,47.77272727272727,latest_report,109,RECOVERY,365,"(15, 7)",False,2,False,2130
0,0.0,True,0.0,0.9,0.9,2079,0,2079.0,117,9,24,"(3, 8)",0,0.03473491773308958,88.16666666666667,46.625,latest_report,117,RECOVERY,192,"(8, 37)",False,0,False,2135
3,0.0,False,0.0,0.4107991747051611,0.47814918692845204,2072,14,2072.0,98,3,23,"(15, 2)",0,0.03016453382084095,90.56521739130434,46.43478260869565,latest_report,98,RECOVERY,172,"(15, 10)",False,1,False,2135
2,0.0,True,0.0,0.4800183201455924,0.5463904769473945,1888,199,1888.0,109,5,22,"(15, 2)",0,0.0356489945155393,95.13636363636364,47.77272727272727,latest_report,109,RECOVERY,370,"(15, 7)",False,2,False,2135
0,0.0,True,0.0,0.9,0.9,2084,0,2084.0,117,9,24,"(3, 8)",0,0.035580524344569285,88.16666666666667,46.625,latest_report,117,RECOVERY,192,"(12, 36)",False,0,False,2140
3,0.0,False,0.0,0.4107991747051611,0.47814918692845204,2072,19,2072.0,98,3,23,"(15, 2)",0,0.0299625468164794,90.56521739130434,46.43478260869565,latest_report,98,RECOVERY,177,"(15, 10)",False,1,False,2140
2,0.0,True,0.0,0.4800183201455924,0.5463904769473945,1888,204,1888.0,109,5,22,"(15, 2)",0,0.03561387066541706,95.13636363636364,47.77272727272727,latest_report,109,RECOVERY,375,"(15, 7)",False,2,False,2140
0,0.0,True,0.0,0.9,0.9,2089,0,2089.0,117,9,24,"(3, 8)",0,0.033707865168539325,88.16666666666667,46.625,latest_report,117,RECOVERY,192,"(12, 31)",False,0,False,2145
3,0.0,False,0.0,0.4107991747051611,0.47814918692845204,2072,24,2072.0,98,3,23,"(15, 2)",0,0.026217228464419477,90.56521739130434,46.43478260869565,latest_report,98,RECOVERY,182,"(15, 10)",False,1,False,2145
2,0.0,True,0.0,0.4800183201455924,0.5463904769473945,1888,209,1888.0,109,5,22,"(15, 2)",0,0.031865042174320526,95.13636363636364,47.77272727272727,latest_report,109,RECOVERY,380,"(15, 7)",False,2,False,2145
0,0.0,True,0.0,0.9,0.9,2094,0,2094.0,117,9,24,"(3, 8)",0,0.033707865168539325,88.16666666666667,46.625,latest_report,117,RECOVERY,193,"(13, 27)",False,0,False,2150
3,0.0,False,0.0,0.4107991747051611,0.47814918692845204,2072,29,2072.0,98,3,23,"(15, 2)",0,0.026217228464419477,90.56521739130434,46.43478260869565,latest_report,98,RECOVERY,187,"(15, 10)",False,1,False,2150
2,0.0,True,0.0,0.4800183201455924,0.5463904769473945,1888,214,1888.0,109,5,22,"(15, 2)",0,0.031865042174320526,95.13636363636364,47.77272727272727,latest_report,109,RECOVERY,385,"(15, 7)",False,2,False,2150
0,0.0,True,0.0,0.9,0.9,2099,0,2099.0,117,9,24,"(3, 8)",0,0.03277153558052434,88.16666666666667,46.625,latest_report,117,RECOVERY,193,"(14, 23)",False,0,False,2155
3,0.0,False,0.0,0.4107991747051611,0.47814918692845204,2072,34,2072.0,98,3,23,"(15, 2)",0,0.026217228464419477,90.56521739130434,46.43478260869565,latest_report,98,RECOVERY,192,"(15, 10)",False,1,False,2155
2,0.0,True,0.0,0.4800183201455924,0.5463904769473945,1888,219,1888.0,109,5,22,"(15, 2)",0,0.02999062792877226,95.13636363636364,47.77272727272727,latest_report,109,RECOVERY,390,"(15, 7)",False,2,False,2155
0,0.0,True,0.0,0.9,0.9,2104,0,2104.0,117,9,24,"(3, 8)",0,0.028873917228103944,88.16666666666667,46.625,latest_report,117,RECOVERY,193,"(14, 18)",False,0,False,2160
3,0.0,False,0.0,0.4107991747051611,0.47814918692845204,2072,39,2072.0,98,3,23,"(15, 2)",0,0.026061776061776062,90.56521739130434,46.43478260869565,latest_report,98,RECOVERY,197,"(15, 10)",False,1,False,2160
2,0.0,True,0.0,0.4800183201455924,0.5463904769473945,1888,224,1888.0,109,5,22,"(15, 2)",0,0.028985507246376812,95.13636363636364,47.77272727272727,latest_report,109,RECOVERY,395,"(15, 7)",False,2,False,2160
0,0.0,True,0.0,0.9,0.9,2109,0,2109.0,117,9,24,"(3, 8)",0,0.028873917228103944,88.16666666666667,46.625,latest_report,117,RECOVERY,193,"(13, 14)",False,0,False,2165
3,0.0,True,0.0,0.42958181486023445,0.5049634236517483,2072,44,2072.0,98,3,23,"(15, 2)",0,0.026061776061776062,90.56521739130434,46.43478260869565,latest_report,98,RECOVERY,202,"(15, 10)",False,1,False,2165
2,0.0,True,0.0,0.48707519549848743,0.5544416711621329,1888,229,1888.0,109,5,22,"(15, 2)",0,0.028985507246376812,95.13636363636364,47.77272727272727,latest_report,109,RECOVERY,400,"(15, 7)",False,2,False,2165
0,0.0,True,0.0,0.9,0.9,2114,0,2114.0,117,9,24,"(3, 8)",0,0.028873917228103944,88.16666666666667,46.625,latest_report,117,RECOVERY,193,"(13, 9)",False,0,False,2170
3,0.0,True,0.0,0.4511101891156624,0.5368748811978201,2072,49,2072.0,98,3,23,"(15, 2)",0,0.02413127413127413,90.56521739130434,46.43478260869565,latest_report,98,RECOVERY,207,"(15, 10)",False,1,False,2170
2,0.0,True,0.0,0.505606189068124,0.5790882662174741,1888,234,1888.0,109,5,22,"(15, 2)",0,0.02705314009661836,95.13636363636364,47.77272727272727,latest_report,109,RECOVERY,405,"(15, 7)",False,2,False,2170
0,0.0,True,0.0,0.9,0.9,2119,0,2119.0,117,9,24,"(3, 8)",0,0.028873917228103944,88.16666666666667,46.625,latest_report,117,RECOVERY,194,"(9, 8)",False,0,False,2175
3,0.0,True,0.0,0.4745988487198133,0.5663350049840008,2072,54,2072.0,98,3,23,"(15, 2)",0,0.02413127413127413,90.56521739130434,46.43478260869565,latest_report,98,RECOVERY,212,"(15, 10)",False,1,False,2175
2,0.0,True,0.0,0.5261423056056552,0.6068625895584493,1888,239,1888.0,109,5,22,"(15, 2)",0,0.02705314009661836,95.13636363636364,47.77272727272727,latest_report,109,RECOVERY,410,"(15, 7)",False,2,False,2175
0,0.0,True,0.0,0.9,0.9,2124,0,2124.0,117,9,24,"(3, 8)",0,0.03199174406604747,88.16666666666667,46.625,latest_report,117,RECOVERY,194,"(4, 8)",False,0,False,2180
3,0.0,True,0.0,0.4939337936925487,0.5848512066251685,2072,59,2072.0,98,3,23,"(15, 2)",0,0.02612330198537095,90.56521739130434,46.43478260869565,latest_report,98,RECOVERY,217,"(15, 10)",False,1,False,2180
2,0.0,True,0.0,0.547626178472874,0.6281468050036226,1888,244,1888.0,109,5,22,"(15, 2)",0,0.029258098223615466,95.13636363636364,47.77272727272727,latest_report,109,RECOVERY,415,"(15, 7)",False,2,False,2180
0,0.0,True,0.0,0.9,0.9,2128,0,2128.0,118,9,24,"(21, 24)",0,0.03199174406604747,88.16666666666667,46.625,latest_report,118,RECOVERY,195,"(6, 8)",False,0,False,2185
3,0.0,True,0.0,0.4939337936925487,0.5848512066251685,2072,64,2072.0,98,3,23,"(15, 2)",0,0.02612330198537095,90.56521739130434,46.43478260869565,latest_report,98,RECOVERY,222,"(15, 10)",False,1,False,2185
2,0.0,True,0.0,0.547626178472874,0.6281468050036226,1888,249,1888.0,109,5,22,"(15, 2)",0,0.02821316614420063,95.13636363636364,47.77272727272727,latest_report,109,RECOVERY,420,"(15, 7)",False,2,False,2185
0,0.0,True,0.0,0.9,0.9,2133,0,2133.0,118,9,24,"(21, 24)",0,0.03199174406604747,88.16666666666667,46.625,latest_report,118,RECOVERY,195,"(11, 8)",False,0,False,2190
3,0.0,True,0.0,0.5034737713787674,0.5941681067359021,2072,69,2072.0,98,3,23,"(15, 2)",0,0.02612330198537095,90.56521739130434,46.43478260869565,latest_report,98,RECOVERY,227,"(15, 10)",False,1,False,2190
2,0.0,True,0.0,0.5602714383260627,0.6406046909612584,1888,254,1888.0,109,5,22,"(15, 2)",0,0.02821316614420063,95.13636363636364,47.77272727272727,latest_report,109,RECOVERY,425,"(15, 7)",False,2,False,2190
0,0.0,True,0.0,0.9,0.9,2138,0,2138.0,118,9,24,"(21, 24)",0,0.03199174406604747,88.16666666666667,46.625,latest_report,118,RECOVERY,195,"(14, 10)",False,0,False,2195
3,0.0,True,0.0,0.5279958677249545,0.6231142520607863,2072,74,2072.0,98,3,23,"(15, 2)",0,0.02612330198537095,90.56521739130434,46.43478260869565,latest_report,98,RECOVERY,232,"(15, 10)",False,1,False,2195
2,0.0,True,0.0,0.5822027324292972,0.6670903528540176,1888,259,1888.0,109,5,22,"(15, 2)",0,0.02821316614420063,95.13636363636364,47.77272727272727,latest_report,109,RECOVERY,430,"(15, 7)",False,2,False,2195
0,0.0,True,0.0,0.9,0.9,2143,0,2143.0,119,9,24,"(21, 24)",0,0.03508771929824561,88.16666666666667,46.625,latest_report,119,RECOVERY,196,"(14, 15)",False,0,False,2200
3,0.0,True,0.0,0.5529480661387413,0.6473346615596441,2072,79,2072.0,98,3,23,"(15, 2)",0,0.027382256297918947,90.56521739130434,46.43478260869565,latest_report,98,RECOVERY,237,"(15, 10)",False,1,False,2200
2,0.0,True,0.0,0.6043527448088019,0.687609425434354,1888,264,1888.0,109,5,22,"(15, 2)",0,0.029572836801752465,95.13636363636364,47.77272727272727,latest_report,109,RECOVERY,435,"(15, 7)",False,2,False,2200
0,0.0,True,0.0,0.9,0.9,2148,0,2148.0,119,9,24,"(21, 24)",0,0.03508771929824561,88.16666666666667,46.625,latest_report,119,RECOVERY,196,"(16, 18)",False,0,False,2205
3,0.0,True,0.0,0.5772816523989707,0.6672461086596411,2072,84,2072.0,98,3,23,"(15, 2)",0,0.027382256297918947,90.56521739130434,46.43478260869565,latest_report,98,RECOVERY,242,"(15, 10)",False,1,False,2205
2,0.0,True,0.0,0.6171091756803773,0.696422951396093,1888,269,1888.0,109,5,22,"(15, 2)",0,0.029572836801752465,95.13636363636364,47.77272727272727,latest_report,109,RECOVERY,440,"(15, 7)",False,2,False,2205
0,0.0,True,0.0,0.9,0.9,2153,0,2153.0,119,9,24,"(21, 24)",0,0.03618421052631579,88.16666666666667,46.625,latest_report,119,RECOVERY,196,"(17, 22)",False,0,False,2210
3,0.0,True,0.0,0.5909505825713444,0.6757723127324679,2072,89,2072.0,98,3,23,"(15, 2)",0,0.027382256297918947,90.56521739130434,46.43478260869565,latest_report,98,RECOVERY,247,"(15, 10)",False,1,False,2210
2,0.0,True,0.0,0.6171091756803773,0.696422951396093,1888,274,1888.0,109,5,22,"(15, 2)",0,0.029572836801752465,95.13636363636364,47.77272727272727,latest_report,109,RECOVERY,445,"(15, 7)",False,2,False,2210
0,0.0,True,0.0,0.9,0.9,2158,0,2158.0,119,9,24,"(21, 24)",0,0.03837719298245614,88.16666666666667,46.625,latest_report,119,RECOVERY,196,"(20, 24)",False,0,False,2215
3,0.0,True,0.0,0.5909505825713444,0.6757723127324679,2072,94,2072.0,98,3,23,"(15, 2)",0,0.027382256297918947,90.56521739130434,46.43478260869565,latest_report,98,RECOVERY,252,"(15, 10)",False,1,False,2215
2,0.0,True,0.0,0.6171091756803773,0.696422951396093,1888,279,1888.0,109,5,22,"(15, 2)",0,0.028477546549835708,95.13636363636364,47.77272727272727,latest_report,109,RECOVERY,450,"(15, 7)",False,2,False,2215
0,0.0,True,0.0,0.9,0.9,2162,0,2162.0,120,9,25,"(2, 50)",0,0.03871681415929203,88.68,46.16,latest_report,120,RECOVERY,197,"(18, 24)",False,0,False,2220
3,0.0,True,0.0,0.5909505825713444,0.6757723127324679,2072,99,2072.0,98,3,23,"(15, 2)",0,0.027624309392265192,90.56521739130434,46.43478260869565,latest_report,98,RECOVERY,257,"(15, 10)",False,1,False,2220
2,0.0,True,0.0,0.6171091756803773,0.696422951396093,1888,284,1888.0,109,5,22,"(15, 2)",0,0.028792912513842746,95.13636363636364,47.77272727272727,latest_report,109,RECOVERY,455,"(15, 7)",False,2,False,2220
0,0.0,True,0.0,0.9,0.9,2167,0,2167.0,120,9,25,"(2, 50)",0,0.03871681415929203,88.68,46.16,latest_report,120,RECOVERY,198,"(16, 27)",False,0,False,2225
3,0.0,True,0.0,0.5909505825713444,0.6757723127324679,2072,104,2072.0,98,3,23,"(15, 2)",0,0.027624309392265192,90.56521739130434,46.43478260869565,latest_report,98,RECOVERY,262,"(15, 10)",False,1,False,2225
2,0.0,True,0.0,0.6171091756803773,0.696422951396093,1888,289,1888.0,109,5,22,"(15, 2)",0,0.028792912513842746,95.13636363636364,47.77272727272727,latest_report,109,RECOVERY,460,"(15, 7)",False,2,False,2225
0,0.0,True,0.0,0.9,0.9,2172,0,2172.0,120,9,25,"(2, 50)",0,0.03871681415929203,88.68,46.16,latest_report,120,RECOVERY,198,"(13, 29)",False,0,False,2230
3,0.0,True,0.0,0.5909505825713444,0.6757723127324679,2072,109,2072.0,98,3,23,"(15, 2)",0,0.027624309392265192,90.56521739130434,46.43478260869565,latest_report,98,RECOVERY,267,"(15, 10)",False,1,False,2230
2,0.0,True,0.0,0.6171091756803773,0.696422951396093,1888,294,1888.0,109,5,22,"(15, 2)",0,0.028792912513842746,95.13636363636364,47.77272727272727,latest_report,109,RECOVERY,465,"(15, 7)",False,2,False,2230
0,0.0,True,0.0,0.9,0.9,2177,0,2177.0,120,9,25,"(2, 50)",0,0.03871681415929203,88.68,46.16,latest_report,120,RECOVERY,198,"(11, 32)",False,0,False,2235
3,0.0,True,0.0,0.5909505825713444,0.6757723127324679,2072,114,2072.0,98,3,23,"(15, 2)",0,0.027624309392265192,90.56521739130434,46.43478260869565,latest_report,98,RECOVERY,272,"(15, 10)",False,1,False,2235
2,0.0,True,0.0,0.6171091756803773,0.696422951396093,1888,299,1888.0,109,5,22,"(15, 2)",0,0.028792912513842746,95.13636363636364,47.77272727272727,latest_report,109,RECOVERY,470,"(15, 7)",False,2,False,2235
0,0.0,True,0.0,0.9,0.9,2182,0,2182.0,120,9,25,"(2, 50)",0,0.038845726970033294,88.68,46.16,latest_report,120,RECOVERY,198,"(10, 36)",False,0,False,2240
3,0.0,True,0.0,0.5909505825713444,0.6757723127324679,2072,119,2072.0,98,3,23,"(15, 2)",0,0.027777777777777776,90.56521739130434,46.43478260869565,latest_report,98,RECOVERY,277,"(15, 10)",False,1,False,2240
2,0.0,True,0.0,0.6171091756803773,0.696422951396093,1888,304,1888.0,109,5,22,"(15, 2)",0,0.028888888888888888,95.13636363636364,47.77272727272727,latest_report,109,RECOVERY,475,"(15, 7)",False,2,False,2240
0,0.0,True,0.0,0.9,0.9,2187,0,2187.0,120,9,25,"(2, 50)",0,0.03773584905660377,88.68,46.16,latest_report,120,RECOVERY,198,"(9, 40)",False,0,False,2245
3,0.0,True,0.0,0.5909505825713444,0.6757723127324679,2072,124,2072.0,98,3,23,"(15, 2)",0,0.027777777777777776,90.56521739130434,46.43478260869565,latest_report,98,RECOVERY,282,"(15, 10)",False,1,False,2245
2,0.0,True,0.0,0.6171091756803773,0.696422951396093,1888,309,1888.0,109,5,22,"(15, 2)",0,0.028888888888888888,95.13636363636364,47.77272727272727,latest_report,109,RECOVERY,480,"(15, 7)",False,2,False,2245
0,0.0,True,0.0,0.9,0.9,2192,0,2192.0,121,9,25,"(2, 50)",0,0.038845726970033294,88.68,46.16,latest_report,121,RECOVERY,199,"(5, 41)",False,0,False,2250
3,0.0,True,0.0,0.5909505825713444,0.6757723127324679,2073,128,2073.0,99,3,23,"(15, 2)",0,0.035555555555555556,90.56521739130434,46.43478260869565,latest_report,99,RECOVERY,287,"(15, 9)",False,1,False,2250
2,0.0,True,0.0,0.6171091756803773,0.696422951396093,1889,313,1889.0,110,5,22,"(15, 2)",0,0.03666666666666667,95.13636363636364,47.77272727272727,latest_report,110,RECOVERY,485,"(15, 6)",False,2,False,2250
0,0.0,True,0.0,0.9,0.9,2197,0,2197.0,121,9,25,"(2, 50)",0,0.03863134657836645,88.68,46.16,latest_report,121,RECOVERY,199,"(3, 44)",False,0,False,2255
3,0.0,True,0.0,0.5909505825713444,0.6757723127324679,2078,128,2078.0,99,3,23,"(15, 2)",0,0.03535911602209945,90.56521739130434,46.43478260869565,latest_report,99,RECOVERY,287,"(15, 4)",False,1,False,2255
2,0.0,True,0.0,0.6171091756803773,0.696422951396093,1893,313,1893.0,111,5,22,"(33, 30)",0,0.036464088397790057,95.13636363636364,47.77272727272727,latest_report,111,RECOVERY,486,"(15, 2)",False,2,False,2255
0,0.0,True,0.0,0.9,0.9,2202,0,2202.0,121,9,25,"(2, 50)",0,0.03871681415929203,88.68,46.16,latest_report,121,RECOVERY,199,"(3, 49)",False,0,False,2260
0,0.0,True,0.0,0.5909505825713444,0.6757723127324679,2081,128,2081.0,100,4,24,"(24, 45)",0,0.035398230088495575,94.125,51.083333333333336,latest_report,100,RECOVERY,288,"(15, 3)",False,1,False,2260
0,0.0,True,0.0,0.6171091756803773,0.696422951396093,1897,313,1897.0,111,6,22,"(33, 30)",0,0.03650442477876106,95.13636363636364,47.77272727272727,latest_report,111,RECOVERY,486,"(14, 5)",False,2,False,2260
0,0.0,True,0.0,0.9,0.9,2206,0,2206.0,122,9,25,"(13, 15)",0,0.03871681415929203,88.68,46.16,latest_report,122,RECOVERY,200,"(3, 49)",False,0,False,2265
0,0.0,True,0.0,0.5909505825713444,0.6757723127324679,2086,128,2086.0,100,4,24,"(24, 45)",0,0.035398230088495575,94.125,51.083333333333336,latest_report,100,RECOVERY,288,"(16, 7)",False,1,False,2265
0,0.0,True,0.0,0.6171091756803773,0.696422951396093,1901,314,1901.0,114,6,22,"(33, 30)",0,0.03650442477876106,95.13636363636364,47.77272727272727,latest_report,114,RECOVERY,489,"(14, 9)",False,2,False,2265
0,0.0,True,0.0,0.9,0.9,2211,0,2211.0,122,9,25,"(13, 15)",0,0.03854625550660793,88.68,46.16,latest_report,122,RECOVERY,200,"(5, 46)",False,0,False,2270
0,0.0,True,0.0,0.5909505825713444,0.6757723127324679,2091,128,2091.0,100,4,24,"(24, 45)",0,0.03524229074889868,94.125,51.083333333333336,latest_report,100,RECOVERY,288,"(17, 11)",False,1,False,2270
0,0.0,True,0.0,0.6171091756803773,0.696422951396093,1904,314,1904.0,115,8,22,"(33, 30)",0,0.03634361233480176,95.13636363636364,47.77272727272727,latest_report,115,RECOVERY,490,"(16, 10)",False,2,False,2270
0,0.0,True,0.0,0.9,0.9,2216,0,2216.0,122,9,25,"(13, 15)",0,0.0374037403740374,88.68,46.16,latest_report,122,RECOVERY,201,"(5, 41)",False,0,False,2275
0,0.0,True,0.0,0.5909505825713444,0.6757723127324679,2096,128,2096.0,100,4,24,"(24, 45)",0,0.0319031903190319,94.125,51.083333333333336,latest_report,100,RECOVERY,289,"(18, 15)",False,1,False,2275
0,0.0,True,0.0,0.6171091756803773,0.696422951396093,1909,314,1909.0,116,8,22,"(33, 30)",0,0.033003300330033,95.13636363636364,47.77272727272727,latest_report,116,RECOVERY,491,"(17, 14)",False,2,False,2275
0,0.0,True,0.0,0.9,0.9,2221,0,2221.0,122,9,25,"(13, 15)",0,0.036996735582154515,88.68,46.16,latest_report,122,RECOVERY,201,"(5, 36)",False,0,False,2280
0,0.0,True,0.0,0.5909505825713444,0.6757723127324679,2101,128,2101.0,100,4,24,"(24, 45)",0,0.031556039173014146,94.125,51.083333333333336,latest_report,100,RECOVERY,289,"(18, 20)",False,1,False,2280
0,0.0,True,0.0,0.6171091756803773,0.696422951396093,1914,314,1914.0,116,8,22,"(33, 30)",0,0.03264417845484222,95.13636363636364,47.77272727272727,latest_report,116,RECOVERY,491,"(17, 19)",False,2,False,2280
0,0.0,True,0.0,0.9,0.9,2226,0,2226.0,122,9,25,"(13, 15)",0,0.0368763557483731,88.68,46.16,latest_report,122,RECOVERY,201,"(10, 36)",False,0,False,2285
0,0.0,True,0.0,0.5909505825713444,0.6757723127324679,2106,128,2106.0,100,4,24,"(24, 45)",0,0.031453362255965296,94.125,51.083333333333336,latest_report,100,RECOVERY,289,"(18, 25)",False,1,False,2285
0,0.0,True,0.0,0.6171091756803773,0.696422951396093,1919,314,1919.0,116,8,22,"(33, 30)",0,0.03253796095444685,95.13636363636364,47.77272727272727,latest_report,116,RECOVERY,491,"(18, 23)",False,2,False,2285
0,0.0,True,0.0,0.9,0.9,2231,0,2231.0,122,9,25,"(13, 15)",0,0.03579175704989154,88.68,46.16,latest_report,122,RECOVERY,201,"(12, 33)",False,0,False,2290
0,0.0,True,0.0,0.5953224467141142,0.6783878654267399,2111,128,2111.0,100,4,24,"(24, 45)",0,0.031453362255965296,94.125,51.083333333333336,latest_report,100,RECOVERY,289,"(19, 29)",False,1,False,2290
0,0.0,True,0.0,0.6171091756803773,0.696422951396093,1924,314,1924.0,116,8,22,"(33, 30)",0,0.03253796095444685,95.13636363636364,47.77272727272727,latest_report,116,RECOVERY,491,"(19, 27)",False,2,False,2290
0,0.0,True,0.0,0.9,0.9,2236,0,2236.0,122,9,25,"(13, 15)",0,0.031385281385281384,88.68,46.16,latest_report,122,RECOVERY,201,"(13, 29)",False,0,False,2295
0,0.0,True,0.0,0.6160923054591666,0.6926235714430015,2116,128,2116.0,100,4,24,"(24, 45)",0,0.02813852813852814,94.125,51.083333333333336,latest_report,100,RECOVERY,289,"(19, 34)",False,1,False,2295
0,0.0,True,0.0,0.6211874845529302,0.6986753531314355,1929,314,1929.0,116,8,22,"(33, 30)",0,0.027056277056277056,95.13636363636364,47.77272727272727,latest_report,116,RECOVERY,491,"(24, 27)",False,2,False,2295
0,0.0,True,0.0,0.9,0.9,2241,0,2241.0,122,9,25,"(13, 15)",0,0.02922077922077922,88.68,46.16,latest_report,122,RECOVERY,202,"(14, 25)",False,0,False,2300
0,0.0,True,0.0,0.6351769237467654,0.7052190246307132,2121,128,2121.0,100,4,24,"(24, 45)",0,0.025974025974025976,94.125,51.083333333333336,latest_report,100,RECOVERY,290,"(19, 39)",False,1,False,2300
0,0.0,True,0.0,0.6211874845529302,0.6986753531314355,1934,314,1934.0,116,8,22,"(33, 30)",0,0.024891774891774892,95.13636363636364,47.77272727272727,latest_report,116,RECOVERY,492,"(26, 30)",False,2,False,2300
0,0.0,True,0.0,0.9,0.9,2246,0,2246.0,122,9,25,"(13, 15)",0,0.027056277056277056,88.68,46.16,latest_report,122,RECOVERY,202,"(14, 20)",False,0,False,2305
0,0.0,True,0.0,0.6387967671829707,0.7075737924708728,2126,128,2126.0,100,4,24,"(24, 45)",0,0.025974025974025976,94.125,51.083333333333336,latest_report,100,RECOVERY,290,"(23, 40)",False,1,False,2305
0,0.0,True,0.0,0.6211874845529302,0.6986753531314355,1939,314,1939.0,116,8,22,"(33, 30)",0,0.024891774891774892,95.13636363636364,47.77272727272727,latest_report,116,RECOVERY,492,"(31, 30)",False,2,False,2305
0,0.0,True,0.0,0.9,0.9,2251,0,2251.0,122,9,25,"(13, 15)",0,0.023783783783783784,88.68,46.16,latest_report,122,RECOVERY,202,"(14, 15)",False,0,False,2310
0,0.0,True,0.0,0.6387967671829707,0.7075737924708728,2131,128,2131.0,100,4,24,"(24, 45)",0,0.022702702702702703,94.125,51.083333333333336,latest_report,100,RECOVERY,290,"(25, 43)",False,1,False,2310
0,0.0,True,0.0,0.6211874845529302,0.6986753531314355,1942,314,1942.0,117,8,23,"(2, 50)",0,0.023783783783783784,100.34782608695652,48.0,latest_report,117,RECOVERY,494,"(32, 30)",False,2,False,2310
0,0.0,True,0.0,0.9,0.9,2255,0,2255.0,123,9,26,"(3, 8)",0,0.02054054054054054,88.92307692307692,46.26923076923077,latest_report,123,RECOVERY,203,"(13, 12)",False,0,False,2315
0,0.0,True,0.0,0.6387967671829707,0.7075737924708728,2135,128,2135.0,101,4,24,"(2, 22)",0,0.02054054054054054,94.125,51.083333333333336,latest_report,101,RECOVERY,291,"(25, 45)",False,1,False,2315
0,0.0,True,0.0,0.6211874845529302,0.6986753531314355,1947,314,1947.0,117,8,23,"(2, 50)",0,0.02054054054054054,100.34782608695652,48.0,latest_report,117,RECOVERY,494,"(28, 31)",False,2,False,2315
0,0.0,True,0.0,0.9,0.9,2260,0,2260.0,123,9,26,"(3, 8)",0,0.017660044150110375,88.92307692307692,46.26923076923077,latest_report,123,RECOVERY,203,"(12, 8)",False,0,False,2320
0,0.0,True,0.0,0.6387967671829707,0.7075737924708728,2140,128,2140.0,101,4,24,"(2, 22)",0,0.02074235807860262,94.125,51.083333333333336,latest_report,101,RECOVERY,291,"(25, 40)",False,1,False,2320
0,0.0,True,0.0,0.6211874845529302,0.6986753531314355,1952,314,1952.0,117,8,23,"(2, 50)",0,0.017660044150110375,100.34782608695652,48.0,latest_report,117,RECOVERY,494,"(23, 31)",False,2,False,2320
0,0.0,True,0.0,0.9,0.9,2265,0,2265.0,123,9,26,"(3, 8)",0,0.018763796909492272,88.92307692307692,46.26923076923077,latest_report,123,RECOVERY,204,"(7, 8)",False,0,False,2325
0,0.0,True,0.0,0.6387967671829707,0.7075737924708728,2145,128,2145.0,102,4,24,"(2, 22)",0,0.02074235807860262,94.125,51.083333333333336,latest_report,102,RECOVERY,292,"(21, 39)",False,1,False,2325
0,0.0,True,0.0,0.6328895117273846,0.7055840262476416,1957,314,1957.0,118,8,23,"(2, 50)",0,0.017660044150110375,100.34782608695652,48.0,latest_report,118,RECOVERY,495,"(18, 31)",False,2,False,2325
0,0.0,True,0.0,0.9,0.9,2269,0,2269.0,124,9,26,"(15, 2)",0,0.016556291390728478,88.92307692307692,46.26923076923077,latest_report,124,RECOVERY,205,"(3, 8)",False,0,False,2330
0,0.0,True,0.0,0.6458435139405128,0.7121159599727787,2150,128,2150.0,102,4,24,"(2, 22)",0,0.018558951965065504,94.125,51.083333333333336,latest_report,102,RECOVERY,292,"(18, 37)",False,1,False,2330
0,0.0,True,0.0,0.6509523508769134,0.7172424768374764,1962,314,1962.0,118,8,23,"(2, 50)",0,0.01545253863134658,100.34782608695652,48.0,latest_report,118,RECOVERY,495,"(15, 33)",False,2,False,2330
0,0.0,True,0.0,0.9,0.9,2274,0,2274.0,124,9,26,"(15, 2)",0,0.016556291390728478,88.92307692307692,46.26923076923077,latest_report,124,RECOVERY,205,"(8, 8)",False,0,False,2335
0,0.0,True,0.0,0.6623735639230729,0.7228477252786843,2155,128,2155.0,102,4,24,"(2, 22)",0,0.018558951965065504,94.125,51.083333333333336,latest_report,102,RECOVERY,292,"(18, 32)",False,1,False,2335
0,0.0,True,0.0,0.6675098189558498,0.7280689932427844,1967,314,1967.0,118,8,23,"(2, 50)",0,0.01545253863134658,100.34782608695652,48.0,latest_report,118,RECOVERY,495,"(12, 35)",False,2,False,2335
0,0.0,True,0.0,0.9,0.9,2279,0,2279.0,124,9,26,"(15, 2)",0,0.010638297872340425,88.92307692307692,46.26923076923077,latest_report,124,RECOVERY,205,"(13, 8)",False,0,False,2340
0,0.0,True,0.0,0.6775180159190284,0.7332677077509101,2160,128,2160.0,102,4,24,"(2, 22)",0,0.012835472578763127,94.125,51.083333333333336,latest_report,102,RECOVERY,292,"(18, 27)",False,1,False,2340
0,0.0,True,0.0,0.6827637039528685,0.7391706766373535,1972,314,1972.0,118,8,23,"(2, 50)",0,0.009433962264150943,100.34782608695652,48.0,latest_report,118,RECOVERY,495,"(8, 36)",False,2,False,2340
0,0.0,True,0.0,0.9,0.9,2284,0,2284.0,124,9,26,"(15, 2)",0,0.010625737898465172,88.92307692307692,46.26923076923077,latest_report,124,RECOVERY,205,"(14, 4)",False,0,False,2345
0,0.0,True,0.0,0.6915123482271616,0.7432097656720577,2165,128,2165.0,102,4,24,"(2, 22)",0,0.01282051282051282,94.125,51.083333333333336,latest_report,102,RECOVERY,292,"(17, 23)",False,1,False,2345
0,0.0,True,0.0,0.6969341344640035,0.7493042357538789,1977,314,1977.0,118,8,23,"(2, 50)",0,0.009422850412249705,100.34782608695652,48.0,latest_report,118,RECOVERY,495,"(3, 36)",False,2,False,2345
0,0.0,True,0.0,0.9,0.9,2288,0,2288.0,125,9,27,"(33, 50)",0,0.01061320754716981,87.0,45.25925925925926,latest_report,125,RECOVERY,207,"(15, 3)",False,0,False,2350
0,0.0,True,0.0,0.7046461566331653,0.7533840760755113,2170,128,2170.0,102,4,24,"(2, 22)",0,0.012805587892898719,94.125,51.083333333333336,latest_report,102,RECOVERY,293,"(13, 22)",False,1,False,2350
0,0.0,True,0.0,0.710153693499662,0.7591244629574979,1982,314,1982.0,118,8,23,"(2, 50)",0,0.009411764705882352,100.34782608695652,48.0,latest_report,118,RECOVERY,496,"(3, 41)",False,2,False,2350
0,0.0,True,0.0,0.9,0.9,2293,0,2293.0,125,9,27,"(33, 50)",0,0.01179245283018868,87.0,45.25925925925926,latest_report,125,RECOVERY,207,"(15, 8)",False,0,False,2355
0,0.0,True,0.0,0.714537829354271,0.7603801267742539,2175,128,2175.0,102,4,24,"(2, 22)",0,0.012805587892898719,94.125,51.083333333333336,latest_report,102,RECOVERY,293,"(8, 22)",False,1,False,2355
0,0.0,True,0.0,0.7225389540517297,0.7682984943901908,1987,314,1987.0,118,8,23,"(2, 50)",0,0.011764705882352941,100.34782608695652,48.0,latest_report,118,RECOVERY,496,"(3, 46)",False,2,False,2355
0,0.0,True,0.0,0.9,0.9,2298,0,2298.0,125,9,27,"(33, 50)",0,0.007471980074719801,87.0,45.25925925925926,latest_report,125,RECOVERY,207,"(15, 13)",False,0,False,2360
0,0.0,True,0.0,0.7169019933397782,0.7618211090644142,2180,128,2180.0,102,4,24,"(2, 22)",0,0.0024906600249066002,94.125,51.083333333333336,latest_report,102,RECOVERY,293,"(3, 22)",False,1,False,2360
0,0.0,True,0.0,0.7342324523591656,0.7783909358864983,1992,314,1992.0,118,8,23,"(2, 50)",0,0.0049813200498132005,100.34782608695652,48.0,latest_report,118,RECOVERY,496,"(2, 50)",False,2,False,2360
0,0.0,True,0.0,0.9,0.9,2303,0,2303.0,125,9,27,"(33, 50)",0,0.007462686567164179,87.0,45.25925925925926,latest_report,125,RECOVERY,207,"(15, 18)",False,0,False,2365
0,0.0,True,0.0,0.7169019933397782,0.7618211090644142,2184,128,2184.0,103,4,25,"(2, 41)",0,0.0024875621890547263,94.48,50.96,latest_report,103,RECOVERY,294,"(3, 24)",False,1,False,2365
0,0.0,True,0.0,0.7389063300937297,0.7830803205482075,1996,314,1996.0,119,8,24,"(12, 50)",0,0.004975124378109453,98.375,48.166666666666664,latest_report,119,RECOVERY,497,"(5, 49)",False,2,False,2365
0,0.0,True,0.0,0.9,0.9,2308,0,2308.0,125,9,27,"(33, 50)",0,0.003658536585365854,87.0,45.25925925925926,latest_report,125,RECOVERY,207,"(15, 23)",False,0,False,2370
0,0.0,True,0.0,0.7214905787880391,0.764703286859666,2189,128,2189.0,103,4,25,"(2, 41)",0,0.003658536585365854,94.48,50.96,latest_report,103,RECOVERY,294,"(3, 29)",False,1,False,2370
0,0.0,True,0.0,0.7500304987585507,0.7909589346079362,2001,314,2001.0,119,8,24,"(12, 50)",0,0.006097560975609756,98.375,48.166666666666664,latest_report,119,RECOVERY,497,"(7, 46)",False,2,False,2370
0,0.0,True,0.0,0.9,0.9,2313,0,2313.0,125,9,27,"(33, 50)",0,0.0036144578313253013,87.0,45.25925925925926,latest_report,125,RECOVERY,208,"(15, 28)",False,0,False,2375
0,0.0,True,0.0,0.7324557856992664,0.7731173871977757,2194,128,2194.0,103,4,25,"(2, 41)",0,0.0036144578313253013,94.48,50.96,latest_report,103,RECOVERY,295,"(3, 34)",False,1,False,2375
0,0.0,True,0.0,0.7521617546993699,0.792655617574935,2006,314,2006.0,119,8,24,"(12, 50)",0,0.007228915662650603,98.375,48.166666666666664,latest_report,119,RECOVERY,498,"(8, 50)",False,2,False,2375
0,0.0,True,0.0,0.9,0.9,2318,0,2318.0,125,9,27,"(33, 50)",0,0.0035545023696682463,87.0,45.25925925925926,latest_report,125,RECOVERY,208,"(15, 33)",False,0,False,2380
0,0.0,True,0.0,0.7428278837051624,0.7813105293991374,2199,128,2199.0,103,4,25,"(2, 41)",0,0.004739336492890996,94.48,50.96,latest_report,103,RECOVERY,295,"(3, 39)",False,1,False,2380
0,0.0,True,0.0,0.7521617546993699,0.792655617574935,2010,314,2010.0,120,8,24,"(21, 24)",0,0.0071090047393364926,98.375,48.166666666666664,latest_report,120,RECOVERY,499,"(12, 50)",False,2,False,2380
0,0.0,True,0.0,0.9,0.9,2323,0,2323.0,125,9,27,"(33, 50)",0,0.003472222222222222,87.0,45.25925925925926,latest_report,125,RECOVERY,208,"(16, 37)",False,0,False,2385
0,0.0,True,0.0,0.7506964807803111,0.7876956594910917,2203,128,2203.0,104,4,25,"(33, 8)",0,0.005787037037037037,94.48,50.96,latest_report,104,RECOVERY,296,"(3, 41)",False,1,False,2385
0,0.0,True,0.0,0.7521617546993699,0.792655617574935,2015,314,2015.0,120,8,24,"(21, 24)",0,0.006944444444444444,98.375,48.166666666666664,latest_report,120,RECOVERY,499,"(12, 45)",False,2,False,2385
0,0.0,True,0.0,0.9,0.9,2328,0,2328.0,125,9,27,"(33, 50)",0,0.0,87.0,45.25925925925926,latest_report,125,RECOVERY,208,"(16, 42)",False,0,False,2390
0,0.0,True,0.0,0.7544986316180078,0.7904289344199287,2208,128,2208.0,104,4,25,"(33, 8)",0,0.0011494252873563218,94.48,50.96,latest_report,104,RECOVERY,296,"(5, 38)",False,1,False,2390
0,0.0,True,0.0,0.7605300176386157,0.8002985744815239,2020,314,2020.0,120,8,24,"(21, 24)",0,0.005747126436781609,98.375,48.166666666666664,latest_report,120,RECOVERY,499,"(12, 40)",False,2,False,2390
0,0.0,True,0.0,0.9,0.9,2333,0,2333.0,126,9,27,"(33, 50)",0,0.0,87.0,45.25925925925926,latest_report,126,RECOVERY,209,"(16, 47)",False,0,False,2395
0,0.0,True,0.0,0.7600834385078654,0.7951687436316234,2213,128,2213.0,104,4,25,"(33, 8)",0,0.0011325028312570782,94.48,50.96,latest_report,104,RECOVERY,296,"(5, 33)",False,1,False,2395
0,0.0,True,0.0,0.7709414562378527,0.8098748306497607,2025,314,2025.0,120,8,24,"(21, 24)",0,0.0056625141562853904,98.375,48.166666666666664,latest_report,120,RECOVERY,499,"(12, 35)",False,2,False,2395
0,0.0,True,0.0,0.9,0.9,2338,0,2338.0,126,9,27,"(33, 50)",0,0.043820224719101124,87.0,45.25925925925926,latest_report,126,RECOVERY,210,"(19, 49)",False,0,False,2400
0,0.0,True,0.0,0.7655198207785241,0.7997262015284389,2218,128,2218.0,105,4,25,"(33, 8)",0,0.0449438202247191,94.48,50.96,latest_report,105,RECOVERY,297,"(7, 30)",False,1,False,2400
0,0.0,True,0.0,0.7789576009827105,0.8164535809149168,2030,314,2030.0,120,8,24,"(21, 24)",0,0.05056179775280899,98.375,48.166666666666664,latest_report,120,RECOVERY,500,"(13, 31)",False,2,False,2400
0,0.0,True,0.0,0.9,0.9,2343,0,2343.0,126,9,27,"(33, 50)",0,0.0425531914893617,87.0,45.25925925925926,latest_report,126,RECOVERY,210,"(23, 50)",False,0,False,2405
0,0.0,True,0.0,0.7655198207785241,0.7997262015284389,2223,128,2223.0,105,4,25,"(33, 8)",0,0.043673012318029114,94.48,50.96,latest_report,105,RECOVERY,297,"(9, 27)",False,1,False,2405
0,0.0,True,0.0,0.7789576009827105,0.8164535809149168,2035,314,2035.0,120,8,24,"(21, 24)",0,0.04927211646136618,98.375,48.166666666666664,latest_report,120,RECOVERY,500,"(16, 29)",False,2,False,2405
0,0.0,True,0.0,0.9,0.9,2348,0,2348.0,126,9,27,"(33, 50)",0,0.04,87.0,45.25925925925926,latest_report,126,RECOVERY,210,"(28, 50)",False,0,False,2410
0,0.0,True,0.0,0.7655198207785241,0.7997262015284389,2228,128,2228.0,105,4,25,"(33, 8)",0,0.04,94.48,50.96,latest_report,105,RECOVERY,297,"(12, 25)",False,1,False,2410
0,0.0,True,0.0,0.7789576009827105,0.8164535809149168,2040,314,2040.0,120,8,24,"(21, 24)",0,0.04666666666666667,98.375,48.166666666666664,latest_report,120,RECOVERY,500,"(19, 27)",False,2,False,2410
0,0.0,True,0.0,0.9,0.9,2353,0,2353.0,126,9,27,"(33, 50)",0,0.037037037037037035,87.0,45.25925925925926,latest_report,126,RECOVERY,210,"(33, 50)",False,0,False,2415
0,0.0,True,0.0,0.7655198207785241,0.7997262015284389,2233,128,2233.0,105,4,25,"(33, 8)",0,0.037037037037037035,94.48,50.96,latest_report,105,RECOVERY,297,"(13, 21)",False,1,False,2415
0,0.0,True,0.0,0.7789576009827105,0.8164535809149168,2045,314,2045.0,120,8,24,"(21, 24)",0,0.042483660130718956,98.375,48.166666666666664,latest_report,120,RECOVERY,500,"(21, 24)",False,2,False,2415
0,0.0,True,0.0,0.9,0.9,2357,0,2357.0,127,9,27,"(13, 15)",0,0.036996735582154515,87.0,45.25925925925926,latest_report,127,RECOVERY,211,"(29, 50)",False,0,False,2420
0,0.0,True,0.0,0.7655198207785241,0.7997262015284389,2238,128,2238.0,105,4,25,"(33, 8)",0,0.036996735582154515,94.48,50.96,latest_report,105,RECOVERY,297,"(17, 20)",False,1,False,2420
0,0.0,True,0.0,0.7789576009827105,0.8164535809149168,2049,314,2049.0,121,8,25,"(33, 50)",0,0.042437431991294884,96.64,47.68,latest_report,121,RECOVERY,501,"(21, 28)",False,2,False,2420
0,0.0,True,0.0,0.9,0.9,2362,0,2362.0,127,9,27,"(13, 15)",0,0.0367965367965368,87.0,45.25925925925926,latest_report,127,RECOVERY,212,"(27, 47)",False,0,False,2425
0,0.0,True,0.0,0.7655198207785241,0.7997262015284389,2243,128,2243.0,106,4,25,"(33, 8)",0,0.0367965367965368,94.48,50.96,latest_report,106,RECOVERY,298,"(17, 15)",False,1,False,2425
0,0.0,True,0.0,0.7789576009827105,0.8164535809149168,2054,314,2054.0,122,8,25,"(33, 50)",0,0.04220779220779221,96.64,47.68,latest_report,122,RECOVERY,502,"(24, 30)",False,2,False,2425
0,0.0,True,0.0,0.9,0.9,2367,0,2367.0,127,9,27,"(13, 15)",0,0.03567567567567568,87.0,45.25925925925926,latest_report,127,RECOVERY,212,"(25, 44)",False,0,False,2430
0,0.0,True,0.0,0.7655198207785241,0.7997262015284389,2248,128,2248.0,106,4,25,"(33, 8)",0,0.03567567567567568,94.48,50.96,latest_report,106,RECOVERY,298,"(19, 12)",False,1,False,2430
0,0.0,True,0.0,0.7789576009827105,0.8164535809149168,2059,314,2059.0,122,8,25,"(33, 50)",0,0.04108108108108108,96.64,47.68,latest_report,122,RECOVERY,502,"(26, 33)",False,2,False,2430
0,0.0,True,0.0,0.9,0.9,2372,0,2372.0,127,9,27,"(13, 15)",0,0.03529411764705882,87.0,45.25925925925926,latest_report,127,RECOVERY,212,"(24, 40)",False,0,False,2435
0,0.0,True,0.0,0.7655198207785241,0.7997262015284389,2253,128,2253.0,106,4,25,"(33, 8)",0,0.03529411764705882,94.48,50.96,latest_report,106,RECOVERY,298,"(21, 9)",False,1,False,2435
0,0.0,True,0.0,0.7847801397408735,0.8215992262530243,2064,314,2064.0,122,8,25,"(33, 50)",0,0.039572192513368985,96.64,47.68,latest_report,122,RECOVERY,502,"(28, 36)",False,2,False,2435
0,0.0,True,0.0,0.9,0.9,2377,0,2377.0,127,9,27,"(13, 15)",0,0.030211480362537766,87.0,45.25925925925926,latest_report,127,RECOVERY,212,"(19, 40)",False,0,False,2440
0,0.0,True,0.0,0.7655198207785241,0.7997262015284389,2258,128,2258.0,106,4,25,"(33, 8)",0,0.030211480362537766,94.48,50.96,latest_report,106,RECOVERY,298,"(25, 8)",False,1,False,2440
0,0.0,True,0.0,0.7944739873252168,0.830987265346673,2069,314,2069.0,122,8,25,"(33, 50)",0,0.03423967774420947,96.64,47.68,latest_report,122,RECOVERY,502,"(28, 41)",False,2,False,2440
0,0.0,True,0.0,0.9,0.9,2382,0,2382.0,127,9,27,"(13, 15)",0,0.02529182879377432,87.0,45.25925925925926,latest_report,127,RECOVERY,212,"(15, 39)",False,0,False,2445
0,0.0,True,0.0,0.7655198207785241,0.7997262015284389,2263,128,2263.0,106,4,25,"(33, 8)",0,0.02529182879377432,94.48,50.96,latest_report,106,RECOVERY,298,"(30, 8)",False,1,False,2445
0,0.0,True,0.0,0.8037583462813503,0.8381873680010631,2074,314,2074.0,122,8,25,"(33, 50)",0,0.0311284046692607,96.64,47.68,latest_report,122,RECOVERY,502,"(28, 46)",False,2,False,2445
0,0.0,True,0.0,0.9,0.9,2387,0,2387.0,127,9,27,"(13, 15)",0,0.023233301064859633,87.0,45.25925925925926,latest_report,127,RECOVERY,213,"(15, 34)",False,0,False,2450
0,0.0,True,0.0,0.7655198207785241,0.7997262015284389,2267,128,2267.0,107,4,26,"(33, 30)",0,0.023233301064859633,94.1923076923077,51.5,latest_report,107,RECOVERY,300,"(33, 9)",False,1,False,2450
0,0.0,True,0.0,0.8125442882476722,0.8456970665003213,2079,314,2079.0,122,8,25,"(33, 50)",0,0.030009680542110357,96.64,47.68,latest_report,122,RECOVERY,503,"(29, 50)",False,2,False,2450
0,0.0,True,0.0,0.9,0.9,2392,0,2392.0,127,9,27,"(13, 15)",0,0.02376425855513308,87.0,45.25925925925926,latest_report,127,RECOVERY,213,"(15, 29)",False,0,False,2455
0,0.0,True,0.0,0.7655198207785241,0.7997262015284389,2272,128,2272.0,107,4,26,"(33, 30)",0,0.022813688212927757,94.1923076923077,51.5,latest_report,107,RECOVERY,300,"(31, 12)",False,1,False,2455
0,0.0,True,0.0,0.8194952474394896,0.8532105854239243,2083,314,2083.0,123,8,25,"(2, 22)",0,0.029467680608365018,96.64,47.68,latest_report,123,RECOVERY,504,"(33, 50)",False,2,False,2455
0,0.0,True,0.0,0.9,0.9,2397,0,2397.0,127,9,27,"(13, 15)",0,0.023299161230195712,87.0,45.25925925925926,latest_report,127,RECOVERY,213,"(14, 25)",False,0,False,2460
0,0.0,True,0.0,0.7655198207785241,0.7997262015284389,2277,128,2277.0,107,4,26,"(33, 30)",0,0.022367194780987885,94.1923076923077,51.5,latest_report,107,RECOVERY,300,"(30, 16)",False,1,False,2460
0,0.0,True,0.0,0.8194952474394896,0.8532105854239243,2088,314,2088.0,123,8,25,"(2, 22)",0,0.02702702702702703,96.64,47.68,latest_report,123,RECOVERY,504,"(29, 49)",False,2,False,2460
0,0.0,True,0.0,0.9,0.9,2402,0,2402.0,127,9,27,"(13, 15)",0,0.022381378692927483,87.0,45.25925925925926,latest_report,127,RECOVERY,213,"(14, 20)",False,0,False,2465
0,0.0,True,0.0,0.7655198207785241,0.7997262015284389,2282,128,2282.0,107,4,26,"(33, 30)",0,0.021486123545210387,94.1923076923077,51.5,latest_report,107,RECOVERY,300,"(29, 20)",False,1,False,2465
0,0.0,True,0.0,0.8194952474394896,0.8532105854239243,2093,314,2093.0,123,8,25,"(2, 22)",0,0.025067144136078783,96.64,47.68,latest_report,123,RECOVERY,504,"(28, 45)",False,2,False,2465
0,0.0,True,0.0,0.9,0.9,2407,0,2407.0,127,9,27,"(13, 15)",0,0.01948627103631532,87.0,45.25925925925926,latest_report,127,RECOVERY,213,"(14, 15)",False,0,False,2470
0,0.0,True,0.0,0.7655198207785241,0.7997262015284389,2287,128,2287.0,107,4,26,"(33, 30)",0,0.018600531443755536,94.1923076923077,51.5,latest_report,107,RECOVERY,300,"(29, 25)",False,1,False,2470
0,0.0,True,0.0,0.8212451640282303,0.8544935792143028,2098,314,2098.0,123,8,25,"(2, 22)",0,0.021257750221434897,96.64,47.68,latest_report,123,RECOVERY,504,"(27, 41)",False,2,False,2470
0,0.0,True,0.0,0.9,0.9,2411,0,2411.0,129,9,28,"(12, 50)",0,0.019417475728155338,88.28571428571429,45.642857142857146,latest_report,129,RECOVERY,215,"(14, 17)",False,0,False,2475
0,0.0,True,0.0,0.7655198207785241,0.7997262015284389,2292,128,2292.0,107,4,26,"(33, 30)",0,0.018534863195057368,94.1923076923077,51.5,latest_report,107,RECOVERY,301,"(28, 29)",False,1,False,2475
0,0.0,True,0.0,0.8295385503581636,0.8598356467801421,2103,314,2103.0,123,8,25,"(2, 22)",0,0.02118270079435128,96.64,47.68,latest_report,123,RECOVERY,505,"(27, 36)",False,2,False,2475
0,0.0,True,0.0,0.9,0.9,2416,0,2416.0,129,9,28,"(12, 50)",0,0.019417475728155338,88.28571428571429,45.642857142857146,latest_report,129,RECOVERY,215,"(13, 21)",False,0,False,2480
0,0.0,True,0.0,0.7655198207785241,0.7997262015284389,2297,128,2297.0,107,4,26,"(33, 30)",0,0.018534863195057368,94.1923076923077,51.5,latest_report,107,RECOVERY,301,"(32, 30)",False,1,False,2480
0,0.0,True,0.0,0.8356209794667966,0.8637835702729985,2108,314,2108.0,123,8,25,"(2, 22)",0,0.02030008826125331,96.64,47.68,latest_report,123,RECOVERY,505,"(23, 35)",False,2,False,2480
0,0.0,True,0.0,0.9,0.9,2421,0,2421.0,129,9,28,"(12, 50)",0,0.019417475728155338,88.28571428571429,45.642857142857146,latest_report,129,RECOVERY,215,"(13, 26)",False,0,False,2485
0,0.0,True,0.0,0.7655198207785241,0.7997262015284389,2301,128,2301.0,108,4,26,"(21, 24)",0,0.018534863195057368,94.1923076923077,51.5,latest_report,108,RECOVERY,302,"(30, 30)",False,1,False,2485
0,0.0,True,0.0,0.8426680406566074,0.8685912572244713,2113,314,2113.0,123,8,25,"(2, 22)",0,0.02030008826125331,96.64,47.68,latest_report,123,RECOVERY,505,"(21, 32)",False,2,False,2485
0,0.0,True,0.0,0.9,0.9,2426,0,2426.0,129,9,28,"(12, 50)",0,0.019417475728155338,88.28571428571429,45.642857142857146,latest_report,129,RECOVERY,215,"(13, 31)",False,0,False,2490
0,0.0,True,0.0,0.7655198207785241,0.7997262015284389,2306,128,2306.0,108,4,26,"(21, 24)",0,0.018534863195057368,94.1923076923077,51.5,latest_report,108,RECOVERY,302,"(27, 28)",False,1,False,2490
0,0.0,True,0.0,0.8492800990424463,0.8741038676616054,2118,314,2118.0,123,8,25,"(2, 22)",0,0.02030008826125331,96.64,47.68,latest_report,123,RECOVERY,505,"(18, 30)",False,2,False,2490
0,0.0,True,0.0,0.9,0.9,2431,0,2431.0,129,9,28,"(12, 50)",0,0.019417475728155338,88.28571428571429,45.642857142857146,latest_report,129,RECOVERY,215,"(13, 36)",False,0,False,2495
0,0.0,True,0.0,0.767295796833202,0.801039341872083,2311,128,2311.0,108,4,26,"(21, 24)",0,0.018534863195057368,94.1923076923077,51.5,latest_report,108,RECOVERY,302,"(23, 27)",False,1,False,2495
0,0.0,True,0.0,0.8557402663021619,0.8799003368575552,2123,314,2123.0,123,8,25,"(2, 22)",0,0.02030008826125331,96.64,47.68,latest_report,123,RECOVERY,505,"(17, 26)",False,2,False,2495
