active_fake_claim_count,attacker_attributable_cost_on_route,attacker_is_trusted,attacker_route_cost_delta,attacker_source_memory,attacker_trust,benign_movement_steps,benign_no_path_steps,benign_total_distance,benign_total_replans,benign_traffic_wait_steps,deliveries_completed,goal,influential_fake_claim_count,map_error,mean_delivery_cycle_time_steps,mean_delivery_time_steps,method,path_changes,phase,planning_checks,position,preferred_route_affected_by_attacker,robot_id,route_affected_by_attacker,step
0,0.0,True,0.0,0.9,0.9,1,0,1.0,1,0,0,"(33, 50)",0,0.0,,,majority_vote,1,RECONNAISSANCE,1,"(7, 8)",False,0,False,0
0,0.0,True,0.0,0.9,0.9,1,0,1.0,1,0,0,"(33, 50)",0,0.0,,,majority_vote,1,RECONNAISSANCE,1,"(28, 42)",False,1,False,0
0,0.0,True,0.0,0.9,0.9,1,0,1.0,1,0,0,"(13, 50)",0,0.0,,,majority_vote,1,RECONNAISSANCE,1,"(7, 42)",False,2,False,0
0,0.0,True,0.0,0.9,0.9,6,0,6.0,1,0,0,"(33, 50)",0,0.0,,,majority_vote,1,RECONNAISSANCE,1,"(12, 8)",False,0,False,5
0,0.0,True,0.0,0.9,0.9,6,0,6.0,1,0,0,"(33, 50)",0,0.0,,,majority_vote,1,RECONNAISSANCE,1,"(30, 45)",False,1,False,5
0,0.0,True,0.0,0.9,0.9,6,0,6.0,1,0,0,"(13, 50)",0,0.0,,,majority_vote,1,RECONNAISSANCE,1,"(9, 45)",False,2,False,5
0,0.0,True,0.0,0.9,0.9,11,0,11.0,1,0,0,"(33, 50)",0,0.0,,,majority_vote,1,RECONNAISSANCE,1,"(13, 12)",False,0,False,10
0,0.0,True,0.0,0.9,0.9,11,0,11.0,1,0,0,"(33, 50)",0,0.0,,,majority_vote,1,RECONNAISSANCE,1,"(31, 49)",False,1,False,10
0,0.0,True,0.0,0.9,0.9,11,0,11.0,1,0,0,"(13, 50)",0,0.0,,,majority_vote,1,RECONNAISSANCE,1,"(10, 49)",False,2,False,10
0,0.0,True,0.0,0.9,0.9,16,0,16.0,1,0,0,"(33, 50)",0,0.0,,,majority_vote,1,RECONNAISSANCE,1,"(14, 16)",False,0,False,15
0,0.0,True,0.0,0.9,0.9,15,0,15.0,2,0,0,"(25, 2)",0,0.0,,,majority_vote,2,RECONNAISSANCE,2,"(32, 50)",False,1,False,15
0,0.0,True,0.0,0.9,0.9,15,0,15.0,2,0,0,"(15, 2)",0,0.0,,,majority_vote,2,RECONNAISSANCE,2,"(13, 50)",False,2,False,15
0,0.0,True,0.0,0.9,0.9,21,0,21.0,2,0,0,"(33, 50)",0,0.0,,,majority_vote,2,RECONNAISSANCE,2,"(14, 21)",False,0,False,20
0,0.0,True,0.0,0.9,0.9,20,0,20.0,2,0,0,"(25, 2)",0,0.0,,,majority_vote,2,RECONNAISSANCE,2,"(29, 48)",False,1,False,20
0,0.0,True,0.0,0.9,0.9,20,0,20.0,3,0,0,"(15, 2)",0,0.0,,,majority_vote,3,RECONNAISSANCE,3,"(13, 45)",False,2,False,20
0,0.0,True,0.0,0.9,0.9,26,0,26.0,3,0,0,"(33, 50)",0,0.0,,,majority_vote,3,RECONNAISSANCE,3,"(17, 23)",False,0,False,25
0,0.0,True,0.0,0.9,0.9,25,0,25.0,2,0,0,"(25, 2)",0,0.0,,,majority_vote,2,RECONNAISSANCE,3,"(25, 47)",False,1,False,25
0,0.0,True,0.0,0.9,0.9,25,0,25.0,3,0,0,"(15, 2)",0,0.0,,,majority_vote,3,RECONNAISSANCE,4,"(16, 43)",False,2,False,25
0,0.0,True,0.0,0.9,0.9,31,0,31.0,3,0,0,"(33, 50)",0,0.0,,,majority_vote,3,RECONNAISSANCE,3,"(19, 26)",False,0,False,30
0,0.0,True,0.0,0.9,0.9,30,0,30.0,2,0,0,"(25, 2)",0,0.0,,,majority_vote,2,RECONNAISSANCE,3,"(25, 42)",False,1,False,30
0,0.0,True,0.0,0.9,0.9,30,0,30.0,3,0,0,"(15, 2)",0,0.0,,,majority_vote,3,RECONNAISSANCE,4,"(16, 38)",False,2,False,30
0,0.0,True,0.0,0.9,0.9,36,0,36.0,3,0,0,"(33, 50)",0,0.0,,,majority_vote,3,RECONNAISSANCE,3,"(20, 30)",False,0,False,35
0,0.0,True,0.0,0.9,0.9,35,0,35.0,2,0,0,"(25, 2)",0,0.0,,,majority_vote,2,RECONNAISSANCE,3,"(25, 37)",False,1,False,35
0,0.0,True,0.0,0.9005608116991555,0.9077152561471377,35,0,35.0,3,0,0,"(15, 2)",0,0.0,,,majority_vote,3,RECONNAISSANCE,4,"(16, 33)",False,2,False,35
0,0.0,True,0.0,0.9,0.9,41,0,41.0,3,0,0,"(33, 50)",0,0.0,,,majority_vote,3,RECONNAISSANCE,3,"(20, 35)",False,0,False,40
0,0.0,True,0.0,0.9027244071474215,0.9194923449306693,40,0,40.0,2,0,0,"(25, 2)",0,0.0,,,majority_vote,2,RECONNAISSANCE,3,"(25, 32)",False,1,False,40
0,0.0,True,0.0,0.9048573136635556,0.9257640179246563,40,0,40.0,3,0,0,"(15, 2)",0,0.0,,,majority_vote,3,RECONNAISSANCE,4,"(16, 28)",False,2,False,40
0,0.0,True,0.0,0.9,0.9,46,0,46.0,3,0,0,"(33, 50)",0,0.0,,,majority_vote,3,RECONNAISSANCE,3,"(20, 40)",False,0,False,45
0,0.0,True,0.0,0.9086526276257615,0.9336461354120167,45,0,45.0,2,0,0,"(25, 2)",0,0.0,,,majority_vote,2,RECONNAISSANCE,3,"(25, 27)",False,1,False,45
0,0.0,True,0.0,0.9112825345247917,0.9373170540914262,45,0,45.0,3,0,0,"(15, 2)",0,0.0,,,majority_vote,3,RECONNAISSANCE,4,"(16, 23)",False,2,False,45
0,0.0,True,0.0,0.9,0.9,51,0,51.0,3,0,0,"(33, 50)",0,0.0,,,majority_vote,3,RECONNAISSANCE,4,"(20, 45)",False,0,False,50
0,0.0,True,0.0,0.9144983142968622,0.9437509255980094,50,0,50.0,2,0,0,"(25, 2)",0,0.0,,,majority_vote,2,RECONNAISSANCE,4,"(25, 22)",False,1,False,50
0,0.0,True,0.0,0.9187119736316363,0.9480249027264008,50,0,50.0,3,0,0,"(15, 2)",0,0.0,,,majority_vote,3,RECONNAISSANCE,5,"(15, 19)",False,2,False,50
0,0.0,True,0.0,0.9,0.9,56,0,56.0,3,0,0,"(33, 50)",0,0.0,,,majority_vote,3,RECONNAISSANCE,4,"(21, 49)",False,0,False,55
0,0.0,True,0.0,0.9144983142968622,0.9437509255980094,55,0,55.0,2,0,0,"(25, 2)",0,0.0,,,majority_vote,2,RECONNAISSANCE,4,"(25, 17)",False,1,False,55
0,0.0,True,0.0,0.9265205983129721,0.9561539714572492,55,0,55.0,3,0,0,"(15, 2)",0,0.0,,,majority_vote,3,RECONNAISSANCE,5,"(15, 14)",False,2,False,55
0,0.0,True,0.0,0.9,0.9,61,0,61.0,3,0,0,"(33, 50)",0,0.0,,,majority_vote,3,RECONNAISSANCE,4,"(25, 50)",False,0,False,60
0,0.0,True,0.0,0.9144983142968622,0.9437509255980094,60,0,60.0,2,0,0,"(25, 2)",0,0.0,,,majority_vote,2,RECONNAISSANCE,4,"(25, 12)",False,1,False,60
0,0.0,True,0.0,0.9341564314754558,0.9626007719981722,60,0,60.0,3,0,0,"(15, 2)",0,0.0,,,majority_vote,3,RECONNAISSANCE,5,"(15, 9)",False,2,False,60
0,0.0,True,0.0,0.9,0.9,66,0,66.0,3,0,0,"(33, 50)",0,0.0,,,majority_vote,3,RECONNAISSANCE,4,"(30, 50)",False,0,False,65
0,0.0,True,0.0,0.9144983142968622,0.9437509255980094,65,0,65.0,2,0,0,"(25, 2)",0,0.0,,,majority_vote,2,RECONNAISSANCE,4,"(25, 7)",False,1,False,65
0,0.0,True,0.0,0.9399609391698235,0.9670577364686364,65,0,65.0,3,0,0,"(15, 2)",0,0.0,,,majority_vote,3,RECONNAISSANCE,5,"(15, 4)",False,2,False,65
0,0.0,True,0.0,0.9,0.9,70,0,70.0,4,0,0,"(2, 41)",0,0.0,,,majority_vote,4,RECONNAISSANCE,5,"(32, 50)",False,0,False,70
0,0.0,True,0.0,0.9144983142968622,0.9437509255980094,70,0,70.0,2,0,0,"(25, 2)",0,0.0,,,majority_vote,2,RECONNAISSANCE,4,"(25, 2)",False,1,False,70
0,0.0,True,0.0,0.9399609391698235,0.9670577364686364,69,0,69.0,4,0,1,"(33, 50)",0,0.0,68.0,53.0,majority_vote,4,RECONNAISSANCE,6,"(15, 4)",False,2,False,70
0,0.0,True,0.0,0.9,0.9,75,0,75.0,4,0,0,"(2, 41)",0,0.0,,,majority_vote,4,RECONNAISSANCE,6,"(28, 49)",False,0,False,75
0,0.0,True,0.0,0.9144983142968622,0.9437509255980094,74,0,74.0,3,0,1,"(33, 50)",0,0.0,71.0,57.0,majority_vote,3,RECONNAISSANCE,6,"(25, 6)",False,1,False,75
0,0.0,True,0.0,0.9399609391698235,0.9670577364686364,74,0,74.0,4,0,1,"(33, 50)",0,0.0,68.0,53.0,majority_vote,4,RECONNAISSANCE,7,"(16, 8)",False,2,False,75
0,0.0,True,0.0,0.9,0.9,80,0,80.0,4,0,0,"(2, 41)",0,0.0,,,majority_vote,4,RECONNAISSANCE,6,"(23, 49)",False,0,False,80
0,0.0,True,0.0,0.9144983142968622,0.9437509255980094,79,0,79.0,4,0,1,"(33, 50)",0,0.0,71.0,57.0,majority_vote,4,RECONNAISSANCE,7,"(25, 11)",False,1,False,80
0,0.0,True,0.0,0.9399609391698235,0.9670577364686364,79,0,79.0,4,0,1,"(33, 50)",0,0.0,68.0,53.0,majority_vote,4,RECONNAISSANCE,7,"(16, 13)",False,2,False,80
0,0.0,True,0.0,0.9,0.9,85,0,85.0,4,0,0,"(2, 41)",0,0.0,,,majority_vote,4,RECONNAISSANCE,6,"(20, 47)",False,0,False,85
0,0.0,True,0.0,0.9144983142968622,0.9437509255980094,84,0,84.0,4,0,1,"(33, 50)",0,0.0,71.0,57.0,majority_vote,4,RECONNAISSANCE,7,"(25, 16)",False,1,False,85
0,0.0,True,0.0,0.9399609391698235,0.9670577364686364,84,0,84.0,4,0,1,"(33, 50)",0,0.0,68.0,53.0,majority_vote,4,RECONNAISSANCE,7,"(16, 18)",False,2,False,85
0,0.0,True,0.0,0.9,0.9,90,0,90.0,4,0,0,"(2, 41)",0,0.0,,,majority_vote,4,RECONNAISSANCE,6,"(19, 43)",False,0,False,90
0,0.0,True,0.0,0.9144983142968622,0.9437509255980094,89,0,89.0,4,0,1,"(33, 50)",0,0.0,71.0,57.0,majority_vote,4,RECONNAISSANCE,7,"(25, 21)",False,1,False,90
0,0.0,True,0.0,0.9399609391698235,0.9670577364686364,89,0,89.0,4,0,1,"(33, 50)",0,0.0011376564277588168,68.0,53.0,majority_vote,4,RECONNAISSANCE,7,"(16, 23)",False,2,False,90
0,0.0,True,0.0,0.9,0.9,95,0,95.0,4,0,0,"(2, 41)",0,0.0,,,majority_vote,4,RECONNAISSANCE,6,"(16, 41)",False,0,False,95
0,0.0,True,0.0,0.9144983142968622,0.9437509255980094,94,0,94.0,4,0,1,"(33, 50)",0,0.0,71.0,57.0,majority_vote,4,RECONNAISSANCE,7,"(25, 26)",False,1,False,95
0,0.0,True,0.0,0.9427541739258056,0.9691439046063984,94,0,94.0,4,0,1,"(33, 50)",0,0.0011376564277588168,68.0,53.0,majority_vote,4,RECONNAISSANCE,7,"(17, 27)",False,2,False,95
0,0.0,True,0.0,0.9,0.9,100,0,100.0,4,0,0,"(2, 41)",0,0.0,,,majority_vote,4,RECONNAISSANCE,7,"(11, 41)",False,0,False,100
0,0.0,True,0.0,0.9160336753283317,0.9452055349262505,99,0,99.0,4,0,1,"(33, 50)",0,0.0,71.0,57.0,majority_vote,4,RECONNAISSANCE,8,"(25, 31)",False,1,False,100
0,0.0,True,0.0,0.9492921522430697,0.973103914884267,99,0,99.0,5,0,1,"(33, 50)",0,0.0011325028312570782,68.0,53.0,majority_vote,5,RECONNAISSANCE,8,"(17, 32)",False,2,False,100
0,0.0,True,0.0,0.9,0.9,105,0,105.0,4,0,0,"(2, 41)",0,0.0,,,majority_vote,4,RECONNAISSANCE,7,"(6, 41)",False,0,False,105
0,0.0,True,0.0,0.9236061215215299,0.9521011315984603,104,0,104.0,4,0,1,"(33, 50)",0,0.0,71.0,57.0,majority_vote,4,RECONNAISSANCE,8,"(25, 36)",False,1,False,105
0,0.0,True,0.0,0.9552323153488471,0.9770279736990929,104,0,104.0,5,0,1,"(33, 50)",0,0.0011273957158962795,68.0,53.0,majority_vote,5,RECONNAISSANCE,8,"(19, 35)",False,2,False,105
0,0.0,True,0.0,0.9,0.9,109,0,109.0,5,0,1,"(33, 50)",0,0.0,110.0,41.0,majority_vote,5,RECONNAISSANCE,8,"(2, 41)",False,0,False,110
0,0.0,True,0.0,0.9310008068244656,0.9587516545028989,109,0,109.0,4,0,1,"(33, 50)",0,0.0,71.0,57.0,majority_vote,4,RECONNAISSANCE,8,"(25, 41)",False,1,False,110
0,0.0,True,0.0,0.9606034065238453,0.980205810579799,109,0,109.0,5,0,1,"(33, 50)",0,0.0011061946902654867,68.0,53.0,majority_vote,5,RECONNAISSANCE,8,"(20, 39)",False,2,False,110
0,0.0,True,0.0,0.9,0.9,114,0,114.0,5,0,1,"(33, 50)",0,0.0,110.0,41.0,majority_vote,5,RECONNAISSANCE,9,"(7, 41)",False,0,False,115
0,0.0,True,0.0,0.9381810313722369,0.9651069820554334,114,0,114.0,4,0,1,"(33, 50)",0,0.0,71.0,57.0,majority_vote,4,RECONNAISSANCE,8,"(26, 45)",False,1,False,115
0,0.0,True,0.0,0.9654701765366176,0.9832348521069706,114,0,114.0,5,0,1,"(33, 50)",0,0.0011061946902654867,68.0,53.0,majority_vote,5,RECONNAISSANCE,8,"(20, 44)",False,2,False,115
0,0.0,True,0.0,0.9,0.9,119,0,119.0,7,0,1,"(33, 50)",0,0.0,110.0,41.0,majority_vote,7,RECONNAISSANCE,12,"(12, 41)",False,0,False,120
0,0.0,True,0.0,0.9450373771885586,0.9704961044021309,119,0,119.0,4,0,1,"(33, 50)",0,0.0,71.0,57.0,majority_vote,4,RECONNAISSANCE,8,"(28, 48)",False,1,False,120
0,0.0,True,0.0,0.969873867757634,0.9860052527694584,119,0,119.0,5,0,1,"(33, 50)",0,0.0011061946902654867,68.0,53.0,majority_vote,5,RECONNAISSANCE,8,"(20, 49)",False,2,False,120
0,0.0,True,0.0,0.9,0.9,124,0,124.0,7,0,1,"(33, 50)",0,0.0,110.0,41.0,majority_vote,7,RECONNAISSANCE,13,"(14, 44)",False,0,False,125
0,0.0,True,0.0,0.9501892405822249,0.9742563238813967,124,0,124.0,4,0,1,"(33, 50)",0,0.0,71.0,57.0,majority_vote,4,RECONNAISSANCE,9,"(33, 48)",False,1,False,125
0,0.0,True,0.0,0.9738900499776103,0.988520809081269,124,0,124.0,5,0,1,"(33, 50)",0,0.0022123893805309734,68.0,53.0,majority_vote,5,RECONNAISSANCE,9,"(24, 50)",False,2,False,125
0,0.0,True,0.0,0.9,0.9,129,0,129.0,7,0,1,"(33, 50)",0,0.0,110.0,41.0,majority_vote,7,RECONNAISSANCE,13,"(17, 46)",False,0,False,130
0,0.0,True,0.0,0.9501892405822249,0.9742563238813967,128,0,128.0,5,0,1,"(33, 8)",0,0.0,71.0,57.0,majority_vote,5,RECONNAISSANCE,10,"(33, 48)",False,1,False,130
0,0.0,True,0.0,0.977448024226116,0.9902249145076506,129,0,129.0,5,0,1,"(33, 50)",0,0.0022123893805309734,68.0,53.0,majority_vote,5,RECONNAISSANCE,9,"(29, 50)",False,2,False,130
0,0.0,True,0.0,0.9,0.9,134,0,134.0,7,0,1,"(33, 50)",0,0.0,110.0,41.0,majority_vote,7,RECONNAISSANCE,13,"(20, 48)",False,0,False,135
0,0.0,True,0.0,0.9501892405822249,0.9742563238813967,133,0,133.0,5,0,1,"(33, 8)",0,0.0,71.0,57.0,majority_vote,5,RECONNAISSANCE,10,"(30, 46)",False,1,False,135
0,0.0,True,0.0,0.9805607714154723,0.9918602308524954,133,0,133.0,6,0,1,"(33, 8)",0,0.0022123893805309734,68.0,53.0,majority_vote,6,RECONNAISSANCE,10,"(33, 50)",False,2,False,135
0,0.0,True,0.0,0.9,0.9,139,0,139.0,7,0,1,"(33, 50)",0,0.0,110.0,41.0,majority_vote,7,RECONNAISSANCE,13,"(23, 50)",False,0,False,140
0,0.0,True,0.0,0.9501892405822249,0.9742563238813967,138,0,138.0,5,0,1,"(33, 8)",0,0.0,71.0,57.0,majority_vote,5,RECONNAISSANCE,10,"(29, 42)",False,1,False,140
0,0.0,True,0.0,0.9805607714154723,0.9918602308524954,138,0,138.0,6,0,1,"(33, 8)",0,0.0022123893805309734,68.0,53.0,majority_vote,6,RECONNAISSANCE,10,"(32, 46)",False,2,False,140
0,0.0,True,0.0,0.9,0.9,144,0,144.0,7,0,1,"(33, 50)",0,0.0,110.0,41.0,majority_vote,7,RECONNAISSANCE,13,"(28, 50)",False,0,False,145
0,0.0,True,0.0,0.9526449361714338,0.9757294036961675,143,0,143.0,5,0,1,"(33, 8)",0,0.0,71.0,57.0,majority_vote,5,RECONNAISSANCE,10,"(29, 37)",False,1,False,145
0,0.0,True,0.0,0.9832950590806485,0.9932332144836412,143,0,143.0,6,0,1,"(33, 8)",0,0.002176278563656148,68.0,53.0,majority_vote,6,RECONNAISSANCE,10,"(29, 44)",False,2,False,145
0,0.0,True,0.0,0.9,0.9,149,0,149.0,7,0,1,"(33, 50)",0,0.060085836909871244,110.0,41.0,majority_vote,7,RECONNAISSANCE,14,"(33, 50)",False,0,False,150
0,0.0,True,0.0,0.9526449361714338,0.9757294036961675,148,0,148.0,5,0,1,"(33, 8)",0,0.059012875536480686,71.0,57.0,majority_vote,5,RECONNAISSANCE,11,"(29, 32)",False,1,False,150
0,0.0,True,0.0,0.9857266062654501,0.9944530515344191,148,0,148.0,6,0,1,"(33, 8)",0,0.05793991416309013,68.0,53.0,majority_vote,6,RECONNAISSANCE,11,"(29, 39)",False,2,False,150
0,0.0,True,0.0,0.9,0.9,153,0,153.0,8,0,1,"(13, 50)",0,0.05795574288724974,110.0,41.0,majority_vote,8,RECONNAISSANCE,15,"(29, 50)",False,0,False,155
0,0.0,True,0.0,0.9526449361714338,0.9757294036961675,153,0,153.0,5,0,1,"(33, 8)",0,0.05795574288724974,71.0,57.0,majority_vote,5,RECONNAISSANCE,11,"(29, 27)",False,1,False,155
0,0.0,True,0.0,0.9857266062654501,0.9944530515344191,153,0,153.0,6,0,1,"(33, 8)",0,0.05584826132771338,68.0,53.0,majority_vote,6,RECONNAISSANCE,11,"(29, 34)",False,2,False,155
0,0.0,True,0.0,0.9,0.9,158,0,158.0,8,0,1,"(13, 50)",0,0.05252317198764161,110.0,41.0,majority_vote,8,RECONNAISSANCE,15,"(25, 49)",False,0,False,160
0,0.0,True,0.0,0.9526449361714338,0.9757294036961675,158,0,158.0,5,0,1,"(33, 8)",0,0.05252317198764161,71.0,57.0,majority_vote,5,RECONNAISSANCE,11,"(29, 22)",False,1,False,160
0,0.0,True,0.0,0.9857266062654501,0.9944530515344191,158,0,158.0,6,0,1,"(33, 8)",0,0.05046343975283213,68.0,53.0,majority_vote,6,RECONNAISSANCE,11,"(29, 29)",False,2,False,160
0,0.0,True,0.0,0.9,0.9,163,0,163.0,8,0,1,"(13, 50)",0,0.052200614124872056,110.0,41.0,majority_vote,8,RECONNAISSANCE,15,"(20, 49)",False,0,False,165
0,0.0,True,0.0,0.9526449361714338,0.9757294036961675,163,0,163.0,5,0,1,"(33, 8)",0,0.052200614124872056,71.0,57.0,majority_vote,5,RECONNAISSANCE,11,"(29, 17)",False,1,False,165
0,0.0,True,0.0,0.9857266062654501,0.9944530515344191,163,0,163.0,6,0,1,"(33, 8)",0,0.05015353121801433,68.0,53.0,majority_vote,6,RECONNAISSANCE,11,"(29, 24)",False,2,False,165
0,0.0,True,0.0,0.9,0.9,168,0,168.0,8,0,1,"(13, 50)",0,0.05110220440881764,110.0,41.0,majority_vote,8,RECONNAISSANCE,15,"(16, 50)",False,0,False,170
0,0.0,True,0.0,0.9526449361714338,0.9757294036961675,168,0,168.0,5,0,1,"(33, 8)",0,0.05110220440881764,71.0,57.0,majority_vote,5,RECONNAISSANCE,11,"(29, 12)",False,1,False,170
0,0.0,True,0.0,0.9857266062654501,0.9944530515344191,168,0,168.0,6,0,1,"(33, 8)",0,0.04909819639278557,68.0,53.0,majority_vote,6,RECONNAISSANCE,11,"(29, 19)",False,2,False,170
0,0.0,True,0.0,0.9,0.9,172,0,172.0,9,0,2,"(2, 41)",0,0.05089820359281437,87.0,32.0,majority_vote,9,RECONNAISSANCE,17,"(12, 50)",False,0,False,175
0,0.0,True,0.0,0.9526449361714338,0.9757294036961675,173,0,173.0,5,0,1,"(33, 8)",0,0.05089820359281437,71.0,57.0,majority_vote,5,RECONNAISSANCE,12,"(30, 8)",False,1,False,175
0,0.0,True,0.0,0.9857266062654501,0.9944530515344191,173,0,173.0,7,0,1,"(33, 8)",0,0.04890219560878244,68.0,53.0,majority_vote,7,RECONNAISSANCE,12,"(29, 14)",False,2,False,175
0,0.0,True,0.0,0.9,0.9,177,0,177.0,9,0,2,"(2, 41)",0,0.05089820359281437,87.0,32.0,majority_vote,9,RECONNAISSANCE,17,"(11, 46)",False,0,False,180
0,0.0,True,0.0,0.9526449361714338,0.9757294036961675,177,0,177.0,6,0,2,"(13, 50)",0,0.05089820359281437,89.5,54.0,majority_vote,6,RECONNAISSANCE,13,"(32, 8)",False,1,False,180
0,0.0,True,0.0,0.9857266062654501,0.9944530515344191,178,0,178.0,7,0,1,"(33, 8)",0,0.04890219560878244,68.0,53.0,majority_vote,7,RECONNAISSANCE,12,"(31, 11)",False,2,False,180
0,0.0,True,0.0,0.9,0.9,182,0,182.0,9,0,2,"(2, 41)",0,0.05089820359281437,87.0,32.0,majority_vote,9,RECONNAISSANCE,17,"(10, 42)",False,0,False,185
0,0.0,True,0.0,0.9526449361714338,0.9757294036961675,182,0,182.0,6,0,2,"(13, 50)",0,0.05089820359281437,89.5,54.0,majority_vote,6,RECONNAISSANCE,13,"(29, 10)",False,1,False,185
0,0.0,True,0.0,0.9857266062654501,0.9944530515344191,183,0,183.0,7,0,1,"(33, 8)",0,0.04790419161676647,68.0,53.0,majority_vote,7,RECONNAISSANCE,12,"(33, 8)",False,2,False,185
0,0.0,True,0.0,0.9,0.9,187,0,187.0,9,0,2,"(2, 41)",0,0.04790419161676647,87.0,32.0,majority_vote,9,RECONNAISSANCE,17,"(6, 41)",False,0,False,190
0,0.0,True,0.0,0.9526449361714338,0.9757294036961675,187,0,187.0,6,0,2,"(13, 50)",0,0.04790419161676647,89.5,54.0,majority_vote,6,RECONNAISSANCE,13,"(28, 14)",False,1,False,190
0,0.0,True,0.0,0.9857266062654501,0.9944530515344191,187,0,187.0,8,0,2,"(2, 20)",0,0.04491017964071856,93.0,52.0,majority_vote,8,RECONNAISSANCE,13,"(30, 9)",False,2,False,190
0,0.0,True,0.0,0.9,0.9,191,0,191.0,10,0,2,"(2, 50)",0,0.046906187624750496,87.0,32.0,majority_vote,10,RECONNAISSANCE,18,"(2, 41)",False,0,False,195
0,0.0,True,0.0,0.9526449361714338,0.9757294036961675,192,0,192.0,6,0,2,"(13, 50)",0,0.04790419161676647,89.5,54.0,majority_vote,6,RECONNAISSANCE,13,"(28, 19)",False,1,False,195
0,0.0,True,0.0,0.9857266062654501,0.9944530515344191,192,0,192.0,8,0,2,"(2, 20)",0,0.043912175648702596,93.0,52.0,majority_vote,8,RECONNAISSANCE,13,"(30, 14)",False,2,False,195
0,0.0,True,0.0,0.9,0.9,196,0,196.0,10,0,2,"(2, 50)",0,0.045771144278606964,87.0,32.0,majority_vote,10,RECONNAISSANCE,19,"(3, 45)",False,0,False,200
0,0.0,True,0.0,0.9526449361714338,0.9757294036961675,197,0,197.0,6,0,2,"(13, 50)",0,0.04776119402985075,89.5,54.0,majority_vote,6,RECONNAISSANCE,14,"(28, 24)",False,1,False,200
0,0.0,True,0.0,0.9857266062654501,0.9944530515344191,197,0,197.0,8,0,2,"(2, 20)",0,0.042786069651741296,93.0,52.0,majority_vote,8,RECONNAISSANCE,14,"(28, 17)",False,2,False,200
0,0.0,True,0.0,0.9,0.9,201,0,201.0,10,0,2,"(2, 50)",0,0.040634291377601585,87.0,32.0,majority_vote,10,RECONNAISSANCE,19,"(3, 50)",False,0,False,205
0,0.0,True,0.0,0.9526449361714338,0.9757294036961675,202,0,202.0,6,0,2,"(13, 50)",0,0.04558969276511397,89.5,54.0,majority_vote,6,RECONNAISSANCE,14,"(28, 29)",False,1,False,205
0,0.0,True,0.0,0.9857266062654501,0.9944530515344191,202,0,202.0,8,0,2,"(2, 20)",0,0.03766105054509415,93.0,52.0,majority_vote,8,RECONNAISSANCE,14,"(23, 17)",False,2,False,205
0,0.0,True,0.0,0.9,0.9,205,0,205.0,11,0,3,"(33, 8)",0,0.040594059405940595,69.0,25.333333333333332,majority_vote,11,RECONNAISSANCE,20,"(4, 49)",False,0,False,210
0,0.0,True,0.0,0.9526449361714338,0.9757294036961675,207,0,207.0,6,0,2,"(13, 50)",0,0.04356435643564356,89.5,54.0,majority_vote,6,RECONNAISSANCE,14,"(28, 34)",False,1,False,210
0,0.0,True,0.0,0.9857266062654501,0.9944530515344191,207,0,207.0,8,0,2,"(2, 20)",0,0.03762376237623762,93.0,52.0,majority_vote,8,RECONNAISSANCE,14,"(18, 17)",False,2,False,210
0,0.0,True,0.0,0.9,0.9,210,0,210.0,11,0,3,"(33, 8)",0,0.033663366336633666,69.0,25.333333333333332,majority_vote,11,RECONNAISSANCE,20,"(5, 45)",False,0,False,215
0,0.0,True,0.0,0.9526449361714338,0.9757294036961675,212,0,212.0,6,0,2,"(13, 50)",0,0.03663366336633663,89.5,54.0,majority_vote,6,RECONNAISSANCE,14,"(28, 39)",False,1,False,215
0,0.0,True,0.0,0.9857266062654501,0.9944530515344191,212,0,212.0,8,0,2,"(2, 20)",0,0.031683168316831684,93.0,52.0,majority_vote,8,RECONNAISSANCE,14,"(15, 19)",False,2,False,215
0,0.0,True,0.0,0.9,0.9,215,0,215.0,11,0,3,"(33, 8)",0,0.033366045142296366,69.0,25.333333333333332,majority_vote,11,RECONNAISSANCE,20,"(10, 45)",False,0,False,220
0,0.0,True,0.0,0.9582887147212331,0.9787873163975572,217,0,217.0,6,0,2,"(13, 50)",0,0.03631010794896958,89.5,54.0,majority_vote,6,RECONNAISSANCE,14,"(28, 44)",False,1,False,220
0,0.0,True,0.0,0.9857266062654501,0.9944530515344191,217,0,217.0,8,0,2,"(2, 20)",0,0.03140333660451423,93.0,52.0,majority_vote,8,RECONNAISSANCE,14,"(12, 21)",False,2,False,220
0,0.0,True,0.0,0.9,0.9,220,0,220.0,12,0,3,"(33, 8)",0,0.029580152671755726,69.0,25.333333333333332,majority_vote,12,RECONNAISSANCE,21,"(12, 42)",False,0,False,225
0,0.0,True,0.0,0.9633373369964556,0.9816994130420783,222,0,222.0,6,0,2,"(13, 50)",0,0.033396946564885496,89.5,54.0,majority_vote,6,RECONNAISSANCE,15,"(28, 49)",False,1,False,225
0,0.0,True,0.0,0.9857266062654501,0.9944530515344191,222,0,222.0,8,0,2,"(2, 20)",0,0.02767175572519084,93.0,52.0,majority_vote,8,RECONNAISSANCE,15,"(7, 21)",False,2,False,225
0,0.0,True,0.0,0.9,0.9,225,0,225.0,16,0,3,"(33, 8)",0,0.020560747663551402,69.0,25.333333333333332,majority_vote,16,RECONNAISSANCE,25,"(12, 37)",False,0,False,230
0,0.0,True,0.0,0.9678743097805422,0.9845350144299695,227,0,227.0,6,0,2,"(13, 50)",0,0.028037383177570093,89.5,54.0,majority_vote,6,RECONNAISSANCE,15,"(23, 49)",False,1,False,230
0,0.0,True,0.0,0.9857266062654501,0.9944530515344191,227,0,227.0,8,0,2,"(2, 20)",0,0.020560747663551402,93.0,52.0,majority_vote,8,RECONNAISSANCE,15,"(2, 21)",False,2,False,230
0,0.0,True,0.0,0.9,0.9,230,0,230.0,16,0,3,"(33, 8)",0,0.020465116279069766,69.0,25.333333333333332,majority_vote,16,RECONNAISSANCE,25,"(15, 35)",False,0,False,235
0,0.0,True,0.0,0.9720103404904079,0.9869881800583111,232,0,232.0,6,0,2,"(13, 50)",0,0.027906976744186046,89.5,54.0,majority_vote,6,RECONNAISSANCE,15,"(18, 49)",False,1,False,235
0,0.0,True,0.0,0.9857266062654501,0.9944530515344191,231,0,231.0,9,0,2,"(25, 2)",0,0.020465116279069766,93.0,52.0,majority_vote,9,RECONNAISSANCE,16,"(4, 21)",False,2,False,235
0,0.0,True,0.0,0.9,0.9,235,0,235.0,16,0,3,"(33, 8)",0,0.01674418604651163,69.0,25.333333333333332,majority_vote,16,RECONNAISSANCE,25,"(18, 33)",False,0,False,240
0,0.0,True,0.0,0.9757033492553439,0.9890914565648137,237,0,237.0,6,0,2,"(13, 50)",0,0.027906976744186046,89.5,54.0,majority_vote,6,RECONNAISSANCE,15,"(13, 49)",False,1,False,240
0,0.0,True,0.0,0.9857266062654501,0.9944530515344191,236,0,236.0,9,0,2,"(25, 2)",0,0.018604651162790697,93.0,52.0,majority_vote,9,RECONNAISSANCE,16,"(9, 21)",False,2,False,240
0,0.0,True,0.0,0.9,0.9,240,0,240.0,16,0,3,"(33, 8)",0,0.012093023255813953,69.0,25.333333333333332,majority_vote,16,RECONNAISSANCE,25,"(18, 28)",False,0,False,245
0,0.0,True,0.0,0.9783541102701608,0.9904318615593466,241,0,241.0,7,0,2,"(2, 20)",0,0.026046511627906978,89.5,54.0,majority_vote,7,RECONNAISSANCE,16,"(12, 48)",False,1,False,245
0,0.0,True,0.0,0.9857266062654501,0.9944530515344191,241,0,241.0,9,0,2,"(25, 2)",0,0.013953488372093023,93.0,52.0,majority_vote,9,RECONNAISSANCE,16,"(13, 20)",False,2,False,245
0,0.0,True,0.0,0.9,0.9,245,0,245.0,16,0,3,"(33, 8)",0,0.009302325581395349,69.0,25.333333333333332,majority_vote,16,RECONNAISSANCE,26,"(18, 23)",False,0,False,250
0,0.0,True,0.0,0.9813219024653896,0.9920277982128184,246,0,246.0,8,0,2,"(2, 20)",0,0.026046511627906978,89.5,54.0,majority_vote,8,RECONNAISSANCE,17,"(10, 45)",False,1,False,250
0,0.0,True,0.0,0.9874315652157996,0.9951779233340158,246,0,246.0,9,0,2,"(25, 2)",0,0.011162790697674419,93.0,52.0,majority_vote,9,RECONNAISSANCE,17,"(15, 17)",False,2,False,250
0,0.0,True,0.0,0.9,0.9,250,0,250.0,16,0,3,"(33, 8)",0,0.009302325581395349,69.0,25.333333333333332,majority_vote,16,RECONNAISSANCE,26,"(18, 18)",False,0,False,255
0,0.0,True,0.0,0.983937064069919,0.9933744060249942,251,0,251.0,8,0,2,"(2, 20)",0,0.021395348837209303,89.5,54.0,majority_vote,8,RECONNAISSANCE,17,"(7, 43)",False,1,False,255
0,0.0,True,0.0,0.98932069894738,0.9961843832093372,251,0,251.0,9,0,2,"(25, 2)",0,0.011162790697674419,93.0,52.0,majority_vote,9,RECONNAISSANCE,17,"(20, 17)",False,2,False,255
0,0.0,True,0.0,0.9,0.9,255,0,255.0,16,0,3,"(33, 8)",0,0.009302325581395349,69.0,25.333333333333332,majority_vote,16,RECONNAISSANCE,26,"(18, 13)",False,0,False,260
0,0.0,True,0.0,0.9862202034660036,0.9944230439901748,256,0,256.0,8,0,2,"(2, 20)",0,0.025116279069767444,89.5,54.0,majority_vote,8,RECONNAISSANCE,17,"(4, 41)",False,1,False,260
0,0.0,True,0.0,0.9906888768179818,0.9969365286573447,256,0,256.0,9,0,2,"(25, 2)",0,0.011162790697674419,93.0,52.0,majority_vote,9,RECONNAISSANCE,17,"(24, 16)",False,2,False,260
0,0.0,True,0.0,0.9,0.9,260,0,260.0,16,0,3,"(33, 8)",0,0.009233610341643583,69.0,25.333333333333332,majority_vote,16,RECONNAISSANCE,26,"(19, 9)",False,0,False,265
0,0.0,True,0.0,0.9874402280318205,0.9949840631484462,261,0,261.0,8,0,2,"(2, 20)",0,0.024930747922437674,89.5,54.0,majority_vote,8,RECONNAISSANCE,17,"(3, 37)",False,1,False,265
0,0.0,True,0.0,0.9906888768179818,0.9969365286573447,261,0,261.0,9,0,2,"(25, 2)",0,0.0110803324099723,93.0,52.0,majority_vote,9,RECONNAISSANCE,17,"(25, 12)",False,2,False,265
0,0.0,True,0.0,0.9,0.9,265,0,265.0,16,0,3,"(33, 8)",0,0.009074410163339383,69.0,25.333333333333332,majority_vote,16,RECONNAISSANCE,26,"(24, 9)",False,0,False,270
0,0.0,True,0.0,0.9878249410574438,0.9951344885442853,266,0,266.0,8,0,2,"(2, 20)",0,0.024500907441016333,89.5,54.0,majority_vote,8,RECONNAISSANCE,17,"(3, 32)",False,1,False,270
0,0.0,True,0.0,0.9919147310050779,0.9975155690057926,266,0,266.0,9,0,2,"(25, 2)",0,0.010889292196007259,93.0,52.0,majority_vote,9,RECONNAISSANCE,17,"(25, 7)",False,2,False,270
0,0.0,True,0.0,0.9,0.9,270,0,270.0,16,0,3,"(33, 8)",0,0.008976660682226212,69.0,25.333333333333332,majority_vote,16,RECONNAISSANCE,27,"(28, 8)",False,0,False,275
0,0.0,True,0.0,0.9878249410574438,0.9951344885442853,271,0,271.0,8,0,2,"(2, 20)",0,0.02423698384201077,89.5,54.0,majority_vote,8,RECONNAISSANCE,18,"(3, 27)",False,1,False,275
0,0.0,True,0.0,0.9932642015123488,0.9980790274520226,271,0,271.0,9,0,2,"(25, 2)",0,0.010771992818671455,93.0,52.0,majority_vote,9,RECONNAISSANCE,18,"(25, 2)",False,2,False,275
0,0.0,True,0.0,0.9,0.9,275,0,275.0,16,0,3,"(33, 8)",0,0.008968609865470852,69.0,25.333333333333332,majority_vote,16,RECONNAISSANCE,27,"(33, 8)",False,0,False,280
0,0.0,True,0.0,0.9878249410574438,0.9951344885442853,276,0,276.0,8,0,2,"(2, 20)",0,0.0242152466367713,89.5,54.0,majority_vote,8,RECONNAISSANCE,18,"(2, 23)",False,1,False,280
0,0.0,True,0.0,0.9944065337142605,0.9984383146759934,275,0,275.0,10,0,3,"(33, 50)",0,0.010762331838565023,92.0,49.333333333333336,majority_vote,10,RECONNAISSANCE,19,"(25, 6)",False,2,False,280
0,0.0,True,0.0,0.9,0.9,279,0,279.0,17,0,3,"(3, 8)",0,0.010762331838565023,69.0,25.333333333333332,majority_vote,17,RECONNAISSANCE,28,"(29, 8)",False,0,False,285
0,0.0,True,0.0,0.9878249410574438,0.9951344885442853,280,0,280.0,9,0,3,"(2, 41)",0,0.0242152466367713,94.66666666666667,50.0,majority_vote,9,RECONNAISSANCE,19,"(2, 21)",False,1,False,285
0,0.0,True,0.0,0.9953586469913278,0.9987219068419835,280,0,280.0,10,0,3,"(33, 50)",0,0.010762331838565023,92.0,49.333333333333336,majority_vote,10,RECONNAISSANCE,19,"(26, 10)",False,2,False,285
0,0.0,True,0.0,0.9,0.9,284,0,284.0,17,0,3,"(3, 8)",0,0.010762331838565023,69.0,25.333333333333332,majority_vote,17,RECONNAISSANCE,28,"(25, 9)",False,0,False,290
0,0.0,True,0.0,0.9878249410574438,0.9951344885442853,285,0,285.0,9,0,3,"(2, 41)",0,0.0242152466367713,94.66666666666667,50.0,majority_vote,9,RECONNAISSANCE,19,"(3, 25)",False,1,False,290
0,0.0,True,0.0,0.9961623180655809,0.9990206143489351,285,0,285.0,10,0,3,"(33, 50)",0,0.010762331838565023,92.0,49.333333333333336,majority_vote,10,RECONNAISSANCE,19,"(26, 15)",False,2,False,290
0,0.0,True,0.0,0.9,0.9,289,0,289.0,17,0,3,"(3, 8)",0,0.011659192825112108,69.0,25.333333333333332,majority_vote,17,RECONNAISSANCE,28,"(20, 9)",False,0,False,295
0,0.0,True,0.0,0.9878249410574438,0.9951344885442853,290,0,290.0,9,0,3,"(2, 41)",0,0.0242152466367713,94.66666666666667,50.0,majority_vote,9,RECONNAISSANCE,19,"(3, 30)",False,1,False,295
0,0.0,True,0.0,0.9967106985030637,0.9991634365774368,290,0,290.0,10,0,3,"(33, 50)",0,0.010762331838565023,92.0,49.333333333333336,majority_vote,10,RECONNAISSANCE,19,"(26, 20)",False,2,False,295
0,0.0,True,0.0,0.9,0.9,294,0,294.0,17,0,3,"(3, 8)",0,0.053763440860215055,69.0,25.333333333333332,majority_vote,17,ATTACK,29,"(16, 8)",False,0,False,300
0,0.0,True,0.0,0.9878249410574438,0.9951344885442853,295,0,295.0,9,0,3,"(2, 41)",0,0.04838709677419355,94.66666666666667,50.0,majority_vote,9,ATTACK,20,"(3, 35)",False,1,False,300
0,0.0,True,0.0,0.9967106985030637,0.9991634365774368,295,0,295.0,10,0,3,"(33, 50)",0,0.05197132616487455,92.0,49.333333333333336,majority_vote,10,ATTACK,20,"(28, 23)",False,2,False,300
0,0.0,True,0.0,0.9,0.9,299,0,299.0,17,0,3,"(3, 8)",0,0.0528673835125448,69.0,25.333333333333332,majority_vote,17,ATTACK,29,"(11, 8)",False,0,False,305
0,0.0,True,0.0,0.9878249410574438,0.9951344885442853,300,0,300.0,9,0,3,"(2, 41)",0,0.047491039426523295,94.66666666666667,50.0,majority_vote,9,ATTACK,20,"(3, 40)",False,1,False,305
0,0.0,True,0.0,0.9967106985030637,0.9991634365774368,300,0,300.0,10,0,3,"(33, 50)",0,0.0492831541218638,92.0,49.333333333333336,majority_vote,10,ATTACK,20,"(28, 28)",False,2,False,305
0,0.0,True,0.0,0.9,0.9,304,0,304.0,17,0,3,"(3, 8)",0,0.051075268817204304,69.0,25.333333333333332,majority_vote,17,ATTACK,29,"(6, 8)",False,0,False,310
0,0.0,True,0.0,0.9878249410574438,0.9951344885442853,304,0,304.0,10,0,3,"(15, 2)",0,0.043010752688172046,94.66666666666667,50.0,majority_vote,10,ATTACK,21,"(3, 40)",False,1,False,310
0,0.0,True,0.0,0.9967106985030637,0.9991634365774368,305,0,305.0,10,0,3,"(33, 50)",0,0.04659498207885305,92.0,49.333333333333336,majority_vote,10,ATTACK,20,"(28, 33)",False,2,False,310
0,0.0,True,0.0,0.9,0.9,308,0,308.0,18,0,4,"(2, 20)",0,0.05197132616487455,78.5,27.25,majority_vote,18,ATTACK,30,"(4, 8)",False,0,False,315
0,0.0,True,0.0,0.9878249410574438,0.9951344885442853,309,0,309.0,10,0,3,"(15, 2)",0,0.04032258064516129,94.66666666666667,50.0,majority_vote,10,ATTACK,21,"(5, 37)",False,1,False,315
0,0.0,True,0.0,0.9967106985030637,0.9991634365774368,310,0,310.0,11,0,3,"(33, 50)",0,0.043010752688172046,92.0,49.333333333333336,majority_vote,11,ATTACK,21,"(29, 37)",False,2,False,315
0,0.0,True,0.0,0.9,0.9,313,0,313.0,18,0,4,"(2, 20)",0,0.049107142857142856,78.5,27.25,majority_vote,18,ATTACK,30,"(9, 8)",False,0,False,320
0,0.0,True,0.0,0.9878249410574438,0.9951344885442853,314,0,314.0,10,0,3,"(15, 2)",0,0.039285714285714285,94.66666666666667,50.0,majority_vote,10,ATTACK,21,"(5, 32)",False,1,False,320
0,0.0,True,0.0,0.9967106985030637,0.9991634365774368,315,0,315.0,11,0,3,"(33, 50)",0,0.04285714285714286,92.0,49.333333333333336,majority_vote,11,ATTACK,21,"(30, 41)",False,2,False,320
0,0.0,True,0.0,0.9,0.9,318,0,318.0,18,0,4,"(2, 20)",0,0.045053003533568906,78.5,27.25,majority_vote,18,ATTACK,31,"(13, 9)",False,0,False,325
0,0.0,True,0.0,0.9878249410574438,0.9951344885442853,319,0,319.0,10,0,3,"(15, 2)",0,0.037985865724381625,94.66666666666667,50.0,majority_vote,10,ATTACK,22,"(5, 27)",False,1,False,325
0,0.0,True,0.0,0.9967106985030637,0.9991634365774368,320,0,320.0,12,0,3,"(33, 50)",0,0.04151943462897526,92.0,49.333333333333336,majority_vote,12,ATTACK,22,"(31, 45)",False,2,False,325
0,0.0,True,0.0,0.9,0.9,323,0,323.0,18,0,4,"(2, 20)",0,0.039647577092511016,78.5,27.25,majority_vote,18,ATTACK,31,"(14, 13)",False,0,False,330
0,0.0,True,0.0,0.9878249410574438,0.9951344885442853,324,0,324.0,10,0,3,"(15, 2)",0,0.033480176211453744,94.66666666666667,50.0,majority_vote,10,ATTACK,22,"(6, 23)",False,1,False,330
0,0.0,True,0.0,0.9967106985030637,0.9991634365774368,325,0,325.0,12,0,3,"(33, 50)",0,0.04140969162995595,92.0,49.333333333333336,majority_vote,12,ATTACK,22,"(33, 48)",False,2,False,330
0,0.0,True,0.0,0.9,0.9,328,0,328.0,18,0,4,"(2, 20)",0,0.038766519823788544,78.5,27.25,majority_vote,18,ATTACK,31,"(14, 18)",False,0,False,335
0,0.0,True,0.0,0.9878249410574438,0.9951344885442853,329,0,329.0,10,0,3,"(15, 2)",0,0.033480176211453744,94.66666666666667,50.0,majority_vote,10,ATTACK,22,"(9, 21)",False,1,False,335
0,0.0,True,0.0,0.9967106985030637,0.9991634365774368,329,0,329.0,13,0,3,"(33, 8)",0,0.04140969162995595,92.0,49.333333333333336,majority_vote,13,ATTACK,23,"(33, 48)",False,2,False,335
0,0.0,True,0.0,0.9,0.9,333,0,333.0,18,0,4,"(2, 20)",0,0.03612334801762115,78.5,27.25,majority_vote,18,ATTACK,31,"(12, 21)",False,0,False,340
4,0.0,True,0.0,0.9896104663601288,0.9960943089611204,334,0,334.0,10,0,3,"(15, 2)",0,0.03259911894273128,94.66666666666667,50.0,majority_vote,10,ATTACK,22,"(13, 20)",False,1,False,340
4,0.0,True,0.0,0.9967106985030637,0.9991634365774368,334,0,334.0,13,0,3,"(33, 8)",0,0.04052863436123348,92.0,49.333333333333336,majority_vote,13,ATTACK,23,"(30, 46)",False,2,False,340
0,0.0,True,0.0,0.9,0.9,338,0,338.0,18,0,4,"(2, 20)",0,0.03612334801762115,78.5,27.25,majority_vote,18,ATTACK,31,"(7, 21)",False,0,False,345
4,0.0,True,0.0,0.9911919607510575,0.9968773726807231,339,0,339.0,10,0,3,"(15, 2)",0,0.029955947136563875,94.66666666666667,50.0,majority_vote,10,ATTACK,22,"(14, 16)",False,1,False,345
4,0.0,True,0.0,0.9967106985030637,0.9991634365774368,339,0,339.0,13,0,3,"(33, 8)",0,0.04052863436123348,92.0,49.333333333333336,majority_vote,13,ATTACK,23,"(30, 41)",False,2,False,345
0,0.0,True,0.0,0.9,0.9,343,0,343.0,18,0,4,"(2, 20)",0,0.03612334801762115,78.5,27.25,majority_vote,18,ATTACK,32,"(2, 21)",False,0,False,350
4,0.0,True,0.0,0.9925553307409207,0.9974056554183505,344,0,344.0,10,0,3,"(15, 2)",0,0.029955947136563875,94.66666666666667,50.0,majority_vote,10,ATTACK,23,"(14, 11)",False,1,False,350
4,0.0,True,0.0,0.9967106985030637,0.9991634365774368,344,0,344.0,13,0,3,"(33, 8)",0,0.04052863436123348,92.0,49.333333333333336,majority_vote,13,ATTACK,24,"(29, 37)",False,2,False,350
0,0.0,True,0.0,0.9,0.9,347,0,347.0,19,0,4,"(24, 45)",0,0.03524229074889868,78.5,27.25,majority_vote,19,ATTACK,33,"(3, 22)",False,0,False,355
4,0.0,True,0.0,0.9937096220803198,0.9977992888101094,349,0,349.0,10,0,3,"(15, 2)",0,0.029955947136563875,94.66666666666667,50.0,majority_vote,10,ATTACK,23,"(14, 6)",False,1,False,355
4,0.0,True,0.0,0.9967106985030637,0.9991634365774368,349,0,349.0,13,0,3,"(33, 8)",0,0.04229074889867841,92.0,49.333333333333336,majority_vote,13,ATTACK,24,"(29, 32)",False,2,False,355
0,0.0,True,0.0,0.9,0.9,352,0,352.0,19,0,4,"(24, 45)",0,0.03536693191865606,78.5,27.25,majority_vote,19,ATTACK,33,"(8, 22)",False,0,False,360
4,0.0,True,0.0,0.9939188238790974,0.9978936580558709,354,0,354.0,10,0,3,"(15, 2)",0,0.030061892130857647,94.66666666666667,50.0,majority_vote,10,ATTACK,23,"(15, 2)",False,1,False,360
4,0.0,True,0.0,0.9967106985030637,0.9991634365774368,354,0,354.0,13,0,3,"(33, 8)",0,0.043209876543209874,92.0,49.333333333333336,majority_vote,13,ATTACK,24,"(29, 27)",False,2,False,360
0,0.0,True,0.0,0.9,0.9,357,0,357.0,19,0,4,"(24, 45)",0,0.03356890459363958,78.5,27.25,majority_vote,19,ATTACK,33,"(13, 22)",False,0,False,365
4,0.0,True,0.0,0.9939188238790974,0.9978936580558709,358,0,358.0,11,0,4,"(33, 50)",0,0.030035335689045935,90.25,50.75,majority_vote,11,ATTACK,24,"(15, 6)",False,1,False,365
4,0.0,True,0.0,0.9967106985030637,0.9991634365774368,359,0,359.0,13,0,3,"(33, 8)",0,0.042328042328042326,92.0,49.333333333333336,majority_vote,13,ATTACK,24,"(29, 22)",False,2,False,365
0,0.0,True,0.0,0.9,0.9,362,0,362.0,19,0,4,"(24, 45)",0,0.03356890459363958,78.5,27.25,majority_vote,19,ATTACK,33,"(18, 22)",False,0,False,370
4,0.0,True,0.0,0.9946804810009479,0.9980953640556356,363,0,363.0,11,0,4,"(33, 50)",0,0.030035335689045935,90.25,50.75,majority_vote,11,ATTACK,24,"(15, 11)",False,1,False,370
4,0.0,True,0.0,0.9967106985030637,0.9991634365774368,364,0,364.0,13,0,3,"(33, 8)",0,0.042328042328042326,92.0,49.333333333333336,majority_vote,13,ATTACK,24,"(29, 17)",False,2,False,370
0,0.0,True,0.0,0.9,0.9,367,0,367.0,20,0,4,"(24, 45)",0,0.029151943462897525,78.5,27.25,majority_vote,20,ATTACK,34,"(19, 26)",False,0,False,375
9,0.0,True,0.0,0.995340192940327,0.9983230190922189,368,0,368.0,12,0,4,"(33, 50)",0,0.03180212014134275,90.25,50.75,majority_vote,12,ATTACK,26,"(15, 16)",False,1,False,375
9,0.0,True,0.0,0.9967106985030637,0.9991634365774368,369,0,369.0,14,0,3,"(33, 8)",0,0.03350970017636684,92.0,49.333333333333336,majority_vote,14,ATTACK,25,"(30, 13)",False,2,False,375
0,0.0,True,0.0,0.9,0.9,372,0,372.0,20,0,4,"(24, 45)",0,0.027385159010600707,78.5,27.25,majority_vote,20,ATTACK,34,"(21, 29)",False,0,False,380
9,0.0,True,0.0,0.9960516486704825,0.9985817195965105,373,0,373.0,12,0,4,"(33, 50)",0,0.030918727915194347,90.25,50.75,majority_vote,12,ATTACK,26,"(18, 18)",False,1,False,380
9,0.0,True,0.0,0.9967106985030637,0.9991634365774368,374,0,374.0,14,0,3,"(33, 8)",0,0.031746031746031744,92.0,49.333333333333336,majority_vote,14,ATTACK,25,"(32, 10)",False,2,False,380
0,0.0,True,0.0,0.9,0.9,377,0,377.0,20,0,4,"(24, 45)",0,0.027385159010600707,78.5,27.25,majority_vote,20,ATTACK,34,"(21, 34)",False,0,False,385
9,0.0,True,0.0,0.9966594763428023,0.9988241866981994,378,0,378.0,12,0,4,"(33, 50)",0,0.030918727915194347,90.25,50.75,majority_vote,12,ATTACK,26,"(18, 23)",False,1,False,385
9,0.0,True,0.0,0.9967106985030637,0.9991634365774368,378,0,378.0,15,0,4,"(33, 30)",0,0.026455026455026454,96.0,49.75,majority_vote,15,ATTACK,26,"(33, 9)",False,2,False,385
0,0.0,True,0.0,0.9,0.9,382,0,382.0,20,0,4,"(24, 45)",0,0.022968197879858657,78.5,27.25,majority_vote,20,ATTACK,34,"(22, 38)",False,0,False,390
8,0.0,True,0.0,0.9971771275869004,0.9990170684516708,383,0,383.0,13,0,4,"(33, 50)",0,0.028268551236749116,90.25,50.75,majority_vote,13,ATTACK,27,"(19, 27)",False,1,False,390
8,0.0,True,0.0,0.9967106985030637,0.9991634365774368,383,0,383.0,15,0,4,"(33, 30)",0,0.021164021164021163,96.0,49.75,majority_vote,15,ATTACK,26,"(31, 12)",False,2,False,390
0,0.0,True,0.0,0.9,0.9,387,0,387.0,20,0,4,"(24, 45)",0,0.020318021201413426,78.5,27.25,majority_vote,20,ATTACK,34,"(25, 40)",False,0,False,395
6,0.0,True,0.0,0.9976153664231625,0.9991706328010683,388,0,388.0,13,0,4,"(33, 50)",0,0.026501766784452298,90.25,50.75,majority_vote,13,ATTACK,27,"(21, 30)",False,1,False,395
6,0.0,True,0.0,0.9967106985030637,0.9991634365774368,388,0,388.0,15,0,4,"(33, 30)",0,0.020282186948853614,96.0,49.75,majority_vote,15,ATTACK,26,"(29, 15)",False,2,False,395
0,0.0,True,0.0,0.9,0.9,392,0,392.0,20,0,4,"(24, 45)",0,0.01856763925729443,78.5,27.25,majority_vote,20,ATTACK,35,"(25, 45)",False,0,False,400
4,0.0,True,0.0,0.9979856269127698,0.9992980809780909,393,0,393.0,14,0,4,"(33, 50)",0,0.02475685234305924,90.25,50.75,majority_vote,14,ATTACK,28,"(22, 34)",False,1,False,400
4,0.0,True,0.0,0.9967106985030637,0.9991634365774368,393,0,393.0,15,0,4,"(33, 30)",0,0.020335985853227233,96.0,49.75,majority_vote,15,ATTACK,27,"(29, 20)",False,2,False,400
0,0.0,True,0.0,0.9,0.9,396,0,396.0,21,0,5,"(21, 17)",0,0.01856763925729443,80.4,31.8,majority_vote,21,ATTACK,36,"(25, 43)",False,0,False,405
4,0.0,True,0.0,0.9983004882470449,0.9994277085616985,398,0,398.0,14,0,4,"(33, 50)",0,0.022988505747126436,90.25,50.75,majority_vote,14,ATTACK,28,"(25, 36)",False,1,False,405
4,0.0,True,0.0,0.9967106985030637,0.9991634365774368,398,0,398.0,15,0,4,"(33, 30)",0,0.019451812555260833,96.0,49.75,majority_vote,15,ATTACK,27,"(29, 25)",False,2,False,405
0,0.0,True,0.0,0.9,0.9,401,0,401.0,21,0,5,"(21, 17)",0,0.01856763925729443,80.4,31.8,majority_vote,21,ATTACK,36,"(23, 40)",False,0,False,410
14,0.0,True,0.0,0.9985728564562223,0.9995565238621591,403,0,403.0,14,0,4,"(33, 50)",0,0.020335985853227233,90.25,50.75,majority_vote,14,ATTACK,28,"(29, 37)",False,1,False,410
14,0.0,True,0.0,0.9971764178241284,0.9992531597333042,403,0,403.0,15,0,4,"(33, 30)",0,0.01768346595932803,96.0,49.75,majority_vote,15,ATTACK,27,"(29, 30)",False,2,False,410
0,0.0,True,0.0,0.9,0.9,406,0,406.0,21,0,5,"(21, 17)",0,0.01856763925729443,80.4,31.8,majority_vote,21,ATTACK,36,"(22, 36)",False,0,False,415
14,0.0,True,0.0,0.9988068604346552,0.9996340522110191,408,0,408.0,14,0,4,"(33, 50)",0,0.01768346595932803,90.25,50.75,majority_vote,14,ATTACK,28,"(29, 42)",False,1,False,415
14,0.0,True,0.0,0.9972812962483752,0.9992739863090669,407,0,407.0,16,0,4,"(2, 41)",0,0.01768346595932803,96.0,49.75,majority_vote,16,ATTACK,28,"(33, 30)",False,2,False,415
0,0.0,True,0.0,0.9,0.9,411,0,411.0,21,0,5,"(21, 17)",0,0.01768346595932803,80.4,31.8,majority_vote,21,ATTACK,36,"(20, 33)",False,0,False,420
12,0.0,True,0.0,0.9990020559069916,0.999690203719572,413,0,413.0,14,0,4,"(33, 50)",0,0.015030946065428824,90.25,50.75,majority_vote,14,ATTACK,28,"(29, 47)",False,1,False,420
12,0.0,True,0.0,0.9975714511124859,0.9993349491400326,412,0,412.0,17,0,4,"(2, 41)",0,0.016799292661361626,96.0,49.75,majority_vote,17,ATTACK,29,"(28, 30)",False,2,False,420
0,0.0,True,0.0,0.9,0.9,416,0,416.0,21,0,5,"(21, 17)",0,0.01768346595932803,80.4,31.8,majority_vote,21,ATTACK,37,"(20, 28)",False,0,False,425
10,0.0,True,0.0,0.9991340005704002,0.9997253971940819,418,0,418.0,14,0,4,"(33, 50)",0,0.015030946065428824,90.25,50.75,majority_vote,14,ATTACK,29,"(31, 50)",False,1,False,425
10,0.0,True,0.0,0.9979872356665257,0.9994544270292133,417,0,417.0,18,0,4,"(2, 41)",0,0.016799292661361626,96.0,49.75,majority_vote,18,ATTACK,30,"(24, 31)",False,2,False,425
0,0.0,True,0.0,0.9,0.9,421,0,421.0,21,0,5,"(21, 17)",0,0.01768346595932803,80.4,31.8,majority_vote,21,ATTACK,37,"(19, 24)",False,0,False,430
8,0.0,True,0.0,0.9991340005704002,0.9997253971940819,422,0,422.0,15,0,4,"(33, 30)",0,0.01768346595932803,90.25,50.75,majority_vote,15,ATTACK,30,"(33, 48)",False,1,False,430
8,0.0,True,0.0,0.9983343524323436,0.9995591665611602,422,0,422.0,18,0,4,"(2, 41)",0,0.016799292661361626,96.0,49.75,majority_vote,18,ATTACK,30,"(21, 33)",False,2,False,430
0,0.0,True,0.0,0.9,0.9,426,0,426.0,21,0,5,"(21, 17)",0,0.016799292661361626,80.4,31.8,majority_vote,21,ATTACK,37,"(19, 19)",False,0,False,435
8,0.0,True,0.0,0.9991340005704002,0.9997253971940819,427,0,427.0,15,0,4,"(33, 30)",0,0.01768346595932803,90.25,50.75,majority_vote,15,ATTACK,30,"(30, 46)",False,1,False,435
8,0.0,True,0.0,0.9986203370359653,0.9996186191849324,427,0,427.0,18,0,4,"(2, 41)",0,0.016799292661361626,96.0,49.75,majority_vote,18,ATTACK,30,"(17, 34)",False,2,False,435
0,0.0,True,0.0,0.9,0.9,430,0,430.0,22,0,5,"(15, 2)",0,0.015084294587400177,80.4,31.8,majority_vote,22,ATTACK,38,"(21, 17)",False,0,False,440
8,0.0,True,0.0,0.9991340005704002,0.9997253971940819,432,0,432.0,15,0,4,"(33, 30)",0,0.015971606033717833,90.25,50.75,majority_vote,15,ATTACK,30,"(30, 41)",False,1,False,440
8,0.0,True,0.0,0.9987655329388583,0.9996466406916147,432,0,432.0,18,0,4,"(2, 41)",0,0.015084294587400177,96.0,49.75,majority_vote,18,ATTACK,30,"(12, 34)",False,2,False,440
0,0.0,True,0.0,0.9,0.9,435,0,435.0,22,0,5,"(15, 2)",0,0.014184397163120567,80.4,31.8,majority_vote,22,ATTACK,38,"(16, 17)",False,0,False,445
8,0.0,True,0.0,0.9992207295390215,0.999750233411921,437,0,437.0,15,0,4,"(33, 30)",0,0.015957446808510637,90.25,50.75,majority_vote,15,ATTACK,30,"(31, 39)",False,1,False,445
5,0.0,True,0.0,0.8169185300324258,0.8169185300324258,437,0,437.0,19,0,4,"(2, 41)",0,0.01152482269503546,96.0,49.75,majority_vote,19,ATTACK,31,"(12, 39)",False,2,False,445
0,0.0,True,0.0,0.9,0.9,440,0,440.0,22,0,5,"(15, 2)",0,0.057624113475177305,80.4,31.8,majority_vote,22,ATTACK,39,"(15, 13)",False,0,False,450
23,0.0,True,0.0,0.9992984379179259,0.9997716586519236,442,0,442.0,16,0,4,"(33, 30)",0,0.05221238938053097,90.25,50.75,majority_vote,16,ATTACK,31,"(31, 34)",False,1,False,450
15,0.0,True,0.0,0.6110231638325757,0.6110231638325757,442,0,442.0,19,0,4,"(2, 41)",0,0.061061946902654866,96.0,49.75,majority_vote,19,ATTACK,32,"(9, 41)",False,2,False,450
0,0.0,True,0.0,0.9,0.9,445,0,445.0,22,0,5,"(15, 2)",0,0.05673758865248227,80.4,31.8,majority_vote,22,ATTACK,39,"(15, 8)",False,0,False,455
23,0.0,True,0.0,0.9992984379179259,0.9997716586519236,447,0,447.0,16,0,4,"(33, 30)",0,0.05309734513274336,90.25,50.75,majority_vote,16,ATTACK,31,"(33, 31)",False,1,False,455
15,0.0,True,0.0,0.6110231638325757,0.6110231638325757,447,0,447.0,19,0,4,"(2, 41)",0,0.06017699115044248,96.0,49.75,majority_vote,19,ATTACK,32,"(4, 41)",False,2,False,455
0,0.0,True,0.0,0.9,0.9,450,0,450.0,22,0,5,"(15, 2)",0,0.05585106382978723,80.4,31.8,majority_vote,22,ATTACK,39,"(15, 3)",False,0,False,460
23,0.0,True,0.0,0.9992984379179259,0.9997716586519236,451,0,451.0,17,0,5,"(2, 50)",0,0.05221238938053097,91.4,46.4,majority_vote,17,ATTACK,32,"(30, 30)",False,1,False,460
15,0.0,True,0.0,0.6110231638325757,0.6110231638325757,451,0,451.0,20,0,5,"(21, 17)",0,0.05929203539823009,91.6,48.4,majority_vote,20,ATTACK,33,"(4, 41)",False,2,False,460
0,0.0,True,0.0,0.9,0.9,454,0,454.0,23,0,6,"(33, 30)",0,0.05673758865248227,77.0,30.166666666666668,majority_vote,23,ATTACK,40,"(15, 5)",False,0,False,465
23,0.0,True,0.0,0.9992984379179259,0.9997716586519236,456,0,456.0,17,0,5,"(2, 50)",0,0.05221238938053097,91.4,46.4,majority_vote,17,ATTACK,32,"(30, 35)",False,1,False,465
15,0.0,True,0.0,0.6110231638325757,0.6110231638325757,456,0,456.0,20,0,5,"(21, 17)",0,0.05929203539823009,91.6,48.4,majority_vote,20,ATTACK,33,"(7, 39)",False,2,False,465
0,0.0,True,0.0,0.9,0.9,459,0,459.0,23,0,6,"(33, 30)",0,0.053934571175950484,77.0,30.166666666666668,majority_vote,23,ATTACK,40,"(17, 8)",False,0,False,470
23,0.0,True,0.0,0.9992984379179259,0.9997716586519236,461,0,461.0,17,0,5,"(2, 50)",0,0.05119152691968226,91.4,46.4,majority_vote,17,ATTACK,32,"(29, 39)",False,1,False,470
15,0.0,True,0.0,0.6110231638325757,0.6110231638325757,461,0,461.0,21,0,5,"(21, 17)",0,0.05648720211827008,91.6,48.4,majority_vote,21,ATTACK,34,"(9, 36)",False,2,False,470
0,0.0,True,0.0,0.9,0.9,464,0,464.0,23,0,6,"(33, 30)",0,0.053791887125220456,77.0,30.166666666666668,majority_vote,23,ATTACK,41,"(17, 13)",False,0,False,475
23,0.0,True,0.0,0.9992984379179259,0.9997716586519236,466,0,466.0,17,0,5,"(2, 50)",0,0.05193661971830986,91.4,46.4,majority_vote,17,ATTACK,33,"(25, 40)",False,1,False,475
15,0.0,True,0.0,0.6110231638325757,0.6110231638325757,466,0,466.0,22,0,5,"(21, 17)",0,0.05545774647887324,91.6,48.4,majority_vote,22,ATTACK,35,"(10, 32)",False,2,False,475
0,0.0,True,0.0,0.9,0.9,469,0,469.0,23,0,6,"(33, 30)",0,0.05193661971830986,77.0,30.166666666666668,majority_vote,23,ATTACK,41,"(17, 18)",False,0,False,480
23,0.0,True,0.0,0.9992984379179259,0.9997716586519236,471,0,471.0,20,0,5,"(2, 50)",0,0.04745166959578207,91.4,46.4,majority_vote,20,ATTACK,36,"(25, 39)",False,1,False,480
15,0.0,True,0.0,0.6110231638325757,0.6110231638325757,471,0,471.0,22,0,5,"(21, 17)",0,0.05360281195079086,91.6,48.4,majority_vote,22,ATTACK,35,"(15, 32)",False,2,False,480
0,0.0,True,0.0,0.9,0.9,474,0,474.0,23,0,6,"(33, 30)",0,0.04665492957746479,77.0,30.166666666666668,majority_vote,23,ATTACK,41,"(18, 22)",False,0,False,485
28,0.0,True,0.0,0.9992984379179259,0.9997716586519236,476,0,476.0,20,0,5,"(2, 50)",0,0.04305799648506151,91.4,46.4,majority_vote,20,ATTACK,36,"(24, 37)",False,1,False,485
19,0.0,True,0.0,0.6110231638325757,0.6110231638325757,476,0,476.0,22,0,5,"(21, 17)",0,0.04569420035149385,91.6,48.4,majority_vote,22,ATTACK,35,"(19, 31)",False,2,False,485
0,0.0,True,0.0,0.9,0.9,479,0,479.0,23,0,6,"(33, 30)",0,0.040492957746478875,77.0,30.166666666666668,majority_vote,23,ATTACK,41,"(21, 24)",False,0,False,490
25,0.0,True,0.0,0.9992984379179259,0.9997716586519236,481,0,481.0,21,0,5,"(2, 50)",0,0.03866432337434095,91.4,46.4,majority_vote,21,ATTACK,37,"(19, 37)",False,1,False,490
16,0.0,True,0.0,0.6179084935172267,0.6703450068378133,481,0,481.0,22,0,5,"(21, 17)",0,0.040421792618629174,91.6,48.4,majority_vote,22,ATTACK,35,"(19, 26)",False,2,False,490
0,0.0,True,0.0,0.9,0.9,484,0,484.0,23,0,6,"(33, 30)",0,0.033391915641476276,77.0,30.166666666666668,majority_vote,23,ATTACK,41,"(21, 29)",False,0,False,495
21,0.0,True,0.0,0.9992984379179259,0.9997716586519236,486,0,486.0,21,0,5,"(2, 50)",0,0.029876977152899824,91.4,46.4,majority_vote,21,ATTACK,37,"(15, 38)",False,1,False,495
16,0.0,True,0.0,0.6396269012209617,0.7390680275104352,486,0,486.0,22,0,5,"(21, 17)",0,0.03866432337434095,91.6,48.4,majority_vote,22,ATTACK,35,"(19, 21)",False,2,False,495
0,0.0,True,0.0,0.9,0.9,489,0,489.0,23,0,6,"(33, 30)",0,0.030728709394205442,77.0,30.166666666666668,majority_vote,23,ATTACK,42,"(25, 30)",False,0,False,500
19,0.0,True,0.0,0.9992984379179259,0.9997716586519236,491,0,491.0,21,0,5,"(2, 50)",0,0.02633889376646181,91.4,46.4,majority_vote,21,ATTACK,38,"(13, 41)",False,1,False,500
16,0.0,True,0.0,0.6682952403144735,0.7821234976518752,491,0,491.0,22,0,5,"(21, 17)",0,0.03687445127304653,91.6,48.4,majority_vote,22,ATTACK,36,"(20, 17)",False,2,False,500
0,0.0,True,0.0,0.9,0.9,494,0,494.0,23,0,6,"(33, 30)",0,0.030728709394205442,77.0,30.166666666666668,majority_vote,23,ATTACK,42,"(30, 30)",False,0,False,505
19,0.0,True,0.0,0.9992984379179259,0.9997716586519236,496,0,496.0,21,0,5,"(2, 50)",0,0.024582967515364356,91.4,46.4,majority_vote,21,ATTACK,38,"(8, 41)",False,1,False,505
16,0.0,True,0.0,0.6682952403144735,0.7821234976518752,495,0,495.0,23,0,5,"(2, 50)",0,0.03687445127304653,91.6,48.4,majority_vote,23,ATTACK,37,"(18, 17)",False,2,False,505
0,0.0,True,0.0,0.9,0.9,498,0,498.0,24,0,6,"(25, 2)",0,0.030728709394205442,77.0,30.166666666666668,majority_vote,24,ATTACK,43,"(32, 30)",False,0,False,510
19,0.0,True,0.0,0.9992984379179259,0.9997716586519236,501,0,501.0,21,0,5,"(2, 50)",0,0.0228270412642669,91.4,46.4,majority_vote,21,ATTACK,38,"(4, 42)",False,1,False,510
16,0.0,True,0.0,0.6926388903192583,0.8083213433707789,500,0,500.0,23,0,5,"(2, 50)",0,0.03687445127304653,91.6,48.4,majority_vote,23,ATTACK,37,"(18, 22)",False,2,False,510
0,0.0,True,0.0,0.9,0.9,503,0,503.0,24,0,6,"(25, 2)",0,0.02897278314310799,77.0,30.166666666666668,majority_vote,24,ATTACK,43,"(29, 28)",False,0,False,515
19,0.0,True,0.0,0.9992984379179259,0.9997716586519236,506,0,506.0,21,0,5,"(2, 50)",0,0.021071115013169446,91.4,46.4,majority_vote,21,ATTACK,38,"(3, 46)",False,1,False,515
16,0.0,True,0.0,0.7229663235498822,0.8372751490136371,505,0,505.0,23,0,5,"(2, 50)",0,0.03511852502194908,91.6,48.4,majority_vote,23,ATTACK,37,"(18, 27)",False,2,False,515
0,0.0,True,0.0,0.9,0.9,508,0,508.0,24,0,6,"(25, 2)",0,0.02897278314310799,77.0,30.166666666666668,majority_vote,24,ATTACK,43,"(26, 26)",False,0,False,520
19,0.0,True,0.0,0.9992984379179259,0.9997716586519236,511,0,511.0,21,0,5,"(2, 50)",0,0.021071115013169446,91.4,46.4,majority_vote,21,ATTACK,38,"(2, 50)",False,1,False,520
16,0.0,True,0.0,0.752294570923049,0.86097585847577,510,0,510.0,23,0,5,"(2, 50)",0,0.03424056189640035,91.6,48.4,majority_vote,23,ATTACK,37,"(17, 31)",False,2,False,520
0,0.0,True,0.0,0.9,0.9,513,0,513.0,24,0,6,"(25, 2)",0,0.02897278314310799,77.0,30.166666666666668,majority_vote,24,ATTACK,44,"(25, 22)",False,0,False,525
33,0.0,True,0.0,0.9992984379179259,0.9997716586519236,515,0,515.0,23,0,5,"(24, 45)",0,0.033362598770851626,91.4,46.4,majority_vote,23,ATTACK,40,"(4, 48)",False,1,False,525
30,0.0,True,0.0,0.752294570923049,0.86097585847577,515,0,515.0,24,0,5,"(2, 50)",0,0.03424056189640035,91.6,48.4,majority_vote,24,ATTACK,38,"(12, 31)",False,2,False,525
0,0.0,True,0.0,0.9,0.9,518,0,518.0,24,0,6,"(25, 2)",0,0.027216856892010536,77.0,30.166666666666668,majority_vote,24,ATTACK,44,"(25, 17)",False,0,False,530
33,0.0,True,0.0,0.9992984379179259,0.9997716586519236,520,0,520.0,23,0,5,"(24, 45)",0,0.033362598770851626,91.4,46.4,majority_vote,23,ATTACK,40,"(6, 45)",False,1,False,530
30,0.0,True,0.0,0.752294570923049,0.86097585847577,520,0,520.0,24,0,5,"(2, 50)",0,0.030728709394205442,91.6,48.4,majority_vote,24,ATTACK,38,"(9, 33)",False,2,False,530
0,0.0,True,0.0,0.9,0.9,523,0,523.0,24,0,6,"(25, 2)",0,0.027216856892010536,77.0,30.166666666666668,majority_vote,24,ATTACK,44,"(25, 12)",False,0,False,535
33,0.0,True,0.0,0.9992984379179259,0.9997716586519236,525,0,525.0,23,0,5,"(24, 45)",0,0.03424056189640035,91.4,46.4,majority_vote,23,ATTACK,40,"(11, 45)",False,1,False,535
30,0.0,True,0.0,0.752294570923049,0.86097585847577,525,0,525.0,24,0,5,"(2, 50)",0,0.030728709394205442,91.6,48.4,majority_vote,24,ATTACK,38,"(7, 36)",False,2,False,535
0,0.0,True,0.0,0.9,0.9,528,0,528.0,24,0,6,"(25, 2)",0,0.02304964539007092,77.0,30.166666666666668,majority_vote,24,ATTACK,44,"(25, 7)",False,0,False,540
22,0.0,False,0.0,0.28866397345248357,0.28866397345248357,530,0,530.0,24,0,5,"(24, 45)",0,0.019417475728155338,91.4,46.4,majority_vote,24,ATTACK,41,"(16, 45)",False,1,False,540
30,0.0,True,0.0,0.752294570923049,0.86097585847577,530,0,530.0,24,0,5,"(2, 50)",0,0.03089143865842895,91.6,48.4,majority_vote,24,ATTACK,38,"(5, 39)",False,2,False,540
0,0.0,True,0.0,0.9,0.9,533,0,533.0,24,0,6,"(25, 2)",0,0.021164021164021163,77.0,30.166666666666668,majority_vote,24,ATTACK,44,"(25, 2)",False,0,False,545
14,0.0,False,0.0,0.13880108404189634,0.13880108404189634,535,0,535.0,25,0,5,"(24, 45)",0,0.010582010582010581,91.4,46.4,majority_vote,25,ATTACK,42,"(19, 47)",False,1,False,545
30,0.0,True,0.0,0.752294570923049,0.86097585847577,535,0,535.0,24,0,5,"(2, 50)",0,0.029982363315696647,91.6,48.4,majority_vote,24,ATTACK,38,"(5, 44)",False,2,False,545
0,0.0,True,0.0,0.9,0.9,537,0,537.0,25,0,7,"(33, 50)",0,0.021034180543382998,78.0,31.142857142857142,majority_vote,25,ATTACK,46,"(25, 6)",False,0,False,550
14,0.0,False,0.0,0.13880108404189634,0.13880108404189634,540,0,540.0,25,0,5,"(24, 45)",0,0.010517090271691499,91.4,46.4,majority_vote,25,ATTACK,43,"(22, 49)",False,1,False,550
30,0.0,True,0.0,0.752294570923049,0.86097585847577,540,0,540.0,24,0,5,"(2, 50)",0,0.029798422436459245,91.6,48.4,majority_vote,24,ATTACK,39,"(3, 47)",False,2,False,550
0,0.0,True,0.0,0.9,0.9,542,0,542.0,25,0,7,"(33, 50)",0,0.021034180543382998,78.0,31.142857142857142,majority_vote,25,ATTACK,46,"(26, 10)",False,0,False,555
14,0.0,False,0.0,0.13880108404189634,0.13880108404189634,545,0,545.0,25,0,5,"(24, 45)",0,0.011393514460999123,91.4,46.4,majority_vote,25,ATTACK,43,"(24, 46)",False,1,False,555
30,0.0,True,0.0,0.752294570923049,0.86097585847577,544,0,544.0,25,0,6,"(33, 50)",0,0.029798422436459245,92.5,49.166666666666664,majority_vote,25,ATTACK,40,"(2, 50)",False,2,False,555
0,0.0,True,0.0,0.9,0.9,547,0,547.0,25,0,7,"(33, 50)",0,0.021052631578947368,78.0,31.142857142857142,majority_vote,25,ATTACK,46,"(26, 15)",False,0,False,560
19,0.0,False,0.0,0.13880108404189634,0.13880108404189634,549,0,549.0,26,0,6,"(33, 8)",0,0.011403508771929825,92.83333333333333,44.666666666666664,majority_vote,26,ATTACK,44,"(26, 44)",False,1,False,560
35,0.0,True,0.0,0.752294570923049,0.86097585847577,549,0,549.0,25,0,6,"(33, 50)",0,0.03333333333333333,92.5,49.166666666666664,majority_vote,25,ATTACK,40,"(5, 48)",False,2,False,560
0,0.0,True,0.0,0.9,0.9,552,0,552.0,25,0,7,"(33, 50)",0,0.021052631578947368,78.0,31.142857142857142,majority_vote,25,ATTACK,46,"(26, 20)",False,0,False,565
16,0.0,False,0.0,0.13880108404189634,0.13880108404189634,554,0,554.0,26,0,6,"(33, 8)",0,0.012280701754385965,92.83333333333333,44.666666666666664,majority_vote,26,ATTACK,44,"(28, 41)",False,1,False,565
32,0.0,True,0.0,0.752294570923049,0.86097585847577,554,0,554.0,25,0,6,"(33, 50)",0,0.03070175438596491,92.5,49.166666666666664,majority_vote,25,ATTACK,40,"(8, 46)",False,2,False,565
0,0.0,True,0.0,0.9,0.9,557,0,557.0,25,0,7,"(33, 50)",0,0.021052631578947368,78.0,31.142857142857142,majority_vote,25,ATTACK,46,"(26, 25)",False,0,False,570
14,0.0,False,0.0,0.1483748802231176,0.21945244073080886,559,0,559.0,26,0,6,"(33, 8)",0,0.012280701754385965,92.83333333333333,44.666666666666664,majority_vote,26,ATTACK,44,"(29, 37)",False,1,False,570
25,0.0,True,0.0,0.540803208961546,0.540803208961546,559,0,559.0,27,0,6,"(33, 50)",0,0.028070175438596492,92.5,49.166666666666664,majority_vote,27,ATTACK,42,"(12, 47)",False,2,False,570
0,0.0,True,0.0,0.9,0.9,562,0,562.0,26,0,7,"(33, 50)",0,0.021034180543382998,78.0,31.142857142857142,majority_vote,26,ATTACK,47,"(26, 30)",False,0,False,575
14,0.0,False,0.0,0.1795649654361536,0.33129861997398946,564,0,564.0,26,0,6,"(33, 8)",0,0.013146362839614373,92.83333333333333,44.666666666666664,majority_vote,26,ATTACK,45,"(29, 32)",False,1,False,575
17,0.0,False,0.0,0.17205437380278188,0.17205437380278188,564,0,564.0,27,0,6,"(33, 50)",0,0.028045574057843997,92.5,49.166666666666664,majority_vote,27,ATTACK,46,"(15, 49)",False,2,False,575
0,0.0,True,0.0,0.9,0.9,567,0,567.0,26,0,7,"(33, 50)",0,0.021034180543382998,78.0,31.142857142857142,majority_vote,26,ATTACK,47,"(28, 33)",False,0,False,580
14,0.0,False,0.0,0.23352771142597023,0.46315689302034085,569,0,569.0,26,0,6,"(33, 8)",0,0.013146362839614373,92.83333333333333,44.666666666666664,majority_vote,26,ATTACK,45,"(29, 27)",False,1,False,580
13,0.0,False,0.0,0.109823497297304,0.109823497297304,569,0,569.0,27,0,6,"(33, 50)",0,0.024539877300613498,92.5,49.166666666666664,majority_vote,27,ATTACK,46,"(20, 49)",False,2,False,580
0,0.0,True,0.0,0.9,0.9,572,0,572.0,26,0,7,"(33, 50)",0,0.021034180543382998,78.0,31.142857142857142,majority_vote,26,ATTACK,47,"(29, 37)",False,0,False,585
14,0.0,True,0.0,0.29776171704868254,0.5477782545350071,574,0,574.0,26,0,6,"(33, 8)",0,0.014022787028921999,92.83333333333333,44.666666666666664,majority_vote,26,ATTACK,45,"(29, 22)",False,1,False,585
13,0.0,False,0.0,0.109823497297304,0.109823497297304,574,0,574.0,27,0,6,"(33, 50)",0,0.024539877300613498,92.5,49.166666666666664,majority_vote,27,ATTACK,46,"(25, 49)",False,2,False,585
0,0.0,True,0.0,0.9,0.9,577,0,577.0,26,0,7,"(33, 50)",0,0.021034180543382998,78.0,31.142857142857142,majority_vote,26,ATTACK,47,"(29, 42)",False,0,False,590
14,0.0,True,0.0,0.3644856215718849,0.6185597353253818,579,0,579.0,26,0,6,"(33, 8)",0,0.015775635407537247,92.83333333333333,44.666666666666664,majority_vote,26,ATTACK,45,"(29, 17)",False,1,False,590
13,0.0,False,0.0,0.11130677503789549,0.1394890521091338,579,0,579.0,27,0,6,"(33, 50)",0,0.025416301489921123,92.5,49.166666666666664,majority_vote,27,ATTACK,46,"(30, 49)",False,2,False,590
0,0.0,True,0.0,0.9,0.9,582,0,582.0,26,0,7,"(33, 50)",0,0.021034180543382998,78.0,31.142857142857142,majority_vote,26,ATTACK,47,"(29, 47)",False,0,False,595
14,0.0,True,0.0,0.4300310777223711,0.674607481069715,584,0,584.0,26,0,6,"(33, 8)",0,0.015775635407537247,92.83333333333333,44.666666666666664,majority_vote,26,ATTACK,45,"(29, 12)",False,1,False,595
16,0.0,False,0.0,0.14021737406549867,0.3018278660800049,583,0,583.0,28,0,6,"(2, 50)",0,0.024539877300613498,92.5,49.166666666666664,majority_vote,28,ATTACK,47,"(33, 50)",False,2,False,595
0,0.0,True,0.0,0.9,0.9,586,0,586.0,26,1,7,"(33, 50)",0,0.04645048203330412,78.0,31.142857142857142,majority_vote,26,ATTACK,48,"(30, 50)",False,0,False,600
14,0.0,True,0.0,0.47994298060126067,0.7119375504247497,589,0,589.0,26,0,6,"(33, 8)",0,0.05083260297984225,92.83333333333333,44.666666666666664,majority_vote,26,ATTACK,46,"(30, 8)",False,1,False,600
16,0.0,False,0.0,0.19849295323207505,0.45277181851885634,588,0,588.0,28,0,6,"(2, 50)",0,0.04645048203330412,92.5,49.166666666666664,majority_vote,28,ATTACK,48,"(30, 48)",False,2,False,600
0,0.0,True,0.0,0.9,0.9,590,0,590.0,27,1,7,"(3, 8)",0,0.044697633654688866,78.0,31.142857142857142,majority_vote,27,ATTACK,49,"(32, 50)",False,0,False,605
14,0.0,True,0.0,0.47994298060126067,0.7119375504247497,593,0,593.0,27,0,6,"(33, 50)",0,0.05083260297984225,92.83333333333333,44.666666666666664,majority_vote,27,ATTACK,47,"(33, 9)",False,1,False,605
16,0.0,True,0.0,0.2756405298794178,0.5832391378934375,593,0,593.0,30,0,6,"(2, 50)",0,0.04382120946538125,92.5,49.166666666666664,majority_vote,30,ATTACK,50,"(25, 48)",False,2,False,605
0,0.0,True,0.0,0.9,0.9,595,0,595.0,27,1,7,"(3, 8)",0,0.04382120946538125,78.0,31.142857142857142,majority_vote,27,ATTACK,49,"(29, 48)",False,0,False,610
14,0.0,True,0.0,0.47994298060126067,0.7119375504247497,598,0,598.0,27,0,6,"(33, 50)",0,0.04995617879053462,92.83333333333333,44.666666666666664,majority_vote,27,ATTACK,47,"(31, 12)",False,1,False,610
16,0.0,True,0.0,0.34088847791654225,0.6525249747697922,598,0,598.0,30,0,6,"(2, 50)",0,0.04294478527607362,92.5,49.166666666666664,majority_vote,30,ATTACK,50,"(21, 49)",False,2,False,610
0,0.0,True,0.0,0.9,0.9,600,0,600.0,27,1,7,"(3, 8)",0,0.03943908851884312,78.0,31.142857142857142,majority_vote,27,ATTACK,49,"(28, 44)",False,0,False,615
14,0.0,True,0.0,0.47994298060126067,0.7119375504247497,603,0,603.0,27,0,6,"(33, 50)",0,0.04820333041191937,92.83333333333333,44.666666666666664,majority_vote,27,ATTACK,47,"(28, 14)",False,1,False,615
16,0.0,True,0.0,0.34088847791654225,0.6525249747697922,603,0,603.0,30,0,6,"(2, 50)",0,0.04119193689745837,92.5,49.166666666666664,majority_vote,30,ATTACK,50,"(18, 47)",False,2,False,615
0,0.0,True,0.0,0.9,0.9,605,0,605.0,27,1,7,"(3, 8)",0,0.03511852502194908,78.0,31.142857142857142,majority_vote,27,ATTACK,49,"(28, 39)",False,0,False,620
14,0.0,True,0.0,0.47994298060126067,0.7119375504247497,608,0,608.0,27,0,6,"(33, 50)",0,0.04477611940298507,92.83333333333333,44.666666666666664,majority_vote,27,ATTACK,47,"(28, 19)",False,1,False,620
14,0.0,True,0.0,0.34088847791654225,0.6525249747697922,608,0,608.0,30,0,6,"(2, 50)",0,0.038630377524143986,92.5,49.166666666666664,majority_vote,30,ATTACK,50,"(13, 47)",False,2,False,620
0,0.0,True,0.0,0.9,0.9,610,0,610.0,28,1,7,"(3, 8)",0,0.03160667251975417,78.0,31.142857142857142,majority_vote,28,ATTACK,50,"(27, 35)",False,0,False,625
14,0.0,True,0.0,0.47994298060126067,0.7119375504247497,613,0,613.0,27,0,6,"(33, 50)",0,0.043898156277436345,92.83333333333333,44.666666666666664,majority_vote,27,ATTACK,48,"(28, 24)",False,1,False,625
14,0.0,True,0.0,0.34088847791654225,0.6525249747697922,613,0,613.0,30,0,6,"(2, 50)",0,0.038630377524143986,92.5,49.166666666666664,majority_vote,30,ATTACK,51,"(9, 46)",False,2,False,625
0,0.0,True,0.0,0.9,0.9,615,0,615.0,28,1,7,"(3, 8)",0,0.02897278314310799,78.0,31.142857142857142,majority_vote,28,ATTACK,50,"(25, 32)",False,0,False,630
17,0.0,True,0.0,0.515699575420406,0.7406905243223102,618,0,618.0,27,0,6,"(33, 50)",0,0.04302019315188762,92.83333333333333,44.666666666666664,majority_vote,27,ATTACK,48,"(28, 29)",False,1,False,630
17,0.0,True,0.0,0.34088847791654225,0.6525249747697922,618,0,618.0,30,0,6,"(2, 50)",0,0.038630377524143986,92.5,49.166666666666664,majority_vote,30,ATTACK,51,"(5, 47)",False,2,False,630
0,0.0,True,0.0,0.9,0.9,620,0,620.0,28,1,7,"(3, 8)",0,0.02897278314310799,78.0,31.142857142857142,majority_vote,28,ATTACK,50,"(25, 27)",False,0,False,635
17,0.0,True,0.0,0.5742350820843841,0.7931425761100946,623,0,623.0,27,0,6,"(33, 50)",0,0.03511852502194908,92.83333333333333,44.666666666666664,majority_vote,27,ATTACK,48,"(28, 34)",False,1,False,635
17,0.0,True,0.0,0.34088847791654225,0.6525249747697922,623,0,623.0,30,0,6,"(2, 50)",0,0.03424056189640035,92.5,49.166666666666664,majority_vote,30,ATTACK,51,"(3, 50)",False,2,False,635
0,0.0,True,0.0,0.9,0.9,625,0,625.0,28,1,7,"(3, 8)",0,0.029490616621983913,78.0,31.142857142857142,majority_vote,28,ATTACK,50,"(25, 22)",False,0,False,640
17,0.0,True,0.0,0.6286704675489294,0.8262584505335316,628,0,628.0,27,0,6,"(33, 50)",0,0.032171581769437,92.83333333333333,44.666666666666664,majority_vote,27,ATTACK,48,"(28, 39)",False,1,False,640
17,0.0,True,0.0,0.34088847791654225,0.6525249747697922,627,0,627.0,31,0,7,"(15, 2)",0,0.03395889186773905,91.0,48.142857142857146,majority_vote,31,ATTACK,52,"(4, 49)",False,2,False,640
0,0.0,True,0.0,0.9,0.9,630,0,630.0,28,1,7,"(3, 8)",0,0.029490616621983913,78.0,31.142857142857142,majority_vote,28,ATTACK,50,"(25, 17)",False,0,False,645
17,0.0,True,0.0,0.6771815420016484,0.8527479070392393,633,0,633.0,27,0,6,"(33, 50)",0,0.03127792672028597,92.83333333333333,44.666666666666664,majority_vote,27,ATTACK,48,"(29, 43)",False,1,False,645
17,0.0,True,0.0,0.34088847791654225,0.6525249747697922,632,0,632.0,31,0,7,"(15, 2)",0,0.03306523681858802,91.0,48.142857142857146,majority_vote,31,ATTACK,52,"(6, 46)",False,2,False,645
0,0.0,True,0.0,0.9,0.9,635,0,635.0,28,1,7,"(3, 8)",0,0.029490616621983913,78.0,31.142857142857142,majority_vote,28,ATTACK,51,"(20, 17)",False,0,False,650
17,0.0,True,0.0,0.7201448669384493,0.8751221607858196,638,0,638.0,27,0,6,"(33, 50)",0,0.03127792672028597,92.83333333333333,44.666666666666664,majority_vote,27,ATTACK,49,"(29, 48)",False,1,False,650
17,0.0,True,0.0,0.34088847791654225,0.6525249747697922,637,0,637.0,32,0,7,"(15, 2)",0,0.03395889186773905,91.0,48.142857142857146,majority_vote,32,ATTACK,53,"(10, 45)",False,2,False,650
0,0.0,True,0.0,0.9,0.9,640,0,640.0,28,1,7,"(3, 8)",0,0.029490616621983913,78.0,31.142857142857142,majority_vote,28,ATTACK,51,"(16, 16)",False,0,False,655
17,0.0,True,0.0,0.7582368853864784,0.8973477235710593,643,0,643.0,27,0,6,"(33, 50)",0,0.028596961572832886,92.83333333333333,44.666666666666664,majority_vote,27,ATTACK,49,"(32, 50)",False,1,False,655
17,0.0,True,0.0,0.34088847791654225,0.6525249747697922,642,0,642.0,32,0,7,"(15, 2)",0,0.032171581769437,91.0,48.142857142857146,majority_vote,32,ATTACK,53,"(15, 45)",False,2,False,655
0,0.0,True,0.0,0.9,0.9,645,0,645.0,28,1,7,"(3, 8)",0,0.02456778889899909,78.0,31.142857142857142,majority_vote,28,ATTACK,51,"(16, 11)",False,0,False,660
17,0.0,True,0.0,0.7725297060098238,0.9076658842007741,647,0,647.0,28,0,7,"(25, 2)",0,0.026484018264840183,93.85714285714286,45.857142857142854,majority_vote,28,ATTACK,50,"(30, 50)",False,1,False,660
16,0.0,True,0.0,0.34910482075245897,0.5052153346348769,647,0,647.0,32,0,7,"(15, 2)",0,0.0273972602739726,91.0,48.142857142857146,majority_vote,32,ATTACK,53,"(15, 40)",False,2,False,660
0,0.0,True,0.0,0.9,0.9,650,0,650.0,28,1,7,"(3, 8)",0,0.020928116469517744,78.0,31.142857142857142,majority_vote,28,ATTACK,51,"(14, 8)",False,0,False,665
50,0.0,True,0.0,0.7725297060098238,0.9076658842007741,652,0,652.0,28,0,7,"(25, 2)",0,0.04200913242009133,93.85714285714286,45.857142857142854,majority_vote,28,ATTACK,50,"(29, 46)",False,1,False,665
46,1.715999999999994,False,1.715999999999994,0.2010444866347395,0.2010444866347395,652,0,652.0,32,0,7,"(15, 2)",0,0.0228310502283105,91.0,48.142857142857146,majority_vote,32,ATTACK,56,"(15, 35)",False,2,False,665
0,0.0,True,0.0,0.9,0.9,655,0,655.0,28,1,7,"(3, 8)",0,0.020833333333333332,78.0,31.142857142857142,majority_vote,28,ATTACK,51,"(9, 8)",False,0,False,670
38,0.0,True,0.0,0.7793977988395548,0.9098915626044443,657,0,657.0,28,0,7,"(25, 2)",0,0.03090909090909091,93.85714285714286,45.857142857142854,majority_vote,28,ATTACK,50,"(28, 42)",False,1,False,670
34,1.715999999999994,False,1.715999999999994,0.21049557826491055,0.279565409220694,657,0,657.0,32,0,7,"(15, 2)",0,0.022727272727272728,91.0,48.142857142857146,majority_vote,32,ATTACK,56,"(15, 30)",False,2,False,670
0,0.0,True,0.0,0.9,0.9,660,0,660.0,28,1,7,"(3, 8)",0,0.01895306859205776,78.0,31.142857142857142,majority_vote,28,ATTACK,52,"(4, 8)",False,0,False,675
38,0.0,True,0.0,0.7793977988395548,0.9098915626044443,662,0,662.0,28,0,7,"(25, 2)",0,0.029891304347826088,93.85714285714286,45.857142857142854,majority_vote,28,ATTACK,51,"(27, 38)",False,1,False,675
34,1.187356107880106,False,1.187356107880106,0.23858610708433425,0.366955113359942,662,0,662.0,33,0,7,"(15, 2)",34,0.02355072463768116,91.0,48.142857142857146,majority_vote,33,ATTACK,58,"(16, 26)",True,2,True,675
0,0.0,True,0.0,0.9,0.9,664,0,664.0,29,1,8,"(13, 50)",0,0.017907634307257305,84.625,36.375,majority_vote,29,ATTACK,53,"(6, 8)",False,0,False,680
38,0.0,True,0.0,0.798721481231265,0.9172399848673991,667,0,667.0,28,0,7,"(25, 2)",0,0.029217719132893498,93.85714285714286,45.857142857142854,majority_vote,28,ATTACK,51,"(27, 33)",False,1,False,680
34,1.187356107880106,False,1.187356107880106,0.2805841140070069,0.4587189427291382,667,0,667.0,34,0,7,"(15, 2)",34,0.030160226201696512,91.0,48.142857142857146,majority_vote,34,ATTACK,59,"(16, 21)",True,2,True,680
0,0.0,True,0.0,0.9,0.9,669,0,669.0,29,1,8,"(13, 50)",0,0.018796992481203006,84.625,36.375,majority_vote,29,ATTACK,53,"(11, 8)",False,0,False,685
38,0.0,True,0.0,0.8271842701430786,0.928727425034232,672,0,672.0,28,0,7,"(25, 2)",0,0.02631578947368421,93.85714285714286,45.857142857142854,majority_vote,28,ATTACK,51,"(27, 28)",False,1,False,685
18,0.0,False,0.0,0.2971700159940253,0.2971700159940253,672,0,672.0,35,0,7,"(15, 2)",0,0.023496240601503758,91.0,48.142857142857146,majority_vote,35,ATTACK,60,"(17, 17)",False,2,False,685
0,0.0,True,0.0,0.9,0.9,674,0,674.0,29,1,8,"(13, 50)",0,0.018796992481203006,84.625,36.375,majority_vote,29,ATTACK,53,"(13, 11)",False,0,False,690
31,0.0,True,0.0,0.8516237643354804,0.9392006942052963,677,0,677.0,28,0,7,"(25, 2)",0,0.021616541353383457,93.85714285714286,45.857142857142854,majority_vote,28,ATTACK,51,"(27, 23)",False,1,False,690
13,0.0,False,0.0,0.313796055628408,0.42655228805232515,677,0,677.0,35,0,7,"(15, 2)",0,0.018796992481203006,91.0,48.142857142857146,majority_vote,35,ATTACK,60,"(22, 17)",False,2,False,690
0,0.0,True,0.0,0.9,0.9,679,0,679.0,29,1,8,"(13, 50)",0,0.018796992481203006,84.625,36.375,majority_vote,29,ATTACK,53,"(15, 14)",False,0,False,695
18,0.0,True,0.0,0.8728292755329765,0.9488003423482145,682,0,682.0,28,0,7,"(25, 2)",0,0.020676691729323307,93.85714285714286,45.857142857142854,majority_vote,28,ATTACK,51,"(27, 18)",False,1,False,695
13,0.0,True,0.0,0.345380888824672,0.509889258023509,682,0,682.0,35,0,7,"(15, 2)",0,0.018796992481203006,91.0,48.142857142857146,majority_vote,35,ATTACK,60,"(25, 15)",False,2,False,695
0,0.0,True,0.0,0.9,0.9,684,0,684.0,30,1,8,"(13, 50)",0,0.018796992481203006,84.625,36.375,majority_vote,30,ATTACK,54,"(14, 18)",False,0,False,700
22,0.0,True,0.0,0.884081795981143,0.9530012905073485,687,0,687.0,29,0,7,"(25, 2)",0,0.020676691729323307,93.85714285714286,45.857142857142854,majority_vote,29,ATTACK,52,"(26, 14)",False,1,False,700
18,0.0,True,0.0,0.345380888824672,0.509889258023509,687,0,687.0,35,0,7,"(15, 2)",0,0.019736842105263157,91.0,48.142857142857146,majority_vote,35,ATTACK,61,"(25, 10)",False,2,False,700
0,0.0,True,0.0,0.9,0.9,689,0,689.0,30,1,8,"(13, 50)",0,0.019498607242339833,84.625,36.375,majority_vote,30,ATTACK,54,"(13, 22)",False,0,False,705
22,0.0,True,0.0,0.8876166347150851,0.9547785706599848,692,0,692.0,29,0,7,"(25, 2)",0,0.019498607242339833,93.85714285714286,45.857142857142854,majority_vote,29,ATTACK,52,"(25, 10)",False,1,False,705
18,0.0,True,0.0,0.3733873019277694,0.5567900145006602,692,0,692.0,35,0,7,"(15, 2)",0,0.019498607242339833,91.0,48.142857142857146,majority_vote,35,ATTACK,61,"(21, 9)",False,2,False,705
0,0.0,True,0.0,0.9,0.9,694,0,694.0,30,1,8,"(13, 50)",0,0.01937269372693727,84.625,36.375,majority_vote,30,ATTACK,54,"(12, 26)",False,0,False,710
22,0.0,True,0.0,0.891040303755806,0.9560900155295037,697,0,697.0,29,0,7,"(25, 2)",0,0.01937269372693727,93.85714285714286,45.857142857142854,majority_vote,29,ATTACK,52,"(25, 5)",False,1,False,710
18,0.0,True,0.0,0.42502161953311546,0.6263371460099969,697,0,697.0,35,0,7,"(15, 2)",0,0.02029520295202952,91.0,48.142857142857146,majority_vote,35,ATTACK,61,"(16, 9)",False,2,False,710
0,0.0,True,0.0,0.9,0.9,699,0,699.0,30,1,8,"(13, 50)",0,0.01928374655647383,84.625,36.375,majority_vote,30,ATTACK,54,"(12, 31)",False,0,False,715
22,0.0,True,0.0,0.891040303755806,0.9560900155295037,701,0,701.0,30,0,7,"(33, 30)",0,0.018365472910927456,93.85714285714286,45.857142857142854,majority_vote,30,ATTACK,53,"(25, 3)",False,1,False,715
18,0.0,True,0.0,0.4789291646438622,0.6857787084481765,702,0,702.0,35,0,7,"(15, 2)",0,0.020202020202020204,91.0,48.142857142857146,majority_vote,35,ATTACK,61,"(15, 5)",False,2,False,715
0,0.0,True,0.0,0.9,0.9,704,0,704.0,30,1,8,"(13, 50)",0,0.018365472910927456,84.625,36.375,majority_vote,30,ATTACK,54,"(12, 36)",False,0,False,720
20,0.0,True,0.0,0.891040303755806,0.9560900155295037,706,0,706.0,30,0,7,"(33, 30)",0,0.017447199265381085,93.85714285714286,45.857142857142854,majority_vote,30,ATTACK,53,"(26, 7)",False,1,False,720
18,0.0,True,0.0,0.4789291646438622,0.6857787084481765,706,0,706.0,36,0,7,"(24, 45)",0,0.021120293847566574,91.0,48.142857142857146,majority_vote,36,ATTACK,62,"(15, 3)",False,2,False,720
0,0.0,True,0.0,0.9,0.9,709,0,709.0,30,1,8,"(13, 50)",0,0.015610651974288337,84.625,36.375,majority_vote,30,ATTACK,55,"(12, 41)",False,0,False,725
8,0.0,True,0.0,0.891040303755806,0.9560900155295037,711,0,711.0,31,0,7,"(33, 30)",0,0.014692378328741965,93.85714285714286,45.857142857142854,majority_vote,31,ATTACK,54,"(26, 12)",False,1,False,725
13,0.0,True,0.0,0.4789291646438622,0.6857787084481765,711,0,711.0,37,0,7,"(24, 45)",0,0.020202020202020204,91.0,48.142857142857146,majority_vote,37,ATTACK,63,"(15, 8)",False,2,False,725
0,0.0,True,0.0,0.9,0.9,714,0,714.0,30,1,8,"(13, 50)",0,0.015610651974288337,84.625,36.375,majority_vote,30,ATTACK,55,"(12, 46)",False,0,False,730
6,0.0,True,0.0,0.891040303755806,0.9560900155295037,716,0,716.0,31,0,7,"(33, 30)",0,0.014692378328741965,93.85714285714286,45.857142857142854,majority_vote,31,ATTACK,54,"(28, 15)",False,1,False,730
11,0.0,True,0.0,0.5113207200763055,0.7146168367066794,716,0,716.0,37,0,7,"(24, 45)",0,0.020202020202020204,91.0,48.142857142857146,majority_vote,37,ATTACK,63,"(17, 11)",False,2,False,730
0,0.0,True,0.0,0.9,0.9,719,0,719.0,30,1,8,"(13, 50)",0,0.017447199265381085,84.625,36.375,majority_vote,30,ATTACK,55,"(13, 50)",False,0,False,735
41,0.0,True,0.0,0.891040303755806,0.9560900155295037,721,0,721.0,31,0,7,"(33, 30)",0,0.02203856749311295,93.85714285714286,45.857142857142854,majority_vote,31,ATTACK,54,"(29, 19)",False,1,False,735
46,0.0,True,0.0,0.5626868641459883,0.7533179455329955,721,0,721.0,37,0,7,"(24, 45)",0,0.020202020202020204,91.0,48.142857142857146,majority_vote,37,ATTACK,64,"(18, 15)",False,2,False,735
0,0.0,True,0.0,0.9,0.9,723,0,723.0,31,1,8,"(33, 50)",0,0.017447199265381085,84.625,36.375,majority_vote,31,ATTACK,56,"(17, 50)",False,0,False,740
41,0.0,True,0.0,0.891040303755806,0.9560900155295037,726,0,726.0,31,0,7,"(33, 30)",0,0.02203856749311295,93.85714285714286,45.857142857142854,majority_vote,31,ATTACK,54,"(29, 24)",False,1,False,740
46,0.0,True,0.0,0.6111509967351706,0.7910278767869147,726,0,726.0,37,0,7,"(24, 45)",0,0.020202020202020204,91.0,48.142857142857146,majority_vote,37,ATTACK,64,"(18, 20)",False,2,False,740
0,0.0,True,0.0,0.9,0.9,728,0,728.0,31,1,8,"(33, 50)",0,0.017447199265381085,84.625,36.375,majority_vote,31,ATTACK,56,"(21, 49)",False,0,False,745
41,0.0,True,0.0,0.891040303755806,0.9560900155295037,731,0,731.0,31,0,7,"(33, 30)",0,0.02203856749311295,93.85714285714286,45.857142857142854,majority_vote,31,ATTACK,54,"(29, 29)",False,1,False,745
46,0.0,True,0.0,0.6562344339585171,0.8207289350798112,731,0,731.0,37,0,7,"(24, 45)",0,0.020202020202020204,91.0,48.142857142857146,majority_vote,37,ATTACK,64,"(18, 25)",False,2,False,745
0,0.0,True,0.0,0.9,0.9,733,0,733.0,31,1,8,"(33, 50)",0,0.05601469237832874,84.625,36.375,majority_vote,31,ATTACK,57,"(26, 49)",False,0,False,750
41,0.0,True,0.0,0.891040303755806,0.9560900155295037,736,0,736.0,31,0,7,"(33, 30)",0,0.0743801652892562,93.85714285714286,45.857142857142854,majority_vote,31,ATTACK,55,"(33, 30)",False,1,False,750
46,0.6239999999999952,True,0.6239999999999952,0.6889289317530071,0.8386680765962936,736,0,736.0,38,0,7,"(24, 45)",0,0.05601469237832874,91.0,48.142857142857146,majority_vote,38,ATTACK,65,"(18, 30)",False,2,False,750
0,0.0,True,0.0,0.9,0.9,738,0,738.0,31,1,8,"(33, 50)",0,0.04499540863177227,84.625,36.375,majority_vote,31,ATTACK,57,"(31, 49)",False,0,False,755
41,0.0,True,0.0,0.891040303755806,0.9560900155295037,740,0,740.0,32,0,8,"(33, 50)",0,0.06611570247933884,93.875,44.75,majority_vote,32,ATTACK,56,"(31, 32)",False,1,False,755
46,0.6039999999999992,True,0.6039999999999992,0.6889289317530071,0.8386680765962936,741,0,741.0,38,0,7,"(24, 45)",0,0.04315886134067952,91.0,48.142857142857146,majority_vote,38,ATTACK,65,"(18, 35)",False,2,False,755
0,0.0,True,0.0,0.9,0.9,742,0,742.0,32,1,9,"(2, 50)",0,0.04040404040404041,84.33333333333333,34.888888888888886,majority_vote,32,ATTACK,58,"(32, 50)",False,0,False,760
41,0.0,True,0.0,0.891040303755806,0.9560900155295037,745,0,745.0,33,0,8,"(33, 50)",0,0.06519742883379247,93.875,44.75,majority_vote,33,ATTACK,57,"(27, 33)",False,1,False,760
41,0.5839999999999996,True,0.5839999999999996,0.6889289317530071,0.8386680765962936,746,0,746.0,39,0,7,"(24, 45)",0,0.03673094582185491,91.0,48.142857142857146,majority_vote,39,ATTACK,66,"(21, 37)",False,2,False,760
0,0.0,True,0.0,0.9,0.9,747,0,747.0,32,1,9,"(2, 50)",0,0.03397612488521579,84.33333333333333,34.888888888888886,majority_vote,32,ATTACK,58,"(27, 50)",False,0,False,765
28,44.31732853387567,True,44.31732853387567,0.891040303755806,0.9560900155295037,750,0,750.0,33,0,8,"(33, 50)",28,0.047750229568411386,93.875,44.75,majority_vote,33,ATTACK,57,"(25, 36)",True,1,True,765
32,0.5599999999999987,True,0.5599999999999987,0.6889289317530071,0.8386680765962936,751,0,751.0,41,0,7,"(24, 45)",0,0.030303030303030304,91.0,48.142857142857146,majority_vote,41,ATTACK,68,"(26, 37)",False,2,False,765
0,0.0,True,0.0,0.9,0.9,752,0,752.0,32,1,9,"(2, 50)",0,0.02938475665748393,84.33333333333333,34.888888888888886,majority_vote,32,ATTACK,58,"(22, 50)",False,0,False,770
28,0.9182528756633914,True,0.9182528756633914,0.891040303755806,0.9560900155295037,755,0,755.0,33,0,8,"(33, 50)",0,0.031221303948576674,93.875,44.75,majority_vote,33,ATTACK,57,"(20, 36)",False,1,False,770
9,0.0,True,0.0,0.7116046975307027,0.8523443185967715,756,0,756.0,41,0,7,"(24, 45)",0,0.030303030303030304,91.0,48.142857142857146,majority_vote,41,ATTACK,68,"(26, 42)",False,2,False,770
0,0.0,True,0.0,0.9,0.9,757,0,757.0,33,1,9,"(2, 50)",0,0.023875114784205693,84.33333333333333,34.888888888888886,majority_vote,33,ATTACK,59,"(19, 48)",False,0,False,775
28,2.1153649329842565,True,2.1153649329842565,0.891040303755806,0.9560900155295037,760,0,760.0,34,0,8,"(33, 50)",28,0.02662993572084481,93.875,44.75,majority_vote,34,ATTACK,58,"(20, 39)",True,1,True,775
12,0.0,True,0.0,0.7467545770116312,0.8757844129483184,761,0,761.0,41,0,7,"(24, 45)",0,0.027548209366391185,91.0,48.142857142857146,majority_vote,41,ATTACK,69,"(24, 45)",False,2,False,775
0,0.0,True,0.0,0.9,0.9,762,0,762.0,33,1,9,"(2, 50)",0,0.023985239852398525,84.33333333333333,34.888888888888886,majority_vote,33,ATTACK,59,"(16, 46)",False,0,False,780
17,0.18661859451975715,True,0.18661859451975715,0.9007240059491548,0.9601551947563304,765,0,765.0,34,0,8,"(33, 50)",17,0.024907749077490774,93.875,44.75,majority_vote,34,ATTACK,58,"(25, 39)",True,1,True,780
12,0.0,True,0.0,0.7727982832969063,0.8943253094394173,765,0,765.0,42,0,8,"(33, 50)",0,0.027548209366391185,97.0,49.25,majority_vote,42,ATTACK,70,"(24, 49)",False,2,False,780
0,0.0,True,0.0,0.9,0.9,767,0,767.0,34,1,9,"(2, 50)",0,0.02214022140221402,84.33333333333333,34.888888888888886,majority_vote,34,ATTACK,60,"(11, 46)",False,0,False,785
12,0.0,True,0.0,0.9148871378989417,0.9651958198649405,770,0,770.0,34,0,8,"(33, 50)",0,0.023985239852398525,93.875,44.75,majority_vote,34,ATTACK,58,"(29, 40)",False,1,False,785
12,0.0,True,0.0,0.8030270784208888,0.9128852316545165,770,0,770.0,42,0,8,"(33, 50)",0,0.027548209366391185,97.0,49.25,majority_vote,42,ATTACK,70,"(29, 49)",False,2,False,785
0,0.0,True,0.0,0.9,0.9,772,0,772.0,35,1,9,"(2, 50)",0,0.016605166051660517,84.33333333333333,34.888888888888886,majority_vote,35,ATTACK,61,"(8, 44)",False,0,False,790
12,0.0,True,0.0,0.9269156364759552,0.9698418547783754,775,0,775.0,34,0,8,"(33, 50)",0,0.023985239852398525,93.875,44.75,majority_vote,34,ATTACK,58,"(30, 44)",False,1,False,790
12,0.0,True,0.0,0.8301811241729499,0.9286033425676896,775,0,775.0,42,0,8,"(33, 50)",0,0.027548209366391185,97.0,49.25,majority_vote,42,ATTACK,70,"(33, 50)",False,2,False,790
0,0.0,True,0.0,0.9,0.9,777,0,777.0,35,1,9,"(2, 50)",0,0.015682656826568265,84.33333333333333,34.888888888888886,majority_vote,35,ATTACK,61,"(6, 41)",False,0,False,795
11,0.0,True,0.0,0.9372872753911852,0.9744541680445317,780,0,780.0,34,0,8,"(33, 50)",0,0.023985239852398525,93.875,44.75,majority_vote,34,ATTACK,58,"(30, 49)",False,1,False,795
11,0.0,True,0.0,0.8301811241729499,0.9286033425676896,779,0,779.0,43,0,8,"(24, 45)",0,0.027548209366391185,97.0,49.25,majority_vote,43,ATTACK,71,"(29, 50)",False,2,False,795
0,0.0,True,0.0,0.9,0.9,782,0,782.0,35,1,9,"(2, 50)",0,0.015682656826568265,84.33333333333333,34.888888888888886,majority_vote,35,ATTACK,62,"(3, 43)",False,0,False,800
11,0.0,True,0.0,0.941045199273534,0.9764807879889333,784,0,784.0,35,0,8,"(24, 45)",0,0.02214022140221402,93.875,44.75,majority_vote,35,ATTACK,60,"(33, 50)",False,1,False,800
11,0.0,True,0.0,0.8301811241729499,0.9286033425676896,784,0,784.0,43,0,8,"(24, 45)",0,0.027548209366391185,97.0,49.25,majority_vote,43,ATTACK,72,"(27, 47)",False,2,False,800
0,0.0,True,0.0,0.9,0.9,787,0,787.0,35,1,9,"(2, 50)",0,0.015682656826568265,84.33333333333333,34.888888888888886,majority_vote,35,ATTACK,62,"(3, 48)",False,0,False,805
11,0.0,True,0.0,0.9446037994354387,0.9778759748525596,789,0,789.0,35,0,8,"(24, 45)",0,0.02214022140221402,93.875,44.75,majority_vote,35,ATTACK,60,"(29, 49)",False,1,False,805
11,0.0,True,0.0,0.8301811241729499,0.9286033425676896,789,0,789.0,43,0,8,"(24, 45)",0,0.02938475665748393,97.0,49.25,majority_vote,43,ATTACK,72,"(24, 45)",False,2,False,805
0,0.0,True,0.0,0.9,0.9,791,0,791.0,36,1,9,"(2, 41)",0,0.015682656826568265,84.33333333333333,34.888888888888886,majority_vote,36,ATTACK,63,"(3, 50)",False,0,False,810
11,0.0,True,0.0,0.9526380195207466,0.9813717447518601,794,0,794.0,35,0,8,"(24, 45)",0,0.02214022140221402,93.875,44.75,majority_vote,35,ATTACK,60,"(26, 47)",False,1,False,810
11,0.0,True,0.0,0.8301811241729499,0.9286033425676896,793,0,793.0,44,0,9,"(25, 2)",0,0.02938475665748393,89.55555555555556,45.44444444444444,majority_vote,44,ATTACK,73,"(26, 43)",False,2,False,810
0,0.0,True,0.0,0.9,0.9,796,0,796.0,36,1,9,"(2, 41)",0,0.015682656826568265,84.33333333333333,34.888888888888886,majority_vote,36,ATTACK,63,"(3, 45)",False,0,False,815
31,0.0,True,0.0,0.9541028827627357,0.9819352843605295,798,0,798.0,36,0,9,"(2, 20)",0,0.024907749077490774,90.55555555555556,41.44444444444444,majority_vote,36,ATTACK,61,"(24, 45)",False,1,False,815
31,3.6055530148187955,True,3.6055530148187955,0.8301811241729499,0.9286033425676896,798,0,798.0,45,0,9,"(25, 2)",0,0.02938475665748393,89.55555555555556,45.44444444444444,majority_vote,45,ATTACK,74,"(26, 38)",False,2,False,815
0,0.0,True,0.0,0.9,0.9,801,0,801.0,36,1,9,"(2, 41)",0,0.014760147601476014,84.33333333333333,34.888888888888886,majority_vote,36,ATTACK,63,"(2, 41)",False,0,False,820
31,0.0,True,0.0,0.9541028827627357,0.9819352843605295,803,0,803.0,36,0,9,"(2, 20)",0,0.023985239852398525,90.55555555555556,41.44444444444444,majority_vote,36,ATTACK,61,"(25, 41)",False,1,False,820
31,3.6055530148187955,True,3.6055530148187955,0.8301811241729499,0.9286033425676896,803,0,803.0,45,0,9,"(25, 2)",0,0.02662993572084481,89.55555555555556,45.44444444444444,majority_vote,45,ATTACK,74,"(25, 34)",False,2,False,820
0,0.0,True,0.0,0.9,0.9,805,0,805.0,38,1,10,"(3, 8)",0,0.012915129151291513,82.1,32.6,majority_vote,38,ATTACK,65,"(6, 41)",False,0,False,825
31,0.0,True,0.0,0.9541028827627357,0.9819352843605295,808,0,808.0,37,0,9,"(2, 20)",0,0.02214022140221402,90.55555555555556,41.44444444444444,majority_vote,37,ATTACK,62,"(22, 39)",False,1,False,825
31,3.394076384326688,True,3.394076384326688,0.8301811241729499,0.9286033425676896,808,0,808.0,45,0,9,"(25, 2)",0,0.025711662075298437,89.55555555555556,45.44444444444444,majority_vote,45,ATTACK,75,"(25, 29)",False,2,False,825
0,0.0,True,0.0,0.9,0.9,810,0,810.0,38,1,10,"(3, 8)",0,0.011992619926199263,82.1,32.6,majority_vote,38,ATTACK,65,"(9, 39)",False,0,False,830
29,0.0,True,0.0,0.9607228006407916,0.9842167134898133,813,0,813.0,37,0,9,"(2, 20)",0,0.02214022140221402,90.55555555555556,41.44444444444444,majority_vote,37,ATTACK,62,"(18, 38)",False,1,False,830
29,3.394076384326688,True,3.394076384326688,0.8301811241729499,0.9286033425676896,813,0,813.0,45,0,9,"(25, 2)",0,0.02203856749311295,89.55555555555556,45.44444444444444,majority_vote,45,ATTACK,75,"(25, 24)",False,2,False,830
0,0.0,True,0.0,0.9,0.9,815,0,815.0,38,1,10,"(3, 8)",0,0.011992619926199263,82.1,32.6,majority_vote,38,ATTACK,65,"(9, 34)",False,0,False,835
28,0.0,True,0.0,0.9607228006407916,0.9842167134898133,818,0,818.0,37,0,9,"(2, 20)",0,0.021217712177121772,90.55555555555556,41.44444444444444,majority_vote,37,ATTACK,62,"(18, 33)",False,1,False,835
27,2.537824902061139,True,2.537824902061139,0.7260385790208675,0.7260385790208675,818,0,818.0,45,0,9,"(25, 2)",0,0.01928374655647383,89.55555555555556,45.44444444444444,majority_vote,45,ATTACK,76,"(25, 19)",False,2,False,835
0,0.0,True,0.0,0.9,0.9,820,0,820.0,38,1,10,"(3, 8)",0,0.012048192771084338,82.1,32.6,majority_vote,38,ATTACK,65,"(12, 32)",False,0,False,840
28,0.0,True,0.0,0.9642420940506176,0.9860306435089021,823,0,823.0,37,0,9,"(2, 20)",0,0.018535681186283594,90.55555555555556,41.44444444444444,majority_vote,37,ATTACK,62,"(14, 32)",False,1,False,840
8,0.0,False,0.0,0.2051158108354842,0.2051158108354842,823,0,823.0,45,0,9,"(25, 2)",0,0.01572617946345976,89.55555555555556,45.44444444444444,majority_vote,45,ATTACK,79,"(25, 14)",False,2,False,840
0,0.0,True,0.0,0.9,0.9,825,0,825.0,38,1,10,"(3, 8)",0,0.006487488415199258,82.1,32.6,majority_vote,38,ATTACK,65,"(12, 27)",False,0,False,845
28,0.0,True,0.0,0.9696147462037553,0.9890062296217996,828,0,828.0,37,0,9,"(2, 20)",0,0.012974976830398516,90.55555555555556,41.44444444444444,majority_vote,37,ATTACK,62,"(9, 32)",False,1,False,845
8,0.0,False,0.0,0.2051158108354842,0.2051158108354842,828,0,828.0,45,0,9,"(25, 2)",0,0.010175763182238668,89.55555555555556,45.44444444444444,majority_vote,45,ATTACK,79,"(25, 9)",False,2,False,845
0,0.0,True,0.0,0.9,0.9,830,0,830.0,38,1,10,"(3, 8)",0,0.006352087114337568,82.1,32.6,majority_vote,38,ATTACK,66,"(13, 23)",False,0,False,850
28,0.0,True,0.0,0.9734065847594681,0.9905277192428686,833,0,833.0,37,0,9,"(2, 20)",0,0.012704174228675136,90.55555555555556,41.44444444444444,majority_vote,37,ATTACK,63,"(4, 32)",False,1,False,850
8,0.0,False,0.0,0.2051158108354842,0.2051158108354842,833,0,833.0,45,0,9,"(25, 2)",0,0.009981851179673321,89.55555555555556,45.44444444444444,majority_vote,45,ATTACK,80,"(25, 4)",False,2,False,850
0,0.0,True,0.0,0.9,0.9,835,0,835.0,38,1,10,"(3, 8)",0,0.006289308176100629,82.1,32.6,majority_vote,38,ATTACK,66,"(14, 19)",False,0,False,855
70,0.0,True,0.0,0.9751131803960782,0.9910266574506369,838,0,838.0,37,0,9,"(2, 20)",0,0.012578616352201259,90.55555555555556,41.44444444444444,majority_vote,37,ATTACK,63,"(3, 28)",False,1,False,855
50,5.686305535026435,False,5.686305535026435,0.2051158108354842,0.2051158108354842,837,0,837.0,47,0,9,"(33, 50)",50,0.009883198562443846,89.55555555555556,45.44444444444444,majority_vote,47,ATTACK,82,"(25, 4)",True,2,True,855
0,0.0,True,0.0,0.9,0.9,840,0,840.0,38,1,10,"(3, 8)",0,0.006161971830985915,82.1,32.6,majority_vote,38,ATTACK,66,"(13, 15)",False,0,False,860
70,0.0,True,0.0,0.9759232874560223,0.9913153215949605,843,0,843.0,37,0,9,"(2, 20)",0,0.01232394366197183,90.55555555555556,41.44444444444444,majority_vote,37,ATTACK,63,"(3, 23)",False,1,False,860
50,5.686305535026435,False,5.686305535026435,0.2051158108354842,0.2051158108354842,842,0,842.0,47,0,9,"(33, 50)",50,0.009683098591549295,89.55555555555556,45.44444444444444,majority_vote,47,ATTACK,82,"(26, 8)",True,2,True,860
0,0.0,True,0.0,0.9,0.9,845,0,845.0,38,1,10,"(3, 8)",0,0.006156552330694811,82.1,32.6,majority_vote,38,ATTACK,66,"(13, 10)",False,0,False,865
70,0.0,True,0.0,0.9767051270479908,0.991560079295394,847,0,847.0,38,0,9,"(2, 41)",0,0.012313104661389622,90.55555555555556,41.44444444444444,majority_vote,38,ATTACK,64,"(2, 20)",False,1,False,865
50,5.686305535026435,False,5.686305535026435,0.2051158108354842,0.2051158108354842,847,0,847.0,47,0,9,"(33, 50)",50,0.009674582233948988,89.55555555555556,45.44444444444444,majority_vote,47,ATTACK,82,"(26, 13)",True,2,True,865
0,0.0,True,0.0,0.9,0.9,850,0,850.0,38,1,10,"(3, 8)",0,0.0079155672823219,82.1,32.6,majority_vote,38,ATTACK,66,"(10, 8)",False,0,False,870
70,0.0,True,0.0,0.9767051270479908,0.991560079295394,852,0,852.0,38,0,9,"(2, 41)",0,0.013192612137203167,90.55555555555556,41.44444444444444,majority_vote,38,ATTACK,64,"(3, 24)",False,1,False,870
50,5.686305535026435,False,5.686305535026435,0.2051158108354842,0.2051158108354842,852,0,852.0,47,0,9,"(33, 50)",50,0.009674582233948988,89.55555555555556,45.44444444444444,majority_vote,47,ATTACK,82,"(26, 18)",True,2,True,870
0,0.0,True,0.0,0.9,0.9,855,0,855.0,38,1,10,"(3, 8)",0,0.0079155672823219,82.1,32.6,majority_vote,38,ATTACK,67,"(5, 8)",False,0,False,875
70,0.0,True,0.0,0.9767051270479908,0.991560079295394,857,0,857.0,38,0,9,"(2, 41)",0,0.014072119613016711,90.55555555555556,41.44444444444444,majority_vote,38,ATTACK,65,"(3, 29)",False,1,False,875
50,5.2349304192429145,False,5.2349304192429145,0.2051158108354842,0.2051158108354842,857,0,857.0,47,0,9,"(33, 50)",50,0.009674582233948988,89.55555555555556,45.44444444444444,majority_vote,47,ATTACK,83,"(26, 23)",True,2,True,875
0,0.0,True,0.0,0.9,0.9,859,0,859.0,39,1,10,"(33, 8)",0,0.0079155672823219,82.1,32.6,majority_vote,39,ATTACK,68,"(5, 8)",False,0,False,880
70,0.0,True,0.0,0.9774600509645824,0.9918036053798222,862,0,862.0,38,0,9,"(2, 41)",0,0.014072119613016711,90.55555555555556,41.44444444444444,majority_vote,38,ATTACK,65,"(3, 34)",False,1,False,880
50,5.2349304192429145,False,5.2349304192429145,0.2051158108354842,0.2051158108354842,862,0,862.0,47,0,9,"(33, 50)",50,0.010554089709762533,89.55555555555556,45.44444444444444,majority_vote,47,ATTACK,83,"(26, 28)",True,2,True,880
0,0.0,True,0.0,0.9,0.9,864,0,864.0,39,1,10,"(33, 8)",0,0.007908611599297012,82.1,32.6,majority_vote,39,ATTACK,68,"(10, 8)",False,0,False,885
70,0.0,True,0.0,0.9808816369258494,0.9930368330641718,867,0,867.0,38,0,9,"(2, 41)",0,0.014059753954305799,90.55555555555556,41.44444444444444,majority_vote,38,ATTACK,65,"(3, 39)",False,1,False,885
50,5.2349304192429145,False,5.2349304192429145,0.2051158108354842,0.2051158108354842,867,0,867.0,47,0,9,"(33, 50)",50,0.01054481546572935,89.55555555555556,45.44444444444444,majority_vote,47,ATTACK,83,"(26, 33)",True,2,True,885
0,0.0,True,0.0,0.9,0.9,869,0,869.0,39,1,10,"(33, 8)",0,0.007908611599297012,82.1,32.6,majority_vote,39,ATTACK,68,"(14, 9)",False,0,False,890
70,0.0,True,0.0,0.9832498574821741,0.9940463369998095,871,0,871.0,39,0,10,"(15, 2)",0,0.014059753954305799,88.9,39.7,majority_vote,39,ATTACK,66,"(3, 41)",False,1,False,890
35,0.9383317205861914,False,0.9383317205861914,0.07632693225622945,0.07632693225622945,872,0,872.0,50,0,9,"(33, 50)",35,0.01054481546572935,89.55555555555556,45.44444444444444,majority_vote,50,ATTACK,86,"(26, 38)",True,2,True,890
0,0.0,True,0.0,0.9,0.9,874,0,874.0,39,1,10,"(33, 8)",0,0.007908611599297012,82.1,32.6,majority_vote,39,ATTACK,68,"(19, 9)",False,0,False,895
80,0.0,True,0.0,0.9843296656955023,0.9944043131207968,876,0,876.0,39,0,10,"(15, 2)",0,0.01845342706502636,88.9,39.7,majority_vote,39,ATTACK,66,"(5, 38)",False,1,False,895
15,0.0,False,0.0,0.02126968983190458,0.02126968983190458,877,0,877.0,50,0,9,"(33, 50)",0,0.009666080843585237,89.55555555555556,45.44444444444444,majority_vote,50,ATTACK,87,"(28, 41)",False,2,False,895
0,0.0,True,0.0,0.9,0.9,879,0,879.0,40,1,10,"(33, 8)",0,0.04305799648506151,82.1,32.6,majority_vote,40,ATTACK,69,"(24, 9)",False,0,False,900
78,0.0,True,0.0,0.9848416109006242,0.9945685697979397,881,0,881.0,39,0,10,"(15, 2)",0,0.04481546572934974,88.9,39.7,majority_vote,39,ATTACK,67,"(7, 35)",False,1,False,900
15,0.0,False,0.0,0.02126968983190458,0.02126968983190458,882,0,882.0,51,0,9,"(33, 50)",0,0.04657293497363796,89.55555555555556,45.44444444444444,majority_vote,51,ATTACK,88,"(31, 43)",False,2,False,900
0,0.0,True,0.0,0.9,0.9,884,0,884.0,40,1,10,"(33, 8)",0,0.0421792618629174,82.1,32.6,majority_vote,40,ATTACK,69,"(28, 8)",False,0,False,905
68,0.0,True,0.0,0.9848416109006242,0.9945685697979397,886,0,886.0,39,0,10,"(15, 2)",0,0.04569420035149385,88.9,39.7,majority_vote,39,ATTACK,67,"(10, 33)",False,1,False,905
15,0.0,False,0.0,0.02126968983190458,0.02126968983190458,887,0,887.0,51,0,9,"(33, 50)",0,0.04657293497363796,89.55555555555556,45.44444444444444,majority_vote,51,ATTACK,88,"(33, 46)",False,2,False,905
0,0.0,True,0.0,0.9,0.9,889,0,889.0,40,1,10,"(33, 8)",0,0.04305799648506151,82.1,32.6,majority_vote,40,ATTACK,69,"(33, 8)",False,0,False,910
68,0.0,True,0.0,0.9848416109006242,0.9945685697979397,891,0,891.0,39,0,10,"(15, 2)",0,0.04569420035149385,88.9,39.7,majority_vote,39,ATTACK,67,"(12, 30)",False,1,False,910
15,0.0,False,0.0,0.02126968983190458,0.02126968983190458,891,0,891.0,52,0,10,"(33, 8)",0,0.04657293497363796,91.0,46.6,majority_vote,52,ATTACK,89,"(33, 50)",False,2,False,910
0,0.0,True,0.0,0.9,0.9,893,0,893.0,41,1,11,"(24, 45)",0,0.040421792618629174,82.81818181818181,32.63636363636363,majority_vote,41,ATTACK,70,"(29, 8)",False,0,False,915
68,0.0,True,0.0,0.9848416109006242,0.9945685697979397,896,0,896.0,39,0,10,"(15, 2)",0,0.04130052724077329,88.9,39.7,majority_vote,39,ATTACK,67,"(15, 28)",False,1,False,915
15,0.0,False,0.0,0.02126968983190458,0.02126968983190458,896,0,896.0,52,0,10,"(33, 8)",0,0.0421792618629174,91.0,46.6,majority_vote,52,ATTACK,89,"(32, 46)",False,2,False,915
0,0.0,True,0.0,0.9,0.9,898,0,898.0,41,1,11,"(24, 45)",0,0.03866432337434095,82.81818181818181,32.63636363636363,majority_vote,41,ATTACK,70,"(27, 11)",False,0,False,920
60,0.0,True,0.0,0.9848416109006242,0.9945685697979397,901,0,901.0,39,0,10,"(15, 2)",0,0.040421792618629174,88.9,39.7,majority_vote,39,ATTACK,67,"(15, 23)",False,1,False,920
15,0.0,False,0.0,0.02126968983190458,0.02126968983190458,901,0,901.0,52,0,10,"(33, 8)",0,0.04130052724077329,91.0,46.6,majority_vote,52,ATTACK,89,"(30, 43)",False,2,False,920
0,0.0,True,0.0,0.9,0.9,903,0,903.0,41,1,11,"(24, 45)",0,0.03690685413005272,82.81818181818181,32.63636363636363,majority_vote,41,ATTACK,71,"(26, 15)",False,0,False,925
60,0.0,True,0.0,0.9848416109006242,0.9945685697979397,906,0,906.0,39,0,10,"(15, 2)",0,0.040421792618629174,88.9,39.7,majority_vote,39,ATTACK,68,"(15, 18)",False,1,False,925
14,0.0,False,0.0,0.02126968983190458,0.02126968983190458,906,0,906.0,52,0,10,"(33, 8)",0,0.03690685413005272,91.0,46.6,majority_vote,52,ATTACK,90,"(29, 39)",False,2,False,925
0,0.0,True,0.0,0.9,0.9,908,0,908.0,41,1,11,"(24, 45)",0,0.03690685413005272,82.81818181818181,32.63636363636363,majority_vote,41,ATTACK,71,"(26, 20)",False,0,False,930
63,0.0,True,0.0,0.7407236384054654,0.7407236384054654,911,0,911.0,39,0,10,"(15, 2)",0,0.03954305799648506,88.9,39.7,majority_vote,39,ATTACK,68,"(15, 13)",False,1,False,930
17,0.0,False,0.0,0.02126968983190458,0.02126968983190458,911,0,911.0,52,0,10,"(33, 8)",0,0.03690685413005272,91.0,46.6,majority_vote,52,ATTACK,90,"(28, 35)",False,2,False,930
0,0.0,True,0.0,0.9,0.9,913,0,913.0,41,1,11,"(24, 45)",0,0.03602811950790861,82.81818181818181,32.63636363636363,majority_vote,41,ATTACK,71,"(26, 25)",False,0,False,935
60,0.0,False,0.0,0.2834571082431495,0.30118261130733887,916,0,916.0,39,0,10,"(15, 2)",0,0.0351493848857645,88.9,39.7,majority_vote,39,ATTACK,69,"(15, 8)",False,1,False,935
15,0.0,False,0.0,0.022913144794383864,0.05413878908149026,916,0,916.0,52,0,10,"(33, 8)",0,0.03602811950790861,91.0,46.6,majority_vote,52,ATTACK,90,"(28, 30)",False,2,False,935
0,0.0,True,0.0,0.9,0.9,918,0,918.0,41,1,11,"(24, 45)",0,0.032541776605101144,82.81818181818181,32.63636363636363,majority_vote,41,ATTACK,71,"(26, 30)",False,0,False,940
60,0.0,False,0.0,0.2834571082431495,0.30118261130733887,921,0,921.0,39,0,10,"(15, 2)",0,0.0316622691292876,88.9,39.7,majority_vote,39,ATTACK,69,"(15, 3)",False,1,False,940
15,0.0,False,0.0,0.05698773092680715,0.2435333066411501,921,0,921.0,52,0,10,"(33, 8)",0,0.032541776605101144,91.0,46.6,majority_vote,52,ATTACK,90,"(28, 25)",False,2,False,940
0,0.0,True,0.0,0.9,0.9,923,0,923.0,43,1,11,"(24, 45)",0,0.028119507908611598,82.81818181818181,32.63636363636363,majority_vote,43,ATTACK,73,"(26, 35)",False,0,False,945
48,0.0,False,0.0,0.2834571082431495,0.30118261130733887,925,0,925.0,40,0,10,"(21, 17)",0,0.025483304042179262,88.9,39.7,majority_vote,40,ATTACK,70,"(15, 5)",False,1,False,945
8,0.0,False,0.0,0.11887951222469269,0.37428725834223114,926,0,926.0,52,0,10,"(33, 8)",0,0.029876977152899824,91.0,46.6,majority_vote,52,ATTACK,90,"(28, 20)",False,2,False,945
0,0.0,True,0.0,0.9,0.9,928,0,928.0,43,1,11,"(24, 45)",0,0.028119507908611598,82.81818181818181,32.63636363636363,majority_vote,43,ATTACK,74,"(28, 38)",False,0,False,950
37,0.0,False,0.0,0.28527939521484424,0.31990284767704413,930,0,930.0,40,0,10,"(21, 17)",0,0.026362038664323375,88.9,39.7,majority_vote,40,ATTACK,71,"(17, 8)",False,1,False,950
7,0.0,False,0.0,0.1903236979066614,0.46899792150843994,931,0,931.0,53,0,10,"(33, 8)",0,0.029876977152899824,91.0,46.6,majority_vote,53,ATTACK,91,"(28, 15)",False,2,False,950
0,0.0,True,0.0,0.9,0.9,933,0,933.0,43,1,11,"(24, 45)",0,0.027240773286467488,82.81818181818181,32.63636363636363,majority_vote,43,ATTACK,74,"(28, 43)",False,0,False,955
3,0.0,False,0.0,0.2879780133879578,0.33925175867711593,935,0,935.0,40,0,10,"(21, 17)",0,0.027240773286467488,88.9,39.7,majority_vote,40,ATTACK,71,"(17, 13)",False,1,False,955
7,0.0,True,0.0,0.2644290129390355,0.5451533708773036,936,0,936.0,53,0,10,"(33, 8)",0,0.029876977152899824,91.0,46.6,majority_vote,53,ATTACK,91,"(30, 12)",False,2,False,955
0,0.0,True,0.0,0.9,0.9,938,0,938.0,43,1,11,"(24, 45)",0,0.027240773286467488,82.81818181818181,32.63636363636363,majority_vote,43,ATTACK,74,"(25, 45)",False,0,False,960
3,0.0,False,0.0,0.29153302780865004,0.3590783018018026,940,0,940.0,40,0,10,"(21, 17)",0,0.027240773286467488,88.9,39.7,majority_vote,40,ATTACK,71,"(18, 17)",False,1,False,960
7,0.0,True,0.0,0.337095422122174,0.6093701664247061,941,0,941.0,53,0,10,"(33, 8)",0,0.029876977152899824,91.0,46.6,majority_vote,53,ATTACK,91,"(31, 8)",False,2,False,960
0,0.0,True,0.0,0.9,0.9,942,0,942.0,44,1,11,"(2, 20)",0,0.027240773286467488,82.81818181818181,32.63636363636363,majority_vote,44,ATTACK,75,"(26, 44)",False,0,False,965
8,0.0,False,0.0,0.31362387266440295,0.43517482541230496,944,0,944.0,41,0,11,"(2, 41)",0,0.028119507908611598,87.63636363636364,38.09090909090909,majority_vote,41,ATTACK,72,"(20, 17)",False,1,False,965
12,0.0,True,0.0,0.337095422122174,0.6093701664247061,945,0,945.0,54,0,10,"(33, 30)",0,0.029876977152899824,91.0,46.6,majority_vote,54,ATTACK,92,"(33, 10)",False,2,False,965
0,0.0,True,0.0,0.9,0.9,947,0,947.0,44,1,11,"(2, 20)",0,0.027240773286467488,82.81818181818181,32.63636363636363,majority_vote,44,ATTACK,75,"(28, 41)",False,0,False,970
7,0.0,False,0.0,0.31362387266440295,0.43517482541230496,949,0,949.0,41,0,11,"(2, 41)",0,0.030755711775043937,87.63636363636364,38.09090909090909,majority_vote,41,ATTACK,72,"(16, 18)",False,1,False,970
11,0.0,True,0.0,0.337095422122174,0.6093701664247061,950,0,950.0,54,0,10,"(33, 30)",0,0.029876977152899824,91.0,46.6,majority_vote,54,ATTACK,92,"(30, 12)",False,2,False,970
0,0.0,True,0.0,0.9,0.9,952,0,952.0,45,1,11,"(2, 20)",0,0.027240773286467488,82.81818181818181,32.63636363636363,majority_vote,45,ATTACK,76,"(27, 37)",False,0,False,975
5,0.0,False,0.0,0.31362387266440295,0.43517482541230496,954,0,954.0,42,0,11,"(2, 41)",0,0.02899824253075571,87.63636363636364,38.09090909090909,majority_vote,42,ATTACK,73,"(13, 20)",False,1,False,975
9,0.0,True,0.0,0.337095422122174,0.6093701664247061,955,0,955.0,54,0,10,"(33, 30)",0,0.030755711775043937,91.0,46.6,majority_vote,54,ATTACK,93,"(29, 16)",False,2,False,975
0,0.0,True,0.0,0.9,0.9,957,0,957.0,46,1,11,"(2, 20)",0,0.025483304042179262,82.81818181818181,32.63636363636363,majority_vote,46,ATTACK,77,"(24, 35)",False,0,False,980
3,0.0,False,0.0,0.31362387266440295,0.43517482541230496,959,0,959.0,42,0,11,"(2, 41)",0,0.025483304042179262,87.63636363636364,38.09090909090909,majority_vote,42,ATTACK,73,"(12, 24)",False,1,False,980
7,0.0,True,0.0,0.337095422122174,0.6093701664247061,960,0,960.0,54,0,10,"(33, 30)",0,0.028119507908611598,91.0,46.6,majority_vote,54,ATTACK,93,"(29, 21)",False,2,False,980
0,0.0,True,0.0,0.9,0.9,962,0,962.0,46,1,11,"(2, 20)",0,0.025416301489921123,82.81818181818181,32.63636363636363,majority_vote,46,ATTACK,77,"(24, 30)",False,0,False,985
3,0.0,False,0.0,0.31362387266440295,0.43517482541230496,964,0,964.0,42,0,11,"(2, 41)",0,0.025416301489921123,87.63636363636364,38.09090909090909,majority_vote,42,ATTACK,73,"(10, 27)",False,1,False,985
7,0.0,True,0.0,0.37891345370544366,0.6408437259999491,965,0,965.0,54,0,10,"(33, 30)",0,0.028045574057843997,91.0,46.6,majority_vote,54,ATTACK,93,"(29, 26)",False,2,False,985
0,0.0,True,0.0,0.9,0.9,967,0,967.0,46,1,11,"(2, 20)",0,0.025394045534150613,82.81818181818181,32.63636363636363,majority_vote,46,ATTACK,77,"(24, 25)",False,0,False,990
3,0.0,False,0.0,0.31362387266440295,0.43517482541230496,969,0,969.0,42,0,11,"(2, 41)",0,0.025394045534150613,87.63636363636364,38.09090909090909,majority_vote,42,ATTACK,73,"(10, 32)",False,1,False,990
7,0.0,True,0.0,0.4477135198882027,0.7084995602022759,970,0,970.0,54,0,10,"(33, 30)",0,0.028021015761821366,91.0,46.6,majority_vote,54,ATTACK,93,"(30, 30)",False,2,False,990
0,0.0,True,0.0,0.9,0.9,972,0,972.0,46,1,11,"(2, 20)",0,0.025394045534150613,82.81818181818181,32.63636363636363,majority_vote,46,ATTACK,77,"(19, 25)",False,0,False,995
3,0.0,False,0.0,0.31362387266440295,0.43517482541230496,974,0,974.0,42,0,11,"(2, 41)",0,0.02626970227670753,87.63636363636364,38.09090909090909,majority_vote,42,ATTACK,73,"(9, 36)",False,1,False,995
6,0.0,True,0.0,0.4748812708311869,0.7316897271679843,974,0,974.0,55,0,11,"(2, 41)",0,0.02714535901926445,90.36363636363636,45.18181818181818,majority_vote,55,ATTACK,94,"(32, 30)",False,2,False,995
0,0.0,True,0.0,0.9,0.9,977,0,977.0,47,1,11,"(2, 20)",0,0.023642732049036778,82.81818181818181,32.63636363636363,majority_vote,47,ATTACK,78,"(14, 25)",False,0,False,1000
3,0.0,False,0.0,0.31362387266440295,0.43517482541230496,979,0,979.0,43,0,11,"(2, 41)",0,0.025394045534150613,87.63636363636364,38.09090909090909,majority_vote,43,ATTACK,74,"(4, 36)",False,1,False,1000
5,0.0,True,0.0,0.513691094415176,0.7543899768382146,979,0,979.0,56,0,11,"(2, 41)",0,0.02626970227670753,90.36363636363636,45.18181818181818,majority_vote,56,ATTACK,95,"(31, 34)",False,2,False,1000
0,0.0,True,0.0,0.9,0.9,982,0,982.0,47,1,11,"(2, 20)",0,0.023642732049036778,82.81818181818181,32.63636363636363,majority_vote,47,ATTACK,78,"(12, 22)",False,0,False,1005
10,0.0,False,0.0,0.31362387266440295,0.43517482541230496,984,0,984.0,43,0,11,"(2, 41)",0,0.03152364273204904,87.63636363636364,38.09090909090909,majority_vote,43,ATTACK,74,"(3, 40)",False,1,False,1005
9,0.0,True,0.0,0.5458324083059051,0.5906943062157574,984,0,984.0,56,0,11,"(2, 41)",0,0.025394045534150613,90.36363636363636,45.18181818181818,majority_vote,56,ATTACK,95,"(30, 38)",False,2,False,1005
0,0.0,True,0.0,0.9,0.9,987,0,987.0,47,1,11,"(2, 20)",0,0.023642732049036778,82.81818181818181,32.63636363636363,majority_vote,47,ATTACK,78,"(9, 20)",False,0,False,1010
10,0.0,False,0.0,0.31362387266440295,0.43517482541230496,988,0,988.0,44,0,11,"(33, 50)",0,0.03239929947460595,87.63636363636364,38.09090909090909,majority_vote,44,ATTACK,75,"(4, 41)",False,1,False,1010
9,0.0,True,0.0,0.5651706861988953,0.6544185581244657,989,0,989.0,56,0,11,"(2, 41)",0,0.025394045534150613,90.36363636363636,45.18181818181818,majority_vote,56,ATTACK,95,"(27, 40)",False,2,False,1010
0,0.0,True,0.0,0.9,0.9,992,0,992.0,47,1,11,"(2, 20)",0,0.021015761821366025,82.81818181818181,32.63636363636363,majority_vote,47,ATTACK,78,"(4, 20)",False,0,False,1015
10,0.0,False,0.0,0.31362387266440295,0.43517482541230496,993,0,993.0,44,0,11,"(33, 50)",0,0.0297723292469352,87.63636363636364,38.09090909090909,majority_vote,44,ATTACK,75,"(9, 41)",False,1,False,1015
9,0.0,True,0.0,0.5929215813169985,0.7070145504115374,994,0,994.0,56,0,11,"(2, 41)",0,0.025394045534150613,90.36363636363636,45.18181818181818,majority_vote,56,ATTACK,95,"(22, 40)",False,2,False,1015
0,0.0,True,0.0,0.9,0.9,996,0,996.0,48,1,12,"(15, 2)",0,0.01926444833625219,84.83333333333333,34.583333333333336,majority_vote,48,ATTACK,79,"(4, 20)",False,0,False,1020
10,0.0,False,0.0,0.31362387266440295,0.43517482541230496,998,0,998.0,44,0,11,"(33, 50)",0,0.028021015761821366,87.63636363636364,38.09090909090909,majority_vote,44,ATTACK,75,"(14, 41)",False,1,False,1020
9,0.0,True,0.0,0.6180766308196277,0.7394060587273877,999,0,999.0,56,0,11,"(2, 41)",0,0.024518388791593695,90.36363636363636,45.18181818181818,majority_vote,56,ATTACK,95,"(18, 41)",False,2,False,1020
0,0.0,True,0.0,0.9,0.9,1001,0,1001.0,48,1,12,"(15, 2)",0,0.017513134851138354,84.83333333333333,34.583333333333336,majority_vote,48,ATTACK,80,"(9, 20)",False,0,False,1025
10,0.0,False,0.0,0.32771991705831177,0.4656420591948325,1002,0,1002.0,44,1,11,"(33, 50)",0,0.02626970227670753,87.63636363636364,38.09090909090909,majority_vote,44,ATTACK,76,"(18, 41)",False,1,False,1025
9,0.0,True,0.0,0.6180766308196277,0.7394060587273877,1003,0,1003.0,58,1,11,"(2, 41)",0,0.02276707530647986,90.36363636363636,45.18181818181818,majority_vote,58,ATTACK,97,"(16, 39)",False,2,False,1025
0,0.0,True,0.0,0.9,0.9,1006,0,1006.0,48,1,12,"(15, 2)",0,0.017513134851138354,84.83333333333333,34.583333333333336,majority_vote,48,ATTACK,80,"(14, 20)",False,0,False,1030
10,0.0,False,0.0,0.34332555751495364,0.49481578128594467,1007,0,1007.0,44,1,11,"(33, 50)",0,0.02626970227670753,87.63636363636364,38.09090909090909,majority_vote,44,ATTACK,76,"(20, 44)",False,1,False,1030
9,0.0,True,0.0,0.6180766308196277,0.7394060587273877,1008,0,1008.0,58,1,11,"(2, 41)",0,0.02276707530647986,90.36363636363636,45.18181818181818,majority_vote,58,ATTACK,97,"(13, 41)",False,2,False,1030
0,0.0,True,0.0,0.9,0.9,1011,0,1011.0,48,1,12,"(15, 2)",0,0.014010507880910683,84.83333333333333,34.583333333333336,majority_vote,48,ATTACK,80,"(15, 16)",False,0,False,1035
10,0.0,False,0.0,0.34332555751495364,0.49481578128594467,1012,0,1012.0,44,1,11,"(33, 50)",0,0.028021015761821366,87.63636363636364,38.09090909090909,majority_vote,44,ATTACK,76,"(20, 49)",False,1,False,1035
9,0.0,True,0.0,0.6180766308196277,0.7394060587273877,1013,0,1013.0,58,1,11,"(2, 41)",0,0.01926444833625219,90.36363636363636,45.18181818181818,majority_vote,58,ATTACK,97,"(8, 41)",False,2,False,1035
0,0.0,True,0.0,0.9,0.9,1016,0,1016.0,48,1,12,"(15, 2)",0,0.014035087719298246,84.83333333333333,34.583333333333336,majority_vote,48,ATTACK,80,"(15, 11)",False,0,False,1040
16,0.0,True,0.0,0.38666636160157974,0.5594561815286586,1017,0,1017.0,44,1,11,"(33, 50)",0,0.028094820017559263,87.63636363636364,38.09090909090909,majority_vote,44,ATTACK,76,"(25, 49)",False,1,False,1040
12,0.0,True,0.0,0.5531405484725126,0.5531405484725126,1018,0,1018.0,58,1,11,"(2, 41)",0,0.018437225636523266,90.36363636363636,45.18181818181818,majority_vote,58,ATTACK,97,"(3, 41)",False,2,False,1040
0,0.0,True,0.0,0.9,0.9,1021,0,1021.0,48,1,12,"(15, 2)",0,0.014035087719298246,84.83333333333333,34.583333333333336,majority_vote,48,ATTACK,80,"(15, 6)",False,0,False,1045
16,0.0,True,0.0,0.4331325849185134,0.6103306619084482,1022,0,1022.0,44,1,11,"(33, 50)",0,0.02633889376646181,87.63636363636364,38.09090909090909,majority_vote,44,ATTACK,76,"(30, 49)",False,1,False,1045
10,0.0,True,0.0,0.5531405484725126,0.5531405484725126,1022,0,1022.0,59,1,11,"(21, 17)",0,0.016681299385425813,90.36363636363636,45.18181818181818,majority_vote,59,ATTACK,98,"(5, 41)",False,2,False,1045
0,0.0,True,0.0,0.9,0.9,1025,0,1025.0,49,1,12,"(21, 17)",0,0.05175438596491228,84.83333333333333,34.583333333333336,majority_vote,49,ATTACK,82,"(15, 2)",False,0,False,1050
16,0.0,True,0.0,0.4699787572127354,0.6429876804933542,1026,0,1026.0,45,1,12,"(24, 45)",0,0.056189640035118525,87.5,38.416666666666664,majority_vote,45,ATTACK,78,"(33, 50)",False,1,False,1050
8,0.0,False,0.0,0.40003078359023375,0.40003078359023375,1027,0,1027.0,60,1,11,"(21, 17)",0,0.05179982440737489,90.36363636363636,45.18181818181818,majority_vote,60,ATTACK,100,"(10, 41)",False,2,False,1050
0,0.0,True,0.0,0.9,0.9,1030,0,1030.0,49,1,12,"(21, 17)",0,0.05,84.83333333333333,34.583333333333336,majority_vote,49,ATTACK,82,"(15, 7)",False,0,False,1055
16,0.0,True,0.0,0.4699787572127354,0.6429876804933542,1031,0,1031.0,45,1,12,"(24, 45)",0,0.05443371378402107,87.5,38.416666666666664,majority_vote,45,ATTACK,78,"(29, 49)",False,1,False,1055
8,0.0,False,0.0,0.40003078359023375,0.40003078359023375,1032,0,1032.0,60,1,11,"(21, 17)",0,0.05004389815627744,90.36363636363636,45.18181818181818,majority_vote,60,ATTACK,100,"(14, 40)",False,2,False,1055
0,0.0,True,0.0,0.9,0.9,1035,0,1035.0,49,1,12,"(21, 17)",0,0.04912280701754386,84.83333333333333,34.583333333333336,majority_vote,49,ATTACK,82,"(17, 10)",False,0,False,1060
16,0.0,True,0.0,0.4699787572127354,0.6429876804933542,1036,0,1036.0,45,1,12,"(24, 45)",0,0.050921861281826165,87.5,38.416666666666664,majority_vote,45,ATTACK,78,"(26, 47)",False,1,False,1060
8,0.0,False,0.0,0.40003078359023375,0.40003078359023375,1037,0,1037.0,60,1,11,"(21, 17)",0,0.048287971905179985,90.36363636363636,45.18181818181818,majority_vote,60,ATTACK,100,"(17, 38)",False,2,False,1060
0,0.0,True,0.0,0.9,0.9,1040,0,1040.0,49,1,12,"(21, 17)",0,0.04298245614035088,84.83333333333333,34.583333333333336,majority_vote,49,ATTACK,82,"(17, 15)",False,0,False,1065
16,0.0,True,0.0,0.4699787572127354,0.6429876804933542,1040,0,1040.0,46,1,12,"(33, 8)",0,0.0456540825285338,87.5,38.416666666666664,majority_vote,46,ATTACK,79,"(24, 45)",False,1,False,1065
8,0.0,False,0.0,0.40003078359023375,0.40003078359023375,1042,0,1042.0,60,1,11,"(21, 17)",0,0.04214223002633889,90.36363636363636,45.18181818181818,majority_vote,60,ATTACK,100,"(21, 37)",False,2,False,1065
0,0.0,True,0.0,0.9,0.9,1045,0,1045.0,49,1,12,"(21, 17)",0,0.04035087719298246,84.83333333333333,34.583333333333336,majority_vote,49,ATTACK,82,"(20, 17)",False,0,False,1070
16,0.0,True,0.0,0.4699787572127354,0.6429876804933542,1045,0,1045.0,46,1,12,"(33, 8)",0,0.043898156277436345,87.5,38.416666666666664,majority_vote,46,ATTACK,79,"(28, 46)",False,1,False,1070
8,0.0,False,0.0,0.40003078359023375,0.40003078359023375,1047,0,1047.0,60,1,11,"(21, 17)",0,0.03950834064969271,90.36363636363636,45.18181818181818,majority_vote,60,ATTACK,100,"(25, 36)",False,2,False,1070
0,0.0,True,0.0,0.9,0.9,1049,0,1049.0,50,1,13,"(25, 2)",0,0.035964912280701755,82.46153846153847,33.61538461538461,majority_vote,50,ATTACK,84,"(24, 17)",False,0,False,1075
20,0.0,True,0.0,0.4699787572127354,0.6429876804933542,1050,0,1050.0,46,1,12,"(33, 8)",0,0.04038630377524144,87.5,38.416666666666664,majority_vote,46,ATTACK,80,"(28, 41)",False,1,False,1075
9,0.0,False,0.0,0.40003078359023375,0.40003078359023375,1052,0,1052.0,60,1,11,"(21, 17)",0,0.03424056189640035,90.36363636363636,45.18181818181818,majority_vote,60,ATTACK,101,"(25, 31)",False,2,False,1075
0,0.0,True,0.0,0.9,0.9,1054,0,1054.0,50,1,13,"(25, 2)",0,0.03070175438596491,82.46153846153847,33.61538461538461,majority_vote,50,ATTACK,84,"(25, 13)",False,0,False,1080
18,0.0,True,0.0,0.4699787572127354,0.6429876804933542,1055,0,1055.0,46,1,12,"(33, 8)",0,0.03424056189640035,87.5,38.416666666666664,majority_vote,46,ATTACK,80,"(28, 36)",False,1,False,1080
9,0.0,False,0.0,0.40089603976811905,0.41733590714793994,1057,0,1057.0,60,1,11,"(21, 17)",0,0.029850746268656716,90.36363636363636,45.18181818181818,majority_vote,60,ATTACK,101,"(25, 26)",False,2,False,1080
0,0.0,True,0.0,0.9,0.9,1059,0,1059.0,50,1,13,"(25, 2)",0,0.02982456140350877,82.46153846153847,33.61538461538461,majority_vote,50,ATTACK,84,"(25, 8)",False,0,False,1085
16,0.0,True,0.0,0.4699787572127354,0.6429876804933542,1060,0,1060.0,46,1,12,"(33, 8)",0,0.030728709394205442,87.5,38.416666666666664,majority_vote,46,ATTACK,80,"(28, 31)",False,1,False,1085
9,0.0,True,0.0,0.41697854513749105,0.5056146041578142,1062,0,1062.0,60,1,11,"(21, 17)",0,0.02897278314310799,90.36363636363636,45.18181818181818,majority_vote,60,ATTACK,101,"(25, 21)",False,2,False,1085
0,0.0,True,0.0,0.9,0.9,1064,0,1064.0,50,1,13,"(25, 2)",0,0.02982456140350877,82.46153846153847,33.61538461538461,majority_vote,50,ATTACK,84,"(25, 3)",False,0,False,1090
16,0.0,True,0.0,0.4699787572127354,0.6429876804933542,1065,0,1065.0,46,1,12,"(33, 8)",0,0.02633889376646181,87.5,38.416666666666664,majority_vote,46,ATTACK,80,"(28, 26)",False,1,False,1090
9,0.0,True,0.0,0.44905324957762677,0.5917871448281145,1067,0,1067.0,60,1,11,"(21, 17)",0,0.029850746268656716,90.36363636363636,45.18181818181818,majority_vote,60,ATTACK,101,"(24, 17)",False,2,False,1090
0,0.0,True,0.0,0.9,0.9,1068,0,1068.0,51,1,13,"(33, 30)",0,0.02894736842105263,82.46153846153847,33.61538461538461,majority_vote,51,ATTACK,85,"(25, 5)",False,0,False,1095
16,0.0,True,0.0,0.5165202659608936,0.6962878262856125,1070,0,1070.0,46,1,12,"(33, 8)",0,0.02633889376646181,87.5,38.416666666666664,majority_vote,46,ATTACK,80,"(28, 21)",False,1,False,1095
9,0.0,True,0.0,0.48429876597284965,0.6653675332814708,1071,0,1071.0,61,1,12,"(2, 41)",0,0.029850746268656716,91.16666666666667,45.75,majority_vote,61,ATTACK,102,"(22, 17)",False,2,False,1095
0,0.0,True,0.0,0.9,0.9,1073,0,1073.0,51,1,13,"(33, 30)",0,0.024324324324324326,82.46153846153847,33.61538461538461,majority_vote,51,ATTACK,86,"(26, 9)",False,0,False,1100
16,0.0,True,0.0,0.5640280471214935,0.744282768381453,1075,0,1075.0,47,1,12,"(33, 8)",0,0.018935978358881875,87.5,38.416666666666664,majority_vote,47,ATTACK,81,"(28, 16)",False,1,False,1100
9,0.4617343655044124,True,0.4617343655044124,0.48429876597284965,0.6653675332814708,1076,0,1076.0,61,1,12,"(2, 41)",9,0.025247971145175834,91.16666666666667,45.75,majority_vote,61,ATTACK,103,"(25, 19)",True,2,True,1100
0,0.0,True,0.0,0.9,0.9,1078,0,1078.0,51,1,13,"(33, 30)",0,0.021621621621621623,82.46153846153847,33.61538461538461,majority_vote,51,ATTACK,86,"(26, 14)",False,0,False,1105
16,0.0,True,0.0,0.611851793579485,0.7960219114092092,1080,0,1080.0,47,1,12,"(33, 8)",0,0.015329125338142471,87.5,38.416666666666664,majority_vote,47,ATTACK,81,"(30, 13)",False,1,False,1105
9,0.4617343655044124,True,0.4617343655044124,0.48429876597284965,0.6653675332814708,1081,0,1081.0,61,1,12,"(2, 41)",9,0.02254283137962128,91.16666666666667,45.75,majority_vote,61,ATTACK,103,"(25, 24)",True,2,True,1105
0,0.0,True,0.0,0.9,0.9,1083,0,1083.0,51,1,13,"(33, 30)",0,0.02072072072072072,82.46153846153847,33.61538461538461,majority_vote,51,ATTACK,86,"(26, 19)",False,0,False,1110
16,0.0,True,0.0,0.6593588970857164,0.8347822074191092,1085,0,1085.0,47,1,12,"(33, 8)",0,0.015329125338142471,87.5,38.416666666666664,majority_vote,47,ATTACK,81,"(30, 8)",False,1,False,1110
9,0.4617343655044124,True,0.4617343655044124,0.48429876597284965,0.6653675332814708,1086,0,1086.0,61,1,12,"(2, 41)",9,0.02164111812443643,91.16666666666667,45.75,majority_vote,61,ATTACK,103,"(25, 29)",True,2,True,1110
0,0.0,True,0.0,0.9,0.9,1088,0,1088.0,51,1,13,"(33, 30)",0,0.01891891891891892,82.46153846153847,33.61538461538461,majority_vote,51,ATTACK,86,"(28, 22)",False,0,False,1115
21,0.0,True,0.0,0.668381100050526,0.8398029563819078,1089,0,1089.0,48,1,13,"(33, 50)",0,0.013525698827772768,85.6923076923077,39.23076923076923,majority_vote,48,ATTACK,82,"(33, 9)",False,1,False,1115
14,0.5662891990966088,True,0.5662891990966088,0.48429876597284965,0.6653675332814708,1091,0,1091.0,61,1,12,"(2, 41)",14,0.019837691614066726,91.16666666666667,45.75,majority_vote,61,ATTACK,103,"(23, 32)",True,2,True,1115
0,0.0,True,0.0,0.9,0.9,1093,0,1093.0,51,1,13,"(33, 30)",0,0.0192131747483989,82.46153846153847,33.61538461538461,majority_vote,51,ATTACK,86,"(28, 27)",False,0,False,1120
21,0.0,True,0.0,0.6771939300902752,0.8446377008455105,1094,0,1094.0,48,1,13,"(33, 50)",0,0.01282051282051282,85.6923076923077,39.23076923076923,majority_vote,48,ATTACK,82,"(30, 11)",False,1,False,1120
14,0.5662891990966088,True,0.5662891990966088,0.48429876597284965,0.6653675332814708,1096,0,1096.0,61,1,12,"(2, 41)",14,0.019230769230769232,91.16666666666667,45.75,majority_vote,61,ATTACK,103,"(23, 37)",True,2,True,1120
0,0.0,True,0.0,0.9,0.9,1098,0,1098.0,51,1,13,"(33, 30)",0,0.01738334858188472,82.46153846153847,33.61538461538461,majority_vote,51,ATTACK,87,"(28, 32)",False,0,False,1125
21,0.0,True,0.0,0.7185167481279551,0.8688345781892026,1099,0,1099.0,48,1,13,"(33, 50)",0,0.01282051282051282,85.6923076923077,39.23076923076923,majority_vote,48,ATTACK,83,"(29, 15)",False,1,False,1125
13,0.0,True,0.0,0.486698529005466,0.5322940266251767,1101,0,1101.0,62,1,12,"(2, 41)",0,0.0173992673992674,91.16666666666667,45.75,majority_vote,62,ATTACK,104,"(18, 37)",False,2,False,1125
0,0.0,True,0.0,0.9,0.9,1103,0,1103.0,51,1,13,"(33, 30)",0,0.01738334858188472,82.46153846153847,33.61538461538461,majority_vote,51,ATTACK,87,"(28, 37)",False,0,False,1130
17,0.0,True,0.0,0.7555183941930104,0.8899292709667442,1104,0,1104.0,48,1,13,"(33, 50)",0,0.011904761904761904,85.6923076923077,39.23076923076923,majority_vote,48,ATTACK,83,"(29, 20)",False,1,False,1130
9,0.0,False,0.0,0.4156719218837772,0.4156719218837772,1106,0,1106.0,63,1,12,"(2, 41)",0,0.0173992673992674,91.16666666666667,45.75,majority_vote,63,ATTACK,105,"(14, 38)",False,2,False,1130
0,0.0,True,0.0,0.9,0.9,1108,0,1108.0,51,1,13,"(33, 30)",0,0.01646843549862763,82.46153846153847,33.61538461538461,majority_vote,51,ATTACK,87,"(31, 35)",False,0,False,1135
17,0.0,True,0.0,0.7883356835067026,0.9069058852509402,1109,0,1109.0,48,1,13,"(33, 50)",0,0.011904761904761904,85.6923076923077,39.23076923076923,majority_vote,48,ATTACK,83,"(29, 25)",False,1,False,1135
9,0.0,False,0.0,0.4156719218837772,0.4156719218837772,1111,0,1111.0,63,1,12,"(2, 41)",0,0.016483516483516484,91.16666666666667,45.75,majority_vote,63,ATTACK,105,"(12, 41)",False,2,False,1135
0,0.0,True,0.0,0.9,0.9,1113,0,1113.0,51,1,13,"(33, 30)",0,0.01555352241537054,82.46153846153847,33.61538461538461,majority_vote,51,ATTACK,87,"(31, 30)",False,0,False,1140
15,0.0,True,0.0,0.81719421809586,0.9214325676466335,1114,0,1114.0,48,1,13,"(33, 50)",0,0.010064043915827997,85.6923076923077,39.23076923076923,majority_vote,48,ATTACK,83,"(28, 29)",False,1,False,1140
8,0.0,False,0.0,0.4156719218837772,0.4156719218837772,1116,0,1116.0,63,1,12,"(2, 41)",0,0.01646843549862763,91.16666666666667,45.75,majority_vote,63,ATTACK,105,"(7, 41)",False,2,False,1140
0,0.0,True,0.0,0.9,0.9,1117,0,1117.0,52,1,14,"(2, 41)",0,0.015539305301645339,81.64285714285714,34.857142857142854,majority_vote,52,ATTACK,88,"(31, 30)",False,0,False,1145
15,0.0,True,0.0,0.8427736605004492,0.935276310541468,1119,0,1119.0,48,1,13,"(33, 50)",0,0.010054844606946984,85.6923076923077,39.23076923076923,majority_vote,48,ATTACK,83,"(28, 34)",False,1,False,1145
8,0.0,False,0.0,0.4156719218837772,0.4156719218837772,1121,0,1121.0,63,1,12,"(2, 41)",0,0.015539305301645339,91.16666666666667,45.75,majority_vote,63,ATTACK,105,"(2, 41)",False,2,False,1145
0,0.0,True,0.0,0.9,0.9,1122,0,1122.0,53,1,14,"(2, 41)",0,0.015539305301645339,81.64285714285714,34.857142857142854,majority_vote,53,ATTACK,89,"(31, 35)",False,0,False,1150
15,0.0,True,0.0,0.8653409021691629,0.9470162208267715,1124,0,1124.0,48,1,13,"(33, 50)",0,0.010968921389396709,85.6923076923077,39.23076923076923,majority_vote,48,ATTACK,84,"(29, 38)",False,1,False,1150
8,0.0,False,0.0,0.4156719218837772,0.4156719218837772,1125,0,1125.0,65,1,12,"(33, 8)",0,0.015539305301645339,91.16666666666667,45.75,majority_vote,65,ATTACK,107,"(6, 41)",False,2,False,1150
0,0.0,True,0.0,0.9,0.9,1127,0,1127.0,53,1,14,"(2, 41)",0,0.015539305301645339,81.64285714285714,34.857142857142854,majority_vote,53,ATTACK,89,"(28, 37)",False,0,False,1155
20,0.0,True,0.0,0.8855930943410684,0.9592350860792966,1129,0,1129.0,48,1,13,"(33, 50)",0,0.010968921389396709,85.6923076923077,39.23076923076923,majority_vote,48,ATTACK,84,"(29, 43)",False,1,False,1155
13,0.0,False,0.0,0.4156719218837772,0.4156719218837772,1130,0,1130.0,65,1,12,"(33, 8)",0,0.015539305301645339,91.16666666666667,45.75,majority_vote,65,ATTACK,107,"(11, 41)",False,2,False,1155
0,0.0,True,0.0,0.9,0.9,1132,0,1132.0,53,1,14,"(2, 41)",0,0.015567765567765568,81.64285714285714,34.857142857142854,majority_vote,53,ATTACK,89,"(24, 38)",False,0,False,1160
20,0.0,True,0.0,0.9001343010771955,0.9661809116403252,1134,0,1134.0,48,1,13,"(33, 50)",0,0.010968921389396709,85.6923076923077,39.23076923076923,majority_vote,48,ATTACK,84,"(29, 48)",False,1,False,1160
13,0.0,False,0.0,0.4156719218837772,0.4156719218837772,1135,0,1135.0,65,1,12,"(33, 8)",0,0.015567765567765568,91.16666666666667,45.75,majority_vote,65,ATTACK,107,"(13, 38)",False,2,False,1160
0,0.0,True,0.0,0.9,0.9,1137,0,1137.0,53,1,14,"(2, 41)",0,0.015567765567765568,81.64285714285714,34.857142857142854,majority_vote,53,ATTACK,89,"(21, 40)",False,0,False,1165
20,0.0,True,0.0,0.9001343010771955,0.9661809116403252,1139,0,1139.0,48,1,13,"(33, 50)",0,0.010968921389396709,85.6923076923077,39.23076923076923,majority_vote,48,ATTACK,84,"(32, 50)",False,1,False,1165
13,0.0,False,0.0,0.41656840657296473,0.43360161566752703,1140,0,1140.0,65,1,12,"(33, 8)",0,0.015567765567765568,91.16666666666667,45.75,majority_vote,65,ATTACK,107,"(16, 36)",False,2,False,1165
0,0.0,True,0.0,0.9,0.9,1142,0,1142.0,53,1,14,"(2, 41)",0,0.015567765567765568,81.64285714285714,34.857142857142854,majority_vote,53,ATTACK,89,"(16, 40)",False,0,False,1170
14,0.0,True,0.0,0.9001343010771955,0.9661809116403252,1143,0,1143.0,49,1,13,"(25, 2)",0,0.011882998171846435,85.6923076923077,39.23076923076923,majority_vote,49,ATTACK,85,"(30, 50)",False,1,False,1170
10,0.0,True,0.0,0.4356189722888747,0.5407530527173378,1145,0,1145.0,65,1,12,"(33, 8)",0,0.015567765567765568,91.16666666666667,45.75,majority_vote,65,ATTACK,107,"(21, 36)",False,2,False,1170
0,0.0,True,0.0,0.9,0.9,1147,0,1147.0,53,1,14,"(2, 41)",0,0.015567765567765568,81.64285714285714,34.857142857142854,majority_vote,53,ATTACK,90,"(12, 41)",False,0,False,1175
13,0.0,True,0.0,0.9001343010771955,0.9661809116403252,1148,0,1148.0,49,1,13,"(25, 2)",0,0.011882998171846435,85.6923076923077,39.23076923076923,majority_vote,49,ATTACK,86,"(28, 47)",False,1,False,1175
10,0.0,True,0.0,0.47019129362294965,0.6125979031709842,1150,0,1150.0,66,1,12,"(33, 8)",0,0.015567765567765568,91.16666666666667,45.75,majority_vote,66,ATTACK,108,"(24, 34)",False,2,False,1175
0,0.0,True,0.0,0.9,0.9,1152,0,1152.0,53,1,14,"(2, 41)",0,0.015711645101663587,81.64285714285714,34.857142857142854,majority_vote,53,ATTACK,90,"(7, 41)",False,0,False,1180
7,0.0,True,0.0,0.912858575646649,0.9701416245057088,1153,0,1153.0,49,1,13,"(25, 2)",0,0.012003693444136657,85.6923076923077,39.23076923076923,majority_vote,49,ATTACK,86,"(28, 42)",False,1,False,1180
7,0.0,True,0.0,0.5099940640736814,0.6668511831696488,1155,0,1155.0,66,1,12,"(33, 8)",0,0.015711645101663587,91.16666666666667,45.75,majority_vote,66,ATTACK,108,"(26, 31)",False,2,False,1180
0,0.0,True,0.0,0.9,0.9,1157,0,1157.0,53,1,14,"(2, 41)",0,0.015711645101663587,81.64285714285714,34.857142857142854,majority_vote,53,ATTACK,90,"(2, 41)",False,0,False,1185
7,0.0,True,0.0,0.926503877888742,0.9748196369462093,1158,0,1158.0,49,1,13,"(25, 2)",0,0.012003693444136657,85.6923076923077,39.23076923076923,majority_vote,49,ATTACK,86,"(28, 37)",False,1,False,1185
7,0.0,True,0.0,0.5520779220412247,0.7125831680536994,1160,0,1160.0,66,1,12,"(33, 8)",0,0.015711645101663587,91.16666666666667,45.75,majority_vote,66,ATTACK,108,"(27, 27)",False,2,False,1185
0,0.0,True,0.0,0.9,0.9,1161,0,1161.0,54,1,14,"(21, 17)",0,0.015711645101663587,81.64285714285714,34.857142857142854,majority_vote,54,ATTACK,91,"(6, 41)",False,0,False,1190
7,0.0,True,0.0,0.9336026729914346,0.9769467676098649,1163,0,1163.0,49,1,13,"(25, 2)",0,0.012003693444136657,85.6923076923077,39.23076923076923,majority_vote,49,ATTACK,86,"(28, 32)",False,1,False,1190
7,0.0,True,0.0,0.5937457020001486,0.7496894952445695,1165,0,1165.0,66,1,12,"(33, 8)",0,0.015711645101663587,91.16666666666667,45.75,majority_vote,66,ATTACK,108,"(27, 22)",False,2,False,1190
0,0.0,True,0.0,0.9,0.9,1166,0,1166.0,54,1,14,"(21, 17)",0,0.015711645101663587,81.64285714285714,34.857142857142854,majority_vote,54,ATTACK,91,"(11, 41)",False,0,False,1195
11,0.0,True,0.0,0.9336026729914346,0.9769467676098649,1168,0,1168.0,49,1,13,"(25, 2)",0,0.01569713758079409,85.6923076923077,39.23076923076923,majority_vote,49,ATTACK,86,"(27, 28)",False,1,False,1195
11,0.0,True,0.0,0.6333739813053696,0.7799503376843062,1170,0,1170.0,66,1,12,"(33, 8)",0,0.015711645101663587,91.16666666666667,45.75,majority_vote,66,ATTACK,108,"(27, 17)",False,2,False,1195
0,0.0,True,0.0,0.9,0.9,1171,0,1171.0,54,1,14,"(21, 17)",0,0.05223880597014925,81.64285714285714,34.857142857142854,majority_vote,54,ATTACK,92,"(13, 38)",False,0,False,1200
11,0.0,True,0.0,0.9379560487521146,0.9785154057734516,1173,0,1173.0,49,1,13,"(25, 2)",0,0.055970149253731345,85.6923076923077,39.23076923076923,majority_vote,49,ATTACK,87,"(27, 23)",False,1,False,1200
11,0.0,True,0.0,0.6631243330659552,0.801148553479124,1175,0,1175.0,66,1,12,"(33, 8)",0,0.05317164179104478,91.16666666666667,45.75,majority_vote,66,ATTACK,109,"(28, 13)",False,2,False,1200
0,0.0,True,0.0,0.9,0.9,1176,0,1176.0,54,1,14,"(21, 17)",0,0.051305970149253734,81.64285714285714,34.857142857142854,majority_vote,54,ATTACK,92,"(16, 36)",False,0,False,1205
11,0.0,True,0.0,0.9379560487521146,0.9785154057734516,1178,0,1178.0,49,1,13,"(25, 2)",0,0.05503731343283582,85.6923076923077,39.23076923076923,majority_vote,49,ATTACK,87,"(27, 18)",False,1,False,1205
11,0.0,True,0.0,0.6631243330659552,0.801148553479124,1180,0,1180.0,66,1,12,"(33, 8)",0,0.05317164179104478,91.16666666666667,45.75,majority_vote,66,ATTACK,109,"(30, 10)",False,2,False,1205
0,0.0,True,0.0,0.9,0.9,1181,0,1181.0,54,1,14,"(21, 17)",0,0.051305970149253734,81.64285714285714,34.857142857142854,majority_vote,54,ATTACK,92,"(17, 32)",False,0,False,1210
11,0.0,True,0.0,0.9379560487521146,0.9785154057734516,1183,0,1183.0,49,1,13,"(25, 2)",0,0.05317164179104478,85.6923076923077,39.23076923076923,majority_vote,49,ATTACK,87,"(27, 13)",False,1,False,1210
11,0.0,True,0.0,0.6631243330659552,0.801148553479124,1185,0,1185.0,66,1,12,"(33, 8)",0,0.05317164179104478,91.16666666666667,45.75,majority_vote,66,ATTACK,109,"(33, 8)",False,2,False,1210
0,0.0,True,0.0,0.9,0.9,1186,0,1186.0,54,1,14,"(21, 17)",0,0.05037313432835821,81.64285714285714,34.857142857142854,majority_vote,54,ATTACK,92,"(17, 27)",False,0,False,1215
7,0.0,True,0.0,0.9379560487521146,0.9785154057734516,1188,0,1188.0,49,1,13,"(25, 2)",0,0.05317164179104478,85.6923076923077,39.23076923076923,majority_vote,49,ATTACK,87,"(27, 8)",False,1,False,1215
7,0.0,True,0.0,0.6631243330659552,0.801148553479124,1189,0,1189.0,67,1,13,"(13, 50)",0,0.05317164179104478,93.15384615384616,47.23076923076923,majority_vote,67,ATTACK,110,"(30, 9)",False,2,False,1215
0,0.0,True,0.0,0.9,0.9,1191,0,1191.0,54,1,14,"(21, 17)",0,0.05018587360594796,81.64285714285714,34.857142857142854,majority_vote,54,ATTACK,92,"(17, 22)",False,0,False,1220
7,0.0,True,0.0,0.9379560487521146,0.9785154057734516,1193,0,1193.0,49,1,13,"(25, 2)",0,0.05297397769516728,85.6923076923077,39.23076923076923,majority_vote,49,ATTACK,87,"(25, 5)",False,1,False,1220
7,0.0,True,0.0,0.6631243330659552,0.801148553479124,1194,0,1194.0,67,1,13,"(13, 50)",0,0.05297397769516728,93.15384615384616,47.23076923076923,majority_vote,67,ATTACK,110,"(30, 14)",False,2,False,1220
0,0.0,True,0.0,0.9,0.9,1196,0,1196.0,54,1,14,"(21, 17)",0,0.05018587360594796,81.64285714285714,34.857142857142854,majority_vote,54,ATTACK,93,"(19, 19)",False,0,False,1225
7,0.0,True,0.0,0.9379560487521146,0.9785154057734516,1197,0,1197.0,50,1,14,"(2, 41)",0,0.05297397769516728,87.42857142857143,40.5,majority_vote,50,ATTACK,89,"(25, 3)",False,1,False,1225
7,0.0,True,0.0,0.6631243330659552,0.801148553479124,1199,0,1199.0,68,1,13,"(13, 50)",0,0.05297397769516728,93.15384615384616,47.23076923076923,majority_vote,68,ATTACK,111,"(28, 17)",False,2,False,1225
0,0.0,True,0.0,0.9,0.9,1200,0,1200.0,55,1,15,"(33, 50)",0,0.05018587360594796,82.0,35.46666666666667,majority_vote,55,ATTACK,94,"(21, 17)",False,0,False,1230
7,0.0,True,0.0,0.9379560487521146,0.9785154057734516,1202,0,1202.0,50,1,14,"(2, 41)",0,0.05297397769516728,87.42857142857143,40.5,majority_vote,50,ATTACK,89,"(25, 8)",False,1,False,1230
7,0.0,True,0.0,0.6778837293139508,0.8189367643763373,1204,0,1204.0,68,1,13,"(13, 50)",0,0.05297397769516728,93.15384615384616,47.23076923076923,majority_vote,68,ATTACK,111,"(26, 20)",False,2,False,1230
0,0.0,True,0.0,0.9,0.9,1205,0,1205.0,55,1,15,"(33, 50)",0,0.048327137546468404,82.0,35.46666666666667,majority_vote,55,ATTACK,94,"(26, 17)",False,0,False,1235
12,0.0,True,0.0,0.9420296482028876,0.9801481789425188,1207,0,1207.0,50,1,14,"(2, 41)",0,0.05297397769516728,87.42857142857143,40.5,majority_vote,50,ATTACK,89,"(25, 13)",False,1,False,1235
11,0.0,True,0.0,0.6408802157780762,0.675825639303381,1209,0,1209.0,68,1,13,"(13, 50)",0,0.04925650557620818,93.15384615384616,47.23076923076923,majority_vote,68,ATTACK,111,"(25, 24)",False,2,False,1235
0,0.0,True,0.0,0.9,0.9,1210,0,1210.0,55,1,15,"(33, 50)",0,0.04553903345724907,82.0,35.46666666666667,majority_vote,55,ATTACK,94,"(27, 21)",False,0,False,1240
12,0.0,True,0.0,0.9512582117605604,0.9843539889919478,1212,0,1212.0,50,1,14,"(2, 41)",0,0.05297397769516728,87.42857142857143,40.5,majority_vote,50,ATTACK,89,"(25, 18)",False,1,False,1240
7,0.0,False,0.0,0.49603799838298207,0.49603799838298207,1214,0,1214.0,69,1,13,"(13, 50)",0,0.041821561338289966,93.15384615384616,47.23076923076923,majority_vote,69,ATTACK,112,"(24, 28)",False,2,False,1240
0,0.0,True,0.0,0.9,0.9,1215,0,1215.0,55,1,15,"(33, 50)",0,0.04460966542750929,82.0,35.46666666666667,majority_vote,55,ATTACK,94,"(27, 26)",False,0,False,1245
10,0.0,True,0.0,0.9592412273826024,0.9877883553213861,1217,0,1217.0,50,1,14,"(2, 41)",0,0.05297397769516728,87.42857142857143,40.5,majority_vote,50,ATTACK,89,"(25, 23)",False,1,False,1245
7,0.0,True,0.0,0.5078234401930567,0.5770587967310123,1219,0,1219.0,70,1,13,"(13, 50)",0,0.03717472118959108,93.15384615384616,47.23076923076923,majority_vote,70,ATTACK,113,"(24, 33)",False,2,False,1245
0,0.0,True,0.0,0.9,0.9,1220,0,1220.0,56,1,15,"(33, 50)",0,0.028810408921933085,82.0,35.46666666666667,majority_vote,56,ATTACK,95,"(27, 31)",False,0,False,1250
7,0.0,True,0.0,0.9660533950707625,0.9901754987600824,1222,0,1222.0,50,1,14,"(2, 41)",0,0.04275092936802974,87.42857142857143,40.5,majority_vote,50,ATTACK,90,"(25, 28)",False,1,False,1250
7,0.0,True,0.0,0.5329718690518818,0.6449506619886393,1224,0,1224.0,71,1,13,"(13, 50)",0,0.03066914498141264,93.15384615384616,47.23076923076923,majority_vote,71,ATTACK,114,"(22, 36)",False,2,False,1250
0,0.0,True,0.0,0.9,0.9,1225,0,1225.0,56,1,15,"(33, 50)",0,0.02509293680297398,82.0,35.46666666666667,majority_vote,56,ATTACK,95,"(29, 34)",False,0,False,1255
7,0.0,True,0.0,0.9718156243493487,0.992262765226985,1227,0,1227.0,50,1,14,"(2, 41)",0,0.03531598513011153,87.42857142857143,40.5,majority_vote,50,ATTACK,90,"(25, 33)",False,1,False,1255
7,0.0,True,0.0,0.5665662362250815,0.7014558172298445,1229,0,1229.0,71,1,13,"(13, 50)",0,0.028810408921933085,93.15384615384616,47.23076923076923,majority_vote,71,ATTACK,114,"(19, 38)",False,2,False,1255
0,0.0,True,0.0,0.9,0.9,1230,0,1230.0,56,1,15,"(33, 50)",0,0.022304832713754646,82.0,35.46666666666667,majority_vote,56,ATTACK,95,"(29, 39)",False,0,False,1260
7,0.0,True,0.0,0.9766610059828136,0.9937655372898727,1232,0,1232.0,50,1,14,"(2, 41)",0,0.032527881040892194,87.42857142857143,40.5,majority_vote,50,ATTACK,90,"(24, 37)",False,1,False,1260
7,0.0,True,0.0,0.6025094476858616,0.7398796392100576,1234,0,1234.0,71,1,13,"(13, 50)",0,0.026022304832713755,93.15384615384616,47.23076923076923,majority_vote,71,ATTACK,114,"(15, 39)",False,2,False,1260
0,0.0,True,0.0,0.9,0.9,1235,0,1235.0,56,1,15,"(33, 50)",0,0.01942645698427382,82.0,35.46666666666667,majority_vote,56,ATTACK,95,"(30, 43)",False,0,False,1265
7,0.0,True,0.0,0.9807014151275131,0.9949716757913073,1237,0,1237.0,50,1,14,"(2, 41)",0,0.02960222016651249,87.42857142857143,40.5,majority_vote,50,ATTACK,90,"(22, 40)",False,1,False,1265
7,0.0,True,0.0,0.6169771901649634,0.7539998317723504,1239,0,1239.0,71,1,13,"(13, 50)",0,0.02312673450508788,93.15384615384616,47.23076923076923,majority_vote,71,ATTACK,114,"(14, 43)",False,2,False,1265
0,0.0,True,0.0,0.9,0.9,1240,0,1240.0,56,1,15,"(33, 50)",0,0.0173992673992674,82.0,35.46666666666667,majority_vote,56,ATTACK,95,"(31, 47)",False,0,False,1270
7,0.0,True,0.0,0.9840278369767276,0.9956487601834358,1242,0,1242.0,50,1,14,"(2, 41)",0,0.028388278388278388,87.42857142857143,40.5,majority_vote,50,ATTACK,90,"(17, 40)",False,1,False,1270
7,0.0,True,0.0,0.6169771901649634,0.7539998317723504,1244,0,1244.0,71,1,13,"(13, 50)",0,0.022893772893772892,93.15384615384616,47.23076923076923,majority_vote,71,ATTACK,114,"(13, 47)",False,2,False,1270
0,0.0,True,0.0,0.9,0.9,1245,0,1245.0,56,1,15,"(33, 50)",0,0.017335766423357664,82.0,35.46666666666667,majority_vote,56,ATTACK,96,"(33, 50)",False,0,False,1275
41,0.0,True,0.0,0.9867355701577654,0.9961984943619546,1247,0,1247.0,50,1,14,"(2, 41)",0,0.05930656934306569,87.42857142857143,40.5,majority_vote,50,ATTACK,91,"(12, 40)",False,1,False,1275
41,18.965543319404077,True,18.965543319404077,0.6169771901649634,0.7539998317723504,1248,0,1248.0,73,1,13,"(15, 2)",41,0.051094890510948905,93.15384615384616,47.23076923076923,majority_vote,73,ATTACK,116,"(13, 49)",True,2,True,1275
0,0.0,True,0.0,0.9,0.9,1249,0,1249.0,57,1,15,"(13, 50)",0,0.017335766423357664,82.0,35.46666666666667,majority_vote,57,ATTACK,97,"(29, 50)",False,0,False,1280
41,0.0,True,0.0,0.9881130979378581,0.996471093639331,1252,0,1252.0,50,1,14,"(2, 41)",0,0.05930656934306569,87.42857142857143,40.5,majority_vote,50,ATTACK,91,"(8, 41)",False,1,False,1280
41,18.965543319404077,True,18.965543319404077,0.6169771901649634,0.7539998317723504,1253,0,1253.0,73,1,13,"(15, 2)",41,0.051094890510948905,93.15384615384616,47.23076923076923,majority_vote,73,ATTACK,116,"(15, 46)",True,2,True,1280
0,0.0,True,0.0,0.9,0.9,1254,0,1254.0,57,1,15,"(13, 50)",0,0.01551094890510949,82.0,35.46666666666667,majority_vote,57,ATTACK,97,"(25, 49)",False,0,False,1285
41,0.0,True,0.0,0.9881130979378581,0.996471093639331,1257,0,1257.0,50,1,14,"(2, 41)",0,0.055656934306569344,87.42857142857143,40.5,majority_vote,50,ATTACK,91,"(3, 41)",False,1,False,1285
39,16.007593549060374,True,16.007593549060374,0.6169771901649634,0.7539998317723504,1258,0,1258.0,73,1,13,"(15, 2)",39,0.051094890510948905,93.15384615384616,47.23076923076923,majority_vote,73,ATTACK,116,"(16, 42)",True,2,True,1285
0,0.0,True,0.0,0.9,0.9,1259,0,1259.0,57,1,15,"(13, 50)",0,0.014598540145985401,82.0,35.46666666666667,majority_vote,57,ATTACK,97,"(20, 49)",False,0,False,1290
41,0.0,True,0.0,0.9881130979378581,0.996471093639331,1261,0,1261.0,51,1,14,"(21, 17)",0,0.053832116788321165,87.42857142857143,40.5,majority_vote,51,ATTACK,92,"(5, 41)",False,1,False,1290
39,16.007593549060374,True,16.007593549060374,0.6241075757692346,0.7595849022503871,1263,0,1263.0,73,1,13,"(15, 2)",39,0.051094890510948905,93.15384615384616,47.23076923076923,majority_vote,73,ATTACK,116,"(16, 37)",True,2,True,1290
0,0.0,True,0.0,0.9,0.9,1264,0,1264.0,57,1,15,"(13, 50)",0,0.014598540145985401,82.0,35.46666666666667,majority_vote,57,ATTACK,97,"(15, 49)",False,0,False,1295
39,0.0,True,0.0,0.9881130979378581,0.996471093639331,1266,0,1266.0,51,1,14,"(21, 17)",0,0.05474452554744526,87.42857142857143,40.5,majority_vote,51,ATTACK,92,"(10, 41)",False,1,False,1295
39,16.007593549060374,True,16.007593549060374,0.6587449352946744,0.7873722719961909,1268,0,1268.0,73,1,13,"(15, 2)",39,0.051094890510948905,93.15384615384616,47.23076923076923,majority_vote,73,ATTACK,116,"(17, 33)",True,2,True,1295
0,0.0,True,0.0,0.9,0.9,1268,0,1268.0,58,1,16,"(2, 41)",0,0.013358778625954198,81.1875,34.6875,majority_vote,58,ATTACK,99,"(12, 50)",False,0,False,1300
39,0.0,True,0.0,0.9897145410107631,0.9968836889293223,1271,0,1271.0,52,1,14,"(21, 17)",0,0.054924242424242424,87.42857142857143,40.5,majority_vote,52,ATTACK,93,"(12, 38)",False,1,False,1300
39,7.408506135857266,True,7.408506135857266,0.6915426347259757,0.8143989363312482,1273,0,1273.0,73,1,13,"(15, 2)",39,0.05418250950570342,93.15384615384616,47.23076923076923,majority_vote,73,ATTACK,117,"(21, 32)",True,2,True,1300
0,0.0,True,0.0,0.9,0.9,1273,0,1273.0,58,1,16,"(2, 41)",0,0.014245014245014245,81.1875,34.6875,majority_vote,58,ATTACK,99,"(12, 45)",False,0,False,1305
38,0.0,True,0.0,0.9913881260148224,0.9972431765752043,1276,0,1276.0,52,1,14,"(21, 17)",0,0.05,87.42857142857143,40.5,majority_vote,52,ATTACK,93,"(15, 36)",False,1,False,1305
39,7.408506135857266,True,7.408506135857266,0.7226615166570945,0.8378401999383466,1278,0,1278.0,73,1,13,"(15, 2)",39,0.05303030303030303,93.15384615384616,47.23076923076923,majority_vote,73,ATTACK,117,"(22, 28)",True,2,True,1305
0,0.0,True,0.0,0.9,0.9,1278,0,1278.0,58,1,16,"(2, 41)",0,0.014124293785310734,81.1875,34.6875,majority_vote,58,ATTACK,99,"(10, 42)",False,0,False,1310
42,0.0,True,0.0,0.6588748321057597,0.6588748321057597,1281,0,1281.0,52,1,14,"(21, 17)",0,0.04864359214218896,87.42857142857143,40.5,majority_vote,52,ATTACK,93,"(20, 36)",False,1,False,1310
54,0.6664309113048432,True,0.6664309113048432,0.7523292088183264,0.8618533246217899,1283,0,1283.0,73,1,13,"(15, 2)",54,0.05258215962441314,93.15384615384616,47.23076923076923,majority_vote,73,ATTACK,117,"(25, 26)",True,2,True,1310
0,0.0,True,0.0,0.9,0.9,1283,0,1283.0,58,1,16,"(2, 41)",0,0.01224105461393597,81.1875,34.6875,majority_vote,58,ATTACK,99,"(6, 41)",False,0,False,1315
41,0.0,True,0.0,0.5798617056813582,0.6026552938990437,1286,0,1286.0,52,1,14,"(21, 17)",0,0.047708138447146865,87.42857142857143,40.5,majority_vote,52,ATTACK,93,"(23, 34)",False,1,False,1315
54,0.6664309113048432,True,0.6664309113048432,0.7798059990334205,0.8806344580364168,1288,0,1288.0,73,1,13,"(15, 2)",54,0.05258215962441314,93.15384615384616,47.23076923076923,majority_vote,73,ATTACK,117,"(25, 21)",True,2,True,1315
0,0.0,True,0.0,0.9,0.9,1287,0,1287.0,59,1,16,"(2, 50)",0,0.010516252390057362,81.1875,34.6875,majority_vote,59,ATTACK,100,"(2, 41)",False,0,False,1320
41,0.0,True,0.0,0.5857785888386563,0.6299438911877064,1291,0,1291.0,52,1,14,"(21, 17)",0,0.04803073967339097,87.42857142857143,40.5,majority_vote,52,ATTACK,93,"(24, 30)",False,1,False,1320
54,0.6664309113048432,True,0.6664309113048432,0.8048111140363943,0.8959868146335128,1293,0,1293.0,73,1,13,"(15, 2)",54,0.052833813640730067,93.15384615384616,47.23076923076923,majority_vote,73,ATTACK,117,"(25, 16)",True,2,True,1320
0,0.0,True,0.0,0.9,0.9,1292,0,1292.0,59,1,16,"(2, 50)",0,0.011374407582938388,81.1875,34.6875,majority_vote,59,ATTACK,101,"(3, 45)",False,0,False,1325
41,0.0,True,0.0,0.5943541437012014,0.6532347511890091,1296,0,1296.0,52,1,14,"(21, 17)",0,0.04666666666666667,87.42857142857143,40.5,majority_vote,52,ATTACK,94,"(24, 25)",False,1,False,1325
54,0.0,True,0.0,0.8230117492929658,0.906110562677755,1298,0,1298.0,73,1,13,"(15, 2)",0,0.05238095238095238,93.15384615384616,47.23076923076923,majority_vote,73,ATTACK,118,"(25, 11)",False,2,False,1325
0,0.0,True,0.0,0.9,0.9,1297,0,1297.0,59,1,16,"(2, 50)",0,0.011320754716981131,81.1875,34.6875,majority_vote,59,ATTACK,101,"(3, 50)",False,0,False,1330
41,0.0,True,0.0,0.6136271450701158,0.6941912012614868,1301,0,1301.0,52,1,14,"(21, 17)",0,0.04549763033175355,87.42857142857143,40.5,majority_vote,52,ATTACK,94,"(25, 21)",False,1,False,1330
53,0.0,True,0.0,0.7099945124050344,0.7099945124050344,1303,0,1303.0,73,1,13,"(15, 2)",0,0.05118483412322275,93.15384615384616,47.23076923076923,majority_vote,73,ATTACK,118,"(22, 9)",False,2,False,1330
0,0.0,True,0.0,0.9,0.9,1301,0,1301.0,60,1,17,"(33, 8)",0,0.012264150943396227,78.3529411764706,33.35294117647059,majority_vote,60,ATTACK,102,"(4, 49)",False,0,False,1335
41,0.0,True,0.0,0.6224176192198937,0.7068139400663318,1306,0,1306.0,52,1,14,"(21, 17)",0,0.023696682464454975,87.42857142857143,40.5,majority_vote,52,ATTACK,94,"(24, 17)",False,1,False,1335
30,0.0,False,0.0,0.22225152199957368,0.22225152199957368,1308,0,1308.0,74,1,13,"(15, 2)",0,0.029383886255924172,93.15384615384616,47.23076923076923,majority_vote,74,ATTACK,119,"(17, 9)",False,2,False,1335
0,0.0,True,0.0,0.9,0.9,1306,0,1306.0,60,1,17,"(33, 8)",0,0.014910536779324055,78.3529411764706,33.35294117647059,majority_vote,60,ATTACK,102,"(6, 46)",False,0,False,1340
41,0.0,True,0.0,0.6419738376763051,0.7417833060027094,1310,0,1310.0,53,1,15,"(13, 50)",0,0.02277227722772277,89.26666666666667,41.266666666666666,majority_vote,53,ATTACK,95,"(22, 17)",False,1,False,1340
28,0.0,False,0.0,0.17996074655835925,0.17996074655835925,1313,0,1313.0,74,1,13,"(15, 2)",0,0.028712871287128714,93.15384615384616,47.23076923076923,majority_vote,74,ATTACK,119,"(15, 6)",False,2,False,1340
0,0.0,True,0.0,0.9,0.9,1311,0,1311.0,60,1,17,"(33, 8)",0,0.015904572564612324,78.3529411764706,33.35294117647059,majority_vote,60,ATTACK,102,"(11, 46)",False,0,False,1345
41,0.0,True,0.0,0.6419738376763051,0.7417833060027094,1315,0,1315.0,53,1,15,"(13, 50)",0,0.02277227722772277,89.26666666666667,41.266666666666666,majority_vote,53,ATTACK,95,"(25, 19)",False,1,False,1345
28,0.0,False,0.0,0.17996074655835925,0.17996074655835925,1317,0,1317.0,75,1,14,"(2, 41)",0,0.027722772277227723,96.07142857142857,48.92857142857143,majority_vote,75,ATTACK,120,"(15, 2)",False,2,False,1345
0,0.0,True,0.0,0.9,0.9,1316,0,1316.0,61,1,17,"(33, 8)",0,0.05666003976143141,78.3529411764706,33.35294117647059,majority_vote,61,ATTACK,103,"(12, 42)",False,0,False,1350
56,0.0,True,0.0,0.6419738376763051,0.7417833060027094,1320,0,1320.0,54,1,15,"(13, 50)",0,0.061386138613861385,89.26666666666667,41.266666666666666,majority_vote,54,ATTACK,96,"(25, 24)",False,1,False,1350
43,13.013540720085004,False,13.013540720085004,0.17996074655835925,0.17996074655835925,1322,0,1322.0,76,1,14,"(2, 41)",43,0.061386138613861385,96.07142857142857,48.92857142857143,majority_vote,76,ATTACK,121,"(15, 7)",True,2,True,1350
0,0.0,True,0.0,0.9,0.9,1321,0,1321.0,61,1,17,"(33, 8)",0,0.05268389662027833,78.3529411764706,33.35294117647059,majority_vote,61,ATTACK,103,"(15, 40)",False,0,False,1355
55,0.0,True,0.0,0.6419738376763051,0.7417833060027094,1325,0,1325.0,54,1,15,"(13, 50)",0,0.054455445544554455,89.26666666666667,41.266666666666666,majority_vote,54,ATTACK,96,"(22, 26)",False,1,False,1355
35,14.435362576526941,False,14.435362576526941,0.17996074655835925,0.17996074655835925,1327,0,1327.0,76,1,14,"(2, 41)",35,0.0594059405940594,96.07142857142857,48.92857142857143,majority_vote,76,ATTACK,121,"(18, 9)",True,2,True,1355
0,0.0,True,0.0,0.9,0.9,1326,0,1326.0,61,1,17,"(33, 8)",0,0.05069582504970179,78.3529411764706,33.35294117647059,majority_vote,61,ATTACK,103,"(20, 40)",False,0,False,1360
53,0.0,True,0.0,0.6419738376763051,0.7417833060027094,1330,0,1330.0,54,1,15,"(13, 50)",0,0.053465346534653464,89.26666666666667,41.266666666666666,majority_vote,54,ATTACK,96,"(22, 31)",False,1,False,1360
26,14.435362576526941,False,14.435362576526941,0.17996074655835925,0.17996074655835925,1332,0,1332.0,76,1,14,"(2, 41)",26,0.0594059405940594,96.07142857142857,48.92857142857143,majority_vote,76,ATTACK,121,"(23, 9)",True,2,True,1360
0,0.0,True,0.0,0.9,0.9,1331,0,1331.0,61,1,17,"(33, 8)",0,0.04671968190854871,78.3529411764706,33.35294117647059,majority_vote,61,ATTACK,103,"(25, 40)",False,0,False,1365
53,0.0,True,0.0,0.6703570915118384,0.7838357234334365,1335,0,1335.0,54,1,15,"(13, 50)",0,0.0504950495049505,89.26666666666667,41.266666666666666,majority_vote,54,ATTACK,96,"(20, 34)",False,1,False,1365
26,14.435362576526941,False,14.435362576526941,0.17996074655835925,0.17996074655835925,1337,0,1337.0,76,1,14,"(2, 41)",26,0.05841584158415842,96.07142857142857,48.92857142857143,majority_vote,76,ATTACK,121,"(25, 12)",True,2,True,1365
0,0.0,True,0.0,0.9,0.9,1336,0,1336.0,61,1,17,"(33, 8)",0,0.042743538767395624,78.3529411764706,33.35294117647059,majority_vote,61,ATTACK,103,"(28, 38)",False,0,False,1370
47,0.0,True,0.0,0.7009136590936123,0.8172892308869661,1340,0,1340.0,54,1,15,"(13, 50)",0,0.0504950495049505,89.26666666666667,41.266666666666666,majority_vote,54,ATTACK,96,"(18, 37)",False,1,False,1370
20,14.435362576526941,False,14.435362576526941,0.17996074655835925,0.17996074655835925,1342,0,1342.0,76,1,14,"(2, 41)",20,0.05742574257425743,96.07142857142857,48.92857142857143,majority_vote,76,ATTACK,121,"(25, 17)",True,2,True,1370
0,0.0,True,0.0,0.9,0.9,1341,0,1341.0,61,1,17,"(33, 8)",0,0.03777335984095427,78.3529411764706,33.35294117647059,majority_vote,61,ATTACK,104,"(28, 33)",False,0,False,1375
47,0.0,True,0.0,0.7314748560542417,0.8459257122389826,1345,0,1345.0,54,1,15,"(13, 50)",0,0.048514851485148516,89.26666666666667,41.266666666666666,majority_vote,54,ATTACK,97,"(13, 37)",False,1,False,1375
20,0.0,False,0.0,0.17996074655835925,0.17996074655835925,1347,0,1347.0,77,1,14,"(2, 41)",0,0.055445544554455446,96.07142857142857,48.92857142857143,majority_vote,77,ATTACK,122,"(25, 22)",False,2,False,1375
0,0.0,True,0.0,0.9,0.9,1346,0,1346.0,61,1,17,"(33, 8)",0,0.031936127744510975,78.3529411764706,33.35294117647059,majority_vote,61,ATTACK,104,"(28, 28)",False,0,False,1380
47,0.0,True,0.0,0.7608101349345184,0.8697893582053683,1350,0,1350.0,54,1,15,"(13, 50)",0,0.04861111111111111,89.26666666666667,41.266666666666666,majority_vote,54,ATTACK,97,"(13, 42)",False,1,False,1380
20,0.0,False,0.0,0.187698892493615,0.2641430287236377,1352,0,1352.0,77,1,14,"(2, 41)",0,0.051587301587301584,96.07142857142857,48.92857142857143,majority_vote,77,ATTACK,122,"(24, 26)",False,2,False,1380
0,0.0,True,0.0,0.9,0.9,1351,0,1351.0,61,1,17,"(33, 8)",0,0.02694610778443114,78.3529411764706,33.35294117647059,majority_vote,61,ATTACK,104,"(28, 23)",False,0,False,1385
52,0.0,True,0.0,0.7775183825015637,0.8817155838721474,1355,0,1355.0,54,1,15,"(13, 50)",0,0.04563492063492063,89.26666666666667,41.266666666666666,majority_vote,54,ATTACK,97,"(13, 47)",False,1,False,1385
20,0.0,False,0.0,0.2203981445181403,0.301635529067149,1357,0,1357.0,77,1,14,"(2, 41)",0,0.04861111111111111,96.07142857142857,48.92857142857143,majority_vote,77,ATTACK,122,"(22, 29)",False,2,False,1385
0,0.0,True,0.0,0.9,0.9,1356,0,1356.0,61,1,17,"(33, 8)",0,0.02694610778443114,78.3529411764706,33.35294117647059,majority_vote,61,ATTACK,104,"(28, 18)",False,0,False,1390
52,0.0,True,0.0,0.7775183825015637,0.8817155838721474,1359,0,1359.0,55,1,15,"(2, 20)",0,0.04563492063492063,89.26666666666667,41.266666666666666,majority_vote,55,ATTACK,98,"(12, 50)",False,1,False,1390
20,0.0,False,0.0,0.2530066971503753,0.3991263174936989,1362,0,1362.0,77,1,14,"(2, 41)",0,0.04861111111111111,96.07142857142857,48.92857142857143,majority_vote,77,ATTACK,122,"(20, 32)",False,2,False,1390
0,0.0,True,0.0,0.9,0.9,1361,0,1361.0,61,1,17,"(33, 8)",0,0.026919242273180457,78.3529411764706,33.35294117647059,majority_vote,61,ATTACK,104,"(28, 13)",False,0,False,1395
52,0.0,True,0.0,0.7775183825015637,0.8817155838721474,1364,0,1364.0,55,1,15,"(2, 20)",0,0.044598612487611496,89.26666666666667,41.266666666666666,majority_vote,55,ATTACK,98,"(12, 45)",False,1,False,1395
20,0.0,False,0.0,0.2977136415639081,0.48247972666147415,1367,0,1367.0,77,1,14,"(2, 41)",0,0.04757185332011893,96.07142857142857,48.92857142857143,majority_vote,77,ATTACK,122,"(19, 36)",False,2,False,1395
0,0.0,True,0.0,0.9,0.9,1366,0,1366.0,61,1,17,"(33, 8)",0,0.024925224327018942,78.3529411764706,33.35294117647059,majority_vote,61,ATTACK,105,"(30, 10)",False,0,False,1400
52,0.0,True,0.0,0.7775183825015637,0.8817155838721474,1369,0,1369.0,55,1,15,"(2, 20)",0,0.04261645193260654,89.26666666666667,41.266666666666666,majority_vote,55,ATTACK,99,"(11, 41)",False,1,False,1400
20,0.0,True,0.0,0.3504573435433304,0.5580407592644057,1372,0,1372.0,77,1,14,"(2, 41)",0,0.04558969276511397,96.07142857142857,48.92857142857143,majority_vote,77,ATTACK,123,"(16, 38)",False,2,False,1400
0,0.0,True,0.0,0.9,0.9,1371,0,1371.0,61,1,17,"(33, 8)",0,0.023928215353938187,78.3529411764706,33.35294117647059,majority_vote,61,ATTACK,105,"(33, 8)",False,0,False,1405
52,0.0,True,0.0,0.7775183825015637,0.8817155838721474,1374,0,1374.0,55,1,15,"(2, 20)",0,0.040634291377601585,89.26666666666667,41.266666666666666,majority_vote,55,ATTACK,99,"(6, 41)",False,1,False,1405
20,0.0,True,0.0,0.4060425355934824,0.6176582912556068,1377,0,1377.0,77,1,14,"(2, 41)",0,0.04558969276511397,96.07142857142857,48.92857142857143,majority_vote,77,ATTACK,123,"(14, 41)",False,2,False,1405
0,0.0,True,0.0,0.9,0.9,1375,0,1375.0,62,1,17,"(3, 8)",0,0.02180376610505451,78.3529411764706,33.35294117647059,majority_vote,62,ATTACK,106,"(29, 8)",False,0,False,1410
52,0.0,True,0.0,0.7775183825015637,0.8817155838721474,1379,0,1379.0,55,1,15,"(2, 20)",0,0.04039408866995074,89.26666666666667,41.266666666666666,majority_vote,55,ATTACK,99,"(4, 38)",False,1,False,1410
20,0.0,True,0.0,0.4506144979374908,0.6658222113945457,1382,0,1382.0,77,1,14,"(2, 41)",0,0.042364532019704436,96.07142857142857,48.92857142857143,majority_vote,77,ATTACK,123,"(9, 41)",False,2,False,1410
0,0.0,True,0.0,0.9,0.9,1380,0,1380.0,62,1,17,"(3, 8)",0,0.021505376344086023,78.3529411764706,33.35294117647059,majority_vote,62,ATTACK,106,"(25, 9)",False,0,False,1415
52,0.0,True,0.0,0.7775183825015637,0.8817155838721474,1384,0,1384.0,55,1,15,"(2, 20)",0,0.03984450923226433,89.26666666666667,41.266666666666666,majority_vote,55,ATTACK,99,"(3, 34)",False,1,False,1415
20,0.0,True,0.0,0.4506144979374908,0.6658222113945457,1387,0,1387.0,77,1,14,"(2, 41)",0,0.04178814382896016,96.07142857142857,48.92857142857143,majority_vote,77,ATTACK,123,"(4, 41)",False,2,False,1415
0,0.0,True,0.0,0.9,0.9,1385,0,1385.0,62,1,17,"(3, 8)",0,0.02109300095877277,78.3529411764706,33.35294117647059,majority_vote,62,ATTACK,106,"(20, 9)",False,0,False,1420
48,0.0,True,0.0,0.7775183825015637,0.8817155838721474,1389,0,1389.0,55,1,15,"(2, 20)",0,0.04182509505703422,89.26666666666667,41.266666666666666,majority_vote,55,ATTACK,99,"(3, 29)",False,1,False,1420
25,0.0,True,0.0,0.4506144979374908,0.6658222113945457,1391,0,1391.0,78,1,14,"(21, 17)",0,0.04467680608365019,96.07142857142857,48.92857142857143,majority_vote,78,ATTACK,124,"(4, 41)",False,2,False,1420
0,0.0,True,0.0,0.9,0.9,1390,0,1390.0,62,1,17,"(3, 8)",0,0.020618556701030927,78.3529411764706,33.35294117647059,majority_vote,62,ATTACK,107,"(15, 9)",False,0,False,1425
28,0.0,True,0.0,0.6596005481740534,0.6596005481740534,1394,0,1394.0,56,1,15,"(2, 20)",0,0.040892193308550186,89.26666666666667,41.266666666666666,majority_vote,56,ATTACK,100,"(3, 24)",False,1,False,1425
25,0.0,True,0.0,0.4506144979374908,0.6658222113945457,1396,0,1396.0,78,1,14,"(21, 17)",0,0.04368029739776952,96.07142857142857,48.92857142857143,majority_vote,78,ATTACK,125,"(7, 39)",False,2,False,1425
0,0.0,True,0.0,0.9,0.9,1395,0,1395.0,62,1,17,"(3, 8)",0,0.01743119266055046,78.3529411764706,33.35294117647059,majority_vote,62,ATTACK,107,"(11, 8)",False,0,False,1430
26,0.0,True,0.0,0.6596005481740534,0.6596005481740534,1399,0,1399.0,56,1,15,"(2, 20)",0,0.037408759124087594,89.26666666666667,41.266666666666666,majority_vote,56,ATTACK,100,"(2, 20)",False,1,False,1430
20,0.0,True,0.0,0.4506144979374908,0.6658222113945457,1401,0,1401.0,78,1,14,"(21, 17)",0,0.040145985401459854,96.07142857142857,48.92857142857143,majority_vote,78,ATTACK,125,"(10, 37)",False,2,False,1430
0,0.0,True,0.0,0.9,0.9,1400,0,1400.0,62,1,17,"(3, 8)",0,0.016408386508659983,78.3529411764706,33.35294117647059,majority_vote,62,ATTACK,107,"(6, 8)",False,0,False,1435
26,0.0,True,0.0,0.6596005481740534,0.6596005481740534,1403,0,1403.0,57,1,16,"(2, 41)",0,0.0371713508612874,89.4375,41.3125,majority_vote,57,ATTACK,101,"(3, 23)",False,1,False,1435
20,0.0,True,0.0,0.4506144979374908,0.6658222113945457,1406,0,1406.0,78,1,14,"(21, 17)",0,0.03989120580235721,96.07142857142857,48.92857142857143,majority_vote,78,ATTACK,125,"(13, 35)",False,2,False,1435
0,0.0,True,0.0,0.9,0.9,1404,0,1404.0,63,1,18,"(2, 20)",0,0.011893870082342177,79.94444444444444,33.333333333333336,majority_vote,63,ATTACK,108,"(4, 8)",False,0,False,1440
26,0.0,True,0.0,0.6596005481740534,0.6596005481740534,1408,0,1408.0,57,1,16,"(2, 41)",0,0.03275705186533212,89.4375,41.3125,majority_vote,57,ATTACK,101,"(3, 28)",False,1,False,1440
20,0.0,True,0.0,0.4506144979374908,0.6658222113945457,1411,0,1411.0,78,1,14,"(21, 17)",0,0.03548680618744313,96.07142857142857,48.92857142857143,majority_vote,78,ATTACK,125,"(17, 34)",False,2,False,1440
0,0.0,True,0.0,0.9,0.9,1409,0,1409.0,63,1,18,"(2, 20)",0,0.012808783165599268,79.94444444444444,33.333333333333336,majority_vote,63,ATTACK,108,"(9, 8)",False,0,False,1445
26,0.0,True,0.0,0.6596005481740534,0.6596005481740534,1413,0,1413.0,57,1,16,"(2, 41)",0,0.03275705186533212,89.4375,41.3125,majority_vote,57,ATTACK,101,"(3, 33)",False,1,False,1445
20,0.0,True,0.0,0.4506144979374908,0.6658222113945457,1416,0,1416.0,78,1,14,"(21, 17)",0,0.034576888080072796,96.07142857142857,48.92857142857143,majority_vote,78,ATTACK,125,"(18, 30)",False,2,False,1445
0,0.0,True,0.0,0.9,0.9,1414,0,1414.0,63,1,18,"(2, 20)",0,0.012808783165599268,79.94444444444444,33.333333333333336,majority_vote,63,ATTACK,109,"(13, 9)",False,0,False,1450
26,0.0,True,0.0,0.6596005481740534,0.6596005481740534,1418,0,1418.0,57,1,16,"(2, 41)",0,0.03275705186533212,89.4375,41.3125,majority_vote,57,ATTACK,102,"(3, 38)",False,1,False,1450
20,0.0,True,0.0,0.4506144979374908,0.6658222113945457,1421,0,1421.0,78,1,14,"(21, 17)",0,0.03548680618744313,96.07142857142857,48.92857142857143,majority_vote,78,ATTACK,126,"(19, 26)",False,2,False,1450
0,0.0,True,0.0,0.9,0.9,1419,0,1419.0,63,1,18,"(2, 20)",0,0.0136986301369863,79.94444444444444,33.333333333333336,majority_vote,63,ATTACK,109,"(14, 13)",False,0,False,1455
33,0.0,True,0.0,0.6596005481740534,0.6596005481740534,1422,0,1422.0,58,1,16,"(15, 2)",0,0.028181818181818183,89.4375,41.3125,majority_vote,58,ATTACK,103,"(2, 41)",False,1,False,1455
27,0.0,True,0.0,0.4506144979374908,0.6658222113945457,1426,0,1426.0,78,1,14,"(21, 17)",0,0.03090909090909091,96.07142857142857,48.92857142857143,majority_vote,78,ATTACK,126,"(19, 21)",False,2,False,1455
0,0.0,True,0.0,0.9,0.9,1424,0,1424.0,63,1,18,"(2, 20)",0,0.013761467889908258,79.94444444444444,33.333333333333336,majority_vote,63,ATTACK,110,"(14, 18)",False,0,False,1460
32,0.0,True,0.0,0.6596005481740534,0.6596005481740534,1427,0,1427.0,58,1,16,"(15, 2)",0,0.0283363802559415,89.4375,41.3125,majority_vote,58,ATTACK,103,"(5, 39)",False,1,False,1460
26,0.0,True,0.0,0.49615468502609966,0.7144337439086549,1431,0,1431.0,78,1,14,"(21, 17)",0,0.031078610603290677,96.07142857142857,48.92857142857143,majority_vote,78,ATTACK,126,"(20, 17)",False,2,False,1460
0,0.0,True,0.0,0.9,0.9,1429,0,1429.0,63,1,18,"(2, 20)",0,0.014453477868112014,79.94444444444444,33.333333333333336,majority_vote,63,ATTACK,110,"(11, 20)",False,0,False,1465
31,0.0,True,0.0,0.6596005481740534,0.6596005481740534,1432,0,1432.0,58,1,16,"(15, 2)",0,0.0279027902790279,89.4375,41.3125,majority_vote,58,ATTACK,103,"(7, 36)",False,1,False,1465
26,0.0,True,0.0,0.5419342054197492,0.7577298175095496,1435,0,1435.0,79,1,15,"(2, 20)",0,0.0306030603060306,97.46666666666667,48.6,majority_vote,79,ATTACK,127,"(18, 17)",False,2,False,1465
0,0.0,True,0.0,0.9,0.9,1434,0,1434.0,63,1,18,"(2, 20)",0,0.016129032258064516,79.94444444444444,33.333333333333336,majority_vote,63,ATTACK,110,"(6, 20)",False,0,False,1470
30,0.0,True,0.0,0.6596005481740534,0.6596005481740534,1437,0,1437.0,58,1,16,"(15, 2)",0,0.027678571428571427,89.4375,41.3125,majority_vote,58,ATTACK,103,"(12, 36)",False,1,False,1470
26,0.0,True,0.0,0.5967607409581904,0.7988643126297009,1440,0,1440.0,79,1,15,"(2, 20)",0,0.030357142857142857,97.46666666666667,48.6,majority_vote,79,ATTACK,127,"(15, 19)",False,2,False,1470
0,0.0,True,0.0,0.9,0.9,1438,0,1438.0,64,1,18,"(24, 45)",0,0.016129032258064516,79.94444444444444,33.333333333333336,majority_vote,64,ATTACK,112,"(2, 20)",False,0,False,1475
30,0.0,True,0.0,0.6596005481740534,0.6596005481740534,1442,0,1442.0,58,1,16,"(15, 2)",0,0.027678571428571427,89.4375,41.3125,majority_vote,58,ATTACK,104,"(14, 33)",False,1,False,1475
26,0.0,True,0.0,0.6470555793378054,0.8311758058439507,1445,0,1445.0,79,1,15,"(2, 20)",0,0.030357142857142857,97.46666666666667,48.6,majority_vote,79,ATTACK,128,"(11, 20)",False,2,False,1475
0,0.0,True,0.0,0.9,0.9,1443,0,1443.0,64,1,18,"(24, 45)",0,0.016143497757847534,79.94444444444444,33.333333333333336,majority_vote,64,ATTACK,112,"(6, 21)",False,0,False,1480
30,0.0,True,0.0,0.6596005481740534,0.6596005481740534,1447,0,1447.0,58,1,16,"(15, 2)",0,0.026737967914438502,89.4375,41.3125,majority_vote,58,ATTACK,104,"(15, 29)",False,1,False,1480
26,0.0,True,0.0,0.6932583418068317,0.8644716011123691,1450,0,1450.0,79,1,15,"(2, 20)",0,0.029411764705882353,97.46666666666667,48.6,majority_vote,79,ATTACK,128,"(6, 20)",False,2,False,1480
0,0.0,True,0.0,0.9,0.9,1448,0,1448.0,64,1,18,"(24, 45)",0,0.01607142857142857,79.94444444444444,33.333333333333336,majority_vote,64,ATTACK,112,"(11, 21)",False,0,False,1485
29,0.0,True,0.0,0.6643152303261513,0.6942049151753726,1452,0,1452.0,58,1,16,"(15, 2)",0,0.02575488454706927,89.4375,41.3125,majority_vote,58,ATTACK,104,"(15, 24)",False,1,False,1485
26,0.0,True,0.0,0.7364988657680916,0.895423813716873,1454,0,1454.0,80,1,15,"(25, 2)",0,0.02930728241563055,97.46666666666667,48.6,majority_vote,80,ATTACK,129,"(2, 20)",False,2,False,1485
0,0.0,True,0.0,0.9,0.9,1452,0,1452.0,64,2,18,"(24, 45)",0,0.016964285714285713,79.94444444444444,33.333333333333336,majority_vote,64,ATTACK,112,"(15, 21)",False,0,False,1490
29,0.0,True,0.0,0.6798400609653836,0.756202890897105,1457,0,1457.0,58,1,16,"(15, 2)",0,0.023978685612788632,89.4375,41.3125,majority_vote,58,ATTACK,104,"(15, 19)",False,1,False,1490
26,0.0,True,0.0,0.7749972513353194,0.9130173223360235,1459,0,1459.0,80,1,15,"(25, 2)",0,0.02930728241563055,97.46666666666667,48.6,majority_vote,80,ATTACK,129,"(7, 20)",False,2,False,1490
0,0.0,True,0.0,0.9,0.9,1457,0,1457.0,64,2,18,"(24, 45)",0,0.016964285714285713,79.94444444444444,33.333333333333336,majority_vote,64,ATTACK,112,"(18, 23)",False,0,False,1495
44,0.0,True,0.0,0.7034555845173811,0.8003538928979772,1462,0,1462.0,58,1,16,"(15, 2)",0,0.022202486678507993,89.4375,41.3125,majority_vote,58,ATTACK,104,"(15, 14)",False,1,False,1495
41,1.6039506431939117,True,1.6039506431939117,0.8085524004436523,0.9291613769751415,1464,0,1464.0,80,1,15,"(25, 2)",0,0.02930728241563055,97.46666666666667,48.6,majority_vote,80,ATTACK,129,"(12, 20)",False,2,False,1495
0,0.0,True,0.0,0.9,0.9,1462,0,1462.0,64,2,18,"(24, 45)",0,0.04732142857142857,79.94444444444444,33.333333333333336,majority_vote,64,ATTACK,113,"(21, 25)",False,0,False,1500
40,0.0,True,0.0,0.7242705412712831,0.8234472142794592,1467,0,1467.0,58,1,16,"(15, 2)",0,0.050621669626998225,89.4375,41.3125,majority_vote,58,ATTACK,105,"(15, 9)",False,1,False,1500
41,1.5393746056080317,True,1.5393746056080317,0.837769199439117,0.9425046221287025,1469,0,1469.0,80,1,15,"(25, 2)",0,0.050621669626998225,97.46666666666667,48.6,majority_vote,80,ATTACK,130,"(15, 18)",False,2,False,1500
0,0.0,True,0.0,0.9,0.9,1467,0,1467.0,64,2,18,"(24, 45)",0,0.04107142857142857,79.94444444444444,33.333333333333336,majority_vote,64,ATTACK,113,"(24, 27)",False,0,False,1505
39,0.0,True,0.0,0.7242705412712831,0.8234472142794592,1472,0,1472.0,58,1,16,"(15, 2)",0,0.0452930728241563,89.4375,41.3125,majority_vote,58,ATTACK,105,"(15, 4)",False,1,False,1505
41,1.5393746056080317,True,1.5393746056080317,0.8482496834753651,0.9461300918287902,1474,0,1474.0,80,1,15,"(25, 2)",0,0.04440497335701599,97.46666666666667,48.6,majority_vote,80,ATTACK,130,"(17, 15)",False,2,False,1505
0,0.0,True,0.0,0.9,0.9,1472,0,1472.0,64,2,18,"(24, 45)",0,0.038392857142857145,79.94444444444444,33.333333333333336,majority_vote,64,ATTACK,113,"(24, 32)",False,0,False,1510
39,0.0,True,0.0,0.7242705412712831,0.8234472142794592,1476,0,1476.0,59,1,17,"(2, 41)",0,0.04440497335701599,88.70588235294117,42.0,majority_vote,59,ATTACK,106,"(14, 3)",False,1,False,1510
41,1.5393746056080317,True,1.5393746056080317,0.8482496834753651,0.9461300918287902,1479,0,1479.0,80,1,15,"(25, 2)",0,0.04262877442273535,97.46666666666667,48.6,majority_vote,80,ATTACK,130,"(19, 12)",False,2,False,1510
0,0.0,True,0.0,0.9,0.9,1477,0,1477.0,64,2,18,"(24, 45)",0,0.03214285714285714,79.94444444444444,33.333333333333336,majority_vote,64,ATTACK,113,"(24, 37)",False,0,False,1515
39,0.0,True,0.0,0.7242705412712831,0.8234472142794592,1481,0,1481.0,59,1,17,"(2, 41)",0,0.03996447602131439,88.70588235294117,42.0,majority_vote,59,ATTACK,106,"(14, 8)",False,1,False,1515
41,1.5393746056080317,True,1.5393746056080317,0.8482496834753651,0.9461300918287902,1484,0,1484.0,80,1,15,"(25, 2)",0,0.04085257548845471,97.46666666666667,48.6,majority_vote,80,ATTACK,130,"(21, 9)",False,2,False,1515
0,0.0,True,0.0,0.9,0.9,1482,0,1482.0,64,2,18,"(24, 45)",0,0.030548068283917342,79.94444444444444,33.333333333333336,majority_vote,64,ATTACK,113,"(25, 41)",False,0,False,1520
39,0.0,True,0.0,0.7242705412712831,0.8234472142794592,1486,0,1486.0,59,1,17,"(2, 41)",0,0.04014272970561998,88.70588235294117,42.0,majority_vote,59,ATTACK,106,"(14, 13)",False,1,False,1520
29,0.0,True,0.0,0.8482496834753651,0.9461300918287902,1489,0,1489.0,80,1,15,"(25, 2)",0,0.041108132260947276,97.46666666666667,48.6,majority_vote,80,ATTACK,130,"(25, 8)",False,2,False,1520
0,0.0,True,0.0,0.9,0.9,1487,0,1487.0,64,2,18,"(24, 45)",0,0.03043867502238138,79.94444444444444,33.333333333333336,majority_vote,64,ATTACK,114,"(24, 45)",False,0,False,1525
30,0.0,True,0.0,0.7294656377736294,0.8281724713182085,1491,0,1491.0,59,1,17,"(2, 41)",0,0.04014272970561998,88.70588235294117,42.0,majority_vote,59,ATTACK,107,"(14, 18)",False,1,False,1525
20,0.0,True,0.0,0.8482496834753651,0.9461300918287902,1494,0,1494.0,80,1,15,"(25, 2)",0,0.04107142857142857,97.46666666666667,48.6,majority_vote,80,ATTACK,131,"(25, 3)",False,2,False,1525
0,0.0,True,0.0,0.9,0.9,1491,0,1491.0,65,2,19,"(21, 17)",0,0.03041144901610018,80.3157894736842,34.26315789473684,majority_vote,65,ATTACK,115,"(25, 42)",False,0,False,1530
39,0.0,True,0.0,0.7552168785240142,0.8518514677609302,1496,0,1496.0,59,1,17,"(2, 41)",0,0.04014272970561998,88.70588235294117,42.0,majority_vote,59,ATTACK,107,"(14, 23)",False,1,False,1530
29,0.0,True,0.0,0.8482496834753651,0.9461300918287902,1498,0,1498.0,81,1,16,"(33, 50)",0,0.04103479036574487,95.4375,48.1875,majority_vote,81,ATTACK,132,"(25, 5)",False,2,False,1530
0,0.0,True,0.0,0.9,0.9,1496,0,1496.0,65,2,19,"(21, 17)",0,0.029490616621983913,80.3157894736842,34.26315789473684,majority_vote,65,ATTACK,115,"(23, 39)",False,0,False,1535
38,0.0,True,0.0,0.7801180426827748,0.872511903534174,1501,0,1501.0,59,1,17,"(2, 41)",0,0.0383586083853702,88.70588235294117,42.0,majority_vote,59,ATTACK,107,"(14, 28)",False,1,False,1535
28,0.0,True,0.0,0.8482496834753651,0.9461300918287902,1503,0,1503.0,81,1,16,"(33, 50)",0,0.04103479036574487,95.4375,48.1875,majority_vote,81,ATTACK,132,"(25, 10)",False,2,False,1535
0,0.0,True,0.0,0.9,0.9,1501,0,1501.0,65,2,19,"(21, 17)",0,0.029490616621983913,80.3157894736842,34.26315789473684,majority_vote,65,ATTACK,115,"(23, 34)",False,0,False,1540
32,0.0,True,0.0,0.7988652133033057,0.8856948318472213,1506,0,1506.0,59,1,17,"(2, 41)",0,0.0383586083853702,88.70588235294117,42.0,majority_vote,59,ATTACK,107,"(13, 32)",False,1,False,1540
24,0.0,True,0.0,0.8482496834753651,0.9461300918287902,1508,0,1508.0,81,1,16,"(33, 50)",0,0.04103479036574487,95.4375,48.1875,majority_vote,81,ATTACK,132,"(25, 15)",False,2,False,1540
0,0.0,True,0.0,0.9,0.9,1506,0,1506.0,65,2,19,"(21, 17)",0,0.02745792736935341,80.3157894736842,34.26315789473684,majority_vote,65,ATTACK,115,"(23, 29)",False,0,False,1545
29,1.2563083539613018,True,1.2563083539613018,0.5388155527988837,0.5388155527988837,1511,0,1511.0,59,1,17,"(2, 41)",29,0.036251105216622455,88.70588235294117,42.0,majority_vote,59,ATTACK,107,"(10, 34)",True,1,True,1545
24,0.0,True,0.0,0.862670636533359,0.9508637975217717,1513,0,1513.0,81,1,16,"(33, 50)",0,0.038903625110521665,95.4375,48.1875,majority_vote,81,ATTACK,132,"(25, 20)",False,2,False,1545
0,0.0,True,0.0,0.9,0.9,1511,0,1511.0,65,2,19,"(21, 17)",0,0.02745792736935341,80.3157894736842,34.26315789473684,majority_vote,65,ATTACK,116,"(22, 25)",False,0,False,1550
26,0.10946800866302375,False,0.10946800866302375,0.2569274338083262,0.2569274338083262,1516,0,1516.0,60,1,17,"(2, 41)",26,0.029177718832891247,88.70588235294117,42.0,majority_vote,60,ATTACK,109,"(7, 36)",True,1,True,1550
24,0.0,True,0.0,0.8837780701586496,0.9596336441420389,1518,0,1518.0,82,1,16,"(33, 50)",0,0.034482758620689655,95.4375,48.1875,majority_vote,82,ATTACK,133,"(25, 25)",False,2,False,1550
0,0.0,True,0.0,0.9,0.9,1516,0,1516.0,65,2,19,"(21, 17)",0,0.026572187776793623,80.3157894736842,34.26315789473684,majority_vote,65,ATTACK,116,"(19, 23)",False,0,False,1555
24,0.0,False,0.0,0.1916098249112708,0.1916098249112708,1521,0,1521.0,60,1,17,"(2, 41)",0,0.026525198938992044,88.70588235294117,42.0,majority_vote,60,ATTACK,109,"(7, 41)",False,1,False,1555
24,0.0,True,0.0,0.9020390558911531,0.967245840136537,1523,0,1523.0,82,1,16,"(33, 50)",0,0.032714412024756855,95.4375,48.1875,majority_vote,82,ATTACK,133,"(27, 28)",False,2,False,1555
0,0.0,True,0.0,0.9,0.9,1521,0,1521.0,65,2,19,"(21, 17)",0,0.0213903743315508,80.3157894736842,34.26315789473684,majority_vote,65,ATTACK,116,"(19, 18)",False,0,False,1560
23,0.0,False,0.0,0.14558173350229514,0.14558173350229514,1526,0,1526.0,60,1,17,"(2, 41)",0,0.016903914590747332,88.70588235294117,42.0,majority_vote,60,ATTACK,109,"(2, 41)",False,1,False,1560
24,0.0,True,0.0,0.9174940042655702,0.9721127292889379,1528,0,1528.0,82,1,16,"(33, 50)",0,0.020462633451957295,95.4375,48.1875,majority_vote,82,ATTACK,133,"(27, 33)",False,2,False,1560
0,0.0,True,0.0,0.9,0.9,1525,0,1525.0,66,2,19,"(15, 2)",0,0.0196078431372549,80.3157894736842,34.26315789473684,majority_vote,66,ATTACK,117,"(20, 17)",False,0,False,1565
23,0.0,False,0.0,0.14558173350229514,0.14558173350229514,1530,0,1530.0,61,1,17,"(2, 50)",0,0.01601423487544484,88.70588235294117,42.0,majority_vote,61,ATTACK,110,"(3, 44)",False,1,False,1565
24,0.0,True,0.0,0.9304617756860402,0.9764504969404575,1533,0,1533.0,82,1,16,"(33, 50)",0,0.017793594306049824,95.4375,48.1875,majority_vote,82,ATTACK,133,"(27, 38)",False,2,False,1565
0,0.0,True,0.0,0.9,0.9,1530,0,1530.0,66,2,19,"(15, 2)",0,0.0196078431372549,80.3157894736842,34.26315789473684,majority_vote,66,ATTACK,117,"(16, 16)",False,0,False,1570
29,0.0,False,0.0,0.14558173350229514,0.14558173350229514,1535,0,1535.0,61,1,17,"(2, 50)",0,0.014234875444839857,88.70588235294117,42.0,majority_vote,61,ATTACK,110,"(3, 49)",False,1,False,1570
30,0.0,True,0.0,0.9414039211472787,0.9801988844066624,1538,0,1538.0,82,1,16,"(33, 50)",0,0.015124555160142349,95.4375,48.1875,majority_vote,82,ATTACK,133,"(27, 43)",False,2,False,1570
0,0.0,True,0.0,0.9,0.9,1535,0,1535.0,66,2,19,"(15, 2)",0,0.01871657754010695,80.3157894736842,34.26315789473684,majority_vote,66,ATTACK,118,"(15, 12)",False,0,False,1575
29,1.6148562227170373,False,1.6148562227170373,0.14558173350229514,0.14558173350229514,1538,0,1538.0,62,1,18,"(24, 45)",29,0.013345195729537367,87.38888888888889,40.333333333333336,majority_vote,62,ATTACK,113,"(3, 50)",True,1,True,1575
30,0.0,True,0.0,0.9488675945662077,0.9823697411675559,1543,0,1543.0,82,1,16,"(33, 50)",0,0.015124555160142349,95.4375,48.1875,majority_vote,82,ATTACK,134,"(27, 48)",False,2,False,1575
0,0.0,True,0.0,0.9,0.9,1540,0,1540.0,66,2,19,"(15, 2)",0,0.01881720430107527,80.3157894736842,34.26315789473684,majority_vote,66,ATTACK,118,"(15, 7)",False,0,False,1580
29,1.6148562227170373,False,1.6148562227170373,0.14558173350229514,0.14558173350229514,1543,0,1543.0,62,1,18,"(24, 45)",29,0.013416815742397137,87.38888888888889,40.333333333333336,majority_vote,62,ATTACK,113,"(3, 45)",True,1,True,1580
30,0.0,True,0.0,0.9488675945662077,0.9823697411675559,1548,0,1548.0,82,1,16,"(33, 50)",0,0.01520572450805009,95.4375,48.1875,majority_vote,82,ATTACK,134,"(30, 50)",False,2,False,1580
0,0.0,True,0.0,0.9,0.9,1545,0,1545.0,66,2,19,"(15, 2)",0,0.018783542039355994,80.3157894736842,34.26315789473684,majority_vote,66,ATTACK,118,"(15, 2)",False,0,False,1585
29,1.6148562227170373,False,1.6148562227170373,0.14558173350229514,0.14558173350229514,1548,0,1548.0,62,1,18,"(24, 45)",29,0.013392857142857142,87.38888888888889,40.333333333333336,majority_vote,62,ATTACK,113,"(5, 42)",True,1,True,1585
30,0.0,True,0.0,0.9488675945662077,0.9823697411675559,1552,0,1552.0,83,1,16,"(33, 8)",0,0.015178571428571428,95.4375,48.1875,majority_vote,83,ATTACK,135,"(33, 49)",False,2,False,1585
0,0.0,True,0.0,0.9,0.9,1549,0,1549.0,67,2,20,"(33, 30)",0,0.01871657754010695,79.3,33.65,majority_vote,67,ATTACK,119,"(15, 6)",False,0,False,1590
23,1.5367513228533838,False,1.5367513228533838,0.08292453049011501,0.08292453049011501,1553,0,1553.0,62,1,18,"(24, 45)",0,0.013345195729537367,87.38888888888889,40.333333333333336,majority_vote,62,ATTACK,113,"(9, 41)",False,1,False,1590
30,0.0,True,0.0,0.9488675945662077,0.9823697411675559,1557,0,1557.0,83,1,16,"(33, 8)",0,0.015124555160142349,95.4375,48.1875,majority_vote,83,ATTACK,135,"(31, 46)",False,2,False,1590
0,0.0,True,0.0,0.9,0.9,1554,0,1554.0,67,2,20,"(33, 30)",0,0.017825311942959002,79.3,33.65,majority_vote,67,ATTACK,119,"(17, 9)",False,0,False,1595
16,0.0,False,0.0,0.08292453049011501,0.08292453049011501,1558,0,1558.0,62,1,18,"(24, 45)",0,0.014234875444839857,87.38888888888889,40.333333333333336,majority_vote,62,ATTACK,113,"(14, 41)",False,1,False,1595
30,0.0,True,0.0,0.9488675945662077,0.9823697411675559,1562,0,1562.0,83,1,16,"(33, 8)",0,0.015124555160142349,95.4375,48.1875,majority_vote,83,ATTACK,135,"(28, 44)",False,2,False,1595
0,0.0,True,0.0,0.9,0.9,1559,0,1559.0,68,2,20,"(33, 30)",0,0.017985611510791366,79.3,33.65,majority_vote,68,ATTACK,120,"(17, 14)",False,0,False,1600
15,0.0,False,0.0,0.09930029224482122,0.2007932323228703,1563,0,1563.0,62,1,18,"(24, 45)",0,0.01526032315978456,87.38888888888889,40.333333333333336,majority_vote,62,ATTACK,114,"(18, 40)",False,1,False,1600
30,0.0,True,0.0,0.9488675945662077,0.9823697411675559,1567,0,1567.0,83,1,16,"(33, 8)",0,0.01526032315978456,95.4375,48.1875,majority_vote,83,ATTACK,136,"(28, 39)",False,2,False,1600
0,0.0,True,0.0,0.9,0.9,1564,0,1564.0,68,2,20,"(33, 30)",0,0.017985611510791366,79.3,33.65,majority_vote,68,ATTACK,120,"(17, 19)",False,0,False,1605
30,0.0,False,0.0,0.13715775898524418,0.3074838954292863,1568,0,1568.0,62,1,18,"(24, 45)",0,0.023214285714285715,87.38888888888889,40.333333333333336,majority_vote,62,ATTACK,114,"(23, 40)",False,1,False,1605
45,0.0,True,0.0,0.9488675945662077,0.9823697411675559,1572,0,1572.0,83,1,16,"(33, 8)",0,0.025,95.4375,48.1875,majority_vote,83,ATTACK,136,"(28, 34)",False,2,False,1605
0,0.0,True,0.0,0.9,0.9,1569,0,1569.0,68,2,20,"(33, 30)",0,0.017905102954341987,79.3,33.65,majority_vote,68,ATTACK,120,"(18, 23)",False,0,False,1610
30,0.0,False,0.0,0.1898776963640037,0.40485736940892797,1573,0,1573.0,62,1,18,"(24, 45)",0,0.022222222222222223,87.38888888888889,40.333333333333336,majority_vote,62,ATTACK,114,"(25, 43)",False,1,False,1610
45,0.0,True,0.0,0.9488675945662077,0.9823697411675559,1577,0,1577.0,83,1,16,"(33, 8)",0,0.024,95.4375,48.1875,majority_vote,83,ATTACK,136,"(28, 29)",False,2,False,1610
0,0.0,True,0.0,0.9,0.9,1574,0,1574.0,68,2,20,"(33, 30)",0,0.017873100983020553,79.3,33.65,majority_vote,68,ATTACK,120,"(21, 25)",False,0,False,1615
30,0.0,False,0.0,0.23768565560657787,0.47316892208908773,1577,0,1577.0,63,1,19,"(33, 8)",0,0.023070097604259095,84.94736842105263,40.31578947368421,majority_vote,63,ATTACK,115,"(25, 45)",False,1,False,1615
45,0.0,True,0.0,0.9488675945662077,0.9823697411675559,1582,0,1582.0,83,1,16,"(33, 8)",0,0.023070097604259095,95.4375,48.1875,majority_vote,83,ATTACK,136,"(28, 24)",False,2,False,1615
0,0.0,True,0.0,0.9,0.9,1579,0,1579.0,68,2,20,"(33, 30)",0,0.012511170688114389,79.3,33.65,majority_vote,68,ATTACK,120,"(26, 25)",False,0,False,1620
30,0.0,False,0.0,0.23768565560657787,0.47316892208908773,1582,0,1582.0,63,1,19,"(33, 8)",0,0.02129547471162378,84.94736842105263,40.31578947368421,majority_vote,63,ATTACK,115,"(25, 40)",False,1,False,1620
41,0.0,True,0.0,0.8514317696492519,0.8576901856072866,1587,0,1587.0,83,1,16,"(33, 8)",0,0.018633540372670808,95.4375,48.1875,majority_vote,83,ATTACK,136,"(28, 19)",False,2,False,1620
0,0.0,True,0.0,0.9,0.9,1584,0,1584.0,68,2,20,"(33, 30)",0,0.012511170688114389,79.3,33.65,majority_vote,68,ATTACK,121,"(27, 29)",False,0,False,1625
30,0.0,True,0.0,0.2876138627392114,0.5252390516946457,1587,0,1587.0,64,1,19,"(33, 8)",0,0.02040816326530612,84.94736842105263,40.31578947368421,majority_vote,64,ATTACK,116,"(25, 35)",False,1,False,1625
41,0.0,True,0.0,0.853981670575922,0.873199100244936,1592,0,1592.0,83,1,16,"(33, 8)",0,0.018633540372670808,95.4375,48.1875,majority_vote,83,ATTACK,137,"(28, 14)",False,2,False,1625
0,0.0,True,0.0,0.9,0.9,1589,0,1589.0,68,2,20,"(33, 30)",0,0.012488849241748439,79.3,33.65,majority_vote,68,ATTACK,121,"(31, 30)",False,0,False,1630
30,0.0,True,0.0,0.3538583969029563,0.615828015136695,1592,0,1592.0,64,1,19,"(33, 8)",0,0.021257750221434897,84.94736842105263,40.31578947368421,majority_vote,64,ATTACK,116,"(27, 32)",False,1,False,1630
41,0.0,True,0.0,0.853981670575922,0.873199100244936,1597,0,1597.0,83,1,16,"(33, 8)",0,0.018600531443755536,95.4375,48.1875,majority_vote,83,ATTACK,137,"(30, 11)",False,2,False,1630
0,0.0,True,0.0,0.9,0.9,1593,0,1593.0,69,2,20,"(25, 2)",0,0.012488849241748439,79.3,33.65,majority_vote,69,ATTACK,122,"(31, 30)",False,0,False,1635
30,0.0,True,0.0,0.4248721895222994,0.6938276522242083,1597,0,1597.0,64,1,19,"(33, 8)",0,0.021257750221434897,84.94736842105263,40.31578947368421,majority_vote,64,ATTACK,116,"(28, 28)",False,1,False,1635
41,0.0,True,0.0,0.853981670575922,0.873199100244936,1602,0,1602.0,83,1,16,"(33, 8)",0,0.018600531443755536,95.4375,48.1875,majority_vote,83,ATTACK,137,"(32, 8)",False,2,False,1635
0,0.0,True,0.0,0.9,0.9,1598,0,1598.0,69,2,20,"(25, 2)",0,0.011565836298932384,79.3,33.65,majority_vote,69,ATTACK,122,"(28, 28)",False,0,False,1640
38,0.0,True,0.0,0.49451903482493,0.7543704185399697,1602,0,1602.0,64,1,19,"(33, 8)",0,0.019451812555260833,84.94736842105263,40.31578947368421,majority_vote,64,ATTACK,116,"(28, 23)",False,1,False,1640
49,2.737957920433196,True,2.737957920433196,0.853981670575922,0.873199100244936,1606,0,1606.0,85,1,17,"(33, 30)",0,0.016799292661361626,96.29411764705883,48.470588235294116,majority_vote,85,ATTACK,139,"(33, 11)",False,2,False,1640
0,0.0,True,0.0,0.9,0.9,1603,0,1603.0,69,2,20,"(25, 2)",0,0.011565836298932384,79.3,33.65,majority_vote,69,ATTACK,122,"(26, 25)",False,0,False,1645
30,0.0,True,0.0,0.5471665411959393,0.733670369348053,1607,0,1607.0,64,1,19,"(33, 8)",0,0.015030946065428824,84.94736842105263,40.31578947368421,majority_vote,64,ATTACK,116,"(29, 19)",False,1,False,1645
45,2.737957920433196,True,2.737957920433196,0.853981670575922,0.873199100244936,1611,0,1611.0,87,1,17,"(33, 30)",0,0.011494252873563218,96.29411764705883,48.470588235294116,majority_vote,87,ATTACK,141,"(33, 16)",False,2,False,1645
0,0.0,True,0.0,0.9,0.9,1608,0,1608.0,69,2,20,"(25, 2)",0,0.04092526690391459,79.3,33.65,majority_vote,69,ATTACK,123,"(25, 21)",False,0,False,1650
28,0.0,True,0.0,0.5876646169602768,0.7390323323024779,1612,0,1612.0,65,1,19,"(33, 8)",0,0.04420866489832007,84.94736842105263,40.31578947368421,majority_vote,65,ATTACK,117,"(29, 14)",False,1,False,1650
45,0.0,True,0.0,0.8565192343009753,0.8823737976132491,1616,0,1616.0,88,1,17,"(33, 30)",0,0.04951370468611848,96.29411764705883,48.470588235294116,majority_vote,88,ATTACK,142,"(29, 17)",False,2,False,1650
0,0.0,True,0.0,0.9,0.9,1613,0,1613.0,69,2,20,"(25, 2)",0,0.04092526690391459,79.3,33.65,majority_vote,69,ATTACK,123,"(25, 16)",False,0,False,1655
19,0.0,True,0.0,0.6278772119920025,0.7812305115958605,1617,0,1617.0,65,1,19,"(33, 8)",0,0.04420866489832007,84.94736842105263,40.31578947368421,majority_vote,65,ATTACK,117,"(31, 11)",False,1,False,1655
45,0.0,True,0.0,0.8656919680716486,0.9058709881075385,1621,0,1621.0,88,1,17,"(33, 30)",0,0.046861184792219276,96.29411764705883,48.470588235294116,majority_vote,88,ATTACK,142,"(28, 21)",False,2,False,1655
0,0.0,True,0.0,0.9,0.9,1618,0,1618.0,69,2,20,"(25, 2)",0,0.04103479036574487,79.3,33.65,majority_vote,69,ATTACK,123,"(25, 11)",False,0,False,1660
18,0.0,True,0.0,0.6679273559736255,0.817834538777884,1622,0,1622.0,65,1,19,"(33, 8)",0,0.043478260869565216,84.94736842105263,40.31578947368421,majority_vote,65,ATTACK,117,"(33, 8)",False,1,False,1660
45,0.0,True,0.0,0.8749005456080644,0.9195013405162933,1626,0,1626.0,88,1,17,"(33, 30)",0,0.04259094942324756,96.29411764705883,48.470588235294116,majority_vote,88,ATTACK,142,"(28, 26)",False,2,False,1660
0,0.0,True,0.0,0.9,0.9,1623,0,1623.0,69,2,20,"(25, 2)",0,0.040998217468805706,79.3,33.65,majority_vote,69,ATTACK,123,"(25, 6)",False,0,False,1665
17,0.0,True,0.0,0.7060200131229568,0.8469129777613071,1626,0,1626.0,66,1,19,"(33, 50)",0,0.043478260869565216,84.94736842105263,40.31578947368421,majority_vote,66,ATTACK,118,"(33, 12)",False,1,False,1665
44,0.0,True,0.0,0.8749005456080644,0.9195013405162933,1631,0,1631.0,88,1,17,"(33, 30)",0,0.03992901508429459,96.29411764705883,48.470588235294116,majority_vote,88,ATTACK,142,"(29, 30)",False,2,False,1665
0,0.0,True,0.0,0.9,0.9,1627,0,1627.0,70,2,21,"(2, 41)",0,0.040998217468805706,79.52380952380952,33.80952380952381,majority_vote,70,ATTACK,124,"(25, 2)",False,0,False,1670
17,0.0,True,0.0,0.7410572072158519,0.8691845920675699,1631,0,1631.0,66,1,19,"(33, 50)",0,0.04259094942324756,84.94736842105263,40.31578947368421,majority_vote,66,ATTACK,118,"(30, 14)",False,1,False,1670
44,0.5559999999999974,True,0.5559999999999974,0.8749005456080644,0.9195013405162933,1635,0,1635.0,89,1,17,"(2, 41)",0,0.03904170363797693,96.29411764705883,48.470588235294116,majority_vote,89,ATTACK,143,"(33, 30)",False,2,False,1670
0,0.0,True,0.0,0.9,0.9,1632,0,1632.0,70,2,21,"(2, 41)",0,0.040998217468805706,79.52380952380952,33.80952380952381,majority_vote,70,ATTACK,125,"(25, 7)",False,0,False,1675
17,0.0,True,0.0,0.7729454042889248,0.8899007244877498,1636,0,1636.0,66,1,19,"(33, 50)",0,0.04259094942324756,84.94736842105263,40.31578947368421,majority_vote,66,ATTACK,119,"(28, 17)",False,1,False,1675
44,0.5160000000000053,True,0.5160000000000053,0.8749005456080644,0.9195013405162933,1640,0,1640.0,90,1,17,"(2, 41)",0,0.03904170363797693,96.29411764705883,48.470588235294116,majority_vote,90,ATTACK,144,"(28, 30)",False,2,False,1675
0,0.0,True,0.0,0.9,0.9,1637,0,1637.0,70,2,21,"(2, 41)",0,0.03856502242152467,79.52380952380952,33.80952380952381,majority_vote,70,ATTACK,125,"(25, 12)",False,0,False,1680
23,0.0,True,0.0,0.8018462046740658,0.9066280617249723,1641,0,1641.0,66,1,19,"(33, 50)",0,0.0383586083853702,84.94736842105263,40.31578947368421,majority_vote,66,ATTACK,119,"(28, 22)",False,1,False,1680
50,0.3592676482992232,True,0.3592676482992232,0.8749005456080644,0.9195013405162933,1645,0,1645.0,90,1,17,"(2, 41)",50,0.03746654772524532,96.29411764705883,48.470588235294116,majority_vote,90,ATTACK,144,"(25, 32)",True,2,True,1680
0,0.0,True,0.0,0.9,0.9,1642,0,1642.0,70,2,21,"(2, 41)",0,0.03497757847533632,79.52380952380952,33.80952380952381,majority_vote,70,ATTACK,125,"(24, 16)",False,0,False,1685
23,0.0,True,0.0,0.8124757982236768,0.9120164266078019,1646,0,1646.0,66,1,19,"(33, 50)",0,0.03479036574487065,84.94736842105263,40.31578947368421,majority_vote,66,ATTACK,119,"(28, 27)",False,1,False,1685
50,0.3592676482992232,True,0.3592676482992232,0.8749005456080644,0.9195013405162933,1650,0,1650.0,90,1,17,"(2, 41)",50,0.030330062444246207,96.29411764705883,48.470588235294116,majority_vote,90,ATTACK,144,"(24, 36)",True,2,True,1685
0,0.0,True,0.0,0.9,0.9,1647,0,1647.0,70,2,21,"(2, 41)",0,0.033183856502242155,79.52380952380952,33.80952380952381,majority_vote,70,ATTACK,125,"(20, 17)",False,0,False,1690
23,0.0,True,0.0,0.8124757982236768,0.9120164266078019,1651,0,1651.0,66,1,19,"(33, 50)",0,0.031222123104371096,84.94736842105263,40.31578947368421,majority_vote,66,ATTACK,119,"(28, 32)",False,1,False,1690
50,0.3592676482992232,True,0.3592676482992232,0.8749005456080644,0.9195013405162933,1655,0,1655.0,90,1,17,"(2, 41)",50,0.028545941123996433,96.29411764705883,48.470588235294116,majority_vote,90,ATTACK,144,"(23, 40)",True,2,True,1690
0,0.0,True,0.0,0.9,0.9,1652,0,1652.0,70,2,21,"(2, 41)",0,0.032171581769437,79.52380952380952,33.80952380952381,majority_vote,70,ATTACK,125,"(19, 21)",False,0,False,1695
21,0.0,True,0.0,0.8124757982236768,0.9120164266078019,1656,0,1656.0,66,1,19,"(33, 50)",0,0.02666666666666667,84.94736842105263,40.31578947368421,majority_vote,66,ATTACK,119,"(28, 37)",False,1,False,1695
38,0.0,True,0.0,0.8749005456080644,0.9195013405162933,1660,0,1660.0,90,1,17,"(2, 41)",0,0.028444444444444446,96.29411764705883,48.470588235294116,majority_vote,90,ATTACK,144,"(18, 40)",False,2,False,1695
0,0.0,True,0.0,0.9,0.9,1657,0,1657.0,71,2,21,"(2, 41)",0,0.03066914498141264,79.52380952380952,33.80952380952381,majority_vote,71,ATTACK,126,"(19, 26)",False,0,False,1700
19,0.0,True,0.0,0.8124757982236768,0.9120164266078019,1661,0,1661.0,67,1,19,"(33, 50)",0,0.027649769585253458,84.94736842105263,40.31578947368421,majority_vote,67,ATTACK,120,"(28, 42)",False,1,False,1700
36,0.0,True,0.0,0.8749005456080644,0.9195013405162933,1665,0,1665.0,90,1,17,"(2, 41)",0,0.029493087557603687,96.29411764705883,48.470588235294116,majority_vote,90,ATTACK,145,"(13, 40)",False,2,False,1700
0,0.0,True,0.0,0.9,0.9,1662,0,1662.0,71,2,21,"(2, 41)",0,0.02973977695167286,79.52380952380952,33.80952380952381,majority_vote,71,ATTACK,126,"(19, 31)",False,0,False,1705
19,0.0,True,0.0,0.8124757982236768,0.9120164266078019,1666,0,1666.0,67,1,19,"(33, 50)",0,0.02488479262672811,84.94736842105263,40.31578947368421,majority_vote,67,ATTACK,120,"(30, 45)",False,1,False,1705
31,0.0,True,0.0,0.8749005456080644,0.9195013405162933,1670,0,1670.0,90,1,17,"(2, 41)",0,0.027649769585253458,96.29411764705883,48.470588235294116,majority_vote,90,ATTACK,145,"(9, 41)",False,2,False,1705
0,0.0,True,0.0,0.9,0.9,1667,0,1667.0,71,2,21,"(2, 41)",0,0.026022304832713755,79.52380952380952,33.80952380952381,majority_vote,71,ATTACK,126,"(19, 36)",False,0,False,1710
19,0.0,True,0.0,0.8124757982236768,0.9120164266078019,1671,0,1671.0,67,1,19,"(33, 50)",0,0.02119815668202765,84.94736842105263,40.31578947368421,majority_vote,67,ATTACK,120,"(31, 49)",False,1,False,1710
26,0.0,True,0.0,0.8749005456080644,0.9195013405162933,1675,0,1675.0,90,1,17,"(2, 41)",0,0.02488479262672811,96.29411764705883,48.470588235294116,majority_vote,90,ATTACK,145,"(4, 41)",False,2,False,1710
0,0.0,True,0.0,0.9,0.9,1672,0,1672.0,71,2,21,"(2, 41)",0,0.02509293680297398,79.52380952380952,33.80952380952381,majority_vote,71,ATTACK,126,"(19, 41)",False,0,False,1715
19,0.0,True,0.0,0.8124757982236768,0.9120164266078019,1675,0,1675.0,68,1,20,"(25, 2)",0,0.02119815668202765,85.7,40.95,majority_vote,68,ATTACK,121,"(32, 50)",False,1,False,1715
24,0.0,True,0.0,0.8749005456080644,0.9195013405162933,1679,0,1679.0,91,1,18,"(21, 17)",0,0.02488479262672811,95.16666666666667,48.166666666666664,majority_vote,91,ATTACK,146,"(4, 41)",False,2,False,1715
0,0.0,True,0.0,0.9,0.9,1677,0,1677.0,71,2,21,"(2, 41)",0,0.024163568773234202,79.52380952380952,33.80952380952381,majority_vote,71,ATTACK,126,"(14, 41)",False,0,False,1720
31,3.5622312859300536,True,3.5622312859300536,0.8124757982236768,0.9120164266078019,1680,0,1680.0,69,1,20,"(25, 2)",0,0.021217712177121772,85.7,40.95,majority_vote,69,ATTACK,122,"(27, 50)",False,1,False,1720
34,0.0,True,0.0,0.8796147672364079,0.9245940420016932,1684,0,1684.0,91,1,18,"(21, 17)",0,0.024930747922437674,95.16666666666667,48.166666666666664,majority_vote,91,ATTACK,146,"(9, 41)",False,2,False,1720
0,0.0,True,0.0,0.9,0.9,1681,0,1681.0,71,3,21,"(2, 41)",0,0.022304832713754646,79.52380952380952,33.80952380952381,majority_vote,71,ATTACK,127,"(10, 41)",False,0,False,1725
31,3.4659547646886892,True,3.4659547646886892,0.8124757982236768,0.9120164266078019,1685,0,1685.0,69,1,20,"(25, 2)",0,0.02029520295202952,85.7,40.95,majority_vote,69,ATTACK,123,"(27, 45)",False,1,False,1725
34,0.0,True,0.0,0.8922036948815221,0.9417207915547688,1688,0,1688.0,93,2,18,"(21, 17)",0,0.024930747922437674,95.16666666666667,48.166666666666664,majority_vote,93,ATTACK,148,"(9, 41)",False,2,False,1725
0,0.0,True,0.0,0.9,0.9,1685,0,1685.0,71,4,21,"(2, 41)",0,0.01858736059479554,79.52380952380952,33.80952380952381,majority_vote,71,ATTACK,127,"(6, 41)",False,0,False,1730
31,3.4659547646886892,True,3.4659547646886892,0.8274150024066839,0.9197112072111472,1690,0,1690.0,69,1,20,"(25, 2)",0,0.021217712177121772,85.7,40.95,majority_vote,69,ATTACK,123,"(27, 40)",False,1,False,1730
31,0.0,True,0.0,0.902740609953502,0.9528096502178603,1693,0,1693.0,95,2,18,"(21, 17)",0,0.024007386888273315,95.16666666666667,48.166666666666664,majority_vote,95,ATTACK,150,"(9, 36)",False,2,False,1730
0,0.0,True,0.0,0.9,0.9,1689,0,1689.0,72,4,21,"(25, 2)",0,0.01858736059479554,79.52380952380952,33.80952380952381,majority_vote,72,ATTACK,128,"(2, 41)",False,0,False,1735
31,3.4659547646886892,True,3.4659547646886892,0.8499120406411904,0.9309044514072075,1695,0,1695.0,69,1,20,"(25, 2)",0,0.01845018450184502,85.7,40.95,majority_vote,69,ATTACK,123,"(27, 35)",False,1,False,1735
31,0.0,True,0.0,0.9152856608596335,0.9608462242814108,1698,0,1698.0,95,2,18,"(21, 17)",0,0.02123730378578024,95.16666666666667,48.166666666666664,majority_vote,95,ATTACK,150,"(14, 36)",False,2,False,1735
0,0.0,True,0.0,0.9,0.9,1694,0,1694.0,72,4,21,"(25, 2)",0,0.018604651162790697,79.52380952380952,33.80952380952381,majority_vote,72,ATTACK,128,"(7, 41)",False,0,False,1740
31,3.4659547646886892,True,3.4659547646886892,0.8696029351963023,0.9404561713911056,1700,0,1700.0,69,1,20,"(25, 2)",0,0.01845018450184502,85.7,40.95,majority_vote,69,ATTACK,123,"(27, 30)",False,1,False,1740
31,0.0,True,0.0,0.9264265821078399,0.9666417201994327,1703,0,1703.0,95,2,18,"(21, 17)",0,0.021256931608133085,95.16666666666667,48.166666666666664,majority_vote,95,ATTACK,150,"(19, 36)",False,2,False,1740
0,0.0,True,0.0,0.9,0.9,1699,0,1699.0,72,4,21,"(25, 2)",0,0.017674418604651163,79.52380952380952,33.80952380952381,majority_vote,72,ATTACK,128,"(12, 41)",False,0,False,1745
31,3.4659547646886892,True,3.4659547646886892,0.8867325515728726,0.9481566661303527,1705,0,1705.0,69,1,20,"(25, 2)",0,0.01845018450184502,85.7,40.95,majority_vote,69,ATTACK,123,"(27, 25)",False,1,False,1745
31,0.0,True,0.0,0.9361982347059423,0.9715178047296376,1708,0,1708.0,95,2,18,"(21, 17)",0,0.02033271719038817,95.16666666666667,48.166666666666664,majority_vote,95,ATTACK,150,"(19, 31)",False,2,False,1745
0,0.0,True,0.0,0.9,0.9,1704,0,1704.0,72,4,21,"(25, 2)",0,0.017674418604651163,79.52380952380952,33.80952380952381,majority_vote,72,ATTACK,129,"(13, 37)",False,0,False,1750
31,2.7239999999999966,True,2.7239999999999966,0.9016355745742867,0.9553737304582518,1710,0,1710.0,70,1,20,"(25, 2)",0,0.01845018450184502,85.7,40.95,majority_vote,70,ATTACK,124,"(26, 21)",False,1,False,1750
31,0.0,True,0.0,0.944746122765231,0.9753908977243259,1713,0,1713.0,95,2,18,"(21, 17)",0,0.02033271719038817,95.16666666666667,48.166666666666664,majority_vote,95,ATTACK,151,"(19, 26)",False,2,False,1750
0,0.0,True,0.0,0.9,0.9,1709,0,1709.0,72,4,21,"(25, 2)",0,0.017674418604651163,79.52380952380952,33.80952380952381,majority_vote,72,ATTACK,129,"(17, 36)",False,0,False,1755
21,0.0,True,0.0,0.603695923020476,0.603695923020476,1715,0,1715.0,70,1,20,"(25, 2)",0,0.01845018450184502,85.7,40.95,majority_vote,70,ATTACK,127,"(25, 17)",False,1,False,1755
31,0.0,True,0.0,0.9521487824265873,0.9787808608171877,1718,0,1718.0,95,2,18,"(21, 17)",0,0.02033271719038817,95.16666666666667,48.166666666666664,majority_vote,95,ATTACK,151,"(19, 21)",False,2,False,1755
0,0.0,True,0.0,0.9,0.9,1714,0,1714.0,72,4,21,"(25, 2)",0,0.01812977099236641,79.52380952380952,33.80952380952381,majority_vote,72,ATTACK,129,"(18, 32)",False,0,False,1760
32,0.0,True,0.0,0.5445288599161148,0.5746436580550702,1720,0,1720.0,70,1,20,"(25, 2)",0,0.018885741265344664,85.7,40.95,majority_vote,70,ATTACK,127,"(25, 12)",False,1,False,1760
47,0.0,True,0.0,0.9586305410803888,0.9819816891883315,1723,0,1723.0,95,2,18,"(21, 17)",0,0.02085308056872038,95.16666666666667,48.166666666666664,majority_vote,95,ATTACK,151,"(20, 17)",False,2,False,1760
0,0.0,True,0.0,0.9,0.9,1719,0,1719.0,72,4,21,"(25, 2)",0,0.01812977099236641,79.52380952380952,33.80952380952381,majority_vote,72,ATTACK,129,"(18, 27)",False,0,False,1765
32,0.0,True,0.0,0.559443705443538,0.6303714930270521,1725,0,1725.0,70,1,20,"(25, 2)",0,0.018885741265344664,85.7,40.95,majority_vote,70,ATTACK,127,"(25, 7)",False,1,False,1765
47,0.0,True,0.0,0.9610139354898951,0.9834470243091552,1727,0,1727.0,96,2,18,"(2, 50)",0,0.02085308056872038,95.16666666666667,48.166666666666664,majority_vote,96,ATTACK,152,"(18, 17)",False,2,False,1765
0,0.0,True,0.0,0.9,0.9,1724,0,1724.0,72,4,21,"(25, 2)",0,0.01812977099236641,79.52380952380952,33.80952380952381,majority_vote,72,ATTACK,129,"(18, 22)",False,0,False,1770
31,0.0,True,0.0,0.5824782831802635,0.6817426787413553,1730,0,1730.0,70,1,20,"(25, 2)",0,0.018885741265344664,85.7,40.95,majority_vote,70,ATTACK,127,"(25, 2)",False,1,False,1770
46,0.0,True,0.0,0.9654645529724736,0.986048795714264,1731,0,1731.0,96,3,18,"(2, 50)",0,0.02085308056872038,95.16666666666667,48.166666666666664,majority_vote,96,ATTACK,152,"(18, 21)",False,2,False,1770
0,0.0,True,0.0,0.9,0.9,1728,0,1728.0,72,5,21,"(25, 2)",0,0.01812977099236641,79.52380952380952,33.80952380952381,majority_vote,72,ATTACK,130,"(18, 18)",False,0,False,1775
30,6.150127991575225,True,6.150127991575225,0.5879847665961868,0.6926079514987286,1734,0,1734.0,71,1,20,"(33, 30)",30,0.018885741265344664,85.7,40.95,majority_vote,71,ATTACK,129,"(25, 6)",True,1,True,1775
45,0.0,True,0.0,0.970566121590719,0.9890412766410536,1736,0,1736.0,98,3,18,"(2, 50)",0,0.01800947867298578,95.16666666666667,48.166666666666664,majority_vote,98,ATTACK,155,"(14, 22)",False,2,False,1775
0,0.0,True,0.0,0.9,0.9,1733,0,1733.0,72,5,21,"(25, 2)",0,0.01825168107588857,79.52380952380952,33.80952380952381,majority_vote,72,ATTACK,130,"(22, 17)",False,0,False,1780
30,6.150127991575225,True,6.150127991575225,0.5879847665961868,0.6926079514987286,1739,0,1739.0,71,1,20,"(33, 30)",30,0.019083969465648856,85.7,40.95,majority_vote,71,ATTACK,129,"(26, 10)",True,1,True,1780
45,0.0,True,0.0,0.9750251171931482,0.9909099530208243,1741,0,1741.0,98,3,18,"(2, 50)",0,0.01812977099236641,95.16666666666667,48.166666666666664,majority_vote,98,ATTACK,155,"(14, 27)",False,2,False,1780
0,0.0,True,0.0,0.9,0.9,1738,0,1738.0,72,5,21,"(25, 2)",0,0.01825168107588857,79.52380952380952,33.80952380952381,majority_vote,72,ATTACK,130,"(25, 15)",False,0,False,1785
30,6.150127991575225,True,6.150127991575225,0.6129230102899107,0.7413538211460394,1744,0,1744.0,71,1,20,"(33, 30)",30,0.01812977099236641,85.7,40.95,majority_vote,71,ATTACK,129,"(26, 15)",True,1,True,1785
30,0.0,True,0.0,0.9788149128602514,0.9922783409178183,1746,0,1746.0,98,3,18,"(2, 50)",0,0.01717557251908397,95.16666666666667,48.166666666666664,majority_vote,98,ATTACK,155,"(14, 32)",False,2,False,1785
0,0.0,True,0.0,0.9,0.9,1743,0,1743.0,72,5,21,"(25, 2)",0,0.01825168107588857,79.52380952380952,33.80952380952381,majority_vote,72,ATTACK,130,"(25, 10)",False,0,False,1790
30,6.150127991575225,True,6.150127991575225,0.6501719627594499,0.7979704111797217,1749,0,1749.0,71,1,20,"(33, 30)",30,0.016221374045801526,85.7,40.95,majority_vote,71,ATTACK,129,"(26, 20)",True,1,True,1790
30,0.0,True,0.0,0.9820208857593216,0.9934057451189579,1751,0,1751.0,98,3,18,"(2, 50)",0,0.01717557251908397,95.16666666666667,48.166666666666664,majority_vote,98,ATTACK,155,"(12, 35)",False,2,False,1790
0,0.0,True,0.0,0.9,0.9,1748,0,1748.0,72,5,21,"(25, 2)",0,0.01825168107588857,79.52380952380952,33.80952380952381,majority_vote,72,ATTACK,130,"(25, 5)",False,0,False,1795
31,4.434423510616632,True,4.434423510616632,0.5269703581904562,0.5269703581904562,1754,0,1754.0,72,1,20,"(33, 30)",0,0.01717557251908397,85.7,40.95,majority_vote,72,ATTACK,130,"(26, 25)",False,1,False,1795
36,0.0,True,0.0,0.984737950464291,0.9944159787682049,1756,0,1756.0,98,3,18,"(2, 50)",0,0.019083969465648856,95.16666666666667,48.166666666666664,majority_vote,98,ATTACK,155,"(10, 38)",False,2,False,1795
0,0.0,True,0.0,0.9,0.9,1752,0,1752.0,73,5,22,"(13, 50)",0,0.06432160804020101,81.77272727272727,35.18181818181818,majority_vote,73,ATTACK,132,"(25, 3)",False,0,False,1800
18,1.1094722924003495,False,1.1094722924003495,0.3636461201988083,0.3636461201988083,1759,0,1759.0,74,1,20,"(33, 30)",0,0.06387225548902195,85.7,40.95,majority_vote,74,ATTACK,134,"(26, 30)",False,1,False,1800
36,0.0,True,0.0,0.9866158074905425,0.995092471750926,1761,0,1761.0,99,3,18,"(2, 50)",0,0.0688622754491018,95.16666666666667,48.166666666666664,majority_vote,99,ATTACK,156,"(7, 40)",False,2,False,1800
0,0.0,True,0.0,0.9,0.9,1757,0,1757.0,73,5,22,"(13, 50)",0,0.05421686746987952,81.77272727272727,35.18181818181818,majority_vote,73,ATTACK,132,"(25, 8)",False,0,False,1805
14,0.0,False,0.0,0.3636461201988083,0.3636461201988083,1764,0,1764.0,74,1,20,"(33, 30)",0,0.05888223552894212,85.7,40.95,majority_vote,74,ATTACK,134,"(31, 30)",False,1,False,1805
36,0.0,True,0.0,0.9866158074905425,0.995092471750926,1766,0,1766.0,99,3,18,"(2, 50)",0,0.06387225548902195,95.16666666666667,48.166666666666664,majority_vote,99,ATTACK,156,"(4, 42)",False,2,False,1805
0,0.0,True,0.0,0.9,0.9,1762,0,1762.0,73,5,22,"(13, 50)",0,0.050100200400801605,81.77272727272727,35.18181818181818,majority_vote,73,ATTACK,132,"(25, 13)",False,0,False,1810
14,0.0,False,0.0,0.3636461201988083,0.3636461201988083,1768,0,1768.0,75,1,21,"(2, 41)",0,0.05876494023904383,86.0952380952381,40.76190476190476,majority_vote,75,ATTACK,135,"(31, 30)",False,1,False,1810
36,0.0,True,0.0,0.9866158074905425,0.995092471750926,1771,0,1771.0,99,3,18,"(2, 50)",0,0.06374501992031872,95.16666666666667,48.166666666666664,majority_vote,99,ATTACK,156,"(3, 46)",False,2,False,1810
0,0.0,True,0.0,0.9,0.9,1767,0,1767.0,73,5,22,"(13, 50)",0,0.04809619238476954,81.77272727272727,35.18181818181818,majority_vote,73,ATTACK,132,"(24, 17)",False,0,False,1815
14,0.0,False,0.0,0.3636461201988083,0.3636461201988083,1773,0,1773.0,75,1,21,"(2, 41)",0,0.05876494023904383,86.0952380952381,40.76190476190476,majority_vote,75,ATTACK,135,"(29, 33)",False,1,False,1815
36,0.0,True,0.0,0.9866158074905425,0.995092471750926,1776,0,1776.0,99,3,18,"(2, 50)",0,0.06374501992031872,95.16666666666667,48.166666666666664,majority_vote,99,ATTACK,156,"(2, 50)",False,2,False,1815
0,0.0,True,0.0,0.9,0.9,1772,0,1772.0,74,5,22,"(13, 50)",0,0.04513540621865597,81.77272727272727,35.18181818181818,majority_vote,74,ATTACK,133,"(19, 17)",False,0,False,1820
14,0.0,False,0.0,0.3636461201988083,0.3636461201988083,1778,0,1778.0,75,1,21,"(2, 41)",0,0.058823529411764705,86.0952380952381,40.76190476190476,majority_vote,75,ATTACK,135,"(26, 35)",False,1,False,1820
36,0.0,True,0.0,0.9866158074905425,0.995092471750926,1780,0,1780.0,100,3,19,"(2, 41)",0,0.06281156530408774,95.57894736842105,48.473684210526315,majority_vote,100,ATTACK,157,"(3, 47)",False,2,False,1820
0,0.0,True,0.0,0.9,0.9,1777,0,1777.0,76,5,22,"(13, 50)",0,0.04312938816449348,81.77272727272727,35.18181818181818,majority_vote,76,ATTACK,135,"(18, 21)",False,0,False,1825
14,0.0,False,0.0,0.3636461201988083,0.3636461201988083,1783,0,1783.0,75,1,21,"(2, 41)",0,0.058823529411764705,86.0952380952381,40.76190476190476,majority_vote,75,ATTACK,136,"(26, 40)",False,1,False,1825
36,0.0,True,0.0,0.9866158074905425,0.995092471750926,1785,0,1785.0,100,3,19,"(2, 41)",0,0.06281156530408774,95.57894736842105,48.473684210526315,majority_vote,100,ATTACK,158,"(3, 42)",False,2,False,1825
0,0.0,True,0.0,0.9,0.9,1782,0,1782.0,76,5,22,"(13, 50)",0,0.041123370110330994,81.77272727272727,35.18181818181818,majority_vote,76,ATTACK,135,"(16, 24)",False,0,False,1830
14,0.0,False,0.0,0.3636461201988083,0.3636461201988083,1788,0,1788.0,75,1,21,"(2, 41)",0,0.05782652043868395,86.0952380952381,40.76190476190476,majority_vote,75,ATTACK,136,"(21, 40)",False,1,False,1830
36,0.0,True,0.0,0.9866158074905425,0.995092471750926,1789,0,1789.0,101,3,19,"(24, 45)",0,0.05682951146560319,95.57894736842105,48.473684210526315,majority_vote,101,ATTACK,159,"(4, 41)",False,2,False,1830
0,0.0,True,0.0,0.9,0.9,1787,0,1787.0,77,5,22,"(13, 50)",0,0.03807615230460922,81.77272727272727,35.18181818181818,majority_vote,77,ATTACK,136,"(13, 26)",False,0,False,1835
26,0.0,False,0.0,0.3636461201988083,0.3636461201988083,1793,0,1793.0,75,1,21,"(2, 41)",0,0.045816733067729085,86.0952380952381,40.76190476190476,majority_vote,75,ATTACK,136,"(17, 41)",False,1,False,1835
48,0.0,True,0.0,0.9866158074905425,0.995092471750926,1794,0,1794.0,101,3,19,"(24, 45)",0,0.05179282868525897,95.57894736842105,48.473684210526315,majority_vote,101,ATTACK,160,"(9, 41)",False,2,False,1835
0,0.0,True,0.0,0.9,0.9,1792,0,1792.0,77,5,22,"(13, 50)",0,0.03403403403403404,81.77272727272727,35.18181818181818,majority_vote,77,ATTACK,136,"(13, 31)",False,0,False,1840
26,0.0,False,0.0,0.3636461201988083,0.3636461201988083,1797,0,1797.0,75,2,21,"(2, 41)",0,0.04079601990049751,86.0952380952381,40.76190476190476,majority_vote,75,ATTACK,136,"(13, 41)",False,1,False,1840
48,0.0,True,0.0,0.9866158074905425,0.995092471750926,1798,0,1798.0,102,4,19,"(24, 45)",0,0.046766169154228855,95.57894736842105,48.473684210526315,majority_vote,102,ATTACK,161,"(11, 41)",False,2,False,1840
0,0.0,True,0.0,0.9,0.9,1797,0,1797.0,77,5,22,"(13, 50)",0,0.028028028028028028,81.77272727272727,35.18181818181818,majority_vote,77,ATTACK,136,"(13, 36)",False,0,False,1845
26,0.0,False,0.0,0.3694063199452729,0.42517655998815784,1801,0,1801.0,75,3,21,"(2, 41)",0,0.03681592039800995,86.0952380952381,40.76190476190476,majority_vote,75,ATTACK,136,"(9, 41)",False,1,False,1845
48,0.0,True,0.0,0.9870487592240558,0.9952748421608083,1802,0,1802.0,104,5,19,"(24, 45)",0,0.04378109452736319,95.57894736842105,48.473684210526315,majority_vote,104,ATTACK,163,"(9, 39)",False,2,False,1845
0,0.0,True,0.0,0.9,0.9,1802,0,1802.0,77,5,22,"(13, 50)",0,0.028028028028028028,81.77272727272727,35.18181818181818,majority_vote,77,ATTACK,137,"(13, 41)",False,0,False,1850
26,0.0,True,0.0,0.396444621107903,0.5267001468027362,1806,0,1806.0,75,3,21,"(2, 41)",0,0.03582089552238806,86.0952380952381,40.76190476190476,majority_vote,75,ATTACK,137,"(4, 41)",False,1,False,1850
48,0.0,True,0.0,0.989049150932364,0.996256954254349,1807,0,1807.0,106,5,19,"(24, 45)",0,0.041791044776119404,95.57894736842105,48.473684210526315,majority_vote,106,ATTACK,166,"(12, 41)",False,2,False,1850
0,0.0,True,0.0,0.9,0.9,1807,0,1807.0,77,5,22,"(13, 50)",0,0.02644466209598433,81.77272727272727,35.18181818181818,majority_vote,77,ATTACK,137,"(13, 46)",False,0,False,1855
25,0.0,True,0.0,0.4116096129424839,0.5594695688369636,1810,0,1810.0,76,3,21,"(25, 2)",0,0.035053554040895815,86.0952380952381,40.76190476190476,majority_vote,76,ATTACK,138,"(4, 41)",False,1,False,1855
47,0.0,True,0.0,0.9907987032587658,0.9970833188019185,1812,0,1812.0,106,5,19,"(24, 45)",0,0.03992210321324245,95.57894736842105,48.473684210526315,majority_vote,106,ATTACK,166,"(17, 41)",False,2,False,1855
0,0.0,True,0.0,0.9,0.9,1811,0,1811.0,78,5,22,"(33, 50)",0,0.028543307086614175,81.77272727272727,35.18181818181818,majority_vote,78,ATTACK,138,"(13, 50)",False,0,False,1860
24,0.0,True,0.0,0.4460471031429576,0.6159529317084835,1815,0,1815.0,76,3,21,"(25, 2)",0,0.03424657534246575,86.0952380952381,40.76190476190476,majority_vote,76,ATTACK,138,"(9, 41)",False,1,False,1860
46,0.0,True,0.0,0.9920178758770143,0.9975008843639209,1817,0,1817.0,106,5,19,"(24, 45)",0,0.03424657534246575,95.57894736842105,48.473684210526315,majority_vote,106,ATTACK,166,"(21, 40)",False,2,False,1860
0,0.0,True,0.0,0.9,0.9,1816,0,1816.0,78,5,22,"(33, 50)",0,0.02837573385518591,81.77272727272727,35.18181818181818,majority_vote,78,ATTACK,138,"(18, 50)",False,0,False,1865
24,0.0,True,0.0,0.4933823104620291,0.6774772817548235,1820,0,1820.0,76,3,21,"(25, 2)",0,0.03501945525291829,86.0952380952381,40.76190476190476,majority_vote,76,ATTACK,138,"(14, 41)",False,1,False,1865
46,0.0,True,0.0,0.9920178758770143,0.9975008843639209,1822,0,1822.0,106,5,19,"(24, 45)",0,0.033073929961089495,95.57894736842105,48.473684210526315,majority_vote,106,ATTACK,166,"(25, 41)",False,2,False,1865
0,0.0,True,0.0,0.9,0.9,1821,0,1821.0,78,5,22,"(33, 50)",0,0.0283203125,81.77272727272727,35.18181818181818,majority_vote,78,ATTACK,138,"(21, 50)",False,0,False,1870
38,11.307601454369163,True,11.307601454369163,0.5421447248286556,0.7270572880779482,1825,0,1825.0,77,3,21,"(25, 2)",38,0.03495145631067961,86.0952380952381,40.76190476190476,majority_vote,77,ATTACK,139,"(17, 39)",True,1,True,1870
60,0.0,True,0.0,0.9922962449474227,0.9975852572851841,1827,0,1827.0,106,5,19,"(24, 45)",0,0.03300970873786408,95.57894736842105,48.473684210526315,majority_vote,106,ATTACK,166,"(24, 45)",False,2,False,1870
0,0.0,True,0.0,0.9,0.9,1826,0,1826.0,78,5,22,"(33, 50)",0,0.02734375,81.77272727272727,35.18181818181818,majority_vote,78,ATTACK,139,"(26, 50)",False,0,False,1875
38,11.163048411886464,True,11.163048411886464,0.5804454731349654,0.7612829150550224,1830,0,1830.0,78,3,21,"(25, 2)",38,0.03203883495145631,86.0952380952381,40.76190476190476,majority_vote,78,ATTACK,140,"(19, 36)",True,1,True,1875
60,0.0,True,0.0,0.9935572100766293,0.9980450581295321,1831,0,1831.0,107,5,20,"(15, 2)",0,0.03203883495145631,93.55,48.2,majority_vote,107,ATTACK,168,"(25, 42)",False,2,False,1875
0,0.0,True,0.0,0.9,0.9,1831,0,1831.0,78,5,22,"(33, 50)",0,0.02541544477028348,81.77272727272727,35.18181818181818,majority_vote,78,ATTACK,139,"(31, 50)",False,0,False,1880
38,11.163048411886464,True,11.163048411886464,0.6084077134524734,0.7829706704478383,1835,0,1835.0,78,3,21,"(25, 2)",38,0.03213242453748783,86.0952380952381,40.76190476190476,majority_vote,78,ATTACK,140,"(22, 34)",True,1,True,1880
60,0.0,True,0.0,0.994217714904055,0.9982479048313602,1836,0,1836.0,107,5,20,"(15, 2)",0,0.03018500486854917,93.55,48.2,majority_vote,107,ATTACK,168,"(23, 39)",False,2,False,1880
0,0.0,True,0.0,0.9,0.9,1835,0,1835.0,79,5,23,"(2, 50)",0,0.02932551319648094,81.8695652173913,34.65217391304348,majority_vote,79,ATTACK,140,"(31, 50)",False,0,False,1885
38,11.163048411886464,True,11.163048411886464,0.6084077134524734,0.7829706704478383,1840,0,1840.0,78,3,21,"(25, 2)",38,0.03213242453748783,86.0952380952381,40.76190476190476,majority_vote,78,ATTACK,140,"(25, 32)",True,1,True,1885
60,0.0,True,0.0,0.9946175210990298,0.9983411619605606,1841,0,1841.0,107,5,20,"(15, 2)",0,0.029211295034079845,93.55,48.2,majority_vote,107,ATTACK,168,"(18, 39)",False,2,False,1885
0,0.0,True,0.0,0.9,0.9,1840,0,1840.0,79,5,23,"(2, 50)",0,0.03128054740957967,81.8695652173913,34.65217391304348,majority_vote,79,ATTACK,140,"(27, 49)",False,0,False,1890
38,11.163048411886464,True,11.163048411886464,0.6084077134524734,0.7829706704478383,1845,0,1845.0,78,3,21,"(25, 2)",38,0.03213242453748783,86.0952380952381,40.76190476190476,majority_vote,78,ATTACK,140,"(25, 27)",True,1,True,1890
60,0.0,True,0.0,0.9954914287106806,0.9985723136603174,1846,0,1846.0,107,5,20,"(15, 2)",0,0.029211295034079845,93.55,48.2,majority_vote,107,ATTACK,168,"(17, 35)",False,2,False,1890
0,0.0,True,0.0,0.9,0.9,1845,0,1845.0,79,5,23,"(2, 50)",0,0.03128054740957967,81.8695652173913,34.65217391304348,majority_vote,79,ATTACK,140,"(22, 49)",False,0,False,1895
37,9.773454879525637,True,9.773454879525637,0.6384720866662029,0.7074049578537994,1850,0,1850.0,78,3,21,"(25, 2)",37,0.0311587147030185,86.0952380952381,40.76190476190476,majority_vote,78,ATTACK,141,"(25, 22)",True,1,True,1895
60,0.0,True,0.0,0.9962188547312618,0.9987811868352815,1851,0,1851.0,107,5,20,"(15, 2)",0,0.027263875365141188,93.55,48.2,majority_vote,107,ATTACK,168,"(15, 32)",False,2,False,1895
0,0.0,True,0.0,0.9,0.9,1850,0,1850.0,79,5,23,"(2, 50)",0,0.032719836400818,81.8695652173913,34.65217391304348,majority_vote,79,ATTACK,141,"(20, 46)",False,0,False,1900
24,7.048943341023936,False,7.048943341023936,0.34981936597149765,0.3681962740053686,1855,0,1855.0,78,3,21,"(25, 2)",24,0.030706243602865915,86.0952380952381,40.76190476190476,majority_vote,78,ATTACK,145,"(25, 17)",True,1,True,1900
60,0.0,True,0.0,0.9968216546291506,0.9989419389053168,1856,0,1856.0,107,5,20,"(15, 2)",0,0.02661207778915046,93.55,48.2,majority_vote,107,ATTACK,169,"(15, 27)",False,2,False,1900
0,0.0,True,0.0,0.9,0.9,1855,0,1855.0,79,5,23,"(2, 50)",0,0.02965235173824131,81.8695652173913,34.65217391304348,majority_vote,79,ATTACK,141,"(15, 46)",False,0,False,1905
48,6.107473536177114,False,6.107473536177114,0.3605657312748695,0.3638346941760809,1860,0,1860.0,79,3,21,"(25, 2)",48,0.034623217922606926,86.0952380952381,40.76190476190476,majority_vote,79,ATTACK,146,"(25, 12)",True,1,True,1905
70,0.0,True,0.0,0.7547949165461357,0.7547949165461357,1861,0,1861.0,107,5,20,"(15, 2)",0,0.03665987780040733,93.55,48.2,majority_vote,107,ATTACK,169,"(15, 22)",False,2,False,1905
0,0.0,True,0.0,0.9,0.9,1860,0,1860.0,79,5,23,"(2, 50)",0,0.022380467955239063,81.8695652173913,34.65217391304348,majority_vote,79,ATTACK,141,"(10, 46)",False,0,False,1910
37,0.0,False,0.0,0.30030457735890964,0.3277146080307759,1865,0,1865.0,80,3,21,"(25, 2)",0,0.028368794326241134,86.0952380952381,40.76190476190476,majority_vote,80,ATTACK,148,"(25, 7)",False,1,False,1910
62,0.0,False,0.0,0.4062923837926333,0.4062923837926333,1866,0,1866.0,107,5,20,"(15, 2)",0,0.0243161094224924,93.55,48.2,majority_vote,107,ATTACK,170,"(15, 17)",False,2,False,1910
0,0.0,True,0.0,0.9,0.9,1865,0,1865.0,79,5,23,"(2, 50)",0,0.01710261569416499,81.8695652173913,34.65217391304348,majority_vote,79,ATTACK,141,"(5, 46)",False,0,False,1915
36,0.0,False,0.0,0.30845132562248107,0.37162694298099525,1870,0,1870.0,80,3,21,"(25, 2)",0,0.026865671641791045,86.0952380952381,40.76190476190476,majority_vote,80,ATTACK,148,"(25, 2)",False,1,False,1915
61,0.0,False,0.0,0.40735336070277056,0.42751192199537785,1871,0,1871.0,107,5,20,"(15, 2)",0,0.01890547263681592,93.55,48.2,majority_vote,107,ATTACK,170,"(15, 12)",False,2,False,1915
0,0.0,True,0.0,0.9,0.9,1870,0,1870.0,79,5,23,"(2, 50)",0,0.016617790811339198,81.8695652173913,34.65217391304348,majority_vote,79,ATTACK,141,"(3, 49)",False,0,False,1920
28,0.0,False,0.0,0.30845132562248107,0.37162694298099525,1874,0,1874.0,81,3,22,"(2, 20)",0,0.026264591439688716,87.0909090909091,41.77272727272727,majority_vote,81,ATTACK,149,"(25, 6)",False,1,False,1920
53,0.0,False,0.0,0.40735336070277056,0.42751192199537785,1876,0,1876.0,107,5,20,"(15, 2)",0,0.01848249027237354,93.55,48.2,majority_vote,107,ATTACK,170,"(15, 7)",False,2,False,1920
0,0.0,True,0.0,0.9,0.9,1874,0,1874.0,80,5,23,"(2, 41)",0,0.01650485436893204,81.8695652173913,34.65217391304348,majority_vote,80,ATTACK,143,"(3, 49)",False,0,False,1925
28,24.0,False,24.0,0.30845132562248107,0.37162694298099525,1879,0,1879.0,81,3,22,"(2, 20)",28,0.02608695652173913,87.0909090909091,41.77272727272727,majority_vote,81,ATTACK,150,"(25, 11)",True,1,True,1925
53,0.0,False,0.0,0.40735336070277056,0.42751192199537785,1881,0,1881.0,107,5,20,"(15, 2)",0,0.018357487922705314,93.55,48.2,majority_vote,107,ATTACK,171,"(15, 2)",False,2,False,1925
0,0.0,True,0.0,0.9,0.9,1879,0,1879.0,80,5,23,"(2, 41)",0,0.016488845780795344,81.8695652173913,34.65217391304348,majority_vote,80,ATTACK,143,"(3, 44)",False,0,False,1930
28,24.0,False,24.0,0.30845132562248107,0.37162694298099525,1884,0,1884.0,81,3,22,"(2, 20)",28,0.026061776061776062,87.0909090909091,41.77272727272727,majority_vote,81,ATTACK,150,"(25, 16)",True,1,True,1930
53,0.0,False,0.0,0.40735336070277056,0.42751192199537785,1885,0,1885.0,108,5,20,"(24, 45)",0,0.01833976833976834,93.55,48.2,majority_vote,108,ATTACK,172,"(15, 6)",False,2,False,1930
0,0.0,True,0.0,0.9,0.9,1883,0,1883.0,81,5,24,"(3, 8)",0,0.016488845780795344,80.625,33.708333333333336,majority_vote,81,ATTACK,144,"(2, 41)",False,0,False,1935
28,24.0,False,24.0,0.3224016467256931,0.42727378680287137,1889,0,1889.0,82,3,22,"(2, 20)",28,0.025096525096525095,87.0909090909091,41.77272727272727,majority_vote,82,ATTACK,151,"(21, 17)",True,1,True,1935
53,0.0,False,0.0,0.40735336070277056,0.42751192199537785,1890,0,1890.0,108,5,20,"(24, 45)",0,0.01833976833976834,93.55,48.2,majority_vote,108,ATTACK,172,"(15, 11)",False,2,False,1935
0,0.0,True,0.0,0.9,0.9,1888,0,1888.0,81,5,24,"(3, 8)",0,0.016488845780795344,80.625,33.708333333333336,majority_vote,81,ATTACK,144,"(7, 41)",False,0,False,1940
46,14.0,True,14.0,0.35913393729785126,0.5140483138514597,1894,0,1894.0,84,3,22,"(2, 20)",46,0.023166023166023165,87.0909090909091,41.77272727272727,majority_vote,84,ATTACK,153,"(19, 20)",True,1,True,1940
65,0.254639892967063,False,0.254639892967063,0.40735336070277056,0.42751192199537785,1895,0,1895.0,109,5,20,"(24, 45)",65,0.01833976833976834,93.55,48.2,majority_vote,109,ATTACK,173,"(15, 16)",True,2,True,1940
0,0.0,True,0.0,0.9,0.9,1893,0,1893.0,81,5,24,"(3, 8)",0,0.016488845780795344,80.625,33.708333333333336,majority_vote,81,ATTACK,144,"(12, 41)",False,0,False,1945
31,16.0,False,16.0,0.37354291213060026,0.37354291213060026,1899,0,1899.0,88,3,22,"(2, 20)",31,0.023166023166023165,87.0909090909091,41.77272727272727,majority_vote,88,ATTACK,157,"(15, 21)",True,1,True,1945
65,0.254639892967063,False,0.254639892967063,0.40735336070277056,0.42751192199537785,1899,0,1899.0,109,6,20,"(24, 45)",65,0.01833976833976834,93.55,48.2,majority_vote,109,ATTACK,173,"(15, 20)",True,2,True,1945
0,0.0,True,0.0,0.9,0.9,1898,0,1898.0,81,5,24,"(3, 8)",0,0.053794428434197884,80.625,33.708333333333336,majority_vote,81,ATTACK,145,"(14, 38)",False,0,False,1950
12,0.0,False,0.0,0.2414795979159697,0.2414795979159697,1904,0,1904.0,92,3,22,"(2, 20)",0,0.062320230105465,87.0909090909091,41.77272727272727,majority_vote,92,ATTACK,161,"(10, 21)",False,1,False,1950
57,0.2434617407739168,False,0.2434617407739168,0.40735336070277056,0.42751192199537785,1903,0,1903.0,110,7,20,"(24, 45)",57,0.06040268456375839,93.55,48.2,majority_vote,110,ATTACK,175,"(15, 24)",True,2,True,1950
0,0.0,True,0.0,0.9,0.9,1903,0,1903.0,81,5,24,"(3, 8)",0,0.0521901211556384,80.625,33.708333333333336,majority_vote,81,ATTACK,145,"(14, 33)",False,0,False,1955
10,0.0,False,0.0,0.2414795979159697,0.2414795979159697,1909,0,1909.0,92,3,22,"(2, 20)",0,0.05684995340167754,87.0909090909091,41.77272727272727,majority_vote,92,ATTACK,161,"(5, 21)",False,1,False,1955
57,0.2434617407739168,False,0.2434617407739168,0.40919231088276836,0.44413236430272635,1908,0,1908.0,110,7,20,"(24, 45)",57,0.05684995340167754,93.55,48.2,majority_vote,110,ATTACK,175,"(17, 27)",True,2,True,1955
0,0.0,True,0.0,0.9,0.9,1908,0,1908.0,81,5,24,"(3, 8)",0,0.05228758169934641,80.625,33.708333333333336,majority_vote,81,ATTACK,145,"(14, 28)",False,0,False,1960
10,0.0,False,0.0,0.2414795979159697,0.2414795979159697,1913,0,1913.0,93,3,22,"(2, 41)",0,0.05307262569832402,87.0909090909091,41.77272727272727,majority_vote,93,ATTACK,162,"(2, 20)",False,1,False,1960
57,0.2434617407739168,True,0.2434617407739168,0.43208349259383366,0.551236816662939,1913,0,1913.0,110,7,20,"(24, 45)",57,0.056022408963585436,93.55,48.2,majority_vote,110,ATTACK,175,"(17, 32)",True,2,True,1960
0,0.0,True,0.0,0.9,0.9,1913,0,1913.0,81,5,24,"(3, 8)",0,0.051305970149253734,80.625,33.708333333333336,majority_vote,81,ATTACK,145,"(14, 23)",False,0,False,1965
10,0.0,False,0.0,0.2414795979159697,0.2414795979159697,1918,0,1918.0,93,3,22,"(2, 41)",0,0.05023255813953489,87.0909090909091,41.77272727272727,majority_vote,93,ATTACK,162,"(4, 23)",False,1,False,1965
53,0.007999999999999119,True,0.007999999999999119,0.47086905043681804,0.6304611853269271,1918,0,1918.0,110,7,20,"(24, 45)",0,0.049440298507462684,93.55,48.2,majority_vote,110,ATTACK,175,"(17, 37)",False,2,False,1965
0,0.0,True,0.0,0.9,0.9,1918,0,1918.0,81,5,24,"(3, 8)",0,0.04284412032816773,80.625,33.708333333333336,majority_vote,81,ATTACK,145,"(14, 18)",False,0,False,1970
10,0.0,False,0.0,0.244671457907359,0.28439654138760745,1923,0,1923.0,93,3,22,"(2, 41)",0,0.04909090909090909,87.0909090909091,41.77272727272727,majority_vote,93,ATTACK,162,"(4, 28)",False,1,False,1970
46,0.0,True,0.0,0.4882032117315766,0.6542759341264821,1923,0,1923.0,110,7,20,"(24, 45)",0,0.04649042844120328,93.55,48.2,majority_vote,110,ATTACK,175,"(21, 38)",False,2,False,1970
0,0.0,True,0.0,0.9,0.9,1923,0,1923.0,82,5,24,"(3, 8)",0,0.03963963963963964,80.625,33.708333333333336,majority_vote,82,ATTACK,147,"(14, 13)",False,0,False,1975
10,0.0,False,0.0,0.24763903952412913,0.3040230902427616,1928,0,1928.0,93,3,22,"(2, 41)",0,0.04851752021563342,87.0909090909091,41.77272727272727,majority_vote,93,ATTACK,163,"(4, 33)",False,1,False,1975
46,0.0,True,0.0,0.4882032117315766,0.6542759341264821,1928,0,1928.0,110,7,20,"(24, 45)",0,0.04594594594594595,93.55,48.2,majority_vote,110,ATTACK,176,"(24, 40)",False,2,False,1975
0,0.0,True,0.0,0.9,0.9,1928,0,1928.0,83,5,24,"(3, 8)",0,0.031135531135531136,80.625,33.708333333333336,majority_vote,83,ATTACK,148,"(16, 10)",False,0,False,1980
20,0.0,False,0.0,0.24763903952412913,0.3040230902427616,1933,0,1933.0,93,3,22,"(2, 41)",0,0.039341262580054895,87.0909090909091,41.77272727272727,majority_vote,93,ATTACK,163,"(4, 38)",False,1,False,1980
52,0.0,False,0.0,0.21140284192672792,0.21140284192672792,1933,0,1933.0,110,7,20,"(24, 45)",0,0.0347985347985348,93.55,48.2,majority_vote,110,ATTACK,177,"(25, 44)",False,2,False,1980
0,0.0,True,0.0,0.9,0.9,1933,0,1933.0,83,5,24,"(3, 8)",0,0.029250457038391225,80.625,33.708333333333336,majority_vote,83,ATTACK,148,"(13, 8)",False,0,False,1985
20,0.0,False,0.0,0.24763903952412913,0.3040230902427616,1938,0,1938.0,93,3,22,"(2, 41)",0,0.038356164383561646,87.0909090909091,41.77272727272727,majority_vote,93,ATTACK,163,"(2, 41)",False,1,False,1985
50,0.0,False,0.0,0.09755203519833083,0.09755203519833083,1937,0,1937.0,111,7,21,"(2, 41)",0,0.03290676416819013,94.42857142857143,48.61904761904762,majority_vote,111,ATTACK,178,"(25, 44)",False,2,False,1985
0,0.0,True,0.0,0.9,0.9,1938,0,1938.0,83,5,24,"(3, 8)",0,0.029117379435850774,80.625,33.708333333333336,majority_vote,83,ATTACK,148,"(8, 8)",False,0,False,1990
20,0.0,False,0.0,0.24763903952412913,0.3040230902427616,1942,0,1942.0,94,3,23,"(15, 2)",0,0.038181818181818185,86.34782608695652,41.08695652173913,majority_vote,94,ATTACK,164,"(4, 39)",False,1,False,1990
50,0.0,False,0.0,0.09755203519833083,0.09755203519833083,1942,0,1942.0,111,7,21,"(2, 41)",0,0.03275705186533212,94.42857142857143,48.61904761904762,majority_vote,111,ATTACK,178,"(24, 40)",False,2,False,1990
0,0.0,True,0.0,0.9,0.9,1943,0,1943.0,83,5,24,"(3, 8)",0,0.029064486830154404,80.625,33.708333333333336,majority_vote,83,ATTACK,148,"(3, 8)",False,0,False,1995
20,0.0,False,0.0,0.2514750804730155,0.3243598585018558,1947,0,1947.0,94,3,23,"(15, 2)",0,0.038112522686025406,86.34782608695652,41.08695652173913,majority_vote,94,ATTACK,164,"(6, 36)",False,1,False,1995
50,0.0,False,0.0,0.09755203519833083,0.09755203519833083,1947,0,1947.0,111,7,21,"(2, 41)",0,0.030881017257039057,94.42857142857143,48.61904761904762,majority_vote,111,ATTACK,178,"(20, 41)",False,2,False,1995
0,0.0,True,0.0,0.9,0.9,1947,0,1947.0,84,5,24,"(33, 8)",0,0.02917046490428441,80.625,33.708333333333336,majority_vote,84,RECOVERY,150,"(7, 8)",False,0,False,2000
20,0.0,False,0.0,0.28135150215133237,0.4180760214491869,1952,0,1952.0,94,3,23,"(15, 2)",0,0.03723887375113533,86.34782608695652,41.08695652173913,majority_vote,94,RECOVERY,165,"(7, 32)",False,1,False,2000
50,0.0,False,0.0,0.10969160644449712,0.19895038744881471,1952,0,1952.0,111,7,21,"(2, 41)",0,0.03099361896080219,94.42857142857143,48.61904761904762,majority_vote,111,RECOVERY,179,"(15, 41)",False,2,False,2000
0,0.0,True,0.0,0.9,0.9,1952,0,1952.0,84,5,24,"(33, 8)",0,0.028258887876025523,80.625,33.708333333333336,majority_vote,84,RECOVERY,150,"(12, 8)",False,0,False,2005
20,0.0,False,0.0,0.3235195875188689,0.4991946569821733,1957,0,1957.0,95,3,23,"(15, 2)",0,0.03633060853769301,86.34782608695652,41.08695652173913,majority_vote,95,RECOVERY,166,"(9, 29)",False,1,False,2005
50,0.0,False,0.0,0.11538199369105692,0.2234993513756931,1957,0,1957.0,111,7,21,"(2, 41)",0,0.03099361896080219,94.42857142857143,48.61904761904762,majority_vote,111,RECOVERY,179,"(10, 41)",False,2,False,2005
0,0.0,True,0.0,0.9,0.9,1957,0,1957.0,84,5,24,"(33, 8)",0,0.028233151183970857,80.625,33.708333333333336,majority_vote,84,RECOVERY,150,"(16, 9)",False,0,False,2010
20,0.0,True,0.0,0.3744084039502145,0.5759944805709436,1962,0,1962.0,95,3,23,"(15, 2)",0,0.03720508166969147,86.34782608695652,41.08695652173913,majority_vote,95,RECOVERY,166,"(10, 25)",False,1,False,2010
50,0.0,False,0.0,0.12187533231146737,0.24524876609926594,1962,0,1962.0,111,7,21,"(2, 41)",0,0.030965391621129327,94.42857142857143,48.61904761904762,majority_vote,111,RECOVERY,179,"(5, 41)",False,2,False,2010
0,0.0,True,0.0,0.9,0.9,1962,0,1962.0,84,5,24,"(33, 8)",0,0.028207461328480437,80.625,33.708333333333336,majority_vote,84,RECOVERY,150,"(21, 9)",False,0,False,2015
20,0.0,True,0.0,0.43019208530968417,0.6443025266486714,1967,0,1967.0,95,3,23,"(15, 2)",0,0.03535811423390753,86.34782608695652,41.08695652173913,majority_vote,95,RECOVERY,166,"(11, 21)",False,1,False,2015
49,0.0,False,0.0,0.12187533231146737,0.24524876609926594,1966,0,1966.0,112,7,21,"(25, 2)",0,0.029117379435850774,94.42857142857143,48.61904761904762,majority_vote,112,RECOVERY,180,"(3, 41)",False,2,False,2015
0,0.0,True,0.0,0.9,0.9,1967,0,1967.0,84,5,24,"(33, 8)",0,0.026556776556776556,80.625,33.708333333333336,majority_vote,84,RECOVERY,150,"(26, 9)",False,0,False,2020
20,0.0,True,0.0,0.48526736354677147,0.6916948985748855,1972,0,1972.0,95,3,23,"(15, 2)",0,0.0272975432211101,86.34782608695652,41.08695652173913,majority_vote,95,RECOVERY,166,"(14, 19)",False,1,False,2020
38,0.0,False,0.0,0.12187533231146737,0.24524876609926594,1971,0,1971.0,112,7,21,"(25, 2)",0,0.026556776556776556,94.42857142857143,48.61904761904762,majority_vote,112,RECOVERY,180,"(8, 41)",False,2,False,2020
0,0.0,True,0.0,0.9,0.9,1972,0,1972.0,84,5,24,"(33, 8)",0,0.022706630336058128,80.625,33.708333333333336,majority_vote,84,RECOVERY,151,"(30, 8)",False,0,False,2025
20,0.0,True,0.0,0.5391214004841189,0.7410684514328008,1977,0,1977.0,96,3,23,"(15, 2)",0,0.019855595667870037,86.34782608695652,41.08695652173913,majority_vote,96,RECOVERY,168,"(15, 15)",False,1,False,2025
38,0.0,False,0.0,0.12187533231146737,0.24524876609926594,1976,0,1976.0,112,7,21,"(25, 2)",0,0.022706630336058128,94.42857142857143,48.61904761904762,majority_vote,112,RECOVERY,181,"(12, 40)",False,2,False,2025
0,0.0,True,0.0,0.9,0.9,1976,0,1976.0,85,5,25,"(24, 45)",0,0.020833333333333332,81.16,33.68,majority_vote,85,RECOVERY,152,"(32, 8)",False,0,False,2030
20,0.0,True,0.0,0.5908118561431591,0.7829471110439771,1982,0,1982.0,97,3,23,"(15, 2)",0,0.018001800180018002,86.34782608695652,41.08695652173913,majority_vote,97,RECOVERY,169,"(16, 11)",False,1,False,2030
38,0.0,False,0.0,0.13744536174923994,0.2935512217180033,1981,0,1981.0,112,7,21,"(25, 2)",0,0.022644927536231884,94.42857142857143,48.61904761904762,majority_vote,112,RECOVERY,181,"(14, 37)",False,2,False,2030
0,0.0,True,0.0,0.9,0.9,1981,0,1981.0,85,5,25,"(24, 45)",0,0.020833333333333332,81.16,33.68,majority_vote,85,RECOVERY,152,"(29, 10)",False,0,False,2035
20,0.0,True,0.0,0.6394585499209132,0.8183045963511629,1987,0,1987.0,97,3,23,"(15, 2)",0,0.016201620162016202,86.34782608695652,41.08695652173913,majority_vote,97,RECOVERY,169,"(15, 7)",False,1,False,2035
38,0.0,False,0.0,0.17494685597994739,0.36370253848896983,1986,0,1986.0,112,7,21,"(25, 2)",0,0.022644927536231884,94.42857142857143,48.61904761904762,majority_vote,112,RECOVERY,181,"(15, 33)",False,2,False,2035
0,0.0,True,0.0,0.9,0.9,1986,0,1986.0,85,5,25,"(24, 45)",0,0.01637852593266606,81.16,33.68,majority_vote,85,RECOVERY,152,"(25, 11)",False,0,False,2040
20,0.0,True,0.0,0.6577553694204618,0.8308110940394018,1992,0,1992.0,97,3,23,"(15, 2)",0,0.012715712988192553,86.34782608695652,41.08695652173913,majority_vote,97,RECOVERY,169,"(15, 2)",False,1,False,2040
35,0.0,False,0.0,0.22849801217517549,0.4396658801033393,1991,0,1991.0,112,7,21,"(25, 2)",0,0.020018198362147407,94.42857142857143,48.61904761904762,majority_vote,112,RECOVERY,181,"(15, 28)",False,2,False,2040
0,0.0,True,0.0,0.9,0.9,1991,0,1991.0,85,5,25,"(24, 45)",0,0.01637852593266606,81.16,33.68,majority_vote,85,RECOVERY,152,"(25, 16)",False,0,False,2045
20,0.0,True,0.0,0.6577553694204618,0.8308110940394018,1996,0,1996.0,98,3,23,"(21, 17)",0,0.012715712988192553,86.34782608695652,41.08695652173913,majority_vote,98,RECOVERY,170,"(15, 6)",False,1,False,2045
24,0.0,True,0.0,0.2858845639820949,0.5080219556810588,1996,0,1996.0,112,7,21,"(25, 2)",0,0.020018198362147407,94.42857142857143,48.61904761904762,majority_vote,112,RECOVERY,181,"(15, 23)",False,2,False,2045
0,0.0,True,0.0,0.9,0.9,1996,0,1996.0,85,5,25,"(24, 45)",0,0.01637852593266606,81.16,33.68,majority_vote,85,RECOVERY,153,"(25, 21)",False,0,False,2050
20,0.0,True,0.0,0.666818679870397,0.8390215784191676,2001,0,2001.0,98,3,23,"(21, 17)",0,0.012715712988192553,86.34782608695652,41.08695652173913,majority_vote,98,RECOVERY,171,"(17, 9)",False,1,False,2050
24,0.0,True,0.0,0.3449566042588985,0.5713644720864529,2001,0,2001.0,113,7,21,"(25, 2)",0,0.017288444040036398,94.42857142857143,48.61904761904762,majority_vote,113,RECOVERY,182,"(15, 18)",False,2,False,2050
0,0.0,True,0.0,0.9,0.9,2001,0,2001.0,85,5,25,"(24, 45)",0,0.01637852593266606,81.16,33.68,majority_vote,85,RECOVERY,153,"(25, 26)",False,0,False,2055
20,0.0,True,0.0,0.684429400919427,0.8506549317352888,2006,0,2006.0,98,3,23,"(21, 17)",0,0.013623978201634877,86.34782608695652,41.08695652173913,majority_vote,98,RECOVERY,171,"(17, 14)",False,1,False,2055
17,0.0,True,0.0,0.4050370961061573,0.6331737629671548,2006,0,2006.0,113,7,21,"(25, 2)",0,0.017288444040036398,94.42857142857143,48.61904761904762,majority_vote,113,RECOVERY,182,"(17, 15)",False,2,False,2055
0,0.0,True,0.0,0.9,0.9,2006,0,2006.0,85,5,25,"(24, 45)",0,0.01646843549862763,81.16,33.68,majority_vote,85,RECOVERY,153,"(25, 31)",False,0,False,2060
20,0.0,True,0.0,0.7013943529780292,0.8606701183871026,2010,0,2010.0,98,4,23,"(21, 17)",0,0.013673655423883319,86.34782608695652,41.08695652173913,majority_vote,98,RECOVERY,171,"(18, 17)",False,1,False,2060
8,0.0,True,0.0,0.4645112883341301,0.6879174601100249,2011,0,2011.0,113,7,21,"(25, 2)",0,0.01646843549862763,94.42857142857143,48.61904761904762,majority_vote,113,RECOVERY,182,"(19, 12)",False,2,False,2060
0,0.0,True,0.0,0.9,0.9,2011,0,2011.0,85,5,25,"(24, 45)",0,0.01646843549862763,81.16,33.68,majority_vote,85,RECOVERY,153,"(25, 36)",False,0,False,2065
20,0.0,True,0.0,0.7331199087816451,0.8788391755740638,2014,0,2014.0,99,4,24,"(33, 8)",0,0.013673655423883319,86.0,40.333333333333336,majority_vote,99,RECOVERY,172,"(22, 17)",False,1,False,2065
8,0.0,True,0.0,0.5227000561349825,0.741279607359354,2016,0,2016.0,113,7,21,"(25, 2)",0,0.01646843549862763,94.42857142857143,48.61904761904762,majority_vote,113,RECOVERY,182,"(21, 9)",False,2,False,2065
0,0.0,True,0.0,0.9,0.9,2016,0,2016.0,85,5,25,"(24, 45)",0,0.013723696248856358,81.16,33.68,majority_vote,85,RECOVERY,153,"(25, 41)",False,0,False,2070
14,0.0,True,0.0,0.7692358723200525,0.899671814212656,2019,0,2019.0,99,4,24,"(33, 8)",0,0.010938924339106655,86.0,40.333333333333336,majority_vote,99,RECOVERY,172,"(26, 16)",False,1,False,2070
8,0.0,True,0.0,0.5785949029288434,0.7852282995778607,2021,0,2021.0,113,7,21,"(25, 2)",0,0.01555352241537054,94.42857142857143,48.61904761904762,majority_vote,113,RECOVERY,182,"(25, 8)",False,2,False,2070
0,0.0,True,0.0,0.9,0.9,2021,0,2021.0,85,5,25,"(24, 45)",0,0.009149130832570906,81.16,33.68,majority_vote,85,RECOVERY,154,"(24, 45)",False,0,False,2075
10,0.0,True,0.0,0.8010903664662903,0.9159275975072564,2024,0,2024.0,99,4,24,"(33, 8)",0,0.0054694621695533276,86.0,40.333333333333336,majority_vote,99,RECOVERY,173,"(26, 11)",False,1,False,2075
8,0.0,True,0.0,0.6296802472150975,0.8145046523270665,2026,0,2026.0,113,7,21,"(25, 2)",0,0.010978956999085087,94.42857142857143,48.61904761904762,majority_vote,113,RECOVERY,183,"(25, 3)",False,2,False,2075
0,0.0,True,0.0,0.9,0.9,2025,0,2025.0,86,5,25,"(2, 20)",0,0.009149130832570906,81.16,33.68,majority_vote,86,RECOVERY,155,"(25, 42)",False,0,False,2080
10,0.0,True,0.0,0.8287130165397297,0.9272133444579495,2029,0,2029.0,99,4,24,"(33, 8)",0,0.0054694621695533276,86.0,40.333333333333336,majority_vote,99,RECOVERY,173,"(28, 8)",False,1,False,2080
8,0.0,True,0.0,0.6296802472150975,0.8145046523270665,2029,0,2029.0,114,7,22,"(33, 50)",0,0.010064043915827997,94.4090909090909,49.27272727272727,majority_vote,114,RECOVERY,185,"(25, 4)",False,2,False,2080
0,0.0,True,0.0,0.9,0.9,2030,0,2030.0,86,5,25,"(2, 20)",0,0.010064043915827997,81.16,33.68,majority_vote,86,RECOVERY,155,"(24, 38)",False,0,False,2085
9,0.0,True,0.0,0.8525275132896641,0.9388075254369208,2034,0,2034.0,99,4,24,"(33, 8)",0,0.0054694621695533276,86.0,40.333333333333336,majority_vote,99,RECOVERY,173,"(33, 8)",False,1,False,2085
8,0.0,True,0.0,0.6296802472150975,0.8145046523270665,2034,0,2034.0,114,7,22,"(33, 50)",0,0.010064043915827997,94.4090909090909,49.27272727272727,majority_vote,114,RECOVERY,185,"(25, 9)",False,2,False,2085
0,0.0,True,0.0,0.9,0.9,2035,0,2035.0,86,5,25,"(2, 20)",0,0.009149130832570906,81.16,33.68,majority_vote,86,RECOVERY,155,"(24, 33)",False,0,False,2090
9,0.0,True,0.0,0.8569681091666435,0.9413394308292501,2038,0,2038.0,100,4,24,"(2, 20)",0,0.0054694621695533276,86.0,40.333333333333336,majority_vote,100,RECOVERY,174,"(29, 8)",False,1,False,2090
8,0.0,True,0.0,0.6296802472150975,0.8145046523270665,2039,0,2039.0,114,7,22,"(33, 50)",0,0.010064043915827997,94.4090909090909,49.27272727272727,majority_vote,114,RECOVERY,185,"(21, 10)",False,2,False,2090
0,0.0,True,0.0,0.9,0.9,2040,0,2040.0,86,5,25,"(2, 20)",0,0.004574565416285453,81.16,33.68,majority_vote,86,RECOVERY,155,"(24, 28)",False,0,False,2095
9,0.0,True,0.0,0.8569681091666435,0.9413394308292501,2043,0,2043.0,100,4,24,"(2, 20)",0,0.0054694621695533276,86.0,40.333333333333336,majority_vote,100,RECOVERY,174,"(28, 12)",False,1,False,2095
8,0.0,True,0.0,0.6296802472150975,0.8145046523270665,2044,0,2044.0,114,7,22,"(33, 50)",0,0.0054894784995425435,94.4090909090909,49.27272727272727,majority_vote,114,RECOVERY,185,"(19, 13)",False,2,False,2095
0,0.0,True,0.0,0.9,0.9,2045,0,2045.0,86,5,25,"(2, 20)",0,0.061694290976058934,81.16,33.68,majority_vote,86,RECOVERY,156,"(22, 25)",False,0,False,2100
9,0.0,True,0.0,0.8569681091666435,0.9413394308292501,2048,0,2048.0,100,4,24,"(2, 20)",0,0.06158088235294118,86.0,40.333333333333336,majority_vote,100,RECOVERY,175,"(25, 14)",False,1,False,2100
8,0.0,True,0.0,0.6296802472150975,0.8145046523270665,2049,0,2049.0,114,7,22,"(33, 50)",0,0.06077348066298342,94.4090909090909,49.27272727272727,majority_vote,114,RECOVERY,186,"(18, 17)",False,2,False,2100
0,0.0,True,0.0,0.9,0.9,2050,0,2050.0,87,5,25,"(2, 20)",0,0.058011049723756904,81.16,33.68,majority_vote,87,RECOVERY,157,"(17, 25)",False,0,False,2105
9,0.0,True,0.0,0.8569681091666435,0.9413394308292501,2053,0,2053.0,100,4,24,"(2, 20)",0,0.06158088235294118,86.0,40.333333333333336,majority_vote,100,RECOVERY,175,"(23, 17)",False,1,False,2105
8,0.0,True,0.0,0.6580112627436834,0.8351694586387285,2054,0,2054.0,114,7,22,"(33, 50)",0,0.05985267034990792,94.4090909090909,49.27272727272727,majority_vote,114,RECOVERY,186,"(19, 21)",False,2,False,2105
0,0.0,True,0.0,0.9,0.9,2055,0,2055.0,87,5,25,"(2, 20)",0,0.056169429097605895,81.16,33.68,majority_vote,87,RECOVERY,157,"(15, 22)",False,0,False,2110
9,0.0,True,0.0,0.8654939631894324,0.9455197659837471,2058,0,2058.0,100,4,24,"(2, 20)",0,0.05698529411764706,86.0,40.333333333333336,majority_vote,100,RECOVERY,175,"(19, 18)",False,1,False,2110
8,0.0,True,0.0,0.702925874161143,0.868220365485895,2059,0,2059.0,114,7,22,"(33, 50)",0,0.0570902394106814,94.4090909090909,49.27272727272727,majority_vote,114,RECOVERY,186,"(19, 26)",False,2,False,2110
0,0.0,True,0.0,0.9,0.9,2060,0,2060.0,87,5,25,"(2, 20)",0,0.052486187845303865,81.16,33.68,majority_vote,87,RECOVERY,157,"(12, 20)",False,0,False,2115
9,0.0,True,0.0,0.88516414564489,0.956450161711189,2063,0,2063.0,100,4,24,"(2, 20)",0,0.05330882352941176,86.0,40.333333333333336,majority_vote,100,RECOVERY,176,"(15, 19)",False,1,False,2115
6,0.0,True,0.0,0.7361212441527945,0.8881401266454648,2064,0,2064.0,114,7,22,"(33, 50)",0,0.053406998158379376,94.4090909090909,49.27272727272727,majority_vote,114,RECOVERY,186,"(19, 31)",False,2,False,2115
0,0.0,True,0.0,0.9,0.9,2065,0,2065.0,87,5,25,"(2, 20)",0,0.04981203007518797,81.16,33.68,majority_vote,87,RECOVERY,157,"(7, 20)",False,0,False,2120
9,0.0,True,0.0,0.9026174912546105,0.9657650064181951,2068,0,2068.0,100,4,24,"(2, 20)",0,0.051594746716697934,86.0,40.333333333333336,majority_vote,100,RECOVERY,181,"(11, 20)",False,1,False,2120
4,0.0,True,0.0,0.7361212441527945,0.8881401266454648,2069,0,2069.0,114,7,22,"(33, 50)",0,0.04887218045112782,94.4090909090909,49.27272727272727,majority_vote,114,RECOVERY,186,"(19, 36)",False,2,False,2120
0,0.0,True,0.0,0.9,0.9,2070,0,2070.0,87,5,25,"(2, 20)",0,0.045112781954887216,81.16,33.68,majority_vote,87,RECOVERY,158,"(2, 20)",False,0,False,2125
9,0.0,True,0.0,0.9179957837167418,0.9732922236399898,2073,0,2073.0,100,4,24,"(2, 20)",0,0.05065666041275797,86.0,40.333333333333336,majority_vote,100,RECOVERY,183,"(6, 20)",False,1,False,2125
4,0.0,True,0.0,0.7361212441527945,0.8881401266454648,2074,0,2074.0,114,7,22,"(33, 50)",0,0.043233082706766915,94.4090909090909,49.27272727272727,majority_vote,114,RECOVERY,187,"(20, 40)",False,2,False,2125
0,0.0,True,0.0,0.9,0.9,2073,0,2073.0,88,6,26,"(15, 2)",0,0.044172932330827065,81.76923076923077,34.30769230769231,majority_vote,88,RECOVERY,159,"(5, 20)",False,0,False,2130
9,0.0,True,0.0,0.9313820731760755,0.9794321279062966,2078,0,2078.0,102,4,24,"(2, 20)",0,0.04784240150093809,86.0,40.333333333333336,majority_vote,102,RECOVERY,185,"(3, 22)",False,1,False,2130
3,0.0,True,0.0,0.7361212441527945,0.8881401266454648,2079,0,2079.0,114,7,22,"(33, 50)",0,0.03759398496240601,94.4090909090909,49.27272727272727,majority_vote,114,RECOVERY,187,"(25, 40)",False,2,False,2130
0,0.0,True,0.0,0.9,0.9,2078,0,2078.0,88,6,26,"(15, 2)",0,0.044172932330827065,81.76923076923077,34.30769230769231,majority_vote,88,RECOVERY,159,"(10, 20)",False,0,False,2135
9,0.0,True,0.0,0.9429522058872484,0.9841155776083398,2082,0,2082.0,103,4,25,"(24, 45)",0,0.04784240150093809,85.36,40.64,majority_vote,103,RECOVERY,186,"(2, 21)",False,1,False,2135
3,0.0,True,0.0,0.7361212441527945,0.8881401266454648,2084,0,2084.0,114,7,22,"(33, 50)",0,0.03665413533834586,94.4090909090909,49.27272727272727,majority_vote,114,RECOVERY,187,"(25, 45)",False,2,False,2135
0,0.0,True,0.0,0.9,0.9,2083,0,2083.0,88,6,26,"(15, 2)",0,0.04241281809613572,81.76923076923077,34.30769230769231,majority_vote,88,RECOVERY,159,"(14, 19)",False,0,False,2140
9,0.0,True,0.0,0.9526423262477761,0.9866781323420888,2087,0,2087.0,103,4,25,"(24, 45)",0,0.04806786050895382,85.36,40.64,majority_vote,103,RECOVERY,186,"(5, 23)",False,1,False,2140
3,0.0,True,0.0,0.7361212441527945,0.8881401266454648,2089,0,2089.0,115,7,22,"(33, 50)",0,0.03581526861451461,94.4090909090909,49.27272727272727,majority_vote,115,RECOVERY,188,"(25, 50)",False,2,False,2140
0,0.0,True,0.0,0.9,0.9,2088,0,2088.0,88,6,26,"(15, 2)",0,0.03581526861451461,81.76923076923077,34.30769230769231,majority_vote,88,RECOVERY,159,"(15, 15)",False,0,False,2145
9,0.0,True,0.0,0.9606571453301919,0.9889097139091693,2092,0,2092.0,103,4,25,"(24, 45)",0,0.04524033930254477,85.36,40.64,majority_vote,103,RECOVERY,186,"(10, 23)",False,1,False,2145
3,0.0,True,0.0,0.7361212441527945,0.8881401266454648,2094,0,2094.0,115,7,22,"(33, 50)",0,0.030160226201696512,94.4090909090909,49.27272727272727,majority_vote,115,RECOVERY,188,"(30, 50)",False,2,False,2145
0,0.0,True,0.0,0.9,0.9,2093,0,2093.0,88,6,26,"(15, 2)",0,0.033930254476908575,81.76923076923077,34.30769230769231,majority_vote,88,RECOVERY,160,"(16, 11)",False,0,False,2150
9,0.0,True,0.0,0.9673062548157532,0.9906724803558594,2097,0,2097.0,104,4,25,"(24, 45)",0,0.04241281809613572,85.36,40.64,majority_vote,104,RECOVERY,187,"(14, 24)",False,1,False,2150
3,0.0,True,0.0,0.7361212441527945,0.8881401266454648,2098,0,2098.0,116,7,23,"(33, 8)",0,0.02827521206409048,93.43478260869566,50.21739130434783,majority_vote,116,RECOVERY,190,"(33, 49)",False,2,False,2150
0,0.0,True,0.0,0.9,0.9,2098,0,2098.0,88,6,26,"(15, 2)",0,0.03289473684210526,81.76923076923077,34.30769230769231,majority_vote,88,RECOVERY,160,"(15, 7)",False,0,False,2155
9,0.0,True,0.0,0.9717704441454942,0.9917542824996163,2102,0,2102.0,104,4,25,"(24, 45)",0,0.042293233082706765,85.36,40.64,majority_vote,104,RECOVERY,187,"(17, 26)",False,1,False,2155
2,0.0,True,0.0,0.7361212441527945,0.8881401266454648,2103,0,2103.0,116,7,23,"(33, 8)",0,0.02725563909774436,93.43478260869566,50.21739130434783,majority_vote,116,RECOVERY,190,"(30, 47)",False,2,False,2155
0,0.0,True,0.0,0.9,0.9,2103,0,2103.0,88,6,26,"(15, 2)",0,0.028890959925442685,81.76923076923077,34.30769230769231,majority_vote,88,RECOVERY,160,"(15, 2)",False,0,False,2160
9,0.0,True,0.0,0.9764534030970002,0.992880427323738,2107,0,2107.0,104,4,25,"(24, 45)",0,0.04100652376514446,85.36,40.64,majority_vote,104,RECOVERY,187,"(22, 26)",False,1,False,2160
0,0.0,True,0.0,0.7361212441527945,0.8881401266454648,2108,0,2108.0,116,7,23,"(33, 8)",0,0.024231127679403542,93.43478260869566,50.21739130434783,majority_vote,116,RECOVERY,190,"(29, 43)",False,2,False,2160
0,0.0,True,0.0,0.9,0.9,2107,0,2107.0,89,6,26,"(21, 17)",0,0.02667893284268629,81.76923076923077,34.30769230769231,majority_vote,89,RECOVERY,161,"(15, 6)",False,0,False,2165
9,0.0,True,0.0,0.9788527133399724,0.9934521439540341,2112,0,2112.0,104,4,25,"(24, 45)",0,0.040478380864765406,85.36,40.64,majority_vote,104,RECOVERY,187,"(24, 29)",False,1,False,2165
0,0.0,True,0.0,0.7361212441527945,0.8881401266454648,2113,0,2113.0,116,7,23,"(33, 8)",0,0.021159153633854646,93.43478260869566,50.21739130434783,majority_vote,116,RECOVERY,190,"(29, 38)",False,2,False,2165
0,0.0,True,0.0,0.9,0.9,2112,0,2112.0,89,6,26,"(21, 17)",0,0.022686025408348458,81.76923076923077,34.30769230769231,majority_vote,89,RECOVERY,161,"(17, 9)",False,0,False,2170
9,0.0,True,0.0,0.9788527133399724,0.9934521439540341,2117,0,2117.0,106,4,25,"(24, 45)",0,0.034482758620689655,85.36,40.64,majority_vote,106,RECOVERY,189,"(24, 34)",False,1,False,2170
0,0.0,True,0.0,0.7361212441527945,0.8881401266454648,2118,0,2118.0,116,7,23,"(33, 8)",0,0.020871143375680582,93.43478260869566,50.21739130434783,majority_vote,116,RECOVERY,190,"(29, 33)",False,2,False,2170
0,0.0,True,0.0,0.9,0.9,2117,0,2117.0,89,6,26,"(21, 17)",0,0.02075812274368231,81.76923076923077,34.30769230769231,majority_vote,89,RECOVERY,162,"(17, 14)",False,0,False,2175
9,0.0,True,0.0,0.9788527133399724,0.9934521439540341,2122,0,2122.0,106,4,25,"(24, 45)",0,0.033393501805054154,85.36,40.64,majority_vote,106,RECOVERY,190,"(27, 36)",False,1,False,2175
0,0.0,True,0.0,0.7656085093494801,0.898866632039724,2123,0,2123.0,116,7,23,"(33, 8)",0,0.02075812274368231,93.43478260869566,50.21739130434783,majority_vote,116,RECOVERY,191,"(29, 28)",False,2,False,2175
0,0.0,True,0.0,0.9,0.9,2122,0,2122.0,89,6,26,"(21, 17)",0,0.020390070921985817,81.76923076923077,34.30769230769231,majority_vote,89,RECOVERY,162,"(19, 17)",False,0,False,2180
9,0.0,True,0.0,0.9788527133399724,0.9934521439540341,2127,0,2127.0,106,4,25,"(24, 45)",0,0.03194321206743567,85.36,40.64,majority_vote,106,RECOVERY,190,"(25, 39)",False,1,False,2180
0,0.0,True,0.0,0.7789749306323905,0.9040675532113208,2128,0,2128.0,116,7,23,"(33, 8)",0,0.02040816326530612,93.43478260869566,50.21739130434783,majority_vote,116,RECOVERY,191,"(29, 23)",False,2,False,2180
0,0.0,True,0.0,0.9,0.9,2126,0,2126.0,90,6,27,"(25, 2)",0,0.020318021201413426,80.85185185185185,33.851851851851855,majority_vote,90,RECOVERY,163,"(23, 17)",False,0,False,2185
8,0.0,True,0.0,0.9788527133399724,0.9934521439540341,2132,0,2132.0,106,4,25,"(24, 45)",0,0.028293545534924844,85.36,40.64,majority_vote,106,RECOVERY,190,"(25, 44)",False,1,False,2185
0,0.0,True,0.0,0.7853800575440534,0.9070774688656478,2133,0,2133.0,116,7,23,"(33, 8)",0,0.020335985853227233,93.43478260869566,50.21739130434783,majority_vote,116,RECOVERY,191,"(29, 18)",False,2,False,2185
0,0.0,True,0.0,0.9,0.9,2131,0,2131.0,90,6,27,"(25, 2)",0,0.014912280701754385,80.85185185185185,33.851851851851855,majority_vote,90,RECOVERY,163,"(25, 14)",False,0,False,2190
8,0.0,True,0.0,0.9788527133399724,0.9934521439540341,2136,0,2136.0,107,4,25,"(33, 8)",0,0.0228270412642669,85.36,40.64,majority_vote,107,RECOVERY,191,"(25, 44)",False,1,False,2190
0,0.0,True,0.0,0.8155908462791592,0.9261377465563284,2138,0,2138.0,116,7,23,"(33, 8)",0,0.014925373134328358,93.43478260869566,50.21739130434783,majority_vote,116,RECOVERY,191,"(29, 13)",False,2,False,2190
0,0.0,True,0.0,0.9,0.9,2136,0,2136.0,90,6,27,"(25, 2)",0,0.014035087719298246,80.85185185185185,33.851851851851855,majority_vote,90,RECOVERY,163,"(25, 9)",False,0,False,2195
8,0.0,True,0.0,0.9788527133399724,0.9934521439540341,2141,0,2141.0,107,4,25,"(33, 8)",0,0.021071115013169446,85.36,40.64,majority_vote,107,RECOVERY,191,"(27, 41)",False,1,False,2195
0,0.0,True,0.0,0.8427984153112762,0.9413240744178828,2143,0,2143.0,116,7,23,"(33, 8)",0,0.014925373134328358,93.43478260869566,50.21739130434783,majority_vote,116,RECOVERY,191,"(29, 8)",False,2,False,2195
0,0.0,True,0.0,0.9,0.9,2141,0,2141.0,90,6,27,"(25, 2)",0,0.010526315789473684,80.85185185185185,33.851851851851855,majority_vote,90,RECOVERY,164,"(25, 4)",False,0,False,2200
8,0.0,True,0.0,0.9788527133399724,0.9934521439540341,2146,0,2146.0,107,4,25,"(33, 8)",0,0.01757469244288225,85.36,40.64,majority_vote,107,RECOVERY,192,"(27, 36)",False,1,False,2200
0,0.0,True,0.0,0.8667697642999114,0.952516394815456,2147,0,2147.0,117,7,23,"(33, 30)",0,0.013181019332161687,93.43478260869566,50.21739130434783,majority_vote,117,RECOVERY,193,"(33, 8)",False,2,False,2200
0,0.0,True,0.0,0.9,0.9,2145,0,2145.0,91,6,27,"(33, 30)",0,0.010517090271691499,80.85185185185185,33.851851851851855,majority_vote,91,RECOVERY,165,"(25, 4)",False,0,False,2205
8,0.0,True,0.0,0.9788527133399724,0.9934521439540341,2151,0,2151.0,107,4,25,"(33, 8)",0,0.01755926251097454,85.36,40.64,majority_vote,107,RECOVERY,192,"(27, 31)",False,1,False,2205
0,0.0,True,0.0,0.875352610330106,0.9554468598262557,2152,0,2152.0,118,7,23,"(33, 30)",0,0.014047410008779631,93.43478260869566,50.21739130434783,majority_vote,118,RECOVERY,194,"(33, 13)",False,2,False,2205
0,0.0,True,0.0,0.9,0.9,2150,0,2150.0,91,6,27,"(33, 30)",0,0.010517090271691499,80.85185185185185,33.851851851851855,majority_vote,91,RECOVERY,165,"(26, 8)",False,0,False,2210
8,0.0,True,0.0,0.9788527133399724,0.9934521439540341,2156,0,2156.0,107,4,25,"(33, 8)",0,0.01755926251097454,85.36,40.64,majority_vote,107,RECOVERY,192,"(27, 26)",False,1,False,2210
0,0.0,True,0.0,0.8833448264219544,0.9579145486814112,2157,0,2157.0,119,7,23,"(33, 30)",0,0.014925373134328358,93.43478260869566,50.21739130434783,majority_vote,119,RECOVERY,195,"(32, 17)",False,2,False,2210
0,0.0,True,0.0,0.9,0.9,2155,0,2155.0,91,6,27,"(33, 30)",0,0.010517090271691499,80.85185185185185,33.851851851851855,majority_vote,91,RECOVERY,165,"(26, 13)",False,0,False,2215
8,0.0,True,0.0,0.9822923633178964,0.994428221467397,2161,0,2161.0,107,4,25,"(33, 8)",0,0.01755926251097454,85.36,40.64,majority_vote,107,RECOVERY,192,"(27, 21)",False,1,False,2215
0,0.0,True,0.0,0.8978095308780479,0.9633362279554228,2162,0,2162.0,119,7,23,"(33, 30)",0,0.015803336259877086,93.43478260869566,50.21739130434783,majority_vote,119,RECOVERY,195,"(29, 19)",False,2,False,2215
0,0.0,True,0.0,0.9,0.9,2160,0,2160.0,91,6,27,"(33, 30)",0,0.009174311926605505,80.85185185185185,33.851851851851855,majority_vote,91,RECOVERY,165,"(26, 18)",False,0,False,2220
8,0.0,True,0.0,0.9851826357464947,0.9955011373214826,2166,0,2166.0,107,4,25,"(33, 8)",0,0.01652892561983471,85.36,40.64,majority_vote,107,RECOVERY,192,"(27, 16)",False,1,False,2220
0,0.0,True,0.0,0.913632047219934,0.9703007346489351,2167,0,2167.0,119,7,23,"(33, 30)",0,0.014692378328741965,93.43478260869566,50.21739130434783,majority_vote,119,RECOVERY,195,"(29, 24)",False,2,False,2220
0,0.0,True,0.0,0.9,0.9,2165,0,2165.0,92,6,27,"(33, 30)",0,0.009174311926605505,80.85185185185185,33.851851851851855,majority_vote,92,RECOVERY,166,"(27, 22)",False,0,False,2225
8,0.0,True,0.0,0.9876526154334538,0.9964203236094836,2171,0,2171.0,107,4,25,"(33, 8)",0,0.01652892561983471,85.36,40.64,majority_vote,107,RECOVERY,193,"(29, 13)",False,1,False,2225
0,0.0,True,0.0,0.9272748410141882,0.9760054179834435,2172,0,2172.0,119,7,23,"(33, 30)",0,0.014692378328741965,93.43478260869566,50.21739130434783,majority_vote,119,RECOVERY,196,"(29, 29)",False,2,False,2225
0,0.0,True,0.0,0.9,0.9,2170,0,2170.0,92,6,27,"(33, 30)",0,0.009174311926605505,80.85185185185185,33.851851851851855,majority_vote,92,RECOVERY,166,"(29, 25)",False,0,False,2230
8,0.0,True,0.0,0.9889352251241519,0.9967481753100245,2176,0,2176.0,107,4,25,"(33, 8)",0,0.01652892561983471,85.36,40.64,majority_vote,107,RECOVERY,193,"(32, 11)",False,1,False,2230
0,0.0,True,0.0,0.9389256565086063,0.9803880140546196,2177,0,2177.0,119,7,23,"(33, 30)",0,0.014692378328741965,93.43478260869566,50.21739130434783,majority_vote,119,RECOVERY,196,"(33, 30)",False,2,False,2230
0,0.0,True,0.0,0.9,0.9,2175,0,2175.0,92,6,27,"(33, 30)",0,0.009174311926605505,80.85185185185185,33.851851851851855,majority_vote,92,RECOVERY,166,"(29, 30)",False,0,False,2235
8,0.0,True,0.0,0.9897120219351115,0.9969537659870072,2180,0,2180.0,108,4,26,"(33, 50)",0,0.01652892561983471,85.96153846153847,40.88461538461539,majority_vote,108,RECOVERY,194,"(33, 8)",False,1,False,2235
0,0.0,True,0.0,0.9488407590851443,0.9841972721117367,2180,0,2180.0,120,8,24,"(2, 41)",0,0.015610651974288337,92.95833333333333,49.416666666666664,majority_vote,120,RECOVERY,197,"(30, 30)",False,2,False,2235
0,0.0,True,0.0,0.9,0.9,2179,0,2179.0,92,7,27,"(33, 30)",0,0.00931098696461825,80.85185185185185,33.851851851851855,majority_vote,92,RECOVERY,166,"(33, 30)",False,0,False,2240
3,0.0,True,0.0,0.9897120219351115,0.9969537659870072,2185,0,2185.0,108,4,26,"(33, 50)",0,0.01675977653631285,85.96153846153847,40.88461538461539,majority_vote,108,RECOVERY,194,"(32, 12)",False,1,False,2240
0,0.0,True,0.0,0.957299370638168,0.9873537590867728,2185,0,2185.0,122,8,24,"(2, 41)",0,0.015828677839851025,92.95833333333333,49.416666666666664,majority_vote,122,RECOVERY,199,"(27, 32)",False,2,False,2240
0,0.0,True,0.0,0.9,0.9,2183,0,2183.0,93,7,28,"(33, 8)",0,0.00931098696461825,80.03571428571429,34.0,majority_vote,93,RECOVERY,167,"(29, 30)",False,0,False,2245
3,0.0,True,0.0,0.9900787776347239,0.9970471359273582,2190,0,2190.0,108,4,26,"(33, 50)",0,0.01675977653631285,85.96153846153847,40.88461538461539,majority_vote,108,RECOVERY,194,"(30, 15)",False,1,False,2245
0,0.0,True,0.0,0.9631278098066229,0.9894239025642132,2190,0,2190.0,122,8,24,"(2, 41)",0,0.015828677839851025,92.95833333333333,49.416666666666664,majority_vote,122,RECOVERY,199,"(26, 36)",False,2,False,2245
0,0.0,True,0.0,0.9,0.9,2188,0,2188.0,93,7,28,"(33, 8)",0,0.06517690875232775,80.03571428571429,34.0,majority_vote,93,RECOVERY,168,"(29, 25)",False,0,False,2250
3,0.0,True,0.0,0.9914143434407521,0.9974038380489785,2195,0,2195.0,108,4,26,"(33, 50)",0,0.06052141527001862,85.96153846153847,40.88461538461539,majority_vote,108,RECOVERY,195,"(29, 19)",False,1,False,2250
0,0.0,True,0.0,0.9670017491611322,0.9906036104210326,2195,0,2195.0,122,8,24,"(2, 41)",0,0.05493482309124767,92.95833333333333,49.416666666666664,majority_vote,122,RECOVERY,200,"(23, 38)",False,2,False,2250
0,0.0,True,0.0,0.9,0.9,2192,0,2192.0,93,8,28,"(33, 8)",0,0.061452513966480445,80.03571428571429,34.0,majority_vote,93,RECOVERY,168,"(29, 21)",False,0,False,2255
3,0.0,True,0.0,0.9928483137825622,0.9979682237048343,2199,0,2199.0,108,5,26,"(33, 50)",0,0.0595903165735568,85.96153846153847,40.88461538461539,majority_vote,108,RECOVERY,195,"(31, 21)",False,1,False,2255
0,0.0,True,0.0,0.9670017491611322,0.9906036104210326,2200,0,2200.0,122,8,24,"(2, 41)",0,0.05493482309124767,92.95833333333333,49.416666666666664,majority_vote,122,RECOVERY,200,"(20, 40)",False,2,False,2255
0,0.0,True,0.0,0.9,0.9,2197,0,2197.0,93,8,28,"(33, 8)",0,0.054003724394785846,80.03571428571429,34.0,majority_vote,93,RECOVERY,168,"(29, 16)",False,0,False,2260
3,0.0,True,0.0,0.9940669245052188,0.9983820061663661,2204,0,2204.0,110,5,26,"(33, 50)",0,0.05307262569832402,85.96153846153847,40.88461538461539,majority_vote,110,RECOVERY,197,"(30, 25)",False,1,False,2260
0,0.0,True,0.0,0.9670017491611322,0.9906036104210326,2205,0,2205.0,122,8,24,"(2, 41)",0,0.054003724394785846,92.95833333333333,49.416666666666664,majority_vote,122,RECOVERY,200,"(16, 41)",False,2,False,2260
0,0.0,True,0.0,0.9,0.9,2202,0,2202.0,93,8,28,"(33, 8)",0,0.054003724394785846,80.03571428571429,34.0,majority_vote,93,RECOVERY,168,"(29, 11)",False,0,False,2265
3,0.0,True,0.0,0.994697633342091,0.9985352127819914,2209,0,2209.0,110,5,26,"(33, 50)",0,0.051210428305400374,85.96153846153847,40.88461538461539,majority_vote,110,RECOVERY,197,"(29, 29)",False,1,False,2265
0,0.0,True,0.0,0.9670017491611322,0.9906036104210326,2210,0,2210.0,122,8,24,"(2, 41)",0,0.054003724394785846,92.95833333333333,49.416666666666664,majority_vote,122,RECOVERY,200,"(11, 41)",False,2,False,2265
0,0.0,True,0.0,0.9,0.9,2207,0,2207.0,93,8,28,"(33, 8)",0,0.0521415270018622,80.03571428571429,34.0,majority_vote,93,RECOVERY,168,"(31, 8)",False,0,False,2270
3,0.0,True,0.0,0.994697633342091,0.9985352127819914,2214,0,2214.0,110,5,26,"(33, 50)",0,0.049348230912476726,85.96153846153847,40.88461538461539,majority_vote,110,RECOVERY,197,"(29, 34)",False,1,False,2270
0,0.0,True,0.0,0.9670017491611322,0.9906036104210326,2215,0,2215.0,122,8,24,"(2, 41)",0,0.054003724394785846,92.95833333333333,49.416666666666664,majority_vote,122,RECOVERY,200,"(6, 41)",False,2,False,2270
0,0.0,True,0.0,0.9,0.9,2211,0,2211.0,94,8,28,"(2, 50)",0,0.0521415270018622,80.03571428571429,34.0,majority_vote,94,RECOVERY,170,"(31, 8)",False,0,False,2275
3,0.0,True,0.0,0.994697633342091,0.9985352127819914,2219,0,2219.0,111,5,26,"(33, 50)",0,0.048417132216014895,85.96153846153847,40.88461538461539,majority_vote,111,RECOVERY,198,"(29, 39)",False,1,False,2275
0,0.0,True,0.0,0.9670017491611322,0.9906036104210326,2219,0,2219.0,123,8,24,"(21, 17)",0,0.05307262569832402,92.95833333333333,49.416666666666664,majority_vote,123,RECOVERY,202,"(2, 41)",False,2,False,2275
0,0.0,True,0.0,0.9,0.9,2216,0,2216.0,94,8,28,"(2, 50)",0,0.044172932330827065,80.03571428571429,34.0,majority_vote,94,RECOVERY,170,"(29, 11)",False,0,False,2280
0,0.0,True,0.0,0.994697633342091,0.9985352127819914,2224,0,2224.0,111,5,26,"(33, 50)",0,0.04119850187265917,85.96153846153847,40.88461538461539,majority_vote,111,RECOVERY,198,"(29, 44)",False,1,False,2280
0,0.0,True,0.0,0.9670017491611322,0.9906036104210326,2224,0,2224.0,123,8,24,"(21, 17)",0,0.044172932330827065,92.95833333333333,49.416666666666664,majority_vote,123,RECOVERY,202,"(7, 41)",False,2,False,2280
0,0.0,True,0.0,0.9,0.9,2221,0,2221.0,94,8,28,"(2, 50)",0,0.044172932330827065,80.03571428571429,34.0,majority_vote,94,RECOVERY,170,"(28, 15)",False,0,False,2285
0,0.0,True,0.0,0.994697633342091,0.9985352127819914,2229,0,2229.0,111,5,26,"(33, 50)",0,0.03651685393258427,85.96153846153847,40.88461538461539,majority_vote,111,RECOVERY,198,"(33, 45)",False,1,False,2285
0,0.0,True,0.0,0.9670017491611322,0.9906036104210326,2229,0,2229.0,123,8,24,"(21, 17)",0,0.039473684210526314,92.95833333333333,49.416666666666664,majority_vote,123,RECOVERY,202,"(8, 37)",False,2,False,2285
0,0.0,True,0.0,0.9,0.9,2226,0,2226.0,94,8,28,"(2, 50)",0,0.044172932330827065,80.03571428571429,34.0,majority_vote,94,RECOVERY,170,"(25, 17)",False,0,False,2290
0,0.0,True,0.0,0.994697633342091,0.9985352127819914,2234,0,2234.0,111,5,26,"(33, 50)",0,0.035580524344569285,85.96153846153847,40.88461538461539,majority_vote,111,RECOVERY,198,"(33, 50)",False,1,False,2290
0,0.0,True,0.0,0.9670017491611322,0.9906036104210326,2234,0,2234.0,123,8,24,"(21, 17)",0,0.03853383458646616,92.95833333333333,49.416666666666664,majority_vote,123,RECOVERY,202,"(12, 36)",False,2,False,2290
0,0.0,True,0.0,0.9,0.9,2231,0,2231.0,94,8,28,"(2, 50)",0,0.044172932330827065,80.03571428571429,34.0,majority_vote,94,RECOVERY,170,"(20, 17)",False,0,False,2295
0,0.0,True,0.0,0.994697633342091,0.9985352127819914,2238,0,2238.0,112,5,26,"(25, 2)",0,0.035580524344569285,85.96153846153847,40.88461538461539,majority_vote,112,RECOVERY,199,"(33, 46)",False,1,False,2295
0,0.0,True,0.0,0.9670017491611322,0.9906036104210326,2239,0,2239.0,123,8,24,"(21, 17)",0,0.03759398496240601,92.95833333333333,49.416666666666664,majority_vote,123,RECOVERY,202,"(17, 36)",False,2,False,2295
0,0.0,True,0.0,0.9,0.9,2236,0,2236.0,95,8,28,"(2, 50)",0,0.04364326375711575,80.03571428571429,34.0,majority_vote,95,RECOVERY,171,"(17, 19)",False,0,False,2300
0,0.0,True,0.0,0.994697633342091,0.9985352127819914,2243,0,2243.0,112,5,26,"(25, 2)",0,0.035916824196597356,85.96153846153847,40.88461538461539,majority_vote,112,RECOVERY,200,"(32, 42)",False,1,False,2300
0,0.0,True,0.0,0.9670017491611322,0.9906036104210326,2244,0,2244.0,123,8,24,"(21, 17)",0,0.036053130929791274,92.95833333333333,49.416666666666664,majority_vote,123,RECOVERY,203,"(19, 33)",False,2,False,2300
0,0.0,True,0.0,0.9,0.9,2241,0,2241.0,95,8,28,"(2, 50)",0,0.03889943074003795,80.03571428571429,34.0,majority_vote,95,RECOVERY,171,"(14, 21)",False,0,False,2305
0,0.0,True,0.0,0.994697633342091,0.9985352127819914,2248,0,2248.0,112,5,26,"(25, 2)",0,0.031190926275992438,85.96153846153847,40.88461538461539,majority_vote,112,RECOVERY,200,"(28, 41)",False,1,False,2305
0,0.0,True,0.0,0.9681952604217968,0.9908719743744245,2249,0,2249.0,123,8,24,"(21, 17)",0,0.029411764705882353,92.95833333333333,49.416666666666664,majority_vote,123,RECOVERY,203,"(19, 28)",False,2,False,2305
0,0.0,True,0.0,0.9,0.9,2246,0,2246.0,95,8,28,"(2, 50)",0,0.03415559772296015,80.03571428571429,34.0,majority_vote,95,RECOVERY,171,"(10, 22)",False,0,False,2310
0,0.0,True,0.0,0.994697633342091,0.9985352127819914,2253,0,2253.0,112,5,26,"(25, 2)",0,0.026465028355387523,85.96153846153847,40.88461538461539,majority_vote,112,RECOVERY,200,"(28, 36)",False,1,False,2310
0,0.0,True,0.0,0.9735378961468742,0.9923950931432484,2254,0,2254.0,123,8,24,"(21, 17)",0,0.023719165085388995,92.95833333333333,49.416666666666664,majority_vote,123,RECOVERY,203,"(19, 23)",False,2,False,2310
0,0.0,True,0.0,0.9,0.9,2251,0,2251.0,95,8,28,"(2, 50)",0,0.03415559772296015,80.03571428571429,34.0,majority_vote,95,RECOVERY,171,"(5, 22)",False,0,False,2315
0,0.0,True,0.0,0.994697633342091,0.9985352127819914,2258,0,2258.0,112,5,26,"(25, 2)",0,0.026465028355387523,85.96153846153847,40.88461538461539,majority_vote,112,RECOVERY,200,"(28, 31)",False,1,False,2315
0,0.0,True,0.0,0.9779842648721743,0.9936594610129849,2259,0,2259.0,123,8,24,"(21, 17)",0,0.023719165085388995,92.95833333333333,49.416666666666664,majority_vote,123,RECOVERY,203,"(19, 18)",False,2,False,2315
0,0.0,True,0.0,0.9,0.9,2256,0,2256.0,95,8,28,"(2, 50)",0,0.03304178814382896,80.03571428571429,34.0,majority_vote,95,RECOVERY,171,"(3, 25)",False,0,False,2320
0,0.0,True,0.0,0.994697633342091,0.9985352127819914,2263,0,2263.0,112,5,26,"(25, 2)",0,0.025267249757045675,85.96153846153847,40.88461538461539,majority_vote,112,RECOVERY,200,"(28, 26)",False,1,False,2320
0,0.0,True,0.0,0.9810086896351856,0.9946896317059792,2263,0,2263.0,124,8,25,"(33, 8)",0,0.024271844660194174,92.76,49.2,majority_vote,124,RECOVERY,204,"(22, 17)",False,2,False,2320
0,0.0,True,0.0,0.9,0.9,2261,0,2261.0,95,8,28,"(2, 50)",0,0.032504780114722756,80.03571428571429,34.0,majority_vote,95,RECOVERY,172,"(3, 30)",False,0,False,2325
0,0.0,True,0.0,0.9948919627852617,0.998584222205504,2268,0,2268.0,112,5,26,"(25, 2)",0,0.02390057361376673,85.96153846153847,40.88461538461539,majority_vote,112,RECOVERY,201,"(25, 24)",False,1,False,2325
0,0.0,True,0.0,0.9842490220477896,0.9956349152693625,2268,0,2268.0,125,8,25,"(33, 8)",0,0.02387774594078319,92.76,49.2,majority_vote,125,RECOVERY,205,"(26, 16)",False,2,False,2325
0,0.0,True,0.0,0.9,0.9,2266,0,2266.0,95,8,28,"(2, 50)",0,0.03238095238095238,80.03571428571429,34.0,majority_vote,95,RECOVERY,172,"(3, 35)",False,0,False,2330
0,0.0,True,0.0,0.9957619936891494,0.9988249799466539,2273,0,2273.0,112,5,26,"(25, 2)",0,0.021904761904761906,85.96153846153847,40.88461538461539,majority_vote,112,RECOVERY,201,"(25, 19)",False,1,False,2330
0,0.0,True,0.0,0.9869122823217117,0.9962377458769459,2273,0,2273.0,125,8,25,"(33, 8)",0,0.023786869647954328,92.76,49.2,majority_vote,125,RECOVERY,205,"(28, 13)",False,2,False,2330
0,0.0,True,0.0,0.9,0.9,2271,0,2271.0,95,8,28,"(2, 50)",0,0.03425309229305423,80.03571428571429,34.0,majority_vote,95,RECOVERY,172,"(3, 40)",False,0,False,2335
0,0.0,True,0.0,0.9964821461381437,0.9990100513162359,2278,0,2278.0,112,5,26,"(25, 2)",0,0.021883920076117985,85.96153846153847,40.88461538461539,majority_vote,112,RECOVERY,201,"(25, 14)",False,1,False,2335
0,0.0,True,0.0,0.9890873227792644,0.9966979159306457,2278,0,2278.0,125,8,25,"(33, 8)",0,0.024714828897338403,92.76,49.2,majority_vote,125,RECOVERY,205,"(31, 11)",False,2,False,2335
0,0.0,True,0.0,0.9,0.9,2276,0,2276.0,95,8,28,"(2, 50)",0,0.03298774740810556,80.03571428571429,34.0,majority_vote,95,RECOVERY,172,"(3, 45)",False,0,False,2340
0,0.0,True,0.0,0.997073717923313,0.99914522726039,2283,0,2283.0,112,5,26,"(25, 2)",0,0.020735155513666354,85.96153846153847,40.88461538461539,majority_vote,112,RECOVERY,201,"(25, 9)",False,1,False,2340
0,0.0,True,0.0,0.9898469729939539,0.9969541585259778,2283,0,2283.0,125,8,25,"(33, 8)",0,0.022620169651272386,92.76,49.2,majority_vote,125,RECOVERY,205,"(33, 8)",False,2,False,2340
0,0.0,True,0.0,0.9,0.9,2281,0,2281.0,95,8,28,"(2, 50)",0,0.03189493433395872,80.03571428571429,34.0,majority_vote,95,RECOVERY,172,"(3, 50)",False,0,False,2345
0,0.0,True,0.0,0.9973756644958125,0.9992116658294097,2288,0,2288.0,112,5,26,"(25, 2)",0,0.016885553470919325,85.96153846153847,40.88461538461539,majority_vote,112,RECOVERY,201,"(25, 4)",False,1,False,2345
0,0.0,True,0.0,0.9905537640119173,0.9971376207808346,2287,0,2287.0,126,8,25,"(21, 17)",0,0.0225140712945591,92.76,49.2,majority_vote,126,RECOVERY,206,"(30, 9)",False,2,False,2345
0,0.0,True,0.0,0.9,0.9,2285,0,2285.0,96,8,29,"(33, 50)",0,0.03095684803001876,80.93103448275862,35.37931034482759,majority_vote,96,RECOVERY,174,"(4, 49)",False,0,False,2350
0,0.0,True,0.0,0.9973756644958125,0.9992116658294097,2292,0,2292.0,113,5,27,"(33, 8)",0,0.01594746716697936,86.96296296296296,41.48148148148148,majority_vote,113,RECOVERY,203,"(25, 4)",False,1,False,2350
0,0.0,True,0.0,0.9908870828545958,0.9972201408654874,2292,0,2292.0,126,8,25,"(21, 17)",0,0.021575984990619138,92.76,49.2,majority_vote,126,RECOVERY,207,"(30, 14)",False,2,False,2350
0,0.0,True,0.0,0.9,0.9,2290,0,2290.0,96,8,29,"(33, 50)",0,0.03086997193638915,80.93103448275862,35.37931034482759,majority_vote,96,RECOVERY,174,"(6, 46)",False,0,False,2355
0,0.0,True,0.0,0.9973756644958125,0.9992116658294097,2297,0,2297.0,113,5,27,"(33, 8)",0,0.018709073900841908,86.96296296296296,41.48148148148148,majority_vote,113,RECOVERY,203,"(27, 7)",False,1,False,2355
0,0.0,True,0.0,0.9915135487172584,0.9973444292136664,2297,0,2297.0,126,8,25,"(21, 17)",0,0.02245088868101029,92.76,49.2,majority_vote,126,RECOVERY,207,"(28, 17)",False,2,False,2355
0,0.0,True,0.0,0.9,0.9,2295,0,2295.0,96,8,29,"(33, 50)",0,0.030527289546716005,80.93103448275862,35.37931034482759,majority_vote,96,RECOVERY,174,"(11, 46)",False,0,False,2360
0,0.0,True,0.0,0.9978040315313291,0.9993035116517044,2302,0,2302.0,113,5,27,"(33, 8)",0,0.01942645698427382,86.96296296296296,41.48148148148148,majority_vote,113,RECOVERY,203,"(31, 8)",False,1,False,2360
0,0.0,True,0.0,0.9918084970037315,0.9974125144467223,2302,0,2302.0,126,8,25,"(21, 17)",0,0.022201665124884366,92.76,49.2,majority_vote,126,RECOVERY,207,"(23, 17)",False,2,False,2360
0,0.0,True,0.0,0.9,0.9,2300,0,2300.0,96,8,29,"(33, 50)",0,0.03,80.93103448275862,35.37931034482759,majority_vote,96,RECOVERY,174,"(13, 49)",False,0,False,2365
0,0.0,True,0.0,0.9980244617943744,0.9993724681779232,2306,0,2306.0,114,5,27,"(13, 50)",0,0.019090909090909092,86.96296296296296,41.48148148148148,majority_vote,114,RECOVERY,204,"(31, 8)",False,1,False,2365
0,0.0,True,0.0,0.9918084970037315,0.9974125144467223,2306,0,2306.0,127,8,26,"(13, 50)",0,0.02090909090909091,90.88461538461539,48.15384615384615,majority_vote,127,RECOVERY,208,"(19, 17)",False,2,False,2365
0,0.0,True,0.0,0.9,0.9,2305,0,2305.0,96,8,29,"(33, 50)",0,0.02956989247311828,80.93103448275862,35.37931034482759,majority_vote,96,RECOVERY,174,"(18, 49)",False,0,False,2370
0,0.0,True,0.0,0.9980925619530802,0.999386464968489,2311,0,2311.0,114,5,27,"(13, 50)",0,0.01971326164874552,86.96296296296296,41.48148148148148,majority_vote,114,RECOVERY,204,"(29, 11)",False,1,False,2370
0,0.0,True,0.0,0.9918084970037315,0.9974125144467223,2311,0,2311.0,127,8,26,"(13, 50)",0,0.02060931899641577,90.88461538461539,48.15384615384615,majority_vote,127,RECOVERY,208,"(19, 22)",False,2,False,2370
0,0.0,True,0.0,0.9,0.9,2310,0,2310.0,96,8,29,"(33, 50)",0,0.02956989247311828,80.93103448275862,35.37931034482759,majority_vote,96,RECOVERY,175,"(23, 49)",False,0,False,2375
0,0.0,True,0.0,0.9983942897201591,0.9994477683345617,2316,0,2316.0,114,5,27,"(13, 50)",0,0.01971326164874552,86.96296296296296,41.48148148148148,majority_vote,114,RECOVERY,205,"(29, 16)",False,1,False,2375
0,0.0,True,0.0,0.9923643140111726,0.9975373781228237,2316,0,2316.0,127,8,26,"(13, 50)",0,0.02060931899641577,90.88461538461539,48.15384615384615,majority_vote,127,RECOVERY,209,"(19, 27)",False,2,False,2375
0,0.0,True,0.0,0.9,0.9,2315,0,2315.0,96,8,29,"(33, 50)",0,0.021505376344086023,80.93103448275862,35.37931034482759,majority_vote,96,RECOVERY,175,"(27, 50)",False,0,False,2380
0,0.0,True,0.0,0.9985951641067103,0.9994936628894724,2321,0,2321.0,114,5,27,"(13, 50)",0,0.013440860215053764,86.96296296296296,41.48148148148148,majority_vote,114,RECOVERY,205,"(29, 21)",False,1,False,2380
0,0.0,True,0.0,0.9923643140111726,0.9975373781228237,2321,0,2321.0,127,8,26,"(13, 50)",0,0.017025089605734768,90.88461538461539,48.15384615384615,majority_vote,127,RECOVERY,209,"(19, 32)",False,2,False,2380
0,0.0,True,0.0,0.9,0.9,2320,0,2320.0,96,8,29,"(33, 50)",0,0.01971326164874552,80.93103448275862,35.37931034482759,majority_vote,96,RECOVERY,175,"(32, 50)",False,0,False,2385
0,0.0,True,0.0,0.9985951641067103,0.9994936628894724,2326,0,2326.0,114,5,27,"(13, 50)",0,0.015232974910394265,86.96296296296296,41.48148148148148,majority_vote,114,RECOVERY,205,"(29, 26)",False,1,False,2385
0,0.0,True,0.0,0.9923643140111726,0.9975373781228237,2326,0,2326.0,127,8,26,"(13, 50)",0,0.016129032258064516,90.88461538461539,48.15384615384615,majority_vote,127,RECOVERY,209,"(19, 37)",False,2,False,2385
0,0.0,True,0.0,0.9,0.9,2324,0,2324.0,97,8,29,"(13, 50)",0,0.01971326164874552,80.93103448275862,35.37931034482759,majority_vote,97,RECOVERY,176,"(30, 50)",False,0,False,2390
0,0.0,True,0.0,0.9985951641067103,0.9994936628894724,2331,0,2331.0,114,5,27,"(13, 50)",0,0.015232974910394265,86.96296296296296,41.48148148148148,majority_vote,114,RECOVERY,205,"(27, 29)",False,1,False,2390
0,0.0,True,0.0,0.9931220566944454,0.9977446419570523,2331,0,2331.0,127,8,26,"(13, 50)",0,0.016129032258064516,90.88461538461539,48.15384615384615,majority_vote,127,RECOVERY,209,"(17, 40)",False,2,False,2390
0,0.0,True,0.0,0.9,0.9,2329,0,2329.0,97,8,29,"(13, 50)",0,0.01881720430107527,80.93103448275862,35.37931034482759,majority_vote,97,RECOVERY,176,"(26, 49)",False,0,False,2395
0,0.0,True,0.0,0.9985951641067103,0.9994936628894724,2336,0,2336.0,114,5,27,"(13, 50)",0,0.012544802867383513,86.96296296296296,41.48148148148148,majority_vote,114,RECOVERY,205,"(27, 34)",False,1,False,2395
0,0.0,True,0.0,0.9942127215861667,0.9980625895168069,2336,0,2336.0,127,8,26,"(13, 50)",0,0.015232974910394265,90.88461538461539,48.15384615384615,majority_vote,127,RECOVERY,209,"(14, 42)",False,2,False,2395
0,0.0,True,0.0,0.9,0.9,2334,0,2334.0,97,8,29,"(13, 50)",0,0.0528673835125448,80.93103448275862,35.37931034482759,majority_vote,97,RECOVERY,178,"(21, 49)",False,0,False,2400
0,0.0,True,0.0,0.9985951641067103,0.9994936628894724,2341,0,2341.0,114,5,27,"(13, 50)",0,0.0492831541218638,86.96296296296296,41.48148148148148,majority_vote,114,RECOVERY,206,"(27, 39)",False,1,False,2400
0,0.0,True,0.0,0.9949589125280618,0.9983325038487268,2341,0,2341.0,127,8,26,"(13, 50)",0,0.0492831541218638,90.88461538461539,48.15384615384615,majority_vote,127,RECOVERY,210,"(13, 46)",False,2,False,2400
0,0.0,True,0.0,0.9,0.9,2339,0,2339.0,97,8,29,"(13, 50)",0,0.0492831541218638,80.93103448275862,35.37931034482759,majority_vote,97,RECOVERY,178,"(16, 49)",False,0,False,2405
0,0.0,True,0.0,0.9985951641067103,0.9994936628894724,2346,0,2346.0,114,5,27,"(13, 50)",0,0.047491039426523295,86.96296296296296,41.48148148148148,majority_vote,114,RECOVERY,206,"(25, 42)",False,1,False,2405
0,0.0,True,0.0,0.995615204954961,0.9985981318966578,2345,0,2345.0,128,8,26,"(15, 2)",0,0.044802867383512544,90.88461538461539,48.15384615384615,majority_vote,128,RECOVERY,211,"(13, 50)",False,2,False,2405
0,0.0,True,0.0,0.9,0.9,2343,0,2343.0,98,8,30,"(2, 41)",0,0.04838709677419355,80.33333333333333,34.96666666666667,majority_vote,98,RECOVERY,179,"(13, 50)",False,0,False,2410
0,0.0,True,0.0,0.9987698312761436,0.9995586811270266,2351,0,2351.0,114,5,27,"(13, 50)",0,0.047491039426523295,86.96296296296296,41.48148148148148,majority_vote,114,RECOVERY,206,"(24, 46)",False,1,False,2410
0,0.0,True,0.0,0.9963375219479096,0.9989258081380757,2350,0,2350.0,128,8,26,"(15, 2)",0,0.044802867383512544,90.88461538461539,48.15384615384615,majority_vote,128,RECOVERY,211,"(13, 45)",False,2,False,2410
0,0.0,True,0.0,0.9,0.9,2348,0,2348.0,98,8,30,"(2, 41)",0,0.04838709677419355,80.33333333333333,34.96666666666667,majority_vote,98,RECOVERY,179,"(12, 46)",False,0,False,2415
0,0.0,True,0.0,0.9989598763852984,0.9996376182682366,2356,0,2356.0,114,5,27,"(13, 50)",0,0.047491039426523295,86.96296296296296,41.48148148148148,majority_vote,114,RECOVERY,206,"(22, 49)",False,1,False,2415
0,0.0,True,0.0,0.9969531460868811,0.9991405964982958,2355,0,2355.0,128,8,26,"(15, 2)",0,0.044802867383512544,90.88461538461539,48.15384615384615,majority_vote,128,RECOVERY,211,"(14, 41)",False,2,False,2415
0,0.0,True,0.0,0.9,0.9,2353,0,2353.0,98,8,30,"(2, 41)",0,0.0456989247311828,80.33333333333333,34.96666666666667,majority_vote,98,RECOVERY,179,"(10, 43)",False,0,False,2420
0,0.0,True,0.0,0.9991223579357119,0.999700312042974,2361,0,2361.0,114,5,27,"(13, 50)",0,0.044802867383512544,86.96296296296296,41.48148148148148,majority_vote,114,RECOVERY,206,"(17, 49)",False,1,False,2420
0,0.0,True,0.0,0.9972764798017156,0.9992500451549128,2360,0,2360.0,128,8,26,"(15, 2)",0,0.04390681003584229,90.88461538461539,48.15384615384615,majority_vote,128,RECOVERY,211,"(14, 36)",False,2,False,2420
0,0.0,True,0.0,0.9,0.9,2358,0,2358.0,98,8,30,"(2, 41)",0,0.04188948306595366,80.33333333333333,34.96666666666667,majority_vote,98,RECOVERY,180,"(7, 41)",False,0,False,2425
0,0.0,True,0.0,0.9992610311055997,0.9997550357269788,2366,0,2366.0,114,5,27,"(13, 50)",0,0.040998217468805706,86.96296296296296,41.48148148148148,majority_vote,114,RECOVERY,207,"(13, 50)",False,1,False,2425
0,0.0,True,0.0,0.997376551536367,0.9992779144947415,2365,0,2365.0,128,8,26,"(15, 2)",0,0.0392156862745098,90.88461538461539,48.15384615384615,majority_vote,128,RECOVERY,212,"(14, 31)",False,2,False,2425
0,0.0,True,0.0,0.9,0.9,2363,0,2363.0,98,8,30,"(2, 41)",0,0.041852181656277826,80.33333333333333,34.96666666666667,majority_vote,98,RECOVERY,180,"(2, 41)",False,0,False,2430
0,0.0,True,0.0,0.99931055901766,0.9997735399015539,2369,0,2369.0,115,5,28,"(2, 20)",0,0.039180765805877114,86.64285714285714,42.25,majority_vote,115,RECOVERY,209,"(12, 48)",False,1,False,2430
0,0.0,True,0.0,0.997376551536367,0.9992779144947415,2370,0,2370.0,128,8,26,"(15, 2)",0,0.037399821905609976,90.88461538461539,48.15384615384615,majority_vote,128,RECOVERY,212,"(14, 26)",False,2,False,2430
0,0.0,True,0.0,0.9,0.9,2367,0,2367.0,99,8,30,"(2, 50)",0,0.04096170970614425,80.33333333333333,34.96666666666667,majority_vote,99,RECOVERY,181,"(3, 44)",False,0,False,2435
0,0.0,True,0.0,0.9994208843385991,0.9998135256701145,2374,0,2374.0,115,5,28,"(2, 20)",0,0.034728406055209264,86.64285714285714,42.25,majority_vote,115,RECOVERY,209,"(10, 45)",False,1,False,2435
0,0.0,True,0.0,0.997376551536367,0.9992779144947415,2375,0,2375.0,128,8,26,"(15, 2)",0,0.03383793410507569,90.88461538461539,48.15384615384615,majority_vote,128,RECOVERY,212,"(15, 22)",False,2,False,2435
0,0.0,True,0.0,0.9,0.9,2372,0,2372.0,99,8,30,"(2, 50)",0,0.04096170970614425,80.33333333333333,34.96666666666667,majority_vote,99,RECOVERY,181,"(3, 49)",False,0,False,2440
0,0.0,True,0.0,0.9995144008359813,0.9998455413283848,2379,0,2379.0,115,5,28,"(2, 20)",0,0.03383793410507569,86.64285714285714,42.25,majority_vote,115,RECOVERY,209,"(10, 40)",False,1,False,2440
0,0.0,True,0.0,0.997376551536367,0.9992779144947415,2380,0,2380.0,128,8,26,"(15, 2)",0,0.032056990204808546,90.88461538461539,48.15384615384615,majority_vote,128,RECOVERY,212,"(15, 17)",False,2,False,2440
0,0.0,True,0.0,0.9,0.9,2376,0,2376.0,100,8,31,"(33, 8)",0,0.04007123775601069,78.80645161290323,34.225806451612904,majority_vote,100,RECOVERY,182,"(3, 49)",False,0,False,2445
0,0.0,True,0.0,0.9995632953673231,0.9998617996739614,2384,0,2384.0,115,5,28,"(2, 20)",0,0.03294746215494212,86.64285714285714,42.25,majority_vote,115,RECOVERY,209,"(10, 35)",False,1,False,2445
0,0.0,True,0.0,0.997376551536367,0.9992779144947415,2385,0,2385.0,129,8,26,"(15, 2)",0,0.031166518254674976,90.88461538461539,48.15384615384615,majority_vote,129,RECOVERY,213,"(15, 12)",False,2,False,2445
0,0.0,True,0.0,0.9,0.9,2381,0,2381.0,101,8,31,"(33, 8)",0,0.03791887125220458,78.80645161290323,34.225806451612904,majority_vote,101,RECOVERY,184,"(5, 46)",False,0,False,2450
0,0.0,True,0.0,0.9995632953673231,0.9998617996739614,2389,0,2389.0,116,5,28,"(2, 20)",0,0.03262786596119929,86.64285714285714,42.25,majority_vote,116,RECOVERY,210,"(9, 31)",False,1,False,2450
0,0.0,True,0.0,0.997376551536367,0.9992779144947415,2390,0,2390.0,129,8,26,"(15, 2)",0,0.030864197530864196,90.88461538461539,48.15384615384615,majority_vote,129,RECOVERY,214,"(14, 8)",False,2,False,2450
0,0.0,True,0.0,0.9,0.9,2386,0,2386.0,101,8,31,"(33, 8)",0,0.033480176211453744,78.80645161290323,34.225806451612904,majority_vote,101,RECOVERY,184,"(5, 41)",False,0,False,2455
0,0.0,True,0.0,0.9995632953673231,0.9998617996739614,2394,0,2394.0,116,5,28,"(2, 20)",0,0.033480176211453744,86.64285714285714,42.25,majority_vote,116,RECOVERY,210,"(7, 28)",False,1,False,2455
0,0.0,True,0.0,0.997376551536367,0.9992779144947415,2395,0,2395.0,129,8,26,"(15, 2)",0,0.027312775330396475,90.88461538461539,48.15384615384615,majority_vote,129,RECOVERY,214,"(14, 3)",False,2,False,2455
0,0.0,True,0.0,0.9,0.9,2391,0,2391.0,101,8,31,"(33, 8)",0,0.03524229074889868,78.80645161290323,34.225806451612904,majority_vote,101,RECOVERY,184,"(8, 39)",False,0,False,2460
0,0.0,True,0.0,0.9995632953673231,0.9998617996739614,2399,0,2399.0,116,5,28,"(2, 20)",0,0.03524229074889868,86.64285714285714,42.25,majority_vote,116,RECOVERY,210,"(3, 27)",False,1,False,2460
0,0.0,True,0.0,0.997376551536367,0.9992779144947415,2399,0,2399.0,130,8,27,"(33, 8)",0,0.027312775330396475,91.03703703703704,48.333333333333336,majority_vote,130,RECOVERY,215,"(14, 3)",False,2,False,2460
0,0.0,True,0.0,0.9,0.9,2396,0,2396.0,101,8,31,"(33, 8)",0,0.030837004405286344,78.80645161290323,34.225806451612904,majority_vote,101,RECOVERY,184,"(8, 34)",False,0,False,2465
0,0.0,True,0.0,0.9995632953673231,0.9998617996739614,2404,0,2404.0,116,5,28,"(2, 20)",0,0.03524229074889868,86.64285714285714,42.25,majority_vote,116,RECOVERY,210,"(2, 23)",False,1,False,2465
0,0.0,True,0.0,0.997376551536367,0.9992779144947415,2404,0,2404.0,130,8,27,"(33, 8)",0,0.027312775330396475,91.03703703703704,48.333333333333336,majority_vote,130,RECOVERY,215,"(14, 8)",False,2,False,2465
0,0.0,True,0.0,0.9,0.9,2401,0,2401.0,101,8,31,"(33, 8)",0,0.030837004405286344,78.80645161290323,34.225806451612904,majority_vote,101,RECOVERY,184,"(8, 29)",False,0,False,2470
0,0.0,True,0.0,0.9995632953673231,0.9998617996739614,2408,0,2408.0,117,5,29,"(2, 41)",0,0.033480176211453744,85.13793103448276,42.241379310344826,majority_vote,117,RECOVERY,211,"(2, 21)",False,1,False,2470
0,0.0,True,0.0,0.997376551536367,0.9992779144947415,2409,0,2409.0,130,8,27,"(33, 8)",0,0.027312775330396475,91.03703703703704,48.333333333333336,majority_vote,130,RECOVERY,215,"(18, 9)",False,2,False,2470
0,0.0,True,0.0,0.9,0.9,2406,0,2406.0,102,8,31,"(33, 8)",0,0.03171806167400881,78.80645161290323,34.225806451612904,majority_vote,102,RECOVERY,185,"(10, 26)",False,0,False,2475
0,0.0,True,0.0,0.9996208861854656,0.9998808276849095,2413,0,2413.0,117,5,29,"(2, 41)",0,0.030837004405286344,85.13793103448276,42.241379310344826,majority_vote,117,RECOVERY,212,"(3, 25)",False,1,False,2475
0,0.0,True,0.0,0.997376551536367,0.9992779144947415,2414,0,2414.0,130,8,27,"(33, 8)",0,0.027312775330396475,91.03703703703704,48.333333333333336,majority_vote,130,RECOVERY,216,"(23, 9)",False,2,False,2475
0,0.0,True,0.0,0.9,0.9,2411,0,2411.0,102,8,31,"(33, 8)",0,0.029955947136563875,78.80645161290323,34.225806451612904,majority_vote,102,RECOVERY,185,"(10, 21)",False,0,False,2480
0,0.0,True,0.0,0.9996825663439863,0.9999007976814952,2418,0,2418.0,117,5,29,"(2, 41)",0,0.02907488986784141,85.13793103448276,42.241379310344826,majority_vote,117,RECOVERY,212,"(3, 30)",False,1,False,2480
0,0.0,True,0.0,0.997376551536367,0.9992779144947415,2419,0,2419.0,130,8,27,"(33, 8)",0,0.02555066079295154,91.03703703703704,48.333333333333336,majority_vote,130,RECOVERY,216,"(28, 9)",False,2,False,2480
0,0.0,True,0.0,0.9,0.9,2416,0,2416.0,102,8,31,"(33, 8)",0,0.029955947136563875,78.80645161290323,34.225806451612904,majority_vote,102,RECOVERY,185,"(15, 21)",False,0,False,2485
0,0.0,True,0.0,0.9997245951650595,0.9999136612940118,2423,0,2423.0,117,5,29,"(2, 41)",0,0.029955947136563875,85.13793103448276,42.241379310344826,majority_vote,117,RECOVERY,212,"(3, 35)",False,1,False,2485
0,0.0,True,0.0,0.997376551536367,0.9992779144947415,2424,0,2424.0,130,8,27,"(33, 8)",0,0.027312775330396475,91.03703703703704,48.333333333333336,majority_vote,130,RECOVERY,216,"(32, 8)",False,2,False,2485
0,0.0,True,0.0,0.9,0.9,2421,0,2421.0,102,8,31,"(33, 8)",0,0.02907488986784141,78.80645161290323,34.225806451612904,majority_vote,102,RECOVERY,185,"(18, 19)",False,0,False,2490
0,0.0,True,0.0,0.9997695593169157,0.9999289319708952,2428,0,2428.0,117,5,29,"(2, 41)",0,0.02907488986784141,85.13793103448276,42.241379310344826,majority_vote,117,RECOVERY,212,"(3, 40)",False,1,False,2490
0,0.0,True,0.0,0.997376551536367,0.9992779144947415,2428,0,2428.0,131,8,27,"(13, 50)",0,0.028193832599118944,91.03703703703704,48.333333333333336,majority_vote,131,RECOVERY,217,"(30, 8)",False,2,False,2490
0,0.0,True,0.0,0.9,0.9,2426,0,2426.0,102,8,31,"(33, 8)",0,0.02907488986784141,78.80645161290323,34.225806451612904,majority_vote,102,RECOVERY,185,"(21, 17)",False,0,False,2495
0,0.0,True,0.0,0.999793101976422,0.9999375313880123,2432,0,2432.0,118,5,29,"(15, 2)",0,0.02907488986784141,85.13793103448276,42.241379310344826,majority_vote,118,RECOVERY,213,"(3, 40)",False,1,False,2495
0,0.0,True,0.0,0.997376551536367,0.9992779144947415,2433,0,2433.0,131,8,27,"(13, 50)",0,0.028193832599118944,91.03703703703704,48.333333333333336,majority_vote,131,RECOVERY,217,"(30, 13)",False,2,False,2495
