active_fake_claim_count,attacker_attributable_cost_on_route,attacker_is_trusted,attacker_route_cost_delta,attacker_source_memory,attacker_trust,benign_movement_steps,benign_no_path_steps,benign_total_distance,benign_total_replans,benign_traffic_wait_steps,deliveries_completed,goal,influential_fake_claim_count,map_error,mean_delivery_cycle_time_steps,mean_delivery_time_steps,method,path_changes,phase,planning_checks,position,preferred_route_affected_by_attacker,robot_id,route_affected_by_attacker,step
0,0.0,True,0.0,0.9,0.9,1,0,1.0,1,0,0,"(33, 50)",0,0.0,,,source_memory,1,RECONNAISSANCE,1,"(7, 8)",False,0,False,0
0,0.0,True,0.0,0.9,0.9,1,0,1.0,1,0,0,"(33, 50)",0,0.0,,,source_memory,1,RECONNAISSANCE,1,"(28, 42)",False,1,False,0
0,0.0,True,0.0,0.9,0.9,1,0,1.0,1,0,0,"(13, 50)",0,0.0,,,source_memory,1,RECONNAISSANCE,1,"(7, 42)",False,2,False,0
0,0.0,True,0.0,0.9,0.9,6,0,6.0,1,0,0,"(33, 50)",0,0.0,,,source_memory,1,RECONNAISSANCE,1,"(12, 8)",False,0,False,5
0,0.0,True,0.0,0.9,0.9,6,0,6.0,1,0,0,"(33, 50)",0,0.0,,,source_memory,1,RECONNAISSANCE,1,"(30, 45)",False,1,False,5
0,0.0,True,0.0,0.9,0.9,6,0,6.0,1,0,0,"(13, 50)",0,0.0,,,source_memory,1,RECONNAISSANCE,1,"(9, 45)",False,2,False,5
0,0.0,True,0.0,0.9,0.9,11,0,11.0,1,0,0,"(33, 50)",0,0.0,,,source_memory,1,RECONNAISSANCE,1,"(13, 12)",False,0,False,10
0,0.0,True,0.0,0.9,0.9,11,0,11.0,1,0,0,"(33, 50)",0,0.0,,,source_memory,1,RECONNAISSANCE,1,"(31, 49)",False,1,False,10
0,0.0,True,0.0,0.9,0.9,11,0,11.0,1,0,0,"(13, 50)",0,0.0,,,source_memory,1,RECONNAISSANCE,1,"(10, 49)",False,2,False,10
0,0.0,True,0.0,0.9,0.9,16,0,16.0,1,0,0,"(33, 50)",0,0.0,,,source_memory,1,RECONNAISSANCE,1,"(14, 16)",False,0,False,15
0,0.0,True,0.0,0.9,0.9,15,0,15.0,2,0,0,"(25, 2)",0,0.0,,,source_memory,2,RECONNAISSANCE,2,"(32, 50)",False,1,False,15
0,0.0,True,0.0,0.9,0.9,15,0,15.0,2,0,0,"(15, 2)",0,0.0,,,source_memory,2,RECONNAISSANCE,2,"(13, 50)",False,2,False,15
0,0.0,True,0.0,0.9,0.9,21,0,21.0,2,0,0,"(33, 50)",0,0.0,,,source_memory,2,RECONNAISSANCE,2,"(14, 21)",False,0,False,20
0,0.0,True,0.0,0.9,0.9,20,0,20.0,2,0,0,"(25, 2)",0,0.0,,,source_memory,2,RECONNAISSANCE,2,"(30, 47)",False,1,False,20
0,0.0,True,0.0,0.9,0.9,20,0,20.0,4,0,0,"(15, 2)",0,0.0,,,source_memory,4,RECONNAISSANCE,4,"(13, 45)",False,2,False,20
0,0.0,True,0.0,0.9,0.9,26,0,26.0,3,0,0,"(33, 50)",0,0.0,,,source_memory,3,RECONNAISSANCE,3,"(17, 23)",False,0,False,25
0,0.0,True,0.0,0.9,0.9,25,0,25.0,2,0,0,"(25, 2)",0,0.0,,,source_memory,2,RECONNAISSANCE,3,"(30, 42)",False,1,False,25
0,0.0,True,0.0,0.9,0.9,25,0,25.0,4,0,0,"(15, 2)",0,0.0,,,source_memory,4,RECONNAISSANCE,5,"(16, 43)",False,2,False,25
0,0.0,True,0.0,0.9,0.9,31,0,31.0,3,0,0,"(33, 50)",0,0.0,,,source_memory,3,RECONNAISSANCE,3,"(19, 26)",False,0,False,30
0,0.0,True,0.0,0.9,0.9,30,0,30.0,2,0,0,"(25, 2)",0,0.0,,,source_memory,2,RECONNAISSANCE,3,"(27, 40)",False,1,False,30
0,0.0,True,0.0,0.9,0.9,30,0,30.0,4,0,0,"(15, 2)",0,0.0,,,source_memory,4,RECONNAISSANCE,5,"(16, 38)",False,2,False,30
0,0.0,True,0.0,0.9,0.9,36,0,36.0,3,0,0,"(33, 50)",0,0.0,,,source_memory,3,RECONNAISSANCE,3,"(20, 30)",False,0,False,35
0,0.0,True,0.0,0.9,0.9,35,0,35.0,2,0,0,"(25, 2)",0,0.0,,,source_memory,2,RECONNAISSANCE,3,"(25, 37)",False,1,False,35
0,0.0,True,0.0,0.9005608116991555,0.9077152561471377,35,0,35.0,4,0,0,"(15, 2)",0,0.0,,,source_memory,4,RECONNAISSANCE,5,"(16, 33)",False,2,False,35
0,0.0,True,0.0,0.9,0.9,41,0,41.0,3,0,0,"(33, 50)",0,0.0,,,source_memory,3,RECONNAISSANCE,3,"(20, 35)",False,0,False,40
0,0.0,True,0.0,0.9026966346285514,0.9193899166655085,40,0,40.0,2,0,0,"(25, 2)",0,0.0,,,source_memory,2,RECONNAISSANCE,3,"(25, 32)",False,1,False,40
0,0.0,True,0.0,0.9048573136635556,0.9257640179246563,40,0,40.0,4,0,0,"(15, 2)",0,0.0,,,source_memory,4,RECONNAISSANCE,5,"(16, 28)",False,2,False,40
0,0.0,True,0.0,0.9,0.9,46,0,46.0,3,0,0,"(33, 50)",0,0.0,,,source_memory,3,RECONNAISSANCE,3,"(20, 40)",False,0,False,45
0,0.0,True,0.0,0.9086106828628702,0.9335617147289076,45,0,45.0,2,0,0,"(25, 2)",0,0.0,,,source_memory,2,RECONNAISSANCE,3,"(25, 27)",False,1,False,45
0,0.0,True,0.0,0.9112825345247917,0.9373170540914262,45,0,45.0,4,0,0,"(15, 2)",0,0.0,,,source_memory,4,RECONNAISSANCE,5,"(16, 23)",False,2,False,45
0,0.0,True,0.0,0.9,0.9,51,0,51.0,3,0,0,"(33, 50)",0,0.0,,,source_memory,3,RECONNAISSANCE,4,"(20, 45)",False,0,False,50
0,0.0,True,0.0,0.9144500293987252,0.9436793610355719,50,0,50.0,2,0,0,"(25, 2)",0,0.0,,,source_memory,2,RECONNAISSANCE,4,"(25, 22)",False,1,False,50
0,0.0,True,0.0,0.9187119736316363,0.9480249027264008,50,0,50.0,4,0,0,"(15, 2)",0,0.0,,,source_memory,4,RECONNAISSANCE,6,"(15, 19)",False,2,False,50
0,0.0,True,0.0,0.9,0.9,56,0,56.0,3,0,0,"(33, 50)",0,0.0,,,source_memory,3,RECONNAISSANCE,4,"(21, 49)",False,0,False,55
0,0.0,True,0.0,0.9144500293987252,0.9436793610355719,55,0,55.0,2,0,0,"(25, 2)",0,0.0,,,source_memory,2,RECONNAISSANCE,4,"(25, 17)",False,1,False,55
0,0.0,True,0.0,0.9265205983129721,0.9561539714572492,55,0,55.0,4,0,0,"(15, 2)",0,0.0,,,source_memory,4,RECONNAISSANCE,6,"(15, 14)",False,2,False,55
0,0.0,True,0.0,0.9,0.9,61,0,61.0,3,0,0,"(33, 50)",0,0.0,,,source_memory,3,RECONNAISSANCE,4,"(25, 50)",False,0,False,60
0,0.0,True,0.0,0.9144500293987252,0.9436793610355719,60,0,60.0,2,0,0,"(25, 2)",0,0.0,,,source_memory,2,RECONNAISSANCE,4,"(25, 12)",False,1,False,60
0,0.0,True,0.0,0.9341564314754558,0.9626007719981722,60,0,60.0,4,0,0,"(15, 2)",0,0.0,,,source_memory,4,RECONNAISSANCE,6,"(15, 9)",False,2,False,60
0,0.0,True,0.0,0.9,0.9,66,0,66.0,3,0,0,"(33, 50)",0,0.0,,,source_memory,3,RECONNAISSANCE,4,"(30, 50)",False,0,False,65
0,0.0,True,0.0,0.9144500293987252,0.9436793610355719,65,0,65.0,2,0,0,"(25, 2)",0,0.0,,,source_memory,2,RECONNAISSANCE,4,"(25, 7)",False,1,False,65
0,0.0,True,0.0,0.9399609391698235,0.9670577364686364,65,0,65.0,4,0,0,"(15, 2)",0,0.0,,,source_memory,4,RECONNAISSANCE,6,"(15, 4)",False,2,False,65
0,0.0,True,0.0,0.9,0.9,70,0,70.0,4,0,0,"(2, 41)",0,0.0,,,source_memory,4,RECONNAISSANCE,5,"(32, 50)",False,0,False,70
0,0.0,True,0.0,0.9144500293987252,0.9436793610355719,70,0,70.0,2,0,0,"(25, 2)",0,0.0,,,source_memory,2,RECONNAISSANCE,4,"(25, 2)",False,1,False,70
0,0.0,True,0.0,0.9399609391698235,0.9670577364686364,69,0,69.0,5,0,1,"(33, 50)",0,0.0,68.0,53.0,source_memory,5,RECONNAISSANCE,7,"(15, 4)",False,2,False,70
0,0.0,True,0.0,0.9,0.9,75,0,75.0,4,0,0,"(2, 41)",0,0.0,,,source_memory,4,RECONNAISSANCE,6,"(28, 49)",False,0,False,75
0,0.0,True,0.0,0.9144500293987252,0.9436793610355719,74,0,74.0,3,0,1,"(33, 50)",0,0.0,71.0,57.0,source_memory,3,RECONNAISSANCE,6,"(25, 6)",False,1,False,75
0,0.0,True,0.0,0.9399609391698235,0.9670577364686364,74,0,74.0,5,0,1,"(33, 50)",0,0.0,68.0,53.0,source_memory,5,RECONNAISSANCE,8,"(16, 8)",False,2,False,75
0,0.0,True,0.0,0.9,0.9,80,0,80.0,4,0,0,"(2, 41)",0,0.0,,,source_memory,4,RECONNAISSANCE,6,"(23, 49)",False,0,False,80
0,0.0,True,0.0,0.9144500293987252,0.9436793610355719,79,0,79.0,3,0,1,"(33, 50)",0,0.0,71.0,57.0,source_memory,3,RECONNAISSANCE,6,"(26, 10)",False,1,False,80
0,0.0,True,0.0,0.9399609391698235,0.9670577364686364,79,0,79.0,5,0,1,"(33, 50)",0,0.0,68.0,53.0,source_memory,5,RECONNAISSANCE,8,"(16, 13)",False,2,False,80
0,0.0,True,0.0,0.9,0.9,85,0,85.0,4,0,0,"(2, 41)",0,0.0,,,source_memory,4,RECONNAISSANCE,6,"(20, 47)",False,0,False,85
0,0.0,True,0.0,0.9144500293987252,0.9436793610355719,84,0,84.0,3,0,1,"(33, 50)",0,0.0,71.0,57.0,source_memory,3,RECONNAISSANCE,6,"(26, 15)",False,1,False,85
0,0.0,True,0.0,0.9399609391698235,0.9670577364686364,84,0,84.0,5,0,1,"(33, 50)",0,0.0,68.0,53.0,source_memory,5,RECONNAISSANCE,8,"(16, 18)",False,2,False,85
0,0.0,True,0.0,0.9,0.9,90,0,90.0,4,0,0,"(2, 41)",0,0.0,,,source_memory,4,RECONNAISSANCE,6,"(19, 43)",False,0,False,90
0,0.0,True,0.0,0.9144500293987252,0.9436793610355719,89,0,89.0,3,0,1,"(33, 50)",0,0.0,71.0,57.0,source_memory,3,RECONNAISSANCE,6,"(26, 20)",False,1,False,90
0,0.0,True,0.0,0.9399609391698235,0.9670577364686364,89,0,89.0,5,0,1,"(33, 50)",0,0.0011123470522803114,68.0,53.0,source_memory,5,RECONNAISSANCE,8,"(16, 23)",False,2,False,90
0,0.0,True,0.0,0.9,0.9,95,0,95.0,4,0,0,"(2, 41)",0,0.0,,,source_memory,4,RECONNAISSANCE,6,"(16, 41)",False,0,False,95
0,0.0,True,0.0,0.9144500293987252,0.9436793610355719,94,0,94.0,3,0,1,"(33, 50)",0,0.0,71.0,57.0,source_memory,3,RECONNAISSANCE,6,"(26, 25)",False,1,False,95
0,0.0,True,0.0,0.9427541739258056,0.9691439046063984,94,0,94.0,5,0,1,"(33, 50)",0,0.0011123470522803114,68.0,53.0,source_memory,5,RECONNAISSANCE,8,"(17, 27)",False,2,False,95
0,0.0,True,0.0,0.9,0.9,100,0,100.0,4,0,0,"(2, 41)",0,0.0,,,source_memory,4,RECONNAISSANCE,7,"(11, 41)",False,0,False,100
0,0.0,True,0.0,0.9144500293987252,0.9436793610355719,99,0,99.0,4,0,1,"(33, 50)",0,0.0,71.0,57.0,source_memory,4,RECONNAISSANCE,7,"(26, 30)",False,1,False,100
0,0.0,True,0.0,0.9492921522430697,0.973103914884267,99,0,99.0,6,0,1,"(33, 50)",0,0.0011001100110011,68.0,53.0,source_memory,6,RECONNAISSANCE,9,"(17, 32)",False,2,False,100
0,0.0,True,0.0,0.9,0.9,105,0,105.0,4,0,0,"(2, 41)",0,0.0,,,source_memory,4,RECONNAISSANCE,7,"(6, 41)",False,0,False,105
0,0.0,True,0.0,0.9205130471710069,0.9490604346905136,104,0,104.0,4,0,1,"(33, 50)",0,0.0,71.0,57.0,source_memory,4,RECONNAISSANCE,7,"(28, 33)",False,1,False,105
0,0.0,True,0.0,0.9552323153488471,0.9770279736990929,104,0,104.0,6,0,1,"(33, 50)",0,0.0010893246187363835,68.0,53.0,source_memory,6,RECONNAISSANCE,9,"(19, 35)",False,2,False,105
0,0.0,True,0.0,0.9,0.9,109,0,109.0,5,0,1,"(33, 50)",0,0.0,110.0,41.0,source_memory,5,RECONNAISSANCE,8,"(2, 41)",False,0,False,110
0,0.0,True,0.0,0.9234675898966893,0.9513727689387461,109,0,109.0,4,0,1,"(33, 50)",0,0.0,71.0,57.0,source_memory,4,RECONNAISSANCE,7,"(29, 37)",False,1,False,110
0,0.0,True,0.0,0.9606034065238453,0.980205810579799,109,0,109.0,6,0,1,"(33, 50)",0,0.0010515247108307045,68.0,53.0,source_memory,6,RECONNAISSANCE,9,"(20, 39)",False,2,False,110
0,0.0,True,0.0,0.9,0.9,114,0,114.0,5,0,1,"(33, 50)",0,0.0,110.0,41.0,source_memory,5,RECONNAISSANCE,8,"(7, 41)",False,0,False,115
0,0.0,True,0.0,0.9306159717702654,0.9573576682193715,114,0,114.0,4,0,1,"(33, 50)",0,0.0,71.0,57.0,source_memory,4,RECONNAISSANCE,7,"(29, 42)",False,1,False,115
0,0.0,True,0.0,0.9654701765366176,0.9832348521069706,114,0,114.0,6,0,1,"(33, 50)",0,0.0010515247108307045,68.0,53.0,source_memory,6,RECONNAISSANCE,9,"(20, 44)",False,2,False,115
0,0.0,True,0.0,0.9,0.9,119,0,119.0,5,0,1,"(33, 50)",0,0.0,110.0,41.0,source_memory,5,RECONNAISSANCE,8,"(12, 41)",False,0,False,120
0,0.0,True,0.0,0.9375248687921254,0.9633109677421272,119,0,119.0,4,0,1,"(33, 50)",0,0.0,71.0,57.0,source_memory,4,RECONNAISSANCE,7,"(31, 45)",False,1,False,120
0,0.0,True,0.0,0.969873867757634,0.9860052527694584,119,0,119.0,6,0,1,"(33, 50)",0,0.0010515247108307045,68.0,53.0,source_memory,6,RECONNAISSANCE,9,"(20, 49)",False,2,False,120
0,0.0,True,0.0,0.9,0.9,124,0,124.0,6,0,1,"(33, 50)",0,0.0,110.0,41.0,source_memory,6,RECONNAISSANCE,9,"(14, 44)",False,0,False,125
0,0.0,True,0.0,0.9428513410978382,0.9681058444129512,124,0,124.0,4,0,1,"(33, 50)",0,0.0,71.0,57.0,source_memory,4,RECONNAISSANCE,8,"(31, 50)",False,1,False,125
0,0.0,True,0.0,0.9738900499776103,0.988520809081269,124,0,124.0,6,0,1,"(33, 50)",0,0.002103049421661409,68.0,53.0,source_memory,6,RECONNAISSANCE,10,"(24, 50)",False,2,False,125
0,0.0,True,0.0,0.9,0.9,129,0,129.0,6,0,1,"(33, 50)",0,0.0,110.0,41.0,source_memory,6,RECONNAISSANCE,9,"(17, 46)",False,0,False,130
0,0.0,True,0.0,0.9441595234691633,0.9690149885243416,128,0,128.0,5,0,1,"(33, 8)",0,0.0,71.0,57.0,source_memory,5,RECONNAISSANCE,9,"(33, 48)",False,1,False,130
0,0.0,True,0.0,0.977448024226116,0.9902249145076506,129,0,129.0,6,0,1,"(33, 50)",0,0.002103049421661409,68.0,53.0,source_memory,6,RECONNAISSANCE,10,"(29, 50)",False,2,False,130
0,0.0,True,0.0,0.9,0.9,134,0,134.0,6,0,1,"(33, 50)",0,0.0,110.0,41.0,source_memory,6,RECONNAISSANCE,9,"(20, 48)",False,0,False,135
0,0.0,True,0.0,0.9441595234691633,0.9690149885243416,133,0,133.0,5,0,1,"(33, 8)",0,0.0,71.0,57.0,source_memory,5,RECONNAISSANCE,9,"(30, 46)",False,1,False,135
0,0.0,True,0.0,0.9805607714154723,0.9918602308524954,133,0,133.0,7,0,1,"(33, 8)",0,0.002103049421661409,68.0,53.0,source_memory,7,RECONNAISSANCE,11,"(33, 50)",False,2,False,135
0,0.0,True,0.0,0.9,0.9,139,0,139.0,6,0,1,"(33, 50)",0,0.0,110.0,41.0,source_memory,6,RECONNAISSANCE,9,"(23, 50)",False,0,False,140
0,0.0,True,0.0,0.9441595234691633,0.9690149885243416,138,0,138.0,5,0,1,"(33, 8)",0,0.0,71.0,57.0,source_memory,5,RECONNAISSANCE,9,"(30, 41)",False,1,False,140
0,0.0,True,0.0,0.9805607714154723,0.9918602308524954,138,0,138.0,7,0,1,"(33, 8)",0,0.002103049421661409,68.0,53.0,source_memory,7,RECONNAISSANCE,11,"(32, 46)",False,2,False,140
0,0.0,True,0.0,0.9,0.9,144,0,144.0,6,0,1,"(33, 50)",0,0.0,110.0,41.0,source_memory,6,RECONNAISSANCE,9,"(28, 50)",False,0,False,145
0,0.0,True,0.0,0.9466990637619388,0.9705561193783313,143,0,143.0,5,0,1,"(33, 8)",0,0.0,71.0,57.0,source_memory,5,RECONNAISSANCE,9,"(28, 38)",False,1,False,145
0,0.0,True,0.0,0.9832950590806485,0.9932332144836412,143,0,143.0,7,0,1,"(33, 8)",0,0.002103049421661409,68.0,53.0,source_memory,7,RECONNAISSANCE,11,"(29, 44)",False,2,False,145
0,0.0,True,0.0,0.9,0.9,149,0,149.0,6,0,1,"(33, 50)",0,0.058885383806519455,110.0,41.0,source_memory,6,RECONNAISSANCE,10,"(33, 50)",False,0,False,150
0,0.0,True,0.0,0.9479274032145333,0.9712658528138296,148,0,148.0,5,0,1,"(33, 8)",0,0.058885383806519455,71.0,57.0,source_memory,5,RECONNAISSANCE,10,"(28, 33)",False,1,False,150
0,0.0,True,0.0,0.9857266062654501,0.9944530515344191,148,0,148.0,7,0,1,"(33, 8)",0,0.056782334384858045,68.0,53.0,source_memory,7,RECONNAISSANCE,12,"(29, 39)",False,2,False,150
0,0.0,True,0.0,0.9,0.9,153,0,153.0,7,0,1,"(13, 50)",0,0.055613850996852045,110.0,41.0,source_memory,7,RECONNAISSANCE,11,"(29, 50)",False,0,False,155
0,0.0,True,0.0,0.9479274032145333,0.9712658528138296,153,0,153.0,5,0,1,"(33, 8)",0,0.055613850996852045,71.0,57.0,source_memory,5,RECONNAISSANCE,10,"(27, 29)",False,1,False,155
0,0.0,True,0.0,0.9857266062654501,0.9944530515344191,153,0,153.0,7,0,1,"(33, 8)",0,0.055613850996852045,68.0,53.0,source_memory,7,RECONNAISSANCE,12,"(29, 34)",False,2,False,155
0,0.0,True,0.0,0.9,0.9,158,0,158.0,7,0,1,"(13, 50)",0,0.04771784232365145,110.0,41.0,source_memory,7,RECONNAISSANCE,11,"(25, 49)",False,0,False,160
0,0.0,True,0.0,0.9479274032145333,0.9712658528138296,158,0,158.0,5,0,1,"(33, 8)",0,0.04771784232365145,71.0,57.0,source_memory,5,RECONNAISSANCE,10,"(27, 24)",False,1,False,160
0,0.0,True,0.0,0.9857266062654501,0.9944530515344191,158,0,158.0,7,0,1,"(33, 8)",0,0.04564315352697095,68.0,53.0,source_memory,7,RECONNAISSANCE,12,"(29, 29)",False,2,False,160
0,0.0,True,0.0,0.9,0.9,163,0,163.0,7,0,1,"(13, 50)",0,0.046012269938650305,110.0,41.0,source_memory,7,RECONNAISSANCE,11,"(20, 49)",False,0,False,165
0,0.0,True,0.0,0.9479274032145333,0.9712658528138296,163,0,163.0,5,0,1,"(33, 8)",0,0.046012269938650305,71.0,57.0,source_memory,5,RECONNAISSANCE,10,"(27, 19)",False,1,False,165
0,0.0,True,0.0,0.9857266062654501,0.9944530515344191,163,0,163.0,7,0,1,"(33, 8)",0,0.04396728016359918,68.0,53.0,source_memory,7,RECONNAISSANCE,12,"(29, 24)",False,2,False,165
0,0.0,True,0.0,0.9,0.9,168,0,168.0,7,0,1,"(13, 50)",0,0.04568527918781726,110.0,41.0,source_memory,7,RECONNAISSANCE,11,"(16, 50)",False,0,False,170
0,0.0,True,0.0,0.9479274032145333,0.9712658528138296,168,0,168.0,5,0,1,"(33, 8)",0,0.04568527918781726,71.0,57.0,source_memory,5,RECONNAISSANCE,10,"(27, 14)",False,1,False,170
0,0.0,True,0.0,0.9857266062654501,0.9944530515344191,168,0,168.0,7,0,1,"(33, 8)",0,0.04365482233502538,68.0,53.0,source_memory,7,RECONNAISSANCE,12,"(29, 19)",False,2,False,170
0,0.0,True,0.0,0.9,0.9,172,0,172.0,8,0,2,"(2, 41)",0,0.045180722891566265,87.0,32.0,source_memory,8,RECONNAISSANCE,13,"(12, 50)",False,0,False,175
0,0.0,True,0.0,0.9479274032145333,0.9712658528138296,173,0,173.0,5,0,1,"(33, 8)",0,0.045180722891566265,71.0,57.0,source_memory,5,RECONNAISSANCE,11,"(27, 9)",False,1,False,175
0,0.0,True,0.0,0.9857266062654501,0.9944530515344191,173,0,173.0,8,0,1,"(33, 8)",0,0.04317269076305221,68.0,53.0,source_memory,8,RECONNAISSANCE,13,"(29, 14)",False,2,False,175
0,0.0,True,0.0,0.9,0.9,177,0,177.0,8,0,2,"(2, 41)",0,0.04491017964071856,87.0,32.0,source_memory,8,RECONNAISSANCE,13,"(12, 45)",False,0,False,180
0,0.0,True,0.0,0.9479274032145333,0.9712658528138296,178,0,178.0,5,0,1,"(33, 8)",0,0.04491017964071856,71.0,57.0,source_memory,5,RECONNAISSANCE,11,"(31, 8)",False,1,False,180
0,0.0,True,0.0,0.9857266062654501,0.9944530515344191,178,0,178.0,8,0,1,"(33, 8)",0,0.04291417165668663,68.0,53.0,source_memory,8,RECONNAISSANCE,13,"(31, 11)",False,2,False,180
0,0.0,True,0.0,0.9,0.9,182,0,182.0,8,0,2,"(2, 41)",0,0.04491017964071856,87.0,32.0,source_memory,8,RECONNAISSANCE,13,"(10, 42)",False,0,False,185
0,0.0,True,0.0,0.9479274032145333,0.9712658528138296,182,0,182.0,6,0,2,"(13, 50)",0,0.04491017964071856,91.5,56.0,source_memory,6,RECONNAISSANCE,12,"(31, 8)",False,1,False,185
0,0.0,True,0.0,0.9857266062654501,0.9944530515344191,181,0,181.0,8,2,1,"(33, 8)",0,0.041916167664670656,68.0,53.0,source_memory,8,RECONNAISSANCE,14,"(32, 9)",False,2,False,185
0,0.0,True,0.0,0.9,0.9,187,0,187.0,8,0,2,"(2, 41)",0,0.041916167664670656,87.0,32.0,source_memory,8,RECONNAISSANCE,13,"(6, 41)",False,0,False,190
0,0.0,True,0.0,0.9479274032145333,0.9712658528138296,187,0,187.0,6,0,2,"(13, 50)",0,0.041916167664670656,91.5,56.0,source_memory,6,RECONNAISSANCE,12,"(29, 11)",False,1,False,190
0,0.0,True,0.0,0.9857266062654501,0.9944530515344191,185,0,185.0,9,2,2,"(2, 20)",0,0.038922155688622756,94.0,53.0,source_memory,9,RECONNAISSANCE,15,"(31, 8)",False,2,False,190
0,0.0,True,0.0,0.9,0.9,191,0,191.0,9,0,2,"(2, 50)",0,0.04091816367265469,87.0,32.0,source_memory,9,RECONNAISSANCE,14,"(2, 41)",False,0,False,195
0,0.0,True,0.0,0.9479274032145333,0.9712658528138296,192,0,192.0,6,0,2,"(13, 50)",0,0.04091816367265469,91.5,56.0,source_memory,6,RECONNAISSANCE,12,"(28, 15)",False,1,False,195
0,0.0,True,0.0,0.9857266062654501,0.9944530515344191,190,0,190.0,9,2,2,"(2, 20)",0,0.03792415169660679,94.0,53.0,source_memory,9,RECONNAISSANCE,15,"(30, 12)",False,2,False,195
0,0.0,True,0.0,0.9,0.9,196,0,196.0,9,0,2,"(2, 50)",0,0.03980099502487562,87.0,32.0,source_memory,9,RECONNAISSANCE,15,"(3, 45)",False,0,False,200
0,0.0,True,0.0,0.9479274032145333,0.9712658528138296,197,0,197.0,7,0,2,"(13, 50)",0,0.03980099502487562,91.5,56.0,source_memory,7,RECONNAISSANCE,13,"(27, 19)",False,1,False,200
0,0.0,True,0.0,0.9857266062654501,0.9944530515344191,195,0,195.0,9,2,2,"(2, 20)",0,0.03681592039800995,94.0,53.0,source_memory,9,RECONNAISSANCE,16,"(28, 15)",False,2,False,200
0,0.0,True,0.0,0.9,0.9,201,0,201.0,9,0,2,"(2, 50)",0,0.036669970267591674,87.0,32.0,source_memory,9,RECONNAISSANCE,15,"(3, 50)",False,0,False,205
0,0.0,True,0.0,0.9479274032145333,0.9712658528138296,202,0,202.0,7,0,2,"(13, 50)",0,0.036669970267591674,91.5,56.0,source_memory,7,RECONNAISSANCE,13,"(26, 23)",False,1,False,205
0,0.0,True,0.0,0.9857266062654501,0.9944530515344191,200,0,200.0,9,2,2,"(2, 20)",0,0.03369672943508424,94.0,53.0,source_memory,9,RECONNAISSANCE,16,"(25, 17)",False,2,False,205
0,0.0,True,0.0,0.9,0.9,205,0,205.0,10,0,3,"(33, 8)",0,0.03663366336633663,69.0,25.333333333333332,source_memory,10,RECONNAISSANCE,16,"(4, 49)",False,0,False,210
0,0.0,True,0.0,0.9479274032145333,0.9712658528138296,207,0,207.0,7,0,2,"(13, 50)",0,0.03861386138613861,91.5,56.0,source_memory,7,RECONNAISSANCE,13,"(26, 28)",False,1,False,210
0,0.0,True,0.0,0.9857266062654501,0.9944530515344191,205,0,205.0,9,2,2,"(2, 20)",0,0.033663366336633666,94.0,53.0,source_memory,9,RECONNAISSANCE,16,"(20, 17)",False,2,False,210
0,0.0,True,0.0,0.9,0.9,210,0,210.0,10,0,3,"(33, 8)",0,0.034653465346534656,69.0,25.333333333333332,source_memory,10,RECONNAISSANCE,16,"(5, 45)",False,0,False,215
0,0.0,True,0.0,0.9479274032145333,0.9712658528138296,212,0,212.0,7,0,2,"(13, 50)",0,0.034653465346534656,91.5,56.0,source_memory,7,RECONNAISSANCE,13,"(26, 33)",False,1,False,215
0,0.0,True,0.0,0.9857266062654501,0.9944530515344191,210,0,210.0,9,2,2,"(2, 20)",0,0.031683168316831684,94.0,53.0,source_memory,9,RECONNAISSANCE,16,"(17, 19)",False,2,False,215
0,0.0,True,0.0,0.9,0.9,215,0,215.0,10,0,3,"(33, 8)",0,0.029615004935834157,69.0,25.333333333333332,source_memory,10,RECONNAISSANCE,16,"(10, 45)",False,0,False,220
0,0.0,True,0.0,0.9479274032145333,0.9712658528138296,217,0,217.0,7,0,2,"(13, 50)",0,0.029615004935834157,91.5,56.0,source_memory,7,RECONNAISSANCE,13,"(26, 38)",False,1,False,220
0,0.0,True,0.0,0.9857266062654501,0.9944530515344191,215,0,215.0,9,2,2,"(2, 20)",0,0.027640671273445213,94.0,53.0,source_memory,9,RECONNAISSANCE,16,"(14, 21)",False,2,False,220
0,0.0,True,0.0,0.9,0.9,220,0,220.0,11,0,3,"(33, 8)",0,0.026061776061776062,69.0,25.333333333333332,source_memory,11,RECONNAISSANCE,17,"(12, 42)",False,0,False,225
0,0.0,True,0.0,0.9525977934598684,0.9742025222847048,222,0,222.0,8,0,2,"(13, 50)",0,0.026061776061776062,91.5,56.0,source_memory,8,RECONNAISSANCE,14,"(25, 42)",False,1,False,225
0,0.0,True,0.0,0.9857266062654501,0.9944530515344191,220,0,220.0,9,2,2,"(2, 20)",0,0.02413127413127413,94.0,53.0,source_memory,9,RECONNAISSANCE,17,"(9, 21)",False,2,False,225
0,0.0,True,0.0,0.9,0.9,225,0,225.0,15,0,3,"(33, 8)",0,0.016853932584269662,69.0,25.333333333333332,source_memory,15,RECONNAISSANCE,21,"(12, 37)",False,0,False,230
0,0.0,True,0.0,0.9580227206734965,0.9779248557548111,227,0,227.0,8,0,2,"(13, 50)",0,0.016853932584269662,91.5,56.0,source_memory,8,RECONNAISSANCE,14,"(24, 46)",False,1,False,230
0,0.0,True,0.0,0.9857266062654501,0.9944530515344191,225,0,225.0,9,2,2,"(2, 20)",0,0.016853932584269662,94.0,53.0,source_memory,9,RECONNAISSANCE,17,"(4, 21)",False,2,False,230
0,0.0,True,0.0,0.9,0.9,230,0,230.0,15,0,3,"(33, 8)",0,0.01674418604651163,69.0,25.333333333333332,source_memory,15,RECONNAISSANCE,21,"(15, 35)",False,0,False,235
0,0.0,True,0.0,0.9630289487036118,0.9816079861568362,232,0,232.0,8,0,2,"(13, 50)",0,0.01674418604651163,91.5,56.0,source_memory,8,RECONNAISSANCE,14,"(22, 49)",False,1,False,235
0,0.0,True,0.0,0.9857266062654501,0.9944530515344191,229,0,229.0,10,2,2,"(25, 2)",0,0.01674418604651163,94.0,53.0,source_memory,10,RECONNAISSANCE,18,"(3, 20)",False,2,False,235
0,0.0,True,0.0,0.9,0.9,235,0,235.0,15,0,3,"(33, 8)",0,0.013023255813953489,69.0,25.333333333333332,source_memory,15,RECONNAISSANCE,21,"(18, 33)",False,0,False,240
0,0.0,True,0.0,0.9676275913418462,0.9843991293146203,237,0,237.0,8,0,2,"(13, 50)",0,0.013023255813953489,91.5,56.0,source_memory,8,RECONNAISSANCE,14,"(17, 49)",False,1,False,240
0,0.0,True,0.0,0.9857266062654501,0.9944530515344191,234,0,234.0,10,2,2,"(25, 2)",0,0.013023255813953489,94.0,53.0,source_memory,10,RECONNAISSANCE,18,"(7, 21)",False,2,False,240
0,0.0,True,0.0,0.9,0.9,240,0,240.0,15,0,3,"(33, 8)",0,0.010232558139534883,69.0,25.333333333333332,source_memory,15,RECONNAISSANCE,21,"(18, 28)",False,0,False,245
0,0.0,True,0.0,0.9717712968171262,0.9868633096829725,242,0,242.0,8,0,2,"(13, 50)",0,0.010232558139534883,91.5,56.0,source_memory,8,RECONNAISSANCE,14,"(13, 50)",False,1,False,245
0,0.0,True,0.0,0.9857266062654501,0.9944530515344191,239,0,239.0,10,2,2,"(25, 2)",0,0.010232558139534883,94.0,53.0,source_memory,10,RECONNAISSANCE,18,"(11, 20)",False,2,False,245
0,0.0,True,0.0,0.9,0.9,245,0,245.0,15,0,3,"(33, 8)",0,0.0074418604651162795,69.0,25.333333333333332,source_memory,15,RECONNAISSANCE,22,"(18, 23)",False,0,False,250
0,0.0,True,0.0,0.9747573770293779,0.9884814238812244,246,0,246.0,10,0,2,"(2, 20)",0,0.0074418604651162795,91.5,56.0,source_memory,10,RECONNAISSANCE,16,"(12, 47)",False,1,False,250
0,0.0,True,0.0,0.9870279097843381,0.9950584840387452,244,0,244.0,10,2,2,"(25, 2)",0,0.0074418604651162795,94.0,53.0,source_memory,10,RECONNAISSANCE,19,"(14, 18)",False,2,False,250
0,0.0,True,0.0,0.9,0.9,250,0,250.0,15,0,3,"(33, 8)",0,0.0074418604651162795,69.0,25.333333333333332,source_memory,15,RECONNAISSANCE,22,"(18, 18)",False,0,False,255
0,0.0,True,0.0,0.9781364579125631,0.9903801555918802,251,0,251.0,10,0,2,"(2, 20)",0,0.0074418604651162795,91.5,56.0,source_memory,10,RECONNAISSANCE,16,"(12, 42)",False,1,False,255
0,0.0,True,0.0,0.9889871760367096,0.9960739185927957,249,0,249.0,10,2,2,"(25, 2)",0,0.0074418604651162795,94.0,53.0,source_memory,10,RECONNAISSANCE,19,"(18, 17)",False,2,False,255
0,0.0,True,0.0,0.9,0.9,254,0,254.0,15,1,3,"(33, 8)",0,0.0074418604651162795,69.0,25.333333333333332,source_memory,15,RECONNAISSANCE,22,"(18, 14)",False,0,False,260
0,0.0,True,0.0,0.9811387152232288,0.9919953056450325,256,0,256.0,10,0,2,"(2, 20)",0,0.0074418604651162795,91.5,56.0,source_memory,10,RECONNAISSANCE,16,"(8, 41)",False,1,False,260
0,0.0,True,0.0,0.990724210592595,0.9970002822008938,254,0,254.0,10,2,2,"(25, 2)",0,0.0074418604651162795,94.0,53.0,source_memory,10,RECONNAISSANCE,19,"(23, 17)",False,2,False,260
0,0.0,True,0.0,0.9,0.9,259,0,259.0,15,1,3,"(33, 8)",0,0.0074418604651162795,69.0,25.333333333333332,source_memory,15,RECONNAISSANCE,22,"(18, 9)",False,0,False,265
0,0.0,True,0.0,0.9837648482760389,0.993180410878272,261,0,261.0,10,0,2,"(2, 20)",0,0.0074418604651162795,91.5,56.0,source_memory,10,RECONNAISSANCE,16,"(3, 41)",False,1,False,265
0,0.0,True,0.0,0.991355009905859,0.9972474085811172,259,0,259.0,10,2,2,"(25, 2)",0,0.0074418604651162795,94.0,53.0,source_memory,10,RECONNAISSANCE,19,"(25, 14)",False,2,False,265
0,0.0,True,0.0,0.9,0.9,264,0,264.0,15,1,3,"(33, 8)",0,0.007359705611775529,69.0,25.333333333333332,source_memory,15,RECONNAISSANCE,22,"(23, 9)",False,0,False,270
0,0.0,True,0.0,0.984716448671342,0.9936776556858954,266,0,266.0,10,0,2,"(2, 20)",0,0.00827966881324747,91.5,56.0,source_memory,10,RECONNAISSANCE,16,"(3, 36)",False,1,False,270
0,0.0,True,0.0,0.9922283431217694,0.9976023275108615,264,0,264.0,10,2,2,"(25, 2)",0,0.007359705611775529,94.0,53.0,source_memory,10,RECONNAISSANCE,19,"(25, 9)",False,2,False,270
0,0.0,True,0.0,0.9,0.9,269,0,269.0,15,1,3,"(33, 8)",0,0.0081374321880651,69.0,25.333333333333332,source_memory,15,RECONNAISSANCE,23,"(27, 8)",False,0,False,275
0,0.0,True,0.0,0.984716448671342,0.9936776556858954,271,0,271.0,10,0,2,"(2, 20)",0,0.0081374321880651,91.5,56.0,source_memory,10,RECONNAISSANCE,17,"(3, 31)",False,1,False,275
0,0.0,True,0.0,0.9935280413447808,0.9981728311198038,269,0,269.0,10,2,2,"(25, 2)",0,0.007233273056057866,94.0,53.0,source_memory,10,RECONNAISSANCE,20,"(25, 4)",False,2,False,275
0,0.0,True,0.0,0.9,0.9,274,0,274.0,15,1,3,"(33, 8)",0,0.008071748878923767,69.0,25.333333333333332,source_memory,15,RECONNAISSANCE,23,"(32, 8)",False,0,False,280
0,0.0,True,0.0,0.984716448671342,0.9936776556858954,276,0,276.0,10,0,2,"(2, 20)",0,0.008071748878923767,91.5,56.0,source_memory,10,RECONNAISSANCE,17,"(3, 26)",False,1,False,280
0,0.0,True,0.0,0.9946327247418623,0.9985327627500662,273,0,273.0,11,2,3,"(33, 50)",0,0.007174887892376682,92.66666666666667,50.0,source_memory,11,RECONNAISSANCE,21,"(25, 4)",False,2,False,280
0,0.0,True,0.0,0.9,0.9,278,0,278.0,16,1,3,"(3, 8)",0,0.008071748878923767,69.0,25.333333333333332,source_memory,16,RECONNAISSANCE,24,"(30, 8)",False,0,False,285
0,0.0,True,0.0,0.984716448671342,0.9936776556858954,281,0,281.0,10,0,2,"(2, 20)",0,0.008071748878923767,91.5,56.0,source_memory,10,RECONNAISSANCE,17,"(2, 22)",False,1,False,285
0,0.0,True,0.0,0.9955514226121726,0.9987883210552101,278,0,278.0,11,2,3,"(33, 50)",0,0.007174887892376682,92.66666666666667,50.0,source_memory,11,RECONNAISSANCE,21,"(26, 8)",False,2,False,285
0,0.0,True,0.0,0.9,0.9,283,0,283.0,16,1,3,"(3, 8)",0,0.008968609865470852,69.0,25.333333333333332,source_memory,16,RECONNAISSANCE,24,"(26, 9)",False,0,False,290
0,0.0,True,0.0,0.984716448671342,0.9936776556858954,285,0,285.0,11,0,3,"(2, 41)",0,0.008071748878923767,96.0,51.333333333333336,source_memory,11,RECONNAISSANCE,18,"(2, 22)",False,1,False,290
0,0.0,True,0.0,0.9963216389575116,0.9990606382212137,283,0,283.0,11,2,3,"(33, 50)",0,0.007174887892376682,92.66666666666667,50.0,source_memory,11,RECONNAISSANCE,21,"(26, 13)",False,2,False,290
0,0.0,True,0.0,0.9,0.9,288,0,288.0,16,1,3,"(3, 8)",0,0.009865470852017937,69.0,25.333333333333332,source_memory,16,RECONNAISSANCE,24,"(21, 9)",False,0,False,295
0,0.0,True,0.0,0.984716448671342,0.9936776556858954,290,0,290.0,11,0,3,"(2, 41)",0,0.009865470852017937,96.0,51.333333333333336,source_memory,11,RECONNAISSANCE,18,"(3, 26)",False,1,False,295
0,0.0,True,0.0,0.9969701611149282,0.9992510200100192,288,0,288.0,11,2,3,"(33, 50)",0,0.007174887892376682,92.66666666666667,50.0,source_memory,11,RECONNAISSANCE,21,"(26, 18)",False,2,False,295
0,0.0,True,0.0,0.9,0.9,293,0,293.0,16,1,3,"(3, 8)",0,0.051075268817204304,69.0,25.333333333333332,source_memory,16,ATTACK,25,"(17, 8)",False,0,False,300
0,0.0,True,0.0,0.984716448671342,0.9936776556858954,295,0,295.0,11,0,3,"(2, 41)",0,0.056451612903225805,96.0,51.333333333333336,source_memory,11,ATTACK,19,"(3, 31)",False,1,False,300
0,0.0,True,0.0,0.9969701611149282,0.9992510200100192,293,0,293.0,11,2,3,"(33, 50)",0,0.05555555555555555,92.66666666666667,50.0,source_memory,11,ATTACK,22,"(28, 21)",False,2,False,300
0,0.0,True,0.0,0.9,0.9,298,0,298.0,16,1,3,"(3, 8)",0,0.047491039426523295,69.0,25.333333333333332,source_memory,16,ATTACK,25,"(12, 8)",False,0,False,305
0,0.0,True,0.0,0.984716448671342,0.9936776556858954,300,0,300.0,11,0,3,"(2, 41)",0,0.05465949820788531,96.0,51.333333333333336,source_memory,11,ATTACK,19,"(3, 36)",False,1,False,305
0,0.0,True,0.0,0.9969701611149282,0.9992510200100192,298,0,298.0,11,2,3,"(33, 50)",0,0.053763440860215055,92.66666666666667,50.0,source_memory,11,ATTACK,22,"(28, 26)",False,2,False,305
0,0.0,True,0.0,0.9,0.9,303,0,303.0,16,1,3,"(3, 8)",0,0.044802867383512544,69.0,25.333333333333332,source_memory,16,ATTACK,25,"(7, 8)",False,0,False,310
0,0.0,True,0.0,0.984716448671342,0.9936776556858954,305,0,305.0,11,0,3,"(2, 41)",0,0.04838709677419355,96.0,51.333333333333336,source_memory,11,ATTACK,19,"(3, 41)",False,1,False,310
0,0.0,True,0.0,0.9969701611149282,0.9992510200100192,303,0,303.0,11,2,3,"(33, 50)",0,0.0492831541218638,92.66666666666667,50.0,source_memory,11,ATTACK,22,"(28, 31)",False,2,False,310
0,0.0,True,0.0,0.9,0.9,307,0,307.0,17,1,4,"(2, 20)",0,0.03942652329749104,78.75,27.25,source_memory,17,ATTACK,26,"(3, 8)",False,0,False,315
0,0.0,True,0.0,0.984716448671342,0.9936776556858954,309,0,309.0,12,0,3,"(15, 2)",0,0.04390681003584229,96.0,51.333333333333336,source_memory,12,ATTACK,20,"(4, 40)",False,1,False,315
0,0.0,True,0.0,0.9969701611149282,0.9992510200100192,308,0,308.0,12,2,3,"(33, 50)",0,0.043010752688172046,92.66666666666667,50.0,source_memory,12,ATTACK,23,"(28, 36)",False,2,False,315
0,0.0,True,0.0,0.9,0.9,312,0,312.0,17,1,4,"(2, 20)",0,0.038461538461538464,78.75,27.25,source_memory,17,ATTACK,26,"(8, 8)",False,0,False,320
0,0.0,True,0.0,0.984716448671342,0.9936776556858954,314,0,314.0,12,0,3,"(15, 2)",0,0.04382826475849732,96.0,51.333333333333336,source_memory,12,ATTACK,20,"(5, 36)",False,1,False,320
0,0.0,True,0.0,0.9969701611149282,0.9992510200100192,313,0,313.0,12,2,3,"(33, 50)",0,0.04293381037567084,92.66666666666667,50.0,source_memory,12,ATTACK,23,"(29, 40)",False,2,False,320
0,0.0,True,0.0,0.9,0.9,317,0,317.0,18,1,4,"(2, 20)",0,0.03374777975133215,78.75,27.25,source_memory,18,ATTACK,27,"(13, 8)",False,0,False,325
0,0.0,True,0.0,0.984716448671342,0.9936776556858954,319,0,319.0,12,0,3,"(15, 2)",0,0.04262877442273535,96.0,51.333333333333336,source_memory,12,ATTACK,21,"(5, 31)",False,1,False,325
0,0.0,True,0.0,0.9969701611149282,0.9992510200100192,318,0,318.0,13,2,3,"(33, 50)",0,0.041740674955595025,92.66666666666667,50.0,source_memory,13,ATTACK,24,"(31, 43)",False,2,False,325
0,0.0,True,0.0,0.9,0.9,322,0,322.0,18,1,4,"(2, 20)",0,0.03259911894273128,78.75,27.25,source_memory,18,ATTACK,27,"(14, 12)",False,0,False,330
0,0.0,True,0.0,0.984716448671342,0.9936776556858954,324,0,324.0,12,0,3,"(15, 2)",0,0.04229074889867841,96.0,51.333333333333336,source_memory,12,ATTACK,21,"(5, 26)",False,1,False,330
0,0.0,True,0.0,0.9969701611149282,0.9992510200100192,323,0,323.0,13,2,3,"(33, 50)",0,0.04140969162995595,92.66666666666667,50.0,source_memory,13,ATTACK,24,"(33, 46)",False,2,False,330
0,0.0,True,0.0,0.9,0.9,327,0,327.0,18,1,4,"(2, 20)",0,0.027312775330396475,78.75,27.25,source_memory,18,ATTACK,27,"(14, 17)",False,0,False,335
0,0.0,True,0.0,0.984716448671342,0.9936776556858954,329,0,329.0,12,0,3,"(15, 2)",0,0.03788546255506608,96.0,51.333333333333336,source_memory,12,ATTACK,21,"(7, 23)",False,1,False,335
0,0.0,True,0.0,0.9969701611149282,0.9992510200100192,327,0,327.0,14,2,3,"(33, 8)",0,0.04140969162995595,92.66666666666667,50.0,source_memory,14,ATTACK,25,"(33, 50)",False,2,False,335
0,0.0,True,0.0,0.9,0.9,332,0,332.0,18,1,4,"(2, 20)",0,0.024669603524229075,78.75,27.25,source_memory,18,ATTACK,27,"(13, 21)",False,0,False,340
4,0.0,True,0.0,0.9856261964370483,0.9941780026211661,334,0,334.0,12,0,3,"(15, 2)",0,0.03524229074889868,96.0,51.333333333333336,source_memory,12,ATTACK,21,"(10, 21)",False,1,False,340
4,0.0,True,0.0,0.9969701611149282,0.9992510200100192,332,0,332.0,14,2,3,"(33, 8)",0,0.04229074889867841,92.66666666666667,50.0,source_memory,14,ATTACK,25,"(32, 46)",False,2,False,340
0,0.0,True,0.0,0.9,0.9,337,0,337.0,18,1,4,"(2, 20)",0,0.024669603524229075,78.75,27.25,source_memory,18,ATTACK,27,"(8, 21)",False,0,False,345
4,0.0,True,0.0,0.9877492346269809,0.9954643040770718,339,0,339.0,12,0,3,"(15, 2)",0,0.03524229074889868,96.0,51.333333333333336,source_memory,12,ATTACK,21,"(14, 20)",False,1,False,345
4,0.0,True,0.0,0.9969701611149282,0.9992510200100192,337,0,337.0,14,2,3,"(33, 8)",0,0.04229074889867841,92.66666666666667,50.0,source_memory,14,ATTACK,25,"(30, 43)",False,2,False,345
0,0.0,True,0.0,0.9,0.9,342,0,342.0,18,1,4,"(2, 20)",0,0.024669603524229075,78.75,27.25,source_memory,18,ATTACK,28,"(3, 21)",False,0,False,350
4,0.0,True,0.0,0.9896147510805463,0.9962859439558435,344,0,344.0,12,0,3,"(15, 2)",0,0.03524229074889868,96.0,51.333333333333336,source_memory,12,ATTACK,22,"(14, 15)",False,1,False,350
4,0.0,True,0.0,0.9969701611149282,0.9992510200100192,342,0,342.0,14,2,3,"(33, 8)",0,0.04229074889867841,92.66666666666667,50.0,source_memory,14,ATTACK,26,"(29, 39)",False,2,False,350
0,0.0,True,0.0,0.9,0.9,346,0,346.0,19,1,4,"(24, 45)",0,0.02378854625550661,78.75,27.25,source_memory,19,ATTACK,29,"(2, 22)",False,0,False,355
4,0.0,True,0.0,0.9912118804359015,0.9968883389259702,349,0,349.0,12,0,3,"(15, 2)",0,0.03524229074889868,96.0,51.333333333333336,source_memory,12,ATTACK,22,"(14, 10)",False,1,False,355
4,0.0,True,0.0,0.9969701611149282,0.9992510200100192,347,0,347.0,14,2,3,"(33, 8)",0,0.04229074889867841,92.66666666666667,50.0,source_memory,14,ATTACK,26,"(29, 34)",False,2,False,355
0,0.0,True,0.0,0.9,0.9,351,0,351.0,19,1,4,"(24, 45)",0,0.023872679045092837,78.75,27.25,source_memory,19,ATTACK,29,"(7, 22)",False,0,False,360
4,0.0,True,0.0,0.992564478268805,0.9973815765799156,354,0,354.0,12,0,3,"(15, 2)",0,0.03536693191865606,96.0,51.333333333333336,source_memory,12,ATTACK,22,"(14, 5)",False,1,False,360
4,0.0,True,0.0,0.9969701611149282,0.9992510200100192,352,0,352.0,14,2,3,"(33, 8)",0,0.04497354497354497,92.66666666666667,50.0,source_memory,14,ATTACK,26,"(29, 29)",False,2,False,360
0,0.0,True,0.0,0.9,0.9,356,0,356.0,19,1,4,"(24, 45)",0,0.022104332449160036,78.75,27.25,source_memory,19,ATTACK,29,"(12, 22)",False,0,False,365
4,0.0,True,0.0,0.992564478268805,0.9973815765799156,358,0,358.0,13,0,4,"(33, 50)",0,0.034482758620689655,91.25,51.75,source_memory,13,ATTACK,23,"(15, 2)",False,1,False,365
4,0.0,True,0.0,0.9969701611149282,0.9992510200100192,357,0,357.0,14,2,3,"(33, 8)",0,0.04409171075837742,92.66666666666667,50.0,source_memory,14,ATTACK,26,"(29, 24)",False,2,False,365
0,0.0,True,0.0,0.9,0.9,361,0,361.0,19,1,4,"(24, 45)",0,0.022084805653710248,78.75,27.25,source_memory,19,ATTACK,29,"(17, 22)",False,0,False,370
4,0.0,True,0.0,0.992564478268805,0.9973815765799156,363,0,363.0,13,0,4,"(33, 50)",0,0.03445229681978799,91.25,51.75,source_memory,13,ATTACK,23,"(15, 7)",False,1,False,370
4,0.0,True,0.0,0.9969701611149282,0.9992510200100192,362,0,362.0,14,2,3,"(33, 8)",0,0.04409171075837742,92.66666666666667,50.0,source_memory,14,ATTACK,26,"(29, 19)",False,2,False,370
0,0.0,True,0.0,0.9,0.9,366,0,366.0,20,1,4,"(24, 45)",0,0.0176678445229682,78.75,27.25,source_memory,20,ATTACK,30,"(19, 25)",False,0,False,375
9,0.0,True,0.0,0.9936979302186708,0.9976881273824362,368,0,368.0,15,0,4,"(33, 50)",0,0.030918727915194347,91.25,51.75,source_memory,15,ATTACK,25,"(15, 12)",False,1,False,375
9,0.0,True,0.0,0.9969701611149282,0.9992510200100192,367,0,367.0,15,2,3,"(33, 8)",0,0.037037037037037035,92.66666666666667,50.0,source_memory,15,ATTACK,27,"(30, 15)",False,2,False,375
0,0.0,True,0.0,0.9,0.9,371,0,371.0,20,1,4,"(24, 45)",0,0.015901060070671377,78.75,27.25,source_memory,20,ATTACK,30,"(21, 28)",False,0,False,380
9,0.0,True,0.0,0.9944727163575044,0.997973280888453,373,0,373.0,15,0,4,"(33, 50)",0,0.02561837455830389,91.25,51.75,source_memory,15,ATTACK,25,"(17, 15)",False,1,False,380
9,0.0,True,0.0,0.9969701611149282,0.9992510200100192,372,0,372.0,15,2,3,"(33, 8)",0,0.031746031746031744,92.66666666666667,50.0,source_memory,15,ATTACK,27,"(32, 12)",False,2,False,380
0,0.0,True,0.0,0.9,0.9,376,0,376.0,20,1,4,"(24, 45)",0,0.015901060070671377,78.75,27.25,source_memory,20,ATTACK,30,"(21, 33)",False,0,False,385
9,0.0,True,0.0,0.9953085180256249,0.9982772366000056,378,0,378.0,15,0,4,"(33, 50)",0,0.024734982332155476,91.25,51.75,source_memory,15,ATTACK,25,"(20, 17)",False,1,False,385
9,0.0,True,0.0,0.9969701611149282,0.9992510200100192,377,0,377.0,15,2,3,"(33, 8)",0,0.0291005291005291,92.66666666666667,50.0,source_memory,15,ATTACK,27,"(33, 8)",False,2,False,385
0,0.0,True,0.0,0.9,0.9,381,0,381.0,20,1,4,"(24, 45)",0,0.012367491166077738,78.75,27.25,source_memory,20,ATTACK,30,"(21, 38)",False,0,False,390
8,0.0,True,0.0,0.9953085180256249,0.9982772366000056,383,0,383.0,15,0,4,"(33, 50)",0,0.018551236749116608,91.25,51.75,source_memory,15,ATTACK,25,"(25, 17)",False,1,False,390
8,0.0,True,0.0,0.9969701611149282,0.9992510200100192,381,0,381.0,16,2,4,"(33, 30)",0,0.021164021164021163,96.5,50.25,source_memory,16,ATTACK,28,"(33, 12)",False,2,False,390
0,0.0,True,0.0,0.9,0.9,386,0,386.0,20,1,4,"(24, 45)",0,0.01060070671378092,78.75,27.25,source_memory,20,ATTACK,30,"(24, 40)",False,0,False,395
7,0.0,True,0.0,0.9953085180256249,0.9982772366000056,388,0,388.0,16,0,4,"(33, 50)",0,0.015901060070671377,91.25,51.75,source_memory,16,ATTACK,26,"(25, 22)",False,1,False,395
7,0.0,True,0.0,0.9969701611149282,0.9992510200100192,386,0,386.0,16,2,4,"(33, 30)",0,0.019400352733686066,96.5,50.25,source_memory,16,ATTACK,28,"(30, 14)",False,2,False,395
0,0.0,True,0.0,0.9,0.9,391,0,391.0,20,1,4,"(24, 45)",0,0.010610079575596816,78.75,27.25,source_memory,20,ATTACK,31,"(25, 44)",False,0,False,400
4,0.0,True,0.0,0.9957490992095988,0.9984484467962006,393,0,393.0,17,0,4,"(33, 50)",0,0.013262599469496022,91.25,51.75,source_memory,17,ATTACK,28,"(25, 27)",False,1,False,400
4,0.0,True,0.0,0.9969701611149282,0.9992510200100192,391,0,391.0,16,2,4,"(33, 30)",0,0.016799292661361626,96.5,50.25,source_memory,16,ATTACK,29,"(29, 18)",False,2,False,400
0,0.0,True,0.0,0.9,0.9,395,0,395.0,21,1,5,"(21, 17)",0,0.010610079575596816,80.6,31.8,source_memory,21,ATTACK,32,"(25, 44)",False,0,False,405
4,0.0,True,0.0,0.9961488179722813,0.9985943957316769,398,0,398.0,17,0,4,"(33, 50)",0,0.014146772767462422,91.25,51.75,source_memory,17,ATTACK,28,"(28, 29)",False,1,False,405
4,0.0,True,0.0,0.9969701611149282,0.9992510200100192,396,0,396.0,16,2,4,"(33, 30)",0,0.016799292661361626,96.5,50.25,source_memory,16,ATTACK,29,"(29, 23)",False,2,False,405
0,0.0,True,0.0,0.9,0.9,400,0,400.0,21,1,5,"(21, 17)",0,0.010610079575596816,80.6,31.8,source_memory,21,ATTACK,32,"(24, 40)",False,0,False,410
14,0.0,True,0.0,0.9966213650539824,0.9987541570748681,403,0,403.0,17,0,4,"(33, 50)",0,0.015030946065428824,91.25,51.75,source_memory,17,ATTACK,28,"(28, 34)",False,1,False,410
14,0.0,True,0.0,0.9971955537960895,0.9992913746839577,401,0,401.0,16,2,4,"(33, 30)",0,0.01856763925729443,96.5,50.25,source_memory,16,ATTACK,29,"(29, 28)",False,2,False,410
0,0.0,True,0.0,0.9,0.9,405,0,405.0,21,1,5,"(21, 17)",0,0.010610079575596816,80.6,31.8,source_memory,21,ATTACK,32,"(23, 36)",False,0,False,415
14,0.0,True,0.0,0.997134397026519,0.9989700934457838,408,0,408.0,17,0,4,"(33, 50)",0,0.015030946065428824,91.25,51.75,source_memory,17,ATTACK,28,"(29, 38)",False,1,False,415
14,0.0,True,0.0,0.9975001805292592,0.9993496652326924,406,0,406.0,16,2,4,"(33, 30)",0,0.01856763925729443,96.5,50.25,source_memory,16,ATTACK,29,"(32, 30)",False,2,False,415
0,0.0,True,0.0,0.9,0.9,410,0,410.0,21,1,5,"(21, 17)",0,0.009734513274336283,80.6,31.8,source_memory,21,ATTACK,32,"(20, 34)",False,0,False,420
14,0.0,True,0.0,0.9975758102000002,0.999143956133179,413,0,413.0,17,0,4,"(33, 50)",0,0.01415929203539823,91.25,51.75,source_memory,17,ATTACK,28,"(29, 43)",False,1,False,420
14,0.0,True,0.0,0.997593589589077,0.9993683617256143,410,0,410.0,17,2,4,"(2, 41)",0,0.017699115044247787,96.5,50.25,source_memory,17,ATTACK,30,"(30, 30)",False,2,False,420
0,0.0,True,0.0,0.9,0.9,415,0,415.0,21,1,5,"(21, 17)",0,0.009725906277630416,80.6,31.8,source_memory,21,ATTACK,33,"(20, 29)",False,0,False,425
10,0.0,True,0.0,0.9979491052040728,0.9992715257867079,418,0,418.0,17,0,4,"(33, 50)",0,0.013262599469496022,91.25,51.75,source_memory,17,ATTACK,29,"(29, 48)",False,1,False,425
10,0.0,True,0.0,0.9980076865999403,0.9994586103704987,415,0,415.0,17,2,4,"(2, 41)",0,0.015915119363395226,96.5,50.25,source_memory,17,ATTACK,31,"(28, 33)",False,2,False,425
0,0.0,True,0.0,0.9,0.9,420,0,420.0,21,1,5,"(21, 17)",0,0.009725906277630416,80.6,31.8,source_memory,21,ATTACK,33,"(20, 24)",False,0,False,430
8,0.0,True,0.0,0.9980813280774469,0.999315744298765,423,0,423.0,17,0,4,"(33, 50)",0,0.015030946065428824,91.25,51.75,source_memory,17,ATTACK,29,"(32, 50)",False,1,False,430
8,0.0,True,0.0,0.998347829297519,0.9995390613122198,420,0,420.0,17,2,4,"(2, 41)",0,0.015915119363395226,96.5,50.25,source_memory,17,ATTACK,31,"(27, 37)",False,2,False,430
0,0.0,True,0.0,0.9,0.9,425,0,425.0,21,1,5,"(21, 17)",0,0.009725906277630416,80.6,31.8,source_memory,21,ATTACK,33,"(19, 20)",False,0,False,435
8,0.0,True,0.0,0.9980813280774469,0.999315744298765,427,0,427.0,18,0,4,"(33, 30)",0,0.015915119363395226,91.25,51.75,source_memory,18,ATTACK,30,"(33, 47)",False,1,False,435
8,0.0,True,0.0,0.9986277511923506,0.9996129189512423,425,0,425.0,17,2,4,"(2, 41)",0,0.015915119363395226,96.5,50.25,source_memory,17,ATTACK,31,"(22, 37)",False,2,False,435
0,0.0,True,0.0,0.9,0.9,430,0,430.0,21,1,5,"(21, 17)",0,0.007992895204262877,80.6,31.8,source_memory,21,ATTACK,33,"(21, 17)",False,0,False,440
8,0.0,True,0.0,0.9980813280774469,0.999315744298765,432,0,432.0,18,0,4,"(33, 30)",0,0.014209591474245116,91.25,51.75,source_memory,18,ATTACK,30,"(30, 45)",False,1,False,440
8,0.0,True,0.0,0.9988587430469018,0.99966958429648,430,0,430.0,17,2,4,"(2, 41)",0,0.014209591474245116,96.5,50.25,source_memory,17,ATTACK,31,"(17, 37)",False,2,False,440
0,0.0,True,0.0,0.9,0.9,434,0,434.0,22,1,5,"(15, 2)",0,0.009769094138543518,80.6,31.8,source_memory,22,ATTACK,34,"(17, 17)",False,0,False,445
8,0.0,True,0.0,0.9980813280774469,0.999315744298765,437,0,437.0,18,0,4,"(33, 30)",0,0.014209591474245116,91.25,51.75,source_memory,18,ATTACK,30,"(29, 41)",False,1,False,445
8,0.0,True,0.0,0.9989771407845728,0.9996971798368146,435,0,435.0,17,2,4,"(2, 41)",0,0.014209591474245116,96.5,50.25,source_memory,17,ATTACK,31,"(12, 37)",False,2,False,445
0,0.0,True,0.0,0.9,0.9,439,0,439.0,22,1,5,"(15, 2)",0,0.055062166962699825,80.6,31.8,source_memory,22,ATTACK,35,"(15, 14)",False,0,False,450
23,0.0,True,0.0,0.9981440585334785,0.99933593719808,442,0,442.0,19,0,4,"(33, 30)",0,0.054078014184397165,91.25,51.75,source_memory,19,ATTACK,31,"(31, 38)",False,1,False,450
18,0.0,True,0.0,0.7556476149808856,0.7556476149808856,440,0,440.0,17,2,4,"(2, 41)",0,0.05585106382978723,96.5,50.25,source_memory,17,ATTACK,32,"(11, 41)",False,2,False,450
0,0.0,True,0.0,0.9,0.9,444,0,444.0,22,1,5,"(15, 2)",0,0.05328596802841918,80.6,31.8,source_memory,22,ATTACK,35,"(15, 9)",False,0,False,455
23,0.0,True,0.0,0.9981440585334785,0.99933593719808,447,0,447.0,19,0,4,"(33, 30)",0,0.05319148936170213,91.25,51.75,source_memory,19,ATTACK,31,"(33, 35)",False,1,False,455
18,0.0,True,0.0,0.7556476149808856,0.7556476149808856,445,0,445.0,17,2,4,"(2, 41)",0,0.05585106382978723,96.5,50.25,source_memory,17,ATTACK,32,"(6, 41)",False,2,False,455
0,0.0,True,0.0,0.9,0.9,449,0,449.0,22,1,5,"(15, 2)",0,0.052397868561278864,80.6,31.8,source_memory,22,ATTACK,35,"(15, 4)",False,0,False,460
23,0.0,True,0.0,0.9981440585334785,0.99933593719808,452,0,452.0,19,0,4,"(33, 30)",0,0.05230496453900709,91.25,51.75,source_memory,19,ATTACK,31,"(33, 30)",False,1,False,460
18,0.0,True,0.0,0.7556476149808856,0.7556476149808856,449,0,449.0,18,2,5,"(21, 17)",0,0.0549645390070922,92.0,48.8,source_memory,18,ATTACK,33,"(2, 41)",False,2,False,460
0,0.0,True,0.0,0.9,0.9,453,0,453.0,23,1,6,"(33, 30)",0,0.052397868561278864,77.16666666666667,30.166666666666668,source_memory,23,ATTACK,36,"(15, 4)",False,0,False,465
23,0.0,True,0.0,0.9981440585334785,0.99933593719808,456,0,456.0,20,0,5,"(2, 50)",0,0.05230496453900709,92.2,47.2,source_memory,20,ATTACK,32,"(29, 30)",False,1,False,465
18,0.0,True,0.0,0.7556476149808856,0.7556476149808856,454,0,454.0,18,2,5,"(21, 17)",0,0.0549645390070922,92.0,48.8,source_memory,18,ATTACK,33,"(7, 41)",False,2,False,465
0,0.0,True,0.0,0.9,0.9,458,0,458.0,23,1,6,"(33, 30)",0,0.05053191489361702,77.16666666666667,30.166666666666668,source_memory,23,ATTACK,36,"(17, 7)",False,0,False,470
23,0.0,True,0.0,0.9981440585334785,0.99933593719808,461,0,461.0,20,0,5,"(2, 50)",0,0.05221238938053097,92.2,47.2,source_memory,20,ATTACK,32,"(27, 33)",False,1,False,470
18,0.0,True,0.0,0.7556476149808856,0.7556476149808856,459,0,459.0,18,2,5,"(21, 17)",0,0.05486725663716814,92.0,48.8,source_memory,18,ATTACK,33,"(8, 37)",False,2,False,470
0,0.0,True,0.0,0.9,0.9,463,0,463.0,23,1,6,"(33, 30)",0,0.04942630185348632,77.16666666666667,30.166666666666668,source_memory,23,ATTACK,37,"(17, 12)",False,0,False,475
23,0.0,True,0.0,0.9981440585334785,0.99933593719808,466,0,466.0,20,0,5,"(2, 50)",0,0.05110132158590308,92.2,47.2,source_memory,20,ATTACK,33,"(27, 38)",False,1,False,475
18,0.0,True,0.0,0.7556476149808856,0.7556476149808856,464,0,464.0,19,2,5,"(21, 17)",0,0.053744493392070485,92.0,48.8,source_memory,19,ATTACK,35,"(9, 33)",False,2,False,475
0,0.0,True,0.0,0.9,0.9,468,0,468.0,23,1,6,"(33, 30)",0,0.04753521126760563,77.16666666666667,30.166666666666668,source_memory,23,ATTACK,37,"(17, 17)",False,0,False,480
23,0.0,True,0.0,0.9981440585334785,0.99933593719808,471,0,471.0,21,0,5,"(2, 50)",0,0.04745166959578207,92.2,47.2,source_memory,21,ATTACK,34,"(24, 40)",False,1,False,480
18,0.0,True,0.0,0.7556476149808856,0.7556476149808856,469,0,469.0,19,2,5,"(21, 17)",0,0.05184534270650264,92.0,48.8,source_memory,19,ATTACK,35,"(13, 32)",False,2,False,480
0,0.0,True,0.0,0.9,0.9,473,0,473.0,23,1,6,"(33, 30)",0,0.043133802816901406,77.16666666666667,30.166666666666668,source_memory,23,ATTACK,37,"(18, 21)",False,0,False,485
28,0.0,True,0.0,0.9981440585334785,0.99933593719808,476,0,476.0,23,0,5,"(2, 50)",0,0.03866432337434095,92.2,47.2,source_memory,23,ATTACK,36,"(25, 42)",False,1,False,485
23,0.0,True,0.0,0.7556476149808856,0.7556476149808856,474,0,474.0,19,2,5,"(21, 17)",0,0.04569420035149385,92.0,48.8,source_memory,19,ATTACK,35,"(18, 32)",False,2,False,485
0,0.0,True,0.0,0.9,0.9,478,0,478.0,23,1,6,"(33, 30)",0,0.035211267605633804,77.16666666666667,30.166666666666668,source_memory,23,ATTACK,37,"(20, 24)",False,0,False,490
26,0.0,True,0.0,0.9981440585334785,0.99933593719808,481,0,481.0,23,0,5,"(2, 50)",0,0.030755711775043937,92.2,47.2,source_memory,23,ATTACK,36,"(25, 47)",False,1,False,490
19,0.0,True,0.0,0.7581058867634786,0.7818489005290385,479,0,479.0,19,2,5,"(21, 17)",0,0.03602811950790861,92.0,48.8,source_memory,19,ATTACK,35,"(19, 28)",False,2,False,490
0,0.0,True,0.0,0.9,0.9,483,0,483.0,23,1,6,"(33, 30)",0,0.032570422535211266,77.16666666666667,30.166666666666668,source_memory,23,ATTACK,37,"(21, 28)",False,0,False,495
24,0.0,True,0.0,0.9981440585334785,0.99933593719808,486,0,486.0,23,0,5,"(2, 50)",0,0.02899824253075571,92.2,47.2,source_memory,23,ATTACK,36,"(22, 49)",False,1,False,495
19,0.0,True,0.0,0.7697714133580112,0.8261899909689641,484,0,484.0,19,2,5,"(21, 17)",0,0.03602811950790861,92.0,48.8,source_memory,19,ATTACK,35,"(19, 23)",False,2,False,495
0,0.0,True,0.0,0.9,0.9,488,0,488.0,23,1,6,"(33, 30)",0,0.02992957746478873,77.16666666666667,30.166666666666668,source_memory,23,ATTACK,38,"(24, 30)",False,0,False,500
22,0.0,False,0.0,0.49509868292744647,0.49509868292744647,491,0,491.0,25,0,5,"(2, 50)",0,0.025483304042179262,92.2,47.2,source_memory,25,ATTACK,38,"(17, 49)",False,1,False,500
19,0.0,True,0.0,0.7873459175661521,0.8581444629403977,489,0,489.0,19,2,5,"(21, 17)",0,0.03427065026362039,92.0,48.8,source_memory,19,ATTACK,36,"(19, 18)",False,2,False,500
0,0.0,True,0.0,0.9,0.9,493,0,493.0,23,1,6,"(33, 30)",0,0.028169014084507043,77.16666666666667,30.166666666666668,source_memory,23,ATTACK,38,"(29, 30)",False,0,False,505
21,0.0,False,0.0,0.37575912884007684,0.37575912884007684,496,0,496.0,25,0,5,"(2, 50)",0,0.02460456942003515,92.2,47.2,source_memory,25,ATTACK,38,"(14, 47)",False,1,False,505
19,0.0,True,0.0,0.7949669923259698,0.8679028456863879,493,0,493.0,20,2,5,"(2, 50)",0,0.0351493848857645,92.0,48.8,source_memory,20,ATTACK,37,"(20, 17)",False,2,False,505
0,0.0,True,0.0,0.9,0.9,497,0,497.0,24,1,6,"(25, 2)",0,0.028144239226033423,77.16666666666667,30.166666666666668,source_memory,24,ATTACK,39,"(33, 30)",False,0,False,510
21,0.0,False,0.0,0.37575912884007684,0.37575912884007684,501,0,501.0,25,0,5,"(2, 50)",0,0.024582967515364356,92.2,47.2,source_memory,25,ATTACK,38,"(10, 46)",False,1,False,510
19,0.0,True,0.0,0.8027069515726606,0.8762710505928938,498,0,498.0,20,2,5,"(2, 50)",0,0.03511852502194908,92.0,48.8,source_memory,20,ATTACK,37,"(18, 20)",False,2,False,510
0,0.0,True,0.0,0.9,0.9,502,0,502.0,24,1,6,"(25, 2)",0,0.028144239226033423,77.16666666666667,30.166666666666668,source_memory,24,ATTACK,39,"(29, 29)",False,0,False,515
21,0.0,False,0.0,0.37575912884007684,0.37575912884007684,506,0,506.0,25,0,5,"(2, 50)",0,0.024582967515364356,92.2,47.2,source_memory,25,ATTACK,38,"(5, 46)",False,1,False,515
19,0.0,True,0.0,0.821852749449512,0.8941597973933986,503,0,503.0,20,2,5,"(2, 50)",0,0.033362598770851626,92.0,48.8,source_memory,20,ATTACK,37,"(18, 25)",False,2,False,515
0,0.0,True,0.0,0.9,0.9,507,0,507.0,24,1,6,"(25, 2)",0,0.028169014084507043,77.16666666666667,30.166666666666668,source_memory,24,ATTACK,39,"(27, 26)",False,0,False,520
21,0.0,False,0.0,0.37575912884007684,0.37575912884007684,511,0,511.0,25,0,5,"(2, 50)",0,0.02460456942003515,92.2,47.2,source_memory,25,ATTACK,38,"(3, 49)",False,1,False,520
19,0.0,True,0.0,0.8404702880964605,0.9099732649414158,508,0,508.0,20,2,5,"(2, 50)",0,0.03427065026362039,92.0,48.8,source_memory,20,ATTACK,37,"(18, 30)",False,2,False,520
0,0.0,True,0.0,0.9,0.9,512,0,512.0,24,1,6,"(25, 2)",0,0.028144239226033423,77.16666666666667,30.166666666666668,source_memory,24,ATTACK,40,"(25, 23)",False,0,False,525
35,0.0,False,0.0,0.37575912884007684,0.37575912884007684,515,0,515.0,26,0,5,"(24, 45)",0,0.024582967515364356,92.2,47.2,source_memory,26,ATTACK,40,"(3, 49)",False,1,False,525
33,0.0,True,0.0,0.847633131315399,0.9152064003894639,513,0,513.0,20,2,5,"(2, 50)",0,0.043898156277436345,92.0,48.8,source_memory,20,ATTACK,38,"(14, 31)",False,2,False,525
0,0.0,True,0.0,0.9,0.9,517,0,517.0,24,1,6,"(25, 2)",0,0.028144239226033423,77.16666666666667,30.166666666666668,source_memory,24,ATTACK,40,"(25, 18)",False,0,False,530
35,0.0,False,0.0,0.37575912884007684,0.37575912884007684,520,0,520.0,26,0,5,"(24, 45)",0,0.024582967515364356,92.2,47.2,source_memory,26,ATTACK,40,"(5, 46)",False,1,False,530
33,0.0,True,0.0,0.847633131315399,0.9152064003894639,518,0,518.0,20,2,5,"(2, 50)",0,0.043898156277436345,92.0,48.8,source_memory,20,ATTACK,38,"(10, 32)",False,2,False,530
0,0.0,True,0.0,0.9,0.9,522,0,522.0,24,1,6,"(25, 2)",0,0.026385224274406333,77.16666666666667,30.166666666666668,source_memory,24,ATTACK,40,"(25, 13)",False,0,False,535
35,0.0,False,0.0,0.37575912884007684,0.37575912884007684,525,0,525.0,26,0,5,"(24, 45)",0,0.024582967515364356,92.2,47.2,source_memory,26,ATTACK,40,"(10, 46)",False,1,False,535
33,0.0,True,0.0,0.847633131315399,0.9152064003894639,523,0,523.0,20,2,5,"(2, 50)",0,0.04302019315188762,92.0,48.8,source_memory,20,ATTACK,38,"(9, 36)",False,2,False,535
0,0.0,True,0.0,0.9,0.9,527,0,527.0,24,1,6,"(25, 2)",0,0.025528169014084508,77.16666666666667,30.166666666666668,source_memory,24,ATTACK,40,"(25, 8)",False,0,False,540
24,0.0,False,0.0,0.134496040887849,0.134496040887849,530,0,530.0,30,0,5,"(24, 45)",0,0.024582967515364356,92.2,47.2,source_memory,30,ATTACK,44,"(15, 46)",False,1,False,540
33,0.0,True,0.0,0.847633131315399,0.9152064003894639,528,0,528.0,20,2,5,"(2, 50)",0,0.04214223002633889,92.0,48.8,source_memory,20,ATTACK,38,"(5, 37)",False,2,False,540
0,0.0,True,0.0,0.9,0.9,532,0,532.0,24,1,6,"(25, 2)",0,0.021949078138718173,77.16666666666667,30.166666666666668,source_memory,24,ATTACK,40,"(25, 3)",False,0,False,545
18,0.0,False,0.0,0.08219422345160096,0.08219422345160096,535,0,535.0,31,0,5,"(24, 45)",0,0.020157756354075372,92.2,47.2,source_memory,31,ATTACK,45,"(19, 47)",False,1,False,545
33,0.0,True,0.0,0.847633131315399,0.9152064003894639,533,0,533.0,20,2,5,"(2, 50)",0,0.03418054338299737,92.0,48.8,source_memory,20,ATTACK,38,"(5, 42)",False,2,False,545
0,0.0,True,0.0,0.9,0.9,536,0,536.0,25,1,7,"(33, 50)",0,0.021949078138718173,78.14285714285714,31.142857142857142,source_memory,25,ATTACK,42,"(25, 5)",False,0,False,550
18,0.0,False,0.0,0.08219422345160096,0.08219422345160096,540,0,540.0,31,0,5,"(24, 45)",0,0.020157756354075372,92.2,47.2,source_memory,31,ATTACK,46,"(22, 49)",False,1,False,550
33,0.0,True,0.0,0.847633131315399,0.9152064003894639,538,0,538.0,20,2,5,"(2, 50)",0,0.03067484662576687,92.0,48.8,source_memory,20,ATTACK,39,"(3, 45)",False,2,False,550
0,0.0,True,0.0,0.9,0.9,541,0,541.0,25,1,7,"(33, 50)",0,0.021949078138718173,78.14285714285714,31.142857142857142,source_memory,25,ATTACK,42,"(26, 9)",False,0,False,555
18,0.0,False,0.0,0.08219422345160096,0.08219422345160096,545,0,545.0,31,0,5,"(24, 45)",0,0.020157756354075372,92.2,47.2,source_memory,31,ATTACK,46,"(24, 46)",False,1,False,555
33,0.0,True,0.0,0.847633131315399,0.9152064003894639,543,0,543.0,20,2,5,"(2, 50)",0,0.033304119193689745,92.0,48.8,source_memory,20,ATTACK,39,"(3, 50)",False,2,False,555
0,0.0,True,0.0,0.9,0.9,546,0,546.0,25,1,7,"(33, 50)",0,0.021949078138718173,78.14285714285714,31.142857142857142,source_memory,25,ATTACK,42,"(26, 14)",False,0,False,560
23,0.0,False,0.0,0.08219422345160096,0.08219422345160096,549,0,549.0,32,0,6,"(33, 8)",0,0.020157756354075372,92.83333333333333,45.0,source_memory,32,ATTACK,47,"(26, 44)",False,1,False,560
38,0.0,True,0.0,0.847633131315399,0.9152064003894639,547,0,547.0,21,2,6,"(33, 50)",0,0.035056967572304996,92.83333333333333,49.5,source_memory,21,ATTACK,40,"(4, 49)",False,2,False,560
0,0.0,True,0.0,0.9,0.9,551,0,551.0,25,1,7,"(33, 50)",0,0.02019315188762072,78.14285714285714,31.142857142857142,source_memory,25,ATTACK,42,"(26, 19)",False,0,False,565
21,0.0,False,0.0,0.08219422345160096,0.08219422345160096,554,0,554.0,32,0,6,"(33, 8)",0,0.021910604732690624,92.83333333333333,45.0,source_memory,32,ATTACK,47,"(28, 41)",False,1,False,565
36,0.0,True,0.0,0.847633131315399,0.9152064003894639,552,0,552.0,21,2,6,"(33, 50)",0,0.033304119193689745,92.83333333333333,49.5,source_memory,21,ATTACK,40,"(6, 46)",False,2,False,565
0,0.0,True,0.0,0.9,0.9,556,0,556.0,25,1,7,"(33, 50)",0,0.019315188762071993,78.14285714285714,31.142857142857142,source_memory,25,ATTACK,42,"(26, 24)",False,0,False,570
18,0.0,False,0.0,0.09267165690864346,0.17141061655900822,559,0,559.0,32,0,6,"(33, 8)",0,0.021910604732690624,92.83333333333333,45.0,source_memory,32,ATTACK,47,"(28, 36)",False,1,False,570
33,0.0,True,0.0,0.847633131315399,0.9152064003894639,557,0,557.0,21,2,6,"(33, 50)",0,0.03067484662576687,92.83333333333333,49.5,source_memory,21,ATTACK,40,"(11, 46)",False,2,False,570
0,0.0,True,0.0,0.9,0.9,561,0,561.0,26,1,7,"(33, 50)",0,0.019315188762071993,78.14285714285714,31.142857142857142,source_memory,26,ATTACK,43,"(26, 29)",False,0,False,575
18,0.0,False,0.0,0.12670152197055173,0.29286912927862335,564,0,564.0,32,0,6,"(33, 8)",0,0.021910604732690624,92.83333333333333,45.0,source_memory,32,ATTACK,48,"(28, 31)",False,1,False,575
25,0.0,False,0.0,0.2967237277850269,0.2967237277850269,562,0,562.0,23,2,6,"(33, 50)",0,0.022787028921998246,92.83333333333333,49.5,source_memory,23,ATTACK,44,"(13, 49)",False,2,False,575
0,0.0,True,0.0,0.9,0.9,566,0,566.0,26,1,7,"(33, 50)",0,0.019315188762071993,78.14285714285714,31.142857142857142,source_memory,26,ATTACK,43,"(28, 32)",False,0,False,580
18,0.0,False,0.0,0.1852667893536533,0.43409975015283614,569,0,569.0,32,0,6,"(33, 8)",0,0.021910604732690624,92.83333333333333,45.0,source_memory,32,ATTACK,48,"(28, 26)",False,1,False,580
16,0.0,False,0.0,0.11851397728633352,0.11851397728633352,567,0,567.0,23,2,6,"(33, 50)",0,0.021034180543382998,92.83333333333333,49.5,source_memory,23,ATTACK,46,"(18, 49)",False,2,False,580
0,0.0,True,0.0,0.9,0.9,571,0,571.0,26,1,7,"(33, 50)",0,0.019315188762071993,78.14285714285714,31.142857142857142,source_memory,26,ATTACK,43,"(29, 36)",False,0,False,585
18,0.0,True,0.0,0.25516674431178127,0.527614815705333,574,0,574.0,32,0,6,"(33, 8)",0,0.022787028921998246,92.83333333333333,45.0,source_memory,32,ATTACK,48,"(29, 22)",False,1,False,585
16,0.0,False,0.0,0.11851397728633352,0.11851397728633352,572,0,572.0,23,2,6,"(33, 50)",0,0.021910604732690624,92.83333333333333,49.5,source_memory,23,ATTACK,46,"(23, 49)",False,2,False,585
0,0.0,True,0.0,0.9,0.9,576,0,576.0,26,1,7,"(33, 50)",0,0.019315188762071993,78.14285714285714,31.142857142857142,source_memory,26,ATTACK,43,"(29, 41)",False,0,False,590
18,0.0,True,0.0,0.32745349103995075,0.6017927417471197,579,0,579.0,32,0,6,"(33, 8)",0,0.022787028921998246,92.83333333333333,45.0,source_memory,32,ATTACK,48,"(29, 17)",False,1,False,590
16,0.0,False,0.0,0.11851397728633352,0.11851397728633352,577,0,577.0,23,2,6,"(33, 50)",0,0.021910604732690624,92.83333333333333,49.5,source_memory,23,ATTACK,46,"(28, 49)",False,2,False,590
0,0.0,True,0.0,0.9,0.9,581,0,581.0,26,1,7,"(33, 50)",0,0.019315188762071993,78.14285714285714,31.142857142857142,source_memory,26,ATTACK,43,"(29, 46)",False,0,False,595
18,0.0,True,0.0,0.39796707440096435,0.6605029901483769,584,0,584.0,32,0,6,"(33, 8)",0,0.022787028921998246,92.83333333333333,45.0,source_memory,32,ATTACK,48,"(29, 12)",False,1,False,595
16,0.0,False,0.0,0.14019515394439497,0.2787488676304863,582,0,582.0,23,2,6,"(33, 50)",0,0.02366345311130587,92.83333333333333,49.5,source_memory,23,ATTACK,46,"(32, 50)",False,2,False,595
0,0.0,True,0.0,0.9,0.9,586,0,586.0,26,1,7,"(33, 50)",0,0.05179982440737489,78.14285714285714,31.142857142857142,source_memory,26,ATTACK,44,"(30, 50)",False,0,False,600
18,0.0,True,0.0,0.4514245342553004,0.6995909459896456,589,0,589.0,32,0,6,"(33, 8)",0,0.044697633654688866,92.83333333333333,45.0,source_memory,32,ATTACK,49,"(30, 8)",False,1,False,600
16,0.0,False,0.0,0.1942038781145584,0.43622719251507586,585,0,585.0,24,3,6,"(2, 50)",0,0.04557405784399649,92.83333333333333,49.5,source_memory,24,ATTACK,48,"(31, 50)",False,2,False,600
0,0.0,True,0.0,0.9,0.9,589,0,589.0,27,2,7,"(3, 8)",0,0.05004389815627744,78.14285714285714,31.142857142857142,source_memory,27,ATTACK,45,"(33, 50)",False,0,False,605
18,0.0,True,0.0,0.4514245342553004,0.6995909459896456,593,0,593.0,33,0,6,"(33, 50)",0,0.04382120946538125,92.83333333333333,45.0,source_memory,33,ATTACK,50,"(33, 9)",False,1,False,605
16,0.0,True,0.0,0.26738482778407363,0.5627065598191475,590,0,590.0,26,3,6,"(2, 50)",0,0.04382120946538125,92.83333333333333,49.5,source_memory,26,ATTACK,50,"(27, 49)",False,2,False,605
0,0.0,True,0.0,0.9,0.9,594,0,594.0,27,2,7,"(3, 8)",0,0.05004389815627744,78.14285714285714,31.142857142857142,source_memory,27,ATTACK,45,"(29, 49)",False,0,False,610
18,0.0,True,0.0,0.4514245342553004,0.6995909459896456,598,0,598.0,33,0,6,"(33, 50)",0,0.04382120946538125,92.83333333333333,45.0,source_memory,33,ATTACK,50,"(31, 12)",False,1,False,610
16,0.0,True,0.0,0.3320351418428698,0.6425584914745736,595,0,595.0,26,3,6,"(2, 50)",0,0.04294478527607362,92.83333333333333,49.5,source_memory,26,ATTACK,50,"(22, 49)",False,2,False,610
0,0.0,True,0.0,0.9,0.9,599,0,599.0,27,2,7,"(3, 8)",0,0.0456540825285338,78.14285714285714,31.142857142857142,source_memory,27,ATTACK,45,"(28, 45)",False,0,False,615
18,0.0,True,0.0,0.4514245342553004,0.6995909459896456,603,0,603.0,33,0,6,"(33, 50)",0,0.04294478527607362,92.83333333333333,45.0,source_memory,33,ATTACK,50,"(30, 16)",False,1,False,615
16,0.0,True,0.0,0.3484190374697871,0.6597130543812153,600,0,600.0,26,3,6,"(2, 50)",0,0.040315512708150744,92.83333333333333,49.5,source_memory,26,ATTACK,50,"(19, 47)",False,2,False,615
0,0.0,True,0.0,0.9,0.9,604,0,604.0,27,2,7,"(3, 8)",0,0.040421792618629174,78.14285714285714,31.142857142857142,source_memory,27,ATTACK,45,"(28, 40)",False,0,False,620
18,0.0,True,0.0,0.4514245342553004,0.6995909459896456,608,0,608.0,33,0,6,"(33, 50)",0,0.042105263157894736,92.83333333333333,45.0,source_memory,33,ATTACK,50,"(29, 20)",False,1,False,620
14,0.0,True,0.0,0.3484190374697871,0.6597130543812153,605,0,605.0,26,3,6,"(2, 50)",0,0.03859649122807018,92.83333333333333,49.5,source_memory,26,ATTACK,50,"(14, 47)",False,2,False,620
0,0.0,True,0.0,0.9,0.9,609,0,609.0,28,2,7,"(3, 8)",0,0.03602811950790861,78.14285714285714,31.142857142857142,source_memory,28,ATTACK,46,"(27, 36)",False,0,False,625
18,0.0,True,0.0,0.4514245342553004,0.6995909459896456,613,0,613.0,33,0,6,"(33, 50)",0,0.042105263157894736,92.83333333333333,45.0,source_memory,33,ATTACK,51,"(29, 25)",False,1,False,625
14,0.0,True,0.0,0.3484190374697871,0.6597130543812153,610,0,610.0,26,3,6,"(2, 50)",0,0.03859649122807018,92.83333333333333,49.5,source_memory,26,ATTACK,51,"(10, 46)",False,2,False,625
0,0.0,True,0.0,0.9,0.9,614,0,614.0,28,2,7,"(3, 8)",0,0.033391915641476276,78.14285714285714,31.142857142857142,source_memory,28,ATTACK,46,"(25, 33)",False,0,False,630
21,0.0,True,0.0,0.47710444656285106,0.7199976222334659,618,0,618.0,33,0,6,"(33, 50)",0,0.039473684210526314,92.83333333333333,45.0,source_memory,33,ATTACK,51,"(29, 30)",False,1,False,630
17,0.0,True,0.0,0.3484190374697871,0.6597130543812153,615,0,615.0,26,3,6,"(2, 50)",0,0.03684210526315789,92.83333333333333,49.5,source_memory,26,ATTACK,51,"(5, 46)",False,2,False,630
0,0.0,True,0.0,0.9,0.9,619,0,619.0,28,2,7,"(3, 8)",0,0.033391915641476276,78.14285714285714,31.142857142857142,source_memory,28,ATTACK,46,"(25, 28)",False,0,False,635
21,0.0,True,0.0,0.540150325992231,0.775553565780727,623,0,623.0,33,0,6,"(33, 50)",0,0.031578947368421054,92.83333333333333,45.0,source_memory,33,ATTACK,51,"(29, 35)",False,1,False,635
17,0.0,True,0.0,0.3484190374697871,0.6597130543812153,620,0,620.0,26,3,6,"(2, 50)",0,0.03333333333333333,92.83333333333333,49.5,source_memory,26,ATTACK,51,"(3, 49)",False,2,False,635
0,0.0,True,0.0,0.9,0.9,624,0,624.0,28,2,7,"(3, 8)",0,0.03309481216457961,78.14285714285714,31.142857142857142,source_memory,28,ATTACK,46,"(25, 23)",False,0,False,640
21,0.0,True,0.0,0.5986354502192113,0.811157327732762,628,0,628.0,33,0,6,"(33, 50)",0,0.03214285714285714,92.83333333333333,45.0,source_memory,33,ATTACK,51,"(29, 40)",False,1,False,640
17,0.0,True,0.0,0.3484190374697871,0.6597130543812153,624,0,624.0,27,3,7,"(15, 2)",0,0.03125,91.14285714285714,48.285714285714285,source_memory,27,ATTACK,52,"(3, 49)",False,2,False,640
0,0.0,True,0.0,0.9,0.9,629,0,629.0,28,2,7,"(3, 8)",0,0.03309481216457961,78.14285714285714,31.142857142857142,source_memory,28,ATTACK,46,"(25, 18)",False,0,False,645
21,0.0,True,0.0,0.6510073719803565,0.8406917271563539,633,0,633.0,33,0,6,"(33, 50)",0,0.027678571428571427,92.83333333333333,45.0,source_memory,33,ATTACK,51,"(29, 45)",False,1,False,645
17,0.0,True,0.0,0.3484190374697871,0.6597130543812153,629,0,629.0,27,3,7,"(15, 2)",0,0.02857142857142857,91.14285714285714,48.285714285714285,source_memory,27,ATTACK,52,"(5, 46)",False,2,False,645
0,0.0,True,0.0,0.9,0.9,634,0,634.0,29,2,7,"(3, 8)",0,0.03220035778175313,78.14285714285714,31.142857142857142,source_memory,29,ATTACK,47,"(25, 13)",False,0,False,650
21,0.0,True,0.0,0.6974020184165687,0.8651765692579121,638,0,638.0,33,0,6,"(33, 50)",0,0.026785714285714284,92.83333333333333,45.0,source_memory,33,ATTACK,52,"(29, 50)",False,1,False,650
17,0.0,True,0.0,0.3484190374697871,0.6597130543812153,634,0,634.0,28,3,7,"(15, 2)",0,0.027678571428571427,91.14285714285714,48.285714285714285,source_memory,28,ATTACK,53,"(7, 43)",False,2,False,650
0,0.0,True,0.0,0.9,0.9,639,0,639.0,29,2,7,"(3, 8)",0,0.03220035778175313,78.14285714285714,31.142857142857142,source_memory,29,ATTACK,47,"(24, 9)",False,0,False,655
21,0.0,True,0.0,0.7389352880182671,0.8929902778054045,642,0,642.0,34,0,7,"(25, 2)",0,0.025892857142857145,93.57142857142857,45.857142857142854,source_memory,34,ATTACK,53,"(33, 50)",False,1,False,655
14,0.0,True,0.0,0.3484190374697871,0.6597130543812153,639,0,639.0,28,3,7,"(15, 2)",0,0.027678571428571427,91.14285714285714,48.285714285714285,source_memory,28,ATTACK,53,"(9, 40)",False,2,False,655
0,0.0,True,0.0,0.9,0.9,644,0,644.0,29,2,7,"(3, 8)",0,0.032520325203252036,78.14285714285714,31.142857142857142,source_memory,29,ATTACK,47,"(19, 9)",False,0,False,660
21,0.0,True,0.0,0.7389352880182671,0.8929902778054045,647,0,647.0,34,0,7,"(25, 2)",0,0.025362318840579712,93.57142857142857,45.857142857142854,source_memory,34,ATTACK,53,"(29, 49)",False,1,False,660
13,0.0,True,0.0,0.3484190374697871,0.6597130543812153,644,0,644.0,28,3,7,"(15, 2)",0,0.028079710144927536,91.14285714285714,48.285714285714285,source_memory,28,ATTACK,53,"(10, 36)",False,2,False,660
0,0.0,True,0.0,0.9,0.9,649,0,649.0,29,2,7,"(3, 8)",0,0.028906955736224028,78.14285714285714,31.142857142857142,source_memory,29,ATTACK,47,"(15, 8)",False,0,False,665
58,0.0,True,0.0,0.746768537168837,0.8956002710296628,652,0,652.0,34,0,7,"(25, 2)",0,0.0552536231884058,93.57142857142857,45.857142857142854,source_memory,34,ATTACK,53,"(28, 45)",False,1,False,665
50,0.0,True,0.0,0.3484190374697871,0.6597130543812153,649,0,649.0,28,3,7,"(15, 2)",0,0.028079710144927536,91.14285714285714,48.285714285714285,source_memory,28,ATTACK,53,"(11, 32)",False,2,False,665
0,0.0,True,0.0,0.9,0.9,654,0,654.0,29,2,7,"(3, 8)",0,0.026102610261026102,78.14285714285714,31.142857142857142,source_memory,29,ATTACK,47,"(10, 8)",False,0,False,670
42,0.0,True,0.0,0.754337440604525,0.898146605882598,657,0,657.0,34,0,7,"(25, 2)",0,0.0388086642599278,93.57142857142857,45.857142857142854,source_memory,34,ATTACK,53,"(28, 40)",False,1,False,670
34,0.0,True,0.0,0.3484190374697871,0.6597130543812153,654,0,654.0,29,3,7,"(15, 2)",0,0.02527075812274368,91.14285714285714,48.285714285714285,source_memory,29,ATTACK,54,"(12, 28)",False,2,False,670
0,0.0,True,0.0,0.9,0.9,659,0,659.0,29,2,7,"(3, 8)",0,0.025089605734767026,78.14285714285714,31.142857142857142,source_memory,29,ATTACK,48,"(5, 8)",False,0,False,675
42,0.0,True,0.0,0.7821842588839854,0.9081009055330437,662,0,662.0,34,0,7,"(25, 2)",0,0.03773584905660377,93.57142857142857,45.857142857142854,source_memory,34,ATTACK,54,"(28, 35)",False,1,False,675
34,0.0,True,0.0,0.3484190374697871,0.6597130543812153,659,0,659.0,30,3,7,"(15, 2)",0,0.02336028751123091,91.14285714285714,48.285714285714285,source_memory,30,ATTACK,55,"(12, 23)",False,2,False,675
0,0.0,True,0.0,0.9,0.9,663,0,663.0,30,2,8,"(13, 50)",0,0.024770642201834864,84.75,36.375,source_memory,30,ATTACK,49,"(5, 8)",False,0,False,680
42,0.0,True,0.0,0.812524492423381,0.9211000658934987,667,0,667.0,34,0,7,"(25, 2)",0,0.037545787545787544,93.57142857142857,45.857142857142854,source_memory,34,ATTACK,54,"(28, 30)",False,1,False,680
34,0.0,True,0.0,0.3484190374697871,0.6597130543812153,664,0,664.0,30,3,7,"(15, 2)",0,0.02197802197802198,91.14285714285714,48.285714285714285,source_memory,30,ATTACK,55,"(14, 20)",False,2,False,680
0,0.0,True,0.0,0.9,0.9,668,0,668.0,30,2,8,"(13, 50)",0,0.025688073394495414,84.75,36.375,source_memory,30,ATTACK,49,"(10, 8)",False,0,False,685
42,0.0,True,0.0,0.8386926598082307,0.9323492347953887,672,0,672.0,34,0,7,"(25, 2)",0,0.03205128205128205,93.57142857142857,45.857142857142854,source_memory,34,ATTACK,54,"(28, 25)",False,1,False,685
16,0.0,False,0.0,0.2030023542901588,0.2030023542901588,669,0,669.0,30,3,7,"(15, 2)",0,0.02197802197802198,91.14285714285714,48.285714285714285,source_memory,30,ATTACK,59,"(15, 16)",False,2,False,685
0,0.0,True,0.0,0.9,0.9,673,0,673.0,30,2,8,"(13, 50)",0,0.025688073394495414,84.75,36.375,source_memory,30,ATTACK,49,"(13, 10)",False,0,False,690
40,0.0,True,0.0,0.8613017817562566,0.9422178016475953,677,0,677.0,34,0,7,"(25, 2)",0,0.02197802197802198,93.57142857142857,45.857142857142854,source_memory,34,ATTACK,54,"(28, 20)",False,1,False,690
13,0.0,False,0.0,0.21451203549847286,0.30137897202894154,674,0,674.0,30,3,7,"(15, 2)",0,0.02197802197802198,91.14285714285714,48.285714285714285,source_memory,30,ATTACK,59,"(15, 11)",False,2,False,690
0,0.0,True,0.0,0.9,0.9,678,0,678.0,30,2,8,"(13, 50)",0,0.025688073394495414,84.75,36.375,source_memory,30,ATTACK,49,"(16, 12)",False,0,False,695
21,0.0,True,0.0,0.8807964514428387,0.9506143984374766,682,0,682.0,34,0,7,"(25, 2)",0,0.016483516483516484,93.57142857142857,45.857142857142854,source_memory,34,ATTACK,54,"(28, 15)",False,1,False,695
13,0.0,False,0.0,0.2557001485795319,0.4508147538829546,679,0,679.0,30,3,7,"(15, 2)",0,0.02197802197802198,91.14285714285714,48.285714285714285,source_memory,30,ATTACK,59,"(15, 6)",False,2,False,695
0,0.0,True,0.0,0.9,0.9,683,0,683.0,30,2,8,"(13, 50)",0,0.025711662075298437,84.75,36.375,source_memory,30,ATTACK,50,"(16, 17)",False,0,False,700
26,0.0,True,0.0,0.8976631834159967,0.9581511375070192,687,0,687.0,35,0,7,"(25, 2)",0,0.019230769230769232,93.57142857142857,45.857142857142854,source_memory,35,ATTACK,55,"(27, 11)",False,1,False,700
18,0.0,True,0.0,0.2899774847343478,0.5150780800079934,683,0,683.0,31,3,7,"(24, 45)",0,0.02197802197802198,91.14285714285714,48.285714285714285,source_memory,31,ATTACK,61,"(15, 2)",False,2,False,700
0,0.0,True,0.0,0.9,0.9,688,0,688.0,30,2,8,"(13, 50)",0,0.02662993572084481,84.75,36.375,source_memory,30,ATTACK,50,"(16, 22)",False,0,False,705
26,0.0,True,0.0,0.9123134847587624,0.9647236519332766,692,0,692.0,35,0,7,"(25, 2)",0,0.019230769230769232,93.57142857142857,45.857142857142854,source_memory,35,ATTACK,55,"(25, 8)",False,1,False,705
18,0.0,True,0.0,0.31427202383274827,0.5470054415107534,688,0,688.0,31,3,7,"(24, 45)",0,0.02197802197802198,91.14285714285714,48.285714285714285,source_memory,31,ATTACK,61,"(15, 7)",False,2,False,705
0,0.0,True,0.0,0.9,0.9,693,0,693.0,30,2,8,"(13, 50)",0,0.02662993572084481,84.75,36.375,source_memory,30,ATTACK,50,"(16, 27)",False,0,False,710
26,0.0,True,0.0,0.9123134847587624,0.9647236519332766,697,0,697.0,35,0,7,"(25, 2)",0,0.020146520146520148,93.57142857142857,45.857142857142854,source_memory,35,ATTACK,55,"(25, 3)",False,1,False,710
18,0.0,True,0.0,0.3767103407563272,0.6157644487266261,693,0,693.0,31,3,7,"(24, 45)",0,0.02197802197802198,91.14285714285714,48.285714285714285,source_memory,31,ATTACK,61,"(16, 11)",False,2,False,710
0,0.0,True,0.0,0.9,0.9,698,0,698.0,30,2,8,"(13, 50)",0,0.02662993572084481,84.75,36.375,source_memory,30,ATTACK,50,"(16, 32)",False,0,False,715
25,0.0,True,0.0,0.9123134847587624,0.9647236519332766,701,0,701.0,36,0,7,"(33, 30)",0,0.019230769230769232,93.57142857142857,45.857142857142854,source_memory,36,ATTACK,56,"(25, 5)",False,1,False,715
17,0.0,True,0.0,0.4397077111467888,0.677192110297105,698,0,698.0,31,3,7,"(24, 45)",0,0.02197802197802198,91.14285714285714,48.285714285714285,source_memory,31,ATTACK,61,"(16, 16)",False,2,False,715
0,0.0,True,0.0,0.9,0.9,703,0,703.0,30,2,8,"(13, 50)",0,0.02197802197802198,84.75,36.375,source_memory,30,ATTACK,50,"(16, 37)",False,0,False,720
19,0.0,True,0.0,0.9123134847587624,0.9647236519332766,706,0,706.0,36,0,7,"(33, 30)",0,0.017351598173515982,93.57142857142857,45.857142857142854,source_memory,36,ATTACK,56,"(27, 8)",False,1,False,720
15,0.0,True,0.0,0.5006667210906341,0.7280860649694789,703,0,703.0,32,3,7,"(24, 45)",0,0.019178082191780823,91.14285714285714,48.285714285714285,source_memory,32,ATTACK,62,"(16, 21)",False,2,False,720
0,0.0,True,0.0,0.9,0.9,708,0,708.0,30,2,8,"(13, 50)",0,0.02009132420091324,84.75,36.375,source_memory,30,ATTACK,51,"(13, 39)",False,0,False,725
12,0.0,True,0.0,0.9123134847587624,0.9647236519332766,711,0,711.0,36,0,7,"(33, 30)",0,0.01643835616438356,93.57142857142857,45.857142857142854,source_memory,36,ATTACK,57,"(27, 13)",False,1,False,725
9,0.0,True,0.0,0.5578714532825666,0.7694167539021466,708,0,708.0,33,3,7,"(24, 45)",0,0.0182648401826484,91.14285714285714,48.285714285714285,source_memory,33,ATTACK,63,"(16, 26)",False,2,False,725
0,0.0,True,0.0,0.9,0.9,713,0,713.0,30,2,8,"(13, 50)",0,0.019178082191780823,84.75,36.375,source_memory,30,ATTACK,51,"(13, 44)",False,0,False,730
10,0.0,True,0.0,0.9123134847587624,0.9647236519332766,716,0,716.0,36,0,7,"(33, 30)",0,0.017351598173515982,93.57142857142857,45.857142857142854,source_memory,36,ATTACK,57,"(29, 16)",False,1,False,730
6,0.0,True,0.0,0.6106537510997555,0.802905614733563,713,0,713.0,33,3,7,"(24, 45)",0,0.0182648401826484,91.14285714285714,48.285714285714285,source_memory,33,ATTACK,63,"(18, 29)",False,2,False,730
0,0.0,True,0.0,0.9,0.9,718,0,718.0,30,2,8,"(13, 50)",0,0.019178082191780823,84.75,36.375,source_memory,30,ATTACK,51,"(13, 49)",False,0,False,735
45,0.0,True,0.0,0.9123134847587624,0.9647236519332766,721,0,721.0,36,0,7,"(33, 30)",0,0.031050228310502283,93.57142857142857,45.857142857142854,source_memory,36,ATTACK,57,"(29, 21)",False,1,False,735
41,0.0,True,0.0,0.6577022113544662,0.8281075685977449,718,0,718.0,33,3,7,"(24, 45)",0,0.0502283105022831,91.14285714285714,48.285714285714285,source_memory,33,ATTACK,63,"(20, 32)",False,2,False,735
0,0.0,True,0.0,0.9,0.9,722,0,722.0,31,2,8,"(33, 50)",0,0.014692378328741965,84.75,36.375,source_memory,31,ATTACK,52,"(16, 50)",False,0,False,740
45,0.0,True,0.0,0.9123134847587624,0.9647236519332766,726,0,726.0,36,0,7,"(33, 30)",0,0.030275229357798167,93.57142857142857,45.857142857142854,source_memory,36,ATTACK,57,"(29, 26)",False,1,False,740
36,0.0,True,0.0,0.680998388449043,0.6931710589462663,723,0,723.0,35,3,7,"(24, 45)",0,0.04674610449129239,91.14285714285714,48.285714285714285,source_memory,35,ATTACK,65,"(22, 35)",False,2,False,740
0,0.0,True,0.0,0.9,0.9,727,0,727.0,31,2,8,"(33, 50)",0,0.014678899082568808,84.75,36.375,source_memory,31,ATTACK,52,"(20, 49)",False,0,False,745
45,0.0,True,0.0,0.9123134847587624,0.9647236519332766,731,0,731.0,36,0,7,"(33, 30)",0,0.028440366972477066,93.57142857142857,45.857142857142854,source_memory,36,ATTACK,57,"(30, 30)",False,1,False,745
31,0.0,True,0.0,0.6357300597873213,0.6357300597873213,728,0,728.0,35,3,7,"(24, 45)",0,0.04216315307057745,91.14285714285714,48.285714285714285,source_memory,35,ATTACK,65,"(26, 36)",False,2,False,745
0,0.0,True,0.0,0.9,0.9,732,0,732.0,31,2,8,"(33, 50)",0,0.06513761467889909,84.75,36.375,source_memory,31,ATTACK,53,"(25, 49)",False,0,False,750
45,0.13921780920559712,True,0.13921780920559712,0.9123134847587624,0.9647236519332766,735,0,735.0,38,0,8,"(33, 50)",45,0.07064220183486239,93.625,44.75,source_memory,38,ATTACK,59,"(33, 31)",True,1,True,750
1,0.0,False,0.0,0.2994624653744871,0.2994624653744871,733,0,733.0,35,3,7,"(24, 45)",0,0.06416131989000917,91.14285714285714,48.285714285714285,source_memory,35,ATTACK,69,"(26, 41)",False,2,False,750
0,0.0,True,0.0,0.9,0.9,737,0,737.0,31,2,8,"(33, 50)",0,0.05045871559633028,84.75,36.375,source_memory,31,ATTACK,53,"(30, 49)",False,0,False,755
45,0.13921780920559712,True,0.13921780920559712,0.9123134847587624,0.9647236519332766,740,0,740.0,43,0,8,"(33, 50)",45,0.06697247706422019,93.625,44.75,source_memory,43,ATTACK,64,"(33, 36)",True,1,True,755
1,0.0,False,0.0,0.3171139012084908,0.42697664051285694,738,0,738.0,35,3,7,"(24, 45)",0,0.05957836846929423,91.14285714285714,48.285714285714285,source_memory,35,ATTACK,69,"(25, 45)",False,2,False,755
0,0.0,True,0.0,0.9,0.9,741,0,741.0,32,2,9,"(2, 50)",0,0.04954128440366973,84.44444444444444,34.888888888888886,source_memory,32,ATTACK,54,"(33, 50)",False,0,False,760
39,1.5504365932624964,True,1.5504365932624964,0.9123134847587624,0.9647236519332766,745,0,745.0,44,0,8,"(33, 50)",39,0.07155963302752294,93.625,44.75,source_memory,44,ATTACK,65,"(31, 39)",True,1,True,760
0,0.0,True,0.0,0.3569086980140414,0.5265400425877044,742,0,742.0,36,3,8,"(33, 50)",0,0.05963302752293578,94.625,49.375,source_memory,36,ATTACK,70,"(24, 48)",False,2,False,760
0,0.0,True,0.0,0.9,0.9,746,0,746.0,32,2,9,"(2, 50)",0,0.04954128440366973,84.44444444444444,34.888888888888886,source_memory,32,ATTACK,54,"(28, 50)",False,0,False,765
14,0.0,True,0.0,0.9200820315862315,0.9677587192640589,750,0,750.0,44,0,8,"(33, 50)",0,0.04954128440366973,93.625,44.75,source_memory,44,ATTACK,65,"(30, 41)",False,1,False,765
0,0.0,True,0.0,0.40831514694472615,0.6199788970868075,747,0,747.0,36,3,8,"(33, 50)",0,0.05596330275229358,94.625,49.375,source_memory,36,ATTACK,70,"(28, 49)",False,2,False,765
0,0.0,True,0.0,0.9,0.9,751,0,751.0,32,2,9,"(2, 50)",0,0.04954128440366973,84.44444444444444,34.888888888888886,source_memory,32,ATTACK,54,"(23, 50)",False,0,False,770
14,0.0,True,0.0,0.9315992251267524,0.9730003153294001,755,0,755.0,44,0,8,"(33, 50)",0,0.047706422018348627,93.625,44.75,source_memory,44,ATTACK,65,"(30, 46)",False,1,False,770
0,0.0,True,0.0,0.4685527240982818,0.7049740833220457,752,0,752.0,36,3,8,"(33, 50)",0,0.05412844036697248,94.625,49.375,source_memory,36,ATTACK,70,"(32, 50)",False,2,False,770
0,0.0,True,0.0,0.9,0.9,756,0,756.0,33,2,9,"(2, 50)",0,0.045871559633027525,84.44444444444444,34.888888888888886,source_memory,33,ATTACK,55,"(19, 49)",False,0,False,775
14,0.0,True,0.0,0.9416254997156703,0.9775014863805073,760,0,760.0,44,0,8,"(33, 50)",0,0.047706422018348627,93.625,44.75,source_memory,44,ATTACK,66,"(32, 49)",False,1,False,775
4,0.0,True,0.0,0.5177087785505695,0.7459623417334419,756,0,756.0,37,3,8,"(24, 45)",0,0.05596330275229358,94.625,49.375,source_memory,37,ATTACK,72,"(30, 50)",False,2,False,775
0,0.0,True,0.0,0.9,0.9,761,0,761.0,33,2,9,"(2, 50)",0,0.04411764705882353,84.44444444444444,34.888888888888886,source_memory,33,ATTACK,55,"(16, 47)",False,0,False,780
14,0.0,True,0.0,0.9434847675865219,0.9788108571327019,764,0,764.0,45,0,8,"(24, 45)",0,0.04779411764705882,93.625,44.75,source_memory,45,ATTACK,67,"(31, 50)",False,1,False,780
4,0.0,True,0.0,0.5747749624431436,0.7839053563002502,761,0,761.0,37,3,8,"(24, 45)",0,0.05601469237832874,94.625,49.375,source_memory,37,ATTACK,72,"(28, 47)",False,2,False,780
0,0.0,True,0.0,0.9,0.9,766,0,766.0,33,2,9,"(2, 50)",0,0.042279411764705885,84.44444444444444,34.888888888888886,source_memory,33,ATTACK,55,"(12, 46)",False,0,False,785
14,0.0,True,0.0,0.950357268606659,0.9815562164170819,769,0,769.0,45,0,8,"(24, 45)",0,0.04779411764705882,93.625,44.75,source_memory,45,ATTACK,67,"(29, 47)",False,1,False,785
4,0.0,True,0.0,0.5964749038358932,0.8010996413935957,766,0,766.0,37,3,8,"(24, 45)",0,0.05417814508723599,94.625,49.375,source_memory,37,ATTACK,72,"(25, 45)",False,2,False,785
0,0.0,True,0.0,0.9,0.9,771,0,771.0,35,2,9,"(2, 50)",0,0.03768382352941176,84.44444444444444,34.888888888888886,source_memory,35,ATTACK,57,"(8, 45)",False,0,False,790
14,0.0,True,0.0,0.95643419287341,0.9840211811307916,774,0,774.0,45,0,8,"(24, 45)",0,0.043198529411764705,93.625,44.75,source_memory,45,ATTACK,67,"(26, 45)",False,1,False,790
4,0.0,True,0.0,0.5964749038358932,0.8010996413935957,770,0,770.0,38,3,9,"(25, 2)",0,0.049586776859504134,87.44444444444444,45.55555555555556,source_memory,38,ATTACK,73,"(26, 44)",False,2,False,790
0,0.0,True,0.0,0.9,0.9,776,0,776.0,35,2,9,"(2, 50)",0,0.03768382352941176,84.44444444444444,34.888888888888886,source_memory,35,ATTACK,57,"(7, 41)",False,0,False,795
12,0.0,True,0.0,0.95643419287341,0.9840211811307916,778,0,778.0,46,0,9,"(2, 20)",0,0.04044117647058824,88.11111111111111,41.44444444444444,source_memory,46,ATTACK,68,"(25, 44)",False,1,False,795
2,0.0,True,0.0,0.5964749038358932,0.8010996413935957,775,0,775.0,38,3,9,"(25, 2)",0,0.047750229568411386,87.44444444444444,45.55555555555556,source_memory,38,ATTACK,73,"(26, 39)",False,2,False,795
0,0.0,True,0.0,0.9,0.9,781,0,781.0,35,2,9,"(2, 50)",0,0.027624309392265192,84.44444444444444,34.888888888888886,source_memory,35,ATTACK,58,"(3, 42)",False,0,False,800
10,0.0,True,0.0,0.95643419287341,0.9840211811307916,783,0,783.0,46,0,9,"(2, 20)",0,0.03038674033149171,88.11111111111111,41.44444444444444,source_memory,46,ATTACK,69,"(26, 40)",False,1,False,800
2,0.0,True,0.0,0.5964749038358932,0.8010996413935957,780,0,780.0,38,3,9,"(25, 2)",0,0.03219871205151794,87.44444444444444,45.55555555555556,source_memory,38,ATTACK,74,"(25, 35)",False,2,False,800
0,0.0,True,0.0,0.9,0.9,786,0,786.0,35,2,9,"(2, 50)",0,0.02394106813996317,84.44444444444444,34.888888888888886,source_memory,35,ATTACK,58,"(3, 47)",False,0,False,805
10,0.0,True,0.0,0.95643419287341,0.9840211811307916,788,0,788.0,46,0,9,"(2, 20)",0,0.026703499079189688,88.11111111111111,41.44444444444444,source_memory,46,ATTACK,69,"(26, 35)",False,1,False,805
2,0.0,True,0.0,0.5964749038358932,0.8010996413935957,785,0,785.0,38,3,9,"(25, 2)",0,0.028518859245630176,87.44444444444444,45.55555555555556,source_memory,38,ATTACK,74,"(25, 30)",False,2,False,805
0,0.0,True,0.0,0.9,0.9,790,0,790.0,36,2,9,"(2, 41)",0,0.022099447513812154,84.44444444444444,34.888888888888886,source_memory,36,ATTACK,59,"(2, 50)",False,0,False,810
10,0.0,True,0.0,0.95643419287341,0.9840211811307916,793,0,793.0,46,0,9,"(2, 20)",0,0.024861878453038673,88.11111111111111,41.44444444444444,source_memory,46,ATTACK,69,"(26, 30)",False,1,False,810
2,0.0,True,0.0,0.5964749038358932,0.8010996413935957,790,0,790.0,38,3,9,"(25, 2)",0,0.02667893284268629,87.44444444444444,45.55555555555556,source_memory,38,ATTACK,74,"(25, 25)",False,2,False,810
0,0.0,True,0.0,0.9,0.9,795,0,795.0,36,2,9,"(2, 41)",0,0.022099447513812154,84.44444444444444,34.888888888888886,source_memory,36,ATTACK,59,"(3, 46)",False,0,False,815
30,0.0,True,0.0,0.95643419287341,0.9840211811307916,798,0,798.0,46,0,9,"(2, 20)",0,0.0423572744014733,88.11111111111111,41.44444444444444,source_memory,46,ATTACK,69,"(25, 26)",False,1,False,815
22,0.0,True,0.0,0.5964749038358932,0.8010996413935957,795,0,795.0,38,3,9,"(25, 2)",0,0.045078196872125116,87.44444444444444,45.55555555555556,source_memory,38,ATTACK,74,"(25, 20)",False,2,False,815
0,0.0,True,0.0,0.9,0.9,800,0,800.0,36,2,9,"(2, 41)",0,0.022099447513812154,84.44444444444444,34.888888888888886,source_memory,36,ATTACK,59,"(3, 41)",False,0,False,820
30,0.0,True,0.0,0.95643419287341,0.9840211811307916,803,0,803.0,46,0,9,"(2, 20)",0,0.0423572744014733,88.11111111111111,41.44444444444444,source_memory,46,ATTACK,69,"(21, 25)",False,1,False,820
3,0.0,False,0.0,0.20888882477102763,0.20888882477102763,800,0,800.0,38,3,9,"(25, 2)",0,0.028518859245630176,87.44444444444444,45.55555555555556,source_memory,38,ATTACK,78,"(25, 15)",False,2,False,820
0,0.0,True,0.0,0.9,0.9,804,0,804.0,38,2,10,"(3, 8)",0,0.014732965009208104,82.2,32.6,source_memory,38,ATTACK,61,"(5, 41)",False,0,False,825
30,0.0,True,0.0,0.95643419287341,0.9840211811307916,808,0,808.0,47,0,9,"(2, 20)",0,0.03314917127071823,88.11111111111111,41.44444444444444,source_memory,47,ATTACK,70,"(16, 25)",False,1,False,825
2,0.0,False,0.0,0.161553615445497,0.161553615445497,805,0,805.0,38,3,9,"(25, 2)",0,0.025758969641214352,87.44444444444444,45.55555555555556,source_memory,38,ATTACK,79,"(25, 10)",False,2,False,825
0,0.0,True,0.0,0.9,0.9,809,0,809.0,38,2,10,"(3, 8)",0,0.013812154696132596,82.2,32.6,source_memory,38,ATTACK,61,"(9, 40)",False,0,False,830
30,0.0,True,0.0,0.95643419287341,0.9840211811307916,813,0,813.0,47,0,9,"(2, 20)",0,0.03406998158379374,88.11111111111111,41.44444444444444,source_memory,47,ATTACK,70,"(13, 23)",False,1,False,830
2,0.0,False,0.0,0.161553615445497,0.161553615445497,810,0,810.0,38,3,9,"(25, 2)",0,0.02483900643974241,87.44444444444444,45.55555555555556,source_memory,38,ATTACK,79,"(25, 5)",False,2,False,830
0,0.0,True,0.0,0.9,0.9,814,0,814.0,38,2,10,"(3, 8)",0,0.0136986301369863,82.2,32.6,source_memory,38,ATTACK,61,"(10, 36)",False,0,False,835
28,0.0,True,0.0,0.95643419287341,0.9840211811307916,818,0,818.0,47,0,9,"(2, 20)",0,0.03287671232876712,88.11111111111111,41.44444444444444,source_memory,47,ATTACK,70,"(9, 22)",False,1,False,835
0,0.0,False,0.0,0.161553615445497,0.161553615445497,814,0,814.0,39,3,9,"(33, 50)",0,0.024635036496350366,87.44444444444444,45.55555555555556,source_memory,39,ATTACK,80,"(25, 3)",False,2,False,835
0,0.0,True,0.0,0.9,0.9,819,0,819.0,38,2,10,"(3, 8)",0,0.012556053811659192,82.2,32.6,source_memory,38,ATTACK,61,"(12, 33)",False,0,False,840
28,0.0,True,0.0,0.95643419287341,0.9840211811307916,823,0,823.0,47,0,9,"(2, 20)",0,0.034080717488789235,88.11111111111111,41.44444444444444,source_memory,47,ATTACK,70,"(4, 22)",False,1,False,840
0,0.0,False,0.0,0.161553615445497,0.161553615445497,819,0,819.0,39,3,9,"(33, 50)",0,0.023255813953488372,87.44444444444444,45.55555555555556,source_memory,39,ATTACK,80,"(26, 7)",False,2,False,840
0,0.0,True,0.0,0.9,0.9,824,0,824.0,38,2,10,"(3, 8)",0,0.010743061772605193,82.2,32.6,source_memory,38,ATTACK,61,"(12, 28)",False,0,False,845
28,0.0,True,0.0,0.95643419287341,0.9840211811307916,827,0,827.0,48,0,9,"(2, 41)",0,0.02864816472694718,88.11111111111111,41.44444444444444,source_memory,48,ATTACK,71,"(2, 20)",False,1,False,845
0,0.0,False,0.0,0.161553615445497,0.161553615445497,824,0,824.0,39,3,9,"(33, 50)",0,0.01875,87.44444444444444,45.55555555555556,source_memory,39,ATTACK,80,"(26, 12)",False,2,False,845
0,0.0,True,0.0,0.9,0.9,829,0,829.0,38,2,10,"(3, 8)",0,0.009838998211091235,82.2,32.6,source_memory,38,ATTACK,62,"(12, 23)",False,0,False,850
28,0.0,True,0.0,0.95643419287341,0.9840211811307916,832,0,832.0,48,0,9,"(2, 41)",0,0.026833631484794274,88.11111111111111,41.44444444444444,source_memory,48,ATTACK,72,"(3, 24)",False,1,False,850
0,0.0,False,0.0,0.161553615445497,0.161553615445497,829,0,829.0,39,3,9,"(33, 50)",0,0.01873327386262266,87.44444444444444,45.55555555555556,source_memory,39,ATTACK,81,"(26, 17)",False,2,False,850
0,0.0,True,0.0,0.9,0.9,834,0,834.0,38,2,10,"(3, 8)",0,0.009691629955947136,82.2,32.6,source_memory,38,ATTACK,62,"(14, 20)",False,0,False,855
70,0.0,True,0.0,0.961793011252126,0.9860162625500656,837,0,837.0,48,0,9,"(2, 41)",0,0.04581497797356828,88.11111111111111,41.44444444444444,source_memory,48,ATTACK,72,"(3, 29)",False,1,False,855
42,0.0,False,0.0,0.161553615445497,0.161553615445497,834,0,834.0,39,3,9,"(33, 50)",0,0.019349164467897976,87.44444444444444,45.55555555555556,source_memory,39,ATTACK,81,"(26, 22)",False,2,False,855
0,0.0,True,0.0,0.9,0.9,839,0,839.0,38,2,10,"(3, 8)",0,0.009683098591549295,82.2,32.6,source_memory,38,ATTACK,62,"(14, 15)",False,0,False,860
70,0.0,True,0.0,0.966470734242463,0.987570777060693,842,0,842.0,48,0,9,"(2, 41)",0,0.051056338028169015,88.11111111111111,41.44444444444444,source_memory,48,ATTACK,72,"(3, 34)",False,1,False,860
42,0.0,False,0.0,0.161553615445497,0.161553615445497,839,0,839.0,39,3,9,"(33, 50)",0,0.01936619718309859,87.44444444444444,45.55555555555556,source_memory,39,ATTACK,81,"(26, 27)",False,2,False,860
0,0.0,True,0.0,0.9,0.9,844,0,844.0,38,2,10,"(3, 8)",0,0.009674582233948988,82.2,32.6,source_memory,38,ATTACK,62,"(14, 10)",False,0,False,865
70,0.0,True,0.0,0.9715287964987809,0.9895633135659662,847,0,847.0,48,0,9,"(2, 41)",0,0.051011433597185574,88.11111111111111,41.44444444444444,source_memory,48,ATTACK,72,"(3, 39)",False,1,False,865
42,0.0,False,0.0,0.161553615445497,0.161553615445497,844,0,844.0,39,3,9,"(33, 50)",0,0.019349164467897976,87.44444444444444,45.55555555555556,source_memory,39,ATTACK,81,"(26, 32)",False,2,False,865
0,0.0,True,0.0,0.9,0.9,849,0,849.0,38,2,10,"(3, 8)",0,0.011433597185576077,82.2,32.6,source_memory,38,ATTACK,62,"(11, 8)",False,0,False,870
70,0.0,True,0.0,0.9750568775385453,0.9911892341518862,851,0,851.0,49,0,10,"(15, 2)",0,0.051011433597185574,86.9,39.7,source_memory,49,ATTACK,73,"(3, 41)",False,1,False,870
32,0.0,False,0.0,0.07439283387575431,0.07439283387575431,849,0,849.0,42,3,9,"(33, 50)",0,0.018469656992084433,87.44444444444444,45.55555555555556,source_memory,42,ATTACK,84,"(26, 37)",False,2,False,870
0,0.0,True,0.0,0.9,0.9,854,0,854.0,38,2,10,"(3, 8)",0,0.011433597185576077,82.2,32.6,source_memory,38,ATTACK,63,"(6, 8)",False,0,False,875
70,0.0,True,0.0,0.9766698845523465,0.9917284250930766,856,0,856.0,49,0,10,"(15, 2)",0,0.052770448548812667,86.9,39.7,source_memory,49,ATTACK,74,"(5, 38)",False,1,False,875
1,0.0,False,0.0,0.0191342589624634,0.0191342589624634,854,0,854.0,47,3,9,"(33, 50)",0,0.018469656992084433,87.44444444444444,45.55555555555556,source_memory,47,ATTACK,89,"(26, 42)",False,2,False,875
0,0.0,True,0.0,0.9,0.9,858,0,858.0,39,2,10,"(33, 8)",0,0.011433597185576077,82.2,32.6,source_memory,39,ATTACK,64,"(4, 8)",False,0,False,880
70,0.0,True,0.0,0.9789081925908277,0.9926523319065814,861,0,861.0,49,0,10,"(15, 2)",0,0.052770448548812667,86.9,39.7,source_memory,49,ATTACK,74,"(5, 33)",False,1,False,880
0,0.0,False,0.0,0.014972033616951015,0.014972033616951015,859,0,859.0,47,3,9,"(33, 50)",0,0.018469656992084433,87.44444444444444,45.55555555555556,source_memory,47,ATTACK,89,"(28, 45)",False,2,False,880
0,0.0,True,0.0,0.9,0.9,863,0,863.0,39,2,10,"(33, 8)",0,0.011433597185576077,82.2,32.6,source_memory,39,ATTACK,64,"(9, 8)",False,0,False,885
70,0.0,True,0.0,0.9809428399273041,0.993399181877165,866,0,866.0,49,0,10,"(15, 2)",0,0.0633245382585752,86.9,39.7,source_memory,49,ATTACK,74,"(5, 28)",False,1,False,885
0,0.0,False,0.0,0.015809593030026152,0.031723221878453764,864,0,864.0,47,3,9,"(33, 50)",0,0.018469656992084433,87.44444444444444,45.55555555555556,source_memory,47,ATTACK,89,"(32, 46)",False,2,False,885
0,0.0,True,0.0,0.9,0.9,868,0,868.0,39,2,10,"(33, 8)",0,0.011433597185576077,82.2,32.6,source_memory,39,ATTACK,64,"(13, 9)",False,0,False,890
70,0.0,True,0.0,0.9839128134502653,0.9944287760406029,871,0,871.0,49,0,10,"(15, 2)",0,0.06860158311345646,86.9,39.7,source_memory,49,ATTACK,74,"(7, 25)",False,1,False,890
0,0.0,False,0.0,0.015809593030026152,0.031723221878453764,869,0,869.0,47,3,9,"(33, 50)",0,0.018469656992084433,87.44444444444444,45.55555555555556,source_memory,47,ATTACK,89,"(33, 50)",False,2,False,890
0,0.0,True,0.0,0.9,0.9,873,0,873.0,39,2,10,"(33, 8)",0,0.013192612137203167,82.2,32.6,source_memory,39,ATTACK,64,"(18, 9)",False,0,False,895
80,0.0,True,0.0,0.9864060510198739,0.9952530347048308,876,0,876.0,49,0,10,"(15, 2)",0,0.07299912049252419,86.9,39.7,source_memory,49,ATTACK,74,"(8, 21)",False,1,False,895
10,0.0,False,0.0,0.015809593030026152,0.031723221878453764,873,0,873.0,48,3,10,"(33, 8)",0,0.018469656992084433,89.1,46.7,source_memory,48,ATTACK,90,"(32, 47)",False,2,False,895
0,0.0,True,0.0,0.9,0.9,878,0,878.0,40,2,10,"(33, 8)",0,0.044854881266490766,82.2,32.6,source_memory,40,ATTACK,65,"(23, 9)",False,0,False,900
80,0.0,True,0.0,0.9881244617432001,0.9958743305498414,881,0,881.0,50,0,10,"(15, 2)",0,0.10202286719437115,86.9,39.7,source_memory,50,ATTACK,75,"(12, 20)",False,1,False,900
10,0.0,False,0.0,0.015809593030026152,0.031723221878453764,878,0,878.0,48,3,10,"(33, 8)",0,0.04133685136323659,89.1,46.7,source_memory,48,ATTACK,91,"(28, 46)",False,2,False,900
0,0.0,True,0.0,0.9,0.9,883,0,883.0,40,2,10,"(33, 8)",0,0.04397537379067722,82.2,32.6,source_memory,40,ATTACK,65,"(27, 8)",False,0,False,905
67,0.0,True,0.0,0.9881244617432001,0.9958743305498414,886,0,886.0,50,0,10,"(15, 2)",0,0.07299912049252419,86.9,39.7,source_memory,50,ATTACK,75,"(15, 18)",False,1,False,905
10,0.0,False,0.0,0.015809593030026152,0.031723221878453764,883,0,883.0,48,3,10,"(33, 8)",0,0.0395778364116095,89.1,46.7,source_memory,48,ATTACK,91,"(28, 41)",False,2,False,905
0,0.0,True,0.0,0.9,0.9,888,0,888.0,40,2,10,"(33, 8)",0,0.04133685136323659,82.2,32.6,source_memory,40,ATTACK,65,"(32, 8)",False,0,False,910
67,0.0,True,0.0,0.988518591132372,0.9960070495266375,891,0,891.0,50,0,10,"(15, 2)",0,0.08179419525065963,86.9,39.7,source_memory,50,ATTACK,75,"(15, 13)",False,1,False,910
8,0.0,False,0.0,0.015809593030026152,0.031723221878453764,888,0,888.0,48,3,10,"(33, 8)",0,0.036939313984168866,89.1,46.7,source_memory,48,ATTACK,91,"(28, 36)",False,2,False,910
0,0.0,True,0.0,0.9,0.9,892,0,892.0,41,2,11,"(24, 45)",0,0.040457343887423045,82.9090909090909,32.63636363636363,source_memory,41,ATTACK,67,"(30, 8)",False,0,False,915
67,0.0,True,0.0,0.9902998550159112,0.9966208903968027,896,0,896.0,50,0,10,"(15, 2)",0,0.07827616534740545,86.9,39.7,source_memory,50,ATTACK,75,"(15, 8)",False,1,False,915
5,0.0,False,0.0,0.015809593030026152,0.031723221878453764,893,0,893.0,48,3,10,"(33, 8)",0,0.03342128408091469,89.1,46.7,source_memory,48,ATTACK,91,"(28, 31)",False,2,False,915
0,0.0,True,0.0,0.9,0.9,897,0,897.0,41,2,11,"(24, 45)",0,0.0395778364116095,82.9090909090909,32.63636363636363,source_memory,41,ATTACK,67,"(28, 11)",False,0,False,920
61,0.0,True,0.0,0.9902998550159112,0.9966208903968027,901,0,901.0,50,0,10,"(15, 2)",0,0.07299912049252419,86.9,39.7,source_memory,50,ATTACK,75,"(15, 3)",False,1,False,920
5,0.0,False,0.0,0.015809593030026152,0.031723221878453764,898,0,898.0,48,3,10,"(33, 8)",0,0.032541776605101144,89.1,46.7,source_memory,48,ATTACK,91,"(28, 26)",False,2,False,920
0,0.0,True,0.0,0.9,0.9,902,0,902.0,41,2,11,"(24, 45)",0,0.0395778364116095,82.9090909090909,32.63636363636363,source_memory,41,ATTACK,68,"(26, 14)",False,0,False,925
60,0.0,True,0.0,0.9902998550159112,0.9966208903968027,905,0,905.0,52,0,10,"(21, 17)",0,0.07211961301671065,86.9,39.7,source_memory,52,ATTACK,77,"(15, 5)",False,1,False,925
5,0.0,False,0.0,0.015809593030026152,0.031723221878453764,903,0,903.0,48,3,10,"(33, 8)",0,0.032541776605101144,89.1,46.7,source_memory,48,ATTACK,92,"(28, 21)",False,2,False,925
0,0.0,True,0.0,0.9,0.9,907,0,907.0,41,2,11,"(24, 45)",0,0.0395778364116095,82.9090909090909,32.63636363636363,source_memory,41,ATTACK,68,"(26, 19)",False,0,False,930
62,0.0,False,0.0,0.4860605069704487,0.4860605069704487,910,0,910.0,53,0,10,"(21, 17)",0,0.03518029903254178,86.9,39.7,source_memory,53,ATTACK,78,"(15, 10)",False,1,False,930
9,0.0,False,0.0,0.04528612320378431,0.2191594430418815,908,0,908.0,48,3,10,"(33, 8)",0,0.032541776605101144,89.1,46.7,source_memory,48,ATTACK,92,"(28, 16)",False,2,False,930
0,0.0,True,0.0,0.9,0.9,912,0,912.0,41,2,11,"(24, 45)",0,0.03869832893579595,82.9090909090909,32.63636363636363,source_memory,41,ATTACK,68,"(26, 24)",False,0,False,935
60,0.0,False,0.0,0.22429306650917288,0.22429306650917288,915,0,915.0,53,0,10,"(21, 17)",0,0.03518029903254178,86.9,39.7,source_memory,53,ATTACK,78,"(17, 13)",False,1,False,935
9,0.0,False,0.0,0.10610665540985628,0.36079870299093736,913,0,913.0,48,3,10,"(33, 8)",0,0.032541776605101144,89.1,46.7,source_memory,48,ATTACK,92,"(28, 11)",False,2,False,935
0,0.0,True,0.0,0.9,0.9,917,0,917.0,41,2,11,"(24, 45)",0,0.036939313984168866,82.9090909090909,32.63636363636363,source_memory,41,ATTACK,68,"(26, 29)",False,0,False,940
60,0.0,False,0.0,0.22429306650917288,0.22429306650917288,920,0,920.0,53,0,10,"(21, 17)",0,0.03518029903254178,86.9,39.7,source_memory,53,ATTACK,78,"(18, 17)",False,1,False,940
9,0.0,False,0.0,0.17705502168848167,0.4517062395975137,918,0,918.0,48,3,10,"(33, 8)",0,0.032541776605101144,89.1,46.7,source_memory,48,ATTACK,92,"(30, 8)",False,2,False,940
0,0.0,True,0.0,0.9,0.9,922,0,922.0,42,2,11,"(24, 45)",0,0.03342128408091469,82.9090909090909,32.63636363636363,source_memory,42,ATTACK,69,"(26, 34)",False,0,False,945
53,0.0,False,0.0,0.2367919088231997,0.3234358870645559,924,0,924.0,54,0,11,"(2, 41)",0,0.03430079155672823,85.81818181818181,38.09090909090909,source_memory,54,ATTACK,79,"(20, 17)",False,1,False,945
9,0.0,True,0.0,0.23941236159984425,0.5565835218690237,922,0,922.0,49,3,10,"(33, 30)",0,0.032541776605101144,89.1,46.7,source_memory,49,ATTACK,93,"(33, 9)",False,2,False,945
0,0.0,True,0.0,0.9,0.9,927,0,927.0,43,2,11,"(24, 45)",0,0.0316622691292876,82.9090909090909,32.63636363636363,source_memory,43,ATTACK,71,"(28, 37)",False,0,False,950
44,0.0,False,0.0,0.2367919088231997,0.3234358870645559,929,0,929.0,55,0,11,"(2, 41)",0,0.03430079155672823,85.81818181818181,38.09090909090909,source_memory,55,ATTACK,80,"(15, 17)",False,1,False,950
7,0.0,True,0.0,0.23941236159984425,0.5565835218690237,927,0,927.0,49,3,10,"(33, 30)",0,0.032541776605101144,89.1,46.7,source_memory,49,ATTACK,94,"(31, 12)",False,2,False,950
0,0.0,True,0.0,0.9,0.9,932,0,932.0,43,2,11,"(24, 45)",0,0.0316622691292876,82.9090909090909,32.63636363636363,source_memory,43,ATTACK,71,"(28, 42)",False,0,False,955
3,0.0,False,0.0,0.2367919088231997,0.3234358870645559,934,0,934.0,55,0,11,"(2, 41)",0,0.03430079155672823,85.81818181818181,38.09090909090909,source_memory,55,ATTACK,80,"(13, 20)",False,1,False,955
7,0.0,True,0.0,0.27226595002673065,0.5820731931890241,932,0,932.0,49,3,10,"(33, 30)",0,0.032541776605101144,89.1,46.7,source_memory,49,ATTACK,94,"(29, 15)",False,2,False,955
0,0.0,True,0.0,0.9,0.9,937,0,937.0,43,2,11,"(24, 45)",0,0.03169014084507042,82.9090909090909,32.63636363636363,source_memory,43,ATTACK,71,"(26, 45)",False,0,False,960
3,0.0,False,0.0,0.2367919088231997,0.3234358870645559,939,0,939.0,55,0,11,"(2, 41)",0,0.03433098591549296,85.81818181818181,38.09090909090909,source_memory,55,ATTACK,80,"(9, 21)",False,1,False,960
7,0.0,True,0.0,0.3510579788302818,0.6433477064139457,937,0,937.0,49,3,10,"(33, 30)",0,0.032570422535211266,89.1,46.7,source_memory,49,ATTACK,94,"(29, 20)",False,2,False,960
0,0.0,True,0.0,0.9,0.9,941,0,941.0,44,2,11,"(2, 20)",0,0.03169014084507042,82.9090909090909,32.63636363636363,source_memory,44,ATTACK,72,"(25, 44)",False,0,False,965
8,0.0,False,0.0,0.2367919088231997,0.3234358870645559,944,0,944.0,55,0,11,"(2, 41)",0,0.03433098591549296,85.81818181818181,38.09090909090909,source_memory,55,ATTACK,80,"(5, 22)",False,1,False,965
12,0.0,True,0.0,0.4245305980818796,0.6945997749377248,942,0,942.0,49,3,10,"(33, 30)",0,0.032570422535211266,89.1,46.7,source_memory,49,ATTACK,94,"(29, 25)",False,2,False,965
0,0.0,True,0.0,0.9,0.9,946,0,946.0,44,2,11,"(2, 20)",0,0.02990325417766051,82.9090909090909,32.63636363636363,source_memory,44,ATTACK,72,"(24, 40)",False,0,False,970
3,0.0,False,0.0,0.2367919088231997,0.3234358870645559,949,0,949.0,55,0,11,"(2, 41)",0,0.03430079155672823,85.81818181818181,38.09090909090909,source_memory,55,ATTACK,80,"(5, 27)",False,1,False,970
7,0.0,True,0.0,0.49204605721700756,0.7401651522687511,947,0,947.0,49,3,10,"(33, 30)",0,0.032541776605101144,89.1,46.7,source_memory,49,ATTACK,94,"(29, 30)",False,2,False,970
0,0.0,True,0.0,0.9,0.9,951,0,951.0,44,2,11,"(2, 20)",0,0.02799650043744532,82.9090909090909,32.63636363636363,source_memory,44,ATTACK,73,"(22, 37)",False,0,False,975
3,0.0,False,0.0,0.2367919088231997,0.3234358870645559,954,0,954.0,56,0,11,"(2, 41)",0,0.033245844269466314,85.81818181818181,38.09090909090909,source_memory,56,ATTACK,81,"(4, 31)",False,1,False,975
6,0.0,True,0.0,0.5048744529672771,0.748613972222397,951,0,951.0,50,3,11,"(2, 41)",0,0.03062117235345582,88.63636363636364,45.27272727272727,source_memory,50,ATTACK,96,"(33, 30)",False,2,False,975
0,0.0,True,0.0,0.9,0.9,956,0,956.0,44,2,11,"(2, 20)",0,0.022747156605424323,82.9090909090909,32.63636363636363,source_memory,44,ATTACK,73,"(22, 32)",False,0,False,980
3,0.0,False,0.0,0.2367919088231997,0.3234358870645559,959,0,959.0,56,0,11,"(2, 41)",0,0.033245844269466314,85.81818181818181,38.09090909090909,source_memory,56,ATTACK,81,"(3, 35)",False,1,False,980
6,0.0,True,0.0,0.5297552861126944,0.7637896274445914,956,0,956.0,50,3,11,"(2, 41)",0,0.024496937882764653,88.63636363636364,45.27272727272727,source_memory,50,ATTACK,96,"(31, 33)",False,2,False,980
0,0.0,True,0.0,0.9,0.9,961,0,961.0,44,2,11,"(2, 20)",0,0.017497812773403325,82.9090909090909,32.63636363636363,source_memory,44,ATTACK,73,"(22, 27)",False,0,False,985
3,0.0,False,0.0,0.2367919088231997,0.3234358870645559,964,0,964.0,56,0,11,"(2, 41)",0,0.031496062992125984,85.81818181818181,38.09090909090909,source_memory,56,ATTACK,81,"(3, 40)",False,1,False,985
4,0.0,True,0.0,0.5879291461431897,0.8012599469591128,961,0,961.0,50,3,11,"(2, 41)",0,0.019247594050743656,88.63636363636364,45.27272727272727,source_memory,50,ATTACK,96,"(30, 37)",False,2,False,985
0,0.0,True,0.0,0.9,0.9,966,0,966.0,44,2,11,"(2, 20)",0,0.016622922134733157,82.9090909090909,32.63636363636363,source_memory,44,ATTACK,73,"(19, 25)",False,0,False,990
3,0.0,False,0.0,0.2367919088231997,0.3234358870645559,968,0,968.0,57,0,11,"(33, 50)",0,0.033245844269466314,85.81818181818181,38.09090909090909,source_memory,57,ATTACK,82,"(3, 42)",False,1,False,990
4,0.0,True,0.0,0.6408928864921243,0.8339897202290082,966,0,966.0,50,3,11,"(2, 41)",0,0.01837270341207349,88.63636363636364,45.27272727272727,source_memory,50,ATTACK,96,"(27, 39)",False,2,False,990
0,0.0,True,0.0,0.9,0.9,971,0,971.0,44,2,11,"(2, 20)",0,0.015748031496062992,82.9090909090909,32.63636363636363,source_memory,44,ATTACK,73,"(15, 24)",False,0,False,995
3,0.0,False,0.0,0.2367919088231997,0.3234358870645559,973,0,973.0,57,0,11,"(33, 50)",0,0.03237095363079615,85.81818181818181,38.09090909090909,source_memory,57,ATTACK,82,"(5, 45)",False,1,False,995
4,0.0,True,0.0,0.6887546484879074,0.8628602708986479,971,0,971.0,50,3,11,"(2, 41)",0,0.016622922134733157,88.63636363636364,45.27272727272727,source_memory,50,ATTACK,96,"(23, 40)",False,2,False,995
0,0.0,True,0.0,0.9,0.9,976,0,976.0,45,2,11,"(2, 20)",0,0.008733624454148471,82.9090909090909,32.63636363636363,source_memory,45,ATTACK,74,"(13, 21)",False,0,False,1000
3,0.0,False,0.0,0.2367919088231997,0.3234358870645559,978,0,978.0,58,0,11,"(33, 50)",0,0.02445414847161572,85.81818181818181,38.09090909090909,source_memory,58,ATTACK,84,"(8, 47)",False,1,False,1000
4,0.0,True,0.0,0.731290223517504,0.8846821558141476,976,0,976.0,50,3,11,"(2, 41)",0,0.008733624454148471,88.63636363636364,45.27272727272727,source_memory,50,ATTACK,97,"(18, 40)",False,2,False,1000
0,0.0,True,0.0,0.9,0.9,981,0,981.0,45,2,11,"(2, 20)",0,0.007860262008733625,82.9090909090909,32.63636363636363,source_memory,45,ATTACK,74,"(8, 21)",False,0,False,1005
10,0.0,False,0.0,0.2367919088231997,0.3234358870645559,983,0,983.0,58,0,11,"(33, 50)",0,0.023580786026200874,85.81818181818181,38.09090909090909,source_memory,58,ATTACK,84,"(10, 50)",False,1,False,1005
14,0.0,True,0.0,0.7467479306335105,0.8912925069978356,981,0,981.0,50,3,11,"(2, 41)",0,0.007860262008733625,88.63636363636364,45.27272727272727,source_memory,50,ATTACK,97,"(13, 40)",False,2,False,1005
0,0.0,True,0.0,0.9,0.9,986,0,986.0,45,2,11,"(2, 20)",0,0.00611353711790393,82.9090909090909,32.63636363636363,source_memory,45,ATTACK,74,"(4, 20)",False,0,False,1010
10,0.0,False,0.0,0.2367919088231997,0.3234358870645559,988,0,988.0,58,0,11,"(33, 50)",0,0.021834061135371178,85.81818181818181,38.09090909090909,source_memory,58,ATTACK,84,"(15, 50)",False,1,False,1010
14,0.0,True,0.0,0.7467479306335105,0.8912925069978356,986,0,986.0,50,3,11,"(2, 41)",0,0.00611353711790393,88.63636363636364,45.27272727272727,source_memory,50,ATTACK,97,"(9, 41)",False,2,False,1010
0,0.0,True,0.0,0.9,0.9,990,0,990.0,46,2,12,"(15, 2)",0,0.00611353711790393,84.41666666666667,34.083333333333336,source_memory,46,ATTACK,75,"(4, 20)",False,0,False,1015
10,0.0,False,0.0,0.2367919088231997,0.3234358870645559,993,0,993.0,58,0,11,"(33, 50)",0,0.021834061135371178,85.81818181818181,38.09090909090909,source_memory,58,ATTACK,84,"(19, 49)",False,1,False,1015
14,0.0,True,0.0,0.7467479306335105,0.8912925069978356,991,0,991.0,50,3,11,"(2, 41)",0,0.00611353711790393,88.63636363636364,45.27272727272727,source_memory,50,ATTACK,97,"(4, 41)",False,2,False,1015
0,0.0,True,0.0,0.9,0.9,995,0,995.0,46,2,12,"(15, 2)",0,0.006129597197898424,84.41666666666667,34.083333333333336,source_memory,46,ATTACK,75,"(9, 20)",False,0,False,1020
10,0.0,False,0.0,0.2691249188699163,0.41528768760814955,998,0,998.0,58,0,11,"(33, 50)",0,0.021891418563922942,85.81818181818181,38.09090909090909,source_memory,58,ATTACK,84,"(24, 49)",False,1,False,1020
14,0.0,True,0.0,0.7467479306335105,0.8912925069978356,995,0,995.0,51,3,11,"(21, 17)",0,0.006129597197898424,88.63636363636364,45.27272727272727,source_memory,51,ATTACK,98,"(4, 41)",False,2,False,1020
0,0.0,True,0.0,0.9,0.9,1000,0,1000.0,47,2,12,"(15, 2)",0,0.006129597197898424,84.41666666666667,34.083333333333336,source_memory,47,ATTACK,76,"(14, 20)",False,0,False,1025
10,0.0,False,0.0,0.3138452002954513,0.49386675957744264,1003,0,1003.0,58,0,11,"(33, 50)",0,0.021891418563922942,85.81818181818181,38.09090909090909,source_memory,58,ATTACK,85,"(29, 49)",False,1,False,1025
14,0.0,True,0.0,0.7467479306335105,0.8912925069978356,1000,0,1000.0,51,3,11,"(21, 17)",0,0.006129597197898424,88.63636363636364,45.27272727272727,source_memory,51,ATTACK,99,"(9, 41)",False,2,False,1025
0,0.0,True,0.0,0.9,0.9,1005,0,1005.0,47,2,12,"(15, 2)",0,0.006129597197898424,84.41666666666667,34.083333333333336,source_memory,47,ATTACK,76,"(15, 16)",False,0,False,1030
10,0.0,True,0.0,0.36319554697186895,0.5538904165741584,1008,0,1008.0,58,0,11,"(33, 50)",0,0.021891418563922942,85.81818181818181,38.09090909090909,source_memory,58,ATTACK,85,"(33, 50)",False,1,False,1030
14,0.0,True,0.0,0.7467479306335105,0.8912925069978356,1005,0,1005.0,51,3,11,"(21, 17)",0,0.006129597197898424,88.63636363636364,45.27272727272727,source_memory,51,ATTACK,99,"(12, 39)",False,2,False,1030
0,0.0,True,0.0,0.9,0.9,1010,0,1010.0,47,2,12,"(15, 2)",0,0.006129597197898424,84.41666666666667,34.083333333333336,source_memory,47,ATTACK,76,"(15, 11)",False,0,False,1035
10,0.0,True,0.0,0.36319554697186895,0.5538904165741584,1012,0,1012.0,59,0,12,"(24, 45)",0,0.021891418563922942,85.91666666666667,38.5,source_memory,59,ATTACK,86,"(29, 50)",False,1,False,1035
12,0.0,True,0.0,0.7467479306335105,0.8912925069978356,1010,0,1010.0,51,3,11,"(21, 17)",0,0.006129597197898424,88.63636363636364,45.27272727272727,source_memory,51,ATTACK,99,"(17, 39)",False,2,False,1035
0,0.0,True,0.0,0.9,0.9,1015,0,1015.0,47,2,12,"(15, 2)",0,0.0043821209465381246,84.41666666666667,34.083333333333336,source_memory,47,ATTACK,76,"(15, 6)",False,0,False,1040
16,0.0,True,0.0,0.3935132287622029,0.5868230903136705,1017,0,1017.0,59,0,12,"(24, 45)",0,0.018404907975460124,85.91666666666667,38.5,source_memory,59,ATTACK,86,"(27, 47)",False,1,False,1040
16,0.0,True,0.0,0.7681583141553504,0.8996943250115804,1015,0,1015.0,51,3,11,"(21, 17)",0,0.007011393514460999,88.63636363636364,45.27272727272727,source_memory,51,ATTACK,99,"(22, 39)",False,2,False,1040
0,0.0,True,0.0,0.9,0.9,1019,0,1019.0,48,2,12,"(21, 17)",0,0.007011393514460999,84.41666666666667,34.083333333333336,source_memory,48,ATTACK,77,"(15, 2)",False,0,False,1045
16,0.0,True,0.0,0.4246033030503285,0.6228664409668762,1022,0,1022.0,59,0,12,"(24, 45)",0,0.015775635407537247,85.91666666666667,38.5,source_memory,59,ATTACK,86,"(24, 45)",False,1,False,1045
16,0.0,True,0.0,0.799730323938548,0.912456553651876,1020,0,1020.0,51,3,11,"(21, 17)",0,0.007011393514460999,88.63636363636364,45.27272727272727,source_memory,51,ATTACK,99,"(25, 37)",False,2,False,1045
0,0.0,True,0.0,0.9,0.9,1024,0,1024.0,49,2,12,"(21, 17)",0,0.04995617879053462,84.41666666666667,34.083333333333336,source_memory,49,ATTACK,78,"(15, 7)",False,0,False,1050
16,0.0,True,0.0,0.44557656189008626,0.6454119229619558,1025,1,1025.0,61,0,12,"(33, 8)",0,0.04382120946538125,85.91666666666667,38.5,source_memory,61,ATTACK,88,"(26, 44)",False,1,False,1050
11,0.0,True,0.0,0.6869252587995661,0.6952279779282691,1025,0,1025.0,51,3,11,"(21, 17)",0,0.051709027169149865,88.63636363636364,45.27272727272727,source_memory,51,ATTACK,100,"(25, 32)",False,2,False,1050
0,0.0,True,0.0,0.9,0.9,1029,0,1029.0,49,2,12,"(21, 17)",0,0.04557405784399649,84.41666666666667,34.083333333333336,source_memory,49,ATTACK,78,"(17, 10)",False,0,False,1055
16,0.0,True,0.0,0.44557656189008626,0.6454119229619558,1025,6,1025.0,61,0,12,"(33, 8)",0,0.042068361086765996,85.91666666666667,38.5,source_memory,61,ATTACK,93,"(26, 44)",False,1,False,1055
11,0.0,True,0.0,0.6869252587995661,0.6952279779282691,1030,0,1030.0,51,3,11,"(21, 17)",0,0.04382120946538125,88.63636363636364,45.27272727272727,source_memory,51,ATTACK,100,"(25, 27)",False,2,False,1055
0,0.0,True,0.0,0.9,0.9,1034,0,1034.0,49,2,12,"(21, 17)",0,0.04401408450704225,84.41666666666667,34.083333333333336,source_memory,49,ATTACK,78,"(18, 14)",False,0,False,1060
16,0.0,True,0.0,0.44557656189008626,0.6454119229619558,1025,11,1025.0,61,0,12,"(33, 8)",0,0.03961267605633803,85.91666666666667,38.5,source_memory,61,ATTACK,98,"(26, 44)",False,1,False,1060
11,0.0,True,0.0,0.6869252587995661,0.6952279779282691,1035,0,1035.0,51,3,11,"(21, 17)",0,0.043133802816901406,88.63636363636364,45.27272727272727,source_memory,51,ATTACK,100,"(25, 22)",False,2,False,1060
0,0.0,True,0.0,0.9,0.9,1039,0,1039.0,49,2,12,"(21, 17)",0,0.043133802816901406,84.41666666666667,34.083333333333336,source_memory,49,ATTACK,78,"(20, 17)",False,0,False,1065
16,0.0,True,0.0,0.44557656189008626,0.6454119229619558,1025,16,1025.0,61,0,12,"(33, 8)",0,0.03961267605633803,85.91666666666667,38.5,source_memory,61,ATTACK,103,"(26, 44)",False,1,False,1065
11,0.0,True,0.0,0.6869252587995661,0.6952279779282691,1040,0,1040.0,51,3,11,"(21, 17)",0,0.04225352112676056,88.63636363636364,45.27272727272727,source_memory,51,ATTACK,100,"(25, 17)",False,2,False,1065
0,0.0,True,0.0,0.9,0.9,1043,0,1043.0,50,2,13,"(25, 2)",0,0.04225352112676056,82.07692307692308,33.15384615384615,source_memory,50,ATTACK,79,"(24, 17)",False,0,False,1070
16,0.0,True,0.0,0.44557656189008626,0.6454119229619558,1025,21,1025.0,61,0,12,"(33, 8)",0,0.03961267605633803,85.91666666666667,38.5,source_memory,61,ATTACK,108,"(26, 44)",False,1,False,1070
11,0.0,True,0.0,0.6957418550993834,0.7567269814606239,1043,0,1043.0,52,5,11,"(21, 17)",0,0.04137323943661972,88.63636363636364,45.27272727272727,source_memory,52,ATTACK,101,"(25, 16)",False,2,False,1070
0,0.0,True,0.0,0.9,0.9,1048,0,1048.0,50,2,13,"(25, 2)",0,0.04137323943661972,82.07692307692308,33.15384615384615,source_memory,50,ATTACK,80,"(25, 13)",False,0,False,1075
20,0.0,True,0.0,0.44557656189008626,0.6454119229619558,1025,26,1025.0,61,0,12,"(33, 8)",0,0.037852112676056336,85.91666666666667,38.5,source_memory,61,ATTACK,113,"(26, 44)",False,1,False,1075
15,0.0,True,0.0,0.7176450679754605,0.8128891233390056,1047,0,1047.0,53,6,11,"(21, 17)",0,0.040492957746478875,88.63636363636364,45.27272727272727,source_memory,53,ATTACK,102,"(25, 12)",False,2,False,1075
0,0.0,True,0.0,0.9,0.9,1052,0,1052.0,50,3,13,"(25, 2)",0,0.037852112676056336,82.07692307692308,33.15384615384615,source_memory,50,ATTACK,80,"(25, 9)",False,0,False,1080
20,0.0,True,0.0,0.44557656189008626,0.6454119229619558,1025,31,1025.0,61,0,12,"(33, 8)",0,0.03433098591549296,85.91666666666667,38.5,source_memory,61,ATTACK,118,"(26, 44)",False,1,False,1080
15,0.0,True,0.0,0.7449922439793699,0.8524238548351436,1052,0,1052.0,55,6,11,"(21, 17)",0,0.035211267605633804,88.63636363636364,45.27272727272727,source_memory,55,ATTACK,104,"(25, 13)",False,2,False,1080
0,0.0,True,0.0,0.9,0.9,1057,0,1057.0,50,3,13,"(25, 2)",0,0.03697183098591549,82.07692307692308,33.15384615384615,source_memory,50,ATTACK,80,"(25, 4)",False,0,False,1085
20,0.0,True,0.0,0.44557656189008626,0.6454119229619558,1025,36,1025.0,61,0,12,"(33, 8)",0,0.03433098591549296,85.91666666666667,38.5,source_memory,61,ATTACK,123,"(26, 44)",False,1,False,1085
15,0.0,True,0.0,0.7736511967443479,0.8818452409634068,1057,0,1057.0,55,6,11,"(21, 17)",0,0.035211267605633804,88.63636363636364,45.27272727272727,source_memory,55,ATTACK,104,"(24, 17)",False,2,False,1085
0,0.0,True,0.0,0.9,0.9,1061,0,1061.0,51,3,13,"(33, 30)",0,0.03697183098591549,82.07692307692308,33.15384615384615,source_memory,51,ATTACK,81,"(25, 4)",False,0,False,1090
20,0.0,True,0.0,0.44557656189008626,0.6454119229619558,1025,41,1025.0,61,0,12,"(33, 8)",0,0.03345070422535211,85.91666666666667,38.5,source_memory,61,ATTACK,128,"(26, 44)",False,1,False,1090
15,0.0,True,0.0,0.7960649469236085,0.9021898478188995,1061,0,1061.0,56,6,12,"(2, 41)",0,0.03609154929577465,90.75,47.416666666666664,source_memory,56,ATTACK,105,"(22, 17)",False,2,False,1090
0,0.0,True,0.0,0.9,0.9,1066,0,1066.0,51,3,13,"(33, 30)",0,0.03697183098591549,82.07692307692308,33.15384615384615,source_memory,51,ATTACK,81,"(26, 8)",False,0,False,1095
20,0.0,True,0.0,0.44557656189008626,0.6454119229619558,1025,46,1025.0,61,0,12,"(33, 8)",0,0.03345070422535211,85.91666666666667,38.5,source_memory,61,ATTACK,133,"(26, 44)",False,1,False,1095
15,0.0,True,0.0,0.8015141151458234,0.9050483113679068,1066,0,1066.0,56,6,12,"(2, 41)",0,0.03609154929577465,90.75,47.416666666666664,source_memory,56,ATTACK,105,"(25, 19)",False,2,False,1095
0,0.0,True,0.0,0.9,0.9,1071,0,1071.0,52,3,13,"(33, 30)",0,0.03527336860670194,82.07692307692308,33.15384615384615,source_memory,52,ATTACK,82,"(26, 13)",False,0,False,1100
20,0.0,True,0.0,0.44557656189008626,0.6454119229619558,1025,51,1025.0,61,0,12,"(33, 8)",0,0.03350970017636684,85.91666666666667,38.5,source_memory,61,ATTACK,138,"(26, 44)",False,1,False,1100
15,0.0,True,0.0,0.8015141151458234,0.9050483113679068,1071,0,1071.0,56,6,12,"(2, 41)",0,0.036155202821869487,90.75,47.416666666666664,source_memory,56,ATTACK,106,"(25, 24)",False,2,False,1100
0,0.0,True,0.0,0.9,0.9,1076,0,1076.0,52,3,13,"(33, 30)",0,0.03439153439153439,82.07692307692308,33.15384615384615,source_memory,52,ATTACK,82,"(28, 16)",False,0,False,1105
20,0.0,True,0.0,0.44557656189008626,0.6454119229619558,1025,56,1025.0,61,0,12,"(33, 8)",0,0.03350970017636684,85.91666666666667,38.5,source_memory,61,ATTACK,143,"(26, 44)",False,1,False,1105
15,0.0,True,0.0,0.8015141151458234,0.9050483113679068,1076,0,1076.0,56,6,12,"(2, 41)",0,0.036155202821869487,90.75,47.416666666666664,source_memory,56,ATTACK,106,"(25, 29)",False,2,False,1105
0,0.0,True,0.0,0.9,0.9,1081,0,1081.0,52,3,13,"(33, 30)",0,0.03251318101933216,82.07692307692308,33.15384615384615,source_memory,52,ATTACK,84,"(29, 20)",False,0,False,1110
20,0.0,True,0.0,0.44557656189008626,0.6454119229619558,1025,61,1025.0,61,0,12,"(33, 8)",0,0.029876977152899824,85.91666666666667,38.5,source_memory,61,ATTACK,148,"(26, 44)",False,1,False,1110
15,0.0,True,0.0,0.8015141151458234,0.9050483113679068,1081,0,1081.0,56,6,12,"(2, 41)",0,0.030755711775043937,90.75,47.416666666666664,source_memory,56,ATTACK,106,"(23, 32)",False,2,False,1110
0,0.0,True,0.0,0.9,0.9,1086,0,1086.0,52,3,13,"(33, 30)",0,0.028070175438596492,82.07692307692308,33.15384615384615,source_memory,52,ATTACK,84,"(29, 25)",False,0,False,1115
25,0.0,True,0.0,0.44557656189008626,0.6454119229619558,1025,66,1025.0,61,0,12,"(33, 8)",0,0.02543859649122807,85.91666666666667,38.5,source_memory,61,ATTACK,153,"(26, 44)",False,1,False,1115
20,0.0,True,0.0,0.8015141151458234,0.9050483113679068,1086,0,1086.0,56,6,12,"(2, 41)",0,0.02982456140350877,90.75,47.416666666666664,source_memory,56,ATTACK,106,"(23, 37)",False,2,False,1115
0,0.0,True,0.0,0.9,0.9,1091,0,1091.0,54,3,13,"(33, 30)",0,0.025460930640913083,82.07692307692308,33.15384615384615,source_memory,54,ATTACK,86,"(28, 29)",False,0,False,1120
25,0.0,True,0.0,0.44557656189008626,0.6454119229619558,1025,71,1025.0,61,0,12,"(33, 8)",0,0.025460930640913083,85.91666666666667,38.5,source_memory,61,ATTACK,158,"(26, 44)",False,1,False,1120
20,0.0,True,0.0,0.8015141151458234,0.9050483113679068,1091,0,1091.0,56,6,12,"(2, 41)",0,0.028094820017559263,90.75,47.416666666666664,source_memory,56,ATTACK,106,"(21, 40)",False,2,False,1120
0,0.0,True,0.0,0.9,0.9,1096,0,1096.0,58,3,13,"(33, 30)",0,0.025460930640913083,82.07692307692308,33.15384615384615,source_memory,58,ATTACK,90,"(28, 34)",False,0,False,1125
21,0.0,True,0.0,0.44557656189008626,0.6454119229619558,1025,76,1025.0,61,0,12,"(33, 8)",0,0.025460930640913083,85.91666666666667,38.5,source_memory,61,ATTACK,163,"(26, 44)",False,1,False,1125
14,0.0,False,0.0,0.42792476416697484,0.42792476416697484,1096,0,1096.0,56,6,12,"(2, 41)",0,0.03160667251975417,90.75,47.416666666666664,source_memory,56,ATTACK,107,"(16, 40)",False,2,False,1125
0,0.0,True,0.0,0.9,0.9,1101,0,1101.0,58,3,13,"(33, 30)",0,0.0228270412642669,82.07692307692308,33.15384615384615,source_memory,58,ATTACK,90,"(30, 37)",False,0,False,1130
17,0.0,True,0.0,0.44557656189008626,0.6454119229619558,1025,81,1025.0,61,0,12,"(33, 8)",0,0.025460930640913083,85.91666666666667,38.5,source_memory,61,ATTACK,168,"(26, 44)",False,1,False,1130
10,0.0,False,0.0,0.34316340350198465,0.34316340350198465,1101,0,1101.0,56,6,12,"(2, 41)",0,0.03160667251975417,90.75,47.416666666666664,source_memory,56,ATTACK,107,"(12, 41)",False,2,False,1130
0,0.0,True,0.0,0.9,0.9,1106,0,1106.0,58,3,13,"(33, 30)",0,0.015803336259877086,82.07692307692308,33.15384615384615,source_memory,58,ATTACK,90,"(31, 33)",False,0,False,1135
16,0.0,True,0.0,0.44557656189008626,0.6454119229619558,1025,86,1025.0,61,0,12,"(33, 8)",0,0.021949078138718173,85.91666666666667,38.5,source_memory,61,ATTACK,173,"(26, 44)",False,1,False,1135
9,0.0,False,0.0,0.34316340350198465,0.34316340350198465,1106,0,1106.0,56,6,12,"(2, 41)",0,0.025460930640913083,90.75,47.416666666666664,source_memory,56,ATTACK,107,"(7, 41)",False,2,False,1135
0,0.0,True,0.0,0.9,0.9,1111,0,1111.0,58,3,13,"(33, 30)",0,0.014964788732394365,82.07692307692308,33.15384615384615,source_memory,58,ATTACK,90,"(33, 30)",False,0,False,1140
15,0.0,True,0.0,0.44557656189008626,0.6454119229619558,1025,91,1025.0,61,0,12,"(33, 8)",0,0.022026431718061675,85.91666666666667,38.5,source_memory,61,ATTACK,178,"(26, 44)",False,1,False,1140
8,0.0,False,0.0,0.34316340350198465,0.34316340350198465,1111,0,1111.0,56,6,12,"(2, 41)",0,0.02555066079295154,90.75,47.416666666666664,source_memory,56,ATTACK,107,"(2, 41)",False,2,False,1140
0,0.0,True,0.0,0.9,0.9,1115,0,1115.0,59,3,14,"(2, 41)",0,0.014964788732394365,81.5,34.57142857142857,source_memory,59,ATTACK,91,"(31, 32)",False,0,False,1145
15,0.0,True,0.0,0.44557656189008626,0.6454119229619558,1025,96,1025.0,61,0,12,"(33, 8)",0,0.022026431718061675,85.91666666666667,38.5,source_memory,61,ATTACK,183,"(26, 44)",False,1,False,1145
8,0.0,False,0.0,0.34316340350198465,0.34316340350198465,1115,0,1115.0,57,6,12,"(33, 8)",0,0.02555066079295154,90.75,47.416666666666664,source_memory,57,ATTACK,108,"(6, 41)",False,2,False,1145
0,0.0,True,0.0,0.9,0.9,1120,0,1120.0,59,3,14,"(2, 41)",0,0.014964788732394365,81.5,34.57142857142857,source_memory,59,ATTACK,92,"(29, 35)",False,0,False,1150
15,0.0,True,0.0,0.44557656189008626,0.6454119229619558,1025,101,1025.0,61,0,12,"(33, 8)",0,0.019383259911894272,85.91666666666667,38.5,source_memory,61,ATTACK,188,"(26, 44)",False,1,False,1150
8,0.0,False,0.0,0.34316340350198465,0.34316340350198465,1120,0,1120.0,58,6,12,"(33, 8)",0,0.02643171806167401,90.75,47.416666666666664,source_memory,58,ATTACK,109,"(11, 41)",False,2,False,1150
0,0.0,True,0.0,0.9,0.9,1125,0,1125.0,59,3,14,"(2, 41)",0,0.014964788732394365,81.5,34.57142857142857,source_memory,59,ATTACK,92,"(27, 38)",False,0,False,1155
20,0.0,True,0.0,0.44557656189008626,0.6454119229619558,1025,106,1025.0,61,0,12,"(33, 8)",0,0.018502202643171806,85.91666666666667,38.5,source_memory,61,ATTACK,193,"(26, 44)",False,1,False,1155
13,0.0,False,0.0,0.34316340350198465,0.34316340350198465,1125,0,1125.0,58,6,12,"(33, 8)",0,0.02643171806167401,90.75,47.416666666666664,source_memory,58,ATTACK,109,"(14, 39)",False,2,False,1155
0,0.0,True,0.0,0.9,0.9,1130,0,1130.0,59,3,14,"(2, 41)",0,0.015287769784172662,81.5,34.57142857142857,source_memory,59,ATTACK,92,"(23, 39)",False,0,False,1160
20,0.0,True,0.0,0.44557656189008626,0.6454119229619558,1025,111,1025.0,61,0,12,"(33, 8)",0,0.017985611510791366,85.91666666666667,38.5,source_memory,61,ATTACK,198,"(26, 44)",False,1,False,1160
13,0.0,False,0.0,0.3466032580957333,0.39046199682875155,1130,0,1130.0,58,6,12,"(33, 8)",0,0.030575539568345324,90.75,47.416666666666664,source_memory,58,ATTACK,109,"(19, 39)",False,2,False,1160
0,0.0,True,0.0,0.9,0.9,1135,0,1135.0,59,3,14,"(2, 41)",0,0.015287769784172662,81.5,34.57142857142857,source_memory,59,ATTACK,92,"(20, 41)",False,0,False,1165
17,0.0,True,0.0,0.44557656189008626,0.6454119229619558,1025,116,1025.0,61,0,12,"(33, 8)",0,0.0170863309352518,85.91666666666667,38.5,source_memory,61,ATTACK,203,"(26, 44)",False,1,False,1165
13,0.0,True,0.0,0.375390364470736,0.5202971783137542,1135,0,1135.0,58,6,12,"(33, 8)",0,0.030575539568345324,90.75,47.416666666666664,source_memory,58,ATTACK,109,"(23, 38)",False,2,False,1165
0,0.0,True,0.0,0.9,0.9,1140,0,1140.0,59,3,14,"(2, 41)",0,0.015287769784172662,81.5,34.57142857142857,source_memory,59,ATTACK,92,"(15, 41)",False,0,False,1170
14,0.0,True,0.0,0.44557656189008626,0.6454119229619558,1025,121,1025.0,61,0,12,"(33, 8)",0,0.0170863309352518,85.91666666666667,38.5,source_memory,61,ATTACK,208,"(26, 44)",False,1,False,1170
12,0.0,True,0.0,0.42087201391213874,0.6044328694028348,1140,0,1140.0,58,6,12,"(33, 8)",0,0.030575539568345324,90.75,47.416666666666664,source_memory,58,ATTACK,109,"(23, 33)",False,2,False,1170
0,0.0,True,0.0,0.9,0.9,1145,0,1145.0,59,3,14,"(2, 41)",0,0.015287769784172662,81.5,34.57142857142857,source_memory,59,ATTACK,93,"(10, 41)",False,0,False,1175
11,0.0,True,0.0,0.44557656189008626,0.6454119229619558,1025,126,1025.0,61,0,12,"(33, 8)",0,0.0170863309352518,85.91666666666667,38.5,source_memory,61,ATTACK,213,"(26, 44)",False,1,False,1175
10,0.0,True,0.0,0.4705561642851196,0.6617726273267842,1145,0,1145.0,59,6,12,"(33, 8)",0,0.02877697841726619,90.75,47.416666666666664,source_memory,59,ATTACK,110,"(25, 30)",False,2,False,1175
0,0.0,True,0.0,0.9,0.9,1150,0,1150.0,59,3,14,"(2, 41)",0,0.015329125338142471,81.5,34.57142857142857,source_memory,59,ATTACK,93,"(5, 41)",False,0,False,1180
7,0.0,True,0.0,0.44557656189008626,0.6454119229619558,1025,131,1025.0,61,0,12,"(33, 8)",0,0.017132551848512173,85.91666666666667,38.5,source_memory,61,ATTACK,218,"(26, 44)",False,1,False,1180
6,0.0,True,0.0,0.5206312647941338,0.7084591209704884,1150,0,1150.0,59,6,12,"(33, 8)",0,0.02254283137962128,90.75,47.416666666666664,source_memory,59,ATTACK,110,"(27, 27)",False,2,False,1180
0,0.0,True,0.0,0.9,0.9,1154,0,1154.0,60,3,14,"(21, 17)",0,0.015329125338142471,81.5,34.57142857142857,source_memory,60,ATTACK,94,"(3, 41)",False,0,False,1185
7,0.0,True,0.0,0.44557656189008626,0.6454119229619558,1025,136,1025.0,61,0,12,"(33, 8)",0,0.016230838593327322,85.91666666666667,38.5,source_memory,61,ATTACK,223,"(26, 44)",False,1,False,1185
6,0.0,True,0.0,0.5683981732409702,0.7452424144600259,1155,0,1155.0,59,6,12,"(33, 8)",0,0.02164111812443643,90.75,47.416666666666664,source_memory,59,ATTACK,110,"(27, 22)",False,2,False,1185
0,0.0,True,0.0,0.9,0.9,1159,0,1159.0,60,3,14,"(21, 17)",0,0.015329125338142471,81.5,34.57142857142857,source_memory,60,ATTACK,94,"(8, 41)",False,0,False,1190
7,0.0,True,0.0,0.44557656189008626,0.6454119229619558,1025,141,1025.0,61,0,12,"(33, 8)",0,0.016230838593327322,85.91666666666667,38.5,source_memory,61,ATTACK,228,"(26, 44)",False,1,False,1190
6,0.0,True,0.0,0.6129734848086626,0.7773451926542632,1160,0,1160.0,59,6,12,"(33, 8)",0,0.02164111812443643,90.75,47.416666666666664,source_memory,59,ATTACK,110,"(27, 17)",False,2,False,1190
0,0.0,True,0.0,0.9,0.9,1164,0,1164.0,60,3,14,"(21, 17)",0,0.015329125338142471,81.5,34.57142857142857,source_memory,60,ATTACK,94,"(12, 40)",False,0,False,1195
11,0.0,True,0.0,0.44557656189008626,0.6454119229619558,1025,146,1025.0,61,0,12,"(33, 8)",0,0.016216216216216217,85.91666666666667,38.5,source_memory,61,ATTACK,233,"(26, 44)",False,1,False,1195
10,0.0,True,0.0,0.6538986256060377,0.8034650467770441,1165,0,1165.0,59,6,12,"(33, 8)",0,0.025225225225225224,90.75,47.416666666666664,source_memory,59,ATTACK,110,"(27, 12)",False,2,False,1195
0,0.0,True,0.0,0.9,0.9,1169,0,1169.0,61,3,14,"(21, 17)",0,0.053783044667274384,81.5,34.57142857142857,source_memory,61,ATTACK,95,"(13, 36)",False,0,False,1200
10,0.0,True,0.0,0.44557656189008626,0.6454119229619558,1026,150,1026.0,62,0,12,"(33, 8)",0,0.05004549590536852,85.91666666666667,38.5,source_memory,62,ATTACK,238,"(26, 43)",False,1,False,1200
10,0.0,True,0.0,0.6837649503027583,0.8207111020526666,1170,0,1170.0,59,6,12,"(33, 8)",0,0.052823315118397086,90.75,47.416666666666664,source_memory,59,ATTACK,111,"(30, 10)",False,2,False,1200
0,0.0,True,0.0,0.9,0.9,1174,0,1174.0,61,3,14,"(21, 17)",0,0.0528673835125448,81.5,34.57142857142857,source_memory,61,ATTACK,95,"(15, 33)",False,0,False,1205
10,0.0,True,0.0,0.44557656189008626,0.6454119229619558,1031,150,1031.0,62,0,12,"(33, 8)",0,0.04830053667262969,85.91666666666667,38.5,source_memory,62,ATTACK,238,"(28, 40)",False,1,False,1205
10,0.0,True,0.0,0.6837649503027583,0.8207111020526666,1175,0,1175.0,59,6,12,"(33, 8)",0,0.051924798567591766,90.75,47.416666666666664,source_memory,59,ATTACK,111,"(33, 8)",False,2,False,1205
0,0.0,True,0.0,0.9,0.9,1179,0,1179.0,61,3,14,"(21, 17)",0,0.05017921146953405,81.5,34.57142857142857,source_memory,61,ATTACK,95,"(16, 29)",False,0,False,1210
6,0.0,True,0.0,0.44557656189008626,0.6454119229619558,1036,150,1036.0,62,0,12,"(33, 8)",0,0.04025044722719141,85.91666666666667,38.5,source_memory,62,ATTACK,238,"(28, 35)",False,1,False,1210
6,0.0,True,0.0,0.6837649503027583,0.8207111020526666,1179,0,1179.0,60,6,13,"(13, 50)",0,0.049239033124440466,92.76923076923077,48.76923076923077,source_memory,60,ATTACK,112,"(30, 9)",False,2,False,1210
0,0.0,True,0.0,0.9,0.9,1184,0,1184.0,61,3,14,"(21, 17)",0,0.047491039426523295,81.5,34.57142857142857,source_memory,61,ATTACK,95,"(16, 24)",False,0,False,1215
6,0.0,True,0.0,0.44557656189008626,0.6454119229619558,1041,150,1041.0,62,0,12,"(33, 8)",0,0.03130590339892665,85.91666666666667,38.5,source_memory,62,ATTACK,238,"(28, 30)",False,1,False,1215
6,0.0,True,0.0,0.6837649503027583,0.8207111020526666,1184,0,1184.0,61,6,13,"(13, 50)",0,0.046553267681289166,92.76923076923077,48.76923076923077,source_memory,61,ATTACK,113,"(27, 11)",False,2,False,1215
0,0.0,True,0.0,0.9,0.9,1189,0,1189.0,61,3,14,"(21, 17)",0,0.04390681003584229,81.5,34.57142857142857,source_memory,61,ATTACK,95,"(18, 21)",False,0,False,1220
6,0.0,True,0.0,0.44557656189008626,0.6454119229619558,1046,150,1046.0,62,0,12,"(33, 8)",0,0.026833631484794274,85.91666666666667,38.5,source_memory,62,ATTACK,238,"(28, 25)",False,1,False,1220
6,0.0,True,0.0,0.6837649503027583,0.8207111020526666,1189,0,1189.0,62,6,13,"(13, 50)",0,0.045658012533572066,92.76923076923077,48.76923076923077,source_memory,62,ATTACK,114,"(25, 14)",False,2,False,1220
0,0.0,True,0.0,0.9,0.9,1194,0,1194.0,61,3,14,"(21, 17)",0,0.043010752688172046,81.5,34.57142857142857,source_memory,61,ATTACK,96,"(19, 17)",False,0,False,1225
6,0.0,True,0.0,0.44557656189008626,0.6454119229619558,1051,150,1051.0,62,0,12,"(33, 8)",0,0.0259391771019678,85.91666666666667,38.5,source_memory,62,ATTACK,239,"(28, 20)",False,1,False,1225
6,0.0,True,0.0,0.6909630213943146,0.827726372133885,1194,0,1194.0,62,6,13,"(13, 50)",0,0.045658012533572066,92.76923076923077,48.76923076923077,source_memory,62,ATTACK,115,"(25, 19)",False,2,False,1225
0,0.0,True,0.0,0.9,0.9,1198,0,1198.0,62,3,15,"(33, 50)",0,0.03853046594982079,81.86666666666666,35.2,source_memory,62,ATTACK,97,"(23, 17)",False,0,False,1230
6,0.0,True,0.0,0.47747029909897615,0.6823940198098825,1056,150,1056.0,62,0,12,"(33, 8)",0,0.024150268336314847,85.91666666666667,38.5,source_memory,62,ATTACK,239,"(28, 15)",False,1,False,1230
6,0.0,True,0.0,0.7052406783940406,0.8403165424899514,1199,0,1199.0,62,6,13,"(13, 50)",0,0.04028648164726947,92.76923076923077,48.76923076923077,source_memory,62,ATTACK,115,"(25, 24)",False,2,False,1230
0,0.0,True,0.0,0.9,0.9,1203,0,1203.0,62,3,15,"(33, 50)",0,0.034050179211469536,81.86666666666666,35.2,source_memory,62,ATTACK,97,"(27, 18)",False,0,False,1235
11,0.0,True,0.0,0.5338032244076066,0.7506518197754555,1061,150,1061.0,62,0,12,"(33, 8)",0,0.0259391771019678,85.91666666666667,38.5,source_memory,62,ATTACK,239,"(28, 10)",False,1,False,1235
6,0.0,False,0.0,0.4793265747267658,0.4793265747267658,1204,0,1204.0,63,6,13,"(13, 50)",0,0.03133393017009848,92.76923076923077,48.76923076923077,source_memory,63,ATTACK,116,"(24, 28)",False,2,False,1235
0,0.0,True,0.0,0.9,0.9,1208,0,1208.0,62,3,15,"(33, 50)",0,0.034050179211469536,81.86666666666666,35.2,source_memory,62,ATTACK,97,"(27, 23)",False,0,False,1240
10,0.0,True,0.0,0.5563342201872096,0.7689199860455846,1066,150,1066.0,62,0,12,"(33, 8)",0,0.0259391771019678,85.91666666666667,38.5,source_memory,62,ATTACK,239,"(31, 8)",False,1,False,1240
6,0.0,False,0.0,0.48008315525939704,0.4944581853793902,1209,0,1209.0,63,6,13,"(13, 50)",0,0.025067144136078783,92.76923076923077,48.76923076923077,source_memory,63,ATTACK,116,"(24, 33)",False,2,False,1240
0,0.0,True,0.0,0.9,0.9,1213,0,1213.0,62,3,15,"(33, 50)",0,0.03046594982078853,81.86666666666666,35.2,source_memory,62,ATTACK,97,"(27, 28)",False,0,False,1245
7,0.0,True,0.0,0.5563342201872096,0.7689199860455846,1070,150,1070.0,63,0,13,"(33, 50)",0,0.0259391771019678,95.61538461538461,50.69230769230769,source_memory,63,ATTACK,240,"(33, 10)",False,1,False,1245
6,0.0,True,0.0,0.49376532995434247,0.5673351315921927,1214,0,1214.0,63,6,13,"(13, 50)",0,0.025067144136078783,92.76923076923077,48.76923076923077,source_memory,63,ATTACK,116,"(23, 37)",False,2,False,1245
0,0.0,True,0.0,0.9,0.9,1218,0,1218.0,63,3,15,"(33, 50)",0,0.025985663082437275,81.86666666666666,35.2,source_memory,63,ATTACK,98,"(27, 33)",False,0,False,1250
6,0.0,True,0.0,0.588740919859208,0.7900722128929591,1075,150,1075.0,63,0,13,"(33, 50)",0,0.0259391771019678,95.61538461538461,50.69230769230769,source_memory,63,ATTACK,241,"(30, 12)",False,1,False,1250
6,0.0,True,0.0,0.5131893991923531,0.6167652124324684,1219,0,1219.0,63,6,13,"(13, 50)",0,0.02864816472694718,92.76923076923077,48.76923076923077,source_memory,63,ATTACK,117,"(21, 40)",False,2,False,1250
0,0.0,True,0.0,0.9,0.9,1223,0,1223.0,63,3,15,"(33, 50)",0,0.025089605734767026,81.86666666666666,35.2,source_memory,63,ATTACK,98,"(29, 36)",False,0,False,1255
6,0.0,True,0.0,0.6388273008226957,0.8221308316420513,1080,150,1080.0,63,0,13,"(33, 50)",0,0.0259391771019678,95.61538461538461,50.69230769230769,source_memory,63,ATTACK,241,"(29, 16)",False,1,False,1255
6,0.0,True,0.0,0.5443589405240579,0.669862508993254,1224,0,1224.0,63,6,13,"(13, 50)",0,0.02864816472694718,92.76923076923077,48.76923076923077,source_memory,63,ATTACK,117,"(16, 40)",False,2,False,1255
0,0.0,True,0.0,0.9,0.9,1228,0,1228.0,63,3,15,"(33, 50)",0,0.023381294964028777,81.86666666666666,35.2,source_memory,63,ATTACK,98,"(29, 41)",False,0,False,1260
6,0.0,True,0.0,0.6842778463301625,0.8499232439099099,1085,150,1085.0,63,0,13,"(33, 50)",0,0.026929982046678635,95.61538461538461,50.69230769230769,source_memory,63,ATTACK,241,"(29, 21)",False,1,False,1260
6,0.0,True,0.0,0.5719432247644688,0.7046510066163562,1229,0,1229.0,63,6,13,"(13, 50)",0,0.027852650494159928,92.76923076923077,48.76923076923077,source_memory,63,ATTACK,117,"(13, 42)",False,2,False,1260
0,0.0,True,0.0,0.9,0.9,1233,0,1233.0,63,3,15,"(33, 50)",0,0.020572450805008944,81.86666666666666,35.2,source_memory,63,ATTACK,98,"(30, 45)",False,0,False,1265
6,0.0,True,0.0,0.7250791954264475,0.8735126644775854,1090,150,1090.0,63,0,13,"(33, 50)",0,0.025,95.61538461538461,50.69230769230769,source_memory,63,ATTACK,241,"(29, 26)",False,1,False,1265
6,0.0,True,0.0,0.5719432247644688,0.7046510066163562,1234,0,1234.0,63,6,13,"(13, 50)",0,0.025022341376228777,92.76923076923077,48.76923076923077,source_memory,63,ATTACK,117,"(13, 47)",False,2,False,1265
0,0.0,True,0.0,0.9,0.9,1238,0,1238.0,63,3,15,"(33, 50)",0,0.020572450805008944,81.86666666666666,35.2,source_memory,63,ATTACK,98,"(31, 49)",False,0,False,1270
6,0.0,True,0.0,0.7615445917003745,0.8936335727606406,1095,150,1095.0,63,0,13,"(33, 50)",0,0.024107142857142858,95.61538461538461,50.69230769230769,source_memory,63,ATTACK,241,"(29, 31)",False,1,False,1270
6,0.0,True,0.0,0.5719432247644688,0.7046510066163562,1238,0,1238.0,64,6,13,"(15, 2)",0,0.024128686327077747,92.76923076923077,48.76923076923077,source_memory,64,ATTACK,118,"(13, 49)",False,2,False,1270
0,0.0,True,0.0,0.9,0.9,1242,0,1242.0,64,3,15,"(13, 50)",0,0.020572450805008944,81.86666666666666,35.2,source_memory,64,ATTACK,100,"(32, 50)",False,0,False,1275
40,0.0,True,0.0,0.7938026522458683,0.9104109498018564,1100,150,1100.0,63,0,13,"(33, 50)",0,0.054464285714285715,95.61538461538461,50.69230769230769,source_memory,63,ATTACK,242,"(29, 36)",False,1,False,1275
40,11.432616525110149,True,11.432616525110149,0.5719432247644688,0.7046510066163562,1243,0,1243.0,65,6,13,"(15, 2)",40,0.05451295799821269,92.76923076923077,48.76923076923077,source_memory,65,ATTACK,120,"(13, 44)",True,2,True,1275
0,0.0,True,0.0,0.9,0.9,1247,0,1247.0,64,3,15,"(13, 50)",0,0.01942645698427382,81.86666666666666,35.2,source_memory,64,ATTACK,100,"(28, 49)",False,0,False,1280
40,0.0,True,0.0,0.8220732915232717,0.9238182426424996,1105,150,1105.0,63,0,13,"(33, 50)",0,0.053406998158379376,95.61538461538461,50.69230769230769,source_memory,63,ATTACK,242,"(29, 41)",False,1,False,1280
40,11.432616525110149,True,11.432616525110149,0.5719432247644688,0.7046510066163562,1248,0,1248.0,65,6,13,"(15, 2)",40,0.054377880184331796,92.76923076923077,48.76923076923077,source_memory,65,ATTACK,120,"(14, 40)",True,2,True,1280
0,0.0,True,0.0,0.9,0.9,1252,0,1252.0,64,3,15,"(13, 50)",0,0.018501387604070305,81.86666666666666,35.2,source_memory,64,ATTACK,100,"(23, 49)",False,0,False,1285
40,0.0,True,0.0,0.8467699574070969,0.9354868880182777,1110,150,1110.0,63,0,13,"(33, 50)",0,0.052486187845303865,95.61538461538461,50.69230769230769,source_memory,63,ATTACK,242,"(32, 43)",False,1,False,1285
40,11.432616525110149,True,11.432616525110149,0.6001709723343731,0.7348434904798739,1253,0,1253.0,65,6,13,"(15, 2)",40,0.053456221198156684,92.76923076923077,48.76923076923077,source_memory,65,ATTACK,120,"(14, 35)",True,2,True,1285
0,0.0,True,0.0,0.9,0.9,1257,0,1257.0,64,3,15,"(13, 50)",0,0.015711645101663587,81.86666666666666,35.2,source_memory,64,ATTACK,100,"(18, 49)",False,0,False,1290
39,0.0,True,0.0,0.8684114608634629,0.9466426940206579,1115,150,1115.0,63,0,13,"(33, 50)",0,0.04967801287948482,95.61538461538461,50.69230769230769,source_memory,63,ATTACK,242,"(32, 48)",False,1,False,1290
38,10.217842806124267,True,10.217842806124267,0.6354183379715946,0.7682067032445263,1258,0,1258.0,65,6,13,"(15, 2)",38,0.05064456721915286,92.76923076923077,48.76923076923077,source_memory,65,ATTACK,120,"(14, 30)",True,2,True,1290
0,0.0,True,0.0,0.9,0.9,1262,0,1262.0,64,3,15,"(13, 50)",0,0.014787430683918669,81.86666666666666,35.2,source_memory,64,ATTACK,100,"(13, 49)",False,0,False,1295
39,0.0,True,0.0,0.8764230685757383,0.9522445317262497,1119,150,1119.0,64,0,13,"(25, 2)",0,0.04875804967801288,95.61538461538461,50.69230769230769,source_memory,64,ATTACK,243,"(32, 50)",False,1,False,1295
38,10.217842806124267,True,10.217842806124267,0.6694754373524648,0.7967298157660544,1263,0,1263.0,65,6,13,"(15, 2)",38,0.049723756906077346,92.76923076923077,48.76923076923077,source_memory,65,ATTACK,120,"(14, 25)",True,2,True,1295
0,0.0,True,0.0,0.9,0.9,1266,0,1266.0,66,3,16,"(2, 41)",0,0.014258555133079848,81.0625,34.4375,source_memory,66,ATTACK,102,"(12, 48)",False,0,False,1300
39,0.0,True,0.0,0.8946692344983338,0.9602284318561297,1124,150,1124.0,64,0,13,"(25, 2)",0,0.04924242424242424,95.61538461538461,50.69230769230769,source_memory,64,ATTACK,244,"(30, 47)",False,1,False,1300
38,10.796616751104338,True,10.796616751104338,0.7018072504177733,0.8217746188464673,1268,0,1268.0,65,6,13,"(15, 2)",38,0.050189393939393936,92.76923076923077,48.76923076923077,source_memory,65,ATTACK,121,"(14, 20)",True,2,True,1300
0,0.0,True,0.0,0.9,0.9,1271,0,1271.0,66,3,16,"(2, 41)",0,0.011406844106463879,81.0625,34.4375,source_memory,66,ATTACK,102,"(12, 43)",False,0,False,1305
39,0.0,True,0.0,0.8946692344983338,0.9602284318561297,1129,150,1129.0,64,0,13,"(25, 2)",0,0.041666666666666664,95.61538461538461,50.69230769230769,source_memory,64,ATTACK,244,"(30, 42)",False,1,False,1305
18,0.0,False,0.0,0.3733816354530306,0.3733816354530306,1273,0,1273.0,66,6,13,"(15, 2)",0,0.016098484848484848,92.76923076923077,48.76923076923077,source_memory,66,ATTACK,124,"(14, 15)",False,2,False,1305
0,0.0,True,0.0,0.9,0.9,1276,0,1276.0,66,3,16,"(2, 41)",0,0.011406844106463879,81.0625,34.4375,source_memory,66,ATTACK,102,"(9, 41)",False,0,False,1310
54,0.0,True,0.0,0.8946692344983338,0.9602284318561297,1134,150,1134.0,64,0,13,"(25, 2)",0,0.048295454545454544,95.61538461538461,50.69230769230769,source_memory,64,ATTACK,244,"(29, 38)",False,1,False,1310
20,0.0,False,0.0,0.11366354013341513,0.11366354013341513,1278,0,1278.0,66,6,13,"(15, 2)",0,0.016098484848484848,92.76923076923077,48.76923076923077,source_memory,66,ATTACK,125,"(14, 10)",False,2,False,1310
0,0.0,True,0.0,0.9,0.9,1281,0,1281.0,66,3,16,"(2, 41)",0,0.011396011396011397,81.0625,34.4375,source_memory,66,ATTACK,102,"(4, 41)",False,0,False,1315
54,0.0,True,0.0,0.907270013581813,0.9639640553203294,1139,150,1139.0,64,0,13,"(25, 2)",0,0.06244087038789026,95.61538461538461,50.69230769230769,source_memory,64,ATTACK,244,"(28, 34)",False,1,False,1315
19,0.0,False,0.0,0.09020915883604376,0.09020915883604376,1283,0,1283.0,66,6,13,"(15, 2)",0,0.01608325449385052,92.76923076923077,48.76923076923077,source_memory,66,ATTACK,125,"(14, 5)",False,2,False,1315
0,0.0,True,0.0,0.9,0.9,1285,0,1285.0,67,3,16,"(2, 50)",0,0.007835455435847209,81.0625,34.4375,source_memory,67,ATTACK,103,"(3, 42)",False,0,False,1320
54,0.0,True,0.0,0.9207114711230002,0.9682124791300649,1144,150,1144.0,64,0,13,"(25, 2)",0,0.06072477962781587,95.61538461538461,50.69230769230769,source_memory,64,ATTACK,244,"(28, 29)",False,1,False,1320
19,0.0,False,0.0,0.09020915883604376,0.09020915883604376,1287,0,1287.0,67,6,14,"(2, 41)",0,0.012732615083251714,94.28571428571429,48.92857142857143,source_memory,67,ATTACK,126,"(15, 2)",False,2,False,1320
0,0.0,True,0.0,0.9,0.9,1290,0,1290.0,67,3,16,"(2, 50)",0,0.007729468599033816,81.0625,34.4375,source_memory,67,ATTACK,104,"(3, 47)",False,0,False,1325
54,0.0,True,0.0,0.9207114711230002,0.9682124791300649,1149,150,1149.0,65,0,13,"(25, 2)",0,0.05990338164251208,95.61538461538461,50.69230769230769,source_memory,65,ATTACK,245,"(27, 25)",False,1,False,1325
19,0.0,False,0.0,0.09020915883604376,0.09020915883604376,1292,0,1292.0,67,6,14,"(2, 41)",0,0.012560386473429951,94.28571428571429,48.92857142857143,source_memory,67,ATTACK,127,"(15, 7)",False,2,False,1325
0,0.0,True,0.0,0.9,0.9,1294,0,1294.0,68,3,17,"(33, 8)",0,0.007714561234329798,78.23529411764706,33.11764705882353,source_memory,68,ATTACK,105,"(2, 50)",False,0,False,1330
54,0.0,True,0.0,0.9277464623683347,0.9707872238288523,1154,150,1154.0,65,0,13,"(25, 2)",0,0.03664416586306654,95.61538461538461,50.69230769230769,source_memory,65,ATTACK,245,"(25, 22)",False,1,False,1330
19,0.0,False,0.0,0.09020915883604376,0.09020915883604376,1297,0,1297.0,67,6,14,"(2, 41)",0,0.01253616200578592,94.28571428571429,48.92857142857143,source_memory,67,ATTACK,127,"(15, 12)",False,2,False,1330
0,0.0,True,0.0,0.9,0.9,1299,0,1299.0,68,3,17,"(33, 8)",0,0.007714561234329798,78.23529411764706,33.11764705882353,source_memory,68,ATTACK,105,"(5, 48)",False,0,False,1335
54,0.0,True,0.0,0.9299407446694515,0.9716321083906722,1159,150,1159.0,65,0,13,"(25, 2)",0,0.03664416586306654,95.61538461538461,50.69230769230769,source_memory,65,ATTACK,245,"(25, 17)",False,1,False,1335
19,0.0,False,0.0,0.09020915883604376,0.09020915883604376,1302,0,1302.0,67,6,14,"(2, 41)",0,0.01253616200578592,94.28571428571429,48.92857142857143,source_memory,67,ATTACK,127,"(15, 17)",False,2,False,1335
0,0.0,True,0.0,0.9,0.9,1304,0,1304.0,68,3,17,"(33, 8)",0,0.007866273352999017,78.23529411764706,33.11764705882353,source_memory,68,ATTACK,105,"(8, 46)",False,0,False,1340
54,0.0,True,0.0,0.9361498962658145,0.9743958280211159,1164,150,1164.0,65,0,13,"(25, 2)",0,0.043095004897159644,95.61538461538461,50.69230769230769,source_memory,65,ATTACK,245,"(25, 12)",False,1,False,1340
19,0.0,False,0.0,0.10597122568061061,0.20378363896656707,1307,0,1307.0,67,6,14,"(2, 41)",0,0.014691478942213516,94.28571428571429,48.92857142857143,source_memory,67,ATTACK,127,"(15, 22)",False,2,False,1340
0,0.0,True,0.0,0.9,0.9,1309,0,1309.0,68,3,17,"(33, 8)",0,0.007850834151128557,78.23529411764706,33.11764705882353,source_memory,68,ATTACK,105,"(12, 45)",False,0,False,1345
54,0.0,True,0.0,0.9361498962658145,0.9743958280211159,1169,150,1169.0,65,0,13,"(25, 2)",0,0.04398826979472141,95.61538461538461,50.69230769230769,source_memory,65,ATTACK,245,"(25, 7)",False,1,False,1345
19,0.0,False,0.0,0.1252860471371023,0.25574343162558183,1312,0,1312.0,67,6,14,"(2, 41)",0,0.01466275659824047,94.28571428571429,48.92857142857143,source_memory,67,ATTACK,127,"(15, 27)",False,2,False,1345
0,0.0,True,0.0,0.9,0.9,1314,0,1314.0,68,3,17,"(33, 8)",0,0.06274509803921569,78.23529411764706,33.11764705882353,source_memory,68,ATTACK,106,"(12, 40)",False,0,False,1350
69,0.0,True,0.0,0.9361498962658145,0.9743958280211159,1174,150,1174.0,65,0,13,"(25, 2)",0,0.091796875,95.61538461538461,50.69230769230769,source_memory,65,ATTACK,246,"(25, 2)",False,1,False,1350
34,0.0,False,0.0,0.1252860471371023,0.25574343162558183,1317,0,1317.0,67,6,14,"(2, 41)",0,0.0556640625,94.28571428571429,48.92857142857143,source_memory,67,ATTACK,128,"(13, 30)",False,2,False,1350
0,0.0,True,0.0,0.9,0.9,1319,0,1319.0,68,3,17,"(33, 8)",0,0.06256109481915934,78.23529411764706,33.11764705882353,source_memory,68,ATTACK,106,"(14, 37)",False,0,False,1355
67,0.0,True,0.0,0.9361498962658145,0.9743958280211159,1178,150,1178.0,66,0,14,"(2, 41)",0,0.08771929824561403,96.5,51.142857142857146,source_memory,66,ATTACK,247,"(25, 6)",False,1,False,1355
31,0.0,False,0.0,0.16212940889126198,0.3664198104214538,1322,0,1322.0,67,6,14,"(2, 41)",0,0.05555555555555555,94.28571428571429,48.92857142857143,source_memory,67,ATTACK,128,"(13, 35)",False,2,False,1355
0,0.0,True,0.0,0.9,0.9,1324,0,1324.0,68,3,17,"(33, 8)",0,0.06280667320902845,78.23529411764706,33.11764705882353,source_memory,68,ATTACK,106,"(18, 36)",False,0,False,1360
59,0.0,True,0.0,0.9361498962658145,0.9743958280211159,1183,150,1183.0,67,0,14,"(2, 41)",0,0.07902439024390244,96.5,51.142857142857146,source_memory,67,ATTACK,249,"(25, 11)",False,1,False,1360
23,0.0,True,0.0,0.22836156114763648,0.5022545010553009,1327,0,1327.0,67,6,14,"(2, 41)",0,0.055609756097560976,94.28571428571429,48.92857142857143,source_memory,67,ATTACK,128,"(13, 40)",False,2,False,1360
0,0.0,True,0.0,0.9,0.9,1329,0,1329.0,69,3,17,"(33, 8)",0,0.05691854759568204,78.23529411764706,33.11764705882353,source_memory,69,ATTACK,107,"(21, 34)",False,0,False,1365
57,0.0,True,0.0,0.9361498962658145,0.9743958280211159,1188,150,1188.0,67,0,14,"(2, 41)",0,0.07512195121951219,96.5,51.142857142857146,source_memory,67,ATTACK,249,"(25, 16)",False,1,False,1365
21,0.0,True,0.0,0.28811985128254797,0.5728562437316339,1332,0,1332.0,67,6,14,"(2, 41)",0,0.05268292682926829,94.28571428571429,48.92857142857143,source_memory,67,ATTACK,128,"(9, 41)",False,2,False,1365
0,0.0,True,0.0,0.9,0.9,1334,0,1334.0,69,3,17,"(33, 8)",0,0.052011776251226695,78.23529411764706,33.11764705882353,source_memory,69,ATTACK,107,"(25, 33)",False,0,False,1370
57,0.0,True,0.0,0.9361498962658145,0.9743958280211159,1193,150,1193.0,67,0,14,"(2, 41)",0,0.06731707317073171,96.5,51.142857142857146,source_memory,67,ATTACK,249,"(25, 21)",False,1,False,1370
21,0.0,True,0.0,0.28811985128254797,0.5728562437316339,1337,0,1337.0,67,6,14,"(2, 41)",0,0.05170731707317073,94.28571428571429,48.92857142857143,source_memory,67,ATTACK,128,"(4, 41)",False,2,False,1370
0,0.0,True,0.0,0.9,0.9,1339,0,1339.0,69,3,17,"(33, 8)",0,0.047105004906771344,78.23529411764706,33.11764705882353,source_memory,69,ATTACK,108,"(28, 31)",False,0,False,1375
57,0.0,True,0.0,0.9418213947128302,0.9766128289694752,1198,150,1198.0,67,0,14,"(2, 41)",0,0.06536585365853659,96.5,51.142857142857146,source_memory,67,ATTACK,250,"(24, 25)",False,1,False,1375
21,0.0,True,0.0,0.28811985128254797,0.5728562437316339,1341,0,1341.0,69,6,14,"(21, 17)",0,0.05170731707317073,94.28571428571429,48.92857142857143,source_memory,69,ATTACK,130,"(4, 41)",False,2,False,1375
0,0.0,True,0.0,0.9,0.9,1344,0,1344.0,69,3,17,"(33, 8)",0,0.042198233562315994,78.23529411764706,33.11764705882353,source_memory,69,ATTACK,108,"(28, 26)",False,0,False,1380
57,0.0,True,0.0,0.9502931440053324,0.9809068912638516,1203,150,1203.0,67,0,14,"(2, 41)",0,0.06048780487804878,96.5,51.142857142857146,source_memory,67,ATTACK,250,"(24, 30)",False,1,False,1380
21,0.0,True,0.0,0.28811985128254797,0.5728562437316339,1346,0,1346.0,69,6,14,"(21, 17)",0,0.04780487804878049,94.28571428571429,48.92857142857143,source_memory,69,ATTACK,130,"(9, 41)",False,2,False,1380
0,0.0,True,0.0,0.9,0.9,1349,0,1349.0,69,3,17,"(33, 8)",0,0.040235525024533855,78.23529411764706,33.11764705882353,source_memory,69,ATTACK,108,"(28, 21)",False,0,False,1385
60,0.0,True,0.0,0.9194425296865206,0.9194425296865206,1208,150,1208.0,67,0,14,"(2, 41)",0,0.050731707317073174,96.5,51.142857142857146,source_memory,67,ATTACK,250,"(24, 35)",False,1,False,1385
26,0.0,True,0.0,0.30296663873816043,0.585055600394797,1351,0,1351.0,69,6,14,"(21, 17)",0,0.03902439024390244,94.28571428571429,48.92857142857143,source_memory,69,ATTACK,130,"(12, 39)",False,2,False,1385
0,0.0,True,0.0,0.9,0.9,1354,0,1354.0,69,3,17,"(33, 8)",0,0.040235525024533855,78.23529411764706,33.11764705882353,source_memory,69,ATTACK,108,"(28, 16)",False,0,False,1390
60,0.0,True,0.0,0.921236258613775,0.931979057158737,1213,150,1213.0,67,0,14,"(2, 41)",0,0.050731707317073174,96.5,51.142857142857146,source_memory,67,ATTACK,250,"(24, 40)",False,1,False,1390
26,0.0,True,0.0,0.37513639193348947,0.6437937434766398,1356,0,1356.0,69,6,14,"(21, 17)",0,0.03609756097560975,94.28571428571429,48.92857142857143,source_memory,69,ATTACK,130,"(14, 36)",False,2,False,1390
0,0.0,True,0.0,0.9,0.9,1359,0,1359.0,69,3,17,"(33, 8)",0,0.040235525024533855,78.23529411764706,33.11764705882353,source_memory,69,ATTACK,108,"(30, 13)",False,0,False,1395
57,0.0,True,0.0,0.9250327102480055,0.9414882217922961,1218,150,1218.0,67,0,14,"(2, 41)",0,0.04878048780487805,96.5,51.142857142857146,source_memory,67,ATTACK,250,"(19, 40)",False,1,False,1395
26,0.0,True,0.0,0.4428446778138917,0.6919555509313878,1361,0,1361.0,69,6,14,"(21, 17)",0,0.03609756097560975,94.28571428571429,48.92857142857143,source_memory,69,ATTACK,130,"(14, 31)",False,2,False,1395
0,0.0,True,0.0,0.9,0.9,1364,0,1364.0,69,3,17,"(33, 8)",0,0.03725490196078431,78.23529411764706,33.11764705882353,source_memory,69,ATTACK,109,"(30, 8)",False,0,False,1400
57,0.0,True,0.0,0.9299049287487886,0.9495481549103518,1223,150,1223.0,67,0,14,"(2, 41)",0,0.04775828460038986,96.5,51.142857142857146,source_memory,67,ATTACK,251,"(14, 40)",False,1,False,1400
26,0.0,True,0.0,0.4810272736821507,0.718588587949002,1366,0,1366.0,70,6,14,"(21, 17)",0,0.036062378167641324,94.28571428571429,48.92857142857143,source_memory,70,ATTACK,131,"(14, 26)",False,2,False,1400
0,0.0,True,0.0,0.9,0.9,1368,0,1368.0,70,3,17,"(3, 8)",0,0.03627450980392157,78.23529411764706,33.11764705882353,source_memory,70,ATTACK,110,"(32, 8)",False,0,False,1405
57,0.0,True,0.0,0.9343167483294527,0.9557919695774274,1228,150,1228.0,67,0,14,"(2, 41)",0,0.04775828460038986,96.5,51.142857142857146,source_memory,67,ATTACK,251,"(10, 41)",False,1,False,1405
26,0.0,True,0.0,0.4810272736821507,0.718588587949002,1371,0,1371.0,70,6,14,"(21, 17)",0,0.036062378167641324,94.28571428571429,48.92857142857143,source_memory,70,ATTACK,131,"(16, 23)",False,2,False,1405
0,0.0,True,0.0,0.9,0.9,1373,0,1373.0,70,3,17,"(3, 8)",0,0.03529411764705882,78.23529411764706,33.11764705882353,source_memory,70,ATTACK,110,"(28, 9)",False,0,False,1410
57,0.0,True,0.0,0.9354448423203848,0.9568786281480954,1233,150,1233.0,67,0,14,"(2, 41)",0,0.04483430799220273,96.5,51.142857142857146,source_memory,67,ATTACK,251,"(5, 41)",False,1,False,1410
26,0.0,True,0.0,0.4810272736821507,0.718588587949002,1376,0,1376.0,70,6,14,"(21, 17)",0,0.036062378167641324,94.28571428571429,48.92857142857143,source_memory,70,ATTACK,131,"(17, 19)",False,2,False,1410
0,0.0,True,0.0,0.9,0.9,1378,0,1378.0,70,3,17,"(3, 8)",0,0.03529411764705882,78.23529411764706,33.11764705882353,source_memory,70,ATTACK,110,"(23, 9)",False,0,False,1415
57,0.0,True,0.0,0.9354448423203848,0.9568786281480954,1237,150,1237.0,68,0,14,"(21, 17)",0,0.03996101364522417,96.5,51.142857142857146,source_memory,68,ATTACK,252,"(3, 41)",False,1,False,1415
26,0.0,True,0.0,0.5052968001897999,0.733554127854635,1381,0,1381.0,70,6,14,"(21, 17)",0,0.03996101364522417,94.28571428571429,48.92857142857143,source_memory,70,ATTACK,131,"(20, 17)",False,2,False,1415
0,0.0,True,0.0,0.9,0.9,1383,0,1383.0,70,3,17,"(3, 8)",0,0.03525954946131244,78.23529411764706,33.11764705882353,source_memory,70,ATTACK,110,"(18, 9)",False,0,False,1420
43,0.0,True,0.0,0.9354448423203848,0.9568786281480954,1242,150,1242.0,68,0,14,"(21, 17)",0,0.03491755577109602,96.5,51.142857142857146,source_memory,68,ATTACK,252,"(8, 41)",False,1,False,1420
31,0.0,True,0.0,0.5286337628736132,0.7483450898763965,1385,0,1385.0,71,6,15,"(2, 20)",0,0.04364694471387003,94.46666666666667,48.6,source_memory,71,ATTACK,132,"(18, 17)",False,2,False,1420
0,0.0,True,0.0,0.9,0.9,1388,0,1388.0,70,3,17,"(3, 8)",0,0.03424657534246575,78.23529411764706,33.11764705882353,source_memory,70,ATTACK,111,"(13, 9)",False,0,False,1425
33,0.0,True,0.0,0.9354448423203848,0.9568786281480954,1247,150,1247.0,69,0,14,"(21, 17)",0,0.03391472868217054,96.5,51.142857142857146,source_memory,69,ATTACK,253,"(12, 40)",False,1,False,1425
31,0.0,True,0.0,0.5841696285220429,0.7889127895191089,1390,0,1390.0,71,6,15,"(2, 20)",0,0.0436046511627907,94.46666666666667,48.6,source_memory,71,ATTACK,133,"(14, 18)",False,2,False,1425
0,0.0,True,0.0,0.9,0.9,1393,0,1393.0,70,3,17,"(3, 8)",0,0.030977734753146177,78.23529411764706,33.11764705882353,source_memory,70,ATTACK,111,"(9, 8)",False,0,False,1430
33,0.0,True,0.0,0.9399504439454657,0.9612995314365621,1252,150,1252.0,69,0,14,"(21, 17)",0,0.03355704697986577,96.5,51.142857142857146,source_memory,69,ATTACK,253,"(15, 38)",False,1,False,1430
31,0.0,True,0.0,0.5947595239647705,0.7959675373765944,1395,0,1395.0,71,6,15,"(2, 20)",0,0.04122722914669223,94.46666666666667,48.6,source_memory,71,ATTACK,133,"(11, 20)",False,2,False,1430
0,0.0,True,0.0,0.9,0.9,1398,0,1398.0,70,3,17,"(3, 8)",0,0.02913533834586466,78.23529411764706,33.11764705882353,source_memory,70,ATTACK,111,"(4, 8)",False,0,False,1435
33,0.0,True,0.0,0.9443604528861728,0.9649463714943044,1257,150,1257.0,69,0,14,"(21, 17)",0,0.035381750465549346,96.5,51.142857142857146,source_memory,69,ATTACK,253,"(19, 37)",False,1,False,1435
31,0.0,True,0.0,0.5947595239647705,0.7959675373765944,1400,0,1400.0,71,6,15,"(2, 20)",0,0.04003724394785847,94.46666666666667,48.6,source_memory,71,ATTACK,133,"(6, 20)",False,2,False,1435
0,0.0,True,0.0,0.9,0.9,1402,0,1402.0,71,3,18,"(2, 20)",0,0.029934518241347054,79.83333333333333,33.111111111111114,source_memory,71,ATTACK,112,"(6, 8)",False,0,False,1440
33,0.0,True,0.0,0.9485933735365162,0.9683490527692583,1262,150,1262.0,69,0,14,"(21, 17)",0,0.034227567067530065,96.5,51.142857142857146,source_memory,69,ATTACK,253,"(19, 32)",False,1,False,1440
31,0.0,True,0.0,0.5947595239647705,0.7959675373765944,1404,0,1404.0,72,6,15,"(25, 2)",0,0.039777983348751156,94.46666666666667,48.6,source_memory,72,ATTACK,134,"(2, 20)",False,2,False,1440
0,0.0,True,0.0,0.9,0.9,1407,0,1407.0,71,3,18,"(2, 20)",0,0.029934518241347054,79.83333333333333,33.111111111111114,source_memory,71,ATTACK,112,"(11, 8)",False,0,False,1445
33,0.0,True,0.0,0.9496144661308239,0.9690152254226709,1267,150,1267.0,69,0,14,"(21, 17)",0,0.034227567067530065,96.5,51.142857142857146,source_memory,69,ATTACK,253,"(19, 27)",False,1,False,1445
31,0.0,True,0.0,0.5947595239647705,0.7959675373765944,1409,0,1409.0,72,6,15,"(25, 2)",0,0.039777983348751156,94.46666666666667,48.6,source_memory,72,ATTACK,134,"(7, 20)",False,2,False,1445
0,0.0,True,0.0,0.9,0.9,1412,0,1412.0,71,3,18,"(2, 20)",0,0.029934518241347054,79.83333333333333,33.111111111111114,source_memory,71,ATTACK,113,"(14, 10)",False,0,False,1450
30,0.0,True,0.0,0.5119432082853298,0.5119432082853298,1272,150,1272.0,69,0,14,"(21, 17)",0,0.030527289546716005,96.5,51.142857142857146,source_memory,69,ATTACK,254,"(19, 22)",False,1,False,1450
31,0.0,True,0.0,0.5947595239647705,0.7959675373765944,1414,0,1414.0,73,6,15,"(25, 2)",0,0.039777983348751156,94.46666666666667,48.6,source_memory,73,ATTACK,135,"(12, 20)",False,2,False,1450
0,0.0,True,0.0,0.9,0.9,1417,0,1417.0,71,3,18,"(2, 20)",0,0.029934518241347054,79.83333333333333,33.111111111111114,source_memory,71,ATTACK,113,"(14, 15)",False,0,False,1455
37,0.0,True,0.0,0.5143646401081019,0.5455278873830322,1277,150,1277.0,69,0,14,"(21, 17)",0,0.039777983348751156,96.5,51.142857142857146,source_memory,69,ATTACK,254,"(19, 17)",False,1,False,1455
43,0.0,True,0.0,0.625503487972862,0.817473894210693,1419,0,1419.0,73,6,15,"(25, 2)",0,0.04995374653098982,94.46666666666667,48.6,source_memory,73,ATTACK,135,"(16, 19)",False,2,False,1455
0,0.0,True,0.0,0.9,0.9,1422,0,1422.0,71,3,18,"(2, 20)",0,0.02819548872180451,79.83333333333333,33.111111111111114,source_memory,71,ATTACK,113,"(14, 20)",False,0,False,1460
36,0.0,True,0.0,0.5337753952594863,0.6322488898055643,1281,150,1281.0,70,0,15,"(13, 50)",0,0.039962825278810406,97.2,50.666666666666664,source_memory,70,ATTACK,255,"(19, 17)",False,1,False,1460
43,0.0,True,0.0,0.6744665705361553,0.8555641935589914,1424,0,1424.0,73,6,15,"(25, 2)",0,0.05111524163568773,94.46666666666667,48.6,source_memory,73,ATTACK,135,"(16, 14)",False,2,False,1460
0,0.0,True,0.0,0.9,0.9,1427,0,1427.0,71,3,18,"(2, 20)",0,0.03195488721804511,79.83333333333333,33.111111111111114,source_memory,71,ATTACK,113,"(9, 20)",False,0,False,1465
36,0.0,True,0.0,0.5660728044759356,0.7012152042754187,1286,150,1286.0,70,0,15,"(13, 50)",0,0.039962825278810406,97.2,50.666666666666664,source_memory,70,ATTACK,255,"(18, 21)",False,1,False,1465
43,0.0,True,0.0,0.7190873869668127,0.8796963807993947,1429,0,1429.0,73,6,15,"(25, 2)",0,0.05111524163568773,94.46666666666667,48.6,source_memory,73,ATTACK,135,"(18, 11)",False,2,False,1465
0,0.0,True,0.0,0.9,0.9,1432,0,1432.0,71,3,18,"(2, 20)",0,0.03195488721804511,79.83333333333333,33.111111111111114,source_memory,71,ATTACK,113,"(4, 20)",False,0,False,1470
36,0.0,True,0.0,0.6033601696409676,0.7466387996556985,1291,150,1291.0,70,0,15,"(13, 50)",0,0.03903345724907063,97.2,50.666666666666664,source_memory,70,ATTACK,255,"(18, 26)",False,1,False,1470
41,0.0,True,0.0,0.692419243017302,0.692419243017302,1434,0,1434.0,73,6,15,"(25, 2)",0,0.04925650557620818,94.46666666666667,48.6,source_memory,73,ATTACK,137,"(21, 9)",False,2,False,1470
0,0.0,True,0.0,0.9,0.9,1436,0,1436.0,72,3,18,"(24, 45)",0,0.03195488721804511,79.83333333333333,33.111111111111114,source_memory,72,ATTACK,115,"(3, 21)",False,0,False,1475
36,0.0,True,0.0,0.6033601696409676,0.7466387996556985,1296,150,1296.0,71,0,15,"(13, 50)",0,0.03066914498141264,97.2,50.666666666666664,source_memory,71,ATTACK,256,"(17, 30)",False,1,False,1475
31,0.0,False,0.0,0.490184612049441,0.49657721543404953,1439,0,1439.0,73,6,15,"(25, 2)",0,0.0362453531598513,94.46666666666667,48.6,source_memory,73,ATTACK,139,"(25, 8)",False,2,False,1475
0,0.0,True,0.0,0.9,0.9,1441,0,1441.0,72,3,18,"(24, 45)",0,0.031835205992509365,79.83333333333333,33.111111111111114,source_memory,72,ATTACK,115,"(8, 21)",False,0,False,1480
36,0.0,True,0.0,0.6321738850045963,0.7652668103086939,1301,150,1301.0,71,0,15,"(13, 50)",0,0.03148148148148148,97.2,50.666666666666664,source_memory,71,ATTACK,256,"(15, 33)",False,1,False,1480
31,0.0,True,0.0,0.49812243882979457,0.5507683461523518,1444,0,1444.0,73,6,15,"(25, 2)",0,0.03611111111111111,94.46666666666667,48.6,source_memory,73,ATTACK,139,"(25, 3)",False,2,False,1480
0,0.0,True,0.0,0.9,0.9,1446,0,1446.0,72,3,18,"(24, 45)",0,0.03177570093457944,79.83333333333333,33.111111111111114,source_memory,72,ATTACK,115,"(13, 21)",False,0,False,1485
36,0.0,True,0.0,0.6321738850045963,0.7652668103086939,1306,150,1306.0,71,0,15,"(13, 50)",0,0.031423290203327174,97.2,50.666666666666664,source_memory,71,ATTACK,256,"(13, 36)",False,1,False,1485
31,0.0,True,0.0,0.49812243882979457,0.5507683461523518,1448,0,1448.0,74,6,16,"(33, 50)",0,0.036968576709796676,92.625,48.1875,source_memory,74,ATTACK,140,"(25, 5)",False,2,False,1485
0,0.0,True,0.0,0.9,0.9,1451,0,1451.0,72,3,18,"(24, 45)",0,0.031598513011152414,79.83333333333333,33.111111111111114,source_memory,72,ATTACK,115,"(18, 21)",False,0,False,1490
36,0.0,True,0.0,0.6390573764799294,0.7698437145112588,1311,150,1311.0,71,0,15,"(13, 50)",0,0.03125,97.2,50.666666666666664,source_memory,71,ATTACK,256,"(13, 41)",False,1,False,1490
31,0.0,True,0.0,0.5048625262855783,0.5728931471132679,1453,0,1453.0,74,6,16,"(33, 50)",0,0.04044117647058824,92.625,48.1875,source_memory,74,ATTACK,140,"(28, 7)",False,2,False,1490
0,0.0,True,0.0,0.9,0.9,1456,0,1456.0,72,3,18,"(24, 45)",0,0.03066914498141264,79.83333333333333,33.111111111111114,source_memory,72,ATTACK,115,"(18, 26)",False,0,False,1495
48,0.0,True,0.0,0.586958762906457,0.586958762906457,1316,150,1316.0,71,0,15,"(13, 50)",0,0.02665441176470588,97.2,50.666666666666664,source_memory,71,ATTACK,256,"(13, 46)",False,1,False,1495
46,0.0,True,0.0,0.5274127642511932,0.6222484884780208,1458,0,1458.0,74,6,16,"(33, 50)",0,0.03676470588235294,92.625,48.1875,source_memory,74,ATTACK,140,"(28, 12)",False,2,False,1495
0,0.0,True,0.0,0.9,0.9,1461,0,1461.0,72,3,18,"(24, 45)",0,0.062267657992565055,79.83333333333333,33.111111111111114,source_memory,72,ATTACK,116,"(18, 31)",False,0,False,1500
44,0.0,True,0.0,0.586958762906457,0.586958762906457,1320,150,1320.0,72,0,15,"(2, 20)",0,0.05898617511520737,97.2,50.666666666666664,source_memory,72,ATTACK,258,"(13, 50)",False,1,False,1500
43,0.0,True,0.0,0.5488860585016828,0.6541872452904086,1463,0,1463.0,74,6,16,"(33, 50)",0,0.06175115207373272,92.625,48.1875,source_memory,74,ATTACK,141,"(28, 17)",False,2,False,1500
0,0.0,True,0.0,0.9,0.9,1466,0,1466.0,72,3,18,"(24, 45)",0,0.05111524163568773,79.83333333333333,33.111111111111114,source_memory,72,ATTACK,116,"(22, 32)",False,0,False,1505
40,0.0,True,0.0,0.586958762906457,0.586958762906457,1325,150,1325.0,72,0,15,"(2, 20)",0,0.05161290322580645,97.2,50.666666666666664,source_memory,72,ATTACK,258,"(13, 45)",False,1,False,1505
37,0.0,True,0.0,0.5488860585016828,0.6541872452904086,1468,0,1468.0,74,6,16,"(33, 50)",0,0.05161290322580645,92.625,48.1875,source_memory,74,ATTACK,141,"(28, 22)",False,2,False,1505
0,0.0,True,0.0,0.9,0.9,1471,0,1471.0,72,3,18,"(24, 45)",0,0.03903345724907063,79.83333333333333,33.111111111111114,source_memory,72,ATTACK,116,"(24, 35)",False,0,False,1510
36,0.0,True,0.0,0.586958762906457,0.586958762906457,1330,150,1330.0,72,0,15,"(2, 20)",0,0.04055299539170507,97.2,50.666666666666664,source_memory,72,ATTACK,258,"(13, 40)",False,1,False,1510
34,0.0,True,0.0,0.5668450093108832,0.6850133528191291,1473,0,1473.0,74,6,16,"(33, 50)",0,0.04331797235023042,92.625,48.1875,source_memory,74,ATTACK,141,"(28, 27)",False,2,False,1510
0,0.0,True,0.0,0.9,0.9,1476,0,1476.0,72,3,18,"(24, 45)",0,0.030612244897959183,79.83333333333333,33.111111111111114,source_memory,72,ATTACK,116,"(24, 40)",False,0,False,1515
32,0.0,True,0.0,0.5956495815584815,0.6473977485348593,1335,150,1335.0,72,0,15,"(2, 20)",0,0.027598896044158234,97.2,50.666666666666664,source_memory,72,ATTACK,258,"(13, 35)",False,1,False,1515
34,0.0,True,0.0,0.6007369246163554,0.7354084657349912,1478,0,1478.0,74,6,16,"(33, 50)",0,0.03219871205151794,92.625,48.1875,source_memory,74,ATTACK,141,"(28, 32)",False,2,False,1515
0,0.0,True,0.0,0.9,0.9,1481,0,1481.0,72,3,18,"(24, 45)",0,0.023985239852398525,79.83333333333333,33.111111111111114,source_memory,72,ATTACK,116,"(25, 44)",False,0,False,1520
19,0.0,True,0.0,0.6147773775029155,0.6989758931208635,1340,150,1340.0,72,0,15,"(2, 20)",0,0.02665441176470588,97.2,50.666666666666664,source_memory,72,ATTACK,258,"(13, 30)",False,1,False,1520
21,0.0,True,0.0,0.6378085162256856,0.7820063537460397,1483,0,1483.0,74,6,16,"(33, 50)",0,0.025735294117647058,92.625,48.1875,source_memory,74,ATTACK,141,"(28, 37)",False,2,False,1520
0,0.0,True,0.0,0.9,0.9,1485,0,1485.0,73,3,19,"(21, 17)",0,0.020257826887661142,80.15789473684211,34.0,source_memory,73,ATTACK,118,"(25, 44)",False,0,False,1525
17,0.0,True,0.0,0.6396979385990335,0.7392761662412352,1345,150,1345.0,73,0,15,"(2, 20)",0,0.024816176470588234,97.2,50.666666666666664,source_memory,73,ATTACK,259,"(12, 26)",False,1,False,1525
19,0.0,True,0.0,0.6764922050071365,0.8239173524180178,1488,0,1488.0,75,6,16,"(33, 50)",0,0.02389705882352941,92.625,48.1875,source_memory,75,ATTACK,142,"(28, 42)",False,2,False,1525
0,0.0,True,0.0,0.9,0.9,1490,0,1490.0,73,3,19,"(21, 17)",0,0.020239190432382703,80.15789473684211,34.0,source_memory,73,ATTACK,118,"(24, 40)",False,0,False,1530
26,0.0,True,0.0,0.6396979385990335,0.7392761662412352,1350,150,1350.0,73,0,15,"(2, 20)",0,0.03302752293577982,97.2,50.666666666666664,source_memory,73,ATTACK,259,"(11, 22)",False,1,False,1530
28,0.0,True,0.0,0.7150795834880512,0.8601676645137285,1493,0,1493.0,75,6,16,"(33, 50)",0,0.03211009174311927,92.625,48.1875,source_memory,75,ATTACK,142,"(30, 45)",False,2,False,1530
0,0.0,True,0.0,0.9,0.9,1495,0,1495.0,73,3,19,"(21, 17)",0,0.02022058823529412,80.15789473684211,34.0,source_memory,73,ATTACK,118,"(23, 36)",False,0,False,1535
26,0.0,True,0.0,0.6396979385990335,0.7392761662412352,1355,150,1355.0,73,0,15,"(2, 20)",0,0.031192660550458717,97.2,50.666666666666664,source_memory,73,ATTACK,259,"(6, 22)",False,1,False,1535
25,0.0,True,0.0,0.7300684442435964,0.8713505561429465,1498,0,1498.0,75,6,16,"(33, 50)",0,0.029357798165137616,92.625,48.1875,source_memory,75,ATTACK,142,"(31, 49)",False,2,False,1535
0,0.0,True,0.0,0.9,0.9,1500,0,1500.0,73,3,19,"(21, 17)",0,0.02016498625114574,80.15789473684211,34.0,source_memory,73,ATTACK,118,"(23, 31)",False,0,False,1540
26,0.0,True,0.0,0.6396979385990335,0.7392761662412352,1360,150,1360.0,73,0,15,"(2, 20)",0,0.03110704483074108,97.2,50.666666666666664,source_memory,73,ATTACK,259,"(2, 21)",False,1,False,1540
25,0.0,True,0.0,0.7300684442435964,0.8713505561429465,1502,0,1502.0,76,6,16,"(33, 8)",0,0.0292772186642269,92.625,48.1875,source_memory,76,ATTACK,143,"(33, 49)",False,2,False,1540
0,0.0,True,0.0,0.9,0.9,1505,0,1505.0,73,3,19,"(21, 17)",0,0.02016498625114574,80.15789473684211,34.0,source_memory,73,ATTACK,118,"(21, 28)",False,0,False,1545
26,0.0,True,0.0,0.6396979385990335,0.7392761662412352,1364,150,1364.0,74,0,16,"(2, 41)",0,0.03110704483074108,96.375,50.125,source_memory,74,ATTACK,260,"(2, 23)",False,1,False,1545
25,0.0,True,0.0,0.7300684442435964,0.8713505561429465,1507,0,1507.0,76,6,16,"(33, 8)",0,0.0292772186642269,92.625,48.1875,source_memory,76,ATTACK,143,"(31, 46)",False,2,False,1545
0,0.0,True,0.0,0.9,0.9,1510,0,1510.0,73,3,19,"(21, 17)",0,0.019927536231884056,80.15789473684211,34.0,source_memory,73,ATTACK,119,"(19, 25)",False,0,False,1550
26,2.9803286712021233,True,2.9803286712021233,0.6396979385990335,0.7392761662412352,1369,150,1369.0,74,0,16,"(2, 41)",0,0.03076923076923077,96.375,50.125,source_memory,74,ATTACK,261,"(3, 27)",False,1,False,1550
25,0.0,True,0.0,0.7580473741937114,0.8862624328949397,1512,0,1512.0,77,6,16,"(33, 8)",0,0.02895927601809955,92.625,48.1875,source_memory,77,ATTACK,144,"(30, 42)",False,2,False,1550
0,0.0,True,0.0,0.9,0.9,1515,0,1515.0,73,3,19,"(21, 17)",0,0.019625334522747548,80.15789473684211,34.0,source_memory,73,ATTACK,119,"(19, 20)",False,0,False,1555
25,0.7816481107540447,True,0.7816481107540447,0.5802795653384891,0.5802795653384891,1374,150,1374.0,74,0,16,"(2, 41)",0,0.029411764705882353,96.375,50.125,source_memory,74,ATTACK,262,"(3, 32)",False,1,False,1555
25,0.0,True,0.0,0.7894485507747053,0.9031169972912938,1517,0,1517.0,77,6,16,"(33, 8)",0,0.027629233511586453,92.625,48.1875,source_memory,77,ATTACK,144,"(28, 39)",False,2,False,1555
0,0.0,True,0.0,0.9,0.9,1520,0,1520.0,73,3,19,"(21, 17)",0,0.019590382902938557,80.15789473684211,34.0,source_memory,73,ATTACK,119,"(21, 17)",False,0,False,1560
18,0.0,False,0.0,0.2624259745380875,0.2624259745380875,1379,150,1379.0,74,0,16,"(2, 41)",0,0.018699910952804988,96.375,50.125,source_memory,74,ATTACK,263,"(3, 37)",False,1,False,1560
25,0.0,True,0.0,0.8172716861682108,0.9178999286747942,1522,0,1522.0,77,6,16,"(33, 8)",0,0.0213713268032057,92.625,48.1875,source_memory,77,ATTACK,144,"(28, 34)",False,2,False,1560
0,0.0,True,0.0,0.9,0.9,1524,0,1524.0,74,3,19,"(15, 2)",0,0.017809439002671415,80.15789473684211,34.0,source_memory,74,ATTACK,120,"(17, 17)",False,0,False,1565
18,0.0,False,0.0,0.2624259745380875,0.2624259745380875,1384,150,1384.0,74,0,16,"(2, 41)",0,0.016918967052537846,96.375,50.125,source_memory,74,ATTACK,263,"(2, 41)",False,1,False,1565
25,0.0,True,0.0,0.8417218804947735,0.9294743378299118,1527,0,1527.0,77,6,16,"(33, 8)",0,0.025823686553873553,92.625,48.1875,source_memory,77,ATTACK,144,"(28, 29)",False,2,False,1565
0,0.0,True,0.0,0.9,0.9,1529,0,1529.0,74,3,19,"(15, 2)",0,0.017809439002671415,80.15789473684211,34.0,source_memory,74,ATTACK,120,"(15, 14)",False,0,False,1570
24,0.0,False,0.0,0.2624259745380875,0.2624259745380875,1388,150,1388.0,75,0,16,"(15, 2)",0,0.016918967052537846,96.375,50.125,source_memory,75,ATTACK,264,"(4, 39)",False,1,False,1570
31,0.0,True,0.0,0.8629861221911655,0.9395977942267278,1532,0,1532.0,77,6,16,"(33, 8)",0,0.027604630454140695,92.625,48.1875,source_memory,77,ATTACK,144,"(28, 24)",False,2,False,1570
0,0.0,True,0.0,0.9,0.9,1534,0,1534.0,74,3,19,"(15, 2)",0,0.017761989342806393,80.15789473684211,34.0,source_memory,74,ATTACK,121,"(15, 9)",False,0,False,1575
24,0.0,False,0.0,0.2624259745380875,0.2624259745380875,1393,150,1393.0,75,0,16,"(15, 2)",0,0.016873889875666074,96.375,50.125,source_memory,75,ATTACK,265,"(5, 35)",False,1,False,1575
31,0.0,True,0.0,0.8707320382572403,0.9432225148036167,1537,0,1537.0,77,6,16,"(33, 8)",0,0.023090586145648313,92.625,48.1875,source_memory,77,ATTACK,145,"(29, 20)",False,2,False,1575
0,0.0,True,0.0,0.9,0.9,1539,0,1539.0,74,3,19,"(15, 2)",0,0.012444444444444444,80.15789473684211,34.0,source_memory,74,ATTACK,121,"(15, 4)",False,0,False,1580
23,0.0,False,0.0,0.19517493839890368,0.19517493839890368,1398,150,1398.0,75,0,16,"(15, 2)",0,0.0141718334809566,96.375,50.125,source_memory,75,ATTACK,265,"(5, 30)",False,1,False,1580
31,0.0,True,0.0,0.8780307759595959,0.9463359906168103,1542,0,1542.0,77,6,16,"(33, 8)",0,0.020444444444444446,92.625,48.1875,source_memory,77,ATTACK,145,"(29, 15)",False,2,False,1580
0,0.0,True,0.0,0.9,0.9,1543,0,1543.0,75,3,20,"(33, 30)",0,0.012433392539964476,79.15,33.4,source_memory,75,ATTACK,122,"(15, 4)",False,0,False,1585
23,0.0,False,0.0,0.19517493839890368,0.19517493839890368,1403,150,1403.0,75,0,16,"(15, 2)",0,0.01415929203539823,96.375,50.125,source_memory,75,ATTACK,265,"(7, 27)",False,1,False,1585
31,0.0,True,0.0,0.8780307759595959,0.9463359906168103,1547,0,1547.0,77,6,16,"(33, 8)",0,0.020426287744227355,92.625,48.1875,source_memory,77,ATTACK,145,"(29, 10)",False,2,False,1585
0,0.0,True,0.0,0.9,0.9,1548,0,1548.0,75,3,20,"(33, 30)",0,0.012411347517730497,79.15,33.4,source_memory,75,ATTACK,122,"(17, 7)",False,0,False,1590
23,0.0,False,0.0,0.19517493839890368,0.19517493839890368,1408,150,1408.0,75,0,16,"(15, 2)",0,0.014134275618374558,96.375,50.125,source_memory,75,ATTACK,265,"(7, 22)",False,1,False,1590
31,0.0,True,0.0,0.8780307759595959,0.9463359906168103,1552,0,1552.0,77,6,16,"(33, 8)",0,0.020390070921985817,92.625,48.1875,source_memory,77,ATTACK,145,"(32, 8)",False,2,False,1590
0,0.0,True,0.0,0.9,0.9,1553,0,1553.0,75,3,20,"(33, 30)",0,0.012411347517730497,79.15,33.4,source_memory,75,ATTACK,122,"(17, 12)",False,0,False,1595
23,0.0,False,0.0,0.19639154178478366,0.2195070061165032,1413,150,1413.0,75,0,16,"(15, 2)",0,0.014134275618374558,96.375,50.125,source_memory,75,ATTACK,265,"(11, 21)",False,1,False,1595
31,0.0,True,0.0,0.8780307759595959,0.9463359906168103,1556,0,1556.0,78,6,17,"(33, 30)",0,0.020390070921985817,93.6470588235294,48.470588235294116,source_memory,78,ATTACK,146,"(33, 11)",False,2,False,1595
0,0.0,True,0.0,0.9,0.9,1558,0,1558.0,76,3,20,"(33, 30)",0,0.012578616352201259,79.15,33.4,source_memory,76,ATTACK,123,"(17, 17)",False,0,False,1600
23,0.0,False,0.0,0.2181604040880927,0.33719723765691584,1418,150,1418.0,75,0,16,"(15, 2)",0,0.01432408236347359,96.375,50.125,source_memory,75,ATTACK,266,"(15, 20)",False,1,False,1600
31,0.0,True,0.0,0.8780307759595959,0.9463359906168103,1561,0,1561.0,78,6,17,"(33, 30)",0,0.019766397124887692,93.6470588235294,48.470588235294116,source_memory,78,ATTACK,147,"(29, 12)",False,2,False,1600
0,0.0,True,0.0,0.9,0.9,1563,0,1563.0,76,3,20,"(33, 30)",0,0.012578616352201259,79.15,33.4,source_memory,76,ATTACK,123,"(19, 20)",False,0,False,1605
38,0.0,False,0.0,0.2656013237671339,0.4768852382819136,1423,150,1423.0,75,0,16,"(15, 2)",0,0.0160857908847185,96.375,50.125,source_memory,75,ATTACK,266,"(15, 15)",False,1,False,1605
46,0.0,True,0.0,0.8780307759595959,0.9463359906168103,1566,0,1566.0,78,6,17,"(33, 30)",0,0.025044722719141325,93.6470588235294,48.470588235294116,source_memory,78,ATTACK,147,"(28, 16)",False,2,False,1605
0,0.0,True,0.0,0.9,0.9,1568,0,1568.0,76,3,20,"(33, 30)",0,0.012578616352201259,79.15,33.4,source_memory,76,ATTACK,123,"(20, 24)",False,0,False,1610
38,0.0,True,0.0,0.32633751416365936,0.5635805149540998,1428,150,1428.0,75,0,16,"(15, 2)",0,0.0160857908847185,96.375,50.125,source_memory,75,ATTACK,266,"(15, 10)",False,1,False,1610
43,0.0,False,0.0,0.4667345704091785,0.4667345704091785,1571,0,1571.0,78,6,17,"(33, 30)",0,0.017889087656529516,93.6470588235294,48.470588235294116,source_memory,78,ATTACK,148,"(28, 21)",False,2,False,1610
0,0.0,True,0.0,0.9,0.9,1573,0,1573.0,76,3,20,"(33, 30)",0,0.012578616352201259,79.15,33.4,source_memory,76,ATTACK,123,"(23, 26)",False,0,False,1615
38,0.0,True,0.0,0.38984253953590675,0.6329060030571888,1433,150,1433.0,75,0,16,"(15, 2)",0,0.0160857908847185,96.375,50.125,source_memory,75,ATTACK,266,"(15, 5)",False,1,False,1615
42,0.0,False,0.0,0.35850929510123253,0.4278063603587758,1576,0,1576.0,78,6,17,"(33, 30)",0,0.017889087656529516,93.6470588235294,48.470588235294116,source_memory,78,ATTACK,148,"(28, 26)",False,2,False,1615
0,0.0,True,0.0,0.9,0.9,1578,0,1578.0,76,3,20,"(33, 30)",0,0.0081374321880651,79.15,33.4,source_memory,76,ATTACK,123,"(25, 29)",False,0,False,1620
38,0.0,True,0.0,0.4429484933696459,0.699217026191805,1437,150,1437.0,76,0,17,"(2, 41)",0,0.012601260126012601,95.23529411764706,50.294117647058826,source_memory,76,ATTACK,267,"(14, 2)",False,1,False,1620
37,0.0,True,0.0,0.39007678750933494,0.5231082335975417,1581,0,1581.0,78,6,17,"(33, 30)",0,0.013501350135013501,93.6470588235294,48.470588235294116,source_memory,78,ATTACK,148,"(29, 30)",False,2,False,1620
0,0.0,True,0.0,0.9,0.9,1583,0,1583.0,76,3,20,"(33, 30)",0,0.008086253369272238,79.15,33.4,source_memory,76,ATTACK,124,"(29, 30)",False,0,False,1625
38,0.0,True,0.0,0.4429484933696459,0.699217026191805,1442,150,1442.0,76,0,17,"(2, 41)",0,0.013416815742397137,95.23529411764706,50.294117647058826,source_memory,76,ATTACK,268,"(14, 7)",False,1,False,1625
37,0.0,True,0.0,0.4349224096165777,0.6266148700061537,1585,0,1585.0,79,6,17,"(2, 41)",0,0.013416815742397137,93.6470588235294,48.470588235294116,source_memory,79,ATTACK,150,"(33, 30)",False,2,False,1625
0,0.0,True,0.0,0.9,0.9,1587,0,1587.0,76,4,20,"(33, 30)",0,0.008071748878923767,79.15,33.4,source_memory,76,ATTACK,124,"(33, 30)",False,0,False,1630
38,0.0,True,0.0,0.4429484933696459,0.699217026191805,1447,150,1447.0,76,0,17,"(2, 41)",0,0.013392857142857142,95.23529411764706,50.294117647058826,source_memory,76,ATTACK,268,"(14, 12)",False,1,False,1630
37,0.0,True,0.0,0.4907383179510537,0.7115975179112378,1589,0,1589.0,81,7,17,"(2, 41)",0,0.013392857142857142,93.6470588235294,48.470588235294116,source_memory,81,ATTACK,152,"(31, 32)",False,2,False,1630
0,0.0,True,0.0,0.9,0.9,1591,0,1591.0,77,4,20,"(25, 2)",0,0.008071748878923767,79.15,33.4,source_memory,77,ATTACK,125,"(29, 30)",False,0,False,1635
38,0.0,True,0.0,0.48205816784690325,0.7257415657465636,1452,150,1452.0,76,0,17,"(2, 41)",0,0.013392857142857142,95.23529411764706,50.294117647058826,source_memory,76,ATTACK,268,"(14, 17)",False,1,False,1635
37,0.0,True,0.0,0.5490593831244636,0.7681327667885413,1594,0,1594.0,81,7,17,"(2, 41)",0,0.016964285714285713,93.6470588235294,48.470588235294116,source_memory,81,ATTACK,152,"(26, 32)",False,2,False,1635
0,0.0,True,0.0,0.9,0.9,1596,0,1596.0,77,4,20,"(25, 2)",0,0.008181818181818182,79.15,33.4,source_memory,77,ATTACK,125,"(28, 26)",False,0,False,1640
46,0.0,True,0.0,0.5311270582678032,0.7579750280826637,1457,150,1457.0,76,0,17,"(2, 41)",0,0.017210144927536232,95.23529411764706,50.294117647058826,source_memory,76,ATTACK,268,"(12, 20)",False,1,False,1640
47,0.0,True,0.0,0.6049029751074998,0.809002790161085,1599,0,1599.0,81,7,17,"(2, 41)",0,0.017210144927536232,93.6470588235294,48.470588235294116,source_memory,81,ATTACK,152,"(25, 36)",False,2,False,1640
0,0.0,True,0.0,0.9,0.9,1601,0,1601.0,77,4,20,"(25, 2)",0,0.008181818181818182,79.15,33.4,source_memory,77,ATTACK,125,"(26, 23)",False,0,False,1645
45,0.0,True,0.0,0.5311270582678032,0.7579750280826637,1462,150,1462.0,76,0,17,"(2, 41)",0,0.017210144927536232,95.23529411764706,50.294117647058826,source_memory,76,ATTACK,268,"(9, 22)",False,1,False,1645
43,0.0,True,0.0,0.6541603089775632,0.8293049247610123,1604,0,1604.0,81,7,17,"(2, 41)",0,0.017210144927536232,93.6470588235294,48.470588235294116,source_memory,81,ATTACK,152,"(20, 36)",False,2,False,1645
0,0.0,True,0.0,0.9,0.9,1606,0,1606.0,78,4,20,"(25, 2)",0,0.04,79.15,33.4,source_memory,78,ATTACK,126,"(26, 18)",False,0,False,1650
43,0.0,True,0.0,0.5311270582678032,0.7579750280826637,1467,150,1467.0,76,0,17,"(2, 41)",0,0.04076086956521739,95.23529411764706,50.294117647058826,source_memory,76,ATTACK,269,"(5, 23)",False,1,False,1650
38,0.0,True,0.0,0.6880723961299148,0.8409287134373348,1609,0,1609.0,82,7,17,"(2, 41)",0,0.04710144927536232,93.6470588235294,48.470588235294116,source_memory,82,ATTACK,153,"(15, 36)",False,2,False,1650
0,0.0,True,0.0,0.9,0.9,1611,0,1611.0,78,4,20,"(25, 2)",0,0.034420289855072464,79.15,33.4,source_memory,78,ATTACK,126,"(26, 13)",False,0,False,1655
37,0.0,True,0.0,0.5311270582678032,0.7579750280826637,1472,150,1472.0,76,0,17,"(2, 41)",0,0.036101083032490974,95.23529411764706,50.294117647058826,source_memory,76,ATTACK,269,"(5, 28)",False,1,False,1655
38,0.0,True,0.0,0.6880723961299148,0.8409287134373348,1614,0,1614.0,82,7,17,"(2, 41)",0,0.04151624548736462,93.6470588235294,48.470588235294116,source_memory,82,ATTACK,153,"(13, 39)",False,2,False,1655
0,0.0,True,0.0,0.9,0.9,1616,0,1616.0,78,4,20,"(25, 2)",0,0.031078610603290677,79.15,33.4,source_memory,78,ATTACK,126,"(25, 9)",False,0,False,1660
31,0.0,True,0.0,0.5311270582678032,0.7579750280826637,1477,150,1477.0,76,0,17,"(2, 41)",0,0.03366696997270246,95.23529411764706,50.294117647058826,source_memory,76,ATTACK,269,"(4, 32)",False,1,False,1660
36,0.0,True,0.0,0.6880723961299148,0.8409287134373348,1619,0,1619.0,82,7,17,"(2, 41)",0,0.0373066424021838,93.6470588235294,48.470588235294116,source_memory,82,ATTACK,153,"(10, 41)",False,2,False,1660
0,0.0,True,0.0,0.9,0.9,1621,0,1621.0,78,4,20,"(25, 2)",0,0.029250457038391225,79.15,33.4,source_memory,78,ATTACK,126,"(25, 4)",False,0,False,1665
31,0.0,True,0.0,0.5311270582678032,0.7579750280826637,1482,150,1482.0,76,0,17,"(2, 41)",0,0.03184713375796178,95.23529411764706,50.294117647058826,source_memory,76,ATTACK,269,"(4, 37)",False,1,False,1665
32,0.0,True,0.0,0.6880723961299148,0.8409287134373348,1624,0,1624.0,82,7,17,"(2, 41)",0,0.034576888080072796,93.6470588235294,48.470588235294116,source_memory,82,ATTACK,153,"(5, 41)",False,2,False,1665
0,0.0,True,0.0,0.9,0.9,1625,0,1625.0,79,4,21,"(2, 41)",0,0.027422303473491772,79.42857142857143,33.57142857142857,source_memory,79,ATTACK,127,"(25, 4)",False,0,False,1670
31,0.0,True,0.0,0.5311270582678032,0.7579750280826637,1487,150,1487.0,76,0,17,"(2, 41)",0,0.03184713375796178,95.23529411764706,50.294117647058826,source_memory,76,ATTACK,269,"(3, 41)",False,1,False,1670
26,0.0,True,0.0,0.6880723961299148,0.8409287134373348,1627,0,1627.0,83,8,18,"(21, 17)",0,0.03275705186533212,92.72222222222223,48.22222222222222,source_memory,83,ATTACK,154,"(2, 41)",False,2,False,1670
0,0.0,True,0.0,0.9,0.9,1630,0,1630.0,79,4,21,"(2, 41)",0,0.027422303473491772,79.42857142857143,33.57142857142857,source_memory,79,ATTACK,128,"(25, 9)",False,0,False,1675
31,0.0,True,0.0,0.5311270582678032,0.7579750280826637,1490,151,1490.0,79,1,17,"(2, 41)",0,0.03184713375796178,95.23529411764706,50.294117647058826,source_memory,79,ATTACK,273,"(2, 41)",False,1,False,1675
26,0.0,True,0.0,0.6880723961299148,0.8409287134373348,1631,0,1631.0,85,9,18,"(21, 17)",0,0.03184713375796178,92.72222222222223,48.22222222222222,source_memory,85,ATTACK,156,"(4, 39)",False,2,False,1675
0,0.0,True,0.0,0.9,0.9,1635,0,1635.0,79,4,21,"(2, 41)",0,0.027247956403269755,79.42857142857143,33.57142857142857,source_memory,79,ATTACK,128,"(25, 14)",False,0,False,1680
37,0.0,True,0.0,0.5311270582678032,0.7579750280826637,1494,151,1494.0,80,1,17,"(2, 50)",0,0.03164556962025317,95.23529411764706,50.294117647058826,source_memory,80,ATTACK,274,"(3, 44)",False,1,False,1680
31,0.0,True,0.0,0.6880723961299148,0.8409287134373348,1636,0,1636.0,85,9,18,"(21, 17)",0,0.03616636528028933,92.72222222222223,48.22222222222222,source_memory,85,ATTACK,156,"(6, 36)",False,2,False,1680
0,0.0,True,0.0,0.9,0.9,1640,0,1640.0,79,4,21,"(2, 41)",0,0.025202520252025202,79.42857142857143,33.57142857142857,source_memory,79,ATTACK,128,"(25, 19)",False,0,False,1685
37,0.0,True,0.0,0.5311270582678032,0.7579750280826637,1499,151,1499.0,80,1,17,"(2, 50)",0,0.02956989247311828,95.23529411764706,50.294117647058826,source_memory,80,ATTACK,274,"(3, 49)",False,1,False,1685
31,0.0,True,0.0,0.6880723961299148,0.8409287134373348,1641,0,1641.0,85,9,18,"(21, 17)",0,0.034050179211469536,92.72222222222223,48.22222222222222,source_memory,85,ATTACK,156,"(11, 36)",False,2,False,1685
0,0.0,True,0.0,0.9,0.9,1645,0,1645.0,79,4,21,"(2, 41)",0,0.02158273381294964,79.42857142857143,33.57142857142857,source_memory,79,ATTACK,128,"(25, 24)",False,0,False,1690
37,0.0,True,0.0,0.5311270582678032,0.7579750280826637,1502,151,1502.0,81,1,18,"(24, 45)",0,0.02864816472694718,93.77777777777777,48.166666666666664,source_memory,81,ATTACK,276,"(3, 50)",False,1,False,1690
31,0.0,True,0.0,0.6880723961299148,0.8409287134373348,1646,0,1646.0,85,9,18,"(21, 17)",0,0.03312444046553268,92.72222222222223,48.22222222222222,source_memory,85,ATTACK,156,"(14, 34)",False,2,False,1690
0,0.0,True,0.0,0.9,0.9,1650,0,1650.0,79,4,21,"(2, 41)",0,0.019766397124887692,79.42857142857143,33.57142857142857,source_memory,79,ATTACK,128,"(25, 29)",False,0,False,1695
36,0.0,True,0.0,0.5311270582678032,0.7579750280826637,1507,151,1507.0,81,1,18,"(24, 45)",0,0.028622540250447227,93.77777777777777,48.166666666666664,source_memory,81,ATTACK,276,"(5, 47)",False,1,False,1695
30,0.0,True,0.0,0.6880723961299148,0.8409287134373348,1651,0,1651.0,85,9,18,"(21, 17)",0,0.03220035778175313,92.72222222222223,48.22222222222222,source_memory,85,ATTACK,156,"(17, 32)",False,2,False,1695
0,0.0,True,0.0,0.9,0.9,1655,0,1655.0,79,4,21,"(2, 41)",0,0.016319129646418858,79.42857142857143,33.57142857142857,source_memory,79,ATTACK,129,"(22, 31)",False,0,False,1700
34,0.0,True,0.0,0.5311270582678032,0.7579750280826637,1512,151,1512.0,81,1,18,"(24, 45)",0,0.031446540880503145,93.77777777777777,48.166666666666664,source_memory,81,ATTACK,277,"(5, 42)",False,1,False,1700
28,0.0,True,0.0,0.7266122434805139,0.8705235256984489,1656,0,1656.0,85,9,18,"(21, 17)",0,0.032403240324032405,92.72222222222223,48.22222222222222,source_memory,85,ATTACK,157,"(19, 29)",False,2,False,1700
0,0.0,True,0.0,0.9,0.9,1660,0,1660.0,79,4,21,"(2, 41)",0,0.016319129646418858,79.42857142857143,33.57142857142857,source_memory,79,ATTACK,129,"(21, 35)",False,0,False,1705
30,0.0,True,0.0,0.5311270582678032,0.7579750280826637,1517,151,1517.0,81,1,18,"(24, 45)",0,0.03234501347708895,93.77777777777777,48.166666666666664,source_memory,81,ATTACK,277,"(9, 41)",False,1,False,1705
26,0.0,True,0.0,0.7590379000826699,0.8438532323646107,1661,0,1661.0,85,9,18,"(21, 17)",0,0.0315031503150315,92.72222222222223,48.22222222222222,source_memory,85,ATTACK,157,"(19, 24)",False,2,False,1705
0,0.0,True,0.0,0.9,0.9,1665,0,1665.0,79,4,21,"(2, 41)",0,0.013574660633484163,79.42857142857143,33.57142857142857,source_memory,79,ATTACK,129,"(21, 40)",False,0,False,1710
30,0.0,True,0.0,0.5428202090725595,0.7649900743629301,1522,151,1522.0,81,1,18,"(24, 45)",0,0.031446540880503145,93.77777777777777,48.166666666666664,source_memory,81,ATTACK,277,"(13, 40)",False,1,False,1710
24,0.0,True,0.0,0.5258261114576992,0.5258261114576992,1666,0,1666.0,85,9,18,"(21, 17)",0,0.02605570530098832,92.72222222222223,48.22222222222222,source_memory,85,ATTACK,157,"(19, 19)",False,2,False,1710
0,0.0,True,0.0,0.9,0.9,1670,0,1670.0,79,4,21,"(2, 41)",0,0.012601260126012601,79.42857142857143,33.57142857142857,source_memory,79,ATTACK,129,"(17, 41)",False,0,False,1715
30,0.0,True,0.0,0.5991739223627738,0.8095403492045822,1527,151,1527.0,81,1,18,"(24, 45)",0,0.03127792672028597,93.77777777777777,48.166666666666664,source_memory,81,ATTACK,277,"(18, 40)",False,1,False,1715
24,0.0,True,0.0,0.5342434648620941,0.5930715056495581,1670,0,1670.0,86,9,18,"(2, 50)",0,0.025022341376228777,92.72222222222223,48.22222222222222,source_memory,86,ATTACK,158,"(21, 17)",False,2,False,1715
0,0.0,True,0.0,0.9,0.9,1675,0,1675.0,79,4,21,"(2, 41)",0,0.012601260126012601,79.42857142857143,33.57142857142857,source_memory,79,ATTACK,129,"(12, 41)",False,0,False,1720
40,0.0,True,0.0,0.6523716575328099,0.8476408495120954,1532,151,1532.0,81,1,18,"(24, 45)",0,0.041108132260947276,93.77777777777777,48.166666666666664,source_memory,81,ATTACK,277,"(23, 40)",False,1,False,1720
34,0.0,True,0.0,0.5342434648620941,0.5930715056495581,1675,0,1675.0,86,9,18,"(2, 50)",0,0.03663985701519214,92.72222222222223,48.22222222222222,source_memory,86,ATTACK,158,"(18, 19)",False,2,False,1720
0,0.0,True,0.0,0.9,0.9,1680,0,1680.0,79,4,21,"(2, 41)",0,0.011701170117011701,79.42857142857143,33.57142857142857,source_memory,79,ATTACK,130,"(7, 41)",False,0,False,1725
38,0.0,True,0.0,0.6815552441223548,0.8608772362291829,1537,151,1537.0,81,1,18,"(24, 45)",0,0.03842716711349419,93.77777777777777,48.166666666666664,source_memory,81,ATTACK,278,"(25, 43)",False,1,False,1725
30,0.0,False,0.0,0.36662999134141677,0.36662999134141677,1680,0,1680.0,88,9,18,"(2, 50)",0,0.02770330652368186,92.72222222222223,48.22222222222222,source_memory,88,ATTACK,160,"(16, 22)",False,2,False,1725
0,0.0,True,0.0,0.9,0.9,1685,0,1685.0,79,4,21,"(2, 41)",0,0.010801080108010801,79.42857142857143,33.57142857142857,source_memory,79,ATTACK,130,"(2, 41)",False,0,False,1730
38,0.0,True,0.0,0.6815552441223548,0.8608772362291829,1541,151,1541.0,82,1,19,"(33, 8)",0,0.03663985701519214,91.0,47.73684210526316,source_memory,82,ATTACK,279,"(25, 45)",False,1,False,1730
30,0.0,False,0.0,0.36662999134141677,0.36662999134141677,1685,0,1685.0,88,9,18,"(2, 50)",0,0.025915996425379804,92.72222222222223,48.22222222222222,source_memory,88,ATTACK,160,"(14, 25)",False,2,False,1730
0,0.0,True,0.0,0.9,0.9,1689,0,1689.0,80,4,21,"(25, 2)",0,0.010801080108010801,79.42857142857143,33.57142857142857,source_memory,80,ATTACK,131,"(6, 41)",False,0,False,1735
38,0.0,True,0.0,0.6815552441223548,0.8608772362291829,1546,151,1546.0,82,1,19,"(33, 8)",0,0.035746201966041107,91.0,47.73684210526316,source_memory,82,ATTACK,279,"(27, 42)",False,1,False,1735
30,0.0,False,0.0,0.3693512615251041,0.4039463663256617,1690,0,1690.0,88,9,18,"(2, 50)",0,0.025915996425379804,92.72222222222223,48.22222222222222,source_memory,88,ATTACK,160,"(14, 30)",False,2,False,1735
0,0.0,True,0.0,0.9,0.9,1694,0,1694.0,80,4,21,"(25, 2)",0,0.008984725965858042,79.42857142857143,33.57142857142857,source_memory,80,ATTACK,131,"(11, 41)",False,0,False,1740
38,0.0,True,0.0,0.6907063322056488,0.8645770057882358,1551,151,1551.0,82,1,19,"(33, 8)",0,0.03300624442462088,91.0,47.73684210526316,source_memory,82,ATTACK,279,"(28, 38)",False,1,False,1740
30,0.0,False,0.0,0.3838154739002658,0.47161053163991684,1695,0,1695.0,88,9,18,"(2, 50)",0,0.024977698483496878,92.72222222222223,48.22222222222222,source_memory,88,ATTACK,160,"(12, 33)",False,2,False,1740
0,0.0,True,0.0,0.9,0.9,1699,0,1699.0,80,4,21,"(25, 2)",0,0.008984725965858042,79.42857142857143,33.57142857142857,source_memory,80,ATTACK,131,"(14, 39)",False,0,False,1745
38,0.0,True,0.0,0.7325913666303373,0.8826690327573069,1556,151,1556.0,83,1,19,"(33, 8)",0,0.03300624442462088,91.0,47.73684210526316,source_memory,83,ATTACK,280,"(28, 33)",False,1,False,1745
30,0.0,True,0.0,0.41673821661162735,0.5689000700337344,1700,0,1700.0,88,9,18,"(2, 50)",0,0.0231935771632471,92.72222222222223,48.22222222222222,source_memory,88,ATTACK,160,"(10, 36)",False,2,False,1745
0,0.0,True,0.0,0.9,0.9,1704,0,1704.0,81,4,21,"(25, 2)",0,0.0071877807726864335,79.42857142857143,33.57142857142857,source_memory,81,ATTACK,132,"(18, 38)",False,0,False,1750
38,0.0,True,0.0,0.7688712763679243,0.8987602194848416,1561,151,1561.0,83,1,19,"(33, 8)",0,0.029438001784121322,91.0,47.73684210526316,source_memory,83,ATTACK,281,"(28, 28)",False,1,False,1750
30,0.0,True,0.0,0.46297222417349526,0.6487224553796721,1705,0,1705.0,88,9,18,"(2, 50)",0,0.021409455842997322,92.72222222222223,48.22222222222222,source_memory,88,ATTACK,161,"(9, 40)",False,2,False,1750
0,0.0,True,0.0,0.9,0.9,1709,0,1709.0,81,4,21,"(25, 2)",0,0.0062836624775583485,79.42857142857143,33.57142857142857,source_memory,81,ATTACK,132,"(21, 36)",False,0,False,1755
36,0.0,True,0.0,0.8001265597141825,0.9118764567999041,1566,151,1566.0,83,1,19,"(33, 8)",0,0.026761819803746655,91.0,47.73684210526316,source_memory,83,ATTACK,281,"(28, 23)",False,1,False,1755
30,0.0,True,0.0,0.513650660539622,0.7091017250103159,1710,0,1710.0,88,9,18,"(2, 50)",0,0.029438001784121322,92.72222222222223,48.22222222222222,source_memory,88,ATTACK,161,"(5, 41)",False,2,False,1755
0,0.0,True,0.0,0.9,0.9,1714,0,1714.0,81,4,21,"(25, 2)",0,0.005420054200542005,79.42857142857143,33.57142857142857,source_memory,81,ATTACK,132,"(22, 32)",False,0,False,1760
46,0.0,True,0.0,0.7826070583364778,0.7826070583364778,1571,151,1571.0,83,1,19,"(33, 8)",0,0.02064631956912029,91.0,47.73684210526316,source_memory,83,ATTACK,281,"(28, 18)",False,1,False,1760
46,0.0,True,0.0,0.5545560010281416,0.750205186992404,1715,0,1715.0,88,9,18,"(2, 50)",0,0.02064631956912029,92.72222222222223,48.22222222222222,source_memory,88,ATTACK,161,"(3, 44)",False,2,False,1760
0,0.0,True,0.0,0.9,0.9,1719,0,1719.0,81,4,21,"(25, 2)",0,0.005420054200542005,79.42857142857143,33.57142857142857,source_memory,81,ATTACK,132,"(22, 27)",False,0,False,1765
36,0.0,True,0.0,0.6133430528441517,0.6359619392150082,1576,151,1576.0,83,1,19,"(33, 8)",0,0.011669658886894075,91.0,47.73684210526316,source_memory,83,ATTACK,281,"(30, 15)",False,1,False,1765
45,0.0,True,0.0,0.5545560010281416,0.750205186992404,1720,0,1720.0,88,9,18,"(2, 50)",0,0.011669658886894075,92.72222222222223,48.22222222222222,source_memory,88,ATTACK,161,"(3, 49)",False,2,False,1765
0,0.0,True,0.0,0.9,0.9,1724,0,1724.0,81,4,21,"(25, 2)",0,0.005420054200542005,79.42857142857143,33.57142857142857,source_memory,81,ATTACK,132,"(24, 24)",False,0,False,1770
32,0.0,True,0.0,0.624090371077025,0.6755593679514149,1581,151,1581.0,83,1,19,"(33, 8)",0,0.011669658886894075,91.0,47.73684210526316,source_memory,83,ATTACK,281,"(30, 10)",False,1,False,1770
41,0.0,True,0.0,0.5545560010281416,0.750205186992404,1724,0,1724.0,89,9,19,"(2, 41)",0,0.011669658886894075,93.05263157894737,48.473684210526315,source_memory,89,ATTACK,162,"(3, 49)",False,2,False,1770
0,0.0,True,0.0,0.9,0.9,1729,0,1729.0,81,4,21,"(25, 2)",0,0.005420054200542005,79.42857142857143,33.57142857142857,source_memory,81,ATTACK,133,"(25, 20)",False,0,False,1775
32,0.0,True,0.0,0.6334605988405793,0.6963041468722456,1586,151,1586.0,83,1,19,"(33, 8)",0,0.011669658886894075,91.0,47.73684210526316,source_memory,83,ATTACK,282,"(33, 8)",False,1,False,1775
41,0.0,True,0.0,0.5545560010281416,0.750205186992404,1729,0,1729.0,89,9,19,"(2, 41)",0,0.011669658886894075,93.05263157894737,48.473684210526315,source_memory,89,ATTACK,163,"(3, 44)",False,2,False,1775
0,0.0,True,0.0,0.9,0.9,1734,0,1734.0,81,4,21,"(25, 2)",0,0.005420054200542005,79.42857142857143,33.57142857142857,source_memory,81,ATTACK,133,"(25, 15)",False,0,False,1780
32,0.0,True,0.0,0.6370436203051065,0.7051210281311251,1590,151,1590.0,84,1,19,"(33, 50)",0,0.011669658886894075,91.0,47.73684210526316,source_memory,84,ATTACK,283,"(33, 12)",False,1,False,1780
26,0.0,True,0.0,0.5650904495662861,0.7652449717910298,1733,0,1733.0,90,9,19,"(24, 45)",0,0.011669658886894075,93.05263157894737,48.473684210526315,source_memory,90,ATTACK,164,"(2, 41)",False,2,False,1780
0,0.0,True,0.0,0.9,0.9,1739,0,1739.0,81,4,21,"(25, 2)",0,0.005420054200542005,79.42857142857143,33.57142857142857,source_memory,81,ATTACK,133,"(25, 10)",False,0,False,1785
32,0.0,True,0.0,0.6593816848529507,0.7560491697649789,1595,151,1595.0,84,1,19,"(33, 50)",0,0.011669658886894075,91.0,47.73684210526316,source_memory,84,ATTACK,283,"(29, 13)",False,1,False,1785
26,0.0,True,0.0,0.5650904495662861,0.7652449717910298,1738,0,1738.0,90,9,19,"(24, 45)",0,0.012567324955116697,93.05263157894737,48.473684210526315,source_memory,90,ATTACK,164,"(7, 41)",False,2,False,1785
0,0.0,True,0.0,0.9,0.9,1744,0,1744.0,81,4,21,"(25, 2)",0,0.005420054200542005,79.42857142857143,33.57142857142857,source_memory,81,ATTACK,133,"(25, 5)",False,0,False,1790
32,0.0,True,0.0,0.6876344127998723,0.7988801538295317,1600,151,1600.0,84,1,19,"(33, 50)",0,0.010771992818671455,91.0,47.73684210526316,source_memory,84,ATTACK,288,"(29, 18)",False,1,False,1790
26,0.0,True,0.0,0.6053549094949218,0.791652390872569,1743,0,1743.0,90,9,19,"(24, 45)",0,0.01436265709156194,93.05263157894737,48.473684210526315,source_memory,90,ATTACK,164,"(12, 41)",False,2,False,1790
0,0.0,True,0.0,0.9,0.9,1748,0,1748.0,82,4,22,"(13, 50)",0,0.005420054200542005,81.54545454545455,34.90909090909091,source_memory,82,ATTACK,134,"(25, 3)",False,0,False,1795
38,3.3603234364441903,True,3.3603234364441903,0.7173251984376738,0.8304241856787331,1605,151,1605.0,84,1,19,"(33, 50)",38,0.013452914798206279,91.0,47.73684210526316,source_memory,84,ATTACK,293,"(29, 23)",True,1,True,1795
32,0.0,True,0.0,0.6516645887325001,0.820734815979931,1748,0,1748.0,90,9,19,"(24, 45)",0,0.017040358744394617,93.05263157894737,48.473684210526315,source_memory,90,ATTACK,164,"(16, 40)",False,2,False,1795
0,0.0,True,0.0,0.9,0.9,1753,0,1753.0,82,4,22,"(13, 50)",0,0.05941499085923217,81.54545454545455,34.90909090909091,source_memory,82,ATTACK,135,"(25, 8)",False,0,False,1800
29,0.0,True,0.0,0.5910081425912694,0.5910081425912694,1610,151,1610.0,86,1,19,"(33, 50)",0,0.05410279531109107,91.0,47.73684210526316,source_memory,86,ATTACK,297,"(29, 28)",False,1,False,1800
32,0.0,True,0.0,0.6854701212711877,0.8409453180496606,1753,0,1753.0,90,9,19,"(24, 45)",0,0.0545950864422202,93.05263157894737,48.473684210526315,source_memory,90,ATTACK,165,"(21, 40)",False,2,False,1800
0,0.0,True,0.0,0.9,0.9,1758,0,1758.0,82,4,22,"(13, 50)",0,0.050274223034734916,81.54545454545455,34.90909090909091,source_memory,82,ATTACK,135,"(25, 13)",False,0,False,1805
21,0.0,True,0.0,0.5910081425912694,0.5910081425912694,1615,151,1615.0,86,1,19,"(33, 50)",0,0.047790802524797116,91.0,47.73684210526316,source_memory,86,ATTACK,297,"(28, 32)",False,1,False,1805
32,0.0,True,0.0,0.6854701212711877,0.8409453180496606,1758,0,1758.0,90,9,19,"(24, 45)",0,0.04640582347588717,93.05263157894737,48.473684210526315,source_memory,90,ATTACK,165,"(25, 41)",False,2,False,1805
0,0.0,True,0.0,0.9,0.9,1763,0,1763.0,82,4,22,"(13, 50)",0,0.048446069469835464,81.54545454545455,34.90909090909091,source_memory,82,ATTACK,135,"(25, 18)",False,0,False,1810
21,0.0,True,0.0,0.5910081425912694,0.5910081425912694,1620,151,1620.0,86,1,19,"(33, 50)",0,0.047790802524797116,91.0,47.73684210526316,source_memory,86,ATTACK,297,"(29, 36)",False,1,False,1810
32,0.0,True,0.0,0.6854701212711877,0.8409453180496606,1763,0,1763.0,90,9,19,"(24, 45)",0,0.04640582347588717,93.05263157894737,48.473684210526315,source_memory,90,ATTACK,165,"(24, 45)",False,2,False,1810
0,0.0,True,0.0,0.9,0.9,1768,0,1768.0,82,4,22,"(13, 50)",0,0.04753199268738574,81.54545454545455,34.90909090909091,source_memory,82,ATTACK,135,"(25, 23)",False,0,False,1815
21,0.0,True,0.0,0.5910081425912694,0.5910081425912694,1625,151,1625.0,86,1,19,"(33, 50)",0,0.047790802524797116,91.0,47.73684210526316,source_memory,86,ATTACK,297,"(29, 41)",False,1,False,1815
32,0.0,True,0.0,0.6854701212711877,0.8409453180496606,1767,0,1767.0,91,9,20,"(15, 2)",0,0.04640582347588717,90.55,47.6,source_memory,91,ATTACK,166,"(25, 42)",False,2,False,1815
0,0.0,True,0.0,0.9,0.9,1773,0,1773.0,82,4,22,"(13, 50)",0,0.048826291079812206,81.54545454545455,34.90909090909091,source_memory,82,ATTACK,135,"(22, 25)",False,0,False,1820
21,0.0,True,0.0,0.5910081425912694,0.5910081425912694,1630,151,1630.0,86,1,19,"(33, 50)",0,0.049440298507462684,91.0,47.73684210526316,source_memory,86,ATTACK,297,"(32, 43)",False,1,False,1820
30,0.0,True,0.0,0.6854701212711877,0.8409453180496606,1772,0,1772.0,91,9,20,"(15, 2)",0,0.047619047619047616,90.55,47.6,source_memory,91,ATTACK,166,"(23, 39)",False,2,False,1820
0,0.0,True,0.0,0.9,0.9,1778,0,1778.0,83,4,22,"(13, 50)",0,0.04788732394366197,81.54545454545455,34.90909090909091,source_memory,83,ATTACK,136,"(19, 27)",False,0,False,1825
21,0.0,True,0.0,0.5910081425912694,0.5910081425912694,1635,151,1635.0,86,1,19,"(33, 50)",0,0.04757462686567164,91.0,47.73684210526316,source_memory,86,ATTACK,298,"(32, 48)",False,1,False,1825
30,0.0,True,0.0,0.6854701212711877,0.8409453180496606,1777,0,1777.0,92,9,20,"(15, 2)",0,0.0457516339869281,90.55,47.6,source_memory,92,ATTACK,168,"(18, 39)",False,2,False,1825
0,0.0,True,0.0,0.9,0.9,1783,0,1783.0,83,4,22,"(13, 50)",0,0.046948356807511735,81.54545454545455,34.90909090909091,source_memory,83,ATTACK,136,"(17, 30)",False,0,False,1830
19,0.0,True,0.0,0.5910081425912694,0.5910081425912694,1639,151,1639.0,87,1,20,"(25, 2)",0,0.04664179104477612,91.45,48.0,source_memory,87,ATTACK,299,"(32, 50)",False,1,False,1830
30,0.0,True,0.0,0.7013453483465172,0.8508864424215877,1782,0,1782.0,92,9,20,"(15, 2)",0,0.04295051353874883,90.55,47.6,source_memory,92,ATTACK,168,"(17, 35)",False,2,False,1830
0,0.0,True,0.0,0.9,0.9,1788,0,1788.0,83,4,22,"(13, 50)",0,0.04037558685446009,81.54545454545455,34.90909090909091,source_memory,83,ATTACK,136,"(17, 35)",False,0,False,1835
31,0.14300545808902143,True,0.14300545808902143,0.5910081425912694,0.5910081425912694,1644,151,1644.0,88,1,20,"(25, 2)",31,0.04664179104477612,91.45,48.0,source_memory,88,ATTACK,300,"(30, 47)",True,1,True,1835
42,0.0,True,0.0,0.7395444543537999,0.8815990380595599,1787,0,1787.0,92,9,20,"(15, 2)",0,0.05228758169934641,90.55,47.6,source_memory,92,ATTACK,168,"(15, 32)",False,2,False,1835
0,0.0,True,0.0,0.9,0.9,1793,0,1793.0,83,4,22,"(13, 50)",0,0.038497652582159626,81.54545454545455,34.90909090909091,source_memory,83,ATTACK,136,"(17, 40)",False,0,False,1840
31,0.14300545808902143,True,0.14300545808902143,0.5910081425912694,0.5910081425912694,1649,151,1649.0,88,1,20,"(25, 2)",31,0.04757462686567164,91.45,48.0,source_memory,88,ATTACK,300,"(30, 42)",True,1,True,1840
42,0.0,True,0.0,0.7749282822284889,0.9030737133976595,1792,0,1792.0,92,9,20,"(15, 2)",0,0.051353874883286646,90.55,47.6,source_memory,92,ATTACK,168,"(15, 27)",False,2,False,1840
0,0.0,True,0.0,0.9,0.9,1798,0,1798.0,83,4,22,"(13, 50)",0,0.03345724907063197,81.54545454545455,34.90909090909091,source_memory,83,ATTACK,136,"(15, 43)",False,0,False,1845
31,0.14300545808902143,True,0.14300545808902143,0.5910081425912694,0.5910081425912694,1654,151,1654.0,88,1,20,"(25, 2)",31,0.0443213296398892,91.45,48.0,source_memory,88,ATTACK,300,"(28, 39)",True,1,True,1845
42,0.0,True,0.0,0.805893686247873,0.9166797752273618,1797,0,1797.0,92,9,20,"(15, 2)",0,0.04713493530499076,90.55,47.6,source_memory,92,ATTACK,168,"(15, 22)",False,2,False,1845
0,0.0,True,0.0,0.9,0.9,1803,0,1803.0,83,4,22,"(13, 50)",0,0.027447392497712716,81.54545454545455,34.90909090909091,source_memory,83,ATTACK,137,"(13, 46)",False,0,False,1850
30,0.13318416505430264,True,0.13318416505430264,0.5910081425912694,0.5910081425912694,1659,151,1659.0,88,1,20,"(25, 2)",30,0.03909090909090909,91.45,48.0,source_memory,88,ATTACK,301,"(28, 34)",True,1,True,1850
41,0.0,True,0.0,0.805893686247873,0.9166797752273618,1802,0,1802.0,92,9,20,"(15, 2)",0,0.042766151046405826,90.55,47.6,source_memory,92,ATTACK,169,"(15, 17)",False,2,False,1850
0,0.0,True,0.0,0.9,0.9,1807,0,1807.0,84,4,22,"(33, 50)",0,0.028985507246376812,81.54545454545455,34.90909090909091,source_memory,84,ATTACK,138,"(13, 50)",False,0,False,1855
29,0.13318416505430264,True,0.13318416505430264,0.5962071736122498,0.6344890132265192,1664,151,1664.0,88,1,20,"(25, 2)",29,0.036936936936936934,91.45,48.0,source_memory,88,ATTACK,301,"(28, 29)",True,1,True,1855
40,0.0,True,0.0,0.805893686247873,0.9166797752273618,1807,0,1807.0,92,9,20,"(15, 2)",0,0.03967538322813345,90.55,47.6,source_memory,92,ATTACK,169,"(15, 12)",False,2,False,1855
0,0.0,True,0.0,0.9,0.9,1812,0,1812.0,84,4,22,"(33, 50)",0,0.027051397655545536,81.54545454545455,34.90909090909091,source_memory,84,ATTACK,138,"(18, 50)",False,0,False,1860
29,0.12740693385738666,True,0.12740693385738666,0.6124974362268333,0.6877429955116448,1669,151,1669.0,88,1,20,"(25, 2)",29,0.03770197486535009,91.45,48.0,source_memory,88,ATTACK,301,"(28, 24)",True,1,True,1860
40,0.0,True,0.0,0.805893686247873,0.9166797752273618,1812,0,1812.0,92,9,20,"(15, 2)",0,0.03504043126684636,90.55,47.6,source_memory,92,ATTACK,169,"(15, 7)",False,2,False,1860
0,0.0,True,0.0,0.9,0.9,1817,0,1817.0,84,4,22,"(33, 50)",0,0.024150268336314847,81.54545454545455,34.90909090909091,source_memory,84,ATTACK,138,"(21, 50)",False,0,False,1865
29,3.9485065937164308,True,3.9485065937164308,0.6355252574731477,0.7303216816476853,1674,151,1674.0,90,1,20,"(25, 2)",29,0.030357142857142857,91.45,48.0,source_memory,90,ATTACK,303,"(27, 20)",True,1,True,1865
40,0.0,True,0.0,0.805893686247873,0.9166797752273618,1817,0,1817.0,92,9,20,"(15, 2)",0,0.03127792672028597,90.55,47.6,source_memory,92,ATTACK,169,"(15, 2)",False,2,False,1865
0,0.0,True,0.0,0.9,0.9,1822,0,1822.0,84,4,22,"(33, 50)",0,0.024150268336314847,81.54545454545455,34.90909090909091,source_memory,84,ATTACK,138,"(26, 50)",False,0,False,1870
29,7.385357472311821,True,7.385357472311821,0.5462042387769155,0.5462042387769155,1679,151,1679.0,91,1,20,"(25, 2)",29,0.033035714285714286,91.45,48.0,source_memory,91,ATTACK,304,"(26, 16)",True,1,True,1870
54,0.0,True,0.0,0.805893686247873,0.9166797752273618,1821,0,1821.0,93,9,20,"(24, 45)",0,0.03395889186773905,90.55,47.6,source_memory,93,ATTACK,170,"(15, 6)",False,2,False,1870
0,0.0,True,0.0,0.9,0.9,1827,0,1827.0,84,4,22,"(33, 50)",0,0.024150268336314847,81.54545454545455,34.90909090909091,source_memory,84,ATTACK,139,"(31, 50)",False,0,False,1875
22,0.0,False,0.0,0.47373056383417467,0.47373056383417467,1684,151,1684.0,92,1,20,"(25, 2)",0,0.025892857142857145,91.45,48.0,source_memory,92,ATTACK,305,"(26, 11)",False,1,False,1875
54,0.0,True,0.0,0.805893686247873,0.9166797752273618,1826,0,1826.0,93,9,20,"(24, 45)",0,0.03485254691689008,90.55,47.6,source_memory,93,ATTACK,171,"(15, 11)",False,2,False,1875
0,0.0,True,0.0,0.9,0.9,1831,0,1831.0,85,4,23,"(2, 50)",0,0.018800358102059087,81.65217391304348,34.391304347826086,source_memory,85,ATTACK,140,"(31, 50)",False,0,False,1880
17,0.0,False,0.0,0.3691021007748442,0.41147115339678786,1689,151,1689.0,92,1,20,"(25, 2)",0,0.020554066130473638,91.45,48.0,source_memory,92,ATTACK,306,"(26, 6)",False,1,False,1880
54,0.0,True,0.0,0.805893686247873,0.9166797752273618,1831,0,1831.0,93,9,20,"(24, 45)",0,0.025044722719141325,90.55,47.6,source_memory,93,ATTACK,171,"(15, 16)",False,2,False,1880
0,0.0,True,0.0,0.9,0.9,1836,0,1836.0,85,4,23,"(2, 50)",0,0.017905102954341987,81.65217391304348,34.391304347826086,source_memory,85,ATTACK,140,"(27, 49)",False,0,False,1885
17,0.0,False,0.0,0.37194109069654635,0.4258818992088872,1694,151,1694.0,92,1,20,"(25, 2)",0,0.01966041108132261,91.45,48.0,source_memory,92,ATTACK,306,"(25, 2)",False,1,False,1885
54,0.0,True,0.0,0.805893686247873,0.9166797752273618,1836,0,1836.0,93,9,20,"(24, 45)",0,0.024150268336314847,90.55,47.6,source_memory,93,ATTACK,171,"(15, 21)",False,2,False,1885
0,0.0,True,0.0,0.9,0.9,1841,0,1841.0,85,4,23,"(2, 50)",0,0.017905102954341987,81.65217391304348,34.391304347826086,source_memory,85,ATTACK,140,"(22, 49)",False,0,False,1890
17,0.0,False,0.0,0.37194109069654635,0.4258818992088872,1698,151,1698.0,93,1,20,"(33, 30)",0,0.01966041108132261,91.45,48.0,source_memory,93,ATTACK,307,"(25, 6)",False,1,False,1890
54,0.0,True,0.0,0.8115298368264425,0.9186166978192634,1841,0,1841.0,93,9,20,"(24, 45)",0,0.023255813953488372,90.55,47.6,source_memory,93,ATTACK,171,"(16, 25)",False,2,False,1890
0,0.0,True,0.0,0.9,0.9,1846,0,1846.0,85,4,23,"(2, 50)",0,0.017905102954341987,81.65217391304348,34.391304347826086,source_memory,85,ATTACK,140,"(17, 49)",False,0,False,1895
17,0.0,False,0.0,0.37194109069654635,0.4258818992088872,1703,151,1703.0,93,1,20,"(33, 30)",0,0.01966041108132261,91.45,48.0,source_memory,93,ATTACK,307,"(25, 11)",False,1,False,1895
54,0.0,True,0.0,0.8370872144750314,0.9280351815477127,1846,0,1846.0,93,9,20,"(24, 45)",0,0.023255813953488372,90.55,47.6,source_memory,93,ATTACK,171,"(16, 30)",False,2,False,1895
0,0.0,True,0.0,0.9,0.9,1851,0,1851.0,85,4,23,"(2, 50)",0,0.017969451931716084,81.65217391304348,34.391304347826086,source_memory,85,ATTACK,141,"(13, 48)",False,0,False,1900
17,0.0,False,0.0,0.37194109069654635,0.4258818992088872,1708,151,1708.0,94,1,20,"(33, 30)",0,0.019695613249776187,91.45,48.0,source_memory,94,ATTACK,308,"(25, 16)",False,1,False,1900
54,0.0,True,0.0,0.8589782015053047,0.9372475498096496,1851,0,1851.0,94,9,20,"(24, 45)",0,0.02244165170556553,90.55,47.6,source_memory,94,ATTACK,172,"(16, 35)",False,2,False,1900
0,0.0,True,0.0,0.9,0.9,1856,0,1856.0,85,4,23,"(2, 50)",0,0.016042780748663103,81.65217391304348,34.391304347826086,source_memory,85,ATTACK,141,"(10, 46)",False,0,False,1905
39,0.0,False,0.0,0.37194109069654635,0.4258818992088872,1713,151,1713.0,94,1,20,"(33, 30)",0,0.019555555555555555,91.45,48.0,source_memory,94,ATTACK,308,"(27, 19)",False,1,False,1905
79,0.0,True,0.0,0.8778544998889602,0.9457477542980143,1856,0,1856.0,94,9,20,"(24, 45)",0,0.026737967914438502,90.55,47.6,source_memory,94,ATTACK,172,"(18, 38)",False,2,False,1905
0,0.0,True,0.0,0.9,0.9,1861,0,1861.0,85,4,23,"(2, 50)",0,0.015111111111111112,81.65217391304348,34.391304347826086,source_memory,85,ATTACK,141,"(5, 46)",False,0,False,1910
38,0.0,False,0.0,0.37194109069654635,0.4258818992088872,1718,151,1718.0,94,1,20,"(33, 30)",0,0.01950354609929078,91.45,48.0,source_memory,94,ATTACK,308,"(28, 23)",False,1,False,1910
78,0.0,True,0.0,0.8942423534864781,0.952920116994236,1861,0,1861.0,94,9,20,"(24, 45)",0,0.035555555555555556,90.55,47.6,source_memory,94,ATTACK,172,"(21, 40)",False,2,False,1910
0,0.0,True,0.0,0.9,0.9,1866,0,1866.0,85,4,23,"(2, 50)",0,0.015111111111111112,81.65217391304348,34.391304347826086,source_memory,85,ATTACK,141,"(3, 49)",False,0,False,1915
38,0.0,False,0.0,0.37194109069654635,0.4258818992088872,1723,151,1723.0,94,1,20,"(33, 30)",0,0.01950354609929078,91.45,48.0,source_memory,94,ATTACK,308,"(29, 27)",False,1,False,1915
78,0.0,True,0.0,0.8972454077221054,0.9543034381990246,1866,0,1866.0,94,9,20,"(24, 45)",0,0.035555555555555556,90.55,47.6,source_memory,94,ATTACK,172,"(25, 41)",False,2,False,1915
0,0.0,True,0.0,0.9,0.9,1870,0,1870.0,86,4,23,"(2, 41)",0,0.015111111111111112,81.65217391304348,34.391304347826086,source_memory,86,ATTACK,142,"(3, 49)",False,0,False,1920
29,0.0,False,0.0,0.37194109069654635,0.4258818992088872,1728,151,1728.0,94,1,20,"(33, 30)",0,0.01950354609929078,91.45,48.0,source_memory,94,ATTACK,308,"(31, 30)",False,1,False,1920
69,0.0,True,0.0,0.9111684782852614,0.961475994779878,1871,0,1871.0,94,9,20,"(24, 45)",0,0.037333333333333336,90.55,47.6,source_memory,94,ATTACK,172,"(24, 45)",False,2,False,1920
0,0.0,True,0.0,0.9,0.9,1875,0,1875.0,86,4,23,"(2, 41)",0,0.015111111111111112,81.65217391304348,34.391304347826086,source_memory,86,ATTACK,143,"(3, 44)",False,0,False,1925
29,0.0,False,0.0,0.37194109069654635,0.4258818992088872,1732,151,1732.0,95,1,21,"(2, 41)",0,0.01950354609929078,91.57142857142857,47.476190476190474,source_memory,95,ATTACK,310,"(31, 30)",False,1,False,1925
69,0.0,True,0.0,0.9137420884237886,0.9626406810558054,1875,0,1875.0,95,9,21,"(2, 41)",0,0.037333333333333336,91.47619047619048,47.95238095238095,source_memory,95,ATTACK,174,"(25, 42)",False,2,False,1925
0,0.0,True,0.0,0.9,0.9,1879,0,1879.0,87,4,24,"(3, 8)",0,0.016,80.41666666666667,33.458333333333336,source_memory,87,ATTACK,144,"(2, 41)",False,0,False,1930
29,0.0,False,0.0,0.37194109069654635,0.4258818992088872,1737,151,1737.0,95,1,21,"(2, 41)",0,0.020390070921985817,91.57142857142857,47.476190476190474,source_memory,95,ATTACK,310,"(29, 33)",False,1,False,1930
69,0.0,True,0.0,0.9137420884237886,0.9626406810558054,1880,0,1880.0,95,9,21,"(2, 41)",0,0.035555555555555556,91.47619047619048,47.95238095238095,source_memory,95,ATTACK,174,"(22, 40)",False,2,False,1930
0,0.0,True,0.0,0.9,0.9,1884,0,1884.0,87,4,24,"(3, 8)",0,0.016,80.41666666666667,33.458333333333336,source_memory,87,ATTACK,144,"(7, 41)",False,0,False,1935
29,0.0,False,0.0,0.37194109069654635,0.4258818992088872,1742,151,1742.0,95,1,21,"(2, 41)",0,0.020390070921985817,91.57142857142857,47.476190476190474,source_memory,95,ATTACK,310,"(27, 36)",False,1,False,1935
69,0.0,True,0.0,0.9186604112688022,0.9646546766611657,1885,0,1885.0,95,9,21,"(2, 41)",0,0.035555555555555556,91.47619047619048,47.95238095238095,source_memory,95,ATTACK,174,"(18, 41)",False,2,False,1935
0,0.0,True,0.0,0.9,0.9,1889,0,1889.0,87,4,24,"(3, 8)",0,0.013345195729537367,80.41666666666667,33.458333333333336,source_memory,87,ATTACK,144,"(12, 41)",False,0,False,1940
47,0.0,False,0.0,0.3791295392996725,0.4525167316981335,1747,151,1747.0,95,1,21,"(2, 41)",0,0.019520851818988466,91.57142857142857,47.476190476190474,source_memory,95,ATTACK,310,"(26, 40)",False,1,False,1940
72,0.0,True,0.0,0.8432831609150183,0.8432831609150183,1890,0,1890.0,95,9,21,"(2, 41)",0,0.037366548042704624,91.47619047619048,47.95238095238095,source_memory,95,ATTACK,174,"(13, 41)",False,2,False,1940
0,0.0,True,0.0,0.9,0.9,1894,0,1894.0,87,4,24,"(3, 8)",0,0.012455516014234875,80.41666666666667,33.458333333333336,source_memory,87,ATTACK,144,"(14, 38)",False,0,False,1945
35,0.0,False,0.0,0.26620066696478645,0.26620066696478645,1752,151,1752.0,96,1,21,"(2, 41)",0,0.019520851818988466,91.57142857142857,47.476190476190474,source_memory,96,ATTACK,313,"(21, 40)",False,1,False,1945
72,0.0,True,0.0,0.8482893307637139,0.8771728575497955,1895,0,1895.0,95,9,21,"(2, 41)",0,0.04359430604982206,91.47619047619048,47.95238095238095,source_memory,95,ATTACK,174,"(8, 41)",False,2,False,1945
0,0.0,True,0.0,0.9,0.9,1899,0,1899.0,87,4,24,"(3, 8)",0,0.05871886120996441,80.41666666666667,33.458333333333336,source_memory,87,ATTACK,145,"(14, 33)",False,0,False,1950
29,0.0,False,0.0,0.24781856122093765,0.3166102041434677,1757,151,1757.0,96,1,21,"(2, 41)",0,0.05412599822537711,91.57142857142857,47.476190476190474,source_memory,96,ATTACK,314,"(17, 41)",False,1,False,1950
72,0.0,True,0.0,0.8557898305037324,0.8952394785960739,1900,0,1900.0,95,9,21,"(2, 41)",0,0.09341637010676157,91.47619047619048,47.95238095238095,source_memory,95,ATTACK,175,"(3, 41)",False,2,False,1950
0,0.0,True,0.0,0.9,0.9,1904,0,1904.0,87,4,24,"(3, 8)",0,0.05871886120996441,80.41666666666667,33.458333333333336,source_memory,87,ATTACK,145,"(14, 28)",False,0,False,1955
29,0.0,False,0.0,0.2797743538867104,0.42800295856453535,1762,151,1762.0,96,1,21,"(2, 41)",0,0.05412599822537711,91.57142857142857,47.476190476190474,source_memory,96,ATTACK,314,"(12, 41)",False,1,False,1955
72,0.0,True,0.0,0.8557898305037324,0.8952394785960739,1904,0,1904.0,96,9,21,"(25, 2)",0,0.09341637010676157,91.47619047619048,47.95238095238095,source_memory,96,ATTACK,176,"(5, 41)",False,2,False,1955
0,0.0,True,0.0,0.9,0.9,1909,0,1909.0,87,4,24,"(3, 8)",0,0.052132701421800945,80.41666666666667,33.458333333333336,source_memory,87,ATTACK,145,"(14, 23)",False,0,False,1960
8,0.0,False,0.0,0.2881890854125365,0.448068984403233,1766,151,1766.0,96,2,21,"(2, 41)",0,0.04891815616180621,91.57142857142857,47.476190476190474,source_memory,96,ATTACK,314,"(8, 41)",False,1,False,1960
52,0.0,True,0.0,0.8579481486417851,0.8989561932647884,1909,0,1909.0,96,9,21,"(25, 2)",0,0.07735849056603773,91.47619047619048,47.95238095238095,source_memory,96,ATTACK,176,"(8, 39)",False,2,False,1960
0,0.0,True,0.0,0.9,0.9,1914,0,1914.0,87,4,24,"(3, 8)",0,0.04433962264150943,80.41666666666667,33.458333333333336,source_memory,87,ATTACK,145,"(14, 18)",False,0,False,1965
4,0.0,False,0.0,0.2881890854125365,0.448068984403233,1771,151,1771.0,96,2,21,"(2, 41)",0,0.04967197750702906,91.57142857142857,47.476190476190474,source_memory,96,ATTACK,314,"(3, 41)",False,1,False,1965
48,0.0,True,0.0,0.8671476812641907,0.9117802980605432,1914,0,1914.0,98,9,21,"(25, 2)",0,0.07236842105263158,91.47619047619048,47.95238095238095,source_memory,98,ATTACK,178,"(10, 36)",False,2,False,1965
0,0.0,True,0.0,0.9,0.9,1919,0,1919.0,88,4,24,"(3, 8)",0,0.04052780395852969,80.41666666666667,33.458333333333336,source_memory,88,ATTACK,146,"(14, 13)",False,0,False,1970
4,0.0,False,0.0,0.2881890854125365,0.448068984403233,1775,151,1775.0,97,2,21,"(25, 2)",0,0.04962546816479401,91.57142857142857,47.476190476190474,source_memory,97,ATTACK,315,"(5, 41)",False,1,False,1970
47,0.0,True,0.0,0.8793400811658203,0.9260219510728263,1919,0,1919.0,98,9,21,"(25, 2)",0,0.06103286384976526,91.47619047619048,47.95238095238095,source_memory,98,ATTACK,178,"(14, 35)",False,2,False,1970
0,0.0,True,0.0,0.9,0.9,1924,0,1924.0,89,4,24,"(3, 8)",0,0.03958529688972667,80.41666666666667,33.458333333333336,source_memory,89,ATTACK,148,"(16, 10)",False,0,False,1975
4,0.0,False,0.0,0.2881890854125365,0.448068984403233,1780,151,1780.0,98,2,21,"(25, 2)",0,0.04962546816479401,91.57142857142857,47.476190476190474,source_memory,98,ATTACK,316,"(10, 41)",False,1,False,1975
46,0.0,True,0.0,0.8913908106923849,0.9365315230968676,1924,0,1924.0,98,9,21,"(25, 2)",0,0.059154929577464786,91.47619047619048,47.95238095238095,source_memory,98,ATTACK,179,"(15, 31)",False,2,False,1975
0,0.0,True,0.0,0.9,0.9,1929,0,1929.0,89,4,24,"(3, 8)",0,0.038350910834132314,80.41666666666667,33.458333333333336,source_memory,89,ATTACK,148,"(13, 8)",False,0,False,1980
14,0.0,False,0.0,0.2881890854125365,0.448068984403233,1785,151,1785.0,98,2,21,"(25, 2)",0,0.049665711556829036,91.57142857142857,47.476190476190474,source_memory,98,ATTACK,316,"(14, 40)",False,1,False,1980
56,0.0,True,0.0,0.9029237194910249,0.945761248144864,1929,0,1929.0,98,9,21,"(25, 2)",0,0.058150619637750235,91.47619047619048,47.95238095238095,source_memory,98,ATTACK,179,"(15, 26)",False,2,False,1980
0,0.0,True,0.0,0.9,0.9,1934,0,1934.0,89,4,24,"(3, 8)",0,0.03721374045801527,80.41666666666667,33.458333333333336,source_memory,89,ATTACK,148,"(8, 8)",False,0,False,1985
14,0.0,True,0.0,0.33575783407135196,0.5261071511254217,1790,151,1790.0,98,2,21,"(25, 2)",0,0.04467680608365019,91.57142857142857,47.476190476190474,source_memory,98,ATTACK,316,"(19, 40)",False,1,False,1985
56,0.0,True,0.0,0.9137938957280549,0.953957482730635,1934,0,1934.0,98,9,21,"(25, 2)",0,0.055977229601518026,91.47619047619048,47.95238095238095,source_memory,98,ATTACK,179,"(15, 21)",False,2,False,1985
0,0.0,True,0.0,0.9,0.9,1939,0,1939.0,89,4,24,"(3, 8)",0,0.037142857142857144,80.41666666666667,33.458333333333336,source_memory,89,ATTACK,148,"(3, 8)",False,0,False,1990
14,0.0,True,0.0,0.33575783407135196,0.5261071511254217,1795,151,1795.0,98,2,21,"(25, 2)",0,0.03795066413662239,91.57142857142857,47.476190476190474,source_memory,98,ATTACK,316,"(23, 39)",False,1,False,1990
56,0.0,True,0.0,0.9239762323072325,0.9617356387091843,1939,0,1939.0,98,9,21,"(25, 2)",0,0.05113636363636364,91.47619047619048,47.95238095238095,source_memory,98,ATTACK,179,"(15, 16)",False,2,False,1990
0,0.0,True,0.0,0.9,0.9,1943,0,1943.0,90,4,24,"(33, 8)",0,0.03619047619047619,80.41666666666667,33.458333333333336,source_memory,90,ATTACK,149,"(7, 8)",False,0,False,1995
13,0.0,False,0.0,0.3515933685101795,0.44206453680051766,1800,151,1800.0,99,2,21,"(25, 2)",0,0.03510436432637571,91.57142857142857,47.476190476190474,source_memory,99,ATTACK,317,"(24, 35)",False,1,False,1995
56,0.0,True,0.0,0.9333953545819257,0.9677598426620192,1944,0,1944.0,98,9,21,"(25, 2)",0,0.04924242424242424,91.47619047619048,47.95238095238095,source_memory,98,ATTACK,179,"(17, 13)",False,2,False,1995
0,0.0,True,0.0,0.9,0.9,1948,0,1948.0,91,4,24,"(33, 8)",0,0.03629417382999045,80.41666666666667,33.458333333333336,source_memory,91,RECOVERY,150,"(12, 8)",False,0,False,2000
13,0.0,False,0.0,0.3515933685101795,0.44206453680051766,1805,151,1805.0,99,2,21,"(25, 2)",0,0.03425309229305423,91.57142857142857,47.476190476190474,source_memory,99,RECOVERY,318,"(25, 31)",False,1,False,2000
56,0.0,True,0.0,0.9419366170208695,0.9732350043329715,1949,0,1949.0,98,9,21,"(25, 2)",0,0.049476688867745006,91.47619047619048,47.95238095238095,source_memory,98,RECOVERY,180,"(18, 9)",False,2,False,2000
0,0.0,True,0.0,0.9,0.9,1953,0,1953.0,91,4,24,"(33, 8)",0,0.03629417382999045,80.41666666666667,33.458333333333336,source_memory,91,RECOVERY,150,"(16, 9)",False,0,False,2005
13,0.0,False,0.0,0.3515933685101795,0.44206453680051766,1810,151,1810.0,99,2,21,"(25, 2)",0,0.03425309229305423,91.57142857142857,47.476190476190474,source_memory,99,RECOVERY,318,"(25, 26)",False,1,False,2005
53,0.0,True,0.0,0.9498706735121989,0.9791046361218442,1954,0,1954.0,98,9,21,"(25, 2)",0,0.049476688867745006,91.47619047619048,47.95238095238095,source_memory,98,RECOVERY,180,"(23, 9)",False,2,False,2005
0,0.0,True,0.0,0.9,0.9,1958,0,1958.0,91,4,24,"(33, 8)",0,0.03151862464183381,80.41666666666667,33.458333333333336,source_memory,91,RECOVERY,150,"(21, 9)",False,0,False,2010
13,0.0,False,0.0,0.3515933685101795,0.44206453680051766,1815,151,1815.0,99,2,21,"(25, 2)",0,0.03139866793529972,91.57142857142857,47.476190476190474,source_memory,99,RECOVERY,318,"(25, 21)",False,1,False,2010
44,0.0,True,0.0,0.9571012685226375,0.9833720960608511,1959,0,1959.0,98,9,21,"(25, 2)",0,0.04281636536631779,91.47619047619048,47.95238095238095,source_memory,98,RECOVERY,180,"(25, 6)",False,2,False,2010
0,0.0,True,0.0,0.9,0.9,1963,0,1963.0,91,4,24,"(33, 8)",0,0.027698185291308502,80.41666666666667,33.458333333333336,source_memory,91,RECOVERY,150,"(26, 9)",False,0,False,2015
13,0.0,False,0.0,0.3570938772078408,0.4616035424634049,1820,151,1820.0,99,2,21,"(25, 2)",0,0.030447193149381543,91.57142857142857,47.476190476190474,source_memory,99,RECOVERY,318,"(25, 16)",False,1,False,2015
44,0.0,True,0.0,0.9634949831699057,0.9864613914415915,1963,0,1963.0,98,9,22,"(25, 2)",0,0.030447193149381543,91.5909090909091,48.63636363636363,source_memory,98,RECOVERY,181,"(25, 2)",False,2,False,2015
0,0.0,True,0.0,0.9,0.9,1968,0,1968.0,91,4,24,"(33, 8)",0,0.027698185291308502,80.41666666666667,33.458333333333336,source_memory,91,RECOVERY,150,"(30, 8)",False,0,False,2020
13,0.0,True,0.0,0.39510807877755083,0.5649558688918007,1825,151,1825.0,99,2,21,"(25, 2)",0,0.030447193149381543,91.57142857142857,47.476190476190474,source_memory,99,RECOVERY,318,"(25, 11)",False,1,False,2020
44,0.0,True,0.0,0.9680313317743628,0.988741995172942,1967,0,1967.0,99,9,22,"(33, 50)",0,0.03235014272121789,91.5909090909091,48.63636363636363,source_memory,99,RECOVERY,182,"(25, 6)",False,2,False,2020
0,0.0,True,0.0,0.9,0.9,1972,0,1972.0,92,4,25,"(24, 45)",0,0.024832855778414518,80.96,33.44,source_memory,92,RECOVERY,152,"(32, 8)",False,0,False,2025
13,0.0,True,0.0,0.4457296222355216,0.6474299916750234,1829,151,1829.0,99,3,21,"(25, 2)",0,0.030447193149381543,91.57142857142857,47.476190476190474,source_memory,99,RECOVERY,319,"(25, 7)",False,1,False,2025
44,0.0,True,0.0,0.9730356356861318,0.9909181564249566,1972,0,1972.0,101,9,22,"(33, 50)",0,0.029495718363463368,91.5909090909091,48.63636363636363,source_memory,101,RECOVERY,184,"(27, 9)",False,2,False,2025
0,0.0,True,0.0,0.9,0.9,1977,0,1977.0,92,4,25,"(24, 45)",0,0.021967526265520534,80.96,33.44,source_memory,92,RECOVERY,152,"(29, 10)",False,0,False,2030
13,0.0,True,0.0,0.5008946313581475,0.7156055743487291,1834,151,1834.0,99,3,21,"(25, 2)",0,0.023786869647954328,91.57142857142857,47.476190476190474,source_memory,99,RECOVERY,319,"(25, 2)",False,1,False,2030
34,0.0,True,0.0,0.9773420384882567,0.9928175287598799,1977,0,1977.0,101,9,22,"(33, 50)",0,0.02664129400570885,91.5909090909091,48.63636363636363,source_memory,101,RECOVERY,184,"(27, 14)",False,2,False,2030
0,0.0,True,0.0,0.9,0.9,1982,0,1982.0,92,4,25,"(24, 45)",0,0.021012416427889206,80.96,33.44,source_memory,92,RECOVERY,152,"(25, 11)",False,0,False,2035
13,0.0,True,0.0,0.556231295671206,0.7636142088573125,1838,151,1838.0,100,3,22,"(2, 20)",0,0.022835394862036156,92.31818181818181,48.22727272727273,source_memory,100,RECOVERY,320,"(25, 6)",False,1,False,2035
30,0.0,True,0.0,0.9810793740475056,0.9944208583791562,1982,0,1982.0,101,9,22,"(33, 50)",0,0.025689819219790674,91.5909090909091,48.63636363636363,source_memory,101,RECOVERY,184,"(27, 19)",False,2,False,2035
0,0.0,True,0.0,0.9,0.9,1987,0,1987.0,92,4,25,"(24, 45)",0,0.021012416427889206,80.96,33.44,source_memory,92,RECOVERY,152,"(25, 16)",False,0,False,2040
13,0.0,True,0.0,0.6100991846242336,0.8121820682332386,1843,151,1843.0,100,3,22,"(2, 20)",0,0.022835394862036156,92.31818181818181,48.22727272727273,source_memory,100,RECOVERY,320,"(25, 11)",False,1,False,2040
30,0.0,True,0.0,0.9842352763608866,0.9953696952703767,1987,0,1987.0,101,9,22,"(33, 50)",0,0.02664129400570885,91.5909090909091,48.63636363636363,source_memory,101,RECOVERY,184,"(27, 24)",False,2,False,2040
0,0.0,True,0.0,0.9,0.9,1992,0,1992.0,92,4,25,"(24, 45)",0,0.021012416427889206,80.96,33.44,source_memory,92,RECOVERY,152,"(25, 21)",False,0,False,2045
13,0.0,True,0.0,0.661689117384376,0.8526644157539506,1848,151,1848.0,100,3,22,"(2, 20)",0,0.023786869647954328,92.31818181818181,48.22727272727273,source_memory,100,RECOVERY,320,"(25, 16)",False,1,False,2045
22,0.0,True,0.0,0.9868652306161918,0.9961437011972182,1992,0,1992.0,101,9,22,"(33, 50)",0,0.02664129400570885,91.5909090909091,48.63636363636363,source_memory,101,RECOVERY,184,"(27, 29)",False,2,False,2045
0,0.0,True,0.0,0.9,0.9,1997,0,1997.0,92,4,25,"(24, 45)",0,0.021012416427889206,80.96,33.44,source_memory,92,RECOVERY,153,"(25, 26)",False,0,False,2050
13,0.0,True,0.0,0.7090786317134434,0.8791574295140463,1853,151,1853.0,100,3,22,"(2, 20)",0,0.023786869647954328,92.31818181818181,48.22727272727273,source_memory,100,RECOVERY,321,"(21, 17)",False,1,False,2050
21,0.0,True,0.0,0.9890562974586674,0.9967836893899619,1997,0,1997.0,102,9,22,"(33, 50)",0,0.02664129400570885,91.5909090909091,48.63636363636363,source_memory,102,RECOVERY,185,"(27, 34)",False,2,False,2050
0,0.0,True,0.0,0.9,0.9,2002,0,2002.0,92,4,25,"(24, 45)",0,0.02005730659025788,80.96,33.44,source_memory,92,RECOVERY,153,"(25, 31)",False,0,False,2055
13,0.0,True,0.0,0.7497540484993367,0.8948894701553449,1858,151,1858.0,100,3,22,"(2, 20)",0,0.022835394862036156,92.31818181818181,48.22727272727273,source_memory,100,RECOVERY,321,"(16, 17)",False,1,False,2055
20,0.0,True,0.0,0.9673850172097934,0.9684856204227102,2002,0,2002.0,102,9,22,"(33, 50)",0,0.025689819219790674,91.5909090909091,48.63636363636363,source_memory,102,RECOVERY,185,"(29, 37)",False,2,False,2055
0,0.0,True,0.0,0.9,0.9,2007,0,2007.0,92,4,25,"(24, 45)",0,0.019102196752626553,80.96,33.44,source_memory,92,RECOVERY,153,"(25, 36)",False,0,False,2060
13,0.0,True,0.0,0.7845079314809467,0.9082286412520948,1863,151,1863.0,100,3,22,"(2, 20)",0,0.02093244529019981,92.31818181818181,48.22727272727273,source_memory,100,RECOVERY,321,"(14, 20)",False,1,False,2060
18,0.0,True,0.0,0.9334778325219723,0.9334778325219723,2007,0,2007.0,102,9,22,"(33, 50)",0,0.022835394862036156,91.5909090909091,48.63636363636363,source_memory,102,RECOVERY,185,"(29, 42)",False,2,False,2060
0,0.0,True,0.0,0.9,0.9,2012,0,2012.0,92,4,25,"(24, 45)",0,0.01413760603204524,80.96,33.44,source_memory,92,RECOVERY,153,"(25, 41)",False,0,False,2065
9,0.0,True,0.0,0.8027851882265649,0.9147425589726482,1868,151,1868.0,100,3,22,"(2, 20)",0,0.0160075329566855,92.31818181818181,48.22727272727273,source_memory,100,RECOVERY,321,"(9, 20)",False,1,False,2065
11,0.0,True,0.0,0.8606298432434983,0.8708677934471006,2012,0,2012.0,102,9,22,"(33, 50)",0,0.014124293785310734,91.5909090909091,48.63636363636363,source_memory,102,RECOVERY,185,"(29, 47)",False,2,False,2065
0,0.0,True,0.0,0.9,0.9,2017,0,2017.0,92,4,25,"(24, 45)",0,0.010166358595194085,80.96,33.44,source_memory,92,RECOVERY,153,"(24, 45)",False,0,False,2070
4,0.0,True,0.0,0.8027851882265649,0.9147425589726482,1873,151,1873.0,100,3,22,"(2, 20)",0,0.012014787430683918,92.31818181818181,48.22727272727273,source_memory,100,RECOVERY,321,"(4, 20)",False,1,False,2070
7,0.0,True,0.0,0.783618606294552,0.7976425239507013,2017,0,2017.0,102,9,22,"(33, 50)",0,0.00831792975970425,91.5909090909091,48.63636363636363,source_memory,102,RECOVERY,185,"(31, 50)",False,2,False,2070
0,0.0,True,0.0,0.9,0.9,2021,0,2021.0,94,4,25,"(2, 20)",0,0.010138248847926268,80.96,33.44,source_memory,94,RECOVERY,155,"(25, 42)",False,0,False,2075
4,0.0,True,0.0,0.8027851882265649,0.9147425589726482,1877,151,1877.0,101,3,22,"(2, 41)",0,0.011981566820276499,92.31818181818181,48.22727272727273,source_memory,101,RECOVERY,323,"(3, 21)",False,1,False,2075
7,0.0,True,0.0,0.7860280058514199,0.8115847276886305,2021,0,2021.0,103,9,23,"(33, 8)",0,0.008294930875576038,90.1304347826087,49.0,source_memory,103,RECOVERY,187,"(33, 48)",False,2,False,2075
0,0.0,True,0.0,0.9,0.9,2026,0,2026.0,94,4,25,"(2, 20)",0,0.008226691042047532,80.96,33.44,source_memory,94,RECOVERY,155,"(24, 38)",False,0,False,2080
4,0.0,True,0.0,0.8027851882265649,0.9147425589726482,1882,151,1882.0,101,3,22,"(2, 41)",0,0.010027347310847767,92.31818181818181,48.22727272727273,source_memory,101,RECOVERY,323,"(4, 25)",False,1,False,2080
7,0.0,True,0.0,0.7860280058514199,0.8115847276886305,2026,0,2026.0,103,9,23,"(33, 8)",0,0.005484460694698354,90.1304347826087,49.0,source_memory,103,RECOVERY,187,"(30, 46)",False,2,False,2080
0,0.0,True,0.0,0.9,0.9,2031,0,2031.0,94,4,25,"(2, 20)",0,0.008920606601248885,80.96,33.44,source_memory,94,RECOVERY,155,"(24, 33)",False,0,False,2085
4,0.0,True,0.0,0.8084559621832653,0.9162006673605743,1887,151,1887.0,101,3,22,"(2, 41)",0,0.009786476868327402,92.31818181818181,48.22727272727273,source_memory,101,RECOVERY,323,"(4, 30)",False,1,False,2085
7,0.0,True,0.0,0.7961052485889778,0.8415830655594841,2031,0,2031.0,103,9,23,"(33, 8)",0,0.0053523639607493305,90.1304347826087,49.0,source_memory,103,RECOVERY,187,"(30, 41)",False,2,False,2085
0,0.0,True,0.0,0.9,0.9,2036,0,2036.0,94,4,25,"(2, 20)",0,0.0070921985815602835,80.96,33.44,source_memory,94,RECOVERY,155,"(24, 28)",False,0,False,2090
4,0.0,True,0.0,0.8139108041449685,0.91755280141733,1892,151,1892.0,101,3,22,"(2, 41)",0,0.009725906277630416,92.31818181818181,48.22727272727273,source_memory,101,RECOVERY,323,"(4, 35)",False,1,False,2090
7,0.0,True,0.0,0.8099356433383622,0.8659924044416113,2036,0,2036.0,103,9,23,"(33, 8)",0,0.0070921985815602835,90.1304347826087,49.0,source_memory,103,RECOVERY,187,"(29, 37)",False,2,False,2090
0,0.0,True,0.0,0.9,0.9,2041,0,2041.0,94,4,25,"(2, 20)",0,0.0070921985815602835,80.96,33.44,source_memory,94,RECOVERY,155,"(22, 25)",False,0,False,2095
4,0.0,True,0.0,0.8139108041449685,0.91755280141733,1897,151,1897.0,101,3,22,"(2, 41)",0,0.009725906277630416,92.31818181818181,48.22727272727273,source_memory,101,RECOVERY,323,"(4, 40)",False,1,False,2095
7,0.0,True,0.0,0.8254464871903833,0.8857817221726093,2041,0,2041.0,103,9,23,"(33, 8)",0,0.0070921985815602835,90.1304347826087,49.0,source_memory,103,RECOVERY,187,"(29, 32)",False,2,False,2095
0,0.0,True,0.0,0.9,0.9,2046,0,2046.0,95,4,25,"(2, 20)",0,0.049910873440285206,80.96,33.44,source_memory,95,RECOVERY,156,"(17, 25)",False,0,False,2100
4,0.0,True,0.0,0.8139108041449685,0.91755280141733,1901,151,1901.0,102,3,23,"(15, 2)",0,0.049910873440285206,91.26086956521739,47.26086956521739,source_memory,102,RECOVERY,325,"(3, 41)",False,1,False,2100
7,0.0,True,0.0,0.8382944206687678,0.8995295655282569,2046,0,2046.0,103,9,23,"(33, 8)",0,0.05080213903743316,90.1304347826087,49.0,source_memory,103,RECOVERY,188,"(29, 27)",False,2,False,2100
0,0.0,True,0.0,0.9,0.9,2051,0,2051.0,95,4,25,"(2, 20)",0,0.0481283422459893,80.96,33.44,source_memory,95,RECOVERY,156,"(14, 23)",False,0,False,2105
4,0.0,True,0.0,0.8139108041449685,0.91755280141733,1906,151,1906.0,102,3,23,"(15, 2)",0,0.049910873440285206,91.26086956521739,47.26086956521739,source_memory,102,RECOVERY,325,"(5, 38)",False,1,False,2105
7,0.0,True,0.0,0.8382944206687678,0.8995295655282569,2051,0,2051.0,103,9,23,"(33, 8)",0,0.0481283422459893,90.1304347826087,49.0,source_memory,103,RECOVERY,188,"(29, 22)",False,2,False,2105
0,0.0,True,0.0,0.9,0.9,2056,0,2056.0,95,4,25,"(2, 20)",0,0.042666666666666665,80.96,33.44,source_memory,95,RECOVERY,156,"(12, 20)",False,0,False,2110
4,0.0,True,0.0,0.8139108041449685,0.91755280141733,1911,151,1911.0,102,3,23,"(15, 2)",0,0.04711111111111111,91.26086956521739,47.26086956521739,source_memory,102,RECOVERY,325,"(5, 33)",False,1,False,2110
4,0.0,True,0.0,0.8382944206687678,0.8995295655282569,2056,0,2056.0,103,9,23,"(33, 8)",0,0.04711111111111111,90.1304347826087,49.0,source_memory,103,RECOVERY,188,"(29, 17)",False,2,False,2110
0,0.0,True,0.0,0.9,0.9,2061,0,2061.0,95,4,25,"(2, 20)",0,0.03971756398940865,80.96,33.44,source_memory,95,RECOVERY,156,"(7, 20)",False,0,False,2115
4,0.0,True,0.0,0.8139108041449685,0.91755280141733,1916,151,1916.0,102,3,23,"(15, 2)",0,0.04060017652250662,91.26086956521739,47.26086956521739,source_memory,102,RECOVERY,325,"(5, 28)",False,1,False,2115
3,0.0,True,0.0,0.8382944206687678,0.8995295655282569,2061,0,2061.0,103,9,23,"(33, 8)",0,0.04060017652250662,90.1304347826087,49.0,source_memory,103,RECOVERY,188,"(29, 12)",False,2,False,2115
0,0.0,True,0.0,0.9,0.9,2066,0,2066.0,95,4,25,"(2, 20)",0,0.03605980650835532,80.96,33.44,source_memory,95,RECOVERY,156,"(2, 20)",False,0,False,2120
4,0.0,True,0.0,0.8393078086554707,0.9321720297892072,1921,151,1921.0,102,3,23,"(15, 2)",0,0.036939313984168866,91.26086956521739,47.26086956521739,source_memory,102,RECOVERY,325,"(5, 23)",False,1,False,2120
3,0.0,True,0.0,0.8382944206687678,0.8995295655282569,2066,0,2066.0,103,9,23,"(33, 8)",0,0.03781882145998241,90.1304347826087,49.0,source_memory,103,RECOVERY,188,"(30, 8)",False,2,False,2120
0,0.0,True,0.0,0.9,0.9,2070,0,2070.0,96,4,26,"(15, 2)",0,0.0351493848857645,81.57692307692308,34.07692307692308,source_memory,96,RECOVERY,158,"(6, 20)",False,0,False,2125
4,0.0,True,0.0,0.8622050232219142,0.9455167060299452,1926,151,1926.0,103,3,23,"(15, 2)",0,0.0351493848857645,91.26086956521739,47.26086956521739,source_memory,103,RECOVERY,326,"(8, 21)",False,1,False,2125
3,0.0,True,0.0,0.8382944206687678,0.8995295655282569,2070,0,2070.0,104,9,23,"(33, 30)",0,0.03690685413005272,90.1304347826087,49.0,source_memory,104,RECOVERY,190,"(33, 9)",False,2,False,2125
0,0.0,True,0.0,0.9,0.9,2074,0,2074.0,96,5,26,"(15, 2)",0,0.0351493848857645,81.57692307692308,34.07692307692308,source_memory,96,RECOVERY,158,"(10, 20)",False,0,False,2130
4,0.0,True,0.0,0.8828393147665219,0.9573691553138307,1931,151,1931.0,103,3,23,"(15, 2)",0,0.0351493848857645,91.26086956521739,47.26086956521739,source_memory,103,RECOVERY,326,"(12, 20)",False,1,False,2130
3,0.0,True,0.0,0.8382944206687678,0.8995295655282569,2075,0,2075.0,104,9,23,"(33, 30)",0,0.03690685413005272,90.1304347826087,49.0,source_memory,104,RECOVERY,190,"(31, 12)",False,2,False,2130
0,0.0,True,0.0,0.9,0.9,2079,0,2079.0,96,5,26,"(15, 2)",0,0.0351493848857645,81.57692307692308,34.07692307692308,source_memory,96,RECOVERY,158,"(14, 19)",False,0,False,2135
4,0.0,True,0.0,0.9010934335747524,0.9673639463734851,1936,151,1936.0,103,3,23,"(15, 2)",0,0.0351493848857645,91.26086956521739,47.26086956521739,source_memory,103,RECOVERY,326,"(15, 18)",False,1,False,2135
3,0.0,True,0.0,0.8382944206687678,0.8995295655282569,2080,0,2080.0,104,9,23,"(33, 30)",0,0.03690685413005272,90.1304347826087,49.0,source_memory,104,RECOVERY,190,"(30, 16)",False,2,False,2135
0,0.0,True,0.0,0.9,0.9,2084,0,2084.0,96,5,26,"(15, 2)",0,0.03163444639718805,81.57692307692308,34.07692307692308,source_memory,96,RECOVERY,158,"(16, 16)",False,0,False,2140
4,0.0,True,0.0,0.9171610192785034,0.9748019738678869,1941,151,1941.0,103,3,23,"(15, 2)",0,0.03163444639718805,91.26086956521739,47.26086956521739,source_memory,103,RECOVERY,326,"(15, 13)",False,1,False,2140
3,0.0,True,0.0,0.8382944206687678,0.8995295655282569,2085,0,2085.0,104,9,23,"(33, 30)",0,0.03163444639718805,90.1304347826087,49.0,source_memory,104,RECOVERY,190,"(29, 20)",False,2,False,2140
0,0.0,True,0.0,0.9,0.9,2089,0,2089.0,96,5,26,"(15, 2)",0,0.03163444639718805,81.57692307692308,34.07692307692308,source_memory,96,RECOVERY,158,"(16, 11)",False,0,False,2145
4,0.0,True,0.0,0.9310488305905776,0.9806186830406304,1946,151,1946.0,103,3,23,"(15, 2)",0,0.03163444639718805,91.26086956521739,47.26086956521739,source_memory,103,RECOVERY,326,"(15, 10)",False,1,False,2145
3,0.0,True,0.0,0.8382944206687678,0.8995295655282569,2090,0,2090.0,104,9,23,"(33, 30)",0,0.03163444639718805,90.1304347826087,49.0,source_memory,104,RECOVERY,190,"(29, 25)",False,2,False,2145
0,0.0,True,0.0,0.9,0.9,2094,0,2094.0,96,5,26,"(15, 2)",0,0.03163444639718805,81.57692307692308,34.07692307692308,source_memory,96,RECOVERY,159,"(15, 7)",False,0,False,2150
4,0.0,True,0.0,0.9429004054486925,0.9850755252021864,1951,151,1951.0,103,3,23,"(15, 2)",0,0.03163444639718805,91.26086956521739,47.26086956521739,source_memory,103,RECOVERY,327,"(15, 5)",False,1,False,2150
3,0.0,True,0.0,0.8382944206687678,0.8995295655282569,2095,0,2095.0,104,9,23,"(33, 30)",0,0.03163444639718805,90.1304347826087,49.0,source_memory,104,RECOVERY,191,"(29, 30)",False,2,False,2150
0,0.0,True,0.0,0.9,0.9,2098,0,2098.0,96,6,26,"(15, 2)",0,0.03163444639718805,81.57692307692308,34.07692307692308,source_memory,96,RECOVERY,159,"(15, 3)",False,0,False,2155
4,0.0,True,0.0,0.9529832586729319,0.9888464534528096,1955,151,1955.0,104,3,23,"(21, 17)",0,0.03163444639718805,91.26086956521739,47.26086956521739,source_memory,104,RECOVERY,328,"(14, 2)",False,1,False,2155
3,0.0,True,0.0,0.8382944206687678,0.8995295655282569,2099,0,2099.0,105,9,24,"(2, 41)",0,0.03163444639718805,89.79166666666667,48.25,source_memory,105,RECOVERY,192,"(33, 30)",False,2,False,2155
0,0.0,True,0.0,0.9,0.9,2102,0,2102.0,97,6,26,"(21, 17)",0,0.03163444639718805,81.57692307692308,34.07692307692308,source_memory,97,RECOVERY,160,"(15, 5)",False,0,False,2160
4,0.0,True,0.0,0.9614439296375834,0.9912805825891668,1959,152,1959.0,107,3,23,"(21, 17)",0,0.03163444639718805,91.26086956521739,47.26086956521739,source_memory,107,RECOVERY,331,"(14, 6)",False,1,False,2160
3,0.0,True,0.0,0.8382944206687678,0.8995295655282569,2104,0,2104.0,105,9,24,"(2, 41)",0,0.03163444639718805,89.79166666666667,48.25,source_memory,105,RECOVERY,192,"(29, 31)",False,2,False,2160
0,0.0,True,0.0,0.9,0.9,2107,0,2107.0,97,6,26,"(21, 17)",0,0.030755711775043937,81.57692307692308,34.07692307692308,source_memory,97,RECOVERY,160,"(17, 8)",False,0,False,2165
4,0.0,True,0.0,0.9684717005355329,0.9931534096397558,1964,152,1964.0,107,3,23,"(21, 17)",0,0.030755711775043937,91.26086956521739,47.26086956521739,source_memory,107,RECOVERY,331,"(16, 9)",False,1,False,2165
3,0.0,True,0.0,0.8382944206687678,0.8995295655282569,2109,0,2109.0,105,9,24,"(2, 41)",0,0.033391915641476276,89.79166666666667,48.25,source_memory,105,RECOVERY,192,"(28, 35)",False,2,False,2165
0,0.0,True,0.0,0.9,0.9,2112,0,2112.0,97,6,26,"(21, 17)",0,0.028119507908611598,81.57692307692308,34.07692307692308,source_memory,97,RECOVERY,160,"(17, 13)",False,0,False,2170
4,0.0,True,0.0,0.9742727821102473,0.9946563673091472,1967,152,1967.0,108,5,23,"(21, 17)",0,0.028119507908611598,91.26086956521739,47.26086956521739,source_memory,108,RECOVERY,332,"(16, 12)",False,1,False,2170
3,0.0,True,0.0,0.8382944206687678,0.8995295655282569,2114,0,2114.0,105,9,24,"(2, 41)",0,0.030755711775043937,89.79166666666667,48.25,source_memory,105,RECOVERY,192,"(28, 40)",False,2,False,2170
0,0.0,True,0.0,0.9,0.9,2117,0,2117.0,97,6,26,"(21, 17)",0,0.027240773286467488,81.57692307692308,34.07692307692308,source_memory,97,RECOVERY,161,"(18, 17)",False,0,False,2175
4,0.0,True,0.0,0.9790512774129995,0.9958278144015354,1972,152,1972.0,108,5,23,"(21, 17)",0,0.027240773286467488,91.26086956521739,47.26086956521739,source_memory,108,RECOVERY,333,"(18, 15)",False,1,False,2175
3,0.0,True,0.0,0.8382944206687678,0.8995295655282569,2119,0,2119.0,105,9,24,"(2, 41)",0,0.029876977152899824,89.79166666666667,48.25,source_memory,105,RECOVERY,193,"(23, 40)",False,2,False,2175
0,0.0,True,0.0,0.9,0.9,2121,0,2121.0,98,6,27,"(25, 2)",0,0.023725834797891036,80.70370370370371,33.629629629629626,source_memory,98,RECOVERY,162,"(22, 17)",False,0,False,2180
4,0.0,True,0.0,0.9829801060898115,0.9967603564807495,1975,152,1975.0,108,7,23,"(21, 17)",0,0.021968365553602813,91.26086956521739,47.26086956521739,source_memory,108,RECOVERY,334,"(19, 17)",False,1,False,2180
0,0.0,True,0.0,0.8382944206687678,0.8995295655282569,2124,0,2124.0,105,9,24,"(2, 41)",0,0.02460456942003515,89.79166666666667,48.25,source_memory,105,RECOVERY,193,"(18, 40)",False,2,False,2180
0,0.0,True,0.0,0.9,0.9,2126,0,2126.0,98,6,27,"(25, 2)",0,0.023725834797891036,80.70370370370371,33.629629629629626,source_memory,98,RECOVERY,162,"(25, 15)",False,0,False,2185
4,0.0,True,0.0,0.9856172758163121,0.9974297847899095,1977,152,1977.0,109,9,24,"(33, 8)",0,0.021968365553602813,91.04166666666667,46.583333333333336,source_memory,109,RECOVERY,337,"(21, 17)",False,1,False,2185
0,0.0,True,0.0,0.8382944206687678,0.8995295655282569,2129,0,2129.0,105,9,24,"(2, 41)",0,0.02460456942003515,89.79166666666667,48.25,source_memory,105,RECOVERY,193,"(13, 40)",False,2,False,2185
0,0.0,True,0.0,0.9,0.9,2131,0,2131.0,98,6,27,"(25, 2)",0,0.023725834797891036,80.70370370370371,33.629629629629626,source_memory,98,RECOVERY,162,"(25, 10)",False,0,False,2190
4,0.0,True,0.0,0.9878655190871685,0.9978787915999914,1982,152,1982.0,109,9,24,"(33, 8)",0,0.021968365553602813,91.04166666666667,46.583333333333336,source_memory,109,RECOVERY,337,"(26, 17)",False,1,False,2190
0,0.0,True,0.0,0.8382944206687678,0.8995295655282569,2134,0,2134.0,105,9,24,"(2, 41)",0,0.02460456942003515,89.79166666666667,48.25,source_memory,105,RECOVERY,193,"(9, 41)",False,2,False,2190
0,0.0,True,0.0,0.9,0.9,2136,0,2136.0,98,6,27,"(25, 2)",0,0.0210896309314587,80.70370370370371,33.629629629629626,source_memory,98,RECOVERY,162,"(25, 5)",False,0,False,2195
4,0.0,True,0.0,0.9901890301850422,0.9982831298860527,1987,152,1987.0,109,9,24,"(33, 8)",0,0.019332161687170474,91.04166666666667,46.583333333333336,source_memory,109,RECOVERY,337,"(26, 12)",False,1,False,2195
0,0.0,True,0.0,0.8382944206687678,0.8995295655282569,2139,0,2139.0,105,9,24,"(2, 41)",0,0.021968365553602813,89.79166666666667,48.25,source_memory,105,RECOVERY,193,"(4, 41)",False,2,False,2195
0,0.0,True,0.0,0.9,0.9,2140,0,2140.0,99,6,27,"(33, 30)",0,0.020462633451957295,80.70370370370371,33.629629629629626,source_memory,99,RECOVERY,164,"(25, 3)",False,0,False,2200
4,0.0,True,0.0,0.9920667043908167,0.9986071811777909,1992,152,1992.0,109,9,24,"(33, 8)",0,0.01871657754010695,91.04166666666667,46.583333333333336,source_memory,109,RECOVERY,338,"(27, 8)",False,1,False,2200
0,0.0,True,0.0,0.8382944206687678,0.8995295655282569,2143,0,2143.0,106,9,24,"(21, 17)",0,0.0213903743315508,89.79166666666667,48.25,source_memory,106,RECOVERY,195,"(4, 41)",False,2,False,2200
0,0.0,True,0.0,0.9,0.9,2145,0,2145.0,99,6,27,"(33, 30)",0,0.020462633451957295,80.70370370370371,33.629629629629626,source_memory,99,RECOVERY,164,"(26, 7)",False,0,False,2205
4,0.0,True,0.0,0.9935882960929089,0.9989063340628341,1997,152,1997.0,109,9,24,"(33, 8)",0,0.01871657754010695,91.04166666666667,46.583333333333336,source_memory,109,RECOVERY,338,"(32, 8)",False,1,False,2205
0,0.0,True,0.0,0.8382944206687678,0.8995295655282569,2148,0,2148.0,106,9,24,"(21, 17)",0,0.0213903743315508,89.79166666666667,48.25,source_memory,106,RECOVERY,195,"(9, 41)",False,2,False,2205
0,0.0,True,0.0,0.9,0.9,2150,0,2150.0,99,6,27,"(33, 30)",0,0.020462633451957295,80.70370370370371,33.629629629629626,source_memory,99,RECOVERY,164,"(26, 12)",False,0,False,2210
4,0.0,True,0.0,0.994823222891772,0.9991252986687319,2001,152,2001.0,110,9,24,"(2, 20)",0,0.01871657754010695,91.04166666666667,46.583333333333336,source_memory,110,RECOVERY,339,"(30, 8)",False,1,False,2210
0,0.0,True,0.0,0.8382944206687678,0.8995295655282569,2153,0,2153.0,106,9,24,"(21, 17)",0,0.0213903743315508,89.79166666666667,48.25,source_memory,106,RECOVERY,195,"(13, 40)",False,2,False,2210
0,0.0,True,0.0,0.9,0.9,2155,0,2155.0,99,6,27,"(33, 30)",0,0.020462633451957295,80.70370370370371,33.629629629629626,source_memory,99,RECOVERY,164,"(26, 17)",False,0,False,2215
4,0.0,True,0.0,0.9958209807586588,0.9992972062719749,2006,152,2006.0,110,9,24,"(2, 20)",0,0.01871657754010695,91.04166666666667,46.583333333333336,source_memory,110,RECOVERY,339,"(28, 11)",False,1,False,2215
0,0.0,True,0.0,0.8382944206687678,0.8995295655282569,2158,0,2158.0,106,9,24,"(21, 17)",0,0.0213903743315508,89.79166666666667,48.25,source_memory,106,RECOVERY,195,"(17, 39)",False,2,False,2215
0,0.0,True,0.0,0.9,0.9,2160,0,2160.0,99,6,27,"(33, 30)",0,0.022222222222222223,80.70370370370371,33.629629629629626,source_memory,99,RECOVERY,164,"(27, 21)",False,0,False,2220
4,0.0,True,0.0,0.9966275079469682,0.999436543519885,2011,152,2011.0,110,9,24,"(2, 20)",0,0.017625231910946195,91.04166666666667,46.583333333333336,source_memory,110,RECOVERY,339,"(26, 14)",False,1,False,2220
0,0.0,True,0.0,0.8382944206687678,0.8995295655282569,2163,0,2163.0,106,9,24,"(21, 17)",0,0.02040816326530612,89.79166666666667,48.25,source_memory,106,RECOVERY,195,"(19, 36)",False,2,False,2220
0,0.0,True,0.0,0.9,0.9,2165,0,2165.0,99,6,27,"(33, 30)",0,0.021296296296296296,80.70370370370371,33.629629629629626,source_memory,99,RECOVERY,165,"(28, 25)",False,0,False,2225
4,0.0,True,0.0,0.9972775925940058,0.9995391178314024,2016,152,2016.0,110,9,24,"(2, 20)",0,0.016697588126159554,91.04166666666667,46.583333333333336,source_memory,110,RECOVERY,340,"(24, 17)",False,1,False,2225
0,0.0,True,0.0,0.8475752217263985,0.9051710799457274,2168,0,2168.0,106,9,24,"(21, 17)",0,0.021335807050092765,89.79166666666667,48.25,source_memory,106,RECOVERY,196,"(19, 31)",False,2,False,2225
0,0.0,True,0.0,0.9,0.9,2170,0,2170.0,99,6,27,"(33, 30)",0,0.018518518518518517,80.70370370370371,33.629629629629626,source_memory,99,RECOVERY,165,"(28, 30)",False,0,False,2230
4,0.0,True,0.0,0.9975002359102485,0.9995674151061912,2021,152,2021.0,110,9,24,"(2, 20)",0,0.016697588126159554,91.04166666666667,46.583333333333336,source_memory,110,RECOVERY,340,"(19, 17)",False,1,False,2230
0,0.0,True,0.0,0.862038156928457,0.9154835712807756,2173,0,2173.0,106,9,24,"(21, 17)",0,0.023191094619666047,89.79166666666667,48.25,source_memory,106,RECOVERY,196,"(19, 26)",False,2,False,2230
0,0.0,True,0.0,0.9,0.9,2175,0,2175.0,99,6,27,"(33, 30)",0,0.018518518518518517,80.70370370370371,33.629629629629626,source_memory,99,RECOVERY,165,"(33, 30)",False,0,False,2235
4,0.0,True,0.0,0.9978882904699328,0.9996056577890795,2026,152,2026.0,110,9,24,"(2, 20)",0,0.016697588126159554,91.04166666666667,46.583333333333336,source_memory,110,RECOVERY,340,"(16, 19)",False,1,False,2235
0,0.0,True,0.0,0.875671111333807,0.9265423477681693,2178,0,2178.0,106,9,24,"(21, 17)",0,0.023191094619666047,89.79166666666667,48.25,source_memory,106,RECOVERY,196,"(19, 21)",False,2,False,2235
0,0.0,True,0.0,0.9,0.9,2179,0,2179.0,100,6,28,"(33, 8)",0,0.017907634307257305,79.85714285714286,33.75,source_memory,100,RECOVERY,166,"(29, 30)",False,0,False,2240
4,0.0,True,0.0,0.9982831687378035,0.9996505699007082,2031,152,2031.0,110,9,24,"(2, 20)",0,0.016022620169651274,91.04166666666667,46.583333333333336,source_memory,110,RECOVERY,340,"(12, 20)",False,1,False,2240
0,0.0,True,0.0,0.8887936539855257,0.9380453601740476,2183,0,2183.0,106,9,24,"(21, 17)",0,0.022620169651272386,89.79166666666667,48.25,source_memory,106,RECOVERY,196,"(20, 17)",False,2,False,2240
0,0.0,True,0.0,0.9,0.9,2184,0,2184.0,100,6,28,"(33, 8)",0,0.017907634307257305,79.85714285714286,33.75,source_memory,100,RECOVERY,166,"(29, 25)",False,0,False,2245
4,0.0,True,0.0,0.9985975110512277,0.9996851773016999,2036,152,2036.0,110,9,24,"(2, 20)",0,0.016022620169651274,91.04166666666667,46.583333333333336,source_memory,110,RECOVERY,340,"(7, 20)",False,1,False,2245
0,0.0,True,0.0,0.8991136123009618,0.9475414959008447,2187,0,2187.0,107,9,25,"(33, 8)",0,0.022620169651272386,89.68,48.08,source_memory,107,RECOVERY,197,"(24, 17)",False,2,False,2245
0,0.0,True,0.0,0.9,0.9,2189,0,2189.0,100,6,28,"(33, 8)",0,0.060320452403393024,79.85714285714286,33.75,source_memory,100,RECOVERY,167,"(29, 20)",False,0,False,2250
4,0.0,True,0.0,0.9987544024635948,0.9997033980841804,2041,152,2041.0,110,9,24,"(2, 20)",0,0.06314797360980208,91.04166666666667,46.583333333333336,source_memory,110,RECOVERY,341,"(2, 20)",False,1,False,2250
0,0.0,True,0.0,0.9113200755477582,0.9567124841351052,2192,0,2192.0,107,9,25,"(33, 8)",0,0.05372290292177191,89.68,48.08,source_memory,107,RECOVERY,198,"(29, 17)",False,2,False,2250
0,0.0,True,0.0,0.9,0.9,2194,0,2194.0,100,6,28,"(33, 8)",0,0.058435438265786996,79.85714285714286,33.75,source_memory,100,RECOVERY,167,"(29, 15)",False,0,False,2255
4,0.0,True,0.0,0.9987544024635948,0.9997033980841804,2045,152,2045.0,111,9,25,"(24, 45)",0,0.06220546654099906,90.04,46.48,source_memory,111,RECOVERY,342,"(5, 21)",False,1,False,2255
0,0.0,True,0.0,0.923183933173926,0.9675150954949922,2197,0,2197.0,107,9,25,"(33, 8)",0,0.0527803958529689,89.68,48.08,source_memory,107,RECOVERY,198,"(31, 14)",False,2,False,2255
0,0.0,True,0.0,0.9,0.9,2199,0,2199.0,100,6,28,"(33, 8)",0,0.05687203791469194,79.85714285714286,33.75,source_memory,100,RECOVERY,167,"(29, 10)",False,0,False,2260
4,0.0,True,0.0,0.9987544024635948,0.9997033980841804,2050,152,2050.0,111,9,25,"(24, 45)",0,0.06143667296786389,90.04,46.48,source_memory,111,RECOVERY,342,"(10, 21)",False,1,False,2260
0,0.0,True,0.0,0.9342688739042085,0.9747562337123762,2202,0,2202.0,107,9,25,"(33, 8)",0,0.05023696682464455,89.68,48.08,source_memory,107,RECOVERY,198,"(31, 9)",False,2,False,2260
0,0.0,True,0.0,0.9,0.9,2204,0,2204.0,100,6,28,"(33, 8)",0,0.05308056872037915,79.85714285714286,33.75,source_memory,100,RECOVERY,167,"(32, 8)",False,0,False,2265
4,0.0,True,0.0,0.9987544024635948,0.9997033980841804,2055,152,2055.0,111,9,25,"(24, 45)",0,0.057655954631379965,90.04,46.48,source_memory,111,RECOVERY,342,"(15, 21)",False,1,False,2265
0,0.0,True,0.0,0.9442583493390648,0.9805992957217781,2205,0,2205.0,108,10,25,"(21, 17)",0,0.04834123222748815,89.68,48.08,source_memory,108,RECOVERY,199,"(33, 8)",False,2,False,2265
0,0.0,True,0.0,0.9,0.9,2207,0,2207.0,101,7,28,"(2, 50)",0,0.052132701421800945,79.85714285714286,33.75,source_memory,101,RECOVERY,168,"(31, 8)",False,0,False,2270
4,0.0,True,0.0,0.9987544024635948,0.9997033980841804,2060,152,2060.0,111,9,25,"(24, 45)",0,0.054820415879017016,90.04,46.48,source_memory,111,RECOVERY,342,"(18, 23)",False,1,False,2270
0,0.0,True,0.0,0.9531027748978409,0.9846556753136859,2210,0,2210.0,110,10,25,"(21, 17)",0,0.04834123222748815,89.68,48.08,source_memory,110,RECOVERY,201,"(30, 10)",False,2,False,2270
0,0.0,True,0.0,0.9,0.9,2212,0,2212.0,102,7,28,"(2, 50)",0,0.05118483412322275,79.85714285714286,33.75,source_memory,102,RECOVERY,169,"(29, 11)",False,0,False,2275
4,0.0,True,0.0,0.9987544024635948,0.9997033980841804,2065,152,2065.0,111,9,25,"(24, 45)",0,0.052930056710775046,90.04,46.48,source_memory,111,RECOVERY,343,"(21, 25)",False,1,False,2275
0,0.0,True,0.0,0.960707232131674,0.9879612277358399,2215,0,2215.0,110,10,25,"(21, 17)",0,0.04834123222748815,89.68,48.08,source_memory,110,RECOVERY,202,"(29, 14)",False,2,False,2275
0,0.0,True,0.0,0.9,0.9,2217,0,2217.0,102,7,28,"(2, 50)",0,0.0519730510105871,79.85714285714286,33.75,source_memory,102,RECOVERY,169,"(27, 14)",False,0,False,2280
0,0.0,True,0.0,0.9988022421302972,0.999711195797644,2070,152,2070.0,111,9,25,"(24, 45)",0,0.05,90.04,46.48,source_memory,111,RECOVERY,343,"(24, 27)",False,1,False,2280
0,0.0,True,0.0,0.967242642622475,0.9905060624907379,2220,0,2220.0,110,10,25,"(21, 17)",0,0.04427333974975938,89.68,48.08,source_memory,110,RECOVERY,202,"(26, 16)",False,2,False,2280
0,0.0,True,0.0,0.9,0.9,2222,0,2222.0,102,7,28,"(2, 50)",0,0.04812319538017324,79.85714285714286,33.75,source_memory,102,RECOVERY,169,"(25, 17)",False,0,False,2285
0,0.0,True,0.0,0.9988022421302972,0.999711195797644,2075,152,2075.0,113,9,25,"(24, 45)",0,0.04423076923076923,90.04,46.48,source_memory,113,RECOVERY,345,"(24, 32)",False,1,False,2285
0,0.0,True,0.0,0.9728385925506398,0.9927633456326196,2225,0,2225.0,110,10,25,"(21, 17)",0,0.0356111645813282,89.68,48.08,source_memory,110,RECOVERY,202,"(22, 17)",False,2,False,2285
0,0.0,True,0.0,0.9,0.9,2225,0,2225.0,103,9,28,"(2, 50)",0,0.04812319538017324,79.85714285714286,33.75,source_memory,103,RECOVERY,170,"(25, 18)",False,0,False,2290
0,0.0,True,0.0,0.9988022421302972,0.999711195797644,2080,152,2080.0,113,9,25,"(24, 45)",0,0.04423076923076923,90.04,46.48,source_memory,113,RECOVERY,345,"(27, 34)",False,1,False,2290
0,0.0,True,0.0,0.9758052786715423,0.9940108032221243,2229,0,2229.0,111,10,26,"(13, 50)",0,0.03464870067372473,87.96153846153847,47.11538461538461,source_memory,111,RECOVERY,203,"(18, 17)",False,2,False,2290
0,0.0,True,0.0,0.9,0.9,2230,0,2230.0,103,9,28,"(2, 50)",0,0.04042348411934552,79.85714285714286,33.75,source_memory,103,RECOVERY,170,"(25, 23)",False,0,False,2295
0,0.0,True,0.0,0.9988022421302972,0.999711195797644,2085,152,2085.0,113,9,25,"(24, 45)",0,0.03942307692307692,90.04,46.48,source_memory,113,RECOVERY,345,"(26, 38)",False,1,False,2295
0,0.0,True,0.0,0.9767303326663316,0.9943063585673273,2234,0,2234.0,111,10,26,"(13, 50)",0,0.03464870067372473,87.96153846153847,47.11538461538461,source_memory,111,RECOVERY,203,"(18, 22)",False,2,False,2295
0,0.0,True,0.0,0.9,0.9,2235,0,2235.0,104,9,28,"(2, 50)",0,0.03024390243902439,79.85714285714286,33.75,source_memory,104,RECOVERY,171,"(24, 27)",False,0,False,2300
0,0.0,True,0.0,0.9988022421302972,0.999711195797644,2090,152,2090.0,113,9,25,"(24, 45)",0,0.03024390243902439,90.04,46.48,source_memory,113,RECOVERY,346,"(25, 42)",False,1,False,2300
0,0.0,True,0.0,0.9800812665675847,0.9950693683305172,2239,0,2239.0,112,10,26,"(13, 50)",0,0.026341463414634145,87.96153846153847,47.11538461538461,source_memory,112,RECOVERY,204,"(17, 26)",False,2,False,2300
0,0.0,True,0.0,0.9,0.9,2240,0,2240.0,105,9,28,"(2, 50)",0,0.02601156069364162,79.85714285714286,33.75,source_memory,105,RECOVERY,172,"(21, 29)",False,0,False,2305
0,0.0,True,0.0,0.9988022421302972,0.999711195797644,2094,152,2094.0,114,9,25,"(33, 8)",0,0.02601156069364162,90.04,46.48,source_memory,114,RECOVERY,347,"(24, 45)",False,1,False,2305
0,0.0,True,0.0,0.9835973572824527,0.9959425944130568,2244,0,2244.0,112,10,26,"(13, 50)",0,0.02119460500963391,87.96153846153847,47.11538461538461,source_memory,112,RECOVERY,204,"(15, 29)",False,2,False,2305
0,0.0,True,0.0,0.9,0.9,2245,0,2245.0,105,9,28,"(2, 50)",0,0.023946360153256706,79.85714285714286,33.75,source_memory,105,RECOVERY,172,"(19, 32)",False,0,False,2310
0,0.0,True,0.0,0.9988022421302972,0.999711195797644,2099,152,2099.0,114,9,25,"(33, 8)",0,0.023946360153256706,90.04,46.48,source_memory,114,RECOVERY,347,"(27, 43)",False,1,False,2310
0,0.0,True,0.0,0.9865027993668656,0.9967569613971997,2249,0,2249.0,112,10,26,"(13, 50)",0,0.0210727969348659,87.96153846153847,47.11538461538461,source_memory,112,RECOVERY,204,"(15, 34)",False,2,False,2310
0,0.0,True,0.0,0.9,0.9,2250,0,2250.0,105,9,28,"(2, 50)",0,0.022030651340996167,79.85714285714286,33.75,source_memory,105,RECOVERY,172,"(19, 37)",False,0,False,2315
0,0.0,True,0.0,0.9988920976900026,0.9997278820201344,2104,152,2104.0,114,9,25,"(33, 8)",0,0.022030651340996167,90.04,46.48,source_memory,114,RECOVERY,347,"(27, 38)",False,1,False,2315
0,0.0,True,0.0,0.988920306060732,0.9974321556322695,2254,0,2254.0,112,10,26,"(13, 50)",0,0.0210727969348659,87.96153846153847,47.11538461538461,source_memory,112,RECOVERY,204,"(15, 39)",False,2,False,2315
0,0.0,True,0.0,0.9,0.9,2255,0,2255.0,105,9,28,"(2, 50)",0,0.020114942528735632,79.85714285714286,33.75,source_memory,105,RECOVERY,172,"(17, 40)",False,0,False,2320
0,0.0,True,0.0,0.9990873726582139,0.9997708282444259,2109,152,2109.0,114,9,25,"(33, 8)",0,0.020114942528735632,90.04,46.48,source_memory,114,RECOVERY,347,"(27, 33)",False,1,False,2320
0,0.0,True,0.0,0.990923574590855,0.9979763260233581,2259,0,2259.0,112,10,26,"(13, 50)",0,0.020114942528735632,87.96153846153847,47.11538461538461,source_memory,112,RECOVERY,204,"(13, 42)",False,2,False,2320
0,0.0,True,0.0,0.9,0.9,2260,0,2260.0,106,9,28,"(2, 50)",0,0.018796992481203006,79.85714285714286,33.75,source_memory,106,RECOVERY,173,"(12, 40)",False,0,False,2325
0,0.0,True,0.0,0.999247081487813,0.9998061549232452,2114,152,2114.0,114,9,25,"(33, 8)",0,0.018796992481203006,90.04,46.48,source_memory,114,RECOVERY,348,"(25, 30)",False,1,False,2325
0,0.0,True,0.0,0.992584188355936,0.9984281532871386,2264,0,2264.0,112,10,26,"(13, 50)",0,0.018796992481203006,87.96153846153847,47.11538461538461,source_memory,112,RECOVERY,205,"(13, 47)",False,2,False,2325
0,0.0,True,0.0,0.9,0.9,2265,0,2265.0,106,9,28,"(2, 50)",0,0.018570102135561744,79.85714285714286,33.75,source_memory,106,RECOVERY,173,"(12, 45)",False,0,False,2330
0,0.0,True,0.0,0.9993776328733486,0.9998342620014408,2119,152,2119.0,114,9,25,"(33, 8)",0,0.017641597028783658,90.04,46.48,source_memory,114,RECOVERY,348,"(25, 25)",False,1,False,2330
0,0.0,True,0.0,0.9939525348746792,0.9987438287564294,2268,0,2268.0,113,10,26,"(15, 2)",0,0.017641597028783658,87.96153846153847,47.11538461538461,source_memory,113,RECOVERY,206,"(13, 49)",False,2,False,2330
0,0.0,True,0.0,0.9,0.9,2270,0,2270.0,106,9,28,"(2, 50)",0,0.018365472910927456,79.85714285714286,33.75,source_memory,106,RECOVERY,173,"(7, 45)",False,0,False,2335
0,0.0,True,0.0,0.9994857226110517,0.9998678152273189,2124,152,2124.0,114,9,25,"(33, 8)",0,0.017447199265381085,90.04,46.48,source_memory,114,RECOVERY,348,"(25, 20)",False,1,False,2335
0,0.0,True,0.0,0.9950766559319739,0.9990172570254526,2273,0,2273.0,113,10,26,"(15, 2)",0,0.017447199265381085,87.96153846153847,47.11538461538461,source_memory,113,RECOVERY,206,"(14, 45)",False,2,False,2335
0,0.0,True,0.0,0.9,0.9,2275,0,2275.0,106,9,28,"(2, 50)",0,0.018148820326678767,79.85714285714286,33.75,source_memory,106,RECOVERY,173,"(3, 46)",False,0,False,2340
0,0.0,True,0.0,0.9995752106508802,0.9998885935718292,2129,152,2129.0,114,9,25,"(33, 8)",0,0.017241379310344827,90.04,46.48,source_memory,114,RECOVERY,348,"(25, 15)",False,1,False,2340
0,0.0,True,0.0,0.9959944106954536,0.9991903640763562,2278,0,2278.0,113,10,26,"(15, 2)",0,0.017241379310344827,87.96153846153847,47.11538461538461,source_memory,113,RECOVERY,206,"(14, 40)",False,2,False,2340
0,0.0,True,0.0,0.9,0.9,2280,0,2280.0,106,9,28,"(2, 50)",0,0.018115942028985508,79.85714285714286,33.75,source_memory,106,RECOVERY,173,"(2, 50)",False,0,False,2345
0,0.0,True,0.0,0.9996482970038082,0.9999037676244565,2134,152,2134.0,114,9,25,"(33, 8)",0,0.017210144927536232,90.04,46.48,source_memory,114,RECOVERY,348,"(26, 11)",False,1,False,2345
0,0.0,True,0.0,0.9967336740889419,0.9993029775531254,2283,0,2283.0,113,10,26,"(15, 2)",0,0.017210144927536232,87.96153846153847,47.11538461538461,source_memory,113,RECOVERY,206,"(14, 35)",False,2,False,2345
0,0.0,True,0.0,0.9,0.9,2284,0,2284.0,107,9,29,"(33, 50)",0,0.018115942028985508,80.89655172413794,35.275862068965516,source_memory,107,RECOVERY,175,"(5, 49)",False,0,False,2350
0,0.0,True,0.0,0.9997077446184175,0.999915467902852,2139,152,2139.0,114,9,25,"(33, 8)",0,0.017210144927536232,90.04,46.48,source_memory,114,RECOVERY,349,"(29, 9)",False,1,False,2350
0,0.0,True,0.0,0.9973288695747634,0.9993990889603728,2288,0,2288.0,113,10,26,"(15, 2)",0,0.017210144927536232,87.96153846153847,47.11538461538461,source_memory,113,RECOVERY,207,"(14, 30)",False,2,False,2350
0,0.0,True,0.0,0.9,0.9,2289,0,2289.0,107,9,29,"(33, 50)",0,0.018115942028985508,80.89655172413794,35.275862068965516,source_memory,107,RECOVERY,175,"(7, 46)",False,0,False,2355
0,0.0,True,0.0,0.9997472205491249,0.9999239887051342,2144,152,2144.0,114,9,25,"(33, 8)",0,0.017210144927536232,90.04,46.48,source_memory,114,RECOVERY,349,"(33, 8)",False,1,False,2355
0,0.0,True,0.0,0.9978079206953475,0.9994729049221037,2293,0,2293.0,113,10,26,"(15, 2)",0,0.017210144927536232,87.96153846153847,47.11538461538461,source_memory,113,RECOVERY,207,"(14, 25)",False,2,False,2355
0,0.0,True,0.0,0.9,0.9,2294,0,2294.0,107,9,29,"(33, 50)",0,0.017210144927536232,80.89655172413794,35.275862068965516,source_memory,107,RECOVERY,175,"(12, 46)",False,0,False,2360
0,0.0,True,0.0,0.9997811714211234,0.9999326046983957,2148,152,2148.0,115,9,26,"(33, 50)",0,0.017210144927536232,90.61538461538461,46.65384615384615,source_memory,115,RECOVERY,350,"(33, 12)",False,1,False,2360
0,0.0,True,0.0,0.9978079206953475,0.9994729049221037,2298,0,2298.0,113,10,26,"(15, 2)",0,0.017210144927536232,87.96153846153847,47.11538461538461,source_memory,113,RECOVERY,207,"(15, 21)",False,2,False,2360
0,0.0,True,0.0,0.9,0.9,2299,0,2299.0,107,9,29,"(33, 50)",0,0.017210144927536232,80.89655172413794,35.275862068965516,source_memory,107,RECOVERY,175,"(14, 49)",False,0,False,2365
0,0.0,True,0.0,0.9998099813015904,0.999938356027632,2153,152,2153.0,115,9,26,"(33, 50)",0,0.017210144927536232,90.61538461538461,46.65384615384615,source_memory,115,RECOVERY,350,"(30, 14)",False,1,False,2365
0,0.0,True,0.0,0.9978079206953475,0.9994729049221037,2303,0,2303.0,113,10,26,"(15, 2)",0,0.017210144927536232,87.96153846153847,47.11538461538461,source_memory,113,RECOVERY,207,"(15, 16)",False,2,False,2365
0,0.0,True,0.0,0.9,0.9,2304,0,2304.0,107,9,29,"(33, 50)",0,0.016918967052537846,80.89655172413794,35.275862068965516,source_memory,107,RECOVERY,175,"(19, 49)",False,0,False,2370
0,0.0,True,0.0,0.9998286433941077,0.9999419793373985,2158,152,2158.0,115,9,26,"(33, 50)",0,0.016918967052537846,90.61538461538461,46.65384615384615,source_memory,115,RECOVERY,350,"(29, 18)",False,1,False,2370
0,0.0,True,0.0,0.9978079206953475,0.9994729049221037,2308,0,2308.0,113,10,26,"(15, 2)",0,0.016918967052537846,87.96153846153847,47.11538461538461,source_memory,113,RECOVERY,207,"(15, 11)",False,2,False,2370
0,0.0,True,0.0,0.9,0.9,2309,0,2309.0,107,9,29,"(33, 50)",0,0.016873889875666074,80.89655172413794,35.275862068965516,source_memory,107,RECOVERY,176,"(24, 49)",False,0,False,2375
0,0.0,True,0.0,0.9998502650331765,0.9999469616801742,2163,152,2163.0,115,9,26,"(33, 50)",0,0.015985790408525755,90.61538461538461,46.65384615384615,source_memory,115,RECOVERY,351,"(29, 23)",False,1,False,2375
0,0.0,True,0.0,0.9978079206953475,0.9994729049221037,2313,0,2313.0,113,10,26,"(15, 2)",0,0.015985790408525755,87.96153846153847,47.11538461538461,source_memory,113,RECOVERY,208,"(15, 6)",False,2,False,2375
0,0.0,True,0.0,0.9,0.9,2314,0,2314.0,107,9,29,"(33, 50)",0,0.014209591474245116,80.89655172413794,35.275862068965516,source_memory,107,RECOVERY,176,"(28, 50)",False,0,False,2380
0,0.0,True,0.0,0.9998502650331765,0.9999469616801742,2168,152,2168.0,115,9,26,"(33, 50)",0,0.014209591474245116,90.61538461538461,46.65384615384615,source_memory,115,RECOVERY,351,"(29, 28)",False,1,False,2380
0,0.0,True,0.0,0.9978079206953475,0.9994729049221037,2317,0,2317.0,114,10,27,"(33, 8)",0,0.013321492007104795,88.14814814814815,47.25925925925926,source_memory,114,RECOVERY,209,"(15, 2)",False,2,False,2380
0,0.0,True,0.0,0.9,0.9,2319,0,2319.0,107,9,29,"(33, 50)",0,0.012433392539964476,80.89655172413794,35.275862068965516,source_memory,107,RECOVERY,176,"(33, 50)",False,0,False,2385
0,0.0,True,0.0,0.9998502650331765,0.9999469616801742,2173,152,2173.0,117,9,26,"(33, 50)",0,0.012433392539964476,90.61538461538461,46.65384615384615,source_memory,117,RECOVERY,353,"(29, 33)",False,1,False,2385
0,0.0,True,0.0,0.9978079206953475,0.9994729049221037,2322,0,2322.0,114,10,27,"(33, 8)",0,0.011545293072824156,88.14814814814815,47.25925925925926,source_memory,114,RECOVERY,209,"(15, 7)",False,2,False,2385
0,0.0,True,0.0,0.9,0.9,2323,0,2323.0,108,9,29,"(13, 50)",0,0.012433392539964476,80.89655172413794,35.275862068965516,source_memory,108,RECOVERY,177,"(29, 50)",False,0,False,2390
0,0.0,True,0.0,0.9998502650331765,0.9999469616801742,2178,152,2178.0,117,9,26,"(33, 50)",0,0.012433392539964476,90.61538461538461,46.65384615384615,source_memory,117,RECOVERY,353,"(29, 38)",False,1,False,2390
0,0.0,True,0.0,0.9978079206953475,0.9994729049221037,2327,0,2327.0,114,10,27,"(33, 8)",0,0.011545293072824156,88.14814814814815,47.25925925925926,source_memory,114,RECOVERY,209,"(19, 8)",False,2,False,2390
0,0.0,True,0.0,0.9,0.9,2328,0,2328.0,108,9,29,"(13, 50)",0,0.011545293072824156,80.89655172413794,35.275862068965516,source_memory,108,RECOVERY,177,"(25, 49)",False,0,False,2395
0,0.0,True,0.0,0.9998645081902305,0.9999516853536868,2183,152,2183.0,117,9,26,"(33, 50)",0,0.012433392539964476,90.61538461538461,46.65384615384615,source_memory,117,RECOVERY,353,"(31, 41)",False,1,False,2395
0,0.0,True,0.0,0.998048511760755,0.9995056451867232,2332,0,2332.0,114,10,27,"(33, 8)",0,0.011545293072824156,88.14814814814815,47.25925925925926,source_memory,114,RECOVERY,209,"(23, 9)",False,2,False,2395
0,0.0,True,0.0,0.9,0.9,2333,0,2333.0,109,9,29,"(13, 50)",0,0.052397868561278864,80.89655172413794,35.275862068965516,source_memory,109,RECOVERY,178,"(20, 49)",False,0,False,2400
0,0.0,True,0.0,0.999881407493327,0.99995794934344,2188,152,2188.0,118,9,26,"(33, 50)",0,0.04706927175843695,90.61538461538461,46.65384615384615,source_memory,118,RECOVERY,355,"(31, 46)",False,1,False,2400
0,0.0,True,0.0,0.9983239627681639,0.9995475543540912,2337,0,2337.0,114,10,27,"(33, 8)",0,0.04884547069271759,88.14814814814815,47.25925925925926,source_memory,114,RECOVERY,210,"(28, 9)",False,2,False,2400
0,0.0,True,0.0,0.9,0.9,2338,0,2338.0,109,9,29,"(13, 50)",0,0.04884547069271759,80.89655172413794,35.275862068965516,source_memory,109,RECOVERY,178,"(16, 50)",False,0,False,2405
0,0.0,True,0.0,0.999881407493327,0.99995794934344,2193,152,2193.0,118,9,26,"(33, 50)",0,0.0452930728241563,90.61538461538461,46.65384615384615,source_memory,118,RECOVERY,355,"(33, 49)",False,1,False,2405
0,0.0,True,0.0,0.9983239627681639,0.9995475543540912,2342,0,2342.0,114,10,27,"(33, 8)",0,0.047957371225577264,88.14814814814815,47.25925925925926,source_memory,114,RECOVERY,210,"(32, 8)",False,2,False,2405
0,0.0,True,0.0,0.9,0.9,2342,0,2342.0,110,9,30,"(2, 41)",0,0.04884547069271759,80.3,34.86666666666667,source_memory,110,RECOVERY,179,"(12, 50)",False,0,False,2410
0,0.0,True,0.0,0.999881407493327,0.99995794934344,2197,152,2197.0,119,9,26,"(25, 2)",0,0.043516873889875664,90.61538461538461,46.65384615384615,source_memory,119,RECOVERY,356,"(30, 50)",False,1,False,2410
0,0.0,True,0.0,0.9983239627681639,0.9995475543540912,2346,0,2346.0,115,10,27,"(13, 50)",0,0.04706927175843695,88.14814814814815,47.25925925925926,source_memory,115,RECOVERY,211,"(30, 8)",False,2,False,2410
0,0.0,True,0.0,0.9,0.9,2347,0,2347.0,111,9,30,"(2, 41)",0,0.0452930728241563,80.3,34.86666666666667,source_memory,111,RECOVERY,180,"(11, 46)",False,0,False,2415
0,0.0,True,0.0,0.9998890589377654,0.9999604408195161,2202,152,2202.0,119,9,26,"(25, 2)",0,0.03996447602131439,90.61538461538461,46.65384615384615,source_memory,119,RECOVERY,356,"(30, 45)",False,1,False,2415
0,0.0,True,0.0,0.9983239627681639,0.9995475543540912,2351,0,2351.0,115,10,27,"(13, 50)",0,0.046181172291296625,88.14814814814815,47.25925925925926,source_memory,115,RECOVERY,211,"(26, 9)",False,2,False,2415
0,0.0,True,0.0,0.9,0.9,2352,0,2352.0,111,9,30,"(2, 41)",0,0.048327137546468404,80.3,34.86666666666667,source_memory,111,RECOVERY,180,"(8, 44)",False,0,False,2420
0,0.0,True,0.0,0.9998890589377654,0.9999604408195161,2207,152,2207.0,119,9,26,"(25, 2)",0,0.04271123491179202,90.61538461538461,46.65384615384615,source_memory,119,RECOVERY,356,"(29, 41)",False,1,False,2420
0,0.0,True,0.0,0.9983239627681639,0.9995475543540912,2356,0,2356.0,115,10,27,"(13, 50)",0,0.05018587360594796,88.14814814814815,47.25925925925926,source_memory,115,RECOVERY,211,"(21, 9)",False,2,False,2420
0,0.0,True,0.0,0.9,0.9,2357,0,2357.0,111,9,30,"(2, 41)",0,0.041821561338289966,80.3,34.86666666666667,source_memory,111,RECOVERY,181,"(6, 41)",False,0,False,2425
0,0.0,True,0.0,0.9998890589377654,0.9999604408195161,2212,152,2212.0,119,9,26,"(25, 2)",0,0.03714020427112349,90.61538461538461,46.65384615384615,source_memory,119,RECOVERY,357,"(29, 36)",False,1,False,2425
0,0.0,True,0.0,0.9983239627681639,0.9995475543540912,2361,0,2361.0,115,10,27,"(13, 50)",0,0.04275092936802974,88.14814814814815,47.25925925925926,source_memory,115,RECOVERY,212,"(19, 12)",False,2,False,2425
0,0.0,True,0.0,0.9,0.9,2361,0,2361.0,112,9,30,"(2, 50)",0,0.040892193308550186,80.3,34.86666666666667,source_memory,112,RECOVERY,182,"(2, 41)",False,0,False,2430
0,0.0,True,0.0,0.9998890589377654,0.9999604408195161,2217,152,2217.0,119,9,26,"(25, 2)",0,0.03714020427112349,90.61538461538461,46.65384615384615,source_memory,119,RECOVERY,357,"(29, 31)",False,1,False,2430
0,0.0,True,0.0,0.9983239627681639,0.9995475543540912,2366,0,2366.0,115,10,27,"(13, 50)",0,0.041821561338289966,88.14814814814815,47.25925925925926,source_memory,115,RECOVERY,212,"(16, 14)",False,2,False,2430
0,0.0,True,0.0,0.9,0.9,2366,0,2366.0,112,9,30,"(2, 50)",0,0.03438661710037175,80.3,34.86666666666667,source_memory,112,RECOVERY,182,"(3, 45)",False,0,False,2435
0,0.0,True,0.0,0.9998890589377654,0.9999604408195161,2222,152,2222.0,119,9,26,"(25, 2)",0,0.03064066852367688,90.61538461538461,46.65384615384615,source_memory,119,RECOVERY,357,"(29, 26)",False,1,False,2435
0,0.0,True,0.0,0.9983239627681639,0.9995475543540912,2371,0,2371.0,115,10,27,"(13, 50)",0,0.03531598513011153,88.14814814814815,47.25925925925926,source_memory,115,RECOVERY,212,"(14, 17)",False,2,False,2435
0,0.0,True,0.0,0.9,0.9,2371,0,2371.0,112,9,30,"(2, 50)",0,0.03461178671655753,80.3,34.86666666666667,source_memory,112,RECOVERY,182,"(3, 50)",False,0,False,2440
0,0.0,True,0.0,0.9998890589377654,0.9999604408195161,2227,152,2227.0,119,9,26,"(25, 2)",0,0.03086997193638915,90.61538461538461,46.65384615384615,source_memory,119,RECOVERY,357,"(29, 21)",False,1,False,2440
0,0.0,True,0.0,0.9983239627681639,0.9995475543540912,2376,0,2376.0,115,10,27,"(13, 50)",0,0.03554724041159962,88.14814814814815,47.25925925925926,source_memory,115,RECOVERY,212,"(14, 22)",False,2,False,2440
0,0.0,True,0.0,0.9,0.9,2375,0,2375.0,114,9,31,"(33, 8)",0,0.02806361085126286,78.7741935483871,34.12903225806452,source_memory,114,RECOVERY,184,"(3, 48)",False,0,False,2445
0,0.0,True,0.0,0.9998890589377654,0.9999604408195161,2232,152,2232.0,120,9,26,"(25, 2)",0,0.02432179607109448,90.61538461538461,46.65384615384615,source_memory,120,RECOVERY,358,"(29, 16)",False,1,False,2445
0,0.0,True,0.0,0.9983239627681639,0.9995475543540912,2381,0,2381.0,115,10,27,"(13, 50)",0,0.028999064546304958,88.14814814814815,47.25925925925926,source_memory,115,RECOVERY,212,"(13, 26)",False,2,False,2445
0,0.0,True,0.0,0.9,0.9,2380,0,2380.0,115,9,31,"(33, 8)",0,0.022388059701492536,78.7741935483871,34.12903225806452,source_memory,115,RECOVERY,186,"(4, 44)",False,0,False,2450
0,0.0,True,0.0,0.9998890589377654,0.9999604408195161,2237,152,2237.0,121,9,26,"(25, 2)",0,0.020522388059701493,90.61538461538461,46.65384615384615,source_memory,121,RECOVERY,359,"(27, 13)",False,1,False,2450
0,0.0,True,0.0,0.9983239627681639,0.9995475543540912,2386,0,2386.0,115,10,27,"(13, 50)",0,0.025186567164179104,88.14814814814815,47.25925925925926,source_memory,115,RECOVERY,213,"(13, 31)",False,2,False,2450
0,0.0,True,0.0,0.9,0.9,2385,0,2385.0,115,9,31,"(33, 8)",0,0.022304832713754646,78.7741935483871,34.12903225806452,source_memory,115,RECOVERY,186,"(6, 41)",False,0,False,2455
0,0.0,True,0.0,0.9998890589377654,0.9999604408195161,2242,152,2242.0,121,9,26,"(25, 2)",0,0.020446096654275093,90.61538461538461,46.65384615384615,source_memory,121,RECOVERY,359,"(25, 10)",False,1,False,2455
0,0.0,True,0.0,0.9984452493089856,0.9995745515799812,2391,0,2391.0,115,10,27,"(13, 50)",0,0.023234200743494422,88.14814814814815,47.25925925925926,source_memory,115,RECOVERY,213,"(13, 36)",False,2,False,2455
0,0.0,True,0.0,0.9,0.9,2390,0,2390.0,115,9,31,"(33, 8)",0,0.021256931608133085,78.7741935483871,34.12903225806452,source_memory,115,RECOVERY,186,"(8, 38)",False,0,False,2460
0,0.0,True,0.0,0.9998890589377654,0.9999604408195161,2247,152,2247.0,121,9,26,"(25, 2)",0,0.018484288354898338,90.61538461538461,46.65384615384615,source_memory,121,RECOVERY,359,"(25, 5)",False,1,False,2460
0,0.0,True,0.0,0.998710514081103,0.999643061232336,2396,0,2396.0,115,10,27,"(13, 50)",0,0.02310536044362292,88.14814814814815,47.25925925925926,source_memory,115,RECOVERY,213,"(13, 41)",False,2,False,2460
0,0.0,True,0.0,0.9,0.9,2395,0,2395.0,115,9,31,"(33, 8)",0,0.02110091743119266,78.7741935483871,34.12903225806452,source_memory,115,RECOVERY,186,"(11, 36)",False,0,False,2465
0,0.0,True,0.0,0.9998890589377654,0.9999604408195161,2251,152,2251.0,122,9,27,"(33, 8)",0,0.01743119266055046,91.25925925925925,47.03703703703704,source_memory,122,RECOVERY,360,"(25, 3)",False,1,False,2465
0,0.0,True,0.0,0.9989297727083359,0.9996991250424903,2401,0,2401.0,115,10,27,"(13, 50)",0,0.02110091743119266,88.14814814814815,47.25925925925926,source_memory,115,RECOVERY,213,"(13, 46)",False,2,False,2465
0,0.0,True,0.0,0.9,0.9,2400,0,2400.0,115,9,31,"(33, 8)",0,0.02110091743119266,78.7741935483871,34.12903225806452,source_memory,115,RECOVERY,186,"(15, 35)",False,0,False,2470
0,0.0,True,0.0,0.9998890589377654,0.9999604408195161,2256,152,2256.0,122,9,27,"(33, 8)",0,0.01743119266055046,91.25925925925925,47.03703703703704,source_memory,122,RECOVERY,360,"(27, 6)",False,1,False,2470
0,0.0,True,0.0,0.9991104190820437,0.9997445614653309,2405,0,2405.0,116,10,28,"(2, 20)",0,0.02110091743119266,88.21428571428571,47.82142857142857,source_memory,116,RECOVERY,214,"(13, 50)",False,2,False,2470
0,0.0,True,0.0,0.9,0.9,2405,0,2405.0,116,9,31,"(33, 8)",0,0.01824817518248175,78.7741935483871,34.12903225806452,source_memory,116,RECOVERY,187,"(18, 33)",False,0,False,2475
0,0.0,True,0.0,0.9998890589377654,0.9999604408195161,2261,152,2261.0,122,9,27,"(33, 8)",0,0.01551094890510949,91.25925925925925,47.03703703703704,source_memory,122,RECOVERY,361,"(30, 8)",False,1,False,2475
0,0.0,True,0.0,0.9991734515865311,0.9997605153742269,2410,0,2410.0,116,10,28,"(2, 20)",0,0.01916058394160584,88.21428571428571,47.82142857142857,source_memory,116,RECOVERY,215,"(12, 46)",False,2,False,2475
0,0.0,True,0.0,0.9,0.9,2410,0,2410.0,116,9,31,"(33, 8)",0,0.015525114155251141,78.7741935483871,34.12903225806452,source_memory,116,RECOVERY,187,"(20, 30)",False,0,False,2480
0,0.0,True,0.0,0.9998890589377654,0.9999604408195161,2265,152,2265.0,123,9,27,"(13, 50)",0,0.0136986301369863,91.25925925925925,47.03703703703704,source_memory,123,RECOVERY,362,"(32, 8)",False,1,False,2480
0,0.0,True,0.0,0.9993115394197574,0.9997975534333009,2415,0,2415.0,116,10,28,"(2, 20)",0,0.0182648401826484,88.21428571428571,47.82142857142857,source_memory,116,RECOVERY,215,"(12, 41)",False,2,False,2480
0,0.0,True,0.0,0.9,0.9,2415,0,2415.0,116,9,31,"(33, 8)",0,0.0136986301369863,78.7741935483871,34.12903225806452,source_memory,116,RECOVERY,187,"(23, 28)",False,0,False,2485
0,0.0,True,0.0,0.9998890589377654,0.9999604408195161,2270,152,2270.0,123,9,27,"(13, 50)",0,0.012785388127853882,91.25925925925925,47.03703703703704,source_memory,123,RECOVERY,362,"(30, 11)",False,1,False,2485
0,0.0,True,0.0,0.9994263100663682,0.9998322877557584,2420,0,2420.0,116,10,28,"(2, 20)",0,0.01643835616438356,88.21428571428571,47.82142857142857,source_memory,116,RECOVERY,215,"(12, 36)",False,2,False,2485
0,0.0,True,0.0,0.9,0.9,2420,0,2420.0,116,9,31,"(33, 8)",0,0.01276207839562443,78.7741935483871,34.12903225806452,source_memory,116,RECOVERY,187,"(25, 25)",False,0,False,2490
0,0.0,True,0.0,0.9998890589377654,0.9999604408195161,2275,152,2275.0,123,9,27,"(13, 50)",0,0.011850501367365542,91.25925925925925,47.03703703703704,source_memory,123,RECOVERY,362,"(29, 15)",False,1,False,2490
0,0.0,True,0.0,0.9995223155892288,0.9998608192486831,2425,0,2425.0,116,10,28,"(2, 20)",0,0.015496809480401094,88.21428571428571,47.82142857142857,source_memory,116,RECOVERY,215,"(12, 31)",False,2,False,2490
0,0.0,True,0.0,0.9,0.9,2425,0,2425.0,116,9,31,"(33, 8)",0,0.011828935395814377,78.7741935483871,34.12903225806452,source_memory,116,RECOVERY,187,"(25, 20)",False,0,False,2495
0,0.0,True,0.0,0.9998962138858009,0.9999630998815553,2280,152,2280.0,123,9,27,"(13, 50)",0,0.01091901728844404,91.25925925925925,47.03703703703704,source_memory,123,RECOVERY,362,"(29, 20)",False,1,False,2495
0,0.0,True,0.0,0.9996019205963301,0.9998819501010594,2430,0,2430.0,116,10,28,"(2, 20)",0,0.01637852593266606,88.21428571428571,47.82142857142857,source_memory,116,RECOVERY,215,"(12, 26)",False,2,False,2495
