active_fake_claim_count,attacker_attributable_cost_on_route,attacker_is_trusted,attacker_route_cost_delta,attacker_source_memory,attacker_trust,benign_movement_steps,benign_no_path_steps,benign_total_distance,benign_total_replans,benign_traffic_wait_steps,deliveries_completed,goal,influential_fake_claim_count,map_error,mean_delivery_cycle_time_steps,mean_delivery_time_steps,method,path_changes,phase,planning_checks,position,preferred_route_affected_by_attacker,robot_id,route_affected_by_attacker,step
0,0.0,True,0.0,0.9,0.9,1,0,1.0,1,0,0,"(33, 50)",0,0.0,,,trust_fused,1,RECONNAISSANCE,1,"(7, 8)",False,0,False,0
0,0.0,True,0.0,0.9,0.9,1,0,1.0,1,0,0,"(33, 50)",0,0.0,,,trust_fused,1,RECONNAISSANCE,1,"(28, 42)",False,1,False,0
0,0.0,True,0.0,0.9,0.9,1,0,1.0,1,0,0,"(13, 50)",0,0.0,,,trust_fused,1,RECONNAISSANCE,1,"(7, 42)",False,2,False,0
0,0.0,True,0.0,0.9,0.9,6,0,6.0,1,0,0,"(33, 50)",0,0.0,,,trust_fused,1,RECONNAISSANCE,1,"(12, 8)",False,0,False,5
0,0.0,True,0.0,0.9,0.9,6,0,6.0,1,0,0,"(33, 50)",0,0.0,,,trust_fused,1,RECONNAISSANCE,1,"(30, 45)",False,1,False,5
0,0.0,True,0.0,0.9,0.9,6,0,6.0,1,0,0,"(13, 50)",0,0.0,,,trust_fused,1,RECONNAISSANCE,1,"(9, 45)",False,2,False,5
0,0.0,True,0.0,0.9,0.9,11,0,11.0,1,0,0,"(33, 50)",0,0.0,,,trust_fused,1,RECONNAISSANCE,1,"(13, 12)",False,0,False,10
0,0.0,True,0.0,0.9,0.9,11,0,11.0,1,0,0,"(33, 50)",0,0.0,,,trust_fused,1,RECONNAISSANCE,1,"(31, 49)",False,1,False,10
0,0.0,True,0.0,0.9,0.9,11,0,11.0,1,0,0,"(13, 50)",0,0.0,,,trust_fused,1,RECONNAISSANCE,1,"(10, 49)",False,2,False,10
0,0.0,True,0.0,0.9,0.9,16,0,16.0,2,0,0,"(33, 50)",0,0.0,,,trust_fused,2,RECONNAISSANCE,2,"(14, 16)",False,0,False,15
0,0.0,True,0.0,0.9,0.9,15,0,15.0,2,0,0,"(25, 2)",0,0.0,,,trust_fused,2,RECONNAISSANCE,2,"(32, 50)",False,1,False,15
0,0.0,True,0.0,0.9,0.9,15,0,15.0,2,0,0,"(15, 2)",0,0.0,,,trust_fused,2,RECONNAISSANCE,2,"(13, 50)",False,2,False,15
0,0.0,True,0.0,0.9,0.9,21,0,21.0,2,0,0,"(33, 50)",0,0.0,,,trust_fused,2,RECONNAISSANCE,2,"(17, 18)",False,0,False,20
0,0.0,True,0.0,0.9,0.9,20,0,20.0,2,0,0,"(25, 2)",0,0.0,,,trust_fused,2,RECONNAISSANCE,2,"(30, 47)",False,1,False,20
0,0.0,True,0.0,0.9,0.9,20,0,20.0,2,0,0,"(15, 2)",0,0.0,,,trust_fused,2,RECONNAISSANCE,2,"(13, 45)",False,2,False,20
0,0.0,True,0.0,0.9,0.9,26,0,26.0,3,0,0,"(33, 50)",0,0.0,,,trust_fused,3,RECONNAISSANCE,3,"(18, 22)",False,0,False,25
0,0.0,True,0.0,0.9,0.9,25,0,25.0,2,0,0,"(25, 2)",0,0.0,,,trust_fused,2,RECONNAISSANCE,3,"(30, 42)",False,1,False,25
0,0.0,True,0.0,0.9,0.9,25,0,25.0,3,0,0,"(15, 2)",0,0.0,,,trust_fused,3,RECONNAISSANCE,4,"(15, 42)",False,2,False,25
0,0.0,True,0.0,0.9,0.9,31,0,31.0,4,0,0,"(33, 50)",0,0.0,,,trust_fused,4,RECONNAISSANCE,4,"(18, 27)",False,0,False,30
0,0.0,True,0.0,0.9,0.9,30,0,30.0,2,0,0,"(25, 2)",0,0.0,,,trust_fused,2,RECONNAISSANCE,3,"(27, 40)",False,1,False,30
0,0.0,True,0.0,0.9,0.9,30,0,30.0,3,0,0,"(15, 2)",0,0.0,,,trust_fused,3,RECONNAISSANCE,4,"(15, 37)",False,2,False,30
0,0.0,True,0.0,0.9,0.9,36,0,36.0,5,0,0,"(33, 50)",0,0.0,,,trust_fused,5,RECONNAISSANCE,5,"(20, 30)",False,0,False,35
0,0.0,True,0.0,0.9,0.9,35,0,35.0,2,0,0,"(25, 2)",0,0.0,,,trust_fused,2,RECONNAISSANCE,3,"(25, 37)",False,1,False,35
0,0.0,True,0.0,0.9017956315579871,0.9152814590976259,35,0,35.0,3,0,0,"(15, 2)",0,0.0,,,trust_fused,3,RECONNAISSANCE,4,"(15, 32)",False,2,False,35
0,0.0,True,0.0,0.9,0.9,41,0,41.0,5,0,0,"(33, 50)",0,0.0,,,trust_fused,5,RECONNAISSANCE,5,"(22, 33)",False,0,False,40
0,0.0,True,0.0,0.9026672730098088,0.9192044068590518,40,0,40.0,2,0,0,"(25, 2)",0,0.0,,,trust_fused,2,RECONNAISSANCE,3,"(25, 32)",False,1,False,40
0,0.0,True,0.0,0.9070829052904423,0.9306079883245224,40,0,40.0,3,0,0,"(15, 2)",0,0.0,,,trust_fused,3,RECONNAISSANCE,4,"(15, 27)",False,2,False,40
0,0.0,True,0.0,0.9,0.9,46,0,46.0,5,0,0,"(33, 50)",0,0.0,,,trust_fused,5,RECONNAISSANCE,5,"(23, 37)",False,0,False,45
0,0.0,True,0.0,0.9088617568326655,0.9356100812619287,45,0,45.0,2,0,0,"(25, 2)",0,0.0,,,trust_fused,2,RECONNAISSANCE,3,"(25, 27)",False,1,False,45
0,0.0,True,0.0,0.9140867142761423,0.9429764791685379,45,0,45.0,3,0,0,"(15, 2)",0,0.0,,,trust_fused,3,RECONNAISSANCE,4,"(15, 22)",False,2,False,45
0,0.0,True,0.0,0.9,0.9,51,0,51.0,6,0,0,"(33, 50)",0,0.0,,,trust_fused,6,RECONNAISSANCE,6,"(25, 40)",False,0,False,50
0,0.0,True,0.0,0.913253780414908,0.9413906186238973,50,0,50.0,2,0,0,"(25, 2)",0,0.0,,,trust_fused,2,RECONNAISSANCE,4,"(25, 22)",False,1,False,50
0,0.0,True,0.0,0.9221836569530857,0.9533158871592865,50,0,50.0,3,0,0,"(15, 2)",0,0.0,,,trust_fused,3,RECONNAISSANCE,5,"(15, 17)",False,2,False,50
0,0.0,True,0.0,0.9,0.9,56,0,56.0,6,0,0,"(33, 50)",0,0.0,,,trust_fused,6,RECONNAISSANCE,6,"(27, 43)",False,0,False,55
0,0.0,True,0.0,0.913253780414908,0.9413906186238973,55,0,55.0,2,0,0,"(25, 2)",0,0.0,,,trust_fused,2,RECONNAISSANCE,4,"(25, 17)",False,1,False,55
0,0.0,True,0.0,0.9302520586738672,0.9604506729524135,55,0,55.0,3,0,0,"(15, 2)",0,0.0,,,trust_fused,3,RECONNAISSANCE,5,"(15, 12)",False,2,False,55
0,0.0,True,0.0,0.9,0.9,61,0,61.0,6,0,0,"(33, 50)",0,0.0,,,trust_fused,6,RECONNAISSANCE,6,"(28, 47)",False,0,False,60
0,0.0,True,0.0,0.9147655741031799,0.9434896541803462,60,0,60.0,2,0,0,"(25, 2)",0,0.0,,,trust_fused,2,RECONNAISSANCE,4,"(25, 12)",False,1,False,60
0,0.0,True,0.0,0.9379134430211655,0.9662175182493241,60,0,60.0,3,0,0,"(15, 2)",0,0.0,,,trust_fused,3,RECONNAISSANCE,5,"(15, 7)",False,2,False,60
0,0.0,True,0.0,0.9,0.9,66,0,66.0,6,0,0,"(33, 50)",0,0.0,,,trust_fused,6,RECONNAISSANCE,6,"(30, 50)",False,0,False,65
0,0.0,True,0.0,0.9147655741031799,0.9434896541803462,65,0,65.0,2,0,0,"(25, 2)",0,0.0,,,trust_fused,2,RECONNAISSANCE,4,"(25, 7)",False,1,False,65
0,0.0,True,0.0,0.9408206715667821,0.9683325780693672,65,0,65.0,3,0,0,"(15, 2)",0,0.0,,,trust_fused,3,RECONNAISSANCE,5,"(15, 2)",False,2,False,65
0,0.0,True,0.0,0.9,0.9,70,0,70.0,7,0,0,"(2, 41)",0,0.0,,,trust_fused,7,RECONNAISSANCE,7,"(32, 50)",False,0,False,70
0,0.0,True,0.0,0.9147655741031799,0.9434896541803462,70,0,70.0,2,0,0,"(25, 2)",0,0.0,,,trust_fused,2,RECONNAISSANCE,4,"(25, 2)",False,1,False,70
0,0.0,True,0.0,0.9408206715667821,0.9683325780693672,69,0,69.0,4,0,1,"(33, 50)",0,0.0,66.0,51.0,trust_fused,4,RECONNAISSANCE,6,"(15, 6)",False,2,False,70
0,0.0,True,0.0,0.9,0.9,75,0,75.0,7,0,0,"(2, 41)",0,0.0,,,trust_fused,7,RECONNAISSANCE,8,"(30, 47)",False,0,False,75
0,0.0,True,0.0,0.9147655741031799,0.9434896541803462,74,0,74.0,3,0,1,"(33, 50)",0,0.0,71.0,57.0,trust_fused,3,RECONNAISSANCE,6,"(25, 6)",False,1,False,75
0,0.0,True,0.0,0.9408206715667821,0.9683325780693672,74,0,74.0,4,0,1,"(33, 50)",0,0.0,66.0,51.0,trust_fused,4,RECONNAISSANCE,7,"(16, 10)",False,2,False,75
0,0.0,True,0.0,0.9,0.9,80,0,80.0,7,0,0,"(2, 41)",0,0.0,,,trust_fused,7,RECONNAISSANCE,8,"(28, 44)",False,0,False,80
0,0.0,True,0.0,0.9147655741031799,0.9434896541803462,79,0,79.0,3,0,1,"(33, 50)",0,0.0,71.0,57.0,trust_fused,3,RECONNAISSANCE,6,"(26, 10)",False,1,False,80
0,0.0,True,0.0,0.9408206715667821,0.9683325780693672,79,0,79.0,4,0,1,"(33, 50)",0,0.0011185682326621924,66.0,51.0,trust_fused,4,RECONNAISSANCE,7,"(16, 15)",False,2,False,80
0,0.0,True,0.0,0.9,0.9,85,0,85.0,7,0,0,"(2, 41)",0,0.0,,,trust_fused,7,RECONNAISSANCE,8,"(27, 40)",False,0,False,85
0,0.0,True,0.0,0.9147655741031799,0.9434896541803462,84,0,84.0,3,0,1,"(33, 50)",0,0.0,71.0,57.0,trust_fused,3,RECONNAISSANCE,6,"(26, 15)",False,1,False,85
0,0.0,True,0.0,0.9436495546438917,0.9702860321240344,84,0,84.0,4,0,1,"(33, 50)",0,0.004449388209121246,66.0,51.0,trust_fused,4,RECONNAISSANCE,7,"(16, 20)",False,2,False,85
0,0.0,True,0.0,0.9,0.9,90,0,90.0,7,0,0,"(2, 41)",0,0.0,,,trust_fused,7,RECONNAISSANCE,8,"(22, 40)",False,0,False,90
0,0.0,True,0.0,0.9147655741031799,0.9434896541803462,89,0,89.0,3,0,1,"(33, 50)",0,0.0,71.0,57.0,trust_fused,3,RECONNAISSANCE,6,"(26, 20)",False,1,False,90
0,0.0,True,0.0,0.9450226840932893,0.9711121436318436,89,0,89.0,4,0,1,"(33, 50)",0,0.004429678848283499,66.0,51.0,trust_fused,4,RECONNAISSANCE,7,"(16, 25)",False,2,False,90
0,0.0,True,0.0,0.9,0.9,95,0,95.0,7,0,0,"(2, 41)",0,0.0,,,trust_fused,7,RECONNAISSANCE,8,"(18, 41)",False,0,False,95
0,0.0,True,0.0,0.9147655741031799,0.9434896541803462,94,0,94.0,3,0,1,"(33, 50)",0,0.0,71.0,57.0,trust_fused,3,RECONNAISSANCE,6,"(26, 25)",False,1,False,95
0,0.0,True,0.0,0.9514524705069428,0.9747721577370513,94,0,94.0,4,0,1,"(33, 50)",0,0.0032858707557502738,66.0,51.0,trust_fused,4,RECONNAISSANCE,7,"(16, 30)",False,2,False,95
0,0.0,True,0.0,0.9,0.9,100,0,100.0,7,0,0,"(2, 41)",0,0.0,,,trust_fused,7,RECONNAISSANCE,9,"(14, 42)",False,0,False,100
0,0.0,True,0.0,0.9177813039437798,0.9464215310311471,99,0,99.0,4,0,1,"(33, 50)",0,0.0,71.0,57.0,trust_fused,4,RECONNAISSANCE,7,"(26, 30)",False,1,False,100
0,0.0,True,0.0,0.9572396630201856,0.9784925317722727,99,0,99.0,5,0,1,"(33, 50)",0,0.0010905125408942203,66.0,51.0,trust_fused,5,RECONNAISSANCE,8,"(16, 35)",False,2,False,100
0,0.0,True,0.0,0.9,0.9,105,0,105.0,7,0,0,"(2, 41)",0,0.0,,,trust_fused,7,RECONNAISSANCE,9,"(10, 41)",False,0,False,105
0,0.0,True,0.0,0.9253223035645465,0.9539417404237344,104,0,104.0,4,0,1,"(33, 50)",0,0.0,71.0,57.0,trust_fused,4,RECONNAISSANCE,7,"(28, 33)",False,1,False,105
0,0.0,True,0.0,0.9625994241480665,0.9822740414738083,104,0,104.0,5,0,1,"(33, 50)",0,0.0010845986984815619,66.0,51.0,trust_fused,5,RECONNAISSANCE,8,"(18, 38)",False,2,False,105
0,0.0,True,0.0,0.9,0.9,110,0,110.0,7,0,0,"(2, 41)",0,0.0,,,trust_fused,7,RECONNAISSANCE,9,"(5, 41)",False,0,False,110
0,0.0,True,0.0,0.9327435358834465,0.9606734950324373,109,0,109.0,4,0,1,"(33, 50)",0,0.0,71.0,57.0,trust_fused,4,RECONNAISSANCE,7,"(29, 37)",False,1,False,110
0,0.0,True,0.0,0.9674637065429917,0.9851263587798273,109,0,109.0,5,0,1,"(33, 50)",0,0.0010570824524312897,66.0,51.0,trust_fused,5,RECONNAISSANCE,8,"(18, 43)",False,2,False,110
0,0.0,True,0.0,0.9,0.9,114,0,114.0,8,0,1,"(33, 50)",0,0.0,114.0,45.0,trust_fused,8,RECONNAISSANCE,10,"(3, 41)",False,0,False,115
0,0.0,True,0.0,0.939955791031545,0.9668663550905561,114,0,114.0,4,0,1,"(33, 50)",0,0.0,71.0,57.0,trust_fused,4,RECONNAISSANCE,7,"(29, 42)",False,1,False,115
0,0.0,True,0.0,0.9717869563356563,0.9873519957255176,114,0,114.0,5,0,1,"(33, 50)",0,0.0010351966873706005,66.0,51.0,trust_fused,5,RECONNAISSANCE,8,"(18, 48)",False,2,False,115
0,0.0,True,0.0,0.9,0.9,119,0,119.0,8,0,1,"(33, 50)",0,0.0,114.0,45.0,trust_fused,8,RECONNAISSANCE,10,"(8, 41)",False,0,False,120
0,0.0,True,0.0,0.9466973346302271,0.971401212577899,119,0,119.0,4,0,1,"(33, 50)",0,0.0,71.0,57.0,trust_fused,4,RECONNAISSANCE,7,"(31, 45)",False,1,False,120
0,0.0,True,0.0,0.9748257329234917,0.9886308369253483,119,0,119.0,5,0,1,"(33, 50)",0,0.001034126163391934,66.0,51.0,trust_fused,5,RECONNAISSANCE,8,"(21, 50)",False,2,False,120
0,0.0,True,0.0,0.9,0.9,124,0,124.0,8,0,1,"(33, 50)",0,0.0,114.0,45.0,trust_fused,8,RECONNAISSANCE,11,"(12, 42)",False,0,False,125
0,0.0,True,0.0,0.9516873361848067,0.9749755137105928,124,0,124.0,4,0,1,"(33, 50)",0,0.0,71.0,57.0,trust_fused,4,RECONNAISSANCE,8,"(31, 50)",False,1,False,125
0,0.0,True,0.0,0.978174211772691,0.99023038672146,124,0,124.0,5,0,1,"(33, 50)",0,0.002068252326783868,66.0,51.0,trust_fused,5,RECONNAISSANCE,9,"(26, 50)",False,2,False,125
0,0.0,True,0.0,0.9,0.9,129,0,129.0,8,0,1,"(33, 50)",0,0.0,114.0,45.0,trust_fused,8,RECONNAISSANCE,11,"(15, 40)",False,0,False,130
0,0.0,True,0.0,0.9528822627273026,0.9755858670347246,128,0,128.0,5,0,1,"(33, 8)",0,0.0,71.0,57.0,trust_fused,5,RECONNAISSANCE,9,"(33, 48)",False,1,False,130
0,0.0,True,0.0,0.9810984187119568,0.9916100448937645,129,0,129.0,5,0,1,"(33, 50)",0,0.002068252326783868,66.0,51.0,trust_fused,5,RECONNAISSANCE,9,"(31, 50)",False,2,False,130
0,0.0,True,0.0,0.9,0.9,134,0,134.0,8,0,1,"(33, 50)",0,0.0,114.0,45.0,trust_fused,8,RECONNAISSANCE,11,"(20, 40)",False,0,False,135
0,0.0,True,0.0,0.9528822627273026,0.9755858670347246,133,0,133.0,5,0,1,"(33, 8)",0,0.0,71.0,57.0,trust_fused,5,RECONNAISSANCE,9,"(30, 46)",False,1,False,135
0,0.0,True,0.0,0.9831831046347059,0.9926937412070798,133,0,133.0,6,0,1,"(33, 8)",0,0.002068252326783868,66.0,51.0,trust_fused,6,RECONNAISSANCE,10,"(33, 48)",False,2,False,135
0,0.0,True,0.0,0.9,0.9,139,0,139.0,8,0,1,"(33, 50)",0,0.0,114.0,45.0,trust_fused,8,RECONNAISSANCE,11,"(25, 40)",False,0,False,140
0,0.0,True,0.0,0.956324504637331,0.9778409544258766,138,0,138.0,5,0,1,"(33, 8)",0,0.0,71.0,57.0,trust_fused,5,RECONNAISSANCE,9,"(30, 41)",False,1,False,140
0,0.0,True,0.0,0.9854756557471857,0.9936775782749194,138,0,138.0,6,0,1,"(33, 8)",0,0.002068252326783868,66.0,51.0,trust_fused,6,RECONNAISSANCE,10,"(30, 46)",False,2,False,140
0,0.0,True,0.0,0.9,0.9,144,0,144.0,8,0,1,"(33, 50)",0,0.0,114.0,45.0,trust_fused,8,RECONNAISSANCE,11,"(26, 44)",False,0,False,145
0,0.0,True,0.0,0.9618773420640045,0.9825110733390424,143,0,143.0,5,0,1,"(33, 8)",0,0.0,71.0,57.0,trust_fused,5,RECONNAISSANCE,9,"(29, 37)",False,1,False,145
0,0.0,True,0.0,0.9874822942634022,0.9948168778200085,143,0,143.0,6,0,1,"(33, 8)",0,0.0031023784901758012,66.0,51.0,trust_fused,6,RECONNAISSANCE,10,"(29, 42)",False,2,False,145
0,0.0,True,0.0,0.9,0.9,149,0,149.0,8,0,1,"(33, 50)",0,0.05170630816959669,114.0,45.0,trust_fused,8,RECONNAISSANCE,12,"(28, 47)",False,0,False,150
0,0.0,True,0.0,0.9650136029956391,0.984397714496676,148,0,148.0,5,0,1,"(33, 8)",0,0.055842812823164424,71.0,57.0,trust_fused,5,RECONNAISSANCE,10,"(29, 32)",False,1,False,150
0,0.0,True,0.0,0.9892862943348948,0.9958309511503968,148,0,148.0,6,0,1,"(33, 8)",0,0.05377456049638056,66.0,51.0,trust_fused,6,RECONNAISSANCE,11,"(29, 37)",False,2,False,150
0,0.0,True,0.0,0.9,0.9,154,0,154.0,8,0,1,"(33, 50)",0,0.05122950819672131,114.0,45.0,trust_fused,8,RECONNAISSANCE,12,"(31, 49)",False,0,False,155
0,0.0,True,0.0,0.9650136029956391,0.984397714496676,153,0,153.0,5,0,1,"(33, 8)",0,0.055327868852459015,71.0,57.0,trust_fused,5,RECONNAISSANCE,10,"(29, 27)",False,1,False,155
0,0.0,True,0.0,0.9896211549747895,0.9959835071327897,153,0,153.0,6,0,1,"(33, 8)",0,0.05327868852459016,66.0,51.0,trust_fused,6,RECONNAISSANCE,11,"(29, 32)",False,2,False,155
0,0.0,True,0.0,0.9,0.9,158,0,158.0,9,0,1,"(13, 50)",0,0.049746192893401014,114.0,45.0,trust_fused,9,RECONNAISSANCE,13,"(32, 50)",False,0,False,160
0,0.0,True,0.0,0.9650136029956391,0.984397714496676,158,0,158.0,6,0,1,"(33, 8)",0,0.05380710659898477,71.0,57.0,trust_fused,6,RECONNAISSANCE,11,"(28, 23)",False,1,False,160
0,0.0,True,0.0,0.9896211549747895,0.9959835071327897,158,0,158.0,7,0,1,"(33, 8)",0,0.05177664974619289,66.0,51.0,trust_fused,7,RECONNAISSANCE,14,"(29, 27)",False,2,False,160
0,0.0,True,0.0,0.9,0.9,163,0,163.0,9,0,1,"(13, 50)",0,0.04467005076142132,114.0,45.0,trust_fused,9,RECONNAISSANCE,13,"(27, 50)",False,0,False,165
0,0.0,True,0.0,0.9650136029956391,0.984397714496676,163,0,163.0,6,0,1,"(33, 8)",0,0.048730964467005075,71.0,57.0,trust_fused,6,RECONNAISSANCE,11,"(28, 18)",False,1,False,165
0,0.0,True,0.0,0.9896211549747895,0.9959835071327897,163,0,163.0,8,0,1,"(33, 8)",0,0.046700507614213196,66.0,51.0,trust_fused,8,RECONNAISSANCE,15,"(28, 23)",False,2,False,165
0,0.0,True,0.0,0.9,0.9,168,0,168.0,10,0,1,"(13, 50)",0,0.040526849037487336,114.0,45.0,trust_fused,10,RECONNAISSANCE,14,"(22, 50)",False,0,False,170
0,0.0,True,0.0,0.9650136029956391,0.984397714496676,168,0,168.0,6,0,1,"(33, 8)",0,0.04356636271529889,71.0,57.0,trust_fused,6,RECONNAISSANCE,11,"(28, 13)",False,1,False,170
0,0.0,True,0.0,0.9896211549747895,0.9959835071327897,168,0,168.0,8,0,1,"(33, 8)",0,0.04356636271529889,66.0,51.0,trust_fused,8,RECONNAISSANCE,15,"(28, 18)",False,2,False,170
0,0.0,True,0.0,0.9,0.9,173,0,173.0,10,0,1,"(13, 50)",0,0.03707414829659319,114.0,45.0,trust_fused,10,RECONNAISSANCE,15,"(18, 49)",False,0,False,175
0,0.0,True,0.0,0.9650136029956391,0.984397714496676,173,0,173.0,6,0,1,"(33, 8)",0,0.041082164328657314,71.0,57.0,trust_fused,6,RECONNAISSANCE,12,"(28, 8)",False,1,False,175
0,0.0,True,0.0,0.9896211549747895,0.9959835071327897,173,0,173.0,9,0,1,"(33, 8)",0,0.041082164328657314,66.0,51.0,trust_fused,9,RECONNAISSANCE,16,"(28, 13)",False,2,False,175
0,0.0,True,0.0,0.9,0.9,178,0,178.0,10,0,1,"(13, 50)",0,0.037,114.0,45.0,trust_fused,10,RECONNAISSANCE,15,"(13, 49)",False,0,False,180
0,0.0,True,0.0,0.9650136029956391,0.984397714496676,178,0,178.0,6,0,1,"(33, 8)",0,0.041,71.0,57.0,trust_fused,6,RECONNAISSANCE,12,"(33, 8)",False,1,False,180
0,0.0,True,0.0,0.9896211549747895,0.9959835071327897,178,0,178.0,9,0,1,"(33, 8)",0,0.041,66.0,51.0,trust_fused,9,RECONNAISSANCE,16,"(30, 10)",False,2,False,180
0,0.0,True,0.0,0.9,0.9,182,0,182.0,11,0,2,"(2, 41)",0,0.03696303696303696,91.0,34.0,trust_fused,11,RECONNAISSANCE,16,"(12, 48)",False,0,False,185
0,0.0,True,0.0,0.9650136029956391,0.984397714496676,182,0,182.0,7,0,2,"(13, 50)",0,0.04095904095904096,90.5,55.0,trust_fused,7,RECONNAISSANCE,13,"(29, 8)",False,1,False,185
0,0.0,True,0.0,0.9896211549747895,0.9959835071327897,181,0,181.0,9,2,1,"(33, 8)",0,0.04095904095904096,66.0,51.0,trust_fused,9,RECONNAISSANCE,17,"(31, 8)",False,2,False,185
0,0.0,True,0.0,0.9,0.9,187,0,187.0,11,0,2,"(2, 41)",0,0.03596403596403597,91.0,34.0,trust_fused,11,RECONNAISSANCE,16,"(10, 45)",False,0,False,190
0,0.0,True,0.0,0.9650136029956391,0.984397714496676,187,0,187.0,7,0,2,"(13, 50)",0,0.03696303696303696,90.5,55.0,trust_fused,7,RECONNAISSANCE,13,"(27, 11)",False,1,False,190
0,0.0,True,0.0,0.9896211549747895,0.9959835071327897,185,0,185.0,10,2,2,"(2, 20)",0,0.03996003996003996,94.0,53.0,trust_fused,10,RECONNAISSANCE,18,"(31, 8)",False,2,False,190
0,0.0,True,0.0,0.9,0.9,192,0,192.0,11,0,2,"(2, 41)",0,0.03596403596403597,91.0,34.0,trust_fused,11,RECONNAISSANCE,16,"(9, 41)",False,0,False,195
0,0.0,True,0.0,0.9650136029956391,0.984397714496676,192,0,192.0,7,0,2,"(13, 50)",0,0.03696303696303696,90.5,55.0,trust_fused,7,RECONNAISSANCE,13,"(27, 16)",False,1,False,195
0,0.0,True,0.0,0.9896211549747895,0.9959835071327897,190,0,190.0,10,2,2,"(2, 20)",0,0.03696303696303696,94.0,53.0,trust_fused,10,RECONNAISSANCE,18,"(30, 12)",False,2,False,195
0,0.0,True,0.0,0.9,0.9,197,0,197.0,11,0,2,"(2, 41)",0,0.03596403596403597,91.0,34.0,trust_fused,11,RECONNAISSANCE,17,"(4, 41)",False,0,False,200
0,0.0,True,0.0,0.9650136029956391,0.984397714496676,197,0,197.0,7,0,2,"(13, 50)",0,0.03696303696303696,90.5,55.0,trust_fused,7,RECONNAISSANCE,14,"(27, 21)",False,1,False,200
0,0.0,True,0.0,0.9896211549747895,0.9959835071327897,195,0,195.0,10,2,2,"(2, 20)",0,0.03396603396603397,94.0,53.0,trust_fused,10,RECONNAISSANCE,19,"(27, 14)",False,2,False,200
0,0.0,True,0.0,0.9,0.9,201,0,201.0,12,0,2,"(2, 50)",0,0.03696303696303696,91.0,34.0,trust_fused,12,RECONNAISSANCE,18,"(3, 42)",False,0,False,205
0,0.0,True,0.0,0.9650136029956391,0.984397714496676,202,0,202.0,7,0,2,"(13, 50)",0,0.03696303696303696,90.5,55.0,trust_fused,7,RECONNAISSANCE,14,"(27, 26)",False,1,False,205
0,0.0,True,0.0,0.9896211549747895,0.9959835071327897,200,0,200.0,10,2,2,"(2, 20)",0,0.03396603396603397,94.0,53.0,trust_fused,10,RECONNAISSANCE,19,"(25, 17)",False,2,False,205
0,0.0,True,0.0,0.9,0.9,206,0,206.0,12,0,2,"(2, 50)",0,0.03670634920634921,91.0,34.0,trust_fused,12,RECONNAISSANCE,18,"(3, 47)",False,0,False,210
0,0.0,True,0.0,0.9650136029956391,0.984397714496676,207,0,207.0,7,0,2,"(13, 50)",0,0.03670634920634921,90.5,55.0,trust_fused,7,RECONNAISSANCE,14,"(27, 31)",False,1,False,210
0,0.0,True,0.0,0.9896211549747895,0.9959835071327897,205,0,205.0,10,2,2,"(2, 20)",0,0.03273809523809524,94.0,53.0,trust_fused,10,RECONNAISSANCE,19,"(20, 17)",False,2,False,210
0,0.0,True,0.0,0.9,0.9,210,0,210.0,13,0,3,"(33, 8)",0,0.027750247770069375,71.66666666666667,26.666666666666668,trust_fused,13,RECONNAISSANCE,19,"(2, 50)",False,0,False,215
0,0.0,True,0.0,0.9650136029956391,0.984397714496676,212,0,212.0,7,0,2,"(13, 50)",0,0.027750247770069375,90.5,55.0,trust_fused,7,RECONNAISSANCE,14,"(27, 36)",False,1,False,215
0,0.0,True,0.0,0.9896211549747895,0.9959835071327897,210,0,210.0,10,2,2,"(2, 20)",0,0.024777006937561942,94.0,53.0,trust_fused,10,RECONNAISSANCE,19,"(16, 18)",False,2,False,215
0,0.0,True,0.0,0.9,0.9,215,0,215.0,13,0,3,"(33, 8)",0,0.02564102564102564,71.66666666666667,26.666666666666668,trust_fused,13,RECONNAISSANCE,19,"(5, 48)",False,0,False,220
0,0.0,True,0.0,0.9687979451248813,0.9859627168842082,217,0,217.0,7,0,2,"(13, 50)",0,0.02564102564102564,90.5,55.0,trust_fused,7,RECONNAISSANCE,14,"(27, 41)",False,1,False,220
0,0.0,True,0.0,0.9896211549747895,0.9959835071327897,215,0,215.0,10,2,2,"(2, 20)",0,0.023668639053254437,94.0,53.0,trust_fused,10,RECONNAISSANCE,19,"(15, 22)",False,2,False,220
0,0.0,True,0.0,0.9,0.9,220,0,220.0,13,0,3,"(33, 8)",0,0.022179363548698167,71.66666666666667,26.666666666666668,trust_fused,13,RECONNAISSANCE,20,"(8, 46)",False,0,False,225
0,0.0,True,0.0,0.9729499957376642,0.987884566678875,222,0,222.0,8,0,2,"(13, 50)",0,0.022179363548698167,90.5,55.0,trust_fused,8,RECONNAISSANCE,15,"(26, 45)",False,1,False,225
0,0.0,True,0.0,0.9896211549747895,0.9959835071327897,220,0,220.0,11,2,2,"(2, 20)",0,0.020250723240115717,94.0,53.0,trust_fused,11,RECONNAISSANCE,20,"(10, 22)",False,2,False,225
0,0.0,True,0.0,0.9,0.9,225,0,225.0,13,0,3,"(33, 8)",0,0.022556390977443608,71.66666666666667,26.666666666666668,trust_fused,13,RECONNAISSANCE,20,"(12, 45)",False,0,False,230
0,0.0,True,0.0,0.9765953200617502,0.9899358751337423,227,0,227.0,9,0,2,"(13, 50)",0,0.021616541353383457,90.5,55.0,trust_fused,9,RECONNAISSANCE,16,"(26, 50)",False,1,False,230
0,0.0,True,0.0,0.9896211549747895,0.9959835071327897,225,0,225.0,11,2,2,"(2, 20)",0,0.019736842105263157,94.0,53.0,trust_fused,11,RECONNAISSANCE,20,"(7, 20)",False,2,False,230
0,0.0,True,0.0,0.9,0.9,230,0,230.0,13,0,3,"(33, 8)",0,0.01780693533270853,71.66666666666667,26.666666666666668,trust_fused,13,RECONNAISSANCE,20,"(14, 42)",False,0,False,235
0,0.0,True,0.0,0.9798629381030303,0.9917035861955741,232,0,232.0,9,0,2,"(13, 50)",0,0.01780693533270853,90.5,55.0,trust_fused,9,RECONNAISSANCE,16,"(21, 50)",False,1,False,235
0,0.0,True,0.0,0.9896211549747895,0.9959835071327897,230,0,230.0,11,2,2,"(2, 20)",0,0.016869728209934397,94.0,53.0,trust_fused,11,RECONNAISSANCE,20,"(2, 20)",False,2,False,235
0,0.0,True,0.0,0.9,0.9,235,0,235.0,13,0,3,"(33, 8)",0,0.014058106841611996,71.66666666666667,26.666666666666668,trust_fused,13,RECONNAISSANCE,20,"(19, 42)",False,0,False,240
0,0.0,True,0.0,0.9827248528823717,0.9929961811213569,237,0,237.0,9,0,2,"(13, 50)",0,0.014058106841611996,90.5,55.0,trust_fused,9,RECONNAISSANCE,16,"(17, 49)",False,1,False,240
0,0.0,True,0.0,0.9896211549747895,0.9959835071327897,234,0,234.0,12,2,2,"(25, 2)",0,0.013120899718837863,94.0,53.0,trust_fused,12,RECONNAISSANCE,21,"(6, 20)",False,2,False,240
0,0.0,True,0.0,0.9,0.9,240,0,240.0,13,0,3,"(33, 8)",0,0.011246485473289597,71.66666666666667,26.666666666666668,trust_fused,13,RECONNAISSANCE,20,"(22, 40)",False,0,False,245
0,0.0,True,0.0,0.9852124802657556,0.994137317340254,242,0,242.0,9,0,2,"(13, 50)",0,0.011246485473289597,90.5,55.0,trust_fused,9,RECONNAISSANCE,16,"(13, 50)",False,1,False,245
0,0.0,True,0.0,0.9896211549747895,0.9959835071327897,239,0,239.0,12,2,2,"(25, 2)",0,0.011246485473289597,94.0,53.0,trust_fused,12,RECONNAISSANCE,21,"(11, 20)",False,2,False,245
0,0.0,True,0.0,0.9,0.9,245,0,245.0,14,0,3,"(33, 8)",0,0.011246485473289597,71.66666666666667,26.666666666666668,trust_fused,14,RECONNAISSANCE,21,"(25, 38)",False,0,False,250
0,0.0,True,0.0,0.9869564671260566,0.9948839719768731,246,0,246.0,11,0,2,"(2, 20)",0,0.011246485473289597,90.5,55.0,trust_fused,11,RECONNAISSANCE,18,"(12, 47)",False,1,False,250
0,0.0,True,0.0,0.9896211549747895,0.9959835071327897,244,0,244.0,12,2,2,"(25, 2)",0,0.011246485473289597,94.0,53.0,trust_fused,12,RECONNAISSANCE,22,"(14, 18)",False,2,False,250
0,0.0,True,0.0,0.9,0.9,250,0,250.0,14,0,3,"(33, 8)",0,0.010309278350515464,71.66666666666667,26.666666666666668,trust_fused,14,RECONNAISSANCE,21,"(27, 35)",False,0,False,255
0,0.0,True,0.0,0.9888736310160632,0.9957251530682759,251,0,251.0,11,0,2,"(2, 20)",0,0.010309278350515464,90.5,55.0,trust_fused,11,RECONNAISSANCE,18,"(12, 42)",False,1,False,255
0,0.0,True,0.0,0.9896211549747895,0.9959835071327897,249,0,249.0,12,2,2,"(25, 2)",0,0.010309278350515464,94.0,53.0,trust_fused,12,RECONNAISSANCE,22,"(18, 17)",False,2,False,255
0,0.0,True,0.0,0.9,0.9,255,0,255.0,14,0,3,"(33, 8)",0,0.010309278350515464,71.66666666666667,26.666666666666668,trust_fused,14,RECONNAISSANCE,21,"(28, 31)",False,0,False,260
0,0.0,True,0.0,0.9905187956284724,0.9963720280934137,256,0,256.0,11,0,2,"(2, 20)",0,0.010309278350515464,90.5,55.0,trust_fused,11,RECONNAISSANCE,18,"(8, 41)",False,1,False,260
0,0.0,True,0.0,0.9896211549747895,0.9959835071327897,254,0,254.0,12,2,2,"(25, 2)",0,0.010309278350515464,94.0,53.0,trust_fused,12,RECONNAISSANCE,22,"(23, 17)",False,2,False,260
0,0.0,True,0.0,0.9,0.9,260,0,260.0,14,0,3,"(33, 8)",0,0.010309278350515464,71.66666666666667,26.666666666666668,trust_fused,14,RECONNAISSANCE,21,"(28, 26)",False,0,False,265
0,0.0,True,0.0,0.9919168913090594,0.996889502641075,261,0,261.0,11,0,2,"(2, 20)",0,0.010309278350515464,90.5,55.0,trust_fused,11,RECONNAISSANCE,18,"(3, 41)",False,1,False,265
0,0.0,True,0.0,0.9896211549747895,0.9959835071327897,259,0,259.0,12,2,2,"(25, 2)",0,0.010309278350515464,94.0,53.0,trust_fused,12,RECONNAISSANCE,22,"(25, 14)",False,2,False,265
0,0.0,True,0.0,0.9,0.9,265,0,265.0,14,0,3,"(33, 8)",0,0.010194624652455977,71.66666666666667,26.666666666666668,trust_fused,14,RECONNAISSANCE,21,"(28, 21)",False,0,False,270
0,0.0,True,0.0,0.9924164724398249,0.9971130232860282,266,0,266.0,11,0,2,"(2, 20)",0,0.010194624652455977,90.5,55.0,trust_fused,11,RECONNAISSANCE,18,"(3, 36)",False,1,False,270
0,0.0,True,0.0,0.9896211549747895,0.9959835071327897,264,0,264.0,12,2,2,"(25, 2)",0,0.010194624652455977,94.0,53.0,trust_fused,12,RECONNAISSANCE,22,"(25, 9)",False,2,False,270
0,0.0,True,0.0,0.9,0.9,270,0,270.0,14,0,3,"(33, 8)",0,0.010101010101010102,71.66666666666667,26.666666666666668,trust_fused,14,RECONNAISSANCE,22,"(28, 16)",False,0,False,275
0,0.0,True,0.0,0.9924164724398249,0.9971130232860282,271,0,271.0,11,0,2,"(2, 20)",0,0.010101010101010102,90.5,55.0,trust_fused,11,RECONNAISSANCE,19,"(3, 31)",False,1,False,275
0,0.0,True,0.0,0.9896211549747895,0.9959835071327897,269,0,269.0,12,2,2,"(25, 2)",0,0.011937557392102846,94.0,53.0,trust_fused,12,RECONNAISSANCE,23,"(25, 4)",False,2,False,275
0,0.0,True,0.0,0.9,0.9,275,0,275.0,14,0,3,"(33, 8)",0,0.009963768115942028,71.66666666666667,26.666666666666668,trust_fused,14,RECONNAISSANCE,22,"(28, 11)",False,0,False,280
0,0.0,True,0.0,0.9924164724398249,0.9971130232860282,276,0,276.0,11,0,2,"(2, 20)",0,0.009963768115942028,90.5,55.0,trust_fused,11,RECONNAISSANCE,19,"(3, 26)",False,1,False,280
0,0.0,True,0.0,0.9896211549747895,0.9959835071327897,273,0,273.0,13,2,3,"(33, 50)",0,0.01177536231884058,92.66666666666667,49.333333333333336,trust_fused,13,RECONNAISSANCE,24,"(25, 4)",False,2,False,280
0,0.0,True,0.0,0.9,0.9,280,0,280.0,14,0,3,"(33, 8)",0,0.009963768115942028,71.66666666666667,26.666666666666668,trust_fused,14,RECONNAISSANCE,22,"(30, 8)",False,0,False,285
0,0.0,True,0.0,0.9924164724398249,0.9971130232860282,281,0,281.0,11,0,2,"(2, 20)",0,0.009963768115942028,90.5,55.0,trust_fused,11,RECONNAISSANCE,19,"(2, 22)",False,1,False,285
0,0.0,True,0.0,0.9911657014972067,0.9967524756772644,278,0,278.0,13,2,3,"(33, 50)",0,0.01177536231884058,92.66666666666667,49.333333333333336,trust_fused,13,RECONNAISSANCE,24,"(26, 8)",False,2,False,285
0,0.0,True,0.0,0.9,0.9,284,0,284.0,15,0,3,"(3, 8)",0,0.009963768115942028,71.66666666666667,26.666666666666668,trust_fused,15,RECONNAISSANCE,23,"(32, 8)",False,0,False,290
0,0.0,True,0.0,0.9924164724398249,0.9971130232860282,285,0,285.0,12,0,3,"(2, 41)",0,0.009963768115942028,96.0,50.666666666666664,trust_fused,12,RECONNAISSANCE,20,"(2, 22)",False,1,False,290
0,0.0,True,0.0,0.9925230341196928,0.9973819847091745,283,0,283.0,13,2,3,"(33, 50)",0,0.01177536231884058,92.66666666666667,49.333333333333336,trust_fused,13,RECONNAISSANCE,24,"(26, 13)",False,2,False,290
0,0.0,True,0.0,0.9,0.9,289,0,289.0,15,0,3,"(3, 8)",0,0.009963768115942028,71.66666666666667,26.666666666666668,trust_fused,15,RECONNAISSANCE,23,"(28, 9)",False,0,False,295
0,0.0,True,0.0,0.9924164724398249,0.9971130232860282,290,0,290.0,12,0,3,"(2, 41)",0,0.009963768115942028,96.0,50.666666666666664,trust_fused,12,RECONNAISSANCE,20,"(3, 26)",False,1,False,295
0,0.0,True,0.0,0.9936832310175072,0.9978094163376002,288,0,288.0,13,2,3,"(33, 50)",0,0.012681159420289856,92.66666666666667,49.333333333333336,trust_fused,13,RECONNAISSANCE,24,"(26, 18)",False,2,False,295
0,0.0,True,0.0,0.9,0.9,294,0,294.0,15,0,3,"(3, 8)",0,0.05877034358047016,71.66666666666667,26.666666666666668,trust_fused,15,ATTACK,24,"(23, 9)",False,0,False,300
0,0.0,True,0.0,0.9924164724398249,0.9971130232860282,295,0,295.0,12,0,3,"(2, 41)",0,0.05515370705244123,96.0,50.666666666666664,trust_fused,12,ATTACK,21,"(3, 31)",False,1,False,300
0,0.0,True,0.0,0.994483216810223,0.9980902407885721,293,0,293.0,14,2,3,"(33, 50)",0,0.048824593128390596,92.66666666666667,49.333333333333336,trust_fused,14,ATTACK,25,"(28, 21)",False,2,False,300
0,0.0,True,0.0,0.9,0.9,299,0,299.0,15,0,3,"(3, 8)",0,0.05855855855855856,71.66666666666667,26.666666666666668,trust_fused,15,ATTACK,24,"(18, 9)",False,0,False,305
0,0.0,True,0.0,0.9924164724398249,0.9971130232860282,300,0,300.0,12,0,3,"(2, 41)",0,0.05225225225225225,96.0,50.666666666666664,trust_fused,12,ATTACK,21,"(3, 36)",False,1,False,305
0,0.0,True,0.0,0.994483216810223,0.9980902407885721,298,0,298.0,14,2,3,"(33, 50)",0,0.04684684684684685,92.66666666666667,49.333333333333336,trust_fused,14,ATTACK,25,"(29, 25)",False,2,False,305
0,0.0,True,0.0,0.9,0.9,304,0,304.0,15,0,3,"(3, 8)",0,0.05850585058505851,71.66666666666667,26.666666666666668,trust_fused,15,ATTACK,24,"(14, 8)",False,0,False,310
0,0.0,True,0.0,0.9924164724398249,0.9971130232860282,305,0,305.0,12,0,3,"(2, 41)",0,0.05310531053105311,96.0,50.666666666666664,trust_fused,12,ATTACK,21,"(3, 41)",False,1,False,310
0,0.0,True,0.0,0.994483216810223,0.9980902407885721,303,0,303.0,14,2,3,"(33, 50)",0,0.046804680468046804,92.66666666666667,49.333333333333336,trust_fused,14,ATTACK,25,"(29, 30)",False,2,False,310
0,0.0,True,0.0,0.9,0.9,309,0,309.0,15,0,3,"(3, 8)",0,0.05850585058505851,71.66666666666667,26.666666666666668,trust_fused,15,ATTACK,24,"(9, 8)",False,0,False,315
0,0.0,True,0.0,0.9924164724398249,0.9971130232860282,309,0,309.0,13,0,3,"(15, 2)",0,0.05310531053105311,96.0,50.666666666666664,trust_fused,13,ATTACK,22,"(4, 40)",False,1,False,315
0,0.0,True,0.0,0.994483216810223,0.9980902407885721,308,0,308.0,14,2,3,"(33, 50)",0,0.046804680468046804,92.66666666666667,49.333333333333336,trust_fused,14,ATTACK,25,"(29, 35)",False,2,False,315
0,0.0,True,0.0,0.9,0.9,314,0,314.0,15,0,3,"(3, 8)",0,0.05750224618149147,71.66666666666667,26.666666666666668,trust_fused,15,ATTACK,24,"(4, 8)",False,0,False,320
0,0.0,True,0.0,0.9924164724398249,0.9971130232860282,314,0,314.0,13,0,3,"(15, 2)",0,0.05211141060197664,96.0,50.666666666666664,trust_fused,13,ATTACK,22,"(5, 36)",False,1,False,320
0,0.0,True,0.0,0.994483216810223,0.9980902407885721,313,0,313.0,14,2,3,"(33, 50)",0,0.04582210242587601,92.66666666666667,49.333333333333336,trust_fused,14,ATTACK,25,"(29, 40)",False,2,False,320
0,0.0,True,0.0,0.9,0.9,318,0,318.0,16,0,4,"(2, 20)",0,0.054367201426024955,80.5,28.25,trust_fused,16,ATTACK,26,"(6, 8)",False,0,False,325
0,0.0,True,0.0,0.9924164724398249,0.9971130232860282,319,0,319.0,13,0,3,"(15, 2)",0,0.049019607843137254,96.0,50.666666666666664,trust_fused,13,ATTACK,23,"(5, 31)",False,1,False,325
0,0.0,True,0.0,0.994483216810223,0.9980902407885721,318,0,318.0,15,2,3,"(33, 50)",0,0.0427807486631016,92.66666666666667,49.333333333333336,trust_fused,15,ATTACK,26,"(31, 43)",False,2,False,325
0,0.0,True,0.0,0.9,0.9,323,0,323.0,16,0,4,"(2, 20)",0,0.053144375553587246,80.5,28.25,trust_fused,16,ATTACK,26,"(11, 8)",False,0,False,330
0,0.0,True,0.0,0.9924164724398249,0.9971130232860282,324,0,324.0,13,0,3,"(15, 2)",0,0.047829937998228524,96.0,50.666666666666664,trust_fused,13,ATTACK,23,"(5, 26)",False,1,False,330
0,0.0,True,0.0,0.994483216810223,0.9980902407885721,323,0,323.0,15,2,3,"(33, 50)",0,0.04162976085031001,92.66666666666667,49.333333333333336,trust_fused,15,ATTACK,26,"(33, 46)",False,2,False,330
0,0.0,True,0.0,0.9,0.9,328,0,328.0,16,0,4,"(2, 20)",0,0.05225863596102746,80.5,28.25,trust_fused,16,ATTACK,26,"(14, 10)",False,0,False,335
0,0.0,True,0.0,0.9924164724398249,0.9971130232860282,329,0,329.0,13,0,3,"(15, 2)",0,0.047829937998228524,96.0,50.666666666666664,trust_fused,13,ATTACK,23,"(7, 23)",False,1,False,335
0,0.0,True,0.0,0.994483216810223,0.9980902407885721,327,0,327.0,16,2,3,"(33, 8)",0,0.04162976085031001,92.66666666666667,49.333333333333336,trust_fused,16,ATTACK,27,"(33, 50)",False,2,False,335
0,0.0,True,0.0,0.9,0.9,333,0,333.0,16,0,4,"(2, 20)",0,0.048,80.5,28.25,trust_fused,16,ATTACK,26,"(14, 15)",False,0,False,340
5,0.0,True,0.0,0.9924164724398249,0.9971130232860282,334,0,334.0,13,0,3,"(15, 2)",0,0.050666666666666665,96.0,50.666666666666664,trust_fused,13,ATTACK,23,"(9, 20)",False,1,False,340
5,0.0,True,0.0,0.994483216810223,0.9980902407885721,332,0,332.0,16,2,3,"(33, 8)",0,0.04162976085031001,92.66666666666667,49.333333333333336,trust_fused,16,ATTACK,27,"(32, 46)",False,2,False,340
0,0.0,True,0.0,0.9,0.9,338,0,338.0,16,0,4,"(2, 20)",0,0.04622222222222222,80.5,28.25,trust_fused,16,ATTACK,26,"(14, 20)",False,0,False,345
5,0.0,True,0.0,0.9933348331287492,0.9975356155128409,338,0,338.0,13,1,3,"(15, 2)",0,0.04888888888888889,96.0,50.666666666666664,trust_fused,13,ATTACK,23,"(13, 20)",False,1,False,345
5,0.0,True,0.0,0.994483216810223,0.9980902407885721,337,0,337.0,16,2,3,"(33, 8)",0,0.03985828166519043,92.66666666666667,49.333333333333336,trust_fused,16,ATTACK,27,"(30, 43)",False,2,False,345
0,0.0,True,0.0,0.9,0.9,342,0,342.0,16,1,4,"(2, 20)",0,0.04533333333333334,80.5,28.25,trust_fused,16,ATTACK,27,"(10, 20)",False,0,False,350
5,0.0,True,0.0,0.9943583805267543,0.9980411010867328,343,0,343.0,16,1,3,"(15, 2)",0,0.04888888888888889,96.0,50.666666666666664,trust_fused,16,ATTACK,26,"(14, 20)",False,1,False,350
5,0.0,True,0.0,0.994483216810223,0.9980902407885721,342,0,342.0,16,2,3,"(33, 8)",0,0.03985828166519043,92.66666666666667,49.333333333333336,trust_fused,16,ATTACK,28,"(29, 39)",False,2,False,350
0,0.0,True,0.0,0.9,0.9,347,0,347.0,16,1,4,"(2, 20)",0,0.04533333333333334,80.5,28.25,trust_fused,16,ATTACK,27,"(5, 20)",False,0,False,355
5,0.0,True,0.0,0.9952458750722979,0.9984088346391865,348,0,348.0,16,1,3,"(15, 2)",0,0.04888888888888889,96.0,50.666666666666664,trust_fused,16,ATTACK,26,"(15, 16)",False,1,False,355
5,0.0,True,0.0,0.994483216810223,0.9980902407885721,347,0,347.0,16,2,3,"(33, 8)",0,0.04074402125775022,92.66666666666667,49.333333333333336,trust_fused,16,ATTACK,28,"(28, 35)",False,2,False,355
0,0.0,True,0.0,0.9,0.9,351,0,351.0,17,1,4,"(24, 45)",0,0.0427426536064114,80.5,28.25,trust_fused,17,ATTACK,28,"(2, 21)",False,0,False,360
5,0.0,True,0.0,0.9959972007956548,0.9986563060412709,353,0,353.0,16,1,3,"(15, 2)",0,0.048975957257346395,96.0,50.666666666666664,trust_fused,16,ATTACK,26,"(15, 11)",False,1,False,360
5,0.0,True,0.0,0.994483216810223,0.9980902407885721,352,0,352.0,16,2,3,"(33, 8)",0,0.040780141843971635,92.66666666666667,49.333333333333336,trust_fused,16,ATTACK,28,"(28, 30)",False,2,False,360
0,0.0,True,0.0,0.9,0.9,356,0,356.0,17,1,4,"(24, 45)",0,0.0427426536064114,80.5,28.25,trust_fused,17,ATTACK,28,"(7, 21)",False,0,False,365
5,0.0,True,0.0,0.9966262689816003,0.9988474573017947,358,0,358.0,16,1,3,"(15, 2)",0,0.048975957257346395,96.0,50.666666666666664,trust_fused,16,ATTACK,26,"(15, 6)",False,1,False,365
4,0.0,True,0.0,0.7588937627606284,0.7588937627606284,357,0,357.0,16,2,3,"(33, 8)",0,0.040780141843971635,92.66666666666667,49.333333333333336,trust_fused,16,ATTACK,28,"(28, 25)",False,2,False,365
0,0.0,True,0.0,0.9,0.9,361,0,361.0,17,1,4,"(24, 45)",0,0.0427426536064114,80.5,28.25,trust_fused,17,ATTACK,28,"(12, 21)",False,0,False,370
5,0.0,True,0.0,0.9967397710105464,0.9988963095605231,362,0,362.0,17,1,4,"(33, 50)",0,0.041852181656277826,92.5,52.5,trust_fused,17,ATTACK,27,"(15, 2)",False,1,False,370
2,0.0,False,0.0,0.36999727113630587,0.36999727113630587,362,0,362.0,17,2,3,"(33, 8)",0,0.0398936170212766,92.66666666666667,49.333333333333336,trust_fused,17,ATTACK,29,"(28, 20)",False,2,False,370
0,0.0,True,0.0,0.9,0.9,366,0,366.0,17,1,4,"(24, 45)",0,0.03561887800534283,80.5,28.25,trust_fused,17,ATTACK,29,"(17, 21)",False,0,False,375
20,0.0,True,0.0,0.9967397710105464,0.9988963095605231,367,0,367.0,18,1,4,"(33, 50)",0,0.04986642920747997,92.5,52.5,trust_fused,18,ATTACK,28,"(15, 7)",False,1,False,375
15,0.0,False,0.0,0.1811991332282145,0.1811991332282145,367,0,367.0,19,2,3,"(33, 8)",0,0.034574468085106384,92.66666666666667,49.333333333333336,trust_fused,19,ATTACK,32,"(30, 17)",False,2,False,375
0,0.0,True,0.0,0.9,0.9,371,0,371.0,17,1,4,"(24, 45)",0,0.031055900621118012,80.5,28.25,trust_fused,17,ATTACK,29,"(19, 24)",False,0,False,380
20,0.0,True,0.0,0.9967397710105464,0.9988963095605231,372,0,372.0,18,1,4,"(33, 50)",0,0.04702750665483585,92.5,52.5,trust_fused,18,ATTACK,28,"(16, 11)",False,1,False,380
6,0.0,False,0.0,0.07732981060535411,0.07732981060535411,372,0,372.0,22,2,3,"(33, 8)",0,0.03268551236749117,92.66666666666667,49.333333333333336,trust_fused,22,ATTACK,35,"(32, 14)",False,2,False,380
0,0.0,True,0.0,0.9,0.9,376,0,376.0,17,1,4,"(24, 45)",0,0.02925531914893617,80.5,28.25,trust_fused,17,ATTACK,29,"(23, 25)",False,0,False,385
20,0.0,True,0.0,0.9971563060705968,0.9990346830502815,377,0,377.0,18,1,4,"(33, 50)",0,0.03900709219858156,92.5,52.5,trust_fused,18,ATTACK,28,"(16, 16)",False,1,False,385
0,0.0,False,0.0,0.06348514273595017,0.12416137163962282,377,0,377.0,22,2,3,"(33, 8)",0,0.03265666372462489,92.66666666666667,49.333333333333336,trust_fused,22,ATTACK,36,"(32, 9)",False,2,False,385
0,0.0,True,0.0,0.9,0.9,381,0,381.0,17,1,4,"(24, 45)",0,0.026595744680851064,80.5,28.25,trust_fused,17,ATTACK,29,"(23, 30)",False,0,False,390
19,0.0,True,0.0,0.9976035461997437,0.9991905980704266,382,0,382.0,18,1,4,"(33, 50)",0,0.040780141843971635,92.5,52.5,trust_fused,18,ATTACK,28,"(16, 21)",False,1,False,390
0,0.0,False,0.0,0.07223282139569952,0.16320408170076162,381,0,381.0,23,2,4,"(33, 30)",0,0.03265666372462489,97.0,50.25,trust_fused,23,ATTACK,37,"(33, 10)",False,2,False,390
0,0.0,True,0.0,0.9,0.9,386,0,386.0,17,1,4,"(24, 45)",0,0.024822695035460994,80.5,28.25,trust_fused,17,ATTACK,29,"(23, 35)",False,0,False,395
19,0.0,True,0.0,0.9979807532867995,0.9993188350403798,387,0,387.0,18,1,4,"(33, 50)",0,0.03546099290780142,92.5,52.5,trust_fused,18,ATTACK,28,"(17, 25)",False,1,False,395
0,0.0,False,0.0,0.07223282139569952,0.16320408170076162,386,0,386.0,23,2,4,"(33, 30)",0,0.02559576345984113,97.0,50.25,trust_fused,23,ATTACK,37,"(33, 15)",False,2,False,395
0,0.0,True,0.0,0.9,0.9,391,0,391.0,17,1,4,"(24, 45)",0,0.02158273381294964,80.5,28.25,trust_fused,17,ATTACK,30,"(23, 40)",False,0,False,400
19,0.0,True,0.0,0.99830008285297,0.999435075486122,392,0,392.0,18,1,4,"(33, 50)",0,0.0341726618705036,92.5,52.5,trust_fused,18,ATTACK,29,"(22, 25)",False,1,False,400
0,0.0,False,0.0,0.07223282139569952,0.16320408170076162,391,0,391.0,23,2,4,"(33, 30)",0,0.020554066130473638,97.0,50.25,trust_fused,23,ATTACK,38,"(30, 17)",False,2,False,400
0,0.0,True,0.0,0.9,0.9,396,0,396.0,17,1,4,"(24, 45)",0,0.018884892086330936,80.5,28.25,trust_fused,17,ATTACK,30,"(25, 43)",False,0,False,405
19,0.0,True,0.0,0.9985694404533572,0.9995223084375381,397,0,397.0,18,1,4,"(33, 50)",0,0.02877697841726619,92.5,52.5,trust_fused,18,ATTACK,29,"(25, 27)",False,1,False,405
0,0.0,False,0.0,0.07826080323358736,0.19279245815345644,396,0,396.0,23,2,4,"(33, 30)",0,0.020554066130473638,97.0,50.25,trust_fused,23,ATTACK,38,"(29, 21)",False,2,False,405
0,0.0,True,0.0,0.9,0.9,400,0,400.0,18,1,5,"(21, 17)",0,0.013489208633093525,81.8,32.6,trust_fused,18,ATTACK,31,"(25, 45)",False,0,False,410
19,0.0,True,0.0,0.9987954184997881,0.999594588699217,402,0,402.0,18,1,4,"(33, 50)",0,0.024280575539568347,92.5,52.5,trust_fused,18,ATTACK,29,"(25, 32)",False,1,False,410
0,0.0,False,0.0,0.12182507443858184,0.31455068115068496,401,0,401.0,23,2,4,"(33, 30)",0,0.01966041108132261,97.0,50.25,trust_fused,23,ATTACK,38,"(29, 26)",False,2,False,410
0,0.0,True,0.0,0.9,0.9,405,0,405.0,18,1,5,"(21, 17)",0,0.012589928057553957,81.8,32.6,trust_fused,18,ATTACK,31,"(25, 40)",False,0,False,415
21,0.0,True,0.0,0.7359791958179732,0.7359791958179732,407,0,407.0,20,1,4,"(33, 50)",0,0.026079136690647483,92.5,52.5,trust_fused,20,ATTACK,31,"(25, 37)",False,1,False,415
9,0.0,False,0.0,0.1794890344814397,0.4125552027577346,406,0,406.0,23,2,4,"(33, 30)",0,0.01966041108132261,97.0,50.25,trust_fused,23,ATTACK,38,"(30, 30)",False,2,False,415
0,0.0,True,0.0,0.9,0.9,410,0,410.0,18,1,5,"(21, 17)",0,0.010101010101010102,81.8,32.6,trust_fused,18,ATTACK,31,"(24, 36)",False,0,False,420
19,0.0,True,0.0,0.7391488202045003,0.7727920925337504,412,0,412.0,20,1,4,"(33, 50)",0,0.024793388429752067,92.5,52.5,trust_fused,20,ATTACK,31,"(25, 42)",False,1,False,420
3,0.0,False,0.0,0.1794890344814397,0.4125552027577346,410,0,410.0,24,2,4,"(2, 41)",0,0.018365472910927456,97.0,50.25,trust_fused,24,ATTACK,39,"(32, 30)",False,2,False,420
0,0.0,True,0.0,0.9,0.9,415,0,415.0,18,1,5,"(21, 17)",0,0.010101010101010102,81.8,32.6,trust_fused,18,ATTACK,32,"(24, 31)",False,0,False,425
19,0.0,True,0.0,0.7532952875524687,0.815958751458386,417,0,417.0,20,1,4,"(33, 50)",0,0.024793388429752067,92.5,52.5,trust_fused,20,ATTACK,32,"(26, 46)",False,1,False,425
3,0.0,False,0.0,0.2191092570755718,0.47943485766333693,415,0,415.0,25,2,4,"(2, 41)",0,0.011937557392102846,97.0,50.25,trust_fused,25,ATTACK,40,"(28, 31)",False,2,False,425
0,0.0,True,0.0,0.9,0.9,420,0,420.0,18,1,5,"(21, 17)",0,0.008264462809917356,81.8,32.6,trust_fused,18,ATTACK,32,"(23, 27)",False,0,False,430
19,0.0,True,0.0,0.7605161142721175,0.8315198015755197,422,0,422.0,20,1,4,"(33, 50)",0,0.02295684113865932,92.5,52.5,trust_fused,20,ATTACK,32,"(28, 49)",False,1,False,430
3,0.0,True,0.0,0.29330389292674075,0.5845159265809785,420,0,420.0,25,2,4,"(2, 41)",0,0.010101010101010102,97.0,50.25,trust_fused,25,ATTACK,40,"(26, 34)",False,2,False,430
0,0.0,True,0.0,0.9,0.9,425,0,425.0,18,1,5,"(21, 17)",0,0.008264462809917356,81.8,32.6,trust_fused,18,ATTACK,32,"(19, 26)",False,0,False,435
19,0.0,True,0.0,0.7605161142721175,0.8315198015755197,427,0,427.0,20,1,4,"(33, 50)",0,0.02295684113865932,92.5,52.5,trust_fused,20,ATTACK,32,"(32, 50)",False,1,False,435
0,0.0,True,0.0,0.3631266553428647,0.6140197139077428,425,0,425.0,25,2,4,"(2, 41)",0,0.011019283746556474,97.0,50.25,trust_fused,25,ATTACK,40,"(26, 39)",False,2,False,435
0,0.0,True,0.0,0.9,0.9,430,0,430.0,18,1,5,"(21, 17)",0,0.008294930875576038,81.8,32.6,trust_fused,18,ATTACK,32,"(19, 21)",False,0,False,440
19,0.0,True,0.0,0.7605161142721175,0.8315198015755197,431,0,431.0,21,1,4,"(33, 30)",0,0.02304147465437788,92.5,52.5,trust_fused,21,ATTACK,33,"(33, 47)",False,1,False,440
0,0.0,True,0.0,0.42796009830837667,0.6698638928446417,430,0,430.0,25,2,4,"(2, 41)",0,0.010138248847926268,97.0,50.25,trust_fused,25,ATTACK,40,"(22, 40)",False,2,False,440
0,0.0,True,0.0,0.9,0.9,435,0,435.0,18,1,5,"(21, 17)",0,0.00827966881324747,81.8,32.6,trust_fused,18,ATTACK,32,"(20, 17)",False,0,False,445
19,0.0,True,0.0,0.7605161142721175,0.8315198015755197,436,0,436.0,21,1,4,"(33, 30)",0,0.022999080036798528,92.5,52.5,trust_fused,21,ATTACK,33,"(31, 44)",False,1,False,445
0,0.0,True,0.0,0.48921841030424873,0.7135993562596177,435,0,435.0,25,2,4,"(2, 41)",0,0.010119595216191352,97.0,50.25,trust_fused,25,ATTACK,40,"(17, 40)",False,2,False,445
0,0.0,True,0.0,0.9,0.9,439,0,439.0,19,1,5,"(15, 2)",0,0.04204753199268738,81.8,32.6,trust_fused,19,ATTACK,34,"(18, 17)",False,0,False,450
25,0.0,True,0.0,0.7605161142721175,0.8315198015755197,441,0,441.0,21,1,4,"(33, 30)",0,0.052054794520547946,92.5,52.5,trust_fused,21,ATTACK,34,"(29, 41)",False,1,False,450
6,0.0,True,0.0,0.48921841030424873,0.7135993562596177,440,0,440.0,25,2,4,"(2, 41)",0,0.039269406392694065,97.0,50.25,trust_fused,25,ATTACK,41,"(12, 40)",False,2,False,450
0,0.0,True,0.0,0.9,0.9,444,0,444.0,19,1,5,"(15, 2)",0,0.0410958904109589,81.8,32.6,trust_fused,19,ATTACK,34,"(16, 14)",False,0,False,455
25,0.0,True,0.0,0.7605161142721175,0.8315198015755197,446,0,446.0,21,1,4,"(33, 30)",0,0.051094890510948905,92.5,52.5,trust_fused,21,ATTACK,34,"(29, 36)",False,1,False,455
6,0.0,True,0.0,0.48921841030424873,0.7135993562596177,445,0,445.0,25,2,4,"(2, 41)",0,0.03832116788321168,97.0,50.25,trust_fused,25,ATTACK,41,"(8, 41)",False,2,False,455
0,0.0,True,0.0,0.9,0.9,449,0,449.0,19,1,5,"(15, 2)",0,0.039269406392694065,81.8,32.6,trust_fused,19,ATTACK,34,"(15, 10)",False,0,False,460
25,0.0,True,0.0,0.7605161142721175,0.8315198015755197,451,0,451.0,21,1,4,"(33, 30)",0,0.04927007299270073,92.5,52.5,trust_fused,21,ATTACK,34,"(29, 31)",False,1,False,460
6,0.0,True,0.0,0.48921841030424873,0.7135993562596177,450,0,450.0,25,2,4,"(2, 41)",0,0.0364963503649635,97.0,50.25,trust_fused,25,ATTACK,41,"(3, 41)",False,2,False,460
0,0.0,True,0.0,0.9,0.9,454,0,454.0,19,1,5,"(15, 2)",0,0.039269406392694065,81.8,32.6,trust_fused,19,ATTACK,34,"(15, 5)",False,0,False,465
25,0.0,True,0.0,0.7605161142721175,0.8315198015755197,456,0,456.0,21,1,4,"(33, 30)",0,0.048357664233576646,92.5,52.5,trust_fused,21,ATTACK,34,"(33, 30)",False,1,False,465
6,0.0,True,0.0,0.48921841030424873,0.7135993562596177,454,0,454.0,26,2,5,"(21, 17)",0,0.0364963503649635,92.4,48.8,trust_fused,26,ATTACK,42,"(5, 41)",False,2,False,465
0,0.0,True,0.0,0.9,0.9,458,0,458.0,20,1,6,"(33, 30)",0,0.038356164383561646,78.16666666666667,30.833333333333332,trust_fused,20,ATTACK,35,"(15, 3)",False,0,False,470
25,0.0,True,0.0,0.7605161142721175,0.8315198015755197,460,0,460.0,22,1,5,"(2, 50)",0,0.04927007299270073,93.2,47.8,trust_fused,22,ATTACK,35,"(29, 30)",False,1,False,470
6,0.0,True,0.0,0.48921841030424873,0.7135993562596177,459,0,459.0,26,2,5,"(21, 17)",0,0.0364963503649635,92.4,48.8,trust_fused,26,ATTACK,42,"(10, 41)",False,2,False,470
0,0.0,True,0.0,0.9,0.9,463,0,463.0,20,1,6,"(33, 30)",0,0.03832116788321168,78.16666666666667,30.833333333333332,trust_fused,20,ATTACK,36,"(16, 7)",False,0,False,475
25,0.0,True,0.0,0.7605161142721175,0.8315198015755197,465,0,465.0,23,1,5,"(2, 50)",0,0.049225159525979945,93.2,47.8,trust_fused,23,ATTACK,36,"(27, 33)",False,1,False,475
6,0.0,True,0.0,0.48921841030424873,0.7135993562596177,464,0,464.0,27,2,5,"(21, 17)",0,0.03646308113035551,92.4,48.8,trust_fused,27,ATTACK,43,"(12, 38)",False,2,False,475
0,0.0,True,0.0,0.9,0.9,468,0,468.0,20,1,6,"(33, 30)",0,0.03753351206434316,78.16666666666667,30.833333333333332,trust_fused,20,ATTACK,36,"(17, 11)",False,0,False,480
25,0.0,True,0.0,0.7605161142721175,0.8315198015755197,470,0,470.0,23,1,5,"(2, 50)",0,0.04732142857142857,93.2,47.8,trust_fused,23,ATTACK,36,"(25, 36)",False,1,False,480
6,0.0,True,0.0,0.48921841030424873,0.7135993562596177,469,0,469.0,27,2,5,"(21, 17)",0,0.03482142857142857,92.4,48.8,trust_fused,27,ATTACK,43,"(15, 36)",False,2,False,480
0,0.0,True,0.0,0.9,0.9,473,0,473.0,20,1,6,"(33, 30)",0,0.037366548042704624,78.16666666666667,30.833333333333332,trust_fused,20,ATTACK,36,"(17, 16)",False,0,False,485
40,0.0,True,0.0,0.7605161142721175,0.8315198015755197,475,0,475.0,23,1,5,"(2, 50)",0,0.060444444444444446,93.2,47.8,trust_fused,23,ATTACK,36,"(23, 39)",False,1,False,485
21,1.5226144629291483,True,1.5226144629291483,0.48921841030424873,0.7135993562596177,474,0,474.0,29,2,5,"(21, 17)",0,0.048,92.4,48.8,trust_fused,29,ATTACK,45,"(17, 33)",False,2,False,485
0,0.0,True,0.0,0.9,0.9,478,0,478.0,20,1,6,"(33, 30)",0,0.035523978685612786,78.16666666666667,30.833333333333332,trust_fused,20,ATTACK,36,"(17, 21)",False,0,False,490
25,0.0,True,0.0,0.7605161142721175,0.8315198015755197,480,0,480.0,23,1,5,"(2, 50)",0,0.043516873889875664,93.2,47.8,trust_fused,23,ATTACK,36,"(19, 40)",False,1,False,490
6,0.0,True,0.0,0.48921841030424873,0.7135993562596177,479,0,479.0,31,2,5,"(21, 17)",0,0.03374777975133215,92.4,48.8,trust_fused,31,ATTACK,47,"(17, 28)",False,2,False,490
0,0.0,True,0.0,0.9,0.9,483,0,483.0,20,1,6,"(33, 30)",0,0.03197158081705151,78.16666666666667,30.833333333333332,trust_fused,20,ATTACK,36,"(19, 24)",False,0,False,495
24,0.0,True,0.0,0.7605161142721175,0.8315198015755197,485,0,485.0,23,1,5,"(2, 50)",0,0.041740674955595025,93.2,47.8,trust_fused,23,ATTACK,36,"(14, 40)",False,1,False,495
5,0.0,True,0.0,0.5476222441157186,0.7698943769323886,484,0,484.0,31,2,5,"(21, 17)",0,0.03108348134991119,92.4,48.8,trust_fused,31,ATTACK,47,"(19, 25)",False,2,False,495
0,0.0,True,0.0,0.9,0.9,488,0,488.0,21,1,6,"(33, 30)",0,0.02930728241563055,78.16666666666667,30.833333333333332,trust_fused,21,ATTACK,37,"(22, 26)",False,0,False,500
19,0.0,True,0.0,0.7605161142721175,0.8315198015755197,490,0,490.0,24,1,5,"(2, 50)",0,0.041740674955595025,93.2,47.8,trust_fused,24,ATTACK,37,"(10, 41)",False,1,False,500
0,0.0,True,0.0,0.6051157138709509,0.8186268846262856,489,0,489.0,31,2,5,"(21, 17)",0,0.03108348134991119,92.4,48.8,trust_fused,31,ATTACK,48,"(19, 20)",False,2,False,500
0,0.0,True,0.0,0.9,0.9,493,0,493.0,21,1,6,"(33, 30)",0,0.02930728241563055,78.16666666666667,30.833333333333332,trust_fused,21,ATTACK,37,"(25, 28)",False,0,False,505
19,0.0,True,0.0,0.7605161142721175,0.8315198015755197,495,0,495.0,24,1,5,"(2, 50)",0,0.04262877442273535,93.2,47.8,trust_fused,24,ATTACK,37,"(7, 43)",False,1,False,505
0,0.0,True,0.0,0.6477908830668759,0.8432773534311382,494,0,494.0,31,2,5,"(21, 17)",0,0.03108348134991119,92.4,48.8,trust_fused,31,ATTACK,48,"(21, 17)",False,2,False,505
0,0.0,True,0.0,0.9,0.9,498,0,498.0,21,1,6,"(33, 30)",0,0.028419182948490232,78.16666666666667,30.833333333333332,trust_fused,21,ATTACK,37,"(28, 30)",False,0,False,510
19,0.0,True,0.0,0.7605161142721175,0.8315198015755197,500,0,500.0,24,1,5,"(2, 50)",0,0.041740674955595025,93.2,47.8,trust_fused,24,ATTACK,37,"(4, 45)",False,1,False,510
0,0.0,True,0.0,0.6578287318958519,0.848547859646395,498,0,498.0,32,2,5,"(2, 50)",0,0.02930728241563055,92.4,48.8,trust_fused,32,ATTACK,49,"(18, 18)",False,2,False,510
0,0.0,True,0.0,0.9,0.9,503,0,503.0,21,1,6,"(33, 30)",0,0.02664298401420959,78.16666666666667,30.833333333333332,trust_fused,21,ATTACK,37,"(33, 30)",False,0,False,515
19,0.0,True,0.0,0.7605161142721175,0.8315198015755197,505,0,505.0,24,1,5,"(2, 50)",0,0.03996447602131439,93.2,47.8,trust_fused,24,ATTACK,37,"(3, 49)",False,1,False,515
0,0.0,True,0.0,0.7040320820710452,0.8706468020141861,503,0,503.0,32,2,5,"(2, 50)",0,0.028419182948490232,92.4,48.8,trust_fused,32,ATTACK,49,"(18, 23)",False,2,False,515
0,0.0,True,0.0,0.9,0.9,507,0,507.0,22,1,6,"(25, 2)",0,0.025777777777777778,78.16666666666667,30.833333333333332,trust_fused,22,ATTACK,38,"(29, 30)",False,0,False,520
24,0.0,True,0.0,0.7605161142721175,0.8315198015755197,509,0,509.0,25,1,5,"(24, 45)",0,0.03911111111111111,93.2,47.8,trust_fused,25,ATTACK,38,"(3, 49)",False,1,False,520
5,0.0,True,0.0,0.7445219030507477,0.890215451901306,508,0,508.0,32,2,5,"(2, 50)",0,0.029333333333333333,92.4,48.8,trust_fused,32,ATTACK,49,"(18, 28)",False,2,False,520
0,0.0,True,0.0,0.9,0.9,512,0,512.0,22,1,6,"(25, 2)",0,0.025777777777777778,78.16666666666667,30.833333333333332,trust_fused,22,ATTACK,39,"(28, 26)",False,0,False,525
24,0.0,True,0.0,0.7605161142721175,0.8315198015755197,514,0,514.0,26,1,5,"(24, 45)",0,0.04,93.2,47.8,trust_fused,26,ATTACK,39,"(4, 45)",False,1,False,525
5,0.0,True,0.0,0.7730343763329905,0.9025636273257812,513,0,513.0,33,2,5,"(2, 50)",0,0.02666666666666667,92.4,48.8,trust_fused,33,ATTACK,50,"(16, 31)",False,2,False,525
0,0.0,True,0.0,0.9,0.9,517,0,517.0,22,1,6,"(25, 2)",0,0.02037201062887511,78.16666666666667,30.833333333333332,trust_fused,22,ATTACK,39,"(25, 24)",False,0,False,530
21,0.0,True,0.0,0.7605161142721175,0.8315198015755197,519,0,519.0,26,1,5,"(24, 45)",0,0.0354295837023915,93.2,47.8,trust_fused,26,ATTACK,39,"(5, 41)",False,1,False,530
5,0.0,True,0.0,0.7730343763329905,0.9025636273257812,518,0,518.0,33,2,5,"(2, 50)",0,0.025686448184233834,92.4,48.8,trust_fused,33,ATTACK,50,"(13, 33)",False,2,False,530
0,0.0,True,0.0,0.9,0.9,522,0,522.0,22,1,6,"(25, 2)",0,0.017699115044247787,78.16666666666667,30.833333333333332,trust_fused,22,ATTACK,39,"(25, 19)",False,0,False,535
20,0.0,True,0.0,0.7605161142721175,0.8315198015755197,524,0,524.0,26,1,5,"(24, 45)",0,0.03274336283185841,93.2,47.8,trust_fused,26,ATTACK,39,"(10, 41)",False,1,False,535
5,0.0,True,0.0,0.7730343763329905,0.9025636273257812,523,0,523.0,33,2,5,"(2, 50)",0,0.023893805309734513,92.4,48.8,trust_fused,33,ATTACK,50,"(11, 36)",False,2,False,535
0,0.0,True,0.0,0.9,0.9,527,0,527.0,22,1,6,"(25, 2)",0,0.0141718334809566,78.16666666666667,30.833333333333332,trust_fused,22,ATTACK,39,"(25, 14)",False,0,False,540
18,0.0,True,0.0,0.6434333932219132,0.6434333932219132,529,0,529.0,26,1,5,"(24, 45)",0,0.029229406554472984,93.2,47.8,trust_fused,26,ATTACK,39,"(14, 40)",False,1,False,540
5,0.0,True,0.0,0.7730343763329905,0.9025636273257812,528,0,528.0,33,2,5,"(2, 50)",0,0.01948627103631532,92.4,48.8,trust_fused,33,ATTACK,50,"(10, 40)",False,2,False,540
0,0.0,True,0.0,0.9,0.9,532,0,532.0,22,1,6,"(25, 2)",0,0.012400354295837024,78.16666666666667,30.833333333333332,trust_fused,22,ATTACK,39,"(25, 9)",False,0,False,545
18,0.0,True,0.0,0.6434333932219132,0.6434333932219132,534,0,534.0,26,1,5,"(24, 45)",0,0.02745792736935341,93.2,47.8,trust_fused,26,ATTACK,39,"(19, 40)",False,1,False,545
5,0.0,True,0.0,0.7730343763329905,0.9025636273257812,533,0,533.0,33,2,5,"(2, 50)",0,0.01771479185119575,92.4,48.8,trust_fused,33,ATTACK,50,"(6, 41)",False,2,False,545
0,0.0,True,0.0,0.9,0.9,537,0,537.0,22,1,6,"(25, 2)",0,0.012400354295837024,78.16666666666667,30.833333333333332,trust_fused,22,ATTACK,40,"(25, 4)",False,0,False,550
18,0.0,True,0.0,0.6434333932219132,0.6434333932219132,539,0,539.0,26,1,5,"(24, 45)",0,0.02745792736935341,93.2,47.8,trust_fused,26,ATTACK,40,"(24, 40)",False,1,False,550
5,0.0,True,0.0,0.7730343763329905,0.9025636273257812,538,0,538.0,33,2,5,"(2, 50)",0,0.01771479185119575,92.4,48.8,trust_fused,33,ATTACK,51,"(4, 44)",False,2,False,550
0,0.0,True,0.0,0.9,0.9,541,0,541.0,23,1,7,"(33, 50)",0,0.012400354295837024,79.0,31.714285714285715,trust_fused,23,ATTACK,41,"(25, 4)",False,0,False,555
18,0.0,True,0.0,0.6434333932219132,0.6434333932219132,544,0,544.0,26,1,5,"(24, 45)",0,0.02745792736935341,93.2,47.8,trust_fused,26,ATTACK,40,"(25, 44)",False,1,False,555
5,0.0,True,0.0,0.7730343763329905,0.9025636273257812,543,0,543.0,33,2,5,"(2, 50)",0,0.01771479185119575,92.4,48.8,trust_fused,33,ATTACK,51,"(3, 48)",False,2,False,555
0,0.0,True,0.0,0.9,0.9,546,0,546.0,23,1,7,"(33, 50)",0,0.012003693444136657,79.0,31.714285714285715,trust_fused,23,ATTACK,41,"(25, 9)",False,0,False,560
33,0.0,True,0.0,0.6434333932219132,0.6434333932219132,548,0,548.0,27,1,6,"(33, 8)",0,0.042435424354243544,93.0,46.5,trust_fused,27,ATTACK,41,"(25, 44)",False,1,False,560
20,0.0,True,0.0,0.7730343763329905,0.9025636273257812,547,0,547.0,34,2,6,"(33, 50)",0,0.03228782287822878,93.16666666666667,49.5,trust_fused,34,ATTACK,52,"(3, 50)",False,2,False,560
0,0.0,True,0.0,0.9,0.9,551,0,551.0,23,1,7,"(33, 50)",0,0.012003693444136657,79.0,31.714285714285715,trust_fused,23,ATTACK,41,"(25, 14)",False,0,False,565
33,0.0,True,0.0,0.6434333932219132,0.6434333932219132,553,0,553.0,27,1,6,"(33, 8)",0,0.042435424354243544,93.0,46.5,trust_fused,27,ATTACK,41,"(28, 42)",False,1,False,565
20,0.0,True,0.0,0.7730343763329905,0.9025636273257812,552,0,552.0,34,2,6,"(33, 50)",0,0.03228782287822878,93.16666666666667,49.5,trust_fused,34,ATTACK,52,"(3, 45)",False,2,False,565
0,0.0,True,0.0,0.9,0.9,556,0,556.0,23,1,7,"(33, 50)",0,0.012003693444136657,79.0,31.714285714285715,trust_fused,23,ATTACK,41,"(26, 18)",False,0,False,570
33,0.0,True,0.0,0.6459548983774496,0.6698600856659072,558,0,558.0,27,1,6,"(33, 8)",0,0.04151291512915129,93.0,46.5,trust_fused,27,ATTACK,41,"(28, 37)",False,1,False,570
20,0.0,True,0.0,0.7730343763329905,0.9025636273257812,557,0,557.0,34,2,6,"(33, 50)",0,0.03228782287822878,93.16666666666667,49.5,trust_fused,34,ATTACK,52,"(8, 45)",False,2,False,570
0,0.0,True,0.0,0.9,0.9,561,0,561.0,24,1,7,"(33, 50)",0,0.009954751131221719,79.0,31.714285714285715,trust_fused,24,ATTACK,42,"(26, 23)",False,0,False,575
33,0.0,True,0.0,0.6575760326799203,0.7133916405986773,563,0,563.0,27,1,6,"(33, 8)",0,0.039783001808318265,93.0,46.5,trust_fused,27,ATTACK,42,"(28, 32)",False,1,False,575
19,0.0,True,0.0,0.7249507046793423,0.7249507046793423,562,0,562.0,35,2,6,"(33, 50)",0,0.03164556962025317,93.16666666666667,49.5,trust_fused,35,ATTACK,53,"(12, 46)",False,2,False,575
0,0.0,True,0.0,0.9,0.9,566,0,566.0,24,1,7,"(33, 50)",0,0.009847806624888093,79.0,31.714285714285715,trust_fused,24,ATTACK,42,"(28, 26)",False,0,False,580
33,0.0,True,0.0,0.6765248374594053,0.761587247038706,568,0,568.0,27,1,6,"(33, 8)",0,0.03939122649955237,93.0,46.5,trust_fused,27,ATTACK,42,"(28, 27)",False,1,False,580
18,0.0,True,0.0,0.582757801189182,0.582757801189182,567,0,567.0,35,2,6,"(33, 50)",0,0.03133393017009848,93.16666666666667,49.5,trust_fused,35,ATTACK,53,"(14, 49)",False,2,False,580
0,0.0,True,0.0,0.9,0.9,571,0,571.0,24,1,7,"(33, 50)",0,0.00974313551815766,79.0,31.714285714285715,trust_fused,24,ATTACK,42,"(29, 30)",False,0,False,585
33,0.0,True,0.0,0.7028487182617654,0.8109281195734429,573,0,573.0,27,1,6,"(33, 8)",0,0.03808680248007086,93.0,46.5,trust_fused,27,ATTACK,42,"(29, 23)",False,1,False,585
18,0.0,True,0.0,0.582757801189182,0.582757801189182,572,0,572.0,35,2,6,"(33, 50)",0,0.030115146147032774,93.16666666666667,49.5,trust_fused,35,ATTACK,53,"(19, 49)",False,2,False,585
0,0.0,True,0.0,0.9,0.9,576,0,576.0,24,1,7,"(33, 50)",0,0.009734513274336283,79.0,31.714285714285715,trust_fused,24,ATTACK,42,"(29, 35)",False,0,False,590
33,0.0,True,0.0,0.7321230197245954,0.8439503019502554,578,0,578.0,29,1,6,"(33, 8)",0,0.03893805309734513,93.0,46.5,trust_fused,29,ATTACK,44,"(29, 18)",False,1,False,590
18,0.0,True,0.0,0.582757801189182,0.582757801189182,577,0,577.0,35,2,6,"(33, 50)",0,0.03008849557522124,93.16666666666667,49.5,trust_fused,35,ATTACK,53,"(24, 49)",False,2,False,590
0,0.0,True,0.0,0.9,0.9,581,0,581.0,24,1,7,"(33, 50)",0,0.007964601769911504,79.0,31.714285714285715,trust_fused,24,ATTACK,42,"(29, 40)",False,0,False,595
33,0.0,True,0.0,0.7557064812882485,0.8675146619471256,583,0,583.0,29,1,6,"(33, 8)",0,0.03716814159292035,93.0,46.5,trust_fused,29,ATTACK,44,"(25, 17)",False,1,False,595
18,0.0,True,0.0,0.582757801189182,0.582757801189182,582,0,582.0,35,2,6,"(33, 50)",0,0.02831858407079646,93.16666666666667,49.5,trust_fused,35,ATTACK,53,"(29, 49)",False,2,False,595
0,0.0,True,0.0,0.9,0.9,586,0,586.0,24,1,7,"(33, 50)",0,0.06017699115044248,79.0,31.714285714285715,trust_fused,24,ATTACK,43,"(29, 45)",False,0,False,600
43,4.0,True,4.0,0.7789078639948239,0.8884140606950021,588,0,588.0,32,1,6,"(33, 8)",43,0.0920353982300885,93.0,46.5,trust_fused,32,ATTACK,47,"(26, 13)",True,1,True,600
39,0.0,True,0.0,0.5921661508382907,0.6515356877322621,587,0,587.0,35,2,6,"(33, 50)",0,0.07964601769911504,93.16666666666667,49.5,trust_fused,35,ATTACK,54,"(33, 50)",False,2,False,600
0,0.0,True,0.0,0.9,0.9,591,0,591.0,24,1,7,"(33, 50)",0,0.05481874447391689,79.0,31.714285714285715,trust_fused,24,ATTACK,43,"(29, 50)",False,0,False,605
21,0.0,True,0.0,0.7789078639948239,0.8884140606950021,593,0,593.0,32,1,6,"(33, 8)",0,0.0680813439434129,93.0,46.5,trust_fused,32,ATTACK,47,"(31, 13)",False,1,False,605
39,0.0,True,0.0,0.6152580104088512,0.7217633042666792,590,0,590.0,36,3,6,"(2, 50)",0,0.06542882404951371,93.16666666666667,49.5,trust_fused,36,ATTACK,55,"(30, 50)",False,2,False,605
0,0.0,True,0.0,0.9,0.9,595,0,595.0,24,2,7,"(33, 50)",0,0.05481874447391689,79.0,31.714285714285715,trust_fused,24,ATTACK,43,"(33, 50)",False,0,False,610
19,0.0,True,0.0,0.7789078639948239,0.8884140606950021,598,0,598.0,32,1,6,"(33, 8)",0,0.06631299734748011,93.0,46.5,trust_fused,32,ATTACK,47,"(33, 10)",False,1,False,610
39,0.0,True,0.0,0.6417969491065149,0.7772836250333227,595,0,595.0,38,3,6,"(2, 50)",0,0.0636604774535809,93.16666666666667,49.5,trust_fused,38,ATTACK,57,"(30, 49)",False,2,False,610
0,0.0,True,0.0,0.9,0.9,599,0,599.0,25,2,7,"(3, 8)",0,0.05481874447391689,79.0,31.714285714285715,trust_fused,25,ATTACK,44,"(29, 50)",False,0,False,615
19,0.0,True,0.0,0.7789078639948239,0.8884140606950021,602,0,602.0,33,1,6,"(33, 50)",0,0.06542882404951371,93.0,46.5,trust_fused,33,ATTACK,48,"(33, 10)",False,1,False,615
39,0.0,True,0.0,0.6791155757348175,0.8242439619212939,600,0,600.0,38,3,6,"(2, 50)",0,0.0618921308576481,93.16666666666667,49.5,trust_fused,38,ATTACK,57,"(25, 49)",False,2,False,615
0,0.0,True,0.0,0.9,0.9,604,0,604.0,25,2,7,"(3, 8)",0,0.053934571175950484,79.0,31.714285714285715,trust_fused,25,ATTACK,44,"(28, 46)",False,0,False,620
19,0.0,True,0.0,0.7789078639948239,0.8884140606950021,607,0,607.0,33,1,6,"(33, 50)",0,0.0645446507515473,93.0,46.5,trust_fused,33,ATTACK,48,"(30, 12)",False,1,False,620
39,0.0,True,0.0,0.7176806612660489,0.8616279582186995,605,0,605.0,38,3,6,"(2, 50)",0,0.0610079575596817,93.16666666666667,49.5,trust_fused,38,ATTACK,57,"(20, 49)",False,2,False,620
0,0.0,True,0.0,0.9,0.9,609,0,609.0,25,2,7,"(3, 8)",0,0.050397877984084884,79.0,31.714285714285715,trust_fused,25,ATTACK,45,"(28, 41)",False,0,False,625
19,0.0,True,0.0,0.7789078639948239,0.8884140606950021,612,0,612.0,33,1,6,"(33, 50)",0,0.0636604774535809,93.0,46.5,trust_fused,33,ATTACK,49,"(30, 17)",False,1,False,625
39,0.0,True,0.0,0.7251112349161618,0.8662921342683068,610,0,610.0,39,3,6,"(2, 50)",0,0.058355437665782495,93.16666666666667,49.5,trust_fused,39,ATTACK,58,"(17, 47)",False,2,False,625
0,0.0,True,0.0,0.9,0.9,614,0,614.0,25,2,7,"(3, 8)",0,0.04774535809018567,79.0,31.714285714285715,trust_fused,25,ATTACK,45,"(28, 36)",False,0,False,630
19,0.0,True,0.0,0.7789078639948239,0.8884140606950021,617,0,617.0,34,1,6,"(33, 50)",0,0.0592396109637489,93.0,46.5,trust_fused,34,ATTACK,50,"(30, 20)",False,1,False,630
39,0.0,True,0.0,0.7251112349161618,0.8662921342683068,615,0,615.0,39,3,6,"(2, 50)",0,0.05570291777188329,93.16666666666667,49.5,trust_fused,39,ATTACK,58,"(14, 45)",False,2,False,630
0,0.0,True,0.0,0.9,0.9,619,0,619.0,25,2,7,"(3, 8)",0,0.04332449160035367,79.0,31.714285714285715,trust_fused,25,ATTACK,45,"(28, 31)",False,0,False,635
32,0.0,True,0.0,0.6730036975144719,0.6730036975144719,622,0,622.0,34,1,6,"(33, 50)",0,0.05747126436781609,93.0,46.5,trust_fused,34,ATTACK,50,"(30, 25)",False,1,False,635
54,0.0,True,0.0,0.7251112349161618,0.8662921342683068,620,0,620.0,39,3,6,"(2, 50)",0,0.05658709106984969,93.16666666666667,49.5,trust_fused,39,ATTACK,58,"(9, 45)",False,2,False,635
0,0.0,True,0.0,0.9,0.9,624,0,624.0,26,2,7,"(3, 8)",0,0.04,79.0,31.714285714285715,trust_fused,26,ATTACK,46,"(25, 29)",False,0,False,640
30,0.0,True,0.0,0.6381454723283988,0.6818470767811811,627,0,627.0,34,1,6,"(33, 50)",0,0.053953488372093024,93.0,46.5,trust_fused,34,ATTACK,50,"(29, 29)",False,1,False,640
54,0.0,True,0.0,0.7251112349161618,0.8662921342683068,625,0,625.0,39,3,6,"(2, 50)",0,0.053953488372093024,93.16666666666667,49.5,trust_fused,39,ATTACK,58,"(4, 45)",False,2,False,640
0,0.0,True,0.0,0.9,0.9,629,0,629.0,28,2,7,"(3, 8)",0,0.03438661710037175,79.0,31.714285714285715,trust_fused,28,ATTACK,48,"(21, 28)",False,0,False,645
29,0.0,True,0.0,0.6567020078626379,0.7404545430585155,632,0,632.0,34,1,6,"(33, 50)",0,0.05018587360594796,93.0,46.5,trust_fused,34,ATTACK,50,"(29, 34)",False,1,False,645
53,0.0,True,0.0,0.7251112349161618,0.8662921342683068,630,0,630.0,39,3,6,"(2, 50)",0,0.048327137546468404,93.16666666666667,49.5,trust_fused,39,ATTACK,58,"(3, 49)",False,2,False,645
0,0.0,True,0.0,0.9,0.9,634,0,634.0,29,2,7,"(3, 8)",0,0.03345724907063197,79.0,31.714285714285715,trust_fused,29,ATTACK,49,"(20, 26)",False,0,False,650
29,0.0,True,0.0,0.6812970837017954,0.7796312250031214,637,0,637.0,34,1,6,"(33, 50)",0,0.046468401486988845,93.0,46.5,trust_fused,34,ATTACK,51,"(29, 39)",False,1,False,650
53,0.0,True,0.0,0.7251112349161618,0.8662921342683068,634,0,634.0,40,3,7,"(15, 2)",0,0.047397769516728624,92.57142857142857,49.142857142857146,trust_fused,40,ATTACK,60,"(3, 49)",False,2,False,650
0,0.0,True,0.0,0.9,0.9,639,0,639.0,29,2,7,"(3, 8)",0,0.031598513011152414,79.0,31.714285714285715,trust_fused,29,ATTACK,49,"(18, 29)",False,0,False,655
29,0.0,True,0.0,0.7085027130083168,0.8141312804605416,642,0,642.0,34,1,6,"(33, 50)",0,0.04368029739776952,93.0,46.5,trust_fused,34,ATTACK,51,"(29, 44)",False,1,False,655
53,0.0,True,0.0,0.7251112349161618,0.8662921342683068,639,0,639.0,40,3,7,"(15, 2)",0,0.047397769516728624,92.57142857142857,49.142857142857146,trust_fused,40,ATTACK,60,"(5, 46)",False,2,False,655
0,0.0,True,0.0,0.9,0.9,644,0,644.0,29,2,7,"(3, 8)",0,0.026851851851851852,79.0,31.714285714285715,trust_fused,29,ATTACK,49,"(18, 24)",False,0,False,660
29,0.0,True,0.0,0.7362888849206297,0.841943392659137,647,0,647.0,34,1,6,"(33, 50)",0,0.03888888888888889,93.0,46.5,trust_fused,34,ATTACK,51,"(30, 48)",False,1,False,660
53,0.0,True,0.0,0.7251112349161618,0.8662921342683068,644,0,644.0,40,3,7,"(15, 2)",0,0.044444444444444446,92.57142857142857,49.142857142857146,trust_fused,40,ATTACK,60,"(10, 46)",False,2,False,660
0,0.0,True,0.0,0.9,0.9,649,0,649.0,29,2,7,"(3, 8)",0,0.021296296296296296,79.0,31.714285714285715,trust_fused,29,ATTACK,49,"(17, 20)",False,0,False,665
29,0.0,True,0.0,0.7587880784274168,0.8657843760049855,652,0,652.0,34,1,6,"(33, 50)",0,0.03425925925925926,93.0,46.5,trust_fused,34,ATTACK,51,"(33, 50)",False,1,False,665
53,0.0,True,0.0,0.7251112349161618,0.8662921342683068,649,0,649.0,40,3,7,"(15, 2)",0,0.03981481481481482,92.57142857142857,49.142857142857146,trust_fused,40,ATTACK,60,"(12, 43)",False,2,False,665
0,0.0,True,0.0,0.9,0.9,654,0,654.0,29,2,7,"(3, 8)",0,0.021296296296296296,79.0,31.714285714285715,trust_fused,29,ATTACK,49,"(16, 16)",False,0,False,670
37,0.0,True,0.0,0.7587880784274168,0.8657843760049855,656,0,656.0,35,1,7,"(25, 2)",0,0.03981481481481482,95.14285714285714,47.42857142857143,trust_fused,35,ATTACK,52,"(29, 50)",False,1,False,670
61,0.0,True,0.0,0.7251112349161618,0.8662921342683068,654,0,654.0,40,3,7,"(15, 2)",0,0.046296296296296294,92.57142857142857,49.142857142857146,trust_fused,40,ATTACK,60,"(12, 38)",False,2,False,670
0,0.0,True,0.0,0.9,0.9,659,0,659.0,29,2,7,"(3, 8)",0,0.020370370370370372,79.0,31.714285714285715,trust_fused,29,ATTACK,50,"(16, 11)",False,0,False,675
37,0.0,True,0.0,0.7696699707275313,0.8718518757264343,661,0,661.0,35,1,7,"(25, 2)",0,0.03888888888888889,95.14285714285714,47.42857142857143,trust_fused,35,ATTACK,53,"(28, 46)",False,1,False,675
61,0.0,True,0.0,0.7530937580875052,0.8815474504752386,659,0,659.0,40,3,7,"(15, 2)",0,0.046296296296296294,92.57142857142857,49.142857142857146,trust_fused,40,ATTACK,61,"(12, 33)",False,2,False,675
0,0.0,True,0.0,0.9,0.9,664,0,664.0,29,2,7,"(3, 8)",0,0.019627085377821395,79.0,31.714285714285715,trust_fused,29,ATTACK,50,"(14, 8)",False,0,False,680
37,0.0,True,0.0,0.780081062944426,0.877907685070039,666,0,666.0,35,1,7,"(25, 2)",0,0.03857280617164899,95.14285714285714,47.42857142857143,trust_fused,35,ATTACK,53,"(28, 41)",False,1,False,680
61,0.0,True,0.0,0.7846586123212081,0.8990941022397635,664,0,664.0,40,3,7,"(15, 2)",0,0.0463768115942029,92.57142857142857,49.142857142857146,trust_fused,40,ATTACK,61,"(15, 31)",False,2,False,680
0,0.0,True,0.0,0.9,0.9,669,0,669.0,29,2,7,"(3, 8)",0,0.019436345966958212,79.0,31.714285714285715,trust_fused,29,ATTACK,50,"(9, 8)",False,0,False,685
37,0.0,True,0.0,0.7995823314674095,0.8891743014754865,671,0,671.0,35,1,7,"(25, 2)",0,0.038204393505253106,95.14285714285714,47.42857142857143,trust_fused,35,ATTACK,53,"(28, 36)",False,1,False,685
61,0.0,True,0.0,0.8128321409308218,0.9149245420553508,669,0,669.0,40,3,7,"(15, 2)",0,0.045933014354066985,92.57142857142857,49.142857142857146,trust_fused,40,ATTACK,61,"(15, 26)",False,2,False,685
0,0.0,True,0.0,0.9,0.9,674,0,674.0,29,2,7,"(3, 8)",0,0.019286403085824494,79.0,31.714285714285715,trust_fused,29,ATTACK,50,"(4, 8)",False,0,False,690
37,0.0,True,0.0,0.8217505764484241,0.9028086097498078,676,0,676.0,35,1,7,"(25, 2)",0,0.03425309229305423,95.14285714285714,47.42857142857143,trust_fused,35,ATTACK,53,"(28, 31)",False,1,False,690
52,0.0,True,0.0,0.7183648918541308,0.7272868704003965,674,0,674.0,40,3,7,"(15, 2)",0,0.037107516650808754,92.57142857142857,49.142857142857146,trust_fused,40,ATTACK,61,"(15, 21)",False,2,False,690
0,0.0,True,0.0,0.9,0.9,678,0,678.0,30,2,8,"(13, 50)",0,0.01828681424446583,86.5,37.875,trust_fused,30,ATTACK,51,"(6, 8)",False,0,False,695
36,0.0,True,0.0,0.838363335549303,0.8434203301468525,681,0,681.0,36,1,7,"(25, 2)",0,0.03235014272121789,95.14285714285714,47.42857142857143,trust_fused,36,ATTACK,54,"(28, 26)",False,1,False,695
50,0.0,True,0.0,0.7265292745553515,0.7698941749964104,679,0,679.0,40,3,7,"(15, 2)",0,0.035204567078972404,92.57142857142857,49.142857142857146,trust_fused,40,ATTACK,61,"(15, 16)",False,2,False,695
0,0.0,True,0.0,0.9,0.9,683,0,683.0,30,2,8,"(13, 50)",0,0.01828681424446583,86.5,37.875,trust_fused,30,ATTACK,52,"(11, 8)",False,0,False,700
36,0.0,True,0.0,0.8402716943647601,0.8557761733636343,686,0,686.0,37,1,7,"(25, 2)",0,0.03330161750713606,95.14285714285714,47.42857142857143,trust_fused,37,ATTACK,55,"(30, 23)",False,1,False,700
50,0.0,True,0.0,0.741570124245238,0.8065652509728781,684,0,684.0,40,3,7,"(15, 2)",0,0.03139866793529972,92.57142857142857,49.142857142857146,trust_fused,40,ATTACK,62,"(15, 11)",False,2,False,700
0,0.0,True,0.0,0.9,0.9,688,0,688.0,30,2,8,"(13, 50)",0,0.01828681424446583,86.5,37.875,trust_fused,30,ATTACK,52,"(14, 10)",False,0,False,705
42,0.0,False,0.0,0.47592532739822424,0.47592532739822424,691,0,691.0,38,1,7,"(25, 2)",0,0.03330161750713606,95.14285714285714,47.42857142857143,trust_fused,38,ATTACK,56,"(29, 19)",False,1,False,705
58,0.0,True,0.0,0.7617414442396792,0.8461333581647676,689,0,689.0,40,3,7,"(15, 2)",0,0.0390104662226451,92.57142857142857,49.142857142857146,trust_fused,40,ATTACK,62,"(15, 6)",False,2,False,705
0,0.0,True,0.0,0.9,0.9,693,0,693.0,30,2,8,"(13, 50)",0,0.016361886429258902,86.5,37.875,trust_fused,30,ATTACK,52,"(14, 15)",False,0,False,710
39,0.0,False,0.0,0.21211103067387918,0.21211103067387918,696,0,696.0,38,1,7,"(25, 2)",0,0.03235014272121789,95.14285714285714,47.42857142857143,trust_fused,38,ATTACK,56,"(26, 17)",False,1,False,710
58,0.0,True,0.0,0.7807315910654805,0.8723996158640429,693,0,693.0,41,3,7,"(24, 45)",0,0.03330161750713606,92.57142857142857,49.142857142857146,trust_fused,41,ATTACK,63,"(15, 2)",False,2,False,710
0,0.0,True,0.0,0.9,0.9,698,0,698.0,30,2,8,"(13, 50)",0,0.013474494706448507,86.5,37.875,trust_fused,30,ATTACK,52,"(14, 20)",False,0,False,715
34,0.0,False,0.0,0.21325019705492704,0.23489435829483654,701,0,701.0,38,1,7,"(25, 2)",0,0.028544243577545196,95.14285714285714,47.42857142857143,trust_fused,38,ATTACK,56,"(26, 12)",False,1,False,715
58,0.0,True,0.0,0.7950370672728582,0.8851257086105077,698,0,698.0,41,3,7,"(24, 45)",0,0.03425309229305423,92.57142857142857,49.142857142857146,trust_fused,41,ATTACK,63,"(15, 7)",False,2,False,715
0,0.0,True,0.0,0.9,0.9,703,0,703.0,30,2,8,"(13, 50)",0,0.013422818791946308,86.5,37.875,trust_fused,30,ATTACK,52,"(14, 25)",False,0,False,720
24,0.0,False,0.0,0.21833342422619928,0.276002632010367,706,0,706.0,38,1,7,"(25, 2)",0,0.021863117870722433,95.14285714285714,47.42857142857143,trust_fused,38,ATTACK,56,"(25, 8)",False,1,False,720
55,0.0,True,0.0,0.8181743173971585,0.9040696749947942,703,0,703.0,41,3,7,"(24, 45)",0,0.030418250950570342,92.57142857142857,49.142857142857146,trust_fused,41,ATTACK,63,"(16, 11)",False,2,False,720
0,0.0,True,0.0,0.9,0.9,708,0,708.0,30,2,8,"(13, 50)",0,0.013409961685823755,86.5,37.875,trust_fused,30,ATTACK,53,"(14, 30)",False,0,False,725
24,0.0,False,0.0,0.21833342422619928,0.276002632010367,711,0,711.0,38,1,7,"(25, 2)",0,0.02184235517568851,95.14285714285714,47.42857142857143,trust_fused,38,ATTACK,57,"(25, 3)",False,1,False,725
55,0.0,True,0.0,0.839908503874398,0.9200233208427574,708,0,708.0,41,3,7,"(24, 45)",0,0.030389363722697058,92.57142857142857,49.142857142857146,trust_fused,41,ATTACK,64,"(16, 16)",False,2,False,725
0,0.0,True,0.0,0.9,0.9,713,0,713.0,30,2,8,"(13, 50)",0,0.013409961685823755,86.5,37.875,trust_fused,30,ATTACK,53,"(13, 34)",False,0,False,730
24,0.0,False,0.0,0.21833342422619928,0.276002632010367,715,0,715.0,39,1,7,"(33, 30)",0,0.02184235517568851,95.14285714285714,47.42857142857143,trust_fused,39,ATTACK,58,"(25, 5)",False,1,False,730
55,0.0,True,0.0,0.8598647932552174,0.932750513360706,713,0,713.0,41,3,7,"(24, 45)",0,0.030389363722697058,92.57142857142857,49.142857142857146,trust_fused,41,ATTACK,64,"(16, 21)",False,2,False,730
0,0.0,True,0.0,0.9,0.9,718,0,718.0,30,2,8,"(13, 50)",0,0.013371537726838587,86.5,37.875,trust_fused,30,ATTACK,53,"(13, 39)",False,0,False,735
24,0.0,False,0.0,0.21833342422619928,0.276002632010367,720,0,720.0,39,1,7,"(33, 30)",0,0.021780303030303032,95.14285714285714,47.42857142857143,trust_fused,39,ATTACK,58,"(27, 8)",False,1,False,735
55,0.0,True,0.0,0.8778433500953772,0.9430662430517178,718,0,718.0,41,3,7,"(24, 45)",0,0.030303030303030304,92.57142857142857,49.142857142857146,trust_fused,41,ATTACK,64,"(16, 26)",False,2,False,735
0,0.0,True,0.0,0.9,0.9,723,0,723.0,30,2,8,"(13, 50)",0,0.013371537726838587,86.5,37.875,trust_fused,30,ATTACK,53,"(13, 44)",False,0,False,740
32,0.0,False,0.0,0.21833342422619928,0.276002632010367,725,0,725.0,39,1,7,"(33, 30)",0,0.021780303030303032,95.14285714285714,47.42857142857143,trust_fused,39,ATTACK,58,"(27, 13)",False,1,False,740
53,0.0,True,0.0,0.8938486496093192,0.9517494106867842,723,0,723.0,41,3,7,"(24, 45)",0,0.03977272727272727,92.57142857142857,49.142857142857146,trust_fused,41,ATTACK,64,"(16, 31)",False,2,False,740
0,0.0,True,0.0,0.9,0.9,728,0,728.0,30,2,8,"(13, 50)",0,0.013371537726838587,86.5,37.875,trust_fused,30,ATTACK,53,"(13, 49)",False,0,False,745
27,0.0,False,0.0,0.16018022162877665,0.16018022162877665,730,0,730.0,39,1,7,"(33, 30)",0,0.021780303030303032,95.14285714285714,47.42857142857143,trust_fused,39,ATTACK,58,"(27, 18)",False,1,False,745
53,0.0,True,0.0,0.9079827934620409,0.958978292301413,728,0,728.0,41,3,7,"(24, 45)",0,0.03977272727272727,92.57142857142857,49.142857142857146,trust_fused,41,ATTACK,64,"(16, 36)",False,2,False,745
0,0.0,True,0.0,0.9,0.9,732,0,732.0,31,2,8,"(33, 50)",0,0.04871060171919771,86.5,37.875,trust_fused,31,ATTACK,55,"(16, 50)",False,0,False,750
27,0.0,False,0.0,0.16018022162877665,0.16018022162877665,735,0,735.0,39,1,7,"(33, 30)",0,0.056818181818181816,95.14285714285714,47.42857142857143,trust_fused,39,ATTACK,59,"(30, 20)",False,1,False,750
53,0.0,True,0.0,0.918059523513896,0.9640898633956038,733,0,733.0,41,3,7,"(24, 45)",0,0.05397727272727273,92.57142857142857,49.142857142857146,trust_fused,41,ATTACK,65,"(17, 40)",False,2,False,750
0,0.0,True,0.0,0.9,0.9,737,0,737.0,31,2,8,"(33, 50)",0,0.04202483285577841,86.5,37.875,trust_fused,31,ATTACK,55,"(20, 49)",False,0,False,755
27,0.0,False,0.0,0.16018022162877665,0.16018022162877665,740,0,740.0,39,1,7,"(33, 30)",0,0.05113636363636364,95.14285714285714,47.42857142857143,trust_fused,39,ATTACK,59,"(29, 24)",False,1,False,755
53,0.0,True,0.0,0.92041760907816,0.9652212347991754,738,0,738.0,41,3,7,"(24, 45)",0,0.056818181818181816,92.57142857142857,49.142857142857146,trust_fused,41,ATTACK,65,"(22, 40)",False,2,False,755
0,0.0,True,0.0,0.9,0.9,742,0,742.0,31,2,8,"(33, 50)",0,0.04114832535885168,86.5,37.875,trust_fused,31,ATTACK,55,"(25, 49)",False,0,False,760
26,0.0,False,0.0,0.16018022162877665,0.16018022162877665,745,0,745.0,39,1,7,"(33, 30)",0,0.051233396584440226,95.14285714285714,47.42857142857143,trust_fused,39,ATTACK,59,"(29, 29)",False,1,False,760
48,0.0,True,0.0,0.92041760907816,0.9652212347991754,743,0,743.0,41,3,7,"(24, 45)",0,0.052132701421800945,92.57142857142857,49.142857142857146,trust_fused,41,ATTACK,65,"(25, 42)",False,2,False,760
0,0.0,True,0.0,0.9,0.9,747,0,747.0,31,2,8,"(33, 50)",0,0.0354066985645933,86.5,37.875,trust_fused,31,ATTACK,55,"(30, 49)",False,0,False,765
23,0.0,False,0.0,0.16018022162877665,0.16018022162877665,750,0,750.0,39,1,7,"(33, 30)",0,0.04554079696394687,95.14285714285714,47.42857142857143,trust_fused,39,ATTACK,59,"(33, 30)",False,1,False,765
47,0.0,True,0.0,0.9314951867654128,0.9720093155000141,747,0,747.0,42,3,8,"(33, 50)",0,0.04739336492890995,95.625,49.875,trust_fused,42,ATTACK,66,"(24, 45)",False,2,False,765
0,0.0,True,0.0,0.9,0.9,751,0,751.0,32,2,9,"(2, 50)",0,0.033460803059273424,85.55555555555556,36.22222222222222,trust_fused,32,ATTACK,56,"(33, 50)",False,0,False,770
23,0.0,False,0.0,0.16018022162877665,0.16018022162877665,754,0,754.0,40,1,8,"(33, 50)",0,0.04549763033175355,95.75,46.375,trust_fused,40,ATTACK,60,"(33, 34)",False,1,False,770
47,0.0,True,0.0,0.9414184323355167,0.977194338043952,752,0,752.0,42,3,8,"(33, 50)",0,0.04640151515151515,95.625,49.875,trust_fused,42,ATTACK,66,"(25, 49)",False,2,False,770
0,0.0,True,0.0,0.9,0.9,755,0,755.0,32,3,9,"(2, 50)",0,0.033460803059273424,85.55555555555556,36.22222222222222,trust_fused,32,ATTACK,57,"(29, 50)",False,0,False,775
23,0.0,False,0.0,0.16018022162877665,0.16018022162877665,759,0,759.0,40,1,8,"(33, 50)",0,0.04549763033175355,95.75,46.375,trust_fused,40,ATTACK,61,"(29, 35)",False,1,False,775
47,0.0,True,0.0,0.9501942788573529,0.9821864911788704,757,0,757.0,42,3,8,"(33, 50)",0,0.04640151515151515,95.625,49.875,trust_fused,42,ATTACK,67,"(27, 50)",False,2,False,775
0,0.0,True,0.0,0.9,0.9,760,0,760.0,32,3,9,"(2, 50)",0,0.033524904214559385,85.55555555555556,36.22222222222222,trust_fused,32,ATTACK,57,"(24, 50)",False,0,False,780
42,0.0,False,0.0,0.12123324640835514,0.12123324640835514,764,0,764.0,40,1,8,"(33, 50)",0,0.045584045584045586,95.75,46.375,trust_fused,40,ATTACK,61,"(29, 40)",False,1,False,780
53,0.0,True,0.0,0.7915158131534735,0.8011735776312858,762,0,762.0,45,3,8,"(33, 50)",0,0.04653371320037987,95.625,49.875,trust_fused,45,ATTACK,70,"(28, 50)",False,2,False,780
0,0.0,True,0.0,0.9,0.9,765,0,765.0,32,3,9,"(2, 50)",0,0.033524904214559385,85.55555555555556,36.22222222222222,trust_fused,32,ATTACK,57,"(20, 49)",False,0,False,785
22,0.0,False,0.0,0.08133940169063612,0.12568282794427912,769,0,769.0,40,1,8,"(33, 50)",0,0.04368471035137702,95.75,46.375,trust_fused,40,ATTACK,62,"(29, 45)",False,1,False,785
53,0.0,True,0.0,0.7997105056791093,0.8424538461399466,767,0,767.0,45,3,8,"(33, 50)",0,0.04653371320037987,95.625,49.875,trust_fused,45,ATTACK,70,"(33, 50)",False,2,False,785
0,0.0,True,0.0,0.9,0.9,770,0,770.0,32,3,9,"(2, 50)",0,0.033524904214559385,85.55555555555556,36.22222222222222,trust_fused,32,ATTACK,57,"(17, 47)",False,0,False,790
21,0.0,False,0.0,0.11026337073314202,0.266959198318139,774,0,774.0,40,1,8,"(33, 50)",0,0.042735042735042736,95.75,46.375,trust_fused,40,ATTACK,62,"(29, 48)",False,1,False,790
53,0.0,True,0.0,0.804862608838633,0.8549589991051249,771,0,771.0,46,3,8,"(24, 45)",0,0.04653371320037987,95.625,49.875,trust_fused,46,ATTACK,71,"(29, 50)",False,2,False,790
0,0.0,True,0.0,0.9,0.9,775,0,775.0,32,3,9,"(2, 50)",0,0.033524904214559385,85.55555555555556,36.22222222222222,trust_fused,32,ATTACK,57,"(13, 46)",False,0,False,795
21,0.0,False,0.0,0.16609617500171286,0.41108507574524106,779,0,779.0,40,1,8,"(33, 50)",0,0.042735042735042736,95.75,46.375,trust_fused,40,ATTACK,62,"(33, 49)",False,1,False,795
47,0.0,True,0.0,0.5098417885342174,0.5098417885342174,776,0,776.0,46,3,8,"(24, 45)",0,0.04653371320037987,95.625,49.875,trust_fused,46,ATTACK,71,"(28, 46)",False,2,False,795
0,0.0,True,0.0,0.9,0.9,780,0,780.0,32,3,9,"(2, 50)",0,0.033524904214559385,85.55555555555556,36.22222222222222,trust_fused,32,ATTACK,58,"(8, 46)",False,0,False,800
21,0.0,False,0.0,0.17919308251365776,0.42803432524061097,783,0,783.0,42,1,8,"(24, 45)",0,0.042735042735042736,95.75,46.375,trust_fused,42,ATTACK,64,"(30, 50)",False,1,False,800
47,0.0,True,0.0,0.5124706003170673,0.5451407181239504,781,0,781.0,46,3,8,"(24, 45)",0,0.04653371320037987,95.625,49.875,trust_fused,46,ATTACK,72,"(24, 45)",False,2,False,800
0,0.0,True,0.0,0.9,0.9,785,0,785.0,32,3,9,"(2, 50)",0,0.033524904214559385,85.55555555555556,36.22222222222222,trust_fused,32,ATTACK,58,"(3, 46)",False,0,False,805
21,0.0,False,0.0,0.22066729737383514,0.4909389012038263,788,0,788.0,42,1,8,"(24, 45)",0,0.042735042735042736,95.75,46.375,trust_fused,42,ATTACK,64,"(27, 48)",False,1,False,805
47,0.0,True,0.0,0.5124706003170673,0.5451407181239504,785,0,785.0,47,3,9,"(25, 2)",0,0.04653371320037987,89.0,46.0,trust_fused,47,ATTACK,73,"(25, 42)",False,2,False,805
0,0.0,True,0.0,0.9,0.9,790,0,790.0,32,3,9,"(2, 50)",0,0.033524904214559385,85.55555555555556,36.22222222222222,trust_fused,32,ATTACK,58,"(2, 50)",False,0,False,810
21,0.0,True,0.0,0.23537677184440767,0.5148567867852859,793,0,793.0,42,1,8,"(24, 45)",0,0.0446343779677113,95.75,46.375,trust_fused,42,ATTACK,64,"(25, 45)",False,1,False,810
47,0.0,True,0.0,0.5124706003170673,0.5451407181239504,790,0,790.0,47,3,9,"(25, 2)",0,0.04653371320037987,89.0,46.0,trust_fused,47,ATTACK,73,"(25, 37)",False,2,False,810
0,0.0,True,0.0,0.9,0.9,794,0,794.0,33,3,9,"(2, 41)",0,0.032567049808429116,85.55555555555556,36.22222222222222,trust_fused,33,ATTACK,59,"(3, 47)",False,0,False,815
43,0.0,True,0.0,0.23537677184440767,0.5148567867852859,797,0,797.0,43,1,9,"(2, 20)",0,0.05318138651471985,90.22222222222223,42.888888888888886,trust_fused,43,ATTACK,65,"(25, 43)",False,1,False,815
69,0.0,True,0.0,0.5124706003170673,0.5451407181239504,795,0,795.0,47,3,9,"(25, 2)",0,0.05698005698005698,89.0,46.0,trust_fused,47,ATTACK,73,"(25, 32)",False,2,False,815
0,0.0,True,0.0,0.9,0.9,799,0,799.0,33,3,9,"(2, 41)",0,0.028735632183908046,85.55555555555556,36.22222222222222,trust_fused,33,ATTACK,59,"(3, 42)",False,0,False,820
43,0.0,True,0.0,0.23537677184440767,0.5148567867852859,802,0,802.0,43,1,9,"(2, 20)",0,0.05128205128205128,90.22222222222223,42.888888888888886,trust_fused,43,ATTACK,65,"(25, 38)",False,1,False,820
69,0.0,True,0.0,0.5124706003170673,0.5451407181239504,800,0,800.0,47,3,9,"(25, 2)",0,0.05318138651471985,89.0,46.0,trust_fused,47,ATTACK,73,"(25, 27)",False,2,False,820
0,0.0,True,0.0,0.9,0.9,803,0,803.0,34,3,10,"(3, 8)",0,0.028708133971291867,82.3,33.8,trust_fused,34,ATTACK,61,"(4, 41)",False,0,False,825
43,0.0,True,0.0,0.23537677184440767,0.5148567867852859,807,0,807.0,44,1,9,"(2, 20)",0,0.055977229601518026,90.22222222222223,42.888888888888886,trust_fused,44,ATTACK,66,"(24, 34)",False,1,False,825
65,0.0,True,0.0,0.5124706003170673,0.5451407181239504,805,0,805.0,49,3,9,"(25, 2)",0,0.04933586337760911,89.0,46.0,trust_fused,49,ATTACK,76,"(25, 22)",False,2,False,825
0,0.0,True,0.0,0.9,0.9,808,0,808.0,34,3,10,"(3, 8)",0,0.028680688336520075,82.3,33.8,trust_fused,34,ATTACK,61,"(9, 41)",False,0,False,830
43,0.0,True,0.0,0.23537677184440767,0.5148567867852859,812,0,812.0,44,1,9,"(2, 20)",0,0.058767772511848344,90.22222222222223,42.888888888888886,trust_fused,44,ATTACK,66,"(21, 32)",False,1,False,830
64,0.0,True,0.0,0.5124706003170673,0.5451407181239504,810,0,810.0,50,3,9,"(25, 2)",0,0.04928909952606635,89.0,46.0,trust_fused,50,ATTACK,77,"(30, 22)",False,2,False,830
0,0.0,True,0.0,0.9,0.9,813,0,813.0,34,3,10,"(3, 8)",0,0.02581261950286807,82.3,33.8,trust_fused,34,ATTACK,61,"(12, 39)",False,0,False,835
43,0.0,True,0.0,0.23537677184440767,0.5148567867852859,817,0,817.0,44,1,9,"(2, 20)",0,0.055924170616113746,90.22222222222223,42.888888888888886,trust_fused,44,ATTACK,66,"(17, 31)",False,1,False,835
64,0.0,True,0.0,0.5124706003170673,0.5451407181239504,815,0,815.0,51,3,9,"(25, 2)",0,0.046445497630331754,89.0,46.0,trust_fused,51,ATTACK,78,"(29, 22)",False,2,False,835
0,0.0,True,0.0,0.9,0.9,818,0,818.0,34,3,10,"(3, 8)",0,0.020309477756286266,82.3,33.8,trust_fused,34,ATTACK,61,"(12, 34)",False,0,False,840
43,0.0,True,0.0,0.2953133948667366,0.5869080427045613,822,0,822.0,44,1,9,"(2, 20)",0,0.05081495685522531,90.22222222222223,42.888888888888886,trust_fused,44,ATTACK,66,"(12, 31)",False,1,False,840
64,0.0,True,0.0,0.5124706003170673,0.5451407181239504,820,0,820.0,52,3,9,"(25, 2)",0,0.04218600191754554,89.0,46.0,trust_fused,52,ATTACK,79,"(25, 23)",False,2,False,840
0,0.0,True,0.0,0.9,0.9,823,0,823.0,34,3,10,"(3, 8)",0,0.017208413001912046,82.3,33.8,trust_fused,34,ATTACK,61,"(12, 29)",False,0,False,845
43,0.0,True,0.0,0.37523046759285816,0.6832272113790958,827,0,827.0,44,1,9,"(2, 20)",0,0.04739336492890995,90.22222222222223,42.888888888888886,trust_fused,44,ATTACK,66,"(11, 27)",False,1,False,845
64,0.0,True,0.0,0.5124706003170673,0.5451407181239504,825,0,825.0,52,3,9,"(25, 2)",0,0.03981042654028436,89.0,46.0,trust_fused,52,ATTACK,79,"(22, 25)",False,2,False,845
0,0.0,True,0.0,0.9,0.9,828,0,828.0,34,3,10,"(3, 8)",0,0.011049723756906077,82.3,33.8,trust_fused,34,ATTACK,62,"(13, 25)",False,0,False,850
41,0.0,True,0.0,0.45611388154356525,0.7609514867927952,832,0,832.0,44,1,9,"(2, 20)",0,0.0384263494967978,90.22222222222223,42.888888888888886,trust_fused,44,ATTACK,67,"(6, 27)",False,1,False,850
64,0.0,True,0.0,0.5214635514867325,0.5911233180814348,830,0,830.0,52,3,9,"(25, 2)",0,0.03110704483074108,89.0,46.0,trust_fused,52,ATTACK,80,"(18, 24)",False,2,False,850
0,0.0,True,0.0,0.9,0.9,833,0,833.0,34,3,10,"(3, 8)",0,0.007207207207207207,82.3,33.8,trust_fused,34,ATTACK,62,"(13, 20)",False,0,False,855
48,0.0,True,0.0,0.4873120062351552,0.780338697150698,837,0,837.0,44,1,9,"(2, 20)",0,0.04035874439461883,90.22222222222223,42.888888888888886,trust_fused,44,ATTACK,67,"(3, 25)",False,1,False,855
71,0.0,True,0.0,0.5500211599548566,0.6788037228082711,835,0,835.0,52,3,9,"(25, 2)",0,0.034080717488789235,89.0,46.0,trust_fused,52,ATTACK,80,"(18, 19)",False,2,False,855
0,0.0,True,0.0,0.9,0.9,838,0,838.0,34,3,10,"(3, 8)",0,0.0071174377224199285,82.3,33.8,trust_fused,34,ATTACK,62,"(14, 16)",False,0,False,860
43,0.0,True,0.0,0.5022780570720472,0.7866330229729948,842,0,842.0,44,1,9,"(2, 20)",0,0.03558718861209965,90.22222222222223,42.888888888888886,trust_fused,44,ATTACK,67,"(2, 21)",False,1,False,860
64,0.0,True,0.0,0.589051710361509,0.7475868064050462,840,0,840.0,52,3,9,"(25, 2)",0,0.029359430604982206,89.0,46.0,trust_fused,52,ATTACK,80,"(18, 14)",False,2,False,860
0,0.0,True,0.0,0.9,0.9,843,0,843.0,34,3,10,"(3, 8)",0,0.0071174377224199285,82.3,33.8,trust_fused,34,ATTACK,62,"(13, 12)",False,0,False,865
43,0.0,True,0.0,0.5022780570720472,0.7866330229729948,846,0,846.0,45,1,9,"(2, 41)",0,0.03558718861209965,90.22222222222223,42.888888888888886,trust_fused,45,ATTACK,68,"(2, 23)",False,1,False,865
64,0.0,True,0.0,0.6324179560047799,0.7983928364562937,845,0,845.0,52,3,9,"(25, 2)",0,0.029359430604982206,89.0,46.0,trust_fused,52,ATTACK,80,"(18, 9)",False,2,False,865
0,0.0,True,0.0,0.9,0.9,848,0,848.0,34,3,10,"(3, 8)",0,0.0071174377224199285,82.3,33.8,trust_fused,34,ATTACK,62,"(12, 8)",False,0,False,870
43,0.0,True,0.0,0.5022780570720472,0.7866330229729948,851,0,851.0,45,1,9,"(2, 41)",0,0.03291814946619217,90.22222222222223,42.888888888888886,trust_fused,45,ATTACK,68,"(3, 27)",False,1,False,870
58,0.0,True,0.0,0.6494756266675327,0.6494756266675327,850,0,850.0,52,3,9,"(25, 2)",0,0.02491103202846975,89.0,46.0,trust_fused,52,ATTACK,82,"(23, 9)",False,2,False,870
0,0.0,True,0.0,0.9,0.9,853,0,853.0,34,3,10,"(3, 8)",0,0.007048458149779736,82.3,33.8,trust_fused,34,ATTACK,63,"(7, 8)",False,0,False,875
43,0.0,True,0.0,0.5167529618193522,0.7917761520181466,856,0,856.0,45,1,9,"(2, 41)",0,0.007929515418502203,90.22222222222223,42.888888888888886,trust_fused,45,ATTACK,69,"(3, 32)",False,1,False,875
25,0.0,False,0.0,0.28857906664687333,0.28857906664687333,855,0,855.0,52,3,9,"(25, 2)",0,0.007048458149779736,89.0,46.0,trust_fused,52,ATTACK,85,"(25, 6)",False,2,False,875
0,0.0,True,0.0,0.9,0.9,857,0,857.0,35,3,10,"(33, 8)",0,0.007029876977152899,82.3,33.8,trust_fused,35,ATTACK,64,"(3, 8)",False,0,False,880
43,0.0,True,0.0,0.5831827330015042,0.8220685304605979,861,0,861.0,45,1,9,"(2, 41)",0,0.014938488576449912,90.22222222222223,42.888888888888886,trust_fused,45,ATTACK,69,"(3, 37)",False,1,False,880
25,0.0,False,0.0,0.28857906664687333,0.28857906664687333,859,0,859.0,53,3,9,"(33, 50)",0,0.007029876977152899,89.0,46.0,trust_fused,53,ATTACK,86,"(25, 2)",False,2,False,880
0,0.0,True,0.0,0.9,0.9,862,0,862.0,35,3,10,"(33, 8)",0,0.007029876977152899,82.3,33.8,trust_fused,35,ATTACK,64,"(8, 8)",False,0,False,885
43,0.0,True,0.0,0.6412318982951953,0.8498765836792629,866,0,866.0,45,1,9,"(2, 41)",0,0.01054481546572935,90.22222222222223,42.888888888888886,trust_fused,45,ATTACK,69,"(2, 41)",False,1,False,885
25,0.0,False,0.0,0.28857906664687333,0.28857906664687333,864,0,864.0,53,3,9,"(33, 50)",0,0.007029876977152899,89.0,46.0,trust_fused,53,ATTACK,86,"(25, 7)",False,2,False,885
0,0.0,True,0.0,0.9,0.9,867,0,867.0,35,3,10,"(33, 8)",0,0.007029876977152899,82.3,33.8,trust_fused,35,ATTACK,64,"(13, 8)",False,0,False,890
51,0.0,True,0.0,0.6626186780681131,0.8626198882933707,870,0,870.0,46,1,10,"(15, 2)",0,0.015817223198594025,88.6,41.0,trust_fused,46,ATTACK,70,"(4, 39)",False,1,False,890
33,0.0,False,0.0,0.28857906664687333,0.28857906664687333,869,0,869.0,53,3,9,"(33, 50)",0,0.007029876977152899,89.0,46.0,trust_fused,53,ATTACK,86,"(22, 9)",False,2,False,890
0,0.0,True,0.0,0.9,0.9,872,0,872.0,35,3,10,"(33, 8)",0,0.007017543859649123,82.3,33.8,trust_fused,35,ATTACK,64,"(17, 9)",False,0,False,895
51,0.0,True,0.0,0.6828112405963964,0.8719999108415047,875,0,875.0,46,1,10,"(15, 2)",0,0.018421052631578946,88.6,41.0,trust_fused,46,ATTACK,70,"(5, 35)",False,1,False,895
33,0.0,False,0.0,0.2961759066592934,0.37007841634936,874,0,874.0,53,3,9,"(33, 50)",0,0.007017543859649123,89.0,46.0,trust_fused,53,ATTACK,86,"(19, 11)",False,2,False,895
0,0.0,True,0.0,0.9,0.9,877,0,877.0,36,3,10,"(33, 8)",0,0.05991189427312775,82.3,33.8,trust_fused,36,ATTACK,65,"(22, 9)",False,0,False,900
48,0.0,True,0.0,0.6924637176505306,0.87586078167908,880,0,880.0,47,1,10,"(15, 2)",0,0.05369718309859155,88.6,41.0,trust_fused,47,ATTACK,71,"(7, 32)",False,1,False,900
20,0.0,True,0.0,0.33232646055721016,0.5007620902340001,879,0,879.0,54,3,9,"(33, 50)",0,0.0528169014084507,89.0,46.0,trust_fused,54,ATTACK,87,"(18, 15)",False,2,False,900
0,0.0,True,0.0,0.9,0.9,882,0,882.0,36,3,10,"(33, 8)",0,0.05897887323943662,82.3,33.8,trust_fused,36,ATTACK,65,"(26, 8)",False,0,False,905
20,0.0,True,0.0,0.6924637176505306,0.87586078167908,885,0,885.0,47,1,10,"(15, 2)",0,0.044854881266490766,88.6,41.0,trust_fused,47,ATTACK,71,"(9, 29)",False,1,False,905
20,0.0,True,0.0,0.3418139129953146,0.5220755093192994,884,0,884.0,54,3,9,"(33, 50)",0,0.04661389621811785,89.0,46.0,trust_fused,54,ATTACK,87,"(19, 19)",False,2,False,905
0,0.0,True,0.0,0.9,0.9,887,0,887.0,36,3,10,"(33, 8)",0,0.05897887323943662,82.3,33.8,trust_fused,36,ATTACK,65,"(31, 8)",False,0,False,910
20,0.0,True,0.0,0.6924637176505306,0.87586078167908,890,0,890.0,47,1,10,"(15, 2)",0,0.044854881266490766,88.6,41.0,trust_fused,47,ATTACK,71,"(12, 27)",False,1,False,910
20,0.0,True,0.0,0.3418139129953146,0.5220755093192994,889,0,889.0,54,3,9,"(33, 50)",0,0.04661389621811785,89.0,46.0,trust_fused,54,ATTACK,87,"(19, 24)",False,2,False,910
0,0.0,True,0.0,0.9,0.9,891,0,891.0,37,3,11,"(24, 45)",0,0.05545774647887324,83.0,33.72727272727273,trust_fused,37,ATTACK,66,"(31, 8)",False,0,False,915
20,0.0,True,0.0,0.6924637176505306,0.87586078167908,895,0,895.0,47,1,10,"(15, 2)",0,0.04221635883905013,88.6,41.0,trust_fused,47,ATTACK,71,"(13, 23)",False,1,False,915
20,0.0,True,0.0,0.3418139129953146,0.5220755093192994,894,0,894.0,54,3,9,"(33, 50)",0,0.04397537379067722,89.0,46.0,trust_fused,54,ATTACK,87,"(22, 26)",False,2,False,915
0,0.0,True,0.0,0.9,0.9,896,0,896.0,37,3,11,"(24, 45)",0,0.05369718309859155,83.0,33.72727272727273,trust_fused,37,ATTACK,66,"(29, 11)",False,0,False,920
20,0.0,True,0.0,0.6924637176505306,0.87586078167908,900,0,900.0,47,1,10,"(15, 2)",0,0.040457343887423045,88.6,41.0,trust_fused,47,ATTACK,71,"(15, 20)",False,1,False,920
20,0.0,True,0.0,0.3418139129953146,0.5220755093192994,899,0,899.0,54,3,9,"(33, 50)",0,0.04221635883905013,89.0,46.0,trust_fused,54,ATTACK,87,"(24, 29)",False,2,False,920
0,0.0,True,0.0,0.9,0.9,901,0,901.0,37,3,11,"(24, 45)",0,0.05017605633802817,83.0,33.72727272727273,trust_fused,37,ATTACK,67,"(27, 14)",False,0,False,925
20,0.0,True,0.0,0.7018138843862529,0.879467052364976,905,0,905.0,47,1,10,"(15, 2)",0,0.036939313984168866,88.6,41.0,trust_fused,47,ATTACK,72,"(15, 15)",False,1,False,925
20,0.0,True,0.0,0.3418139129953146,0.5220755093192994,904,0,904.0,54,3,9,"(33, 50)",0,0.0395778364116095,89.0,46.0,trust_fused,54,ATTACK,88,"(26, 32)",False,2,False,925
0,0.0,True,0.0,0.9,0.9,906,0,906.0,37,3,11,"(24, 45)",0,0.03873239436619718,83.0,33.72727272727273,trust_fused,37,ATTACK,67,"(27, 19)",False,0,False,930
19,0.0,True,0.0,0.7446220825424943,0.8980377725780139,910,0,910.0,47,1,10,"(15, 2)",0,0.03430079155672823,88.6,41.0,trust_fused,47,ATTACK,72,"(15, 10)",False,1,False,930
19,0.0,True,0.0,0.3418139129953146,0.5220755093192994,909,0,909.0,54,3,9,"(33, 50)",0,0.03605980650835532,89.0,46.0,trust_fused,54,ATTACK,88,"(26, 37)",False,2,False,930
0,0.0,True,0.0,0.9,0.9,911,0,911.0,37,3,11,"(24, 45)",0,0.035211267605633804,83.0,33.72727272727273,trust_fused,37,ATTACK,67,"(27, 24)",False,0,False,935
15,0.0,True,0.0,0.7600455023458531,0.9040820395502868,915,0,915.0,47,1,10,"(15, 2)",0,0.0316622691292876,88.6,41.0,trust_fused,47,ATTACK,72,"(15, 5)",False,1,False,935
15,0.0,True,0.0,0.3418139129953146,0.5220755093192994,914,0,914.0,54,3,9,"(33, 50)",0,0.03342128408091469,89.0,46.0,trust_fused,54,ATTACK,88,"(26, 42)",False,2,False,935
0,0.0,True,0.0,0.9,0.9,916,0,916.0,37,3,11,"(24, 45)",0,0.02912621359223301,83.0,33.72727272727273,trust_fused,37,ATTACK,67,"(27, 29)",False,0,False,940
15,0.0,True,0.0,0.7600455023458531,0.9040820395502868,919,0,919.0,48,1,10,"(21, 17)",0,0.03350970017636684,88.6,41.0,trust_fused,48,ATTACK,73,"(15, 3)",False,1,False,940
13,0.0,True,0.0,0.3418139129953146,0.5220755093192994,919,0,919.0,54,3,9,"(33, 50)",0,0.030864197530864196,89.0,46.0,trust_fused,54,ATTACK,88,"(26, 47)",False,2,False,940
0,0.0,True,0.0,0.9,0.9,921,0,921.0,37,3,11,"(24, 45)",0,0.02824360105913504,83.0,33.72727272727273,trust_fused,37,ATTACK,67,"(27, 34)",False,0,False,945
15,0.0,True,0.0,0.7600455023458531,0.9040820395502868,924,0,924.0,48,1,10,"(21, 17)",0,0.031746031746031744,88.6,41.0,trust_fused,48,ATTACK,73,"(16, 7)",False,1,False,945
13,0.0,True,0.0,0.3418139129953146,0.5220755093192994,924,0,924.0,54,3,9,"(33, 50)",0,0.030864197530864196,89.0,46.0,trust_fused,54,ATTACK,88,"(30, 48)",False,2,False,945
0,0.0,True,0.0,0.9,0.9,926,0,926.0,38,3,11,"(24, 45)",0,0.023767605633802816,83.0,33.72727272727273,trust_fused,38,ATTACK,68,"(26, 38)",False,0,False,950
15,0.0,True,0.0,0.7815496093611414,0.9140022610915753,929,0,929.0,48,1,10,"(21, 17)",0,0.030809859154929578,88.6,41.0,trust_fused,48,ATTACK,74,"(17, 11)",False,1,False,950
12,0.0,True,0.0,0.3418139129953146,0.5220755093192994,929,0,929.0,54,3,9,"(33, 50)",0,0.029049295774647887,89.0,46.0,trust_fused,54,ATTACK,89,"(33, 50)",False,2,False,950
0,0.0,True,0.0,0.9,0.9,931,0,931.0,38,3,11,"(24, 45)",0,0.020210896309314587,83.0,33.72727272727273,trust_fused,38,ATTACK,68,"(25, 42)",False,0,False,955
15,0.0,True,0.0,0.7815496093611414,0.9140022610915753,934,0,934.0,48,1,10,"(21, 17)",0,0.030755711775043937,88.6,41.0,trust_fused,48,ATTACK,74,"(17, 16)",False,1,False,955
11,0.0,True,0.0,0.3418139129953146,0.5220755093192994,933,0,933.0,55,3,10,"(33, 8)",0,0.028119507908611598,95.1,48.5,trust_fused,55,ATTACK,90,"(31, 48)",False,2,False,955
0,0.0,True,0.0,0.9,0.9,935,0,935.0,39,3,11,"(2, 20)",0,0.019332161687170474,83.0,33.72727272727273,trust_fused,39,ATTACK,69,"(24, 45)",False,0,False,960
11,0.0,True,0.0,0.8011707260841138,0.921423725428162,939,0,939.0,48,1,10,"(21, 17)",0,0.02899824253075571,88.6,41.0,trust_fused,48,ATTACK,74,"(21, 17)",False,1,False,960
7,0.0,True,0.0,0.3839180778292139,0.5960759131995094,938,0,938.0,55,3,10,"(33, 8)",0,0.027240773286467488,95.1,48.5,trust_fused,55,ATTACK,90,"(29, 45)",False,2,False,960
0,0.0,True,0.0,0.9,0.9,940,0,940.0,39,3,11,"(2, 20)",0,0.019281332164767746,83.0,33.72727272727273,trust_fused,39,ATTACK,69,"(25, 41)",False,0,False,965
16,0.0,True,0.0,0.8073177023454965,0.9241102513117672,943,0,943.0,49,1,11,"(2, 41)",0,0.03242769500438212,87.36363636363636,39.27272727272727,trust_fused,49,ATTACK,75,"(17, 17)",False,1,False,965
12,0.0,True,0.0,0.4432066347004043,0.6747925890935993,943,0,943.0,55,3,10,"(33, 8)",0,0.03155127081507449,95.1,48.5,trust_fused,55,ATTACK,90,"(28, 41)",False,2,False,965
0,0.0,True,0.0,0.9,0.9,945,0,945.0,39,3,11,"(2, 20)",0,0.01838879159369527,83.0,33.72727272727273,trust_fused,39,ATTACK,69,"(22, 39)",False,0,False,970
16,0.0,True,0.0,0.8073177023454965,0.9241102513117672,948,0,948.0,49,1,11,"(2, 41)",0,0.028896672504378284,87.36363636363636,39.27272727272727,trust_fused,49,ATTACK,75,"(14, 19)",False,1,False,970
12,0.0,True,0.0,0.5044936289430137,0.7355646960868475,948,0,948.0,55,3,10,"(33, 8)",0,0.0297723292469352,95.1,48.5,trust_fused,55,ATTACK,90,"(28, 36)",False,2,False,970
0,0.0,True,0.0,0.9,0.9,950,0,950.0,40,3,11,"(2, 20)",0,0.0148861646234676,83.0,33.72727272727273,trust_fused,40,ATTACK,70,"(18, 38)",False,0,False,975
15,0.0,True,0.0,0.8073177023454965,0.9241102513117672,953,0,953.0,50,1,11,"(2, 41)",0,0.025394045534150613,87.36363636363636,39.27272727272727,trust_fused,50,ATTACK,76,"(10, 20)",False,1,False,975
11,0.0,True,0.0,0.5624574037377233,0.7744797475062163,953,0,953.0,55,3,10,"(33, 8)",0,0.025394045534150613,95.1,48.5,trust_fused,55,ATTACK,91,"(28, 31)",False,2,False,975
0,0.0,True,0.0,0.9,0.9,955,0,955.0,40,3,11,"(2, 20)",0,0.013146362839614373,83.0,33.72727272727273,trust_fused,40,ATTACK,70,"(15, 36)",False,0,False,980
11,0.0,True,0.0,0.8073177023454965,0.9241102513117672,958,0,958.0,50,1,11,"(2, 41)",0,0.019281332164767746,87.36363636363636,39.27272727272727,trust_fused,50,ATTACK,76,"(8, 23)",False,1,False,980
7,0.0,True,0.0,0.6148325593845347,0.8050652043338463,958,0,958.0,55,3,10,"(33, 8)",0,0.018404907975460124,95.1,48.5,trust_fused,55,ATTACK,91,"(28, 26)",False,2,False,980
0,0.0,True,0.0,0.9,0.9,960,0,960.0,40,3,11,"(2, 20)",0,0.012269938650306749,83.0,33.72727272727273,trust_fused,40,ATTACK,70,"(14, 32)",False,0,False,985
11,0.0,True,0.0,0.8073177023454965,0.9241102513117672,963,0,963.0,50,1,11,"(2, 41)",0,0.016652059596844872,87.36363636363636,39.27272727272727,trust_fused,50,ATTACK,76,"(8, 28)",False,1,False,985
7,0.0,True,0.0,0.6615328412025958,0.8308600017039188,963,0,963.0,55,3,10,"(33, 8)",0,0.016652059596844872,95.1,48.5,trust_fused,55,ATTACK,91,"(28, 21)",False,2,False,985
0,0.0,True,0.0,0.9,0.9,965,0,965.0,40,3,11,"(2, 20)",0,0.010507880910683012,83.0,33.72727272727273,trust_fused,40,ATTACK,70,"(14, 27)",False,0,False,990
11,0.0,True,0.0,0.8247868198110518,0.9324642799519424,968,0,968.0,50,1,11,"(2, 41)",0,0.0148861646234676,87.36363636363636,39.27272727272727,trust_fused,50,ATTACK,76,"(5, 30)",False,1,False,990
4,0.0,True,0.0,0.689763339213025,0.7517994805127565,968,0,968.0,55,3,10,"(33, 8)",0,0.012259194395796848,95.1,48.5,trust_fused,55,ATTACK,91,"(28, 16)",False,2,False,990
0,0.0,True,0.0,0.9,0.9,970,0,970.0,40,3,11,"(2, 20)",0,0.01048951048951049,83.0,33.72727272727273,trust_fused,40,ATTACK,70,"(13, 23)",False,0,False,995
11,0.0,True,0.0,0.8247868198110518,0.9324642799519424,973,0,973.0,50,1,11,"(2, 41)",0,0.01486013986013986,87.36363636363636,39.27272727272727,trust_fused,50,ATTACK,76,"(5, 35)",False,1,False,995
2,0.0,True,0.0,0.6945856790578999,0.7205464931201315,973,0,973.0,55,3,10,"(33, 8)",0,0.01048951048951049,95.1,48.5,trust_fused,55,ATTACK,91,"(28, 11)",False,2,False,995
0,0.0,True,0.0,0.9,0.9,975,0,975.0,40,3,11,"(2, 20)",0,0.007874015748031496,83.0,33.72727272727273,trust_fused,40,ATTACK,71,"(11, 20)",False,0,False,1000
11,0.0,True,0.0,0.8247868198110518,0.9324642799519424,978,0,978.0,50,1,11,"(2, 41)",0,0.011373578302712161,87.36363636363636,39.27272727272727,trust_fused,50,ATTACK,77,"(4, 39)",False,1,False,1000
2,0.0,True,0.0,0.7050860301178785,0.7521935019246886,978,0,978.0,55,3,10,"(33, 8)",0,0.007874015748031496,95.1,48.5,trust_fused,55,ATTACK,92,"(30, 8)",False,2,False,1000
0,0.0,True,0.0,0.9,0.9,980,0,980.0,40,3,11,"(2, 20)",0,0.007874015748031496,83.0,33.72727272727273,trust_fused,40,ATTACK,71,"(6, 20)",False,0,False,1005
16,0.0,True,0.0,0.8247868198110518,0.9324642799519424,982,0,982.0,51,1,11,"(33, 50)",0,0.015748031496062992,87.36363636363636,39.27272727272727,trust_fused,51,ATTACK,78,"(2, 41)",False,1,False,1005
7,0.0,True,0.0,0.7179526038161306,0.790318671794457,982,0,982.0,56,3,10,"(33, 30)",0,0.008748906386701663,95.1,48.5,trust_fused,56,ATTACK,93,"(33, 9)",False,2,False,1005
0,0.0,True,0.0,0.9,0.9,984,0,984.0,41,3,12,"(15, 2)",0,0.007874015748031496,84.16666666666667,35.083333333333336,trust_fused,41,ATTACK,72,"(2, 20)",False,0,False,1010
16,0.0,True,0.0,0.8247868198110518,0.9324642799519424,987,0,987.0,51,1,11,"(33, 50)",0,0.015748031496062992,87.36363636363636,39.27272727272727,trust_fused,51,ATTACK,78,"(5, 43)",False,1,False,1010
7,0.0,True,0.0,0.7179526038161306,0.790318671794457,987,0,987.0,56,3,10,"(33, 30)",0,0.008748906386701663,95.1,48.5,trust_fused,56,ATTACK,93,"(31, 12)",False,2,False,1010
0,0.0,True,0.0,0.9,0.9,989,0,989.0,41,3,12,"(15, 2)",0,0.007874015748031496,84.16666666666667,35.083333333333336,trust_fused,41,ATTACK,72,"(7, 20)",False,0,False,1015
16,0.0,True,0.0,0.8247868198110518,0.9324642799519424,992,0,992.0,51,1,11,"(33, 50)",0,0.01399825021872266,87.36363636363636,39.27272727272727,trust_fused,51,ATTACK,78,"(7, 46)",False,1,False,1015
5,3.505773731173445,False,3.505773731173445,0.4609257531366215,0.4609257531366215,992,0,992.0,57,3,10,"(33, 30)",5,0.008748906386701663,95.1,48.5,trust_fused,57,ATTACK,94,"(29, 15)",True,2,True,1015
0,0.0,True,0.0,0.9,0.9,994,0,994.0,41,3,12,"(15, 2)",0,0.007874015748031496,84.16666666666667,35.083333333333336,trust_fused,41,ATTACK,72,"(12, 20)",False,0,False,1020
16,0.0,True,0.0,0.8302580489093533,0.9342114017770813,997,0,997.0,51,1,11,"(33, 50)",0,0.013123359580052493,87.36363636363636,39.27272727272727,trust_fused,51,ATTACK,78,"(12, 46)",False,1,False,1020
2,0.0,False,0.0,0.21672466026034531,0.21672466026034531,997,0,997.0,57,3,10,"(33, 30)",0,0.009623797025371828,95.1,48.5,trust_fused,57,ATTACK,94,"(30, 19)",False,2,False,1020
0,0.0,True,0.0,0.9,0.9,999,0,999.0,41,3,12,"(15, 2)",0,0.007874015748031496,84.16666666666667,35.083333333333336,trust_fused,41,ATTACK,73,"(15, 18)",False,0,False,1025
16,0.0,True,0.0,0.835541728329644,0.935931637315169,1002,0,1002.0,51,1,11,"(33, 50)",0,0.01399825021872266,87.36363636363636,39.27272727272727,trust_fused,51,ATTACK,79,"(14, 49)",False,1,False,1025
2,0.0,False,0.0,0.21672466026034531,0.21672466026034531,1002,0,1002.0,57,3,10,"(33, 30)",0,0.009623797025371828,95.1,48.5,trust_fused,57,ATTACK,95,"(29, 23)",False,2,False,1025
0,0.0,True,0.0,0.9,0.9,1004,0,1004.0,41,3,12,"(15, 2)",0,0.008748906386701663,84.16666666666667,35.083333333333336,trust_fused,41,ATTACK,73,"(15, 13)",False,0,False,1030
16,0.0,True,0.0,0.835541728329644,0.935931637315169,1007,0,1007.0,51,1,11,"(33, 50)",0,0.016622922134733157,87.36363636363636,39.27272727272727,trust_fused,51,ATTACK,79,"(19, 49)",False,1,False,1030
2,0.0,False,0.0,0.21672466026034531,0.21672466026034531,1007,0,1007.0,57,3,10,"(33, 30)",0,0.009623797025371828,95.1,48.5,trust_fused,57,ATTACK,95,"(29, 28)",False,2,False,1030
0,0.0,True,0.0,0.9,0.9,1009,0,1009.0,41,3,12,"(15, 2)",0,0.008748906386701663,84.16666666666667,35.083333333333336,trust_fused,41,ATTACK,73,"(15, 8)",False,0,False,1035
16,0.0,True,0.0,0.8593595541374575,0.9438843372685719,1012,0,1012.0,51,1,11,"(33, 50)",0,0.016622922134733157,87.36363636363636,39.27272727272727,trust_fused,51,ATTACK,79,"(24, 49)",False,1,False,1035
2,0.0,False,0.0,0.21672466026034531,0.21672466026034531,1012,0,1012.0,57,3,10,"(33, 30)",0,0.009623797025371828,95.1,48.5,trust_fused,57,ATTACK,95,"(32, 30)",False,2,False,1035
0,0.0,True,0.0,0.9,0.9,1014,0,1014.0,41,3,12,"(15, 2)",0,0.009649122807017544,84.16666666666667,35.083333333333336,trust_fused,41,ATTACK,73,"(15, 3)",False,0,False,1040
14,0.0,True,0.0,0.8795084394668843,0.9507962910630362,1017,0,1017.0,51,1,11,"(33, 50)",0,0.016666666666666666,87.36363636363636,39.27272727272727,trust_fused,51,ATTACK,79,"(29, 49)",False,1,False,1040
7,0.0,False,0.0,0.21672466026034531,0.21672466026034531,1016,0,1016.0,58,3,11,"(2, 41)",0,0.009649122807017544,94.27272727272727,47.09090909090909,trust_fused,58,ATTACK,96,"(30, 30)",False,2,False,1040
0,0.0,True,0.0,0.9,0.9,1018,0,1018.0,42,3,12,"(21, 17)",0,0.009649122807017544,84.16666666666667,35.083333333333336,trust_fused,42,ATTACK,74,"(15, 5)",False,0,False,1045
13,0.0,True,0.0,0.8831269681567693,0.9518790132645831,1022,0,1022.0,51,1,11,"(33, 50)",0,0.016666666666666666,87.36363636363636,39.27272727272727,trust_fused,51,ATTACK,79,"(33, 50)",False,1,False,1045
7,0.0,False,0.0,0.21672466026034531,0.21672466026034531,1021,0,1021.0,58,3,11,"(2, 41)",0,0.009649122807017544,94.27272727272727,47.09090909090909,trust_fused,58,ATTACK,96,"(28, 33)",False,2,False,1045
0,0.0,True,0.0,0.9,0.9,1023,0,1023.0,42,3,12,"(21, 17)",0,0.0456140350877193,84.16666666666667,35.083333333333336,trust_fused,42,ATTACK,75,"(17, 8)",False,0,False,1050
13,0.0,True,0.0,0.8831269681567693,0.9518790132645831,1026,0,1026.0,53,1,12,"(24, 45)",0,0.05526315789473684,87.16666666666667,39.416666666666664,trust_fused,53,ATTACK,81,"(29, 50)",False,1,False,1050
7,0.0,False,0.0,0.2214208402844863,0.26651553578212145,1026,0,1026.0,58,3,11,"(2, 41)",0,0.05175438596491228,94.27272727272727,47.09090909090909,trust_fused,58,ATTACK,97,"(27, 37)",False,2,False,1050
0,0.0,True,0.0,0.9,0.9,1028,0,1028.0,42,3,12,"(21, 17)",0,0.03859649122807018,84.16666666666667,35.083333333333336,trust_fused,42,ATTACK,75,"(17, 13)",False,0,False,1055
13,0.0,True,0.0,0.8831269681567693,0.9518790132645831,1031,0,1031.0,53,1,12,"(24, 45)",0,0.04736842105263158,87.16666666666667,39.416666666666664,trust_fused,53,ATTACK,81,"(26, 48)",False,1,False,1055
7,0.0,False,0.0,0.2214208402844863,0.26651553578212145,1031,0,1031.0,58,3,11,"(2, 41)",0,0.04736842105263158,94.27272727272727,47.09090909090909,trust_fused,58,ATTACK,97,"(25, 40)",False,2,False,1055
0,0.0,True,0.0,0.9,0.9,1033,0,1033.0,42,3,12,"(21, 17)",0,0.030755711775043937,84.16666666666667,35.083333333333336,trust_fused,42,ATTACK,75,"(18, 17)",False,0,False,1060
13,0.0,True,0.0,0.8831269681567693,0.9518790132645831,1036,0,1036.0,53,1,12,"(24, 45)",0,0.03954305799648506,87.16666666666667,39.416666666666664,trust_fused,53,ATTACK,81,"(24, 45)",False,1,False,1060
7,0.0,False,0.0,0.2214208402844863,0.26651553578212145,1036,0,1036.0,58,3,11,"(2, 41)",0,0.043936731107205626,94.27272727272727,47.09090909090909,trust_fused,58,ATTACK,97,"(20, 40)",False,2,False,1060
0,0.0,True,0.0,0.9,0.9,1037,0,1037.0,43,3,13,"(25, 2)",0,0.030755711775043937,81.84615384615384,34.07692307692308,trust_fused,43,ATTACK,76,"(22, 17)",False,0,False,1065
12,0.0,True,0.0,0.8831269681567693,0.9518790132645831,1040,0,1040.0,54,1,12,"(33, 8)",0,0.03866432337434095,87.16666666666667,39.416666666666664,trust_fused,54,ATTACK,82,"(26, 43)",False,1,False,1065
6,0.0,False,0.0,0.2214208402844863,0.26651553578212145,1041,0,1041.0,58,3,11,"(2, 41)",0,0.043936731107205626,94.27272727272727,47.09090909090909,trust_fused,58,ATTACK,97,"(16, 41)",False,2,False,1065
0,0.0,True,0.0,0.9,0.9,1042,0,1042.0,43,3,13,"(25, 2)",0,0.02894736842105263,81.84615384615384,34.07692307692308,trust_fused,43,ATTACK,76,"(25, 15)",False,0,False,1070
9,0.0,True,0.0,0.8831269681567693,0.9518790132645831,1045,0,1045.0,54,1,12,"(33, 8)",0,0.03333333333333333,87.16666666666667,39.416666666666664,trust_fused,54,ATTACK,82,"(28, 40)",False,1,False,1070
3,0.0,False,0.0,0.2214208402844863,0.26651553578212145,1046,0,1046.0,58,3,11,"(2, 41)",0,0.04298245614035088,94.27272727272727,47.09090909090909,trust_fused,58,ATTACK,97,"(11, 41)",False,2,False,1070
0,0.0,True,0.0,0.9,0.9,1047,0,1047.0,43,3,13,"(25, 2)",0,0.021052631578947368,81.84615384615384,34.07692307692308,trust_fused,43,ATTACK,77,"(25, 10)",False,0,False,1075
8,0.0,True,0.0,0.8831269681567693,0.9518790132645831,1050,0,1050.0,54,1,12,"(33, 8)",0,0.02894736842105263,87.16666666666667,39.416666666666664,trust_fused,54,ATTACK,83,"(28, 35)",False,1,False,1075
2,0.0,False,0.0,0.2214208402844863,0.26651553578212145,1051,0,1051.0,58,3,11,"(2, 41)",0,0.039473684210526314,94.27272727272727,47.09090909090909,trust_fused,58,ATTACK,98,"(6, 41)",False,2,False,1075
0,0.0,True,0.0,0.9,0.9,1052,0,1052.0,43,3,13,"(25, 2)",0,0.021052631578947368,81.84615384615384,34.07692307692308,trust_fused,43,ATTACK,77,"(25, 5)",False,0,False,1080
14,0.0,True,0.0,0.8831269681567693,0.9518790132645831,1055,0,1055.0,54,1,12,"(33, 8)",0,0.03333333333333333,87.16666666666667,39.416666666666664,trust_fused,54,ATTACK,83,"(29, 31)",False,1,False,1080
8,0.0,False,0.0,0.2214208402844863,0.26651553578212145,1055,0,1055.0,59,3,11,"(21, 17)",0,0.037719298245614034,94.27272727272727,47.09090909090909,trust_fused,59,ATTACK,99,"(2, 41)",False,2,False,1080
0,0.0,True,0.0,0.9,0.9,1056,0,1056.0,44,3,13,"(33, 30)",0,0.021052631578947368,81.84615384615384,34.07692307692308,trust_fused,44,ATTACK,78,"(25, 3)",False,0,False,1085
13,0.0,True,0.0,0.8831269681567693,0.9518790132645831,1060,0,1060.0,54,1,12,"(33, 8)",0,0.03245614035087719,87.16666666666667,39.416666666666664,trust_fused,54,ATTACK,83,"(29, 26)",False,1,False,1085
7,0.0,False,0.0,0.20038997437429,0.20038997437429,1060,0,1060.0,59,3,11,"(21, 17)",0,0.037719298245614034,94.27272727272727,47.09090909090909,trust_fused,59,ATTACK,99,"(7, 41)",False,2,False,1085
0,0.0,True,0.0,0.9,0.9,1061,0,1061.0,44,3,13,"(33, 30)",0,0.02017543859649123,81.84615384615384,34.07692307692308,trust_fused,44,ATTACK,78,"(25, 8)",False,0,False,1090
9,0.0,True,0.0,0.8965735389210897,0.9577727251227715,1065,0,1065.0,54,1,12,"(33, 8)",0,0.02894736842105263,87.16666666666667,39.416666666666664,trust_fused,54,ATTACK,83,"(29, 21)",False,1,False,1090
2,0.0,False,0.0,0.08948842233747469,0.08948842233747469,1065,0,1065.0,59,3,11,"(21, 17)",0,0.03684210526315789,94.27272727272727,47.09090909090909,trust_fused,59,ATTACK,99,"(12, 41)",False,2,False,1090
0,0.0,True,0.0,0.9,0.9,1066,0,1066.0,44,3,13,"(33, 30)",0,0.016666666666666666,81.84615384615384,34.07692307692308,trust_fused,44,ATTACK,78,"(25, 13)",False,0,False,1095
9,0.0,True,0.0,0.9086658716622817,0.9638472264423634,1070,0,1070.0,56,1,12,"(33, 8)",0,0.02368421052631579,87.16666666666667,39.416666666666664,trust_fused,56,ATTACK,85,"(29, 16)",False,1,False,1095
2,0.0,False,0.0,0.08948842233747469,0.08948842233747469,1070,0,1070.0,59,3,11,"(21, 17)",0,0.03070175438596491,94.27272727272727,47.09090909090909,trust_fused,59,ATTACK,99,"(15, 39)",False,2,False,1095
0,0.0,True,0.0,0.9,0.9,1071,0,1071.0,45,3,13,"(33, 30)",0,0.014912280701754385,81.84615384615384,34.07692307692308,trust_fused,45,ATTACK,79,"(25, 18)",False,0,False,1100
9,0.0,True,0.0,0.9170181317860598,0.9687086627993066,1075,0,1075.0,57,1,12,"(33, 8)",0,0.02017543859649123,87.16666666666667,39.416666666666664,trust_fused,57,ATTACK,86,"(31, 15)",False,1,False,1100
2,0.0,False,0.0,0.08948842233747469,0.08948842233747469,1075,0,1075.0,59,3,11,"(21, 17)",0,0.02631578947368421,94.27272727272727,47.09090909090909,trust_fused,59,ATTACK,100,"(19, 38)",False,2,False,1100
0,0.0,True,0.0,0.9,0.9,1076,0,1076.0,45,3,13,"(33, 30)",0,0.014912280701754385,81.84615384615384,34.07692307692308,trust_fused,45,ATTACK,79,"(26, 22)",False,0,False,1105
9,0.0,True,0.0,0.9247374367473469,0.9722392865540037,1080,0,1080.0,57,1,12,"(33, 8)",0,0.017543859649122806,87.16666666666667,39.416666666666664,trust_fused,57,ATTACK,86,"(28, 13)",False,1,False,1105
2,0.0,False,0.0,0.08948842233747469,0.08948842233747469,1080,0,1080.0,59,3,11,"(21, 17)",0,0.021052631578947368,94.27272727272727,47.09090909090909,trust_fused,59,ATTACK,100,"(19, 33)",False,2,False,1105
0,0.0,True,0.0,0.9,0.9,1081,0,1081.0,45,3,13,"(33, 30)",0,0.013157894736842105,81.84615384615384,34.07692307692308,trust_fused,45,ATTACK,79,"(26, 27)",False,0,False,1110
9,0.0,True,0.0,0.9361219798629378,0.9766293460982841,1085,0,1085.0,57,1,12,"(33, 8)",0,0.015789473684210527,87.16666666666667,39.416666666666664,trust_fused,57,ATTACK,86,"(28, 8)",False,1,False,1110
2,0.0,False,0.0,0.09355000731419638,0.1456486725700055,1085,0,1085.0,59,3,11,"(21, 17)",0,0.018421052631578946,94.27272727272727,47.09090909090909,trust_fused,59,ATTACK,100,"(19, 28)",False,2,False,1110
0,0.0,True,0.0,0.9,0.9,1086,0,1086.0,45,3,13,"(33, 30)",0,0.011403508771929825,81.84615384615384,34.07692307692308,trust_fused,45,ATTACK,79,"(28, 30)",False,0,False,1115
9,0.0,True,0.0,0.940175495168705,0.9779934711056048,1090,0,1090.0,57,1,12,"(33, 8)",0,0.014035087719298246,87.16666666666667,39.416666666666664,trust_fused,57,ATTACK,86,"(33, 8)",False,1,False,1115
2,0.0,False,0.0,0.12601394058591323,0.2863423706408655,1090,0,1090.0,59,3,11,"(21, 17)",0,0.016666666666666666,94.27272727272727,47.09090909090909,trust_fused,59,ATTACK,100,"(19, 23)",False,2,False,1115
0,0.0,True,0.0,0.9,0.9,1091,0,1091.0,45,3,13,"(33, 30)",0,0.011423550087873463,81.84615384615384,34.07692307692308,trust_fused,45,ATTACK,79,"(33, 30)",False,0,False,1120
24,12.202867071336883,True,12.202867071336883,0.940175495168705,0.9779934711056048,1094,0,1094.0,58,1,13,"(33, 50)",0,0.014059753954305799,85.84615384615384,40.61538461538461,trust_fused,58,ATTACK,87,"(32, 11)",False,1,False,1120
17,0.0,False,0.0,0.17769292874375361,0.3997611082852058,1095,0,1095.0,59,3,11,"(21, 17)",0,0.015817223198594025,94.27272727272727,47.09090909090909,trust_fused,59,ATTACK,100,"(19, 18)",False,2,False,1120
0,0.0,True,0.0,0.9,0.9,1095,0,1095.0,46,3,14,"(2, 41)",0,0.01054481546572935,80.07142857142857,34.285714285714285,trust_fused,46,ATTACK,81,"(29, 30)",False,0,False,1125
21,3.4681821694340584,True,3.4681821694340584,0.7401510266860488,0.7401510266860488,1099,0,1099.0,58,1,13,"(33, 50)",0,0.014938488576449912,85.84615384615384,40.61538461538461,trust_fused,58,ATTACK,88,"(28, 12)",False,1,False,1125
17,0.0,False,0.0,0.22961048919917615,0.4919693352849405,1099,0,1099.0,60,3,12,"(2, 41)",0,0.014059753954305799,93.66666666666667,46.833333333333336,trust_fused,60,ATTACK,102,"(20, 17)",False,2,False,1125
0,0.0,True,0.0,0.9,0.9,1100,0,1100.0,46,3,14,"(2, 41)",0,0.008787346221441126,80.07142857142857,34.285714285714285,trust_fused,46,ATTACK,81,"(27, 33)",False,0,False,1130
9,0.0,False,0.0,0.26453350928212044,0.28684433148991634,1104,0,1104.0,58,1,13,"(33, 50)",0,0.014938488576449912,85.84615384615384,40.61538461538461,trust_fused,58,ATTACK,90,"(28, 17)",False,1,False,1130
17,0.0,True,0.0,0.25737315806072586,0.5212716810033468,1104,0,1104.0,60,3,12,"(2, 41)",0,0.013181019332161687,93.66666666666667,46.833333333333336,trust_fused,60,ATTACK,102,"(18, 20)",False,2,False,1130
0,0.0,True,0.0,0.9,0.9,1105,0,1105.0,46,3,14,"(2, 41)",0,0.007908611599297012,80.07142857142857,34.285714285714285,trust_fused,46,ATTACK,81,"(22, 33)",False,0,False,1135
9,0.0,False,0.0,0.285556071253143,0.39694414167380715,1109,0,1109.0,58,1,13,"(33, 50)",0,0.014938488576449912,85.84615384615384,40.61538461538461,trust_fused,58,ATTACK,90,"(28, 22)",False,1,False,1135
17,0.0,True,0.0,0.2711039566540894,0.5319891299279957,1109,0,1109.0,60,3,12,"(2, 41)",0,0.013181019332161687,93.66666666666667,46.833333333333336,trust_fused,60,ATTACK,102,"(18, 25)",False,2,False,1135
0,0.0,True,0.0,0.9,0.9,1110,0,1110.0,46,3,14,"(2, 41)",0,0.007908611599297012,80.07142857142857,34.285714285714285,trust_fused,46,ATTACK,81,"(20, 36)",False,0,False,1140
9,0.0,False,0.0,0.3235147740210611,0.4861305724810587,1114,0,1114.0,58,1,13,"(33, 50)",0,0.014938488576449912,85.84615384615384,40.61538461538461,trust_fused,58,ATTACK,90,"(28, 27)",False,1,False,1140
17,0.0,True,0.0,0.341147875725505,0.6125735760770877,1114,0,1114.0,60,3,12,"(2, 41)",0,0.013181019332161687,93.66666666666667,46.833333333333336,trust_fused,60,ATTACK,102,"(18, 30)",False,2,False,1140
0,0.0,True,0.0,0.9,0.9,1115,0,1115.0,46,3,14,"(2, 41)",0,0.007908611599297012,80.07142857142857,34.285714285714285,trust_fused,46,ATTACK,81,"(15, 36)",False,0,False,1145
9,0.0,True,0.0,0.37191779430653604,0.567465475891641,1119,0,1119.0,58,1,13,"(33, 50)",0,0.015817223198594025,85.84615384615384,40.61538461538461,trust_fused,58,ATTACK,90,"(28, 32)",False,1,False,1145
17,0.0,True,0.0,0.4135093499657271,0.688650968867038,1119,0,1119.0,60,3,12,"(2, 41)",0,0.013181019332161687,93.66666666666667,46.833333333333336,trust_fused,60,ATTACK,102,"(18, 35)",False,2,False,1145
0,0.0,True,0.0,0.9,0.9,1120,0,1120.0,46,3,14,"(2, 41)",0,0.007908611599297012,80.07142857142857,34.285714285714285,trust_fused,46,ATTACK,82,"(13, 39)",False,0,False,1150
9,0.0,True,0.0,0.4248732842836114,0.6267374261257732,1124,0,1124.0,58,1,13,"(33, 50)",0,0.015817223198594025,85.84615384615384,40.61538461538461,trust_fused,58,ATTACK,91,"(28, 37)",False,1,False,1150
17,0.0,True,0.0,0.4848275501558595,0.751996991502168,1124,0,1124.0,61,3,12,"(2, 41)",0,0.013181019332161687,93.66666666666667,46.833333333333336,trust_fused,61,ATTACK,103,"(14, 36)",False,2,False,1150
0,0.0,True,0.0,0.9,0.9,1125,0,1125.0,46,3,14,"(2, 41)",0,0.007908611599297012,80.07142857142857,34.285714285714285,trust_fused,46,ATTACK,82,"(10, 41)",False,0,False,1155
13,0.0,True,0.0,0.4787137339282389,0.683301624636933,1129,0,1129.0,58,1,13,"(33, 50)",0,0.014059753954305799,85.84615384615384,40.61538461538461,trust_fused,58,ATTACK,91,"(27, 41)",False,1,False,1155
22,0.0,True,0.0,0.5532357647510475,0.8062375937799618,1129,0,1129.0,61,3,12,"(2, 41)",0,0.015817223198594025,93.66666666666667,46.833333333333336,trust_fused,61,ATTACK,103,"(12, 39)",False,2,False,1155
0,0.0,True,0.0,0.9,0.9,1130,0,1130.0,46,3,14,"(2, 41)",0,0.007908611599297012,80.07142857142857,34.285714285714285,trust_fused,46,ATTACK,82,"(5, 41)",False,0,False,1160
8,0.0,True,0.0,0.4787137339282389,0.683301624636933,1134,0,1134.0,58,1,13,"(33, 50)",0,0.009666080843585237,85.84615384615384,40.61538461538461,trust_fused,58,ATTACK,91,"(27, 46)",False,1,False,1160
22,0.0,True,0.0,0.6163304772096807,0.8470208095489693,1134,0,1134.0,61,3,12,"(2, 41)",0,0.015817223198594025,93.66666666666667,46.833333333333336,trust_fused,61,ATTACK,103,"(9, 41)",False,2,False,1160
0,0.0,True,0.0,0.9,0.9,1134,0,1134.0,47,3,14,"(21, 17)",0,0.007908611599297012,80.07142857142857,34.285714285714285,trust_fused,47,ATTACK,83,"(3, 41)",False,0,False,1165
8,0.0,True,0.0,0.4787137339282389,0.683301624636933,1139,0,1139.0,58,1,13,"(33, 50)",0,0.007908611599297012,85.84615384615384,40.61538461538461,trust_fused,58,ATTACK,91,"(29, 49)",False,1,False,1165
22,0.0,True,0.0,0.6733875532393312,0.8805834741269324,1139,0,1139.0,61,3,12,"(2, 41)",0,0.015817223198594025,93.66666666666667,46.833333333333336,trust_fused,61,ATTACK,103,"(4, 41)",False,2,False,1165
0,0.0,True,0.0,0.9,0.9,1138,0,1138.0,47,4,14,"(21, 17)",0,0.007023705004389816,80.07142857142857,34.285714285714285,trust_fused,47,ATTACK,83,"(7, 41)",False,0,False,1170
8,0.0,True,0.0,0.4787137339282389,0.683301624636933,1144,0,1144.0,58,1,13,"(33, 50)",0,0.007023705004389816,85.84615384615384,40.61538461538461,trust_fused,58,ATTACK,91,"(33, 50)",False,1,False,1170
22,0.0,True,0.0,0.7240655197723445,0.9082089010094253,1144,0,1144.0,63,3,12,"(2, 41)",0,0.014925373134328358,93.66666666666667,46.833333333333336,trust_fused,63,ATTACK,105,"(3, 41)",False,2,False,1170
0,0.0,True,0.0,0.9,0.9,1143,0,1143.0,47,4,14,"(21, 17)",0,0.007023705004389816,80.07142857142857,34.285714285714285,trust_fused,47,ATTACK,84,"(8, 37)",False,0,False,1175
8,0.0,True,0.0,0.4787137339282389,0.683301624636933,1148,0,1148.0,59,1,13,"(25, 2)",0,0.007023705004389816,85.84615384615384,40.61538461538461,trust_fused,59,ATTACK,93,"(29, 50)",False,1,False,1175
22,0.0,True,0.0,0.7687688240835683,0.9287053421996267,1148,0,1148.0,65,3,12,"(33, 8)",0,0.014925373134328358,93.66666666666667,46.833333333333336,trust_fused,65,ATTACK,107,"(5, 41)",False,2,False,1175
0,0.0,True,0.0,0.9,0.9,1148,0,1148.0,47,4,14,"(21, 17)",0,0.007029876977152899,80.07142857142857,34.285714285714285,trust_fused,47,ATTACK,84,"(12, 36)",False,0,False,1180
8,0.0,True,0.0,0.4787137339282389,0.683301624636933,1153,0,1153.0,59,1,13,"(25, 2)",0,0.007036059806508356,85.84615384615384,40.61538461538461,trust_fused,59,ATTACK,93,"(27, 47)",False,1,False,1180
22,0.0,True,0.0,0.8070955514571582,0.9437006478707078,1153,0,1153.0,65,3,12,"(33, 8)",0,0.0158311345646438,93.66666666666667,46.833333333333336,trust_fused,65,ATTACK,107,"(10, 41)",False,2,False,1180
0,0.0,True,0.0,0.9,0.9,1153,0,1153.0,47,4,14,"(21, 17)",0,0.007029876977152899,80.07142857142857,34.285714285714285,trust_fused,47,ATTACK,84,"(14, 33)",False,0,False,1185
8,0.0,True,0.0,0.4787137339282389,0.683301624636933,1158,0,1158.0,59,1,13,"(25, 2)",0,0.0079155672823219,85.84615384615384,40.61538461538461,trust_fused,59,ATTACK,93,"(28, 43)",False,1,False,1185
22,0.0,True,0.0,0.8396463856229444,0.9553426637997379,1158,0,1158.0,65,3,12,"(33, 8)",0,0.014951627088830254,93.66666666666667,46.833333333333336,trust_fused,65,ATTACK,107,"(13, 39)",False,2,False,1185
0,0.0,True,0.0,0.9,0.9,1158,0,1158.0,47,4,14,"(21, 17)",0,0.007029876977152899,80.07142857142857,34.285714285714285,trust_fused,47,ATTACK,84,"(18, 32)",False,0,False,1190
8,0.0,True,0.0,0.4787137339282389,0.683301624636933,1163,0,1163.0,59,1,13,"(25, 2)",0,0.0079155672823219,85.84615384615384,40.61538461538461,trust_fused,59,ATTACK,93,"(28, 38)",False,1,False,1190
22,0.0,True,0.0,0.867135376850593,0.9645053887792249,1163,0,1163.0,65,3,12,"(33, 8)",0,0.014951627088830254,93.66666666666667,46.833333333333336,trust_fused,65,ATTACK,107,"(14, 35)",False,2,False,1190
0,0.0,True,0.0,0.9,0.9,1163,0,1163.0,47,4,14,"(21, 17)",0,0.007029876977152899,80.07142857142857,34.285714285714285,trust_fused,47,ATTACK,84,"(18, 27)",False,0,False,1195
47,16.930394024366564,True,16.930394024366564,0.4787137339282389,0.683301624636933,1168,0,1168.0,60,1,13,"(25, 2)",0,0.02198768689533861,85.84615384615384,40.61538461538461,trust_fused,60,ATTACK,94,"(28, 33)",False,1,False,1195
49,3.575568395679852,True,3.575568395679852,0.8902059194553548,0.9716487687154395,1168,0,1168.0,66,3,12,"(33, 8)",49,0.04925241864555849,93.66666666666667,46.833333333333336,trust_fused,66,ATTACK,108,"(15, 31)",True,2,True,1195
0,0.0,True,0.0,0.9,0.9,1168,0,1168.0,47,4,14,"(21, 17)",0,0.07263064658990256,80.07142857142857,34.285714285714285,trust_fused,47,ATTACK,85,"(18, 22)",False,0,False,1200
44,16.636556750466767,True,16.636556750466767,0.5102284411210113,0.7079464283483964,1173,0,1173.0,60,1,13,"(25, 2)",0,0.08680248007085917,85.84615384615384,40.61538461538461,trust_fused,60,ATTACK,95,"(27, 29)",False,1,False,1200
47,4.620543089829809,True,4.620543089829809,0.9094482904708915,0.9773218542928611,1173,0,1173.0,66,3,12,"(33, 8)",47,0.10274579273693533,93.66666666666667,46.833333333333336,trust_fused,66,ATTACK,109,"(17, 28)",True,2,True,1200
0,0.0,True,0.0,0.9,0.9,1173,0,1173.0,47,4,14,"(21, 17)",0,0.06908768821966342,80.07142857142857,34.285714285714285,trust_fused,47,ATTACK,85,"(19, 18)",False,0,False,1205
38,11.762889583055475,True,11.762889583055475,0.520534153308764,0.7163426848760648,1178,0,1178.0,60,1,13,"(25, 2)",0,0.08237378210806023,85.84615384615384,40.61538461538461,trust_fused,60,ATTACK,95,"(27, 24)",False,1,False,1205
47,4.620543089829809,True,4.620543089829809,0.9254764914623453,0.9819559744510218,1178,0,1178.0,66,3,12,"(33, 8)",47,0.0983170947741364,93.66666666666667,46.833333333333336,trust_fused,66,ATTACK,109,"(17, 23)",True,2,True,1205
0,0.0,True,0.0,0.9,0.9,1177,0,1177.0,48,4,15,"(33, 50)",0,0.06554472984942426,80.6,35.0,trust_fused,48,ATTACK,86,"(20, 17)",False,0,False,1210
16,0.0,True,0.0,0.520534153308764,0.7163426848760648,1183,0,1183.0,60,1,13,"(25, 2)",0,0.070859167404783,85.84615384615384,40.61538461538461,trust_fused,60,ATTACK,95,"(27, 19)",False,1,False,1210
44,4.620543089829809,True,4.620543089829809,0.9387859029756412,0.9856048161276023,1183,0,1183.0,66,3,12,"(33, 8)",44,0.08680248007085917,93.66666666666667,46.833333333333336,trust_fused,66,ATTACK,109,"(17, 18)",True,2,True,1210
0,0.0,True,0.0,0.9,0.9,1182,0,1182.0,48,4,15,"(33, 50)",0,0.058355437665782495,80.6,35.0,trust_fused,48,ATTACK,86,"(19, 21)",False,0,False,1215
9,0.0,True,0.0,0.55179942470661,0.7495510285700644,1188,0,1188.0,60,1,13,"(25, 2)",0,0.05481874447391689,85.84615384615384,40.61538461538461,trust_fused,60,ATTACK,95,"(27, 14)",False,1,False,1215
44,4.620543089829809,True,4.620543089829809,0.9498592468071977,0.9890454719257419,1188,0,1188.0,66,3,12,"(33, 8)",44,0.07515473032714412,93.66666666666667,46.833333333333336,trust_fused,66,ATTACK,109,"(17, 13)",True,2,True,1215
0,0.0,True,0.0,0.9,0.9,1187,0,1187.0,48,4,15,"(33, 50)",0,0.05486725663716814,80.6,35.0,trust_fused,48,ATTACK,86,"(19, 26)",False,0,False,1220
9,0.0,True,0.0,0.55179942470661,0.7495510285700644,1193,0,1193.0,60,1,13,"(25, 2)",0,0.05305039787798409,85.84615384615384,40.61538461538461,trust_fused,60,ATTACK,95,"(27, 9)",False,1,False,1220
44,4.620543089829809,True,4.620543089829809,0.9555716614786633,0.9902496824260876,1193,0,1193.0,66,3,12,"(33, 8)",44,0.07964601769911504,93.66666666666667,46.833333333333336,trust_fused,66,ATTACK,109,"(19, 10)",True,2,True,1220
0,0.0,True,0.0,0.9,0.9,1192,0,1192.0,49,4,15,"(33, 50)",0,0.05462555066079295,80.6,35.0,trust_fused,49,ATTACK,87,"(19, 31)",False,0,False,1225
9,0.0,True,0.0,0.55179942470661,0.7495510285700644,1198,0,1198.0,60,1,13,"(25, 2)",0,0.05193661971830986,85.84615384615384,40.61538461538461,trust_fused,60,ATTACK,96,"(27, 4)",False,1,False,1225
44,0.0,True,0.0,0.9555716614786633,0.9902496824260876,1198,0,1198.0,66,3,12,"(33, 8)",0,0.07929515418502203,93.66666666666667,46.833333333333336,trust_fused,66,ATTACK,110,"(23, 9)",False,2,False,1225
0,0.0,True,0.0,0.9,0.9,1197,0,1197.0,50,4,15,"(33, 50)",0,0.05193661971830986,80.6,35.0,trust_fused,50,ATTACK,88,"(20, 35)",False,0,False,1230
24,0.0,True,0.0,0.55179942470661,0.7495510285700644,1202,0,1202.0,61,1,14,"(2, 41)",0,0.06420404573438875,87.85714285714286,41.92857142857143,trust_fused,61,ATTACK,97,"(25, 2)",False,1,False,1230
59,0.0,True,0.0,0.9555716614786633,0.9902496824260876,1203,0,1203.0,66,3,12,"(33, 8)",0,0.0897887323943662,93.66666666666667,46.833333333333336,trust_fused,66,ATTACK,110,"(28, 9)",False,2,False,1230
0,0.0,True,0.0,0.9,0.9,1202,0,1202.0,51,4,15,"(33, 50)",0,0.04929577464788732,80.6,35.0,trust_fused,51,ATTACK,89,"(21, 39)",False,0,False,1235
24,0.0,True,0.0,0.55179942470661,0.7495510285700644,1207,0,1207.0,62,1,14,"(2, 41)",0,0.06420404573438875,87.85714285714286,41.92857142857143,trust_fused,62,ATTACK,98,"(25, 7)",False,1,False,1235
59,0.0,True,0.0,0.9555716614786633,0.9902496824260876,1208,0,1208.0,66,3,12,"(33, 8)",0,0.08626760563380281,93.66666666666667,46.833333333333336,trust_fused,66,ATTACK,110,"(32, 8)",False,2,False,1235
0,0.0,True,0.0,0.9,0.9,1207,0,1207.0,51,4,15,"(33, 50)",0,0.04665492957746479,80.6,35.0,trust_fused,51,ATTACK,89,"(25, 40)",False,0,False,1240
24,0.0,True,0.0,0.55179942470661,0.7495510285700644,1212,0,1212.0,64,1,14,"(2, 41)",0,0.06508355321020229,87.85714285714286,41.92857142857143,trust_fused,64,ATTACK,100,"(26, 11)",False,1,False,1240
59,0.0,True,0.0,0.9555716614786633,0.9902496824260876,1212,0,1212.0,67,3,13,"(13, 50)",0,0.08450704225352113,95.15384615384616,48.23076923076923,trust_fused,67,ATTACK,111,"(30, 8)",False,2,False,1240
0,0.0,True,0.0,0.9,0.9,1212,0,1212.0,51,4,15,"(33, 50)",0,0.037852112676056336,80.6,35.0,trust_fused,51,ATTACK,89,"(26, 44)",False,0,False,1245
23,2.459916932758091,True,2.459916932758091,0.55179942470661,0.7495510285700644,1217,0,1217.0,65,1,14,"(2, 41)",23,0.05980650835532102,87.85714285714286,41.92857142857143,trust_fused,65,ATTACK,101,"(27, 15)",True,1,True,1245
59,0.0,True,0.0,0.9555716614786633,0.9902496824260876,1217,0,1217.0,67,3,13,"(13, 50)",0,0.07658450704225352,95.15384615384616,48.23076923076923,trust_fused,67,ATTACK,111,"(26, 9)",False,2,False,1245
0,0.0,True,0.0,0.9,0.9,1217,0,1217.0,51,4,15,"(33, 50)",0,0.03345070422535211,80.6,35.0,trust_fused,51,ATTACK,90,"(26, 49)",False,0,False,1250
23,0.0,True,0.0,0.55179942470661,0.7495510285700644,1222,0,1222.0,66,1,14,"(2, 41)",0,0.058927000879507474,87.85714285714286,41.92857142857143,trust_fused,66,ATTACK,102,"(28, 19)",False,1,False,1250
59,0.0,True,0.0,0.9555716614786633,0.9902496824260876,1222,0,1222.0,68,3,13,"(13, 50)",0,0.05721830985915493,95.15384615384616,48.23076923076923,trust_fused,68,ATTACK,112,"(21, 9)",False,2,False,1250
0,0.0,True,0.0,0.9,0.9,1222,0,1222.0,51,4,15,"(33, 50)",0,0.032570422535211266,80.6,35.0,trust_fused,51,ATTACK,90,"(30, 50)",False,0,False,1255
23,0.0,True,0.0,0.5720289745764674,0.7623615382074539,1227,0,1227.0,66,1,14,"(2, 41)",0,0.05804749340369393,87.85714285714286,41.92857142857143,trust_fused,66,ATTACK,102,"(28, 24)",False,1,False,1255
59,0.0,True,0.0,0.9555716614786633,0.9902496824260876,1227,0,1227.0,68,3,13,"(13, 50)",0,0.06426056338028169,95.15384615384616,48.23076923076923,trust_fused,68,ATTACK,112,"(18, 11)",False,2,False,1255
0,0.0,True,0.0,0.9,0.9,1226,0,1226.0,52,4,15,"(13, 50)",0,0.031746031746031744,80.6,35.0,trust_fused,52,ATTACK,91,"(32, 50)",False,0,False,1260
23,0.0,True,0.0,0.6192566507516974,0.7915938969125387,1232,0,1232.0,66,1,14,"(2, 41)",0,0.05814977973568282,87.85714285714286,41.92857142857143,trust_fused,66,ATTACK,102,"(28, 29)",False,1,False,1260
59,0.0,True,0.0,0.9589944347694348,0.9908223190895837,1232,0,1232.0,68,3,13,"(13, 50)",0,0.06966490299823633,95.15384615384616,48.23076923076923,trust_fused,68,ATTACK,112,"(18, 16)",False,2,False,1260
0,0.0,True,0.0,0.9,0.9,1231,0,1231.0,52,4,15,"(13, 50)",0,0.026455026455026454,80.6,35.0,trust_fused,52,ATTACK,91,"(28, 49)",False,0,False,1265
28,0.0,True,0.0,0.6619537379061374,0.8179472485587002,1237,0,1237.0,67,1,14,"(2, 41)",0,0.051982378854625554,87.85714285714286,41.92857142857143,trust_fused,67,ATTACK,103,"(27, 33)",False,1,False,1265
64,0.0,True,0.0,0.9663872684271413,0.992190315789903,1237,0,1237.0,68,3,13,"(13, 50)",0,0.06172839506172839,95.15384615384616,48.23076923076923,trust_fused,68,ATTACK,112,"(18, 21)",False,2,False,1265
0,0.0,True,0.0,0.9,0.9,1236,0,1236.0,52,4,15,"(13, 50)",0,0.025573192239858905,80.6,35.0,trust_fused,52,ATTACK,91,"(23, 49)",False,0,False,1270
28,0.0,True,0.0,0.7011313358995622,0.8449438393444383,1242,0,1242.0,67,1,14,"(2, 41)",0,0.05286343612334802,87.85714285714286,41.92857142857143,trust_fused,67,ATTACK,103,"(24, 35)",False,1,False,1270
59,0.0,True,0.0,0.8388397082754712,0.8558640971240838,1242,0,1242.0,68,3,13,"(13, 50)",0,0.06261022927689594,95.15384615384616,48.23076923076923,trust_fused,68,ATTACK,112,"(18, 26)",False,2,False,1270
0,0.0,True,0.0,0.9,0.9,1241,0,1241.0,52,4,15,"(13, 50)",0,0.025573192239858905,80.6,35.0,trust_fused,52,ATTACK,92,"(18, 49)",False,0,False,1275
28,0.0,True,0.0,0.7370070048860816,0.8691635834433997,1247,0,1247.0,68,1,14,"(2, 41)",0,0.05286343612334802,87.85714285714286,41.92857142857143,trust_fused,68,ATTACK,104,"(22, 38)",False,1,False,1275
59,0.0,True,0.0,0.8455451661476542,0.8757071047663684,1247,0,1247.0,69,3,13,"(13, 50)",0,0.06261022927689594,95.15384615384616,48.23076923076923,trust_fused,69,ATTACK,113,"(16, 29)",False,2,False,1275
0,0.0,True,0.0,0.9,0.9,1246,0,1246.0,52,4,15,"(13, 50)",0,0.02127659574468085,80.6,35.0,trust_fused,52,ATTACK,92,"(13, 49)",False,0,False,1280
28,0.0,True,0.0,0.7694984110496711,0.8870526887937705,1252,0,1252.0,68,1,14,"(2, 41)",0,0.048715677590788306,87.85714285714286,41.92857142857143,trust_fused,68,ATTACK,104,"(19, 40)",False,1,False,1280
59,0.0,True,0.0,0.848963533020915,0.8820590371767169,1252,0,1252.0,69,3,13,"(13, 50)",0,0.05851063829787234,95.15384615384616,48.23076923076923,trust_fused,69,ATTACK,113,"(13, 31)",False,2,False,1280
0,0.0,True,0.0,0.9,0.9,1250,0,1250.0,53,4,16,"(2, 41)",0,0.016843971631205674,80.125,34.25,trust_fused,53,ATTACK,93,"(12, 48)",False,0,False,1285
28,0.0,True,0.0,0.7984484616720577,0.903381584551212,1257,0,1257.0,70,1,14,"(2, 41)",0,0.04428697962798937,87.85714285714286,41.92857142857143,trust_fused,70,ATTACK,106,"(15, 41)",False,1,False,1285
59,0.0,True,0.0,0.8585825677731186,0.8970789901700048,1257,0,1257.0,70,3,13,"(13, 50)",0,0.054078014184397165,95.15384615384616,48.23076923076923,trust_fused,70,ATTACK,114,"(13, 36)",False,2,False,1285
0,0.0,True,0.0,0.9,0.9,1255,0,1255.0,53,4,16,"(2, 41)",0,0.015070921985815602,80.125,34.25,trust_fused,53,ATTACK,93,"(12, 43)",False,0,False,1290
28,0.0,True,0.0,0.8247094184877618,0.9222587632239136,1262,0,1262.0,71,1,14,"(2, 41)",0,0.042515500442869794,87.85714285714286,41.92857142857143,trust_fused,71,ATTACK,107,"(13, 44)",False,1,False,1290
59,0.0,True,0.0,0.8693741788081835,0.9130652912442324,1262,0,1262.0,71,3,13,"(13, 50)",0,0.05230496453900709,95.15384615384616,48.23076923076923,trust_fused,71,ATTACK,115,"(12, 40)",False,2,False,1290
0,0.0,True,0.0,0.9,0.9,1259,0,1259.0,54,5,16,"(2, 41)",0,0.013297872340425532,80.125,34.25,trust_fused,54,ATTACK,94,"(10, 41)",False,0,False,1295
28,0.0,True,0.0,0.8493132722386734,0.9398947774597614,1266,0,1266.0,71,2,14,"(2, 41)",0,0.03897254207263064,87.85714285714286,41.92857142857143,trust_fused,71,ATTACK,108,"(12, 41)",False,1,False,1295
59,0.0,True,0.0,0.8822133593130086,0.9332842338892829,1266,0,1266.0,73,4,13,"(13, 50)",0,0.04964539007092199,95.15384615384616,48.23076923076923,trust_fused,73,ATTACK,117,"(9, 41)",False,2,False,1295
0,0.0,True,0.0,0.9,0.9,1263,0,1263.0,54,6,16,"(2, 41)",0,0.01303538175046555,80.125,34.25,trust_fused,54,ATTACK,95,"(6, 41)",False,0,False,1300
28,0.0,True,0.0,0.8716783083433728,0.9527885567894047,1271,0,1271.0,73,2,14,"(2, 41)",0,0.03917910447761194,87.85714285714286,41.92857142857143,trust_fused,73,ATTACK,110,"(7, 41)",False,1,False,1300
59,0.0,True,0.0,0.8932452376076224,0.946057775403653,1270,1,1270.0,76,4,13,"(13, 50)",0,0.048507462686567165,95.15384615384616,48.23076923076923,trust_fused,76,ATTACK,121,"(9, 41)",False,2,False,1300
0,0.0,True,0.0,0.9,0.9,1268,0,1268.0,54,6,16,"(2, 41)",0,0.012104283054003724,80.125,34.25,trust_fused,54,ATTACK,95,"(3, 41)",False,0,False,1305
28,0.0,True,0.0,0.8915904393170453,0.9635488642076376,1275,0,1275.0,73,3,14,"(2, 41)",0,0.033582089552238806,87.85714285714286,41.92857142857143,trust_fused,73,ATTACK,110,"(4, 40)",False,1,False,1305
64,0.0,True,0.0,0.9069372453154642,0.9576773688394974,1275,1,1275.0,76,4,13,"(13, 50)",0,0.04757462686567164,95.15384615384616,48.23076923076923,trust_fused,76,ATTACK,121,"(12, 43)",False,2,False,1305
0,0.0,True,0.0,0.9,0.9,1271,0,1271.0,55,7,16,"(2, 50)",0,0.012104283054003724,80.125,34.25,trust_fused,55,ATTACK,96,"(3, 42)",False,0,False,1310
28,0.0,True,0.0,0.9024115054898871,0.9691532973387531,1280,0,1280.0,73,3,14,"(2, 41)",0,0.030783582089552237,87.85714285714286,41.92857142857143,trust_fused,73,ATTACK,110,"(4, 39)",False,1,False,1310
64,0.0,True,0.0,0.9194592985121124,0.9645794331994196,1280,1,1280.0,76,4,13,"(13, 50)",0,0.04757462686567164,95.15384615384616,48.23076923076923,trust_fused,76,ATTACK,121,"(13, 47)",False,2,False,1310
0,0.0,True,0.0,0.9,0.9,1276,0,1276.0,55,7,16,"(2, 50)",0,0.0111731843575419,80.125,34.25,trust_fused,55,ATTACK,96,"(3, 47)",False,0,False,1315
28,0.0,True,0.0,0.9186784600198337,0.9769903981510623,1284,0,1284.0,76,3,14,"(21, 17)",0,0.028917910447761194,87.85714285714286,41.92857142857143,trust_fused,76,ATTACK,113,"(2, 41)",False,1,False,1315
64,0.0,True,0.0,0.9284509007016946,0.9696085949689586,1284,1,1284.0,77,4,13,"(15, 2)",0,0.0457089552238806,95.15384615384616,48.23076923076923,trust_fused,77,ATTACK,122,"(13, 49)",False,2,False,1315
0,0.0,True,0.0,0.9,0.9,1280,0,1280.0,56,7,17,"(33, 8)",0,0.011583011583011582,77.6470588235294,33.0,trust_fused,56,ATTACK,97,"(2, 50)",False,0,False,1320
28,0.0,True,0.0,0.9325538869693143,0.981393798316163,1289,0,1289.0,76,3,14,"(21, 17)",0,0.029836381135707413,87.85714285714286,41.92857142857143,trust_fused,76,ATTACK,113,"(5, 41)",False,1,False,1320
64,0.0,True,0.0,0.9305482664332422,0.9703982153326463,1289,1,1289.0,77,4,13,"(15, 2)",0,0.04716073147256978,95.15384615384616,48.23076923076923,trust_fused,77,ATTACK,122,"(15, 46)",False,2,False,1320
0,0.0,True,0.0,0.9,0.9,1285,0,1285.0,57,7,17,"(33, 8)",0,0.011583011583011582,77.6470588235294,33.0,trust_fused,57,ATTACK,98,"(4, 47)",False,0,False,1325
28,0.0,True,0.0,0.9374094986918087,0.9826440684380757,1294,0,1294.0,76,3,14,"(21, 17)",0,0.028873917228103944,87.85714285714286,41.92857142857143,trust_fused,76,ATTACK,114,"(10, 41)",False,1,False,1325
64,0.5258386928840224,True,0.5258386928840224,0.9401072963650179,0.9741040917156107,1294,1,1294.0,77,4,13,"(15, 2)",64,0.04716073147256978,95.15384615384616,48.23076923076923,trust_fused,77,ATTACK,123,"(16, 42)",True,2,True,1325
0,0.0,True,0.0,0.9,0.9,1290,0,1290.0,57,7,17,"(33, 8)",0,0.011549566891241578,77.6470588235294,33.0,trust_fused,57,ATTACK,98,"(7, 45)",False,0,False,1330
28,0.0,True,0.0,0.9440333523032651,0.9843817189154084,1299,0,1299.0,76,3,14,"(21, 17)",0,0.02783109404990403,87.85714285714286,41.92857142857143,trust_fused,76,ATTACK,114,"(12, 38)",False,1,False,1330
64,0.5258386928840224,True,0.5258386928840224,0.9482096069213399,0.9769717566100459,1299,1,1299.0,77,4,13,"(15, 2)",64,0.04702495201535509,95.15384615384616,48.23076923076923,trust_fused,77,ATTACK,123,"(16, 37)",True,2,True,1330
0,0.0,True,0.0,0.9,0.9,1295,0,1295.0,57,7,17,"(33, 8)",0,0.011527377521613832,77.6470588235294,33.0,trust_fused,57,ATTACK,98,"(8, 41)",False,0,False,1335
28,0.0,True,0.0,0.9533890452345853,0.9860216693176325,1304,0,1304.0,76,3,14,"(21, 17)",0,0.027777777777777776,87.85714285714286,41.92857142857143,trust_fused,76,ATTACK,114,"(16, 37)",False,1,False,1335
64,0.5258386928840224,True,0.5258386928840224,0.9550700231359827,0.9794489182794214,1304,1,1304.0,77,4,13,"(15, 2)",64,0.045019157088122604,95.15384615384616,48.23076923076923,trust_fused,77,ATTACK,123,"(17, 33)",True,2,True,1335
0,0.0,True,0.0,0.9,0.9,1300,0,1300.0,57,7,17,"(33, 8)",0,0.011753183153770812,77.6470588235294,33.0,trust_fused,57,ATTACK,98,"(12, 40)",False,0,False,1340
28,0.0,True,0.0,0.9609775058247876,0.9874707562802302,1309,0,1309.0,76,3,14,"(21, 17)",0,0.028019323671497585,87.85714285714286,41.92857142857143,trust_fused,76,ATTACK,114,"(18, 34)",False,1,False,1340
64,0.5258386928840224,True,0.5258386928840224,0.9563132032567234,0.9799336255507978,1309,1,1309.0,77,4,13,"(15, 2)",64,0.04251207729468599,95.15384615384616,48.23076923076923,trust_fused,77,ATTACK,123,"(17, 28)",True,2,True,1340
0,0.0,True,0.0,0.9,0.9,1305,0,1305.0,57,7,17,"(33, 8)",0,0.011753183153770812,77.6470588235294,33.0,trust_fused,57,ATTACK,98,"(14, 37)",False,0,False,1345
29,0.0,True,0.0,0.8776872510263788,0.8776872510263788,1314,0,1314.0,76,3,14,"(21, 17)",0,0.028019323671497585,87.85714285714286,41.92857142857143,trust_fused,76,ATTACK,114,"(19, 30)",False,1,False,1345
65,0.0,False,0.0,0.3857196769612159,0.3857196769612159,1314,1,1314.0,77,4,13,"(15, 2)",0,0.04541062801932367,95.15384615384616,48.23076923076923,trust_fused,77,ATTACK,124,"(16, 24)",False,2,False,1345
0,0.0,True,0.0,0.9,0.9,1310,0,1310.0,57,7,17,"(33, 8)",0,0.0673828125,77.6470588235294,33.0,trust_fused,57,ATTACK,99,"(18, 36)",False,0,False,1350
26,0.0,True,0.0,0.8479463291894436,0.8479463291894436,1319,0,1319.0,76,3,14,"(21, 17)",0,0.0789980732177264,87.85714285714286,41.92857142857143,trust_fused,76,ATTACK,115,"(19, 25)",False,1,False,1350
64,0.0,False,0.0,0.29769063397838763,0.29769063397838763,1319,1,1319.0,77,4,13,"(15, 2)",0,0.10115606936416185,95.15384615384616,48.23076923076923,trust_fused,77,ATTACK,125,"(16, 19)",False,2,False,1350
0,0.0,True,0.0,0.9,0.9,1315,0,1315.0,57,7,17,"(33, 8)",0,0.0634765625,77.6470588235294,33.0,trust_fused,57,ATTACK,99,"(18, 31)",False,0,False,1355
23,0.0,True,0.0,0.8479463291894436,0.8479463291894436,1324,0,1324.0,76,3,14,"(21, 17)",0,0.07707129094412331,87.85714285714286,41.92857142857143,trust_fused,76,ATTACK,115,"(19, 20)",False,1,False,1355
64,0.0,False,0.0,0.29769063397838763,0.29769063397838763,1324,1,1324.0,77,4,13,"(15, 2)",0,0.09633911368015415,95.15384615384616,48.23076923076923,trust_fused,77,ATTACK,125,"(16, 14)",False,2,False,1355
0,0.0,True,0.0,0.9,0.9,1320,0,1320.0,57,7,17,"(33, 8)",0,0.05958291956305859,77.6470588235294,33.0,trust_fused,57,ATTACK,99,"(18, 26)",False,0,False,1360
23,0.0,True,0.0,0.8479463291894436,0.8479463291894436,1329,0,1329.0,76,3,14,"(21, 17)",0,0.07632093933463796,87.85714285714286,41.92857142857143,trust_fused,76,ATTACK,115,"(21, 17)",False,1,False,1360
59,0.0,False,0.0,0.29769063397838763,0.29769063397838763,1329,1,1329.0,77,4,13,"(15, 2)",0,0.0949119373776908,95.15384615384616,48.23076923076923,trust_fused,77,ATTACK,125,"(16, 9)",False,2,False,1360
0,0.0,True,0.0,0.9,0.9,1325,0,1325.0,57,7,17,"(33, 8)",0,0.05588235294117647,77.6470588235294,33.0,trust_fused,57,ATTACK,99,"(18, 21)",False,0,False,1365
23,0.0,True,0.0,0.8488467236315899,0.8603729738975762,1333,0,1333.0,77,3,15,"(13, 50)",0,0.07536231884057971,90.73333333333333,42.2,trust_fused,77,ATTACK,116,"(18, 18)",False,1,False,1365
59,0.0,False,0.0,0.29769063397838763,0.29769063397838763,1334,1,1334.0,77,4,13,"(15, 2)",0,0.09082125603864734,95.15384615384616,48.23076923076923,trust_fused,77,ATTACK,125,"(15, 5)",False,2,False,1365
0,0.0,True,0.0,0.9,0.9,1329,0,1329.0,57,8,17,"(33, 8)",0,0.05474095796676442,77.6470588235294,33.0,trust_fused,57,ATTACK,99,"(18, 17)",False,0,False,1370
23,0.0,True,0.0,0.8542267336528266,0.8871879748598378,1338,0,1338.0,79,3,15,"(13, 50)",0,0.07418111753371869,90.73333333333333,42.2,trust_fused,79,ATTACK,118,"(17, 18)",False,1,False,1370
59,0.0,False,0.0,0.29769063397838763,0.29769063397838763,1338,1,1338.0,78,4,14,"(2, 41)",0,0.0905587668593449,97.78571428571429,48.714285714285715,trust_fused,78,ATTACK,126,"(15, 3)",False,2,False,1370
0,0.0,True,0.0,0.9,0.9,1334,0,1334.0,58,8,17,"(33, 8)",0,0.05474095796676442,77.6470588235294,33.0,trust_fused,58,ATTACK,100,"(23, 17)",False,0,False,1375
22,0.0,True,0.0,0.865153285661424,0.9099849538760821,1343,0,1343.0,79,3,15,"(13, 50)",0,0.07418111753371869,90.73333333333333,42.2,trust_fused,79,ATTACK,119,"(17, 23)",False,1,False,1375
56,0.0,False,0.0,0.29769063397838763,0.29769063397838763,1343,1,1343.0,78,4,14,"(2, 41)",0,0.0905587668593449,97.78571428571429,48.714285714285715,trust_fused,78,ATTACK,127,"(16, 7)",False,2,False,1375
0,0.0,True,0.0,0.9,0.9,1339,0,1339.0,58,8,17,"(33, 8)",0,0.04682926829268293,77.6470588235294,33.0,trust_fused,58,ATTACK,100,"(28, 17)",False,0,False,1380
15,0.0,True,0.0,0.8771615090392639,0.9229412341980138,1348,0,1348.0,79,3,15,"(13, 50)",0,0.06346153846153846,90.73333333333333,42.2,trust_fused,79,ATTACK,119,"(17, 28)",False,1,False,1380
22,0.0,False,0.0,0.3043581245747361,0.36685237626522155,1348,1,1348.0,78,4,14,"(2, 41)",0,0.08076923076923077,97.78571428571429,48.714285714285715,trust_fused,78,ATTACK,127,"(17, 11)",False,2,False,1380
0,0.0,True,0.0,0.9,0.9,1344,0,1344.0,58,8,17,"(33, 8)",0,0.0448780487804878,77.6470588235294,33.0,trust_fused,58,ATTACK,100,"(28, 12)",False,0,False,1385
48,0.0,True,0.0,0.8850513881165523,0.9064374188162035,1353,0,1353.0,79,3,15,"(13, 50)",0,0.06442307692307692,90.73333333333333,42.2,trust_fused,79,ATTACK,119,"(17, 33)",False,1,False,1385
48,0.0,False,0.0,0.3273914730699204,0.36218704297961285,1353,1,1353.0,78,4,14,"(2, 41)",0,0.08076923076923077,97.78571428571429,48.714285714285715,trust_fused,78,ATTACK,129,"(17, 16)",False,2,False,1385
0,0.0,True,0.0,0.9,0.9,1349,0,1349.0,58,8,17,"(33, 8)",0,0.0448780487804878,77.6470588235294,33.0,trust_fused,58,ATTACK,100,"(29, 8)",False,0,False,1390
48,0.0,True,0.0,0.891791289268132,0.919557780672874,1358,0,1358.0,79,3,15,"(13, 50)",0,0.0625,90.73333333333333,42.2,trust_fused,79,ATTACK,119,"(17, 38)",False,1,False,1390
24,0.0,False,0.0,0.1750460978784798,0.1750460978784798,1358,1,1358.0,78,4,14,"(2, 41)",0,0.0798076923076923,97.78571428571429,48.714285714285715,trust_fused,78,ATTACK,133,"(17, 21)",False,2,False,1390
0,0.0,True,0.0,0.9,0.9,1353,0,1353.0,59,8,17,"(3, 8)",0,0.0448780487804878,77.6470588235294,33.0,trust_fused,59,ATTACK,101,"(33, 8)",False,0,False,1395
48,0.0,True,0.0,0.8948220719935582,0.9239166825755286,1363,0,1363.0,79,3,15,"(13, 50)",0,0.06153846153846154,90.73333333333333,42.2,trust_fused,79,ATTACK,119,"(15, 41)",False,1,False,1395
21,0.0,False,0.0,0.18729634759099267,0.2668541146868751,1363,1,1363.0,78,4,14,"(2, 41)",0,0.07211538461538461,97.78571428571429,48.714285714285715,trust_fused,78,ATTACK,133,"(17, 26)",False,2,False,1395
0,0.0,True,0.0,0.9,0.9,1358,0,1358.0,59,8,17,"(3, 8)",0,0.0448780487804878,77.6470588235294,33.0,trust_fused,59,ATTACK,102,"(28, 8)",False,0,False,1400
48,0.0,True,0.0,0.8948220719935582,0.9239166825755286,1368,0,1368.0,79,3,15,"(13, 50)",0,0.06057692307692308,90.73333333333333,42.2,trust_fused,79,ATTACK,120,"(13, 44)",False,1,False,1400
21,0.0,False,0.0,0.2194278744494745,0.36692296032903515,1368,1,1368.0,79,4,14,"(2, 41)",0,0.07115384615384615,97.78571428571429,48.714285714285715,trust_fused,79,ATTACK,134,"(15, 29)",False,2,False,1400
0,0.0,True,0.0,0.9,0.9,1363,0,1363.0,59,8,17,"(3, 8)",0,0.044790652385589096,77.6470588235294,33.0,trust_fused,59,ATTACK,102,"(24, 9)",False,0,False,1405
48,0.0,True,0.0,0.8948220719935582,0.9239166825755286,1373,0,1373.0,79,3,15,"(13, 50)",0,0.060460652591170824,90.73333333333333,42.2,trust_fused,79,ATTACK,120,"(13, 49)",False,1,False,1405
21,0.0,False,0.0,0.24503919987543993,0.414955039835968,1373,1,1373.0,79,4,14,"(2, 41)",0,0.07005758157389635,97.78571428571429,48.714285714285715,trust_fused,79,ATTACK,134,"(13, 32)",False,2,False,1405
0,0.0,True,0.0,0.9,0.9,1368,0,1368.0,59,8,17,"(3, 8)",0,0.043816942551119765,77.6470588235294,33.0,trust_fused,59,ATTACK,102,"(19, 9)",False,0,False,1410
48,0.0,True,0.0,0.8948220719935582,0.9239166825755286,1377,0,1377.0,80,3,15,"(2, 20)",0,0.05950095969289827,90.73333333333333,42.2,trust_fused,80,ATTACK,121,"(12, 48)",False,1,False,1410
21,0.0,False,0.0,0.2945353513329167,0.49108897949057423,1378,1,1378.0,79,4,14,"(2, 41)",0,0.0690978886756238,97.78571428571429,48.714285714285715,trust_fused,79,ATTACK,134,"(12, 36)",False,2,False,1410
0,0.0,True,0.0,0.9,0.9,1373,0,1373.0,59,8,17,"(3, 8)",0,0.04377431906614786,77.6470588235294,33.0,trust_fused,59,ATTACK,102,"(14, 9)",False,0,False,1415
48,0.0,True,0.0,0.8948220719935582,0.9239166825755286,1382,0,1382.0,80,3,15,"(2, 20)",0,0.059443911792905084,90.73333333333333,42.2,trust_fused,80,ATTACK,121,"(12, 43)",False,1,False,1415
21,0.0,False,0.0,0.2945353513329167,0.49108897949057423,1383,1,1383.0,79,4,14,"(2, 41)",0,0.06903163950143816,97.78571428571429,48.714285714285715,trust_fused,79,ATTACK,134,"(7, 36)",False,2,False,1415
0,0.0,True,0.0,0.9,0.9,1378,0,1378.0,59,8,17,"(3, 8)",0,0.04218600191754554,77.6470588235294,33.0,trust_fused,59,ATTACK,102,"(10, 8)",False,0,False,1420
68,0.09279380067341947,True,0.09279380067341947,0.8948220719935582,0.9239166825755286,1387,0,1387.0,80,3,15,"(2, 20)",0,0.07511737089201878,90.73333333333333,42.2,trust_fused,80,ATTACK,121,"(12, 38)",False,1,False,1420
28,0.0,False,0.0,0.29736794191787647,0.35118716303211256,1388,1,1388.0,79,4,14,"(2, 41)",0,0.06572769953051644,97.78571428571429,48.714285714285715,trust_fused,79,ATTACK,134,"(5, 39)",False,2,False,1420
0,0.0,True,0.0,0.9,0.9,1383,0,1383.0,59,8,17,"(3, 8)",0,0.04202483285577841,77.6470588235294,33.0,trust_fused,59,ATTACK,103,"(5, 8)",False,0,False,1425
68,0.0,True,0.0,0.8948220719935582,0.9239166825755286,1392,0,1392.0,81,3,15,"(2, 20)",0,0.07296538821328344,90.73333333333333,42.2,trust_fused,81,ATTACK,122,"(12, 33)",False,1,False,1425
28,0.0,False,0.0,0.29736794191787647,0.35118716303211256,1393,1,1393.0,79,4,14,"(2, 41)",0,0.0626753975678204,97.78571428571429,48.714285714285715,trust_fused,79,ATTACK,135,"(2, 41)",False,2,False,1425
0,0.0,True,0.0,0.9,0.9,1387,0,1387.0,60,8,18,"(2, 20)",0,0.04198473282442748,79.33333333333333,33.0,trust_fused,60,ATTACK,104,"(5, 8)",False,0,False,1430
68,0.0,True,0.0,0.8948220719935582,0.9239166825755286,1397,0,1397.0,81,3,15,"(2, 20)",0,0.07757009345794393,90.73333333333333,42.2,trust_fused,81,ATTACK,122,"(12, 28)",False,1,False,1430
28,0.0,False,0.0,0.29736794191787647,0.35118716303211256,1397,1,1397.0,80,4,14,"(21, 17)",0,0.06261682242990654,97.78571428571429,48.714285714285715,trust_fused,80,ATTACK,136,"(6, 41)",False,2,False,1430
0,0.0,True,0.0,0.9,0.9,1392,0,1392.0,60,8,18,"(2, 20)",0,0.04037558685446009,79.33333333333333,33.0,trust_fused,60,ATTACK,104,"(10, 8)",False,0,False,1435
52,0.0,False,0.0,0.2901694392088208,0.2901694392088208,1402,0,1402.0,82,3,15,"(2, 20)",0,0.0711645101663586,90.73333333333333,42.2,trust_fused,82,ATTACK,123,"(12, 23)",False,1,False,1435
28,0.0,False,0.0,0.29736794191787647,0.35118716303211256,1402,1,1402.0,80,4,14,"(21, 17)",0,0.05730129390018484,97.78571428571429,48.714285714285715,trust_fused,80,ATTACK,136,"(7, 37)",False,2,False,1435
0,0.0,True,0.0,0.9,0.9,1397,0,1397.0,60,8,18,"(2, 20)",0,0.03828623518687329,79.33333333333333,33.0,trust_fused,60,ATTACK,104,"(13, 10)",False,0,False,1440
39,0.0,False,0.0,0.18544230496852504,0.18544230496852504,1407,0,1407.0,82,3,15,"(2, 20)",0,0.056261343012704176,90.73333333333333,42.2,trust_fused,82,ATTACK,123,"(9, 21)",False,1,False,1440
26,0.0,False,0.0,0.2547388899924216,0.2547388899924216,1407,1,1407.0,80,4,14,"(21, 17)",0,0.047186932849364795,97.78571428571429,48.714285714285715,trust_fused,80,ATTACK,136,"(8, 33)",False,2,False,1440
0,0.0,True,0.0,0.9,0.9,1402,0,1402.0,60,8,18,"(2, 20)",0,0.03568242640499554,79.33333333333333,33.0,trust_fused,60,ATTACK,104,"(14, 14)",False,0,False,1445
39,0.0,False,0.0,0.18544230496852504,0.18544230496852504,1412,0,1412.0,82,3,15,"(2, 20)",0,0.056,90.73333333333333,42.2,trust_fused,82,ATTACK,123,"(4, 21)",False,1,False,1445
25,0.0,False,0.0,0.19574674699266734,0.19574674699266734,1412,1,1412.0,80,4,14,"(21, 17)",0,0.04533333333333334,97.78571428571429,48.714285714285715,trust_fused,80,ATTACK,136,"(12, 32)",False,2,False,1445
0,0.0,True,0.0,0.9,0.9,1407,0,1407.0,60,8,18,"(2, 20)",0,0.034728406055209264,79.33333333333333,33.0,trust_fused,60,ATTACK,105,"(14, 19)",False,0,False,1450
39,2.8822771058843486,False,2.8822771058843486,0.18544230496852504,0.18544230496852504,1416,0,1416.0,83,3,16,"(2, 41)",39,0.05944986690328305,90.5625,42.1875,trust_fused,83,ATTACK,125,"(2, 21)",True,1,True,1450
23,0.0,False,0.0,0.19574674699266734,0.19574674699266734,1417,1,1417.0,81,4,14,"(21, 17)",0,0.04525288376220053,97.78571428571429,48.714285714285715,trust_fused,81,ATTACK,137,"(14, 29)",False,2,False,1450
0,0.0,True,0.0,0.9,0.9,1412,0,1412.0,60,8,18,"(2, 20)",0,0.03445229681978799,79.33333333333333,33.0,trust_fused,60,ATTACK,105,"(10, 20)",False,0,False,1455
47,2.8435806477013514,False,2.8435806477013514,0.18662471467244976,0.20909049904701918,1421,0,1421.0,83,3,16,"(2, 41)",47,0.06073943661971831,90.5625,42.1875,trust_fused,83,ATTACK,125,"(4, 24)",True,1,True,1455
18,0.0,False,0.0,0.20915779048684088,0.31119002528738265,1422,1,1422.0,81,4,14,"(21, 17)",0,0.0448943661971831,97.78571428571429,48.714285714285715,trust_fused,81,ATTACK,137,"(16, 26)",False,2,False,1455
0,0.0,True,0.0,0.9,0.9,1417,0,1417.0,60,8,18,"(2, 20)",0,0.03430079155672823,79.33333333333333,33.0,trust_fused,60,ATTACK,105,"(5, 20)",False,0,False,1460
29,0.0,False,0.0,0.1996371485905781,0.22965486479789057,1426,0,1426.0,83,3,16,"(2, 41)",0,0.05004389815627744,90.5625,42.1875,trust_fused,83,ATTACK,129,"(4, 29)",False,1,False,1460
8,0.0,False,0.0,0.24762384259588505,0.4076210314843766,1427,1,1427.0,81,4,14,"(21, 17)",0,0.04481546572934974,97.78571428571429,48.714285714285715,trust_fused,81,ATTACK,137,"(18, 23)",False,2,False,1460
0,0.0,True,0.0,0.9,0.9,1421,0,1421.0,61,8,18,"(24, 45)",0,0.03427065026362039,79.33333333333333,33.0,trust_fused,61,ATTACK,106,"(2, 21)",False,0,False,1465
19,0.0,False,0.0,0.14751792263021657,0.14751792263021657,1431,0,1431.0,83,3,16,"(2, 41)",0,0.03511852502194908,90.5625,42.1875,trust_fused,83,ATTACK,131,"(4, 34)",False,1,False,1465
8,0.0,True,0.0,0.29813921341853955,0.5098237194298084,1432,1,1432.0,81,4,14,"(21, 17)",0,0.04481546572934974,97.78571428571429,48.714285714285715,trust_fused,81,ATTACK,137,"(18, 18)",False,2,False,1465
0,0.0,True,0.0,0.9,0.9,1426,0,1426.0,61,8,18,"(24, 45)",0,0.0351493848857645,79.33333333333333,33.0,trust_fused,61,ATTACK,106,"(6, 22)",False,0,False,1470
19,0.0,False,0.0,0.14751792263021657,0.14751792263021657,1436,0,1436.0,83,3,16,"(2, 41)",0,0.03950834064969271,90.5625,42.1875,trust_fused,83,ATTACK,131,"(4, 39)",False,1,False,1470
8,0.0,True,0.0,0.3562580628544353,0.5846989424696338,1436,1,1436.0,82,4,15,"(2, 20)",0,0.04481546572934974,98.0,48.4,trust_fused,82,ATTACK,138,"(21, 17)",False,2,False,1470
0,0.0,True,0.0,0.9,0.9,1431,0,1431.0,62,8,18,"(24, 45)",0,0.0351493848857645,79.33333333333333,33.0,trust_fused,62,ATTACK,107,"(10, 23)",False,0,False,1475
19,0.0,False,0.0,0.14751792263021657,0.14751792263021657,1440,0,1440.0,84,3,16,"(15, 2)",0,0.038630377524143986,90.5625,42.1875,trust_fused,84,ATTACK,133,"(2, 41)",False,1,False,1475
8,0.0,True,0.0,0.3683971256012012,0.5990393177897538,1441,1,1441.0,82,4,15,"(2, 20)",0,0.04481546572934974,98.0,48.4,trust_fused,82,ATTACK,139,"(16, 17)",False,2,False,1475
0,0.0,True,0.0,0.9,0.9,1436,0,1436.0,62,8,18,"(24, 45)",0,0.035211267605633804,79.33333333333333,33.0,trust_fused,62,ATTACK,107,"(13, 25)",False,0,False,1480
16,0.0,False,0.0,0.14751792263021657,0.14751792263021657,1445,0,1445.0,84,3,16,"(15, 2)",0,0.03869832893579595,90.5625,42.1875,trust_fused,84,ATTACK,133,"(5, 39)",False,1,False,1480
8,0.0,True,0.0,0.4305049075349993,0.6711766592291889,1446,1,1446.0,82,4,15,"(2, 20)",0,0.0448943661971831,98.0,48.4,trust_fused,82,ATTACK,139,"(14, 18)",False,2,False,1480
0,0.0,True,0.0,0.9,0.9,1441,0,1441.0,62,8,18,"(24, 45)",0,0.03433098591549296,79.33333333333333,33.0,trust_fused,62,ATTACK,107,"(18, 25)",False,0,False,1485
6,0.0,False,0.0,0.14751792263021657,0.14751792263021657,1450,0,1450.0,84,3,16,"(15, 2)",0,0.03605980650835532,90.5625,42.1875,trust_fused,84,ATTACK,133,"(5, 34)",False,1,False,1485
8,0.0,True,0.0,0.4947757275458641,0.7378386468609013,1451,1,1451.0,82,4,15,"(2, 20)",0,0.04401408450704225,98.0,48.4,trust_fused,82,ATTACK,139,"(11, 20)",False,2,False,1485
0,0.0,True,0.0,0.9,0.9,1446,0,1446.0,62,8,18,"(24, 45)",0,0.032570422535211266,79.33333333333333,33.0,trust_fused,62,ATTACK,107,"(19, 29)",False,0,False,1490
4,0.0,False,0.0,0.15462471430801086,0.22210778953743646,1455,0,1455.0,84,3,16,"(15, 2)",0,0.03518029903254178,90.5625,42.1875,trust_fused,84,ATTACK,133,"(5, 29)",False,1,False,1490
8,0.0,True,0.0,0.5560959642397332,0.7816176424080262,1456,1,1456.0,82,4,15,"(2, 20)",0,0.04401408450704225,98.0,48.4,trust_fused,82,ATTACK,139,"(6, 20)",False,2,False,1490
0,0.0,True,0.0,0.9,0.9,1451,0,1451.0,62,8,18,"(24, 45)",0,0.032570422535211266,79.33333333333333,33.0,trust_fused,62,ATTACK,107,"(19, 34)",False,0,False,1495
12,0.0,False,0.0,0.1876718585351361,0.3461540820088979,1460,0,1460.0,84,3,16,"(15, 2)",0,0.03518029903254178,90.5625,42.1875,trust_fused,84,ATTACK,133,"(5, 24)",False,1,False,1495
15,0.0,True,0.0,0.6068785363676663,0.7925324380397251,1460,1,1460.0,83,4,15,"(25, 2)",0,0.04401408450704225,98.0,48.4,trust_fused,83,ATTACK,140,"(2, 20)",False,2,False,1495
0,0.0,True,0.0,0.9,0.9,1456,0,1456.0,62,8,18,"(24, 45)",0,0.051121076233183856,79.33333333333333,33.0,trust_fused,62,ATTACK,108,"(19, 39)",False,0,False,1500
10,0.0,False,0.0,0.2261803206186856,0.4031281563804247,1464,1,1464.0,86,3,16,"(15, 2)",0,0.05614973262032086,90.5625,42.1875,trust_fused,86,ATTACK,135,"(7, 22)",False,1,False,1500
11,1.6168490455301168,True,1.6168490455301168,0.6068785363676663,0.7925324380397251,1465,1,1465.0,83,4,15,"(25, 2)",0,0.05829596412556054,98.0,48.4,trust_fused,83,ATTACK,141,"(7, 20)",False,2,False,1500
0,0.0,True,0.0,0.9,0.9,1461,0,1461.0,62,8,18,"(24, 45)",0,0.0484304932735426,79.33333333333333,33.0,trust_fused,62,ATTACK,108,"(23, 40)",False,0,False,1505
10,0.0,False,0.0,0.2261803206186856,0.4031281563804247,1464,6,1464.0,86,3,16,"(15, 2)",0,0.053475935828877004,90.5625,42.1875,trust_fused,86,ATTACK,140,"(7, 22)",False,1,False,1505
4,0.0,True,0.0,0.6068785363676663,0.7925324380397251,1470,1,1470.0,83,4,15,"(25, 2)",0,0.051121076233183856,98.0,48.4,trust_fused,83,ATTACK,141,"(12, 20)",False,2,False,1505
0,0.0,True,0.0,0.9,0.9,1466,0,1466.0,62,8,18,"(24, 45)",0,0.04830053667262969,79.33333333333333,33.0,trust_fused,62,ATTACK,108,"(25, 43)",False,0,False,1510
10,0.0,False,0.0,0.2261803206186856,0.4031281563804247,1464,11,1464.0,86,3,16,"(15, 2)",0,0.04715302491103203,90.5625,42.1875,trust_fused,86,ATTACK,145,"(7, 22)",False,1,False,1510
4,0.0,True,0.0,0.6068785363676663,0.7925324380397251,1475,1,1475.0,83,4,15,"(25, 2)",0,0.04382826475849732,98.0,48.4,trust_fused,83,ATTACK,141,"(14, 17)",False,2,False,1510
0,0.0,True,0.0,0.9,0.9,1470,0,1470.0,63,8,19,"(21, 17)",0,0.04825737265415549,79.6842105263158,33.89473684210526,trust_fused,63,ATTACK,109,"(25, 45)",False,0,False,1515
10,0.0,False,0.0,0.2261803206186856,0.4031281563804247,1464,16,1464.0,86,3,16,"(15, 2)",0,0.043555555555555556,90.5625,42.1875,trust_fused,86,ATTACK,150,"(7, 22)",False,1,False,1515
4,0.0,True,0.0,0.6068785363676663,0.7925324380397251,1480,1,1480.0,84,4,15,"(25, 2)",0,0.040214477211796246,98.0,48.4,trust_fused,84,ATTACK,142,"(14, 12)",False,2,False,1515
0,0.0,True,0.0,0.9,0.9,1475,0,1475.0,63,8,19,"(21, 17)",0,0.04825737265415549,79.6842105263158,33.89473684210526,trust_fused,63,ATTACK,109,"(25, 40)",False,0,False,1520
10,0.0,False,0.0,0.2261803206186856,0.4031281563804247,1464,21,1464.0,86,3,16,"(15, 2)",0,0.043555555555555556,90.5625,42.1875,trust_fused,86,ATTACK,155,"(7, 22)",False,1,False,1520
4,0.0,True,0.0,0.6068785363676663,0.7925324380397251,1485,1,1485.0,84,4,15,"(25, 2)",0,0.040214477211796246,98.0,48.4,trust_fused,84,ATTACK,142,"(19, 12)",False,2,False,1520
0,0.0,True,0.0,0.9,0.9,1480,0,1480.0,63,8,19,"(21, 17)",0,0.04736371760500447,79.6842105263158,33.89473684210526,trust_fused,63,ATTACK,110,"(21, 39)",False,0,False,1525
10,0.0,False,0.0,0.2261803206186856,0.4031281563804247,1464,26,1464.0,86,3,16,"(15, 2)",0,0.041777777777777775,90.5625,42.1875,trust_fused,86,ATTACK,160,"(7, 22)",False,1,False,1525
4,0.0,True,0.0,0.6068785363676663,0.7925324380397251,1490,1,1490.0,84,4,15,"(25, 2)",0,0.040214477211796246,98.0,48.4,trust_fused,84,ATTACK,143,"(21, 9)",False,2,False,1525
0,0.0,True,0.0,0.9,0.9,1485,0,1485.0,63,8,19,"(21, 17)",0,0.044682752457551385,79.6842105263158,33.89473684210526,trust_fused,63,ATTACK,110,"(20, 35)",False,0,False,1530
16,0.0,False,0.0,0.2261803206186856,0.4031281563804247,1464,31,1464.0,86,3,16,"(15, 2)",0,0.041777777777777775,90.5625,42.1875,trust_fused,86,ATTACK,165,"(7, 22)",False,1,False,1530
10,0.0,True,0.0,0.6068785363676663,0.7925324380397251,1495,1,1495.0,84,4,15,"(25, 2)",0,0.03932082216264522,98.0,48.4,trust_fused,84,ATTACK,143,"(25, 8)",False,2,False,1530
0,0.0,True,0.0,0.9,0.9,1490,0,1490.0,63,8,19,"(21, 17)",0,0.041108132260947276,79.6842105263158,33.89473684210526,trust_fused,63,ATTACK,110,"(20, 30)",False,0,False,1535
16,0.0,False,0.0,0.2261803206186856,0.4031281563804247,1464,36,1464.0,86,3,16,"(15, 2)",0,0.041777777777777775,90.5625,42.1875,trust_fused,86,ATTACK,170,"(7, 22)",False,1,False,1535
10,0.0,True,0.0,0.6068785363676663,0.7925324380397251,1500,1,1500.0,84,4,15,"(25, 2)",0,0.03753351206434316,98.0,48.4,trust_fused,84,ATTACK,143,"(25, 3)",False,2,False,1535
0,0.0,True,0.0,0.9,0.9,1495,0,1495.0,63,8,19,"(21, 17)",0,0.03507194244604316,79.6842105263158,33.89473684210526,trust_fused,63,ATTACK,110,"(20, 25)",False,0,False,1540
16,0.0,False,0.0,0.2261803206186856,0.4031281563804247,1464,41,1464.0,86,3,16,"(15, 2)",0,0.04203935599284436,90.5625,42.1875,trust_fused,86,ATTACK,175,"(7, 22)",False,1,False,1540
10,0.0,True,0.0,0.6068785363676663,0.7925324380397251,1504,1,1504.0,85,4,16,"(33, 50)",0,0.0341726618705036,96.0625,48.0,trust_fused,85,ATTACK,144,"(25, 5)",False,2,False,1540
0,0.0,True,0.0,0.9,0.9,1500,0,1500.0,63,8,19,"(21, 17)",0,0.03309481216457961,79.6842105263158,33.89473684210526,trust_fused,63,ATTACK,110,"(19, 21)",False,0,False,1545
12,0.0,False,0.0,0.2261803206186856,0.4031281563804247,1464,46,1464.0,86,3,16,"(15, 2)",0,0.04181494661921708,90.5625,42.1875,trust_fused,86,ATTACK,180,"(7, 22)",False,1,False,1545
10,0.0,True,0.0,0.6068785363676663,0.7925324380397251,1509,1,1509.0,85,4,16,"(33, 50)",0,0.03398926654740608,96.0625,48.0,trust_fused,85,ATTACK,144,"(28, 7)",False,2,False,1545
0,0.0,True,0.0,0.9,0.9,1505,0,1505.0,63,8,19,"(21, 17)",0,0.028622540250447227,79.6842105263158,33.89473684210526,trust_fused,63,ATTACK,111,"(20, 17)",False,0,False,1550
12,0.0,False,0.0,0.2261803206186856,0.4031281563804247,1464,51,1464.0,86,3,16,"(15, 2)",0,0.04181494661921708,90.5625,42.1875,trust_fused,86,ATTACK,185,"(7, 22)",False,1,False,1550
10,0.0,True,0.0,0.6068785363676663,0.7925324380397251,1514,1,1514.0,85,4,16,"(33, 50)",0,0.03130590339892665,96.0625,48.0,trust_fused,85,ATTACK,145,"(28, 12)",False,2,False,1550
0,0.0,True,0.0,0.9,0.9,1509,0,1509.0,64,8,19,"(15, 2)",0,0.026833631484794274,79.6842105263158,33.89473684210526,trust_fused,64,ATTACK,112,"(18, 17)",False,0,False,1555
12,0.0,False,0.0,0.2261803206186856,0.4031281563804247,1464,56,1464.0,86,3,16,"(15, 2)",0,0.037366548042704624,90.5625,42.1875,trust_fused,86,ATTACK,190,"(7, 22)",False,1,False,1555
10,0.0,True,0.0,0.6351398066704121,0.8107819074510428,1519,1,1519.0,85,4,16,"(33, 50)",0,0.03041144901610018,96.0625,48.0,trust_fused,85,ATTACK,145,"(29, 16)",False,2,False,1555
0,0.0,True,0.0,0.9,0.9,1514,0,1514.0,64,8,19,"(15, 2)",0,0.020054694621695533,79.6842105263158,33.89473684210526,trust_fused,64,ATTACK,112,"(16, 14)",False,0,False,1560
12,0.0,False,0.0,0.2261803206186856,0.4031281563804247,1464,61,1464.0,86,3,16,"(15, 2)",0,0.034420289855072464,90.5625,42.1875,trust_fused,86,ATTACK,195,"(7, 22)",False,1,False,1560
10,0.0,True,0.0,0.6351398066704121,0.8107819074510428,1524,1,1524.0,85,4,16,"(33, 50)",0,0.0292772186642269,96.0625,48.0,trust_fused,85,ATTACK,145,"(29, 21)",False,2,False,1560
0,0.0,True,0.0,0.9,0.9,1519,0,1519.0,64,8,19,"(15, 2)",0,0.01881720430107527,79.6842105263158,33.89473684210526,trust_fused,64,ATTACK,112,"(15, 10)",False,0,False,1565
18,0.0,False,0.0,0.2261803206186856,0.4031281563804247,1464,66,1464.0,86,3,16,"(15, 2)",0,0.03398926654740608,90.5625,42.1875,trust_fused,86,ATTACK,200,"(7, 22)",False,1,False,1565
16,0.0,True,0.0,0.6351398066704121,0.8107819074510428,1529,1,1529.0,85,4,16,"(33, 50)",0,0.0341726618705036,96.0625,48.0,trust_fused,85,ATTACK,145,"(29, 26)",False,2,False,1565
0,0.0,True,0.0,0.9,0.9,1524,0,1524.0,64,8,19,"(15, 2)",0,0.018800358102059087,79.6842105263158,33.89473684210526,trust_fused,64,ATTACK,112,"(15, 5)",False,0,False,1570
18,0.0,False,0.0,0.2261803206186856,0.4031281563804247,1464,71,1464.0,86,3,16,"(15, 2)",0,0.03398926654740608,90.5625,42.1875,trust_fused,86,ATTACK,205,"(7, 22)",False,1,False,1570
16,0.0,True,0.0,0.6700185280790723,0.830035851211361,1534,1,1534.0,85,4,16,"(33, 50)",0,0.034141958670260555,96.0625,48.0,trust_fused,85,ATTACK,145,"(29, 31)",False,2,False,1570
0,0.0,True,0.0,0.9,0.9,1528,0,1528.0,65,8,20,"(33, 30)",0,0.01675485008818342,78.7,33.3,trust_fused,65,ATTACK,114,"(15, 3)",False,0,False,1575
18,0.0,False,0.0,0.2261803206186856,0.4031281563804247,1464,76,1464.0,86,3,16,"(15, 2)",0,0.030973451327433628,90.5625,42.1875,trust_fused,86,ATTACK,210,"(7, 22)",False,1,False,1575
16,0.0,True,0.0,0.7092773712621586,0.8516704296769992,1539,1,1539.0,85,4,16,"(33, 50)",0,0.03008849557522124,96.0625,48.0,trust_fused,85,ATTACK,146,"(29, 36)",False,2,False,1575
0,0.0,True,0.0,0.9,0.9,1533,0,1533.0,65,8,20,"(33, 30)",0,0.0162748643761302,78.7,33.3,trust_fused,65,ATTACK,114,"(16, 7)",False,0,False,1580
18,0.0,False,0.0,0.2261803206186856,0.4031281563804247,1464,81,1464.0,86,3,16,"(15, 2)",0,0.029837251356238697,90.5625,42.1875,trust_fused,86,ATTACK,215,"(7, 22)",False,1,False,1580
16,0.0,True,0.0,0.7443712466113589,0.871715118029889,1544,1,1544.0,85,4,16,"(33, 50)",0,0.029837251356238697,96.0625,48.0,trust_fused,85,ATTACK,146,"(29, 41)",False,2,False,1580
0,0.0,True,0.0,0.9,0.9,1538,0,1538.0,65,8,20,"(33, 30)",0,0.0176522506619594,78.7,33.3,trust_fused,65,ATTACK,114,"(16, 12)",False,0,False,1585
18,0.0,False,0.0,0.2261803206186856,0.4031281563804247,1464,86,1464.0,86,3,16,"(15, 2)",0,0.02912621359223301,90.5625,42.1875,trust_fused,86,ATTACK,220,"(7, 22)",False,1,False,1585
16,0.0,True,0.0,0.7755127200177777,0.8880747599608267,1549,1,1549.0,85,4,16,"(33, 50)",0,0.02912621359223301,96.0625,48.0,trust_fused,85,ATTACK,146,"(29, 46)",False,2,False,1585
0,0.0,True,0.0,0.9,0.9,1543,0,1543.0,65,8,20,"(33, 30)",0,0.017528483786152498,78.7,33.3,trust_fused,65,ATTACK,114,"(16, 17)",False,0,False,1590
18,0.0,False,0.0,0.2261803206186856,0.4031281563804247,1464,91,1464.0,86,3,16,"(15, 2)",0,0.028921998247151623,90.5625,42.1875,trust_fused,86,ATTACK,225,"(7, 22)",False,1,False,1590
16,0.0,True,0.0,0.8028711377520835,0.9011280147695614,1554,1,1554.0,85,4,16,"(33, 50)",0,0.028921998247151623,96.0625,48.0,trust_fused,85,ATTACK,146,"(30, 50)",False,2,False,1590
0,0.0,True,0.0,0.9,0.9,1548,0,1548.0,65,8,20,"(33, 30)",0,0.017528483786152498,78.7,33.3,trust_fused,65,ATTACK,114,"(17, 21)",False,0,False,1595
13,0.0,False,0.0,0.2261803206186856,0.4031281563804247,1464,96,1464.0,86,3,16,"(15, 2)",0,0.028921998247151623,90.5625,42.1875,trust_fused,86,ATTACK,230,"(7, 22)",False,1,False,1595
16,0.0,True,0.0,0.8028711377520835,0.9011280147695614,1558,1,1558.0,86,4,16,"(33, 8)",0,0.028921998247151623,96.0625,48.0,trust_fused,86,ATTACK,147,"(33, 49)",False,2,False,1595
0,0.0,True,0.0,0.9,0.9,1553,0,1553.0,65,8,20,"(33, 30)",0,0.017528483786152498,78.7,33.3,trust_fused,65,ATTACK,115,"(19, 24)",False,0,False,1600
12,0.0,False,0.0,0.2261803206186856,0.4031281563804247,1464,101,1464.0,86,3,16,"(15, 2)",0,0.028921998247151623,90.5625,42.1875,trust_fused,86,ATTACK,235,"(7, 22)",False,1,False,1600
16,0.0,True,0.0,0.8028711377520835,0.9011280147695614,1563,1,1563.0,87,4,16,"(33, 8)",0,0.02716914986853637,96.0625,48.0,trust_fused,87,ATTACK,148,"(32, 45)",False,2,False,1600
0,0.0,True,0.0,0.9,0.9,1558,0,1558.0,65,8,20,"(33, 30)",0,0.017528483786152498,78.7,33.3,trust_fused,65,ATTACK,115,"(21, 27)",False,0,False,1605
20,0.0,False,0.0,0.2261803206186856,0.4031281563804247,1464,106,1464.0,86,3,16,"(15, 2)",0,0.0297723292469352,90.5625,42.1875,trust_fused,86,ATTACK,240,"(7, 22)",False,1,False,1605
24,0.0,True,0.0,0.8028711377520835,0.9011280147695614,1568,1,1568.0,87,4,16,"(33, 8)",0,0.03064798598949212,96.0625,48.0,trust_fused,87,ATTACK,148,"(30, 42)",False,2,False,1605
0,0.0,True,0.0,0.9,0.9,1563,0,1563.0,65,8,20,"(33, 30)",0,0.017528483786152498,78.7,33.3,trust_fused,65,ATTACK,115,"(23, 30)",False,0,False,1610
20,0.0,False,0.0,0.2261803206186856,0.4031281563804247,1464,111,1464.0,86,3,16,"(15, 2)",0,0.0297723292469352,90.5625,42.1875,trust_fused,86,ATTACK,245,"(7, 22)",False,1,False,1610
22,0.0,True,0.0,0.6889480858961957,0.6889480858961957,1573,1,1573.0,87,4,16,"(33, 8)",0,0.0297723292469352,96.0625,48.0,trust_fused,87,ATTACK,148,"(29, 38)",False,2,False,1610
0,0.0,True,0.0,0.9,0.9,1568,0,1568.0,65,8,20,"(33, 30)",0,0.015775635407537247,78.7,33.3,trust_fused,65,ATTACK,115,"(28, 30)",False,0,False,1615
20,0.0,False,0.0,0.2261803206186856,0.4031281563804247,1464,116,1464.0,86,3,16,"(15, 2)",0,0.0297723292469352,90.5625,42.1875,trust_fused,86,ATTACK,250,"(7, 22)",False,1,False,1615
21,0.0,True,0.0,0.5011180239245517,0.5642182691158488,1578,1,1578.0,87,4,16,"(33, 8)",0,0.028021015761821366,96.0625,48.0,trust_fused,87,ATTACK,149,"(29, 33)",False,2,False,1615
0,0.0,True,0.0,0.9,0.9,1573,0,1573.0,65,8,20,"(33, 30)",0,0.015775635407537247,78.7,33.3,trust_fused,65,ATTACK,115,"(33, 30)",False,0,False,1620
20,0.0,False,0.0,0.2261803206186856,0.4031281563804247,1464,121,1464.0,86,3,16,"(15, 2)",0,0.028021015761821366,90.5625,42.1875,trust_fused,86,ATTACK,255,"(7, 22)",False,1,False,1620
20,0.0,True,0.0,0.5267854985179354,0.6478086994542759,1583,1,1583.0,87,4,16,"(33, 8)",0,0.02714535901926445,96.0625,48.0,trust_fused,87,ATTACK,149,"(29, 28)",False,2,False,1620
0,0.0,True,0.0,0.9,0.9,1577,0,1577.0,67,8,20,"(25, 2)",0,0.015775635407537247,78.7,33.3,trust_fused,67,ATTACK,117,"(29, 30)",False,0,False,1625
20,0.0,False,0.0,0.2261803206186856,0.4031281563804247,1464,126,1464.0,86,3,16,"(15, 2)",0,0.02626970227670753,90.5625,42.1875,trust_fused,86,ATTACK,260,"(7, 22)",False,1,False,1625
20,0.0,True,0.0,0.5637913808792692,0.713977243241451,1588,1,1588.0,87,4,16,"(33, 8)",0,0.02714535901926445,96.0625,48.0,trust_fused,87,ATTACK,150,"(29, 23)",False,2,False,1625
0,0.0,True,0.0,0.9,0.9,1582,0,1582.0,67,8,20,"(25, 2)",0,0.014899211218229623,78.7,33.3,trust_fused,67,ATTACK,117,"(26, 28)",False,0,False,1630
20,0.0,False,0.0,0.2261803206186856,0.4031281563804247,1464,131,1464.0,86,3,16,"(15, 2)",0,0.025394045534150613,90.5625,42.1875,trust_fused,86,ATTACK,265,"(7, 22)",False,1,False,1630
20,0.0,True,0.0,0.5637913808792692,0.713977243241451,1593,1,1593.0,87,4,16,"(33, 8)",0,0.025394045534150613,96.0625,48.0,trust_fused,87,ATTACK,150,"(29, 18)",False,2,False,1630
0,0.0,True,0.0,0.9,0.9,1587,0,1587.0,67,8,20,"(25, 2)",0,0.014022787028921999,78.7,33.3,trust_fused,67,ATTACK,117,"(25, 24)",False,0,False,1635
20,0.0,False,0.0,0.2261803206186856,0.4031281563804247,1464,136,1464.0,86,3,16,"(15, 2)",0,0.02276707530647986,90.5625,42.1875,trust_fused,86,ATTACK,270,"(7, 22)",False,1,False,1635
20,0.0,True,0.0,0.5637913808792692,0.713977243241451,1598,1,1598.0,87,4,16,"(33, 8)",0,0.024518388791593695,96.0625,48.0,trust_fused,87,ATTACK,150,"(31, 15)",False,2,False,1635
0,0.0,True,0.0,0.9,0.9,1592,0,1592.0,67,8,20,"(25, 2)",0,0.01436265709156194,78.7,33.3,trust_fused,67,ATTACK,117,"(25, 19)",False,0,False,1640
20,0.0,False,0.0,0.2261803206186856,0.4031281563804247,1464,141,1464.0,86,3,16,"(15, 2)",0,0.02062780269058296,90.5625,42.1875,trust_fused,86,ATTACK,275,"(7, 22)",False,1,False,1640
20,0.0,True,0.0,0.5637913808792692,0.713977243241451,1603,1,1603.0,87,4,16,"(33, 8)",0,0.025112107623318385,96.0625,48.0,trust_fused,87,ATTACK,150,"(31, 10)",False,2,False,1640
0,0.0,True,0.0,0.9,0.9,1597,0,1597.0,67,8,20,"(25, 2)",0,0.01526032315978456,78.7,33.3,trust_fused,67,ATTACK,117,"(25, 14)",False,0,False,1645
27,0.0,False,0.0,0.2261803206186856,0.4031281563804247,1464,146,1464.0,86,3,16,"(15, 2)",0,0.02062780269058296,90.5625,42.1875,trust_fused,86,ATTACK,280,"(7, 22)",False,1,False,1645
27,0.0,True,0.0,0.5637913808792692,0.713977243241451,1607,1,1607.0,88,4,17,"(33, 30)",0,0.029596412556053813,96.76470588235294,48.1764705882353,trust_fused,88,ATTACK,151,"(33, 8)",False,2,False,1645
0,0.0,True,0.0,0.9,0.9,1602,0,1602.0,67,8,20,"(25, 2)",0,0.04847396768402154,78.7,33.3,trust_fused,67,ATTACK,118,"(25, 9)",False,0,False,1650
27,0.0,False,0.0,0.2261803206186856,0.4031281563804247,1465,150,1465.0,87,3,16,"(15, 2)",0,0.03766816143497758,90.5625,42.1875,trust_fused,87,ATTACK,285,"(6, 22)",False,1,False,1650
27,0.0,True,0.0,0.595729938670756,0.7487209777420828,1612,1,1612.0,88,4,17,"(33, 30)",0,0.059192825112107626,96.76470588235294,48.1764705882353,trust_fused,88,ATTACK,152,"(32, 12)",False,2,False,1650
0,0.0,True,0.0,0.9,0.9,1607,0,1607.0,67,8,20,"(25, 2)",0,0.04847396768402154,78.7,33.3,trust_fused,67,ATTACK,118,"(25, 4)",False,0,False,1655
27,0.0,False,0.0,0.2261803206186856,0.4031281563804247,1470,150,1470.0,87,3,16,"(15, 2)",0,0.03587443946188341,90.5625,42.1875,trust_fused,87,ATTACK,285,"(9, 20)",False,1,False,1655
27,0.0,True,0.0,0.6363817901900826,0.7906448292542329,1617,1,1617.0,88,4,17,"(33, 30)",0,0.05650224215246637,96.76470588235294,48.1764705882353,trust_fused,88,ATTACK,152,"(30, 15)",False,2,False,1655
0,0.0,True,0.0,0.9,0.9,1611,0,1611.0,68,8,21,"(2, 41)",0,0.04129263913824058,78.95238095238095,33.476190476190474,trust_fused,68,ATTACK,119,"(25, 4)",False,0,False,1660
24,0.0,False,0.0,0.2261803206186856,0.4031281563804247,1475,150,1475.0,87,3,16,"(15, 2)",0,0.02780269058295964,90.5625,42.1875,trust_fused,87,ATTACK,285,"(14, 20)",False,1,False,1660
27,0.0,True,0.0,0.6443939047438305,0.7966240812650407,1622,1,1622.0,88,4,17,"(33, 30)",0,0.04932735426008968,96.76470588235294,48.1764705882353,trust_fused,88,ATTACK,152,"(29, 19)",False,2,False,1660
0,0.0,True,0.0,0.9,0.9,1616,0,1616.0,68,8,21,"(2, 41)",0,0.04039497307001795,78.95238095238095,33.476190476190474,trust_fused,68,ATTACK,119,"(25, 9)",False,0,False,1665
23,0.0,False,0.0,0.2261803206186856,0.4031281563804247,1480,150,1480.0,87,3,16,"(15, 2)",0,0.021524663677130046,90.5625,42.1875,trust_fused,87,ATTACK,285,"(14, 15)",False,1,False,1665
27,0.0,True,0.0,0.6443939047438305,0.7966240812650407,1627,1,1627.0,88,4,17,"(33, 30)",0,0.04304932735426009,96.76470588235294,48.1764705882353,trust_fused,88,ATTACK,152,"(29, 24)",False,2,False,1665
0,0.0,True,0.0,0.9,0.9,1621,0,1621.0,68,8,21,"(2, 41)",0,0.03949730700179533,78.95238095238095,33.476190476190474,trust_fused,68,ATTACK,119,"(25, 14)",False,0,False,1670
23,0.0,False,0.0,0.2261803206186856,0.4031281563804247,1485,150,1485.0,87,3,16,"(15, 2)",0,0.021524663677130046,90.5625,42.1875,trust_fused,87,ATTACK,285,"(15, 11)",False,1,False,1670
27,0.0,True,0.0,0.6443939047438305,0.7966240812650407,1632,1,1632.0,88,4,17,"(33, 30)",0,0.04394618834080718,96.76470588235294,48.1764705882353,trust_fused,88,ATTACK,152,"(29, 29)",False,2,False,1670
0,0.0,True,0.0,0.9,0.9,1626,0,1626.0,68,8,21,"(2, 41)",0,0.03770197486535009,78.95238095238095,33.476190476190474,trust_fused,68,ATTACK,120,"(23, 17)",False,0,False,1675
23,0.0,False,0.0,0.23587723854191553,0.4201186790832845,1490,150,1490.0,87,3,16,"(15, 2)",0,0.021524663677130046,90.5625,42.1875,trust_fused,87,ATTACK,286,"(15, 6)",False,1,False,1675
27,0.0,True,0.0,0.6443939047438305,0.7966240812650407,1637,1,1637.0,88,4,17,"(33, 30)",0,0.04484304932735426,96.76470588235294,48.1764705882353,trust_fused,88,ATTACK,153,"(33, 30)",False,2,False,1675
0,0.0,True,0.0,0.9,0.9,1631,0,1631.0,68,8,21,"(2, 41)",0,0.03500897666068223,78.95238095238095,33.476190476190474,trust_fused,68,ATTACK,120,"(19, 18)",False,0,False,1680
23,0.0,False,0.0,0.23587723854191553,0.4201186790832845,1494,150,1494.0,88,3,17,"(2, 41)",0,0.021524663677130046,98.82352941176471,51.76470588235294,trust_fused,88,ATTACK,287,"(15, 2)",False,1,False,1680
27,0.0,True,0.0,0.6443939047438305,0.7966240812650407,1641,1,1641.0,89,4,17,"(2, 41)",0,0.04394618834080718,96.76470588235294,48.1764705882353,trust_fused,89,ATTACK,154,"(29, 30)",False,2,False,1680
0,0.0,True,0.0,0.9,0.9,1636,0,1636.0,68,8,21,"(2, 41)",0,0.033183856502242155,78.95238095238095,33.476190476190474,trust_fused,68,ATTACK,120,"(19, 23)",False,0,False,1685
28,0.0,False,0.0,0.23587723854191553,0.4201186790832845,1499,150,1499.0,88,3,17,"(2, 41)",0,0.019730941704035873,98.82352941176471,51.76470588235294,trust_fused,88,ATTACK,287,"(14, 6)",False,1,False,1685
32,0.05343969720505015,True,0.05343969720505015,0.6443939047438305,0.7966240812650407,1646,1,1646.0,90,4,17,"(2, 41)",0,0.04484304932735426,96.76470588235294,48.1764705882353,trust_fused,90,ATTACK,155,"(26, 32)",False,2,False,1685
0,0.0,True,0.0,0.9,0.9,1641,0,1641.0,68,8,21,"(2, 41)",0,0.0242152466367713,78.95238095238095,33.476190476190474,trust_fused,68,ATTACK,120,"(19, 28)",False,0,False,1690
26,0.0,False,0.0,0.2460285164356069,0.4389027964157426,1504,150,1504.0,88,3,17,"(2, 41)",0,0.019730941704035873,98.82352941176471,51.76470588235294,trust_fused,88,ATTACK,287,"(14, 11)",False,1,False,1690
28,0.028100181290795945,True,0.028100181290795945,0.6677851414059072,0.8138280046677852,1651,1,1651.0,90,4,17,"(2, 41)",0,0.034080717488789235,96.76470588235294,48.1764705882353,trust_fused,90,ATTACK,155,"(24, 35)",False,2,False,1690
0,0.0,True,0.0,0.9,0.9,1646,0,1646.0,68,8,21,"(2, 41)",0,0.02242152466367713,78.95238095238095,33.476190476190474,trust_fused,68,ATTACK,120,"(18, 32)",False,0,False,1695
25,0.0,True,0.0,0.30231226328313854,0.5283367865266216,1509,150,1509.0,88,3,17,"(2, 41)",0,0.019730941704035873,98.82352941176471,51.76470588235294,trust_fused,88,ATTACK,287,"(14, 16)",False,1,False,1695
27,0.028100181290795945,True,0.028100181290795945,0.6981710990853812,0.842383987311996,1656,1,1656.0,90,4,17,"(2, 41)",0,0.03228699551569507,96.76470588235294,48.1764705882353,trust_fused,90,ATTACK,155,"(19, 35)",False,2,False,1695
0,0.0,True,0.0,0.9,0.9,1651,0,1651.0,69,8,21,"(2, 41)",0,0.019855595667870037,78.95238095238095,33.476190476190474,trust_fused,69,ATTACK,121,"(17, 36)",False,0,False,1700
25,0.0,True,0.0,0.36428592853364355,0.6054393513936865,1514,150,1514.0,88,3,17,"(2, 41)",0,0.017985611510791366,98.82352941176471,51.76470588235294,trust_fused,88,ATTACK,288,"(13, 20)",False,1,False,1700
27,0.0,True,0.0,0.7355415375247596,0.8754953743864179,1661,1,1661.0,91,4,17,"(2, 41)",0,0.029783393501805054,96.76470588235294,48.1764705882353,trust_fused,91,ATTACK,156,"(14, 35)",False,2,False,1700
0,0.0,True,0.0,0.9,0.9,1656,0,1656.0,70,8,21,"(2, 41)",0,0.017132551848512173,78.95238095238095,33.476190476190474,trust_fused,70,ATTACK,122,"(13, 37)",False,0,False,1705
25,0.0,True,0.0,0.37698389959959144,0.6182453498526017,1519,150,1519.0,88,3,17,"(2, 41)",0,0.016172506738544475,98.82352941176471,51.76470588235294,trust_fused,88,ATTACK,288,"(8, 20)",False,1,False,1705
21,0.0,True,0.0,0.7711714191773515,0.9031746035333589,1666,1,1666.0,92,4,17,"(2, 41)",0,0.02164111812443643,96.76470588235294,48.1764705882353,trust_fused,92,ATTACK,157,"(10, 36)",False,2,False,1705
0,0.0,True,0.0,0.9,0.9,1661,0,1661.0,70,8,21,"(2, 41)",0,0.017132551848512173,78.95238095238095,33.476190476190474,trust_fused,70,ATTACK,122,"(9, 36)",False,0,False,1710
19,0.0,True,0.0,0.37698389959959144,0.6182453498526017,1524,150,1524.0,88,3,17,"(2, 41)",0,0.016172506738544475,98.82352941176471,51.76470588235294,trust_fused,88,ATTACK,288,"(5, 22)",False,1,False,1710
21,0.0,True,0.0,0.8046004502797998,0.9272339163476776,1671,1,1671.0,92,4,17,"(2, 41)",0,0.02164111812443643,96.76470588235294,48.1764705882353,trust_fused,92,ATTACK,157,"(5, 36)",False,2,False,1710
0,0.0,True,0.0,0.9,0.9,1666,0,1666.0,70,8,21,"(2, 41)",0,0.017132551848512173,78.95238095238095,33.476190476190474,trust_fused,70,ATTACK,122,"(4, 36)",False,0,False,1715
19,0.0,True,0.0,0.37698389959959144,0.6182453498526017,1529,150,1529.0,88,3,17,"(2, 41)",0,0.016172506738544475,98.82352941176471,51.76470588235294,trust_fused,88,ATTACK,288,"(4, 26)",False,1,False,1715
21,0.0,True,0.0,0.8348839465030328,0.9444864555317403,1676,1,1676.0,92,4,17,"(2, 41)",0,0.02164111812443643,96.76470588235294,48.1764705882353,trust_fused,92,ATTACK,157,"(5, 41)",False,2,False,1715
0,0.0,True,0.0,0.9,0.9,1671,0,1671.0,70,8,21,"(2, 41)",0,0.0124282982791587,78.95238095238095,33.476190476190474,trust_fused,70,ATTACK,122,"(3, 40)",False,0,False,1720
24,0.0,True,0.0,0.4272827147791074,0.6655331554054945,1534,150,1534.0,88,3,17,"(2, 41)",0,0.011450381679389313,98.82352941176471,51.76470588235294,trust_fused,88,ATTACK,288,"(3, 30)",False,1,False,1720
22,0.0,True,0.0,0.8614811367170842,0.9571243434553489,1680,1,1680.0,93,4,18,"(21, 17)",0,0.022900763358778626,95.5,47.888888888888886,trust_fused,93,ATTACK,158,"(3, 41)",False,2,False,1720
0,0.0,True,0.0,0.9,0.9,1674,0,1674.0,71,9,21,"(25, 2)",0,0.0124282982791587,78.95238095238095,33.476190476190474,trust_fused,71,ATTACK,124,"(3, 41)",False,0,False,1725
24,0.0,True,0.0,0.48939939582529346,0.725857820823763,1539,150,1539.0,88,3,17,"(2, 41)",0,0.011450381679389313,98.82352941176471,51.76470588235294,trust_fused,88,ATTACK,289,"(3, 35)",False,1,False,1725
22,0.0,True,0.0,0.8845194589723012,0.966470151854543,1685,1,1685.0,94,4,18,"(21, 17)",0,0.022900763358778626,95.5,47.888888888888886,trust_fused,94,ATTACK,159,"(7, 40)",False,2,False,1725
0,0.0,True,0.0,0.9,0.9,1679,0,1679.0,71,9,21,"(25, 2)",0,0.0124282982791587,78.95238095238095,33.476190476190474,trust_fused,71,ATTACK,124,"(7, 40)",False,0,False,1730
24,0.0,True,0.0,0.5514141171069512,0.7855537960067985,1544,150,1544.0,88,3,17,"(2, 41)",0,0.011450381679389313,98.82352941176471,51.76470588235294,trust_fused,88,ATTACK,289,"(3, 40)",False,1,False,1730
22,0.0,True,0.0,0.9039401380767305,0.9727518770979119,1690,1,1690.0,94,4,18,"(21, 17)",0,0.022900763358778626,95.5,47.888888888888886,trust_fused,94,ATTACK,159,"(9, 37)",False,2,False,1730
0,0.0,True,0.0,0.9,0.9,1684,0,1684.0,71,9,21,"(25, 2)",0,0.0124282982791587,78.95238095238095,33.476190476190474,trust_fused,71,ATTACK,124,"(9, 37)",False,0,False,1735
24,0.0,True,0.0,0.610817960818028,0.8280796303958491,1548,150,1548.0,89,3,17,"(2, 50)",0,0.011450381679389313,98.82352941176471,51.76470588235294,trust_fused,89,ATTACK,290,"(3, 42)",False,1,False,1735
22,0.0,True,0.0,0.9203561585235837,0.978494071773361,1695,1,1695.0,94,4,18,"(21, 17)",0,0.02385496183206107,95.5,47.888888888888886,trust_fused,94,ATTACK,159,"(12, 35)",False,2,False,1735
0,0.0,True,0.0,0.9,0.9,1689,0,1689.0,71,9,21,"(25, 2)",0,0.008555133079847909,78.95238095238095,33.476190476190474,trust_fused,71,ATTACK,124,"(12, 35)",False,0,False,1740
24,0.0,True,0.0,0.6540681520956055,0.8515454162767601,1553,150,1553.0,89,3,17,"(2, 50)",0,0.007590132827324478,98.82352941176471,51.76470588235294,trust_fused,89,ATTACK,290,"(3, 47)",False,1,False,1740
22,0.0,True,0.0,0.9342126308285403,0.9831456134929518,1700,1,1700.0,94,4,18,"(21, 17)",0,0.020872865275142316,95.5,47.888888888888886,trust_fused,94,ATTACK,159,"(16, 34)",False,2,False,1740
0,0.0,True,0.0,0.9,0.9,1694,0,1694.0,71,9,21,"(25, 2)",0,0.008538899430740038,78.95238095238095,33.476190476190474,trust_fused,71,ATTACK,124,"(14, 32)",False,0,False,1745
24,0.0,True,0.0,0.6540681520956055,0.8515454162767601,1557,150,1557.0,89,3,18,"(2, 50)",0,0.007575757575757576,96.94444444444444,49.55555555555556,trust_fused,89,ATTACK,291,"(2, 50)",False,1,False,1745
22,0.0,True,0.0,0.9457149739344246,0.986086658812544,1705,1,1705.0,94,4,18,"(21, 17)",0,0.020833333333333332,95.5,47.888888888888886,trust_fused,94,ATTACK,159,"(19, 32)",False,2,False,1745
0,0.0,True,0.0,0.9,0.9,1699,0,1699.0,71,9,21,"(25, 2)",0,0.007582938388625593,78.95238095238095,33.476190476190474,trust_fused,71,ATTACK,125,"(17, 30)",False,0,False,1750
23,0.0,True,0.0,0.6540681520956055,0.8515454162767601,1561,150,1561.0,90,3,18,"(24, 45)",0,0.006622516556291391,96.94444444444444,49.55555555555556,trust_fused,90,ATTACK,293,"(4, 48)",False,1,False,1750
21,0.0,True,0.0,0.9552027825988332,0.9886461472496455,1710,1,1710.0,94,4,18,"(21, 17)",0,0.020813623462630087,95.5,47.888888888888886,trust_fused,94,ATTACK,160,"(19, 27)",False,2,False,1750
0,0.0,True,0.0,0.9,0.9,1704,0,1704.0,71,9,21,"(25, 2)",0,0.006560449859418931,78.95238095238095,33.476190476190474,trust_fused,71,ATTACK,125,"(17, 25)",False,0,False,1755
20,0.0,True,0.0,0.634568899196069,0.6556079729813339,1566,150,1566.0,90,3,18,"(24, 45)",0,0.005612722170252572,96.94444444444444,49.55555555555556,trust_fused,90,ATTACK,294,"(7, 46)",False,1,False,1755
20,0.0,True,0.0,0.9614118119599332,0.9682925407387261,1715,1,1715.0,94,4,18,"(21, 17)",0,0.021515434985968196,95.5,47.888888888888886,trust_fused,94,ATTACK,160,"(19, 22)",False,2,False,1755
0,0.0,True,0.0,0.9,0.9,1709,0,1709.0,71,9,21,"(25, 2)",0,0.0064516129032258064,78.95238095238095,33.476190476190474,trust_fused,71,ATTACK,125,"(18, 21)",False,0,False,1760
16,0.0,True,0.0,0.640565871884981,0.6863681720978039,1571,150,1571.0,90,3,18,"(24, 45)",0,0.005509641873278237,96.94444444444444,49.55555555555556,trust_fused,90,ATTACK,294,"(12, 46)",False,1,False,1760
16,0.0,True,0.0,0.9257444213826526,0.9321773387177797,1720,1,1720.0,94,4,18,"(21, 17)",0,0.01839926402943882,95.5,47.888888888888886,trust_fused,94,ATTACK,160,"(19, 17)",False,2,False,1760
0,0.0,True,0.0,0.9,0.9,1714,0,1714.0,71,9,21,"(25, 2)",0,0.006222222222222222,78.95238095238095,33.476190476190474,trust_fused,71,ATTACK,125,"(19, 17)",False,0,False,1765
9,0.0,False,0.0,0.4445681235866318,0.46846869896740023,1576,150,1576.0,92,3,18,"(24, 45)",0,0.005323868677905945,96.94444444444444,49.55555555555556,trust_fused,92,ATTACK,296,"(17, 46)",False,1,False,1765
16,0.0,True,0.0,0.9294397915824082,0.9480522841834144,1723,1,1723.0,95,5,18,"(2, 50)",0,0.014222222222222223,95.5,47.888888888888886,trust_fused,95,ATTACK,161,"(20, 17)",False,2,False,1765
0,0.0,True,0.0,0.9,0.9,1717,0,1717.0,72,11,21,"(25, 2)",0,0.0062056737588652485,78.95238095238095,33.476190476190474,trust_fused,72,ATTACK,126,"(18, 15)",False,0,False,1770
9,0.0,False,0.0,0.44637336171445213,0.48067288614303877,1581,150,1581.0,92,3,18,"(24, 45)",0,0.005309734513274336,96.94444444444444,49.55555555555556,trust_fused,92,ATTACK,296,"(19, 49)",False,1,False,1770
16,0.0,True,0.0,0.9352714239494622,0.9583608330841177,1728,1,1728.0,95,5,18,"(2, 50)",0,0.015070921985815602,95.5,47.888888888888886,trust_fused,95,ATTACK,161,"(24, 16)",False,2,False,1770
0,0.0,True,0.0,0.9,0.9,1722,0,1722.0,72,11,21,"(25, 2)",0,0.00618921308576481,78.95238095238095,33.476190476190474,trust_fused,72,ATTACK,127,"(18, 10)",False,0,False,1775
9,0.0,False,0.0,0.44637336171445213,0.48067288614303877,1586,150,1586.0,92,3,18,"(24, 45)",0,0.00529567519858782,96.94444444444444,49.55555555555556,trust_fused,92,ATTACK,297,"(24, 49)",False,1,False,1775
16,0.0,True,0.0,0.9412373933648893,0.9632056279965074,1733,1,1733.0,95,5,18,"(2, 50)",0,0.01768346595932803,95.5,47.888888888888886,trust_fused,95,ATTACK,162,"(25, 12)",False,2,False,1775
0,0.0,True,0.0,0.9,0.9,1727,0,1727.0,72,11,21,"(25, 2)",0,0.005314437555358724,78.95238095238095,33.476190476190474,trust_fused,72,ATTACK,127,"(22, 9)",False,0,False,1780
9,0.0,False,0.0,0.44637336171445213,0.48067288614303877,1590,150,1590.0,93,3,19,"(33, 8)",0,0.00617828773168579,93.6842105263158,48.73684210526316,trust_fused,93,ATTACK,298,"(24, 45)",False,1,False,1780
16,0.0,True,0.0,0.9469641487004027,0.9693379731631503,1738,1,1738.0,95,5,18,"(2, 50)",0,0.01771479185119575,95.5,47.888888888888886,trust_fused,95,ATTACK,162,"(23, 9)",False,2,False,1780
0,0.0,True,0.0,0.9,0.9,1732,0,1732.0,74,11,21,"(25, 2)",0,0.005314437555358724,78.95238095238095,33.476190476190474,trust_fused,74,ATTACK,129,"(19, 9)",False,0,False,1785
9,0.0,False,0.0,0.44637336171445213,0.48067288614303877,1595,150,1595.0,93,3,19,"(33, 8)",0,0.00617828773168579,93.6842105263158,48.73684210526316,trust_fused,93,ATTACK,298,"(27, 43)",False,1,False,1785
16,0.0,True,0.0,0.953108151407238,0.9766502698851386,1740,1,1740.0,95,8,18,"(2, 50)",0,0.01771479185119575,95.5,47.888888888888886,trust_fused,95,ATTACK,162,"(21, 9)",False,2,False,1785
0,0.0,True,0.0,0.9,0.9,1737,0,1737.0,78,11,21,"(25, 2)",0,0.004424778761061947,78.95238095238095,33.476190476190474,trust_fused,78,ATTACK,133,"(18, 9)",False,0,False,1790
42,0.0,False,0.0,0.44637336171445213,0.48067288614303877,1600,150,1600.0,95,3,19,"(33, 8)",0,0.004409171075837742,93.6842105263158,48.73684210526316,trust_fused,95,ATTACK,300,"(28, 39)",False,1,False,1790
51,0.0,True,0.0,0.9592099003608175,0.9819198404044003,1742,1,1742.0,95,11,18,"(2, 50)",0,0.04513274336283186,95.5,47.888888888888886,trust_fused,95,ATTACK,162,"(19, 9)",False,2,False,1790
0,0.0,True,0.0,0.9,0.9,1742,0,1742.0,80,11,21,"(25, 2)",0,0.004424778761061947,78.95238095238095,33.476190476190474,trust_fused,80,ATTACK,135,"(15, 9)",False,0,False,1795
42,0.0,False,0.0,0.44637336171445213,0.48067288614303877,1605,150,1605.0,95,3,19,"(33, 8)",0,0.006172839506172839,93.6842105263158,48.73684210526316,trust_fused,95,ATTACK,300,"(30, 36)",False,1,False,1795
51,0.0,True,0.0,0.9649511617839472,0.9860874319054402,1744,1,1744.0,95,14,18,"(2, 50)",0,0.04424778761061947,95.5,47.888888888888886,trust_fused,95,ATTACK,162,"(17, 9)",False,2,False,1795
0,0.0,True,0.0,0.9,0.9,1747,0,1747.0,82,11,21,"(25, 2)",0,0.05998209489704566,78.95238095238095,33.476190476190474,trust_fused,82,ATTACK,138,"(20, 9)",False,0,False,1800
30,0.0,False,0.0,0.21437192587716145,0.21437192587716145,1609,151,1609.0,96,3,19,"(33, 8)",0,0.05813953488372093,93.6842105263158,48.73684210526316,trust_fused,96,ATTACK,303,"(30, 32)",False,1,False,1800
51,0.0,True,0.0,0.9701369773859873,0.9889494922534324,1749,1,1749.0,95,14,18,"(2, 50)",0,0.09204647006255585,95.5,47.888888888888886,trust_fused,95,ATTACK,163,"(17, 14)",False,2,False,1800
0,0.0,True,0.0,0.9,0.9,1752,0,1752.0,82,11,21,"(25, 2)",0,0.05908683974932856,78.95238095238095,33.476190476190474,trust_fused,82,ATTACK,138,"(25, 9)",False,0,False,1805
30,0.0,False,0.0,0.21437192587716145,0.21437192587716145,1609,156,1609.0,96,3,19,"(33, 8)",0,0.05456171735241502,93.6842105263158,48.73684210526316,trust_fused,96,ATTACK,308,"(30, 32)",False,1,False,1805
51,0.0,True,0.0,0.9729548482801095,0.9902881799422731,1754,1,1754.0,97,14,18,"(2, 50)",0,0.08757819481680071,95.5,47.888888888888886,trust_fused,97,ATTACK,165,"(15, 17)",False,2,False,1805
0,0.0,True,0.0,0.9,0.9,1757,0,1757.0,82,11,21,"(25, 2)",0,0.05729632945389436,78.95238095238095,33.476190476190474,trust_fused,82,ATTACK,138,"(25, 4)",False,0,False,1810
30,0.0,False,0.0,0.21437192587716145,0.21437192587716145,1609,161,1609.0,96,3,19,"(33, 8)",0,0.052772808586762074,93.6842105263158,48.73684210526316,trust_fused,96,ATTACK,313,"(30, 32)",False,1,False,1810
51,0.0,True,0.0,0.9729548482801095,0.9902881799422731,1759,1,1759.0,97,14,18,"(2, 50)",0,0.08847184986595175,95.5,47.888888888888886,trust_fused,97,ATTACK,165,"(14, 21)",False,2,False,1810
0,0.0,True,0.0,0.9,0.9,1761,0,1761.0,83,11,22,"(13, 50)",0,0.05361930294906166,82.4090909090909,36.0,trust_fused,83,ATTACK,139,"(25, 4)",False,0,False,1815
30,0.0,False,0.0,0.21437192587716145,0.21437192587716145,1609,166,1609.0,96,3,19,"(33, 8)",0,0.04825737265415549,93.6842105263158,48.73684210526316,trust_fused,96,ATTACK,318,"(30, 32)",False,1,False,1815
51,0.0,True,0.0,0.9729548482801095,0.9902881799422731,1764,1,1764.0,98,14,18,"(2, 50)",0,0.08482142857142858,95.5,47.888888888888886,trust_fused,98,ATTACK,166,"(14, 26)",False,2,False,1815
0,0.0,True,0.0,0.9,0.9,1766,0,1766.0,83,11,22,"(13, 50)",0,0.051121076233183856,82.4090909090909,36.0,trust_fused,83,ATTACK,139,"(25, 9)",False,0,False,1820
30,0.0,False,0.0,0.21437192587716145,0.21437192587716145,1609,171,1609.0,96,3,19,"(33, 8)",0,0.04125560538116592,93.6842105263158,48.73684210526316,trust_fused,96,ATTACK,323,"(30, 32)",False,1,False,1820
51,0.0,True,0.0,0.9729548482801095,0.9902881799422731,1769,1,1769.0,98,14,18,"(2, 50)",0,0.08251121076233184,95.5,47.888888888888886,trust_fused,98,ATTACK,166,"(15, 30)",False,2,False,1820
0,0.0,True,0.0,0.9,0.9,1771,0,1771.0,84,11,22,"(13, 50)",0,0.05017921146953405,82.4090909090909,36.0,trust_fused,84,ATTACK,140,"(20, 9)",False,0,False,1825
30,0.0,False,0.0,0.21437192587716145,0.21437192587716145,1609,176,1609.0,96,3,19,"(33, 8)",0,0.04032258064516129,93.6842105263158,48.73684210526316,trust_fused,96,ATTACK,328,"(30, 32)",False,1,False,1825
51,0.0,True,0.0,0.9729548482801095,0.9902881799422731,1774,1,1774.0,99,14,18,"(2, 50)",0,0.08154121863799284,95.5,47.888888888888886,trust_fused,99,ATTACK,167,"(12, 32)",False,2,False,1825
0,0.0,True,0.0,0.9,0.9,1776,0,1776.0,84,11,22,"(13, 50)",0,0.048343777976723366,82.4090909090909,36.0,trust_fused,84,ATTACK,140,"(17, 11)",False,0,False,1830
33,0.0,False,0.0,0.21437192587716145,0.21437192587716145,1609,181,1609.0,96,3,19,"(33, 8)",0,0.03849597135183527,93.6842105263158,48.73684210526316,trust_fused,96,ATTACK,333,"(30, 32)",False,1,False,1830
55,0.0,True,0.0,0.9729548482801095,0.9902881799422731,1779,1,1779.0,99,14,18,"(2, 50)",0,0.08504923903312445,95.5,47.888888888888886,trust_fused,99,ATTACK,167,"(11, 36)",False,2,False,1830
0,0.0,True,0.0,0.9,0.9,1781,0,1781.0,84,11,22,"(13, 50)",0,0.046553267681289166,82.4090909090909,36.0,trust_fused,84,ATTACK,140,"(17, 16)",False,0,False,1835
33,0.0,False,0.0,0.21437192587716145,0.21437192587716145,1609,186,1609.0,96,3,19,"(33, 8)",0,0.03849597135183527,93.6842105263158,48.73684210526316,trust_fused,96,ATTACK,338,"(30, 32)",False,1,False,1835
55,0.0,True,0.0,0.9729548482801095,0.9902881799422731,1784,1,1784.0,99,14,18,"(2, 50)",0,0.08504923903312445,95.5,47.888888888888886,trust_fused,99,ATTACK,167,"(9, 39)",False,2,False,1835
0,0.0,True,0.0,0.9,0.9,1786,0,1786.0,84,11,22,"(13, 50)",0,0.044762757385854966,82.4090909090909,36.0,trust_fused,84,ATTACK,140,"(17, 21)",False,0,False,1840
32,0.0,False,0.0,0.21437192587716145,0.21437192587716145,1609,191,1609.0,96,3,19,"(33, 8)",0,0.03760071620411817,93.6842105263158,48.73684210526316,trust_fused,96,ATTACK,343,"(30, 32)",False,1,False,1840
54,0.0,True,0.0,0.9729548482801095,0.9902881799422731,1789,1,1789.0,99,14,18,"(2, 50)",0,0.08415398388540735,95.5,47.888888888888886,trust_fused,99,ATTACK,167,"(6, 41)",False,2,False,1840
0,0.0,True,0.0,0.9,0.9,1791,0,1791.0,84,11,22,"(13, 50)",0,0.044762757385854966,82.4090909090909,36.0,trust_fused,84,ATTACK,140,"(17, 26)",False,0,False,1845
32,0.0,False,0.0,0.21437192587716145,0.21437192587716145,1609,196,1609.0,96,3,19,"(33, 8)",0,0.03670546105640107,93.6842105263158,48.73684210526316,trust_fused,96,ATTACK,348,"(30, 32)",False,1,False,1845
48,0.0,True,0.0,0.9729548482801095,0.9902881799422731,1794,1,1794.0,99,14,18,"(2, 50)",0,0.07878245299910475,95.5,47.888888888888886,trust_fused,99,ATTACK,167,"(4, 44)",False,2,False,1845
0,0.0,True,0.0,0.9,0.9,1796,0,1796.0,85,11,22,"(13, 50)",0,0.043867502238137866,82.4090909090909,36.0,trust_fused,85,ATTACK,141,"(15, 29)",False,0,False,1850
32,0.0,False,0.0,0.21437192587716145,0.21437192587716145,1609,201,1609.0,96,3,19,"(33, 8)",0,0.03312444046553268,93.6842105263158,48.73684210526316,trust_fused,96,ATTACK,353,"(30, 32)",False,1,False,1850
48,0.0,True,0.0,0.9729548482801095,0.9902881799422731,1799,1,1799.0,99,14,18,"(2, 50)",0,0.07788719785138765,95.5,47.888888888888886,trust_fused,99,ATTACK,168,"(3, 48)",False,2,False,1850
0,0.0,True,0.0,0.9,0.9,1801,0,1801.0,85,11,22,"(13, 50)",0,0.043867502238137866,82.4090909090909,36.0,trust_fused,85,ATTACK,141,"(14, 33)",False,0,False,1855
32,0.0,False,0.0,0.21437192587716145,0.21437192587716145,1609,206,1609.0,96,3,19,"(33, 8)",0,0.03222918531781558,93.6842105263158,48.73684210526316,trust_fused,96,ATTACK,358,"(30, 32)",False,1,False,1855
48,0.0,True,0.0,0.9729548482801095,0.9902881799422731,1803,1,1803.0,100,14,19,"(2, 41)",0,0.07788719785138765,97.57894736842105,50.1578947368421,trust_fused,100,ATTACK,169,"(3, 50)",False,2,False,1855
0,0.0,True,0.0,0.9,0.9,1806,0,1806.0,85,11,22,"(13, 50)",0,0.0423042304230423,82.4090909090909,36.0,trust_fused,85,ATTACK,141,"(14, 38)",False,0,False,1860
32,0.0,False,0.0,0.21437192587716145,0.21437192587716145,1609,211,1609.0,96,3,19,"(33, 8)",0,0.032403240324032405,93.6842105263158,48.73684210526316,trust_fused,96,ATTACK,363,"(30, 32)",False,1,False,1860
48,0.0,True,0.0,0.9729548482801095,0.9902881799422731,1808,1,1808.0,100,14,19,"(2, 41)",0,0.07650765076507651,97.57894736842105,50.1578947368421,trust_fused,100,ATTACK,169,"(3, 45)",False,2,False,1860
0,0.0,True,0.0,0.9,0.9,1811,0,1811.0,85,11,22,"(13, 50)",0,0.03597122302158273,82.4090909090909,36.0,trust_fused,85,ATTACK,141,"(14, 43)",False,0,False,1865
38,0.0,False,0.0,0.21437192587716145,0.21437192587716145,1609,216,1609.0,96,3,19,"(33, 8)",0,0.03327338129496403,93.6842105263158,48.73684210526316,trust_fused,96,ATTACK,368,"(30, 32)",False,1,False,1865
54,0.0,True,0.0,0.9729548482801095,0.9902881799422731,1813,1,1813.0,100,14,19,"(2, 41)",0,0.07194244604316546,97.57894736842105,50.1578947368421,trust_fused,100,ATTACK,169,"(2, 41)",False,2,False,1865
0,0.0,True,0.0,0.9,0.9,1816,0,1816.0,85,11,22,"(13, 50)",0,0.0341726618705036,82.4090909090909,36.0,trust_fused,85,ATTACK,141,"(13, 47)",False,0,False,1870
38,0.0,False,0.0,0.21437192587716145,0.21437192587716145,1609,221,1609.0,96,3,19,"(33, 8)",0,0.03327338129496403,93.6842105263158,48.73684210526316,trust_fused,96,ATTACK,373,"(30, 32)",False,1,False,1870
53,0.0,True,0.0,0.974687306575537,0.9908729744062378,1817,1,1817.0,101,14,19,"(24, 45)",0,0.06924460431654676,97.57894736842105,50.1578947368421,trust_fused,101,ATTACK,170,"(6, 41)",False,2,False,1870
0,0.0,True,0.0,0.9,0.9,1820,0,1820.0,86,11,22,"(33, 50)",0,0.03324348607367475,82.4090909090909,36.0,trust_fused,86,ATTACK,143,"(14, 50)",False,0,False,1875
38,0.0,False,0.0,0.21437192587716145,0.21437192587716145,1609,226,1609.0,96,3,19,"(33, 8)",0,0.03234501347708895,93.6842105263158,48.73684210526316,trust_fused,96,ATTACK,378,"(30, 32)",False,1,False,1875
53,0.0,True,0.0,0.9785517964489026,0.9923030580818445,1822,1,1822.0,102,14,19,"(24, 45)",0,0.06828391734052111,97.57894736842105,50.1578947368421,trust_fused,102,ATTACK,171,"(11, 41)",False,2,False,1875
0,0.0,True,0.0,0.9,0.9,1825,0,1825.0,86,11,22,"(33, 50)",0,0.0315031503150315,82.4090909090909,36.0,trust_fused,86,ATTACK,143,"(18, 49)",False,0,False,1880
38,0.0,False,0.0,0.21437192587716145,0.21437192587716145,1609,231,1609.0,96,3,19,"(33, 8)",0,0.028751123090745734,93.6842105263158,48.73684210526316,trust_fused,96,ATTACK,383,"(30, 32)",False,1,False,1880
52,0.0,True,0.0,0.9818521798050656,0.9935657503386648,1827,1,1827.0,102,14,19,"(24, 45)",0,0.0666066606660666,97.57894736842105,50.1578947368421,trust_fused,102,ATTACK,171,"(15, 40)",False,2,False,1880
0,0.0,True,0.0,0.9,0.9,1830,0,1830.0,86,11,22,"(33, 50)",0,0.029649595687331536,82.4090909090909,36.0,trust_fused,86,ATTACK,143,"(22, 50)",False,0,False,1885
38,0.0,False,0.0,0.21437192587716145,0.21437192587716145,1609,236,1609.0,96,3,19,"(33, 8)",0,0.02600896860986547,93.6842105263158,48.73684210526316,trust_fused,96,ATTACK,388,"(30, 32)",False,1,False,1885
49,0.0,True,0.0,0.9846419802128359,0.9945178380875049,1832,1,1832.0,102,14,19,"(24, 45)",0,0.0646900269541779,97.57894736842105,50.1578947368421,trust_fused,102,ATTACK,171,"(20, 40)",False,2,False,1885
0,0.0,True,0.0,0.9,0.9,1835,0,1835.0,86,11,22,"(33, 50)",0,0.026954177897574125,82.4090909090909,36.0,trust_fused,86,ATTACK,143,"(27, 50)",False,0,False,1890
38,0.0,False,0.0,0.21437192587716145,0.21437192587716145,1609,241,1609.0,96,3,19,"(33, 8)",0,0.0242152466367713,93.6842105263158,48.73684210526316,trust_fused,96,ATTACK,393,"(30, 32)",False,1,False,1890
41,0.0,False,0.0,0.37791443355751836,0.37791443355751836,1837,1,1837.0,102,14,19,"(24, 45)",0,0.05660377358490566,97.57894736842105,50.1578947368421,trust_fused,102,ATTACK,172,"(25, 40)",False,2,False,1890
0,0.0,True,0.0,0.9,0.9,1840,0,1840.0,86,11,22,"(33, 50)",0,0.025157232704402517,82.4090909090909,36.0,trust_fused,86,ATTACK,143,"(32, 50)",False,0,False,1895
38,0.0,False,0.0,0.21437192587716145,0.21437192587716145,1609,246,1609.0,96,3,19,"(33, 8)",0,0.0242152466367713,93.6842105263158,48.73684210526316,trust_fused,96,ATTACK,398,"(30, 32)",False,1,False,1895
41,0.0,False,0.0,0.39133287444713694,0.4750410230972615,1842,1,1842.0,102,14,19,"(24, 45)",0,0.05480682839173405,97.57894736842105,50.1578947368421,trust_fused,102,ATTACK,172,"(25, 45)",False,2,False,1895
0,0.0,True,0.0,0.9,0.9,1844,0,1844.0,87,11,23,"(2, 50)",0,0.02605570530098832,82.47826086956522,35.43478260869565,trust_fused,87,ATTACK,145,"(30, 50)",False,0,False,1900
38,0.0,False,0.0,0.21437192587716145,0.21437192587716145,1609,251,1609.0,96,3,19,"(33, 8)",0,0.023318385650224215,93.6842105263158,48.73684210526316,trust_fused,96,ATTACK,403,"(30, 32)",False,1,False,1900
41,0.0,True,0.0,0.4084498949390661,0.5266219286299013,1846,1,1846.0,103,14,20,"(15, 2)",0,0.055705300988319856,94.85,49.2,trust_fused,103,ATTACK,174,"(25, 43)",False,2,False,1900
0,0.0,True,0.0,0.9,0.9,1849,0,1849.0,87,11,23,"(2, 50)",0,0.02425876010781671,82.47826086956522,35.43478260869565,trust_fused,87,ATTACK,145,"(26, 49)",False,0,False,1905
48,0.0,False,0.0,0.21437192587716145,0.21437192587716145,1609,256,1609.0,96,3,19,"(33, 8)",0,0.023318385650224215,93.6842105263158,48.73684210526316,trust_fused,96,ATTACK,408,"(30, 32)",False,1,False,1905
48,0.0,False,0.0,0.3543031108706335,0.37213754393515536,1851,1,1851.0,104,14,20,"(15, 2)",0,0.05929919137466307,94.85,49.2,trust_fused,104,ATTACK,175,"(24, 39)",False,2,False,1905
0,0.0,True,0.0,0.9,0.9,1854,0,1854.0,87,11,23,"(2, 50)",0,0.020664869721473494,82.47826086956522,35.43478260869565,trust_fused,87,ATTACK,145,"(21, 49)",False,0,False,1910
48,0.0,False,0.0,0.21437192587716145,0.21437192587716145,1609,261,1609.0,96,3,19,"(33, 8)",0,0.017040358744394617,93.6842105263158,48.73684210526316,trust_fused,96,ATTACK,413,"(30, 32)",False,1,False,1910
48,0.0,False,0.0,0.35827055644414635,0.4022748461902433,1856,1,1856.0,104,14,20,"(15, 2)",0,0.05660377358490566,94.85,49.2,trust_fused,104,ATTACK,175,"(20, 38)",False,2,False,1910
0,0.0,True,0.0,0.9,0.9,1859,0,1859.0,87,11,23,"(2, 50)",0,0.020664869721473494,82.47826086956522,35.43478260869565,trust_fused,87,ATTACK,145,"(17, 48)",False,0,False,1915
48,0.0,False,0.0,0.21437192587716145,0.21437192587716145,1609,266,1609.0,96,3,19,"(33, 8)",0,0.017040358744394617,93.6842105263158,48.73684210526316,trust_fused,96,ATTACK,418,"(30, 32)",False,1,False,1915
48,0.0,False,0.0,0.37882668109075446,0.4775130516280746,1861,1,1861.0,104,14,20,"(15, 2)",0,0.05660377358490566,94.85,49.2,trust_fused,104,ATTACK,175,"(16, 37)",False,2,False,1915
0,0.0,True,0.0,0.9,0.9,1864,0,1864.0,87,11,23,"(2, 50)",0,0.019801980198019802,82.47826086956522,35.43478260869565,trust_fused,87,ATTACK,145,"(12, 48)",False,0,False,1920
48,0.0,False,0.0,0.21437192587716145,0.21437192587716145,1609,271,1609.0,96,3,19,"(33, 8)",0,0.016172506738544475,93.6842105263158,48.73684210526316,trust_fused,96,ATTACK,423,"(30, 32)",False,1,False,1920
46,0.0,True,0.0,0.4095961656541658,0.5177405122466897,1866,1,1866.0,104,14,20,"(15, 2)",0,0.05490549054905491,94.85,49.2,trust_fused,104,ATTACK,175,"(16, 32)",False,2,False,1920
0,0.0,True,0.0,0.9,0.9,1869,0,1869.0,87,11,23,"(2, 50)",0,0.019801980198019802,82.47826086956522,35.43478260869565,trust_fused,87,ATTACK,146,"(9, 46)",False,0,False,1925
48,0.0,False,0.0,0.21437192587716145,0.21437192587716145,1609,276,1609.0,96,3,19,"(33, 8)",0,0.016172506738544475,93.6842105263158,48.73684210526316,trust_fused,96,ATTACK,428,"(30, 32)",False,1,False,1925
44,0.0,True,0.0,0.43771921366454086,0.5377435334052194,1871,1,1871.0,104,14,20,"(15, 2)",0,0.05490549054905491,94.85,49.2,trust_fused,104,ATTACK,176,"(16, 27)",False,2,False,1925
0,0.0,True,0.0,0.9,0.9,1874,0,1874.0,87,11,23,"(2, 50)",0,0.020702070207020702,82.47826086956522,35.43478260869565,trust_fused,87,ATTACK,146,"(4, 46)",False,0,False,1930
48,0.0,False,0.0,0.21437192587716145,0.21437192587716145,1609,281,1609.0,96,3,19,"(33, 8)",0,0.017070979335130278,93.6842105263158,48.73684210526316,trust_fused,96,ATTACK,433,"(30, 32)",False,1,False,1930
43,0.0,True,0.0,0.4667709713488242,0.5776633708102176,1876,1,1876.0,104,14,20,"(15, 2)",0,0.05490549054905491,94.85,49.2,trust_fused,104,ATTACK,176,"(16, 22)",False,2,False,1930
0,0.0,True,0.0,0.9,0.9,1879,0,1879.0,87,11,23,"(2, 50)",0,0.020702070207020702,82.47826086956522,35.43478260869565,trust_fused,87,ATTACK,146,"(3, 50)",False,0,False,1935
48,0.0,False,0.0,0.21437192587716145,0.21437192587716145,1609,286,1609.0,96,3,19,"(33, 8)",0,0.017070979335130278,93.6842105263158,48.73684210526316,trust_fused,96,ATTACK,438,"(30, 32)",False,1,False,1935
43,0.0,True,0.0,0.49883721132244413,0.6266147724728733,1881,1,1881.0,104,14,20,"(15, 2)",0,0.05490549054905491,94.85,49.2,trust_fused,104,ATTACK,176,"(15, 18)",False,2,False,1935
0,0.0,True,0.0,0.9,0.9,1883,0,1883.0,88,11,23,"(2, 41)",0,0.020739404869251576,82.47826086956522,35.43478260869565,trust_fused,88,ATTACK,147,"(3, 48)",False,0,False,1940
54,0.0,False,0.0,0.14395500212596885,0.14395500212596885,1609,291,1609.0,96,3,19,"(33, 8)",0,0.013513513513513514,93.6842105263158,48.73684210526316,trust_fused,96,ATTACK,443,"(30, 32)",False,1,False,1940
57,0.0,True,0.0,0.5338372384410277,0.6689154432728718,1886,1,1886.0,104,14,20,"(15, 2)",0,0.05675675675675676,94.85,49.2,trust_fused,104,ATTACK,176,"(15, 13)",False,2,False,1940
0,0.0,True,0.0,0.9,0.9,1888,0,1888.0,88,11,23,"(2, 41)",0,0.020739404869251576,82.47826086956522,35.43478260869565,trust_fused,88,ATTACK,147,"(3, 43)",False,0,False,1945
54,0.0,False,0.0,0.14395500212596885,0.14395500212596885,1609,296,1609.0,96,3,19,"(33, 8)",0,0.013513513513513514,93.6842105263158,48.73684210526316,trust_fused,96,ATTACK,448,"(30, 32)",False,1,False,1945
57,0.0,True,0.0,0.5694097516205808,0.7037797973234471,1891,1,1891.0,104,14,20,"(15, 2)",0,0.05765765765765766,94.85,49.2,trust_fused,104,ATTACK,176,"(15, 8)",False,2,False,1945
0,0.0,True,0.0,0.9,0.9,1892,0,1892.0,90,11,24,"(3, 8)",0,0.06672678088367899,81.20833333333333,34.458333333333336,trust_fused,90,ATTACK,149,"(3, 41)",False,0,False,1950
49,0.0,False,0.0,0.14395500212596885,0.14395500212596885,1610,300,1610.0,97,3,19,"(33, 8)",0,0.05945945945945946,93.6842105263158,48.73684210526316,trust_fused,97,ATTACK,453,"(30, 31)",False,1,False,1950
57,0.0,True,0.0,0.5833932857999122,0.7156853453417676,1896,1,1896.0,104,14,20,"(15, 2)",0,0.0945945945945946,94.85,49.2,trust_fused,104,ATTACK,177,"(15, 3)",False,2,False,1950
0,0.0,True,0.0,0.9,0.9,1897,0,1897.0,90,11,24,"(3, 8)",0,0.06486486486486487,81.20833333333333,34.458333333333336,trust_fused,90,ATTACK,149,"(4, 37)",False,0,False,1955
29,0.0,False,0.0,0.14395500212596885,0.14395500212596885,1615,300,1615.0,97,3,19,"(33, 8)",0,0.0594059405940594,93.6842105263158,48.73684210526316,trust_fused,97,ATTACK,453,"(29, 27)",False,1,False,1955
57,0.0,True,0.0,0.5833932857999122,0.7156853453417676,1900,1,1900.0,105,14,20,"(24, 45)",0,0.07387387387387387,94.85,49.2,trust_fused,105,ATTACK,178,"(15, 5)",False,2,False,1955
0,0.0,True,0.0,0.9,0.9,1902,0,1902.0,90,11,24,"(3, 8)",0,0.06560449859418932,81.20833333333333,34.458333333333336,trust_fused,90,ATTACK,149,"(8, 36)",False,0,False,1960
29,0.0,False,0.0,0.14395500212596885,0.14395500212596885,1620,300,1620.0,97,3,19,"(33, 8)",0,0.061567164179104475,93.6842105263158,48.73684210526316,trust_fused,97,ATTACK,453,"(29, 22)",False,1,False,1960
57,0.0,True,0.0,0.5833932857999122,0.7156853453417676,1905,1,1905.0,105,14,20,"(24, 45)",0,0.07303370786516854,94.85,49.2,trust_fused,105,ATTACK,178,"(16, 9)",False,2,False,1960
0,0.0,True,0.0,0.9,0.9,1907,0,1907.0,90,11,24,"(3, 8)",0,0.06325581395348837,81.20833333333333,34.458333333333336,trust_fused,90,ATTACK,149,"(12, 35)",False,0,False,1965
29,0.0,False,0.0,0.14395500212596885,0.14395500212596885,1625,300,1625.0,97,3,19,"(33, 8)",0,0.05925925925925926,93.6842105263158,48.73684210526316,trust_fused,97,ATTACK,453,"(29, 17)",False,1,False,1965
57,0.0,True,0.0,0.5833932857999122,0.7156853453417676,1910,1,1910.0,107,14,20,"(24, 45)",0,0.06604651162790698,94.85,49.2,trust_fused,107,ATTACK,180,"(17, 13)",False,2,False,1965
0,0.0,True,0.0,0.9,0.9,1912,0,1912.0,90,11,24,"(3, 8)",0,0.05474452554744526,81.20833333333333,34.458333333333336,trust_fused,90,ATTACK,149,"(12, 30)",False,0,False,1970
23,0.0,False,0.0,0.14395500212596885,0.14395500212596885,1630,300,1630.0,97,3,19,"(33, 8)",0,0.055404178019981834,93.6842105263158,48.73684210526316,trust_fused,97,ATTACK,453,"(29, 12)",False,1,False,1970
56,0.0,True,0.0,0.5833932857999122,0.7156853453417676,1915,1,1915.0,107,14,20,"(24, 45)",0,0.06204379562043796,94.85,49.2,trust_fused,107,ATTACK,180,"(18, 17)",False,2,False,1970
0,0.0,True,0.0,0.9,0.9,1917,0,1917.0,91,11,24,"(3, 8)",0,0.04512635379061372,81.20833333333333,34.458333333333336,trust_fused,91,ATTACK,151,"(12, 25)",False,0,False,1975
23,0.0,False,0.0,0.14395500212596885,0.14395500212596885,1635,300,1635.0,97,3,19,"(33, 8)",0,0.04851752021563342,93.6842105263158,48.73684210526316,trust_fused,97,ATTACK,454,"(30, 8)",False,1,False,1975
56,0.0,True,0.0,0.597544680060943,0.7329022174506509,1920,1,1920.0,107,14,20,"(24, 45)",0,0.05415162454873646,94.85,49.2,trust_fused,107,ATTACK,181,"(18, 22)",False,2,False,1975
0,0.0,True,0.0,0.9,0.9,1922,0,1922.0,91,11,24,"(3, 8)",0,0.04144144144144144,81.20833333333333,34.458333333333336,trust_fused,91,ATTACK,151,"(15, 23)",False,0,False,1980
38,0.0,False,0.0,0.14395500212596885,0.14395500212596885,1639,300,1639.0,98,3,19,"(33, 50)",0,0.04578096947935368,93.6842105263158,48.73684210526316,trust_fused,98,ATTACK,455,"(33, 9)",False,1,False,1980
71,0.0,True,0.0,0.6354127649598059,0.785271976751558,1925,1,1925.0,107,14,20,"(24, 45)",0,0.062162162162162166,94.85,49.2,trust_fused,107,ATTACK,181,"(18, 27)",False,2,False,1980
0,0.0,True,0.0,0.9,0.9,1927,0,1927.0,91,11,24,"(3, 8)",0,0.03783783783783784,81.20833333333333,34.458333333333336,trust_fused,91,ATTACK,151,"(15, 18)",False,0,False,1985
29,0.0,False,0.0,0.05040119629770293,0.05040119629770293,1644,300,1644.0,101,3,19,"(33, 50)",0,0.04039497307001795,93.6842105263158,48.73684210526316,trust_fused,101,ATTACK,458,"(33, 14)",False,1,False,1985
71,0.0,True,0.0,0.6748711138530821,0.8222219128138867,1930,1,1930.0,107,14,20,"(24, 45)",0,0.05855855855855856,94.85,49.2,trust_fused,107,ATTACK,181,"(18, 32)",False,2,False,1985
0,0.0,True,0.0,0.9,0.9,1932,0,1932.0,91,11,24,"(3, 8)",0,0.03423423423423423,81.20833333333333,34.458333333333336,trust_fused,91,ATTACK,151,"(15, 13)",False,0,False,1990
23,0.0,False,0.0,0.013858013194167969,0.013858013194167969,1649,300,1649.0,101,3,19,"(33, 50)",0,0.03949730700179533,93.6842105263158,48.73684210526316,trust_fused,101,ATTACK,458,"(30, 16)",False,1,False,1990
71,0.0,True,0.0,0.7120191628907188,0.8485077091294069,1935,1,1935.0,107,14,20,"(24, 45)",0,0.04954954954954955,94.85,49.2,trust_fused,107,ATTACK,181,"(18, 37)",False,2,False,1990
0,0.0,True,0.0,0.9,0.9,1937,0,1937.0,91,11,24,"(3, 8)",0,0.03063063063063063,81.20833333333333,34.458333333333336,trust_fused,91,ATTACK,151,"(15, 8)",False,0,False,1995
23,0.0,False,0.0,0.013858013194167969,0.013858013194167969,1654,300,1654.0,101,3,19,"(33, 50)",0,0.03411131059245961,93.6842105263158,48.73684210526316,trust_fused,101,ATTACK,458,"(29, 20)",False,1,False,1995
71,0.0,True,0.0,0.7328555682521533,0.8626975148057111,1940,1,1940.0,107,14,20,"(24, 45)",0,0.047747747747747746,94.85,49.2,trust_fused,107,ATTACK,181,"(21, 39)",False,2,False,1995
0,0.0,True,0.0,0.9,0.9,1942,0,1942.0,91,11,24,"(3, 8)",0,0.027002700270027002,81.20833333333333,34.458333333333336,trust_fused,91,RECOVERY,152,"(10, 8)",False,0,False,2000
23,0.0,False,0.0,0.013858013194167969,0.013858013194167969,1659,300,1659.0,101,3,19,"(33, 50)",0,0.03139013452914798,93.6842105263158,48.73684210526316,trust_fused,101,RECOVERY,459,"(29, 25)",False,1,False,2000
71,0.0,True,0.0,0.7328555682521533,0.8626975148057111,1945,1,1945.0,107,14,20,"(24, 45)",0,0.047619047619047616,94.85,49.2,trust_fused,107,RECOVERY,182,"(25, 40)",False,2,False,2000
0,0.0,True,0.0,0.9,0.9,1947,0,1947.0,91,11,24,"(3, 8)",0,0.0242152466367713,81.20833333333333,34.458333333333336,trust_fused,91,RECOVERY,152,"(5, 8)",False,0,False,2005
23,0.0,False,0.0,0.013858013194167969,0.013858013194167969,1664,300,1664.0,101,3,19,"(33, 50)",0,0.029490616621983913,93.6842105263158,48.73684210526316,trust_fused,101,RECOVERY,459,"(29, 30)",False,1,False,2005
71,0.0,True,0.0,0.7328555682521533,0.8626975148057111,1950,1,1950.0,107,14,20,"(24, 45)",0,0.043867502238137866,94.85,49.2,trust_fused,107,RECOVERY,182,"(25, 45)",False,2,False,2005
0,0.0,True,0.0,0.9,0.9,1951,0,1951.0,92,11,24,"(33, 8)",0,0.02062780269058296,81.20833333333333,34.458333333333336,trust_fused,92,RECOVERY,153,"(5, 8)",False,0,False,2010
21,0.0,False,0.0,0.013858013194167969,0.013858013194167969,1669,300,1669.0,101,3,19,"(33, 50)",0,0.029490616621983913,93.6842105263158,48.73684210526316,trust_fused,101,RECOVERY,459,"(30, 34)",False,1,False,2010
70,0.0,True,0.0,0.7328555682521533,0.8626975148057111,1954,1,1954.0,108,14,21,"(2, 41)",0,0.04207699194270367,95.57142857142857,49.476190476190474,trust_fused,108,RECOVERY,183,"(25, 43)",False,2,False,2010
0,0.0,True,0.0,0.9,0.9,1956,0,1956.0,92,11,24,"(33, 8)",0,0.01883408071748879,81.20833333333333,34.458333333333336,trust_fused,92,RECOVERY,153,"(10, 8)",False,0,False,2015
18,0.0,False,0.0,0.013858013194167969,0.013858013194167969,1674,300,1674.0,101,3,19,"(33, 50)",0,0.029490616621983913,93.6842105263158,48.73684210526316,trust_fused,101,RECOVERY,459,"(29, 38)",False,1,False,2015
70,0.0,True,0.0,0.7328555682521533,0.8626975148057111,1959,1,1959.0,108,14,21,"(2, 41)",0,0.03849597135183527,95.57142857142857,49.476190476190474,trust_fused,108,RECOVERY,183,"(23, 40)",False,2,False,2015
0,0.0,True,0.0,0.9,0.9,1961,0,1961.0,92,11,24,"(33, 8)",0,0.017657992565055763,81.20833333333333,34.458333333333336,trust_fused,92,RECOVERY,153,"(14, 9)",False,0,False,2020
15,0.0,False,0.0,0.013858013194167969,0.013858013194167969,1679,300,1679.0,102,3,19,"(33, 50)",0,0.0287569573283859,93.6842105263158,48.73684210526316,trust_fused,102,RECOVERY,460,"(31, 41)",False,1,False,2020
70,0.0,True,0.0,0.7328555682521533,0.8626975148057111,1964,1,1964.0,108,14,21,"(2, 41)",0,0.036178107606679034,95.57142857142857,49.476190476190474,trust_fused,108,RECOVERY,183,"(18, 40)",False,2,False,2020
0,0.0,True,0.0,0.9,0.9,1966,0,1966.0,92,11,24,"(33, 8)",0,0.01486988847583643,81.20833333333333,34.458333333333336,trust_fused,92,RECOVERY,154,"(19, 9)",False,0,False,2025
11,0.0,False,0.0,0.013858013194167969,0.013858013194167969,1684,300,1684.0,102,3,19,"(33, 50)",0,0.025974025974025976,93.6842105263158,48.73684210526316,trust_fused,102,RECOVERY,461,"(32, 45)",False,1,False,2025
70,0.0,True,0.0,0.7646785647006451,0.8800484216376594,1969,1,1969.0,108,14,21,"(2, 41)",0,0.026901669758812616,95.57142857142857,49.476190476190474,trust_fused,108,RECOVERY,184,"(14, 41)",False,2,False,2025
0,0.0,True,0.0,0.9,0.9,1971,0,1971.0,92,11,24,"(33, 8)",0,0.012081784386617101,81.20833333333333,34.458333333333336,trust_fused,92,RECOVERY,154,"(24, 9)",False,0,False,2030
11,0.0,False,0.0,0.013858013194167969,0.013858013194167969,1689,300,1689.0,102,3,19,"(33, 50)",0,0.022263450834879406,93.6842105263158,48.73684210526316,trust_fused,102,RECOVERY,461,"(32, 50)",False,1,False,2030
70,0.0,True,0.0,0.7876555000577999,0.8938744389835565,1974,1,1974.0,109,14,21,"(2, 41)",0,0.023191094619666047,95.57142857142857,49.476190476190474,trust_fused,109,RECOVERY,185,"(9, 41)",False,2,False,2030
0,0.0,True,0.0,0.9,0.9,1976,0,1976.0,92,11,24,"(33, 8)",0,0.012081784386617101,81.20833333333333,34.458333333333336,trust_fused,92,RECOVERY,154,"(28, 8)",False,0,False,2035
11,0.0,False,0.0,0.013858013194167969,0.013858013194167969,1693,300,1693.0,103,3,20,"(25, 2)",0,0.021335807050092765,101.6,48.95,trust_fused,103,RECOVERY,462,"(31, 49)",False,1,False,2035
70,0.0,True,0.0,0.8036420664548942,0.9020806325790004,1979,1,1979.0,109,14,21,"(2, 41)",0,0.022263450834879406,95.57142857142857,49.476190476190474,trust_fused,109,RECOVERY,185,"(7, 44)",False,2,False,2035
0,0.0,True,0.0,0.9,0.9,1981,0,1981.0,92,11,24,"(33, 8)",0,0.011363636363636364,81.20833333333333,34.458333333333336,trust_fused,92,RECOVERY,154,"(33, 8)",False,0,False,2040
11,0.0,False,0.0,0.013858013194167969,0.013858013194167969,1698,300,1698.0,103,3,20,"(25, 2)",0,0.019886363636363636,101.6,48.95,trust_fused,103,RECOVERY,462,"(31, 44)",False,1,False,2040
70,0.0,True,0.0,0.823171277613499,0.9126005854008573,1984,1,1984.0,109,14,21,"(2, 41)",0,0.020793950850661626,95.57142857142857,49.476190476190474,trust_fused,109,RECOVERY,185,"(5, 43)",False,2,False,2040
0,0.0,True,0.0,0.9,0.9,1985,0,1985.0,93,11,25,"(24, 45)",0,0.011363636363636364,81.64,34.4,trust_fused,93,RECOVERY,155,"(29, 8)",False,0,False,2045
11,0.0,False,0.0,0.013858013194167969,0.013858013194167969,1703,300,1703.0,103,3,20,"(25, 2)",0,0.01893939393939394,101.6,48.95,trust_fused,103,RECOVERY,462,"(29, 41)",False,1,False,2045
70,0.0,True,0.0,0.8367791330806862,0.9214148547744917,1989,1,1989.0,109,14,21,"(2, 41)",0,0.020793950850661626,95.57142857142857,49.476190476190474,trust_fused,109,RECOVERY,185,"(2, 41)",False,2,False,2045
0,0.0,True,0.0,0.9,0.9,1990,0,1990.0,93,11,25,"(24, 45)",0,0.011363636363636364,81.64,34.4,trust_fused,93,RECOVERY,156,"(27, 11)",False,0,False,2050
10,0.0,False,0.0,0.013858013194167969,0.013858013194167969,1708,300,1708.0,103,3,20,"(25, 2)",0,0.017992424242424244,101.6,48.95,trust_fused,103,RECOVERY,463,"(29, 36)",False,1,False,2050
58,0.0,True,0.0,0.8496371965881033,0.9291888297172002,1993,1,1993.0,110,14,21,"(25, 2)",0,0.013232514177693762,95.57142857142857,49.476190476190474,trust_fused,110,RECOVERY,187,"(3, 38)",False,2,False,2050
0,0.0,True,0.0,0.9,0.9,1995,0,1995.0,93,11,25,"(24, 45)",0,0.0113314447592068,81.64,34.4,trust_fused,93,RECOVERY,156,"(25, 14)",False,0,False,2055
9,0.0,False,0.0,0.013858013194167969,0.013858013194167969,1713,300,1713.0,103,3,20,"(25, 2)",0,0.0169971671388102,101.6,48.95,trust_fused,103,RECOVERY,463,"(29, 31)",False,1,False,2055
57,0.0,True,0.0,0.8690588857316963,0.9389824988452454,1998,1,1998.0,110,14,21,"(25, 2)",0,0.009433962264150943,95.57142857142857,49.476190476190474,trust_fused,110,RECOVERY,187,"(6, 36)",False,2,False,2055
0,0.0,True,0.0,0.9,0.9,2000,0,2000.0,93,11,25,"(24, 45)",0,0.010338345864661654,81.64,34.4,trust_fused,93,RECOVERY,156,"(25, 19)",False,0,False,2060
9,0.0,False,0.0,0.013858013194167969,0.013858013194167969,1718,300,1718.0,103,3,20,"(25, 2)",0,0.016917293233082706,101.6,48.95,trust_fused,103,RECOVERY,463,"(29, 26)",False,1,False,2060
56,0.0,True,0.0,0.8860374127560172,0.9468741728076039,2003,1,2003.0,110,14,21,"(25, 2)",0,0.009398496240601503,95.57142857142857,49.476190476190474,trust_fused,110,RECOVERY,187,"(11, 36)",False,2,False,2060
0,0.0,True,0.0,0.9,0.9,2005,0,2005.0,93,11,25,"(24, 45)",0,0.009380863039399626,81.64,34.4,trust_fused,93,RECOVERY,156,"(25, 24)",False,0,False,2065
9,0.0,False,0.0,0.037310359592335515,0.18815952435527464,1723,300,1723.0,103,3,20,"(25, 2)",0,0.016885553470919325,101.6,48.95,trust_fused,103,RECOVERY,463,"(29, 21)",False,1,False,2065
42,0.0,True,0.0,0.8922032834210744,0.9499216037240612,2008,1,2008.0,110,14,21,"(25, 2)",0,0.009380863039399626,95.57142857142857,49.476190476190474,trust_fused,110,RECOVERY,187,"(16, 36)",False,2,False,2065
0,0.0,True,0.0,0.9,0.9,2010,0,2010.0,93,11,25,"(24, 45)",0,0.009380863039399626,81.64,34.4,trust_fused,93,RECOVERY,156,"(25, 29)",False,0,False,2070
9,0.0,False,0.0,0.09209721763331107,0.3301545168551772,1728,300,1728.0,103,3,20,"(25, 2)",0,0.016885553470919325,101.6,48.95,trust_fused,103,RECOVERY,463,"(28, 17)",False,1,False,2070
21,0.0,True,0.0,0.8951618930981642,0.9513754769628714,2013,1,2013.0,110,14,21,"(25, 2)",0,0.009380863039399626,95.57142857142857,49.476190476190474,trust_fused,110,RECOVERY,187,"(17, 32)",False,2,False,2070
0,0.0,True,0.0,0.9,0.9,2015,0,2015.0,93,11,25,"(24, 45)",0,0.009380863039399626,81.64,34.4,trust_fused,93,RECOVERY,157,"(25, 34)",False,0,False,2075
9,0.0,False,0.0,0.16123684892158263,0.4356691640405696,1733,300,1733.0,104,3,20,"(25, 2)",0,0.016885553470919325,101.6,48.95,trust_fused,104,RECOVERY,464,"(27, 13)",False,1,False,2075
16,0.0,True,0.0,0.9088886893928204,0.9583636746232487,2018,1,2018.0,110,14,21,"(25, 2)",0,0.009380863039399626,95.57142857142857,49.476190476190474,trust_fused,110,RECOVERY,188,"(17, 27)",False,2,False,2075
0,0.0,True,0.0,0.9,0.9,2020,0,2020.0,93,11,25,"(24, 45)",0,0.009380863039399626,81.64,34.4,trust_fused,93,RECOVERY,157,"(25, 39)",False,0,False,2080
9,0.0,True,0.0,0.2357071960716513,0.5217201054836101,1738,300,1738.0,104,3,20,"(25, 2)",0,0.016885553470919325,101.6,48.95,trust_fused,104,RECOVERY,464,"(25, 10)",False,1,False,2080
16,0.0,True,0.0,0.9208452699516657,0.9637470077422114,2023,1,2023.0,110,14,21,"(25, 2)",0,0.01125703564727955,95.57142857142857,49.476190476190474,trust_fused,110,RECOVERY,188,"(17, 22)",False,2,False,2080
0,0.0,True,0.0,0.9,0.9,2025,0,2025.0,93,11,25,"(24, 45)",0,0.009380863039399626,81.64,34.4,trust_fused,93,RECOVERY,157,"(25, 44)",False,0,False,2085
9,0.0,True,0.0,0.31054958516988745,0.5924434295530762,1743,300,1743.0,104,3,20,"(25, 2)",0,0.016885553470919325,101.6,48.95,trust_fused,104,RECOVERY,464,"(25, 5)",False,1,False,2085
16,0.0,True,0.0,0.9292408150300271,0.9673432977277879,2028,1,2028.0,110,14,21,"(25, 2)",0,0.01125703564727955,95.57142857142857,49.476190476190474,trust_fused,110,RECOVERY,188,"(18, 18)",False,2,False,2085
0,0.0,True,0.0,0.9,0.9,2029,0,2029.0,94,11,25,"(2, 20)",0,0.009380863039399626,81.64,34.4,trust_fused,94,RECOVERY,158,"(25, 44)",False,0,False,2090
9,0.0,True,0.0,0.3394770648723765,0.6119303619505164,1747,300,1747.0,105,3,20,"(33, 30)",0,0.016885553470919325,101.6,48.95,trust_fused,105,RECOVERY,465,"(25, 3)",False,1,False,2090
16,0.0,True,0.0,0.9385466206206861,0.972137724960677,2033,1,2033.0,110,14,21,"(25, 2)",0,0.01125703564727955,95.57142857142857,49.476190476190474,trust_fused,110,RECOVERY,188,"(18, 13)",False,2,False,2090
0,0.0,True,0.0,0.9,0.9,2034,0,2034.0,94,11,25,"(2, 20)",0,0.009380863039399626,81.64,34.4,trust_fused,94,RECOVERY,158,"(24, 40)",False,0,False,2095
9,0.0,True,0.0,0.3394770648723765,0.6119303619505164,1752,300,1752.0,105,3,20,"(33, 30)",0,0.016885553470919325,101.6,48.95,trust_fused,105,RECOVERY,465,"(26, 7)",False,1,False,2095
16,0.0,True,0.0,0.9467282083398153,0.9763563572050141,2038,1,2038.0,110,14,21,"(25, 2)",0,0.01125703564727955,95.57142857142857,49.476190476190474,trust_fused,110,RECOVERY,188,"(19, 9)",False,2,False,2095
0,0.0,True,0.0,0.9,0.9,2039,0,2039.0,95,11,25,"(2, 20)",0,0.06378986866791744,81.64,34.4,trust_fused,95,RECOVERY,159,"(23, 36)",False,0,False,2100
9,0.0,True,0.0,0.3535803699060405,0.6215431655456568,1757,300,1757.0,106,3,20,"(33, 30)",0,0.0675422138836773,101.6,48.95,trust_fused,106,RECOVERY,466,"(26, 12)",False,1,False,2100
16,0.0,True,0.0,0.9525936710147711,0.9794545742436399,2043,1,2043.0,110,14,21,"(25, 2)",0,0.058161350844277676,95.57142857142857,49.476190476190474,trust_fused,110,RECOVERY,189,"(24, 9)",False,2,False,2100
0,0.0,True,0.0,0.9,0.9,2044,0,2044.0,95,11,25,"(2, 20)",0,0.06191369606003752,81.64,34.4,trust_fused,95,RECOVERY,159,"(21, 33)",False,0,False,2105
9,0.0,True,0.0,0.3535803699060405,0.6215431655456568,1762,300,1762.0,107,3,20,"(33, 30)",0,0.06566604127579738,101.6,48.95,trust_fused,107,RECOVERY,467,"(30, 13)",False,1,False,2105
16,0.0,True,0.0,0.9525936710147711,0.9794545742436399,2048,1,2048.0,110,14,21,"(25, 2)",0,0.05722326454033771,95.57142857142857,49.476190476190474,trust_fused,110,RECOVERY,189,"(25, 5)",False,2,False,2105
0,0.0,True,0.0,0.9,0.9,2049,0,2049.0,95,11,25,"(2, 20)",0,0.058161350844277676,81.64,34.4,trust_fused,95,RECOVERY,159,"(21, 28)",False,0,False,2110
9,0.0,True,0.0,0.3535803699060405,0.6215431655456568,1767,300,1767.0,108,3,20,"(33, 30)",0,0.06191369606003752,101.6,48.95,trust_fused,108,RECOVERY,468,"(29, 17)",False,1,False,2110
16,0.0,True,0.0,0.9525936710147711,0.9794545742436399,2051,1,2051.0,111,14,22,"(33, 50)",0,0.05347091932457786,95.86363636363636,50.09090909090909,trust_fused,111,RECOVERY,191,"(25, 2)",False,2,False,2110
0,0.0,True,0.0,0.9,0.9,2054,0,2054.0,95,11,25,"(2, 20)",0,0.05065666041275797,81.64,34.4,trust_fused,95,RECOVERY,159,"(19, 25)",False,0,False,2115
9,0.0,True,0.0,0.3535803699060405,0.6215431655456568,1772,300,1772.0,110,3,20,"(33, 30)",0,0.05347091932457786,101.6,48.95,trust_fused,110,RECOVERY,470,"(28, 21)",False,1,False,2115
16,0.0,True,0.0,0.9525936710147711,0.9794545742436399,2056,1,2056.0,111,14,22,"(33, 50)",0,0.0450281425891182,95.86363636363636,50.09090909090909,trust_fused,111,RECOVERY,191,"(25, 7)",False,2,False,2115
0,0.0,True,0.0,0.9,0.9,2059,0,2059.0,95,11,25,"(2, 20)",0,0.043151969981238276,81.64,34.4,trust_fused,95,RECOVERY,159,"(14, 25)",False,0,False,2120
9,0.0,True,0.0,0.42200911469657404,0.6762833892027058,1777,300,1777.0,110,3,20,"(33, 30)",0,0.04596622889305816,101.6,48.95,trust_fused,110,RECOVERY,470,"(28, 26)",False,1,False,2120
16,0.0,True,0.0,0.9525936710147711,0.9794545742436399,2061,1,2061.0,111,14,22,"(33, 50)",0,0.04221388367729831,95.86363636363636,50.09090909090909,trust_fused,111,RECOVERY,191,"(22, 9)",False,2,False,2120
0,0.0,True,0.0,0.9,0.9,2064,0,2064.0,96,11,25,"(2, 20)",0,0.03796296296296296,81.64,34.4,trust_fused,96,RECOVERY,160,"(11, 23)",False,0,False,2125
9,0.0,True,0.0,0.4861961142327844,0.7228463608006025,1782,300,1782.0,110,3,20,"(33, 30)",0,0.03888888888888889,101.6,48.95,trust_fused,110,RECOVERY,471,"(29, 30)",False,1,False,2125
16,0.0,True,0.0,0.9525936710147711,0.9794545742436399,2066,1,2066.0,111,14,22,"(33, 50)",0,0.03981481481481482,95.86363636363636,50.09090909090909,trust_fused,111,RECOVERY,192,"(19, 11)",False,2,False,2125
0,0.0,True,0.0,0.9,0.9,2069,0,2069.0,96,11,25,"(2, 20)",0,0.036231884057971016,81.64,34.4,trust_fused,96,RECOVERY,160,"(8, 21)",False,0,False,2130
9,0.0,True,0.0,0.4861961142327844,0.7228463608006025,1786,300,1786.0,111,3,21,"(2, 41)",0,0.04076086956521739,101.42857142857143,48.57142857142857,trust_fused,111,RECOVERY,472,"(33, 30)",False,1,False,2130
16,0.0,True,0.0,0.9525936710147711,0.9794545742436399,2071,1,2071.0,111,14,22,"(33, 50)",0,0.03804347826086957,95.86363636363636,50.09090909090909,trust_fused,111,RECOVERY,192,"(18, 15)",False,2,False,2130
0,0.0,True,0.0,0.9,0.9,2074,0,2074.0,96,11,25,"(2, 20)",0,0.03593890386343217,81.64,34.4,trust_fused,96,RECOVERY,160,"(4, 20)",False,0,False,2135
9,0.0,True,0.0,0.4861961142327844,0.7228463608006025,1791,300,1791.0,111,3,21,"(2, 41)",0,0.039532794249775384,101.42857142857143,48.57142857142857,trust_fused,111,RECOVERY,472,"(29, 31)",False,1,False,2135
16,0.0,True,0.0,0.9590826651754789,0.9824116005046521,2076,1,2076.0,111,14,22,"(33, 50)",0,0.036837376460017966,95.86363636363636,50.09090909090909,trust_fused,111,RECOVERY,192,"(19, 19)",False,2,False,2135
0,0.0,True,0.0,0.9,0.9,2078,0,2078.0,97,11,26,"(15, 2)",0,0.03587443946188341,82.23076923076923,35.0,trust_fused,97,RECOVERY,161,"(4, 20)",False,0,False,2140
9,0.0,True,0.0,0.5453162890359674,0.7616338785683724,1796,300,1796.0,111,3,21,"(2, 41)",0,0.03497757847533632,101.42857142857143,48.57142857142857,trust_fused,111,RECOVERY,472,"(26, 33)",False,1,False,2140
16,0.0,True,0.0,0.9647555850427758,0.9852035881619224,2081,1,2081.0,111,14,22,"(33, 50)",0,0.03228699551569507,95.86363636363636,50.09090909090909,trust_fused,111,RECOVERY,192,"(19, 24)",False,2,False,2140
0,0.0,True,0.0,0.9,0.9,2083,0,2083.0,97,11,26,"(15, 2)",0,0.03228699551569507,82.23076923076923,35.0,trust_fused,97,RECOVERY,161,"(9, 20)",False,0,False,2145
9,0.0,True,0.0,0.5990054778575433,0.7944964819840078,1801,300,1801.0,111,3,21,"(2, 41)",0,0.030493273542600896,101.42857142857143,48.57142857142857,trust_fused,111,RECOVERY,472,"(24, 36)",False,1,False,2145
16,0.0,True,0.0,0.9697025395093288,0.987407421480257,2086,1,2086.0,111,14,22,"(33, 50)",0,0.028699551569506727,95.86363636363636,50.09090909090909,trust_fused,111,RECOVERY,192,"(20, 28)",False,2,False,2145
0,0.0,True,0.0,0.9,0.9,2088,0,2088.0,98,11,26,"(15, 2)",0,0.029596412556053813,82.23076923076923,35.0,trust_fused,98,RECOVERY,162,"(14, 20)",False,0,False,2150
9,0.0,True,0.0,0.6473447849871468,0.8229095711159576,1806,300,1806.0,111,3,21,"(2, 41)",0,0.02780269058295964,101.42857142857143,48.57142857142857,trust_fused,111,RECOVERY,473,"(19, 36)",False,1,False,2150
16,0.0,True,0.0,0.9739811981235068,0.9892786995083162,2091,1,2091.0,112,14,22,"(33, 50)",0,0.026905829596412557,95.86363636363636,50.09090909090909,trust_fused,112,RECOVERY,193,"(20, 33)",False,2,False,2150
0,0.0,True,0.0,0.9,0.9,2093,0,2093.0,98,11,26,"(15, 2)",0,0.02780269058295964,82.23076923076923,35.0,trust_fused,98,RECOVERY,162,"(15, 16)",False,0,False,2155
9,0.0,True,0.0,0.6822870296536558,0.8421382161104511,1811,300,1811.0,111,3,21,"(2, 41)",0,0.02600896860986547,101.42857142857143,48.57142857142857,trust_fused,111,RECOVERY,473,"(14, 36)",False,1,False,2155
16,0.0,True,0.0,0.9776436289042821,0.9906691845920012,2096,1,2096.0,112,14,22,"(33, 50)",0,0.025112107623318385,95.86363636363636,50.09090909090909,trust_fused,112,RECOVERY,193,"(22, 36)",False,2,False,2155
0,0.0,True,0.0,0.9,0.9,2098,0,2098.0,98,11,26,"(15, 2)",0,0.023318385650224215,82.23076923076923,35.0,trust_fused,98,RECOVERY,162,"(15, 11)",False,0,False,2160
9,0.0,True,0.0,0.6822870296536558,0.8421382161104511,1816,300,1816.0,113,3,21,"(2, 41)",0,0.01883408071748879,101.42857142857143,48.57142857142857,trust_fused,113,RECOVERY,475,"(9, 36)",False,1,False,2160
16,0.0,True,0.0,0.9801768029447356,0.991616300535041,2101,1,2101.0,112,14,22,"(33, 50)",0,0.019730941704035873,95.86363636363636,50.09090909090909,trust_fused,112,RECOVERY,193,"(24, 39)",False,2,False,2160
0,0.0,True,0.0,0.9,0.9,2103,0,2103.0,98,11,26,"(15, 2)",0,0.017889087656529516,82.23076923076923,35.0,trust_fused,98,RECOVERY,162,"(15, 6)",False,0,False,2165
9,0.0,True,0.0,0.6822870296536558,0.8421382161104511,1821,300,1821.0,113,3,21,"(2, 41)",0,0.016100178890876567,101.42857142857143,48.57142857142857,trust_fused,113,RECOVERY,475,"(6, 36)",False,1,False,2165
16,0.0,True,0.0,0.9801768029447356,0.991616300535041,2106,1,2106.0,112,14,22,"(33, 50)",0,0.013416815742397137,95.86363636363636,50.09090909090909,trust_fused,112,RECOVERY,193,"(25, 43)",False,2,False,2165
0,0.0,True,0.0,0.9,0.9,2107,0,2107.0,99,11,26,"(21, 17)",0,0.013416815742397137,82.23076923076923,35.0,trust_fused,99,RECOVERY,163,"(15, 2)",False,0,False,2170
9,0.0,True,0.0,0.6822870296536558,0.8421382161104511,1826,300,1826.0,113,3,21,"(2, 41)",0,0.01520572450805009,101.42857142857143,48.57142857142857,trust_fused,113,RECOVERY,475,"(3, 38)",False,1,False,2170
11,0.0,True,0.0,0.9801768029447356,0.991616300535041,2111,1,2111.0,112,14,22,"(33, 50)",0,0.01073345259391771,95.86363636363636,50.09090909090909,trust_fused,112,RECOVERY,193,"(27, 46)",False,2,False,2170
0,0.0,True,0.0,0.9,0.9,2112,0,2112.0,100,11,26,"(21, 17)",0,0.009838998211091235,82.23076923076923,35.0,trust_fused,100,RECOVERY,164,"(15, 7)",False,0,False,2175
9,0.0,True,0.0,0.6822870296536558,0.8421382161104511,1830,300,1830.0,114,3,21,"(25, 2)",0,0.011627906976744186,101.42857142857143,48.57142857142857,trust_fused,114,RECOVERY,477,"(2, 41)",False,1,False,2175
11,0.0,True,0.0,0.9801768029447356,0.991616300535041,2116,1,2116.0,112,14,22,"(33, 50)",0,0.009838998211091235,95.86363636363636,50.09090909090909,trust_fused,112,RECOVERY,194,"(29, 49)",False,2,False,2175
0,0.0,True,0.0,0.9,0.9,2117,0,2117.0,100,11,26,"(21, 17)",0,0.008944543828264758,82.23076923076923,35.0,trust_fused,100,RECOVERY,164,"(17, 10)",False,0,False,2180
9,0.0,True,0.0,0.6822870296536558,0.8421382161104511,1835,300,1835.0,114,3,21,"(25, 2)",0,0.01073345259391771,101.42857142857143,48.57142857142857,trust_fused,114,RECOVERY,477,"(7, 41)",False,1,False,2180
11,0.0,True,0.0,0.9801768029447356,0.991616300535041,2121,1,2121.0,112,14,22,"(33, 50)",0,0.008944543828264758,95.86363636363636,50.09090909090909,trust_fused,112,RECOVERY,194,"(33, 50)",False,2,False,2180
0,0.0,True,0.0,0.9,0.9,2122,0,2122.0,100,11,26,"(21, 17)",0,0.008944543828264758,82.23076923076923,35.0,trust_fused,100,RECOVERY,164,"(18, 14)",False,0,False,2185
9,0.0,True,0.0,0.6822870296536558,0.8421382161104511,1840,300,1840.0,114,3,21,"(25, 2)",0,0.011627906976744186,101.42857142857143,48.57142857142857,trust_fused,114,RECOVERY,477,"(9, 38)",False,1,False,2185
11,0.0,True,0.0,0.9801768029447356,0.991616300535041,2125,1,2125.0,113,14,23,"(33, 8)",0,0.008944543828264758,94.82608695652173,51.0,trust_fused,113,RECOVERY,195,"(33, 46)",False,2,False,2185
0,0.0,True,0.0,0.9,0.9,2127,0,2127.0,100,11,26,"(21, 17)",0,0.008944543828264758,82.23076923076923,35.0,trust_fused,100,RECOVERY,164,"(20, 17)",False,0,False,2190
9,0.0,True,0.0,0.6822870296536558,0.8421382161104511,1845,300,1845.0,114,3,21,"(25, 2)",0,0.009838998211091235,101.42857142857143,48.57142857142857,trust_fused,114,RECOVERY,477,"(12, 36)",False,1,False,2190
10,0.0,True,0.0,0.9801768029447356,0.991616300535041,2130,1,2130.0,113,14,23,"(33, 8)",0,0.008050089445438283,94.82608695652173,51.0,trust_fused,113,RECOVERY,195,"(28, 46)",False,2,False,2190
0,0.0,True,0.0,0.9,0.9,2131,0,2131.0,101,11,27,"(25, 2)",0,0.008944543828264758,81.18518518518519,34.51851851851852,trust_fused,101,RECOVERY,165,"(18, 17)",False,0,False,2195
9,0.0,True,0.0,0.7060898702966597,0.8524183862342851,1850,300,1850.0,114,3,21,"(25, 2)",0,0.009838998211091235,101.42857142857143,48.57142857142857,trust_fused,114,RECOVERY,477,"(16, 35)",False,1,False,2195
10,0.0,True,0.0,0.9801768029447356,0.991616300535041,2135,1,2135.0,113,14,23,"(33, 8)",0,0.006261180679785331,94.82608695652173,51.0,trust_fused,113,RECOVERY,195,"(28, 41)",False,2,False,2195
0,0.0,True,0.0,0.9,0.9,2136,0,2136.0,102,11,27,"(25, 2)",0,0.008050089445438283,81.18518518518519,34.51851851851852,trust_fused,102,RECOVERY,166,"(18, 12)",False,0,False,2200
9,0.0,True,0.0,0.7279231702428546,0.8623538534814542,1855,300,1855.0,115,3,21,"(25, 2)",0,0.010743061772605193,101.42857142857143,48.57142857142857,trust_fused,115,RECOVERY,478,"(20, 34)",False,1,False,2200
10,0.0,True,0.0,0.9801768029447356,0.991616300535041,2140,1,2140.0,113,14,23,"(33, 8)",0,0.004476275738585497,94.82608695652173,51.0,trust_fused,113,RECOVERY,196,"(28, 36)",False,2,False,2200
0,0.0,True,0.0,0.9,0.9,2141,0,2141.0,102,11,27,"(25, 2)",0,0.008050089445438283,81.18518518518519,34.51851851851852,trust_fused,102,RECOVERY,166,"(20, 9)",False,0,False,2205
9,0.0,True,0.0,0.7606152257987421,0.8787453578934765,1860,300,1860.0,115,3,21,"(25, 2)",0,0.011638316920322292,101.42857142857143,48.57142857142857,trust_fused,115,RECOVERY,478,"(22, 31)",False,1,False,2205
10,0.0,True,0.0,0.9801768029447356,0.991616300535041,2145,1,2145.0,113,14,23,"(33, 8)",0,0.004476275738585497,94.82608695652173,51.0,trust_fused,113,RECOVERY,196,"(28, 31)",False,2,False,2205
0,0.0,True,0.0,0.9,0.9,2146,0,2146.0,102,11,27,"(25, 2)",0,0.008050089445438283,81.18518518518519,34.51851851851852,trust_fused,102,RECOVERY,166,"(25, 9)",False,0,False,2210
9,0.0,True,0.0,0.7666824118195379,0.8819589462146579,1865,300,1865.0,115,3,21,"(25, 2)",0,0.010743061772605193,101.42857142857143,48.57142857142857,trust_fused,115,RECOVERY,478,"(26, 30)",False,1,False,2210
10,0.0,True,0.0,0.9823861850940554,0.9923216721452982,2150,1,2150.0,113,14,23,"(33, 8)",0,0.004476275738585497,94.82608695652173,51.0,trust_fused,113,RECOVERY,196,"(28, 26)",False,2,False,2210
0,0.0,True,0.0,0.9,0.9,2151,0,2151.0,102,11,27,"(25, 2)",0,0.008050089445438283,81.18518518518519,34.51851851851852,trust_fused,102,RECOVERY,166,"(25, 4)",False,0,False,2215
9,0.0,True,0.0,0.7666824118195379,0.8819589462146579,1870,300,1870.0,115,3,21,"(25, 2)",0,0.010743061772605193,101.42857142857143,48.57142857142857,trust_fused,115,RECOVERY,478,"(27, 26)",False,1,False,2215
10,0.0,True,0.0,0.9823861850940554,0.9923216721452982,2155,1,2155.0,113,14,23,"(33, 8)",0,0.004476275738585497,94.82608695652173,51.0,trust_fused,113,RECOVERY,196,"(28, 21)",False,2,False,2215
0,0.0,True,0.0,0.9,0.9,2155,0,2155.0,103,11,27,"(33, 30)",0,0.008204193254329991,81.18518518518519,34.51851851851852,trust_fused,103,RECOVERY,167,"(25, 4)",False,0,False,2220
6,0.0,True,0.0,0.7725625322938809,0.8842848213063993,1875,300,1875.0,115,3,21,"(25, 2)",0,0.006398537477148081,101.42857142857143,48.57142857142857,trust_fused,115,RECOVERY,478,"(27, 21)",False,1,False,2220
9,0.0,True,0.0,0.983863439358445,0.9929343059263548,2160,1,2160.0,115,14,23,"(33, 8)",0,0.004570383912248629,94.82608695652173,51.0,trust_fused,115,RECOVERY,198,"(28, 16)",False,2,False,2220
0,0.0,True,0.0,0.9,0.9,2160,0,2160.0,104,11,27,"(33, 30)",0,0.008181818181818182,81.18518518518519,34.51851851851852,trust_fused,104,RECOVERY,168,"(27, 7)",False,0,False,2225
6,0.0,True,0.0,0.7839556105904923,0.8910466098596004,1880,300,1880.0,116,3,21,"(25, 2)",0,0.006381039197812215,101.42857142857143,48.57142857142857,trust_fused,116,RECOVERY,479,"(29, 18)",False,1,False,2225
9,0.0,True,0.0,0.9843285510388468,0.9931656729664811,2165,1,2165.0,116,14,23,"(33, 8)",0,0.004557885141294439,94.82608695652173,51.0,trust_fused,116,RECOVERY,199,"(31, 14)",False,2,False,2225
0,0.0,True,0.0,0.9,0.9,2165,0,2165.0,104,11,27,"(33, 30)",0,0.008181818181818182,81.18518518518519,34.51851851851852,trust_fused,104,RECOVERY,168,"(29, 10)",False,0,False,2230
6,0.0,True,0.0,0.7949637191151284,0.8987423815752852,1885,300,1885.0,116,3,21,"(25, 2)",0,0.006381039197812215,101.42857142857143,48.57142857142857,trust_fused,116,RECOVERY,479,"(30, 14)",False,1,False,2230
9,0.0,True,0.0,0.9865043251168899,0.9944735806211539,2170,1,2170.0,116,14,23,"(33, 8)",0,0.004557885141294439,94.82608695652173,51.0,trust_fused,116,RECOVERY,199,"(33, 11)",False,2,False,2230
0,0.0,True,0.0,0.9,0.9,2169,0,2169.0,104,12,27,"(33, 30)",0,0.008181818181818182,81.18518518518519,34.51851851851852,trust_fused,104,RECOVERY,168,"(30, 13)",False,0,False,2235
6,0.0,True,0.0,0.8214532199906581,0.9191685581198034,1890,300,1890.0,116,3,21,"(25, 2)",0,0.006381039197812215,101.42857142857143,48.57142857142857,trust_fused,116,RECOVERY,479,"(28, 11)",False,1,False,2235
9,0.0,True,0.0,0.9881107231928535,0.9955155819416986,2174,1,2174.0,117,14,23,"(33, 30)",0,0.004557885141294439,94.82608695652173,51.0,trust_fused,117,RECOVERY,200,"(33, 9)",False,2,False,2235
0,0.0,True,0.0,0.9,0.9,2174,0,2174.0,104,12,27,"(33, 30)",0,0.006535947712418301,81.18518518518519,34.51851851851852,trust_fused,104,RECOVERY,168,"(29, 17)",False,0,False,2240
0,0.0,True,0.0,0.845873589199185,0.934516839501846,1895,300,1895.0,116,3,21,"(25, 2)",0,0.0065420560747663555,101.42857142857143,48.57142857142857,trust_fused,116,RECOVERY,479,"(25, 9)",False,1,False,2240
0,0.0,True,0.0,0.9899218761378787,0.9964609164928597,2179,1,2179.0,117,14,23,"(33, 30)",0,0.004672897196261682,94.82608695652173,51.0,trust_fused,117,RECOVERY,200,"(31, 12)",False,2,False,2240
0,0.0,True,0.0,0.9,0.9,2179,0,2179.0,104,12,27,"(33, 30)",0,0.006535947712418301,81.18518518518519,34.51851851851852,trust_fused,104,RECOVERY,168,"(30, 21)",False,0,False,2245
0,0.0,True,0.0,0.8674301357339717,0.944938372724756,1900,300,1900.0,116,3,21,"(25, 2)",0,0.0065420560747663555,101.42857142857143,48.57142857142857,trust_fused,116,RECOVERY,479,"(25, 4)",False,1,False,2245
0,0.0,True,0.0,0.9915023320151575,0.9971796324732751,2184,1,2184.0,117,14,23,"(33, 30)",0,0.004672897196261682,94.82608695652173,51.0,trust_fused,117,RECOVERY,200,"(30, 16)",False,2,False,2245
0,0.0,True,0.0,0.9,0.9,2184,0,2184.0,105,12,27,"(33, 30)",0,0.059757236227824466,81.18518518518519,34.51851851851852,trust_fused,105,RECOVERY,169,"(30, 26)",False,0,False,2250
0,0.0,True,0.0,0.8791327349247732,0.9517515688569973,1904,300,1904.0,117,3,22,"(2, 20)",0,0.0616822429906542,102.18181818181819,49.68181818181818,trust_fused,117,RECOVERY,481,"(25, 4)",False,1,False,2250
0,0.0,True,0.0,0.9928641601921299,0.9977115142966707,2189,1,2189.0,118,14,23,"(33, 30)",0,0.05514018691588785,94.82608695652173,51.0,trust_fused,118,RECOVERY,201,"(28, 19)",False,2,False,2250
0,0.0,True,0.0,0.9,0.9,2189,0,2189.0,105,12,27,"(33, 30)",0,0.059757236227824466,81.18518518518519,34.51851851851852,trust_fused,105,RECOVERY,169,"(29, 30)",False,0,False,2255
0,0.0,True,0.0,0.8791327349247732,0.9517515688569973,1909,300,1909.0,117,3,22,"(2, 20)",0,0.06074766355140187,102.18181818181819,49.68181818181818,trust_fused,117,RECOVERY,481,"(25, 9)",False,1,False,2255
0,0.0,True,0.0,0.9940191452067483,0.998117933311978,2194,1,2194.0,118,14,23,"(33, 30)",0,0.05514018691588785,94.82608695652173,51.0,trust_fused,118,RECOVERY,201,"(28, 24)",False,2,False,2255
0,0.0,True,0.0,0.9,0.9,2193,0,2193.0,106,12,28,"(33, 8)",0,0.05986903648269411,80.71428571428571,34.785714285714285,trust_fused,106,RECOVERY,170,"(33, 30)",False,0,False,2260
0,0.0,True,0.0,0.8791327349247732,0.9517515688569973,1914,300,1914.0,117,3,22,"(2, 20)",0,0.05986903648269411,102.18181818181819,49.68181818181818,trust_fused,117,RECOVERY,481,"(20, 9)",False,1,False,2260
0,0.0,True,0.0,0.9950035172591698,0.9985023174298545,2199,1,2199.0,118,14,23,"(33, 30)",0,0.05144995322731525,94.82608695652173,51.0,trust_fused,118,RECOVERY,201,"(29, 28)",False,2,False,2260
0,0.0,True,0.0,0.9,0.9,2197,0,2197.0,106,13,28,"(33, 8)",0,0.05986903648269411,80.71428571428571,34.785714285714285,trust_fused,106,RECOVERY,170,"(29, 30)",False,0,False,2265
0,0.0,True,0.0,0.8791327349247732,0.9517515688569973,1919,300,1919.0,117,3,22,"(2, 20)",0,0.05986903648269411,102.18181818181819,49.68181818181818,trust_fused,117,RECOVERY,481,"(15, 9)",False,1,False,2265
0,0.0,True,0.0,0.995838527204069,0.9988253881353025,2203,1,2203.0,118,15,23,"(33, 30)",0,0.05144995322731525,94.82608695652173,51.0,trust_fused,118,RECOVERY,201,"(27, 30)",False,2,False,2265
0,0.0,True,0.0,0.9,0.9,2202,0,2202.0,106,13,28,"(33, 8)",0,0.05986903648269411,80.71428571428571,34.785714285714285,trust_fused,106,RECOVERY,170,"(30, 26)",False,0,False,2270
0,0.0,True,0.0,0.8791327349247732,0.9517515688569973,1924,300,1924.0,117,3,22,"(2, 20)",0,0.05519176800748363,102.18181818181819,49.68181818181818,trust_fused,117,RECOVERY,481,"(14, 13)",False,1,False,2270
0,0.0,True,0.0,0.9964196293094099,0.9990424122518883,2208,1,2208.0,120,15,23,"(33, 30)",0,0.04957904583723106,94.82608695652173,51.0,trust_fused,120,RECOVERY,203,"(32, 30)",False,2,False,2270
0,0.0,True,0.0,0.9,0.9,2207,0,2207.0,106,13,28,"(33, 8)",0,0.05706267539756782,80.71428571428571,34.785714285714285,trust_fused,106,RECOVERY,171,"(30, 21)",False,0,False,2275
0,0.0,True,0.0,0.8791327349247732,0.9517515688569973,1929,300,1929.0,117,3,22,"(2, 20)",0,0.04957904583723106,102.18181818181819,49.68181818181818,trust_fused,117,RECOVERY,482,"(14, 18)",False,1,False,2275
0,0.0,True,0.0,0.9970436889620043,0.9992515823557887,2212,1,2212.0,121,15,24,"(2, 41)",0,0.042095416276894296,94.66666666666667,50.458333333333336,trust_fused,121,RECOVERY,205,"(30, 30)",False,2,False,2275
0,0.0,True,0.0,0.9,0.9,2212,0,2212.0,107,13,28,"(33, 8)",0,0.054307116104868915,80.71428571428571,34.785714285714285,trust_fused,107,RECOVERY,172,"(29, 17)",False,0,False,2280
0,0.0,True,0.0,0.8791327349247732,0.9517515688569973,1934,300,1934.0,117,3,22,"(2, 20)",0,0.05056179775280899,102.18181818181819,49.68181818181818,trust_fused,117,RECOVERY,482,"(11, 20)",False,1,False,2280
0,0.0,True,0.0,0.997263681196641,0.9993151371539987,2217,1,2217.0,121,15,24,"(2, 41)",0,0.04400749063670412,94.66666666666667,50.458333333333336,trust_fused,121,RECOVERY,205,"(27, 32)",False,2,False,2280
0,0.0,True,0.0,0.9,0.9,2217,0,2217.0,107,13,28,"(33, 8)",0,0.05149812734082397,80.71428571428571,34.785714285714285,trust_fused,107,RECOVERY,172,"(32, 15)",False,0,False,2285
0,0.0,True,0.0,0.8791327349247732,0.9517515688569973,1939,300,1939.0,117,3,22,"(2, 20)",0,0.04962546816479401,102.18181818181819,49.68181818181818,trust_fused,117,RECOVERY,482,"(6, 20)",False,1,False,2285
0,0.0,True,0.0,0.997263681196641,0.9993151371539987,2222,1,2222.0,121,15,24,"(2, 41)",0,0.042134831460674156,94.66666666666667,50.458333333333336,trust_fused,121,RECOVERY,205,"(22, 32)",False,2,False,2285
0,0.0,True,0.0,0.9,0.9,2222,0,2222.0,107,13,28,"(33, 8)",0,0.03745318352059925,80.71428571428571,34.785714285714285,trust_fused,107,RECOVERY,172,"(32, 10)",False,0,False,2290
0,0.0,True,0.0,0.8791327349247732,0.9517515688569973,1943,300,1943.0,118,3,22,"(2, 41)",0,0.03838951310861423,102.18181818181819,49.68181818181818,trust_fused,118,RECOVERY,483,"(2, 20)",False,1,False,2290
0,0.0,True,0.0,0.997263681196641,0.9993151371539987,2227,1,2227.0,122,15,24,"(2, 41)",0,0.03089887640449438,94.66666666666667,50.458333333333336,trust_fused,122,RECOVERY,206,"(17, 32)",False,2,False,2290
0,0.0,True,0.0,0.9,0.9,2226,0,2226.0,108,13,28,"(2, 50)",0,0.03441860465116279,80.71428571428571,34.785714285714285,trust_fused,108,RECOVERY,173,"(33, 9)",False,0,False,2295
0,0.0,True,0.0,0.8791327349247732,0.9517515688569973,1948,300,1948.0,118,3,22,"(2, 41)",0,0.03441860465116279,102.18181818181819,49.68181818181818,trust_fused,118,RECOVERY,483,"(3, 24)",False,1,False,2295
0,0.0,True,0.0,0.997263681196641,0.9993151371539987,2232,1,2232.0,123,15,24,"(2, 41)",0,0.027906976744186046,94.66666666666667,50.458333333333336,trust_fused,123,RECOVERY,207,"(16, 36)",False,2,False,2295
0,0.0,True,0.0,0.9,0.9,2231,0,2231.0,109,13,28,"(2, 50)",0,0.03035878564857406,80.71428571428571,34.785714285714285,trust_fused,109,RECOVERY,174,"(32, 13)",False,0,False,2300
0,0.0,True,0.0,0.8791327349247732,0.9517515688569973,1953,300,1953.0,118,3,22,"(2, 41)",0,0.03311867525298988,102.18181818181819,49.68181818181818,trust_fused,118,RECOVERY,484,"(3, 29)",False,1,False,2300
0,0.0,True,0.0,0.997263681196641,0.9993151371539987,2237,1,2237.0,123,15,24,"(2, 41)",0,0.02667893284268629,94.66666666666667,50.458333333333336,trust_fused,123,RECOVERY,208,"(15, 40)",False,2,False,2300
0,0.0,True,0.0,0.9,0.9,2236,0,2236.0,109,13,28,"(2, 50)",0,0.02665441176470588,80.71428571428571,34.785714285714285,trust_fused,109,RECOVERY,174,"(31, 17)",False,0,False,2305
0,0.0,True,0.0,0.8791327349247732,0.9517515688569973,1958,300,1958.0,118,3,22,"(2, 41)",0,0.030330882352941176,102.18181818181819,49.68181818181818,trust_fused,118,RECOVERY,484,"(3, 34)",False,1,False,2305
0,0.0,True,0.0,0.997263681196641,0.9993151371539987,2242,1,2242.0,123,15,24,"(2, 41)",0,0.02389705882352941,94.66666666666667,50.458333333333336,trust_fused,123,RECOVERY,208,"(11, 41)",False,2,False,2305
0,0.0,True,0.0,0.9,0.9,2241,0,2241.0,110,13,28,"(2, 50)",0,0.021139705882352942,80.71428571428571,34.785714285714285,trust_fused,110,RECOVERY,175,"(27, 18)",False,0,False,2310
0,0.0,True,0.0,0.8791327349247732,0.9517515688569973,1963,300,1963.0,118,3,22,"(2, 41)",0,0.025735294117647058,102.18181818181819,49.68181818181818,trust_fused,118,RECOVERY,484,"(3, 39)",False,1,False,2310
0,0.0,True,0.0,0.997263681196641,0.9993151371539987,2247,1,2247.0,124,15,24,"(2, 41)",0,0.02022058823529412,94.66666666666667,50.458333333333336,trust_fused,124,RECOVERY,209,"(7, 42)",False,2,False,2310
0,0.0,True,0.0,0.9,0.9,2246,0,2246.0,110,13,28,"(2, 50)",0,0.017463235294117647,80.71428571428571,34.785714285714285,trust_fused,110,RECOVERY,175,"(27, 23)",False,0,False,2315
0,0.0,True,0.0,0.8791327349247732,0.9517515688569973,1967,300,1967.0,119,3,23,"(15, 2)",0,0.022058823529411766,100.6086956521739,48.56521739130435,trust_fused,119,RECOVERY,485,"(3, 41)",False,1,False,2315
0,0.0,True,0.0,0.997263681196641,0.9993151371539987,2252,1,2252.0,124,15,24,"(2, 41)",0,0.017463235294117647,94.66666666666667,50.458333333333336,trust_fused,124,RECOVERY,209,"(5, 45)",False,2,False,2315
0,0.0,True,0.0,0.9,0.9,2251,0,2251.0,110,13,28,"(2, 50)",0,0.017625231910946195,80.71428571428571,34.785714285714285,trust_fused,110,RECOVERY,175,"(27, 28)",False,0,False,2320
0,0.0,True,0.0,0.8791327349247732,0.9517515688569973,1972,300,1972.0,119,3,23,"(15, 2)",0,0.021335807050092765,100.6086956521739,48.56521739130435,trust_fused,119,RECOVERY,485,"(4, 37)",False,1,False,2320
0,0.0,True,0.0,0.997263681196641,0.9993151371539987,2257,1,2257.0,124,15,24,"(2, 41)",0,0.017625231910946195,94.66666666666667,50.458333333333336,trust_fused,124,RECOVERY,209,"(3, 42)",False,2,False,2320
0,0.0,True,0.0,0.9,0.9,2256,0,2256.0,110,13,28,"(2, 50)",0,0.016697588126159554,80.71428571428571,34.785714285714285,trust_fused,110,RECOVERY,176,"(25, 31)",False,0,False,2325
0,0.0,True,0.0,0.8791327349247732,0.9517515688569973,1977,300,1977.0,119,3,23,"(15, 2)",0,0.01948051948051948,100.6086956521739,48.56521739130435,trust_fused,119,RECOVERY,486,"(4, 32)",False,1,False,2325
0,0.0,True,0.0,0.997263681196641,0.9993151371539987,2261,1,2261.0,126,15,24,"(21, 17)",0,0.016697588126159554,94.66666666666667,50.458333333333336,trust_fused,126,RECOVERY,211,"(3, 42)",False,2,False,2325
0,0.0,True,0.0,0.9,0.9,2261,0,2261.0,110,13,28,"(2, 50)",0,0.013914656771799629,80.71428571428571,34.785714285714285,trust_fused,110,RECOVERY,176,"(22, 33)",False,0,False,2330
0,0.0,True,0.0,0.8791327349247732,0.9517515688569973,1982,300,1982.0,119,3,23,"(15, 2)",0,0.015769944341372914,100.6086956521739,48.56521739130435,trust_fused,119,RECOVERY,486,"(4, 27)",False,1,False,2330
0,0.0,True,0.0,0.997263681196641,0.9993151371539987,2266,1,2266.0,126,15,24,"(21, 17)",0,0.014842300556586271,94.66666666666667,50.458333333333336,trust_fused,126,RECOVERY,211,"(5, 45)",False,2,False,2330
0,0.0,True,0.0,0.9,0.9,2266,0,2266.0,110,13,28,"(2, 50)",0,0.013888888888888888,80.71428571428571,34.785714285714285,trust_fused,110,RECOVERY,176,"(20, 36)",False,0,False,2335
0,0.0,True,0.0,0.8791327349247732,0.9517515688569973,1987,300,1987.0,119,3,23,"(15, 2)",0,0.01574074074074074,100.6086956521739,48.56521739130435,trust_fused,119,RECOVERY,486,"(5, 23)",False,1,False,2335
0,0.0,True,0.0,0.997263681196641,0.9993151371539987,2271,1,2271.0,126,15,24,"(21, 17)",0,0.014814814814814815,94.66666666666667,50.458333333333336,trust_fused,126,RECOVERY,211,"(8, 43)",False,2,False,2335
0,0.0,True,0.0,0.9,0.9,2271,0,2271.0,110,13,28,"(2, 50)",0,0.013011152416356878,80.71428571428571,34.785714285714285,trust_fused,110,RECOVERY,176,"(19, 40)",False,0,False,2340
0,0.0,True,0.0,0.8791327349247732,0.9517515688569973,1992,300,1992.0,119,3,23,"(15, 2)",0,0.013940520446096654,100.6086956521739,48.56521739130435,trust_fused,119,RECOVERY,486,"(8, 21)",False,1,False,2340
0,0.0,True,0.0,0.997263681196641,0.9993151371539987,2276,1,2276.0,126,15,24,"(21, 17)",0,0.01486988847583643,94.66666666666667,50.458333333333336,trust_fused,126,RECOVERY,211,"(11, 41)",False,2,False,2340
0,0.0,True,0.0,0.9,0.9,2276,0,2276.0,110,13,28,"(2, 50)",0,0.011111111111111112,80.71428571428571,34.785714285714285,trust_fused,110,RECOVERY,176,"(14, 40)",False,0,False,2345
0,0.0,True,0.0,0.8791327349247732,0.9517515688569973,1997,300,1997.0,119,3,23,"(15, 2)",0,0.012962962962962963,100.6086956521739,48.56521739130435,trust_fused,119,RECOVERY,486,"(13, 21)",False,1,False,2345
0,0.0,True,0.0,0.9977449373016894,0.9994434166768823,2281,1,2281.0,126,15,24,"(21, 17)",0,0.016666666666666666,94.66666666666667,50.458333333333336,trust_fused,126,RECOVERY,211,"(13, 38)",False,2,False,2345
0,0.0,True,0.0,0.9,0.9,2281,0,2281.0,110,13,28,"(2, 50)",0,0.011111111111111112,80.71428571428571,34.785714285714285,trust_fused,110,RECOVERY,177,"(10, 41)",False,0,False,2350
0,0.0,True,0.0,0.8791327349247732,0.9517515688569973,2002,300,2002.0,119,3,23,"(15, 2)",0,0.012037037037037037,100.6086956521739,48.56521739130435,trust_fused,119,RECOVERY,487,"(15, 18)",False,1,False,2350
0,0.0,True,0.0,0.9981467631353247,0.9995596581287248,2286,1,2286.0,127,15,24,"(21, 17)",0,0.014814814814814815,94.66666666666667,50.458333333333336,trust_fused,127,RECOVERY,212,"(16, 36)",False,2,False,2350
0,0.0,True,0.0,0.9,0.9,2286,0,2286.0,110,13,28,"(2, 50)",0,0.011111111111111112,80.71428571428571,34.785714285714285,trust_fused,110,RECOVERY,177,"(7, 43)",False,0,False,2355
0,0.0,True,0.0,0.8791327349247732,0.9517515688569973,2007,300,2007.0,119,3,23,"(15, 2)",0,0.012037037037037037,100.6086956521739,48.56521739130435,trust_fused,119,RECOVERY,487,"(15, 13)",False,1,False,2355
0,0.0,True,0.0,0.9984766416025062,0.9996288572727825,2291,1,2291.0,127,15,24,"(21, 17)",0,0.012962962962962963,94.66666666666667,50.458333333333336,trust_fused,127,RECOVERY,212,"(18, 33)",False,2,False,2355
0,0.0,True,0.0,0.9,0.9,2291,0,2291.0,110,13,28,"(2, 50)",0,0.010185185185185186,80.71428571428571,34.785714285714285,trust_fused,110,RECOVERY,177,"(4, 45)",False,0,False,2360
0,0.0,True,0.0,0.8791327349247732,0.9517515688569973,2012,300,2012.0,119,3,23,"(15, 2)",0,0.011111111111111112,100.6086956521739,48.56521739130435,trust_fused,119,RECOVERY,487,"(15, 8)",False,1,False,2360
0,0.0,True,0.0,0.9987448974032176,0.9996803436208359,2296,1,2296.0,127,15,24,"(21, 17)",0,0.011111111111111112,94.66666666666667,50.458333333333336,trust_fused,127,RECOVERY,212,"(19, 29)",False,2,False,2360
0,0.0,True,0.0,0.9,0.9,2296,0,2296.0,110,13,28,"(2, 50)",0,0.010166358595194085,80.71428571428571,34.785714285714285,trust_fused,110,RECOVERY,177,"(3, 49)",False,0,False,2365
0,0.0,True,0.0,0.8791327349247732,0.9517515688569973,2017,300,2017.0,119,3,23,"(15, 2)",0,0.011090573012939002,100.6086956521739,48.56521739130435,trust_fused,119,RECOVERY,487,"(15, 3)",False,1,False,2365
0,0.0,True,0.0,0.9989625493261881,0.9997233972112669,2301,1,2301.0,127,15,24,"(21, 17)",0,0.012014787430683918,94.66666666666667,50.458333333333336,trust_fused,127,RECOVERY,212,"(19, 24)",False,2,False,2365
0,0.0,True,0.0,0.9,0.9,2300,0,2300.0,111,13,29,"(33, 50)",0,0.010156971375807941,81.65517241379311,36.13793103448276,trust_fused,111,RECOVERY,178,"(3, 49)",False,0,False,2370
0,0.0,True,0.0,0.8791327349247732,0.9517515688569973,2021,300,2021.0,120,3,23,"(21, 17)",0,0.0110803324099723,100.6086956521739,48.56521739130435,trust_fused,120,RECOVERY,488,"(15, 5)",False,1,False,2370
0,0.0,True,0.0,0.9989625493261881,0.9997233972112669,2306,1,2306.0,127,15,24,"(21, 17)",0,0.012003693444136657,94.66666666666667,50.458333333333336,trust_fused,127,RECOVERY,212,"(19, 19)",False,2,False,2370
0,0.0,True,0.0,0.9,0.9,2305,0,2305.0,112,13,29,"(33, 50)",0,0.010156971375807941,81.65517241379311,36.13793103448276,trust_fused,112,RECOVERY,179,"(5, 46)",False,0,False,2375
0,0.0,True,0.0,0.8791327349247732,0.9517515688569973,2026,300,2026.0,120,3,23,"(21, 17)",0,0.0110803324099723,100.6086956521739,48.56521739130435,trust_fused,120,RECOVERY,489,"(17, 8)",False,1,False,2375
0,0.0,True,0.0,0.9990733218993535,0.9997461654076023,2310,1,2310.0,128,15,25,"(33, 8)",0,0.012927054478301015,95.0,50.52,trust_fused,128,RECOVERY,214,"(21, 17)",False,2,False,2375
0,0.0,True,0.0,0.9,0.9,2310,0,2310.0,112,13,29,"(33, 50)",0,0.01014760147601476,81.65517241379311,36.13793103448276,trust_fused,112,RECOVERY,179,"(9, 45)",False,0,False,2380
0,0.0,True,0.0,0.8791327349247732,0.9517515688569973,2031,300,2031.0,120,3,23,"(21, 17)",0,0.01014760147601476,100.6086956521739,48.56521739130435,trust_fused,120,RECOVERY,489,"(17, 13)",False,1,False,2380
0,0.0,True,0.0,0.9992019159468749,0.9997772638923418,2315,1,2315.0,128,15,25,"(33, 8)",0,0.011992619926199263,95.0,50.52,trust_fused,128,RECOVERY,214,"(26, 17)",False,2,False,2380
0,0.0,True,0.0,0.9,0.9,2315,0,2315.0,112,13,29,"(33, 50)",0,0.00990990990990991,81.65517241379311,36.13793103448276,trust_fused,112,RECOVERY,179,"(14, 45)",False,0,False,2385
0,0.0,True,0.0,0.8828167616923241,0.952813270275792,2036,300,2036.0,120,3,23,"(21, 17)",0,0.00990990990990991,100.6086956521739,48.56521739130435,trust_fused,120,RECOVERY,489,"(18, 17)",False,1,False,2385
0,0.0,True,0.0,0.9993364642401013,0.999809009937643,2320,1,2320.0,128,15,25,"(33, 8)",0,0.011711711711711712,95.0,50.52,trust_fused,128,RECOVERY,214,"(31, 17)",False,2,False,2385
0,0.0,True,0.0,0.9,0.9,2320,0,2320.0,112,13,29,"(33, 50)",0,0.00975177304964539,81.65517241379311,36.13793103448276,trust_fused,112,RECOVERY,179,"(19, 45)",False,0,False,2390
0,0.0,True,0.0,0.896359198361549,0.9574632808459126,2040,300,2040.0,121,3,24,"(33, 8)",0,0.008865248226950355,99.54166666666667,47.458333333333336,trust_fused,121,RECOVERY,490,"(22, 17)",False,1,False,2390
0,0.0,True,0.0,0.9994477856764705,0.9998394103092708,2325,1,2325.0,128,15,25,"(33, 8)",0,0.01152482269503546,95.0,50.52,trust_fused,128,RECOVERY,214,"(32, 13)",False,2,False,2390
0,0.0,True,0.0,0.9,0.9,2325,0,2325.0,112,13,29,"(33, 50)",0,0.008841732979664015,81.65517241379311,36.13793103448276,trust_fused,112,RECOVERY,179,"(20, 49)",False,0,False,2395
0,0.0,True,0.0,0.91105014143816,0.9634447470753718,2045,300,2045.0,121,3,24,"(33, 8)",0,0.009725906277630416,99.54166666666667,47.458333333333336,trust_fused,121,RECOVERY,490,"(27, 17)",False,1,False,2395
0,0.0,True,0.0,0.9995395811815205,0.9998632148787863,2330,1,2330.0,128,15,25,"(33, 8)",0,0.011494252873563218,95.0,50.52,trust_fused,128,RECOVERY,214,"(32, 8)",False,2,False,2395
0,0.0,True,0.0,0.9,0.9,2330,0,2330.0,112,13,29,"(33, 50)",0,0.0617828773168579,81.65517241379311,36.13793103448276,trust_fused,112,RECOVERY,180,"(25, 49)",False,0,False,2400
0,0.0,True,0.0,0.9212239950023292,0.9674283592765006,2050,300,2050.0,122,3,24,"(33, 8)",0,0.05383936451897617,99.54166666666667,47.458333333333336,trust_fused,122,RECOVERY,491,"(30, 15)",False,1,False,2400
0,0.0,True,0.0,0.9995395811815205,0.9998632148787863,2334,1,2334.0,130,15,25,"(21, 17)",0,0.06972639011473963,95.0,50.52,trust_fused,130,RECOVERY,216,"(30, 8)",False,2,False,2400
0,0.0,True,0.0,0.9,0.9,2335,0,2335.0,112,13,29,"(33, 50)",0,0.06266548984995587,81.65517241379311,36.13793103448276,trust_fused,112,RECOVERY,180,"(29, 50)",False,0,False,2405
0,0.0,True,0.0,0.9212239950023292,0.9674283592765006,2055,300,2055.0,122,3,24,"(33, 8)",0,0.05119152691968226,99.54166666666667,47.458333333333336,trust_fused,122,RECOVERY,491,"(32, 12)",False,1,False,2405
0,0.0,True,0.0,0.9995395811815205,0.9998632148787863,2339,1,2339.0,131,15,25,"(21, 17)",0,0.06796116504854369,95.0,50.52,trust_fused,131,RECOVERY,217,"(25, 8)",False,2,False,2405
0,0.0,True,0.0,0.9,0.9,2339,0,2339.0,113,13,29,"(13, 50)",0,0.05913503971756399,81.65517241379311,36.13793103448276,trust_fused,113,RECOVERY,181,"(33, 50)",False,0,False,2410
0,0.0,True,0.0,0.9212239950023292,0.9674283592765006,2060,300,2060.0,122,3,24,"(33, 8)",0,0.04854368932038835,99.54166666666667,47.458333333333336,trust_fused,122,RECOVERY,491,"(33, 8)",False,1,False,2410
0,0.0,True,0.0,0.9995395811815205,0.9998632148787863,2344,1,2344.0,133,15,25,"(21, 17)",0,0.06090026478375993,95.0,50.52,trust_fused,133,RECOVERY,219,"(25, 13)",False,2,False,2410
0,0.0,True,0.0,0.9,0.9,2344,0,2344.0,113,13,29,"(13, 50)",0,0.05648720211827008,81.65517241379311,36.13793103448276,trust_fused,113,RECOVERY,181,"(28, 50)",False,0,False,2415
0,0.0,True,0.0,0.9212239950023292,0.9674283592765006,2064,300,2064.0,124,3,24,"(2, 20)",0,0.04854368932038835,99.54166666666667,47.458333333333336,trust_fused,124,RECOVERY,494,"(29, 8)",False,1,False,2415
0,0.0,True,0.0,0.9995395811815205,0.9998632148787863,2349,1,2349.0,133,15,25,"(21, 17)",0,0.05207413945278023,95.0,50.52,trust_fused,133,RECOVERY,219,"(27, 16)",False,2,False,2415
0,0.0,True,0.0,0.9,0.9,2349,0,2349.0,113,13,29,"(13, 50)",0,0.05383936451897617,81.65517241379311,36.13793103448276,trust_fused,113,RECOVERY,181,"(24, 49)",False,0,False,2420
0,0.0,True,0.0,0.9212239950023292,0.9674283592765006,2069,300,2069.0,124,3,24,"(2, 20)",0,0.045936395759717315,99.54166666666667,47.458333333333336,trust_fused,124,RECOVERY,494,"(25, 9)",False,1,False,2420
0,0.0,True,0.0,0.9995395811815205,0.9998632148787863,2354,1,2354.0,137,15,25,"(21, 17)",0,0.045053003533568906,95.0,50.52,trust_fused,137,RECOVERY,223,"(27, 21)",False,2,False,2420
0,0.0,True,0.0,0.9,0.9,2354,0,2354.0,114,13,29,"(13, 50)",0,0.05030891438658429,81.65517241379311,36.13793103448276,trust_fused,114,RECOVERY,182,"(19, 49)",False,0,False,2425
0,0.0,True,0.0,0.9212239950023292,0.9674283592765006,2074,300,2074.0,125,3,24,"(2, 20)",0,0.044169611307420496,99.54166666666667,47.458333333333336,trust_fused,125,RECOVERY,495,"(20, 9)",False,1,False,2425
0,0.0,True,0.0,0.9995395811815205,0.9998632148787863,2359,1,2359.0,138,15,25,"(21, 17)",0,0.04240282685512368,95.0,50.52,trust_fused,138,RECOVERY,225,"(25, 24)",False,2,False,2425
0,0.0,True,0.0,0.9,0.9,2359,0,2359.0,114,13,29,"(13, 50)",0,0.05026455026455026,81.65517241379311,36.13793103448276,trust_fused,114,RECOVERY,182,"(14, 49)",False,0,False,2430
0,0.0,True,0.0,0.9212239950023292,0.9674283592765006,2079,300,2079.0,125,3,24,"(2, 20)",0,0.04324801412180053,99.54166666666667,47.458333333333336,trust_fused,125,RECOVERY,495,"(18, 12)",False,1,False,2430
0,0.0,True,0.0,0.9995395811815205,0.9998632148787863,2364,1,2364.0,138,15,25,"(21, 17)",0,0.04148278905560459,95.0,50.52,trust_fused,138,RECOVERY,225,"(21, 25)",False,2,False,2430
0,0.0,True,0.0,0.9,0.9,2363,0,2363.0,115,13,30,"(2, 41)",0,0.043209876543209874,81.1,35.7,trust_fused,115,RECOVERY,183,"(12, 49)",False,0,False,2435
0,0.0,True,0.0,0.9212239950023292,0.9674283592765006,2084,300,2084.0,125,3,24,"(2, 20)",0,0.03971756398940865,99.54166666666667,47.458333333333336,trust_fused,125,RECOVERY,495,"(18, 17)",False,1,False,2435
0,0.0,True,0.0,0.9995395811815205,0.9998632148787863,2369,1,2369.0,138,15,25,"(21, 17)",0,0.037069726390114736,95.0,50.52,trust_fused,138,RECOVERY,225,"(19, 22)",False,2,False,2435
0,0.0,True,0.0,0.9,0.9,2368,0,2368.0,115,13,30,"(2, 41)",0,0.04262877442273535,81.1,35.7,trust_fused,115,RECOVERY,183,"(10, 46)",False,0,False,2440
0,0.0,True,0.0,0.9212239950023292,0.9674283592765006,2089,300,2089.0,125,3,24,"(2, 20)",0,0.03818827708703375,99.54166666666667,47.458333333333336,trust_fused,125,RECOVERY,495,"(15, 19)",False,1,False,2440
0,0.0,True,0.0,0.9995395811815205,0.9998632148787863,2374,1,2374.0,138,15,25,"(21, 17)",0,0.03723404255319149,95.0,50.52,trust_fused,138,RECOVERY,225,"(19, 17)",False,2,False,2440
0,0.0,True,0.0,0.9,0.9,2373,0,2373.0,115,13,30,"(2, 41)",0,0.03907637655417407,81.1,35.7,trust_fused,115,RECOVERY,183,"(5, 46)",False,0,False,2445
0,0.0,True,0.0,0.9212239950023292,0.9674283592765006,2094,300,2094.0,125,3,24,"(2, 20)",0,0.03641207815275311,99.54166666666667,47.458333333333336,trust_fused,125,RECOVERY,495,"(11, 20)",False,1,False,2445
0,0.0,True,0.0,0.9995395811815205,0.9998632148787863,2378,1,2378.0,139,15,26,"(13, 50)",0,0.034574468085106384,93.96153846153847,50.34615384615385,trust_fused,139,RECOVERY,226,"(19, 17)",False,2,False,2445
0,0.0,True,0.0,0.9,0.9,2378,0,2378.0,115,13,30,"(2, 41)",0,0.028419182948490232,81.1,35.7,trust_fused,115,RECOVERY,184,"(3, 43)",False,0,False,2450
0,0.0,True,0.0,0.9212239950023292,0.9674283592765006,2099,300,2099.0,125,3,24,"(2, 20)",0,0.028419182948490232,99.54166666666667,47.458333333333336,trust_fused,125,RECOVERY,496,"(6, 20)",False,1,False,2450
0,0.0,True,0.0,0.9995395811815205,0.9998632148787863,2383,1,2383.0,139,15,26,"(13, 50)",0,0.026595744680851064,93.96153846153847,50.34615384615385,trust_fused,139,RECOVERY,227,"(18, 21)",False,2,False,2450
0,0.0,True,0.0,0.9,0.9,2382,0,2382.0,116,13,30,"(2, 50)",0,0.02575488454706927,81.1,35.7,trust_fused,116,RECOVERY,185,"(3, 41)",False,0,False,2455
0,0.0,True,0.0,0.9212239950023292,0.9674283592765006,2103,300,2103.0,126,3,25,"(24, 45)",0,0.02575488454706927,98.2,47.32,trust_fused,126,RECOVERY,497,"(2, 20)",False,1,False,2455
0,0.0,True,0.0,0.9995395811815205,0.9998632148787863,2388,1,2388.0,139,15,26,"(13, 50)",0,0.024822695035460994,93.96153846153847,50.34615384615385,trust_fused,139,RECOVERY,227,"(18, 26)",False,2,False,2455
0,0.0,True,0.0,0.9,0.9,2387,0,2387.0,116,13,30,"(2, 50)",0,0.01773049645390071,81.1,35.7,trust_fused,116,RECOVERY,185,"(3, 46)",False,0,False,2460
0,0.0,True,0.0,0.9212239950023292,0.9674283592765006,2108,300,2108.0,127,3,25,"(24, 45)",0,0.018600531443755536,98.2,47.32,trust_fused,127,RECOVERY,498,"(7, 20)",False,1,False,2460
0,0.0,True,0.0,0.9995395811815205,0.9998632148787863,2393,1,2393.0,139,15,26,"(13, 50)",0,0.020390070921985817,93.96153846153847,50.34615384615385,trust_fused,139,RECOVERY,227,"(18, 31)",False,2,False,2460
0,0.0,True,0.0,0.9,0.9,2392,0,2392.0,116,13,30,"(2, 50)",0,0.015070921985815602,81.1,35.7,trust_fused,116,RECOVERY,185,"(2, 50)",False,0,False,2465
0,0.0,True,0.0,0.9212239950023292,0.9674283592765006,2113,300,2113.0,127,3,25,"(24, 45)",0,0.0141718334809566,98.2,47.32,trust_fused,127,RECOVERY,498,"(12, 20)",False,1,False,2465
0,0.0,True,0.0,0.9995395811815205,0.9998632148787863,2398,1,2398.0,139,15,26,"(13, 50)",0,0.01773049645390071,93.96153846153847,50.34615384615385,trust_fused,139,RECOVERY,227,"(18, 36)",False,2,False,2465
0,0.0,True,0.0,0.9,0.9,2396,0,2396.0,117,13,31,"(33, 8)",0,0.014184397163120567,79.54838709677419,34.935483870967744,trust_fused,117,RECOVERY,186,"(4, 48)",False,0,False,2470
0,0.0,True,0.0,0.9212239950023292,0.9674283592765006,2118,300,2118.0,127,3,25,"(24, 45)",0,0.013286093888396812,98.2,47.32,trust_fused,127,RECOVERY,498,"(17, 20)",False,1,False,2470
0,0.0,True,0.0,0.9995395811815205,0.9998632148787863,2403,1,2403.0,139,15,26,"(13, 50)",0,0.015957446808510637,93.96153846153847,50.34615384615385,trust_fused,139,RECOVERY,227,"(14, 37)",False,2,False,2470
0,0.0,True,0.0,0.9,0.9,2401,0,2401.0,117,13,31,"(33, 8)",0,0.014184397163120567,79.54838709677419,34.935483870967744,trust_fused,117,RECOVERY,187,"(7, 46)",False,0,False,2475
0,0.0,True,0.0,0.9212239950023292,0.9674283592765006,2123,300,2123.0,127,3,25,"(24, 45)",0,0.013286093888396812,98.2,47.32,trust_fused,127,RECOVERY,499,"(19, 23)",False,1,False,2475
0,0.0,True,0.0,0.9996015127554128,0.9998794323812296,2408,1,2408.0,139,15,26,"(13, 50)",0,0.015957446808510637,93.96153846153847,50.34615384615385,trust_fused,139,RECOVERY,228,"(14, 42)",False,2,False,2475
0,0.0,True,0.0,0.9,0.9,2406,0,2406.0,117,13,31,"(33, 8)",0,0.014234875444839857,79.54838709677419,34.935483870967744,trust_fused,117,RECOVERY,187,"(11, 45)",False,0,False,2480
0,0.0,True,0.0,0.9212239950023292,0.9674283592765006,2128,300,2128.0,127,3,25,"(24, 45)",0,0.013321492007104795,98.2,47.32,trust_fused,127,RECOVERY,499,"(21, 26)",False,1,False,2480
0,0.0,True,0.0,0.9996672013559872,0.9999006255951493,2413,1,2413.0,139,15,26,"(13, 50)",0,0.016903914590747332,93.96153846153847,50.34615384615385,trust_fused,139,RECOVERY,228,"(13, 46)",False,2,False,2480
0,0.0,True,0.0,0.9,0.9,2411,0,2411.0,117,13,31,"(33, 8)",0,0.014234875444839857,79.54838709677419,34.935483870967744,trust_fused,117,RECOVERY,187,"(15, 44)",False,0,False,2485
0,0.0,True,0.0,0.9212239950023292,0.9674283592765006,2133,300,2133.0,127,3,25,"(24, 45)",0,0.011545293072824156,98.2,47.32,trust_fused,127,RECOVERY,499,"(24, 28)",False,1,False,2485
0,0.0,True,0.0,0.9997230151210698,0.9999206844364452,2417,1,2417.0,140,15,26,"(15, 2)",0,0.01601423487544484,93.96153846153847,50.34615384615385,trust_fused,140,RECOVERY,229,"(13, 50)",False,2,False,2485
0,0.0,True,0.0,0.9,0.9,2416,0,2416.0,117,13,31,"(33, 8)",0,0.014234875444839857,79.54838709677419,34.935483870967744,trust_fused,117,RECOVERY,187,"(19, 43)",False,0,False,2490
0,0.0,True,0.0,0.9212239950023292,0.9674283592765006,2138,300,2138.0,127,3,25,"(24, 45)",0,0.011545293072824156,98.2,47.32,trust_fused,127,RECOVERY,499,"(24, 33)",False,1,False,2490
0,0.0,True,0.0,0.9997700349185332,0.9999365432592491,2422,1,2422.0,140,15,26,"(15, 2)",0,0.01601423487544484,93.96153846153847,50.34615384615385,trust_fused,140,RECOVERY,229,"(13, 45)",False,2,False,2490
0,0.0,True,0.0,0.9,0.9,2421,0,2421.0,117,13,31,"(33, 8)",0,0.009786476868327402,79.54838709677419,34.935483870967744,trust_fused,117,RECOVERY,187,"(20, 39)",False,0,False,2495
0,0.0,True,0.0,0.9281469976743053,0.970995910172303,2143,300,2143.0,127,3,25,"(24, 45)",0,0.007104795737122558,98.2,47.32,trust_fused,127,RECOVERY,499,"(24, 38)",False,1,False,2495
0,0.0,True,0.0,0.9998093143022007,0.9999476256435172,2427,1,2427.0,140,15,26,"(15, 2)",0,0.011565836298932384,93.96153846153847,50.34615384615385,trust_fused,140,RECOVERY,229,"(13, 40)",False,2,False,2495
