active_fake_claim_count,attacker_attributable_cost_on_route,attacker_is_trusted,attacker_route_cost_delta,attacker_source_memory,attacker_trust,benign_movement_steps,benign_no_path_steps,benign_total_distance,benign_total_replans,benign_traffic_wait_steps,deliveries_completed,goal,influential_fake_claim_count,map_error,mean_delivery_cycle_time_steps,mean_delivery_time_steps,method,path_changes,phase,planning_checks,position,preferred_route_affected_by_attacker,robot_id,route_affected_by_attacker,step
0,0.0,True,0.0,0.9,0.9,1,0,1.0,1,0,0,"(2, 50)",0,0.0,,,trust_fused,1,RECONNAISSANCE,1,"(7, 8)",False,0,False,0
0,0.0,True,0.0,0.9,0.9,1,0,1.0,1,0,0,"(2, 50)",0,0.0,,,trust_fused,1,RECONNAISSANCE,1,"(27, 41)",False,1,False,0
0,0.0,True,0.0,0.9,0.9,1,0,1.0,1,0,0,"(33, 50)",0,0.0,,,trust_fused,1,RECONNAISSANCE,1,"(7, 42)",False,2,False,0
0,0.0,True,0.0,0.9,0.9,6,0,6.0,1,0,0,"(2, 50)",0,0.0,,,trust_fused,1,RECONNAISSANCE,1,"(12, 8)",False,0,False,5
0,0.0,True,0.0,0.9,0.9,6,0,6.0,1,0,0,"(2, 50)",0,0.0,,,trust_fused,1,RECONNAISSANCE,1,"(23, 40)",False,1,False,5
0,0.0,True,0.0,0.9,0.9,6,0,6.0,1,0,0,"(33, 50)",0,0.0,,,trust_fused,1,RECONNAISSANCE,1,"(9, 45)",False,2,False,5
0,0.0,True,0.0,0.9,0.9,11,0,11.0,1,0,0,"(2, 50)",0,0.0,,,trust_fused,1,RECONNAISSANCE,1,"(13, 12)",False,0,False,10
0,0.0,True,0.0,0.9,0.9,11,0,11.0,1,0,0,"(2, 50)",0,0.0,,,trust_fused,1,RECONNAISSANCE,1,"(18, 40)",False,1,False,10
0,0.0,True,0.0,0.9,0.9,11,0,11.0,1,0,0,"(33, 50)",0,0.0,,,trust_fused,1,RECONNAISSANCE,1,"(12, 47)",False,2,False,10
0,0.0,True,0.0,0.9,0.9,16,0,16.0,1,0,0,"(2, 50)",0,0.0,,,trust_fused,1,RECONNAISSANCE,1,"(14, 16)",False,0,False,15
0,0.0,True,0.0,0.9,0.9,16,0,16.0,1,0,0,"(2, 50)",0,0.0,,,trust_fused,1,RECONNAISSANCE,1,"(13, 40)",False,1,False,15
0,0.0,True,0.0,0.9,0.9,16,0,16.0,1,0,0,"(33, 50)",0,0.0,,,trust_fused,1,RECONNAISSANCE,1,"(15, 49)",False,2,False,15
0,0.0,True,0.0,0.9,0.9,21,0,21.0,1,0,0,"(2, 50)",0,0.0,,,trust_fused,1,RECONNAISSANCE,1,"(13, 20)",False,0,False,20
0,0.0,True,0.0,0.9,0.9,21,0,21.0,1,0,0,"(2, 50)",0,0.0,,,trust_fused,1,RECONNAISSANCE,1,"(9, 41)",False,1,False,20
0,0.0,True,0.0,0.9,0.9,21,0,21.0,1,0,0,"(33, 50)",0,0.0,,,trust_fused,1,RECONNAISSANCE,1,"(20, 49)",False,2,False,20
0,0.0,True,0.0,0.9,0.9,26,0,26.0,3,0,0,"(2, 50)",0,0.0,,,trust_fused,3,RECONNAISSANCE,3,"(12, 24)",False,0,False,25
0,0.0,True,0.0,0.9,0.9,26,0,26.0,1,0,0,"(2, 50)",0,0.0,,,trust_fused,1,RECONNAISSANCE,2,"(4, 41)",False,1,False,25
0,0.0,True,0.0,0.9,0.9,26,0,26.0,1,0,0,"(33, 50)",0,0.0,,,trust_fused,1,RECONNAISSANCE,2,"(24, 50)",False,2,False,25
0,0.0,True,0.0,0.9,0.9,31,0,31.0,3,0,0,"(2, 50)",0,0.0,,,trust_fused,3,RECONNAISSANCE,3,"(12, 29)",False,0,False,30
0,0.0,True,0.0,0.9,0.9,31,0,31.0,1,0,0,"(2, 50)",0,0.0,,,trust_fused,1,RECONNAISSANCE,2,"(3, 45)",False,1,False,30
0,0.0,True,0.0,0.9,0.9,31,0,31.0,1,0,0,"(33, 50)",0,0.0,,,trust_fused,1,RECONNAISSANCE,2,"(29, 50)",False,2,False,30
0,0.0,True,0.0,0.9,0.9,36,0,36.0,3,0,0,"(2, 50)",0,0.0,,,trust_fused,3,RECONNAISSANCE,3,"(10, 32)",False,0,False,35
0,0.0,True,0.0,0.9,0.9,36,0,36.0,1,0,0,"(2, 50)",0,0.0,,,trust_fused,1,RECONNAISSANCE,2,"(3, 50)",False,1,False,35
0,0.0,True,0.0,0.9,0.9,35,0,35.0,2,0,0,"(13, 15)",0,0.0,,,trust_fused,2,RECONNAISSANCE,3,"(33, 50)",False,2,False,35
0,0.0,True,0.0,0.9,0.9,41,0,41.0,3,0,0,"(2, 50)",0,0.0,,,trust_fused,3,RECONNAISSANCE,3,"(5, 32)",False,0,False,40
0,0.0,True,0.0,0.9,0.9,40,0,40.0,2,0,0,"(15, 2)",0,0.0,,,trust_fused,2,RECONNAISSANCE,3,"(4, 49)",False,1,False,40
0,0.0,True,0.0,0.9,0.9,40,0,40.0,2,0,0,"(13, 15)",0,0.0,,,trust_fused,2,RECONNAISSANCE,3,"(28, 50)",False,2,False,40
0,0.0,True,0.0,0.9,0.9,46,0,46.0,3,0,0,"(2, 50)",0,0.0,,,trust_fused,3,RECONNAISSANCE,3,"(3, 35)",False,0,False,45
0,0.0,True,0.0,0.9,0.9,45,0,45.0,2,0,0,"(15, 2)",0,0.0,,,trust_fused,2,RECONNAISSANCE,3,"(6, 46)",False,1,False,45
0,0.0,True,0.0,0.9,0.9,45,0,45.0,2,0,0,"(13, 15)",0,0.0,,,trust_fused,2,RECONNAISSANCE,3,"(24, 49)",False,2,False,45
0,0.0,True,0.0,0.9,0.9,51,0,51.0,3,0,0,"(2, 50)",0,0.0,,,trust_fused,3,RECONNAISSANCE,4,"(3, 40)",False,0,False,50
0,0.0,True,0.0,0.900067776291975,0.9013555258394995,50,0,50.0,2,0,0,"(15, 2)",0,0.0,,,trust_fused,2,RECONNAISSANCE,4,"(7, 42)",False,1,False,50
0,0.0,True,0.0,0.9,0.9,50,0,50.0,2,0,0,"(13, 15)",0,0.0,,,trust_fused,2,RECONNAISSANCE,4,"(20, 48)",False,2,False,50
0,0.0,True,0.0,0.9,0.9,56,0,56.0,3,0,0,"(2, 50)",0,0.0,,,trust_fused,3,RECONNAISSANCE,4,"(3, 45)",False,0,False,55
0,0.0,True,0.0,0.901254991088152,0.907256037972707,55,0,55.0,2,0,0,"(15, 2)",0,0.0,,,trust_fused,2,RECONNAISSANCE,4,"(11, 41)",False,1,False,55
0,0.0,True,0.0,0.9,0.9,55,0,55.0,2,0,0,"(13, 15)",0,0.0,,,trust_fused,2,RECONNAISSANCE,4,"(18, 45)",False,2,False,55
0,0.0,True,0.0,0.9,0.9,61,0,61.0,3,0,0,"(2, 50)",0,0.0,,,trust_fused,3,RECONNAISSANCE,4,"(3, 50)",False,0,False,60
0,0.0,True,0.0,0.9032132122349217,0.9114569916307317,60,0,60.0,2,0,0,"(15, 2)",0,0.0014705882352941176,,,trust_fused,2,RECONNAISSANCE,4,"(13, 38)",False,1,False,60
0,0.0,True,0.0,0.9,0.9,60,0,60.0,2,0,0,"(13, 15)",0,0.0,,,trust_fused,2,RECONNAISSANCE,4,"(15, 43)",False,2,False,60
0,0.0,True,0.0,0.9,0.9,65,0,65.0,4,0,0,"(15, 2)",0,0.0,,,trust_fused,4,RECONNAISSANCE,5,"(4, 49)",False,0,False,65
0,0.0,True,0.0,0.9056328150934555,0.9152983151157035,65,0,65.0,2,0,0,"(15, 2)",0,0.0014534883720930232,,,trust_fused,2,RECONNAISSANCE,4,"(15, 35)",False,1,False,65
0,0.0,True,0.0,0.9001324246456329,0.9018186078080189,65,0,65.0,2,0,0,"(13, 15)",0,0.0,,,trust_fused,2,RECONNAISSANCE,4,"(14, 39)",False,2,False,65
0,0.0,True,0.0,0.9,0.9,70,0,70.0,4,0,0,"(15, 2)",0,0.0014245014245014246,,,trust_fused,4,RECONNAISSANCE,5,"(5, 45)",False,0,False,70
0,0.0,True,0.0,0.9083084393127646,0.9186845415110181,70,0,70.0,2,0,0,"(15, 2)",0,0.0014245014245014246,,,trust_fused,2,RECONNAISSANCE,4,"(15, 30)",False,1,False,70
0,0.0,True,0.0,0.9011928686019295,0.9065884923268027,70,0,70.0,2,0,0,"(13, 15)",0,0.0,,,trust_fused,2,RECONNAISSANCE,4,"(14, 34)",False,2,False,70
0,0.0,True,0.0,0.9,0.9,75,0,75.0,4,0,0,"(15, 2)",0,0.0013986013986013986,,,trust_fused,4,RECONNAISSANCE,6,"(5, 40)",False,0,False,75
0,0.0,True,0.0,0.911088027252863,0.921734031873433,75,0,75.0,2,0,0,"(15, 2)",0,0.0013986013986013986,,,trust_fused,2,RECONNAISSANCE,5,"(15, 25)",False,1,False,75
0,0.0,True,0.0,0.9029942018420832,0.9106194321587734,75,0,75.0,2,0,0,"(13, 15)",0,0.0,,,trust_fused,2,RECONNAISSANCE,5,"(14, 29)",False,2,False,75
0,0.0,True,0.0,0.9,0.9,80,0,80.0,4,0,0,"(15, 2)",0,0.0013908205841446453,,,trust_fused,4,RECONNAISSANCE,6,"(6, 36)",False,0,False,80
0,0.0,True,0.0,0.9138995989731578,0.9246158067658539,80,0,80.0,2,0,0,"(15, 2)",0,0.0013908205841446453,,,trust_fused,2,RECONNAISSANCE,5,"(15, 20)",False,1,False,80
0,0.0,True,0.0,0.9052163964543848,0.9141229401063872,80,0,80.0,2,0,0,"(13, 15)",0,0.0,,,trust_fused,2,RECONNAISSANCE,5,"(14, 24)",False,2,False,80
0,0.0,True,0.0,0.9,0.9,85,0,85.0,4,0,0,"(15, 2)",0,0.0,,,trust_fused,4,RECONNAISSANCE,6,"(7, 32)",False,0,False,85
0,0.0,True,0.0,0.9167334565652548,0.9274971457222568,85,0,85.0,2,0,0,"(15, 2)",0,0.001388888888888889,,,trust_fused,2,RECONNAISSANCE,5,"(15, 15)",False,1,False,85
0,0.0,True,0.0,0.9076800863614368,0.9172786246390795,85,0,85.0,2,0,0,"(13, 15)",0,0.0,,,trust_fused,2,RECONNAISSANCE,5,"(14, 19)",False,2,False,85
0,0.0,True,0.0,0.9,0.9,90,0,90.0,4,0,0,"(15, 2)",0,0.0,,,trust_fused,4,RECONNAISSANCE,6,"(8, 28)",False,0,False,90
0,0.0,True,0.0,0.919526038929341,0.9300495615646381,90,0,90.0,2,0,0,"(15, 2)",0,0.0013568521031207597,,,trust_fused,2,RECONNAISSANCE,5,"(15, 10)",False,1,False,90
0,0.0,True,0.0,0.9103000106948147,0.920426353552299,90,0,90.0,2,0,0,"(13, 15)",0,0.0,,,trust_fused,2,RECONNAISSANCE,5,"(13, 15)",False,2,False,90
0,0.0,True,0.0,0.9,0.9,95,0,95.0,4,0,0,"(15, 2)",0,0.0,,,trust_fused,4,RECONNAISSANCE,6,"(12, 27)",False,0,False,95
0,0.0,True,0.0,0.9222334430203979,0.932421504683071,95,0,95.0,2,0,0,"(15, 2)",0,0.0013315579227696406,,,trust_fused,2,RECONNAISSANCE,5,"(15, 5)",False,1,False,95
0,0.0,True,0.0,0.9124818429433431,0.9228897736388415,94,0,94.0,3,0,1,"(15, 2)",0,0.0,91.0,56.0,trust_fused,3,RECONNAISSANCE,6,"(13, 11)",False,2,False,95
0,0.0,True,0.0,0.9,0.9,100,0,100.0,5,0,0,"(15, 2)",0,0.0,,,trust_fused,5,RECONNAISSANCE,7,"(13, 23)",False,0,False,100
0,0.0,True,0.0,0.9222334430203979,0.932421504683071,99,0,99.0,3,0,1,"(12, 50)",0,0.001326259946949602,99.0,62.0,trust_fused,3,RECONNAISSANCE,7,"(14, 2)",False,1,False,100
0,0.0,True,0.0,0.9152161065171259,0.9255544778130352,99,0,99.0,3,0,1,"(15, 2)",0,0.0,91.0,56.0,trust_fused,3,RECONNAISSANCE,7,"(15, 8)",False,2,False,100
0,0.0,True,0.0,0.9,0.9,105,0,105.0,5,0,0,"(15, 2)",0,0.0,,,trust_fused,5,RECONNAISSANCE,7,"(15, 20)",False,0,False,105
0,0.0,True,0.0,0.9227728241674856,0.9330210659621527,104,0,104.0,3,0,1,"(12, 50)",0,0.001326259946949602,99.0,62.0,trust_fused,3,RECONNAISSANCE,7,"(14, 7)",False,1,False,105
0,0.0,True,0.0,0.9168279285878467,0.9270312188349091,104,0,104.0,3,0,1,"(15, 2)",0,0.0,91.0,56.0,trust_fused,3,RECONNAISSANCE,7,"(15, 3)",False,2,False,105
0,0.0,True,0.0,0.9,0.9,110,0,110.0,5,0,0,"(15, 2)",0,0.0,,,trust_fused,5,RECONNAISSANCE,7,"(15, 15)",False,0,False,110
0,0.0,True,0.0,0.9243817311691169,0.9346876646087355,109,0,109.0,3,0,1,"(12, 50)",0,0.001326259946949602,99.0,62.0,trust_fused,3,RECONNAISSANCE,7,"(14, 12)",False,1,False,110
0,0.0,True,0.0,0.9168279285878467,0.9270312188349091,108,0,108.0,4,0,1,"(24, 45)",0,0.0,91.0,56.0,trust_fused,4,RECONNAISSANCE,8,"(15, 5)",False,2,False,110
0,0.0,True,0.0,0.9,0.9,115,0,115.0,5,0,0,"(15, 2)",0,0.0,,,trust_fused,5,RECONNAISSANCE,7,"(15, 10)",False,0,False,115
0,0.0,True,0.0,0.9272727244627729,0.9386385123101587,114,0,114.0,3,0,1,"(12, 50)",0,0.001326259946949602,99.0,62.0,trust_fused,3,RECONNAISSANCE,7,"(14, 17)",False,1,False,115
0,0.0,True,0.0,0.9190445310446437,0.9299275403779151,113,0,113.0,4,0,1,"(24, 45)",0,0.0,91.0,56.0,trust_fused,4,RECONNAISSANCE,8,"(16, 9)",False,2,False,115
0,0.0,True,0.0,0.9,0.9,120,0,120.0,5,0,0,"(15, 2)",0,0.0,,,trust_fused,5,RECONNAISSANCE,7,"(15, 5)",False,0,False,120
0,0.0,True,0.0,0.9302693143271327,0.9415020844969323,119,0,119.0,3,0,1,"(12, 50)",0,0.0013227513227513227,99.0,62.0,trust_fused,3,RECONNAISSANCE,7,"(14, 22)",False,1,False,120
0,0.0,True,0.0,0.9220807082902598,0.9339514742006494,118,0,118.0,4,0,1,"(24, 45)",0,0.0,91.0,56.0,trust_fused,4,RECONNAISSANCE,8,"(16, 14)",False,2,False,120
0,0.0,True,0.0,0.9,0.9,124,0,124.0,6,0,1,"(3, 8)",0,0.0,124.0,62.0,trust_fused,6,RECONNAISSANCE,9,"(14, 2)",False,0,False,125
0,0.0,True,0.0,0.9331600199519421,0.943993499625507,124,0,124.0,4,0,1,"(12, 50)",0,0.0013227513227513227,99.0,62.0,trust_fused,4,RECONNAISSANCE,8,"(13, 26)",False,1,False,125
0,0.0,True,0.0,0.9251848826240902,0.9368450138715666,123,0,123.0,5,0,1,"(24, 45)",0,0.0,91.0,56.0,trust_fused,5,RECONNAISSANCE,9,"(16, 19)",False,2,False,125
0,0.0,True,0.0,0.9,0.9,129,0,129.0,6,0,1,"(3, 8)",0,0.001321003963011889,124.0,62.0,trust_fused,6,RECONNAISSANCE,9,"(13, 6)",False,0,False,130
0,0.0,True,0.0,0.9359690941202615,0.9467470481868525,129,0,129.0,4,0,1,"(12, 50)",0,0.001321003963011889,99.0,62.0,trust_fused,4,RECONNAISSANCE,8,"(12, 30)",False,1,False,130
0,0.0,True,0.0,0.9281674238043646,0.9392337671373813,128,0,128.0,5,0,1,"(24, 45)",0,0.0,91.0,56.0,trust_fused,5,RECONNAISSANCE,9,"(18, 22)",False,2,False,130
0,0.0,True,0.0,0.9,0.9,134,0,134.0,6,0,1,"(3, 8)",0,0.00129366106080207,124.0,62.0,trust_fused,6,RECONNAISSANCE,9,"(10, 8)",False,0,False,135
0,0.0,True,0.0,0.9387557924108532,0.9492180095910127,134,0,134.0,4,0,1,"(12, 50)",0,0.00129366106080207,99.0,62.0,trust_fused,4,RECONNAISSANCE,8,"(12, 35)",False,1,False,135
0,0.0,True,0.0,0.9298692650767708,0.940514762874884,133,0,133.0,5,0,1,"(24, 45)",0,0.0,91.0,56.0,trust_fused,5,RECONNAISSANCE,9,"(19, 26)",False,2,False,135
0,0.0,True,0.0,0.9,0.9,139,0,139.0,6,0,1,"(3, 8)",0,0.0012610340479192938,124.0,62.0,trust_fused,6,RECONNAISSANCE,9,"(5, 8)",False,0,False,140
0,0.0,True,0.0,0.941428773776446,0.9513593729865003,139,0,139.0,4,0,1,"(12, 50)",0,0.0012610340479192938,99.0,62.0,trust_fused,4,RECONNAISSANCE,8,"(10, 38)",False,1,False,140
0,0.0,True,0.0,0.9325825556067813,0.9427213208808655,138,0,138.0,5,0,1,"(24, 45)",0,0.0,91.0,56.0,trust_fused,5,RECONNAISSANCE,9,"(19, 31)",False,2,False,140
0,0.0,True,0.0,0.9,0.9,143,0,143.0,7,0,1,"(24, 45)",0,0.002506265664160401,124.0,62.0,trust_fused,7,RECONNAISSANCE,10,"(5, 8)",False,0,False,145
0,0.0,True,0.0,0.9439323927357951,0.9531821727038995,144,0,144.0,4,0,1,"(12, 50)",0,0.0012531328320802004,99.0,62.0,trust_fused,4,RECONNAISSANCE,8,"(10, 43)",False,1,False,145
0,0.0,True,0.0,0.9325825556067813,0.9427213208808655,143,0,143.0,5,0,1,"(24, 45)",0,0.0,91.0,56.0,trust_fused,5,RECONNAISSANCE,9,"(19, 36)",False,2,False,145
0,0.0,True,0.0,0.9,0.9,148,0,148.0,7,0,1,"(24, 45)",0,0.03884711779448621,124.0,62.0,trust_fused,7,RECONNAISSANCE,11,"(10, 8)",False,0,False,150
0,0.0,True,0.0,0.9458038526948741,0.9544846798001899,149,0,149.0,4,0,1,"(12, 50)",0,0.042606516290726815,99.0,62.0,trust_fused,4,RECONNAISSANCE,9,"(10, 48)",False,1,False,150
0,0.0,True,0.0,0.9325825556067813,0.9427213208808655,148,0,148.0,5,0,1,"(24, 45)",0,0.041353383458646614,91.0,56.0,trust_fused,5,RECONNAISSANCE,10,"(20, 40)",False,2,False,150
0,0.0,True,0.0,0.9,0.9,153,0,153.0,8,0,1,"(24, 45)",0,0.03258145363408521,124.0,62.0,trust_fused,8,RECONNAISSANCE,12,"(13, 10)",False,0,False,155
0,0.0,True,0.0,0.9458038526948741,0.9544846798001899,153,0,153.0,5,0,1,"(33, 50)",0,0.03759398496240601,99.0,62.0,trust_fused,5,RECONNAISSANCE,10,"(12, 50)",False,1,False,155
0,0.0,True,0.0,0.9325825556067813,0.9427213208808655,153,0,153.0,6,0,1,"(24, 45)",0,0.03634085213032581,91.0,56.0,trust_fused,6,RECONNAISSANCE,11,"(25, 40)",False,2,False,155
0,0.0,True,0.0,0.9,0.9,158,0,158.0,8,0,1,"(24, 45)",0,0.02625,124.0,62.0,trust_fused,8,RECONNAISSANCE,12,"(15, 13)",False,0,False,160
0,0.0,True,0.0,0.9458038526948741,0.9544846798001899,158,0,158.0,5,0,1,"(33, 50)",0,0.03,99.0,62.0,trust_fused,5,RECONNAISSANCE,10,"(17, 50)",False,1,False,160
0,0.0,True,0.0,0.9325825556067813,0.9427213208808655,158,0,158.0,7,0,1,"(24, 45)",0,0.0325,91.0,56.0,trust_fused,7,RECONNAISSANCE,12,"(27, 43)",False,2,False,160
0,0.0,True,0.0,0.9,0.9,163,0,163.0,8,0,1,"(24, 45)",0,0.019975031210986267,124.0,62.0,trust_fused,8,RECONNAISSANCE,12,"(16, 17)",False,0,False,165
0,0.0,True,0.0,0.9458038526948741,0.9544846798001899,163,0,163.0,5,0,1,"(33, 50)",0,0.024968789013732832,99.0,62.0,trust_fused,5,RECONNAISSANCE,10,"(21, 49)",False,1,False,165
0,0.0,True,0.0,0.9325825556067813,0.9427213208808655,163,0,163.0,10,0,1,"(24, 45)",0,0.02746566791510612,91.0,56.0,trust_fused,10,RECONNAISSANCE,15,"(27, 48)",False,2,False,165
0,0.0,True,0.0,0.9,0.9,168,0,168.0,8,0,1,"(24, 45)",0,0.017478152309612985,124.0,62.0,trust_fused,8,RECONNAISSANCE,12,"(16, 22)",False,0,False,170
0,0.0,True,0.0,0.9458038526948741,0.9544846798001899,168,0,168.0,5,0,1,"(33, 50)",0,0.02122347066167291,99.0,62.0,trust_fused,5,RECONNAISSANCE,10,"(25, 50)",False,1,False,170
0,0.0,True,0.0,0.9325825556067813,0.9427213208808655,168,0,168.0,10,0,1,"(24, 45)",0,0.024968789013732832,91.0,56.0,trust_fused,10,RECONNAISSANCE,15,"(24, 46)",False,2,False,170
0,0.0,True,0.0,0.9,0.9,173,0,173.0,9,0,1,"(24, 45)",0,0.0149812734082397,124.0,62.0,trust_fused,9,RECONNAISSANCE,15,"(16, 27)",False,0,False,175
0,0.0,True,0.0,0.9458038526948741,0.9544846798001899,173,0,173.0,5,0,1,"(33, 50)",0,0.018726591760299626,99.0,62.0,trust_fused,5,RECONNAISSANCE,11,"(30, 50)",False,1,False,175
0,0.0,True,0.0,0.9325825556067813,0.9427213208808655,172,0,172.0,11,0,2,"(33, 8)",0,0.02122347066167291,86.0,60.5,trust_fused,11,RECONNAISSANCE,17,"(24, 48)",False,2,False,175
0,0.0,True,0.0,0.9,0.9,178,0,178.0,9,0,1,"(24, 45)",0,0.01373283395755306,124.0,62.0,trust_fused,9,RECONNAISSANCE,15,"(18, 30)",False,0,False,180
0,0.0,True,0.0,0.9458038526948741,0.9544846798001899,177,0,177.0,6,0,2,"(33, 30)",0,0.018726591760299626,89.5,43.0,trust_fused,6,RECONNAISSANCE,12,"(33, 49)",False,1,False,180
0,0.0,True,0.0,0.9325825556067813,0.9427213208808655,177,0,177.0,11,0,2,"(33, 8)",0,0.02122347066167291,86.0,60.5,trust_fused,11,RECONNAISSANCE,17,"(27, 46)",False,2,False,180
0,0.0,True,0.0,0.9,0.9,183,0,183.0,9,0,1,"(24, 45)",0,0.013681592039800995,124.0,62.0,trust_fused,9,RECONNAISSANCE,15,"(19, 34)",False,0,False,185
0,0.0,True,0.0,0.9458038526948741,0.9544846798001899,182,0,182.0,6,0,2,"(33, 30)",0,0.018656716417910446,89.5,43.0,trust_fused,6,RECONNAISSANCE,12,"(31, 46)",False,1,False,185
0,0.0,True,0.0,0.9325825556067813,0.9427213208808655,182,0,182.0,11,0,2,"(33, 8)",0,0.01990049751243781,86.0,60.5,trust_fused,11,RECONNAISSANCE,17,"(28, 42)",False,2,False,185
0,0.0,True,0.0,0.9,0.9,188,0,188.0,9,0,1,"(24, 45)",0,0.012150668286755772,124.0,62.0,trust_fused,9,RECONNAISSANCE,15,"(19, 39)",False,0,False,190
0,0.0,True,0.0,0.9458038526948741,0.9544846798001899,187,0,187.0,6,0,2,"(33, 30)",0,0.018226002430133656,89.5,43.0,trust_fused,6,RECONNAISSANCE,12,"(29, 43)",False,1,False,190
0,0.0,True,0.0,0.9325825556067813,0.9427213208808655,187,0,187.0,11,0,2,"(33, 8)",0,0.019441069258809233,86.0,60.5,trust_fused,11,RECONNAISSANCE,17,"(29, 38)",False,2,False,190
0,0.0,True,0.0,0.9,0.9,193,0,193.0,9,0,1,"(24, 45)",0,0.011547344110854504,124.0,62.0,trust_fused,9,RECONNAISSANCE,15,"(23, 40)",False,0,False,195
0,0.0,True,0.0,0.946710683691413,0.9553231209625728,192,0,192.0,6,0,2,"(33, 30)",0,0.016166281755196306,89.5,43.0,trust_fused,6,RECONNAISSANCE,12,"(29, 38)",False,1,False,195
0,0.0,True,0.0,0.9331101785092679,0.9431350136565143,192,0,192.0,11,0,2,"(33, 8)",0,0.017321016166281754,86.0,60.5,trust_fused,11,RECONNAISSANCE,17,"(29, 33)",False,2,False,195
0,0.0,True,0.0,0.9,0.9,198,0,198.0,10,0,1,"(24, 45)",0,0.011098779134295227,124.0,62.0,trust_fused,10,RECONNAISSANCE,17,"(27, 41)",False,0,False,200
0,0.0,True,0.0,0.9490069324104413,0.9578188041080798,197,0,197.0,7,0,2,"(33, 30)",0,0.01553829078801332,89.5,43.0,trust_fused,7,RECONNAISSANCE,13,"(31, 35)",False,1,False,200
0,0.0,True,0.0,0.935160964973998,0.9447326916925108,197,0,197.0,11,0,2,"(33, 8)",0,0.016648168701442843,86.0,60.5,trust_fused,11,RECONNAISSANCE,18,"(29, 28)",False,2,False,200
0,0.0,True,0.0,0.9,0.9,203,0,203.0,10,0,1,"(24, 45)",0,0.009564293304994687,124.0,62.0,trust_fused,10,RECONNAISSANCE,17,"(27, 46)",False,0,False,205
0,0.0,True,0.0,0.9504008311756663,0.959154954614457,202,0,202.0,7,0,2,"(33, 30)",0,0.01487778958554729,89.5,43.0,trust_fused,7,RECONNAISSANCE,13,"(33, 32)",False,1,False,205
0,0.0,True,0.0,0.935160964973998,0.9447326916925108,202,0,202.0,13,0,2,"(33, 8)",0,0.01487778958554729,86.0,60.5,trust_fused,13,RECONNAISSANCE,20,"(29, 23)",False,2,False,205
0,0.0,True,0.0,0.9,0.9,208,0,208.0,10,0,1,"(24, 45)",0,0.009193054136874362,124.0,62.0,trust_fused,10,RECONNAISSANCE,17,"(24, 48)",False,0,False,210
0,0.0,True,0.0,0.9504008311756663,0.959154954614457,206,0,206.0,8,0,2,"(21, 24)",0,0.017364657814096015,89.5,43.0,trust_fused,8,RECONNAISSANCE,14,"(31, 30)",False,1,False,210
0,0.0,True,0.0,0.935160964973998,0.9447326916925108,207,0,207.0,13,0,2,"(33, 8)",0,0.014300306435137897,86.0,60.5,trust_fused,13,RECONNAISSANCE,20,"(28, 19)",False,2,False,210
0,0.0,True,0.0,0.9,0.9,212,0,212.0,11,0,2,"(13, 15)",0,0.008746355685131196,107.0,66.5,trust_fused,11,RECONNAISSANCE,18,"(24, 46)",False,0,False,215
0,0.0,True,0.0,0.9517316835790683,0.9600217682637656,211,0,211.0,8,0,2,"(21, 24)",0,0.01749271137026239,89.5,43.0,trust_fused,8,RECONNAISSANCE,14,"(27, 29)",False,1,False,215
0,0.0,True,0.0,0.935160964973998,0.9447326916925108,212,0,212.0,13,0,2,"(33, 8)",0,0.013605442176870748,86.0,60.5,trust_fused,13,RECONNAISSANCE,20,"(28, 14)",False,2,False,215
0,0.0,True,0.0,0.9,0.9,217,0,217.0,11,0,2,"(13, 15)",0,0.009337068160597572,107.0,66.5,trust_fused,11,RECONNAISSANCE,18,"(27, 48)",False,0,False,220
0,0.0,True,0.0,0.9538191614552655,0.9615214651332816,216,0,216.0,8,0,2,"(21, 24)",0,0.01680672268907563,89.5,43.0,trust_fused,8,RECONNAISSANCE,14,"(22, 29)",False,1,False,220
0,0.0,True,0.0,0.935160964973998,0.9447326916925108,217,0,217.0,13,0,2,"(33, 8)",0,0.013071895424836602,86.0,60.5,trust_fused,13,RECONNAISSANCE,20,"(28, 9)",False,2,False,220
0,0.0,True,0.0,0.9,0.9,222,0,222.0,11,0,2,"(13, 15)",0,0.009208103130755065,107.0,66.5,trust_fused,11,RECONNAISSANCE,19,"(27, 43)",False,0,False,225
0,0.0,True,0.0,0.9557642552911343,0.9629406850275077,221,0,221.0,8,0,2,"(21, 24)",0,0.016574585635359115,89.5,43.0,trust_fused,8,RECONNAISSANCE,15,"(21, 25)",False,1,False,225
0,0.0,True,0.0,0.935160964973998,0.9447326916925108,222,0,222.0,13,0,2,"(33, 8)",0,0.01289134438305709,86.0,60.5,trust_fused,13,RECONNAISSANCE,21,"(32, 8)",False,2,False,225
0,0.0,True,0.0,0.9,0.9,227,0,227.0,11,0,2,"(13, 15)",0,0.009208103130755065,107.0,66.5,trust_fused,11,RECONNAISSANCE,19,"(25, 40)",False,0,False,230
0,0.0,True,0.0,0.9565013016776613,0.9634354850067989,225,0,225.0,9,0,3,"(24, 45)",0,0.016574585635359115,75.66666666666667,35.0,trust_fused,9,RECONNAISSANCE,16,"(21, 27)",False,1,False,230
0,0.0,True,0.0,0.935160964973998,0.9447326916925108,226,0,226.0,14,0,2,"(2, 50)",0,0.01289134438305709,86.0,60.5,trust_fused,14,RECONNAISSANCE,22,"(30, 8)",False,2,False,230
0,0.0,True,0.0,0.9,0.9,232,0,232.0,11,0,2,"(13, 15)",0,0.009208103130755065,107.0,66.5,trust_fused,11,RECONNAISSANCE,19,"(21, 39)",False,0,False,235
0,0.0,True,0.0,0.9565013016776613,0.9634354850067989,230,0,230.0,9,0,3,"(24, 45)",0,0.016574585635359115,75.66666666666667,35.0,trust_fused,9,RECONNAISSANCE,16,"(26, 27)",False,1,False,235
0,0.0,True,0.0,0.935160964973998,0.9447326916925108,231,0,231.0,14,0,2,"(2, 50)",0,0.01289134438305709,86.0,60.5,trust_fused,14,RECONNAISSANCE,22,"(30, 13)",False,2,False,235
0,0.0,True,0.0,0.9,0.9,237,0,237.0,11,0,2,"(13, 15)",0,0.009208103130755065,107.0,66.5,trust_fused,11,RECONNAISSANCE,19,"(18, 37)",False,0,False,240
0,0.0,True,0.0,0.9568624166277887,0.9637236006802077,235,0,235.0,9,0,3,"(24, 45)",0,0.016574585635359115,75.66666666666667,35.0,trust_fused,9,RECONNAISSANCE,16,"(28, 30)",False,1,False,240
0,0.0,True,0.0,0.935160964973998,0.9447326916925108,236,0,236.0,14,0,2,"(2, 50)",0,0.01289134438305709,86.0,60.5,trust_fused,14,RECONNAISSANCE,22,"(27, 15)",False,2,False,240
0,0.0,True,0.0,0.9,0.9,242,0,242.0,11,0,2,"(13, 15)",0,0.009208103130755065,107.0,66.5,trust_fused,11,RECONNAISSANCE,19,"(18, 32)",False,0,False,245
0,0.0,True,0.0,0.958269660752264,0.9649241851053308,240,0,240.0,9,0,3,"(24, 45)",0,0.016574585635359115,75.66666666666667,35.0,trust_fused,9,RECONNAISSANCE,16,"(28, 35)",False,1,False,245
0,0.0,True,0.0,0.935160964973998,0.9447326916925108,241,0,241.0,14,0,2,"(2, 50)",0,0.01289134438305709,86.0,60.5,trust_fused,14,RECONNAISSANCE,22,"(27, 20)",False,2,False,245
0,0.0,True,0.0,0.9,0.9,247,0,247.0,11,0,2,"(13, 15)",0,0.009208103130755065,107.0,66.5,trust_fused,11,RECONNAISSANCE,20,"(18, 27)",False,0,False,250
0,0.0,True,0.0,0.9600184883926516,0.966642830552213,245,0,245.0,9,0,3,"(24, 45)",0,0.016574585635359115,75.66666666666667,35.0,trust_fused,9,RECONNAISSANCE,17,"(28, 40)",False,1,False,250
0,0.0,True,0.0,0.9356554864057769,0.9450513936095754,246,0,246.0,15,0,2,"(2, 50)",0,0.01289134438305709,86.0,60.5,trust_fused,15,RECONNAISSANCE,23,"(26, 24)",False,2,False,250
0,0.0,True,0.0,0.9,0.9,252,0,252.0,11,0,2,"(13, 15)",0,0.009208103130755065,107.0,66.5,trust_fused,11,RECONNAISSANCE,20,"(15, 25)",False,0,False,255
0,0.0,True,0.0,0.9617146375133857,0.9680345146226405,250,0,250.0,9,0,3,"(24, 45)",0,0.016574585635359115,75.66666666666667,35.0,trust_fused,9,RECONNAISSANCE,17,"(28, 45)",False,1,False,255
0,0.0,True,0.0,0.9381037876585387,0.9474392645504596,251,0,251.0,15,0,2,"(2, 50)",0,0.01289134438305709,86.0,60.5,trust_fused,15,RECONNAISSANCE,23,"(24, 27)",False,2,False,255
0,0.0,True,0.0,0.9,0.9,257,0,257.0,11,0,2,"(13, 15)",0,0.006445672191528545,107.0,66.5,trust_fused,11,RECONNAISSANCE,20,"(15, 20)",False,0,False,260
0,0.0,True,0.0,0.9633330167597972,0.9693697497107839,255,0,255.0,9,0,3,"(24, 45)",0,0.013812154696132596,75.66666666666667,35.0,trust_fused,9,RECONNAISSANCE,17,"(26, 48)",False,1,False,260
0,0.0,True,0.0,0.9404993050848817,0.9494424613373668,256,0,256.0,15,0,2,"(2, 50)",0,0.010128913443830571,86.0,60.5,trust_fused,15,RECONNAISSANCE,23,"(24, 32)",False,2,False,260
0,0.0,True,0.0,0.9,0.9,262,0,262.0,11,0,2,"(13, 15)",0,0.0055248618784530384,107.0,66.5,trust_fused,11,RECONNAISSANCE,20,"(15, 15)",False,0,False,265
0,0.0,True,0.0,0.964940749145365,0.9712315355780444,260,0,260.0,9,0,3,"(24, 45)",0,0.013812154696132596,75.66666666666667,35.0,trust_fused,9,RECONNAISSANCE,17,"(24, 45)",False,1,False,265
0,0.0,True,0.0,0.9428118846133523,0.9514882278035232,261,0,261.0,15,0,2,"(2, 50)",0,0.011049723756906077,86.0,60.5,trust_fused,15,RECONNAISSANCE,23,"(24, 37)",False,2,False,265
0,0.0,True,0.0,0.9,0.9,266,0,266.0,12,0,2,"(33, 8)",0,0.0055248618784530384,107.0,66.5,trust_fused,12,RECONNAISSANCE,21,"(13, 13)",False,0,False,270
0,0.0,True,0.0,0.965277696950184,0.9716797052417435,264,0,264.0,10,0,3,"(2, 22)",0,0.013812154696132596,75.66666666666667,35.0,trust_fused,10,RECONNAISSANCE,18,"(25, 48)",False,1,False,270
0,0.0,True,0.0,0.9450564923141406,0.9534614338348898,266,0,266.0,15,0,2,"(2, 50)",0,0.011049723756906077,86.0,60.5,trust_fused,15,RECONNAISSANCE,23,"(21, 39)",False,2,False,270
0,0.0,True,0.0,0.9,0.9,271,0,271.0,12,0,2,"(33, 8)",0,0.0055248618784530384,107.0,66.5,trust_fused,12,RECONNAISSANCE,22,"(16, 11)",False,0,False,275
0,0.0,True,0.0,0.965277696950184,0.9716797052417435,269,0,269.0,10,0,3,"(2, 22)",0,0.013812154696132596,75.66666666666667,35.0,trust_fused,10,RECONNAISSANCE,19,"(27, 45)",False,1,False,275
0,0.0,True,0.0,0.9472052999192571,0.9551140072704455,271,0,271.0,15,0,2,"(2, 50)",0,0.011049723756906077,86.0,60.5,trust_fused,15,RECONNAISSANCE,24,"(19, 42)",False,2,False,275
0,0.0,True,0.0,0.9,0.9,276,0,276.0,12,0,2,"(33, 8)",0,0.0018399264029438822,107.0,66.5,trust_fused,12,RECONNAISSANCE,22,"(19, 9)",False,0,False,280
0,0.0,True,0.0,0.9659394308389044,0.9721761027807904,274,0,274.0,10,0,3,"(2, 22)",0,0.00919963201471941,75.66666666666667,35.0,trust_fused,10,RECONNAISSANCE,19,"(27, 40)",False,1,False,280
0,0.0,True,0.0,0.9484160889672547,0.955945346496904,276,0,276.0,15,0,2,"(2, 50)",0,0.007359705611775529,86.0,60.5,trust_fused,15,RECONNAISSANCE,24,"(16, 44)",False,2,False,280
0,0.0,True,0.0,0.9,0.9,281,0,281.0,12,0,2,"(33, 8)",0,0.0018399264029438822,107.0,66.5,trust_fused,12,RECONNAISSANCE,22,"(24, 9)",False,0,False,285
0,0.0,True,0.0,0.9675007238086637,0.9732540716907617,279,0,279.0,10,0,3,"(2, 22)",0,0.007359705611775529,75.66666666666667,35.0,trust_fused,10,RECONNAISSANCE,19,"(25, 37)",False,1,False,285
0,0.0,True,0.0,0.9484160889672547,0.955945346496904,281,0,281.0,15,0,2,"(2, 50)",0,0.00827966881324747,86.0,60.5,trust_fused,15,RECONNAISSANCE,24,"(13, 46)",False,2,False,285
0,0.0,True,0.0,0.9,0.9,286,0,286.0,12,0,2,"(33, 8)",0,0.0018331805682859762,107.0,66.5,trust_fused,12,RECONNAISSANCE,22,"(28, 8)",False,0,False,290
0,0.0,True,0.0,0.9689338729271902,0.9741838961385958,284,0,284.0,10,0,3,"(2, 22)",0,0.006416131989000917,75.66666666666667,35.0,trust_fused,10,RECONNAISSANCE,19,"(24, 33)",False,1,False,290
0,0.0,True,0.0,0.9484160889672547,0.955945346496904,286,0,286.0,15,0,2,"(2, 50)",0,0.008249312557286892,86.0,60.5,trust_fused,15,RECONNAISSANCE,24,"(8, 46)",False,2,False,290
0,0.0,True,0.0,0.9,0.9,291,0,291.0,12,0,2,"(33, 8)",0,0.0018331805682859762,107.0,66.5,trust_fused,12,RECONNAISSANCE,22,"(33, 8)",False,0,False,295
0,0.0,True,0.0,0.9702579950123079,0.9751362610829317,289,0,289.0,10,0,3,"(2, 22)",0,0.006416131989000917,75.66666666666667,35.0,trust_fused,10,RECONNAISSANCE,19,"(23, 29)",False,1,False,295
0,0.0,True,0.0,0.9484160889672547,0.955945346496904,291,0,291.0,15,0,2,"(2, 50)",0,0.008249312557286892,86.0,60.5,trust_fused,15,RECONNAISSANCE,24,"(4, 47)",False,2,False,295
0,0.0,True,0.0,0.9,0.9,295,0,295.0,13,0,3,"(21, 24)",0,0.04307974335472044,98.66666666666667,53.666666666666664,trust_fused,13,ATTACK,24,"(29, 8)",False,0,False,300
0,0.0,True,0.0,0.9712477863073279,0.9758472841884607,294,0,294.0,11,0,3,"(2, 22)",0,0.04766269477543538,75.66666666666667,35.0,trust_fused,11,ATTACK,20,"(19, 28)",False,1,False,300
0,0.0,True,0.0,0.9484160889672547,0.955945346496904,296,0,296.0,15,0,2,"(2, 50)",0,0.045829514207149404,86.0,60.5,trust_fused,15,ATTACK,25,"(2, 50)",False,2,False,300
0,0.0,True,0.0,0.9,0.9,300,0,300.0,13,0,3,"(21, 24)",0,0.04307974335472044,98.66666666666667,53.666666666666664,trust_fused,13,ATTACK,24,"(25, 9)",False,0,False,305
0,0.0,True,0.0,0.9712477863073279,0.9758472841884607,299,0,299.0,11,0,3,"(2, 22)",0,0.04766269477543538,75.66666666666667,35.0,trust_fused,11,ATTACK,20,"(14, 28)",False,1,False,305
0,0.0,True,0.0,0.9484160889672547,0.955945346496904,300,0,300.0,16,0,3,"(33, 30)",0,0.045829514207149404,100.33333333333333,65.0,trust_fused,16,ATTACK,26,"(4, 48)",False,2,False,305
0,0.0,True,0.0,0.9,0.9,305,0,305.0,13,0,3,"(21, 24)",0,0.04307974335472044,98.66666666666667,53.666666666666664,trust_fused,13,ATTACK,24,"(21, 10)",False,0,False,310
0,0.0,True,0.0,0.9712477863073279,0.9758472841884607,304,0,304.0,11,0,3,"(2, 22)",0,0.04766269477543538,75.66666666666667,35.0,trust_fused,11,ATTACK,20,"(10, 27)",False,1,False,310
0,0.0,True,0.0,0.9484160889672547,0.955945346496904,305,0,305.0,16,0,3,"(33, 30)",0,0.045829514207149404,100.33333333333333,65.0,trust_fused,16,ATTACK,26,"(7, 46)",False,2,False,310
0,0.0,True,0.0,0.9,0.9,310,0,310.0,13,0,3,"(21, 24)",0,0.03727272727272727,98.66666666666667,53.666666666666664,trust_fused,13,ATTACK,24,"(19, 13)",False,0,False,315
0,0.0,True,0.0,0.9712477863073279,0.9758472841884607,309,0,309.0,11,0,3,"(2, 22)",0,0.03909090909090909,75.66666666666667,35.0,trust_fused,11,ATTACK,20,"(7, 25)",False,1,False,315
0,0.0,True,0.0,0.9484160889672547,0.955945346496904,310,0,310.0,16,0,3,"(33, 30)",0,0.03727272727272727,100.33333333333333,65.0,trust_fused,16,ATTACK,26,"(12, 46)",False,2,False,315
0,0.0,True,0.0,0.9,0.9,315,0,315.0,14,0,3,"(21, 24)",0,0.035650623885918005,98.66666666666667,53.666666666666664,trust_fused,14,ATTACK,25,"(18, 17)",False,0,False,320
0,0.0,True,0.0,0.9712477863073279,0.9758472841884607,314,0,314.0,11,0,3,"(2, 22)",0,0.0374331550802139,75.66666666666667,35.0,trust_fused,11,ATTACK,20,"(4, 23)",False,1,False,320
0,0.0,True,0.0,0.9484160889672547,0.955945346496904,315,0,315.0,16,0,3,"(33, 30)",0,0.035650623885918005,100.33333333333333,65.0,trust_fused,16,ATTACK,26,"(16, 45)",False,2,False,320
0,0.0,True,0.0,0.9,0.9,320,0,320.0,14,0,3,"(21, 24)",0,0.03202846975088968,98.66666666666667,53.666666666666664,trust_fused,14,ATTACK,26,"(18, 22)",False,0,False,325
0,0.0,True,0.0,0.9712477863073279,0.9758472841884607,318,0,318.0,12,0,4,"(33, 8)",0,0.033807829181494664,81.0,40.75,trust_fused,12,ATTACK,22,"(3, 22)",False,1,False,325
0,0.0,True,0.0,0.9484160889672547,0.955945346496904,320,0,320.0,17,0,3,"(33, 30)",0,0.030249110320284697,100.33333333333333,65.0,trust_fused,17,ATTACK,27,"(17, 41)",False,2,False,325
0,0.0,True,0.0,0.9,0.9,325,0,325.0,14,0,3,"(21, 24)",0,0.03111111111111111,98.66666666666667,53.666666666666664,trust_fused,14,ATTACK,26,"(21, 24)",False,0,False,330
0,0.0,True,0.0,0.9712477863073279,0.9758472841884607,323,0,323.0,12,0,4,"(33, 8)",0,0.03288888888888889,81.0,40.75,trust_fused,12,ATTACK,22,"(7, 23)",False,1,False,330
0,0.0,True,0.0,0.9484160889672547,0.955945346496904,325,0,325.0,17,0,3,"(33, 30)",0,0.028444444444444446,100.33333333333333,65.0,trust_fused,17,ATTACK,27,"(20, 39)",False,2,False,330
0,0.0,True,0.0,0.9,0.9,329,0,329.0,15,0,3,"(3, 8)",0,0.028444444444444446,98.66666666666667,53.666666666666664,trust_fused,15,ATTACK,27,"(17, 24)",False,0,False,335
5,0.0,True,0.0,0.9721935215512041,0.9766447199813172,328,0,328.0,12,0,4,"(33, 8)",0,0.03288888888888889,81.0,40.75,trust_fused,12,ATTACK,22,"(12, 23)",False,1,False,335
5,0.0,True,0.0,0.9484160889672547,0.955945346496904,330,0,330.0,18,0,3,"(33, 30)",0,0.029333333333333333,100.33333333333333,65.0,trust_fused,18,ATTACK,28,"(21, 35)",False,2,False,335
0,0.0,True,0.0,0.9,0.9,334,0,334.0,15,0,3,"(3, 8)",0,0.02311111111111111,98.66666666666667,53.666666666666664,trust_fused,15,ATTACK,27,"(17, 19)",False,0,False,340
4,0.0,True,0.0,0.9428739468393109,0.9452174077167118,333,0,333.0,12,0,4,"(33, 8)",0,0.030222222222222223,81.0,40.75,trust_fused,12,ATTACK,22,"(17, 23)",False,1,False,340
5,0.0,True,0.0,0.9484160889672547,0.955945346496904,335,0,335.0,18,0,3,"(33, 30)",0,0.024,100.33333333333333,65.0,trust_fused,18,ATTACK,28,"(25, 34)",False,2,False,340
0,0.0,True,0.0,0.9,0.9,339,0,339.0,15,0,3,"(3, 8)",0,0.024,98.66666666666667,53.666666666666664,trust_fused,15,ATTACK,27,"(17, 14)",False,0,False,345
4,0.0,True,0.0,0.9438643114861657,0.94849071537103,338,0,338.0,12,0,4,"(33, 8)",0,0.027555555555555555,81.0,40.75,trust_fused,12,ATTACK,22,"(18, 19)",False,1,False,345
5,0.0,True,0.0,0.94958802876597,0.956980351109614,340,0,340.0,18,0,3,"(33, 30)",0,0.02311111111111111,100.33333333333333,65.0,trust_fused,18,ATTACK,28,"(26, 30)",False,2,False,345
0,0.0,True,0.0,0.9,0.9,344,0,344.0,15,0,3,"(3, 8)",0,0.024,98.66666666666667,53.666666666666664,trust_fused,15,ATTACK,28,"(17, 9)",False,0,False,350
4,0.0,True,0.0,0.9453490802915713,0.9515929536976735,343,0,343.0,12,0,4,"(33, 8)",0,0.027555555555555555,81.0,40.75,trust_fused,12,ATTACK,23,"(18, 14)",False,1,False,350
5,0.0,True,0.0,0.94958802876597,0.956980351109614,345,0,345.0,18,0,3,"(33, 30)",0,0.02311111111111111,100.33333333333333,65.0,trust_fused,18,ATTACK,29,"(31, 30)",False,2,False,350
0,0.0,True,0.0,0.9,0.9,349,0,349.0,15,0,3,"(3, 8)",0,0.023090586145648313,98.66666666666667,53.666666666666664,trust_fused,15,ATTACK,28,"(13, 8)",False,0,False,355
4,0.0,True,0.0,0.9471600022807758,0.954377286202464,348,0,348.0,12,0,4,"(33, 8)",0,0.027531083481349913,81.0,40.75,trust_fused,12,ATTACK,23,"(18, 9)",False,1,False,355
5,0.0,True,0.0,0.94958802876597,0.956980351109614,349,0,349.0,19,0,3,"(2, 41)",0,0.023090586145648313,100.33333333333333,65.0,trust_fused,19,ATTACK,30,"(31, 30)",False,2,False,355
0,0.0,True,0.0,0.9,0.9,354,0,354.0,15,0,3,"(3, 8)",0,0.023172905525846704,98.66666666666667,53.666666666666664,trust_fused,15,ATTACK,28,"(8, 8)",False,0,False,360
4,0.0,True,0.0,0.9491592444753757,0.9568532751828475,353,0,353.0,12,0,4,"(33, 8)",0,0.027653880463871544,81.0,40.75,trust_fused,12,ATTACK,23,"(23, 9)",False,1,False,360
5,0.0,True,0.0,0.94958802876597,0.956980351109614,354,0,354.0,19,0,3,"(2, 41)",0,0.0231935771632471,100.33333333333333,65.0,trust_fused,19,ATTACK,30,"(29, 33)",False,2,False,360
0,0.0,True,0.0,0.9,0.9,359,0,359.0,15,0,3,"(3, 8)",0,0.0196078431372549,98.66666666666667,53.666666666666664,trust_fused,15,ATTACK,28,"(3, 8)",False,0,False,365
4,0.0,True,0.0,0.9511616166015314,0.9586366659077266,358,0,358.0,12,0,4,"(33, 8)",0,0.026761819803746655,81.0,40.75,trust_fused,12,ATTACK,23,"(27, 8)",False,1,False,365
5,0.0,True,0.0,0.94958802876597,0.956980351109614,359,0,359.0,19,0,3,"(2, 41)",0,0.019625334522747548,100.33333333333333,65.0,trust_fused,19,ATTACK,30,"(27, 36)",False,2,False,365
0,0.0,True,0.0,0.9,0.9,363,0,363.0,16,0,4,"(12, 50)",0,0.01871657754010695,91.5,49.0,trust_fused,16,ATTACK,29,"(7, 8)",False,0,False,370
4,0.0,True,0.0,0.952676370641546,0.9597099820683136,363,0,363.0,12,0,4,"(33, 8)",0,0.025869759143621766,81.0,40.75,trust_fused,12,ATTACK,23,"(32, 8)",False,1,False,370
5,0.0,True,0.0,0.94958802876597,0.956980351109614,364,0,364.0,19,0,3,"(2, 41)",0,0.01873327386262266,100.33333333333333,65.0,trust_fused,19,ATTACK,30,"(24, 38)",False,2,False,370
0,0.0,True,0.0,0.9,0.9,368,0,368.0,17,0,4,"(12, 50)",0,0.01871657754010695,91.5,49.0,trust_fused,17,ATTACK,30,"(12, 8)",False,0,False,375
8,0.0,True,0.0,0.952676370641546,0.9597099820683136,367,0,367.0,13,0,4,"(2, 41)",0,0.026714158504007122,81.0,40.75,trust_fused,13,ATTACK,25,"(30, 8)",False,1,False,375
9,0.0,True,0.0,0.94958802876597,0.956980351109614,369,0,369.0,20,0,3,"(2, 41)",0,0.02226179875333927,100.33333333333333,65.0,trust_fused,20,ATTACK,31,"(20, 39)",False,2,False,375
0,0.0,True,0.0,0.9,0.9,373,0,373.0,17,0,4,"(12, 50)",0,0.018884892086330936,91.5,49.0,trust_fused,17,ATTACK,30,"(14, 11)",False,0,False,380
8,0.0,True,0.0,0.953395179509705,0.9601574678897552,372,0,372.0,13,0,4,"(2, 41)",0,0.026149684400360685,81.0,40.75,trust_fused,13,ATTACK,25,"(26, 9)",False,1,False,380
9,0.0,True,0.0,0.94958802876597,0.956980351109614,374,0,374.0,20,0,3,"(2, 41)",0,0.02254283137962128,100.33333333333333,65.0,trust_fused,20,ATTACK,31,"(17, 41)",False,2,False,380
0,0.0,True,0.0,0.9,0.9,378,0,378.0,17,0,4,"(12, 50)",0,0.018884892086330936,91.5,49.0,trust_fused,17,ATTACK,30,"(14, 16)",False,0,False,385
8,0.0,True,0.0,0.9544360953551313,0.9609988452949544,377,0,377.0,13,0,4,"(2, 41)",0,0.025247971145175834,81.0,40.75,trust_fused,13,ATTACK,25,"(21, 9)",False,1,False,385
9,0.0,True,0.0,0.94958802876597,0.956980351109614,379,0,379.0,20,0,3,"(2, 41)",0,0.02164111812443643,100.33333333333333,65.0,trust_fused,20,ATTACK,31,"(12, 41)",False,2,False,385
0,0.0,True,0.0,0.9,0.9,383,0,383.0,17,0,4,"(12, 50)",0,0.018850987432675045,91.5,49.0,trust_fused,17,ATTACK,30,"(14, 21)",False,0,False,390
7,0.0,True,0.0,0.956151939273749,0.9626356885389115,382,0,382.0,13,0,4,"(2, 41)",0,0.025202520252025202,81.0,40.75,trust_fused,13,ATTACK,25,"(19, 12)",False,1,False,390
7,0.0,True,0.0,0.94958802876597,0.956980351109614,384,0,384.0,20,0,3,"(2, 41)",0,0.019801980198019802,100.33333333333333,65.0,trust_fused,20,ATTACK,31,"(7, 41)",False,2,False,390
0,0.0,True,0.0,0.9,0.9,388,0,388.0,17,0,4,"(12, 50)",0,0.01871657754010695,91.5,49.0,trust_fused,17,ATTACK,30,"(14, 26)",False,0,False,395
7,0.0,True,0.0,0.9578354313234595,0.9642154158805063,387,0,387.0,13,0,4,"(2, 41)",0,0.025,81.0,40.75,trust_fused,13,ATTACK,25,"(17, 15)",False,1,False,395
7,0.0,True,0.0,0.94958802876597,0.956980351109614,389,0,389.0,20,0,3,"(2, 41)",0,0.019642857142857142,100.33333333333333,65.0,trust_fused,20,ATTACK,31,"(2, 41)",False,2,False,395
0,0.0,True,0.0,0.9,0.9,393,0,393.0,17,0,4,"(12, 50)",0,0.018970189701897018,91.5,49.0,trust_fused,17,ATTACK,31,"(14, 31)",False,0,False,400
7,0.0,True,0.0,0.9594954901158781,0.9657392656530149,392,0,392.0,14,0,4,"(2, 41)",0,0.025247971145175834,81.0,40.75,trust_fused,14,ATTACK,26,"(16, 19)",False,1,False,400
7,0.0,True,0.0,0.94958802876597,0.956980351109614,393,0,393.0,22,0,4,"(24, 45)",0,0.019837691614066726,99.0,59.5,trust_fused,22,ATTACK,33,"(6, 41)",False,2,False,400
0,0.0,True,0.0,0.9,0.9,398,0,398.0,17,0,4,"(12, 50)",0,0.018970189701897018,91.5,49.0,trust_fused,17,ATTACK,31,"(14, 36)",False,0,False,405
7,0.0,True,0.0,0.9611227706341002,0.967285121353311,397,0,397.0,14,0,4,"(2, 41)",0,0.02254283137962128,81.0,40.75,trust_fused,14,ATTACK,26,"(13, 21)",False,1,False,405
7,0.0,True,0.0,0.94958802876597,0.956980351109614,398,0,398.0,22,0,4,"(24, 45)",0,0.019837691614066726,99.0,59.5,trust_fused,22,ATTACK,33,"(11, 41)",False,2,False,405
0,0.0,True,0.0,0.9,0.9,403,0,403.0,17,0,4,"(12, 50)",0,0.01895306859205776,91.5,49.0,trust_fused,17,ATTACK,31,"(14, 41)",False,0,False,410
12,0.0,True,0.0,0.962083853352611,0.9681114485143764,402,0,402.0,14,0,4,"(2, 41)",0,0.02252252252252252,81.0,40.75,trust_fused,14,ATTACK,26,"(10, 23)",False,1,False,410
12,0.0,True,0.0,0.9516098029335526,0.9595294097371597,403,0,403.0,22,0,4,"(24, 45)",0,0.024324324324324326,99.0,59.5,trust_fused,22,ATTACK,33,"(14, 43)",False,2,False,410
0,0.0,True,0.0,0.9,0.9,408,0,408.0,17,0,4,"(12, 50)",0,0.01895306859205776,91.5,49.0,trust_fused,17,ATTACK,31,"(12, 44)",False,0,False,415
8,0.0,True,0.0,0.6461379891313532,0.6491203803244301,407,0,407.0,14,0,4,"(2, 41)",0,0.02252252252252252,81.0,40.75,trust_fused,14,ATTACK,26,"(9, 27)",False,1,False,415
12,0.0,True,0.0,0.953751331028526,0.9619967888711848,408,0,408.0,22,0,4,"(24, 45)",0,0.025225225225225224,99.0,59.5,trust_fused,22,ATTACK,33,"(19, 43)",False,2,False,415
0,0.0,True,0.0,0.9,0.9,413,0,413.0,17,0,4,"(12, 50)",0,0.018850987432675045,91.5,49.0,trust_fused,17,ATTACK,31,"(12, 49)",False,0,False,420
8,0.0,True,0.0,0.6468708585951529,0.6551780953256011,412,0,412.0,14,0,4,"(2, 41)",0,0.02060931899641577,81.0,40.75,trust_fused,14,ATTACK,26,"(5, 28)",False,1,False,420
12,0.0,True,0.0,0.9558595824263572,0.9636903167320822,413,0,413.0,22,0,4,"(24, 45)",0,0.026881720430107527,99.0,59.5,trust_fused,22,ATTACK,33,"(20, 47)",False,2,False,420
0,0.0,True,0.0,0.9,0.9,417,0,417.0,18,0,4,"(33, 50)",0,0.01773049645390071,91.5,49.0,trust_fused,18,ATTACK,33,"(15, 50)",False,0,False,425
8,0.0,True,0.0,0.6468708585951529,0.6551780953256011,417,0,417.0,14,0,4,"(2, 41)",0,0.019469026548672566,81.0,40.75,trust_fused,14,ATTACK,27,"(3, 31)",False,1,False,425
12,0.0,True,0.0,0.9570700227768814,0.9646598696527109,418,0,418.0,22,0,4,"(24, 45)",0,0.02566371681415929,99.0,59.5,trust_fused,22,ATTACK,34,"(23, 49)",False,2,False,425
0,0.0,True,0.0,0.9,0.9,422,0,422.0,18,0,4,"(33, 50)",0,0.007957559681697613,91.5,49.0,trust_fused,18,ATTACK,33,"(19, 49)",False,0,False,430
8,0.0,True,0.0,0.6468708585951529,0.6551780953256011,422,0,422.0,14,0,4,"(2, 41)",0,0.009708737864077669,81.0,40.75,trust_fused,14,ATTACK,27,"(3, 36)",False,1,False,430
12,0.0,True,0.0,0.9582518358409935,0.9656884977013885,423,0,423.0,22,0,4,"(24, 45)",0,0.01676963812886143,99.0,59.5,trust_fused,22,ATTACK,34,"(24, 45)",False,2,False,430
0,0.0,True,0.0,0.9,0.9,427,0,427.0,18,0,4,"(33, 50)",0,0.007957559681697613,91.5,49.0,trust_fused,18,ATTACK,33,"(24, 49)",False,0,False,435
8,0.0,True,0.0,0.6468708585951529,0.6551780953256011,427,0,427.0,14,0,4,"(2, 41)",0,0.009708737864077669,81.0,40.75,trust_fused,14,ATTACK,27,"(3, 41)",False,1,False,435
12,0.0,True,0.0,0.9597910014241332,0.9671430085334417,426,0,426.0,23,1,4,"(2, 22)",0,0.01676963812886143,99.0,59.5,trust_fused,23,ATTACK,35,"(24, 48)",False,2,False,435
0,0.0,True,0.0,0.9,0.9,432,0,432.0,18,0,4,"(33, 50)",0,0.006255585344057194,91.5,49.0,trust_fused,18,ATTACK,33,"(28, 50)",False,0,False,440
8,0.0,True,0.0,0.6468708585951529,0.6551780953256011,431,0,431.0,15,0,5,"(13, 15)",0,0.009786476868327402,87.4,45.6,trust_fused,15,ATTACK,28,"(4, 40)",False,1,False,440
12,0.0,True,0.0,0.961756499452864,0.9692895853839566,430,0,430.0,23,2,4,"(2, 22)",0,0.015165031222123104,99.0,59.5,trust_fused,23,ATTACK,36,"(21, 49)",False,2,False,440
0,0.0,True,0.0,0.9,0.9,437,0,437.0,18,0,4,"(33, 50)",0,0.006244424620874219,91.5,49.0,trust_fused,18,ATTACK,33,"(33, 50)",False,0,False,445
8,0.0,True,0.0,0.6468708585951529,0.6551780953256011,436,0,436.0,15,0,5,"(13, 15)",0,0.011565836298932384,87.4,45.6,trust_fused,15,ATTACK,28,"(5, 36)",False,1,False,445
12,0.0,True,0.0,0.9636946562273457,0.9709030187896316,435,0,435.0,23,2,4,"(2, 22)",0,0.015138023152270703,99.0,59.5,trust_fused,23,ATTACK,36,"(19, 46)",False,2,False,445
0,0.0,True,0.0,0.9,0.9,441,0,441.0,19,0,5,"(2, 50)",0,0.04092526690391459,89.2,44.0,trust_fused,19,ATTACK,35,"(29, 50)",False,0,False,450
12,0.0,True,0.0,0.647414605531998,0.6577457973320554,441,0,441.0,16,0,5,"(13, 15)",0,0.04614019520851819,87.4,45.6,trust_fused,16,ATTACK,29,"(6, 32)",False,1,False,450
12,0.0,True,0.0,0.6991189587838486,0.6991189587838486,440,0,440.0,24,2,4,"(2, 22)",0,0.03374777975133215,99.0,59.5,trust_fused,24,ATTACK,37,"(15, 45)",False,2,False,450
0,0.0,True,0.0,0.9,0.9,446,0,446.0,19,0,5,"(2, 50)",0,0.03822222222222222,89.2,44.0,trust_fused,19,ATTACK,35,"(25, 49)",False,0,False,455
12,0.0,True,0.0,0.647414605531998,0.6577457973320554,446,0,446.0,16,0,5,"(13, 15)",0,0.04081632653061224,87.4,45.6,trust_fused,16,ATTACK,29,"(9, 30)",False,1,False,455
12,0.0,True,0.0,0.6991189587838486,0.6991189587838486,445,0,445.0,25,2,4,"(2, 22)",0,0.032830523513753325,99.0,59.5,trust_fused,25,ATTACK,38,"(10, 45)",False,2,False,455
0,0.0,True,0.0,0.9,0.9,451,0,451.0,19,0,5,"(2, 50)",0,0.037333333333333336,89.2,44.0,trust_fused,19,ATTACK,35,"(20, 49)",False,0,False,460
12,0.0,True,0.0,0.647414605531998,0.6577457973320554,451,0,451.0,16,0,5,"(13, 15)",0,0.04081632653061224,87.4,45.6,trust_fused,16,ATTACK,29,"(11, 27)",False,1,False,460
12,0.0,True,0.0,0.6991189587838486,0.6991189587838486,450,0,450.0,25,2,4,"(2, 22)",0,0.030168589174800354,99.0,59.5,trust_fused,25,ATTACK,38,"(9, 41)",False,2,False,460
0,0.0,True,0.0,0.9,0.9,456,0,456.0,19,0,5,"(2, 50)",0,0.037333333333333336,89.2,44.0,trust_fused,19,ATTACK,35,"(17, 47)",False,0,False,465
11,0.0,True,0.0,0.647414605531998,0.6577457973320554,456,0,456.0,17,0,5,"(13, 15)",0,0.038154392191659274,87.4,45.6,trust_fused,17,ATTACK,30,"(14, 25)",False,1,False,465
12,0.0,True,0.0,0.6991189587838486,0.6991189587838486,455,0,455.0,25,2,4,"(2, 22)",0,0.02839396628216504,99.0,59.5,trust_fused,25,ATTACK,38,"(5, 40)",False,2,False,465
0,0.0,True,0.0,0.9,0.9,461,0,461.0,19,0,5,"(2, 50)",0,0.033777777777777775,89.2,44.0,trust_fused,19,ATTACK,35,"(13, 46)",False,0,False,470
8,0.0,True,0.0,0.647414605531998,0.6577457973320554,461,0,461.0,17,0,5,"(13, 15)",0,0.03371783496007098,87.4,45.6,trust_fused,17,ATTACK,30,"(14, 20)",False,1,False,470
12,0.0,True,0.0,0.6991189587838486,0.6991189587838486,460,0,460.0,25,2,4,"(2, 22)",0,0.023957409050576754,99.0,59.5,trust_fused,25,ATTACK,38,"(3, 37)",False,2,False,470
0,0.0,True,0.0,0.9,0.9,466,0,466.0,19,0,5,"(2, 50)",0,0.030222222222222223,89.2,44.0,trust_fused,19,ATTACK,36,"(8, 46)",False,0,False,475
8,0.0,True,0.0,0.647414605531998,0.6577457973320554,466,0,466.0,17,0,5,"(13, 15)",0,0.031055900621118012,87.4,45.6,trust_fused,17,ATTACK,31,"(14, 15)",False,1,False,475
12,0.0,True,0.0,0.6991189587838486,0.6991189587838486,465,0,465.0,25,2,4,"(2, 22)",0,0.02129547471162378,99.0,59.5,trust_fused,25,ATTACK,39,"(3, 32)",False,2,False,475
0,0.0,True,0.0,0.9,0.9,471,0,471.0,19,0,5,"(2, 50)",0,0.028444444444444446,89.2,44.0,trust_fused,19,ATTACK,36,"(3, 46)",False,0,False,480
8,0.0,True,0.0,0.647414605531998,0.6577457973320554,470,0,470.0,18,0,5,"(2, 50)",0,0.03194321206743567,87.4,45.6,trust_fused,18,ATTACK,32,"(14, 17)",False,1,False,480
12,0.0,True,0.0,0.6991189587838486,0.6991189587838486,470,0,470.0,25,2,4,"(2, 22)",0,0.02129547471162378,99.0,59.5,trust_fused,25,ATTACK,39,"(3, 27)",False,2,False,480
0,0.0,True,0.0,0.9,0.9,476,0,476.0,19,0,5,"(2, 50)",0,0.025777777777777778,89.2,44.0,trust_fused,19,ATTACK,36,"(2, 50)",False,0,False,485
8,0.0,True,0.0,0.647414605531998,0.6577457973320554,475,0,475.0,18,0,5,"(2, 50)",0,0.03194321206743567,87.4,45.6,trust_fused,18,ATTACK,32,"(14, 22)",False,1,False,485
8,0.0,True,0.0,0.6991189587838486,0.6991189587838486,475,0,475.0,25,2,4,"(2, 22)",0,0.015084294587400177,99.0,59.5,trust_fused,25,ATTACK,39,"(2, 23)",False,2,False,485
0,0.0,True,0.0,0.9,0.9,480,0,480.0,20,0,5,"(33, 30)",0,0.024888888888888887,89.2,44.0,trust_fused,20,ATTACK,37,"(4, 48)",False,0,False,490
38,0.0,True,0.0,0.647414605531998,0.6577457973320554,480,0,480.0,18,0,5,"(2, 50)",0,0.048802129547471165,87.4,45.6,trust_fused,18,ATTACK,32,"(13, 26)",False,1,False,490
38,16.650726877052584,True,16.650726877052584,0.6991189587838486,0.6991189587838486,479,0,479.0,27,2,5,"(12, 50)",38,0.01419698314108252,97.4,58.8,trust_fused,27,ATTACK,41,"(3, 24)",True,2,True,490
0,0.0,True,0.0,0.9,0.9,485,0,485.0,20,0,5,"(33, 30)",0,0.024888888888888887,89.2,44.0,trust_fused,20,ATTACK,37,"(7, 46)",False,0,False,495
23,0.0,True,0.0,0.647414605531998,0.6577457973320554,485,0,485.0,18,0,5,"(2, 50)",0,0.0417036379769299,87.4,45.6,trust_fused,18,ATTACK,32,"(9, 27)",False,1,False,495
23,16.650726877052584,True,16.650726877052584,0.6991189587838486,0.6991189587838486,484,0,484.0,27,2,5,"(12, 50)",23,0.01419698314108252,97.4,58.8,trust_fused,27,ATTACK,41,"(5, 27)",True,2,True,495
0,0.0,True,0.0,0.9,0.9,490,0,490.0,21,0,5,"(33, 30)",0,0.024933214603739984,89.2,44.0,trust_fused,21,ATTACK,38,"(11, 45)",False,0,False,500
10,0.0,True,0.0,0.647414605531998,0.6577457973320554,490,0,490.0,19,0,5,"(2, 50)",0,0.03194321206743567,87.4,45.6,trust_fused,19,ATTACK,33,"(5, 28)",False,1,False,500
10,0.0,True,0.0,0.6991189587838486,0.6991189587838486,489,0,489.0,28,2,5,"(12, 50)",0,0.013333333333333334,97.4,58.8,trust_fused,28,ATTACK,42,"(5, 32)",False,2,False,500
0,0.0,True,0.0,0.9,0.9,495,0,495.0,21,0,5,"(33, 30)",0,0.02404274265360641,89.2,44.0,trust_fused,21,ATTACK,38,"(16, 45)",False,0,False,505
9,0.0,True,0.0,0.647414605531998,0.6577457973320554,495,0,495.0,19,0,5,"(2, 50)",0,0.031055900621118012,87.4,45.6,trust_fused,19,ATTACK,33,"(3, 31)",False,1,False,505
9,0.0,True,0.0,0.6992213094384808,0.7011659718764945,494,0,494.0,28,2,5,"(12, 50)",0,0.013333333333333334,97.4,58.8,trust_fused,28,ATTACK,42,"(6, 36)",False,2,False,505
0,0.0,True,0.0,0.9,0.9,500,0,500.0,21,0,5,"(33, 30)",0,0.025823686553873553,89.2,44.0,trust_fused,21,ATTACK,38,"(19, 43)",False,0,False,510
9,0.0,True,0.0,0.647414605531998,0.6577457973320554,500,0,500.0,19,0,5,"(2, 50)",0,0.031055900621118012,87.4,45.6,trust_fused,19,ATTACK,33,"(3, 36)",False,1,False,510
9,0.0,True,0.0,0.7007852263283519,0.7115402991357528,499,0,499.0,28,2,5,"(12, 50)",0,0.012444444444444444,97.4,58.8,trust_fused,28,ATTACK,42,"(7, 40)",False,2,False,510
0,0.0,True,0.0,0.9,0.9,505,0,505.0,21,0,5,"(33, 30)",0,0.0213713268032057,89.2,44.0,trust_fused,21,ATTACK,38,"(19, 38)",False,0,False,515
9,0.0,True,0.0,0.6515614914994448,0.6713054585162619,505,0,505.0,19,0,5,"(2, 50)",0,0.025732031943212066,87.4,45.6,trust_fused,19,ATTACK,33,"(3, 41)",False,1,False,515
8,0.0,True,0.0,0.7041034091965466,0.7054518697490809,504,0,504.0,28,2,5,"(12, 50)",0,0.008888888888888889,97.4,58.8,trust_fused,28,ATTACK,42,"(8, 44)",False,2,False,515
0,0.0,True,0.0,0.9,0.9,510,0,510.0,21,0,5,"(33, 30)",0,0.02183803457688808,89.2,44.0,trust_fused,21,ATTACK,38,"(19, 33)",False,0,False,520
9,0.0,True,0.0,0.6580726011873901,0.6859692102194525,510,0,510.0,19,0,5,"(2, 50)",0,0.02527075812274368,87.4,45.6,trust_fused,19,ATTACK,33,"(3, 46)",False,1,False,520
8,0.0,True,0.0,0.7061411779351716,0.7178086931346508,509,0,509.0,28,2,5,"(12, 50)",0,0.008130081300813009,97.4,58.8,trust_fused,28,ATTACK,42,"(12, 45)",False,2,False,520
0,0.0,True,0.0,0.9,0.9,515,0,515.0,21,0,5,"(33, 30)",0,0.02183803457688808,89.2,44.0,trust_fused,21,ATTACK,39,"(21, 30)",False,0,False,525
9,0.0,True,0.0,0.6666921717752081,0.7033196203184505,515,0,515.0,19,0,5,"(2, 50)",0,0.02527075812274368,87.4,45.6,trust_fused,19,ATTACK,34,"(2, 50)",False,1,False,525
8,0.0,True,0.0,0.7103526258541537,0.7290358551242356,514,0,514.0,28,2,5,"(12, 50)",0,0.008130081300813009,97.4,58.8,trust_fused,28,ATTACK,43,"(12, 50)",False,2,False,525
0,0.0,True,0.0,0.9,0.9,520,0,520.0,21,0,5,"(33, 30)",0,0.022747952684258416,89.2,44.0,trust_fused,21,ATTACK,39,"(26, 30)",False,0,False,530
17,0.0,True,0.0,0.6708615598707482,0.7106841245349714,519,0,519.0,20,0,6,"(24, 45)",0,0.027953110910730387,87.66666666666667,46.166666666666664,trust_fused,20,ATTACK,35,"(4, 48)",False,1,False,530
16,0.0,True,0.0,0.7113734460362885,0.7307690294968497,518,0,518.0,29,2,5,"(21, 24)",0,0.01263537906137184,97.4,58.8,trust_fused,29,ATTACK,44,"(12, 46)",False,2,False,530
0,0.0,True,0.0,0.9,0.9,525,0,525.0,21,0,5,"(33, 30)",0,0.022747952684258416,89.2,44.0,trust_fused,21,ATTACK,39,"(31, 30)",False,0,False,535
16,0.0,True,0.0,0.6809668971674285,0.7095516521355534,524,0,524.0,20,0,6,"(24, 45)",0,0.027051397655545536,87.66666666666667,46.166666666666664,trust_fused,20,ATTACK,35,"(7, 46)",False,1,False,535
16,0.0,True,0.0,0.7160207210606381,0.7393678246169509,523,0,523.0,29,2,5,"(21, 24)",0,0.01263537906137184,97.4,58.8,trust_fused,29,ATTACK,44,"(15, 44)",False,2,False,535
0,0.0,True,0.0,0.9,0.9,529,0,529.0,22,0,6,"(24, 45)",0,0.022999080036798528,89.66666666666667,45.333333333333336,trust_fused,22,ATTACK,40,"(31, 30)",False,0,False,540
16,0.0,True,0.0,0.6890025869381872,0.7207599269877076,529,0,529.0,20,0,6,"(24, 45)",0,0.02737226277372263,87.66666666666667,46.166666666666664,trust_fused,20,ATTACK,35,"(12, 46)",False,1,False,540
16,0.0,True,0.0,0.7227495286616182,0.7496102887629776,528,0,528.0,29,2,5,"(21, 24)",0,0.012715712988192553,97.4,58.8,trust_fused,29,ATTACK,44,"(17, 41)",False,2,False,540
0,0.0,True,0.0,0.9,0.9,534,0,534.0,22,0,6,"(24, 45)",0,0.020239190432382703,89.66666666666667,45.333333333333336,trust_fused,22,ATTACK,40,"(29, 33)",False,0,False,545
16,0.0,True,0.0,0.6976551247891493,0.731081128306181,534,0,534.0,20,0,6,"(24, 45)",0,0.024635036496350366,87.66666666666667,46.166666666666664,trust_fused,20,ATTACK,35,"(17, 46)",False,1,False,545
16,0.0,True,0.0,0.7302090111629783,0.7592173649128715,533,0,533.0,29,2,5,"(21, 24)",0,0.012715712988192553,97.4,58.8,trust_fused,29,ATTACK,44,"(19, 38)",False,2,False,545
0,0.0,True,0.0,0.9,0.9,539,0,539.0,22,0,6,"(24, 45)",0,0.014705882352941176,89.66666666666667,45.333333333333336,trust_fused,22,ATTACK,41,"(27, 36)",False,0,False,550
16,0.0,True,0.0,0.7066111720560609,0.7411161674436507,539,0,539.0,20,0,6,"(24, 45)",0,0.020985401459854013,87.66666666666667,46.166666666666664,trust_fused,20,ATTACK,36,"(20, 48)",False,1,False,550
16,0.0,True,0.0,0.7381187218031551,0.7691031254569843,538,0,538.0,29,2,5,"(21, 24)",0,0.012704174228675136,97.4,58.8,trust_fused,29,ATTACK,45,"(21, 35)",False,2,False,550
0,0.0,True,0.0,0.9,0.9,544,0,544.0,22,0,6,"(24, 45)",0,0.012855831037649219,89.66666666666667,45.333333333333336,trust_fused,22,ATTACK,41,"(27, 41)",False,0,False,555
14,0.0,True,0.0,0.7157504989079952,0.7505979611203362,544,0,544.0,20,0,6,"(24, 45)",0,0.017335766423357664,87.66666666666667,46.166666666666664,trust_fused,20,ATTACK,36,"(24, 49)",False,1,False,555
14,0.0,True,0.0,0.7466207244517306,0.7793317201425233,543,0,543.0,29,2,5,"(21, 24)",0,0.010879419764279238,97.4,58.8,trust_fused,29,ATTACK,45,"(21, 30)",False,2,False,555
0,0.0,True,0.0,0.9,0.9,549,0,549.0,22,0,6,"(24, 45)",0,0.007874015748031496,89.66666666666667,45.333333333333336,trust_fused,22,ATTACK,41,"(26, 45)",False,0,False,560
10,0.0,True,0.0,0.7079725107703354,0.7172326294755352,548,0,548.0,21,0,6,"(2, 22)",0,0.011776251226692836,87.66666666666667,46.166666666666664,trust_fused,21,ATTACK,37,"(24, 45)",False,1,False,560
11,0.0,True,0.0,0.7551405999170715,0.7871120373567085,548,0,548.0,29,2,5,"(21, 24)",0,0.007850834151128557,97.4,58.8,trust_fused,29,ATTACK,45,"(21, 25)",False,2,False,560
0,0.0,True,0.0,0.9,0.9,553,0,553.0,23,0,6,"(2, 22)",0,0.007874015748031496,89.66666666666667,45.333333333333336,trust_fused,23,ATTACK,42,"(26, 45)",False,0,False,565
24,1.010290814809693,True,1.010290814809693,0.7114634910642392,0.7316600481034912,553,0,553.0,22,0,6,"(2, 22)",24,0.022571148184494603,87.66666666666667,46.166666666666664,trust_fused,22,ATTACK,38,"(23, 49)",True,1,True,565
24,0.0,True,0.0,0.7584670895892953,0.789941536673505,552,0,552.0,30,2,6,"(33, 8)",0,0.007850834151128557,93.66666666666667,55.0,trust_fused,30,ATTACK,46,"(23, 25)",False,2,False,565
0,0.0,True,0.0,0.9,0.9,558,0,558.0,23,0,6,"(2, 22)",0,0.007633587786259542,89.66666666666667,45.333333333333336,trust_fused,23,ATTACK,42,"(27, 41)",False,0,False,570
24,1.010290814809693,True,1.010290814809693,0.7151928823611985,0.740250429624611,558,0,558.0,22,0,6,"(2, 22)",24,0.021883920076117985,87.66666666666667,46.166666666666664,trust_fused,22,ATTACK,38,"(20, 47)",True,1,True,570
24,0.0,True,0.0,0.7667296112435186,0.7979922857356404,557,0,557.0,30,2,6,"(33, 8)",0,0.012369172216936251,93.66666666666667,55.0,trust_fused,30,ATTACK,46,"(28, 25)",False,2,False,570
0,0.0,True,0.0,0.9,0.9,563,0,563.0,24,0,6,"(2, 22)",0,0.007380073800738007,89.66666666666667,45.333333333333336,trust_fused,24,ATTACK,43,"(24, 39)",False,0,False,575
24,0.8567103641185412,True,0.8567103641185412,0.7178984212923502,0.7439967743488718,563,0,563.0,23,0,6,"(2, 22)",0,0.021159153633854646,87.66666666666667,46.166666666666664,trust_fused,23,ATTACK,39,"(17, 45)",False,1,False,575
24,0.0,True,0.0,0.7700043649462168,0.8010544424363046,562,0,562.0,30,2,6,"(33, 8)",0,0.013799448022079117,93.66666666666667,55.0,trust_fused,30,ATTACK,47,"(29, 21)",False,2,False,575
0,0.0,True,0.0,0.9,0.9,568,0,568.0,24,0,6,"(2, 22)",0,0.007162041181736795,89.66666666666667,45.333333333333336,trust_fused,24,ATTACK,43,"(22, 36)",False,0,False,580
24,0.8567103641185412,True,0.8567103641185412,0.7221100921448389,0.7488434071571852,568,0,568.0,23,0,6,"(2, 22)",0,0.020535714285714286,87.66666666666667,46.166666666666664,trust_fused,23,ATTACK,39,"(12, 45)",False,1,False,580
24,0.0,True,0.0,0.7700043649462168,0.8010544424363046,567,0,567.0,30,2,6,"(33, 8)",0,0.017857142857142856,93.66666666666667,55.0,trust_fused,30,ATTACK,47,"(29, 16)",False,2,False,580
0,0.0,True,0.0,0.9,0.9,573,0,573.0,24,0,6,"(2, 22)",0,0.007155635062611807,89.66666666666667,45.333333333333336,trust_fused,24,ATTACK,43,"(22, 31)",False,0,False,585
24,0.8567103641185412,True,0.8567103641185412,0.7263122280201184,0.75285015707267,573,0,573.0,23,0,6,"(2, 22)",0,0.021409455842997322,87.66666666666667,46.166666666666664,trust_fused,23,ATTACK,39,"(7, 45)",False,1,False,585
24,0.0,True,0.0,0.7700043649462168,0.8010544424363046,572,0,572.0,30,2,6,"(33, 8)",0,0.019625334522747548,93.66666666666667,55.0,trust_fused,30,ATTACK,47,"(29, 11)",False,2,False,585
0,0.0,True,0.0,0.9,0.9,578,0,578.0,24,0,6,"(2, 22)",0,0.007155635062611807,89.66666666666667,45.333333333333336,trust_fused,24,ATTACK,43,"(19, 29)",False,0,False,590
24,0.8567103641185412,True,0.8567103641185412,0.7277039681931927,0.7541470314816044,578,0,578.0,23,0,6,"(2, 22)",0,0.0231935771632471,87.66666666666667,46.166666666666664,trust_fused,23,ATTACK,39,"(5, 42)",False,1,False,590
24,0.0,True,0.0,0.7700043649462168,0.8010544424363046,577,0,577.0,30,2,6,"(33, 8)",0,0.019625334522747548,93.66666666666667,55.0,trust_fused,30,ATTACK,47,"(31, 8)",False,2,False,590
0,0.0,True,0.0,0.9,0.9,583,0,583.0,24,0,6,"(2, 22)",0,0.007155635062611807,89.66666666666667,45.333333333333336,trust_fused,24,ATTACK,43,"(15, 28)",False,0,False,595
24,0.8567103641185412,True,0.8567103641185412,0.7277039681931927,0.7541470314816044,583,0,583.0,23,0,6,"(2, 22)",0,0.02230151650312221,87.66666666666667,46.166666666666664,trust_fused,23,ATTACK,39,"(4, 38)",False,1,False,595
24,0.0,True,0.0,0.7700043649462168,0.8010544424363046,581,0,581.0,31,2,6,"(2, 41)",0,0.020517395182872437,93.66666666666667,55.0,trust_fused,31,ATTACK,48,"(31, 8)",False,2,False,595
0,0.0,True,0.0,0.9,0.9,588,0,588.0,25,0,6,"(2, 22)",0,0.03398926654740608,89.66666666666667,45.333333333333336,trust_fused,25,ATTACK,44,"(11, 27)",False,0,False,600
30,0.38760872999703366,True,0.38760872999703366,0.7277039681931927,0.7541470314816044,588,0,588.0,23,0,6,"(2, 22)",0,0.05084745762711865,87.66666666666667,46.166666666666664,trust_fused,23,ATTACK,40,"(4, 33)",False,1,False,600
30,0.0,True,0.0,0.7700043649462168,0.8010544424363046,586,0,586.0,32,2,6,"(2, 41)",0,0.05263157894736842,93.66666666666667,55.0,trust_fused,32,ATTACK,49,"(28, 10)",False,2,False,600
0,0.0,True,0.0,0.9,0.9,593,0,593.0,25,0,6,"(2, 22)",0,0.03041144901610018,89.66666666666667,45.333333333333336,trust_fused,25,ATTACK,44,"(6, 27)",False,0,False,605
22,0.19609119750152537,True,0.19609119750152537,0.7322227577021027,0.7622237274588212,593,0,593.0,23,0,6,"(2, 22)",0,0.04192685102586976,87.66666666666667,46.166666666666664,trust_fused,23,ATTACK,40,"(4, 28)",False,1,False,605
22,0.0,True,0.0,0.7700043649462168,0.8010544424363046,591,0,591.0,32,2,6,"(2, 41)",0,0.042818911685994644,93.66666666666667,55.0,trust_fused,32,ATTACK,49,"(27, 14)",False,2,False,605
0,0.0,True,0.0,0.9,0.9,597,0,597.0,25,1,6,"(2, 22)",0,0.030357142857142857,89.66666666666667,45.333333333333336,trust_fused,25,ATTACK,44,"(3, 26)",False,0,False,610
12,0.0,True,0.0,0.7411152203729241,0.776809502517985,598,0,598.0,23,0,6,"(2, 22)",0,0.036541889483065956,87.66666666666667,46.166666666666664,trust_fused,23,ATTACK,40,"(3, 24)",False,1,False,610
14,0.0,True,0.0,0.7700043649462168,0.8010544424363046,596,0,596.0,32,2,6,"(2, 41)",0,0.036541889483065956,93.66666666666667,55.0,trust_fused,32,ATTACK,49,"(27, 19)",False,2,False,610
0,0.0,True,0.0,0.9,0.9,601,0,601.0,25,2,6,"(2, 22)",0,0.030357142857142857,89.66666666666667,45.333333333333336,trust_fused,25,ATTACK,44,"(2, 23)",False,0,False,615
12,0.0,True,0.0,0.7512988378432112,0.7918560659386814,602,0,602.0,24,0,7,"(15, 2)",0,0.035650623885918005,87.71428571428571,47.285714285714285,trust_fused,24,ATTACK,41,"(2, 21)",False,1,False,615
12,0.0,True,0.0,0.7700043649462168,0.8010544424363046,601,0,601.0,32,2,6,"(2, 41)",0,0.036541889483065956,93.66666666666667,55.0,trust_fused,32,ATTACK,49,"(27, 24)",False,2,False,615
0,0.0,True,0.0,0.9,0.9,605,0,605.0,26,2,7,"(2, 41)",0,0.029464285714285714,88.14285714285714,46.57142857142857,trust_fused,26,ATTACK,45,"(3, 24)",False,0,False,620
11,0.0,True,0.0,0.7621050055654871,0.802994763644604,607,0,607.0,24,0,7,"(15, 2)",0,0.03208556149732621,87.71428571428571,47.285714285714285,trust_fused,24,ATTACK,41,"(7, 21)",False,1,False,620
12,0.0,True,0.0,0.7700043649462168,0.8010544424363046,606,0,606.0,32,2,6,"(2, 41)",0,0.0338680926916221,93.66666666666667,55.0,trust_fused,32,ATTACK,49,"(24, 26)",False,2,False,620
0,0.0,True,0.0,0.9,0.9,610,0,610.0,26,2,7,"(2, 41)",0,0.02857142857142857,88.14285714285714,46.57142857142857,trust_fused,26,ATTACK,46,"(3, 29)",False,0,False,625
11,0.0,True,0.0,0.7728120926414137,0.8128474044896424,612,0,612.0,24,0,7,"(15, 2)",0,0.027629233511586453,87.71428571428571,47.285714285714285,trust_fused,24,ATTACK,42,"(12, 21)",False,1,False,625
12,0.0,True,0.0,0.7716349189033936,0.8026154440897532,611,0,611.0,33,2,6,"(2, 41)",0,0.029411764705882353,93.66666666666667,55.0,trust_fused,33,ATTACK,50,"(19, 26)",False,2,False,625
0,0.0,True,0.0,0.9,0.9,615,0,615.0,26,2,7,"(2, 41)",0,0.02857142857142857,88.14285714285714,46.57142857142857,trust_fused,26,ATTACK,46,"(3, 34)",False,0,False,630
11,0.0,True,0.0,0.7769867272061485,0.8165232093414835,617,0,617.0,24,0,7,"(15, 2)",0,0.025846702317290554,87.71428571428571,47.285714285714285,trust_fused,24,ATTACK,42,"(14, 18)",False,1,False,630
12,0.0,True,0.0,0.7781780926850036,0.8094181907915009,616,0,616.0,33,2,6,"(2, 41)",0,0.027629233511586453,93.66666666666667,55.0,trust_fused,33,ATTACK,50,"(17, 29)",False,2,False,630
0,0.0,True,0.0,0.9,0.9,620,0,620.0,26,2,7,"(2, 41)",0,0.027678571428571427,88.14285714285714,46.57142857142857,trust_fused,26,ATTACK,46,"(3, 39)",False,0,False,635
11,0.0,True,0.0,0.7769867272061485,0.8165232093414835,622,0,622.0,24,0,7,"(15, 2)",0,0.025846702317290554,87.71428571428571,47.285714285714285,trust_fused,24,ATTACK,42,"(14, 13)",False,1,False,635
12,0.0,True,0.0,0.7814870612311975,0.8128712406166047,621,0,621.0,33,2,6,"(2, 41)",0,0.025846702317290554,93.66666666666667,55.0,trust_fused,33,ATTACK,50,"(17, 34)",False,2,False,635
0,0.0,True,0.0,0.9,0.9,624,0,624.0,27,2,7,"(15, 2)",0,0.024107142857142858,88.14285714285714,46.57142857142857,trust_fused,27,ATTACK,47,"(3, 41)",False,0,False,640
11,0.0,True,0.0,0.7769867272061485,0.8165232093414835,627,0,627.0,24,0,7,"(15, 2)",0,0.022281639928698752,87.71428571428571,47.285714285714285,trust_fused,24,ATTACK,42,"(15, 9)",False,1,False,640
12,0.0,True,0.0,0.7831166942906811,0.814079722420869,626,0,626.0,33,2,6,"(2, 41)",0,0.022281639928698752,93.66666666666667,55.0,trust_fused,33,ATTACK,50,"(14, 36)",False,2,False,640
0,0.0,True,0.0,0.9,0.9,629,0,629.0,27,2,7,"(15, 2)",0,0.021352313167259787,88.14285714285714,46.57142857142857,trust_fused,27,ATTACK,47,"(5, 38)",False,0,False,645
11,0.0,True,0.0,0.7769867272061485,0.8165232093414835,632,0,632.0,24,0,7,"(15, 2)",0,0.022202486678507993,87.71428571428571,47.285714285714285,trust_fused,24,ATTACK,42,"(15, 4)",False,1,False,645
12,0.0,True,0.0,0.7895521944687515,0.8200555765810156,631,0,631.0,33,2,6,"(2, 41)",0,0.020426287744227355,93.66666666666667,55.0,trust_fused,33,ATTACK,50,"(9, 36)",False,2,False,645
0,0.0,True,0.0,0.9,0.9,634,0,634.0,28,2,7,"(15, 2)",0,0.018650088809946713,88.14285714285714,46.57142857142857,trust_fused,28,ATTACK,48,"(5, 33)",False,0,False,650
11,0.0,True,0.0,0.7769867272061485,0.8165232093414835,636,0,636.0,25,0,7,"(2, 41)",0,0.02304964539007092,87.71428571428571,47.285714285714285,trust_fused,25,ATTACK,44,"(14, 3)",False,1,False,650
12,0.0,True,0.0,0.7978908324745443,0.8305269086363501,636,0,636.0,34,2,6,"(2, 41)",0,0.020390070921985817,93.66666666666667,55.0,trust_fused,34,ATTACK,51,"(4, 36)",False,2,False,650
0,0.0,True,0.0,0.9,0.9,639,0,639.0,28,2,7,"(15, 2)",0,0.018650088809946713,88.14285714285714,46.57142857142857,trust_fused,28,ATTACK,48,"(5, 28)",False,0,False,655
11,0.0,True,0.0,0.7769867272061485,0.8165232093414835,641,0,641.0,25,0,7,"(2, 41)",0,0.02304964539007092,87.71428571428571,47.285714285714285,trust_fused,25,ATTACK,44,"(14, 8)",False,1,False,655
12,0.0,True,0.0,0.8067598209447945,0.8405072425508057,641,0,641.0,34,2,6,"(2, 41)",0,0.020390070921985817,93.66666666666667,55.0,trust_fused,34,ATTACK,51,"(3, 40)",False,2,False,655
0,0.0,True,0.0,0.9,0.9,644,0,644.0,28,2,7,"(15, 2)",0,0.018699910952804988,88.14285714285714,46.57142857142857,trust_fused,28,ATTACK,48,"(10, 28)",False,0,False,660
11,0.0,True,0.0,0.7769867272061485,0.8165232093414835,646,0,646.0,25,0,7,"(2, 41)",0,0.023070097604259095,87.71428571428571,47.285714285714285,trust_fused,25,ATTACK,44,"(14, 13)",False,1,False,660
12,0.0,True,0.0,0.8120724328308782,0.8462690464396695,645,0,645.0,35,2,7,"(33, 50)",0,0.020426287744227355,94.0,56.42857142857143,trust_fused,35,ATTACK,52,"(4, 41)",False,2,False,660
0,0.0,True,0.0,0.9,0.9,649,0,649.0,28,2,7,"(15, 2)",0,0.017809439002671415,88.14285714285714,46.57142857142857,trust_fused,28,ATTACK,48,"(12, 25)",False,0,False,665
11,0.0,True,0.0,0.7769867272061485,0.8165232093414835,651,0,651.0,25,0,7,"(2, 41)",0,0.02129547471162378,87.71428571428571,47.285714285714285,trust_fused,25,ATTACK,44,"(14, 18)",False,1,False,665
12,0.0,True,0.0,0.8156497683744954,0.8496886665043787,650,0,650.0,35,2,7,"(33, 50)",0,0.020426287744227355,94.0,56.42857142857143,trust_fused,35,ATTACK,52,"(9, 41)",False,2,False,665
0,0.0,True,0.0,0.9,0.9,654,0,654.0,28,2,7,"(15, 2)",0,0.013357079252003561,88.14285714285714,46.57142857142857,trust_fused,28,ATTACK,48,"(15, 23)",False,0,False,670
11,0.0,True,0.0,0.7873181682196032,0.826857052197791,656,0,656.0,25,0,7,"(2, 41)",0,0.019520851818988466,87.71428571428571,47.285714285714285,trust_fused,25,ATTACK,44,"(12, 21)",False,1,False,670
12,0.0,True,0.0,0.8156497683744954,0.8496886665043787,655,0,655.0,35,2,7,"(33, 50)",0,0.019538188277087035,94.0,56.42857142857143,trust_fused,35,ATTACK,52,"(10, 45)",False,2,False,670
0,0.0,True,0.0,0.9,0.9,659,0,659.0,28,2,7,"(15, 2)",0,0.01068566340160285,88.14285714285714,46.57142857142857,trust_fused,28,ATTACK,49,"(15, 18)",False,0,False,675
11,0.0,True,0.0,0.7976564498680002,0.8364177450469108,661,0,661.0,26,0,7,"(2, 41)",0,0.018633540372670808,87.71428571428571,47.285714285714285,trust_fused,26,ATTACK,45,"(8, 22)",False,1,False,675
12,0.0,True,0.0,0.8156497683744954,0.8496886665043787,660,0,660.0,35,2,7,"(33, 50)",0,0.019538188277087035,94.0,56.42857142857143,trust_fused,35,ATTACK,53,"(14, 46)",False,2,False,675
0,0.0,True,0.0,0.9,0.9,664,0,664.0,28,2,7,"(15, 2)",0,0.010810810810810811,88.14285714285714,46.57142857142857,trust_fused,28,ATTACK,49,"(15, 13)",False,0,False,680
8,0.0,True,0.0,0.8074144030555496,0.8436089839013367,666,0,666.0,26,0,7,"(2, 41)",0,0.018867924528301886,87.71428571428571,47.285714285714285,trust_fused,26,ATTACK,45,"(7, 26)",False,1,False,680
9,0.0,True,0.0,0.8156497683744954,0.8496886665043787,665,0,665.0,35,2,7,"(33, 50)",0,0.019801980198019802,94.0,56.42857142857143,trust_fused,35,ATTACK,53,"(16, 49)",False,2,False,680
0,0.0,True,0.0,0.9,0.9,669,0,669.0,28,2,7,"(15, 2)",0,0.010810810810810811,88.14285714285714,46.57142857142857,trust_fused,28,ATTACK,49,"(15, 8)",False,0,False,685
8,0.0,True,0.0,0.8166547604224333,0.8509548082768231,671,0,671.0,26,0,7,"(2, 41)",0,0.018867924528301886,87.71428571428571,47.285714285714285,trust_fused,26,ATTACK,45,"(5, 29)",False,1,False,685
9,0.0,True,0.0,0.8156497683744954,0.8496886665043787,670,0,670.0,35,2,7,"(33, 50)",0,0.019801980198019802,94.0,56.42857142857143,trust_fused,35,ATTACK,53,"(21, 49)",False,2,False,685
0,0.0,True,0.0,0.9,0.9,674,0,674.0,28,2,7,"(15, 2)",0,0.00990990990990991,88.14285714285714,46.57142857142857,trust_fused,28,ATTACK,49,"(15, 3)",False,0,False,690
8,0.0,True,0.0,0.8253481795526204,0.8575599191435054,676,0,676.0,26,0,7,"(2, 41)",0,0.017969451931716084,87.71428571428571,47.285714285714285,trust_fused,26,ATTACK,45,"(3, 32)",False,1,False,690
9,0.0,True,0.0,0.8156497683744954,0.8496886665043787,675,0,675.0,35,2,7,"(33, 50)",0,0.019801980198019802,94.0,56.42857142857143,trust_fused,35,ATTACK,53,"(25, 50)",False,2,False,690
0,0.0,True,0.0,0.9,0.9,678,0,678.0,29,2,8,"(33, 50)",0,0.009009009009009009,86.5,47.375,trust_fused,29,ATTACK,50,"(15, 5)",False,0,False,695
8,0.0,True,0.0,0.8335407483890737,0.863966985884913,681,0,681.0,26,0,7,"(2, 41)",0,0.013477088948787063,87.71428571428571,47.285714285714285,trust_fused,26,ATTACK,45,"(3, 37)",False,1,False,695
7,0.0,True,0.0,0.5817904530209267,0.5817904530209267,680,0,680.0,35,2,7,"(33, 50)",0,0.016201620162016202,94.0,56.42857142857143,trust_fused,35,ATTACK,53,"(30, 50)",False,2,False,695
0,0.0,True,0.0,0.9,0.9,683,0,683.0,29,2,8,"(33, 50)",0,0.009025270758122744,86.5,47.375,trust_fused,29,ATTACK,51,"(16, 9)",False,0,False,700
8,0.0,True,0.0,0.8412303520035163,0.8695450726572468,686,0,686.0,26,0,7,"(2, 41)",0,0.013525698827772768,87.71428571428571,47.285714285714285,trust_fused,26,ATTACK,46,"(2, 41)",False,1,False,700
7,0.0,True,0.0,0.5817904530209267,0.5817904530209267,684,0,684.0,36,2,7,"(12, 50)",0,0.016230838593327322,94.0,56.42857142857143,trust_fused,36,ATTACK,55,"(32, 50)",False,2,False,700
0,0.0,True,0.0,0.9,0.9,688,0,688.0,29,2,8,"(33, 50)",0,0.008108108108108109,86.5,47.375,trust_fused,29,ATTACK,51,"(16, 14)",False,0,False,705
8,0.0,True,0.0,0.844226251341291,0.872395361359051,690,0,690.0,27,0,8,"(13, 15)",0,0.013501350135013501,87.625,48.0,trust_fused,27,ATTACK,47,"(4, 39)",False,1,False,705
7,0.0,True,0.0,0.5817904530209267,0.5817904530209267,689,0,689.0,36,2,7,"(12, 50)",0,0.016201620162016202,94.0,56.42857142857143,trust_fused,36,ATTACK,55,"(28, 49)",False,2,False,705
0,0.0,True,0.0,0.9,0.9,693,0,693.0,29,2,8,"(33, 50)",0,0.008100810081008101,86.5,47.375,trust_fused,29,ATTACK,51,"(16, 19)",False,0,False,710
8,0.0,True,0.0,0.8485457108498131,0.8755538915261241,695,0,695.0,27,0,8,"(13, 15)",0,0.013489208633093525,87.625,48.0,trust_fused,27,ATTACK,47,"(5, 35)",False,1,False,710
7,0.0,True,0.0,0.5817904530209267,0.5817904530209267,694,0,694.0,36,2,7,"(12, 50)",0,0.01618705035971223,94.0,56.42857142857143,trust_fused,36,ATTACK,55,"(23, 49)",False,2,False,710
0,0.0,True,0.0,0.9,0.9,698,0,698.0,29,2,8,"(33, 50)",0,0.009000900090009001,86.5,47.375,trust_fused,29,ATTACK,51,"(16, 24)",False,0,False,715
13,0.0,True,0.0,0.8513367799171887,0.8776209417549894,700,0,700.0,28,0,8,"(13, 15)",0,0.013489208633093525,87.625,48.0,trust_fused,28,ATTACK,48,"(7, 32)",False,1,False,715
12,0.0,True,0.0,0.5817904530209267,0.5817904530209267,699,0,699.0,36,2,7,"(12, 50)",0,0.017985611510791366,94.0,56.42857142857143,trust_fused,36,ATTACK,55,"(18, 49)",False,2,False,715
0,0.0,True,0.0,0.9,0.9,703,0,703.0,29,2,8,"(33, 50)",0,0.0072007200720072,86.5,47.375,trust_fused,29,ATTACK,51,"(18, 27)",False,0,False,720
13,0.0,True,0.0,0.8513367799171887,0.8776209417549894,705,0,705.0,28,0,8,"(13, 15)",0,0.011690647482014389,87.625,48.0,trust_fused,28,ATTACK,48,"(9, 29)",False,1,False,720
11,0.0,True,0.0,0.5817904530209267,0.5817904530209267,704,0,704.0,36,2,7,"(12, 50)",0,0.01618705035971223,94.0,56.42857142857143,trust_fused,36,ATTACK,55,"(14, 50)",False,2,False,720
0,0.0,True,0.0,0.9,0.9,708,0,708.0,29,2,8,"(33, 50)",0,0.0072007200720072,86.5,47.375,trust_fused,29,ATTACK,52,"(20, 30)",False,0,False,725
9,0.0,True,0.0,0.7123785847440721,0.7123785847440721,710,0,710.0,29,0,8,"(13, 15)",0,0.011690647482014389,87.625,48.0,trust_fused,29,ATTACK,49,"(10, 25)",False,1,False,725
11,0.0,True,0.0,0.5817904530209267,0.5817904530209267,708,0,708.0,37,2,8,"(13, 15)",0,0.017985611510791366,90.375,52.375,trust_fused,37,ATTACK,57,"(12, 48)",False,2,False,725
0,0.0,True,0.0,0.9,0.9,713,0,713.0,29,2,8,"(33, 50)",0,0.0063006300630063005,86.5,47.375,trust_fused,29,ATTACK,52,"(23, 32)",False,0,False,730
8,0.0,True,0.0,0.5545088044084377,0.568388323574065,715,0,715.0,29,0,8,"(13, 15)",0,0.01079136690647482,87.625,48.0,trust_fused,29,ATTACK,49,"(11, 21)",False,1,False,730
11,0.0,True,0.0,0.5817904530209267,0.5817904530209267,713,0,713.0,37,2,8,"(13, 15)",0,0.014388489208633094,90.375,52.375,trust_fused,37,ATTACK,57,"(12, 43)",False,2,False,730
0,0.0,True,0.0,0.9,0.9,718,0,718.0,29,2,8,"(33, 50)",0,0.0054005400540054005,86.5,47.375,trust_fused,29,ATTACK,52,"(23, 37)",False,0,False,735
8,0.0,True,0.0,0.5602808210584479,0.586968744695372,720,0,720.0,29,0,8,"(13, 15)",0,0.009892086330935251,87.625,48.0,trust_fused,29,ATTACK,49,"(14, 19)",False,1,False,735
11,0.0,True,0.0,0.5817904530209267,0.5817904530209267,718,0,718.0,37,2,8,"(13, 15)",0,0.013489208633093525,90.375,52.375,trust_fused,37,ATTACK,57,"(12, 38)",False,2,False,735
0,0.0,True,0.0,0.9,0.9,723,0,723.0,29,2,8,"(33, 50)",0,0.0036036036036036037,86.5,47.375,trust_fused,29,ATTACK,52,"(25, 40)",False,0,False,740
7,0.0,True,0.0,0.5688147293303204,0.6045638702484438,725,0,725.0,29,0,8,"(13, 15)",0,0.007194244604316547,87.625,48.0,trust_fused,29,ATTACK,49,"(13, 15)",False,1,False,740
10,0.0,True,0.0,0.5832283763409624,0.5940139653355662,723,0,723.0,37,2,8,"(13, 15)",0,0.009892086330935251,90.375,52.375,trust_fused,37,ATTACK,57,"(13, 34)",False,2,False,740
0,0.0,True,0.0,0.9,0.9,728,0,728.0,29,2,8,"(33, 50)",0,0.0027002700270027003,86.5,47.375,trust_fused,29,ATTACK,52,"(27, 43)",False,0,False,745
5,0.0,True,0.0,0.5707807674814833,0.6081354923535781,729,0,729.0,30,0,8,"(12, 50)",0,0.00539568345323741,87.625,48.0,trust_fused,30,ATTACK,50,"(14, 18)",False,1,False,745
8,0.0,True,0.0,0.5879993755090417,0.6104537471160807,728,0,728.0,37,2,8,"(13, 15)",0,0.008093525179856115,90.375,52.375,trust_fused,37,ATTACK,57,"(15, 31)",False,2,False,745
0,0.0,True,0.0,0.9,0.9,733,0,733.0,29,2,8,"(33, 50)",0,0.03770197486535009,86.5,47.375,trust_fused,29,ATTACK,53,"(29, 46)",False,0,False,750
0,0.0,True,0.0,0.5707807674814833,0.6081354923535781,734,0,734.0,31,0,8,"(12, 50)",0,0.03321364452423698,87.625,48.0,trust_fused,31,ATTACK,51,"(13, 20)",False,1,False,750
5,0.0,True,0.0,0.5920454662767574,0.6190619591869516,733,0,733.0,37,2,8,"(13, 15)",0,0.0296229802513465,90.375,52.375,trust_fused,37,ATTACK,58,"(13, 28)",False,2,False,750
0,0.0,True,0.0,0.9,0.9,738,0,738.0,29,2,8,"(33, 50)",0,0.03766816143497758,86.5,47.375,trust_fused,29,ATTACK,53,"(32, 48)",False,0,False,755
16,0.0,True,0.0,0.5707807674814833,0.6081354923535781,739,0,739.0,32,0,8,"(12, 50)",0,0.036771300448430494,87.625,48.0,trust_fused,32,ATTACK,52,"(13, 25)",False,1,False,755
21,0.0,True,0.0,0.5920454662767574,0.6190619591869516,738,0,738.0,37,2,8,"(13, 15)",0,0.028699551569506727,90.375,52.375,trust_fused,37,ATTACK,58,"(14, 24)",False,2,False,755
0,0.0,True,0.0,0.9,0.9,742,0,742.0,30,2,8,"(13, 15)",0,0.03766816143497758,86.5,47.375,trust_fused,30,ATTACK,54,"(32, 50)",False,0,False,760
16,0.0,True,0.0,0.5707807674814833,0.6081354923535781,744,0,744.0,32,0,8,"(12, 50)",0,0.036771300448430494,87.625,48.0,trust_fused,32,ATTACK,52,"(10, 27)",False,1,False,760
21,0.0,True,0.0,0.5920454662767574,0.6190619591869516,743,0,743.0,37,2,8,"(13, 15)",0,0.028699551569506727,90.375,52.375,trust_fused,37,ATTACK,58,"(14, 19)",False,2,False,760
0,0.0,True,0.0,0.9,0.9,747,0,747.0,30,2,8,"(13, 15)",0,0.03228699551569507,86.5,47.375,trust_fused,30,ATTACK,54,"(30, 47)",False,0,False,765
16,0.0,True,0.0,0.5707807674814833,0.6081354923535781,749,0,749.0,34,0,8,"(12, 50)",0,0.034080717488789235,87.625,48.0,trust_fused,34,ATTACK,54,"(6, 28)",False,1,False,765
21,0.0,True,0.0,0.5920454662767574,0.6190619591869516,748,0,748.0,37,2,8,"(13, 15)",0,0.02600896860986547,90.375,52.375,trust_fused,37,ATTACK,58,"(13, 15)",False,2,False,765
0,0.0,True,0.0,0.9,0.9,752,0,752.0,31,2,8,"(13, 15)",0,0.025985663082437275,86.5,47.375,trust_fused,31,ATTACK,55,"(28, 44)",False,0,False,770
16,0.0,True,0.0,0.5707807674814833,0.6081354923535781,754,0,754.0,35,0,8,"(12, 50)",0,0.03046594982078853,87.625,48.0,trust_fused,35,ATTACK,55,"(9, 28)",False,1,False,770
21,0.0,True,0.0,0.5920454662767574,0.6190619591869516,752,0,752.0,38,2,8,"(2, 50)",0,0.022401433691756272,90.375,52.375,trust_fused,38,ATTACK,59,"(14, 18)",False,2,False,770
0,0.0,True,0.0,0.9,0.9,757,0,757.0,32,2,8,"(13, 15)",0,0.023297491039426525,86.5,47.375,trust_fused,32,ATTACK,56,"(27, 40)",False,0,False,775
16,0.0,True,0.0,0.5707807674814833,0.6081354923535781,759,0,759.0,35,0,8,"(12, 50)",0,0.027777777777777776,87.625,48.0,trust_fused,35,ATTACK,56,"(12, 28)",False,1,False,775
21,0.0,True,0.0,0.5920454662767574,0.6190619591869516,757,0,757.0,38,2,8,"(2, 50)",0,0.01971326164874552,90.375,52.375,trust_fused,38,ATTACK,60,"(13, 22)",False,2,False,775
0,0.0,True,0.0,0.9,0.9,762,0,762.0,32,2,8,"(13, 15)",0,0.021447721179624665,86.5,47.375,trust_fused,32,ATTACK,56,"(29, 37)",False,0,False,780
16,0.0,True,0.0,0.5707807674814833,0.6081354923535781,764,0,764.0,35,0,8,"(12, 50)",0,0.02680965147453083,87.625,48.0,trust_fused,35,ATTACK,56,"(12, 33)",False,1,False,780
19,0.0,True,0.0,0.5920454662767574,0.6190619591869516,762,0,762.0,38,2,8,"(2, 50)",0,0.01876675603217158,90.375,52.375,trust_fused,38,ATTACK,60,"(13, 27)",False,2,False,780
0,0.0,True,0.0,0.9,0.9,767,0,767.0,32,2,8,"(13, 15)",0,0.017873100983020553,86.5,47.375,trust_fused,32,ATTACK,56,"(25, 36)",False,0,False,785
16,0.0,True,0.0,0.5707807674814833,0.6081354923535781,769,0,769.0,35,0,8,"(12, 50)",0,0.024128686327077747,87.625,48.0,trust_fused,35,ATTACK,56,"(12, 38)",False,1,False,785
19,0.0,True,0.0,0.5920454662767574,0.6190619591869516,767,0,767.0,38,2,8,"(2, 50)",0,0.022341376228775692,90.375,52.375,trust_fused,38,ATTACK,60,"(12, 31)",False,2,False,785
0,0.0,True,0.0,0.9,0.9,772,0,772.0,32,2,8,"(13, 15)",0,0.014298480786416443,86.5,47.375,trust_fused,32,ATTACK,56,"(22, 34)",False,0,False,790
17,0.0,False,0.0,0.3763471376355752,0.3763471376355752,774,0,774.0,35,0,8,"(12, 50)",0,0.0160857908847185,87.625,48.0,trust_fused,35,ATTACK,58,"(12, 43)",False,1,False,790
25,0.0,True,0.0,0.5920454662767574,0.6190619591869516,772,0,772.0,38,2,8,"(2, 50)",0,0.017873100983020553,90.375,52.375,trust_fused,38,ATTACK,60,"(12, 36)",False,2,False,790
0,0.0,True,0.0,0.9,0.9,777,0,777.0,32,2,8,"(13, 15)",0,0.010723860589812333,86.5,47.375,trust_fused,32,ATTACK,56,"(22, 29)",False,0,False,795
7,0.0,False,0.0,0.22363127092133062,0.22363127092133062,779,0,779.0,35,0,8,"(12, 50)",0,0.013404825737265416,87.625,48.0,trust_fused,35,ATTACK,59,"(12, 48)",False,1,False,795
25,0.0,True,0.0,0.5920454662767574,0.6190619591869516,777,0,777.0,38,2,8,"(2, 50)",0,0.013404825737265416,90.375,52.375,trust_fused,38,ATTACK,60,"(9, 38)",False,2,False,795
0,0.0,True,0.0,0.9,0.9,782,0,782.0,33,2,8,"(13, 15)",0,0.009830205540661306,86.5,47.375,trust_fused,33,ATTACK,57,"(20, 26)",False,0,False,800
7,0.0,False,0.0,0.22363127092133062,0.22363127092133062,783,0,783.0,36,0,9,"(21, 24)",0,0.012511170688114389,88.66666666666667,49.0,trust_fused,36,ATTACK,61,"(12, 48)",False,1,False,800
23,0.0,False,0.0,0.48265535542514143,0.48265535542514143,782,0,782.0,39,2,8,"(2, 50)",0,0.01161751563896336,90.375,52.375,trust_fused,39,ATTACK,61,"(8, 42)",False,2,False,800
0,0.0,True,0.0,0.9,0.9,787,0,787.0,33,2,8,"(13, 15)",0,0.0071492403932082215,86.5,47.375,trust_fused,33,ATTACK,57,"(17, 24)",False,0,False,805
7,0.0,False,0.0,0.22363127092133062,0.22363127092133062,788,0,788.0,36,0,9,"(21, 24)",0,0.010723860589812333,88.66666666666667,49.0,trust_fused,36,ATTACK,61,"(13, 44)",False,1,False,805
21,0.0,False,0.0,0.30914674486798494,0.30914674486798494,787,0,787.0,39,2,8,"(2, 50)",0,0.009830205540661306,90.375,52.375,trust_fused,39,ATTACK,61,"(6, 45)",False,2,False,805
0,0.0,True,0.0,0.9,0.9,792,0,792.0,33,2,8,"(13, 15)",0,0.0071492403932082215,86.5,47.375,trust_fused,33,ATTACK,57,"(15, 21)",False,0,False,810
7,0.0,False,0.0,0.22363127092133062,0.22363127092133062,793,0,793.0,36,0,9,"(21, 24)",0,0.010723860589812333,88.66666666666667,49.0,trust_fused,36,ATTACK,61,"(13, 39)",False,1,False,810
21,0.0,False,0.0,0.30914674486798494,0.30914674486798494,792,0,792.0,39,2,8,"(2, 50)",0,0.009830205540661306,90.375,52.375,trust_fused,39,ATTACK,61,"(3, 47)",False,2,False,810
0,0.0,True,0.0,0.9,0.9,797,0,797.0,33,2,8,"(13, 15)",0,0.0071492403932082215,86.5,47.375,trust_fused,33,ATTACK,57,"(15, 16)",False,0,False,815
7,0.0,False,0.0,0.22363127092133062,0.22363127092133062,798,0,798.0,36,0,9,"(21, 24)",0,0.010723860589812333,88.66666666666667,49.0,trust_fused,36,ATTACK,61,"(13, 34)",False,1,False,815
21,0.0,False,0.0,0.30914674486798494,0.30914674486798494,796,0,796.0,40,2,9,"(33, 30)",0,0.009830205540661306,90.55555555555556,52.0,trust_fused,40,ATTACK,62,"(2, 50)",False,2,False,815
0,0.0,True,0.0,0.9,0.9,801,0,801.0,34,2,9,"(12, 50)",0,0.0071492403932082215,91.0,48.77777777777778,trust_fused,34,ATTACK,58,"(14, 15)",False,0,False,820
7,0.0,False,0.0,0.22790596089314455,0.25403107333244873,803,0,803.0,36,0,9,"(21, 24)",0,0.010723860589812333,88.66666666666667,49.0,trust_fused,36,ATTACK,61,"(13, 29)",False,1,False,820
21,0.0,False,0.0,0.30914674486798494,0.30914674486798494,801,0,801.0,40,2,9,"(33, 30)",0,0.009830205540661306,90.55555555555556,52.0,trust_fused,40,ATTACK,62,"(5, 48)",False,2,False,820
0,0.0,True,0.0,0.9,0.9,806,0,806.0,34,2,9,"(12, 50)",0,0.0071492403932082215,91.0,48.77777777777778,trust_fused,34,ATTACK,59,"(14, 20)",False,0,False,825
6,0.0,False,0.0,0.2378476921607454,0.2767069296277984,808,0,808.0,36,0,9,"(21, 24)",0,0.010723860589812333,88.66666666666667,49.0,trust_fused,36,ATTACK,62,"(13, 24)",False,1,False,825
20,0.0,False,0.0,0.2517481635732776,0.2517481635732776,806,0,806.0,41,2,9,"(33, 30)",0,0.008936550491510277,90.55555555555556,52.0,trust_fused,41,ATTACK,63,"(7, 45)",False,2,False,825
0,0.0,True,0.0,0.9,0.9,811,0,811.0,34,2,9,"(12, 50)",0,0.00804289544235925,91.0,48.77777777777778,trust_fused,34,ATTACK,59,"(14, 25)",False,0,False,830
3,0.0,False,0.0,0.24986268833442754,0.3071982386756526,813,0,813.0,36,0,9,"(21, 24)",0,0.010723860589812333,88.66666666666667,49.0,trust_fused,36,ATTACK,62,"(18, 24)",False,1,False,830
18,0.0,False,0.0,0.2517481635732776,0.2517481635732776,811,0,811.0,41,2,9,"(33, 30)",0,0.008936550491510277,90.55555555555556,52.0,trust_fused,41,ATTACK,63,"(9, 42)",False,2,False,830
0,0.0,True,0.0,0.9,0.9,816,0,816.0,34,2,9,"(12, 50)",0,0.00804289544235925,91.0,48.77777777777778,trust_fused,34,ATTACK,59,"(14, 30)",False,0,False,835
3,0.0,False,0.0,0.2677798996847322,0.34085481580218135,817,0,817.0,37,0,9,"(33, 50)",0,0.01161751563896336,88.66666666666667,49.0,trust_fused,37,ATTACK,63,"(21, 25)",False,1,False,835
18,0.0,False,0.0,0.2517481635732776,0.2517481635732776,816,0,816.0,41,2,9,"(33, 30)",0,0.008936550491510277,90.55555555555556,52.0,trust_fused,41,ATTACK,63,"(12, 40)",False,2,False,835
0,0.0,True,0.0,0.9,0.9,821,0,821.0,34,2,9,"(12, 50)",0,0.009830205540661306,91.0,48.77777777777778,trust_fused,34,ATTACK,59,"(12, 33)",False,0,False,840
3,0.0,False,0.0,0.28801251825986945,0.36759600760300176,822,0,822.0,37,0,9,"(33, 50)",0,0.009830205540661306,88.66666666666667,49.0,trust_fused,37,ATTACK,63,"(19, 28)",False,1,False,840
18,0.0,False,0.0,0.2551040469775929,0.2819881494837046,821,0,821.0,41,2,9,"(33, 30)",0,0.008936550491510277,90.55555555555556,52.0,trust_fused,41,ATTACK,63,"(12, 35)",False,2,False,840
0,0.0,True,0.0,0.9,0.9,825,0,825.0,34,3,9,"(12, 50)",0,0.009830205540661306,91.0,48.77777777777778,trust_fused,34,ATTACK,59,"(12, 37)",False,0,False,845
3,0.0,False,0.0,0.31001757134573593,0.3956382612541722,827,0,827.0,37,0,9,"(33, 50)",0,0.009830205540661306,88.66666666666667,49.0,trust_fused,37,ATTACK,63,"(18, 32)",False,1,False,845
18,0.0,False,0.0,0.26721144882734343,0.32311477726646143,825,0,825.0,43,3,9,"(33, 30)",0,0.008936550491510277,90.55555555555556,52.0,trust_fused,43,ATTACK,65,"(14, 33)",False,2,False,845
0,0.0,True,0.0,0.9,0.9,830,0,830.0,34,3,9,"(12, 50)",0,0.009830205540661306,91.0,48.77777777777778,trust_fused,34,ATTACK,60,"(12, 42)",False,0,False,850
3,0.0,False,0.0,0.3330733943771949,0.421954905592732,832,0,832.0,37,0,9,"(33, 50)",0,0.010723860589812333,88.66666666666667,49.0,trust_fused,37,ATTACK,64,"(18, 37)",False,1,False,850
18,0.0,False,0.0,0.28467903646843573,0.35505693706253244,830,0,830.0,43,3,9,"(33, 30)",0,0.008936550491510277,90.55555555555556,52.0,trust_fused,43,ATTACK,66,"(17, 31)",False,2,False,850
0,0.0,True,0.0,0.9,0.9,835,0,835.0,34,3,9,"(12, 50)",0,0.009830205540661306,91.0,48.77777777777778,trust_fused,34,ATTACK,60,"(12, 47)",False,0,False,855
3,0.0,False,0.0,0.3568190268979428,0.447820534753505,837,0,837.0,37,0,9,"(33, 50)",0,0.01161751563896336,88.66666666666667,49.0,trust_fused,37,ATTACK,64,"(18, 42)",False,1,False,855
7,0.0,False,0.0,0.30379402573737874,0.37764330869673374,835,0,835.0,43,3,9,"(33, 30)",0,0.008936550491510277,90.55555555555556,52.0,trust_fused,43,ATTACK,66,"(21, 30)",False,2,False,855
0,0.0,True,0.0,0.9,0.9,839,0,839.0,35,3,9,"(33, 8)",0,0.013550135501355014,91.0,48.77777777777778,trust_fused,35,ATTACK,61,"(12, 49)",False,0,False,860
3,0.0,False,0.0,0.38096466000199725,0.4730301182049363,842,0,842.0,37,0,9,"(33, 50)",0,0.012646793134598013,88.66666666666667,49.0,trust_fused,37,ATTACK,64,"(19, 46)",False,1,False,860
7,0.0,False,0.0,0.323389149772036,0.3978484218894045,840,0,840.0,43,3,9,"(33, 30)",0,0.00993676603432701,90.55555555555556,52.0,trust_fused,43,ATTACK,66,"(26, 30)",False,2,False,860
0,0.0,True,0.0,0.9,0.9,844,0,844.0,35,3,9,"(33, 8)",0,0.013404825737265416,91.0,48.77777777777778,trust_fused,35,ATTACK,61,"(13, 45)",False,0,False,865
9,0.0,False,0.0,0.39542763299484335,0.4864226504952149,847,0,847.0,37,0,9,"(33, 50)",0,0.012511170688114389,88.66666666666667,49.0,trust_fused,37,ATTACK,64,"(21, 49)",False,1,False,865
13,0.0,False,0.0,0.34280300944001424,0.4157602479709246,845,0,845.0,43,3,9,"(33, 30)",0,0.009830205540661306,90.55555555555556,52.0,trust_fused,43,ATTACK,66,"(31, 30)",False,2,False,865
0,0.0,True,0.0,0.9,0.9,849,0,849.0,35,3,9,"(33, 8)",0,0.014298480786416443,91.0,48.77777777777778,trust_fused,35,ATTACK,61,"(13, 40)",False,0,False,870
9,0.0,True,0.0,0.41830407788713536,0.5024577497767807,852,0,852.0,37,0,9,"(33, 50)",0,0.012511170688114389,88.66666666666667,49.0,trust_fused,37,ATTACK,64,"(25, 50)",False,1,False,870
13,0.0,False,0.0,0.3542205026315652,0.42603480453198955,849,0,849.0,44,3,9,"(15, 2)",0,0.009830205540661306,90.55555555555556,52.0,trust_fused,44,ATTACK,67,"(31, 30)",False,2,False,870
0,0.0,True,0.0,0.9,0.9,854,0,854.0,36,3,9,"(33, 8)",0,0.014298480786416443,91.0,48.77777777777778,trust_fused,36,ATTACK,62,"(13, 35)",False,0,False,875
9,0.0,True,0.0,0.4393916127277193,0.5169521933484499,857,0,857.0,37,0,9,"(33, 50)",0,0.01161751563896336,88.66666666666667,49.0,trust_fused,37,ATTACK,65,"(30, 50)",False,1,False,875
13,0.0,False,0.0,0.3542205026315652,0.42603480453198955,854,0,854.0,45,3,9,"(15, 2)",0,0.009830205540661306,90.55555555555556,52.0,trust_fused,45,ATTACK,68,"(27, 29)",False,2,False,875
0,0.0,True,0.0,0.9,0.9,859,0,859.0,36,3,9,"(33, 8)",0,0.014532243415077202,91.0,48.77777777777778,trust_fused,36,ATTACK,62,"(15, 32)",False,0,False,880
9,0.0,True,0.0,0.4553184292658477,0.5305367814390749,861,0,861.0,38,0,10,"(33, 8)",0,0.011807447774750226,87.9,48.6,trust_fused,38,ATTACK,66,"(33, 49)",False,1,False,880
13,0.0,False,0.0,0.36928212102325336,0.4411430012963709,859,0,859.0,45,3,9,"(15, 2)",0,0.009927797833935019,90.55555555555556,52.0,trust_fused,45,ATTACK,68,"(24, 27)",False,2,False,880
0,0.0,True,0.0,0.9,0.9,864,0,864.0,36,3,9,"(33, 8)",0,0.014532243415077202,91.0,48.77777777777778,trust_fused,36,ATTACK,62,"(15, 27)",False,0,False,885
9,0.0,True,0.0,0.474126933910951,0.543618573203633,866,0,866.0,38,0,10,"(33, 8)",0,0.011807447774750226,87.9,48.6,trust_fused,38,ATTACK,66,"(31, 46)",False,1,False,885
13,0.0,False,0.0,0.384488122097356,0.45780066456468477,864,0,864.0,45,3,9,"(15, 2)",0,0.009927797833935019,90.55555555555556,52.0,trust_fused,45,ATTACK,68,"(20, 26)",False,2,False,885
0,0.0,True,0.0,0.9,0.9,869,0,869.0,36,3,9,"(33, 8)",0,0.012715712988192553,91.0,48.77777777777778,trust_fused,36,ATTACK,62,"(15, 22)",False,0,False,890
6,0.0,True,0.0,0.49183758941489225,0.5580839898483468,871,0,871.0,38,0,10,"(33, 8)",0,0.011807447774750226,87.9,48.6,trust_fused,38,ATTACK,66,"(29, 43)",False,1,False,890
10,0.0,False,0.0,0.4051182062557869,0.48693535484556416,869,0,869.0,45,3,9,"(15, 2)",0,0.009927797833935019,90.55555555555556,52.0,trust_fused,45,ATTACK,68,"(15, 26)",False,2,False,890
0,0.0,True,0.0,0.9,0.9,874,0,874.0,36,3,9,"(33, 8)",0,0.009990917347865577,91.0,48.77777777777778,trust_fused,36,ATTACK,62,"(15, 17)",False,0,False,895
6,0.0,True,0.0,0.5086165710576803,0.5709991830164978,876,0,876.0,38,0,10,"(33, 8)",0,0.012715712988192553,87.9,48.6,trust_fused,38,ATTACK,66,"(29, 38)",False,1,False,895
10,0.0,True,0.0,0.42783889655824686,0.5169104019772205,874,0,874.0,45,3,9,"(15, 2)",0,0.009927797833935019,90.55555555555556,52.0,trust_fused,45,ATTACK,68,"(15, 21)",False,2,False,895
0,0.0,True,0.0,0.9,0.9,879,0,879.0,36,3,9,"(33, 8)",0,0.02806361085126286,91.0,48.77777777777778,trust_fused,36,ATTACK,63,"(15, 12)",False,0,False,900
6,0.0,True,0.0,0.5212900439535598,0.5801676397306157,881,0,881.0,39,0,10,"(33, 8)",0,0.03086997193638915,87.9,48.6,trust_fused,39,ATTACK,67,"(29, 33)",False,1,False,900
10,0.0,True,0.0,0.4521362517812517,0.5466283575621006,879,0,879.0,45,3,9,"(15, 2)",0,0.03024747937671861,90.55555555555556,52.0,trust_fused,45,ATTACK,69,"(15, 16)",False,2,False,900
0,0.0,True,0.0,0.9,0.9,884,0,884.0,36,3,9,"(33, 8)",0,0.028037383177570093,91.0,48.77777777777778,trust_fused,36,ATTACK,63,"(18, 10)",False,0,False,905
14,0.0,True,0.0,0.5212900439535598,0.5801676397306157,886,0,886.0,39,0,10,"(33, 8)",0,0.03644859813084112,87.9,48.6,trust_fused,39,ATTACK,67,"(28, 29)",False,1,False,905
18,0.0,True,0.0,0.4774007061107197,0.5736877025100825,884,0,884.0,45,3,9,"(15, 2)",0,0.037545787545787544,90.55555555555556,52.0,trust_fused,45,ATTACK,69,"(15, 11)",False,2,False,905
0,0.0,True,0.0,0.9,0.9,889,0,889.0,36,3,9,"(33, 8)",0,0.024299065420560748,91.0,48.77777777777778,trust_fused,36,ATTACK,63,"(22, 9)",False,0,False,910
14,0.0,True,0.0,0.5212900439535598,0.5801676397306157,891,0,891.0,39,0,10,"(33, 8)",0,0.03271028037383177,87.9,48.6,trust_fused,39,ATTACK,67,"(28, 24)",False,1,False,910
18,0.0,True,0.0,0.5026523563016421,0.5984762507765069,889,0,889.0,45,3,9,"(15, 2)",0,0.037545787545787544,90.55555555555556,52.0,trust_fused,45,ATTACK,69,"(15, 6)",False,2,False,910
0,0.0,True,0.0,0.9,0.9,894,0,894.0,36,3,9,"(33, 8)",0,0.023722627737226276,91.0,48.77777777777778,trust_fused,36,ATTACK,63,"(26, 8)",False,0,False,915
14,0.0,True,0.0,0.5212900439535598,0.5801676397306157,896,0,896.0,39,0,10,"(33, 8)",0,0.032846715328467155,87.9,48.6,trust_fused,39,ATTACK,67,"(28, 19)",False,1,False,915
18,0.0,True,0.0,0.512628293145147,0.6067323890132342,893,0,893.0,46,3,10,"(24, 45)",0,0.037104072398190045,91.5,51.5,trust_fused,46,ATTACK,70,"(15, 2)",False,2,False,915
0,0.0,True,0.0,0.9,0.9,899,0,899.0,36,3,9,"(33, 8)",0,0.02323503127792672,91.0,48.77777777777778,trust_fused,36,ATTACK,63,"(31, 8)",False,0,False,920
14,0.0,True,0.0,0.5338037682757867,0.5941048155010853,901,0,901.0,39,0,10,"(33, 8)",0,0.032171581769437,87.9,48.6,trust_fused,39,ATTACK,67,"(28, 14)",False,1,False,920
18,0.0,True,0.0,0.5174938412586891,0.6099392554159891,898,0,898.0,46,3,10,"(24, 45)",0,0.03667262969588551,91.5,51.5,trust_fused,46,ATTACK,70,"(15, 7)",False,2,False,920
0,0.0,True,0.0,0.9,0.9,903,0,903.0,37,3,10,"(21, 24)",0,0.0231935771632471,92.3,50.3,trust_fused,37,ATTACK,65,"(31, 8)",False,0,False,925
14,0.0,True,0.0,0.550283353279929,0.6142128384781006,906,0,906.0,39,0,10,"(33, 8)",0,0.032114183764495985,87.9,48.6,trust_fused,39,ATTACK,68,"(28, 9)",False,1,False,925
18,0.0,True,0.0,0.5409802164439111,0.6281435475036448,903,0,903.0,46,3,10,"(24, 45)",0,0.03660714285714286,91.5,51.5,trust_fused,46,ATTACK,71,"(16, 11)",False,2,False,925
0,0.0,True,0.0,0.9,0.9,907,0,907.0,37,4,10,"(21, 24)",0,0.0231935771632471,92.3,50.3,trust_fused,37,ATTACK,65,"(28, 9)",False,0,False,930
14,0.0,True,0.0,0.568019637238078,0.6368426386817617,910,0,910.0,41,1,10,"(33, 8)",0,0.032114183764495985,87.9,48.6,trust_fused,41,ATTACK,70,"(27, 8)",False,1,False,930
18,0.0,True,0.0,0.5409802164439111,0.6281435475036448,908,0,908.0,46,3,10,"(24, 45)",0,0.03482142857142857,91.5,51.5,trust_fused,46,ATTACK,71,"(16, 16)",False,2,False,930
0,0.0,True,0.0,0.9,0.9,912,0,912.0,37,4,10,"(21, 24)",0,0.0231935771632471,92.3,50.3,trust_fused,37,ATTACK,65,"(23, 9)",False,0,False,935
14,0.0,True,0.0,0.5867690603968192,0.6591716244248146,915,0,915.0,41,1,10,"(33, 8)",0,0.029438001784121322,87.9,48.6,trust_fused,41,ATTACK,70,"(32, 8)",False,1,False,935
18,0.0,True,0.0,0.5409802164439111,0.6281435475036448,913,0,913.0,46,3,10,"(24, 45)",0,0.029464285714285714,91.5,51.5,trust_fused,46,ATTACK,71,"(16, 21)",False,2,False,935
0,0.0,True,0.0,0.9,0.9,917,0,917.0,37,4,10,"(21, 24)",0,0.023381294964028777,92.3,50.3,trust_fused,37,ATTACK,65,"(19, 10)",False,0,False,940
14,0.0,True,0.0,0.5943842858282902,0.6666011150619825,919,0,919.0,42,1,10,"(33, 50)",0,0.029490616621983913,87.9,48.6,trust_fused,42,ATTACK,71,"(33, 11)",False,1,False,940
18,0.0,True,0.0,0.5409802164439111,0.6281435475036448,918,0,918.0,46,3,10,"(24, 45)",0,0.029676258992805755,91.5,51.5,trust_fused,46,ATTACK,71,"(16, 26)",False,2,False,940
0,0.0,True,0.0,0.9,0.9,922,0,922.0,37,4,10,"(21, 24)",0,0.023381294964028777,92.3,50.3,trust_fused,37,ATTACK,65,"(18, 14)",False,0,False,945
18,0.0,True,0.0,0.6054717395750729,0.674826065171346,924,0,924.0,42,1,10,"(33, 50)",0,0.029490616621983913,87.9,48.6,trust_fused,42,ATTACK,71,"(30, 13)",False,1,False,945
22,0.0,True,0.0,0.5409802164439111,0.6281435475036448,923,0,923.0,46,3,10,"(24, 45)",0,0.03237410071942446,91.5,51.5,trust_fused,46,ATTACK,71,"(20, 27)",False,2,False,945
0,0.0,True,0.0,0.9,0.9,927,0,927.0,37,4,10,"(21, 24)",0,0.02336028751123091,92.3,50.3,trust_fused,37,ATTACK,66,"(18, 19)",False,0,False,950
18,0.0,True,0.0,0.6090748912501941,0.6775347730774951,929,0,929.0,42,1,10,"(33, 50)",0,0.029464285714285714,87.9,48.6,trust_fused,42,ATTACK,72,"(29, 17)",False,1,False,950
22,0.0,True,0.0,0.5409802164439111,0.6281435475036448,928,0,928.0,46,3,10,"(24, 45)",0,0.03234501347708895,91.5,51.5,trust_fused,46,ATTACK,72,"(25, 27)",False,2,False,950
0,0.0,True,0.0,0.9,0.9,932,0,932.0,37,4,10,"(21, 24)",0,0.020664869721473494,92.3,50.3,trust_fused,37,ATTACK,66,"(18, 24)",False,0,False,955
18,0.0,True,0.0,0.6090748912501941,0.6775347730774951,934,0,934.0,42,1,10,"(33, 50)",0,0.029464285714285714,87.9,48.6,trust_fused,42,ATTACK,72,"(29, 22)",False,1,False,955
22,0.0,True,0.0,0.5409802164439111,0.6281435475036448,933,0,933.0,46,3,10,"(24, 45)",0,0.03234501347708895,91.5,51.5,trust_fused,46,ATTACK,72,"(25, 32)",False,2,False,955
0,0.0,True,0.0,0.9,0.9,936,0,936.0,38,4,10,"(3, 8)",0,0.017040358744394617,92.3,50.3,trust_fused,38,ATTACK,67,"(20, 24)",False,0,False,960
18,0.0,True,0.0,0.6161831011938945,0.6834614894710561,939,0,939.0,42,1,10,"(33, 50)",0,0.027629233511586453,87.9,48.6,trust_fused,42,ATTACK,72,"(28, 26)",False,1,False,960
22,0.0,True,0.0,0.5409802164439111,0.6281435475036448,938,0,938.0,49,3,10,"(24, 45)",0,0.029596412556053813,91.5,51.5,trust_fused,49,ATTACK,75,"(24, 36)",False,2,False,960
0,0.0,True,0.0,0.9,0.9,941,0,941.0,38,4,10,"(3, 8)",0,0.016143497757847534,92.3,50.3,trust_fused,38,ATTACK,67,"(17, 22)",False,0,False,965
18,0.0,True,0.0,0.6266236209871003,0.6917709787050975,944,0,944.0,42,1,10,"(33, 50)",0,0.027629233511586453,87.9,48.6,trust_fused,42,ATTACK,72,"(29, 30)",False,1,False,965
22,0.0,True,0.0,0.5409802164439111,0.6281435475036448,943,0,943.0,49,3,10,"(24, 45)",0,0.028699551569506727,91.5,51.5,trust_fused,49,ATTACK,75,"(27, 38)",False,2,False,965
0,0.0,True,0.0,0.9,0.9,946,0,946.0,38,4,10,"(3, 8)",0,0.012556053811659192,92.3,50.3,trust_fused,38,ATTACK,67,"(17, 17)",False,0,False,970
18,0.0,True,0.0,0.6266236209871003,0.6917709787050975,949,0,949.0,42,1,10,"(33, 50)",0,0.025846702317290554,87.9,48.6,trust_fused,42,ATTACK,72,"(29, 35)",False,1,False,970
22,0.0,True,0.0,0.5409802164439111,0.6281435475036448,948,0,948.0,49,3,10,"(24, 45)",0,0.025112107623318385,91.5,51.5,trust_fused,49,ATTACK,75,"(27, 43)",False,2,False,970
0,0.0,True,0.0,0.9,0.9,951,0,951.0,39,4,10,"(3, 8)",0,0.009865470852017937,92.3,50.3,trust_fused,39,ATTACK,68,"(16, 13)",False,0,False,975
18,0.0,True,0.0,0.6266236209871003,0.6917709787050975,954,0,954.0,43,1,10,"(33, 50)",0,0.0196078431372549,87.9,48.6,trust_fused,43,ATTACK,73,"(29, 40)",False,1,False,975
22,0.0,True,0.0,0.5409802164439111,0.6281435475036448,953,0,953.0,52,3,10,"(24, 45)",0,0.02242152466367713,91.5,51.5,trust_fused,52,ATTACK,79,"(26, 47)",False,2,False,975
0,0.0,True,0.0,0.9,0.9,956,0,956.0,39,4,10,"(3, 8)",0,0.0072007200720072,92.3,50.3,trust_fused,39,ATTACK,68,"(14, 10)",False,0,False,980
18,0.0,True,0.0,0.6266236209871003,0.6917709787050975,959,0,959.0,43,1,10,"(33, 50)",0,0.017070979335130278,87.9,48.6,trust_fused,43,ATTACK,73,"(30, 44)",False,1,False,980
22,0.0,True,0.0,0.5409802164439111,0.6281435475036448,957,0,957.0,53,3,10,"(2, 22)",0,0.019801980198019802,91.5,51.5,trust_fused,53,ATTACK,80,"(24, 45)",False,2,False,980
0,0.0,True,0.0,0.9,0.9,961,0,961.0,39,4,10,"(3, 8)",0,0.00718132854578097,92.3,50.3,trust_fused,39,ATTACK,68,"(11, 8)",False,0,False,985
22,0.0,True,0.0,0.6266236209871003,0.6917709787050975,964,0,964.0,43,1,10,"(33, 50)",0,0.01881720430107527,87.9,48.6,trust_fused,43,ATTACK,73,"(30, 49)",False,1,False,985
26,0.0,True,0.0,0.5409802164439111,0.6281435475036448,962,0,962.0,53,3,10,"(2, 22)",0,0.019748653500897665,91.5,51.5,trust_fused,53,ATTACK,80,"(27, 47)",False,2,False,985
0,0.0,True,0.0,0.9,0.9,966,0,966.0,39,4,10,"(3, 8)",0,0.0071492403932082215,92.3,50.3,trust_fused,39,ATTACK,68,"(6, 8)",False,0,False,990
22,0.0,True,0.0,0.6266236209871003,0.6917709787050975,968,0,968.0,44,1,11,"(33, 30)",0,0.01873327386262266,90.0,49.0,trust_fused,44,ATTACK,74,"(33, 50)",False,1,False,990
23,0.0,False,0.0,0.47736120747218386,0.47736120747218386,967,0,967.0,54,3,10,"(2, 22)",0,0.01966041108132261,91.5,51.5,trust_fused,54,ATTACK,81,"(27, 42)",False,2,False,990
0,0.0,True,0.0,0.9,0.9,970,0,970.0,40,4,11,"(2, 22)",0,0.0071492403932082215,90.36363636363636,48.90909090909091,trust_fused,40,ATTACK,69,"(4, 8)",False,0,False,995
22,0.0,True,0.0,0.6266236209871003,0.6917709787050975,973,0,973.0,44,1,11,"(33, 30)",0,0.01784121320249777,90.0,49.0,trust_fused,44,ATTACK,74,"(32, 46)",False,1,False,995
23,0.0,False,0.0,0.47736120747218386,0.47736120747218386,972,0,972.0,54,3,10,"(2, 22)",0,0.01966041108132261,91.5,51.5,trust_fused,54,ATTACK,81,"(26, 38)",False,2,False,995
0,0.0,True,0.0,0.9,0.9,975,0,975.0,40,4,11,"(2, 22)",0,0.007155635062611807,90.36363636363636,48.90909090909091,trust_fused,40,ATTACK,70,"(9, 8)",False,0,False,1000
22,0.0,True,0.0,0.6266236209871003,0.6917709787050975,978,0,978.0,44,1,11,"(33, 30)",0,0.016979445933869526,90.0,49.0,trust_fused,44,ATTACK,75,"(29, 44)",False,1,False,1000
22,0.0,False,0.0,0.34388308659497596,0.34388308659497596,977,0,977.0,55,3,10,"(2, 22)",0,0.01967799642218247,91.5,51.5,trust_fused,55,ATTACK,82,"(22, 37)",False,2,False,1000
0,0.0,True,0.0,0.9,0.9,980,0,980.0,40,4,11,"(2, 22)",0,0.007155635062611807,90.36363636363636,48.90909090909091,trust_fused,40,ATTACK,70,"(13, 9)",False,0,False,1005
21,0.0,True,0.0,0.5400241832202167,0.5400241832202167,983,0,983.0,44,1,11,"(33, 30)",0,0.017873100983020553,90.0,49.0,trust_fused,44,ATTACK,75,"(29, 39)",False,1,False,1005
22,0.0,False,0.0,0.34388308659497596,0.34388308659497596,982,0,982.0,55,3,10,"(2, 22)",0,0.01967799642218247,91.5,51.5,trust_fused,55,ATTACK,82,"(20, 34)",False,2,False,1005
0,0.0,True,0.0,0.9,0.9,985,0,985.0,40,4,11,"(2, 22)",0,0.007155635062611807,90.36363636363636,48.90909090909091,trust_fused,40,ATTACK,70,"(14, 13)",False,0,False,1010
21,0.0,True,0.0,0.5400241832202167,0.5400241832202167,988,0,988.0,44,1,11,"(33, 30)",0,0.017873100983020553,90.0,49.0,trust_fused,44,ATTACK,75,"(31, 36)",False,1,False,1010
22,0.0,False,0.0,0.3460252507855561,0.3621174200332546,987,0,987.0,55,3,10,"(2, 22)",0,0.01967799642218247,91.5,51.5,trust_fused,55,ATTACK,82,"(20, 29)",False,2,False,1010
0,0.0,True,0.0,0.9,0.9,990,0,990.0,40,4,11,"(2, 22)",0,0.007155635062611807,90.36363636363636,48.90909090909091,trust_fused,40,ATTACK,70,"(14, 18)",False,0,False,1015
21,0.0,True,0.0,0.5400241832202167,0.5400241832202167,993,0,993.0,44,1,11,"(33, 30)",0,0.017873100983020553,90.0,49.0,trust_fused,44,ATTACK,75,"(31, 31)",False,1,False,1015
22,0.0,False,0.0,0.35301054231118983,0.3858720437158289,992,0,992.0,55,3,10,"(2, 22)",0,0.01967799642218247,91.5,51.5,trust_fused,55,ATTACK,82,"(18, 26)",False,2,False,1015
0,0.0,True,0.0,0.9,0.9,995,0,995.0,40,4,11,"(2, 22)",0,0.005499541704857928,90.36363636363636,48.90909090909091,trust_fused,40,ATTACK,70,"(14, 23)",False,0,False,1020
21,0.0,True,0.0,0.5400241832202167,0.5400241832202167,997,0,997.0,45,1,11,"(33, 8)",0,0.017304189435336976,90.0,49.0,trust_fused,45,ATTACK,76,"(32, 30)",False,1,False,1020
19,0.0,False,0.0,0.36414678793274685,0.41503964543769317,997,0,997.0,55,3,10,"(2, 22)",0,0.021004566210045664,91.5,51.5,trust_fused,55,ATTACK,82,"(13, 26)",False,2,False,1020
0,0.0,True,0.0,0.9,0.9,1000,0,1000.0,40,4,11,"(2, 22)",0,0.0036663611365719525,90.36363636363636,48.90909090909091,trust_fused,40,ATTACK,71,"(9, 23)",False,0,False,1025
16,0.0,True,0.0,0.5400241832202167,0.5400241832202167,1002,0,1002.0,45,1,11,"(33, 8)",0,0.015482695810564663,90.0,49.0,trust_fused,45,ATTACK,77,"(28, 29)",False,1,False,1025
12,0.0,False,0.0,0.38121811110014,0.45300757811808684,1002,0,1002.0,55,3,10,"(2, 22)",0,0.014611872146118721,91.5,51.5,trust_fused,55,ATTACK,83,"(11, 23)",False,2,False,1025
0,0.0,True,0.0,0.9,0.9,1005,0,1005.0,40,4,11,"(2, 22)",0,0.0036199095022624436,90.36363636363636,48.90909090909091,trust_fused,40,ATTACK,71,"(4, 23)",False,0,False,1030
15,0.0,True,0.0,0.540457535967204,0.5459393502384744,1007,0,1007.0,45,1,11,"(33, 8)",0,0.0144014401440144,90.0,49.0,trust_fused,45,ATTACK,77,"(28, 24)",False,1,False,1030
11,0.0,False,0.0,0.401925644671863,0.4852767166123268,1007,0,1007.0,55,3,10,"(2, 22)",0,0.012623985572587917,91.5,51.5,trust_fused,55,ATTACK,83,"(7, 22)",False,2,False,1030
0,0.0,True,0.0,0.9,0.9,1008,0,1008.0,41,5,11,"(33, 30)",0,0.0036199095022624436,90.36363636363636,48.90909090909091,trust_fused,41,ATTACK,72,"(2, 22)",False,0,False,1035
14,0.0,True,0.0,0.5408625449432758,0.5485577154886403,1012,0,1012.0,45,1,11,"(33, 8)",0,0.013501350135013501,90.0,49.0,trust_fused,45,ATTACK,77,"(29, 20)",False,1,False,1035
10,0.0,True,0.0,0.4252861522771037,0.5177792202816124,1012,0,1012.0,55,3,10,"(2, 22)",0,0.011722272317403066,91.5,51.5,trust_fused,55,ATTACK,83,"(4, 22)",False,2,False,1035
0,0.0,True,0.0,0.9,0.9,1012,0,1012.0,41,6,11,"(33, 30)",0,0.003626473254759746,90.36363636363636,48.90909090909091,trust_fused,41,ATTACK,72,"(6, 22)",False,0,False,1040
14,0.0,True,0.0,0.5408625449432758,0.5485577154886403,1017,0,1017.0,45,1,11,"(33, 8)",0,0.013513513513513514,90.0,49.0,trust_fused,45,ATTACK,77,"(31, 17)",False,1,False,1040
10,0.0,True,0.0,0.4353466654196708,0.53195107090561,1015,0,1015.0,59,5,10,"(2, 22)",0,0.011743450767841012,91.5,51.5,trust_fused,59,ATTACK,87,"(7, 22)",False,2,False,1040
0,0.0,True,0.0,0.9,0.9,1015,0,1015.0,41,8,11,"(33, 30)",0,0.003626473254759746,90.36363636363636,48.90909090909091,trust_fused,41,ATTACK,72,"(9, 22)",False,0,False,1045
14,0.0,True,0.0,0.5408625449432758,0.5485577154886403,1022,0,1022.0,45,1,11,"(33, 8)",0,0.013513513513513514,90.0,49.0,trust_fused,45,ATTACK,77,"(31, 12)",False,1,False,1045
10,0.0,True,0.0,0.45630321803660023,0.557297887000464,1019,0,1019.0,61,6,10,"(2, 22)",0,0.011743450767841012,91.5,51.5,trust_fused,61,ATTACK,89,"(9, 24)",False,2,False,1045
0,0.0,True,0.0,0.9,0.9,1020,0,1020.0,42,8,11,"(33, 30)",0,0.04170444242973708,90.36363636363636,48.90909090909091,trust_fused,42,ATTACK,73,"(12, 24)",False,0,False,1050
14,0.0,True,0.0,0.5419346856860291,0.5529993093438506,1027,0,1027.0,45,1,11,"(33, 8)",0,0.051351351351351354,90.0,49.0,trust_fused,45,ATTACK,78,"(32, 8)",False,1,False,1050
10,0.0,True,0.0,0.482492390275323,0.5816496025607386,1024,0,1024.0,63,6,10,"(2, 22)",0,0.04968383017163505,91.5,51.5,trust_fused,63,ATTACK,92,"(5, 23)",False,2,False,1050
0,0.0,True,0.0,0.9,0.9,1025,0,1025.0,42,8,11,"(33, 30)",0,0.04170444242973708,90.36363636363636,48.90909090909091,trust_fused,42,ATTACK,73,"(15, 26)",False,0,False,1055
14,0.0,True,0.0,0.5419346856860291,0.5529993093438506,1031,0,1031.0,46,1,12,"(12, 50)",0,0.05225225225225225,87.66666666666667,47.666666666666664,trust_fused,46,ATTACK,79,"(31, 9)",False,1,False,1055
10,0.0,True,0.0,0.4877136687258207,0.5869179592852775,1028,0,1028.0,64,6,11,"(21, 24)",0,0.04968383017163505,95.9090909090909,53.63636363636363,trust_fused,64,ATTACK,93,"(2, 22)",False,2,False,1055
0,0.0,True,0.0,0.9,0.9,1030,0,1030.0,42,8,11,"(33, 30)",0,0.038984587488667274,90.36363636363636,48.90909090909091,trust_fused,42,ATTACK,73,"(20, 26)",False,0,False,1060
14,0.0,False,0.0,0.19947349749980067,0.19947349749980067,1036,0,1036.0,46,1,12,"(12, 50)",0,0.04954954954954955,87.66666666666667,47.666666666666664,trust_fused,46,ATTACK,80,"(30, 13)",False,1,False,1060
15,0.0,True,0.0,0.4877136687258207,0.5869179592852775,1033,0,1033.0,64,6,11,"(21, 24)",0,0.04607046070460705,95.9090909090909,53.63636363636363,trust_fused,64,ATTACK,93,"(6, 23)",False,2,False,1060
0,0.0,True,0.0,0.9,0.9,1035,0,1035.0,42,8,11,"(33, 30)",0,0.03445149592021759,90.36363636363636,48.90909090909091,trust_fused,42,ATTACK,73,"(25, 26)",False,0,False,1065
14,0.0,False,0.0,0.19947349749980067,0.19947349749980067,1041,0,1041.0,46,1,12,"(12, 50)",0,0.04504504504504504,87.66666666666667,47.666666666666664,trust_fused,46,ATTACK,80,"(29, 17)",False,1,False,1065
15,0.0,True,0.0,0.5126262901289775,0.6049771760831965,1038,0,1038.0,64,6,11,"(21, 24)",0,0.03884372177055104,95.9090909090909,53.63636363636363,trust_fused,64,ATTACK,93,"(11, 23)",False,2,False,1065
0,0.0,True,0.0,0.9,0.9,1040,0,1040.0,42,8,11,"(33, 30)",0,0.032638259292837715,90.36363636363636,48.90909090909091,trust_fused,42,ATTACK,73,"(26, 30)",False,0,False,1070
14,0.0,False,0.0,0.20275643320422806,0.22737509637671047,1046,0,1046.0,46,1,12,"(12, 50)",0,0.03873873873873874,87.66666666666667,47.666666666666664,trust_fused,46,ATTACK,80,"(28, 21)",False,1,False,1070
15,0.0,True,0.0,0.5360471000796566,0.6224458043012616,1043,0,1043.0,64,6,11,"(21, 24)",0,0.03432700993676603,95.9090909090909,53.63636363636363,trust_fused,64,ATTACK,93,"(15, 24)",False,2,False,1070
0,0.0,True,0.0,0.9,0.9,1045,0,1045.0,42,8,11,"(33, 30)",0,0.028985507246376812,90.36363636363636,48.90909090909091,trust_fused,42,ATTACK,74,"(31, 30)",False,0,False,1075
14,0.0,False,0.0,0.2133771430786876,0.26536028681512097,1051,0,1051.0,47,1,12,"(12, 50)",0,0.0333033303330333,87.66666666666667,47.666666666666664,trust_fused,47,ATTACK,81,"(28, 26)",False,1,False,1075
15,0.0,True,0.0,0.5577791947159961,0.6377970702565733,1048,0,1048.0,64,6,11,"(21, 24)",0,0.02888086642599278,95.9090909090909,53.63636363636363,trust_fused,64,ATTACK,94,"(20, 24)",False,2,False,1075
0,0.0,True,0.0,0.9,0.9,1049,0,1049.0,43,8,12,"(3, 8)",0,0.02662993572084481,89.83333333333333,48.5,trust_fused,43,ATTACK,75,"(31, 30)",False,0,False,1080
14,0.0,False,0.0,0.23115580722848633,0.30617773592397785,1056,0,1056.0,47,1,12,"(12, 50)",0,0.030937215650591446,87.66666666666667,47.666666666666664,trust_fused,47,ATTACK,81,"(27, 30)",False,1,False,1080
15,0.0,True,0.0,0.566101072125535,0.644929748700389,1052,0,1052.0,65,6,11,"(2, 41)",0,0.026387625113739762,95.9090909090909,53.63636363636363,trust_fused,65,ATTACK,95,"(18, 24)",False,2,False,1080
0,0.0,True,0.0,0.9,0.9,1054,0,1054.0,43,8,12,"(3, 8)",0,0.02662993572084481,89.83333333333333,48.5,trust_fused,43,ATTACK,75,"(26, 30)",False,0,False,1085
14,0.0,False,0.0,0.2540749747748521,0.3492641403916903,1061,0,1061.0,47,1,12,"(12, 50)",0,0.030937215650591446,87.66666666666667,47.666666666666664,trust_fused,47,ATTACK,81,"(27, 35)",False,1,False,1085
15,0.0,True,0.0,0.5780753325655039,0.6525409344888463,1057,0,1057.0,65,6,11,"(2, 41)",0,0.026387625113739762,95.9090909090909,53.63636363636363,trust_fused,65,ATTACK,95,"(16, 27)",False,2,False,1085
0,0.0,True,0.0,0.9,0.9,1059,0,1059.0,43,8,12,"(3, 8)",0,0.021120293847566574,89.83333333333333,48.5,trust_fused,43,ATTACK,75,"(25, 26)",False,0,False,1090
14,0.0,False,0.0,0.2749885595738093,0.37536515760438754,1066,0,1066.0,47,1,12,"(12, 50)",0,0.026387625113739762,87.66666666666667,47.666666666666664,trust_fused,47,ATTACK,81,"(27, 40)",False,1,False,1090
15,0.0,True,0.0,0.5856893009108445,0.657407377168559,1062,0,1062.0,65,6,11,"(2, 41)",0,0.025477707006369428,95.9090909090909,53.63636363636363,trust_fused,65,ATTACK,95,"(11, 27)",False,2,False,1090
0,0.0,True,0.0,0.9,0.9,1064,0,1064.0,43,8,12,"(3, 8)",0,0.01177536231884058,89.83333333333333,48.5,trust_fused,43,ATTACK,75,"(21, 25)",False,0,False,1095
22,0.0,False,0.0,0.2749885595738093,0.37536515760438754,1071,0,1071.0,47,1,12,"(12, 50)",0,0.0144014401440144,87.66666666666667,47.666666666666664,trust_fused,47,ATTACK,81,"(27, 45)",False,1,False,1095
20,0.0,True,0.0,0.5894455884243646,0.660815051181246,1067,0,1067.0,65,6,11,"(2, 41)",0,0.026102610261026102,95.9090909090909,53.63636363636363,trust_fused,65,ATTACK,95,"(6, 27)",False,2,False,1095
0,0.0,True,0.0,0.9,0.9,1069,0,1069.0,44,8,12,"(3, 8)",0,0.011872146118721462,89.83333333333333,48.5,trust_fused,44,ATTACK,76,"(16, 25)",False,0,False,1100
22,0.0,False,0.0,0.2749885595738093,0.37536515760438754,1076,0,1076.0,47,1,12,"(12, 50)",0,0.009124087591240875,87.66666666666667,47.666666666666664,trust_fused,47,ATTACK,82,"(25, 48)",False,1,False,1100
14,0.0,True,0.0,0.5894455884243646,0.660815051181246,1072,0,1072.0,66,6,11,"(2, 41)",0,0.02089009990917348,95.9090909090909,53.63636363636363,trust_fused,66,ATTACK,97,"(4, 28)",False,2,False,1100
0,0.0,True,0.0,0.9,0.9,1074,0,1074.0,44,8,12,"(3, 8)",0,0.01,89.83333333333333,48.5,trust_fused,44,ATTACK,76,"(14, 22)",False,0,False,1105
22,0.0,False,0.0,0.2749885595738093,0.37536515760438754,1081,0,1081.0,47,1,12,"(12, 50)",0,0.008174386920980926,87.66666666666667,47.666666666666664,trust_fused,47,ATTACK,82,"(21, 49)",False,1,False,1105
14,0.0,True,0.0,0.5931813112543254,0.6641600450235802,1077,0,1077.0,66,6,11,"(2, 41)",0,0.019891500904159132,95.9090909090909,53.63636363636363,trust_fused,66,ATTACK,97,"(7, 30)",False,2,False,1105
0,0.0,True,0.0,0.9,0.9,1079,0,1079.0,44,8,12,"(3, 8)",0,0.009945750452079566,89.83333333333333,48.5,trust_fused,44,ATTACK,76,"(14, 17)",False,0,False,1110
22,0.0,False,0.0,0.2749885595738093,0.37536515760438754,1086,0,1086.0,47,1,12,"(12, 50)",0,0.008130081300813009,87.66666666666667,47.666666666666664,trust_fused,47,ATTACK,82,"(17, 50)",False,1,False,1110
14,0.0,True,0.0,0.596870431960658,0.6669637253809775,1082,0,1082.0,66,6,11,"(2, 41)",0,0.01981981981981982,95.9090909090909,53.63636363636363,trust_fused,66,ATTACK,97,"(7, 35)",False,2,False,1110
0,0.0,True,0.0,0.9,0.9,1084,0,1084.0,44,8,12,"(3, 8)",0,0.009821428571428571,89.83333333333333,48.5,trust_fused,44,ATTACK,76,"(13, 13)",False,0,False,1115
22,0.0,False,0.0,0.2749885595738093,0.37536515760438754,1091,0,1091.0,47,1,12,"(12, 50)",0,0.009812667261373774,87.66666666666667,47.666666666666664,trust_fused,47,ATTACK,82,"(12, 50)",False,1,False,1115
14,0.0,True,0.0,0.596870431960658,0.6669637253809775,1087,0,1087.0,66,6,11,"(2, 41)",0,0.019590382902938557,95.9090909090909,53.63636363636363,trust_fused,66,ATTACK,97,"(7, 40)",False,2,False,1115
0,0.0,True,0.0,0.9,0.9,1089,0,1089.0,44,8,12,"(3, 8)",0,0.009769094138543518,89.83333333333333,48.5,trust_fused,44,ATTACK,76,"(13, 8)",False,0,False,1120
22,0.0,False,0.0,0.2749885595738093,0.37536515760438754,1095,0,1095.0,48,1,12,"(24, 45)",0,0.009760425909494233,87.66666666666667,47.666666666666664,trust_fused,48,ATTACK,83,"(15, 49)",False,1,False,1120
14,0.0,True,0.0,0.596870431960658,0.6669637253809775,1092,0,1092.0,66,6,11,"(2, 41)",0,0.016843971631205674,95.9090909090909,53.63636363636363,trust_fused,66,ATTACK,97,"(3, 41)",False,2,False,1120
0,0.0,True,0.0,0.9,0.9,1094,0,1094.0,44,8,12,"(3, 8)",0,0.009769094138543518,89.83333333333333,48.5,trust_fused,44,ATTACK,77,"(8, 8)",False,0,False,1125
22,0.0,False,0.0,0.2749885595738093,0.37536515760438754,1100,0,1100.0,48,1,12,"(24, 45)",0,0.009760425909494233,87.66666666666667,47.666666666666664,trust_fused,48,ATTACK,84,"(20, 49)",False,1,False,1125
14,0.0,True,0.0,0.596870431960658,0.6669637253809775,1096,0,1096.0,67,6,12,"(33, 50)",0,0.015957446808510637,93.5,52.916666666666664,trust_fused,67,ATTACK,99,"(5, 41)",False,2,False,1125
0,0.0,True,0.0,0.9,0.9,1099,0,1099.0,44,8,12,"(3, 8)",0,0.009769094138543518,89.83333333333333,48.5,trust_fused,44,ATTACK,77,"(3, 8)",False,0,False,1130
22,0.0,False,0.0,0.2749885595738093,0.37536515760438754,1105,0,1105.0,48,1,12,"(24, 45)",0,0.01064773735581189,87.66666666666667,47.666666666666664,trust_fused,48,ATTACK,84,"(24, 48)",False,1,False,1130
14,0.0,True,0.0,0.596870431960658,0.6669637253809775,1101,0,1101.0,67,6,12,"(33, 50)",0,0.013297872340425532,93.5,52.916666666666664,trust_fused,67,ATTACK,99,"(10, 41)",False,2,False,1130
0,0.0,True,0.0,0.9,0.9,1103,0,1103.0,45,8,12,"(21, 24)",0,0.009769094138543518,89.83333333333333,48.5,trust_fused,45,ATTACK,78,"(7, 8)",False,0,False,1135
26,0.0,False,0.0,0.2749885595738093,0.37536515760438754,1109,0,1109.0,49,1,13,"(15, 2)",0,0.011535048802129548,87.23076923076923,45.38461538461539,trust_fused,49,ATTACK,85,"(25, 45)",False,1,False,1135
14,0.0,False,0.0,0.4977772426705726,0.4977772426705726,1106,0,1106.0,67,6,12,"(33, 50)",0,0.010638297872340425,93.5,52.916666666666664,trust_fused,67,ATTACK,100,"(15, 41)",False,2,False,1135
0,0.0,True,0.0,0.9,0.9,1108,0,1108.0,45,8,12,"(21, 24)",0,0.00993676603432701,89.83333333333333,48.5,trust_fused,45,ATTACK,78,"(12, 8)",False,0,False,1140
26,0.0,False,0.0,0.2749885595738093,0.37536515760438754,1114,0,1114.0,49,1,13,"(15, 2)",0,0.01263537906137184,87.23076923076923,45.38461538461539,trust_fused,49,ATTACK,85,"(25, 40)",False,1,False,1140
14,0.0,False,0.0,0.4977772426705726,0.4977772426705726,1111,0,1111.0,67,6,12,"(33, 50)",0,0.011732851985559567,93.5,52.916666666666664,trust_fused,67,ATTACK,100,"(19, 40)",False,2,False,1140
0,0.0,True,0.0,0.9,0.9,1113,0,1113.0,45,8,12,"(21, 24)",0,0.00993676603432701,89.83333333333333,48.5,trust_fused,45,ATTACK,78,"(14, 11)",False,0,False,1145
26,0.0,False,0.0,0.28541101030766014,0.3839598277063759,1119,0,1119.0,49,1,13,"(15, 2)",0,0.013537906137184115,87.23076923076923,45.38461538461539,trust_fused,49,ATTACK,85,"(25, 35)",False,1,False,1145
14,0.0,False,0.0,0.4977772426705726,0.4977772426705726,1116,0,1116.0,67,6,12,"(33, 50)",0,0.01263537906137184,93.5,52.916666666666664,trust_fused,67,ATTACK,100,"(24, 40)",False,2,False,1145
0,0.0,True,0.0,0.9,0.9,1118,0,1118.0,46,8,12,"(21, 24)",0,0.009033423667570008,89.83333333333333,48.5,trust_fused,46,ATTACK,79,"(14, 16)",False,0,False,1150
26,0.0,False,0.0,0.31082147664741844,0.40609044521714904,1124,0,1124.0,49,1,13,"(15, 2)",0,0.01263537906137184,87.23076923076923,45.38461538461539,trust_fused,49,ATTACK,86,"(25, 30)",False,1,False,1150
14,0.0,True,0.0,0.4981871652604078,0.5033305439031662,1121,0,1121.0,68,6,12,"(33, 50)",0,0.01263537906137184,93.5,52.916666666666664,trust_fused,68,ATTACK,101,"(27, 42)",False,2,False,1150
0,0.0,True,0.0,0.9,0.9,1123,0,1123.0,46,8,12,"(21, 24)",0,0.009033423667570008,89.83333333333333,48.5,trust_fused,46,ATTACK,79,"(16, 19)",False,0,False,1155
26,0.0,False,0.0,0.33555488862143484,0.42894179312399255,1129,0,1129.0,49,1,13,"(15, 2)",0,0.015342960288808664,87.23076923076923,45.38461538461539,trust_fused,49,ATTACK,86,"(25, 25)",False,1,False,1155
14,0.0,True,0.0,0.4981871652604078,0.5033305439031662,1126,0,1126.0,68,6,12,"(33, 50)",0,0.01263537906137184,93.5,52.916666666666664,trust_fused,68,ATTACK,101,"(29, 45)",False,2,False,1155
0,0.0,True,0.0,0.9,0.9,1128,0,1128.0,46,8,12,"(21, 24)",0,0.009033423667570008,89.83333333333333,48.5,trust_fused,46,ATTACK,79,"(17, 23)",False,0,False,1160
26,0.0,False,0.0,0.34043390913147475,0.4331352988222332,1134,0,1134.0,49,1,13,"(15, 2)",0,0.015384615384615385,87.23076923076923,45.38461538461539,trust_fused,49,ATTACK,86,"(25, 20)",False,1,False,1160
14,0.0,True,0.0,0.4981871652604078,0.5033305439031662,1131,0,1131.0,68,6,12,"(33, 50)",0,0.012669683257918552,93.5,52.916666666666664,trust_fused,68,ATTACK,101,"(30, 49)",False,2,False,1160
0,0.0,True,0.0,0.9,0.9,1133,0,1133.0,46,8,12,"(21, 24)",0,0.009033423667570008,89.83333333333333,48.5,trust_fused,46,ATTACK,79,"(21, 24)",False,0,False,1165
26,0.0,False,0.0,0.345292313460112,0.4376019957042203,1139,0,1139.0,49,1,13,"(15, 2)",0,0.015384615384615385,87.23076923076923,45.38461538461539,trust_fused,49,ATTACK,86,"(25, 15)",False,1,False,1165
14,0.0,True,0.0,0.4981871652604078,0.5033305439031662,1135,0,1135.0,69,6,12,"(2, 50)",0,0.012669683257918552,93.5,52.916666666666664,trust_fused,69,ATTACK,102,"(33, 50)",False,2,False,1165
0,0.0,True,0.0,0.9,0.9,1137,0,1137.0,47,8,13,"(24, 45)",0,0.006323396567299007,89.6923076923077,47.46153846153846,trust_fused,47,ATTACK,80,"(21, 28)",False,0,False,1170
30,0.0,False,0.0,0.3460119991376071,0.35968602701001373,1144,0,1144.0,49,1,13,"(15, 2)",0,0.012669683257918552,87.23076923076923,45.38461538461539,trust_fused,49,ATTACK,86,"(25, 10)",False,1,False,1170
19,0.0,True,0.0,0.4981871652604078,0.5033305439031662,1140,0,1140.0,69,6,12,"(2, 50)",0,0.014479638009049774,93.5,52.916666666666664,trust_fused,69,ATTACK,102,"(28, 50)",False,2,False,1170
0,0.0,True,0.0,0.9,0.9,1142,0,1142.0,47,8,13,"(24, 45)",0,0.005420054200542005,89.6923076923077,47.46153846153846,trust_fused,47,ATTACK,81,"(24, 30)",False,0,False,1175
30,0.0,False,0.0,0.34800659918818216,0.36871063278681365,1149,0,1149.0,49,1,13,"(15, 2)",0,0.011764705882352941,87.23076923076923,45.38461538461539,trust_fused,49,ATTACK,87,"(21, 9)",False,1,False,1175
19,0.0,True,0.0,0.4981871652604078,0.5033305439031662,1145,0,1145.0,69,6,12,"(2, 50)",0,0.014479638009049774,93.5,52.916666666666664,trust_fused,69,ATTACK,103,"(24, 49)",False,2,False,1175
0,0.0,True,0.0,0.9,0.9,1147,0,1147.0,47,8,13,"(24, 45)",0,0.004533091568449683,89.6923076923077,47.46153846153846,trust_fused,47,ATTACK,81,"(25, 34)",False,0,False,1180
29,0.0,False,0.0,0.35617671007212465,0.3933319467895302,1154,0,1154.0,49,1,13,"(15, 2)",0,0.01177536231884058,87.23076923076923,45.38461538461539,trust_fused,49,ATTACK,87,"(16, 9)",False,1,False,1180
19,0.0,True,0.0,0.4981871652604078,0.5033305439031662,1150,0,1150.0,69,6,12,"(2, 50)",0,0.015398550724637682,93.5,52.916666666666664,trust_fused,69,ATTACK,103,"(19, 49)",False,2,False,1180
0,0.0,True,0.0,0.9,0.9,1152,0,1152.0,47,8,13,"(24, 45)",0,0.004533091568449683,89.6923076923077,47.46153846153846,trust_fused,47,ATTACK,81,"(25, 39)",False,0,False,1185
27,0.0,False,0.0,0.3680341460192964,0.41818553509933687,1159,0,1159.0,49,1,13,"(15, 2)",0,0.01177536231884058,87.23076923076923,45.38461538461539,trust_fused,49,ATTACK,87,"(15, 5)",False,1,False,1185
19,0.0,True,0.0,0.4981871652604078,0.5033305439031662,1155,0,1155.0,69,6,12,"(2, 50)",0,0.017210144927536232,93.5,52.916666666666664,trust_fused,69,ATTACK,103,"(17, 46)",False,2,False,1185
0,0.0,True,0.0,0.9,0.9,1157,0,1157.0,47,8,13,"(24, 45)",0,0.004533091568449683,89.6923076923077,47.46153846153846,trust_fused,47,ATTACK,81,"(25, 44)",False,0,False,1190
27,0.0,False,0.0,0.3680341460192964,0.41818553509933687,1163,0,1163.0,50,1,13,"(2, 50)",0,0.01177536231884058,87.23076923076923,45.38461538461539,trust_fused,50,ATTACK,88,"(14, 2)",False,1,False,1190
19,0.0,True,0.0,0.4981871652604078,0.5033305439031662,1160,0,1160.0,69,6,12,"(2, 50)",0,0.018115942028985508,93.5,52.916666666666664,trust_fused,69,ATTACK,103,"(12, 46)",False,2,False,1190
0,0.0,True,0.0,0.9,0.9,1161,0,1161.0,48,8,13,"(2, 41)",0,0.0053811659192825115,89.6923076923077,47.46153846153846,trust_fused,48,ATTACK,82,"(25, 44)",False,0,False,1195
27,0.0,False,0.0,0.3708357582760862,0.42406639115509254,1168,0,1168.0,50,1,13,"(2, 50)",0,0.011648745519713262,87.23076923076923,45.38461538461539,trust_fused,50,ATTACK,88,"(14, 7)",False,1,False,1195
19,0.0,True,0.0,0.4981871652604078,0.5033305439031662,1165,0,1165.0,69,6,12,"(2, 50)",0,0.017921146953405017,93.5,52.916666666666664,trust_fused,69,ATTACK,103,"(7, 46)",False,2,False,1195
0,0.0,True,0.0,0.9,0.9,1166,0,1166.0,48,8,13,"(2, 41)",0,0.044722719141323794,89.6923076923077,47.46153846153846,trust_fused,48,ATTACK,83,"(24, 40)",False,0,False,1200
27,0.0,False,0.0,0.3795980653056425,0.4364475124254874,1173,0,1173.0,50,1,13,"(2, 50)",0,0.040214477211796246,87.23076923076923,45.38461538461539,trust_fused,50,ATTACK,89,"(14, 12)",False,1,False,1200
19,0.0,True,0.0,0.4981871652604078,0.5033305439031662,1170,0,1170.0,69,6,12,"(2, 50)",0,0.04289544235924933,93.5,52.916666666666664,trust_fused,69,ATTACK,104,"(3, 47)",False,2,False,1200
0,0.0,True,0.0,0.9,0.9,1171,0,1171.0,50,8,13,"(2, 41)",0,0.04196428571428571,89.6923076923077,47.46153846153846,trust_fused,50,ATTACK,85,"(20, 39)",False,0,False,1205
27,0.0,False,0.0,0.3795980653056425,0.4364475124254874,1178,0,1178.0,50,1,13,"(2, 50)",0,0.04014272970561998,87.23076923076923,45.38461538461539,trust_fused,50,ATTACK,89,"(14, 17)",False,1,False,1205
19,0.0,True,0.0,0.4981871652604078,0.5033305439031662,1174,0,1174.0,70,6,13,"(15, 2)",0,0.04192685102586976,92.6923076923077,51.92307692307692,trust_fused,70,ATTACK,105,"(2, 50)",False,2,False,1205
0,0.0,True,0.0,0.9,0.9,1176,0,1176.0,50,8,13,"(2, 41)",0,0.03832442067736185,89.6923076923077,47.46153846153846,trust_fused,50,ATTACK,85,"(15, 39)",False,0,False,1210
27,0.0,False,0.0,0.3795980653056425,0.4364475124254874,1183,0,1183.0,50,1,13,"(2, 50)",0,0.0365093499554764,87.23076923076923,45.38461538461539,trust_fused,50,ATTACK,89,"(14, 22)",False,1,False,1210
19,0.0,True,0.0,0.4981871652604078,0.5033305439031662,1179,0,1179.0,70,6,13,"(15, 2)",0,0.039180765805877114,92.6923076923077,51.92307692307692,trust_fused,70,ATTACK,105,"(5, 48)",False,2,False,1210
0,0.0,True,0.0,0.9,0.9,1181,0,1181.0,50,8,13,"(2, 41)",0,0.037300177619893425,89.6923076923077,47.46153846153846,trust_fused,50,ATTACK,85,"(12, 41)",False,0,False,1215
26,0.0,False,0.0,0.3795980653056425,0.4364475124254874,1188,0,1188.0,50,1,13,"(2, 50)",0,0.0354924578527063,87.23076923076923,45.38461538461539,trust_fused,50,ATTACK,89,"(14, 27)",False,1,False,1215
19,0.0,True,0.0,0.4986509629646032,0.5074631193443159,1184,0,1184.0,70,6,13,"(15, 2)",0,0.03904170363797693,92.6923076923077,51.92307692307692,trust_fused,70,ATTACK,105,"(7, 45)",False,2,False,1215
0,0.0,True,0.0,0.9,0.9,1186,0,1186.0,50,8,13,"(2, 41)",0,0.03723404255319149,89.6923076923077,47.46153846153846,trust_fused,50,ATTACK,85,"(7, 41)",False,0,False,1220
13,0.0,False,0.0,0.388956924080949,0.4495805294960369,1193,0,1193.0,50,1,13,"(2, 50)",0,0.0354295837023915,87.23076923076923,45.38461538461539,trust_fused,50,ATTACK,89,"(14, 32)",False,1,False,1220
19,0.0,True,0.0,0.5044066553204728,0.5355659578305652,1189,0,1189.0,70,6,13,"(15, 2)",0,0.0354295837023915,92.6923076923077,51.92307692307692,trust_fused,70,ATTACK,105,"(8, 41)",False,2,False,1220
0,0.0,True,0.0,0.9,0.9,1191,0,1191.0,50,8,13,"(2, 41)",0,0.03634751773049645,89.6923076923077,47.46153846153846,trust_fused,50,ATTACK,86,"(2, 41)",False,0,False,1225
12,0.0,False,0.0,0.40604528001444623,0.4737990756029493,1198,0,1198.0,51,1,13,"(2, 50)",0,0.03454384410983171,87.23076923076923,45.38461538461539,trust_fused,51,ATTACK,90,"(13, 36)",False,1,False,1225
19,0.0,True,0.0,0.5155099179847187,0.5640288469199798,1194,0,1194.0,71,6,13,"(15, 2)",0,0.03365810451727192,92.6923076923077,51.92307692307692,trust_fused,71,ATTACK,106,"(8, 36)",False,2,False,1225
0,0.0,True,0.0,0.9,0.9,1195,0,1195.0,51,8,14,"(3, 8)",0,0.03546099290780142,87.57142857142857,46.42857142857143,trust_fused,51,ATTACK,87,"(6, 41)",False,0,False,1230
12,0.0,False,0.0,0.4245114735836015,0.49714788336428506,1203,0,1203.0,51,1,13,"(2, 50)",0,0.03277236492471213,87.23076923076923,45.38461538461539,trust_fused,51,ATTACK,90,"(12, 40)",False,1,False,1230
15,0.0,True,0.0,0.5235590259196371,0.5758648001292576,1199,0,1199.0,71,6,13,"(15, 2)",0,0.03277236492471213,92.6923076923077,51.92307692307692,trust_fused,71,ATTACK,106,"(10, 33)",False,2,False,1230
0,0.0,True,0.0,0.9,0.9,1200,0,1200.0,51,8,14,"(3, 8)",0,0.03546099290780142,87.57142857142857,46.42857142857143,trust_fused,51,ATTACK,87,"(8, 38)",False,0,False,1235
12,0.0,True,0.0,0.4445889077582993,0.5224179817639196,1208,0,1208.0,51,1,13,"(2, 50)",0,0.03188662533215235,87.23076923076923,45.38461538461539,trust_fused,51,ATTACK,90,"(12, 45)",False,1,False,1235
14,0.0,True,0.0,0.5291806410240768,0.5829538952291351,1204,0,1204.0,71,6,13,"(15, 2)",0,0.03188662533215235,92.6923076923077,51.92307692307692,trust_fused,71,ATTACK,106,"(12, 30)",False,2,False,1235
0,0.0,True,0.0,0.9,0.9,1205,0,1205.0,51,8,14,"(3, 8)",0,0.036133694670280034,87.57142857142857,46.42857142857143,trust_fused,51,ATTACK,87,"(11, 36)",False,0,False,1240
12,0.0,True,0.0,0.4651035587580002,0.5428039589191557,1213,0,1213.0,51,1,13,"(2, 50)",0,0.032490974729241874,87.23076923076923,45.38461538461539,trust_fused,51,ATTACK,90,"(8, 46)",False,1,False,1240
14,0.0,True,0.0,0.5291806410240768,0.5829538952291351,1209,0,1209.0,71,6,13,"(15, 2)",0,0.0315884476534296,92.6923076923077,51.92307692307692,trust_fused,71,ATTACK,106,"(12, 25)",False,2,False,1240
0,0.0,True,0.0,0.9,0.9,1210,0,1210.0,51,8,14,"(3, 8)",0,0.036133694670280034,87.57142857142857,46.42857142857143,trust_fused,51,ATTACK,87,"(14, 34)",False,0,False,1245
15,0.0,True,0.0,0.4855975714549998,0.5637850976437923,1218,0,1218.0,51,1,13,"(2, 50)",0,0.032490974729241874,87.23076923076923,45.38461538461539,trust_fused,51,ATTACK,90,"(3, 46)",False,1,False,1245
17,0.0,True,0.0,0.5291806410240768,0.5829538952291351,1214,0,1214.0,71,6,13,"(15, 2)",0,0.0315884476534296,92.6923076923077,51.92307692307692,trust_fused,71,ATTACK,106,"(15, 23)",False,2,False,1245
0,0.0,True,0.0,0.9,0.9,1215,0,1215.0,51,8,14,"(3, 8)",0,0.036133694670280034,87.57142857142857,46.42857142857143,trust_fused,51,ATTACK,88,"(14, 29)",False,0,False,1250
14,0.0,True,0.0,0.48968738061923345,0.5673937547396722,1223,0,1223.0,51,1,13,"(2, 50)",0,0.0315884476534296,87.23076923076923,45.38461538461539,trust_fused,51,ATTACK,91,"(2, 50)",False,1,False,1250
16,0.0,True,0.0,0.5291806410240768,0.5829538952291351,1219,0,1219.0,71,6,13,"(15, 2)",0,0.0315884476534296,92.6923076923077,51.92307692307692,trust_fused,71,ATTACK,107,"(15, 18)",False,2,False,1250
0,0.0,True,0.0,0.9,0.9,1220,0,1220.0,51,8,14,"(3, 8)",0,0.036133694670280034,87.57142857142857,46.42857142857143,trust_fused,51,ATTACK,88,"(14, 24)",False,0,False,1255
14,0.0,True,0.0,0.48968738061923345,0.5673937547396722,1227,0,1227.0,52,1,14,"(13, 15)",0,0.0315884476534296,89.35714285714286,46.57142857142857,trust_fused,52,ATTACK,92,"(4, 48)",False,1,False,1255
16,0.0,True,0.0,0.5291806410240768,0.5829538952291351,1224,0,1224.0,71,6,13,"(15, 2)",0,0.0315884476534296,92.6923076923077,51.92307692307692,trust_fused,71,ATTACK,107,"(15, 13)",False,2,False,1255
0,0.0,True,0.0,0.9,0.9,1225,0,1225.0,51,8,14,"(3, 8)",0,0.036133694670280034,87.57142857142857,46.42857142857143,trust_fused,51,ATTACK,88,"(14, 19)",False,0,False,1260
14,0.0,True,0.0,0.48968738061923345,0.5673937547396722,1232,0,1232.0,52,1,14,"(13, 15)",0,0.0315884476534296,89.35714285714286,46.57142857142857,trust_fused,52,ATTACK,92,"(7, 46)",False,1,False,1260
16,0.0,True,0.0,0.5291806410240768,0.5829538952291351,1229,0,1229.0,71,6,13,"(15, 2)",0,0.0315884476534296,92.6923076923077,51.92307692307692,trust_fused,71,ATTACK,107,"(15, 8)",False,2,False,1260
0,0.0,True,0.0,0.9,0.9,1230,0,1230.0,51,8,14,"(3, 8)",0,0.037037037037037035,87.57142857142857,46.42857142857143,trust_fused,51,ATTACK,88,"(13, 15)",False,0,False,1265
14,0.0,True,0.0,0.5017028557204817,0.5774624893750517,1237,0,1237.0,52,1,14,"(13, 15)",0,0.0315884476534296,89.35714285714286,46.57142857142857,trust_fused,52,ATTACK,92,"(11, 45)",False,1,False,1265
16,0.0,True,0.0,0.5291806410240768,0.5829538952291351,1234,0,1234.0,71,6,13,"(15, 2)",0,0.0315884476534296,92.6923076923077,51.92307692307692,trust_fused,71,ATTACK,107,"(15, 3)",False,2,False,1265
0,0.0,True,0.0,0.9,0.9,1235,0,1235.0,51,8,14,"(3, 8)",0,0.037037037037037035,87.57142857142857,46.42857142857143,trust_fused,51,ATTACK,88,"(13, 10)",False,0,False,1270
14,0.0,True,0.0,0.5173770995621455,0.5911004913636103,1242,0,1242.0,52,1,14,"(13, 15)",0,0.0315884476534296,89.35714285714286,46.57142857142857,trust_fused,52,ATTACK,92,"(13, 42)",False,1,False,1270
16,0.0,True,0.0,0.5320464375263827,0.5864965710701949,1238,0,1238.0,72,6,13,"(12, 50)",0,0.0315884476534296,92.6923076923077,51.92307692307692,trust_fused,72,ATTACK,108,"(14, 4)",False,2,False,1270
0,0.0,True,0.0,0.9,0.9,1240,0,1240.0,51,8,14,"(3, 8)",0,0.037037037037037035,87.57142857142857,46.42857142857143,trust_fused,51,ATTACK,89,"(10, 8)",False,0,False,1275
14,0.0,True,0.0,0.5363892648492181,0.6078705912479004,1247,0,1247.0,52,1,14,"(13, 15)",0,0.029783393501805054,89.35714285714286,46.57142857142857,trust_fused,52,ATTACK,93,"(13, 37)",False,1,False,1275
16,0.0,True,0.0,0.5476158638367259,0.6101184421018265,1243,0,1243.0,72,6,13,"(12, 50)",0,0.0315884476534296,92.6923076923077,51.92307692307692,trust_fused,72,ATTACK,109,"(14, 9)",False,2,False,1275
0,0.0,True,0.0,0.9,0.9,1245,0,1245.0,51,8,14,"(3, 8)",0,0.037037037037037035,87.57142857142857,46.42857142857143,trust_fused,51,ATTACK,89,"(5, 8)",False,0,False,1280
17,0.0,True,0.0,0.5535508151480402,0.5980678427864765,1252,0,1252.0,52,1,14,"(13, 15)",0,0.029783393501805054,89.35714285714286,46.57142857142857,trust_fused,52,ATTACK,93,"(13, 32)",False,1,False,1280
20,0.0,True,0.0,0.5646837874683527,0.6301906502854461,1248,0,1248.0,72,6,13,"(12, 50)",0,0.032490974729241874,92.6923076923077,51.92307692307692,trust_fused,72,ATTACK,109,"(14, 14)",False,2,False,1280
0,0.0,True,0.0,0.9,0.9,1249,0,1249.0,52,8,14,"(2, 22)",0,0.037940379403794036,87.57142857142857,46.42857142857143,trust_fused,52,ATTACK,90,"(5, 8)",False,0,False,1285
16,0.0,True,0.0,0.5618561717645572,0.5965041300292707,1257,0,1257.0,52,1,14,"(13, 15)",0,0.029783393501805054,89.35714285714286,46.57142857142857,trust_fused,52,ATTACK,93,"(13, 27)",False,1,False,1285
20,0.0,True,0.0,0.5817887082945911,0.6465310846428763,1253,0,1253.0,72,6,13,"(12, 50)",0,0.032490974729241874,92.6923076923077,51.92307692307692,trust_fused,72,ATTACK,109,"(14, 19)",False,2,False,1285
0,0.0,True,0.0,0.9,0.9,1254,0,1254.0,52,8,14,"(2, 22)",0,0.037940379403794036,87.57142857142857,46.42857142857143,trust_fused,52,ATTACK,90,"(10, 8)",False,0,False,1290
16,0.0,True,0.0,0.5720100481967917,0.6128370403028389,1262,0,1262.0,52,1,14,"(13, 15)",0,0.02888086642599278,89.35714285714286,46.57142857142857,trust_fused,52,ATTACK,93,"(13, 22)",False,1,False,1290
20,0.0,True,0.0,0.5984970207247133,0.6606211118526683,1258,0,1258.0,72,6,13,"(12, 50)",0,0.032490974729241874,92.6923076923077,51.92307692307692,trust_fused,72,ATTACK,109,"(14, 24)",False,2,False,1290
0,0.0,True,0.0,0.9,0.9,1259,0,1259.0,52,8,14,"(2, 22)",0,0.03884372177055104,87.57142857142857,46.42857142857143,trust_fused,52,ATTACK,90,"(13, 10)",False,0,False,1295
16,0.0,True,0.0,0.5833503659171678,0.6282817528940885,1267,0,1267.0,52,1,14,"(13, 15)",0,0.02888086642599278,89.35714285714286,46.57142857142857,trust_fused,52,ATTACK,93,"(14, 18)",False,1,False,1295
20,0.0,True,0.0,0.6143166600365038,0.673198536126144,1263,0,1263.0,72,6,13,"(12, 50)",0,0.032490974729241874,92.6923076923077,51.92307692307692,trust_fused,72,ATTACK,109,"(14, 29)",False,2,False,1295
0,0.0,True,0.0,0.9,0.9,1264,0,1264.0,52,8,14,"(2, 22)",0,0.03884372177055104,87.57142857142857,46.42857142857143,trust_fused,52,ATTACK,91,"(14, 14)",False,0,False,1300
16,0.0,True,0.0,0.5961132318391098,0.6485192212216093,1271,0,1271.0,53,1,14,"(2, 50)",0,0.02888086642599278,89.35714285714286,46.57142857142857,trust_fused,53,ATTACK,95,"(13, 15)",False,1,False,1300
18,0.0,True,0.0,0.6249106170027585,0.6347913673468581,1268,0,1268.0,72,6,13,"(12, 50)",0,0.032490974729241874,92.6923076923077,51.92307692307692,trust_fused,72,ATTACK,110,"(13, 33)",False,2,False,1300
0,0.0,True,0.0,0.9,0.9,1269,0,1269.0,52,8,14,"(2, 22)",0,0.03884372177055104,87.57142857142857,46.42857142857143,trust_fused,52,ATTACK,91,"(14, 19)",False,0,False,1305
16,0.0,True,0.0,0.611368674927531,0.6714524272644714,1274,0,1274.0,54,3,14,"(2, 50)",0,0.02888086642599278,89.35714285714286,46.57142857142857,trust_fused,54,ATTACK,96,"(15, 16)",False,1,False,1305
18,0.0,True,0.0,0.6290122325343154,0.6481400669339422,1273,0,1273.0,72,6,13,"(12, 50)",0,0.032490974729241874,92.6923076923077,51.92307692307692,trust_fused,72,ATTACK,110,"(12, 37)",False,2,False,1305
0,0.0,True,0.0,0.9,0.9,1274,0,1274.0,52,8,14,"(2, 22)",0,0.037037037037037035,87.57142857142857,46.42857142857143,trust_fused,52,ATTACK,91,"(11, 21)",False,0,False,1310
16,0.0,True,0.0,0.627875208568701,0.691807109577423,1279,0,1279.0,54,3,14,"(2, 50)",0,0.02707581227436823,89.35714285714286,46.57142857142857,trust_fused,54,ATTACK,96,"(14, 20)",False,1,False,1310
18,0.0,True,0.0,0.635200356806482,0.6609594723394043,1278,0,1278.0,72,6,13,"(12, 50)",0,0.030685920577617327,92.6923076923077,51.92307692307692,trust_fused,72,ATTACK,110,"(12, 42)",False,2,False,1310
0,0.0,True,0.0,0.9,0.9,1279,0,1279.0,53,8,14,"(2, 22)",0,0.036133694670280034,87.57142857142857,46.42857142857143,trust_fused,53,ATTACK,92,"(8, 23)",False,0,False,1315
24,0.0,True,0.0,0.6451483077728261,0.7116173066821924,1284,0,1284.0,54,3,14,"(2, 50)",0,0.026173285198555957,89.35714285714286,46.57142857142857,trust_fused,54,ATTACK,96,"(12, 23)",False,1,False,1315
26,0.0,True,0.0,0.642462693465001,0.6708217312416785,1283,0,1283.0,72,6,13,"(12, 50)",0,0.029783393501805054,92.6923076923077,51.92307692307692,trust_fused,72,ATTACK,110,"(12, 47)",False,2,False,1315
0,0.0,True,0.0,0.9,0.9,1284,0,1284.0,53,8,14,"(2, 22)",0,0.03451407811080836,87.57142857142857,46.42857142857143,trust_fused,53,ATTACK,92,"(3, 23)",False,0,False,1320
24,0.0,True,0.0,0.6590673584992044,0.7244860509697052,1289,0,1289.0,54,3,14,"(2, 50)",0,0.022644927536231884,89.35714285714286,46.57142857142857,trust_fused,54,ATTACK,96,"(12, 28)",False,1,False,1320
26,0.0,True,0.0,0.642462693465001,0.6708217312416785,1286,0,1286.0,73,6,14,"(33, 8)",0,0.028130671506352088,94.21428571428571,51.92857142857143,trust_fused,73,ATTACK,112,"(12, 50)",False,2,False,1320
0,0.0,True,0.0,0.9,0.9,1288,0,1288.0,54,8,15,"(15, 2)",0,0.03360581289736603,88.2,46.0,trust_fused,54,ATTACK,94,"(4, 22)",False,0,False,1325
24,0.0,True,0.0,0.6691019311486278,0.7313478717039825,1294,0,1294.0,54,3,14,"(2, 50)",0,0.021739130434782608,89.35714285714286,46.57142857142857,trust_fused,54,ATTACK,97,"(12, 33)",False,1,False,1325
26,0.0,True,0.0,0.642462693465001,0.6708217312416785,1291,0,1291.0,74,6,14,"(33, 8)",0,0.02722323049001815,94.21428571428571,51.92857142857143,trust_fused,74,ATTACK,113,"(12, 45)",False,2,False,1325
0,0.0,True,0.0,0.9,0.9,1293,0,1293.0,54,8,15,"(15, 2)",0,0.03360581289736603,88.2,46.0,trust_fused,54,ATTACK,94,"(8, 23)",False,0,False,1330
24,0.0,True,0.0,0.6754765919510655,0.7353938352556977,1299,0,1299.0,54,3,14,"(2, 50)",0,0.021739130434782608,89.35714285714286,46.57142857142857,trust_fused,54,ATTACK,97,"(12, 38)",False,1,False,1330
26,0.0,True,0.0,0.6439640975723459,0.6724907756118981,1296,0,1296.0,74,6,14,"(33, 8)",0,0.02722323049001815,94.21428571428571,51.92857142857143,trust_fused,74,ATTACK,113,"(14, 42)",False,2,False,1330
0,0.0,True,0.0,0.9,0.9,1298,0,1298.0,54,8,15,"(15, 2)",0,0.030881017257039057,88.2,46.0,trust_fused,54,ATTACK,94,"(10, 20)",False,0,False,1335
24,0.0,True,0.0,0.678562788163302,0.737200516195795,1304,0,1304.0,54,3,14,"(2, 50)",0,0.019021739130434784,89.35714285714286,46.57142857142857,trust_fused,54,ATTACK,97,"(10, 41)",False,1,False,1335
26,0.0,True,0.0,0.6515908513038501,0.6808302309052462,1301,0,1301.0,74,6,14,"(33, 8)",0,0.02722323049001815,94.21428571428571,51.92857142857143,trust_fused,74,ATTACK,113,"(14, 37)",False,2,False,1335
0,0.0,True,0.0,0.9,0.9,1303,0,1303.0,54,8,15,"(15, 2)",0,0.031221303948576674,88.2,46.0,trust_fused,54,ATTACK,94,"(14, 19)",False,0,False,1340
20,0.0,True,0.0,0.6815910852119488,0.739128729136239,1309,0,1309.0,54,3,14,"(2, 50)",0,0.01910828025477707,89.35714285714286,46.57142857142857,trust_fused,54,ATTACK,97,"(10, 46)",False,1,False,1340
25,0.0,True,0.0,0.6562295732846312,0.6855845770933966,1306,0,1306.0,74,6,14,"(33, 8)",0,0.027447392497712716,94.21428571428571,51.92857142857143,trust_fused,74,ATTACK,113,"(14, 32)",False,2,False,1340
0,0.0,True,0.0,0.9,0.9,1308,0,1308.0,54,8,15,"(15, 2)",0,0.031221303948576674,88.2,46.0,trust_fused,54,ATTACK,94,"(15, 15)",False,0,False,1345
20,0.0,True,0.0,0.6815910852119488,0.739128729136239,1314,0,1314.0,54,3,14,"(2, 50)",0,0.01910828025477707,89.35714285714286,46.57142857142857,trust_fused,54,ATTACK,97,"(5, 46)",False,1,False,1345
25,0.0,True,0.0,0.6611046953832189,0.6928880994364272,1311,0,1311.0,74,6,14,"(33, 8)",0,0.028362305580969808,94.21428571428571,51.92857142857143,trust_fused,74,ATTACK,113,"(14, 27)",False,2,False,1345
0,0.0,True,0.0,0.9,0.9,1313,0,1313.0,54,8,15,"(15, 2)",0,0.03673094582185491,88.2,46.0,trust_fused,54,ATTACK,95,"(15, 10)",False,0,False,1350
20,0.0,True,0.0,0.6815910852119488,0.739128729136239,1319,0,1319.0,54,3,14,"(2, 50)",0,0.03002729754322111,89.35714285714286,46.57142857142857,trust_fused,54,ATTACK,98,"(3, 49)",False,1,False,1350
25,0.0,True,0.0,0.6682194066731636,0.7031495102920992,1316,0,1316.0,75,6,14,"(33, 8)",0,0.043000914913083256,94.21428571428571,51.92857142857143,trust_fused,75,ATTACK,114,"(15, 23)",False,2,False,1350
0,0.0,True,0.0,0.9,0.9,1318,0,1318.0,54,8,15,"(15, 2)",0,0.03764921946740129,88.2,46.0,trust_fused,54,ATTACK,95,"(15, 5)",False,0,False,1355
20,0.0,True,0.0,0.6815910852119488,0.739128729136239,1323,0,1323.0,55,3,15,"(2, 22)",0,0.03002729754322111,90.2,47.0,trust_fused,55,ATTACK,99,"(3, 49)",False,1,False,1355
25,0.0,True,0.0,0.6719469963336469,0.7075091249907329,1321,0,1321.0,75,6,14,"(33, 8)",0,0.043000914913083256,94.21428571428571,51.92857142857143,trust_fused,75,ATTACK,114,"(17, 20)",False,2,False,1355
0,0.0,True,0.0,0.9,0.9,1322,0,1322.0,55,8,15,"(33, 50)",0,0.0335195530726257,88.2,46.0,trust_fused,55,ATTACK,96,"(15, 3)",False,0,False,1360
20,0.0,True,0.0,0.6815910852119488,0.739128729136239,1328,0,1328.0,55,3,15,"(2, 22)",0,0.02933088909257562,90.2,47.0,trust_fused,55,ATTACK,99,"(5, 46)",False,1,False,1360
20,0.0,True,0.0,0.6796089021036742,0.7167736134866937,1326,0,1326.0,75,6,14,"(33, 8)",0,0.041589648798521256,94.21428571428571,51.92857142857143,trust_fused,75,ATTACK,114,"(18, 16)",False,2,False,1360
0,0.0,True,0.0,0.9,0.9,1327,0,1327.0,55,8,15,"(33, 50)",0,0.032588454376163874,88.2,46.0,trust_fused,55,ATTACK,96,"(16, 7)",False,0,False,1365
20,0.0,True,0.0,0.6815910852119488,0.739128729136239,1333,0,1333.0,55,3,15,"(2, 22)",0,0.02933088909257562,90.2,47.0,trust_fused,55,ATTACK,99,"(7, 43)",False,1,False,1365
20,0.0,True,0.0,0.6897551789434823,0.7292799556756032,1331,0,1331.0,75,6,14,"(33, 8)",0,0.04066543438077634,94.21428571428571,51.92857142857143,trust_fused,75,ATTACK,114,"(18, 11)",False,2,False,1365
0,0.0,True,0.0,0.9,0.9,1332,0,1332.0,55,8,15,"(33, 50)",0,0.032588454376163874,88.2,46.0,trust_fused,55,ATTACK,96,"(16, 12)",False,0,False,1370
20,0.0,True,0.0,0.6815910852119488,0.739128729136239,1338,0,1338.0,55,3,15,"(2, 22)",0,0.02933088909257562,90.2,47.0,trust_fused,55,ATTACK,99,"(9, 40)",False,1,False,1370
20,0.0,True,0.0,0.7010069347063759,0.7459442784612066,1336,0,1336.0,75,6,14,"(33, 8)",0,0.04066543438077634,94.21428571428571,51.92857142857143,trust_fused,75,ATTACK,114,"(21, 9)",False,2,False,1370
0,0.0,True,0.0,0.9,0.9,1337,0,1337.0,56,8,15,"(33, 50)",0,0.030330882352941176,88.2,46.0,trust_fused,56,ATTACK,97,"(16, 17)",False,0,False,1375
20,0.0,True,0.0,0.6815910852119488,0.739128729136239,1343,0,1343.0,55,3,15,"(2, 22)",0,0.028079710144927536,90.2,47.0,trust_fused,55,ATTACK,100,"(9, 35)",False,1,False,1375
20,0.0,True,0.0,0.7106677718787754,0.75644510587039,1341,0,1341.0,77,6,14,"(33, 8)",0,0.03467153284671533,94.21428571428571,51.92857142857143,trust_fused,77,ATTACK,116,"(26, 9)",False,2,False,1375
0,0.0,True,0.0,0.9,0.9,1342,0,1342.0,56,8,15,"(33, 50)",0,0.027230046948356807,88.2,46.0,trust_fused,56,ATTACK,97,"(18, 20)",False,0,False,1380
20,0.0,True,0.0,0.6815910852119488,0.739128729136239,1348,0,1348.0,55,3,15,"(2, 22)",0,0.026119402985074626,90.2,47.0,trust_fused,55,ATTACK,100,"(9, 30)",False,1,False,1380
17,0.0,True,0.0,0.7106677718787754,0.75644510587039,1346,0,1346.0,78,6,14,"(33, 8)",0,0.031835205992509365,94.21428571428571,51.92857142857143,trust_fused,78,ATTACK,117,"(31, 9)",False,2,False,1380
0,0.0,True,0.0,0.9,0.9,1347,0,1347.0,56,8,15,"(33, 50)",0,0.02717900656044986,88.2,46.0,trust_fused,56,ATTACK,97,"(18, 25)",False,0,False,1385
20,0.0,True,0.0,0.6815910852119488,0.739128729136239,1353,0,1353.0,55,3,15,"(2, 22)",0,0.024208566108007448,90.2,47.0,trust_fused,55,ATTACK,100,"(9, 25)",False,1,False,1385
17,0.0,True,0.0,0.7106677718787754,0.75644510587039,1350,0,1350.0,79,6,15,"(33, 50)",0,0.029906542056074768,92.26666666666667,52.733333333333334,trust_fused,79,ATTACK,118,"(33, 9)",False,2,False,1385
0,0.0,True,0.0,0.9,0.9,1352,0,1352.0,56,8,15,"(33, 50)",0,0.02692664809656453,88.2,46.0,trust_fused,56,ATTACK,97,"(18, 30)",False,0,False,1390
56,0.0,True,0.0,0.6903797164728965,0.745135610804057,1358,0,1358.0,55,3,15,"(2, 22)",0,0.05719557195571956,90.2,47.0,trust_fused,55,ATTACK,100,"(6, 23)",False,1,False,1390
53,13.680720305167284,True,13.680720305167284,0.7106677718787754,0.75644510587039,1355,0,1355.0,80,6,15,"(33, 50)",53,0.06296296296296296,92.26666666666667,52.733333333333334,trust_fused,80,ATTACK,119,"(33, 14)",True,2,True,1390
0,0.0,True,0.0,0.9,0.9,1357,0,1357.0,56,8,15,"(33, 50)",0,0.02692664809656453,88.2,46.0,trust_fused,56,ATTACK,97,"(18, 35)",False,0,False,1395
56,0.0,True,0.0,0.6903797164728965,0.745135610804057,1363,0,1363.0,55,3,15,"(2, 22)",0,0.055350553505535055,90.2,47.0,trust_fused,55,ATTACK,100,"(2, 22)",False,1,False,1395
53,13.54049536646761,True,13.54049536646761,0.7106677718787754,0.75644510587039,1360,0,1360.0,80,6,15,"(33, 50)",53,0.06111111111111111,92.26666666666667,52.733333333333334,trust_fused,80,ATTACK,119,"(30, 16)",True,2,True,1395
0,0.0,True,0.0,0.9,0.9,1362,0,1362.0,58,8,15,"(33, 50)",0,0.016346153846153847,88.2,46.0,trust_fused,58,ATTACK,99,"(19, 39)",False,0,False,1400
48,0.0,True,0.0,0.6903797164728965,0.745135610804057,1367,0,1367.0,57,3,15,"(33, 50)",0,0.04206500956022945,90.2,47.0,trust_fused,57,ATTACK,102,"(5, 23)",False,1,False,1400
45,13.12829331174187,True,13.12829331174187,0.7106677718787754,0.75644510587039,1365,0,1365.0,82,6,15,"(33, 50)",45,0.04894433781190019,92.26666666666667,52.733333333333334,trust_fused,82,ATTACK,121,"(29, 20)",True,2,True,1400
0,0.0,True,0.0,0.9,0.9,1367,0,1367.0,58,8,15,"(33, 50)",0,0.015384615384615385,88.2,46.0,trust_fused,58,ATTACK,99,"(23, 40)",False,0,False,1405
39,0.0,True,0.0,0.6903797164728965,0.745135610804057,1372,0,1372.0,57,3,15,"(33, 50)",0,0.032504780114722756,90.2,47.0,trust_fused,57,ATTACK,102,"(9, 24)",False,1,False,1405
36,13.12829331174187,True,13.12829331174187,0.7106677718787754,0.75644510587039,1370,0,1370.0,83,6,15,"(33, 50)",36,0.03742802303262956,92.26666666666667,52.733333333333334,trust_fused,83,ATTACK,122,"(26, 22)",True,2,True,1405
0,0.0,True,0.0,0.9,0.9,1372,0,1372.0,58,8,15,"(33, 50)",0,0.009532888465204958,88.2,46.0,trust_fused,58,ATTACK,99,"(26, 42)",False,0,False,1410
14,0.0,True,0.0,0.6987510788855313,0.7509795746871654,1377,0,1377.0,57,3,15,"(33, 50)",0,0.008547008547008548,90.2,47.0,trust_fused,57,ATTACK,102,"(10, 28)",False,1,False,1410
11,13.12829331174187,True,13.12829331174187,0.7200620138170094,0.7640056100146654,1375,0,1375.0,85,6,15,"(33, 50)",11,0.008563273073263558,92.26666666666667,52.733333333333334,trust_fused,85,ATTACK,124,"(25, 26)",True,2,True,1410
0,0.0,True,0.0,0.9,0.9,1377,0,1377.0,58,8,15,"(33, 50)",0,0.009380863039399626,88.2,46.0,trust_fused,58,ATTACK,99,"(26, 47)",False,0,False,1415
12,0.0,True,0.0,0.7041367992711183,0.7549914315847058,1382,0,1382.0,57,3,15,"(33, 50)",0,0.006554307116104869,90.2,47.0,trust_fused,57,ATTACK,102,"(10, 33)",False,1,False,1415
9,13.12829331174187,True,13.12829331174187,0.7246058414814064,0.767506999465688,1380,0,1380.0,85,6,15,"(33, 50)",9,0.006554307116104869,92.26666666666667,52.733333333333334,trust_fused,85,ATTACK,124,"(28, 28)",True,2,True,1415
0,0.0,True,0.0,0.9,0.9,1382,0,1382.0,58,8,15,"(33, 50)",0,0.007469654528478058,88.2,46.0,trust_fused,58,ATTACK,99,"(28, 50)",False,0,False,1420
12,0.0,True,0.0,0.7144898463530001,0.7628032135457911,1387,0,1387.0,57,3,15,"(33, 50)",0,0.004668534080298786,90.2,47.0,trust_fused,57,ATTACK,102,"(12, 36)",False,1,False,1420
9,13.12829331174187,True,13.12829331174187,0.7290390566245256,0.7708967724423754,1385,0,1385.0,85,6,15,"(33, 50)",9,0.004668534080298786,92.26666666666667,52.733333333333334,trust_fused,85,ATTACK,124,"(28, 33)",True,2,True,1420
0,0.0,True,0.0,0.9,0.9,1387,0,1387.0,58,8,15,"(33, 50)",0,0.007407407407407408,88.2,46.0,trust_fused,58,ATTACK,100,"(33, 50)",False,0,False,1425
12,0.0,True,0.0,0.7267024403426179,0.771768118260744,1392,0,1392.0,58,3,15,"(33, 50)",0,0.004629629629629629,90.2,47.0,trust_fused,58,ATTACK,103,"(12, 41)",False,1,False,1425
9,0.0,True,0.0,0.7398196553100221,0.7803978476231793,1390,0,1390.0,86,6,15,"(33, 50)",0,0.004629629629629629,92.26666666666667,52.733333333333334,trust_fused,86,ATTACK,125,"(28, 38)",False,2,False,1425
0,0.0,True,0.0,0.9,0.9,1391,0,1391.0,59,8,16,"(12, 50)",0,0.0073937153419593345,89.125,47.3125,trust_fused,59,ATTACK,101,"(29, 50)",False,0,False,1430
12,0.0,True,0.0,0.7359124467073723,0.7786732856987731,1397,0,1397.0,58,3,15,"(33, 50)",0,0.0046210720887245845,90.2,47.0,trust_fused,58,ATTACK,103,"(14, 44)",False,1,False,1430
9,0.0,True,0.0,0.7502815787327928,0.7894100628040536,1395,0,1395.0,86,6,15,"(33, 50)",0,0.0046210720887245845,92.26666666666667,52.733333333333334,trust_fused,86,ATTACK,125,"(28, 43)",False,2,False,1430
0,0.0,True,0.0,0.9,0.9,1396,0,1396.0,59,8,16,"(12, 50)",0,0.005545286506469501,89.125,47.3125,trust_fused,59,ATTACK,101,"(25, 49)",False,0,False,1435
12,0.0,True,0.0,0.7403756821744502,0.7827002969770475,1402,0,1402.0,58,3,15,"(33, 50)",0,0.0027726432532347504,90.2,47.0,trust_fused,58,ATTACK,103,"(16, 47)",False,1,False,1435
9,0.0,True,0.0,0.7606249913745483,0.8004670698915998,1400,0,1400.0,86,6,15,"(33, 50)",0,0.0027726432532347504,92.26666666666667,52.733333333333334,trust_fused,86,ATTACK,125,"(28, 48)",False,2,False,1435
0,0.0,True,0.0,0.9,0.9,1401,0,1401.0,59,8,16,"(12, 50)",0,0.005545286506469501,89.125,47.3125,trust_fused,59,ATTACK,101,"(20, 49)",False,0,False,1440
12,0.0,True,0.0,0.7492376262035756,0.7919215021285989,1407,0,1407.0,58,3,15,"(33, 50)",0,0.0027726432532347504,90.2,47.0,trust_fused,58,ATTACK,103,"(19, 49)",False,1,False,1440
9,0.0,True,0.0,0.771404877710495,0.8125545148414419,1405,0,1405.0,86,6,15,"(33, 50)",0,0.0036968576709796672,92.26666666666667,52.733333333333334,trust_fused,86,ATTACK,125,"(31, 50)",False,2,False,1440
0,0.0,True,0.0,0.9,0.9,1404,0,1404.0,59,10,16,"(12, 50)",0,0.0046210720887245845,89.125,47.3125,trust_fused,59,ATTACK,101,"(17, 49)",False,0,False,1445
12,0.0,True,0.0,0.7584797510630484,0.8029423657183663,1411,0,1411.0,60,4,15,"(33, 50)",0,0.0027726432532347504,90.2,47.0,trust_fused,60,ATTACK,105,"(15, 49)",False,1,False,1445
9,0.0,True,0.0,0.77810615513399,0.821521458533658,1409,0,1409.0,87,6,15,"(2, 22)",0,0.0036968576709796672,92.26666666666667,52.733333333333334,trust_fused,87,ATTACK,126,"(31, 50)",False,2,False,1445
0,0.0,True,0.0,0.9,0.9,1407,0,1407.0,59,12,16,"(12, 50)",0,0.0046210720887245845,89.125,47.3125,trust_fused,59,ATTACK,102,"(14, 49)",False,0,False,1450
12,0.0,True,0.0,0.7655887561673711,0.8109003367755973,1414,0,1414.0,64,6,15,"(33, 50)",0,0.0027726432532347504,90.2,47.0,trust_fused,64,ATTACK,110,"(13, 48)",False,1,False,1450
9,0.0,True,0.0,0.7803418127327446,0.8228193071090839,1414,0,1414.0,87,6,15,"(2, 22)",0,0.0036968576709796672,92.26666666666667,52.733333333333334,trust_fused,87,ATTACK,127,"(30, 46)",False,2,False,1450
0,0.0,True,0.0,0.9,0.9,1411,0,1411.0,60,12,16,"(33, 8)",0,0.0046210720887245845,89.125,47.3125,trust_fused,60,ATTACK,103,"(12, 49)",False,0,False,1455
12,0.0,True,0.0,0.7773677998788322,0.8220113248479874,1419,0,1419.0,66,6,15,"(33, 50)",0,0.0027726432532347504,90.2,47.0,trust_fused,66,ATTACK,112,"(15, 49)",False,1,False,1455
9,0.0,True,0.0,0.7803418127327446,0.8228193071090839,1419,0,1419.0,87,6,15,"(2, 22)",0,0.0036968576709796672,92.26666666666667,52.733333333333334,trust_fused,87,ATTACK,127,"(27, 44)",False,2,False,1455
0,0.0,True,0.0,0.9,0.9,1416,0,1416.0,60,12,16,"(33, 8)",0,0.005545286506469501,89.125,47.3125,trust_fused,60,ATTACK,103,"(15, 47)",False,0,False,1460
12,0.0,True,0.0,0.7886986237498621,0.8311663619529615,1424,0,1424.0,66,6,15,"(33, 50)",0,0.0027726432532347504,90.2,47.0,trust_fused,66,ATTACK,112,"(20, 49)",False,1,False,1460
9,0.0,True,0.0,0.784718453852906,0.8259314745565279,1424,0,1424.0,87,6,15,"(2, 22)",0,0.005545286506469501,92.26666666666667,52.733333333333334,trust_fused,87,ATTACK,127,"(27, 39)",False,2,False,1460
0,0.0,True,0.0,0.9,0.9,1421,0,1421.0,60,12,16,"(33, 8)",0,0.0046210720887245845,89.125,47.3125,trust_fused,60,ATTACK,103,"(17, 44)",False,0,False,1465
21,0.0,True,0.0,0.7996950055158174,0.8406640097481173,1429,0,1429.0,66,6,15,"(33, 50)",0,0.0046210720887245845,90.2,47.0,trust_fused,66,ATTACK,112,"(24, 50)",False,1,False,1465
18,0.5470595400513076,True,0.5470595400513076,0.7949556971797175,0.8320818736486292,1429,0,1429.0,88,6,15,"(2, 22)",18,0.012939001848428836,92.26666666666667,52.733333333333334,trust_fused,88,ATTACK,128,"(25, 36)",True,2,True,1465
0,0.0,True,0.0,0.9,0.9,1426,0,1426.0,60,12,16,"(33, 8)",0,0.0036968576709796672,89.125,47.3125,trust_fused,60,ATTACK,103,"(17, 39)",False,0,False,1470
21,0.0,True,0.0,0.8099338683472488,0.8474586731078988,1434,0,1434.0,66,6,15,"(33, 50)",0,0.0046210720887245845,90.2,47.0,trust_fused,66,ATTACK,112,"(29, 50)",False,1,False,1470
18,0.5470595400513076,True,0.5470595400513076,0.8041250689056914,0.8375103761861906,1434,0,1434.0,88,6,15,"(2, 22)",18,0.013863216266173753,92.26666666666667,52.733333333333334,trust_fused,88,ATTACK,128,"(24, 32)",True,2,True,1470
0,0.0,True,0.0,0.9,0.9,1431,0,1431.0,60,12,16,"(33, 8)",0,0.0018484288354898336,89.125,47.3125,trust_fused,60,ATTACK,104,"(17, 34)",False,0,False,1475
21,0.0,True,0.0,0.8194025990763388,0.8548159130386295,1438,0,1438.0,67,6,16,"(2, 41)",0,0.005545286506469501,92.1875,49.0,trust_fused,67,ATTACK,114,"(33, 50)",False,1,False,1475
18,0.3574951576488843,True,0.3574951576488843,0.812396506903618,0.8426289569110464,1439,0,1439.0,89,6,15,"(2, 22)",18,0.013863216266173753,92.26666666666667,52.733333333333334,trust_fused,89,ATTACK,129,"(22, 29)",True,2,True,1475
0,0.0,True,0.0,0.9,0.9,1436,0,1436.0,60,12,16,"(33, 8)",0,0.001851851851851852,89.125,47.3125,trust_fused,60,ATTACK,104,"(17, 29)",False,0,False,1480
21,0.0,True,0.0,0.8194025990763388,0.8548159130386295,1443,0,1443.0,67,6,16,"(2, 41)",0,0.005555555555555556,92.1875,49.0,trust_fused,67,ATTACK,114,"(28, 50)",False,1,False,1480
18,0.3574951576488843,True,0.3574951576488843,0.8202293169315352,0.8501794954907057,1444,0,1444.0,89,6,15,"(2, 22)",18,0.014814814814814815,92.26666666666667,52.733333333333334,trust_fused,89,ATTACK,129,"(19, 27)",True,2,True,1480
0,0.0,True,0.0,0.9,0.9,1441,0,1441.0,60,12,16,"(33, 8)",0,0.001851851851851852,89.125,47.3125,trust_fused,60,ATTACK,104,"(17, 24)",False,0,False,1485
21,0.0,True,0.0,0.826387274115566,0.8583480880895303,1448,0,1448.0,67,6,16,"(2, 41)",0,0.006481481481481481,92.1875,49.0,trust_fused,67,ATTACK,114,"(24, 49)",False,1,False,1485
18,0.3574951576488843,True,0.3574951576488843,0.8281888061522003,0.8585850435633706,1449,0,1449.0,89,6,15,"(2, 22)",18,0.014814814814814815,92.26666666666667,52.733333333333334,trust_fused,89,ATTACK,129,"(18, 23)",True,2,True,1485
0,0.0,True,0.0,0.9,0.9,1446,0,1446.0,60,12,16,"(33, 8)",0,0.001851851851851852,89.125,47.3125,trust_fused,60,ATTACK,104,"(17, 19)",False,0,False,1490
21,0.0,True,0.0,0.8343843997954753,0.8641223529617081,1453,0,1453.0,67,6,16,"(2, 41)",0,0.009259259259259259,92.1875,49.0,trust_fused,67,ATTACK,114,"(20, 48)",False,1,False,1490
18,0.3574951576488843,True,0.3574951576488843,0.8362425981730726,0.8668039362936715,1452,0,1452.0,89,8,15,"(2, 22)",18,0.017592592592592594,92.26666666666667,52.733333333333334,trust_fused,89,ATTACK,130,"(15, 23)",True,2,True,1490
0,0.0,True,0.0,0.9,0.9,1451,0,1451.0,60,12,16,"(33, 8)",0,0.0,89.125,47.3125,trust_fused,60,ATTACK,104,"(17, 14)",False,0,False,1495
21,0.0,True,0.0,0.8419128659536967,0.8697207035701147,1458,0,1458.0,67,6,16,"(2, 41)",0,0.006481481481481481,92.1875,49.0,trust_fused,67,ATTACK,114,"(17, 46)",False,1,False,1495
18,0.3574951576488843,True,0.3574951576488843,0.8442029398402559,0.8738443051160765,1457,0,1457.0,89,8,15,"(2, 22)",18,0.01574074074074074,92.26666666666667,52.733333333333334,trust_fused,89,ATTACK,130,"(10, 23)",True,2,True,1495
0,0.0,True,0.0,0.9,0.9,1456,0,1456.0,60,12,16,"(33, 8)",0,0.046296296296296294,89.125,47.3125,trust_fused,60,ATTACK,105,"(17, 9)",False,0,False,1500
21,0.0,True,0.0,0.8475369296253884,0.8736100606281858,1463,0,1463.0,68,6,16,"(2, 41)",0,0.049074074074074076,92.1875,49.0,trust_fused,68,ATTACK,115,"(12, 46)",False,1,False,1500
9,0.0,False,0.0,0.3531432016137415,0.3531432016137415,1462,0,1462.0,90,8,15,"(2, 22)",0,0.037037037037037035,92.26666666666667,52.733333333333334,trust_fused,90,ATTACK,133,"(5, 23)",False,2,False,1500
0,0.0,True,0.0,0.9,0.9,1461,0,1461.0,60,12,16,"(33, 8)",0,0.04440333024976873,89.125,47.3125,trust_fused,60,ATTACK,105,"(22, 9)",False,0,False,1505
21,0.0,True,0.0,0.8475369296253884,0.8736100606281858,1468,0,1468.0,68,6,16,"(2, 41)",0,0.04625346901017576,92.1875,49.0,trust_fused,68,ATTACK,115,"(9, 44)",False,1,False,1505
9,0.0,False,0.0,0.3531432016137415,0.3531432016137415,1466,0,1466.0,91,8,16,"(13, 15)",0,0.03515263644773358,94.0625,53.3125,trust_fused,91,ATTACK,134,"(2, 22)",False,2,False,1505
0,0.0,True,0.0,0.9,0.9,1466,0,1466.0,60,12,16,"(33, 8)",0,0.03870967741935484,89.125,47.3125,trust_fused,60,ATTACK,105,"(27, 9)",False,0,False,1510
18,0.0,True,0.0,0.8475369296253884,0.8736100606281858,1473,0,1473.0,68,6,16,"(2, 41)",0,0.04055299539170507,92.1875,49.0,trust_fused,68,ATTACK,115,"(7, 41)",False,1,False,1510
9,0.0,False,0.0,0.3531432016137415,0.3531432016137415,1471,0,1471.0,91,8,16,"(13, 15)",0,0.035944700460829496,94.0625,53.3125,trust_fused,91,ATTACK,134,"(6, 23)",False,2,False,1510
0,0.0,True,0.0,0.9,0.9,1471,0,1471.0,60,12,16,"(33, 8)",0,0.03133640552995392,89.125,47.3125,trust_fused,60,ATTACK,105,"(31, 8)",False,0,False,1515
17,0.0,True,0.0,0.8475369296253884,0.8736100606281858,1478,0,1478.0,68,6,16,"(2, 41)",0,0.035023041474654376,92.1875,49.0,trust_fused,68,ATTACK,115,"(2, 41)",False,1,False,1515
8,0.0,False,0.0,0.3531432016137415,0.3531432016137415,1476,0,1476.0,91,8,16,"(13, 15)",0,0.02857142857142857,94.0625,53.3125,trust_fused,91,ATTACK,134,"(9, 21)",False,2,False,1515
0,0.0,True,0.0,0.9,0.9,1475,0,1475.0,61,12,17,"(2, 50)",0,0.03133640552995392,89.29411764705883,48.294117647058826,trust_fused,61,ATTACK,106,"(31, 8)",False,0,False,1520
17,0.0,True,0.0,0.8475369296253884,0.8736100606281858,1482,0,1482.0,69,6,16,"(21, 24)",0,0.03317972350230415,92.1875,49.0,trust_fused,69,ATTACK,116,"(6, 41)",False,1,False,1520
8,0.0,False,0.0,0.3531432016137415,0.3531432016137415,1481,0,1481.0,91,8,16,"(13, 15)",0,0.02857142857142857,94.0625,53.3125,trust_fused,91,ATTACK,134,"(14, 21)",False,2,False,1520
0,0.0,True,0.0,0.9,0.9,1480,0,1480.0,61,12,17,"(2, 50)",0,0.030414746543778803,89.29411764705883,48.294117647058826,trust_fused,61,ATTACK,107,"(27, 9)",False,0,False,1525
17,0.0,True,0.0,0.8475369296253884,0.8736100606281858,1487,0,1487.0,69,6,16,"(21, 24)",0,0.03225806451612903,92.1875,49.0,trust_fused,69,ATTACK,117,"(8, 38)",False,1,False,1525
8,0.0,False,0.0,0.354507320772801,0.3674822848982784,1486,0,1486.0,91,8,16,"(13, 15)",0,0.025806451612903226,94.0625,53.3125,trust_fused,91,ATTACK,135,"(14, 16)",False,2,False,1525
0,0.0,True,0.0,0.9,0.9,1485,0,1485.0,61,12,17,"(2, 50)",0,0.027649769585253458,89.29411764705883,48.294117647058826,trust_fused,61,ATTACK,107,"(22, 9)",False,0,False,1530
17,0.0,True,0.0,0.8475369296253884,0.8736100606281858,1492,0,1492.0,69,6,16,"(21, 24)",0,0.02857142857142857,92.1875,49.0,trust_fused,69,ATTACK,117,"(10, 35)",False,1,False,1530
8,0.0,False,0.0,0.35784918793623466,0.3828365952047964,1490,0,1490.0,92,8,16,"(2, 50)",0,0.02304147465437788,94.0625,53.3125,trust_fused,92,ATTACK,136,"(14, 16)",False,2,False,1530
0,0.0,True,0.0,0.9,0.9,1490,0,1490.0,61,12,17,"(2, 50)",0,0.026703499079189688,89.29411764705883,48.294117647058826,trust_fused,61,ATTACK,107,"(19, 11)",False,0,False,1535
17,0.0,True,0.0,0.8475369296253884,0.8736100606281858,1497,0,1497.0,69,6,16,"(21, 24)",0,0.0285451197053407,92.1875,49.0,trust_fused,69,ATTACK,117,"(12, 32)",False,1,False,1535
8,0.0,False,0.0,0.35784918793623466,0.3828365952047964,1495,0,1495.0,92,8,16,"(2, 50)",0,0.022099447513812154,94.0625,53.3125,trust_fused,92,ATTACK,136,"(13, 20)",False,2,False,1535
0,0.0,True,0.0,0.9,0.9,1495,0,1495.0,61,12,17,"(2, 50)",0,0.026703499079189688,89.29411764705883,48.294117647058826,trust_fused,61,ATTACK,107,"(16, 13)",False,0,False,1540
17,0.0,True,0.0,0.8475369296253884,0.8736100606281858,1502,0,1502.0,69,6,16,"(21, 24)",0,0.026703499079189688,92.1875,49.0,trust_fused,69,ATTACK,117,"(13, 28)",False,1,False,1540
8,0.0,False,0.0,0.35784918793623466,0.3828365952047964,1500,0,1500.0,92,8,16,"(2, 50)",0,0.02117863720073665,94.0625,53.3125,trust_fused,92,ATTACK,136,"(10, 22)",False,2,False,1540
0,0.0,True,0.0,0.9,0.9,1500,0,1500.0,61,12,17,"(2, 50)",0,0.026703499079189688,89.29411764705883,48.294117647058826,trust_fused,61,ATTACK,107,"(16, 18)",False,0,False,1545
17,0.0,True,0.0,0.8475369296253884,0.8736100606281858,1507,0,1507.0,69,6,16,"(21, 24)",0,0.03406998158379374,92.1875,49.0,trust_fused,69,ATTACK,117,"(14, 24)",False,1,False,1545
8,0.0,False,0.0,0.35784918793623466,0.3828365952047964,1505,0,1505.0,92,8,16,"(2, 50)",0,0.02117863720073665,94.0625,53.3125,trust_fused,92,ATTACK,136,"(6, 23)",False,2,False,1545
0,0.0,True,0.0,0.9,0.9,1505,0,1505.0,61,12,17,"(2, 50)",0,0.024680073126142597,89.29411764705883,48.294117647058826,trust_fused,61,ATTACK,108,"(16, 23)",False,0,False,1550
17,0.0,True,0.0,0.8544581616341906,0.8812826452184779,1512,0,1512.0,69,6,16,"(21, 24)",0,0.033820840950639856,92.1875,49.0,trust_fused,69,ATTACK,118,"(19, 24)",False,1,False,1550
8,0.0,False,0.0,0.35784918793623466,0.3828365952047964,1510,0,1510.0,92,8,16,"(2, 50)",0,0.02102376599634369,94.0625,53.3125,trust_fused,92,ATTACK,137,"(4, 26)",False,2,False,1550
0,0.0,True,0.0,0.9,0.9,1510,0,1510.0,61,12,17,"(2, 50)",0,0.023593466424682397,89.29411764705883,48.294117647058826,trust_fused,61,ATTACK,108,"(16, 28)",False,0,False,1555
17,0.0,True,0.0,0.8615966839937053,0.8886122517424,1516,0,1516.0,70,6,17,"(33, 30)",0,0.03357531760435572,91.3529411764706,48.294117647058826,trust_fused,70,ATTACK,119,"(21, 26)",False,1,False,1555
8,0.0,False,0.0,0.35784918793623466,0.3828365952047964,1515,0,1515.0,92,8,16,"(2, 50)",0,0.020871143375680582,94.0625,53.3125,trust_fused,92,ATTACK,137,"(3, 30)",False,2,False,1555
0,0.0,True,0.0,0.9,0.9,1515,0,1515.0,61,12,17,"(2, 50)",0,0.023508137432188065,89.29411764705883,48.294117647058826,trust_fused,61,ATTACK,108,"(16, 33)",False,0,False,1560
17,0.0,True,0.0,0.8685561788362581,0.8945516041788865,1521,0,1521.0,70,6,17,"(33, 30)",0,0.03345388788426763,91.3529411764706,48.294117647058826,trust_fused,70,ATTACK,119,"(24, 28)",False,1,False,1560
8,0.0,False,0.0,0.35784918793623466,0.3828365952047964,1520,0,1520.0,92,8,16,"(2, 50)",0,0.020795660036166366,94.0625,53.3125,trust_fused,92,ATTACK,137,"(3, 35)",False,2,False,1560
0,0.0,True,0.0,0.9,0.9,1520,0,1520.0,62,12,17,"(2, 50)",0,0.018066847335140017,89.29411764705883,48.294117647058826,trust_fused,62,ATTACK,109,"(16, 38)",False,0,False,1565
17,0.0,True,0.0,0.8725199905324937,0.8971551741883715,1526,0,1526.0,70,6,17,"(33, 30)",0,0.028003613369467027,91.3529411764706,48.294117647058826,trust_fused,70,ATTACK,119,"(27, 30)",False,1,False,1565
8,0.0,False,0.0,0.35784918793623466,0.3828365952047964,1525,0,1525.0,92,8,16,"(2, 50)",0,0.02077687443541102,94.0625,53.3125,trust_fused,92,ATTACK,137,"(3, 40)",False,2,False,1565
0,0.0,True,0.0,0.9,0.9,1525,0,1525.0,63,12,17,"(2, 50)",0,0.017163504968383016,89.29411764705883,48.294117647058826,trust_fused,63,ATTACK,110,"(14, 35)",False,0,False,1570
17,0.0,True,0.0,0.8725199905324937,0.8971551741883715,1531,0,1531.0,70,6,17,"(33, 30)",0,0.02710027100271003,91.3529411764706,48.294117647058826,trust_fused,70,ATTACK,119,"(32, 30)",False,1,False,1570
8,0.0,False,0.0,0.35784918793623466,0.3828365952047964,1530,0,1530.0,92,8,16,"(2, 50)",0,0.02077687443541102,94.0625,53.3125,trust_fused,92,ATTACK,137,"(3, 45)",False,2,False,1570
0,0.0,True,0.0,0.9,0.9,1530,0,1530.0,63,12,17,"(2, 50)",0,0.015356820234869015,89.29411764705883,48.294117647058826,trust_fused,63,ATTACK,111,"(12, 38)",False,0,False,1575
17,0.0,True,0.0,0.8725199905324937,0.8971551741883715,1535,0,1535.0,72,6,17,"(15, 2)",0,0.025293586269196026,91.3529411764706,48.294117647058826,trust_fused,72,ATTACK,121,"(30, 30)",False,1,False,1575
8,0.0,False,0.0,0.35784918793623466,0.3828365952047964,1535,0,1535.0,92,8,16,"(2, 50)",0,0.02077687443541102,94.0625,53.3125,trust_fused,92,ATTACK,138,"(3, 50)",False,2,False,1575
0,0.0,True,0.0,0.9,0.9,1535,0,1535.0,63,12,17,"(2, 50)",0,0.016260162601626018,89.29411764705883,48.294117647058826,trust_fused,63,ATTACK,111,"(12, 43)",False,0,False,1580
17,0.0,True,0.0,0.8725199905324937,0.8971551741883715,1540,0,1540.0,72,6,17,"(15, 2)",0,0.024390243902439025,91.3529411764706,48.294117647058826,trust_fused,72,ATTACK,121,"(26, 29)",False,1,False,1580
8,0.0,False,0.0,0.35784918793623466,0.3828365952047964,1539,0,1539.0,93,8,17,"(33, 30)",0,0.02077687443541102,92.76470588235294,53.05882352941177,trust_fused,93,ATTACK,139,"(4, 49)",False,2,False,1580
0,0.0,True,0.0,0.9,0.9,1540,0,1540.0,63,12,17,"(2, 50)",0,0.016260162601626018,89.29411764705883,48.294117647058826,trust_fused,63,ATTACK,111,"(10, 46)",False,0,False,1585
20,0.0,True,0.0,0.8750399346772637,0.8987727903735508,1545,0,1545.0,72,6,17,"(15, 2)",0,0.026196928635953028,91.3529411764706,48.294117647058826,trust_fused,72,ATTACK,121,"(21, 29)",False,1,False,1585
11,0.0,False,0.0,0.3612193128397143,0.39575769928800963,1544,0,1544.0,93,8,17,"(33, 30)",0,0.02077687443541102,92.76470588235294,53.05882352941177,trust_fused,93,ATTACK,139,"(5, 45)",False,2,False,1585
0,0.0,True,0.0,0.9,0.9,1545,0,1545.0,63,12,17,"(2, 50)",0,0.016260162601626018,89.29411764705883,48.294117647058826,trust_fused,63,ATTACK,111,"(5, 46)",False,0,False,1590
18,0.0,True,0.0,0.8809630821019886,0.9027001685721361,1550,0,1550.0,72,6,17,"(15, 2)",0,0.025293586269196026,91.3529411764706,48.294117647058826,trust_fused,72,ATTACK,121,"(19, 26)",False,1,False,1590
9,0.0,False,0.0,0.3742170596720935,0.4319866408137825,1549,0,1549.0,93,8,17,"(33, 30)",0,0.02077687443541102,92.76470588235294,53.05882352941177,trust_fused,93,ATTACK,139,"(5, 40)",False,2,False,1590
0,0.0,True,0.0,0.9,0.9,1550,0,1550.0,63,12,17,"(2, 50)",0,0.016260162601626018,89.29411764705883,48.294117647058826,trust_fused,63,ATTACK,111,"(3, 49)",False,0,False,1595
18,0.0,True,0.0,0.886401689468881,0.9064028207793432,1555,0,1555.0,72,6,17,"(15, 2)",0,0.025293586269196026,91.3529411764706,48.294117647058826,trust_fused,72,ATTACK,121,"(19, 21)",False,1,False,1595
9,0.0,False,0.0,0.3916432476521829,0.46199539179221105,1554,0,1554.0,93,8,17,"(33, 30)",0,0.02077687443541102,92.76470588235294,53.05882352941177,trust_fused,93,ATTACK,139,"(5, 35)",False,2,False,1595
0,0.0,True,0.0,0.9,0.9,1554,0,1554.0,64,12,17,"(13, 15)",0,0.017288444040036398,89.29411764705883,48.294117647058826,trust_fused,64,ATTACK,113,"(3, 49)",False,0,False,1600
18,0.0,True,0.0,0.8914126209404053,0.9097682231990167,1560,0,1560.0,72,6,17,"(15, 2)",0,0.025477707006369428,91.3529411764706,48.294117647058826,trust_fused,72,ATTACK,122,"(15, 20)",False,1,False,1600
9,0.0,False,0.0,0.3953867470215311,0.4665132350391475,1559,0,1559.0,93,8,17,"(33, 30)",0,0.020928116469517744,92.76470588235294,53.05882352941177,trust_fused,93,ATTACK,140,"(7, 32)",False,2,False,1600
0,0.0,True,0.0,0.9,0.9,1559,0,1559.0,64,12,17,"(13, 15)",0,0.017288444040036398,89.29411764705883,48.294117647058826,trust_fused,64,ATTACK,113,"(5, 46)",False,0,False,1605
18,0.0,True,0.0,0.8960421003000115,0.9131533964316568,1565,0,1565.0,72,6,17,"(15, 2)",0,0.025477707006369428,91.3529411764706,48.294117647058826,trust_fused,72,ATTACK,122,"(15, 15)",False,1,False,1605
9,0.0,False,0.0,0.41458258339738757,0.48889755937228246,1564,0,1564.0,93,8,17,"(33, 30)",0,0.020928116469517744,92.76470588235294,53.05882352941177,trust_fused,93,ATTACK,140,"(12, 32)",False,2,False,1605
0,0.0,True,0.0,0.9,0.9,1564,0,1564.0,64,12,17,"(13, 15)",0,0.017288444040036398,89.29411764705883,48.294117647058826,trust_fused,64,ATTACK,113,"(7, 43)",False,0,False,1610
18,0.0,True,0.0,0.9003077978785055,0.915899866604314,1570,0,1570.0,72,6,17,"(15, 2)",0,0.025477707006369428,91.3529411764706,48.294117647058826,trust_fused,72,ATTACK,122,"(15, 10)",False,1,False,1610
9,0.0,True,0.0,0.4341894959223918,0.5082853641389496,1569,0,1569.0,93,8,17,"(33, 30)",0,0.020928116469517744,92.76470588235294,53.05882352941177,trust_fused,93,ATTACK,140,"(17, 32)",False,2,False,1610
0,0.0,True,0.0,0.9,0.9,1569,0,1569.0,64,12,17,"(13, 15)",0,0.017288444040036398,89.29411764705883,48.294117647058826,trust_fused,64,ATTACK,113,"(9, 40)",False,0,False,1615
18,0.0,True,0.0,0.9034357600895979,0.9179149617093163,1575,0,1575.0,72,6,17,"(15, 2)",0,0.025477707006369428,91.3529411764706,48.294117647058826,trust_fused,72,ATTACK,122,"(15, 5)",False,1,False,1615
9,0.0,True,0.0,0.4534019583910368,0.5255392506582844,1574,0,1574.0,93,8,17,"(33, 30)",0,0.020928116469517744,92.76470588235294,53.05882352941177,trust_fused,93,ATTACK,140,"(20, 30)",False,2,False,1615
0,0.0,True,0.0,0.9,0.9,1574,0,1574.0,64,12,17,"(13, 15)",0,0.01910828025477707,89.29411764705883,48.294117647058826,trust_fused,64,ATTACK,113,"(10, 36)",False,0,False,1620
18,0.0,True,0.0,0.9034357600895979,0.9179149617093163,1579,0,1579.0,73,6,18,"(24, 45)",0,0.025477707006369428,89.94444444444444,48.22222222222222,trust_fused,73,ATTACK,123,"(15, 3)",False,1,False,1620
9,0.0,True,0.0,0.4571503122934673,0.5283690364396466,1579,0,1579.0,93,8,17,"(33, 30)",0,0.020928116469517744,92.76470588235294,53.05882352941177,trust_fused,93,ATTACK,140,"(25, 30)",False,2,False,1620
0,0.0,True,0.0,0.9,0.9,1579,0,1579.0,64,12,17,"(13, 15)",0,0.01910828025477707,89.29411764705883,48.294117647058826,trust_fused,64,ATTACK,114,"(14, 35)",False,0,False,1625
22,0.0,True,0.0,0.9034357600895979,0.9179149617093163,1584,0,1584.0,73,6,18,"(24, 45)",0,0.029117379435850774,89.94444444444444,48.22222222222222,trust_fused,73,ATTACK,124,"(16, 7)",False,1,False,1625
13,0.0,True,0.0,0.4571503122934673,0.5283690364396466,1584,0,1584.0,93,8,17,"(33, 30)",0,0.022747952684258416,92.76470588235294,53.05882352941177,trust_fused,93,ATTACK,141,"(30, 30)",False,2,False,1625
0,0.0,True,0.0,0.9,0.9,1584,0,1584.0,64,12,17,"(13, 15)",0,0.01910828025477707,89.29411764705883,48.294117647058826,trust_fused,64,ATTACK,114,"(14, 30)",False,0,False,1630
22,0.0,True,0.0,0.9056671685308857,0.9196559419510675,1589,0,1589.0,73,6,18,"(24, 45)",0,0.029117379435850774,89.94444444444444,48.22222222222222,trust_fused,73,ATTACK,124,"(16, 12)",False,1,False,1630
13,0.0,True,0.0,0.4571503122934673,0.5283690364396466,1588,0,1588.0,94,8,17,"(21, 24)",0,0.022747952684258416,92.76470588235294,53.05882352941177,trust_fused,94,ATTACK,142,"(32, 30)",False,2,False,1630
0,0.0,True,0.0,0.9,0.9,1589,0,1589.0,64,12,17,"(13, 15)",0,0.020018198362147407,89.29411764705883,48.294117647058826,trust_fused,64,ATTACK,114,"(14, 25)",False,0,False,1635
22,0.0,True,0.0,0.9056671685308857,0.9196559419510675,1594,0,1594.0,73,6,18,"(24, 45)",0,0.029117379435850774,89.94444444444444,48.22222222222222,trust_fused,73,ATTACK,124,"(16, 17)",False,1,False,1635
13,0.0,True,0.0,0.4571503122934673,0.5283690364396466,1593,0,1593.0,94,8,17,"(21, 24)",0,0.023657870791628753,92.76470588235294,53.05882352941177,trust_fused,94,ATTACK,142,"(29, 28)",False,2,False,1635
0,0.0,True,0.0,0.9,0.9,1594,0,1594.0,64,12,17,"(13, 15)",0,0.01725703905540418,89.29411764705883,48.294117647058826,trust_fused,64,ATTACK,114,"(14, 20)",False,0,False,1640
22,0.0,True,0.0,0.9093743359194143,0.9237675223435025,1599,0,1599.0,73,6,18,"(24, 45)",0,0.025431425976385105,89.94444444444444,48.22222222222222,trust_fused,73,ATTACK,124,"(16, 22)",False,1,False,1640
13,0.0,True,0.0,0.4571503122934673,0.5283690364396466,1598,0,1598.0,94,8,17,"(21, 24)",0,0.023614895549500452,92.76470588235294,53.05882352941177,trust_fused,94,ATTACK,142,"(24, 28)",False,2,False,1640
0,0.0,True,0.0,0.9,0.9,1599,0,1599.0,64,12,17,"(13, 15)",0,0.01725703905540418,89.29411764705883,48.294117647058826,trust_fused,64,ATTACK,114,"(14, 15)",False,0,False,1645
22,0.0,True,0.0,0.9132328385700418,0.9279139972998749,1604,0,1604.0,73,6,18,"(24, 45)",0,0.025431425976385105,89.94444444444444,48.22222222222222,trust_fused,73,ATTACK,124,"(19, 24)",False,1,False,1645
13,0.0,True,0.0,0.47542195803910725,0.5446035108359876,1603,0,1603.0,94,8,17,"(21, 24)",0,0.023614895549500452,92.76470588235294,53.05882352941177,trust_fused,94,ATTACK,142,"(21, 26)",False,2,False,1645
0,0.0,True,0.0,0.9,0.9,1603,0,1603.0,65,12,18,"(15, 2)",0,0.051771117166212535,91.5,48.333333333333336,trust_fused,65,ATTACK,116,"(13, 12)",False,0,False,1650
22,0.0,True,0.0,0.9139961639026738,0.9284993452226818,1608,0,1608.0,74,7,18,"(24, 45)",0,0.053587647593097185,89.94444444444444,48.22222222222222,trust_fused,74,ATTACK,125,"(21, 26)",False,1,False,1650
13,0.0,True,0.0,0.4863562318640629,0.555819226153408,1607,0,1607.0,96,9,17,"(21, 24)",0,0.04268846503178928,92.76470588235294,53.05882352941177,trust_fused,96,ATTACK,144,"(19, 24)",False,2,False,1650
0,0.0,True,0.0,0.9,0.9,1608,0,1608.0,65,12,18,"(15, 2)",0,0.051771117166212535,91.5,48.333333333333336,trust_fused,65,ATTACK,116,"(15, 9)",False,0,False,1655
22,0.0,True,0.0,0.9139961639026738,0.9284993452226818,1613,0,1613.0,74,7,18,"(24, 45)",0,0.053587647593097185,89.94444444444444,48.22222222222222,trust_fused,74,ATTACK,125,"(23, 29)",False,1,False,1655
13,0.0,True,0.0,0.4863562318640629,0.555819226153408,1611,0,1611.0,97,9,18,"(13, 15)",0,0.04178019981834696,91.83333333333333,51.44444444444444,trust_fused,97,ATTACK,145,"(19, 24)",False,2,False,1655
0,0.0,True,0.0,0.9,0.9,1613,0,1613.0,65,12,18,"(15, 2)",0,0.05,91.5,48.333333333333336,trust_fused,65,ATTACK,116,"(15, 4)",False,0,False,1660
28,0.0,True,0.0,0.7147800963992932,0.7147800963992932,1618,0,1618.0,74,7,18,"(24, 45)",0,0.053636363636363635,89.94444444444444,48.22222222222222,trust_fused,74,ATTACK,125,"(25, 32)",False,1,False,1660
20,0.0,True,0.0,0.4863562318640629,0.555819226153408,1616,0,1616.0,97,9,18,"(13, 15)",0,0.04,91.83333333333333,51.44444444444444,trust_fused,97,ATTACK,145,"(17, 21)",False,2,False,1660
0,0.0,True,0.0,0.9,0.9,1617,0,1617.0,66,12,18,"(2, 41)",0,0.05,91.5,48.333333333333336,trust_fused,66,ATTACK,117,"(14, 3)",False,0,False,1665
28,0.0,True,0.0,0.7147800963992932,0.7147800963992932,1623,0,1623.0,74,7,18,"(24, 45)",0,0.053636363636363635,89.94444444444444,48.22222222222222,trust_fused,74,ATTACK,125,"(25, 37)",False,1,False,1665
20,0.0,True,0.0,0.5044380460905554,0.5727515841405322,1621,0,1621.0,97,9,18,"(13, 15)",0,0.03909090909090909,91.83333333333333,51.44444444444444,trust_fused,97,ATTACK,145,"(14, 19)",False,2,False,1665
0,0.0,True,0.0,0.9,0.9,1622,0,1622.0,66,12,18,"(2, 41)",0,0.05,91.5,48.333333333333336,trust_fused,66,ATTACK,117,"(14, 8)",False,0,False,1670
28,0.0,True,0.0,0.7147800963992932,0.7147800963992932,1628,0,1628.0,74,7,18,"(24, 45)",0,0.05272727272727273,89.94444444444444,48.22222222222222,trust_fused,74,ATTACK,125,"(25, 42)",False,1,False,1670
20,0.0,True,0.0,0.5225291311806168,0.5917390723348248,1626,0,1626.0,97,9,18,"(13, 15)",0,0.038181818181818185,91.83333333333333,51.44444444444444,trust_fused,97,ATTACK,145,"(13, 15)",False,2,False,1670
0,0.0,True,0.0,0.9,0.9,1627,0,1627.0,66,12,18,"(2, 41)",0,0.047229791099000905,91.5,48.333333333333336,trust_fused,66,ATTACK,118,"(14, 13)",False,0,False,1675
28,0.0,True,0.0,0.7147800963992932,0.7147800963992932,1632,0,1632.0,75,7,18,"(33, 30)",0,0.049954586739327886,89.94444444444444,48.22222222222222,trust_fused,75,ATTACK,127,"(24, 45)",False,1,False,1675
20,0.0,True,0.0,0.5412070357924159,0.6147779732582451,1630,0,1630.0,98,9,18,"(15, 2)",0,0.035422343324250684,91.83333333333333,51.44444444444444,trust_fused,98,ATTACK,147,"(13, 11)",False,2,False,1675
0,0.0,True,0.0,0.9,0.9,1632,0,1632.0,66,12,18,"(2, 41)",0,0.04632152588555858,91.5,48.333333333333336,trust_fused,66,ATTACK,118,"(14, 18)",False,0,False,1680
28,0.0,True,0.0,0.7147800963992932,0.7147800963992932,1637,0,1637.0,75,7,18,"(33, 30)",0,0.04904632152588556,89.94444444444444,48.22222222222222,trust_fused,75,ATTACK,127,"(27, 43)",False,1,False,1680
20,0.0,True,0.0,0.5609650736650121,0.6363952111213078,1635,0,1635.0,98,9,18,"(15, 2)",0,0.03451407811080836,91.83333333333333,51.44444444444444,trust_fused,98,ATTACK,147,"(15, 8)",False,2,False,1680
0,0.0,True,0.0,0.9,0.9,1637,0,1637.0,66,12,18,"(2, 41)",0,0.04450499545867393,91.5,48.333333333333336,trust_fused,66,ATTACK,118,"(12, 21)",False,0,False,1685
26,0.0,True,0.0,0.7147800963992932,0.7147800963992932,1642,0,1642.0,75,7,18,"(33, 30)",0,0.05086285195277021,89.94444444444444,48.22222222222222,trust_fused,75,ATTACK,127,"(27, 38)",False,1,False,1685
18,0.0,True,0.0,0.5805346813699706,0.6556757765835751,1640,0,1640.0,98,9,18,"(15, 2)",0,0.03451407811080836,91.83333333333333,51.44444444444444,trust_fused,98,ATTACK,147,"(15, 3)",False,2,False,1685
0,0.0,True,0.0,0.9,0.9,1642,0,1642.0,66,12,18,"(2, 41)",0,0.043596730245231606,91.5,48.333333333333336,trust_fused,66,ATTACK,118,"(12, 26)",False,0,False,1690
25,0.0,True,0.0,0.7147800963992932,0.7147800963992932,1647,0,1647.0,75,7,18,"(33, 30)",0,0.049954586739327886,89.94444444444444,48.22222222222222,trust_fused,75,ATTACK,127,"(27, 33)",False,1,False,1690
17,0.0,True,0.0,0.5884864573713748,0.6639971584640003,1644,0,1644.0,99,9,19,"(33, 8)",0,0.03178928247048138,88.78947368421052,49.578947368421055,trust_fused,99,ATTACK,148,"(15, 5)",False,2,False,1690
0,0.0,True,0.0,0.9,0.9,1647,0,1647.0,66,12,18,"(2, 41)",0,0.04268846503178928,91.5,48.333333333333336,trust_fused,66,ATTACK,118,"(12, 31)",False,0,False,1695
30,0.0,True,0.0,0.566386764183275,0.566386764183275,1652,0,1652.0,75,7,18,"(33, 30)",0,0.051771117166212535,89.94444444444444,48.22222222222222,trust_fused,75,ATTACK,127,"(29, 30)",False,1,False,1695
23,0.0,True,0.0,0.5884864573713748,0.6639971584640003,1649,0,1649.0,99,9,19,"(33, 8)",0,0.035422343324250684,88.78947368421052,49.578947368421055,trust_fused,99,ATTACK,148,"(17, 8)",False,2,False,1695
0,0.0,True,0.0,0.9,0.9,1652,0,1652.0,67,12,18,"(2, 41)",0,0.03432282003710575,91.5,48.333333333333336,trust_fused,67,ATTACK,119,"(9, 33)",False,0,False,1700
30,0.0,True,0.0,0.566386764183275,0.566386764183275,1656,0,1656.0,76,7,19,"(2, 41)",0,0.045454545454545456,89.47368421052632,47.0,trust_fused,76,ATTACK,129,"(33, 30)",False,1,False,1700
23,0.0,True,0.0,0.5884864573713748,0.6639971584640003,1654,0,1654.0,99,9,19,"(33, 8)",0,0.02682701202590194,88.78947368421052,49.578947368421055,trust_fused,99,ATTACK,149,"(21, 9)",False,2,False,1700
0,0.0,True,0.0,0.9,0.9,1657,0,1657.0,67,12,18,"(2, 41)",0,0.027829313543599257,91.5,48.333333333333336,trust_fused,67,ATTACK,119,"(7, 36)",False,0,False,1705
30,0.0,True,0.0,0.566386764183275,0.566386764183275,1661,0,1661.0,76,7,19,"(2, 41)",0,0.041743970315398886,89.47368421052632,47.0,trust_fused,76,ATTACK,129,"(29, 31)",False,1,False,1705
23,0.0,True,0.0,0.5884864573713748,0.6639971584640003,1659,0,1659.0,99,9,19,"(33, 8)",0,0.02312673450508788,88.78947368421052,49.578947368421055,trust_fused,99,ATTACK,149,"(26, 9)",False,2,False,1705
0,0.0,True,0.0,0.9,0.9,1662,0,1662.0,67,12,18,"(2, 41)",0,0.024096385542168676,91.5,48.333333333333336,trust_fused,67,ATTACK,119,"(7, 41)",False,0,False,1710
30,0.0,True,0.0,0.566386764183275,0.566386764183275,1666,0,1666.0,76,7,19,"(2, 41)",0,0.03707136237256719,89.47368421052632,47.0,trust_fused,76,ATTACK,129,"(29, 36)",False,1,False,1710
23,0.0,True,0.0,0.5884864573713748,0.6639971584640003,1664,0,1664.0,99,9,19,"(33, 8)",0,0.021256931608133085,88.78947368421052,49.578947368421055,trust_fused,99,ATTACK,149,"(31, 9)",False,2,False,1710
0,0.0,True,0.0,0.9,0.9,1667,0,1667.0,67,12,18,"(2, 41)",0,0.021296296296296296,91.5,48.333333333333336,trust_fused,67,ATTACK,119,"(2, 41)",False,0,False,1715
30,0.0,True,0.0,0.566386764183275,0.566386764183275,1671,0,1671.0,76,7,19,"(2, 41)",0,0.03611111111111111,89.47368421052632,47.0,trust_fused,76,ATTACK,129,"(26, 38)",False,1,False,1715
23,0.0,True,0.0,0.5884864573713748,0.6639971584640003,1668,0,1668.0,100,9,19,"(24, 45)",0,0.02123730378578024,88.78947368421052,49.578947368421055,trust_fused,100,ATTACK,150,"(32, 8)",False,2,False,1715
0,0.0,True,0.0,0.9,0.9,1671,0,1671.0,68,12,19,"(33, 30)",0,0.020134228187919462,90.3157894736842,48.578947368421055,trust_fused,68,ATTACK,120,"(6, 41)",False,0,False,1720
30,0.0,True,0.0,0.566386764183275,0.566386764183275,1676,0,1676.0,76,7,19,"(2, 41)",0,0.03612167300380228,89.47368421052632,47.0,trust_fused,76,ATTACK,129,"(23, 40)",False,1,False,1720
23,0.0,True,0.0,0.5884864573713748,0.6639971584640003,1673,0,1673.0,100,9,19,"(24, 45)",0,0.021863117870722433,88.78947368421052,49.578947368421055,trust_fused,100,ATTACK,150,"(29, 10)",False,2,False,1720
0,0.0,True,0.0,0.9,0.9,1676,0,1676.0,68,12,19,"(33, 30)",0,0.016098484848484848,90.3157894736842,48.578947368421055,trust_fused,68,ATTACK,121,"(8, 38)",False,0,False,1725
30,0.0,True,0.0,0.566386764183275,0.566386764183275,1681,0,1681.0,76,7,19,"(2, 41)",0,0.030985915492957747,89.47368421052632,47.0,trust_fused,76,ATTACK,130,"(19, 41)",False,1,False,1725
23,0.0,True,0.0,0.5884864573713748,0.6639971584640003,1678,0,1678.0,101,9,19,"(24, 45)",0,0.01596244131455399,88.78947368421052,49.578947368421055,trust_fused,101,ATTACK,151,"(26, 12)",False,2,False,1725
0,0.0,True,0.0,0.9,0.9,1681,0,1681.0,68,12,19,"(33, 30)",0,0.01107011070110701,90.3157894736842,48.578947368421055,trust_fused,68,ATTACK,121,"(11, 36)",False,0,False,1730
34,0.0,True,0.0,0.5673466755085439,0.5764758351116681,1686,0,1686.0,76,7,19,"(2, 41)",0,0.026605504587155965,89.47368421052632,47.0,trust_fused,76,ATTACK,130,"(14, 41)",False,1,False,1730
24,0.0,True,0.0,0.5884864573713748,0.6639971584640003,1683,0,1683.0,101,9,19,"(24, 45)",0,0.011926605504587157,88.78947368421052,49.578947368421055,trust_fused,101,ATTACK,151,"(26, 17)",False,2,False,1730
0,0.0,True,0.0,0.9,0.9,1686,0,1686.0,68,12,19,"(33, 30)",0,0.010009099181073703,90.3157894736842,48.578947368421055,trust_fused,68,ATTACK,121,"(12, 32)",False,0,False,1735
34,0.0,True,0.0,0.5725165845401942,0.598489249594139,1691,0,1691.0,76,7,19,"(2, 41)",0,0.016363636363636365,89.47368421052632,47.0,trust_fused,76,ATTACK,130,"(9, 41)",False,1,False,1735
19,0.0,True,0.0,0.5306292232022868,0.5306292232022868,1688,0,1688.0,101,9,19,"(24, 45)",0,0.01,88.78947368421052,49.578947368421055,trust_fused,101,ATTACK,151,"(26, 22)",False,2,False,1735
0,0.0,True,0.0,0.9,0.9,1691,0,1691.0,68,12,19,"(33, 30)",0,0.00819672131147541,90.3157894736842,48.578947368421055,trust_fused,68,ATTACK,121,"(15, 30)",False,0,False,1740
34,0.0,True,0.0,0.5809653016505634,0.6170233502414881,1696,0,1696.0,76,7,19,"(2, 41)",0,0.014558689717925387,89.47368421052632,47.0,trust_fused,76,ATTACK,130,"(4, 41)",False,1,False,1740
16,0.0,False,0.0,0.21496315307078162,0.21496315307078162,1693,0,1693.0,102,9,19,"(24, 45)",0,0.008181818181818182,88.78947368421052,49.578947368421055,trust_fused,102,ATTACK,152,"(26, 27)",False,2,False,1740
0,0.0,True,0.0,0.9,0.9,1696,0,1696.0,68,12,19,"(33, 30)",0,0.00819672131147541,90.3157894736842,48.578947368421055,trust_fused,68,ATTACK,121,"(20, 30)",False,0,False,1745
34,0.0,True,0.0,0.5870631841032035,0.6287358247789494,1700,0,1700.0,77,7,19,"(2, 22)",0,0.014558689717925387,89.47368421052632,47.0,trust_fused,77,ATTACK,131,"(3, 40)",False,1,False,1745
15,0.0,False,0.0,0.16716631508408547,0.1806508525808412,1698,0,1698.0,102,9,19,"(24, 45)",0,0.008181818181818182,88.78947368421052,49.578947368421055,trust_fused,102,ATTACK,152,"(25, 31)",False,2,False,1745
0,0.0,True,0.0,0.9,0.9,1701,0,1701.0,68,12,19,"(33, 30)",0,0.00819672131147541,90.3157894736842,48.578947368421055,trust_fused,68,ATTACK,122,"(25, 30)",False,0,False,1750
34,0.0,True,0.0,0.5986675369812053,0.6444186970523568,1705,0,1705.0,77,7,19,"(2, 22)",0,0.015468607825295723,89.47368421052632,47.0,trust_fused,77,ATTACK,132,"(3, 35)",False,1,False,1750
15,0.0,False,0.0,0.17684048938057623,0.22796496265725566,1703,0,1703.0,102,9,19,"(24, 45)",0,0.008181818181818182,88.78947368421052,49.578947368421055,trust_fused,102,ATTACK,153,"(25, 36)",False,2,False,1750
0,0.0,True,0.0,0.9,0.9,1706,0,1706.0,68,12,19,"(33, 30)",0,0.00819672131147541,90.3157894736842,48.578947368421055,trust_fused,68,ATTACK,122,"(30, 30)",False,0,False,1755
34,0.0,True,0.0,0.6085189488873255,0.655427112470555,1710,0,1710.0,77,7,19,"(2, 22)",0,0.015468607825295723,89.47368421052632,47.0,trust_fused,77,ATTACK,132,"(3, 30)",False,1,False,1755
15,0.0,False,0.0,0.193778056385835,0.2638194426216345,1708,0,1708.0,102,9,19,"(24, 45)",0,0.008181818181818182,88.78947368421052,49.578947368421055,trust_fused,102,ATTACK,153,"(25, 41)",False,2,False,1755
0,0.0,True,0.0,0.9,0.9,1710,0,1710.0,69,12,19,"(24, 45)",0,0.006398537477148081,90.3157894736842,48.578947368421055,trust_fused,69,ATTACK,123,"(32, 30)",False,0,False,1760
26,0.0,True,0.0,0.5379383972943286,0.5379383972943286,1715,0,1715.0,77,7,19,"(2, 22)",0,0.010968921389396709,89.47368421052632,47.0,trust_fused,77,ATTACK,132,"(3, 25)",False,1,False,1760
15,0.0,False,0.0,0.193778056385835,0.2638194426216345,1713,0,1713.0,102,9,19,"(24, 45)",0,0.008234217749313814,88.78947368421052,49.578947368421055,trust_fused,102,ATTACK,153,"(24, 45)",False,2,False,1760
0,0.0,True,0.0,0.9,0.9,1715,0,1715.0,69,12,19,"(24, 45)",0,0.002742230347349177,90.3157894736842,48.578947368421055,trust_fused,69,ATTACK,123,"(29, 32)",False,0,False,1765
19,0.0,False,0.0,0.3412752899405861,0.3450155922003406,1719,0,1719.0,79,7,20,"(12, 50)",0,0.004570383912248629,88.25,45.75,trust_fused,79,ATTACK,134,"(2, 22)",False,1,False,1765
15,0.0,False,0.0,0.193778056385835,0.2638194426216345,1717,0,1717.0,103,9,20,"(2, 41)",0,0.0036596523330283625,88.05,49.45,trust_fused,103,ATTACK,154,"(25, 42)",False,2,False,1765
0,0.0,True,0.0,0.9,0.9,1720,0,1720.0,69,12,19,"(24, 45)",0,0.002742230347349177,90.3157894736842,48.578947368421055,trust_fused,69,ATTACK,123,"(25, 33)",False,0,False,1770
27,0.0,False,0.0,0.3412752899405861,0.3450155922003406,1724,0,1724.0,79,7,20,"(12, 50)",0,0.0045662100456621,88.25,45.75,trust_fused,79,ATTACK,134,"(4, 25)",False,1,False,1770
23,0.0,False,0.0,0.20566797671542927,0.28378899968412746,1722,0,1722.0,103,9,20,"(2, 41)",0,0.003656307129798903,88.05,49.45,trust_fused,103,ATTACK,154,"(22, 40)",False,2,False,1770
0,0.0,True,0.0,0.9,0.9,1725,0,1725.0,69,12,19,"(24, 45)",0,0.002742230347349177,90.3157894736842,48.578947368421055,trust_fused,69,ATTACK,124,"(25, 38)",False,0,False,1775
27,0.0,False,0.0,0.34500103206114247,0.3655027169096847,1729,0,1729.0,79,7,20,"(12, 50)",0,0.0045662100456621,88.25,45.75,trust_fused,79,ATTACK,135,"(5, 29)",False,1,False,1775
23,0.0,False,0.0,0.2280634380464575,0.3174294275630227,1727,0,1727.0,103,9,20,"(2, 41)",0,0.007312614259597806,88.05,49.45,trust_fused,103,ATTACK,155,"(18, 41)",False,2,False,1775
0,0.0,True,0.0,0.9,0.9,1730,0,1730.0,69,12,19,"(24, 45)",0,0.0027752081406105457,90.3157894736842,48.578947368421055,trust_fused,69,ATTACK,124,"(25, 43)",False,0,False,1780
27,0.0,False,0.0,0.34952783120057934,0.381576386292143,1734,0,1734.0,79,7,20,"(12, 50)",0,0.0045871559633027525,88.25,45.75,trust_fused,79,ATTACK,135,"(5, 34)",False,1,False,1780
22,0.0,False,0.0,0.25252365399791493,0.34665202250215893,1732,0,1732.0,103,9,20,"(2, 41)",0,0.007386888273314866,88.05,49.45,trust_fused,103,ATTACK,155,"(13, 41)",False,2,False,1780
0,0.0,True,0.0,0.9,0.9,1734,0,1734.0,70,12,20,"(12, 50)",0,0.0027752081406105457,89.2,47.4,trust_fused,70,ATTACK,125,"(24, 46)",False,0,False,1785
27,0.0,False,0.0,0.35582028111847175,0.39916787555691413,1739,0,1739.0,79,7,20,"(12, 50)",0,0.0045871559633027525,88.25,45.75,trust_fused,79,ATTACK,135,"(7, 37)",False,1,False,1785
22,0.0,False,0.0,0.277631238033263,0.37340638012529603,1737,0,1737.0,103,9,20,"(2, 41)",0,0.010156971375807941,88.05,49.45,trust_fused,103,ATTACK,155,"(8, 41)",False,2,False,1785
0,0.0,True,0.0,0.9,0.9,1739,0,1739.0,70,12,20,"(12, 50)",0,0.0027752081406105457,89.2,47.4,trust_fused,70,ATTACK,125,"(22, 49)",False,0,False,1790
27,0.0,False,0.0,0.35582028111847175,0.39916787555691413,1744,0,1744.0,79,7,20,"(12, 50)",0,0.0045871559633027525,88.25,45.75,trust_fused,79,ATTACK,135,"(9, 40)",False,1,False,1790
22,0.0,False,0.0,0.30254507473758546,0.39608605404335445,1742,0,1742.0,103,9,20,"(2, 41)",0,0.010156971375807941,88.05,49.45,trust_fused,103,ATTACK,155,"(3, 41)",False,2,False,1790
0,0.0,True,0.0,0.9,0.9,1744,0,1744.0,70,12,20,"(12, 50)",0,0.0027675276752767526,89.2,47.4,trust_fused,70,ATTACK,125,"(17, 49)",False,0,False,1795
27,0.0,False,0.0,0.35823541989280183,0.40412305660507397,1749,0,1749.0,79,7,20,"(12, 50)",0,0.0045871559633027525,88.25,45.75,trust_fused,79,ATTACK,135,"(12, 42)",False,1,False,1795
22,0.0,False,0.0,0.31241637371907394,0.40791219344563956,1746,0,1746.0,104,9,20,"(21, 24)",0,0.011970534069981584,88.05,49.45,trust_fused,104,ATTACK,156,"(5, 41)",False,2,False,1795
0,0.0,True,0.0,0.9,0.9,1749,0,1749.0,70,12,20,"(12, 50)",0,0.055970149253731345,89.2,47.4,trust_fused,70,ATTACK,126,"(12, 49)",False,0,False,1800
27,0.0,False,0.0,0.37243166302997627,0.4334819781371693,1754,0,1754.0,79,7,20,"(12, 50)",0,0.0521415270018622,88.25,45.75,trust_fused,79,ATTACK,136,"(12, 47)",False,1,False,1800
22,0.0,False,0.0,0.31241637371907394,0.40791219344563956,1751,0,1751.0,105,9,20,"(21, 24)",0,0.04562383612662942,88.05,49.45,trust_fused,105,ATTACK,157,"(10, 41)",False,2,False,1800
0,0.0,True,0.0,0.9,0.9,1753,0,1753.0,71,12,20,"(33, 50)",0,0.05317164179104478,89.2,47.4,trust_fused,71,ATTACK,127,"(15, 50)",False,0,False,1805
31,0.0,False,0.0,0.3911884576813674,0.4685358205741053,1758,0,1758.0,80,7,20,"(33, 8)",0,0.0521415270018622,88.25,45.75,trust_fused,80,ATTACK,137,"(12, 49)",False,1,False,1805
26,0.0,False,0.0,0.32747381407805287,0.4226236154140309,1756,0,1756.0,105,9,20,"(21, 24)",0,0.03910614525139665,88.05,49.45,trust_fused,105,ATTACK,157,"(15, 41)",False,2,False,1805
0,0.0,True,0.0,0.9,0.9,1758,0,1758.0,71,12,20,"(33, 50)",0,0.051305970149253734,89.2,47.4,trust_fused,71,ATTACK,127,"(19, 49)",False,0,False,1810
31,0.0,True,0.0,0.4133907748169555,0.5005461784845283,1763,0,1763.0,80,7,20,"(33, 8)",0,0.0521415270018622,88.25,45.75,trust_fused,80,ATTACK,137,"(14, 46)",False,1,False,1810
26,0.0,False,0.0,0.34731495703695997,0.44119452390255803,1761,0,1761.0,105,9,20,"(21, 24)",0,0.03910614525139665,88.05,49.45,trust_fused,105,ATTACK,157,"(19, 40)",False,2,False,1810
0,0.0,True,0.0,0.9,0.9,1763,0,1763.0,71,12,20,"(33, 50)",0,0.04664179104477612,89.2,47.4,trust_fused,71,ATTACK,127,"(23, 50)",False,0,False,1815
31,0.0,True,0.0,0.43698037268035805,0.5269252775124899,1768,0,1768.0,80,7,20,"(33, 8)",0,0.0446927374301676,88.25,45.75,trust_fused,80,ATTACK,137,"(15, 42)",False,1,False,1815
26,0.0,False,0.0,0.35227911984991056,0.4465982132959718,1766,0,1766.0,105,9,20,"(21, 24)",0,0.037243947858473,88.05,49.45,trust_fused,105,ATTACK,157,"(20, 36)",False,2,False,1815
0,0.0,True,0.0,0.9,0.9,1768,0,1768.0,71,12,20,"(33, 50)",0,0.040892193308550186,89.2,47.4,trust_fused,71,ATTACK,127,"(28, 50)",False,0,False,1820
31,0.0,True,0.0,0.44165311773836674,0.5304352738405319,1773,0,1773.0,80,7,20,"(33, 8)",0,0.0362453531598513,88.25,45.75,trust_fused,80,ATTACK,137,"(19, 41)",False,1,False,1820
26,0.0,False,0.0,0.35227911984991056,0.4465982132959718,1771,0,1771.0,106,9,20,"(21, 24)",0,0.03066914498141264,88.05,49.45,trust_fused,106,ATTACK,158,"(20, 31)",False,2,False,1820
0,0.0,True,0.0,0.9,0.9,1773,0,1773.0,71,12,20,"(33, 50)",0,0.03391384051329056,89.2,47.4,trust_fused,71,ATTACK,128,"(33, 50)",False,0,False,1825
31,0.0,True,0.0,0.44165311773836674,0.5304352738405319,1778,0,1778.0,81,7,20,"(33, 8)",0,0.03024747937671861,88.25,45.75,trust_fused,81,ATTACK,138,"(21, 38)",False,1,False,1825
26,0.0,False,0.0,0.35227911984991056,0.4465982132959718,1776,0,1776.0,106,9,20,"(21, 24)",0,0.025664527956003668,88.05,49.45,trust_fused,106,ATTACK,159,"(21, 27)",False,2,False,1825
0,0.0,True,0.0,0.9,0.9,1777,0,1777.0,72,12,21,"(33, 8)",0,0.030109489051094892,86.95238095238095,46.285714285714285,trust_fused,72,ATTACK,129,"(33, 46)",False,0,False,1830
31,0.0,True,0.0,0.44165311773836674,0.5304352738405319,1783,0,1783.0,81,7,20,"(33, 8)",0,0.028284671532846715,88.25,45.75,trust_fused,81,ATTACK,138,"(23, 35)",False,1,False,1830
26,0.0,False,0.0,0.35227911984991056,0.4465982132959718,1780,0,1780.0,108,9,21,"(24, 45)",0,0.024635036496350366,87.0952380952381,48.857142857142854,trust_fused,108,ATTACK,161,"(21, 25)",False,2,False,1830
0,0.0,True,0.0,0.9,0.9,1782,0,1782.0,72,12,21,"(33, 8)",0,0.027347310847766638,86.95238095238095,46.285714285714285,trust_fused,72,ATTACK,129,"(29, 45)",False,0,False,1835
31,0.0,True,0.0,0.44165311773836674,0.5304352738405319,1788,0,1788.0,81,7,20,"(33, 8)",0,0.027347310847766638,88.25,45.75,trust_fused,81,ATTACK,138,"(27, 34)",False,1,False,1835
26,0.0,False,0.0,0.35227911984991056,0.4465982132959718,1785,0,1785.0,108,9,21,"(24, 45)",0,0.024612579762989972,87.0952380952381,48.857142857142854,trust_fused,108,ATTACK,161,"(20, 29)",False,2,False,1835
0,0.0,True,0.0,0.9,0.9,1787,0,1787.0,72,12,21,"(33, 8)",0,0.0273972602739726,86.95238095238095,46.285714285714285,trust_fused,72,ATTACK,129,"(29, 40)",False,0,False,1840
31,0.0,True,0.0,0.44165311773836674,0.5304352738405319,1793,0,1793.0,81,7,20,"(33, 8)",0,0.028258887876025523,88.25,45.75,trust_fused,81,ATTACK,138,"(28, 30)",False,1,False,1840
26,0.0,False,0.0,0.35227911984991056,0.4465982132959718,1790,0,1790.0,108,9,21,"(24, 45)",0,0.024612579762989972,87.0952380952381,48.857142857142854,trust_fused,108,ATTACK,161,"(21, 33)",False,2,False,1840
0,0.0,True,0.0,0.9,0.9,1792,0,1792.0,72,12,21,"(33, 8)",0,0.020018198362147407,86.95238095238095,46.285714285714285,trust_fused,72,ATTACK,129,"(29, 35)",False,0,False,1845
27,0.0,True,0.0,0.44165311773836674,0.5304352738405319,1798,0,1798.0,81,7,20,"(33, 8)",0,0.022727272727272728,88.25,45.75,trust_fused,81,ATTACK,138,"(29, 26)",False,1,False,1845
26,0.0,False,0.0,0.3622032306569117,0.4566407600593132,1795,0,1795.0,108,9,21,"(24, 45)",0,0.022727272727272728,87.0952380952381,48.857142857142854,trust_fused,108,ATTACK,161,"(22, 37)",False,2,False,1845
0,0.0,True,0.0,0.9,0.9,1797,0,1797.0,72,12,21,"(33, 8)",0,0.019837691614066726,86.95238095238095,46.285714285714285,trust_fused,72,ATTACK,130,"(29, 30)",False,0,False,1850
16,0.0,True,0.0,0.45548654560264784,0.5425090644541272,1803,0,1803.0,81,7,20,"(33, 8)",0,0.02252252252252252,88.25,45.75,trust_fused,81,ATTACK,139,"(29, 21)",False,1,False,1850
26,0.0,False,0.0,0.3869839946329487,0.4805122403673547,1800,0,1800.0,108,9,21,"(24, 45)",0,0.02252252252252252,87.0952380952381,48.857142857142854,trust_fused,108,ATTACK,162,"(24, 40)",False,2,False,1850
0,0.0,True,0.0,0.9,0.9,1802,0,1802.0,72,12,21,"(33, 8)",0,0.015232974910394265,86.95238095238095,46.285714285714285,trust_fused,72,ATTACK,130,"(29, 25)",False,0,False,1855
10,0.0,True,0.0,0.4779158927089911,0.5619461101720798,1808,0,1808.0,81,7,20,"(33, 8)",0,0.017921146953405017,88.25,45.75,trust_fused,81,ATTACK,139,"(29, 16)",False,1,False,1855
22,0.0,True,0.0,0.4114339108737893,0.5034697451748632,1805,0,1805.0,109,9,21,"(24, 45)",0,0.02060931899641577,87.0952380952381,48.857142857142854,trust_fused,109,ATTACK,163,"(25, 44)",False,2,False,1855
0,0.0,True,0.0,0.9,0.9,1807,0,1807.0,72,12,21,"(33, 8)",0,0.011659192825112108,86.95238095238095,46.285714285714285,trust_fused,72,ATTACK,130,"(29, 20)",False,0,False,1860
10,0.0,True,0.0,0.4995517763254009,0.5805573499190552,1813,0,1813.0,81,7,20,"(33, 8)",0,0.016129032258064516,88.25,45.75,trust_fused,81,ATTACK,139,"(29, 11)",False,1,False,1860
16,0.0,True,0.0,0.41622346602244403,0.5072250138468842,1805,5,1805.0,110,9,21,"(24, 45)",0,0.01971326164874552,87.0952380952381,48.857142857142854,trust_fused,110,ATTACK,168,"(25, 44)",False,2,False,1860
0,0.0,True,0.0,0.9,0.9,1812,0,1812.0,72,12,21,"(33, 8)",0,0.008968609865470852,86.95238095238095,46.285714285714285,trust_fused,72,ATTACK,130,"(29, 15)",False,0,False,1865
4,0.0,True,0.0,0.5054841717658686,0.518992080738002,1818,0,1818.0,81,7,20,"(33, 8)",0,0.013440860215053764,88.25,45.75,trust_fused,81,ATTACK,139,"(31, 8)",False,1,False,1865
13,0.0,True,0.0,0.41622346602244403,0.5072250138468842,1805,10,1805.0,110,9,21,"(24, 45)",0,0.017025089605734768,87.0952380952381,48.857142857142854,trust_fused,110,ATTACK,173,"(25, 44)",False,2,False,1865
0,0.0,True,0.0,0.9,0.9,1817,0,1817.0,72,12,21,"(33, 8)",0,0.008968609865470852,86.95238095238095,46.285714285714285,trust_fused,72,ATTACK,130,"(29, 10)",False,0,False,1870
2,0.0,True,0.0,0.5118589387912159,0.5433641124790294,1822,0,1822.0,82,7,21,"(2, 50)",0,0.013440860215053764,88.95238095238095,46.61904761904762,trust_fused,82,ATTACK,140,"(31, 8)",False,1,False,1870
11,0.0,True,0.0,0.41622346602244403,0.5072250138468842,1805,15,1805.0,110,9,21,"(24, 45)",0,0.017025089605734768,87.0952380952381,48.857142857142854,trust_fused,110,ATTACK,178,"(25, 44)",False,2,False,1870
0,0.0,True,0.0,0.9,0.9,1821,0,1821.0,72,13,21,"(33, 8)",0,0.008071748878923767,86.95238095238095,46.285714285714285,trust_fused,72,ATTACK,131,"(31, 8)",False,0,False,1875
2,0.0,True,0.0,0.5228595938495278,0.569346396653943,1826,0,1826.0,84,8,21,"(2, 50)",0,0.013440860215053764,88.95238095238095,46.61904761904762,trust_fused,84,ATTACK,142,"(29, 10)",False,1,False,1875
8,0.0,True,0.0,0.41622346602244403,0.5072250138468842,1805,20,1805.0,110,9,21,"(24, 45)",0,0.017025089605734768,87.0952380952381,48.857142857142854,trust_fused,110,ATTACK,183,"(25, 44)",False,2,False,1875
0,0.0,True,0.0,0.9,0.9,1825,0,1825.0,73,13,21,"(2, 41)",0,0.007174887892376682,86.95238095238095,46.285714285714285,trust_fused,73,ATTACK,132,"(31, 8)",False,0,False,1880
1,0.0,True,0.0,0.5356624547961423,0.5861654187840964,1831,0,1831.0,84,8,21,"(2, 50)",0,0.012544802867383513,88.95238095238095,46.61904761904762,trust_fused,84,ATTACK,142,"(28, 14)",False,1,False,1880
8,0.0,True,0.0,0.41622346602244403,0.5072250138468842,1805,25,1805.0,110,9,21,"(24, 45)",0,0.016129032258064516,87.0952380952381,48.857142857142854,trust_fused,110,ATTACK,188,"(25, 44)",False,2,False,1880
0,0.0,True,0.0,0.9,0.9,1830,0,1830.0,73,13,21,"(2, 41)",0,0.007174887892376682,86.95238095238095,46.285714285714285,trust_fused,73,ATTACK,132,"(29, 11)",False,0,False,1885
6,0.0,True,0.0,0.5494886963090788,0.6033690163417064,1836,0,1836.0,84,8,21,"(2, 50)",0,0.017025089605734768,88.95238095238095,46.61904761904762,trust_fused,84,ATTACK,142,"(28, 19)",False,1,False,1885
11,0.0,True,0.0,0.41622346602244403,0.5072250138468842,1805,30,1805.0,110,9,21,"(24, 45)",0,0.017921146953405017,87.0952380952381,48.857142857142854,trust_fused,110,ATTACK,193,"(25, 44)",False,2,False,1885
0,0.0,True,0.0,0.9,0.9,1835,0,1835.0,73,13,21,"(2, 41)",0,0.010762331838565023,86.95238095238095,46.285714285714285,trust_fused,73,ATTACK,132,"(28, 15)",False,0,False,1890
6,0.0,True,0.0,0.5638035744780525,0.6182824096888412,1841,0,1841.0,84,8,21,"(2, 50)",0,0.017025089605734768,88.95238095238095,46.61904761904762,trust_fused,84,ATTACK,142,"(28, 24)",False,1,False,1890
11,0.0,True,0.0,0.41622346602244403,0.5072250138468842,1805,35,1805.0,110,9,21,"(24, 45)",0,0.017921146953405017,87.0952380952381,48.857142857142854,trust_fused,110,ATTACK,198,"(25, 44)",False,2,False,1890
0,0.0,True,0.0,0.9,0.9,1840,0,1840.0,73,13,21,"(2, 41)",0,0.010762331838565023,86.95238095238095,46.285714285714285,trust_fused,73,ATTACK,132,"(28, 20)",False,0,False,1895
6,0.0,True,0.0,0.5781246757527098,0.632710732985721,1846,0,1846.0,84,8,21,"(2, 50)",0,0.017025089605734768,88.95238095238095,46.61904761904762,trust_fused,84,ATTACK,142,"(28, 29)",False,1,False,1895
11,0.0,True,0.0,0.41622346602244403,0.5072250138468842,1805,40,1805.0,110,9,21,"(24, 45)",0,0.01971326164874552,87.0952380952381,48.857142857142854,trust_fused,110,ATTACK,203,"(25, 44)",False,2,False,1895
0,0.0,True,0.0,0.9,0.9,1845,0,1845.0,74,13,21,"(2, 41)",0,0.010762331838565023,86.95238095238095,46.285714285714285,trust_fused,74,ATTACK,133,"(27, 24)",False,0,False,1900
6,0.0,True,0.0,0.5924901495814106,0.6468643050735149,1851,0,1851.0,85,8,21,"(2, 50)",0,0.017040358744394617,88.95238095238095,46.61904761904762,trust_fused,85,ATTACK,143,"(26, 32)",False,1,False,1900
11,0.0,True,0.0,0.41622346602244403,0.5072250138468842,1805,45,1805.0,110,9,21,"(24, 45)",0,0.019730941704035873,87.0952380952381,48.857142857142854,trust_fused,110,ATTACK,208,"(25, 44)",False,2,False,1900
0,0.0,True,0.0,0.9,0.9,1850,0,1850.0,74,13,21,"(2, 41)",0,0.010762331838565023,86.95238095238095,46.285714285714285,trust_fused,74,ATTACK,133,"(26, 28)",False,0,False,1905
6,0.0,True,0.0,0.6038435992925928,0.6571360080794032,1856,0,1856.0,85,8,21,"(2, 50)",0,0.017040358744394617,88.95238095238095,46.61904761904762,trust_fused,85,ATTACK,143,"(23, 34)",False,1,False,1905
11,0.0,True,0.0,0.41622346602244403,0.5072250138468842,1805,50,1805.0,110,9,21,"(24, 45)",0,0.019730941704035873,87.0952380952381,48.857142857142854,trust_fused,110,ATTACK,213,"(25, 44)",False,2,False,1905
0,0.0,True,0.0,0.9,0.9,1855,0,1855.0,74,13,21,"(2, 41)",0,0.011659192825112108,86.95238095238095,46.285714285714285,trust_fused,74,ATTACK,133,"(26, 33)",False,0,False,1910
6,0.0,True,0.0,0.6181825535955794,0.6741768523526342,1861,0,1861.0,85,8,21,"(2, 50)",0,0.017040358744394617,88.95238095238095,46.61904761904762,trust_fused,85,ATTACK,143,"(20, 36)",False,1,False,1910
11,0.0,True,0.0,0.41622346602244403,0.5072250138468842,1805,55,1805.0,110,9,21,"(24, 45)",0,0.019730941704035873,87.0952380952381,48.857142857142854,trust_fused,110,ATTACK,218,"(25, 44)",False,2,False,1910
0,0.0,True,0.0,0.9,0.9,1860,0,1860.0,74,13,21,"(2, 41)",0,0.011659192825112108,86.95238095238095,46.285714285714285,trust_fused,74,ATTACK,133,"(23, 35)",False,0,False,1915
6,0.0,True,0.0,0.6331941954583177,0.6904193942091025,1866,0,1866.0,85,8,21,"(2, 50)",0,0.017040358744394617,88.95238095238095,46.61904761904762,trust_fused,85,ATTACK,143,"(16, 37)",False,1,False,1915
11,0.0,True,0.0,0.42098655619099096,0.5114852693933828,1805,60,1805.0,110,9,21,"(24, 45)",0,0.019730941704035873,87.0952380952381,48.857142857142854,trust_fused,110,ATTACK,223,"(25, 44)",False,2,False,1915
0,0.0,True,0.0,0.9,0.9,1865,0,1865.0,74,13,21,"(2, 41)",0,0.012797074954296161,86.95238095238095,46.285714285714285,trust_fused,74,ATTACK,133,"(18, 35)",False,0,False,1920
6,0.0,True,0.0,0.6483407843964938,0.7061574446723503,1871,0,1871.0,85,8,21,"(2, 50)",0,0.017351598173515982,88.95238095238095,46.61904761904762,trust_fused,85,ATTACK,143,"(14, 40)",False,1,False,1920
11,0.0,True,0.0,0.42569271955459126,0.5151098234629968,1805,65,1805.0,110,9,21,"(24, 45)",0,0.021004566210045664,87.0952380952381,48.857142857142854,trust_fused,110,ATTACK,228,"(25, 44)",False,2,False,1920
0,0.0,True,0.0,0.9,0.9,1870,0,1870.0,75,13,21,"(2, 41)",0,0.010968921389396709,86.95238095238095,46.285714285714285,trust_fused,75,ATTACK,134,"(13, 35)",False,0,False,1925
6,0.0,True,0.0,0.6635552111083539,0.7213935667790925,1876,0,1876.0,86,8,21,"(2, 50)",0,0.015525114155251141,88.95238095238095,46.61904761904762,trust_fused,86,ATTACK,144,"(10, 41)",False,1,False,1925
11,0.0,True,0.0,0.42569271955459126,0.5151098234629968,1805,70,1805.0,110,9,21,"(24, 45)",0,0.019178082191780823,87.0952380952381,48.857142857142854,trust_fused,110,ATTACK,233,"(25, 44)",False,2,False,1925
0,0.0,True,0.0,0.9,0.9,1875,0,1875.0,75,13,21,"(2, 41)",0,0.011872146118721462,86.95238095238095,46.285714285714285,trust_fused,75,ATTACK,134,"(12, 39)",False,0,False,1930
6,0.0,True,0.0,0.6785078378049242,0.7347046387017818,1881,0,1881.0,86,8,21,"(2, 50)",0,0.016423357664233577,88.95238095238095,46.61904761904762,trust_fused,86,ATTACK,144,"(7, 43)",False,1,False,1930
11,0.0,True,0.0,0.42569271955459126,0.5151098234629968,1805,75,1805.0,110,9,21,"(24, 45)",0,0.01916058394160584,87.0952380952381,48.857142857142854,trust_fused,110,ATTACK,238,"(25, 44)",False,2,False,1930
0,0.0,True,0.0,0.9,0.9,1880,0,1880.0,75,13,21,"(2, 41)",0,0.011722272317403066,86.95238095238095,46.285714285714285,trust_fused,75,ATTACK,134,"(9, 41)",False,0,False,1935
6,0.0,True,0.0,0.6932687765076505,0.748929612692779,1886,0,1886.0,86,8,21,"(2, 50)",0,0.016216216216216217,88.95238095238095,46.61904761904762,trust_fused,86,ATTACK,144,"(5, 46)",False,1,False,1935
11,0.0,True,0.0,0.42569271955459126,0.5151098234629968,1805,80,1805.0,110,9,21,"(24, 45)",0,0.01891891891891892,87.0952380952381,48.857142857142854,trust_fused,110,ATTACK,243,"(25, 44)",False,2,False,1935
0,0.0,True,0.0,0.9,0.9,1885,0,1885.0,75,13,21,"(2, 41)",0,0.011669658886894075,86.95238095238095,46.285714285714285,trust_fused,75,ATTACK,134,"(4, 41)",False,0,False,1940
5,0.0,True,0.0,0.7076108982647837,0.7612390815300638,1891,0,1891.0,86,8,21,"(2, 50)",0,0.01526032315978456,88.95238095238095,46.61904761904762,trust_fused,86,ATTACK,144,"(3, 49)",False,1,False,1940
10,0.0,True,0.0,0.42569271955459126,0.5151098234629968,1805,85,1805.0,110,9,21,"(24, 45)",0,0.018850987432675045,87.0952380952381,48.857142857142854,trust_fused,110,ATTACK,248,"(25, 44)",False,2,False,1940
0,0.0,True,0.0,0.9,0.9,1889,0,1889.0,76,13,22,"(3, 8)",0,0.011659192825112108,88.31818181818181,47.13636363636363,trust_fused,76,ATTACK,135,"(4, 41)",False,0,False,1945
5,0.0,True,0.0,0.715943340592256,0.7680692581353699,1895,0,1895.0,87,8,21,"(13, 15)",0,0.015246636771300448,88.95238095238095,46.61904761904762,trust_fused,87,ATTACK,145,"(3, 49)",False,1,False,1945
10,0.0,True,0.0,0.42569271955459126,0.5151098234629968,1805,90,1805.0,110,9,21,"(24, 45)",0,0.01883408071748879,87.0952380952381,48.857142857142854,trust_fused,110,ATTACK,253,"(25, 44)",False,2,False,1945
0,0.0,True,0.0,0.9,0.9,1894,0,1894.0,76,13,22,"(3, 8)",0,0.045739910313901344,88.31818181818181,47.13636363636363,trust_fused,76,ATTACK,136,"(7, 39)",False,0,False,1950
5,0.0,True,0.0,0.7213913948570193,0.7729542766110579,1900,0,1900.0,88,8,21,"(13, 15)",0,0.053811659192825115,88.95238095238095,46.61904761904762,trust_fused,88,ATTACK,146,"(5, 46)",False,1,False,1950
10,0.0,True,0.0,0.42569271955459126,0.5151098234629968,1806,94,1806.0,111,9,21,"(24, 45)",0,0.04663677130044843,87.0952380952381,48.857142857142854,trust_fused,111,ATTACK,258,"(25, 45)",False,2,False,1950
0,0.0,True,0.0,0.9,0.9,1899,0,1899.0,76,13,22,"(3, 8)",0,0.04484304932735426,88.31818181818181,47.13636363636363,trust_fused,76,ATTACK,136,"(10, 37)",False,0,False,1955
11,0.0,True,0.0,0.7345914426235838,0.7839716571265483,1905,0,1905.0,88,8,21,"(13, 15)",0,0.05022421524663677,88.95238095238095,46.61904761904762,trust_fused,88,ATTACK,146,"(8, 44)",False,1,False,1955
16,0.7369491181069066,True,0.7369491181069066,0.42569271955459126,0.5151098234629968,1810,94,1810.0,112,9,21,"(2, 22)",16,0.042152466367713005,87.0952380952381,48.857142857142854,trust_fused,112,ATTACK,259,"(25, 43)",True,2,True,1955
0,0.0,True,0.0,0.9,0.9,1904,0,1904.0,76,13,22,"(3, 8)",0,0.04035874439461883,88.31818181818181,47.13636363636363,trust_fused,76,ATTACK,136,"(13, 35)",False,0,False,1960
11,0.0,True,0.0,0.7474003088131801,0.7954274945074168,1910,0,1910.0,88,8,21,"(13, 15)",0,0.05022421524663677,88.95238095238095,46.61904761904762,trust_fused,88,ATTACK,146,"(10, 41)",False,1,False,1960
13,0.7260800407236729,False,0.7260800407236729,0.27122268457596993,0.27122268457596993,1815,94,1815.0,113,9,21,"(2, 22)",13,0.04035874439461883,87.0952380952381,48.857142857142854,trust_fused,113,ATTACK,260,"(25, 38)",True,2,True,1960
0,0.0,True,0.0,0.9,0.9,1909,0,1909.0,76,13,22,"(3, 8)",0,0.036771300448430494,88.31818181818181,47.13636363636363,trust_fused,76,ATTACK,136,"(14, 31)",False,0,False,1965
11,0.0,True,0.0,0.7596830021134559,0.8055770572432484,1915,0,1915.0,88,8,21,"(13, 15)",0,0.0484304932735426,88.95238095238095,46.61904761904762,trust_fused,88,ATTACK,146,"(13, 39)",False,1,False,1965
13,0.7260800407236729,False,0.7260800407236729,0.27149124906300487,0.2765939743166687,1820,94,1820.0,113,9,21,"(2, 22)",13,0.036771300448430494,87.0952380952381,48.857142857142854,trust_fused,113,ATTACK,260,"(21, 37)",True,2,True,1965
0,0.0,True,0.0,0.9,0.9,1914,0,1914.0,76,13,22,"(3, 8)",0,0.03228699551569507,88.31818181818181,47.13636363636363,trust_fused,76,ATTACK,136,"(14, 26)",False,0,False,1970
11,0.0,True,0.0,0.7714211944150136,0.8150362168135482,1920,0,1920.0,88,8,21,"(13, 15)",0,0.03766816143497758,88.95238095238095,46.61904761904762,trust_fused,88,ATTACK,146,"(14, 35)",False,1,False,1970
13,0.7260800407236729,False,0.7260800407236729,0.27526430108537686,0.3005964721685635,1825,94,1825.0,113,9,21,"(2, 22)",13,0.02780269058295964,87.0952380952381,48.857142857142854,trust_fused,113,ATTACK,260,"(20, 33)",True,2,True,1970
0,0.0,True,0.0,0.9,0.9,1919,0,1919.0,76,13,22,"(3, 8)",0,0.029596412556053813,88.31818181818181,47.13636363636363,trust_fused,76,ATTACK,137,"(14, 21)",False,0,False,1975
9,0.0,True,0.0,0.7824500636700867,0.8232691598711681,1925,0,1925.0,88,8,21,"(13, 15)",0,0.029596412556053813,88.95238095238095,46.61904761904762,trust_fused,88,ATTACK,147,"(14, 30)",False,1,False,1975
11,0.0,False,0.0,0.2853167175781414,0.3310892491254424,1830,94,1830.0,114,9,21,"(2, 22)",0,0.02242152466367713,87.0952380952381,48.857142857142854,trust_fused,114,ATTACK,261,"(18, 30)",False,2,False,1975
0,0.0,True,0.0,0.9,0.9,1924,0,1924.0,76,13,22,"(3, 8)",0,0.024390243902439025,88.31818181818181,47.13636363636363,trust_fused,76,ATTACK,137,"(14, 16)",False,0,False,1980
9,0.0,True,0.0,0.7927581484656602,0.8308670587036155,1930,0,1930.0,88,8,21,"(13, 15)",0,0.025293586269196026,88.95238095238095,46.61904761904762,trust_fused,88,ATTACK,147,"(14, 25)",False,1,False,1980
11,0.0,False,0.0,0.29955931756627424,0.35866907005260545,1835,94,1835.0,114,9,21,"(2, 22)",0,0.021602160216021602,87.0952380952381,48.857142857142854,trust_fused,114,ATTACK,261,"(16, 27)",False,2,False,1980
0,0.0,True,0.0,0.9,0.9,1929,0,1929.0,76,13,22,"(3, 8)",0,0.023423423423423424,88.31818181818181,47.13636363636363,trust_fused,76,ATTACK,137,"(13, 12)",False,0,False,1985
9,0.0,True,0.0,0.8024287633963773,0.838253906372358,1935,0,1935.0,88,8,21,"(13, 15)",0,0.024324324324324326,88.95238095238095,46.61904761904762,trust_fused,88,ATTACK,147,"(14, 20)",False,1,False,1985
11,0.0,False,0.0,0.31670562364754284,0.38590181761920966,1840,94,1840.0,114,9,21,"(2, 22)",0,0.02158273381294964,87.0952380952381,48.857142857142854,trust_fused,114,ATTACK,261,"(14, 24)",False,2,False,1985
0,0.0,True,0.0,0.9,0.9,1934,0,1934.0,76,13,22,"(3, 8)",0,0.023318385650224215,88.31818181818181,47.13636363636363,trust_fused,76,ATTACK,137,"(12, 8)",False,0,False,1990
9,0.0,True,0.0,0.8116482805906279,0.8462046198017213,1940,0,1940.0,88,8,21,"(13, 15)",0,0.02062780269058296,88.95238095238095,46.61904761904762,trust_fused,88,ATTACK,147,"(14, 15)",False,1,False,1990
7,0.0,False,0.0,0.33204311628761274,0.4068279200916934,1845,94,1845.0,114,9,21,"(2, 22)",0,0.015232974910394265,87.0952380952381,48.857142857142854,trust_fused,114,ATTACK,261,"(10, 23)",False,2,False,1990
0,0.0,True,0.0,0.9,0.9,1939,0,1939.0,76,13,22,"(3, 8)",0,0.0231935771632471,88.31818181818181,47.13636363636363,trust_fused,76,ATTACK,137,"(7, 8)",False,0,False,1995
9,0.0,True,0.0,0.815274974497808,0.8497523012428534,1944,0,1944.0,89,8,22,"(33, 50)",0,0.019625334522747548,90.54545454545455,46.72727272727273,trust_fused,89,ATTACK,148,"(15, 16)",False,1,False,1995
4,0.0,False,0.0,0.336036524720763,0.41191128495061785,1850,94,1850.0,114,9,21,"(2, 22)",0,0.0142602495543672,87.0952380952381,48.857142857142854,trust_fused,114,ATTACK,261,"(5, 23)",False,2,False,1995
0,0.0,True,0.0,0.9,0.9,1943,0,1943.0,77,13,22,"(2, 22)",0,0.018034265103697024,88.31818181818181,47.13636363636363,trust_fused,77,RECOVERY,139,"(3, 8)",False,0,False,2000
9,0.0,True,0.0,0.815274974497808,0.8497523012428534,1949,0,1949.0,89,8,22,"(33, 50)",0,0.019837691614066726,90.54545454545455,46.72727272727273,trust_fused,89,RECOVERY,149,"(15, 21)",False,1,False,2000
4,0.0,False,0.0,0.336036524720763,0.41191128495061785,1854,94,1854.0,115,9,22,"(15, 2)",0,0.014388489208633094,90.9090909090909,48.81818181818182,trust_fused,115,RECOVERY,263,"(2, 22)",False,2,False,2000
0,0.0,True,0.0,0.9,0.9,1948,0,1948.0,77,13,22,"(2, 22)",0,0.016230838593327322,88.31818181818181,47.13636363636363,trust_fused,77,RECOVERY,139,"(8, 8)",False,0,False,2005
9,0.0,True,0.0,0.815274974497808,0.8497523012428534,1954,0,1954.0,89,8,22,"(33, 50)",0,0.018034265103697024,90.54545454545455,46.72727272727273,trust_fused,89,RECOVERY,149,"(15, 26)",False,1,False,2005
4,0.0,False,0.0,0.336036524720763,0.41191128495061785,1859,94,1859.0,115,9,22,"(15, 2)",0,0.014388489208633094,90.9090909090909,48.81818181818182,trust_fused,115,RECOVERY,263,"(7, 22)",False,2,False,2005
0,0.0,True,0.0,0.9,0.9,1953,0,1953.0,77,13,22,"(2, 22)",0,0.013525698827772768,88.31818181818181,47.13636363636363,trust_fused,77,RECOVERY,139,"(13, 8)",False,0,False,2010
9,0.0,True,0.0,0.815274974497808,0.8497523012428534,1959,0,1959.0,89,8,22,"(33, 50)",0,0.016230838593327322,90.54545454545455,46.72727272727273,trust_fused,89,RECOVERY,149,"(15, 31)",False,1,False,2010
4,0.0,False,0.0,0.336036524720763,0.41191128495061785,1864,94,1864.0,115,9,22,"(15, 2)",0,0.015287769784172662,90.9090909090909,48.81818181818182,trust_fused,115,RECOVERY,263,"(12, 22)",False,2,False,2010
0,0.0,True,0.0,0.9,0.9,1958,0,1958.0,77,13,22,"(2, 22)",0,0.013513513513513514,88.31818181818181,47.13636363636363,trust_fused,77,RECOVERY,139,"(14, 12)",False,0,False,2015
9,0.0,True,0.0,0.815274974497808,0.8497523012428534,1964,0,1964.0,89,8,22,"(33, 50)",0,0.016216216216216217,90.54545454545455,46.72727272727273,trust_fused,89,RECOVERY,149,"(15, 36)",False,1,False,2015
4,0.0,False,0.0,0.3563120592871542,0.4341227596267316,1869,94,1869.0,115,9,22,"(15, 2)",0,0.015287769784172662,90.9090909090909,48.81818181818182,trust_fused,115,RECOVERY,263,"(15, 20)",False,2,False,2015
0,0.0,True,0.0,0.9,0.9,1963,0,1963.0,77,13,22,"(2, 22)",0,0.010958904109589041,88.31818181818181,47.13636363636363,trust_fused,77,RECOVERY,139,"(14, 17)",False,0,False,2020
9,0.0,True,0.0,0.815274974497808,0.8497523012428534,1969,0,1969.0,89,8,22,"(33, 50)",0,0.0136986301369863,90.54545454545455,46.72727272727273,trust_fused,89,RECOVERY,149,"(18, 38)",False,1,False,2020
4,0.0,False,0.0,0.3781376268702186,0.46600432921888263,1874,94,1874.0,115,9,22,"(15, 2)",0,0.012785388127853882,90.9090909090909,48.81818181818182,trust_fused,115,RECOVERY,263,"(15, 15)",False,2,False,2020
0,0.0,True,0.0,0.9,0.9,1968,0,1968.0,77,13,22,"(2, 22)",0,0.010948905109489052,88.31818181818181,47.13636363636363,trust_fused,77,RECOVERY,140,"(12, 20)",False,0,False,2025
9,0.0,True,0.0,0.815274974497808,0.8497523012428534,1974,0,1974.0,90,8,22,"(33, 50)",0,0.013686131386861315,90.54545454545455,46.72727272727273,trust_fused,90,RECOVERY,150,"(22, 39)",False,1,False,2025
4,0.0,False,0.0,0.40226502171562484,0.4948589848520613,1879,94,1879.0,115,9,22,"(15, 2)",0,0.012773722627737226,90.9090909090909,48.81818181818182,trust_fused,115,RECOVERY,264,"(15, 10)",False,2,False,2025
0,0.0,True,0.0,0.9,0.9,1973,0,1973.0,77,13,22,"(2, 22)",0,0.0108499095840868,88.31818181818181,47.13636363636363,trust_fused,77,RECOVERY,140,"(9, 22)",False,0,False,2030
6,0.0,True,0.0,0.815274974497808,0.8497523012428534,1979,0,1979.0,90,8,22,"(33, 50)",0,0.013562386980108499,90.54545454545455,46.72727272727273,trust_fused,90,RECOVERY,150,"(25, 41)",False,1,False,2030
4,0.0,True,0.0,0.4262089349661824,0.5168460096741764,1884,94,1884.0,115,9,22,"(15, 2)",0,0.014466546112115732,90.9090909090909,48.81818181818182,trust_fused,115,RECOVERY,264,"(15, 5)",False,2,False,2030
0,0.0,True,0.0,0.9,0.9,1978,0,1978.0,77,13,22,"(2, 22)",0,0.010820559062218215,88.31818181818181,47.13636363636363,trust_fused,77,RECOVERY,140,"(4, 22)",False,0,False,2035
4,0.0,True,0.0,0.6886979104845059,0.6886979104845059,1984,0,1984.0,90,8,22,"(33, 50)",0,0.011722272317403066,90.54545454545455,46.72727272727273,trust_fused,90,RECOVERY,150,"(26, 45)",False,1,False,2035
4,0.0,True,0.0,0.4262089349661824,0.5168460096741764,1888,94,1888.0,116,9,22,"(33, 30)",0,0.013525698827772768,90.9090909090909,48.81818181818182,trust_fused,116,RECOVERY,265,"(15, 3)",False,2,False,2035
0,0.0,True,0.0,0.9,0.9,1982,0,1982.0,78,13,23,"(33, 30)",0,0.009945750452079566,88.6086956521739,46.73913043478261,trust_fused,78,RECOVERY,141,"(3, 23)",False,0,False,2040
1,0.0,False,0.0,0.2926952613830901,0.2926952613830901,1989,0,1989.0,90,8,22,"(33, 50)",0,0.009041591320072333,90.54545454545455,46.72727272727273,trust_fused,90,RECOVERY,151,"(26, 50)",False,1,False,2040
4,0.0,True,0.0,0.4262089349661824,0.5168460096741764,1893,94,1893.0,116,9,22,"(33, 30)",0,0.012658227848101266,90.9090909090909,48.81818181818182,trust_fused,116,RECOVERY,265,"(16, 7)",False,2,False,2040
0,0.0,True,0.0,0.9,0.9,1987,0,1987.0,78,13,23,"(33, 30)",0,0.009918845807033363,88.6086956521739,46.73913043478261,trust_fused,78,RECOVERY,141,"(8, 23)",False,0,False,2045
1,0.0,False,0.0,0.2926952613830901,0.2926952613830901,1994,0,1994.0,90,8,22,"(33, 50)",0,0.009017132551848512,90.54545454545455,46.72727272727273,trust_fused,90,RECOVERY,151,"(31, 50)",False,1,False,2045
4,0.0,True,0.0,0.4262089349661824,0.5168460096741764,1898,94,1898.0,116,9,22,"(33, 30)",0,0.012623985572587917,90.9090909090909,48.81818181818182,trust_fused,116,RECOVERY,265,"(16, 12)",False,2,False,2045
0,0.0,True,0.0,0.9,0.9,1992,0,1992.0,78,13,23,"(33, 30)",0,0.009918845807033363,88.6086956521739,46.73913043478261,trust_fused,78,RECOVERY,142,"(12, 24)",False,0,False,2050
1,0.0,False,0.0,0.2926952613830901,0.2926952613830901,1998,0,1998.0,92,8,22,"(13, 15)",0,0.009017132551848512,90.54545454545455,46.72727272727273,trust_fused,92,RECOVERY,153,"(31, 50)",False,1,False,2050
4,0.0,True,0.0,0.44955227738869263,0.5372502115722597,1903,94,1903.0,117,9,22,"(33, 30)",0,0.012623985572587917,90.9090909090909,48.81818181818182,trust_fused,117,RECOVERY,266,"(16, 17)",False,2,False,2050
0,0.0,True,0.0,0.9,0.9,1997,0,1997.0,78,13,23,"(33, 30)",0,0.009900990099009901,88.6086956521739,46.73913043478261,trust_fused,78,RECOVERY,142,"(15, 26)",False,0,False,2055
1,0.0,False,0.0,0.2926952613830901,0.2926952613830901,2003,0,2003.0,92,8,22,"(13, 15)",0,0.009000900090009001,90.54545454545455,46.72727272727273,trust_fused,92,RECOVERY,153,"(29, 47)",False,1,False,2055
4,0.0,True,0.0,0.4726479530291107,0.5611122947382903,1908,94,1908.0,117,9,22,"(33, 30)",0,0.012601260126012601,90.9090909090909,48.81818181818182,trust_fused,117,RECOVERY,266,"(18, 20)",False,2,False,2055
0,0.0,True,0.0,0.9,0.9,2002,0,2002.0,78,13,23,"(33, 30)",0,0.009000900090009001,88.6086956521739,46.73913043478261,trust_fused,78,RECOVERY,142,"(16, 30)",False,0,False,2060
0,0.0,False,0.0,0.22208734604005342,0.22208734604005342,2008,0,2008.0,92,8,22,"(13, 15)",0,0.008100810081008101,90.54545454545455,46.72727272727273,trust_fused,92,RECOVERY,153,"(27, 44)",False,1,False,2060
4,0.0,True,0.0,0.4957865504592503,0.5826843119260057,1913,94,1913.0,117,9,22,"(33, 30)",0,0.009900990099009901,90.9090909090909,48.81818181818182,trust_fused,117,RECOVERY,266,"(19, 24)",False,2,False,2060
0,0.0,True,0.0,0.9,0.9,2007,0,2007.0,78,13,23,"(33, 30)",0,0.009000900090009001,88.6086956521739,46.73913043478261,trust_fused,78,RECOVERY,142,"(21, 30)",False,0,False,2065
0,0.0,False,0.0,0.22208734604005342,0.22208734604005342,2013,0,2013.0,92,8,22,"(13, 15)",0,0.008100810081008101,90.54545454545455,46.72727272727273,trust_fused,92,RECOVERY,153,"(25, 41)",False,1,False,2065
4,0.0,True,0.0,0.5184995799323215,0.6049334654822706,1918,94,1918.0,117,9,22,"(33, 30)",0,0.009000900090009001,90.9090909090909,48.81818181818182,trust_fused,117,RECOVERY,266,"(20, 28)",False,2,False,2065
0,0.0,True,0.0,0.9,0.9,2012,0,2012.0,78,13,23,"(33, 30)",0,0.0063006300630063005,88.6086956521739,46.73913043478261,trust_fused,78,RECOVERY,142,"(26, 30)",False,0,False,2070
0,0.0,False,0.0,0.22293463654625695,0.23354999059283602,2018,0,2018.0,92,8,22,"(13, 15)",0,0.0063006300630063005,90.54545454545455,46.72727272727273,trust_fused,92,RECOVERY,153,"(21, 40)",False,1,False,2070
4,0.0,True,0.0,0.5412079529306894,0.6273683653814323,1923,94,1923.0,117,9,22,"(33, 30)",0,0.0063006300630063005,90.9090909090909,48.81818181818182,trust_fused,117,RECOVERY,266,"(24, 29)",False,2,False,2070
0,0.0,True,0.0,0.9,0.9,2017,0,2017.0,78,13,23,"(33, 30)",0,0.0036003600360036,88.6086956521739,46.73913043478261,trust_fused,78,RECOVERY,143,"(31, 30)",False,0,False,2075
0,0.0,False,0.0,0.22759546003418724,0.2560241355504536,2023,0,2023.0,93,8,22,"(13, 15)",0,0.0036003600360036,90.54545454545455,46.72727272727273,trust_fused,93,RECOVERY,154,"(17, 39)",False,1,False,2075
4,0.0,True,0.0,0.5637103784267187,0.6486417879571557,1928,94,1928.0,117,9,22,"(33, 30)",0,0.0036003600360036,90.9090909090909,48.81818181818182,trust_fused,117,RECOVERY,267,"(28, 30)",False,2,False,2075
0,0.0,True,0.0,0.9,0.9,2020,0,2020.0,79,14,23,"(2, 50)",0,0.0036429872495446266,88.6086956521739,46.73913043478261,trust_fused,79,RECOVERY,144,"(32, 30)",False,0,False,2080
0,0.0,False,0.0,0.23802531447721834,0.28452162445423884,2028,0,2028.0,93,8,22,"(13, 15)",0,0.00272975432211101,90.54545454545455,46.72727272727273,trust_fused,93,RECOVERY,154,"(14, 37)",False,1,False,2080
4,0.0,True,0.0,0.5814929854486922,0.6658445458611993,1932,94,1932.0,117,10,22,"(33, 30)",0,0.0036429872495446266,90.9090909090909,48.81818181818182,trust_fused,117,RECOVERY,267,"(31, 31)",False,2,False,2080
0,0.0,True,0.0,0.9,0.9,2025,0,2025.0,79,14,23,"(2, 50)",0,0.0036429872495446266,88.6086956521739,46.73913043478261,trust_fused,79,RECOVERY,144,"(28, 31)",False,0,False,2085
0,0.0,False,0.0,0.25271153101553295,0.3138115377451463,2033,0,2033.0,93,8,22,"(13, 15)",0,0.00272975432211101,90.54545454545455,46.72727272727273,trust_fused,93,RECOVERY,154,"(14, 32)",False,1,False,2085
4,0.0,True,0.0,0.6037378036598128,0.6879329717386425,1937,94,1937.0,119,10,22,"(33, 30)",0,0.0036429872495446266,90.9090909090909,48.81818181818182,trust_fused,119,RECOVERY,269,"(33, 30)",False,2,False,2085
0,0.0,True,0.0,0.9,0.9,2030,0,2030.0,79,14,23,"(2, 50)",0,0.0036429872495446266,88.6086956521739,46.73913043478261,trust_fused,79,RECOVERY,144,"(23, 31)",False,0,False,2090
0,0.0,False,0.0,0.2703945466473642,0.3409051050194593,2038,0,2038.0,93,8,22,"(13, 15)",0,0.00272975432211101,90.54545454545455,46.72727272727273,trust_fused,93,RECOVERY,154,"(14, 27)",False,1,False,2090
4,0.0,True,0.0,0.6254155959152203,0.7060083212026025,1940,94,1940.0,120,10,23,"(2, 50)",0,0.0036429872495446266,90.69565217391305,48.95652173913044,trust_fused,120,RECOVERY,271,"(30, 30)",False,2,False,2090
0,0.0,True,0.0,0.9,0.9,2035,0,2035.0,79,14,23,"(2, 50)",0,0.0036429872495446266,88.6086956521739,46.73913043478261,trust_fused,79,RECOVERY,144,"(18, 31)",False,0,False,2095
0,0.0,False,0.0,0.2898314054776528,0.3653272792090882,2043,0,2043.0,93,8,22,"(13, 15)",0,0.00272975432211101,90.54545454545455,46.72727272727273,trust_fused,93,RECOVERY,154,"(14, 22)",False,1,False,2095
4,0.0,True,0.0,0.645678784967753,0.7197825722577821,1945,94,1945.0,120,10,23,"(2, 50)",0,0.0036429872495446266,90.69565217391305,48.95652173913044,trust_fused,120,RECOVERY,271,"(28, 33)",False,2,False,2095
0,0.0,True,0.0,0.9,0.9,2040,0,2040.0,80,14,23,"(2, 50)",0,0.05468025949953661,88.6086956521739,46.73913043478261,trust_fused,80,RECOVERY,145,"(13, 31)",False,0,False,2100
0,0.0,False,0.0,0.30590003917817005,0.3822728909010111,2048,0,2048.0,93,8,22,"(13, 15)",0,0.05468025949953661,90.54545454545455,46.72727272727273,trust_fused,93,RECOVERY,155,"(14, 17)",False,1,False,2100
4,0.0,True,0.0,0.6605495901343506,0.7292770893638226,1950,94,1950.0,121,10,23,"(2, 50)",0,0.056533827618164965,90.69565217391305,48.95652173913044,trust_fused,121,RECOVERY,272,"(23, 33)",False,2,False,2100
0,0.0,True,0.0,0.9,0.9,2045,0,2045.0,80,14,23,"(2, 50)",0,0.05087881591119334,88.6086956521739,46.73913043478261,trust_fused,80,RECOVERY,145,"(12, 35)",False,0,False,2105
0,0.0,False,0.0,0.30590003917817005,0.3822728909010111,2052,0,2052.0,94,8,23,"(21, 24)",0,0.05087881591119334,91.47826086956522,47.130434782608695,trust_fused,94,RECOVERY,156,"(14, 15)",False,1,False,2105
4,0.0,True,0.0,0.6743777227519261,0.7384363591678764,1955,94,1955.0,121,10,23,"(2, 50)",0,0.04995374653098982,90.69565217391305,48.95652173913044,trust_fused,121,RECOVERY,272,"(20, 35)",False,2,False,2105
0,0.0,True,0.0,0.9,0.9,2050,0,2050.0,80,14,23,"(2, 50)",0,0.04528650646950092,88.6086956521739,46.73913043478261,trust_fused,80,RECOVERY,145,"(10, 38)",False,0,False,2110
0,0.0,False,0.0,0.30590003917817005,0.3822728909010111,2057,0,2057.0,94,8,23,"(21, 24)",0,0.05083179297597042,91.47826086956522,47.130434782608695,trust_fused,94,RECOVERY,156,"(16, 18)",False,1,False,2110
4,0.0,True,0.0,0.6904476103114808,0.74979870364079,1960,94,1960.0,121,10,23,"(2, 50)",0,0.04805914972273567,90.69565217391305,48.95652173913044,trust_fused,121,RECOVERY,272,"(19, 39)",False,2,False,2110
0,0.0,True,0.0,0.9,0.9,2055,0,2055.0,80,14,23,"(2, 50)",0,0.04343807763401109,88.6086956521739,46.73913043478261,trust_fused,80,RECOVERY,145,"(8, 41)",False,0,False,2115
0,0.0,False,0.0,0.30590003917817005,0.3822728909010111,2062,0,2062.0,94,8,23,"(21, 24)",0,0.05083179297597042,91.47826086956522,47.130434782608695,trust_fused,94,RECOVERY,156,"(17, 22)",False,1,False,2115
4,0.0,True,0.0,0.6965273092546393,0.7537660369911355,1965,94,1965.0,122,10,23,"(2, 50)",0,0.04528650646950092,90.69565217391305,48.95652173913044,trust_fused,122,RECOVERY,273,"(18, 43)",False,2,False,2115
0,0.0,True,0.0,0.9,0.9,2060,0,2060.0,80,14,23,"(2, 50)",0,0.041821561338289966,88.6086956521739,46.73913043478261,trust_fused,80,RECOVERY,145,"(5, 43)",False,0,False,2120
0,0.0,False,0.0,0.3222532724597859,0.4007941463927325,2067,0,2067.0,94,8,23,"(21, 24)",0,0.048327137546468404,91.47826086956522,47.130434782608695,trust_fused,94,RECOVERY,156,"(20, 24)",False,1,False,2120
3,0.0,True,0.0,0.6994945600646418,0.7558723254546891,1970,94,1970.0,122,10,23,"(2, 50)",0,0.04275092936802974,90.69565217391305,48.95652173913044,trust_fused,122,RECOVERY,273,"(15, 45)",False,2,False,2120
0,0.0,True,0.0,0.9,0.9,2065,0,2065.0,80,14,23,"(2, 50)",0,0.036077705827937095,88.6086956521739,46.73913043478261,trust_fused,80,RECOVERY,146,"(3, 46)",False,0,False,2125
0,0.0,False,0.0,0.3222532724597859,0.4007941463927325,2071,0,2071.0,95,8,23,"(15, 2)",0,0.041628122109158186,91.47826086956522,47.130434782608695,trust_fused,95,RECOVERY,158,"(18, 24)",False,1,False,2125
3,0.0,True,0.0,0.7109668918126698,0.764857756303689,1975,94,1975.0,125,10,23,"(2, 50)",0,0.034227567067530065,90.69565217391305,48.95652173913044,trust_fused,125,RECOVERY,277,"(10, 45)",False,2,False,2125
0,0.0,True,0.0,0.9,0.9,2070,0,2070.0,80,14,23,"(2, 50)",0,0.036077705827937095,88.6086956521739,46.73913043478261,trust_fused,80,RECOVERY,146,"(2, 50)",False,0,False,2130
0,0.0,False,0.0,0.3222532724597859,0.4007941463927325,2076,0,2076.0,95,8,23,"(15, 2)",0,0.03885291396854764,91.47826086956522,47.130434782608695,trust_fused,95,RECOVERY,158,"(17, 20)",False,1,False,2130
3,0.0,True,0.0,0.7248544156838584,0.7768769946464005,1980,94,1980.0,125,10,23,"(2, 50)",0,0.03145235892691952,90.69565217391305,48.95652173913044,trust_fused,125,RECOVERY,277,"(7, 43)",False,2,False,2130
0,0.0,True,0.0,0.9,0.9,2074,0,2074.0,81,14,24,"(3, 8)",0,0.036077705827937095,88.79166666666667,47.0,trust_fused,81,RECOVERY,147,"(4, 48)",False,0,False,2135
0,0.0,False,0.0,0.3222532724597859,0.4007941463927325,2081,0,2081.0,95,8,23,"(15, 2)",0,0.03700277520814061,91.47826086956522,47.130434782608695,trust_fused,95,RECOVERY,158,"(16, 16)",False,1,False,2135
3,0.0,True,0.0,0.7382211762937311,0.788570404586653,1985,94,1985.0,125,10,23,"(2, 50)",0,0.03145235892691952,90.69565217391305,48.95652173913044,trust_fused,125,RECOVERY,277,"(4, 45)",False,2,False,2135
0,0.0,True,0.0,0.9,0.9,2079,0,2079.0,81,14,24,"(3, 8)",0,0.03145235892691952,88.79166666666667,47.0,trust_fused,81,RECOVERY,147,"(7, 46)",False,0,False,2140
0,0.0,False,0.0,0.3222532724597859,0.4007941463927325,2086,0,2086.0,95,8,23,"(15, 2)",0,0.03330249768732655,91.47826086956522,47.130434782608695,trust_fused,95,RECOVERY,158,"(15, 12)",False,1,False,2140
3,0.0,True,0.0,0.7515108037221837,0.8021112163448508,1990,94,1990.0,125,10,23,"(2, 50)",0,0.030527289546716005,90.69565217391305,48.95652173913044,trust_fused,125,RECOVERY,277,"(3, 49)",False,2,False,2140
0,0.0,True,0.0,0.9,0.9,2084,0,2084.0,81,14,24,"(3, 8)",0,0.027726432532347505,88.79166666666667,47.0,trust_fused,81,RECOVERY,147,"(7, 41)",False,0,False,2145
0,0.0,False,0.0,0.3222532724597859,0.4007941463927325,2091,0,2091.0,95,8,23,"(15, 2)",0,0.033271719038817,91.47826086956522,47.130434782608695,trust_fused,95,RECOVERY,158,"(15, 7)",False,1,False,2145
3,0.0,True,0.0,0.7620984602081744,0.8116588547684045,1994,94,1994.0,126,10,24,"(12, 50)",0,0.030499075785582256,89.29166666666667,49.25,trust_fused,126,RECOVERY,278,"(3, 49)",False,2,False,2145
0,0.0,True,0.0,0.9,0.9,2089,0,2089.0,81,14,24,"(3, 8)",0,0.026802218114602587,88.79166666666667,47.0,trust_fused,81,RECOVERY,148,"(8, 37)",False,0,False,2150
0,0.0,False,0.0,0.3222532724597859,0.4007941463927325,2091,5,2091.0,96,8,23,"(15, 2)",0,0.031423290203327174,91.47826086956522,47.130434782608695,trust_fused,96,RECOVERY,163,"(15, 7)",False,1,False,2150
3,0.0,True,0.0,0.774694988465677,0.8215002074980001,1999,94,1999.0,126,10,24,"(12, 50)",0,0.029574861367837338,89.29166666666667,49.25,trust_fused,126,RECOVERY,279,"(5, 46)",False,2,False,2150
0,0.0,True,0.0,0.9,0.9,2094,0,2094.0,81,14,24,"(3, 8)",0,0.02677746999076639,88.79166666666667,47.0,trust_fused,81,RECOVERY,148,"(12, 36)",False,0,False,2155
0,0.0,False,0.0,0.3222532724597859,0.4007941463927325,2091,10,2091.0,96,8,23,"(15, 2)",0,0.028624192059095107,91.47826086956522,47.130434782608695,trust_fused,96,RECOVERY,168,"(15, 7)",False,1,False,2155
3,0.0,True,0.0,0.781904111515788,0.8269019067384554,2004,94,2004.0,126,10,24,"(12, 50)",0,0.029547553093259463,89.29166666666667,49.25,trust_fused,126,RECOVERY,279,"(7, 49)",False,2,False,2155
0,0.0,True,0.0,0.9,0.9,2099,0,2099.0,81,14,24,"(3, 8)",0,0.026119402985074626,88.79166666666667,47.0,trust_fused,81,RECOVERY,148,"(13, 32)",False,0,False,2160
0,0.0,False,0.0,0.3222532724597859,0.4007941463927325,2091,15,2091.0,96,8,23,"(15, 2)",0,0.028810408921933085,91.47826086956522,47.130434782608695,trust_fused,96,RECOVERY,173,"(15, 7)",False,1,False,2160
3,0.0,True,0.0,0.781904111515788,0.8269019067384554,2009,94,2009.0,126,10,24,"(12, 50)",0,0.028089887640449437,89.29166666666667,49.25,trust_fused,126,RECOVERY,279,"(11, 50)",False,2,False,2160
0,0.0,True,0.0,0.9,0.9,2104,0,2104.0,81,14,24,"(3, 8)",0,0.024253731343283583,88.79166666666667,47.0,trust_fused,81,RECOVERY,148,"(13, 27)",False,0,False,2165
0,0.0,False,0.0,0.3222532724597859,0.4007941463927325,2091,20,2091.0,96,8,23,"(15, 2)",0,0.026022304832713755,91.47826086956522,47.130434782608695,trust_fused,96,RECOVERY,178,"(15, 7)",False,1,False,2165
3,0.0,True,0.0,0.781904111515788,0.8269019067384554,2013,94,2013.0,127,10,24,"(21, 24)",0,0.028089887640449437,89.29166666666667,49.25,trust_fused,127,RECOVERY,280,"(12, 47)",False,2,False,2165
0,0.0,True,0.0,0.9,0.9,2109,0,2109.0,81,14,24,"(3, 8)",0,0.024253731343283583,88.79166666666667,47.0,trust_fused,81,RECOVERY,148,"(14, 23)",False,0,False,2170
0,0.0,False,0.0,0.3222532724597859,0.4007941463927325,2091,25,2091.0,96,8,23,"(15, 2)",0,0.026022304832713755,91.47826086956522,47.130434782608695,trust_fused,96,RECOVERY,183,"(15, 7)",False,1,False,2170
3,0.0,True,0.0,0.781904111515788,0.8269019067384554,2018,94,2018.0,127,10,24,"(21, 24)",0,0.024344569288389514,89.29166666666667,49.25,trust_fused,127,RECOVERY,280,"(16, 46)",False,2,False,2170
0,0.0,True,0.0,0.9,0.9,2114,0,2114.0,82,14,24,"(3, 8)",0,0.02332089552238806,88.79166666666667,47.0,trust_fused,82,RECOVERY,149,"(14, 18)",False,0,False,2175
0,0.0,False,0.0,0.3222532724597859,0.4007941463927325,2091,30,2091.0,96,8,23,"(15, 2)",0,0.02509293680297398,91.47826086956522,47.130434782608695,trust_fused,96,RECOVERY,188,"(15, 7)",False,1,False,2175
3,0.0,True,0.0,0.781904111515788,0.8269019067384554,2023,94,2023.0,128,10,24,"(21, 24)",0,0.024344569288389514,89.29166666666667,49.25,trust_fused,128,RECOVERY,281,"(18, 43)",False,2,False,2175
0,0.0,True,0.0,0.9,0.9,2119,0,2119.0,82,14,24,"(3, 8)",0,0.021475256769374416,88.79166666666667,47.0,trust_fused,82,RECOVERY,149,"(13, 14)",False,0,False,2180
0,0.0,False,0.0,0.33068455623096954,0.4114295551679594,2091,35,2091.0,96,8,23,"(15, 2)",0,0.025280898876404494,91.47826086956522,47.130434782608695,trust_fused,96,RECOVERY,193,"(15, 7)",False,1,False,2180
3,0.0,True,0.0,0.7864851971829647,0.8295611816190438,2028,94,2028.0,128,10,24,"(21, 24)",0,0.023786869647954328,89.29166666666667,49.25,trust_fused,128,RECOVERY,281,"(20, 40)",False,2,False,2180
0,0.0,True,0.0,0.9,0.9,2124,0,2124.0,82,14,24,"(3, 8)",0,0.021475256769374416,88.79166666666667,47.0,trust_fused,82,RECOVERY,149,"(13, 9)",False,0,False,2185
0,0.0,False,0.0,0.3534814383617388,0.4448748399088456,2091,40,2091.0,96,8,23,"(15, 2)",0,0.023408239700374533,91.47826086956522,47.130434782608695,trust_fused,96,RECOVERY,198,"(15, 7)",False,1,False,2185
3,0.0,True,0.0,0.7929845570075826,0.8332636521324478,2033,94,2033.0,128,10,24,"(21, 24)",0,0.021883920076117985,89.29166666666667,49.25,trust_fused,128,RECOVERY,281,"(20, 35)",False,2,False,2185
0,0.0,True,0.0,0.9,0.9,2129,0,2129.0,82,14,24,"(3, 8)",0,0.021475256769374416,88.79166666666667,47.0,trust_fused,82,RECOVERY,149,"(9, 8)",False,0,False,2190
0,0.0,False,0.0,0.37927778976236487,0.4810342361132431,2091,45,2091.0,96,8,23,"(15, 2)",0,0.023408239700374533,91.47826086956522,47.130434782608695,trust_fused,96,RECOVERY,203,"(15, 7)",False,1,False,2190
3,0.0,True,0.0,0.8029682518711563,0.839482302195483,2038,94,2038.0,128,10,24,"(21, 24)",0,0.022835394862036156,89.29166666666667,49.25,trust_fused,128,RECOVERY,281,"(20, 30)",False,2,False,2190
0,0.0,True,0.0,0.9,0.9,2134,0,2134.0,82,14,24,"(3, 8)",0,0.021475256769374416,88.79166666666667,47.0,trust_fused,82,RECOVERY,149,"(4, 8)",False,0,False,2195
0,0.0,True,0.0,0.4065521333693673,0.5091307205328474,2091,50,2091.0,96,8,23,"(15, 2)",0,0.02247191011235955,91.47826086956522,47.130434782608695,trust_fused,96,RECOVERY,208,"(15, 7)",False,1,False,2195
3,0.0,True,0.0,0.8121111908162785,0.8457211453030994,2043,94,2043.0,128,10,24,"(21, 24)",0,0.022835394862036156,89.29166666666667,49.25,trust_fused,128,RECOVERY,281,"(20, 25)",False,2,False,2195
0,0.0,True,0.0,0.9,0.9,2138,0,2138.0,83,14,24,"(21, 24)",0,0.022388059701492536,88.79166666666667,47.0,trust_fused,83,RECOVERY,151,"(6, 8)",False,0,False,2200
0,0.0,True,0.0,0.4065521333693673,0.5091307205328474,2091,55,2091.0,96,8,23,"(15, 2)",0,0.02258064516129032,91.47826086956522,47.130434782608695,trust_fused,96,RECOVERY,213,"(15, 7)",False,1,False,2200
3,0.0,True,0.0,0.8138515246406741,0.8469178673041915,2047,94,2047.0,129,10,25,"(33, 50)",0,0.024731182795698924,87.92,48.72,trust_fused,129,RECOVERY,283,"(21, 26)",False,2,False,2200
0,0.0,True,0.0,0.9,0.9,2143,0,2143.0,83,14,24,"(21, 24)",0,0.02025586353944563,88.79166666666667,47.0,trust_fused,83,RECOVERY,151,"(11, 8)",False,0,False,2205
0,0.0,True,0.0,0.42271500362069553,0.5255759026261954,2091,60,2091.0,96,8,23,"(15, 2)",0,0.01827956989247312,91.47826086956522,47.130434782608695,trust_fused,96,RECOVERY,218,"(15, 7)",False,1,False,2205
3,0.0,True,0.0,0.8138515246406741,0.8469178673041915,2052,94,2052.0,129,10,25,"(33, 50)",0,0.02258064516129032,87.92,48.72,trust_fused,129,RECOVERY,283,"(21, 31)",False,2,False,2205
0,0.0,True,0.0,0.9,0.9,2148,0,2148.0,83,14,24,"(21, 24)",0,0.02025586353944563,88.79166666666667,47.0,trust_fused,83,RECOVERY,151,"(14, 10)",False,0,False,2210
0,0.0,True,0.0,0.45093184129343705,0.5602123033321313,2091,65,2091.0,96,8,23,"(15, 2)",0,0.01827956989247312,91.47826086956522,47.130434782608695,trust_fused,96,RECOVERY,223,"(15, 7)",False,1,False,2210
3,0.0,True,0.0,0.8138515246406741,0.8469178673041915,2057,94,2057.0,129,10,25,"(33, 50)",0,0.02258064516129032,87.92,48.72,trust_fused,129,RECOVERY,283,"(21, 36)",False,2,False,2210
0,0.0,True,0.0,0.9,0.9,2153,0,2153.0,83,14,24,"(21, 24)",0,0.02025586353944563,88.79166666666667,47.0,trust_fused,83,RECOVERY,151,"(14, 15)",False,0,False,2215
0,0.0,True,0.0,0.47955490278586577,0.5872849361244408,2091,70,2091.0,96,8,23,"(15, 2)",0,0.01827956989247312,91.47826086956522,47.130434782608695,trust_fused,96,RECOVERY,228,"(15, 7)",False,1,False,2215
3,0.0,True,0.0,0.8138515246406741,0.8469178673041915,2062,94,2062.0,129,10,25,"(33, 50)",0,0.02258064516129032,87.92,48.72,trust_fused,129,RECOVERY,283,"(20, 40)",False,2,False,2215
0,0.0,True,0.0,0.9,0.9,2158,0,2158.0,83,14,24,"(21, 24)",0,0.021181716833890748,88.79166666666667,47.0,trust_fused,83,RECOVERY,151,"(15, 19)",False,0,False,2220
0,0.0,True,0.0,0.49608691086759676,0.5989393894920385,2091,75,2091.0,96,8,23,"(15, 2)",0,0.0189520624303233,91.47826086956522,47.130434782608695,trust_fused,96,RECOVERY,233,"(15, 7)",False,1,False,2220
3,0.0,True,0.0,0.8138515246406741,0.8469178673041915,2067,94,2067.0,129,10,25,"(33, 50)",0,0.023411371237458192,87.92,48.72,trust_fused,129,RECOVERY,283,"(20, 45)",False,2,False,2220
0,0.0,True,0.0,0.9,0.9,2163,0,2163.0,83,14,24,"(21, 24)",0,0.021181716833890748,88.79166666666667,47.0,trust_fused,83,RECOVERY,152,"(15, 24)",False,0,False,2225
0,0.0,True,0.0,0.49608691086759676,0.5989393894920385,2091,80,2091.0,96,8,23,"(15, 2)",0,0.0189520624303233,91.47826086956522,47.130434782608695,trust_fused,96,RECOVERY,238,"(15, 7)",False,1,False,2225
3,0.0,True,0.0,0.8138515246406741,0.8469178673041915,2072,94,2072.0,130,10,25,"(33, 50)",0,0.023411371237458192,87.92,48.72,trust_fused,130,RECOVERY,284,"(21, 49)",False,2,False,2225
0,0.0,True,0.0,0.9,0.9,2168,0,2168.0,83,14,24,"(21, 24)",0,0.013377926421404682,88.79166666666667,47.0,trust_fused,83,RECOVERY,152,"(20, 24)",False,0,False,2230
0,0.0,True,0.0,0.49608691086759676,0.5989393894920385,2091,85,2091.0,96,8,23,"(15, 2)",0,0.013377926421404682,91.47826086956522,47.130434782608695,trust_fused,96,RECOVERY,243,"(15, 7)",False,1,False,2230
3,0.0,True,0.0,0.8138515246406741,0.8469178673041915,2077,94,2077.0,130,10,25,"(33, 50)",0,0.01560758082497213,87.92,48.72,trust_fused,130,RECOVERY,284,"(26, 49)",False,2,False,2230
0,0.0,True,0.0,0.9,0.9,2172,0,2172.0,84,14,25,"(2, 50)",0,0.013377926421404682,89.28,46.52,trust_fused,84,RECOVERY,153,"(18, 24)",False,0,False,2235
0,0.0,True,0.0,0.49608691086759676,0.5989393894920385,2091,90,2091.0,96,8,23,"(15, 2)",0,0.013377926421404682,91.47826086956522,47.130434782608695,trust_fused,96,RECOVERY,248,"(15, 7)",False,1,False,2235
3,0.0,True,0.0,0.8138515246406741,0.8469178673041915,2082,94,2082.0,130,10,25,"(33, 50)",0,0.01560758082497213,87.92,48.72,trust_fused,130,RECOVERY,284,"(30, 50)",False,2,False,2235
0,0.0,True,0.0,0.9,0.9,2177,0,2177.0,84,14,25,"(2, 50)",0,0.010033444816053512,89.28,46.52,trust_fused,84,RECOVERY,153,"(16, 27)",False,0,False,2240
0,0.0,True,0.0,0.49608691086759676,0.5989393894920385,2091,95,2091.0,96,8,23,"(15, 2)",0,0.010033444816053512,91.47826086956522,47.130434782608695,trust_fused,96,RECOVERY,253,"(15, 7)",False,1,False,2240
3,0.0,True,0.0,0.8138515246406741,0.8469178673041915,2086,94,2086.0,131,10,25,"(2, 22)",0,0.012263099219620958,87.92,48.72,trust_fused,131,RECOVERY,285,"(32, 50)",False,2,False,2240
0,0.0,True,0.0,0.9,0.9,2182,0,2182.0,84,14,25,"(2, 50)",0,0.010033444816053512,89.28,46.52,trust_fused,84,RECOVERY,153,"(13, 29)",False,0,False,2245
0,0.0,True,0.0,0.49608691086759676,0.5989393894920385,2091,100,2091.0,96,8,23,"(15, 2)",0,0.010033444816053512,91.47826086956522,47.130434782608695,trust_fused,96,RECOVERY,258,"(15, 7)",False,1,False,2245
3,0.0,True,0.0,0.8138515246406741,0.8469178673041915,2091,94,2091.0,131,10,25,"(2, 22)",0,0.012263099219620958,87.92,48.72,trust_fused,131,RECOVERY,285,"(28, 49)",False,2,False,2245
0,0.0,True,0.0,0.9,0.9,2187,0,2187.0,85,14,25,"(2, 50)",0,0.0379041248606466,89.28,46.52,trust_fused,85,RECOVERY,154,"(12, 33)",False,0,False,2250
0,0.0,True,0.0,0.49608691086759676,0.5989393894920385,2092,104,2092.0,97,8,23,"(15, 2)",0,0.0379041248606466,91.47826086956522,47.130434782608695,trust_fused,97,RECOVERY,263,"(15, 6)",False,1,False,2250
3,0.0,True,0.0,0.8138515246406741,0.8469178673041915,2096,94,2096.0,132,10,25,"(2, 22)",0,0.03455964325529543,87.92,48.72,trust_fused,132,RECOVERY,286,"(23, 49)",False,2,False,2250
0,0.0,True,0.0,0.9,0.9,2192,0,2192.0,85,14,25,"(2, 50)",0,0.03678929765886288,89.28,46.52,trust_fused,85,RECOVERY,154,"(10, 36)",False,0,False,2255
0,0.0,True,0.0,0.49608691086759676,0.5989393894920385,2096,104,2096.0,98,8,24,"(24, 45)",0,0.03678929765886288,93.95833333333333,50.708333333333336,trust_fused,98,RECOVERY,264,"(15, 2)",False,1,False,2255
3,0.0,True,0.0,0.8138515246406741,0.8469178673041915,2101,94,2101.0,132,10,25,"(2, 22)",0,0.032329988851727984,87.92,48.72,trust_fused,132,RECOVERY,286,"(19, 48)",False,2,False,2255
0,0.0,True,0.0,0.9,0.9,2197,0,2197.0,86,14,25,"(2, 50)",0,0.024553571428571428,89.28,46.52,trust_fused,86,RECOVERY,155,"(7, 38)",False,0,False,2260
0,0.0,True,0.0,0.49608691086759676,0.5989393894920385,2101,104,2101.0,98,8,24,"(24, 45)",0,0.025669642857142856,93.95833333333333,50.708333333333336,trust_fused,98,RECOVERY,264,"(15, 7)",False,1,False,2260
0,0.0,True,0.0,0.8138515246406741,0.8469178673041915,2106,94,2106.0,132,10,25,"(2, 22)",0,0.0234375,87.92,48.72,trust_fused,132,RECOVERY,286,"(19, 43)",False,2,False,2260
0,0.0,True,0.0,0.9,0.9,2202,0,2202.0,86,14,25,"(2, 50)",0,0.018909899888765295,89.28,46.52,trust_fused,86,RECOVERY,155,"(5, 41)",False,0,False,2265
0,0.0,True,0.0,0.49608691086759676,0.5989393894920385,2106,104,2106.0,98,8,24,"(24, 45)",0,0.018909899888765295,93.95833333333333,50.708333333333336,trust_fused,98,RECOVERY,264,"(17, 10)",False,1,False,2265
0,0.0,True,0.0,0.822133338146921,0.8526806119716618,2111,94,2111.0,132,10,25,"(2, 22)",0,0.017797552836484983,87.92,48.72,trust_fused,132,RECOVERY,286,"(19, 38)",False,2,False,2265
0,0.0,True,0.0,0.9,0.9,2207,0,2207.0,86,14,25,"(2, 50)",0,0.01557285873192436,89.28,46.52,trust_fused,86,RECOVERY,155,"(5, 46)",False,0,False,2270
0,0.0,True,0.0,0.49608691086759676,0.5989393894920385,2111,104,2111.0,98,8,24,"(24, 45)",0,0.017797552836484983,93.95833333333333,50.708333333333336,trust_fused,98,RECOVERY,264,"(17, 15)",False,1,False,2270
0,0.0,True,0.0,0.8298791242468372,0.8585218178996382,2116,94,2116.0,132,10,25,"(2, 22)",0,0.01668520578420467,87.92,48.72,trust_fused,132,RECOVERY,286,"(19, 33)",False,2,False,2270
0,0.0,True,0.0,0.9,0.9,2212,0,2212.0,86,14,25,"(2, 50)",0,0.015555555555555555,89.28,46.52,trust_fused,86,RECOVERY,156,"(3, 49)",False,0,False,2275
0,0.0,True,0.0,0.49608691086759676,0.5989393894920385,2116,104,2116.0,99,8,24,"(24, 45)",0,0.017777777777777778,93.95833333333333,50.708333333333336,trust_fused,99,RECOVERY,265,"(17, 20)",False,1,False,2275
0,0.0,True,0.0,0.8371617213034007,0.8642773286935609,2121,94,2121.0,133,10,25,"(2, 22)",0,0.016666666666666666,87.92,48.72,trust_fused,133,RECOVERY,287,"(18, 29)",False,2,False,2275
0,0.0,True,0.0,0.9,0.9,2216,0,2216.0,87,14,25,"(13, 15)",0,0.015555555555555555,89.28,46.52,trust_fused,87,RECOVERY,157,"(3, 49)",False,0,False,2280
0,0.0,True,0.0,0.49608691086759676,0.5989393894920385,2121,104,2121.0,99,8,24,"(24, 45)",0,0.017777777777777778,93.95833333333333,50.708333333333336,trust_fused,99,RECOVERY,265,"(19, 23)",False,1,False,2280
0,0.0,True,0.0,0.8413631505270588,0.8676790434916745,2126,94,2126.0,133,10,25,"(2, 22)",0,0.014444444444444444,87.92,48.72,trust_fused,133,RECOVERY,287,"(16, 26)",False,2,False,2280
0,0.0,True,0.0,0.9,0.9,2221,0,2221.0,87,14,25,"(13, 15)",0,0.015555555555555555,89.28,46.52,trust_fused,87,RECOVERY,157,"(5, 46)",False,0,False,2285
0,0.0,True,0.0,0.5115584836327951,0.6072916430306803,2126,104,2126.0,99,8,24,"(24, 45)",0,0.017777777777777778,93.95833333333333,50.708333333333336,trust_fused,99,RECOVERY,265,"(19, 28)",False,1,False,2285
0,0.0,True,0.0,0.8413631505270588,0.8676790434916745,2131,94,2131.0,133,10,25,"(2, 22)",0,0.014444444444444444,87.92,48.72,trust_fused,133,RECOVERY,287,"(15, 22)",False,2,False,2285
0,0.0,True,0.0,0.9,0.9,2226,0,2226.0,87,14,25,"(13, 15)",0,0.015555555555555555,89.28,46.52,trust_fused,87,RECOVERY,157,"(7, 43)",False,0,False,2290
0,0.0,True,0.0,0.5352038989955415,0.6215679362482628,2131,104,2131.0,99,8,24,"(24, 45)",0,0.016666666666666666,93.95833333333333,50.708333333333336,trust_fused,99,RECOVERY,265,"(19, 33)",False,1,False,2290
0,0.0,True,0.0,0.8413631505270588,0.8676790434916745,2136,94,2136.0,133,10,25,"(2, 22)",0,0.014444444444444444,87.92,48.72,trust_fused,133,RECOVERY,287,"(10, 22)",False,2,False,2290
0,0.0,True,0.0,0.9,0.9,2231,0,2231.0,87,14,25,"(13, 15)",0,0.015555555555555555,89.28,46.52,trust_fused,87,RECOVERY,157,"(7, 38)",False,0,False,2295
0,0.0,True,0.0,0.5566508640885948,0.635000091724156,2136,104,2136.0,99,8,24,"(24, 45)",0,0.017777777777777778,93.95833333333333,50.708333333333336,trust_fused,99,RECOVERY,265,"(20, 37)",False,1,False,2295
0,0.0,True,0.0,0.8413631505270588,0.8676790434916745,2141,94,2141.0,133,10,25,"(2, 22)",0,0.014444444444444444,87.92,48.72,trust_fused,133,RECOVERY,287,"(5, 22)",False,2,False,2295
0,0.0,True,0.0,0.9,0.9,2236,0,2236.0,88,14,25,"(13, 15)",0,0.015521064301552107,89.28,46.52,trust_fused,88,RECOVERY,158,"(9, 35)",False,0,False,2300
0,0.0,True,0.0,0.5566508640885948,0.635000091724156,2141,104,2141.0,99,8,24,"(24, 45)",0,0.017738359201773836,93.95833333333333,50.708333333333336,trust_fused,99,RECOVERY,266,"(22, 40)",False,1,False,2300
0,0.0,True,0.0,0.8413631505270588,0.8676790434916745,2144,94,2144.0,134,10,26,"(13, 15)",0,0.015521064301552107,88.42307692307692,49.15384615384615,trust_fused,134,RECOVERY,290,"(2, 22)",False,2,False,2300
0,0.0,True,0.0,0.9,0.9,2241,0,2241.0,88,14,25,"(13, 15)",0,0.01533406352683461,89.28,46.52,trust_fused,88,RECOVERY,158,"(11, 32)",False,0,False,2305
0,0.0,True,0.0,0.5566508640885948,0.635000091724156,2146,104,2146.0,99,8,24,"(24, 45)",0,0.01642935377875137,93.95833333333333,50.708333333333336,trust_fused,99,RECOVERY,266,"(25, 42)",False,1,False,2305
0,0.0,True,0.0,0.8413631505270588,0.8676790434916745,2149,94,2149.0,134,10,26,"(13, 15)",0,0.01642935377875137,88.42307692307692,49.15384615384615,trust_fused,134,RECOVERY,290,"(5, 20)",False,2,False,2305
0,0.0,True,0.0,0.9,0.9,2246,0,2246.0,88,14,25,"(13, 15)",0,0.01533406352683461,89.28,46.52,trust_fused,88,RECOVERY,158,"(13, 29)",False,0,False,2310
0,0.0,True,0.0,0.5566508640885948,0.635000091724156,2150,104,2150.0,100,8,24,"(2, 22)",0,0.01642935377875137,93.95833333333333,50.708333333333336,trust_fused,100,RECOVERY,267,"(24, 45)",False,1,False,2310
0,0.0,True,0.0,0.8413631505270588,0.8676790434916745,2154,94,2154.0,134,10,26,"(13, 15)",0,0.01533406352683461,88.42307692307692,49.15384615384615,trust_fused,134,RECOVERY,290,"(10, 20)",False,2,False,2310
0,0.0,True,0.0,0.9,0.9,2251,0,2251.0,88,14,25,"(13, 15)",0,0.01533406352683461,89.28,46.52,trust_fused,88,RECOVERY,158,"(14, 25)",False,0,False,2315
0,0.0,True,0.0,0.5566508640885948,0.635000091724156,2155,104,2155.0,100,8,24,"(2, 22)",0,0.01642935377875137,93.95833333333333,50.708333333333336,trust_fused,100,RECOVERY,267,"(25, 41)",False,1,False,2315
0,0.0,True,0.0,0.8454958106041539,0.8716193353853786,2159,94,2159.0,134,10,26,"(13, 15)",0,0.0208105147864184,88.42307692307692,49.15384615384615,trust_fused,134,RECOVERY,290,"(14, 19)",False,2,False,2315
0,0.0,True,0.0,0.9,0.9,2256,0,2256.0,88,14,25,"(13, 15)",0,0.01533406352683461,89.28,46.52,trust_fused,88,RECOVERY,158,"(14, 20)",False,0,False,2320
0,0.0,True,0.0,0.5566508640885948,0.635000091724156,2160,104,2160.0,100,8,24,"(2, 22)",0,0.01642935377875137,93.95833333333333,50.708333333333336,trust_fused,100,RECOVERY,267,"(22, 39)",False,1,False,2320
0,0.0,True,0.0,0.8524378343449213,0.8788797987256243,2164,94,2164.0,134,10,26,"(13, 15)",0,0.0208105147864184,88.42307692307692,49.15384615384615,trust_fused,134,RECOVERY,290,"(13, 15)",False,2,False,2320
0,0.0,True,0.0,0.9,0.9,2260,0,2260.0,88,15,25,"(13, 15)",0,0.01533406352683461,89.28,46.52,trust_fused,88,RECOVERY,159,"(14, 16)",False,0,False,2325
0,0.0,True,0.0,0.564666822338547,0.640246980809618,2165,104,2165.0,101,8,24,"(2, 22)",0,0.01642935377875137,93.95833333333333,50.708333333333336,trust_fused,101,RECOVERY,268,"(18, 38)",False,1,False,2325
0,0.0,True,0.0,0.859416564744179,0.8861322154596905,2168,94,2168.0,135,10,27,"(2, 41)",0,0.0208105147864184,85.96296296296296,48.111111111111114,trust_fused,135,RECOVERY,292,"(14, 14)",False,2,False,2325
0,0.0,True,0.0,0.9,0.9,2264,0,2264.0,89,15,26,"(3, 8)",0,0.01533406352683461,89.53846153846153,46.65384615384615,trust_fused,89,RECOVERY,160,"(13, 13)",False,0,False,2330
0,0.0,True,0.0,0.58370032372408,0.6541711505252271,2170,104,2170.0,101,8,24,"(2, 22)",0,0.01642935377875137,93.95833333333333,50.708333333333336,trust_fused,101,RECOVERY,268,"(17, 34)",False,1,False,2330
0,0.0,True,0.0,0.8650435314629195,0.8913435270566216,2171,94,2171.0,137,12,27,"(2, 41)",0,0.019715224534501644,85.96296296296296,48.111111111111114,trust_fused,137,RECOVERY,294,"(14, 17)",False,2,False,2330
0,0.0,True,0.0,0.9,0.9,2269,0,2269.0,89,15,26,"(3, 8)",0,0.01533406352683461,89.53846153846153,46.65384615384615,trust_fused,89,RECOVERY,160,"(13, 8)",False,0,False,2335
0,0.0,True,0.0,0.6016429845551066,0.6683395278686932,2175,104,2175.0,101,8,24,"(2, 22)",0,0.01533406352683461,93.95833333333333,50.708333333333336,trust_fused,101,RECOVERY,268,"(17, 29)",False,1,False,2335
0,0.0,True,0.0,0.8718033612017783,0.8967330290128043,2176,94,2176.0,137,12,27,"(2, 41)",0,0.0208105147864184,85.96296296296296,48.111111111111114,trust_fused,137,RECOVERY,294,"(12, 20)",False,2,False,2335
0,0.0,True,0.0,0.9,0.9,2274,0,2274.0,89,15,26,"(3, 8)",0,0.015367727771679473,89.53846153846153,46.65384615384615,trust_fused,89,RECOVERY,160,"(8, 8)",False,0,False,2340
0,0.0,True,0.0,0.618618705026345,0.6817022330493999,2180,104,2180.0,101,8,24,"(2, 22)",0,0.015367727771679473,93.95833333333333,50.708333333333336,trust_fused,101,RECOVERY,268,"(17, 24)",False,1,False,2340
0,0.0,True,0.0,0.8743736244432195,0.8985549559553356,2181,94,2181.0,137,12,27,"(2, 41)",0,0.020856201975850714,85.96296296296296,48.111111111111114,trust_fused,137,RECOVERY,294,"(8, 21)",False,2,False,2340
0,0.0,True,0.0,0.9,0.9,2279,0,2279.0,89,15,26,"(3, 8)",0,0.015367727771679473,89.53846153846153,46.65384615384615,trust_fused,89,RECOVERY,160,"(3, 8)",False,0,False,2345
0,0.0,True,0.0,0.6347873058115678,0.6953226568690934,2185,104,2185.0,101,8,24,"(2, 22)",0,0.015367727771679473,93.95833333333333,50.708333333333336,trust_fused,101,RECOVERY,268,"(14, 22)",False,1,False,2345
0,0.0,True,0.0,0.8743736244432195,0.8985549559553356,2186,94,2186.0,137,12,27,"(2, 41)",0,0.020856201975850714,85.96296296296296,48.111111111111114,trust_fused,137,RECOVERY,294,"(3, 21)",False,2,False,2345
0,0.0,True,0.0,0.9,0.9,2283,0,2283.0,90,15,26,"(15, 2)",0,0.015267175572519083,89.53846153846153,46.65384615384615,trust_fused,90,RECOVERY,162,"(7, 8)",False,0,False,2350
0,0.0,True,0.0,0.6441358613842526,0.7027141736651612,2190,104,2190.0,101,8,24,"(2, 22)",0,0.015267175572519083,93.95833333333333,50.708333333333336,trust_fused,101,RECOVERY,269,"(9, 22)",False,1,False,2350
0,0.0,True,0.0,0.8756181005134479,0.8992631458477871,2191,94,2191.0,137,12,27,"(2, 41)",0,0.020719738276990186,85.96296296296296,48.111111111111114,trust_fused,137,RECOVERY,295,"(3, 26)",False,2,False,2350
0,0.0,True,0.0,0.9,0.9,2288,0,2288.0,90,15,26,"(15, 2)",0,0.016129032258064516,89.53846153846153,46.65384615384615,trust_fused,90,RECOVERY,162,"(12, 8)",False,0,False,2355
0,0.0,True,0.0,0.6501323120697134,0.7065706863418193,2195,104,2195.0,101,8,24,"(2, 22)",0,0.015053763440860216,93.95833333333333,50.708333333333336,trust_fused,101,RECOVERY,269,"(4, 22)",False,1,False,2355
0,0.0,True,0.0,0.8803506458416057,0.9021248463603233,2196,94,2196.0,137,12,27,"(2, 41)",0,0.02043010752688172,85.96296296296296,48.111111111111114,trust_fused,137,RECOVERY,295,"(3, 31)",False,2,False,2355
0,0.0,True,0.0,0.9,0.9,2293,0,2293.0,90,15,26,"(15, 2)",0,0.01632208922742111,89.53846153846153,46.65384615384615,trust_fused,90,RECOVERY,162,"(14, 5)",False,0,False,2360
0,0.0,True,0.0,0.6501323120697134,0.7065706863418193,2199,104,2199.0,102,8,25,"(2, 41)",0,0.015217391304347827,94.32,50.6,trust_fused,102,RECOVERY,270,"(3, 23)",False,1,False,2360
0,0.0,True,0.0,0.8857381436920798,0.90537470115014,2201,94,2201.0,137,12,27,"(2, 41)",0,0.020674646354733407,85.96296296296296,48.111111111111114,trust_fused,137,RECOVERY,295,"(3, 36)",False,2,False,2360
0,0.0,True,0.0,0.9,0.9,2297,0,2297.0,91,15,27,"(33, 50)",0,0.01632208922742111,87.5925925925926,45.629629629629626,trust_fused,91,RECOVERY,163,"(15, 2)",False,0,False,2365
0,0.0,True,0.0,0.6559337883005778,0.7106983061821596,2204,104,2204.0,102,8,25,"(2, 41)",0,0.015217391304347827,94.32,50.6,trust_fused,102,RECOVERY,270,"(3, 28)",False,1,False,2365
0,0.0,True,0.0,0.890689528975602,0.909018405504865,2206,94,2206.0,137,12,27,"(2, 41)",0,0.020674646354733407,85.96296296296296,48.111111111111114,trust_fused,137,RECOVERY,295,"(3, 41)",False,2,False,2365
0,0.0,True,0.0,0.9,0.9,2302,0,2302.0,91,15,27,"(33, 50)",0,0.01632208922742111,87.5925925925926,45.629629629629626,trust_fused,91,RECOVERY,163,"(15, 7)",False,0,False,2370
0,0.0,True,0.0,0.6696899134367545,0.7202530205160818,2209,104,2209.0,102,8,25,"(2, 41)",0,0.015217391304347827,94.32,50.6,trust_fused,102,RECOVERY,270,"(3, 33)",False,1,False,2370
0,0.0,True,0.0,0.8916425919786359,0.9097507890362794,2210,94,2210.0,138,12,27,"(33, 8)",0,0.020674646354733407,85.96296296296296,48.111111111111114,trust_fused,138,RECOVERY,296,"(4, 40)",False,2,False,2370
0,0.0,True,0.0,0.9,0.9,2307,0,2307.0,91,15,27,"(33, 50)",0,0.017410228509249184,87.5925925925926,45.629629629629626,trust_fused,91,RECOVERY,164,"(15, 12)",False,0,False,2375
0,0.0,True,0.0,0.6823738977373291,0.7294258208075294,2214,104,2214.0,102,8,25,"(2, 41)",0,0.016304347826086956,94.32,50.6,trust_fused,102,RECOVERY,271,"(3, 38)",False,1,False,2375
0,0.0,True,0.0,0.894405300136429,0.9117029971917076,2215,94,2215.0,138,12,27,"(33, 8)",0,0.023939064200217627,85.96296296296296,48.111111111111114,trust_fused,138,RECOVERY,297,"(5, 36)",False,2,False,2375
0,0.0,True,0.0,0.9,0.9,2312,0,2312.0,91,15,27,"(33, 50)",0,0.01642935377875137,87.5925925925926,45.629629629629626,trust_fused,91,RECOVERY,164,"(15, 17)",False,0,False,2380
0,0.0,True,0.0,0.6920427801888028,0.7373866529000936,2218,104,2218.0,103,8,25,"(33, 8)",0,0.013186813186813187,94.32,50.6,trust_fused,103,RECOVERY,272,"(2, 41)",False,1,False,2380
0,0.0,True,0.0,0.8979572824967307,0.9145941956284207,2220,94,2220.0,138,12,27,"(33, 8)",0,0.021953896816684963,85.96296296296296,48.111111111111114,trust_fused,138,RECOVERY,297,"(5, 31)",False,2,False,2380
0,0.0,True,0.0,0.9,0.9,2317,0,2317.0,91,15,27,"(33, 50)",0,0.01642935377875137,87.5925925925926,45.629629629629626,trust_fused,91,RECOVERY,164,"(15, 22)",False,0,False,2385
0,0.0,True,0.0,0.6967018416170875,0.7407035747739602,2223,104,2223.0,103,8,25,"(33, 8)",0,0.013186813186813187,94.32,50.6,trust_fused,103,RECOVERY,272,"(5, 39)",False,1,False,2385
0,0.0,True,0.0,0.900543716837569,0.9167155440511882,2225,94,2225.0,138,12,27,"(33, 8)",0,0.020856201975850714,85.96296296296296,48.111111111111114,trust_fused,138,RECOVERY,297,"(5, 26)",False,2,False,2385
0,0.0,True,0.0,0.9,0.9,2322,0,2322.0,91,15,27,"(33, 50)",0,0.01642935377875137,87.5925925925926,45.629629629629626,trust_fused,91,RECOVERY,164,"(15, 27)",False,0,False,2390
0,0.0,True,0.0,0.7035593496240174,0.7467521710290099,2228,104,2228.0,103,8,25,"(33, 8)",0,0.013186813186813187,94.32,50.6,trust_fused,103,RECOVERY,272,"(5, 34)",False,1,False,2390
0,0.0,True,0.0,0.9013851599463558,0.9173725790133053,2230,94,2230.0,138,12,27,"(33, 8)",0,0.019758507135016465,85.96296296296296,48.111111111111114,trust_fused,138,RECOVERY,297,"(7, 23)",False,2,False,2390
0,0.0,True,0.0,0.9,0.9,2327,0,2327.0,91,15,27,"(33, 50)",0,0.017524644030668127,87.5925925925926,45.629629629629626,trust_fused,91,RECOVERY,164,"(15, 32)",False,0,False,2395
0,0.0,True,0.0,0.7103096420478507,0.7530144553074805,2233,104,2233.0,103,8,25,"(33, 8)",0,0.014285714285714285,94.32,50.6,trust_fused,103,RECOVERY,272,"(5, 29)",False,1,False,2395
0,0.0,True,0.0,0.9054767361614712,0.9208249312483439,2235,94,2235.0,138,12,27,"(33, 8)",0,0.019758507135016465,85.96296296296296,48.111111111111114,trust_fused,138,RECOVERY,297,"(9, 20)",False,2,False,2395
0,0.0,True,0.0,0.9,0.9,2332,0,2332.0,92,15,27,"(33, 50)",0,0.0399529964747356,87.5925925925926,45.629629629629626,trust_fused,92,RECOVERY,165,"(15, 37)",False,0,False,2400
0,0.0,True,0.0,0.7169383441834689,0.7586345201578614,2238,104,2238.0,104,8,25,"(33, 8)",0,0.041128084606345476,94.32,50.6,trust_fused,104,RECOVERY,273,"(7, 26)",False,1,False,2400
0,0.0,True,0.0,0.9086438094445352,0.9235275692442895,2240,94,2240.0,139,12,27,"(33, 8)",0,0.03399765533411489,85.96296296296296,48.111111111111114,trust_fused,139,RECOVERY,298,"(14, 20)",False,2,False,2400
0,0.0,True,0.0,0.9,0.9,2337,0,2337.0,92,15,27,"(33, 50)",0,0.036427732079905996,87.5925925925926,45.629629629629626,trust_fused,92,RECOVERY,165,"(17, 40)",False,0,False,2405
0,0.0,True,0.0,0.7169383441834689,0.7586345201578614,2243,104,2243.0,104,8,25,"(33, 8)",0,0.038777908343125736,94.32,50.6,trust_fused,104,RECOVERY,273,"(9, 23)",False,1,False,2405
0,0.0,True,0.0,0.9086438094445352,0.9235275692442895,2245,94,2245.0,139,12,27,"(33, 8)",0,0.031652989449003514,85.96296296296296,48.111111111111114,trust_fused,139,RECOVERY,298,"(16, 17)",False,2,False,2405
0,0.0,True,0.0,0.9,0.9,2342,0,2342.0,92,15,27,"(33, 50)",0,0.03172737955346651,87.5925925925926,45.629629629629626,trust_fused,92,RECOVERY,165,"(18, 44)",False,0,False,2410
0,0.0,True,0.0,0.7169383441834689,0.7586345201578614,2248,104,2248.0,104,8,25,"(33, 8)",0,0.03407755581668625,94.32,50.6,trust_fused,104,RECOVERY,273,"(12, 21)",False,1,False,2410
0,0.0,True,0.0,0.9086438094445352,0.9235275692442895,2250,94,2250.0,139,12,27,"(33, 8)",0,0.02813599062133646,85.96296296296296,48.111111111111114,trust_fused,139,RECOVERY,298,"(17, 13)",False,2,False,2410
0,0.0,True,0.0,0.9,0.9,2347,0,2347.0,92,15,27,"(33, 50)",0,0.023501762632197415,87.5925925925926,45.629629629629626,trust_fused,92,RECOVERY,165,"(18, 49)",False,0,False,2415
0,0.0,True,0.0,0.7169383441834689,0.7586345201578614,2253,104,2253.0,104,8,25,"(33, 8)",0,0.02702702702702703,94.32,50.6,trust_fused,104,RECOVERY,273,"(17, 21)",False,1,False,2415
0,0.0,True,0.0,0.9086438094445352,0.9235275692442895,2255,94,2255.0,139,12,27,"(33, 8)",0,0.023446658851113716,85.96296296296296,48.111111111111114,trust_fused,139,RECOVERY,298,"(18, 9)",False,2,False,2415
0,0.0,True,0.0,0.9,0.9,2352,0,2352.0,92,15,27,"(33, 50)",0,0.022274325908558032,87.5925925925926,45.629629629629626,trust_fused,92,RECOVERY,165,"(22, 50)",False,0,False,2420
0,0.0,True,0.0,0.7169383441834689,0.7586345201578614,2258,104,2258.0,104,8,25,"(33, 8)",0,0.02579132473622509,94.32,50.6,trust_fused,104,RECOVERY,273,"(18, 17)",False,1,False,2420
0,0.0,True,0.0,0.9086438094445352,0.9235275692442895,2260,94,2260.0,139,12,27,"(33, 8)",0,0.022274325908558032,85.96296296296296,48.111111111111114,trust_fused,139,RECOVERY,298,"(23, 9)",False,2,False,2420
0,0.0,True,0.0,0.9,0.9,2357,0,2357.0,92,15,27,"(33, 50)",0,0.018722466960352423,87.5925925925926,45.629629629629626,trust_fused,92,RECOVERY,166,"(27, 50)",False,0,False,2425
0,0.0,True,0.0,0.7169383441834689,0.7586345201578614,2263,104,2263.0,105,8,25,"(33, 8)",0,0.022026431718061675,94.32,50.6,trust_fused,105,RECOVERY,274,"(18, 12)",False,1,False,2425
0,0.0,True,0.0,0.9086438094445352,0.9235275692442895,2265,94,2265.0,139,12,27,"(33, 8)",0,0.018722466960352423,85.96296296296296,48.111111111111114,trust_fused,139,RECOVERY,299,"(27, 8)",False,2,False,2425
0,0.0,True,0.0,0.9,0.9,2362,0,2362.0,92,15,27,"(33, 50)",0,0.013918629550321198,87.5925925925926,45.629629629629626,trust_fused,92,RECOVERY,166,"(32, 50)",False,0,False,2430
0,0.0,True,0.0,0.7169383441834689,0.7586345201578614,2268,104,2268.0,105,8,25,"(33, 8)",0,0.017130620985010708,94.32,50.6,trust_fused,105,RECOVERY,274,"(20, 9)",False,1,False,2430
0,0.0,True,0.0,0.9086438094445352,0.9235275692442895,2270,94,2270.0,139,12,27,"(33, 8)",0,0.018201284796573874,85.96296296296296,48.111111111111114,trust_fused,139,RECOVERY,299,"(32, 8)",False,2,False,2430
0,0.0,True,0.0,0.9,0.9,2366,0,2366.0,93,15,27,"(13, 15)",0,0.013785790031813362,87.5925925925926,45.629629629629626,trust_fused,93,RECOVERY,167,"(30, 50)",False,0,False,2435
0,0.0,True,0.0,0.7169383441834689,0.7586345201578614,2273,104,2273.0,105,8,25,"(33, 8)",0,0.016967126193001062,94.32,50.6,trust_fused,105,RECOVERY,274,"(25, 9)",False,1,False,2435
0,0.0,True,0.0,0.9086438094445352,0.9235275692442895,2274,94,2274.0,140,12,28,"(33, 50)",0,0.018027571580063628,86.85714285714286,48.714285714285715,trust_fused,140,RECOVERY,300,"(33, 11)",False,2,False,2435
0,0.0,True,0.0,0.9,0.9,2371,0,2371.0,93,15,27,"(13, 15)",0,0.013471502590673576,87.5925925925926,45.629629629629626,trust_fused,93,RECOVERY,167,"(25, 50)",False,0,False,2440
0,0.0,True,0.0,0.7169383441834689,0.7586345201578614,2278,104,2278.0,105,8,25,"(33, 8)",0,0.016580310880829015,94.32,50.6,trust_fused,105,RECOVERY,274,"(29, 8)",False,1,False,2440
0,0.0,True,0.0,0.9086438094445352,0.9235275692442895,2279,94,2279.0,140,12,28,"(33, 50)",0,0.017616580310880828,86.85714285714286,48.714285714285715,trust_fused,140,RECOVERY,300,"(29, 12)",False,2,False,2440
0,0.0,True,0.0,0.9,0.9,2376,0,2376.0,93,15,27,"(13, 15)",0,0.01314459049544995,87.5925925925926,45.629629629629626,trust_fused,93,RECOVERY,167,"(21, 49)",False,0,False,2445
0,0.0,True,0.0,0.7169383441834689,0.7586345201578614,2282,104,2282.0,106,8,26,"(33, 30)",0,0.016177957532861477,94.03846153846153,51.15384615384615,trust_fused,106,RECOVERY,275,"(33, 8)",False,1,False,2445
0,0.0,True,0.0,0.9086438094445352,0.9235275692442895,2284,94,2284.0,140,12,28,"(33, 50)",0,0.017189079878665317,86.85714285714286,48.714285714285715,trust_fused,140,RECOVERY,300,"(29, 17)",False,2,False,2445
0,0.0,True,0.0,0.9,0.9,2381,0,2381.0,93,15,27,"(13, 15)",0,0.0125,87.5925925925926,45.629629629629626,trust_fused,93,RECOVERY,168,"(20, 45)",False,0,False,2450
0,0.0,True,0.0,0.7169383441834689,0.7586345201578614,2287,104,2287.0,106,8,26,"(33, 30)",0,0.015384615384615385,94.03846153846153,51.15384615384615,trust_fused,106,RECOVERY,276,"(32, 12)",False,1,False,2450
0,0.0,True,0.0,0.9086438094445352,0.9235275692442895,2289,94,2289.0,140,12,28,"(33, 50)",0,0.015384615384615385,86.85714285714286,48.714285714285715,trust_fused,140,RECOVERY,301,"(29, 22)",False,2,False,2450
0,0.0,True,0.0,0.9,0.9,2386,0,2386.0,93,15,27,"(13, 15)",0,0.011299435028248588,87.5925925925926,45.629629629629626,trust_fused,93,RECOVERY,168,"(17, 43)",False,0,False,2455
0,0.0,True,0.0,0.7169383441834689,0.7586345201578614,2292,104,2292.0,106,8,26,"(33, 30)",0,0.015065913370998116,94.03846153846153,51.15384615384615,trust_fused,106,RECOVERY,276,"(29, 14)",False,1,False,2455
0,0.0,True,0.0,0.9086438094445352,0.9235275692442895,2294,94,2294.0,140,12,28,"(33, 50)",0,0.015065913370998116,86.85714285714286,48.714285714285715,trust_fused,140,RECOVERY,301,"(29, 27)",False,2,False,2455
0,0.0,True,0.0,0.9,0.9,2391,0,2391.0,93,15,27,"(13, 15)",0,0.010879419764279238,87.5925925925926,45.629629629629626,trust_fused,93,RECOVERY,168,"(15, 40)",False,0,False,2460
0,0.0,True,0.0,0.7169383441834689,0.7586345201578614,2297,104,2297.0,106,8,26,"(33, 30)",0,0.014505893019038985,94.03846153846153,51.15384615384615,trust_fused,106,RECOVERY,276,"(29, 19)",False,1,False,2460
0,0.0,True,0.0,0.9086438094445352,0.9235275692442895,2299,94,2299.0,140,12,28,"(33, 50)",0,0.01358695652173913,86.85714285714286,48.714285714285715,trust_fused,140,RECOVERY,301,"(29, 32)",False,2,False,2460
0,0.0,True,0.0,0.9,0.9,2396,0,2396.0,93,15,27,"(13, 15)",0,0.008928571428571428,87.5925925925926,45.629629629629626,trust_fused,93,RECOVERY,168,"(14, 36)",False,0,False,2465
0,0.0,True,0.0,0.7169383441834689,0.7586345201578614,2302,104,2302.0,106,8,26,"(33, 30)",0,0.0125,94.03846153846153,51.15384615384615,trust_fused,106,RECOVERY,276,"(29, 24)",False,1,False,2465
0,0.0,True,0.0,0.9086438094445352,0.9235275692442895,2304,94,2304.0,140,12,28,"(33, 50)",0,0.013380909901873328,86.85714285714286,48.714285714285715,trust_fused,140,RECOVERY,301,"(29, 37)",False,2,False,2465
0,0.0,True,0.0,0.9,0.9,2401,0,2401.0,93,15,27,"(13, 15)",0,0.0088339222614841,87.5925925925926,45.629629629629626,trust_fused,93,RECOVERY,168,"(14, 31)",False,0,False,2470
0,0.0,True,0.0,0.7169383441834689,0.7586345201578614,2307,104,2307.0,106,8,26,"(33, 30)",0,0.012367491166077738,94.03846153846153,51.15384615384615,trust_fused,106,RECOVERY,276,"(29, 29)",False,1,False,2470
0,0.0,True,0.0,0.910170385808263,0.9245683901213924,2309,94,2309.0,140,12,28,"(33, 50)",0,0.01323918799646955,86.85714285714286,48.714285714285715,trust_fused,140,RECOVERY,301,"(29, 42)",False,2,False,2470
0,0.0,True,0.0,0.9,0.9,2406,0,2406.0,93,15,27,"(13, 15)",0,0.0088339222614841,87.5925925925926,45.629629629629626,trust_fused,93,RECOVERY,169,"(14, 26)",False,0,False,2475
0,0.0,True,0.0,0.7169383441834689,0.7586345201578614,2312,104,2312.0,106,8,26,"(33, 30)",0,0.012367491166077738,94.03846153846153,51.15384615384615,trust_fused,106,RECOVERY,277,"(33, 30)",False,1,False,2475
0,0.0,True,0.0,0.9138579856316545,0.9276390523009054,2314,94,2314.0,140,12,28,"(33, 50)",0,0.01323918799646955,86.85714285714286,48.714285714285715,trust_fused,140,RECOVERY,302,"(29, 47)",False,2,False,2475
0,0.0,True,0.0,0.9,0.9,2411,0,2411.0,93,15,27,"(13, 15)",0,0.007123775601068566,87.5925925925926,45.629629629629626,trust_fused,93,RECOVERY,169,"(14, 21)",False,0,False,2480
0,0.0,True,0.0,0.7169383441834689,0.7586345201578614,2316,104,2316.0,107,8,26,"(21, 24)",0,0.01068566340160285,94.03846153846153,51.15384615384615,trust_fused,107,RECOVERY,278,"(29, 30)",False,1,False,2480
0,0.0,True,0.0,0.9167511932208529,0.930478023941907,2319,94,2319.0,140,12,28,"(33, 50)",0,0.01157613535173642,86.85714285714286,48.714285714285715,trust_fused,140,RECOVERY,302,"(31, 50)",False,2,False,2480
0,0.0,True,0.0,0.9,0.9,2416,0,2416.0,93,15,27,"(13, 15)",0,0.007123775601068566,87.5925925925926,45.629629629629626,trust_fused,93,RECOVERY,169,"(14, 16)",False,0,False,2485
0,0.0,True,0.0,0.7169383441834689,0.7586345201578614,2321,104,2321.0,107,8,26,"(21, 24)",0,0.01068566340160285,94.03846153846153,51.15384615384615,trust_fused,107,RECOVERY,278,"(26, 28)",False,1,False,2485
0,0.0,True,0.0,0.9182490926147004,0.9326357120049177,2323,94,2323.0,141,12,28,"(13, 15)",0,0.01157613535173642,86.85714285714286,48.714285714285715,trust_fused,141,RECOVERY,303,"(31, 50)",False,2,False,2485
0,0.0,True,0.0,0.9,0.9,2420,0,2420.0,94,15,28,"(12, 50)",0,0.007123775601068566,88.85714285714286,46.0,trust_fused,94,RECOVERY,170,"(14, 16)",False,0,False,2490
0,0.0,True,0.0,0.7212728844471965,0.7622881998907752,2326,104,2326.0,107,8,26,"(21, 24)",0,0.01068566340160285,94.03846153846153,51.15384615384615,trust_fused,107,RECOVERY,278,"(21, 28)",False,1,False,2490
0,0.0,True,0.0,0.9182490926147004,0.9326357120049177,2328,94,2328.0,141,12,28,"(13, 15)",0,0.01068566340160285,86.85714285714286,48.714285714285715,trust_fused,141,RECOVERY,303,"(29, 47)",False,2,False,2490
0,0.0,True,0.0,0.9,0.9,2425,0,2425.0,94,15,28,"(12, 50)",0,0.008014247551202136,88.85714285714286,46.0,trust_fused,94,RECOVERY,170,"(13, 20)",False,0,False,2495
0,0.0,True,0.0,0.7318010792865132,0.7711480061935232,2330,104,2330.0,108,8,27,"(13, 15)",0,0.01068566340160285,92.4074074074074,49.96296296296296,trust_fused,108,RECOVERY,279,"(21, 24)",False,1,False,2495
0,0.0,True,0.0,0.9189923404570852,0.9331140494623952,2333,94,2333.0,141,12,28,"(13, 15)",0,0.01068566340160285,86.85714285714286,48.714285714285715,trust_fused,141,RECOVERY,303,"(28, 43)",False,2,False,2495
