active_fake_claim_count,attacker_attributable_cost_on_route,attacker_is_trusted,attacker_route_cost_delta,attacker_source_memory,attacker_trust,benign_movement_steps,benign_no_path_steps,benign_total_distance,benign_total_replans,benign_traffic_wait_steps,deliveries_completed,goal,influential_fake_claim_count,map_error,mean_delivery_cycle_time_steps,mean_delivery_time_steps,method,path_changes,phase,planning_checks,position,preferred_route_affected_by_attacker,robot_id,route_affected_by_attacker,step
0,0.0,True,0.0,0.9,0.9,1,0,1.0,1,0,0,"(33, 50)",0,0.0,,,majority_vote,1,RECONNAISSANCE,1,"(7, 8)",False,0,False,0
0,0.0,True,0.0,0.9,0.9,1,0,1.0,1,0,0,"(33, 50)",0,0.0,,,majority_vote,1,RECONNAISSANCE,1,"(28, 42)",False,1,False,0
0,0.0,True,0.0,0.9,0.9,1,0,1.0,1,0,0,"(13, 50)",0,0.0,,,majority_vote,1,RECONNAISSANCE,1,"(7, 42)",False,2,False,0
0,0.0,True,0.0,0.9,0.9,6,0,6.0,1,0,0,"(33, 50)",0,0.0,,,majority_vote,1,RECONNAISSANCE,1,"(12, 8)",False,0,False,5
0,0.0,True,0.0,0.9,0.9,6,0,6.0,1,0,0,"(33, 50)",0,0.0,,,majority_vote,1,RECONNAISSANCE,1,"(30, 45)",False,1,False,5
0,0.0,True,0.0,0.9,0.9,6,0,6.0,1,0,0,"(13, 50)",0,0.0,,,majority_vote,1,RECONNAISSANCE,1,"(9, 45)",False,2,False,5
0,0.0,True,0.0,0.9,0.9,11,0,11.0,1,0,0,"(33, 50)",0,0.0,,,majority_vote,1,RECONNAISSANCE,1,"(13, 12)",False,0,False,10
0,0.0,True,0.0,0.9,0.9,11,0,11.0,1,0,0,"(33, 50)",0,0.0,,,majority_vote,1,RECONNAISSANCE,1,"(31, 49)",False,1,False,10
0,0.0,True,0.0,0.9,0.9,11,0,11.0,1,0,0,"(13, 50)",0,0.0,,,majority_vote,1,RECONNAISSANCE,1,"(10, 49)",False,2,False,10
0,0.0,True,0.0,0.9,0.9,16,0,16.0,1,0,0,"(33, 50)",0,0.0,,,majority_vote,1,RECONNAISSANCE,1,"(14, 16)",False,0,False,15
0,0.0,True,0.0,0.9,0.9,15,0,15.0,2,0,0,"(25, 2)",0,0.0,,,majority_vote,2,RECONNAISSANCE,2,"(32, 50)",False,1,False,15
0,0.0,True,0.0,0.9,0.9,15,0,15.0,2,0,0,"(15, 2)",0,0.0,,,majority_vote,2,RECONNAISSANCE,2,"(13, 50)",False,2,False,15
0,0.0,True,0.0,0.9,0.9,21,0,21.0,1,0,0,"(33, 50)",0,0.0,,,majority_vote,1,RECONNAISSANCE,1,"(14, 21)",False,0,False,20
0,0.0,True,0.0,0.9,0.9,20,0,20.0,2,0,0,"(25, 2)",0,0.0,,,majority_vote,2,RECONNAISSANCE,2,"(29, 48)",False,1,False,20
0,0.0,True,0.0,0.9,0.9,20,0,20.0,2,0,0,"(15, 2)",0,0.0,,,majority_vote,2,RECONNAISSANCE,2,"(14, 46)",False,2,False,20
0,0.0,True,0.0,0.9,0.9,26,0,26.0,2,0,0,"(33, 50)",0,0.0,,,majority_vote,2,RECONNAISSANCE,2,"(14, 26)",False,0,False,25
0,0.0,True,0.0,0.9,0.9,25,0,25.0,2,0,0,"(25, 2)",0,0.0,,,majority_vote,2,RECONNAISSANCE,3,"(25, 47)",False,1,False,25
0,0.0,True,0.0,0.9,0.9,25,0,25.0,2,0,0,"(15, 2)",0,0.0,,,majority_vote,2,RECONNAISSANCE,3,"(15, 42)",False,2,False,25
0,0.0,True,0.0,0.9,0.9,31,0,31.0,2,0,0,"(33, 50)",0,0.0,,,majority_vote,2,RECONNAISSANCE,2,"(16, 29)",False,0,False,30
0,0.0,True,0.0,0.9,0.9,30,0,30.0,2,0,0,"(25, 2)",0,0.0,,,majority_vote,2,RECONNAISSANCE,3,"(25, 42)",False,1,False,30
0,0.0,True,0.0,0.9001974972968568,0.9039499459371353,30,0,30.0,2,0,0,"(15, 2)",0,0.0,,,majority_vote,2,RECONNAISSANCE,3,"(15, 37)",False,2,False,30
0,0.0,True,0.0,0.9,0.9,36,0,36.0,2,0,0,"(33, 50)",0,0.0,,,majority_vote,2,RECONNAISSANCE,2,"(17, 33)",False,0,False,35
0,0.0,True,0.0,0.9,0.9,35,0,35.0,2,0,0,"(25, 2)",0,0.0,,,majority_vote,2,RECONNAISSANCE,3,"(25, 37)",False,1,False,35
0,0.0,True,0.0,0.9037346016568925,0.9233608855272414,35,0,35.0,2,0,0,"(15, 2)",0,0.0,,,majority_vote,2,RECONNAISSANCE,3,"(15, 32)",False,2,False,35
0,0.0,True,0.0,0.9,0.9,41,0,41.0,2,0,0,"(33, 50)",0,0.0,,,majority_vote,2,RECONNAISSANCE,2,"(17, 38)",False,0,False,40
0,0.0,True,0.0,0.902365236927569,0.9164247030516587,40,0,40.0,2,0,0,"(25, 2)",0,0.0,,,majority_vote,2,RECONNAISSANCE,3,"(25, 32)",False,1,False,40
0,0.0,True,0.0,0.9103492254211987,0.9378742366787911,40,0,40.0,2,0,0,"(15, 2)",0,0.0,,,majority_vote,2,RECONNAISSANCE,3,"(15, 27)",False,2,False,40
0,0.0,True,0.0,0.9,0.9,46,0,46.0,2,0,0,"(33, 50)",0,0.0,,,majority_vote,2,RECONNAISSANCE,2,"(17, 43)",False,0,False,45
0,0.0,True,0.0,0.9072635647004226,0.9285130589853269,45,0,45.0,2,0,0,"(25, 2)",0,0.0,,,majority_vote,2,RECONNAISSANCE,3,"(25, 27)",False,1,False,45
0,0.0,True,0.0,0.9178917656742488,0.9471317821764741,45,0,45.0,2,0,0,"(15, 2)",0,0.0,,,majority_vote,2,RECONNAISSANCE,3,"(15, 22)",False,2,False,45
0,0.0,True,0.0,0.9,0.9,51,0,51.0,2,0,0,"(33, 50)",0,0.0,,,majority_vote,2,RECONNAISSANCE,3,"(17, 48)",False,0,False,50
0,0.0,True,0.0,0.9108806990168558,0.9344397177586744,50,0,50.0,2,0,0,"(25, 2)",0,0.0,,,majority_vote,2,RECONNAISSANCE,4,"(25, 22)",False,1,False,50
0,0.0,True,0.0,0.9257614335156691,0.9560619667331159,50,0,50.0,2,0,0,"(15, 2)",0,0.0,,,majority_vote,2,RECONNAISSANCE,4,"(15, 17)",False,2,False,50
0,0.0,True,0.0,0.9,0.9,56,0,56.0,2,0,0,"(33, 50)",0,0.0,,,majority_vote,2,RECONNAISSANCE,3,"(21, 49)",False,0,False,55
0,0.0,True,0.0,0.9108806990168558,0.9344397177586744,55,0,55.0,2,0,0,"(25, 2)",0,0.0,,,majority_vote,2,RECONNAISSANCE,4,"(25, 17)",False,1,False,55
0,0.0,True,0.0,0.9335964538018358,0.9628393516785381,55,0,55.0,2,0,0,"(15, 2)",0,0.0,,,majority_vote,2,RECONNAISSANCE,4,"(15, 12)",False,2,False,55
0,0.0,True,0.0,0.9,0.9,61,0,61.0,2,0,0,"(33, 50)",0,0.0,,,majority_vote,2,RECONNAISSANCE,3,"(25, 50)",False,0,False,60
0,0.0,True,0.0,0.9108806990168558,0.9344397177586744,60,0,60.0,2,0,0,"(25, 2)",0,0.0,,,majority_vote,2,RECONNAISSANCE,4,"(25, 12)",False,1,False,60
0,0.0,True,0.0,0.9409915141111693,0.9682578941924201,60,0,60.0,2,0,0,"(15, 2)",0,0.0,,,majority_vote,2,RECONNAISSANCE,4,"(15, 7)",False,2,False,60
0,0.0,True,0.0,0.9,0.9,66,0,66.0,2,0,0,"(33, 50)",0,0.0,,,majority_vote,2,RECONNAISSANCE,3,"(30, 50)",False,0,False,65
0,0.0,True,0.0,0.9108806990168558,0.9344397177586744,65,0,65.0,2,0,0,"(25, 2)",0,0.0,,,majority_vote,2,RECONNAISSANCE,4,"(25, 7)",False,1,False,65
0,0.0,True,0.0,0.9437886538503248,0.970245209780797,65,0,65.0,2,0,0,"(15, 2)",0,0.0,,,majority_vote,2,RECONNAISSANCE,4,"(15, 2)",False,2,False,65
0,0.0,True,0.0,0.9,0.9,70,0,70.0,3,0,0,"(2, 41)",0,0.0,,,majority_vote,3,RECONNAISSANCE,4,"(32, 50)",False,0,False,70
0,0.0,True,0.0,0.9108806990168558,0.9344397177586744,70,0,70.0,2,0,0,"(25, 2)",0,0.0,,,majority_vote,2,RECONNAISSANCE,4,"(25, 2)",False,1,False,70
0,0.0,True,0.0,0.9437886538503248,0.970245209780797,69,0,69.0,3,0,1,"(33, 50)",0,0.0,66.0,51.0,majority_vote,3,RECONNAISSANCE,5,"(15, 6)",False,2,False,70
0,0.0,True,0.0,0.9,0.9,75,0,75.0,3,0,0,"(2, 41)",0,0.0,,,majority_vote,3,RECONNAISSANCE,5,"(28, 49)",False,0,False,75
0,0.0,True,0.0,0.9108806990168558,0.9344397177586744,74,0,74.0,3,0,1,"(33, 50)",0,0.0,71.0,57.0,majority_vote,3,RECONNAISSANCE,6,"(25, 6)",False,1,False,75
0,0.0,True,0.0,0.9437886538503248,0.970245209780797,74,0,74.0,3,0,1,"(33, 50)",0,0.0,66.0,51.0,majority_vote,3,RECONNAISSANCE,6,"(16, 10)",False,2,False,75
0,0.0,True,0.0,0.9,0.9,80,0,80.0,3,0,0,"(2, 41)",0,0.0,,,majority_vote,3,RECONNAISSANCE,5,"(23, 49)",False,0,False,80
0,0.0,True,0.0,0.9108806990168558,0.9344397177586744,79,0,79.0,4,0,1,"(33, 50)",0,0.0,71.0,57.0,majority_vote,4,RECONNAISSANCE,7,"(26, 10)",False,1,False,80
0,0.0,True,0.0,0.9437886538503248,0.970245209780797,79,0,79.0,3,0,1,"(33, 50)",0,0.0,66.0,51.0,majority_vote,3,RECONNAISSANCE,6,"(16, 15)",False,2,False,80
0,0.0,True,0.0,0.9,0.9,85,0,85.0,3,0,0,"(2, 41)",0,0.0,,,majority_vote,3,RECONNAISSANCE,5,"(18, 49)",False,0,False,85
0,0.0,True,0.0,0.9108806990168558,0.9344397177586744,84,0,84.0,4,0,1,"(33, 50)",0,0.0,71.0,57.0,majority_vote,4,RECONNAISSANCE,7,"(28, 13)",False,1,False,85
0,0.0,True,0.0,0.9437886538503248,0.970245209780797,84,0,84.0,3,0,1,"(33, 50)",0,0.0,66.0,51.0,majority_vote,3,RECONNAISSANCE,6,"(16, 20)",False,2,False,85
0,0.0,True,0.0,0.9,0.9,90,0,90.0,3,0,0,"(2, 41)",0,0.0,,,majority_vote,3,RECONNAISSANCE,5,"(14, 48)",False,0,False,90
0,0.0,True,0.0,0.9108806990168558,0.9344397177586744,89,0,89.0,4,0,1,"(33, 50)",0,0.0010893246187363835,71.0,57.0,majority_vote,4,RECONNAISSANCE,7,"(28, 18)",False,1,False,90
0,0.0,True,0.0,0.9437886538503248,0.970245209780797,89,0,89.0,3,0,1,"(33, 50)",0,0.0010893246187363835,66.0,51.0,majority_vote,3,RECONNAISSANCE,6,"(16, 25)",False,2,False,90
0,0.0,True,0.0,0.9,0.9,95,0,95.0,3,0,0,"(2, 41)",0,0.0,,,majority_vote,3,RECONNAISSANCE,5,"(12, 45)",False,0,False,95
0,0.0,True,0.0,0.9108806990168558,0.9344397177586744,94,0,94.0,4,0,1,"(33, 50)",0,0.0010695187165775401,71.0,57.0,majority_vote,4,RECONNAISSANCE,7,"(28, 23)",False,1,False,95
0,0.0,True,0.0,0.9490410926147487,0.9731750089119543,94,0,94.0,3,0,1,"(33, 50)",0,0.0010695187165775401,66.0,51.0,majority_vote,3,RECONNAISSANCE,6,"(16, 30)",False,2,False,95
0,0.0,True,0.0,0.9,0.9,100,0,100.0,3,0,0,"(2, 41)",0,0.0,,,majority_vote,3,RECONNAISSANCE,6,"(7, 45)",False,0,False,100
0,0.0,True,0.0,0.9108806990168558,0.9344397177586744,99,0,99.0,4,0,1,"(33, 50)",0,0.0010582010582010583,71.0,57.0,majority_vote,4,RECONNAISSANCE,8,"(28, 28)",False,1,False,100
0,0.0,True,0.0,0.9550484613646043,0.9769699906448045,99,0,99.0,3,0,1,"(33, 50)",0,0.0,66.0,51.0,majority_vote,3,RECONNAISSANCE,7,"(16, 35)",False,2,False,100
0,0.0,True,0.0,0.9,0.9,105,0,105.0,3,0,0,"(2, 41)",0,0.0,,,majority_vote,3,RECONNAISSANCE,6,"(3, 44)",False,0,False,105
0,0.0,True,0.0,0.9108806990168558,0.9344397177586744,104,0,104.0,4,0,1,"(33, 50)",0,0.0010256410256410256,71.0,57.0,majority_vote,4,RECONNAISSANCE,8,"(28, 33)",False,1,False,105
0,0.0,True,0.0,0.9604723959679196,0.980238819752806,104,0,104.0,3,0,1,"(33, 50)",0,0.0,66.0,51.0,majority_vote,3,RECONNAISSANCE,7,"(16, 40)",False,2,False,105
0,0.0,True,0.0,0.9,0.9,109,0,109.0,4,0,1,"(33, 50)",0,0.0,110.0,41.0,majority_vote,4,RECONNAISSANCE,7,"(2, 41)",False,0,False,110
0,0.0,True,0.0,0.9108806990168558,0.9344397177586744,109,0,109.0,4,0,1,"(33, 50)",0,0.001006036217303823,71.0,57.0,majority_vote,4,RECONNAISSANCE,8,"(28, 38)",False,1,False,110
0,0.0,True,0.0,0.9653625468775133,0.9831541646129288,109,0,109.0,3,0,1,"(33, 50)",0,0.001006036217303823,66.0,51.0,majority_vote,3,RECONNAISSANCE,7,"(16, 45)",False,2,False,110
0,0.0,True,0.0,0.9,0.9,114,0,114.0,6,0,1,"(33, 50)",0,0.0,110.0,41.0,majority_vote,6,RECONNAISSANCE,9,"(3, 45)",False,0,False,115
0,0.0,True,0.0,0.9160738158389049,0.9414311143009808,114,0,114.0,4,0,1,"(33, 50)",0,0.001004016064257028,71.0,57.0,majority_vote,4,RECONNAISSANCE,8,"(28, 43)",False,1,False,115
0,0.0,True,0.0,0.9697504828538225,0.9857210927671921,114,0,114.0,3,0,1,"(33, 50)",0,0.001004016064257028,66.0,51.0,majority_vote,3,RECONNAISSANCE,7,"(17, 49)",False,2,False,115
0,0.0,True,0.0,0.9,0.9,119,0,119.0,6,0,1,"(33, 50)",0,0.0,110.0,41.0,majority_vote,6,RECONNAISSANCE,10,"(7, 46)",False,0,False,120
0,0.0,True,0.0,0.9230172027069747,0.949671510713359,119,0,119.0,4,0,1,"(33, 50)",0,0.001004016064257028,71.0,57.0,majority_vote,4,RECONNAISSANCE,8,"(31, 45)",False,1,False,120
0,0.0,True,0.0,0.9736803080839918,0.9881462825068477,119,0,119.0,3,0,1,"(33, 50)",0,0.0030120481927710845,66.0,51.0,majority_vote,3,RECONNAISSANCE,7,"(21, 50)",False,2,False,120
0,0.0,True,0.0,0.9,0.9,124,0,124.0,7,0,1,"(33, 50)",0,0.0,110.0,41.0,majority_vote,7,RECONNAISSANCE,11,"(12, 46)",False,0,False,125
0,0.0,True,0.0,0.9287112464204316,0.9562795299641995,124,0,124.0,4,0,1,"(33, 50)",0,0.001004016064257028,71.0,57.0,majority_vote,4,RECONNAISSANCE,9,"(33, 48)",False,1,False,125
0,0.0,True,0.0,0.9772530513175309,0.9901559571726289,124,0,124.0,3,0,1,"(33, 50)",0,0.0030120481927710845,66.0,51.0,majority_vote,3,RECONNAISSANCE,8,"(26, 50)",False,2,False,125
0,0.0,True,0.0,0.9,0.9,129,0,129.0,7,0,1,"(33, 50)",0,0.0,110.0,41.0,majority_vote,7,RECONNAISSANCE,11,"(14, 49)",False,0,False,130
0,0.0,True,0.0,0.9287112464204316,0.9562795299641995,128,0,128.0,5,0,1,"(33, 8)",0,0.001004016064257028,71.0,57.0,majority_vote,5,RECONNAISSANCE,10,"(33, 48)",False,1,False,130
0,0.0,True,0.0,0.9803769101282308,0.9915769821261488,129,0,129.0,3,0,1,"(33, 50)",0,0.0030120481927710845,66.0,51.0,majority_vote,3,RECONNAISSANCE,8,"(31, 50)",False,2,False,130
0,0.0,True,0.0,0.9,0.9,134,0,134.0,7,0,1,"(33, 50)",0,0.0,110.0,41.0,majority_vote,7,RECONNAISSANCE,11,"(19, 49)",False,0,False,135
0,0.0,True,0.0,0.9287112464204316,0.9562795299641995,133,0,133.0,5,0,1,"(33, 8)",0,0.001004016064257028,71.0,57.0,majority_vote,5,RECONNAISSANCE,10,"(30, 46)",False,1,False,135
0,0.0,True,0.0,0.9820699715745466,0.9925532576165232,133,0,133.0,4,0,1,"(33, 8)",0,0.0030120481927710845,66.0,51.0,majority_vote,4,RECONNAISSANCE,9,"(33, 48)",False,2,False,135
0,0.0,True,0.0,0.9,0.9,139,0,139.0,7,0,1,"(33, 50)",0,0.0,110.0,41.0,majority_vote,7,RECONNAISSANCE,11,"(23, 50)",False,0,False,140
0,0.0,True,0.0,0.9287112464204316,0.9562795299641995,138,0,138.0,5,0,1,"(33, 8)",0,0.001004016064257028,71.0,57.0,majority_vote,5,RECONNAISSANCE,10,"(29, 42)",False,1,False,140
0,0.0,True,0.0,0.9831194669368263,0.9929229284182419,138,0,138.0,4,0,1,"(33, 8)",0,0.0030120481927710845,66.0,51.0,majority_vote,4,RECONNAISSANCE,9,"(30, 46)",False,2,False,140
0,0.0,True,0.0,0.9,0.9,144,0,144.0,7,0,1,"(33, 50)",0,0.0,110.0,41.0,majority_vote,7,RECONNAISSANCE,11,"(28, 50)",False,0,False,145
0,0.0,True,0.0,0.9315845318832269,0.9587812605486472,143,0,143.0,5,0,1,"(33, 8)",0,0.001004016064257028,71.0,57.0,majority_vote,5,RECONNAISSANCE,10,"(29, 37)",False,1,False,145
0,0.0,True,0.0,0.9855106402903028,0.9941782573979717,143,0,143.0,4,0,1,"(33, 8)",0,0.0030120481927710845,66.0,51.0,majority_vote,4,RECONNAISSANCE,9,"(29, 42)",False,2,False,145
0,0.0,True,0.0,0.9,0.9,149,0,149.0,7,0,1,"(33, 50)",0,0.06626506024096386,110.0,41.0,majority_vote,7,RECONNAISSANCE,12,"(33, 50)",False,0,False,150
0,0.0,True,0.0,0.9315845318832269,0.9587812605486472,148,0,148.0,5,0,1,"(33, 8)",0,0.06526104417670683,71.0,57.0,majority_vote,5,RECONNAISSANCE,11,"(29, 32)",False,1,False,150
0,0.0,True,0.0,0.9863863522453902,0.9945843375428799,148,0,148.0,4,0,1,"(33, 8)",0,0.06325301204819277,66.0,51.0,majority_vote,4,RECONNAISSANCE,10,"(29, 37)",False,2,False,150
0,0.0,True,0.0,0.9,0.9,153,0,153.0,8,0,1,"(13, 50)",0,0.06224899598393574,110.0,41.0,majority_vote,8,RECONNAISSANCE,13,"(29, 50)",False,0,False,155
0,0.0,True,0.0,0.9315845318832269,0.9587812605486472,153,0,153.0,5,0,1,"(33, 8)",0,0.06124497991967871,71.0,57.0,majority_vote,5,RECONNAISSANCE,11,"(29, 27)",False,1,False,155
0,0.0,True,0.0,0.9863863522453902,0.9945843375428799,153,0,153.0,4,0,1,"(33, 8)",0,0.05923694779116466,66.0,51.0,majority_vote,4,RECONNAISSANCE,10,"(29, 32)",False,2,False,155
0,0.0,True,0.0,0.9,0.9,158,0,158.0,8,0,1,"(13, 50)",0,0.05923694779116466,110.0,41.0,majority_vote,8,RECONNAISSANCE,13,"(25, 49)",False,0,False,160
0,0.0,True,0.0,0.9315845318832269,0.9587812605486472,158,0,158.0,5,0,1,"(33, 8)",0,0.05823293172690763,71.0,57.0,majority_vote,5,RECONNAISSANCE,11,"(29, 22)",False,1,False,160
0,0.0,True,0.0,0.9863863522453902,0.9945843375428799,158,0,158.0,4,0,1,"(33, 8)",0,0.055220883534136546,66.0,51.0,majority_vote,4,RECONNAISSANCE,10,"(29, 27)",False,2,False,160
0,0.0,True,0.0,0.9,0.9,163,0,163.0,8,0,1,"(13, 50)",0,0.05421686746987952,110.0,41.0,majority_vote,8,RECONNAISSANCE,13,"(20, 49)",False,0,False,165
0,0.0,True,0.0,0.9315845318832269,0.9587812605486472,163,0,163.0,6,0,1,"(33, 8)",0,0.05321285140562249,71.0,57.0,majority_vote,6,RECONNAISSANCE,12,"(29, 17)",False,1,False,165
0,0.0,True,0.0,0.9863863522453902,0.9945843375428799,163,0,163.0,5,0,1,"(33, 8)",0,0.050200803212851405,66.0,51.0,majority_vote,5,RECONNAISSANCE,11,"(29, 22)",False,2,False,165
0,0.0,True,0.0,0.9,0.9,168,0,168.0,8,0,1,"(13, 50)",0,0.05321285140562249,110.0,41.0,majority_vote,8,RECONNAISSANCE,13,"(16, 50)",False,0,False,170
0,0.0,True,0.0,0.9315845318832269,0.9587812605486472,168,0,168.0,6,0,1,"(33, 8)",0,0.05220883534136546,71.0,57.0,majority_vote,6,RECONNAISSANCE,12,"(30, 13)",False,1,False,170
0,0.0,True,0.0,0.9863863522453902,0.9945843375428799,168,0,168.0,5,0,1,"(33, 8)",0,0.04919678714859438,66.0,51.0,majority_vote,5,RECONNAISSANCE,11,"(29, 17)",False,2,False,170
0,0.0,True,0.0,0.9,0.9,172,0,172.0,9,0,2,"(2, 41)",0,0.050100200400801605,87.0,32.0,majority_vote,9,RECONNAISSANCE,15,"(12, 50)",False,0,False,175
0,0.0,True,0.0,0.9315845318832269,0.9587812605486472,173,0,173.0,6,0,1,"(33, 8)",0,0.04909819639278557,71.0,57.0,majority_vote,6,RECONNAISSANCE,13,"(30, 8)",False,1,False,175
0,0.0,True,0.0,0.9863863522453902,0.9945843375428799,173,0,173.0,6,0,1,"(33, 8)",0,0.04609218436873747,66.0,51.0,majority_vote,6,RECONNAISSANCE,12,"(30, 13)",False,2,False,175
0,0.0,True,0.0,0.9,0.9,177,0,177.0,9,0,2,"(2, 41)",0,0.050100200400801605,87.0,32.0,majority_vote,9,RECONNAISSANCE,15,"(11, 46)",False,0,False,180
0,0.0,True,0.0,0.9315845318832269,0.9587812605486472,177,0,177.0,7,0,2,"(13, 50)",0,0.04909819639278557,89.5,54.0,majority_vote,7,RECONNAISSANCE,14,"(32, 8)",False,1,False,180
0,0.0,True,0.0,0.9863863522453902,0.9945843375428799,178,0,178.0,6,0,1,"(33, 8)",0,0.04609218436873747,66.0,51.0,majority_vote,6,RECONNAISSANCE,12,"(32, 10)",False,2,False,180
0,0.0,True,0.0,0.9,0.9,182,0,182.0,9,0,2,"(2, 41)",0,0.04909819639278557,87.0,32.0,majority_vote,9,RECONNAISSANCE,15,"(7, 45)",False,0,False,185
0,0.0,True,0.0,0.9315845318832269,0.9587812605486472,182,0,182.0,7,0,2,"(13, 50)",0,0.04809619238476954,89.5,54.0,majority_vote,7,RECONNAISSANCE,14,"(30, 11)",False,1,False,185
0,0.0,True,0.0,0.9863863522453902,0.9945843375428799,182,0,182.0,7,0,2,"(2, 20)",0,0.045090180360721446,92.0,51.0,majority_vote,7,RECONNAISSANCE,13,"(32, 8)",False,2,False,185
0,0.0,True,0.0,0.9,0.9,187,0,187.0,9,0,2,"(2, 41)",0,0.04685942173479561,87.0,32.0,majority_vote,9,RECONNAISSANCE,15,"(6, 41)",False,0,False,190
0,0.0,True,0.0,0.9315845318832269,0.9587812605486472,187,0,187.0,7,0,2,"(13, 50)",0,0.045862412761714856,89.5,54.0,majority_vote,7,RECONNAISSANCE,14,"(29, 15)",False,1,False,190
0,0.0,True,0.0,0.9863863522453902,0.9945843375428799,187,0,187.0,7,0,2,"(2, 20)",0,0.0448654037886341,92.0,51.0,majority_vote,7,RECONNAISSANCE,13,"(27, 8)",False,2,False,190
0,0.0,True,0.0,0.9,0.9,191,0,191.0,10,0,2,"(2, 50)",0,0.046766169154228855,87.0,32.0,majority_vote,10,RECONNAISSANCE,16,"(2, 41)",False,0,False,195
0,0.0,True,0.0,0.9315845318832269,0.9587812605486472,192,0,192.0,7,0,2,"(13, 50)",0,0.045771144278606964,89.5,54.0,majority_vote,7,RECONNAISSANCE,14,"(29, 20)",False,1,False,195
0,0.0,True,0.0,0.9863863522453902,0.9945843375428799,192,0,192.0,7,0,2,"(2, 20)",0,0.04477611940298507,92.0,51.0,majority_vote,7,RECONNAISSANCE,13,"(23, 9)",False,2,False,195
0,0.0,True,0.0,0.9,0.9,196,0,196.0,10,0,2,"(2, 50)",0,0.042786069651741296,87.0,32.0,majority_vote,10,RECONNAISSANCE,17,"(3, 45)",False,0,False,200
0,0.0,True,0.0,0.9315845318832269,0.9587812605486472,197,0,197.0,7,0,2,"(13, 50)",0,0.045771144278606964,89.5,54.0,majority_vote,7,RECONNAISSANCE,15,"(29, 25)",False,1,False,200
0,0.0,True,0.0,0.9863863522453902,0.9945843375428799,197,0,197.0,8,0,2,"(2, 20)",0,0.04079601990049751,92.0,51.0,majority_vote,8,RECONNAISSANCE,14,"(18, 9)",False,2,False,200
0,0.0,True,0.0,0.9,0.9,201,0,201.0,10,0,2,"(2, 50)",0,0.039761431411530816,87.0,32.0,majority_vote,10,RECONNAISSANCE,17,"(3, 50)",False,0,False,205
0,0.0,True,0.0,0.9315845318832269,0.9587812605486472,202,0,202.0,7,0,2,"(13, 50)",0,0.0437375745526839,89.5,54.0,majority_vote,7,RECONNAISSANCE,15,"(28, 29)",False,1,False,205
0,0.0,True,0.0,0.9863863522453902,0.9945843375428799,202,0,202.0,9,0,2,"(2, 20)",0,0.03777335984095427,92.0,51.0,majority_vote,9,RECONNAISSANCE,15,"(16, 12)",False,2,False,205
0,0.0,True,0.0,0.9,0.9,205,0,205.0,11,0,3,"(33, 8)",0,0.039721946375372394,69.0,25.333333333333332,majority_vote,11,RECONNAISSANCE,18,"(4, 49)",False,0,False,210
0,0.0,True,0.0,0.9315845318832269,0.9587812605486472,207,0,207.0,7,0,2,"(13, 50)",0,0.04369414101290963,89.5,54.0,majority_vote,7,RECONNAISSANCE,15,"(28, 34)",False,1,False,210
0,0.0,True,0.0,0.9863863522453902,0.9945843375428799,207,0,207.0,9,0,2,"(2, 20)",0,0.03773584905660377,92.0,51.0,majority_vote,9,RECONNAISSANCE,15,"(14, 15)",False,2,False,210
0,0.0,True,0.0,0.9,0.9,210,0,210.0,11,0,3,"(33, 8)",0,0.03574975173783516,69.0,25.333333333333332,majority_vote,11,RECONNAISSANCE,18,"(6, 46)",False,0,False,215
0,0.0,True,0.0,0.9315845318832269,0.9587812605486472,212,0,212.0,7,0,2,"(13, 50)",0,0.04369414101290963,89.5,54.0,majority_vote,7,RECONNAISSANCE,15,"(28, 39)",False,1,False,215
0,0.0,True,0.0,0.9863863522453902,0.9945843375428799,212,0,212.0,9,0,2,"(2, 20)",0,0.033763654419066536,92.0,51.0,majority_vote,9,RECONNAISSANCE,15,"(14, 20)",False,2,False,215
0,0.0,True,0.0,0.9,0.9,215,0,215.0,11,0,3,"(33, 8)",0,0.03241650294695481,69.0,25.333333333333332,majority_vote,11,RECONNAISSANCE,18,"(7, 42)",False,0,False,220
0,0.0,True,0.0,0.9384530076347677,0.9639745118938426,217,0,217.0,7,0,2,"(13, 50)",0,0.04027504911591356,89.5,54.0,majority_vote,7,RECONNAISSANCE,15,"(28, 44)",False,1,False,220
0,0.0,True,0.0,0.9863863522453902,0.9945843375428799,217,0,217.0,9,0,2,"(2, 20)",0,0.030451866404715127,92.0,51.0,majority_vote,9,RECONNAISSANCE,15,"(9, 20)",False,2,False,220
0,0.0,True,0.0,0.9,0.9,220,0,220.0,11,0,3,"(33, 8)",0,0.03145853193517636,69.0,25.333333333333332,majority_vote,11,RECONNAISSANCE,19,"(11, 41)",False,0,False,225
0,0.0,True,0.0,0.9449223240568699,0.9689080440960692,222,0,222.0,7,0,2,"(13, 50)",0,0.03908484270734033,89.5,54.0,majority_vote,7,RECONNAISSANCE,16,"(28, 49)",False,1,False,225
0,0.0,True,0.0,0.9863863522453902,0.9945843375428799,222,0,222.0,9,0,2,"(2, 20)",0,0.029551954242135366,92.0,51.0,majority_vote,9,RECONNAISSANCE,16,"(4, 20)",False,2,False,225
0,0.0,True,0.0,0.9,0.9,225,0,225.0,11,0,3,"(33, 8)",0,0.025689819219790674,69.0,25.333333333333332,majority_vote,11,RECONNAISSANCE,19,"(16, 41)",False,0,False,230
0,0.0,True,0.0,0.9509992584808702,0.9737256159868588,227,0,227.0,7,0,2,"(13, 50)",0,0.03330161750713606,89.5,54.0,majority_vote,7,RECONNAISSANCE,16,"(23, 49)",False,1,False,230
0,0.0,True,0.0,0.9863863522453902,0.9945843375428799,226,0,226.0,10,0,2,"(25, 2)",0,0.025689819219790674,92.0,51.0,majority_vote,10,RECONNAISSANCE,17,"(4, 20)",False,2,False,230
0,0.0,True,0.0,0.9,0.9,230,0,230.0,11,0,3,"(33, 8)",0,0.017975402081362345,69.0,25.333333333333332,majority_vote,11,RECONNAISSANCE,19,"(16, 36)",False,0,False,235
0,0.0,True,0.0,0.9567582429936515,0.9778686098239047,232,0,232.0,7,0,2,"(13, 50)",0,0.026490066225165563,89.5,54.0,majority_vote,7,RECONNAISSANCE,16,"(18, 49)",False,1,False,235
0,0.0,True,0.0,0.9863863522453902,0.9945843375428799,231,0,231.0,10,0,2,"(25, 2)",0,0.017975402081362345,92.0,51.0,majority_vote,10,RECONNAISSANCE,17,"(9, 20)",False,2,False,235
0,0.0,True,0.0,0.9,0.9,235,0,235.0,11,0,3,"(33, 8)",0,0.010387157695939566,69.0,25.333333333333332,majority_vote,11,RECONNAISSANCE,19,"(16, 31)",False,0,False,240
0,0.0,True,0.0,0.9620392089614214,0.9813045137224076,237,0,237.0,7,0,2,"(13, 50)",0,0.0226628895184136,89.5,54.0,majority_vote,7,RECONNAISSANCE,16,"(13, 49)",False,1,False,240
0,0.0,True,0.0,0.9863863522453902,0.9945843375428799,236,0,236.0,10,0,2,"(25, 2)",0,0.015108593012275733,92.0,51.0,majority_vote,10,RECONNAISSANCE,17,"(14, 20)",False,2,False,240
0,0.0,True,0.0,0.9,0.9,240,0,240.0,11,0,3,"(33, 8)",0,0.010387157695939566,69.0,25.333333333333332,majority_vote,11,RECONNAISSANCE,19,"(16, 26)",False,0,False,245
0,0.0,True,0.0,0.9658831616026363,0.9835261173731937,241,0,241.0,8,0,2,"(2, 20)",0,0.0226628895184136,89.5,54.0,majority_vote,8,RECONNAISSANCE,17,"(12, 48)",False,1,False,245
0,0.0,True,0.0,0.9863863522453902,0.9945843375428799,241,0,241.0,10,0,2,"(25, 2)",0,0.015108593012275733,92.0,51.0,majority_vote,10,RECONNAISSANCE,17,"(14, 15)",False,2,False,245
0,0.0,True,0.0,0.9,0.9,245,0,245.0,12,0,3,"(33, 8)",0,0.007532956685499058,69.0,25.333333333333332,majority_vote,12,RECONNAISSANCE,20,"(16, 21)",False,0,False,250
0,0.0,True,0.0,0.9702497705737229,0.986121004286752,246,0,246.0,9,0,2,"(2, 20)",0,0.018832391713747645,89.5,54.0,majority_vote,9,RECONNAISSANCE,18,"(10, 45)",False,1,False,250
0,0.0,True,0.0,0.9876038113665467,0.9950891172044418,246,0,246.0,11,0,2,"(25, 2)",0,0.01224105461393597,92.0,51.0,majority_vote,11,RECONNAISSANCE,18,"(17, 13)",False,2,False,250
0,0.0,True,0.0,0.9,0.9,250,0,250.0,12,0,3,"(33, 8)",0,0.007532956685499058,69.0,25.333333333333332,majority_vote,12,RECONNAISSANCE,20,"(18, 18)",False,0,False,255
0,0.0,True,0.0,0.9741696734964536,0.9883349201610893,251,0,251.0,9,0,2,"(2, 20)",0,0.015065913370998116,89.5,54.0,majority_vote,9,RECONNAISSANCE,18,"(7, 43)",False,1,False,255
0,0.0,True,0.0,0.989419697911217,0.9959544721044405,251,0,251.0,11,0,2,"(25, 2)",0,0.01224105461393597,92.0,51.0,majority_vote,11,RECONNAISSANCE,18,"(19, 10)",False,2,False,255
0,0.0,True,0.0,0.9,0.9,255,0,255.0,12,0,3,"(33, 8)",0,0.007532956685499058,69.0,25.333333333333332,majority_vote,12,RECONNAISSANCE,20,"(22, 17)",False,0,False,260
0,0.0,True,0.0,0.9776363478636582,0.990167485420741,256,0,256.0,9,0,2,"(2, 20)",0,0.015065913370998116,89.5,54.0,majority_vote,9,RECONNAISSANCE,18,"(4, 41)",False,1,False,260
0,0.0,True,0.0,0.9900782017597342,0.9962450339624972,256,0,256.0,11,0,2,"(25, 2)",0,0.01224105461393597,92.0,51.0,majority_vote,11,RECONNAISSANCE,18,"(23, 9)",False,2,False,260
0,0.0,True,0.0,0.9,0.9,260,0,260.0,12,0,3,"(33, 8)",0,0.0065420560747663555,69.0,25.333333333333332,majority_vote,12,RECONNAISSANCE,20,"(25, 15)",False,0,False,265
0,0.0,True,0.0,0.9795092989280191,0.991136437071666,261,0,261.0,9,0,2,"(2, 20)",0,0.014018691588785047,89.5,54.0,majority_vote,9,RECONNAISSANCE,18,"(3, 37)",False,1,False,265
0,0.0,True,0.0,0.9903934464848212,0.9963830962614759,261,0,261.0,11,0,2,"(25, 2)",0,0.012149532710280374,92.0,51.0,majority_vote,11,RECONNAISSANCE,18,"(25, 6)",False,2,False,265
0,0.0,True,0.0,0.9,0.9,265,0,265.0,12,0,3,"(33, 8)",0,0.006422018348623854,69.0,25.333333333333332,majority_vote,12,RECONNAISSANCE,20,"(25, 10)",False,0,False,270
0,0.0,True,0.0,0.9795092989280191,0.991136437071666,266,0,266.0,9,0,2,"(2, 20)",0,0.013761467889908258,89.5,54.0,majority_vote,9,RECONNAISSANCE,18,"(3, 32)",False,1,False,270
0,0.0,True,0.0,0.9918301272471409,0.9969529471515961,265,0,265.0,12,0,3,"(33, 50)",0,0.011926605504587157,90.0,48.0,majority_vote,12,RECONNAISSANCE,19,"(25, 2)",False,2,False,270
0,0.0,True,0.0,0.9,0.9,270,0,270.0,12,0,3,"(33, 8)",0,0.006334841628959276,69.0,25.333333333333332,majority_vote,12,RECONNAISSANCE,21,"(28, 8)",False,0,False,275
0,0.0,True,0.0,0.9795092989280191,0.991136437071666,271,0,271.0,9,0,2,"(2, 20)",0,0.013574660633484163,89.5,54.0,majority_vote,9,RECONNAISSANCE,19,"(3, 27)",False,1,False,275
0,0.0,True,0.0,0.9930683131660153,0.9975379864456354,270,0,270.0,12,0,3,"(33, 50)",0,0.011764705882352941,90.0,48.0,majority_vote,12,RECONNAISSANCE,20,"(25, 7)",False,2,False,275
0,0.0,True,0.0,0.9,0.9,275,0,275.0,12,0,3,"(33, 8)",0,0.006329113924050633,69.0,25.333333333333332,majority_vote,12,RECONNAISSANCE,21,"(33, 8)",False,0,False,280
0,0.0,True,0.0,0.9795092989280191,0.991136437071666,276,0,276.0,9,0,2,"(2, 20)",0,0.013562386980108499,89.5,54.0,majority_vote,9,RECONNAISSANCE,19,"(2, 23)",False,1,False,280
0,0.0,True,0.0,0.9941558027338965,0.9980679221456189,275,0,275.0,12,0,3,"(33, 50)",0,0.011754068716094032,90.0,48.0,majority_vote,12,RECONNAISSANCE,20,"(26, 11)",False,2,False,280
0,0.0,True,0.0,0.9,0.9,279,0,279.0,13,0,3,"(3, 8)",0,0.006329113924050633,69.0,25.333333333333332,majority_vote,13,RECONNAISSANCE,22,"(29, 8)",False,0,False,285
0,0.0,True,0.0,0.9795092989280191,0.991136437071666,280,0,280.0,10,0,3,"(2, 41)",0,0.013562386980108499,94.66666666666667,50.0,majority_vote,10,RECONNAISSANCE,20,"(2, 21)",False,1,False,285
0,0.0,True,0.0,0.9950943371218902,0.9984324008486046,280,0,280.0,12,0,3,"(33, 50)",0,0.0108499095840868,90.0,48.0,majority_vote,12,RECONNAISSANCE,20,"(27, 15)",False,2,False,285
0,0.0,True,0.0,0.9,0.9,284,0,284.0,13,0,3,"(3, 8)",0,0.009945750452079566,69.0,25.333333333333332,majority_vote,13,RECONNAISSANCE,22,"(25, 9)",False,0,False,290
0,0.0,True,0.0,0.9795092989280191,0.991136437071666,285,0,285.0,10,0,3,"(2, 41)",0,0.013562386980108499,94.66666666666667,50.0,majority_vote,10,RECONNAISSANCE,20,"(3, 25)",False,1,False,290
0,0.0,True,0.0,0.9958813241347333,0.9986551170427527,285,0,285.0,12,0,3,"(33, 50)",0,0.0108499095840868,90.0,48.0,majority_vote,12,RECONNAISSANCE,20,"(29, 18)",False,2,False,290
0,0.0,True,0.0,0.9,0.9,289,0,289.0,13,0,3,"(3, 8)",0,0.0108499095840868,69.0,25.333333333333332,majority_vote,13,RECONNAISSANCE,22,"(20, 9)",False,0,False,295
0,0.0,True,0.0,0.9795092989280191,0.991136437071666,290,0,290.0,10,0,3,"(2, 41)",0,0.009945750452079566,94.66666666666667,50.0,majority_vote,10,RECONNAISSANCE,20,"(3, 30)",False,1,False,295
0,0.0,True,0.0,0.9960220063725567,0.9986949688912006,290,0,290.0,12,0,3,"(33, 50)",0,0.011754068716094032,90.0,48.0,majority_vote,12,RECONNAISSANCE,20,"(29, 23)",False,2,False,295
0,0.0,True,0.0,0.9,0.9,294,0,294.0,14,0,3,"(3, 8)",0,0.048824593128390596,69.0,25.333333333333332,majority_vote,14,ATTACK,23,"(17, 11)",False,0,False,300
0,0.0,True,0.0,0.9795092989280191,0.991136437071666,295,0,295.0,10,0,3,"(2, 41)",0,0.05515370705244123,94.66666666666667,50.0,majority_vote,10,ATTACK,21,"(3, 35)",False,1,False,300
0,0.0,True,0.0,0.9960220063725567,0.9986949688912006,295,0,295.0,12,0,3,"(33, 50)",0,0.05244122965641953,90.0,48.0,majority_vote,12,ATTACK,21,"(29, 28)",False,2,False,300
0,0.0,True,0.0,0.9,0.9,299,0,299.0,14,0,3,"(3, 8)",0,0.0461121157323689,69.0,25.333333333333332,majority_vote,14,ATTACK,23,"(14, 9)",False,0,False,305
0,0.0,True,0.0,0.9795092989280191,0.991136437071666,300,0,300.0,10,0,3,"(2, 41)",0,0.054249547920433995,94.66666666666667,50.0,majority_vote,10,ATTACK,21,"(3, 40)",False,1,False,305
0,0.0,True,0.0,0.9960220063725567,0.9986949688912006,300,0,300.0,12,0,3,"(33, 50)",0,0.05244122965641953,90.0,48.0,majority_vote,12,ATTACK,21,"(29, 33)",False,2,False,305
0,0.0,True,0.0,0.9,0.9,304,0,304.0,14,0,3,"(3, 8)",0,0.0461121157323689,69.0,25.333333333333332,majority_vote,14,ATTACK,23,"(10, 8)",False,0,False,310
0,0.0,True,0.0,0.9795092989280191,0.991136437071666,304,0,304.0,11,0,3,"(15, 2)",0,0.054249547920433995,94.66666666666667,50.0,majority_vote,11,ATTACK,22,"(4, 41)",False,1,False,310
0,0.0,True,0.0,0.9960220063725567,0.9986949688912006,305,0,305.0,12,0,3,"(33, 50)",0,0.05244122965641953,90.0,48.0,majority_vote,12,ATTACK,21,"(29, 38)",False,2,False,310
0,0.0,True,0.0,0.9,0.9,309,0,309.0,14,0,3,"(3, 8)",0,0.046028880866425995,69.0,25.333333333333332,majority_vote,14,ATTACK,23,"(5, 8)",False,0,False,315
0,0.0,True,0.0,0.9795092989280191,0.991136437071666,309,0,309.0,11,0,3,"(15, 2)",0,0.05324909747292419,94.66666666666667,50.0,majority_vote,11,ATTACK,22,"(7, 39)",False,1,False,315
0,0.0,True,0.0,0.9960220063725567,0.9986949688912006,310,0,310.0,12,0,3,"(33, 50)",0,0.04963898916967509,90.0,48.0,majority_vote,12,ATTACK,21,"(31, 41)",False,2,False,315
0,0.0,True,0.0,0.9,0.9,313,0,313.0,15,0,4,"(2, 20)",0,0.0452930728241563,79.5,28.25,majority_vote,15,ATTACK,24,"(5, 8)",False,0,False,320
0,0.0,True,0.0,0.9795092989280191,0.991136437071666,314,0,314.0,11,0,3,"(15, 2)",0,0.052397868561278864,94.66666666666667,50.0,majority_vote,11,ATTACK,22,"(7, 34)",False,1,False,320
0,0.0,True,0.0,0.9960220063725567,0.9986949688912006,315,0,315.0,12,0,3,"(33, 50)",0,0.04884547069271759,90.0,48.0,majority_vote,12,ATTACK,21,"(31, 46)",False,2,False,320
0,0.0,True,0.0,0.9,0.9,318,0,318.0,15,0,4,"(2, 20)",0,0.04477611940298507,79.5,28.25,majority_vote,15,ATTACK,25,"(10, 8)",False,0,False,325
0,0.0,True,0.0,0.9795092989280191,0.991136437071666,319,0,319.0,11,0,3,"(15, 2)",0,0.05179982440737489,94.66666666666667,50.0,majority_vote,11,ATTACK,23,"(7, 29)",False,1,False,325
0,0.0,True,0.0,0.9960220063725567,0.9986949688912006,320,0,320.0,12,0,3,"(33, 50)",0,0.046532045654082525,90.0,48.0,majority_vote,12,ATTACK,22,"(32, 50)",False,2,False,325
0,0.0,True,0.0,0.9,0.9,323,0,323.0,15,0,4,"(2, 20)",0,0.03943908851884312,79.5,28.25,majority_vote,15,ATTACK,25,"(13, 10)",False,0,False,330
0,0.0,True,0.0,0.9795092989280191,0.991136437071666,324,0,324.0,11,0,3,"(15, 2)",0,0.04645048203330412,94.66666666666667,50.0,majority_vote,11,ATTACK,23,"(7, 24)",False,1,False,330
0,0.0,True,0.0,0.9960220063725567,0.9986949688912006,324,0,324.0,13,0,3,"(33, 8)",0,0.04294478527607362,90.0,48.0,majority_vote,13,ATTACK,23,"(33, 47)",False,2,False,330
0,0.0,True,0.0,0.9,0.9,328,0,328.0,15,0,4,"(2, 20)",0,0.03856266432953549,79.5,28.25,majority_vote,15,ATTACK,25,"(14, 14)",False,0,False,335
0,0.0,True,0.0,0.9795092989280191,0.991136437071666,329,0,329.0,11,0,3,"(15, 2)",0,0.04294478527607362,94.66666666666667,50.0,majority_vote,11,ATTACK,23,"(8, 20)",False,1,False,335
0,0.0,True,0.0,0.9960220063725567,0.9986949688912006,329,0,329.0,13,0,3,"(33, 8)",0,0.04294478527607362,90.0,48.0,majority_vote,13,ATTACK,23,"(30, 45)",False,2,False,335
0,0.0,True,0.0,0.9,0.9,333,0,333.0,15,0,4,"(2, 20)",0,0.035996488147497806,79.5,28.25,majority_vote,15,ATTACK,25,"(14, 19)",False,0,False,340
0,0.0,True,0.0,0.7186617859155947,0.7460146632641923,334,0,334.0,11,0,3,"(15, 2)",0,0.04038630377524144,94.66666666666667,50.0,majority_vote,11,ATTACK,23,"(13, 20)",False,1,False,340
4,0.0,True,0.0,0.9960220063725567,0.9986949688912006,334,0,334.0,13,0,3,"(33, 8)",0,0.043898156277436345,90.0,48.0,majority_vote,13,ATTACK,23,"(29, 41)",False,2,False,340
0,0.0,True,0.0,0.9,0.9,337,0,337.0,15,1,4,"(2, 20)",0,0.03424056189640035,79.5,28.25,majority_vote,15,ATTACK,25,"(11, 20)",False,0,False,345
0,0.0,True,0.0,0.732628651447194,0.798506979157165,338,0,338.0,13,1,3,"(15, 2)",0,0.038630377524143986,94.66666666666667,50.0,majority_vote,13,ATTACK,25,"(14, 21)",False,1,False,345
2,0.0,True,0.0,0.9960220063725567,0.9986949688912006,339,0,339.0,13,0,3,"(33, 8)",0,0.04038630377524144,90.0,48.0,majority_vote,13,ATTACK,23,"(29, 36)",False,2,False,345
0,0.0,True,0.0,0.9,0.9,342,0,342.0,15,1,4,"(2, 20)",0,0.033362598770851626,79.5,28.25,majority_vote,15,ATTACK,26,"(6, 20)",False,0,False,350
0,0.0,True,0.0,0.75345565381847,0.8386369991589974,343,0,343.0,13,1,3,"(15, 2)",0,0.035996488147497806,94.66666666666667,50.0,majority_vote,13,ATTACK,26,"(15, 17)",False,1,False,350
0,0.0,True,0.0,0.9960220063725567,0.9986949688912006,344,0,344.0,13,0,3,"(33, 8)",0,0.03950834064969271,90.0,48.0,majority_vote,13,ATTACK,24,"(29, 31)",False,2,False,350
0,0.0,True,0.0,0.9,0.9,346,0,346.0,16,1,4,"(24, 45)",0,0.033362598770851626,79.5,28.25,majority_vote,16,ATTACK,27,"(2, 20)",False,0,False,355
0,0.0,True,0.0,0.7764322354701293,0.8641304916380728,348,0,348.0,13,1,3,"(15, 2)",0,0.035996488147497806,94.66666666666667,50.0,majority_vote,13,ATTACK,26,"(15, 12)",False,1,False,355
0,0.0,True,0.0,0.9960220063725567,0.9986949688912006,349,0,349.0,13,0,3,"(33, 8)",0,0.03950834064969271,90.0,48.0,majority_vote,13,ATTACK,24,"(29, 26)",False,2,False,355
0,0.0,True,0.0,0.9,0.9,351,0,351.0,16,1,4,"(24, 45)",0,0.0338680926916221,79.5,28.25,majority_vote,16,ATTACK,27,"(7, 20)",False,0,False,360
0,0.0,True,0.0,0.7991250915195715,0.8842564294652858,353,0,353.0,13,1,3,"(15, 2)",0,0.033807829181494664,94.66666666666667,50.0,majority_vote,13,ATTACK,26,"(15, 7)",False,1,False,360
0,0.0,True,0.0,0.9960220063725567,0.9986949688912006,354,0,354.0,13,0,3,"(33, 8)",0,0.0392156862745098,90.0,48.0,majority_vote,13,ATTACK,24,"(29, 21)",False,2,False,360
0,0.0,True,0.0,0.9,0.9,356,0,356.0,16,1,4,"(24, 45)",0,0.031194295900178252,79.5,28.25,majority_vote,16,ATTACK,27,"(12, 20)",False,0,False,365
0,0.0,True,0.0,0.8079665187910574,0.8921324371334011,358,0,358.0,13,1,3,"(15, 2)",0,0.028469750889679714,94.66666666666667,50.0,majority_vote,13,ATTACK,26,"(15, 2)",False,1,False,365
0,0.0,True,0.0,0.9960220063725567,0.9986949688912006,359,0,359.0,13,0,3,"(33, 8)",0,0.0338680926916221,90.0,48.0,majority_vote,13,ATTACK,24,"(30, 17)",False,2,False,365
0,0.0,True,0.0,0.9,0.9,361,0,361.0,16,1,4,"(24, 45)",0,0.027629233511586453,79.5,28.25,majority_vote,16,ATTACK,27,"(14, 23)",False,0,False,370
0,0.0,True,0.0,0.8079665187910574,0.8921324371334011,362,0,362.0,14,1,4,"(33, 50)",0,0.026690391459074734,91.5,52.0,majority_vote,14,ATTACK,27,"(15, 6)",False,1,False,370
0,0.0,True,0.0,0.9960220063725567,0.9986949688912006,364,0,364.0,13,0,3,"(33, 8)",0,0.0285204991087344,90.0,48.0,majority_vote,13,ATTACK,24,"(31, 13)",False,2,False,370
0,0.0,True,0.0,0.9,0.9,366,0,366.0,16,1,4,"(24, 45)",0,0.027604630454140695,79.5,28.25,majority_vote,16,ATTACK,28,"(17, 25)",False,0,False,375
0,0.0,True,0.0,0.5126501415655996,0.5126501415655996,367,0,367.0,16,1,4,"(33, 50)",0,0.02666666666666667,91.5,52.0,majority_vote,16,ATTACK,30,"(15, 11)",False,1,False,375
17,0.0,True,0.0,0.9960220063725567,0.9986949688912006,369,0,369.0,13,0,3,"(33, 8)",0,0.026714158504007122,90.0,48.0,majority_vote,13,ATTACK,25,"(31, 8)",False,2,False,375
0,0.0,True,0.0,0.9,0.9,371,0,371.0,16,1,4,"(24, 45)",0,0.023957409050576754,79.5,28.25,majority_vote,16,ATTACK,28,"(17, 30)",False,0,False,380
0,0.0,True,0.0,0.5170317137206238,0.557756545655996,372,0,372.0,16,1,4,"(33, 50)",0,0.026572187776793623,91.5,52.0,majority_vote,16,ATTACK,30,"(17, 14)",False,1,False,380
17,0.0,True,0.0,0.9960220063725567,0.9986949688912006,373,0,373.0,14,0,4,"(33, 30)",0,0.023957409050576754,94.5,48.75,majority_vote,14,ATTACK,26,"(33, 10)",False,2,False,380
0,0.0,True,0.0,0.9,0.9,376,0,376.0,16,1,4,"(24, 45)",0,0.022163120567375887,79.5,28.25,majority_vote,16,ATTACK,28,"(17, 35)",False,0,False,385
0,0.0,True,0.0,0.5305712415703497,0.6090344936178624,377,0,377.0,16,1,4,"(33, 50)",0,0.02566371681415929,91.5,52.0,majority_vote,16,ATTACK,30,"(18, 18)",False,1,False,385
17,0.0,True,0.0,0.9960220063725567,0.9986949688912006,378,0,378.0,14,0,4,"(33, 30)",0,0.020390070921985817,94.5,48.75,majority_vote,14,ATTACK,26,"(30, 12)",False,2,False,385
0,0.0,True,0.0,0.9,0.9,381,0,381.0,17,1,4,"(24, 45)",0,0.01856763925729443,79.5,28.25,majority_vote,17,ATTACK,29,"(17, 40)",False,0,False,390
0,0.0,True,0.0,0.5572577161598677,0.6711803408366205,382,0,382.0,16,1,4,"(33, 50)",0,0.02559576345984113,91.5,52.0,majority_vote,16,ATTACK,30,"(18, 23)",False,1,False,390
17,0.0,True,0.0,0.9960220063725567,0.9986949688912006,383,0,383.0,14,0,4,"(33, 30)",0,0.014146772767462422,94.5,48.75,majority_vote,14,ATTACK,26,"(30, 17)",False,2,False,390
0,0.0,True,0.0,0.9,0.9,386,0,386.0,18,1,4,"(24, 45)",0,0.01675485008818342,79.5,28.25,majority_vote,18,ATTACK,30,"(17, 45)",False,0,False,395
0,0.0,True,0.0,0.5900683054106637,0.7193032647369283,387,0,387.0,16,1,4,"(33, 50)",0,0.024691358024691357,91.5,52.0,majority_vote,16,ATTACK,30,"(21, 25)",False,1,False,395
17,0.0,True,0.0,0.9960220063725567,0.9986949688912006,388,0,388.0,14,0,4,"(33, 30)",0,0.012345679012345678,94.5,48.75,majority_vote,14,ATTACK,26,"(29, 21)",False,2,False,395
0,0.0,True,0.0,0.9,0.9,391,0,391.0,18,1,4,"(24, 45)",0,0.016740088105726872,79.5,28.25,majority_vote,18,ATTACK,31,"(19, 48)",False,0,False,400
0,0.0,True,0.0,0.5900683054106637,0.7193032647369283,392,0,392.0,16,1,4,"(33, 50)",0,0.021145374449339206,91.5,52.0,majority_vote,16,ATTACK,31,"(24, 27)",False,1,False,400
17,0.0,True,0.0,0.9960220063725567,0.9986949688912006,393,0,393.0,14,0,4,"(33, 30)",0,0.012334801762114538,94.5,48.75,majority_vote,14,ATTACK,27,"(29, 26)",False,2,False,400
0,0.0,True,0.0,0.9,0.9,396,0,396.0,18,1,4,"(24, 45)",0,0.016695957820738138,79.5,28.25,majority_vote,18,ATTACK,31,"(23, 49)",False,0,False,405
0,0.0,True,0.0,0.6109633747225457,0.744518409850366,397,0,397.0,16,1,4,"(33, 50)",0,0.0210896309314587,91.5,52.0,majority_vote,16,ATTACK,31,"(27, 29)",False,1,False,405
17,0.0,True,0.0,0.9960220063725567,0.9986949688912006,398,0,398.0,14,0,4,"(33, 30)",0,0.012302284710017574,94.5,48.75,majority_vote,14,ATTACK,27,"(30, 30)",False,2,False,405
0,0.0,True,0.0,0.9,0.9,401,0,401.0,18,1,4,"(24, 45)",0,0.016695957820738138,79.5,28.25,majority_vote,18,ATTACK,31,"(24, 45)",False,0,False,410
0,0.0,True,0.0,0.6109633747225457,0.744518409850366,402,0,402.0,16,1,4,"(33, 50)",0,0.01845342706502636,91.5,52.0,majority_vote,16,ATTACK,31,"(27, 34)",False,1,False,410
17,0.0,True,0.0,0.9960220063725567,0.9986949688912006,402,0,402.0,15,0,4,"(2, 41)",0,0.012302284710017574,94.5,48.75,majority_vote,15,ATTACK,28,"(32, 30)",False,2,False,410
0,0.0,True,0.0,0.9,0.9,405,0,405.0,19,1,5,"(21, 17)",0,0.016681299385425813,82.2,33.8,majority_vote,19,ATTACK,32,"(24, 49)",False,0,False,415
9,0.0,True,0.0,0.6458763157064004,0.7783792322175186,407,0,407.0,16,1,4,"(33, 50)",0,0.024582967515364356,91.5,52.0,majority_vote,16,ATTACK,31,"(27, 39)",False,1,False,415
26,2.9984170468555504,True,2.9984170468555504,0.9960220063725567,0.9986949688912006,407,0,407.0,16,0,4,"(2, 41)",26,0.019315188762071993,94.5,48.75,majority_vote,16,ATTACK,29,"(27, 30)",True,2,True,415
0,0.0,True,0.0,0.9,0.9,410,0,410.0,19,1,5,"(21, 17)",0,0.016652059596844872,82.2,33.8,majority_vote,19,ATTACK,32,"(20, 48)",False,0,False,420
9,0.0,True,0.0,0.6808745074460615,0.814258117298342,412,0,412.0,16,1,4,"(33, 50)",0,0.024539877300613498,91.5,52.0,majority_vote,16,ATTACK,31,"(27, 44)",False,1,False,420
26,2.9984170468555504,True,2.9984170468555504,0.9961574427846941,0.9987307346153055,412,0,412.0,16,0,4,"(2, 41)",26,0.019281332164767746,94.5,48.75,majority_vote,16,ATTACK,29,"(25, 33)",True,2,True,420
0,0.0,True,0.0,0.9,0.9,415,0,415.0,21,1,5,"(21, 17)",0,0.016652059596844872,82.2,33.8,majority_vote,21,ATTACK,34,"(19, 44)",False,0,False,425
9,0.0,True,0.0,0.7087661442200283,0.8405821763324701,417,0,417.0,16,1,4,"(33, 50)",0,0.019281332164767746,91.5,52.0,majority_vote,16,ATTACK,32,"(27, 49)",False,1,False,425
20,4.0,True,4.0,0.7486676529808122,0.7486676529808122,417,0,417.0,16,0,4,"(2, 41)",20,0.014022787028921999,94.5,48.75,majority_vote,16,ATTACK,30,"(22, 35)",True,2,True,425
0,0.0,True,0.0,0.9,0.9,420,0,420.0,21,1,5,"(21, 17)",0,0.016652059596844872,82.2,33.8,majority_vote,21,ATTACK,36,"(19, 39)",False,0,False,430
5,0.0,True,0.0,0.7225209987499336,0.8522412897029907,422,0,422.0,16,1,4,"(33, 50)",0,0.018404907975460124,91.5,52.0,majority_vote,16,ATTACK,32,"(31, 50)",False,1,False,430
18,0.0,True,0.0,0.7105410798989293,0.742367729571094,422,0,422.0,16,0,4,"(2, 41)",0,0.012269938650306749,94.5,48.75,majority_vote,16,ATTACK,30,"(17, 35)",False,2,False,430
0,0.0,True,0.0,0.9,0.9,425,0,425.0,21,1,5,"(21, 17)",0,0.016652059596844872,82.2,33.8,majority_vote,21,ATTACK,36,"(19, 34)",False,0,False,435
0,0.0,True,0.0,0.7225209987499336,0.8522412897029907,426,0,426.0,17,1,4,"(33, 30)",0,0.018404907975460124,91.5,52.0,majority_vote,17,ATTACK,33,"(33, 48)",False,1,False,435
17,0.0,True,0.0,0.7245758658578569,0.7915403034732175,427,0,427.0,16,0,4,"(2, 41)",0,0.012269938650306749,94.5,48.75,majority_vote,16,ATTACK,30,"(12, 35)",False,2,False,435
0,0.0,True,0.0,0.9,0.9,430,0,430.0,21,1,5,"(21, 17)",0,0.016652059596844872,82.2,33.8,majority_vote,21,ATTACK,36,"(19, 29)",False,0,False,440
0,0.0,True,0.0,0.7225209987499336,0.8522412897029907,431,0,431.0,17,1,4,"(33, 30)",0,0.019281332164767746,91.5,52.0,majority_vote,17,ATTACK,33,"(30, 46)",False,1,False,440
17,0.0,True,0.0,0.7363160978626967,0.8138754604144154,432,0,432.0,16,0,4,"(2, 41)",0,0.013146362839614373,94.5,48.75,majority_vote,16,ATTACK,30,"(8, 36)",False,2,False,440
0,0.0,True,0.0,0.9,0.9,435,0,435.0,21,1,5,"(21, 17)",0,0.016652059596844872,82.2,33.8,majority_vote,21,ATTACK,36,"(19, 24)",False,0,False,445
0,0.0,True,0.0,0.7225209987499336,0.8522412897029907,436,0,436.0,17,1,4,"(33, 30)",0,0.018404907975460124,91.5,52.0,majority_vote,17,ATTACK,33,"(29, 42)",False,1,False,445
17,0.0,True,0.0,0.7363160978626967,0.8138754604144154,437,0,437.0,16,0,4,"(2, 41)",0,0.013146362839614373,94.5,48.75,majority_vote,16,ATTACK,30,"(3, 36)",False,2,False,445
0,0.0,True,0.0,0.9,0.9,440,0,440.0,21,1,5,"(21, 17)",0,0.051709027169149865,82.2,33.8,majority_vote,21,ATTACK,37,"(19, 19)",False,0,False,450
0,0.0,True,0.0,0.7357609157093095,0.860235172552414,441,0,441.0,18,1,4,"(33, 30)",0,0.05346187554776512,91.5,52.0,majority_vote,18,ATTACK,34,"(29, 37)",False,1,False,450
17,0.0,True,0.0,0.7363160978626967,0.8138754604144154,442,0,442.0,16,0,4,"(2, 41)",0,0.05083260297984225,94.5,48.75,majority_vote,16,ATTACK,31,"(3, 41)",False,2,False,450
0,0.0,True,0.0,0.9,0.9,444,0,444.0,22,1,5,"(15, 2)",0,0.051709027169149865,82.2,33.8,majority_vote,22,ATTACK,38,"(21, 17)",False,0,False,455
9,0.0,True,0.0,0.7357609157093095,0.860235172552414,446,0,446.0,18,1,4,"(33, 30)",0,0.05346187554776512,91.5,52.0,majority_vote,18,ATTACK,34,"(31, 34)",False,1,False,455
26,0.0,True,0.0,0.7363160978626967,0.8138754604144154,446,0,446.0,17,0,5,"(21, 17)",0,0.05433829973707274,90.4,47.6,majority_vote,17,ATTACK,32,"(5, 41)",False,2,False,455
0,0.0,True,0.0,0.9,0.9,449,0,449.0,22,1,5,"(15, 2)",0,0.051709027169149865,82.2,33.8,majority_vote,22,ATTACK,38,"(16, 17)",False,0,False,460
9,0.0,True,0.0,0.7357609157093095,0.860235172552414,451,0,451.0,18,1,4,"(33, 30)",0,0.05346187554776512,91.5,52.0,majority_vote,18,ATTACK,34,"(32, 30)",False,1,False,460
24,0.0,True,0.0,0.7363160978626967,0.8138754604144154,451,0,451.0,17,0,5,"(21, 17)",0,0.05346187554776512,90.4,47.6,majority_vote,17,ATTACK,32,"(7, 38)",False,2,False,460
0,0.0,True,0.0,0.9,0.9,454,0,454.0,22,1,5,"(15, 2)",0,0.04995617879053462,82.2,33.8,majority_vote,22,ATTACK,38,"(15, 13)",False,0,False,465
9,0.0,True,0.0,0.7357609157093095,0.860235172552414,455,0,455.0,19,1,5,"(2, 50)",0,0.05346187554776512,92.4,47.4,majority_vote,19,ATTACK,35,"(30, 30)",False,1,False,465
9,0.0,True,0.0,0.7363160978626967,0.8138754604144154,456,0,456.0,17,0,5,"(21, 17)",0,0.056091148115687994,90.4,47.6,majority_vote,17,ATTACK,32,"(10, 36)",False,2,False,465
0,0.0,True,0.0,0.9,0.9,459,0,459.0,22,1,5,"(15, 2)",0,0.04732690622261174,82.2,33.8,majority_vote,22,ATTACK,38,"(15, 8)",False,0,False,470
9,0.0,True,0.0,0.7357609157093095,0.860235172552414,460,0,460.0,19,1,5,"(2, 50)",0,0.05346187554776512,92.4,47.4,majority_vote,19,ATTACK,35,"(30, 35)",False,1,False,470
9,0.0,True,0.0,0.7363160978626967,0.8138754604144154,461,0,461.0,17,0,5,"(21, 17)",0,0.056091148115687994,90.4,47.6,majority_vote,17,ATTACK,32,"(13, 34)",False,2,False,470
0,0.0,True,0.0,0.9,0.9,464,0,464.0,22,1,5,"(15, 2)",0,0.04732690622261174,82.2,33.8,majority_vote,22,ATTACK,39,"(15, 3)",False,0,False,475
9,0.0,True,0.0,0.7357609157093095,0.860235172552414,465,0,465.0,20,1,5,"(2, 50)",0,0.05258545135845749,92.4,47.4,majority_vote,20,ATTACK,36,"(25, 35)",False,1,False,475
9,0.0,True,0.0,0.7363160978626967,0.8138754604144154,466,0,466.0,19,0,5,"(21, 17)",0,0.051709027169149865,90.4,47.6,majority_vote,19,ATTACK,35,"(15, 31)",False,2,False,475
0,0.0,True,0.0,0.9,0.9,468,0,468.0,23,1,6,"(33, 30)",0,0.04732690622261174,79.5,31.833333333333332,majority_vote,23,ATTACK,40,"(15, 5)",False,0,False,480
9,0.0,True,0.0,0.7357609157093095,0.860235172552414,470,0,470.0,20,1,5,"(2, 50)",0,0.04732690622261174,92.4,47.4,majority_vote,20,ATTACK,36,"(22, 37)",False,1,False,480
9,0.0,True,0.0,0.740439610485598,0.8187863503207238,471,0,471.0,19,0,5,"(21, 17)",0,0.04995617879053462,90.4,47.6,majority_vote,19,ATTACK,35,"(18, 29)",False,2,False,480
0,0.0,True,0.0,0.9,0.9,473,0,473.0,23,1,6,"(33, 30)",0,0.04995617879053462,79.5,31.833333333333332,majority_vote,23,ATTACK,40,"(17, 8)",False,0,False,485
9,0.0,True,0.0,0.7357609157093095,0.860235172552414,475,0,475.0,20,1,5,"(2, 50)",0,0.04382120946538125,92.4,47.4,majority_vote,20,ATTACK,36,"(18, 38)",False,1,False,485
9,0.0,True,0.0,0.7618610238288102,0.8447519497318959,476,0,476.0,19,0,5,"(21, 17)",0,0.044697633654688866,90.4,47.6,majority_vote,19,ATTACK,35,"(18, 24)",False,2,False,485
0,0.0,True,0.0,0.9,0.9,478,0,478.0,23,1,6,"(33, 30)",0,0.04732690622261174,79.5,31.833333333333332,majority_vote,23,ATTACK,40,"(17, 13)",False,0,False,490
16,0.0,True,0.0,0.7357609157093095,0.860235172552414,480,0,480.0,20,1,5,"(2, 50)",0,0.042068361086765996,92.4,47.4,majority_vote,20,ATTACK,36,"(15, 40)",False,1,False,490
16,0.0,True,0.0,0.7839141527272447,0.8680241806188601,481,0,481.0,19,0,5,"(21, 17)",0,0.044697633654688866,90.4,47.6,majority_vote,19,ATTACK,35,"(18, 19)",False,2,False,490
0,0.0,True,0.0,0.9,0.9,483,0,483.0,23,1,6,"(33, 30)",0,0.04294478527607362,79.5,31.833333333333332,majority_vote,23,ATTACK,40,"(17, 18)",False,0,False,495
9,0.0,True,0.0,0.7357609157093095,0.860235172552414,485,0,485.0,20,1,5,"(2, 50)",0,0.03943908851884312,92.4,47.4,majority_vote,20,ATTACK,36,"(11, 41)",False,1,False,495
9,0.0,True,0.0,0.7445193988033071,0.7867977323702852,486,0,486.0,19,0,5,"(21, 17)",0,0.044697633654688866,90.4,47.6,majority_vote,19,ATTACK,36,"(21, 17)",False,2,False,495
0,0.0,True,0.0,0.9,0.9,488,0,488.0,24,1,6,"(33, 30)",0,0.042068361086765996,79.5,31.833333333333332,majority_vote,24,ATTACK,41,"(18, 22)",False,0,False,500
9,0.0,True,0.0,0.7357609157093095,0.860235172552414,490,0,490.0,21,1,5,"(2, 50)",0,0.03856266432953549,92.4,47.4,majority_vote,21,ATTACK,37,"(6, 41)",False,1,False,500
9,0.0,True,0.0,0.7572417139150578,0.8255404145785302,490,0,490.0,21,0,5,"(2, 50)",0,0.04382120946538125,90.4,47.6,majority_vote,21,ATTACK,38,"(17, 17)",False,2,False,500
0,0.0,True,0.0,0.9,0.9,493,0,493.0,24,1,6,"(33, 30)",0,0.03943908851884312,79.5,31.833333333333332,majority_vote,24,ATTACK,41,"(20, 25)",False,0,False,505
9,0.0,True,0.0,0.7357609157093095,0.860235172552414,495,0,495.0,21,1,5,"(2, 50)",0,0.03768624014022787,92.4,47.4,majority_vote,21,ATTACK,37,"(3, 43)",False,1,False,505
9,0.0,True,0.0,0.7774565632512113,0.8575535005111433,495,0,495.0,21,0,5,"(2, 50)",0,0.04382120946538125,90.4,47.6,majority_vote,21,ATTACK,38,"(14, 19)",False,2,False,505
0,0.0,True,0.0,0.9,0.9,498,0,498.0,24,1,6,"(33, 30)",0,0.03593339176161262,79.5,31.833333333333332,majority_vote,24,ATTACK,41,"(23, 27)",False,0,False,510
9,0.0,True,0.0,0.7357609157093095,0.860235172552414,500,0,500.0,21,1,5,"(2, 50)",0,0.035056967572304996,92.4,47.4,majority_vote,21,ATTACK,37,"(3, 48)",False,1,False,510
9,0.0,True,0.0,0.798973529682914,0.881036167478242,500,0,500.0,21,0,5,"(2, 50)",0,0.04119193689745837,90.4,47.6,majority_vote,21,ATTACK,38,"(14, 24)",False,2,False,510
0,0.0,True,0.0,0.9,0.9,503,0,503.0,24,1,6,"(33, 30)",0,0.03242769500438212,79.5,31.833333333333332,majority_vote,24,ATTACK,41,"(25, 30)",False,0,False,515
9,0.0,True,0.0,0.7357609157093095,0.860235172552414,504,0,504.0,22,1,5,"(24, 45)",0,0.033304119193689745,92.4,47.4,majority_vote,22,ATTACK,38,"(3, 50)",False,1,False,515
9,0.0,True,0.0,0.8200618891164683,0.8985964631887091,505,0,505.0,21,0,5,"(2, 50)",0,0.04119193689745837,90.4,47.6,majority_vote,21,ATTACK,38,"(12, 27)",False,2,False,515
0,0.0,True,0.0,0.9,0.9,508,0,508.0,24,1,6,"(33, 30)",0,0.03155127081507449,79.5,31.833333333333332,majority_vote,24,ATTACK,41,"(30, 30)",False,0,False,520
9,0.0,True,0.0,0.7357609157093095,0.860235172552414,509,0,509.0,22,1,5,"(24, 45)",0,0.033304119193689745,92.4,47.4,majority_vote,22,ATTACK,38,"(5, 47)",False,1,False,520
9,0.0,True,0.0,0.8200618891164683,0.8985964631887091,510,0,510.0,21,0,5,"(2, 50)",0,0.04119193689745837,90.4,47.6,majority_vote,21,ATTACK,38,"(12, 32)",False,2,False,520
0,0.0,True,0.0,0.9,0.9,512,0,512.0,25,1,6,"(25, 2)",0,0.029798422436459245,79.5,31.833333333333332,majority_vote,25,ATTACK,43,"(32, 30)",False,0,False,525
9,0.0,True,0.0,0.7357609157093095,0.860235172552414,514,0,514.0,22,1,5,"(24, 45)",0,0.03155127081507449,92.4,47.4,majority_vote,22,ATTACK,39,"(7, 44)",False,1,False,525
9,0.0,True,0.0,0.8200618891164683,0.8985964631887091,515,0,515.0,22,0,5,"(2, 50)",0,0.040315512708150744,90.4,47.6,majority_vote,22,ATTACK,39,"(9, 34)",False,2,False,525
0,0.0,True,0.0,0.9,0.9,517,0,517.0,25,1,6,"(25, 2)",0,0.028921998247151623,79.5,31.833333333333332,majority_vote,25,ATTACK,43,"(29, 28)",False,0,False,530
22,0.0,True,0.0,0.5967594754672195,0.5967594754672195,519,0,519.0,22,1,5,"(24, 45)",0,0.028921998247151623,92.4,47.4,majority_vote,22,ATTACK,39,"(10, 42)",False,1,False,530
30,4.9305070209677595,True,4.9305070209677595,0.673960345646007,0.673960345646007,520,0,520.0,23,0,5,"(2, 50)",30,0.03768624014022787,90.4,47.6,majority_vote,23,ATTACK,41,"(7, 37)",True,2,True,530
0,0.0,True,0.0,0.9,0.9,522,0,522.0,25,1,6,"(25, 2)",0,0.028921998247151623,79.5,31.833333333333332,majority_vote,25,ATTACK,43,"(26, 26)",False,0,False,535
22,0.0,True,0.0,0.5967594754672195,0.5967594754672195,524,0,524.0,22,1,5,"(24, 45)",0,0.028921998247151623,92.4,47.4,majority_vote,22,ATTACK,39,"(13, 40)",False,1,False,535
15,0.0,False,0.0,0.15012652203708748,0.15012652203708748,525,0,525.0,23,0,5,"(2, 50)",0,0.03768624014022787,90.4,47.6,majority_vote,23,ATTACK,43,"(7, 42)",False,2,False,535
0,0.0,True,0.0,0.9,0.9,527,0,527.0,25,1,6,"(25, 2)",0,0.028921998247151623,79.5,31.833333333333332,majority_vote,25,ATTACK,43,"(26, 21)",False,0,False,540
22,0.0,True,0.0,0.5967594754672195,0.5967594754672195,529,0,529.0,22,1,5,"(24, 45)",0,0.028921998247151623,92.4,47.4,majority_vote,22,ATTACK,39,"(18, 40)",False,1,False,540
12,0.0,False,0.0,0.08112717443098631,0.08112717443098631,530,0,530.0,23,0,5,"(2, 50)",0,0.03680981595092025,90.4,47.6,majority_vote,23,ATTACK,43,"(5, 45)",False,2,False,540
0,0.0,True,0.0,0.9,0.9,532,0,532.0,25,1,6,"(25, 2)",0,0.028921998247151623,79.5,31.833333333333332,majority_vote,25,ATTACK,43,"(25, 17)",False,0,False,545
16,0.0,True,0.0,0.5967594754672195,0.5967594754672195,534,0,534.0,22,1,5,"(24, 45)",0,0.028921998247151623,92.4,47.4,majority_vote,22,ATTACK,39,"(23, 40)",False,1,False,545
5,0.0,False,0.0,0.056653054770241844,0.056653054770241844,535,0,535.0,23,0,5,"(2, 50)",0,0.03155127081507449,90.4,47.6,majority_vote,23,ATTACK,43,"(3, 48)",False,2,False,545
0,0.0,True,0.0,0.9,0.9,537,0,537.0,25,1,6,"(25, 2)",0,0.024539877300613498,79.5,31.833333333333332,majority_vote,25,ATTACK,44,"(25, 12)",False,0,False,550
13,0.0,True,0.0,0.5997590826377305,0.6275168846265159,539,0,539.0,22,1,5,"(24, 45)",0,0.028921998247151623,92.4,47.4,majority_vote,22,ATTACK,40,"(25, 43)",False,1,False,550
2,0.0,False,0.0,0.056653054770241844,0.056653054770241844,539,0,539.0,24,0,6,"(33, 50)",0,0.02716914986853637,91.5,48.5,majority_vote,24,ATTACK,45,"(3, 50)",False,2,False,550
0,0.0,True,0.0,0.9,0.9,542,0,542.0,25,1,6,"(25, 2)",0,0.022787028921998246,79.5,31.833333333333332,majority_vote,25,ATTACK,44,"(25, 7)",False,0,False,555
13,0.0,True,0.0,0.5997590826377305,0.6275168846265159,543,0,543.0,23,1,6,"(33, 8)",0,0.028045574057843997,92.33333333333333,46.166666666666664,majority_vote,23,ATTACK,41,"(25, 45)",False,1,False,555
2,0.0,False,0.0,0.056653054770241844,0.056653054770241844,544,0,544.0,24,0,6,"(33, 50)",0,0.025416301489921123,91.5,48.5,majority_vote,24,ATTACK,45,"(5, 47)",False,2,False,555
0,0.0,True,0.0,0.9,0.9,547,0,547.0,25,1,6,"(25, 2)",0,0.02292768959435626,79.5,31.833333333333332,majority_vote,25,ATTACK,44,"(25, 2)",False,0,False,560
13,0.0,True,0.0,0.5997590826377305,0.6275168846265159,548,0,548.0,23,1,6,"(33, 8)",0,0.026455026455026454,92.33333333333333,46.166666666666664,majority_vote,23,ATTACK,41,"(27, 42)",False,1,False,560
2,0.0,False,0.0,0.056653054770241844,0.056653054770241844,549,0,549.0,24,0,6,"(33, 50)",0,0.024691358024691357,91.5,48.5,majority_vote,24,ATTACK,45,"(7, 48)",False,2,False,560
0,0.0,True,0.0,0.9,0.9,551,0,551.0,26,1,7,"(33, 50)",0,0.02290748898678414,80.14285714285714,32.57142857142857,majority_vote,26,ATTACK,45,"(25, 6)",False,0,False,565
13,0.0,True,0.0,0.6038542836414126,0.6464941625724676,553,0,553.0,23,1,6,"(33, 8)",0,0.02555066079295154,92.33333333333333,46.166666666666664,majority_vote,23,ATTACK,41,"(28, 38)",False,1,False,565
2,0.0,False,0.0,0.056653054770241844,0.056653054770241844,554,0,554.0,24,0,6,"(33, 50)",0,0.024669603524229075,91.5,48.5,majority_vote,24,ATTACK,45,"(10, 50)",False,2,False,565
0,0.0,True,0.0,0.9,0.9,556,0,556.0,26,1,7,"(33, 50)",0,0.022787028921998246,80.14285714285714,32.57142857142857,majority_vote,26,ATTACK,45,"(26, 10)",False,0,False,570
18,0.0,True,0.0,0.6203860559079405,0.6953933119811468,558,0,558.0,23,1,6,"(33, 8)",0,0.025416301489921123,92.33333333333333,46.166666666666664,majority_vote,23,ATTACK,41,"(28, 33)",False,1,False,570
7,0.0,False,0.0,0.056653054770241844,0.056653054770241844,559,0,559.0,24,0,6,"(33, 50)",0,0.024539877300613498,91.5,48.5,majority_vote,24,ATTACK,45,"(15, 50)",False,2,False,570
0,0.0,True,0.0,0.9,0.9,561,0,561.0,26,1,7,"(33, 50)",0,0.021034180543382998,80.14285714285714,32.57142857142857,majority_vote,26,ATTACK,46,"(26, 15)",False,0,False,575
18,0.0,True,0.0,0.6435050849094479,0.7388004864276194,563,0,563.0,23,1,6,"(33, 8)",0,0.025416301489921123,92.33333333333333,46.166666666666664,majority_vote,23,ATTACK,42,"(28, 28)",False,1,False,575
7,0.0,False,0.0,0.056653054770241844,0.056653054770241844,564,0,564.0,24,0,6,"(33, 50)",0,0.02366345311130587,91.5,48.5,majority_vote,24,ATTACK,46,"(19, 49)",False,2,False,575
0,0.0,True,0.0,0.9,0.9,566,0,566.0,26,1,7,"(33, 50)",0,0.02017543859649123,80.14285714285714,32.57142857142857,majority_vote,26,ATTACK,46,"(26, 20)",False,0,False,580
18,0.0,True,0.0,0.6703866945758408,0.7773048441268166,568,0,568.0,24,1,6,"(33, 8)",0,0.024539877300613498,92.33333333333333,46.166666666666664,majority_vote,24,ATTACK,43,"(28, 23)",False,1,False,580
7,0.0,False,0.0,0.056653054770241844,0.056653054770241844,569,0,569.0,24,0,6,"(33, 50)",0,0.02368421052631579,91.5,48.5,majority_vote,24,ATTACK,46,"(24, 49)",False,2,False,580
0,0.0,True,0.0,0.9,0.9,571,0,571.0,26,1,7,"(33, 50)",0,0.02017543859649123,80.14285714285714,32.57142857142857,majority_vote,26,ATTACK,46,"(27, 24)",False,0,False,585
18,0.0,True,0.0,0.7015104293913317,0.8249599295875475,573,0,573.0,24,1,6,"(33, 8)",0,0.022787028921998246,92.33333333333333,46.166666666666664,majority_vote,24,ATTACK,43,"(28, 18)",False,1,False,585
7,0.0,False,0.0,0.056653054770241844,0.056653054770241844,574,0,574.0,24,0,6,"(33, 50)",0,0.02368421052631579,91.5,48.5,majority_vote,24,ATTACK,46,"(29, 49)",False,2,False,585
0,0.0,True,0.0,0.9,0.9,576,0,576.0,26,1,7,"(33, 50)",0,0.02017543859649123,80.14285714285714,32.57142857142857,majority_vote,26,ATTACK,46,"(27, 29)",False,0,False,590
18,0.0,True,0.0,0.7339623408987762,0.8553306035395328,578,0,578.0,24,1,6,"(33, 8)",0,0.02366345311130587,92.33333333333333,46.166666666666664,majority_vote,24,ATTACK,43,"(28, 13)",False,1,False,590
7,0.0,False,0.0,0.056653054770241844,0.056653054770241844,579,0,579.0,24,0,6,"(33, 50)",0,0.02368421052631579,91.5,48.5,majority_vote,24,ATTACK,46,"(33, 50)",False,2,False,590
0,0.0,True,0.0,0.9,0.9,581,0,581.0,26,1,7,"(33, 50)",0,0.02017543859649123,80.14285714285714,32.57142857142857,majority_vote,26,ATTACK,46,"(27, 34)",False,0,False,595
18,0.0,True,0.0,0.7526601022663844,0.8695219955420629,583,0,583.0,24,1,6,"(33, 8)",0,0.022787028921998246,92.33333333333333,46.166666666666664,majority_vote,24,ATTACK,43,"(30, 10)",False,1,False,595
7,0.0,False,0.0,0.056653054770241844,0.056653054770241844,583,0,583.0,25,0,6,"(2, 50)",0,0.02456140350877193,91.5,48.5,majority_vote,25,ATTACK,47,"(29, 50)",False,2,False,595
0,0.0,True,0.0,0.9,0.9,586,0,586.0,27,1,7,"(33, 50)",0,0.054078014184397165,80.14285714285714,32.57142857142857,majority_vote,27,ATTACK,47,"(28, 38)",False,0,False,600
18,0.0,True,0.0,0.7709909322861926,0.8868197491527622,588,0,588.0,24,1,6,"(33, 8)",0,0.050487156775907885,92.33333333333333,46.166666666666664,majority_vote,24,ATTACK,44,"(33, 8)",False,1,False,600
7,0.0,False,0.0,0.056653054770241844,0.056653054770241844,588,0,588.0,25,0,6,"(2, 50)",0,0.04698581560283688,91.5,48.5,majority_vote,25,ATTACK,48,"(24, 50)",False,2,False,600
0,0.0,True,0.0,0.9,0.9,591,0,591.0,28,1,7,"(33, 50)",0,0.051418439716312055,80.14285714285714,32.57142857142857,majority_vote,28,ATTACK,48,"(28, 43)",False,0,False,605
18,0.0,True,0.0,0.7709909322861926,0.8868197491527622,592,0,592.0,26,1,6,"(33, 50)",0,0.048715677590788306,92.33333333333333,46.166666666666664,majority_vote,26,ATTACK,46,"(33, 12)",False,1,False,605
7,0.0,False,0.0,0.056653054770241844,0.056653054770241844,593,0,593.0,25,0,6,"(2, 50)",0,0.04609929078014184,91.5,48.5,majority_vote,25,ATTACK,48,"(20, 49)",False,2,False,605
0,0.0,True,0.0,0.9,0.9,596,0,596.0,28,1,7,"(33, 50)",0,0.051418439716312055,80.14285714285714,32.57142857142857,majority_vote,28,ATTACK,48,"(31, 45)",False,0,False,610
22,0.0,True,0.0,0.7709909322861926,0.8868197491527622,597,0,597.0,26,1,6,"(33, 50)",0,0.046058458813108945,92.33333333333333,46.166666666666664,majority_vote,26,ATTACK,46,"(29, 13)",False,1,False,610
11,0.0,False,0.0,0.056653054770241844,0.056653054770241844,598,0,598.0,25,0,6,"(2, 50)",0,0.044326241134751775,91.5,48.5,majority_vote,25,ATTACK,48,"(16, 50)",False,2,False,610
0,0.0,True,0.0,0.9,0.9,601,0,601.0,28,1,7,"(33, 50)",0,0.04698581560283688,80.14285714285714,32.57142857142857,majority_vote,28,ATTACK,48,"(31, 50)",False,0,False,615
22,0.0,True,0.0,0.7709909322861926,0.8868197491527622,602,0,602.0,26,1,6,"(33, 50)",0,0.04428697962798937,92.33333333333333,46.166666666666664,majority_vote,26,ATTACK,46,"(29, 18)",False,1,False,615
11,0.0,False,0.0,0.056653054770241844,0.056653054770241844,603,0,603.0,25,0,6,"(2, 50)",0,0.040780141843971635,91.5,48.5,majority_vote,25,ATTACK,48,"(11, 50)",False,2,False,615
0,0.0,True,0.0,0.9,0.9,605,0,605.0,29,1,7,"(3, 8)",0,0.04609929078014184,80.14285714285714,32.57142857142857,majority_vote,29,ATTACK,49,"(31, 50)",False,0,False,620
22,0.0,True,0.0,0.7709909322861926,0.8868197491527622,607,0,607.0,26,1,6,"(33, 50)",0,0.04428697962798937,92.33333333333333,46.166666666666664,majority_vote,26,ATTACK,46,"(29, 23)",False,1,False,620
11,0.0,False,0.0,0.056653054770241844,0.056653054770241844,608,0,608.0,25,0,6,"(2, 50)",0,0.0398936170212766,91.5,48.5,majority_vote,25,ATTACK,48,"(9, 47)",False,2,False,620
0,0.0,True,0.0,0.9,0.9,610,0,610.0,30,1,7,"(3, 8)",0,0.04609929078014184,80.14285714285714,32.57142857142857,majority_vote,30,ATTACK,50,"(31, 45)",False,0,False,625
22,0.0,True,0.0,0.7709909322861926,0.8868197491527622,612,0,612.0,26,1,6,"(33, 50)",0,0.04428697962798937,92.33333333333333,46.166666666666664,majority_vote,26,ATTACK,47,"(29, 28)",False,1,False,625
11,0.0,False,0.0,0.056653054770241844,0.056653054770241844,613,0,613.0,26,0,6,"(2, 50)",0,0.038120567375886524,91.5,48.5,majority_vote,26,ATTACK,49,"(5, 46)",False,2,False,625
0,0.0,True,0.0,0.9,0.9,615,0,615.0,30,1,7,"(3, 8)",0,0.041666666666666664,80.14285714285714,32.57142857142857,majority_vote,30,ATTACK,50,"(30, 41)",False,0,False,630
22,0.0,True,0.0,0.7995671846084663,0.9035701339732988,617,0,617.0,26,1,6,"(33, 50)",0,0.042515500442869794,92.33333333333333,46.166666666666664,majority_vote,26,ATTACK,47,"(29, 33)",False,1,False,630
11,0.0,False,0.0,0.056653054770241844,0.056653054770241844,618,0,618.0,26,0,6,"(2, 50)",0,0.034574468085106384,91.5,48.5,majority_vote,26,ATTACK,49,"(3, 49)",False,2,False,630
0,0.0,True,0.0,0.9,0.9,620,0,620.0,30,1,7,"(3, 8)",0,0.03900709219858156,80.14285714285714,32.57142857142857,majority_vote,30,ATTACK,50,"(27, 39)",False,0,False,635
22,0.0,True,0.0,0.8254378781402567,0.9210576263134241,622,0,622.0,26,1,6,"(33, 50)",0,0.04074402125775022,92.33333333333333,46.166666666666664,majority_vote,26,ATTACK,47,"(29, 38)",False,1,False,635
11,0.0,False,0.0,0.056653054770241844,0.056653054770241844,622,0,622.0,27,0,7,"(15, 2)",0,0.03280141843971631,90.42857142857143,47.57142857142857,majority_vote,27,ATTACK,50,"(3, 49)",False,2,False,635
0,0.0,True,0.0,0.9,0.9,625,0,625.0,30,1,7,"(3, 8)",0,0.039568345323741004,80.14285714285714,32.57142857142857,majority_vote,30,ATTACK,50,"(27, 34)",False,0,False,640
22,0.0,True,0.0,0.8494063031625022,0.9370706147175976,627,0,627.0,26,1,6,"(33, 50)",0,0.03776978417266187,92.33333333333333,46.166666666666664,majority_vote,26,ATTACK,47,"(31, 41)",False,1,False,640
11,0.0,False,0.0,0.056653054770241844,0.056653054770241844,627,0,627.0,27,0,7,"(15, 2)",0,0.029676258992805755,90.42857142857143,47.57142857142857,majority_vote,27,ATTACK,50,"(5, 46)",False,2,False,640
0,0.0,True,0.0,0.9,0.9,630,0,630.0,30,1,7,"(3, 8)",0,0.03866906474820144,80.14285714285714,32.57142857142857,majority_vote,30,ATTACK,50,"(26, 30)",False,0,False,645
26,0.0,True,0.0,0.8707687080439945,0.9478367219795257,632,0,632.0,26,1,6,"(33, 50)",0,0.039568345323741004,92.33333333333333,46.166666666666664,majority_vote,26,ATTACK,47,"(31, 46)",False,1,False,645
15,0.5818141807366572,False,0.5818141807366572,0.056653054770241844,0.056653054770241844,632,0,632.0,27,0,7,"(15, 2)",15,0.03327338129496403,90.42857142857143,47.57142857142857,majority_vote,27,ATTACK,50,"(7, 43)",True,2,True,645
0,0.0,True,0.0,0.9,0.9,635,0,635.0,30,1,7,"(3, 8)",0,0.03507194244604316,80.14285714285714,32.57142857142857,majority_vote,30,ATTACK,51,"(26, 25)",False,0,False,650
26,0.0,True,0.0,0.8896340382592913,0.957652077302663,637,0,637.0,26,1,6,"(33, 50)",0,0.0368705035971223,92.33333333333333,46.166666666666664,majority_vote,26,ATTACK,48,"(32, 50)",False,1,False,650
15,0.5523401652351936,False,0.5523401652351936,0.056653054770241844,0.056653054770241844,637,0,637.0,27,0,7,"(15, 2)",15,0.030575539568345324,90.42857142857143,47.57142857142857,majority_vote,27,ATTACK,51,"(9, 40)",True,2,True,650
0,0.0,True,0.0,0.9,0.9,640,0,640.0,30,1,7,"(3, 8)",0,0.03327338129496403,80.14285714285714,32.57142857142857,majority_vote,30,ATTACK,51,"(26, 20)",False,0,False,655
26,0.0,True,0.0,0.8896340382592913,0.957652077302663,641,0,641.0,27,1,7,"(25, 2)",0,0.0368705035971223,93.14285714285714,46.857142857142854,majority_vote,27,ATTACK,49,"(31, 49)",False,1,False,655
14,0.5392406027901018,False,0.5392406027901018,0.04395697954549047,0.04395697954549047,642,0,642.0,27,0,7,"(15, 2)",14,0.029676258992805755,90.42857142857143,47.57142857142857,majority_vote,27,ATTACK,51,"(10, 36)",True,2,True,655
0,0.0,True,0.0,0.9,0.9,645,0,645.0,30,1,7,"(3, 8)",0,0.03257918552036199,80.14285714285714,32.57142857142857,majority_vote,30,ATTACK,51,"(24, 17)",False,0,False,660
26,0.0,True,0.0,0.8896340382592913,0.957652077302663,646,0,646.0,27,1,7,"(25, 2)",0,0.03727272727272727,93.14285714285714,46.857142857142854,majority_vote,27,ATTACK,49,"(31, 44)",False,1,False,660
14,0.5392406027901018,False,0.5392406027901018,0.04395697954549047,0.04395697954549047,647,0,647.0,27,0,7,"(15, 2)",14,0.03,90.42857142857143,47.57142857142857,majority_vote,27,ATTACK,51,"(12, 33)",True,2,True,660
0,0.0,True,0.0,0.9,0.9,650,0,650.0,30,1,7,"(3, 8)",0,0.03257918552036199,80.14285714285714,32.57142857142857,majority_vote,30,ATTACK,51,"(19, 17)",False,0,False,665
25,0.0,True,0.0,0.8964473521247176,0.9601434004499074,651,0,651.0,27,1,7,"(25, 2)",0,0.03727272727272727,93.14285714285714,46.857142857142854,majority_vote,27,ATTACK,49,"(29, 41)",False,1,False,665
13,0.5392406027901018,False,0.5392406027901018,0.04395697954549047,0.04395697954549047,652,0,652.0,27,0,7,"(15, 2)",13,0.03,90.42857142857143,47.57142857142857,majority_vote,27,ATTACK,51,"(13, 29)",True,2,True,665
0,0.0,True,0.0,0.9,0.9,655,0,655.0,30,1,7,"(3, 8)",0,0.03257918552036199,80.14285714285714,32.57142857142857,majority_vote,30,ATTACK,51,"(16, 15)",False,0,False,670
21,0.0,True,0.0,0.9117170500642752,0.9660254364801166,656,0,656.0,27,1,7,"(25, 2)",0,0.03727272727272727,93.14285714285714,46.857142857142854,majority_vote,27,ATTACK,49,"(28, 37)",False,1,False,670
9,0.5392406027901018,False,0.5392406027901018,0.045418378217558064,0.07318495298684236,657,0,657.0,27,0,7,"(15, 2)",9,0.02909090909090909,90.42857142857143,47.57142857142857,majority_vote,27,ATTACK,51,"(13, 24)",True,2,True,670
0,0.0,True,0.0,0.9,0.9,660,0,660.0,30,1,7,"(3, 8)",0,0.029837251356238697,80.14285714285714,32.57142857142857,majority_vote,30,ATTACK,52,"(16, 10)",False,0,False,675
21,0.0,True,0.0,0.9247000601988258,0.970930021892265,661,0,661.0,27,1,7,"(25, 2)",0,0.033544877606527655,93.14285714285714,46.857142857142854,majority_vote,27,ATTACK,50,"(28, 32)",False,1,False,675
9,0.0,False,0.0,0.07263517130618168,0.21710235170988634,662,0,662.0,28,0,7,"(15, 2)",0,0.028105167724388033,90.42857142857143,47.57142857142857,majority_vote,28,ATTACK,52,"(14, 20)",False,2,False,675
0,0.0,True,0.0,0.9,0.9,665,0,665.0,30,1,7,"(3, 8)",0,0.030583873957367932,80.14285714285714,32.57142857142857,majority_vote,30,ATTACK,52,"(13, 8)",False,0,False,680
21,0.0,True,0.0,0.935772820531672,0.9752277695480093,666,0,666.0,27,1,7,"(25, 2)",0,0.034164358264081256,93.14285714285714,46.857142857142854,majority_vote,27,ATTACK,50,"(28, 27)",False,1,False,680
9,0.0,False,0.0,0.12402830558666939,0.3459194668423667,667,0,667.0,28,0,7,"(15, 2)",0,0.028624192059095107,90.42857142857143,47.57142857142857,majority_vote,28,ATTACK,52,"(15, 16)",False,2,False,680
0,0.0,True,0.0,0.9,0.9,670,0,670.0,30,1,7,"(3, 8)",0,0.03044280442804428,80.14285714285714,32.57142857142857,majority_vote,30,ATTACK,52,"(8, 8)",False,0,False,685
31,0.0,True,0.0,0.9452350953747441,0.9790363656133169,671,0,671.0,27,1,7,"(25, 2)",0,0.03400735294117647,93.14285714285714,46.857142857142854,majority_vote,27,ATTACK,50,"(28, 22)",False,1,False,685
9,0.0,False,0.0,0.17748333196756527,0.3922451906816795,672,0,672.0,28,0,7,"(15, 2)",0,0.02849264705882353,90.42857142857143,47.57142857142857,majority_vote,28,ATTACK,53,"(15, 11)",False,2,False,685
0,0.0,True,0.0,0.9,0.9,675,0,675.0,30,1,7,"(3, 8)",0,0.03038674033149171,80.14285714285714,32.57142857142857,majority_vote,30,ATTACK,52,"(3, 8)",False,0,False,690
31,0.0,True,0.0,0.9533586503184985,0.9823382034104817,676,0,676.0,27,1,7,"(25, 2)",0,0.03394495412844037,93.14285714285714,46.857142857142854,majority_vote,27,ATTACK,50,"(28, 17)",False,1,False,690
9,0.0,False,0.0,0.24080719396723863,0.4912412970052406,677,0,677.0,28,0,7,"(15, 2)",0,0.028440366972477066,90.42857142857143,47.57142857142857,majority_vote,28,ATTACK,53,"(15, 6)",False,2,False,690
0,0.0,True,0.0,0.9,0.9,679,0,679.0,31,1,8,"(13, 50)",0,0.03038674033149171,86.375,37.625,majority_vote,31,ATTACK,53,"(7, 8)",False,0,False,695
31,0.0,True,0.0,0.9562642878038401,0.9834260482884627,681,0,681.0,27,1,7,"(25, 2)",0,0.03211009174311927,93.14285714285714,46.857142857142854,majority_vote,27,ATTACK,50,"(28, 12)",False,1,False,695
9,0.0,True,0.0,0.25459041366180357,0.5164715878585379,681,0,681.0,29,0,7,"(24, 45)",0,0.029357798165137616,90.42857142857143,47.57142857142857,majority_vote,29,ATTACK,54,"(15, 2)",False,2,False,695
0,0.0,True,0.0,0.9,0.9,684,0,684.0,32,1,8,"(13, 50)",0,0.03222836095764273,86.375,37.625,majority_vote,32,ATTACK,54,"(12, 8)",False,0,False,700
31,0.0,True,0.0,0.9562642878038401,0.9834260482884627,686,0,686.0,27,1,7,"(25, 2)",0,0.030275229357798167,93.14285714285714,46.857142857142854,majority_vote,27,ATTACK,51,"(25, 10)",False,1,False,700
9,0.0,True,0.0,0.2830709108593216,0.5571412442988365,686,0,686.0,29,0,7,"(24, 45)",0,0.027522935779816515,90.42857142857143,47.57142857142857,majority_vote,29,ATTACK,55,"(15, 7)",False,2,False,700
0,0.0,True,0.0,0.9,0.9,689,0,689.0,32,1,8,"(13, 50)",0,0.03406998158379374,86.375,37.625,majority_vote,32,ATTACK,54,"(14, 11)",False,0,False,705
23,0.0,True,0.0,0.9576481367138562,0.9839412660041624,691,0,691.0,27,1,7,"(25, 2)",0,0.030275229357798167,93.14285714285714,46.857142857142854,majority_vote,27,ATTACK,51,"(25, 5)",False,1,False,705
9,0.0,True,0.0,0.36147115773299054,0.6677556290469204,691,0,691.0,29,0,7,"(24, 45)",0,0.026605504587155965,90.42857142857143,47.57142857142857,majority_vote,29,ATTACK,55,"(16, 11)",False,2,False,705
0,0.0,True,0.0,0.9,0.9,694,0,694.0,32,1,8,"(13, 50)",0,0.03406998158379374,86.375,37.625,majority_vote,32,ATTACK,54,"(14, 16)",False,0,False,710
21,0.0,True,0.0,0.9576481367138562,0.9839412660041624,695,0,695.0,28,1,7,"(33, 30)",0,0.029357798165137616,93.14285714285714,46.857142857142854,majority_vote,28,ATTACK,52,"(25, 3)",False,1,False,710
9,0.0,True,0.0,0.44151154814072857,0.7425365764269983,696,0,696.0,29,0,7,"(24, 45)",0,0.027522935779816515,90.42857142857143,47.57142857142857,majority_vote,29,ATTACK,55,"(16, 16)",False,2,False,710
0,0.0,True,0.0,0.9,0.9,699,0,699.0,32,1,8,"(13, 50)",0,0.03130755064456722,86.375,37.625,majority_vote,32,ATTACK,54,"(14, 21)",False,0,False,715
21,0.0,True,0.0,0.9576481367138562,0.9839412660041624,700,0,700.0,28,1,7,"(33, 30)",0,0.029357798165137616,93.14285714285714,46.857142857142854,majority_vote,28,ATTACK,52,"(26, 7)",False,1,False,715
9,0.0,True,0.0,0.5178221372426707,0.7993961371237773,701,0,701.0,29,0,7,"(24, 45)",0,0.027522935779816515,90.42857142857143,47.57142857142857,majority_vote,29,ATTACK,55,"(16, 21)",False,2,False,715
0,0.0,True,0.0,0.9,0.9,704,0,704.0,32,1,8,"(13, 50)",0,0.0285451197053407,86.375,37.625,majority_vote,32,ATTACK,54,"(14, 26)",False,0,False,720
25,0.0,True,0.0,0.9576481367138562,0.9839412660041624,705,0,705.0,28,1,7,"(33, 30)",0,0.028440366972477066,93.14285714285714,46.857142857142854,majority_vote,28,ATTACK,52,"(26, 12)",False,1,False,720
13,0.0,True,0.0,0.5876611807190828,0.8416875230502251,706,0,706.0,29,0,7,"(24, 45)",0,0.025688073394495414,90.42857142857143,47.57142857142857,majority_vote,29,ATTACK,55,"(16, 26)",False,2,False,720
0,0.0,True,0.0,0.9,0.9,709,0,709.0,32,1,8,"(13, 50)",0,0.02578268876611418,86.375,37.625,majority_vote,32,ATTACK,55,"(14, 31)",False,0,False,725
25,0.0,True,0.0,0.9589922053796064,0.9845295100288594,710,0,710.0,28,1,7,"(33, 30)",0,0.023853211009174313,93.14285714285714,46.857142857142854,majority_vote,28,ATTACK,53,"(28, 15)",False,1,False,725
13,0.0,True,0.0,0.6498851735949346,0.8745835841252836,711,0,711.0,30,0,7,"(24, 45)",0,0.024770642201834864,90.42857142857143,47.57142857142857,majority_vote,30,ATTACK,56,"(16, 31)",False,2,False,725
0,0.0,True,0.0,0.9,0.9,714,0,714.0,32,1,8,"(13, 50)",0,0.02578268876611418,86.375,37.625,majority_vote,32,ATTACK,55,"(14, 36)",False,0,False,730
25,0.0,True,0.0,0.9589922053796064,0.9845295100288594,715,0,715.0,28,1,7,"(33, 30)",0,0.023853211009174313,93.14285714285714,46.857142857142854,majority_vote,28,ATTACK,53,"(29, 19)",False,1,False,730
13,0.0,True,0.0,0.7044780062778357,0.9007105495458253,716,0,716.0,30,0,7,"(24, 45)",0,0.024770642201834864,90.42857142857143,47.57142857142857,majority_vote,30,ATTACK,56,"(18, 34)",False,2,False,730
0,0.0,True,0.0,0.9,0.9,719,0,719.0,32,1,8,"(13, 50)",0,0.024861878453038673,86.375,37.625,majority_vote,32,ATTACK,55,"(14, 41)",False,0,False,735
25,0.0,True,0.0,0.9589922053796064,0.9845295100288594,720,0,720.0,28,1,7,"(33, 30)",0,0.023853211009174313,93.14285714285714,46.857142857142854,majority_vote,28,ATTACK,53,"(29, 24)",False,1,False,735
13,0.0,True,0.0,0.7514141247145915,0.9183584888089444,721,0,721.0,30,0,7,"(24, 45)",0,0.023853211009174313,90.42857142857143,47.57142857142857,majority_vote,30,ATTACK,56,"(19, 38)",False,2,False,735
0,0.0,True,0.0,0.9,0.9,724,0,724.0,32,1,8,"(13, 50)",0,0.02117863720073665,86.375,37.625,majority_vote,32,ATTACK,55,"(14, 46)",False,0,False,740
25,0.0,True,0.0,0.9589922053796064,0.9845295100288594,725,0,725.0,28,1,7,"(33, 30)",0,0.022935779816513763,93.14285714285714,46.857142857142854,majority_vote,28,ATTACK,53,"(29, 29)",False,1,False,740
13,0.0,True,0.0,0.7911661900085682,0.9314345189354579,726,0,726.0,30,0,7,"(24, 45)",0,0.02110091743119266,90.42857142857143,47.57142857142857,majority_vote,30,ATTACK,56,"(23, 39)",False,2,False,740
0,0.0,True,0.0,0.9,0.9,729,0,729.0,32,1,8,"(13, 50)",0,0.019337016574585635,86.375,37.625,majority_vote,32,ATTACK,55,"(13, 50)",False,0,False,745
25,0.0,True,0.0,0.9589922053796064,0.9845295100288594,730,0,730.0,28,1,7,"(33, 30)",0,0.02018348623853211,93.14285714285714,46.857142857142854,majority_vote,28,ATTACK,53,"(33, 30)",False,1,False,745
13,0.0,True,0.0,0.8239583016345563,0.9387481675989409,731,0,731.0,30,0,7,"(24, 45)",0,0.02110091743119266,90.42857142857143,47.57142857142857,majority_vote,30,ATTACK,56,"(25, 42)",False,2,False,745
0,0.0,True,0.0,0.9,0.9,733,0,733.0,33,1,8,"(33, 50)",0,0.05156537753222836,86.375,37.625,majority_vote,33,ATTACK,57,"(17, 50)",False,0,False,750
25,0.0,True,0.0,0.9589922053796064,0.9845295100288594,734,0,734.0,29,1,8,"(33, 50)",0,0.05596330275229358,93.25,45.625,majority_vote,29,ATTACK,55,"(32, 33)",False,1,False,750
13,0.0,True,0.0,0.8458825564466379,0.9439569999193688,735,0,735.0,31,0,8,"(33, 50)",0,0.05596330275229358,93.75,48.5,majority_vote,31,ATTACK,58,"(24, 45)",False,2,False,750
0,0.0,True,0.0,0.9,0.9,738,0,738.0,33,1,8,"(33, 50)",0,0.05064456721915286,86.375,37.625,majority_vote,33,ATTACK,57,"(21, 49)",False,0,False,755
25,0.0,True,0.0,0.9589922053796064,0.9845295100288594,739,0,739.0,29,1,8,"(33, 50)",0,0.05596330275229358,93.25,45.625,majority_vote,29,ATTACK,55,"(29, 35)",False,1,False,755
13,0.0,True,0.0,0.8558316891760376,0.9492671696307213,740,0,740.0,31,0,8,"(33, 50)",0,0.05504587155963303,93.75,48.5,majority_vote,31,ATTACK,58,"(25, 49)",False,2,False,755
0,0.0,True,0.0,0.9,0.9,743,0,743.0,33,1,8,"(33, 50)",0,0.05018587360594796,86.375,37.625,majority_vote,33,ATTACK,57,"(26, 49)",False,0,False,760
34,0.0,True,0.0,0.9589922053796064,0.9845295100288594,744,0,744.0,30,1,8,"(33, 50)",0,0.056429232192414434,93.25,45.625,majority_vote,30,ATTACK,56,"(29, 40)",False,1,False,760
22,0.0,True,0.0,0.8788199685880099,0.9617538788367312,745,0,745.0,31,0,8,"(33, 50)",0,0.05180388529139685,93.75,48.5,majority_vote,31,ATTACK,58,"(30, 49)",False,2,False,760
0,0.0,True,0.0,0.9,0.9,748,0,748.0,33,1,8,"(33, 50)",0,0.041821561338289966,86.375,37.625,majority_vote,33,ATTACK,57,"(30, 50)",False,0,False,765
34,0.0,True,0.0,0.9639816445328666,0.9867363354568632,749,0,749.0,31,1,8,"(33, 50)",0,0.04625346901017576,93.25,45.625,majority_vote,31,ATTACK,58,"(31, 43)",False,1,False,765
22,0.0,True,0.0,0.8989237150287086,0.9711281540352266,749,0,749.0,32,0,8,"(24, 45)",0,0.04902867715078631,93.75,48.5,majority_vote,32,ATTACK,59,"(33, 50)",False,2,False,765
0,0.0,True,0.0,0.9,0.9,751,0,751.0,34,2,9,"(2, 50)",0,0.03903345724907063,85.55555555555556,36.111111111111114,majority_vote,34,ATTACK,58,"(33, 50)",False,0,False,770
34,0.0,True,0.0,0.969455326866825,0.9889807925423031,754,0,754.0,32,1,8,"(33, 50)",0,0.043478260869565216,93.25,45.625,majority_vote,32,ATTACK,59,"(30, 45)",False,1,False,770
22,0.0,True,0.0,0.916267330814355,0.9777567980352438,754,0,754.0,32,0,8,"(24, 45)",0,0.04902867715078631,93.75,48.5,majority_vote,32,ATTACK,59,"(29, 49)",False,2,False,770
0,0.0,True,0.0,0.9,0.9,756,0,756.0,34,2,9,"(2, 50)",0,0.03903345724907063,85.55555555555556,36.111111111111114,majority_vote,34,ATTACK,59,"(28, 50)",False,0,False,775
34,0.0,True,0.0,0.9741866915001305,0.9913023995117903,759,0,759.0,32,1,8,"(33, 50)",0,0.043478260869565216,93.25,45.625,majority_vote,32,ATTACK,60,"(30, 50)",False,1,False,775
22,0.0,True,0.0,0.9308104081353062,0.9822671555915558,759,0,759.0,34,0,8,"(24, 45)",0,0.04902867715078631,93.75,48.5,majority_vote,34,ATTACK,62,"(25, 48)",False,2,False,775
0,0.0,True,0.0,0.9,0.9,761,0,761.0,34,2,9,"(2, 50)",0,0.03906976744186046,85.55555555555556,36.111111111111114,majority_vote,34,ATTACK,59,"(23, 50)",False,0,False,780
34,0.0,True,0.0,0.9783499508015938,0.9932365321491665,763,0,763.0,33,1,8,"(24, 45)",0,0.04717853839037928,93.25,45.625,majority_vote,33,ATTACK,61,"(32, 50)",False,1,False,780
22,0.0,True,0.0,0.9430446266821697,0.986259975014035,763,0,763.0,35,0,9,"(25, 2)",0,0.04902867715078631,86.66666666666667,44.77777777777778,majority_vote,35,ATTACK,63,"(24, 45)",False,2,False,780
0,0.0,True,0.0,0.9,0.9,766,0,766.0,34,2,9,"(2, 50)",0,0.03906976744186046,85.55555555555556,36.111111111111114,majority_vote,34,ATTACK,59,"(20, 48)",False,0,False,785
34,0.0,True,0.0,0.9818790866960845,0.9943898918168314,768,0,768.0,33,1,8,"(24, 45)",0,0.04810360777058279,93.25,45.625,majority_vote,33,ATTACK,61,"(29, 48)",False,1,False,785
22,0.0,True,0.0,0.9513098222590842,0.9882939807804253,768,0,768.0,35,0,9,"(25, 2)",0,0.04902867715078631,86.66666666666667,44.77777777777778,majority_vote,35,ATTACK,63,"(25, 41)",False,2,False,785
0,0.0,True,0.0,0.9,0.9,771,0,771.0,34,2,9,"(2, 50)",0,0.037209302325581395,85.55555555555556,36.111111111111114,majority_vote,34,ATTACK,59,"(16, 47)",False,0,False,790
34,0.0,True,0.0,0.9848379631875549,0.9952403318003354,773,0,773.0,33,1,8,"(24, 45)",0,0.04717853839037928,93.25,45.625,majority_vote,33,ATTACK,61,"(27, 45)",False,1,False,790
22,0.0,True,0.0,0.9513098222590842,0.9882939807804253,773,0,773.0,35,0,9,"(25, 2)",0,0.04810360777058279,86.66666666666667,44.77777777777778,majority_vote,35,ATTACK,63,"(25, 36)",False,2,False,790
0,0.0,True,0.0,0.9,0.9,776,0,776.0,35,2,9,"(2, 50)",0,0.03348837209302326,85.55555555555556,36.111111111111114,majority_vote,35,ATTACK,60,"(12, 48)",False,0,False,795
39,6.0,True,6.0,0.9858754725476054,0.9955513700262846,777,0,777.0,34,1,9,"(2, 20)",39,0.04810360777058279,88.22222222222223,42.22222222222222,majority_vote,34,ATTACK,62,"(25, 45)",True,1,True,795
27,0.0,True,0.0,0.9513098222590842,0.9882939807804253,778,0,778.0,35,0,9,"(25, 2)",0,0.04625346901017576,86.66666666666667,44.77777777777778,majority_vote,35,ATTACK,63,"(25, 31)",False,2,False,795
0,0.0,True,0.0,0.9,0.9,781,0,781.0,35,2,9,"(2, 50)",0,0.03348837209302326,85.55555555555556,36.111111111111114,majority_vote,35,ATTACK,61,"(9, 50)",False,0,False,800
39,6.0,True,6.0,0.9858754725476054,0.9955513700262846,782,0,782.0,34,1,9,"(2, 20)",39,0.04810360777058279,88.22222222222223,42.22222222222222,majority_vote,34,ATTACK,63,"(25, 40)",True,1,True,800
27,0.0,True,0.0,0.9513098222590842,0.9882939807804253,783,0,783.0,35,0,9,"(25, 2)",0,0.0425531914893617,86.66666666666667,44.77777777777778,majority_vote,35,ATTACK,64,"(25, 26)",False,2,False,800
0,0.0,True,0.0,0.9,0.9,786,0,786.0,35,2,9,"(2, 50)",0,0.03348837209302326,85.55555555555556,36.111111111111114,majority_vote,35,ATTACK,61,"(7, 47)",False,0,False,805
39,6.0,True,6.0,0.9858754725476054,0.9955513700262846,787,0,787.0,34,1,9,"(2, 20)",39,0.04902867715078631,88.22222222222223,42.22222222222222,majority_vote,34,ATTACK,63,"(25, 35)",True,1,True,805
26,0.0,True,0.0,0.7500204472603687,0.7500204472603687,788,0,788.0,35,0,9,"(25, 2)",0,0.041628122109158186,86.66666666666667,44.77777777777778,majority_vote,35,ATTACK,64,"(25, 21)",False,2,False,805
0,0.0,True,0.0,0.9,0.9,791,0,791.0,35,2,9,"(2, 50)",0,0.03162790697674418,85.55555555555556,36.111111111111114,majority_vote,35,ATTACK,61,"(3, 46)",False,0,False,810
32,6.0,True,6.0,0.9858754725476054,0.9955513700262846,792,0,792.0,34,1,9,"(2, 20)",32,0.04902867715078631,88.22222222222223,42.22222222222222,majority_vote,34,ATTACK,63,"(25, 30)",True,1,True,810
22,0.0,False,0.0,0.20001990706583173,0.20001990706583173,793,0,793.0,35,0,9,"(25, 2)",0,0.03885291396854764,86.66666666666667,44.77777777777778,majority_vote,35,ATTACK,65,"(25, 16)",False,2,False,810
0,0.0,True,0.0,0.9,0.9,796,0,796.0,35,2,9,"(2, 50)",0,0.02883720930232558,85.55555555555556,36.111111111111114,majority_vote,35,ATTACK,61,"(2, 50)",False,0,False,815
31,6.0,True,6.0,0.9858754725476054,0.9955513700262846,797,0,797.0,35,1,9,"(2, 20)",31,0.037927844588344126,88.22222222222223,42.22222222222222,majority_vote,35,ATTACK,64,"(24, 28)",True,1,True,815
13,0.0,False,0.0,0.08199245540543036,0.08199245540543036,798,0,798.0,35,0,9,"(25, 2)",0,0.03885291396854764,86.66666666666667,44.77777777777778,majority_vote,35,ATTACK,65,"(25, 11)",False,2,False,815
0,0.0,True,0.0,0.9,0.9,800,0,800.0,36,2,9,"(2, 41)",0,0.022535211267605635,85.55555555555556,36.111111111111114,majority_vote,36,ATTACK,62,"(3, 47)",False,0,False,820
31,6.0,True,6.0,0.9858754725476054,0.9955513700262846,802,0,802.0,35,1,9,"(2, 20)",31,0.03075489282385834,88.22222222222223,42.22222222222222,majority_vote,35,ATTACK,64,"(21, 28)",True,1,True,820
13,0.0,False,0.0,0.08199245540543036,0.08199245540543036,803,0,803.0,35,0,9,"(25, 2)",0,0.031598513011152414,86.66666666666667,44.77777777777778,majority_vote,35,ATTACK,65,"(25, 6)",False,2,False,820
0,0.0,True,0.0,0.9,0.9,805,0,805.0,36,2,9,"(2, 41)",0,0.02247191011235955,85.55555555555556,36.111111111111114,majority_vote,36,ATTACK,63,"(3, 42)",False,0,False,825
26,8.0,True,8.0,0.9858754725476054,0.9955513700262846,807,0,807.0,35,1,9,"(2, 20)",26,0.0260707635009311,88.22222222222223,42.22222222222222,majority_vote,35,ATTACK,65,"(18, 26)",True,1,True,825
11,0.0,False,0.0,0.08199245540543036,0.08199245540543036,807,0,807.0,36,0,9,"(33, 50)",0,0.029712163416898793,86.66666666666667,44.77777777777778,majority_vote,36,ATTACK,67,"(25, 2)",False,2,False,825
0,0.0,True,0.0,0.9,0.9,809,0,809.0,37,2,10,"(3, 8)",0,0.02054154995331466,82.8,33.7,majority_vote,37,ATTACK,64,"(4, 41)",False,0,False,830
25,8.0,True,8.0,0.9858754725476054,0.9955513700262846,812,0,812.0,35,1,9,"(2, 20)",25,0.02414113277623027,88.22222222222223,42.22222222222222,majority_vote,35,ATTACK,65,"(13, 26)",True,1,True,830
10,0.0,False,0.0,0.08199245540543036,0.08199245540543036,812,0,812.0,36,0,9,"(33, 50)",0,0.027829313543599257,86.66666666666667,44.77777777777778,majority_vote,36,ATTACK,67,"(25, 7)",False,2,False,830
0,0.0,True,0.0,0.9,0.9,814,0,814.0,37,2,10,"(3, 8)",0,0.01863932898415657,82.8,33.7,majority_vote,37,ATTACK,64,"(9, 41)",False,0,False,835
26,10.0,True,10.0,0.9858754725476054,0.9955513700262846,817,0,817.0,35,1,9,"(2, 20)",26,0.026876737720111215,88.22222222222223,42.22222222222222,majority_vote,35,ATTACK,65,"(11, 23)",True,1,True,835
12,0.0,False,0.0,0.08199245540543036,0.08199245540543036,817,0,817.0,36,0,9,"(33, 50)",0,0.027777777777777776,86.66666666666667,44.77777777777778,majority_vote,36,ATTACK,67,"(26, 11)",False,2,False,835
0,0.0,True,0.0,0.9,0.9,819,0,819.0,37,2,10,"(3, 8)",0,0.01651376146788991,82.8,33.7,majority_vote,37,ATTACK,64,"(13, 40)",False,0,False,840
22,0.0,True,0.0,0.9858754725476054,0.9955513700262846,822,0,822.0,35,1,9,"(2, 20)",0,0.021062271062271064,88.22222222222223,42.22222222222222,majority_vote,35,ATTACK,65,"(6, 23)",False,1,False,840
12,0.0,False,0.0,0.08199245540543036,0.08199245540543036,822,0,822.0,36,0,9,"(33, 50)",0,0.021062271062271064,86.66666666666667,44.77777777777778,majority_vote,36,ATTACK,67,"(26, 16)",False,2,False,840
0,0.0,True,0.0,0.9,0.9,824,0,824.0,37,2,10,"(3, 8)",0,0.01618705035971223,82.8,33.7,majority_vote,37,ATTACK,64,"(13, 35)",False,0,False,845
22,0.0,True,0.0,0.9858754725476054,0.9955513700262846,827,0,827.0,35,1,9,"(2, 20)",0,0.02154398563734291,88.22222222222223,42.22222222222222,majority_vote,35,ATTACK,65,"(3, 23)",False,1,False,845
12,0.0,False,0.0,0.08199245540543036,0.08199245540543036,827,0,827.0,36,0,9,"(33, 50)",0,0.02064631956912029,86.66666666666667,44.77777777777778,majority_vote,36,ATTACK,67,"(26, 21)",False,2,False,845
0,0.0,True,0.0,0.9,0.9,829,0,829.0,37,2,10,"(3, 8)",0,0.0170863309352518,82.8,33.7,majority_vote,37,ATTACK,65,"(13, 30)",False,0,False,850
22,0.0,True,0.0,0.9858754725476054,0.9955513700262846,831,0,831.0,36,1,9,"(2, 41)",0,0.02154398563734291,88.22222222222223,42.22222222222222,majority_vote,36,ATTACK,67,"(2, 20)",False,1,False,850
12,0.0,False,0.0,0.08199245540543036,0.08199245540543036,832,0,832.0,36,0,9,"(33, 50)",0,0.02064631956912029,86.66666666666667,44.77777777777778,majority_vote,36,ATTACK,68,"(26, 26)",False,2,False,850
0,0.0,True,0.0,0.9,0.9,834,0,834.0,37,2,10,"(3, 8)",0,0.014388489208633094,82.8,33.7,majority_vote,37,ATTACK,65,"(13, 25)",False,0,False,855
22,0.0,True,0.0,0.9858754725476054,0.9955513700262846,836,0,836.0,36,1,9,"(2, 41)",0,0.02154398563734291,88.22222222222223,42.22222222222222,majority_vote,36,ATTACK,67,"(3, 24)",False,1,False,855
12,0.0,False,0.0,0.08199245540543036,0.08199245540543036,837,0,837.0,36,0,9,"(33, 50)",0,0.017953321364452424,86.66666666666667,44.77777777777778,majority_vote,36,ATTACK,68,"(26, 31)",False,2,False,855
0,0.0,True,0.0,0.9,0.9,839,0,839.0,37,2,10,"(3, 8)",0,0.0142602495543672,82.8,33.7,majority_vote,37,ATTACK,65,"(13, 20)",False,0,False,860
22,0.0,True,0.0,0.9863656411264556,0.9956788441246087,841,0,841.0,36,1,9,"(2, 41)",0,0.021352313167259787,88.22222222222223,42.22222222222222,majority_vote,36,ATTACK,67,"(3, 29)",False,1,False,860
12,0.0,False,0.0,0.08199245540543036,0.08199245540543036,842,0,842.0,36,0,9,"(33, 50)",0,0.016903914590747332,86.66666666666667,44.77777777777778,majority_vote,36,ATTACK,68,"(26, 36)",False,2,False,860
0,0.0,True,0.0,0.9,0.9,844,0,844.0,37,2,10,"(3, 8)",0,0.014134275618374558,82.8,33.7,majority_vote,37,ATTACK,65,"(14, 16)",False,0,False,865
18,0.0,True,0.0,0.5855597537228894,0.5855597537228894,846,0,846.0,36,1,9,"(2, 41)",0,0.0176678445229682,88.22222222222223,42.22222222222222,majority_vote,36,ATTACK,67,"(3, 34)",False,1,False,865
12,0.0,False,0.0,0.08199245540543036,0.08199245540543036,847,0,847.0,36,0,9,"(33, 50)",0,0.013250883392226149,86.66666666666667,44.77777777777778,majority_vote,36,ATTACK,68,"(26, 41)",False,2,False,865
0,0.0,True,0.0,0.9,0.9,849,0,849.0,37,2,10,"(3, 8)",0,0.01323918799646955,82.8,33.7,majority_vote,37,ATTACK,65,"(13, 12)",False,0,False,870
18,0.0,True,0.0,0.5951764770222511,0.6527177431158495,851,0,851.0,36,1,9,"(2, 41)",0,0.01676963812886143,88.22222222222223,42.22222222222222,majority_vote,36,ATTACK,67,"(3, 39)",False,1,False,870
12,0.0,False,0.0,0.08316823976323245,0.10550814256147234,852,0,852.0,36,0,9,"(33, 50)",0,0.01147396293027361,86.66666666666667,44.77777777777778,majority_vote,36,ATTACK,68,"(26, 46)",False,2,False,870
0,0.0,True,0.0,0.9,0.9,854,0,854.0,37,2,10,"(3, 8)",0,0.01323918799646955,82.8,33.7,majority_vote,37,ATTACK,66,"(12, 8)",False,0,False,875
23,0.0,True,0.0,0.612076711572094,0.7075874588205202,855,0,855.0,37,1,10,"(15, 2)",0,0.01676963812886143,87.4,40.4,majority_vote,37,ATTACK,69,"(3, 41)",False,1,False,875
17,0.0,False,0.0,0.10343337179831899,0.21089101121606044,857,0,857.0,36,0,9,"(33, 50)",0,0.01588702559576346,86.66666666666667,44.77777777777778,majority_vote,36,ATTACK,69,"(28, 49)",False,2,False,875
0,0.0,True,0.0,0.9,0.9,859,0,859.0,37,2,10,"(3, 8)",0,0.01323918799646955,82.8,33.7,majority_vote,37,ATTACK,66,"(7, 8)",False,0,False,880
23,0.0,True,0.0,0.6230295950914778,0.7294174662347123,860,0,860.0,37,1,10,"(15, 2)",0,0.01676963812886143,87.4,40.4,majority_vote,37,ATTACK,69,"(4, 37)",False,1,False,880
17,0.0,False,0.0,0.13135081357424172,0.2778442943410723,862,0,862.0,36,0,9,"(33, 50)",0,0.01588702559576346,86.66666666666667,44.77777777777778,majority_vote,36,ATTACK,69,"(32, 50)",False,2,False,880
0,0.0,True,0.0,0.9,0.9,863,0,863.0,38,2,10,"(33, 8)",0,0.014109347442680775,82.8,33.7,majority_vote,38,ATTACK,67,"(3, 8)",False,0,False,885
19,0.0,True,0.0,0.6342700615452361,0.657217563229517,865,0,865.0,37,1,10,"(15, 2)",0,0.01675485008818342,87.4,40.4,majority_vote,37,ATTACK,69,"(7, 35)",False,1,False,885
17,0.0,False,0.0,0.1496040879744646,0.3341303164907445,866,0,866.0,37,0,10,"(33, 8)",0,0.012345679012345678,88.2,46.0,majority_vote,37,ATTACK,70,"(31, 49)",False,2,False,885
0,0.0,True,0.0,0.9,0.9,868,0,868.0,38,2,10,"(33, 8)",0,0.014912280701754385,82.8,33.7,majority_vote,38,ATTACK,67,"(8, 8)",False,0,False,890
19,0.0,True,0.0,0.6468678329767001,0.707532806319719,870,0,870.0,37,1,10,"(15, 2)",0,0.016666666666666666,87.4,40.4,majority_vote,37,ATTACK,69,"(8, 31)",False,1,False,890
17,0.0,False,0.0,0.1496040879744646,0.3341303164907445,871,0,871.0,37,0,10,"(33, 8)",0,0.012280701754385965,88.2,46.0,majority_vote,37,ATTACK,70,"(29, 46)",False,2,False,890
0,0.0,True,0.0,0.9,0.9,873,0,873.0,38,2,10,"(33, 8)",0,0.014912280701754385,82.8,33.7,majority_vote,38,ATTACK,67,"(13, 8)",False,0,False,895
19,0.0,True,0.0,0.6625560042276688,0.7433912476395137,875,0,875.0,37,1,10,"(15, 2)",0,0.016666666666666666,87.4,40.4,majority_vote,37,ATTACK,69,"(9, 27)",False,1,False,895
17,0.0,False,0.0,0.1496040879744646,0.3341303164907445,876,0,876.0,37,0,10,"(33, 8)",0,0.012280701754385965,88.2,46.0,majority_vote,37,ATTACK,70,"(29, 41)",False,2,False,895
0,0.0,True,0.0,0.9,0.9,878,0,878.0,38,2,10,"(33, 8)",0,0.04824561403508772,82.8,33.7,majority_vote,38,ATTACK,68,"(17, 9)",False,0,False,900
15,0.0,True,0.0,0.6811779911688007,0.7740929163813149,880,0,880.0,37,1,10,"(15, 2)",0,0.04649122807017544,87.4,40.4,majority_vote,37,ATTACK,70,"(12, 25)",False,1,False,900
13,0.0,False,0.0,0.1496040879744646,0.3341303164907445,881,0,881.0,37,0,10,"(33, 8)",0,0.05263157894736842,88.2,46.0,majority_vote,37,ATTACK,71,"(29, 36)",False,2,False,900
0,0.0,True,0.0,0.9,0.9,883,0,883.0,38,2,10,"(33, 8)",0,0.04820333041191937,82.8,33.7,majority_vote,38,ATTACK,68,"(22, 9)",False,0,False,905
15,0.0,True,0.0,0.6811779911688007,0.7740929163813149,885,0,885.0,37,1,10,"(15, 2)",0,0.04557405784399649,87.4,40.4,majority_vote,37,ATTACK,70,"(14, 22)",False,1,False,905
13,0.0,False,0.0,0.1496040879744646,0.3341303164907445,886,0,886.0,37,0,10,"(33, 8)",0,0.051709027169149865,88.2,46.0,majority_vote,37,ATTACK,71,"(29, 31)",False,2,False,905
0,0.0,True,0.0,0.9,0.9,888,0,888.0,38,2,10,"(33, 8)",0,0.04820333041191937,82.8,33.7,majority_vote,38,ATTACK,68,"(26, 8)",False,0,False,910
15,0.0,True,0.0,0.6811779911688007,0.7740929163813149,890,0,890.0,37,1,10,"(15, 2)",0,0.044697633654688866,87.4,40.4,majority_vote,37,ATTACK,70,"(15, 18)",False,1,False,910
22,0.0,False,0.0,0.1496040879744646,0.3341303164907445,891,0,891.0,37,0,10,"(33, 8)",0,0.04820333041191937,88.2,46.0,majority_vote,37,ATTACK,71,"(29, 26)",False,2,False,910
0,0.0,True,0.0,0.9,0.9,893,0,893.0,38,2,10,"(33, 8)",0,0.049079754601226995,82.8,33.7,majority_vote,38,ATTACK,68,"(31, 8)",False,0,False,915
6,0.0,True,0.0,0.7018424252813139,0.8031464348203006,895,0,895.0,37,1,10,"(15, 2)",0,0.040315512708150744,87.4,40.4,majority_vote,37,ATTACK,70,"(15, 13)",False,1,False,915
13,0.0,False,0.0,0.1496040879744646,0.3341303164907445,896,0,896.0,37,0,10,"(33, 8)",0,0.04294478527607362,88.2,46.0,majority_vote,37,ATTACK,71,"(29, 21)",False,2,False,915
0,0.0,True,0.0,0.9,0.9,897,0,897.0,39,2,11,"(24, 45)",0,0.049079754601226995,83.45454545454545,33.63636363636363,majority_vote,39,ATTACK,69,"(31, 8)",False,0,False,920
6,0.0,True,0.0,0.7295063701432537,0.8352733913814078,900,0,900.0,37,1,10,"(15, 2)",0,0.040315512708150744,87.4,40.4,majority_vote,37,ATTACK,70,"(15, 8)",False,1,False,920
13,0.0,False,0.0,0.1704463760118601,0.37302365880010063,901,0,901.0,37,0,10,"(33, 8)",0,0.033304119193689745,88.2,46.0,majority_vote,37,ATTACK,71,"(29, 16)",False,2,False,920
0,0.0,True,0.0,0.9,0.9,902,0,902.0,39,2,11,"(24, 45)",0,0.04557405784399649,83.45454545454545,33.63636363636363,majority_vote,39,ATTACK,70,"(29, 11)",False,0,False,925
6,0.0,True,0.0,0.7408309896916326,0.8484714280781317,905,0,905.0,37,1,10,"(15, 2)",0,0.040315512708150744,87.4,40.4,majority_vote,37,ATTACK,71,"(15, 3)",False,1,False,925
13,0.0,False,0.0,0.2313535319273523,0.48417974868939645,906,0,906.0,38,0,10,"(33, 8)",0,0.033304119193689745,88.2,46.0,majority_vote,38,ATTACK,72,"(30, 12)",False,2,False,925
0,0.0,True,0.0,0.9,0.9,907,0,907.0,39,2,11,"(24, 45)",0,0.044697633654688866,83.45454545454545,33.63636363636363,majority_vote,39,ATTACK,70,"(25, 12)",False,0,False,930
5,0.0,True,0.0,0.7408309896916326,0.8484714280781317,909,0,909.0,38,1,10,"(21, 17)",0,0.03943908851884312,87.4,40.4,majority_vote,38,ATTACK,72,"(15, 5)",False,1,False,930
13,0.0,True,0.0,0.30462123966005944,0.5957958378074458,911,0,911.0,38,0,10,"(33, 8)",0,0.033304119193689745,88.2,46.0,majority_vote,38,ATTACK,72,"(32, 9)",False,2,False,930
0,0.0,True,0.0,0.9,0.9,912,0,912.0,39,2,11,"(24, 45)",0,0.042068361086765996,83.45454545454545,33.63636363636363,majority_vote,39,ATTACK,70,"(25, 17)",False,0,False,935
5,0.0,True,0.0,0.7465308315263723,0.8548278263864271,914,0,914.0,38,1,10,"(21, 17)",0,0.03768624014022787,87.4,40.4,majority_vote,38,ATTACK,72,"(17, 8)",False,1,False,935
13,0.0,True,0.0,0.35066390875594833,0.6388774605510762,915,0,915.0,39,0,10,"(33, 30)",0,0.03242769500438212,88.2,46.0,majority_vote,39,ATTACK,73,"(33, 10)",False,2,False,935
0,0.0,True,0.0,0.9,0.9,917,0,917.0,39,2,11,"(24, 45)",0,0.035056967572304996,83.45454545454545,33.63636363636363,majority_vote,39,ATTACK,70,"(25, 22)",False,0,False,940
2,0.0,True,0.0,0.7634438994333201,0.870297409576537,919,0,919.0,38,1,10,"(21, 17)",0,0.03418054338299737,87.4,40.4,majority_vote,38,ATTACK,72,"(18, 12)",False,1,False,940
13,0.0,True,0.0,0.42383299279597175,0.6961920313813363,920,0,920.0,39,0,10,"(33, 30)",0,0.03242769500438212,88.2,46.0,majority_vote,39,ATTACK,73,"(30, 12)",False,2,False,940
0,0.0,True,0.0,0.9,0.9,922,0,922.0,39,2,11,"(24, 45)",0,0.026292725679228746,83.45454545454545,33.63636363636363,majority_vote,39,ATTACK,70,"(25, 27)",False,0,False,945
2,0.0,True,0.0,0.7634438994333201,0.870297409576537,924,0,924.0,38,1,10,"(21, 17)",0,0.02716914986853637,87.4,40.4,majority_vote,38,ATTACK,72,"(18, 17)",False,1,False,945
13,0.0,True,0.0,0.49295985854169133,0.7494337049786042,925,0,925.0,39,0,10,"(33, 30)",0,0.028921998247151623,88.2,46.0,majority_vote,39,ATTACK,73,"(29, 16)",False,2,False,945
0,0.0,True,0.0,0.9,0.9,927,0,927.0,39,2,11,"(24, 45)",0,0.026292725679228746,83.45454545454545,33.63636363636363,majority_vote,39,ATTACK,71,"(25, 32)",False,0,False,950
4,0.0,True,0.0,0.7856330057585765,0.8898369889017584,928,0,928.0,39,1,11,"(2, 41)",0,0.025416301489921123,86.27272727272727,38.72727272727273,majority_vote,39,ATTACK,74,"(20, 17)",False,1,False,950
15,0.0,True,0.0,0.557502925485216,0.794158362849052,930,0,930.0,39,0,10,"(33, 30)",0,0.028921998247151623,88.2,46.0,majority_vote,39,ATTACK,74,"(29, 21)",False,2,False,950
0,0.0,True,0.0,0.9,0.9,932,0,932.0,39,2,11,"(24, 45)",0,0.024539877300613498,83.45454545454545,33.63636363636363,majority_vote,39,ATTACK,71,"(25, 37)",False,0,False,955
2,0.0,True,0.0,0.7856330057585765,0.8898369889017584,933,0,933.0,39,1,11,"(2, 41)",0,0.028045574057843997,86.27272727272727,38.72727272727273,majority_vote,39,ATTACK,74,"(16, 18)",False,1,False,955
13,0.0,True,0.0,0.6159564355902949,0.8287547130820405,935,0,935.0,39,0,10,"(33, 30)",0,0.028921998247151623,88.2,46.0,majority_vote,39,ATTACK,74,"(29, 26)",False,2,False,955
0,0.0,True,0.0,0.9,0.9,937,0,937.0,39,2,11,"(24, 45)",0,0.024539877300613498,83.45454545454545,33.63636363636363,majority_vote,39,ATTACK,71,"(25, 42)",False,0,False,960
2,0.0,True,0.0,0.7856330057585765,0.8898369889017584,938,0,938.0,39,1,11,"(2, 41)",0,0.02716914986853637,86.27272727272727,38.72727272727273,majority_vote,39,ATTACK,74,"(14, 21)",False,1,False,960
9,0.0,True,0.0,0.6678817571574605,0.8550014417597159,940,0,940.0,39,0,10,"(33, 30)",0,0.028921998247151623,88.2,46.0,majority_vote,39,ATTACK,74,"(30, 30)",False,2,False,960
0,0.0,True,0.0,0.9,0.9,941,0,941.0,40,2,11,"(2, 20)",0,0.024539877300613498,83.45454545454545,33.63636363636363,majority_vote,40,ATTACK,72,"(24, 45)",False,0,False,965
2,0.0,True,0.0,0.7856330057585765,0.8898369889017584,943,0,943.0,39,1,11,"(2, 41)",0,0.02716914986853637,86.27272727272727,38.72727272727273,majority_vote,39,ATTACK,74,"(14, 26)",False,1,False,965
9,0.0,True,0.0,0.6774441174565735,0.859128963139722,944,0,944.0,40,0,11,"(2, 41)",0,0.028921998247151623,87.63636363636364,44.63636363636363,majority_vote,40,ATTACK,75,"(32, 30)",False,2,False,965
0,0.0,True,0.0,0.9,0.9,946,0,946.0,40,2,11,"(2, 20)",0,0.024539877300613498,83.45454545454545,33.63636363636363,majority_vote,40,ATTACK,72,"(25, 41)",False,0,False,970
2,0.0,True,0.0,0.7856330057585765,0.8898369889017584,948,0,948.0,39,1,11,"(2, 41)",0,0.02716914986853637,86.27272727272727,38.72727272727273,majority_vote,39,ATTACK,74,"(10, 27)",False,1,False,970
9,0.0,True,0.0,0.6867448451376792,0.8634586710786873,949,0,949.0,40,0,11,"(2, 41)",0,0.028921998247151623,87.63636363636364,44.63636363636363,majority_vote,40,ATTACK,75,"(29, 32)",False,2,False,970
0,0.0,True,0.0,0.9,0.9,951,0,951.0,41,2,11,"(2, 20)",0,0.024539877300613498,83.45454545454545,33.63636363636363,majority_vote,41,ATTACK,73,"(22, 39)",False,0,False,975
2,0.0,True,0.0,0.7856330057585765,0.8898369889017584,953,0,953.0,40,1,11,"(2, 41)",0,0.02716914986853637,86.27272727272727,38.72727272727273,majority_vote,40,ATTACK,75,"(9, 31)",False,1,False,975
9,3.2107835005043484,True,3.2107835005043484,0.7296390543386505,0.8839031792133119,954,0,954.0,40,0,11,"(2, 41)",9,0.028921998247151623,87.63636363636364,44.63636363636363,majority_vote,40,ATTACK,76,"(25, 33)",True,2,True,975
0,0.0,True,0.0,0.9,0.9,956,0,956.0,41,2,11,"(2, 20)",0,0.02290748898678414,83.45454545454545,33.63636363636363,majority_vote,41,ATTACK,73,"(20, 36)",False,0,False,980
2,0.0,True,0.0,0.7856330057585765,0.8898369889017584,958,0,958.0,40,1,11,"(2, 41)",0,0.02555066079295154,86.27272727272727,38.72727272727273,majority_vote,40,ATTACK,75,"(9, 36)",False,1,False,980
9,3.2107835005043484,True,3.2107835005043484,0.7675294908439227,0.9052919555054894,959,0,959.0,40,0,11,"(2, 41)",9,0.027312775330396475,87.63636363636364,44.63636363636363,majority_vote,40,ATTACK,76,"(23, 36)",True,2,True,980
0,0.0,True,0.0,0.9,0.9,961,0,961.0,41,2,11,"(2, 20)",0,0.02290748898678414,83.45454545454545,33.63636363636363,majority_vote,41,ATTACK,73,"(20, 31)",False,0,False,985
10,0.0,True,0.0,0.7856330057585765,0.8898369889017584,963,0,963.0,40,1,11,"(2, 41)",0,0.02290748898678414,86.27272727272727,38.72727272727273,majority_vote,40,ATTACK,75,"(8, 40)",False,1,False,985
18,0.0,True,0.0,0.8015097064436529,0.9247382669427927,964,0,964.0,40,0,11,"(2, 41)",0,0.024669603524229075,87.63636363636364,44.63636363636363,majority_vote,40,ATTACK,76,"(18, 36)",False,2,False,985
0,0.0,True,0.0,0.9,0.9,966,0,966.0,41,2,11,"(2, 20)",0,0.022026431718061675,83.45454545454545,33.63636363636363,majority_vote,41,ATTACK,73,"(20, 26)",False,0,False,990
10,0.0,True,0.0,0.7856330057585765,0.8898369889017584,968,0,968.0,40,1,11,"(2, 41)",0,0.02290748898678414,86.27272727272727,38.72727272727273,majority_vote,40,ATTACK,75,"(4, 41)",False,1,False,990
18,0.0,True,0.0,0.8314890641575828,0.9384610794122689,969,0,969.0,40,0,11,"(2, 41)",0,0.024669603524229075,87.63636363636364,44.63636363636363,majority_vote,40,ATTACK,76,"(13, 36)",False,2,False,990
0,0.0,True,0.0,0.9,0.9,971,0,971.0,41,2,11,"(2, 20)",0,0.022026431718061675,83.45454545454545,33.63636363636363,majority_vote,41,ATTACK,73,"(15, 26)",False,0,False,995
10,0.0,True,0.0,0.7856330057585765,0.8898369889017584,972,0,972.0,41,1,11,"(33, 50)",0,0.02290748898678414,86.27272727272727,38.72727272727273,majority_vote,41,ATTACK,77,"(4, 41)",False,1,False,995
12,0.0,True,0.0,0.8314890641575828,0.9384610794122689,974,0,974.0,40,0,11,"(2, 41)",0,0.024669603524229075,87.63636363636364,44.63636363636363,majority_vote,40,ATTACK,76,"(8, 36)",False,2,False,995
0,0.0,True,0.0,0.9,0.9,976,0,976.0,41,2,11,"(2, 20)",0,0.022026431718061675,83.45454545454545,33.63636363636363,majority_vote,41,ATTACK,74,"(15, 21)",False,0,False,1000
10,0.0,True,0.0,0.7856330057585765,0.8898369889017584,977,0,977.0,42,1,11,"(33, 50)",0,0.02290748898678414,86.27272727272727,38.72727272727273,majority_vote,42,ATTACK,78,"(9, 41)",False,1,False,1000
9,0.0,True,0.0,0.8314890641575828,0.9384610794122689,979,0,979.0,40,0,11,"(2, 41)",0,0.024669603524229075,87.63636363636364,44.63636363636363,majority_vote,40,ATTACK,77,"(3, 36)",False,2,False,1000
0,0.0,True,0.0,0.9,0.9,981,0,981.0,41,2,11,"(2, 20)",0,0.022007042253521125,83.45454545454545,33.63636363636363,majority_vote,41,ATTACK,74,"(11, 20)",False,0,False,1005
10,0.0,True,0.0,0.801413323670524,0.8993603703588177,982,0,982.0,42,1,11,"(33, 50)",0,0.016725352112676055,86.27272727272727,38.72727272727273,majority_vote,42,ATTACK,78,"(14, 41)",False,1,False,1005
9,0.0,True,0.0,0.8314890641575828,0.9384610794122689,984,0,984.0,40,0,11,"(2, 41)",0,0.018485915492957746,87.63636363636364,44.63636363636363,majority_vote,40,ATTACK,77,"(3, 41)",False,2,False,1005
0,0.0,True,0.0,0.9,0.9,986,0,986.0,41,2,11,"(2, 20)",0,0.022007042253521125,83.45454545454545,33.63636363636363,majority_vote,41,ATTACK,74,"(6, 20)",False,0,False,1010
10,0.0,True,0.0,0.8255964180133082,0.9129853081639147,987,0,987.0,42,1,11,"(33, 50)",0,0.016725352112676055,86.27272727272727,38.72727272727273,majority_vote,42,ATTACK,78,"(15, 45)",False,1,False,1010
9,0.0,True,0.0,0.8314890641575828,0.9384610794122689,988,0,988.0,41,0,11,"(21, 17)",0,0.018485915492957746,87.63636363636364,44.63636363636363,majority_vote,41,ATTACK,78,"(5, 41)",False,2,False,1010
0,0.0,True,0.0,0.9,0.9,990,0,990.0,42,2,12,"(15, 2)",0,0.017605633802816902,84.58333333333333,35.0,majority_vote,42,ATTACK,75,"(2, 20)",False,0,False,1015
10,0.0,True,0.0,0.8255964180133082,0.9129853081639147,992,0,992.0,42,1,11,"(33, 50)",0,0.016725352112676055,86.27272727272727,38.72727272727273,majority_vote,42,ATTACK,78,"(16, 49)",False,1,False,1015
9,0.0,True,0.0,0.8314890641575828,0.9384610794122689,993,0,993.0,41,0,11,"(21, 17)",0,0.018485915492957746,87.63636363636364,44.63636363636363,majority_vote,41,ATTACK,78,"(7, 38)",False,2,False,1015
0,0.0,True,0.0,0.9,0.9,995,0,995.0,42,2,12,"(15, 2)",0,0.017605633802816902,84.58333333333333,35.0,majority_vote,42,ATTACK,75,"(7, 20)",False,0,False,1020
10,0.0,True,0.0,0.8344575726477766,0.9175422093027478,997,0,997.0,42,1,11,"(33, 50)",0,0.016725352112676055,86.27272727272727,38.72727272727273,majority_vote,42,ATTACK,78,"(21, 49)",False,1,False,1020
9,0.0,True,0.0,0.8314890641575828,0.9384610794122689,998,0,998.0,41,0,11,"(21, 17)",0,0.018485915492957746,87.63636363636364,44.63636363636363,majority_vote,41,ATTACK,78,"(10, 36)",False,2,False,1020
0,0.0,True,0.0,0.9,0.9,1000,0,1000.0,43,2,12,"(15, 2)",0,0.017605633802816902,84.58333333333333,35.0,majority_vote,43,ATTACK,76,"(12, 20)",False,0,False,1025
14,0.0,True,0.0,0.8548755868315939,0.9290138818759724,1002,0,1002.0,42,1,11,"(33, 50)",0,0.016725352112676055,86.27272727272727,38.72727272727273,majority_vote,42,ATTACK,79,"(26, 49)",False,1,False,1025
13,0.0,True,0.0,0.8421597645928037,0.941731599853707,1003,0,1003.0,42,0,11,"(21, 17)",0,0.01936619718309859,87.63636363636364,44.63636363636363,majority_vote,42,ATTACK,79,"(12, 33)",False,2,False,1025
0,0.0,True,0.0,0.9,0.9,1005,0,1005.0,43,2,12,"(15, 2)",0,0.013134851138353765,84.58333333333333,35.0,majority_vote,43,ATTACK,76,"(15, 18)",False,0,False,1030
13,0.0,True,0.0,0.8728799049963198,0.9373790146428767,1007,0,1007.0,42,1,11,"(33, 50)",0,0.012259194395796848,86.27272727272727,38.72727272727273,majority_vote,42,ATTACK,79,"(31, 49)",False,1,False,1030
12,0.0,True,0.0,0.8658961185812257,0.9501810451505,1008,0,1008.0,42,0,11,"(21, 17)",0,0.014010507880910683,87.63636363636364,44.63636363636363,majority_vote,42,ATTACK,79,"(15, 31)",False,2,False,1030
0,0.0,True,0.0,0.9,0.9,1010,0,1010.0,43,2,12,"(15, 2)",0,0.013134851138353765,84.58333333333333,35.0,majority_vote,43,ATTACK,76,"(15, 13)",False,0,False,1035
11,0.0,True,0.0,0.8728799049963198,0.9373790146428767,1011,0,1011.0,43,1,12,"(24, 45)",0,0.012259194395796848,86.16666666666667,38.916666666666664,majority_vote,43,ATTACK,80,"(32, 50)",False,1,False,1035
10,0.0,True,0.0,0.8859623997393424,0.9571898821328299,1013,0,1013.0,42,0,11,"(21, 17)",0,0.012259194395796848,87.63636363636364,44.63636363636363,majority_vote,42,ATTACK,79,"(19, 30)",False,2,False,1035
0,0.0,True,0.0,0.9,0.9,1015,0,1015.0,43,2,12,"(15, 2)",0,0.010526315789473684,84.58333333333333,35.0,majority_vote,43,ATTACK,76,"(15, 8)",False,0,False,1040
10,0.0,True,0.0,0.8728799049963198,0.9373790146428767,1016,0,1016.0,43,1,12,"(24, 45)",0,0.012280701754385965,86.16666666666667,38.916666666666664,majority_vote,43,ATTACK,80,"(29, 48)",False,1,False,1040
9,0.0,True,0.0,0.9029224857283721,0.9631895756843923,1018,0,1018.0,42,0,11,"(21, 17)",0,0.010526315789473684,87.63636363636364,44.63636363636363,majority_vote,42,ATTACK,79,"(19, 25)",False,2,False,1040
0,0.0,True,0.0,0.9,0.9,1020,0,1020.0,43,2,12,"(15, 2)",0,0.010526315789473684,84.58333333333333,35.0,majority_vote,43,ATTACK,76,"(15, 3)",False,0,False,1045
10,0.0,True,0.0,0.8885924039381382,0.9455984564284927,1021,0,1021.0,43,1,12,"(24, 45)",0,0.012280701754385965,86.16666666666667,38.916666666666664,majority_vote,43,ATTACK,80,"(25, 47)",False,1,False,1045
9,0.0,True,0.0,0.9173626350352123,0.9689789077453385,1023,0,1023.0,42,0,11,"(21, 17)",0,0.010526315789473684,87.63636363636364,44.63636363636363,majority_vote,42,ATTACK,79,"(19, 20)",False,2,False,1045
0,0.0,True,0.0,0.9,0.9,1024,0,1024.0,45,2,12,"(21, 17)",0,0.054385964912280704,84.58333333333333,35.0,majority_vote,45,ATTACK,78,"(15, 5)",False,0,False,1050
10,0.0,True,0.0,0.8915318937339043,0.9473821998534603,1025,0,1025.0,44,1,12,"(33, 8)",0,0.05263157894736842,86.16666666666667,38.916666666666664,majority_vote,44,ATTACK,82,"(25, 45)",False,1,False,1050
9,0.0,True,0.0,0.9274721737703046,0.9733298929721226,1028,0,1028.0,42,0,11,"(21, 17)",0,0.054385964912280704,87.63636363636364,44.63636363636363,majority_vote,42,ATTACK,80,"(21, 17)",False,2,False,1050
0,0.0,True,0.0,0.9,0.9,1029,0,1029.0,45,2,12,"(21, 17)",0,0.05087719298245614,84.58333333333333,35.0,majority_vote,45,ATTACK,78,"(15, 10)",False,0,False,1055
10,0.0,True,0.0,0.8915318937339043,0.9473821998534603,1030,0,1030.0,44,1,12,"(33, 8)",0,0.04649122807017544,86.16666666666667,38.916666666666664,majority_vote,44,ATTACK,82,"(27, 42)",False,1,False,1055
9,0.0,True,0.0,0.9274721737703046,0.9733298929721226,1032,0,1032.0,43,0,12,"(2, 41)",0,0.05,87.58333333333333,44.583333333333336,majority_vote,43,ATTACK,81,"(18, 18)",False,2,False,1055
0,0.0,True,0.0,0.9,0.9,1034,0,1034.0,45,2,12,"(21, 17)",0,0.043859649122807015,84.58333333333333,35.0,majority_vote,45,ATTACK,78,"(15, 15)",False,0,False,1060
23,0.0,True,0.0,0.8915318937339043,0.9473821998534603,1035,0,1035.0,44,1,12,"(33, 8)",0,0.04298245614035088,86.16666666666667,38.916666666666664,majority_vote,44,ATTACK,82,"(29, 39)",False,1,False,1060
24,0.0,True,0.0,0.9384562743664989,0.9776098516775537,1037,0,1037.0,43,0,12,"(2, 41)",0,0.05263157894736842,87.58333333333333,44.583333333333336,majority_vote,43,ATTACK,81,"(18, 23)",False,2,False,1060
0,0.0,True,0.0,0.9,0.9,1039,0,1039.0,45,2,12,"(21, 17)",0,0.043859649122807015,84.58333333333333,35.0,majority_vote,45,ATTACK,78,"(18, 17)",False,0,False,1065
16,0.0,True,0.0,0.8915318937339043,0.9473821998534603,1040,0,1040.0,44,1,12,"(33, 8)",0,0.042105263157894736,86.16666666666667,38.916666666666664,majority_vote,44,ATTACK,82,"(29, 34)",False,1,False,1065
24,0.0,True,0.0,0.9442568367066874,0.9798141524631183,1042,0,1042.0,43,0,12,"(2, 41)",0,0.04649122807017544,87.58333333333333,44.583333333333336,majority_vote,43,ATTACK,81,"(18, 28)",False,2,False,1065
0,0.0,True,0.0,0.9,0.9,1043,0,1043.0,46,2,13,"(25, 2)",0,0.042105263157894736,82.23076923076923,34.0,majority_vote,46,ATTACK,79,"(22, 17)",False,0,False,1070
7,0.0,False,0.0,0.4199202414303774,0.4199202414303774,1045,0,1045.0,44,1,12,"(33, 8)",0,0.0412280701754386,86.16666666666667,38.916666666666664,majority_vote,44,ATTACK,83,"(29, 29)",False,1,False,1070
24,0.0,True,0.0,0.9442568367066874,0.9798141524631183,1047,0,1047.0,43,0,12,"(2, 41)",0,0.0456140350877193,87.58333333333333,44.583333333333336,majority_vote,43,ATTACK,81,"(17, 32)",False,2,False,1070
0,0.0,True,0.0,0.9,0.9,1048,0,1048.0,46,2,13,"(25, 2)",0,0.03064798598949212,82.23076923076923,34.0,majority_vote,46,ATTACK,80,"(25, 15)",False,0,False,1075
0,0.0,False,0.0,0.2463181210119693,0.2690571076577672,1050,0,1050.0,44,1,12,"(33, 8)",0,0.03239929947460595,86.16666666666667,38.916666666666664,majority_vote,44,ATTACK,84,"(29, 24)",False,1,False,1075
24,0.0,True,0.0,0.9442568367066874,0.9798141524631183,1052,0,1052.0,44,0,12,"(2, 41)",0,0.03415061295971979,87.58333333333333,44.583333333333336,majority_vote,44,ATTACK,82,"(12, 32)",False,2,False,1075
0,0.0,True,0.0,0.9,0.9,1053,0,1053.0,46,2,13,"(25, 2)",0,0.025394045534150613,82.23076923076923,34.0,majority_vote,46,ATTACK,80,"(25, 10)",False,0,False,1080
0,0.0,False,0.0,0.2683626102719079,0.3887214372095326,1055,0,1055.0,45,1,12,"(33, 8)",0,0.028896672504378284,86.16666666666667,38.916666666666664,majority_vote,45,ATTACK,85,"(29, 19)",False,1,False,1080
24,0.0,True,0.0,0.9442568367066874,0.9798141524631183,1057,0,1057.0,44,0,12,"(2, 41)",0,0.028896672504378284,87.58333333333333,44.583333333333336,majority_vote,44,ATTACK,82,"(11, 36)",False,2,False,1080
0,0.0,True,0.0,0.9,0.9,1058,0,1058.0,46,2,13,"(25, 2)",0,0.024518388791593695,82.23076923076923,34.0,majority_vote,46,ATTACK,80,"(25, 5)",False,0,False,1085
0,0.0,False,0.0,0.29158882898227323,0.45404532161038946,1060,0,1060.0,46,1,12,"(33, 8)",0,0.02626970227670753,86.16666666666667,38.916666666666664,majority_vote,46,ATTACK,86,"(30, 15)",False,1,False,1085
24,0.0,True,0.0,0.9442568367066874,0.9798141524631183,1062,0,1062.0,44,0,12,"(2, 41)",0,0.028021015761821366,87.58333333333333,44.583333333333336,majority_vote,44,ATTACK,82,"(9, 39)",False,2,False,1085
0,0.0,True,0.0,0.9,0.9,1062,0,1062.0,47,2,13,"(33, 30)",0,0.02276707530647986,82.23076923076923,34.0,majority_vote,47,ATTACK,81,"(25, 3)",False,0,False,1090
0,0.0,False,0.0,0.3009363150463715,0.4785385502642388,1065,0,1065.0,46,1,12,"(33, 8)",0,0.02276707530647986,86.16666666666667,38.916666666666664,majority_vote,46,ATTACK,86,"(33, 13)",False,1,False,1090
24,0.0,True,0.0,0.9442568367066874,0.9798141524631183,1067,0,1067.0,44,0,12,"(2, 41)",0,0.02714535901926445,87.58333333333333,44.583333333333336,majority_vote,44,ATTACK,82,"(6, 41)",False,2,False,1090
0,0.0,True,0.0,0.9,0.9,1067,0,1067.0,47,2,13,"(33, 30)",0,0.02276707530647986,82.23076923076923,34.0,majority_vote,47,ATTACK,81,"(25, 8)",False,0,False,1095
0,0.0,True,0.0,0.32077599250126226,0.5133397978527084,1070,0,1070.0,46,1,12,"(33, 8)",0,0.020140105078809107,86.16666666666667,38.916666666666664,majority_vote,46,ATTACK,86,"(33, 8)",False,1,False,1095
24,0.0,True,0.0,0.9442568367066874,0.9798141524631183,1071,0,1071.0,45,0,12,"(33, 8)",0,0.02714535901926445,87.58333333333333,44.583333333333336,majority_vote,45,ATTACK,83,"(2, 41)",False,2,False,1095
0,0.0,True,0.0,0.9,0.9,1072,0,1072.0,47,2,13,"(33, 30)",0,0.02276707530647986,82.23076923076923,34.0,majority_vote,47,ATTACK,82,"(25, 13)",False,0,False,1100
4,0.0,True,0.0,0.3420870441153899,0.548306540161949,1074,0,1074.0,48,1,13,"(33, 50)",0,0.02366345311130587,84.3076923076923,39.53846153846154,majority_vote,48,ATTACK,88,"(33, 12)",False,1,False,1100
28,0.0,True,0.0,0.9442568367066874,0.9798141524631183,1076,0,1076.0,46,0,12,"(33, 8)",0,0.024539877300613498,87.58333333333333,44.583333333333336,majority_vote,46,ATTACK,84,"(7, 41)",False,2,False,1100
0,0.0,True,0.0,0.9,0.9,1077,0,1077.0,47,2,13,"(33, 30)",0,0.02276707530647986,82.23076923076923,34.0,majority_vote,47,ATTACK,82,"(25, 18)",False,0,False,1105
4,0.0,True,0.0,0.3420870441153899,0.548306540161949,1079,0,1079.0,48,1,13,"(33, 50)",0,0.02366345311130587,84.3076923076923,39.53846153846154,majority_vote,48,ATTACK,88,"(31, 15)",False,1,False,1105
28,0.0,True,0.0,0.9442568367066874,0.9798141524631183,1081,0,1081.0,46,0,12,"(33, 8)",0,0.024539877300613498,87.58333333333333,44.583333333333336,majority_vote,46,ATTACK,84,"(9, 38)",False,2,False,1105
0,0.0,True,0.0,0.9,0.9,1082,0,1082.0,47,2,13,"(33, 30)",0,0.021015761821366025,82.23076923076923,34.0,majority_vote,47,ATTACK,82,"(25, 23)",False,0,False,1110
4,0.0,True,0.0,0.40159626775210316,0.6373032501764494,1084,0,1084.0,48,1,13,"(33, 50)",0,0.022787028921998246,84.3076923076923,39.53846153846154,majority_vote,48,ATTACK,88,"(29, 18)",False,1,False,1110
19,0.0,True,0.0,0.9442568367066874,0.9798141524631183,1086,0,1086.0,46,0,12,"(33, 8)",0,0.02366345311130587,87.58333333333333,44.583333333333336,majority_vote,46,ATTACK,84,"(12, 36)",False,2,False,1110
0,0.0,True,0.0,0.9,0.9,1087,0,1087.0,47,2,13,"(33, 30)",0,0.021015761821366025,82.23076923076923,34.0,majority_vote,47,ATTACK,82,"(25, 28)",False,0,False,1115
4,0.0,True,0.0,0.4648671257248773,0.7065348223360366,1089,0,1089.0,48,1,13,"(33, 50)",0,0.021910604732690624,84.3076923076923,39.53846153846154,majority_vote,48,ATTACK,88,"(29, 23)",False,1,False,1115
13,0.0,True,0.0,0.9442568367066874,0.9798141524631183,1091,0,1091.0,46,0,12,"(33, 8)",0,0.02366345311130587,87.58333333333333,44.583333333333336,majority_vote,46,ATTACK,84,"(13, 32)",False,2,False,1115
0,0.0,True,0.0,0.9,0.9,1092,0,1092.0,47,2,13,"(33, 30)",0,0.021333333333333333,82.23076923076923,34.0,majority_vote,47,ATTACK,82,"(28, 30)",False,0,False,1120
4,0.0,True,0.0,0.5275862098043491,0.7632208271418127,1094,0,1094.0,48,1,13,"(33, 50)",0,0.02224199288256228,84.3076923076923,39.53846153846154,majority_vote,48,ATTACK,88,"(29, 28)",False,1,False,1120
13,0.0,True,0.0,0.9460654456177725,0.9804290149283893,1096,0,1096.0,46,0,12,"(33, 8)",0,0.02402135231316726,87.58333333333333,44.583333333333336,majority_vote,46,ATTACK,84,"(17, 31)",False,2,False,1120
0,0.0,True,0.0,0.9,0.9,1097,0,1097.0,47,2,13,"(33, 30)",0,0.021333333333333333,82.23076923076923,34.0,majority_vote,47,ATTACK,83,"(33, 30)",False,0,False,1125
4,0.0,True,0.0,0.5881004454994512,0.8128071360192027,1099,0,1099.0,48,1,13,"(33, 50)",0,0.02224199288256228,84.3076923076923,39.53846153846154,majority_vote,48,ATTACK,89,"(29, 33)",False,1,False,1125
8,0.0,True,0.0,0.954269056086209,0.9833993242690142,1101,0,1101.0,46,0,12,"(33, 8)",0,0.02402135231316726,87.58333333333333,44.583333333333336,majority_vote,46,ATTACK,85,"(19, 28)",False,2,False,1125
0,0.0,True,0.0,0.9,0.9,1101,0,1101.0,48,2,14,"(2, 41)",0,0.021333333333333333,80.42857142857143,34.214285714285715,majority_vote,48,ATTACK,84,"(29, 30)",False,0,False,1130
4,0.0,True,0.0,0.6336009675333164,0.8439177437472191,1104,0,1104.0,48,1,13,"(33, 50)",0,0.02224199288256228,84.3076923076923,39.53846153846154,majority_vote,48,ATTACK,89,"(29, 38)",False,1,False,1130
7,0.0,True,0.0,0.9612109783271011,0.9858682499328101,1106,0,1106.0,46,0,12,"(33, 8)",0,0.02402135231316726,87.58333333333333,44.583333333333336,majority_vote,46,ATTACK,85,"(19, 23)",False,2,False,1130
0,0.0,True,0.0,0.9,0.9,1106,0,1106.0,48,2,14,"(2, 41)",0,0.021333333333333333,80.42857142857143,34.214285714285715,majority_vote,48,ATTACK,84,"(27, 33)",False,0,False,1135
4,0.0,True,0.0,0.5999992063397458,0.6138491022953395,1109,0,1109.0,49,1,13,"(33, 50)",0,0.02224199288256228,84.3076923076923,39.53846153846154,majority_vote,49,ATTACK,91,"(29, 43)",False,1,False,1135
31,0.0,True,0.0,0.9670826422514547,0.9880052524347841,1111,0,1111.0,46,0,12,"(33, 8)",0,0.02402135231316726,87.58333333333333,44.583333333333336,majority_vote,46,ATTACK,85,"(19, 18)",False,2,False,1135
0,0.0,True,0.0,0.9,0.9,1111,0,1111.0,48,2,14,"(2, 41)",0,0.021621621621621623,80.42857142857143,34.214285714285715,majority_vote,48,ATTACK,84,"(22, 33)",False,0,False,1140
4,0.0,True,0.0,0.6013314440412938,0.6266439603707052,1114,0,1114.0,49,1,13,"(33, 50)",0,0.02252252252252252,84.3076923076923,39.53846153846154,majority_vote,49,ATTACK,91,"(30, 47)",False,1,False,1140
31,0.0,True,0.0,0.9721105290488,0.9901357137524244,1116,0,1116.0,46,0,12,"(33, 8)",0,0.024324324324324326,87.58333333333333,44.583333333333336,majority_vote,46,ATTACK,85,"(23, 17)",False,2,False,1140
0,0.0,True,0.0,0.9,0.9,1116,0,1116.0,48,2,14,"(2, 41)",0,0.021621621621621623,80.42857142857143,34.214285714285715,majority_vote,48,ATTACK,84,"(19, 35)",False,0,False,1145
4,0.0,True,0.0,0.6013314440412938,0.6266439603707052,1119,0,1119.0,49,1,13,"(33, 50)",0,0.02072072072072072,84.3076923076923,39.53846153846154,majority_vote,49,ATTACK,91,"(33, 49)",False,1,False,1145
31,0.0,True,0.0,0.976422211437761,0.9917414396992478,1121,0,1121.0,46,0,12,"(33, 8)",0,0.024324324324324326,87.58333333333333,44.583333333333336,majority_vote,46,ATTACK,85,"(28, 17)",False,2,False,1145
0,0.0,True,0.0,0.9,0.9,1121,0,1121.0,48,2,14,"(2, 41)",0,0.017117117117117116,80.42857142857143,34.214285714285715,majority_vote,48,ATTACK,85,"(19, 40)",False,0,False,1150
4,0.0,True,0.0,0.6013314440412938,0.6266439603707052,1123,0,1123.0,51,1,13,"(25, 2)",0,0.02072072072072072,84.3076923076923,39.53846153846154,majority_vote,51,ATTACK,93,"(30, 50)",False,1,False,1150
31,0.0,True,0.0,0.9779472725998639,0.992165392855505,1126,0,1126.0,46,0,12,"(33, 8)",0,0.01981981981981982,87.58333333333333,44.583333333333336,majority_vote,46,ATTACK,86,"(32, 16)",False,2,False,1150
0,0.0,True,0.0,0.9,0.9,1126,0,1126.0,48,2,14,"(2, 41)",0,0.015315315315315315,80.42857142857143,34.214285714285715,majority_vote,48,ATTACK,85,"(15, 41)",False,0,False,1155
4,0.0,True,0.0,0.6013314440412938,0.6266439603707052,1128,0,1128.0,51,1,13,"(25, 2)",0,0.018018018018018018,84.3076923076923,39.53846153846154,majority_vote,51,ATTACK,93,"(28, 47)",False,1,False,1155
31,0.0,True,0.0,0.9786706370410504,0.9924145614235925,1131,0,1131.0,46,0,12,"(33, 8)",0,0.01891891891891892,87.58333333333333,44.583333333333336,majority_vote,46,ATTACK,86,"(33, 12)",False,2,False,1155
0,0.0,True,0.0,0.9,0.9,1131,0,1131.0,48,2,14,"(2, 41)",0,0.013550135501355014,80.42857142857143,34.214285714285715,majority_vote,48,ATTACK,85,"(10, 41)",False,0,False,1160
4,0.0,True,0.0,0.6031249418212865,0.6372013996411477,1133,0,1133.0,51,1,13,"(25, 2)",0,0.018066847335140017,84.3076923076923,39.53846153846154,majority_vote,51,ATTACK,93,"(28, 42)",False,1,False,1160
31,0.0,True,0.0,0.9806873072741578,0.9929948580370317,1135,0,1135.0,47,0,13,"(13, 50)",0,0.01987353206865402,89.23076923076923,46.15384615384615,majority_vote,47,ATTACK,87,"(33, 8)",False,2,False,1160
0,0.0,True,0.0,0.9,0.9,1136,0,1136.0,48,2,14,"(2, 41)",0,0.012646793134598013,80.42857142857143,34.214285714285715,majority_vote,48,ATTACK,85,"(5, 41)",False,0,False,1165
4,0.0,True,0.0,0.6181565051565421,0.6895902846421222,1138,0,1138.0,51,1,13,"(25, 2)",0,0.018066847335140017,84.3076923076923,39.53846153846154,majority_vote,51,ATTACK,93,"(28, 37)",False,1,False,1165
31,0.0,True,0.0,0.9813115254037701,0.9931716698664054,1140,0,1140.0,47,0,13,"(13, 50)",0,0.018970189701897018,89.23076923076923,46.15384615384615,majority_vote,47,ATTACK,87,"(32, 12)",False,2,False,1165
0,0.0,True,0.0,0.9,0.9,1140,0,1140.0,49,2,14,"(21, 17)",0,0.012646793134598013,80.42857142857143,34.214285714285715,majority_vote,49,ATTACK,86,"(3, 41)",False,0,False,1170
8,0.0,True,0.0,0.6406557761993384,0.7336280212655089,1143,0,1143.0,51,1,13,"(25, 2)",0,0.02168021680216802,84.3076923076923,39.53846153846154,majority_vote,51,ATTACK,93,"(28, 32)",False,1,False,1170
35,0.0,True,0.0,0.9813115254037701,0.9931716698664054,1145,0,1145.0,47,0,13,"(13, 50)",0,0.01987353206865402,89.23076923076923,46.15384615384615,majority_vote,47,ATTACK,87,"(30, 15)",False,2,False,1170
0,0.0,True,0.0,0.9,0.9,1145,0,1145.0,49,2,14,"(21, 17)",0,0.013550135501355014,80.42857142857143,34.214285714285715,majority_vote,49,ATTACK,87,"(8, 41)",False,0,False,1175
8,0.0,True,0.0,0.6666567026431238,0.7679802918962811,1148,0,1148.0,52,1,13,"(25, 2)",0,0.02168021680216802,84.3076923076923,39.53846153846154,majority_vote,52,ATTACK,94,"(27, 28)",False,1,False,1175
35,0.0,True,0.0,0.9813115254037701,0.9931716698664054,1150,0,1150.0,47,0,13,"(13, 50)",0,0.01987353206865402,89.23076923076923,46.15384615384615,majority_vote,47,ATTACK,88,"(27, 17)",False,2,False,1175
0,0.0,True,0.0,0.9,0.9,1150,0,1150.0,49,2,14,"(21, 17)",0,0.014571948998178506,80.42857142857143,34.214285714285715,majority_vote,49,ATTACK,87,"(12, 40)",False,0,False,1180
8,0.0,True,0.0,0.6937584381582569,0.7964782591550867,1153,0,1153.0,52,1,13,"(25, 2)",0,0.021778584392014518,84.3076923076923,39.53846153846154,majority_vote,52,ATTACK,94,"(25, 25)",False,1,False,1180
35,0.0,True,0.0,0.9813115254037701,0.9931716698664054,1155,0,1155.0,47,0,13,"(13, 50)",0,0.020036429872495445,89.23076923076923,46.15384615384615,majority_vote,47,ATTACK,88,"(22, 17)",False,2,False,1180
0,0.0,True,0.0,0.9,0.9,1155,0,1155.0,49,2,14,"(21, 17)",0,0.014571948998178506,80.42857142857143,34.214285714285715,majority_vote,49,ATTACK,87,"(14, 37)",False,0,False,1185
8,0.0,True,0.0,0.6992206209133828,0.8030020932607737,1158,0,1158.0,52,1,13,"(25, 2)",0,0.021778584392014518,84.3076923076923,39.53846153846154,majority_vote,52,ATTACK,94,"(25, 20)",False,1,False,1185
35,0.0,True,0.0,0.9813115254037701,0.9931716698664054,1160,0,1160.0,47,0,13,"(13, 50)",0,0.020036429872495445,89.23076923076923,46.15384615384615,majority_vote,47,ATTACK,88,"(19, 19)",False,2,False,1185
0,0.0,True,0.0,0.9,0.9,1160,0,1160.0,49,2,14,"(21, 17)",0,0.014571948998178506,80.42857142857143,34.214285714285715,majority_vote,49,ATTACK,87,"(17, 35)",False,0,False,1190
8,0.0,True,0.0,0.7262721184085182,0.8288721613356368,1163,0,1163.0,52,1,13,"(25, 2)",0,0.021778584392014518,84.3076923076923,39.53846153846154,majority_vote,52,ATTACK,94,"(25, 15)",False,1,False,1190
35,0.0,True,0.0,0.982486909798022,0.9934234599707596,1165,0,1165.0,47,0,13,"(13, 50)",0,0.020036429872495445,89.23076923076923,46.15384615384615,majority_vote,47,ATTACK,88,"(18, 23)",False,2,False,1190
0,0.0,True,0.0,0.9,0.9,1165,0,1165.0,49,2,14,"(21, 17)",0,0.010018214936247723,80.42857142857143,34.214285714285715,majority_vote,49,ATTACK,87,"(18, 31)",False,0,False,1195
8,0.0,True,0.0,0.7526308206462319,0.8508138659957073,1168,0,1168.0,52,1,13,"(25, 2)",0,0.017241379310344827,84.3076923076923,39.53846153846154,majority_vote,52,ATTACK,94,"(25, 10)",False,1,False,1195
35,0.0,True,0.0,0.9846021580883779,0.9941911215921914,1170,0,1170.0,47,0,13,"(13, 50)",0,0.020036429872495445,89.23076923076923,46.15384615384615,majority_vote,47,ATTACK,88,"(18, 28)",False,2,False,1195
0,0.0,True,0.0,0.9,0.9,1169,0,1169.0,49,3,14,"(21, 17)",0,0.059907834101382486,80.42857142857143,34.214285714285715,majority_vote,49,ATTACK,88,"(19, 28)",False,0,False,1200
8,0.0,True,0.0,0.7725677647498598,0.8651559812037585,1173,0,1173.0,52,1,13,"(25, 2)",0,0.06261510128913444,84.3076923076923,39.53846153846154,majority_vote,52,ATTACK,95,"(25, 5)",False,1,False,1200
35,0.0,True,0.0,0.9869417513130714,0.995344910007173,1175,0,1175.0,49,0,13,"(13, 50)",0,0.06175115207373272,89.23076923076923,46.15384615384615,majority_vote,49,ATTACK,91,"(14, 29)",False,2,False,1200
0,0.0,True,0.0,0.9,0.9,1174,0,1174.0,49,3,14,"(21, 17)",0,0.059907834101382486,80.42857142857143,34.214285714285715,majority_vote,49,ATTACK,88,"(19, 23)",False,0,False,1205
8,0.0,True,0.0,0.7725677647498598,0.8651559812037585,1177,0,1177.0,53,1,14,"(2, 41)",0,0.06261510128913444,86.0,40.785714285714285,majority_vote,53,ATTACK,96,"(25, 3)",False,1,False,1205
35,0.0,True,0.0,0.9889721082812739,0.9962128309047432,1180,0,1180.0,49,0,13,"(13, 50)",0,0.06175115207373272,89.23076923076923,46.15384615384615,majority_vote,49,ATTACK,91,"(13, 33)",False,2,False,1205
0,0.0,True,0.0,0.9,0.9,1179,0,1179.0,49,3,14,"(21, 17)",0,0.05898617511520737,80.42857142857143,34.214285714285715,majority_vote,49,ATTACK,88,"(19, 18)",False,0,False,1210
29,0.0,True,0.0,0.7725677647498598,0.8651559812037585,1182,0,1182.0,53,1,14,"(2, 41)",0,0.08103130755064457,86.0,40.785714285714285,majority_vote,53,ATTACK,96,"(25, 8)",False,1,False,1210
56,0.0,True,0.0,0.9889721082812739,0.9962128309047432,1185,0,1185.0,49,0,13,"(13, 50)",0,0.060829493087557605,89.23076923076923,46.15384615384615,majority_vote,49,ATTACK,91,"(13, 38)",False,2,False,1210
0,0.0,True,0.0,0.9,0.9,1183,0,1183.0,50,3,15,"(33, 50)",0,0.05161290322580645,80.93333333333334,34.93333333333333,majority_vote,50,ATTACK,89,"(22, 17)",False,0,False,1215
29,0.0,True,0.0,0.7774244383327213,0.8697012364070912,1187,0,1187.0,53,1,14,"(2, 41)",0,0.06721915285451197,86.0,40.785714285714285,majority_vote,53,ATTACK,96,"(25, 13)",False,1,False,1215
53,0.0,True,0.0,0.5875815826872991,0.5875815826872991,1190,0,1190.0,49,0,13,"(13, 50)",0,0.05622119815668203,89.23076923076923,46.15384615384615,majority_vote,49,ATTACK,93,"(13, 43)",False,2,False,1215
0,0.0,True,0.0,0.9,0.9,1188,0,1188.0,50,3,15,"(33, 50)",0,0.047926267281105994,80.93333333333334,34.93333333333333,majority_vote,50,ATTACK,89,"(26, 18)",False,0,False,1220
29,0.0,True,0.0,0.801964092139629,0.896149698293584,1192,0,1192.0,53,1,14,"(2, 41)",0,0.053406998158379376,86.0,40.785714285714285,majority_vote,53,ATTACK,96,"(25, 18)",False,1,False,1220
44,0.0,False,0.0,0.14362899256247644,0.14362899256247644,1195,0,1195.0,49,0,13,"(13, 50)",0,0.05243790248390064,89.23076923076923,46.15384615384615,majority_vote,49,ATTACK,95,"(13, 48)",False,2,False,1220
0,0.0,True,0.0,0.9,0.9,1193,0,1193.0,51,3,15,"(33, 50)",0,0.042279411764705885,80.93333333333334,34.93333333333333,majority_vote,51,ATTACK,90,"(26, 23)",False,0,False,1225
29,0.0,True,0.0,0.826558975611235,0.9187457321692291,1197,0,1197.0,54,1,14,"(2, 41)",0,0.04499540863177227,86.0,40.785714285714285,majority_vote,54,ATTACK,97,"(25, 23)",False,1,False,1225
40,0.0,False,0.0,0.061502622479547804,0.061502622479547804,1199,0,1199.0,50,0,13,"(15, 2)",0,0.04862385321100918,89.23076923076923,46.15384615384615,majority_vote,50,ATTACK,97,"(13, 48)",False,2,False,1225
0,0.0,True,0.0,0.9,0.9,1198,0,1198.0,51,3,15,"(33, 50)",0,0.042279411764705885,80.93333333333334,34.93333333333333,majority_vote,51,ATTACK,90,"(28, 26)",False,0,False,1230
29,0.0,True,0.0,0.8498678258485659,0.9358078198242886,1202,0,1202.0,54,1,14,"(2, 41)",0,0.04499540863177227,86.0,40.785714285714285,majority_vote,54,ATTACK,97,"(24, 27)",False,1,False,1230
40,0.0,False,0.0,0.061502622479547804,0.061502622479547804,1204,0,1204.0,50,0,13,"(15, 2)",0,0.047706422018348627,89.23076923076923,46.15384615384615,majority_vote,50,ATTACK,97,"(14, 44)",False,2,False,1230
0,0.0,True,0.0,0.9,0.9,1203,0,1203.0,51,3,15,"(33, 50)",0,0.03948576675849403,80.93333333333334,34.93333333333333,majority_vote,51,ATTACK,90,"(28, 31)",False,0,False,1235
29,0.0,True,0.0,0.8711831228247119,0.9486908124546054,1207,0,1207.0,54,1,14,"(2, 41)",0,0.044036697247706424,86.0,40.785714285714285,majority_vote,54,ATTACK,97,"(24, 32)",False,1,False,1235
40,0.0,False,0.0,0.061502622479547804,0.061502622479547804,1209,0,1209.0,50,0,13,"(15, 2)",0,0.045829514207149404,89.23076923076923,46.15384615384615,majority_vote,50,ATTACK,97,"(14, 39)",False,2,False,1235
0,0.0,True,0.0,0.9,0.9,1208,0,1208.0,51,3,15,"(33, 50)",0,0.03955841766329347,80.93333333333334,34.93333333333333,majority_vote,51,ATTACK,90,"(29, 35)",False,0,False,1240
29,0.0,True,0.0,0.8902188357364222,0.9589587414475234,1212,0,1212.0,54,1,14,"(2, 41)",0,0.04411764705882353,86.0,40.785714285714285,majority_vote,54,ATTACK,97,"(23, 36)",False,1,False,1240
40,0.0,False,0.0,0.061502622479547804,0.061502622479547804,1214,0,1214.0,50,0,13,"(15, 2)",0,0.04591368227731864,89.23076923076923,46.15384615384615,majority_vote,50,ATTACK,97,"(14, 34)",False,2,False,1240
0,0.0,True,0.0,0.9,0.9,1213,0,1213.0,51,3,15,"(33, 50)",0,0.03863845446182153,80.93333333333334,34.93333333333333,majority_vote,51,ATTACK,90,"(29, 40)",False,0,False,1245
34,0.0,True,0.0,0.9068428844356482,0.9664035844889414,1217,0,1217.0,54,1,14,"(2, 41)",0,0.04871323529411765,86.0,40.785714285714285,majority_vote,54,ATTACK,97,"(22, 40)",False,1,False,1245
31,0.0,False,0.0,0.06896334582729359,0.13827301746931603,1219,0,1219.0,50,0,13,"(15, 2)",0,0.04591368227731864,89.23076923076923,46.15384615384615,majority_vote,50,ATTACK,97,"(14, 29)",False,2,False,1245
0,0.0,True,0.0,0.9,0.9,1218,0,1218.0,52,3,15,"(33, 50)",0,0.03863845446182153,80.93333333333334,34.93333333333333,majority_vote,52,ATTACK,91,"(29, 45)",False,0,False,1250
33,0.0,True,0.0,0.7490365885772442,0.7490365885772442,1222,0,1222.0,54,1,14,"(2, 41)",0,0.04779411764705882,86.0,40.785714285714285,majority_vote,54,ATTACK,98,"(17, 40)",False,1,False,1250
18,0.0,False,0.0,0.10085896287177946,0.25120183848566185,1224,0,1224.0,50,0,13,"(15, 2)",0,0.04591368227731864,89.23076923076923,46.15384615384615,majority_vote,50,ATTACK,98,"(15, 25)",False,2,False,1250
0,0.0,True,0.0,0.9,0.9,1223,0,1223.0,52,3,15,"(33, 50)",0,0.03771849126034959,80.93333333333334,34.93333333333333,majority_vote,52,ATTACK,91,"(31, 48)",False,0,False,1255
31,0.0,False,0.0,0.4778533684319866,0.4778533684319866,1227,0,1227.0,54,1,14,"(2, 41)",0,0.04595588235294118,86.0,40.785714285714285,majority_vote,54,ATTACK,99,"(13, 41)",False,1,False,1255
18,0.0,False,0.0,0.15068161880765774,0.3628663869898818,1229,0,1229.0,50,0,13,"(15, 2)",0,0.04499540863177227,89.23076923076923,46.15384615384615,majority_vote,50,ATTACK,98,"(15, 20)",False,2,False,1255
0,0.0,True,0.0,0.9,0.9,1227,0,1227.0,53,3,15,"(13, 50)",0,0.03683241252302026,80.93333333333334,34.93333333333333,majority_vote,53,ATTACK,92,"(33, 50)",False,0,False,1260
30,0.0,False,0.0,0.3822826947455893,0.3822826947455893,1232,0,1232.0,55,1,14,"(2, 41)",0,0.04139834406623735,86.0,40.785714285714285,majority_vote,55,ATTACK,100,"(8, 41)",False,1,False,1260
18,0.0,False,0.0,0.19948358388270732,0.43832103030152236,1234,0,1234.0,50,0,13,"(15, 2)",0,0.0432780847145488,89.23076923076923,46.15384615384615,majority_vote,50,ATTACK,98,"(15, 15)",False,2,False,1260
0,0.0,True,0.0,0.9,0.9,1232,0,1232.0,53,3,15,"(13, 50)",0,0.03551912568306011,80.93333333333334,34.93333333333333,majority_vote,53,ATTACK,92,"(28, 50)",False,0,False,1265
30,0.0,False,0.0,0.3822826947455893,0.3822826947455893,1237,0,1237.0,55,1,14,"(2, 41)",0,0.039126478616924476,86.0,40.785714285714285,majority_vote,55,ATTACK,100,"(7, 45)",False,1,False,1265
17,0.0,False,0.0,0.19948358388270732,0.43832103030152236,1239,0,1239.0,50,0,13,"(15, 2)",0,0.040983606557377046,89.23076923076923,46.15384615384615,majority_vote,50,ATTACK,98,"(15, 10)",False,2,False,1265
0,0.0,True,0.0,0.9,0.9,1237,0,1237.0,53,3,15,"(13, 50)",0,0.032432432432432434,80.93333333333334,34.93333333333333,majority_vote,53,ATTACK,92,"(24, 49)",False,0,False,1270
30,0.0,False,0.0,0.3822826947455893,0.3822826947455893,1242,0,1242.0,56,1,14,"(2, 41)",0,0.036003600360036005,86.0,40.785714285714285,majority_vote,56,ATTACK,101,"(7, 44)",False,1,False,1270
16,0.0,False,0.0,0.19948358388270732,0.43832103030152236,1244,0,1244.0,50,0,13,"(15, 2)",0,0.03783783783783784,89.23076923076923,46.15384615384615,majority_vote,50,ATTACK,98,"(15, 5)",False,2,False,1270
0,0.0,True,0.0,0.9,0.9,1242,0,1242.0,53,3,15,"(13, 50)",0,0.03333333333333333,80.93333333333334,34.93333333333333,majority_vote,53,ATTACK,93,"(19, 49)",False,0,False,1275
20,0.0,False,0.0,0.3822826947455893,0.3822826947455893,1247,0,1247.0,57,1,14,"(2, 41)",0,0.032403240324032405,86.0,40.785714285714285,majority_vote,57,ATTACK,103,"(9, 41)",False,1,False,1275
11,0.0,False,0.0,0.19948358388270732,0.43832103030152236,1248,0,1248.0,51,0,14,"(2, 41)",0,0.03783783783783784,91.0,46.5,majority_vote,51,ATTACK,100,"(14, 2)",False,2,False,1275
0,0.0,True,0.0,0.9,0.9,1247,0,1247.0,53,3,15,"(13, 50)",0,0.031221303948576674,80.93333333333334,34.93333333333333,majority_vote,53,ATTACK,93,"(14, 49)",False,0,False,1280
10,0.0,False,0.0,0.3822826947455893,0.3822826947455893,1252,0,1252.0,57,1,14,"(2, 41)",0,0.02938475665748393,86.0,40.785714285714285,majority_vote,57,ATTACK,103,"(10, 37)",False,1,False,1280
8,0.0,False,0.0,0.19948358388270732,0.43832103030152236,1253,0,1253.0,51,0,14,"(2, 41)",0,0.03856749311294766,91.0,46.5,majority_vote,51,ATTACK,100,"(14, 7)",False,2,False,1280
0,0.0,True,0.0,0.9,0.9,1251,0,1251.0,54,3,16,"(2, 41)",0,0.03211009174311927,80.1875,34.1875,majority_vote,54,ATTACK,94,"(12, 49)",False,0,False,1285
11,0.0,False,0.0,0.3822826947455893,0.3822826947455893,1257,0,1257.0,57,1,14,"(2, 41)",0,0.027522935779816515,86.0,40.785714285714285,majority_vote,57,ATTACK,103,"(6, 36)",False,1,False,1285
8,0.0,False,0.0,0.20488998210140114,0.30761154825658354,1258,0,1258.0,51,0,14,"(2, 41)",0,0.03853211009174312,91.0,46.5,majority_vote,51,ATTACK,100,"(14, 12)",False,2,False,1285
0,0.0,True,0.0,0.9,0.9,1256,0,1256.0,54,3,16,"(2, 41)",0,0.030275229357798167,80.1875,34.1875,majority_vote,54,ATTACK,94,"(11, 45)",False,0,False,1290
10,0.0,False,0.0,0.3822826947455893,0.3822826947455893,1262,0,1262.0,58,1,14,"(2, 41)",0,0.023853211009174313,86.0,40.785714285714285,majority_vote,58,ATTACK,104,"(8, 37)",False,1,False,1290
6,0.0,False,0.0,0.20488998210140114,0.30761154825658354,1263,0,1263.0,51,0,14,"(2, 41)",0,0.03853211009174312,91.0,46.5,majority_vote,51,ATTACK,100,"(14, 17)",False,2,False,1290
0,0.0,True,0.0,0.9,0.9,1261,0,1261.0,54,3,16,"(2, 41)",0,0.028440366972477066,80.1875,34.1875,majority_vote,54,ATTACK,94,"(10, 41)",False,0,False,1295
10,0.0,False,0.0,0.38979186224250645,0.46322732641552933,1267,0,1267.0,58,1,14,"(2, 41)",0,0.023853211009174313,86.0,40.785714285714285,majority_vote,58,ATTACK,104,"(10, 40)",False,1,False,1295
6,0.0,False,0.0,0.20488998210140114,0.30761154825658354,1268,0,1268.0,51,0,14,"(2, 41)",0,0.03669724770642202,91.0,46.5,majority_vote,51,ATTACK,100,"(14, 22)",False,2,False,1295
0,0.0,True,0.0,0.9,0.9,1266,0,1266.0,55,3,16,"(2, 41)",0,0.02662993572084481,80.1875,34.1875,majority_vote,55,ATTACK,96,"(7, 43)",False,0,False,1300
10,0.0,True,0.0,0.42584282464334156,0.5942327691478088,1272,0,1272.0,59,1,14,"(2, 41)",0,0.023875114784205693,86.0,40.785714285714285,majority_vote,59,ATTACK,106,"(8, 37)",False,1,False,1300
6,0.0,False,0.0,0.20488998210140114,0.30761154825658354,1273,0,1273.0,52,0,14,"(2, 41)",0,0.03489439853076217,91.0,46.5,majority_vote,52,ATTACK,102,"(14, 27)",False,2,False,1300
0,0.0,True,0.0,0.9,0.9,1271,0,1271.0,56,3,16,"(2, 41)",0,0.023875114784205693,80.1875,34.1875,majority_vote,56,ATTACK,97,"(6, 45)",False,0,False,1305
10,0.0,True,0.0,0.42584282464334156,0.5942327691478088,1276,1,1276.0,61,1,14,"(2, 41)",0,0.023875114784205693,86.0,40.785714285714285,majority_vote,61,ATTACK,108,"(5, 36)",False,1,False,1305
6,0.0,False,0.0,0.20488998210140114,0.30761154825658354,1278,0,1278.0,52,0,14,"(2, 41)",0,0.03213957759412305,91.0,46.5,majority_vote,52,ATTACK,102,"(13, 31)",False,2,False,1305
0,0.0,True,0.0,0.9,0.9,1276,0,1276.0,56,3,16,"(2, 41)",0,0.023875114784205693,80.1875,34.1875,majority_vote,56,ATTACK,97,"(9, 43)",False,0,False,1310
10,0.0,True,0.0,0.42584282464334156,0.5942327691478088,1276,6,1276.0,61,1,14,"(2, 41)",0,0.023875114784205693,86.0,40.785714285714285,majority_vote,61,ATTACK,113,"(5, 36)",False,1,False,1310
6,0.0,False,0.0,0.218390365184202,0.35509335229642686,1283,0,1283.0,52,0,14,"(2, 41)",0,0.03213957759412305,91.0,46.5,majority_vote,52,ATTACK,102,"(13, 36)",False,2,False,1310
0,0.0,True,0.0,0.9,0.9,1281,0,1281.0,56,3,16,"(2, 41)",0,0.021120293847566574,80.1875,34.1875,majority_vote,56,ATTACK,97,"(10, 39)",False,0,False,1315
10,0.0,True,0.0,0.42584282464334156,0.5942327691478088,1276,11,1276.0,61,1,14,"(2, 41)",0,0.023875114784205693,86.0,40.785714285714285,majority_vote,61,ATTACK,118,"(5, 36)",False,1,False,1315
6,0.0,False,0.0,0.2657203321218615,0.4797558421120767,1288,0,1288.0,52,0,14,"(2, 41)",0,0.02662993572084481,91.0,46.5,majority_vote,52,ATTACK,102,"(8, 36)",False,2,False,1315
0,0.0,True,0.0,0.9,0.9,1286,0,1286.0,56,3,16,"(2, 41)",0,0.020351526364477335,80.1875,34.1875,majority_vote,56,ATTACK,97,"(8, 36)",False,0,False,1320
10,0.0,True,0.0,0.4751879640016719,0.6774795531812864,1276,16,1276.0,61,1,14,"(2, 41)",0,0.024163568773234202,86.0,40.785714285714285,majority_vote,61,ATTACK,123,"(5, 36)",False,1,False,1320
6,0.0,True,0.0,0.332413803187475,0.6037119966947259,1291,0,1291.0,53,2,14,"(2, 41)",0,0.023234200743494422,91.0,46.5,majority_vote,53,ATTACK,103,"(7, 36)",False,2,False,1320
0,0.0,True,0.0,0.9,0.9,1288,0,1288.0,58,6,16,"(2, 41)",0,0.020036429872495445,80.1875,34.1875,majority_vote,58,ATTACK,99,"(6, 36)",False,0,False,1325
19,0.0,True,0.0,0.5209534155687652,0.7436695329295633,1276,21,1276.0,61,1,14,"(2, 41)",0,0.026532479414455627,86.0,40.785714285714285,majority_vote,61,ATTACK,128,"(5, 36)",False,1,False,1325
15,0.0,True,0.0,0.4064386819053018,0.6892598611188062,1296,0,1296.0,54,2,14,"(2, 41)",0,0.022872827081427266,91.0,46.5,majority_vote,54,ATTACK,104,"(7, 33)",False,2,False,1325
0,0.0,True,0.0,0.9,0.9,1293,0,1293.0,58,6,16,"(2, 41)",0,0.020036429872495445,80.1875,34.1875,majority_vote,58,ATTACK,99,"(8, 33)",False,0,False,1330
19,0.0,True,0.0,0.5567233805005078,0.7849251666190259,1276,26,1276.0,61,1,14,"(2, 41)",0,0.026532479414455627,86.0,40.785714285714285,majority_vote,61,ATTACK,133,"(5, 36)",False,1,False,1330
15,0.0,True,0.0,0.4666974461075695,0.7513574037564269,1299,0,1299.0,55,4,14,"(2, 41)",0,0.022872827081427266,91.0,46.5,majority_vote,55,ATTACK,105,"(7, 32)",False,2,False,1330
0,0.0,True,0.0,0.9,0.9,1298,0,1298.0,58,6,16,"(2, 41)",0,0.019766397124887692,80.1875,34.1875,majority_vote,58,ATTACK,99,"(7, 29)",False,0,False,1335
19,0.0,True,0.0,0.6150235181916146,0.8302287202218522,1276,31,1276.0,61,1,14,"(2, 41)",0,0.026149684400360685,86.0,40.785714285714285,majority_vote,61,ATTACK,138,"(5, 36)",False,1,False,1335
15,0.0,True,0.0,0.5391506244176095,0.8067291143185623,1304,0,1304.0,55,4,14,"(2, 41)",0,0.02254283137962128,91.0,46.5,majority_vote,55,ATTACK,105,"(4, 34)",False,2,False,1335
0,0.0,True,0.0,0.9,0.9,1298,5,1298.0,59,6,16,"(2, 41)",0,0.019337016574585635,80.1875,34.1875,majority_vote,59,ATTACK,104,"(7, 29)",False,0,False,1340
19,0.0,True,0.0,0.6150235181916146,0.8302287202218522,1276,36,1276.0,61,1,14,"(2, 41)",0,0.026703499079189688,86.0,40.785714285714285,majority_vote,61,ATTACK,143,"(5, 36)",False,1,False,1340
15,0.0,True,0.0,0.5665557898494371,0.8245468052491604,1304,5,1304.0,56,4,14,"(2, 41)",0,0.022099447513812154,91.0,46.5,majority_vote,56,ATTACK,110,"(4, 34)",False,2,False,1340
0,0.0,True,0.0,0.9,0.9,1298,10,1298.0,59,6,16,"(2, 41)",0,0.019337016574585635,80.1875,34.1875,majority_vote,59,ATTACK,109,"(7, 29)",False,0,False,1345
19,0.0,True,0.0,0.6150235181916146,0.8302287202218522,1276,41,1276.0,61,1,14,"(2, 41)",0,0.026703499079189688,86.0,40.785714285714285,majority_vote,61,ATTACK,148,"(5, 36)",False,1,False,1345
15,0.0,True,0.0,0.5665557898494371,0.8245468052491604,1304,10,1304.0,56,4,14,"(2, 41)",0,0.022099447513812154,91.0,46.5,majority_vote,56,ATTACK,115,"(4, 34)",False,2,False,1345
0,0.0,True,0.0,0.9,0.9,1299,14,1299.0,60,6,16,"(2, 41)",0,0.06998158379373849,80.1875,34.1875,majority_vote,60,ATTACK,114,"(7, 30)",False,0,False,1350
19,0.0,True,0.0,0.6150235181916146,0.8302287202218522,1277,45,1277.0,62,1,14,"(2, 41)",0,0.0718232044198895,86.0,40.785714285714285,majority_vote,62,ATTACK,153,"(4, 36)",False,1,False,1350
15,0.0,True,0.0,0.5665557898494371,0.8245468052491604,1305,14,1305.0,57,4,14,"(2, 41)",0,0.072744014732965,91.0,46.5,majority_vote,57,ATTACK,120,"(4, 35)",False,2,False,1350
0,0.0,True,0.0,0.9,0.9,1304,14,1304.0,60,6,16,"(2, 41)",0,0.06721915285451197,80.1875,34.1875,majority_vote,60,ATTACK,114,"(7, 35)",False,0,False,1355
19,0.0,True,0.0,0.6261088863105037,0.8367308805693962,1282,45,1282.0,62,1,14,"(2, 41)",0,0.06906077348066299,86.0,40.785714285714285,majority_vote,62,ATTACK,153,"(3, 40)",False,1,False,1355
15,0.0,True,0.0,0.5928264099961964,0.8399368888339618,1310,14,1310.0,57,4,14,"(2, 41)",0,0.06906077348066299,91.0,46.5,majority_vote,57,ATTACK,120,"(4, 40)",False,2,False,1355
0,0.0,True,0.0,0.9,0.9,1309,14,1309.0,60,6,16,"(2, 41)",0,0.059369202226345084,80.1875,34.1875,majority_vote,60,ATTACK,114,"(4, 37)",False,0,False,1360
34,0.0,True,0.0,0.6684959565332612,0.8638545686705037,1285,45,1285.0,63,2,14,"(21, 17)",0,0.08133086876155268,86.0,40.785714285714285,majority_vote,63,ATTACK,154,"(3, 41)",False,1,False,1360
30,0.0,True,0.0,0.6537422555593311,0.8744376269209753,1314,14,1314.0,57,5,14,"(2, 41)",0,0.06284658040665435,91.0,46.5,majority_vote,57,ATTACK,120,"(3, 39)",False,2,False,1360
0,0.0,True,0.0,0.9,0.9,1312,14,1312.0,61,8,16,"(2, 41)",0,0.0575139146567718,80.1875,34.1875,majority_vote,61,ATTACK,115,"(5, 39)",False,0,False,1365
34,0.0,True,0.0,0.7079004750597463,0.8893442447816354,1288,45,1288.0,63,4,14,"(21, 17)",0,0.08133086876155268,86.0,40.785714285714285,majority_vote,63,ATTACK,154,"(4, 39)",False,1,False,1365
30,0.0,True,0.0,0.6976078392203957,0.8972115154878568,1318,15,1318.0,60,5,14,"(2, 41)",0,0.06284658040665435,91.0,46.5,majority_vote,60,ATTACK,123,"(3, 41)",False,2,False,1365
0,0.0,True,0.0,0.9,0.9,1316,14,1316.0,61,9,16,"(2, 41)",0,0.05658627087198516,80.1875,34.1875,majority_vote,61,ATTACK,115,"(3, 41)",False,0,False,1370
34,0.0,True,0.0,0.7526442264130256,0.9141767250992018,1292,45,1292.0,64,5,14,"(21, 17)",0,0.08133086876155268,86.0,40.785714285714285,majority_vote,64,ATTACK,155,"(5, 36)",False,1,False,1370
30,0.0,True,0.0,0.746280481874561,0.9215504474344979,1322,15,1322.0,61,5,14,"(21, 17)",0,0.06284658040665435,91.0,46.5,majority_vote,61,ATTACK,124,"(4, 40)",False,2,False,1370
0,0.0,True,0.0,0.9,0.9,1320,14,1320.0,62,9,16,"(2, 50)",0,0.05658627087198516,80.1875,34.1875,majority_vote,62,ATTACK,117,"(3, 43)",False,0,False,1375
34,0.0,True,0.0,0.7913638773723959,0.929122702484877,1297,45,1297.0,64,5,14,"(21, 17)",0,0.07486136783733827,86.0,40.785714285714285,majority_vote,64,ATTACK,156,"(10, 36)",False,1,False,1375
30,0.0,True,0.0,0.7881808019832611,0.9368033008831396,1327,15,1327.0,62,5,14,"(21, 17)",0,0.06284658040665435,91.0,46.5,majority_vote,62,ATTACK,125,"(5, 36)",False,2,False,1375
0,0.0,True,0.0,0.9,0.9,1325,14,1325.0,62,9,16,"(2, 50)",0,0.05690298507462686,80.1875,34.1875,majority_vote,62,ATTACK,117,"(3, 48)",False,0,False,1380
34,0.0,True,0.0,0.7983483441304724,0.9310532125339271,1302,45,1302.0,64,5,14,"(21, 17)",0,0.07472324723247233,86.0,40.785714285714285,majority_vote,64,ATTACK,156,"(15, 36)",False,1,False,1380
30,0.0,True,0.0,0.8235170924281843,0.94853122573271,1332,15,1332.0,62,5,14,"(21, 17)",0,0.062267657992565055,91.0,46.5,majority_vote,62,ATTACK,125,"(6, 32)",False,2,False,1380
0,0.0,True,0.0,0.9,0.9,1329,14,1329.0,63,9,17,"(33, 8)",0,0.05684995340167754,81.41176470588235,32.88235294117647,majority_vote,63,ATTACK,118,"(3, 50)",False,0,False,1385
34,0.0,True,0.0,0.7983483441304724,0.9310532125339271,1307,45,1307.0,64,5,14,"(21, 17)",0,0.07188940092165899,86.0,40.785714285714285,majority_vote,64,ATTACK,156,"(19, 35)",False,1,False,1385
30,0.0,True,0.0,0.8529518520331656,0.9564339315885838,1337,15,1337.0,62,5,14,"(21, 17)",0,0.06220984215413185,91.0,46.5,majority_vote,62,ATTACK,125,"(11, 32)",False,2,False,1385
0,0.0,True,0.0,0.9,0.9,1334,14,1334.0,63,9,17,"(33, 8)",0,0.05684995340167754,81.41176470588235,32.88235294117647,majority_vote,63,ATTACK,118,"(5, 47)",False,0,False,1390
34,0.0,True,0.0,0.7983483441304724,0.9310532125339271,1312,45,1312.0,64,5,14,"(21, 17)",0,0.07188940092165899,86.0,40.785714285714285,majority_vote,64,ATTACK,156,"(19, 30)",False,1,False,1390
30,0.0,True,0.0,0.8529518520331656,0.9564339315885838,1342,15,1342.0,62,5,14,"(21, 17)",0,0.06220984215413185,91.0,46.5,majority_vote,62,ATTACK,125,"(14, 30)",False,2,False,1390
0,0.0,True,0.0,0.9,0.9,1339,14,1339.0,63,9,17,"(33, 8)",0,0.05684995340167754,81.41176470588235,32.88235294117647,majority_vote,63,ATTACK,118,"(5, 42)",False,0,False,1395
34,0.0,True,0.0,0.7983483441304724,0.9310532125339271,1317,45,1317.0,64,5,14,"(21, 17)",0,0.07188940092165899,86.0,40.785714285714285,majority_vote,64,ATTACK,156,"(19, 25)",False,1,False,1395
30,0.0,True,0.0,0.8529518520331656,0.9564339315885838,1347,15,1347.0,62,5,14,"(21, 17)",0,0.0584958217270195,91.0,46.5,majority_vote,62,ATTACK,125,"(14, 25)",False,2,False,1395
0,0.0,True,0.0,0.9,0.9,1344,14,1344.0,64,9,17,"(33, 8)",0,0.05695611577964519,81.41176470588235,32.88235294117647,majority_vote,64,ATTACK,119,"(7, 39)",False,0,False,1400
39,0.0,True,0.0,0.7983483441304724,0.9310532125339271,1322,45,1322.0,64,5,14,"(21, 17)",0,0.06845513413506013,86.0,40.785714285714285,majority_vote,64,ATTACK,157,"(19, 20)",False,1,False,1400
35,0.0,True,0.0,0.8529518520331656,0.9564339315885838,1352,15,1352.0,63,5,14,"(21, 17)",0,0.05322128851540616,91.0,46.5,majority_vote,63,ATTACK,126,"(15, 21)",False,2,False,1400
0,0.0,True,0.0,0.9,0.9,1349,14,1349.0,64,9,17,"(33, 8)",0,0.05695611577964519,81.41176470588235,32.88235294117647,majority_vote,64,ATTACK,119,"(9, 36)",False,0,False,1405
39,0.0,True,0.0,0.7983483441304724,0.9310532125339271,1327,45,1327.0,64,5,14,"(21, 17)",0,0.06845513413506013,86.0,40.785714285714285,majority_vote,64,ATTACK,157,"(21, 17)",False,1,False,1405
35,0.0,True,0.0,0.8529518520331656,0.9564339315885838,1357,15,1357.0,63,5,14,"(21, 17)",0,0.051353874883286646,91.0,46.5,majority_vote,63,ATTACK,126,"(17, 18)",False,2,False,1405
0,0.0,True,0.0,0.9,0.9,1354,14,1354.0,64,9,17,"(33, 8)",0,0.05695611577964519,81.41176470588235,32.88235294117647,majority_vote,64,ATTACK,119,"(10, 32)",False,0,False,1410
39,0.0,True,0.0,0.7983483441304724,0.9310532125339271,1330,45,1330.0,65,6,15,"(13, 50)",0,0.06753006475485661,93.73333333333333,41.266666666666666,majority_vote,65,ATTACK,158,"(18, 17)",False,1,False,1410
35,0.0,True,0.0,0.8529518520331656,0.9564339315885838,1361,15,1361.0,63,6,14,"(21, 17)",0,0.05042016806722689,91.0,46.5,majority_vote,63,ATTACK,126,"(16, 17)",False,2,False,1410
0,0.0,True,0.0,0.9,0.9,1359,14,1359.0,64,9,17,"(33, 8)",0,0.056797020484171325,81.41176470588235,32.88235294117647,majority_vote,64,ATTACK,119,"(10, 27)",False,0,False,1415
39,0.0,True,0.0,0.7983483441304724,0.9310532125339271,1335,45,1335.0,65,6,15,"(13, 50)",0,0.06549815498154982,93.73333333333333,41.266666666666666,majority_vote,65,ATTACK,158,"(18, 22)",False,1,False,1415
35,0.0,True,0.0,0.8529518520331656,0.9564339315885838,1366,15,1366.0,65,6,14,"(21, 17)",0,0.05027932960893855,91.0,46.5,majority_vote,65,ATTACK,128,"(21, 17)",False,2,False,1415
0,0.0,True,0.0,0.9,0.9,1364,14,1364.0,64,9,17,"(33, 8)",0,0.05674418604651163,81.41176470588235,32.88235294117647,majority_vote,64,ATTACK,119,"(15, 27)",False,0,False,1420
39,0.0,True,0.0,0.8240950438170224,0.9409471542726643,1340,45,1340.0,65,6,15,"(13, 50)",0,0.06592386258124419,93.73333333333333,41.266666666666666,majority_vote,65,ATTACK,158,"(18, 27)",False,1,False,1420
35,0.0,True,0.0,0.8529518520331656,0.9564339315885838,1370,15,1370.0,66,6,15,"(2, 20)",0,0.05023255813953489,94.4,46.666666666666664,majority_vote,66,ATTACK,129,"(17, 17)",False,2,False,1420
0,0.0,True,0.0,0.9,0.9,1369,14,1369.0,65,9,17,"(33, 8)",0,0.05674418604651163,81.41176470588235,32.88235294117647,majority_vote,65,ATTACK,120,"(19, 26)",False,0,False,1425
39,0.0,True,0.0,0.852389753696186,0.9537301071074332,1345,45,1345.0,66,6,15,"(13, 50)",0,0.06592386258124419,93.73333333333333,41.266666666666666,majority_vote,66,ATTACK,159,"(17, 31)",False,1,False,1425
35,0.0,True,0.0,0.8680958334331867,0.9603430736219565,1375,15,1375.0,66,6,15,"(2, 20)",0,0.05116279069767442,94.4,46.666666666666664,majority_vote,66,ATTACK,130,"(14, 19)",False,2,False,1425
0,0.0,True,0.0,0.9,0.9,1374,14,1374.0,65,9,17,"(33, 8)",0,0.056377079482439925,81.41176470588235,32.88235294117647,majority_vote,65,ATTACK,120,"(23, 25)",False,0,False,1430
39,0.0,True,0.0,0.8765458920925459,0.9621025820376118,1350,45,1350.0,66,6,15,"(13, 50)",0,0.06549815498154982,93.73333333333333,41.266666666666666,majority_vote,66,ATTACK,159,"(14, 33)",False,1,False,1430
35,0.0,True,0.0,0.8898667323876165,0.9665225469123125,1380,15,1380.0,66,6,15,"(2, 20)",0,0.05083179297597042,94.4,46.666666666666664,majority_vote,66,ATTACK,130,"(10, 20)",False,2,False,1430
0,0.0,True,0.0,0.9,0.9,1379,14,1379.0,65,9,17,"(33, 8)",0,0.0461121157323689,81.41176470588235,32.88235294117647,majority_vote,65,ATTACK,120,"(27, 24)",False,0,False,1435
66,2.1047290313928926,True,2.1047290313928926,0.8968322433097075,0.9685657911782412,1355,45,1355.0,66,6,15,"(13, 50)",0,0.055054151624548735,93.73333333333333,41.266666666666666,majority_vote,66,ATTACK,160,"(13, 37)",False,1,False,1435
62,0.0,True,0.0,0.9046191855761161,0.9709218069445359,1385,15,1385.0,66,6,15,"(2, 20)",0,0.04159132007233273,94.4,46.666666666666664,majority_vote,66,ATTACK,130,"(5, 20)",False,2,False,1435
0,0.0,True,0.0,0.9,0.9,1384,14,1384.0,65,9,17,"(33, 8)",0,0.0431266846361186,81.41176470588235,32.88235294117647,majority_vote,65,ATTACK,120,"(27, 19)",False,0,False,1440
27,0.0,False,0.0,0.40075265960394374,0.41906688639342643,1360,45,1360.0,66,6,15,"(13, 50)",0,0.050314465408805034,93.73333333333333,41.266666666666666,majority_vote,66,ATTACK,163,"(13, 42)",False,1,False,1440
62,0.0,True,0.0,0.9046191855761161,0.9709218069445359,1389,15,1389.0,67,6,15,"(25, 2)",0,0.03863432165318958,94.4,46.666666666666664,majority_vote,67,ATTACK,131,"(3, 20)",False,2,False,1440
0,0.0,True,0.0,0.9,0.9,1389,14,1389.0,65,9,17,"(33, 8)",0,0.03770197486535009,81.41176470588235,32.88235294117647,majority_vote,65,ATTACK,120,"(27, 14)",False,0,False,1445
27,0.0,True,0.0,0.4171675761453928,0.5039494483261396,1365,45,1365.0,66,6,15,"(13, 50)",0,0.04398563734290844,93.73333333333333,41.266666666666666,majority_vote,66,ATTACK,163,"(13, 47)",False,1,False,1445
62,0.0,True,0.0,0.9046191855761161,0.9709218069445359,1394,15,1394.0,67,6,15,"(25, 2)",0,0.03590664272890485,94.4,46.666666666666664,majority_vote,67,ATTACK,131,"(8, 20)",False,2,False,1445
0,0.0,True,0.0,0.9,0.9,1394,14,1394.0,66,9,17,"(33, 8)",0,0.03231597845601436,81.41176470588235,32.88235294117647,majority_vote,66,ATTACK,122,"(27, 9)",False,0,False,1450
27,0.0,True,0.0,0.42219116153652586,0.517639283968054,1369,45,1369.0,67,6,15,"(2, 20)",0,0.03859964093357271,93.73333333333333,41.266666666666666,majority_vote,67,ATTACK,165,"(12, 50)",False,1,False,1450
62,0.0,True,0.0,0.9046191855761161,0.9709218069445359,1399,15,1399.0,68,6,15,"(25, 2)",0,0.03590664272890485,94.4,46.666666666666664,majority_vote,68,ATTACK,132,"(13, 20)",False,2,False,1450
0,0.0,True,0.0,0.9,0.9,1399,14,1399.0,66,9,17,"(33, 8)",0,0.03231597845601436,81.41176470588235,32.88235294117647,majority_vote,66,ATTACK,122,"(31, 8)",False,0,False,1455
27,0.0,True,0.0,0.43985352095560276,0.5588115822105403,1374,45,1374.0,67,6,15,"(2, 20)",0,0.03859964093357271,93.73333333333333,41.266666666666666,majority_vote,67,ATTACK,165,"(12, 45)",False,1,False,1455
62,0.0,True,0.0,0.9143331350684684,0.973627643688543,1404,15,1404.0,68,6,15,"(25, 2)",0,0.03590664272890485,94.4,46.666666666666664,majority_vote,68,ATTACK,132,"(16, 18)",False,2,False,1455
0,0.0,True,0.0,0.9,0.9,1403,14,1403.0,67,9,17,"(3, 8)",0,0.03231597845601436,81.41176470588235,32.88235294117647,majority_vote,67,ATTACK,123,"(31, 8)",False,0,False,1460
27,0.0,True,0.0,0.46033920902421926,0.5958201826640216,1379,45,1379.0,67,6,15,"(2, 20)",0,0.03859964093357271,93.73333333333333,41.266666666666666,majority_vote,67,ATTACK,165,"(11, 41)",False,1,False,1460
62,0.0,True,0.0,0.9202358142955063,0.9752616315363536,1409,15,1409.0,68,6,15,"(25, 2)",0,0.03321364452423698,94.4,46.666666666666664,majority_vote,68,ATTACK,132,"(20, 17)",False,2,False,1460
0,0.0,True,0.0,0.9,0.9,1408,14,1408.0,67,9,17,"(3, 8)",0,0.03231597845601436,81.41176470588235,32.88235294117647,majority_vote,67,ATTACK,123,"(27, 9)",False,0,False,1465
27,0.0,True,0.0,0.4989144737487967,0.6500811228079492,1384,45,1384.0,67,6,15,"(2, 20)",0,0.03770197486535009,93.73333333333333,41.266666666666666,majority_vote,67,ATTACK,165,"(10, 37)",False,1,False,1465
62,0.0,True,0.0,0.9332467112396967,0.9793770645403411,1414,15,1414.0,68,6,15,"(25, 2)",0,0.0296229802513465,94.4,46.666666666666664,majority_vote,68,ATTACK,132,"(25, 17)",False,2,False,1465
0,0.0,True,0.0,0.9,0.9,1413,14,1413.0,69,9,17,"(3, 8)",0,0.030493273542600896,81.41176470588235,32.88235294117647,majority_vote,69,ATTACK,125,"(22, 9)",False,0,False,1470
27,0.0,True,0.0,0.539528636274801,0.693540055453783,1389,45,1389.0,67,6,15,"(2, 20)",0,0.03766816143497758,93.73333333333333,41.266666666666666,majority_vote,67,ATTACK,165,"(6, 36)",False,1,False,1470
62,0.0,True,0.0,0.9442288986519956,0.9832412617895213,1419,15,1419.0,68,6,15,"(25, 2)",0,0.033183856502242155,94.4,46.666666666666664,majority_vote,68,ATTACK,132,"(25, 12)",False,2,False,1470
0,0.0,True,0.0,0.9,0.9,1417,14,1417.0,71,10,17,"(3, 8)",0,0.03043867502238138,81.41176470588235,32.88235294117647,majority_vote,71,ATTACK,127,"(24, 9)",False,0,False,1475
36,0.0,True,0.0,0.580813222613558,0.7371003922323522,1394,45,1394.0,67,6,15,"(2, 20)",0,0.04297224709042077,93.73333333333333,41.266666666666666,majority_vote,67,ATTACK,166,"(4, 33)",False,1,False,1475
71,0.0,True,0.0,0.9535816892102952,0.9869976796722518,1423,15,1423.0,68,7,15,"(25, 2)",0,0.03401969561324977,94.4,46.666666666666664,majority_vote,68,ATTACK,133,"(27, 10)",False,2,False,1475
0,0.0,True,0.0,0.9,0.9,1422,14,1422.0,74,10,17,"(3, 8)",0,0.03063063063063063,81.41176470588235,32.88235294117647,majority_vote,74,ATTACK,130,"(25, 9)",False,0,False,1480
34,0.0,True,0.0,0.6132368714528513,0.7646991515310922,1399,45,1399.0,67,6,15,"(2, 20)",0,0.043243243243243246,93.73333333333333,41.266666666666666,majority_vote,67,ATTACK,166,"(3, 29)",False,1,False,1480
69,0.0,True,0.0,0.961539215117149,0.989833697526863,1428,15,1428.0,70,7,15,"(25, 2)",0,0.03153153153153153,94.4,46.666666666666664,majority_vote,70,ATTACK,135,"(25, 7)",False,2,False,1480
0,0.0,True,0.0,0.9,0.9,1427,14,1427.0,74,10,17,"(3, 8)",0,0.0306030603060306,81.41176470588235,32.88235294117647,majority_vote,74,ATTACK,130,"(25, 14)",False,0,False,1485
34,0.0,True,0.0,0.636750380707592,0.7834744669779194,1404,45,1404.0,67,6,15,"(2, 20)",0,0.043204320432043204,93.73333333333333,41.266666666666666,majority_vote,67,ATTACK,166,"(3, 24)",False,1,False,1485
69,0.0,True,0.0,0.9682499664081053,0.9919040567490804,1433,15,1433.0,70,7,15,"(25, 2)",0,0.0306030603060306,94.4,46.666666666666664,majority_vote,70,ATTACK,135,"(25, 2)",False,2,False,1485
0,0.0,True,0.0,0.9,0.9,1432,14,1432.0,74,10,17,"(3, 8)",0,0.0315031503150315,81.41176470588235,32.88235294117647,majority_vote,74,ATTACK,130,"(23, 17)",False,0,False,1490
34,0.0,True,0.0,0.6518546243944251,0.7941641203349807,1409,45,1409.0,67,6,15,"(2, 20)",0,0.043204320432043204,93.73333333333333,41.266666666666666,majority_vote,67,ATTACK,166,"(2, 20)",False,1,False,1490
69,0.0,True,0.0,0.9716922560896818,0.9926257462353405,1437,15,1437.0,71,7,16,"(33, 50)",0,0.0297029702970297,92.875,46.6875,majority_vote,71,ATTACK,136,"(25, 6)",False,2,False,1490
0,0.0,True,0.0,0.9,0.9,1437,14,1437.0,74,10,17,"(3, 8)",0,0.0315031503150315,81.41176470588235,32.88235294117647,majority_vote,74,ATTACK,130,"(18, 17)",False,0,False,1495
34,0.0,True,0.0,0.6518546243944251,0.7941641203349807,1413,45,1413.0,68,6,16,"(2, 41)",0,0.043204320432043204,93.1875,41.3125,majority_vote,68,ATTACK,167,"(3, 23)",False,1,False,1495
69,0.0,True,0.0,0.9766152455496204,0.9939372939422718,1442,15,1442.0,71,7,16,"(33, 50)",0,0.0297029702970297,92.875,46.6875,majority_vote,71,ATTACK,136,"(26, 10)",False,2,False,1495
0,0.0,True,0.0,0.9,0.9,1442,14,1442.0,74,10,17,"(3, 8)",0,0.048604860486048604,81.41176470588235,32.88235294117647,majority_vote,74,ATTACK,131,"(16, 14)",False,0,False,1500
33,0.0,True,0.0,0.659233351352372,0.7994291635533646,1418,45,1418.0,68,6,16,"(2, 41)",0,0.0639063906390639,93.1875,41.3125,majority_vote,68,ATTACK,168,"(4, 27)",False,1,False,1500
69,4.907912801359942,True,4.907912801359942,0.9799466708927618,0.9949009501893125,1447,15,1447.0,71,7,16,"(33, 50)",69,0.054005400540054004,92.875,46.6875,majority_vote,71,ATTACK,137,"(26, 15)",True,2,True,1500
0,0.0,True,0.0,0.9,0.9,1447,14,1447.0,74,10,17,"(3, 8)",0,0.046762589928057555,81.41176470588235,32.88235294117647,majority_vote,74,ATTACK,131,"(13, 12)",False,0,False,1505
32,0.0,True,0.0,0.659233351352372,0.7994291635533646,1423,45,1423.0,68,6,16,"(2, 41)",0,0.05845323741007194,93.1875,41.3125,majority_vote,68,ATTACK,168,"(4, 32)",False,1,False,1505
60,4.0,True,4.0,0.9799466708927618,0.9949009501893125,1452,15,1452.0,71,7,16,"(33, 50)",60,0.053057553956834536,92.875,46.6875,majority_vote,71,ATTACK,137,"(26, 20)",True,2,True,1505
0,0.0,True,0.0,0.9,0.9,1452,14,1452.0,74,10,17,"(3, 8)",0,0.044762757385854966,81.41176470588235,32.88235294117647,majority_vote,74,ATTACK,131,"(12, 8)",False,0,False,1510
61,0.0,True,0.0,0.659233351352372,0.7994291635533646,1428,45,1428.0,68,6,16,"(2, 41)",0,0.07878245299910475,93.1875,41.3125,majority_vote,68,ATTACK,168,"(3, 36)",False,1,False,1510
91,4.0,True,4.0,0.9799466708927618,0.9949009501893125,1457,15,1457.0,72,7,16,"(33, 50)",91,0.07878245299910475,92.875,46.6875,majority_vote,72,ATTACK,138,"(26, 25)",True,2,True,1510
0,0.0,True,0.0,0.9,0.9,1457,14,1457.0,74,10,17,"(3, 8)",0,0.0427807486631016,81.41176470588235,32.88235294117647,majority_vote,74,ATTACK,131,"(7, 8)",False,0,False,1515
61,0.0,True,0.0,0.659233351352372,0.7994291635533646,1433,45,1433.0,68,6,16,"(2, 41)",0,0.0766488413547237,93.1875,41.3125,majority_vote,68,ATTACK,168,"(3, 41)",False,1,False,1515
91,4.0,True,4.0,0.9799466708927618,0.9949009501893125,1462,15,1462.0,72,7,16,"(33, 50)",91,0.07754010695187166,92.875,46.6875,majority_vote,72,ATTACK,138,"(26, 30)",True,2,True,1515
0,0.0,True,0.0,0.9,0.9,1461,14,1461.0,75,10,18,"(2, 20)",0,0.0427426536064114,84.44444444444444,34.5,majority_vote,75,ATTACK,132,"(3, 8)",False,0,False,1520
61,0.0,True,0.0,0.659233351352372,0.7994291635533646,1437,45,1437.0,69,6,16,"(15, 2)",0,0.06678539626001781,93.1875,41.3125,majority_vote,69,ATTACK,169,"(4, 40)",False,1,False,1520
80,4.0,True,4.0,0.9799466708927618,0.9949009501893125,1467,15,1467.0,72,7,16,"(33, 50)",80,0.0730186999109528,92.875,46.6875,majority_vote,72,ATTACK,138,"(26, 35)",True,2,True,1520
0,0.0,True,0.0,0.9,0.9,1466,14,1466.0,75,10,18,"(2, 20)",0,0.0427426536064114,84.44444444444444,34.5,majority_vote,75,ATTACK,133,"(8, 8)",False,0,False,1525
61,0.0,True,0.0,0.659233351352372,0.7994291635533646,1442,45,1442.0,70,6,16,"(15, 2)",0,0.06233303650934995,93.1875,41.3125,majority_vote,70,ATTACK,170,"(5, 36)",False,1,False,1525
75,0.0,True,0.0,0.7748449767829536,0.7748449767829536,1472,15,1472.0,72,7,16,"(33, 50)",0,0.06945681211041853,92.875,46.6875,majority_vote,72,ATTACK,139,"(26, 40)",False,2,False,1525
0,0.0,True,0.0,0.9,0.9,1471,14,1471.0,75,10,18,"(2, 20)",0,0.04007123775601069,84.44444444444444,34.5,majority_vote,75,ATTACK,133,"(13, 8)",False,0,False,1530
61,0.0,True,0.0,0.659233351352372,0.7994291635533646,1447,45,1447.0,70,6,16,"(15, 2)",0,0.037399821905609976,93.1875,41.3125,majority_vote,70,ATTACK,170,"(5, 31)",False,1,False,1530
49,0.0,False,0.0,0.2073645751868249,0.2073645751868249,1477,15,1477.0,76,7,16,"(33, 50)",0,0.04363312555654497,92.875,46.6875,majority_vote,76,ATTACK,143,"(26, 45)",False,2,False,1530
0,0.0,True,0.0,0.9,0.9,1476,14,1476.0,75,10,18,"(2, 20)",0,0.04092526690391459,84.44444444444444,34.5,majority_vote,75,ATTACK,133,"(14, 12)",False,0,False,1535
61,0.0,True,0.0,0.659233351352372,0.7994291635533646,1452,45,1452.0,70,6,16,"(15, 2)",0,0.033807829181494664,93.1875,41.3125,majority_vote,70,ATTACK,170,"(5, 26)",False,1,False,1535
45,0.0,False,0.0,0.15896959678013314,0.15896959678013314,1482,15,1482.0,77,7,16,"(33, 50)",0,0.03825622775800712,92.875,46.6875,majority_vote,77,ATTACK,144,"(27, 49)",False,2,False,1535
0,0.0,True,0.0,0.9,0.9,1481,14,1481.0,75,10,18,"(2, 20)",0,0.039461883408071746,84.44444444444444,34.5,majority_vote,75,ATTACK,133,"(14, 17)",False,0,False,1540
61,0.0,True,0.0,0.659233351352372,0.7994291635533646,1457,45,1457.0,70,6,16,"(15, 2)",0,0.031446540880503145,93.1875,41.3125,majority_vote,70,ATTACK,170,"(7, 23)",False,1,False,1540
45,0.0,False,0.0,0.15896959678013314,0.15896959678013314,1487,15,1487.0,77,7,16,"(33, 50)",0,0.03504043126684636,92.875,46.6875,majority_vote,77,ATTACK,144,"(31, 50)",False,2,False,1540
0,0.0,True,0.0,0.9,0.9,1486,14,1486.0,75,10,18,"(2, 20)",0,0.03587443946188341,84.44444444444444,34.5,majority_vote,75,ATTACK,133,"(12, 20)",False,0,False,1545
61,0.0,True,0.0,0.6813428281069486,0.8220344129052356,1462,45,1462.0,70,6,16,"(15, 2)",0,0.031446540880503145,93.1875,41.3125,majority_vote,70,ATTACK,170,"(10, 21)",False,1,False,1545
45,0.0,False,0.0,0.15896959678013314,0.15896959678013314,1491,15,1491.0,78,7,16,"(33, 8)",0,0.03324348607367475,92.875,46.6875,majority_vote,78,ATTACK,145,"(33, 48)",False,2,False,1545
0,0.0,True,0.0,0.9,0.9,1491,14,1491.0,75,10,18,"(2, 20)",0,0.03139013452914798,84.44444444444444,34.5,majority_vote,75,ATTACK,134,"(7, 20)",False,0,False,1550
76,0.0,True,0.0,0.7187236862745501,0.8597620303410783,1467,45,1467.0,70,6,16,"(15, 2)",0,0.031446540880503145,93.1875,41.3125,majority_vote,70,ATTACK,171,"(15, 21)",False,1,False,1550
56,0.0,False,0.0,0.10720529486777287,0.10720529486777287,1496,15,1496.0,80,7,16,"(33, 8)",0,0.028751123090745734,92.875,46.6875,majority_vote,80,ATTACK,147,"(33, 43)",False,2,False,1550
0,0.0,True,0.0,0.9,0.9,1496,14,1496.0,75,10,18,"(2, 20)",0,0.029596412556053813,84.44444444444444,34.5,majority_vote,75,ATTACK,134,"(2, 20)",False,0,False,1555
76,0.0,True,0.0,0.7541517787989214,0.8838556928453453,1472,45,1472.0,70,6,16,"(15, 2)",0,0.027852650494159928,93.1875,41.3125,majority_vote,70,ATTACK,171,"(15, 16)",False,1,False,1555
56,0.0,False,0.0,0.10720529486777287,0.10720529486777287,1501,15,1501.0,82,7,16,"(33, 8)",0,0.026954177897574125,92.875,46.6875,majority_vote,82,ATTACK,149,"(33, 46)",False,2,False,1555
0,0.0,True,0.0,0.9,0.9,1500,14,1500.0,76,10,18,"(24, 45)",0,0.03024747937671861,84.44444444444444,34.5,majority_vote,76,ATTACK,135,"(5, 21)",False,0,False,1560
76,0.0,True,0.0,0.786105009898326,0.9018956959053805,1477,45,1477.0,70,6,16,"(15, 2)",0,0.027422303473491772,93.1875,41.3125,majority_vote,70,ATTACK,171,"(15, 11)",False,1,False,1560
55,0.0,False,0.0,0.07334211319715107,0.07334211319715107,1506,15,1506.0,82,7,16,"(33, 8)",0,0.026508226691042046,92.875,46.6875,majority_vote,82,ATTACK,149,"(32, 50)",False,2,False,1560
0,0.0,True,0.0,0.9,0.9,1505,14,1505.0,76,10,18,"(24, 45)",0,0.0292772186642269,84.44444444444444,34.5,majority_vote,76,ATTACK,135,"(10, 21)",False,0,False,1565
76,0.0,True,0.0,0.8143213971125971,0.9158080168056942,1482,45,1482.0,70,6,16,"(15, 2)",0,0.02645985401459854,93.1875,41.3125,majority_vote,70,ATTACK,171,"(15, 6)",False,1,False,1565
52,0.0,False,0.0,0.023846778777425092,0.023846778777425092,1511,15,1511.0,82,7,16,"(33, 8)",0,0.025547445255474453,92.875,46.6875,majority_vote,82,ATTACK,149,"(29, 48)",False,2,False,1565
0,0.0,True,0.0,0.9,0.9,1510,14,1510.0,76,10,18,"(24, 45)",0,0.0292772186642269,84.44444444444444,34.5,majority_vote,76,ATTACK,135,"(15, 21)",False,0,False,1570
76,0.0,True,0.0,0.8195727686571188,0.9193488280030307,1486,45,1486.0,71,6,17,"(2, 41)",0,0.02645985401459854,92.3529411764706,42.0,majority_vote,71,ATTACK,172,"(15, 2)",False,1,False,1570
49,0.0,False,0.0,0.007865412929981073,0.007865412929981073,1516,15,1516.0,82,7,16,"(33, 8)",0,0.025547445255474453,92.875,46.6875,majority_vote,82,ATTACK,149,"(29, 43)",False,2,False,1570
0,0.0,True,0.0,0.9,0.9,1515,14,1515.0,77,10,18,"(24, 45)",0,0.024500907441016333,84.44444444444444,34.5,majority_vote,77,ATTACK,136,"(18, 23)",False,0,False,1575
76,0.0,True,0.0,0.8195727686571188,0.9193488280030307,1491,45,1491.0,71,6,17,"(2, 41)",0,0.026244343891402715,92.3529411764706,42.0,majority_vote,71,ATTACK,173,"(14, 6)",False,1,False,1575
48,0.0,False,0.0,0.005716590340117816,0.005716590340117816,1521,15,1521.0,82,7,16,"(33, 8)",0,0.023529411764705882,92.875,46.6875,majority_vote,82,ATTACK,150,"(29, 38)",False,2,False,1575
0,0.0,True,0.0,0.9,0.9,1520,14,1520.0,77,10,18,"(24, 45)",0,0.02009132420091324,84.44444444444444,34.5,majority_vote,77,ATTACK,136,"(20, 26)",False,0,False,1580
76,0.0,True,0.0,0.8346035758377705,0.9271850661628659,1496,45,1496.0,71,6,17,"(2, 41)",0,0.02633969118982743,92.3529411764706,42.0,majority_vote,71,ATTACK,173,"(14, 11)",False,1,False,1580
48,0.0,False,0.0,0.005716590340117816,0.005716590340117816,1526,15,1526.0,82,7,16,"(33, 8)",0,0.025431425976385105,92.875,46.6875,majority_vote,82,ATTACK,150,"(29, 33)",False,2,False,1580
0,0.0,True,0.0,0.9,0.9,1525,14,1525.0,77,10,18,"(24, 45)",0,0.020054694621695533,84.44444444444444,34.5,majority_vote,77,ATTACK,136,"(25, 26)",False,0,False,1585
75,0.0,True,0.0,0.8570408306067251,0.9378775536048473,1501,45,1501.0,71,6,17,"(2, 41)",0,0.02631578947368421,92.3529411764706,42.0,majority_vote,71,ATTACK,173,"(14, 16)",False,1,False,1585
52,0.0,False,0.0,0.01492525945855179,0.10386620790198697,1531,15,1531.0,82,7,16,"(33, 8)",0,0.028130671506352088,92.875,46.6875,majority_vote,82,ATTACK,150,"(29, 28)",False,2,False,1585
0,0.0,True,0.0,0.9,0.9,1530,14,1530.0,77,10,18,"(24, 45)",0,0.018970189701897018,84.44444444444444,34.5,majority_vote,77,ATTACK,136,"(25, 31)",False,0,False,1590
74,0.0,True,0.0,0.8768098140847894,0.9481799949487654,1506,45,1506.0,71,6,17,"(2, 41)",0,0.026126126126126126,92.3529411764706,42.0,majority_vote,71,ATTACK,173,"(13, 20)",False,1,False,1590
52,0.0,False,0.0,0.06114085384909833,0.28271439473453525,1536,15,1536.0,82,7,16,"(33, 8)",0,0.027927927927927927,92.875,46.6875,majority_vote,82,ATTACK,150,"(29, 23)",False,2,False,1590
0,0.0,True,0.0,0.9,0.9,1535,14,1535.0,77,10,18,"(24, 45)",0,0.018935978358881875,84.44444444444444,34.5,majority_vote,77,ATTACK,136,"(25, 36)",False,0,False,1595
60,0.0,True,0.0,0.894126502428386,0.9562322601163774,1511,45,1511.0,71,6,17,"(2, 41)",0,0.026079136690647483,92.3529411764706,42.0,majority_vote,71,ATTACK,173,"(10, 22)",False,1,False,1595
48,0.0,False,0.0,0.09850997463088923,0.1389223059624035,1541,15,1541.0,82,7,16,"(33, 8)",0,0.025179856115107913,92.875,46.6875,majority_vote,82,ATTACK,150,"(29, 18)",False,2,False,1595
0,0.0,True,0.0,0.9,0.9,1540,14,1540.0,77,10,18,"(24, 45)",0,0.01881720430107527,84.44444444444444,34.5,majority_vote,77,ATTACK,137,"(25, 41)",False,0,False,1600
54,0.0,True,0.0,0.9003877411483037,0.9590015724563962,1516,45,1516.0,72,6,17,"(2, 41)",0,0.0259391771019678,92.3529411764706,42.0,majority_vote,72,ATTACK,174,"(8, 25)",False,1,False,1600
48,0.0,False,0.0,0.09850997463088923,0.1389223059624035,1546,15,1546.0,83,7,16,"(33, 8)",0,0.025044722719141325,92.875,46.6875,majority_vote,83,ATTACK,151,"(30, 14)",False,2,False,1600
0,0.0,True,0.0,0.9,0.9,1545,14,1545.0,77,10,18,"(24, 45)",0,0.01881720430107527,84.44444444444444,34.5,majority_vote,77,ATTACK,137,"(24, 45)",False,0,False,1605
28,0.0,True,0.0,0.9090801647484972,0.9625406046512599,1521,45,1521.0,72,6,17,"(2, 41)",0,0.025044722719141325,92.3529411764706,42.0,majority_vote,72,ATTACK,174,"(6, 28)",False,1,False,1605
48,0.0,False,0.0,0.09850997463088923,0.1389223059624035,1551,15,1551.0,83,7,16,"(33, 8)",0,0.025044722719141325,92.875,46.6875,majority_vote,83,ATTACK,151,"(32, 11)",False,2,False,1605
0,0.0,True,0.0,0.9,0.9,1549,14,1549.0,78,10,19,"(21, 17)",0,0.01881720430107527,84.52631578947368,35.31578947368421,majority_vote,78,ATTACK,138,"(26, 43)",False,0,False,1610
26,0.0,True,0.0,0.9170630745514735,0.9661428118533456,1526,45,1526.0,72,6,17,"(2, 41)",0,0.024150268336314847,92.3529411764706,42.0,majority_vote,72,ATTACK,174,"(4, 31)",False,1,False,1610
48,0.0,False,0.0,0.09850997463088923,0.1389223059624035,1555,15,1555.0,84,7,17,"(33, 30)",0,0.025044722719141325,94.70588235294117,47.88235294117647,majority_vote,84,ATTACK,152,"(33, 8)",False,2,False,1610
0,0.0,True,0.0,0.9,0.9,1554,14,1554.0,78,10,19,"(21, 17)",0,0.01881720430107527,84.52631578947368,35.31578947368421,majority_vote,78,ATTACK,138,"(26, 38)",False,0,False,1615
26,0.0,True,0.0,0.9170630745514735,0.9661428118533456,1531,45,1531.0,72,6,17,"(2, 41)",0,0.0259391771019678,92.3529411764706,42.0,majority_vote,72,ATTACK,174,"(4, 36)",False,1,False,1615
48,0.0,False,0.0,0.09850997463088923,0.1389223059624035,1560,15,1560.0,84,7,17,"(33, 30)",0,0.025044722719141325,94.70588235294117,47.88235294117647,majority_vote,84,ATTACK,152,"(32, 12)",False,2,False,1615
0,0.0,True,0.0,0.9,0.9,1559,14,1559.0,78,10,19,"(21, 17)",0,0.018884892086330936,84.52631578947368,35.31578947368421,majority_vote,78,ATTACK,138,"(26, 33)",False,0,False,1620
26,0.0,True,0.0,0.9170630745514735,0.9661428118533456,1536,45,1536.0,72,6,17,"(2, 41)",0,0.025112107623318385,92.3529411764706,42.0,majority_vote,72,ATTACK,174,"(4, 41)",False,1,False,1620
48,0.0,False,0.0,0.09850997463088923,0.1389223059624035,1565,15,1565.0,84,7,17,"(33, 30)",0,0.025112107623318385,94.70588235294117,47.88235294117647,majority_vote,84,ATTACK,152,"(30, 15)",False,2,False,1620
0,0.0,True,0.0,0.9,0.9,1564,14,1564.0,78,10,19,"(21, 17)",0,0.018884892086330936,84.52631578947368,35.31578947368421,majority_vote,78,ATTACK,139,"(26, 28)",False,0,False,1625
30,0.0,True,0.0,0.9170630745514735,0.9661428118533456,1540,45,1540.0,73,6,17,"(2, 50)",0,0.0242152466367713,92.3529411764706,42.0,majority_vote,73,ATTACK,176,"(3, 42)",False,1,False,1625
52,0.0,False,0.0,0.09850997463088923,0.1389223059624035,1570,15,1570.0,86,7,17,"(33, 30)",0,0.025112107623318385,94.70588235294117,47.88235294117647,majority_vote,86,ATTACK,156,"(29, 19)",False,2,False,1625
0,0.0,True,0.0,0.9,0.9,1569,14,1569.0,78,10,19,"(21, 17)",0,0.018884892086330936,84.52631578947368,35.31578947368421,majority_vote,78,ATTACK,139,"(26, 23)",False,0,False,1630
20,0.0,True,0.0,0.9170630745514735,0.9661428118533456,1545,45,1545.0,73,6,17,"(2, 50)",0,0.0242152466367713,92.3529411764706,42.0,majority_vote,73,ATTACK,176,"(3, 47)",False,1,False,1630
45,0.0,False,0.0,0.12059270065427645,0.2688127724934757,1575,15,1575.0,86,7,17,"(33, 30)",0,0.025112107623318385,94.70588235294117,47.88235294117647,majority_vote,86,ATTACK,156,"(29, 24)",False,2,False,1630
0,0.0,True,0.0,0.9,0.9,1574,14,1574.0,78,10,19,"(21, 17)",0,0.018884892086330936,84.52631578947368,35.31578947368421,majority_vote,78,ATTACK,139,"(25, 19)",False,0,False,1635
17,0.0,True,0.0,0.9170630745514735,0.9661428118533456,1549,45,1549.0,73,6,18,"(2, 50)",0,0.0242152466367713,90.83333333333333,40.333333333333336,majority_vote,73,ATTACK,177,"(2, 50)",False,1,False,1635
45,0.0,False,0.0,0.1745668545438651,0.407471746453041,1580,15,1580.0,86,7,17,"(33, 30)",0,0.025112107623318385,94.70588235294117,47.88235294117647,majority_vote,86,ATTACK,156,"(29, 29)",False,2,False,1635
0,0.0,True,0.0,0.9,0.9,1579,14,1579.0,78,10,19,"(21, 17)",0,0.018884892086330936,84.52631578947368,35.31578947368421,majority_vote,78,ATTACK,139,"(22, 17)",False,0,False,1640
16,0.0,True,0.0,0.9170630745514735,0.9661428118533456,1553,45,1553.0,74,6,18,"(24, 45)",0,0.0242152466367713,90.83333333333333,40.333333333333336,majority_vote,74,ATTACK,178,"(4, 48)",False,1,False,1640
45,0.0,False,0.0,0.22645608374644985,0.47671594485304136,1585,15,1585.0,86,7,17,"(33, 30)",0,0.025112107623318385,94.70588235294117,47.88235294117647,majority_vote,86,ATTACK,156,"(33, 30)",False,2,False,1640
0,0.0,True,0.0,0.9,0.9,1583,14,1583.0,79,10,19,"(15, 2)",0,0.017953321364452424,84.52631578947368,35.31578947368421,majority_vote,79,ATTACK,140,"(18, 17)",False,0,False,1645
16,0.0,True,0.0,0.9170630745514735,0.9661428118533456,1558,45,1558.0,74,6,18,"(24, 45)",0,0.023276633840644583,90.83333333333333,40.333333333333336,majority_vote,74,ATTACK,178,"(7, 46)",False,1,False,1645
45,0.0,False,0.0,0.22645608374644985,0.47671594485304136,1589,15,1589.0,87,7,17,"(2, 41)",0,0.025962399283795883,94.70588235294117,47.88235294117647,majority_vote,87,ATTACK,157,"(29, 30)",False,2,False,1645
0,0.0,True,0.0,0.9,0.9,1588,14,1588.0,79,10,19,"(15, 2)",0,0.06093189964157706,84.52631578947368,35.31578947368421,majority_vote,79,ATTACK,141,"(15, 15)",False,0,False,1650
16,0.0,True,0.0,0.9170630745514735,0.9661428118533456,1563,45,1563.0,75,6,18,"(24, 45)",0,0.045576407506702415,90.83333333333333,40.333333333333336,majority_vote,75,ATTACK,179,"(12, 46)",False,1,False,1650
45,0.0,True,0.0,0.26686380874782784,0.5247076710906268,1594,15,1594.0,88,7,17,"(2, 41)",0,0.05272564789991063,94.70588235294117,47.88235294117647,majority_vote,88,ATTACK,158,"(27, 33)",False,2,False,1650
0,0.0,True,0.0,0.9,0.9,1593,14,1593.0,79,10,19,"(15, 2)",0,0.05580159433126661,84.52631578947368,35.31578947368421,majority_vote,79,ATTACK,141,"(15, 10)",False,0,False,1655
16,0.0,True,0.0,0.9170630745514735,0.9661428118533456,1568,45,1568.0,75,6,18,"(24, 45)",0,0.045053003533568906,90.83333333333333,40.333333333333336,majority_vote,75,ATTACK,179,"(15, 48)",False,1,False,1655
45,0.0,True,0.0,0.26686380874782784,0.5247076710906268,1599,15,1599.0,88,7,17,"(2, 41)",0,0.04063604240282685,94.70588235294117,47.88235294117647,majority_vote,88,ATTACK,158,"(25, 36)",False,2,False,1655
0,0.0,True,0.0,0.9,0.9,1598,14,1598.0,79,10,19,"(15, 2)",0,0.05653710247349823,84.52631578947368,35.31578947368421,majority_vote,79,ATTACK,141,"(15, 5)",False,0,False,1660
28,0.0,True,0.0,0.9170630745514735,0.9661428118533456,1573,45,1573.0,75,6,18,"(24, 45)",0,0.045774647887323945,90.83333333333333,40.333333333333336,majority_vote,75,ATTACK,179,"(19, 49)",False,1,False,1660
57,0.0,True,0.0,0.26686380874782784,0.5247076710906268,1604,15,1604.0,88,7,17,"(2, 41)",0,0.03961267605633803,94.70588235294117,47.88235294117647,majority_vote,88,ATTACK,158,"(24, 40)",False,2,False,1660
0,0.0,True,0.0,0.9,0.9,1602,14,1602.0,80,10,20,"(33, 30)",0,0.05272407732864675,83.2,34.65,majority_vote,80,ATTACK,142,"(15, 3)",False,0,False,1665
16,0.0,False,0.0,0.4649529350113093,0.4649529350113093,1578,45,1578.0,75,6,18,"(24, 45)",0,0.04382120946538125,90.83333333333333,40.333333333333336,majority_vote,75,ATTACK,181,"(24, 49)",False,1,False,1665
47,0.0,True,0.0,0.26686380874782784,0.5247076710906268,1609,15,1609.0,88,7,17,"(2, 41)",0,0.033304119193689745,94.70588235294117,47.88235294117647,majority_vote,88,ATTACK,158,"(19, 40)",False,2,False,1665
0,0.0,True,0.0,0.9,0.9,1607,14,1607.0,80,10,20,"(33, 30)",0,0.05184534270650264,83.2,34.65,majority_vote,80,ATTACK,142,"(16, 7)",False,0,False,1670
15,0.0,False,0.0,0.4649529350113093,0.4649529350113093,1582,45,1582.0,76,6,19,"(33, 8)",0,0.03768624014022787,87.89473684210526,40.0,majority_vote,76,ATTACK,182,"(24, 45)",False,1,False,1670
18,0.0,True,0.0,0.26686380874782784,0.5247076710906268,1614,15,1614.0,88,7,17,"(2, 41)",0,0.03242769500438212,94.70588235294117,47.88235294117647,majority_vote,88,ATTACK,158,"(14, 40)",False,2,False,1670
0,0.0,True,0.0,0.9,0.9,1612,14,1612.0,80,10,20,"(33, 30)",0,0.04741000877963126,83.2,34.65,majority_vote,80,ATTACK,143,"(17, 11)",False,0,False,1675
15,0.0,False,0.0,0.4649529350113093,0.4649529350113093,1587,45,1587.0,77,6,19,"(33, 8)",0,0.03677758318739054,87.89473684210526,40.0,majority_vote,77,ATTACK,183,"(26, 42)",False,1,False,1675
18,0.0,True,0.0,0.26686380874782784,0.5247076710906268,1619,15,1619.0,88,7,17,"(2, 41)",0,0.03239929947460595,94.70588235294117,47.88235294117647,majority_vote,88,ATTACK,159,"(10, 41)",False,2,False,1675
0,0.0,True,0.0,0.9,0.9,1617,14,1617.0,80,10,20,"(33, 30)",0,0.0456540825285338,83.2,34.65,majority_vote,80,ATTACK,143,"(17, 16)",False,0,False,1680
15,0.0,False,0.0,0.4649529350113093,0.4649529350113093,1592,45,1592.0,77,6,19,"(33, 8)",0,0.03415061295971979,87.89473684210526,40.0,majority_vote,77,ATTACK,183,"(28, 39)",False,1,False,1680
18,0.0,True,0.0,0.26686380874782784,0.5247076710906268,1624,15,1624.0,88,7,17,"(2, 41)",0,0.03239929947460595,94.70588235294117,47.88235294117647,majority_vote,88,ATTACK,159,"(5, 41)",False,2,False,1680
0,0.0,True,0.0,0.9,0.9,1622,14,1622.0,80,10,20,"(33, 30)",0,0.0456540825285338,83.2,34.65,majority_vote,80,ATTACK,143,"(21, 17)",False,0,False,1685
15,0.0,False,0.0,0.4649529350113093,0.4649529350113093,1597,45,1597.0,77,6,19,"(33, 8)",0,0.03239929947460595,87.89473684210526,40.0,majority_vote,77,ATTACK,183,"(29, 35)",False,1,False,1685
18,0.0,True,0.0,0.26686380874782784,0.5247076710906268,1628,15,1628.0,89,7,18,"(21, 17)",0,0.03152364273204904,93.55555555555556,47.611111111111114,majority_vote,89,ATTACK,160,"(3, 41)",False,2,False,1685
0,0.0,True,0.0,0.9,0.9,1627,14,1627.0,80,10,20,"(33, 30)",0,0.04477611940298507,83.2,34.65,majority_vote,80,ATTACK,143,"(25, 18)",False,0,False,1690
15,0.0,False,0.0,0.4649529350113093,0.4649529350113093,1602,45,1602.0,77,6,19,"(33, 8)",0,0.028896672504378284,87.89473684210526,40.0,majority_vote,77,ATTACK,183,"(29, 30)",False,1,False,1690
18,0.0,True,0.0,0.26686380874782784,0.5247076710906268,1633,15,1633.0,89,7,18,"(21, 17)",0,0.03152364273204904,93.55555555555556,47.611111111111114,majority_vote,89,ATTACK,160,"(8, 41)",False,2,False,1690
0,0.0,True,0.0,0.9,0.9,1632,14,1632.0,80,10,20,"(33, 30)",0,0.03950834064969271,83.2,34.65,majority_vote,80,ATTACK,143,"(26, 22)",False,0,False,1695
15,0.0,True,0.0,0.46746359659523423,0.5004093826515484,1607,45,1607.0,77,6,19,"(33, 8)",0,0.02714535901926445,87.89473684210526,40.0,majority_vote,77,ATTACK,183,"(29, 25)",False,1,False,1695
18,0.0,True,0.0,0.26686380874782784,0.5247076710906268,1638,15,1638.0,89,7,18,"(21, 17)",0,0.03152364273204904,93.55555555555556,47.611111111111114,majority_vote,89,ATTACK,160,"(12, 40)",False,2,False,1695
0,0.0,True,0.0,0.9,0.9,1637,14,1637.0,80,10,20,"(33, 30)",0,0.03687445127304653,83.2,34.65,majority_vote,80,ATTACK,144,"(27, 26)",False,0,False,1700
14,0.0,False,0.0,0.4753558622281957,0.49230060061730013,1612,45,1612.0,77,6,19,"(33, 8)",0,0.02626970227670753,87.89473684210526,40.0,majority_vote,77,ATTACK,187,"(29, 20)",False,1,False,1700
27,0.0,True,0.0,0.26686380874782784,0.5247076710906268,1643,15,1643.0,91,7,18,"(21, 17)",0,0.03064798598949212,93.55555555555556,47.611111111111114,majority_vote,91,ATTACK,162,"(12, 35)",False,2,False,1700
0,0.0,True,0.0,0.9,0.9,1642,14,1642.0,80,10,20,"(33, 30)",0,0.03424056189640035,83.2,34.65,majority_vote,80,ATTACK,144,"(28, 30)",False,0,False,1705
12,0.0,False,0.0,0.472705108568123,0.4873266593642474,1617,45,1617.0,78,6,19,"(33, 8)",0,0.025394045534150613,87.89473684210526,40.0,majority_vote,78,ATTACK,188,"(29, 15)",False,1,False,1705
27,0.0,True,0.0,0.26686380874782784,0.5247076710906268,1648,15,1648.0,91,7,18,"(21, 17)",0,0.028896672504378284,93.55555555555556,47.611111111111114,majority_vote,91,ATTACK,162,"(14, 32)",False,2,False,1705
0,0.0,True,0.0,0.9,0.9,1647,14,1647.0,80,10,20,"(33, 30)",0,0.033362598770851626,83.2,34.65,majority_vote,80,ATTACK,144,"(33, 30)",False,0,False,1710
12,0.0,True,0.0,0.4742497845601972,0.5035986284096063,1622,45,1622.0,78,6,19,"(33, 8)",0,0.01926444833625219,87.89473684210526,40.0,majority_vote,78,ATTACK,188,"(32, 13)",False,1,False,1710
27,0.0,True,0.0,0.26686380874782784,0.5247076710906268,1653,15,1653.0,91,7,18,"(21, 17)",0,0.024518388791593695,93.55555555555556,47.611111111111114,majority_vote,91,ATTACK,162,"(15, 28)",False,2,False,1710
0,0.0,True,0.0,0.9,0.9,1651,14,1651.0,81,10,20,"(25, 2)",0,0.033362598770851626,83.2,34.65,majority_vote,81,ATTACK,145,"(29, 30)",False,0,False,1715
12,0.0,True,0.0,0.4742497845601972,0.5035986284096063,1627,45,1627.0,78,6,19,"(33, 8)",0,0.01926444833625219,87.89473684210526,40.0,majority_vote,78,ATTACK,188,"(32, 8)",False,1,False,1715
27,0.0,True,0.0,0.29400823829567824,0.5521198790189459,1658,15,1658.0,91,7,18,"(21, 17)",0,0.024518388791593695,93.55555555555556,47.611111111111114,majority_vote,91,ATTACK,162,"(16, 24)",False,2,False,1715
0,0.0,True,0.0,0.9,0.9,1656,14,1656.0,81,10,20,"(25, 2)",0,0.03160667251975417,83.2,34.65,majority_vote,81,ATTACK,145,"(28, 26)",False,0,False,1720
12,0.0,True,0.0,0.4742497845601972,0.5035986284096063,1631,45,1631.0,79,6,19,"(33, 50)",0,0.01926444833625219,87.89473684210526,40.0,majority_vote,79,ATTACK,189,"(33, 11)",False,1,False,1720
27,0.0,True,0.0,0.3620599572826313,0.6184162824904051,1663,15,1663.0,91,7,18,"(21, 17)",0,0.021015761821366025,93.55555555555556,47.611111111111114,majority_vote,91,ATTACK,162,"(18, 21)",False,2,False,1720
0,0.0,True,0.0,0.9,0.9,1661,14,1661.0,81,10,20,"(25, 2)",0,0.02897278314310799,83.2,34.65,majority_vote,81,ATTACK,146,"(26, 23)",False,0,False,1725
12,0.0,True,0.0,0.4742497845601972,0.5035986284096063,1636,45,1636.0,80,6,19,"(33, 50)",0,0.01838879159369527,87.89473684210526,40.0,majority_vote,80,ATTACK,190,"(30, 13)",False,1,False,1725
27,0.0,True,0.0,0.4161160029358928,0.6704005279375882,1668,15,1668.0,91,7,18,"(21, 17)",0,0.020140105078809107,93.55555555555556,47.611111111111114,majority_vote,91,ATTACK,163,"(19, 17)",False,2,False,1725
0,0.0,True,0.0,0.9,0.9,1666,14,1666.0,81,10,20,"(25, 2)",0,0.024582967515364356,83.2,34.65,majority_vote,81,ATTACK,146,"(25, 19)",False,0,False,1730
12,0.0,True,0.0,0.48363021644735893,0.5582806228522675,1641,45,1641.0,80,6,19,"(33, 50)",0,0.01838879159369527,87.89473684210526,40.0,majority_vote,80,ATTACK,190,"(28, 16)",False,1,False,1730
21,0.0,False,0.0,0.4052536067271307,0.44490193450394394,1672,15,1672.0,92,7,18,"(2, 50)",0,0.01926444833625219,93.55555555555556,47.611111111111114,majority_vote,92,ATTACK,165,"(19, 17)",False,2,False,1730
0,0.0,True,0.0,0.9,0.9,1671,14,1671.0,81,10,20,"(25, 2)",0,0.024582967515364356,83.2,34.65,majority_vote,81,ATTACK,146,"(25, 14)",False,0,False,1735
27,0.0,True,0.0,0.5137672164159288,0.6490734041408653,1646,45,1646.0,80,6,19,"(33, 50)",0,0.021891418563922942,87.89473684210526,40.0,majority_vote,80,ATTACK,190,"(28, 21)",False,1,False,1735
31,0.0,False,0.0,0.41619778366341803,0.4966417690255261,1677,15,1677.0,92,7,18,"(2, 50)",0,0.01926444833625219,93.55555555555556,47.611111111111114,majority_vote,92,ATTACK,165,"(17, 20)",False,2,False,1735
0,0.0,True,0.0,0.9,0.9,1676,14,1676.0,81,10,20,"(25, 2)",0,0.024582967515364356,83.2,34.65,majority_vote,81,ATTACK,146,"(25, 9)",False,0,False,1740
27,0.0,True,0.0,0.552936917316359,0.7067293134604163,1651,45,1651.0,80,6,19,"(33, 50)",0,0.021891418563922942,87.89473684210526,40.0,majority_vote,80,ATTACK,190,"(28, 26)",False,1,False,1740
31,0.0,False,0.0,0.41619778366341803,0.4966417690255261,1682,15,1682.0,92,7,18,"(2, 50)",0,0.01838879159369527,93.55555555555556,47.611111111111114,majority_vote,92,ATTACK,165,"(17, 25)",False,2,False,1740
0,0.0,True,0.0,0.9,0.9,1681,14,1681.0,81,10,20,"(25, 2)",0,0.024582967515364356,83.2,34.65,majority_vote,81,ATTACK,146,"(25, 4)",False,0,False,1745
27,0.0,True,0.0,0.5942068852360354,0.7521325221823395,1656,45,1656.0,80,6,19,"(33, 50)",0,0.021891418563922942,87.89473684210526,40.0,majority_vote,80,ATTACK,190,"(28, 31)",False,1,False,1745
31,0.0,True,0.0,0.42094011740847403,0.5110444585645376,1687,15,1687.0,92,7,18,"(2, 50)",0,0.01838879159369527,93.55555555555556,47.611111111111114,majority_vote,92,ATTACK,165,"(14, 27)",False,2,False,1745
0,0.0,True,0.0,0.9,0.9,1685,14,1685.0,82,10,21,"(2, 41)",0,0.024582967515364356,83.23809523809524,34.76190476190476,majority_vote,82,ATTACK,148,"(25, 4)",False,0,False,1750
27,0.0,True,0.0,0.6187819934257411,0.772631693946617,1661,45,1661.0,80,6,19,"(33, 50)",0,0.021891418563922942,87.89473684210526,40.0,majority_vote,80,ATTACK,191,"(28, 36)",False,1,False,1750
30,0.0,False,0.0,0.39863062290525564,0.39863062290525564,1692,15,1692.0,93,7,18,"(2, 50)",0,0.01838879159369527,93.55555555555556,47.611111111111114,majority_vote,93,ATTACK,166,"(13, 31)",False,2,False,1750
0,0.0,True,0.0,0.9,0.9,1690,14,1690.0,82,10,21,"(2, 41)",0,0.0228270412642669,83.23809523809524,34.76190476190476,majority_vote,82,ATTACK,148,"(25, 9)",False,0,False,1755
27,0.0,True,0.0,0.6187819934257411,0.772631693946617,1666,45,1666.0,80,6,19,"(33, 50)",0,0.021015761821366025,87.89473684210526,40.0,majority_vote,80,ATTACK,191,"(28, 41)",False,1,False,1755
30,0.0,False,0.0,0.39863062290525564,0.39863062290525564,1697,15,1697.0,93,7,18,"(2, 50)",0,0.01838879159369527,93.55555555555556,47.611111111111114,majority_vote,93,ATTACK,166,"(12, 35)",False,2,False,1755
0,0.0,True,0.0,0.9,0.9,1695,14,1695.0,82,10,21,"(2, 41)",0,0.013134851138353765,83.23809523809524,34.76190476190476,majority_vote,82,ATTACK,148,"(25, 14)",False,0,False,1760
27,0.0,True,0.0,0.6187819934257411,0.772631693946617,1671,45,1671.0,80,6,19,"(33, 50)",0,0.016637478108581436,87.89473684210526,40.0,majority_vote,80,ATTACK,191,"(29, 45)",False,1,False,1760
30,0.0,False,0.0,0.39863062290525564,0.39863062290525564,1702,15,1702.0,93,7,18,"(2, 50)",0,0.01838879159369527,93.55555555555556,47.611111111111114,majority_vote,93,ATTACK,166,"(10, 38)",False,2,False,1760
0,0.0,True,0.0,0.9,0.9,1700,14,1700.0,82,10,21,"(2, 41)",0,0.010507880910683012,83.23809523809524,34.76190476190476,majority_vote,82,ATTACK,148,"(23, 17)",False,0,False,1765
27,0.0,True,0.0,0.6187819934257411,0.772631693946617,1676,45,1676.0,80,6,19,"(33, 50)",0,0.016637478108581436,87.89473684210526,40.0,majority_vote,80,ATTACK,191,"(29, 50)",False,1,False,1765
30,0.0,False,0.0,0.39863062290525564,0.39863062290525564,1707,15,1707.0,93,7,18,"(2, 50)",0,0.01926444833625219,93.55555555555556,47.611111111111114,majority_vote,93,ATTACK,166,"(8, 41)",False,2,False,1765
0,0.0,True,0.0,0.9,0.9,1705,14,1705.0,82,10,21,"(2, 41)",0,0.010507880910683012,83.23809523809524,34.76190476190476,majority_vote,82,ATTACK,148,"(19, 18)",False,0,False,1770
27,0.0,True,0.0,0.6187819934257411,0.772631693946617,1680,45,1680.0,81,6,20,"(25, 2)",0,0.016637478108581436,88.5,40.65,majority_vote,81,ATTACK,192,"(33, 50)",False,1,False,1770
30,0.0,False,0.0,0.39863062290525564,0.39863062290525564,1712,15,1712.0,93,7,18,"(2, 50)",0,0.01926444833625219,93.55555555555556,47.611111111111114,majority_vote,93,ATTACK,166,"(5, 43)",False,2,False,1770
0,0.0,True,0.0,0.9,0.9,1710,14,1710.0,83,10,21,"(2, 41)",0,0.010507880910683012,83.23809523809524,34.76190476190476,majority_vote,83,ATTACK,149,"(17, 21)",False,0,False,1775
32,0.0,True,0.0,0.6187819934257411,0.772631693946617,1685,45,1685.0,82,6,20,"(25, 2)",0,0.016637478108581436,88.5,40.65,majority_vote,82,ATTACK,193,"(28, 50)",False,1,False,1775
35,0.0,False,0.0,0.39863062290525564,0.39863062290525564,1717,15,1717.0,93,7,18,"(2, 50)",0,0.023642732049036778,93.55555555555556,47.611111111111114,majority_vote,93,ATTACK,167,"(3, 46)",False,2,False,1775
0,0.0,True,0.0,0.9,0.9,1715,14,1715.0,83,10,21,"(2, 41)",0,0.010507880910683012,83.23809523809524,34.76190476190476,majority_vote,83,ATTACK,149,"(14, 23)",False,0,False,1780
32,0.0,True,0.0,0.6187819934257411,0.772631693946617,1690,45,1690.0,82,6,20,"(25, 2)",0,0.016637478108581436,88.5,40.65,majority_vote,82,ATTACK,193,"(27, 46)",False,1,False,1780
35,0.0,False,0.0,0.39863062290525564,0.39863062290525564,1722,15,1722.0,93,7,18,"(2, 50)",0,0.023642732049036778,93.55555555555556,47.611111111111114,majority_vote,93,ATTACK,167,"(2, 50)",False,2,False,1780
0,0.0,True,0.0,0.9,0.9,1720,14,1720.0,83,10,21,"(2, 41)",0,0.010507880910683012,83.23809523809524,34.76190476190476,majority_vote,83,ATTACK,149,"(9, 23)",False,0,False,1785
31,0.0,True,0.0,0.6003354265319479,0.6003354265319479,1695,45,1695.0,82,6,20,"(25, 2)",0,0.016637478108581436,88.5,40.65,majority_vote,82,ATTACK,193,"(27, 41)",False,1,False,1785
35,0.0,False,0.0,0.39863062290525564,0.39863062290525564,1726,15,1726.0,94,7,19,"(2, 41)",0,0.023642732049036778,93.73684210526316,47.89473684210526,majority_vote,94,ATTACK,168,"(3, 47)",False,2,False,1785
0,0.0,True,0.0,0.9,0.9,1725,14,1725.0,83,10,21,"(2, 41)",0,0.010507880910683012,83.23809523809524,34.76190476190476,majority_vote,83,ATTACK,149,"(5, 24)",False,0,False,1790
27,0.0,False,0.0,0.19817093820426437,0.19817093820426437,1700,45,1700.0,82,6,20,"(25, 2)",0,0.016637478108581436,88.5,40.65,majority_vote,82,ATTACK,194,"(27, 36)",False,1,False,1790
35,0.0,False,0.0,0.39863062290525564,0.39863062290525564,1731,15,1731.0,94,7,19,"(2, 41)",0,0.023642732049036778,93.73684210526316,47.89473684210526,majority_vote,94,ATTACK,168,"(3, 42)",False,2,False,1790
0,0.0,True,0.0,0.9,0.9,1730,14,1730.0,83,10,21,"(2, 41)",0,0.010507880910683012,83.23809523809524,34.76190476190476,majority_vote,83,ATTACK,149,"(3, 27)",False,0,False,1795
27,0.0,False,0.0,0.19817093820426437,0.19817093820426437,1705,45,1705.0,82,6,20,"(25, 2)",0,0.016637478108581436,88.5,40.65,majority_vote,82,ATTACK,194,"(27, 31)",False,1,False,1795
35,0.0,False,0.0,0.39863062290525564,0.39863062290525564,1735,15,1735.0,95,7,19,"(24, 45)",0,0.023642732049036778,93.73684210526316,47.89473684210526,majority_vote,95,ATTACK,169,"(4, 41)",False,2,False,1795
0,0.0,True,0.0,0.9,0.9,1735,14,1735.0,83,10,21,"(2, 41)",0,0.05604203152364273,83.23809523809524,34.76190476190476,majority_vote,83,ATTACK,150,"(3, 32)",False,0,False,1800
27,0.0,False,0.0,0.19914743939025667,0.21770096192411006,1710,45,1710.0,82,6,20,"(25, 2)",0,0.046409807355516634,88.5,40.65,majority_vote,82,ATTACK,195,"(27, 26)",False,1,False,1800
35,0.0,False,0.0,0.39863062290525564,0.39863062290525564,1740,15,1740.0,95,7,19,"(24, 45)",0,0.04115586690017513,93.73684210526316,47.89473684210526,majority_vote,95,ATTACK,170,"(9, 41)",False,2,False,1800
0,0.0,True,0.0,0.9,0.9,1740,14,1740.0,83,10,21,"(2, 41)",0,0.05253940455341506,83.23809523809524,34.76190476190476,majority_vote,83,ATTACK,150,"(3, 37)",False,0,False,1805
27,0.0,False,0.0,0.19914743939025667,0.21770096192411006,1715,45,1715.0,82,6,20,"(25, 2)",0,0.04203152364273205,88.5,40.65,majority_vote,82,ATTACK,195,"(27, 21)",False,1,False,1805
35,0.0,False,0.0,0.39863062290525564,0.39863062290525564,1745,15,1745.0,95,7,19,"(24, 45)",0,0.03590192644483362,93.73684210526316,47.89473684210526,majority_vote,95,ATTACK,170,"(14, 41)",False,2,False,1805
0,0.0,True,0.0,0.9,0.9,1745,14,1745.0,83,10,21,"(2, 41)",0,0.04903677758318739,83.23809523809524,34.76190476190476,majority_vote,83,ATTACK,150,"(2, 41)",False,0,False,1810
46,0.0,False,0.0,0.09571301476315333,0.09571301476315333,1720,45,1720.0,83,6,20,"(25, 2)",0,0.0446584938704028,88.5,40.65,majority_vote,83,ATTACK,199,"(26, 17)",False,1,False,1810
63,0.0,False,0.0,0.39863062290525564,0.39863062290525564,1750,15,1750.0,95,7,19,"(24, 45)",0,0.03765323992994746,93.73684210526316,47.89473684210526,majority_vote,95,ATTACK,170,"(19, 41)",False,2,False,1810
0,0.0,True,0.0,0.9,0.9,1749,14,1749.0,85,10,21,"(25, 2)",0,0.046409807355516634,83.23809523809524,34.76190476190476,majority_vote,85,ATTACK,152,"(4, 39)",False,0,False,1815
36,0.0,False,0.0,0.025469601687029646,0.025469601687029646,1725,45,1725.0,84,6,20,"(25, 2)",0,0.04115586690017513,88.5,40.65,majority_vote,84,ATTACK,202,"(25, 13)",False,1,False,1815
63,0.0,False,0.0,0.39863062290525564,0.39863062290525564,1755,15,1755.0,95,7,19,"(24, 45)",0,0.03590192644483362,93.73684210526316,47.89473684210526,majority_vote,95,ATTACK,170,"(23, 40)",False,2,False,1815
0,0.0,True,0.0,0.9,0.9,1754,14,1754.0,85,10,21,"(25, 2)",0,0.0446584938704028,83.23809523809524,34.76190476190476,majority_vote,85,ATTACK,157,"(4, 34)",False,0,False,1820
32,0.0,False,0.0,0.009401668571538303,0.009401668571538303,1730,45,1730.0,85,6,20,"(25, 2)",0,0.03502626970227671,88.5,40.65,majority_vote,85,ATTACK,203,"(25, 8)",False,1,False,1820
63,0.0,False,0.0,0.39863062290525564,0.39863062290525564,1760,15,1760.0,95,7,19,"(24, 45)",0,0.02714535901926445,93.73684210526316,47.89473684210526,majority_vote,95,ATTACK,170,"(25, 43)",False,2,False,1820
0,0.0,True,0.0,0.9,0.9,1759,14,1759.0,86,10,21,"(25, 2)",0,0.0446584938704028,83.23809523809524,34.76190476190476,majority_vote,86,ATTACK,160,"(4, 29)",False,0,False,1825
29,0.0,False,0.0,0.0050529653919014934,0.0050529653919014934,1735,45,1735.0,85,6,20,"(25, 2)",0,0.03502626970227671,88.5,40.65,majority_vote,85,ATTACK,204,"(25, 3)",False,1,False,1825
63,0.0,False,0.0,0.39863062290525564,0.39863062290525564,1764,15,1764.0,96,7,20,"(15, 2)",0,0.02714535901926445,91.2,47.05,majority_vote,96,ATTACK,172,"(25, 45)",False,2,False,1825
0,0.0,True,0.0,0.9,0.9,1764,14,1764.0,86,10,21,"(25, 2)",0,0.04115586690017513,83.23809523809524,34.76190476190476,majority_vote,86,ATTACK,160,"(7, 27)",False,0,False,1830
29,0.0,False,0.0,0.0050529653919014934,0.0050529653919014934,1739,45,1739.0,86,6,20,"(33, 30)",0,0.03239929947460595,88.5,40.65,majority_vote,86,ATTACK,205,"(25, 5)",False,1,False,1830
63,0.0,False,0.0,0.39863062290525564,0.39863062290525564,1769,15,1769.0,96,7,20,"(15, 2)",0,0.02714535901926445,91.2,47.05,majority_vote,96,ATTACK,172,"(25, 40)",False,2,False,1830
0,0.0,True,0.0,0.9,0.9,1769,14,1769.0,86,10,21,"(25, 2)",0,0.04006968641114982,83.23809523809524,34.76190476190476,majority_vote,86,ATTACK,160,"(8, 23)",False,0,False,1835
27,0.0,False,0.0,0.0030207009619022175,0.0030207009619022175,1744,45,1744.0,86,6,20,"(33, 30)",0,0.032229965156794424,88.5,40.65,majority_vote,86,ATTACK,205,"(28, 7)",False,1,False,1835
63,0.0,False,0.0,0.39863062290525564,0.39863062290525564,1774,15,1774.0,96,7,20,"(15, 2)",0,0.025261324041811847,91.2,47.05,majority_vote,96,ATTACK,172,"(22, 38)",False,2,False,1835
0,0.0,True,0.0,0.9,0.9,1774,14,1774.0,87,10,21,"(25, 2)",0,0.03067484662576687,83.23809523809524,34.76190476190476,majority_vote,87,ATTACK,161,"(10, 20)",False,0,False,1840
27,0.0,False,0.0,0.0030207009619022175,0.0030207009619022175,1749,45,1749.0,86,6,20,"(33, 30)",0,0.03242769500438212,88.5,40.65,majority_vote,86,ATTACK,205,"(28, 12)",False,1,False,1840
63,0.0,False,0.0,0.39863062290525564,0.39863062290525564,1779,15,1779.0,97,7,20,"(15, 2)",0,0.022787028921998246,91.2,47.05,majority_vote,97,ATTACK,173,"(20, 35)",False,2,False,1840
0,0.0,True,0.0,0.9,0.9,1779,14,1779.0,88,10,21,"(25, 2)",0,0.02716914986853637,83.23809523809524,34.76190476190476,majority_vote,88,ATTACK,162,"(14, 19)",False,0,False,1845
27,0.0,False,0.0,0.0030207009619022175,0.0030207009619022175,1754,45,1754.0,86,6,20,"(33, 30)",0,0.03155127081507449,88.5,40.65,majority_vote,86,ATTACK,205,"(28, 17)",False,1,False,1845
63,0.0,False,0.0,0.39863062290525564,0.39863062290525564,1784,15,1784.0,97,7,20,"(15, 2)",0,0.021910604732690624,91.2,47.05,majority_vote,97,ATTACK,173,"(18, 32)",False,2,False,1845
0,0.0,True,0.0,0.9,0.9,1784,14,1784.0,88,10,21,"(25, 2)",0,0.02716914986853637,83.23809523809524,34.76190476190476,majority_vote,88,ATTACK,163,"(17, 17)",False,0,False,1850
45,2.324390298541232,False,2.324390298541232,0.0013126920510567657,0.0013126920510567657,1759,45,1759.0,86,6,20,"(33, 30)",0,0.03155127081507449,88.5,40.65,majority_vote,86,ATTACK,209,"(28, 22)",False,1,False,1850
103,0.0,False,0.0,0.39947519356314454,0.4155220360630339,1789,15,1789.0,97,7,20,"(15, 2)",0,0.021910604732690624,91.2,47.05,majority_vote,97,ATTACK,174,"(18, 27)",False,2,False,1850
0,0.0,True,0.0,0.9,0.9,1789,14,1789.0,88,10,21,"(25, 2)",0,0.025416301489921123,83.23809523809524,34.76190476190476,majority_vote,88,ATTACK,163,"(22, 17)",False,0,False,1855
27,0.0,False,0.0,0.00044652713280335566,0.00044652713280335566,1764,45,1764.0,86,6,20,"(33, 30)",0,0.029798422436459245,88.5,40.65,majority_vote,86,ATTACK,211,"(28, 27)",False,1,False,1855
103,0.0,True,0.0,0.41521871986879,0.502641142393921,1794,15,1794.0,97,7,20,"(15, 2)",0,0.020157756354075372,91.2,47.05,majority_vote,97,ATTACK,174,"(16, 24)",False,2,False,1855
0,0.0,True,0.0,0.9,0.9,1794,14,1794.0,88,10,21,"(25, 2)",0,0.022787028921998246,83.23809523809524,34.76190476190476,majority_vote,88,ATTACK,163,"(25, 15)",False,0,False,1860
15,0.0,False,0.0,0.00044652713280335566,0.00044652713280335566,1769,45,1769.0,86,6,20,"(33, 30)",0,0.022787028921998246,88.5,40.65,majority_vote,86,ATTACK,211,"(30, 30)",False,1,False,1860
83,0.0,True,0.0,0.44794858352350003,0.5939867120431398,1799,15,1799.0,97,7,20,"(15, 2)",0,0.014899211218229623,91.2,47.05,majority_vote,97,ATTACK,174,"(16, 19)",False,2,False,1860
0,0.0,True,0.0,0.9,0.9,1799,14,1799.0,88,10,21,"(25, 2)",0,0.020157756354075372,83.23809523809524,34.76190476190476,majority_vote,88,ATTACK,163,"(25, 10)",False,0,False,1865
15,0.0,False,0.0,0.00044652713280335566,0.00044652713280335566,1773,45,1773.0,87,6,21,"(2, 41)",0,0.021910604732690624,88.76190476190476,40.476190476190474,majority_vote,87,ATTACK,212,"(32, 30)",False,1,False,1865
77,0.0,True,0.0,0.4820234067797597,0.6493809231876205,1804,15,1804.0,97,7,20,"(15, 2)",0,0.014022787028921999,91.2,47.05,majority_vote,97,ATTACK,174,"(16, 14)",False,2,False,1865
0,0.0,True,0.0,0.9,0.9,1804,14,1804.0,88,10,21,"(25, 2)",0,0.019281332164767746,83.23809523809524,34.76190476190476,majority_vote,88,ATTACK,163,"(25, 5)",False,0,False,1870
15,0.0,False,0.0,0.00044652713280335566,0.00044652713280335566,1778,45,1778.0,87,6,21,"(2, 41)",0,0.021034180543382998,88.76190476190476,40.476190476190474,majority_vote,87,ATTACK,212,"(29, 32)",False,1,False,1870
73,0.0,True,0.0,0.4820234067797597,0.6493809231876205,1809,15,1809.0,97,7,20,"(15, 2)",0,0.013146362839614373,91.2,47.05,majority_vote,97,ATTACK,174,"(15, 10)",False,2,False,1870
0,0.0,True,0.0,0.9,0.9,1808,14,1808.0,89,10,22,"(13, 50)",0,0.015775635407537247,85.18181818181819,36.04545454545455,majority_vote,89,ATTACK,165,"(25, 3)",False,0,False,1875
15,0.0,False,0.0,0.00044652713280335566,0.00044652713280335566,1783,45,1783.0,88,6,21,"(2, 41)",0,0.015775635407537247,88.76190476190476,40.476190476190474,majority_vote,88,ATTACK,213,"(28, 36)",False,1,False,1875
73,0.0,True,0.0,0.490893626590729,0.6594278029991457,1814,15,1814.0,97,7,20,"(15, 2)",0,0.013146362839614373,91.2,47.05,majority_vote,97,ATTACK,175,"(15, 5)",False,2,False,1875
0,0.0,True,0.0,0.9,0.9,1813,14,1813.0,89,10,22,"(13, 50)",0,0.014035087719298246,85.18181818181819,36.04545454545455,majority_vote,89,ATTACK,165,"(25, 8)",False,0,False,1880
15,0.0,False,0.0,0.00044652713280335566,0.00044652713280335566,1788,45,1788.0,88,6,21,"(2, 41)",0,0.011403508771929825,88.76190476190476,40.476190476190474,majority_vote,88,ATTACK,213,"(27, 40)",False,1,False,1880
73,0.0,True,0.0,0.490893626590729,0.6594278029991457,1818,15,1818.0,98,7,20,"(24, 45)",0,0.013157894736842105,91.2,47.05,majority_vote,98,ATTACK,176,"(15, 3)",False,2,False,1880
0,0.0,True,0.0,0.9,0.9,1818,14,1818.0,89,10,22,"(13, 50)",0,0.011403508771929825,85.18181818181819,36.04545454545455,majority_vote,89,ATTACK,165,"(25, 13)",False,0,False,1885
24,0.27199999999999847,False,0.27199999999999847,0.00044652713280335566,0.00044652713280335566,1793,45,1793.0,88,6,21,"(2, 41)",0,0.008771929824561403,88.76190476190476,40.476190476190474,majority_vote,88,ATTACK,214,"(22, 40)",False,1,False,1885
82,0.0,True,0.0,0.490893626590729,0.6594278029991457,1823,15,1823.0,98,7,20,"(24, 45)",0,0.015789473684210527,91.2,47.05,majority_vote,98,ATTACK,176,"(16, 7)",False,2,False,1885
0,0.0,True,0.0,0.9,0.9,1823,14,1823.0,89,10,22,"(13, 50)",0,0.011403508771929825,85.18181818181819,36.04545454545455,majority_vote,89,ATTACK,165,"(24, 17)",False,0,False,1890
24,0.24799999999999756,False,0.24799999999999756,0.00044652713280335566,0.00044652713280335566,1798,45,1798.0,88,6,21,"(2, 41)",0,0.008771929824561403,88.76190476190476,40.476190476190474,majority_vote,88,ATTACK,214,"(17, 40)",False,1,False,1890
82,0.0,True,0.0,0.5090395985084498,0.6826013190041328,1828,15,1828.0,98,7,20,"(24, 45)",0,0.015789473684210527,91.2,47.05,majority_vote,98,ATTACK,176,"(17, 11)",False,2,False,1890
0,0.0,True,0.0,0.9,0.9,1828,14,1828.0,89,10,22,"(13, 50)",0,0.012280701754385965,85.18181818181819,36.04545454545455,majority_vote,89,ATTACK,165,"(19, 17)",False,0,False,1895
19,0.0,False,0.0,0.0001375453114566281,0.0001375453114566281,1803,45,1803.0,88,6,21,"(2, 41)",0,0.008771929824561403,88.76190476190476,40.476190476190474,majority_vote,88,ATTACK,216,"(13, 41)",False,1,False,1895
82,0.0,True,0.0,0.5279227224675844,0.710226341306807,1833,15,1833.0,98,7,20,"(24, 45)",0,0.016666666666666666,91.2,47.05,majority_vote,98,ATTACK,176,"(17, 16)",False,2,False,1895
0,0.0,True,0.0,0.9,0.9,1832,14,1832.0,90,11,22,"(13, 50)",0,0.012280701754385965,85.18181818181819,36.04545454545455,majority_vote,90,ATTACK,166,"(17, 19)",False,0,False,1900
16,0.0,False,0.0,0.011575168367521801,0.09389665608765581,1808,45,1808.0,88,6,21,"(2, 41)",0,0.008771929824561403,88.76190476190476,40.476190476190474,majority_vote,88,ATTACK,217,"(8, 41)",False,1,False,1900
82,0.0,True,0.0,0.5689106935988331,0.7675380729429305,1838,15,1838.0,99,7,20,"(24, 45)",0,0.014035087719298246,91.2,47.05,majority_vote,99,ATTACK,177,"(17, 21)",False,2,False,1900
0,0.0,True,0.0,0.9,0.9,1837,14,1837.0,90,11,22,"(13, 50)",0,0.012280701754385965,85.18181818181819,36.04545454545455,majority_vote,90,ATTACK,166,"(17, 24)",False,0,False,1905
16,0.0,False,0.0,0.04684414362992712,0.20912737843277188,1813,45,1813.0,88,6,21,"(2, 41)",0,0.008771929824561403,88.76190476190476,40.476190476190474,majority_vote,88,ATTACK,217,"(3, 41)",False,1,False,1905
82,0.0,True,0.0,0.6221438318763417,0.8242499392729337,1843,15,1843.0,99,7,20,"(24, 45)",0,0.014912280701754385,91.2,47.05,majority_vote,99,ATTACK,177,"(19, 24)",False,2,False,1905
0,0.0,True,0.0,0.9,0.9,1842,14,1842.0,90,11,22,"(13, 50)",0,0.012280701754385965,85.18181818181819,36.04545454545455,majority_vote,90,ATTACK,166,"(13, 25)",False,0,False,1910
16,0.0,False,0.0,0.0660329504422711,0.2598207778547624,1817,45,1817.0,89,6,21,"(25, 2)",0,0.008771929824561403,88.76190476190476,40.476190476190474,majority_vote,89,ATTACK,218,"(5, 41)",False,1,False,1910
67,0.0,True,0.0,0.656254437472819,0.6823649025454755,1848,15,1848.0,99,7,20,"(24, 45)",0,0.011403508771929825,91.2,47.05,majority_vote,99,ATTACK,177,"(22, 26)",False,2,False,1910
0,0.0,True,0.0,0.9,0.9,1847,14,1847.0,90,11,22,"(13, 50)",0,0.010526315789473684,85.18181818181819,36.04545454545455,majority_vote,90,ATTACK,166,"(13, 30)",False,0,False,1915
16,0.0,False,0.0,0.0660329504422711,0.2598207778547624,1822,45,1822.0,89,6,21,"(25, 2)",0,0.007894736842105263,88.76190476190476,40.476190476190474,majority_vote,89,ATTACK,219,"(10, 41)",False,1,False,1915
61,0.0,False,0.0,0.43289005909586675,0.44850294084066755,1853,15,1853.0,99,7,20,"(24, 45)",0,0.009649122807017544,91.2,47.05,majority_vote,99,ATTACK,178,"(22, 31)",False,2,False,1915
0,0.0,True,0.0,0.9,0.9,1852,14,1852.0,90,11,22,"(13, 50)",0,0.010526315789473684,85.18181818181819,36.04545454545455,majority_vote,90,ATTACK,166,"(13, 35)",False,0,False,1920
15,0.0,False,0.0,0.08870585720297634,0.311959166639462,1827,45,1827.0,89,6,21,"(25, 2)",0,0.007894736842105263,88.76190476190476,40.476190476190474,majority_vote,89,ATTACK,219,"(15, 41)",False,1,False,1920
57,0.0,True,0.0,0.447936720021169,0.5289454302435949,1858,15,1858.0,99,7,20,"(24, 45)",0,0.007017543859649123,91.2,47.05,majority_vote,99,ATTACK,178,"(22, 36)",False,2,False,1920
0,0.0,True,0.0,0.9,0.9,1857,14,1857.0,90,11,22,"(13, 50)",0,0.009649122807017544,85.18181818181819,36.04545454545455,majority_vote,90,ATTACK,167,"(13, 40)",False,0,False,1925
20,0.0,False,0.0,0.12748910897043192,0.3839503422522425,1832,45,1832.0,90,6,21,"(25, 2)",0,0.0061403508771929825,88.76190476190476,40.476190476190474,majority_vote,90,ATTACK,220,"(17, 38)",False,1,False,1925
57,0.0,True,0.0,0.46369117472775223,0.5715028876536022,1863,15,1863.0,99,7,20,"(24, 45)",0,0.0061403508771929825,91.2,47.05,majority_vote,99,ATTACK,179,"(25, 38)",False,2,False,1925
0,0.0,True,0.0,0.9,0.9,1862,14,1862.0,90,11,22,"(13, 50)",0,0.009649122807017544,85.18181818181819,36.04545454545455,majority_vote,90,ATTACK,167,"(13, 45)",False,0,False,1930
17,0.0,False,0.0,0.18566623169463028,0.4681558239630684,1837,45,1837.0,90,6,21,"(25, 2)",0,0.0043859649122807015,88.76190476190476,40.476190476190474,majority_vote,90,ATTACK,220,"(20, 36)",False,1,False,1930
54,0.0,True,0.0,0.46369117472775223,0.5715028876536022,1868,15,1868.0,99,7,20,"(24, 45)",0,0.0061403508771929825,91.2,47.05,majority_vote,99,ATTACK,179,"(25, 43)",False,2,False,1930
0,0.0,True,0.0,0.9,0.9,1867,14,1867.0,90,11,22,"(13, 50)",0,0.007894736842105263,85.18181818181819,36.04545454545455,majority_vote,90,ATTACK,167,"(13, 50)",False,0,False,1935
17,0.0,False,0.0,0.18566623169463028,0.4681558239630684,1842,45,1842.0,90,6,21,"(25, 2)",0,0.0043859649122807015,88.76190476190476,40.476190476190474,majority_vote,90,ATTACK,220,"(23, 34)",False,1,False,1935
54,0.0,True,0.0,0.46369117472775223,0.5715028876536022,1872,15,1872.0,100,7,21,"(2, 41)",0,0.0061403508771929825,92.0952380952381,47.42857142857143,majority_vote,100,ATTACK,180,"(25, 45)",False,2,False,1935
0,0.0,True,0.0,0.9,0.9,1871,14,1871.0,91,11,22,"(33, 50)",0,0.007017543859649123,85.18181818181819,36.04545454545455,majority_vote,91,ATTACK,168,"(17, 50)",False,0,False,1940
17,0.0,True,0.0,0.23004477772478749,0.5106990368374973,1847,45,1847.0,90,6,21,"(25, 2)",0,0.0043859649122807015,88.76190476190476,40.476190476190474,majority_vote,90,ATTACK,220,"(24, 30)",False,1,False,1940
48,0.0,True,0.0,0.46369117472775223,0.5715028876536022,1877,15,1877.0,100,7,21,"(2, 41)",0,0.0061403508771929825,92.0952380952381,47.42857142857143,majority_vote,100,ATTACK,180,"(25, 40)",False,2,False,1940
0,0.0,True,0.0,0.9,0.9,1876,14,1876.0,91,11,22,"(33, 50)",0,0.007017543859649123,85.18181818181819,36.04545454545455,majority_vote,91,ATTACK,168,"(21, 49)",False,0,False,1945
17,0.0,True,0.0,0.25931199547903294,0.5369439657758911,1852,45,1852.0,90,6,21,"(25, 2)",0,0.0043859649122807015,88.76190476190476,40.476190476190474,majority_vote,90,ATTACK,220,"(25, 26)",False,1,False,1945
42,0.0,True,0.0,0.47608730520359244,0.5972717280588369,1882,15,1882.0,100,7,21,"(2, 41)",0,0.0061403508771929825,92.0952380952381,47.42857142857143,majority_vote,100,ATTACK,180,"(20, 40)",False,2,False,1945
0,0.0,True,0.0,0.9,0.9,1881,14,1881.0,91,11,22,"(33, 50)",0,0.058771929824561406,85.18181818181819,36.04545454545455,majority_vote,91,ATTACK,169,"(25, 50)",False,0,False,1950
17,0.0,True,0.0,0.3162417394002105,0.5840825277934637,1857,45,1857.0,90,6,21,"(25, 2)",0,0.06491228070175438,88.76190476190476,40.476190476190474,majority_vote,90,ATTACK,221,"(25, 21)",False,1,False,1950
42,0.0,True,0.0,0.5045905480210947,0.6472547849126675,1887,15,1887.0,100,7,21,"(2, 41)",0,0.05263157894736842,92.0952380952381,47.42857142857143,majority_vote,100,ATTACK,181,"(16, 41)",False,2,False,1950
0,0.0,True,0.0,0.9,0.9,1886,14,1886.0,91,11,22,"(33, 50)",0,0.05789473684210526,85.18181818181819,36.04545454545455,majority_vote,91,ATTACK,169,"(30, 50)",False,0,False,1955
17,0.0,True,0.0,0.3162417394002105,0.5840825277934637,1862,45,1862.0,90,6,21,"(25, 2)",0,0.06403508771929825,88.76190476190476,40.476190476190474,majority_vote,90,ATTACK,221,"(25, 16)",False,1,False,1955
42,0.0,True,0.0,0.5045905480210947,0.6472547849126675,1892,15,1892.0,100,7,21,"(2, 41)",0,0.05263157894736842,92.0952380952381,47.42857142857143,majority_vote,100,ATTACK,181,"(11, 41)",False,2,False,1955
0,0.0,True,0.0,0.9,0.9,1890,14,1890.0,92,11,23,"(2, 50)",0,0.0592396109637489,85.17391304347827,35.47826086956522,majority_vote,92,ATTACK,170,"(32, 50)",False,0,False,1960
21,0.0,True,0.0,0.3162417394002105,0.5840825277934637,1867,45,1867.0,90,6,21,"(25, 2)",0,0.0592396109637489,88.76190476190476,40.476190476190474,majority_vote,90,ATTACK,221,"(25, 11)",False,1,False,1960
44,0.0,True,0.0,0.5045905480210947,0.6472547849126675,1897,15,1897.0,100,7,21,"(2, 41)",0,0.046861184792219276,92.0952380952381,47.42857142857143,majority_vote,100,ATTACK,181,"(6, 41)",False,2,False,1960
0,0.0,True,0.0,0.9,0.9,1895,14,1895.0,92,11,23,"(2, 50)",0,0.058355437665782495,85.17391304347827,35.47826086956522,majority_vote,92,ATTACK,170,"(28, 49)",False,0,False,1965
21,0.0,True,0.0,0.3162417394002105,0.5840825277934637,1872,45,1872.0,90,6,21,"(25, 2)",0,0.0592396109637489,88.76190476190476,40.476190476190474,majority_vote,90,ATTACK,221,"(25, 6)",False,1,False,1965
44,0.0,True,0.0,0.5045905480210947,0.6472547849126675,1901,15,1901.0,101,7,21,"(25, 2)",0,0.046861184792219276,92.0952380952381,47.42857142857143,majority_vote,101,ATTACK,182,"(2, 41)",False,2,False,1965
0,0.0,True,0.0,0.9,0.9,1900,14,1900.0,92,11,23,"(2, 50)",0,0.05747126436781609,85.17391304347827,35.47826086956522,majority_vote,92,ATTACK,170,"(23, 49)",False,0,False,1970
21,0.0,True,0.0,0.3162417394002105,0.5840825277934637,1876,45,1876.0,91,6,22,"(2, 20)",0,0.0592396109637489,89.54545454545455,41.5,majority_vote,91,ATTACK,222,"(25, 2)",False,1,False,1970
44,0.0,True,0.0,0.5045905480210947,0.6472547849126675,1906,15,1906.0,101,7,21,"(25, 2)",0,0.046861184792219276,92.0952380952381,47.42857142857143,majority_vote,101,ATTACK,182,"(7, 41)",False,2,False,1970
0,0.0,True,0.0,0.9,0.9,1905,14,1905.0,92,11,23,"(2, 50)",0,0.05658709106984969,85.17391304347827,35.47826086956522,majority_vote,92,ATTACK,171,"(18, 49)",False,0,False,1975
21,0.0,True,0.0,0.3162417394002105,0.5840825277934637,1881,45,1881.0,91,6,22,"(2, 20)",0,0.0592396109637489,89.54545454545455,41.5,majority_vote,91,ATTACK,223,"(25, 7)",False,1,False,1975
44,0.0,True,0.0,0.5045905480210947,0.6472547849126675,1911,15,1911.0,102,7,21,"(25, 2)",0,0.046861184792219276,92.0952380952381,47.42857142857143,majority_vote,102,ATTACK,183,"(12, 41)",False,2,False,1975
0,0.0,True,0.0,0.9,0.9,1910,14,1910.0,92,11,23,"(2, 50)",0,0.05658709106984969,85.17391304347827,35.47826086956522,majority_vote,92,ATTACK,171,"(15, 47)",False,0,False,1980
21,0.0,True,0.0,0.3162417394002105,0.5840825277934637,1886,45,1886.0,91,6,22,"(2, 20)",0,0.0592396109637489,89.54545454545455,41.5,majority_vote,91,ATTACK,223,"(25, 12)",False,1,False,1980
44,0.0,True,0.0,0.5045905480210947,0.6472547849126675,1916,15,1916.0,102,7,21,"(25, 2)",0,0.046861184792219276,92.0952380952381,47.42857142857143,majority_vote,102,ATTACK,183,"(14, 38)",False,2,False,1980
0,0.0,True,0.0,0.9,0.9,1915,14,1915.0,94,11,23,"(2, 50)",0,0.053934571175950484,85.17391304347827,35.47826086956522,majority_vote,94,ATTACK,173,"(11, 46)",False,0,False,1985
20,0.0,True,0.0,0.3162417394002105,0.5840825277934637,1891,45,1891.0,91,6,22,"(2, 20)",0,0.058355437665782495,89.54545454545455,41.5,majority_vote,91,ATTACK,223,"(24, 16)",False,1,False,1985
44,0.0,True,0.0,0.5366487585302726,0.6942578642563665,1921,15,1921.0,102,7,21,"(25, 2)",0,0.04509283819628647,92.0952380952381,47.42857142857143,majority_vote,102,ATTACK,183,"(18, 37)",False,2,False,1985
0,0.0,True,0.0,0.9,0.9,1920,14,1920.0,94,11,23,"(2, 50)",0,0.052770448548812667,85.17391304347827,35.47826086956522,majority_vote,94,ATTACK,173,"(8, 44)",False,0,False,1990
19,0.0,True,0.0,0.3162417394002105,0.5840825277934637,1896,45,1896.0,91,6,22,"(2, 20)",0,0.05716798592788039,89.54545454545455,41.5,majority_vote,91,ATTACK,223,"(20, 17)",False,1,False,1990
44,0.0,True,0.0,0.5366487585302726,0.6942578642563665,1926,15,1926.0,102,7,21,"(25, 2)",0,0.04397537379067722,92.0952380952381,47.42857142857143,majority_vote,102,ATTACK,183,"(18, 32)",False,2,False,1990
0,0.0,True,0.0,0.9,0.9,1925,14,1925.0,94,11,23,"(2, 50)",0,0.05263157894736842,85.17391304347827,35.47826086956522,majority_vote,94,ATTACK,173,"(4, 45)",False,0,False,1995
47,38.0,True,38.0,0.3162417394002105,0.5840825277934637,1901,45,1901.0,92,6,22,"(2, 20)",47,0.0780701754385965,89.54545454545455,41.5,majority_vote,92,ATTACK,224,"(16, 18)",True,1,True,1995
72,0.0,True,0.0,0.5366487585302726,0.6942578642563665,1931,15,1931.0,102,7,21,"(25, 2)",0,0.06666666666666667,92.0952380952381,47.42857142857143,majority_vote,102,ATTACK,183,"(18, 27)",False,2,False,1995
0,0.0,True,0.0,0.9,0.9,1930,14,1930.0,94,11,23,"(2, 50)",0,0.05175438596491228,85.17391304347827,35.47826086956522,majority_vote,94,RECOVERY,174,"(3, 49)",False,0,False,2000
47,27.192,True,27.192,0.3162417394002105,0.5840825277934637,1906,45,1906.0,92,6,22,"(2, 20)",47,0.07543859649122807,89.54545454545455,41.5,majority_vote,92,RECOVERY,225,"(16, 23)",True,1,True,2000
72,0.0,True,0.0,0.5366487585302726,0.6942578642563665,1936,15,1936.0,103,7,21,"(25, 2)",0,0.06315789473684211,92.0952380952381,47.42857142857143,majority_vote,103,RECOVERY,184,"(18, 22)",False,2,False,2000
0,0.0,True,0.0,0.9,0.9,1934,14,1934.0,95,11,23,"(2, 41)",0,0.05087719298245614,85.17391304347827,35.47826086956522,majority_vote,95,RECOVERY,175,"(3, 49)",False,0,False,2005
41,22.653033043632448,False,22.653033043632448,0.32382738416002343,0.34461827992008226,1911,45,1911.0,92,6,22,"(2, 20)",41,0.07017543859649122,89.54545454545455,41.5,majority_vote,92,RECOVERY,226,"(12, 24)",True,1,True,2005
72,0.0,True,0.0,0.5366487585302726,0.6942578642563665,1941,15,1941.0,103,7,21,"(25, 2)",0,0.05789473684210526,92.0952380952381,47.42857142857143,majority_vote,103,RECOVERY,184,"(18, 17)",False,2,False,2005
0,0.0,True,0.0,0.9,0.9,1939,14,1939.0,95,11,23,"(2, 41)",0,0.04736842105263158,85.17391304347827,35.47826086956522,majority_vote,95,RECOVERY,175,"(3, 44)",False,0,False,2010
36,24.656062080217616,False,24.656062080217616,0.15822857325137035,0.15822857325137035,1916,45,1916.0,93,6,22,"(2, 20)",36,0.06315789473684211,89.54545454545455,41.5,majority_vote,93,RECOVERY,227,"(10, 27)",True,1,True,2010
72,0.0,True,0.0,0.5366487585302726,0.6942578642563665,1946,15,1946.0,103,7,21,"(25, 2)",0,0.058771929824561406,92.0952380952381,47.42857142857143,majority_vote,103,RECOVERY,184,"(18, 12)",False,2,False,2010
0,0.0,True,0.0,0.9,0.9,1943,14,1943.0,96,11,24,"(3, 8)",0,0.0456140350877193,83.95833333333333,34.5,majority_vote,96,RECOVERY,176,"(2, 41)",False,0,False,2015
35,18.0,False,18.0,0.11978648602928536,0.11978648602928536,1921,45,1921.0,93,6,22,"(2, 20)",35,0.058771929824561406,89.54545454545455,41.5,majority_vote,93,RECOVERY,227,"(8, 30)",True,1,True,2015
72,0.0,True,0.0,0.5366487585302726,0.6942578642563665,1951,15,1951.0,103,7,21,"(25, 2)",0,0.05701754385964912,92.0952380952381,47.42857142857143,majority_vote,103,RECOVERY,184,"(20, 9)",False,2,False,2015
0,0.0,True,0.0,0.9,0.9,1948,14,1948.0,96,11,24,"(3, 8)",0,0.04473684210526316,83.95833333333333,34.5,majority_vote,96,RECOVERY,176,"(7, 41)",False,0,False,2020
34,0.0,False,0.0,0.09417176574629353,0.09417176574629353,1926,45,1926.0,93,6,22,"(2, 20)",0,0.05701754385964912,89.54545454545455,41.5,majority_vote,93,RECOVERY,227,"(5, 28)",False,1,False,2020
70,0.0,True,0.0,0.5366487585302726,0.6942578642563665,1956,15,1956.0,103,7,21,"(25, 2)",0,0.056140350877192984,92.0952380952381,47.42857142857143,majority_vote,103,RECOVERY,184,"(25, 9)",False,2,False,2020
0,0.0,True,0.0,0.9,0.9,1953,14,1953.0,97,11,24,"(3, 8)",0,0.03859649122807018,83.95833333333333,34.5,majority_vote,97,RECOVERY,177,"(12, 41)",False,0,False,2025
28,0.0,False,0.0,0.0452978884779355,0.0452978884779355,1931,45,1931.0,94,6,22,"(2, 20)",0,0.04912280701754386,89.54545454545455,41.5,majority_vote,94,RECOVERY,228,"(3, 25)",False,1,False,2025
70,0.0,True,0.0,0.5366487585302726,0.6942578642563665,1961,15,1961.0,103,7,21,"(25, 2)",0,0.05087719298245614,92.0952380952381,47.42857142857143,majority_vote,103,RECOVERY,185,"(25, 4)",False,2,False,2025
0,0.0,True,0.0,0.9,0.9,1958,14,1958.0,99,11,24,"(3, 8)",0,0.03070175438596491,83.95833333333333,34.5,majority_vote,99,RECOVERY,179,"(12, 36)",False,0,False,2030
16,0.0,False,0.0,0.013756019458858891,0.013756019458858891,1936,45,1936.0,94,6,22,"(2, 20)",0,0.035964912280701755,89.54545454545455,41.5,majority_vote,94,RECOVERY,228,"(2, 21)",False,1,False,2030
70,0.0,True,0.0,0.5366487585302726,0.6942578642563665,1964,15,1964.0,104,7,22,"(33, 50)",0,0.039473684210526314,92.18181818181819,48.13636363636363,majority_vote,104,RECOVERY,187,"(25, 3)",False,2,False,2030
0,0.0,True,0.0,0.9,0.9,1963,14,1963.0,99,11,24,"(3, 8)",0,0.02894736842105263,83.95833333333333,34.5,majority_vote,99,RECOVERY,179,"(14, 33)",False,0,False,2035
15,0.0,False,0.0,0.013756019458858891,0.013756019458858891,1940,45,1940.0,95,6,22,"(2, 41)",0,0.034210526315789476,89.54545454545455,41.5,majority_vote,95,RECOVERY,229,"(2, 23)",False,1,False,2035
69,0.0,True,0.0,0.5366487585302726,0.6942578642563665,1969,15,1969.0,104,7,22,"(33, 50)",0,0.03859649122807018,92.18181818181819,48.13636363636363,majority_vote,104,RECOVERY,187,"(25, 8)",False,2,False,2035
0,0.0,True,0.0,0.9,0.9,1968,14,1968.0,99,11,24,"(3, 8)",0,0.027192982456140352,83.95833333333333,34.5,majority_vote,99,RECOVERY,179,"(14, 28)",False,0,False,2040
1,0.0,False,0.0,0.013756019458858891,0.013756019458858891,1945,45,1945.0,95,6,22,"(2, 41)",0,0.03333333333333333,89.54545454545455,41.5,majority_vote,95,RECOVERY,229,"(3, 27)",False,1,False,2040
56,0.0,True,0.0,0.5366487585302726,0.6942578642563665,1974,15,1974.0,104,7,22,"(33, 50)",0,0.03684210526315789,92.18181818181819,48.13636363636363,majority_vote,104,RECOVERY,187,"(25, 13)",False,2,False,2040
0,0.0,True,0.0,0.9,0.9,1973,14,1973.0,99,11,24,"(3, 8)",0,0.028070175438596492,83.95833333333333,34.5,majority_vote,99,RECOVERY,179,"(14, 23)",False,0,False,2045
1,0.0,False,0.0,0.015047769535621805,0.03959102099411714,1950,45,1950.0,95,6,22,"(2, 41)",0,0.03245614035087719,89.54545454545455,41.5,majority_vote,95,RECOVERY,229,"(3, 32)",False,1,False,2045
51,0.0,True,0.0,0.5366487585302726,0.6942578642563665,1979,15,1979.0,104,7,22,"(33, 50)",0,0.034210526315789476,92.18181818181819,48.13636363636363,majority_vote,104,RECOVERY,187,"(25, 18)",False,2,False,2045
0,0.0,True,0.0,0.9,0.9,1978,14,1978.0,100,11,24,"(3, 8)",0,0.028070175438596492,83.95833333333333,34.5,majority_vote,100,RECOVERY,180,"(14, 18)",False,0,False,2050
1,0.0,False,0.0,0.04164771201341888,0.1908449215825643,1955,45,1955.0,95,6,22,"(2, 41)",0,0.03245614035087719,89.54545454545455,41.5,majority_vote,95,RECOVERY,230,"(3, 37)",False,1,False,2050
33,0.0,True,0.0,0.5366487585302726,0.6942578642563665,1984,15,1984.0,105,7,22,"(33, 50)",0,0.034210526315789476,92.18181818181819,48.13636363636363,majority_vote,105,RECOVERY,188,"(25, 23)",False,2,False,2050
0,0.0,True,0.0,0.9,0.9,1983,14,1983.0,100,11,24,"(3, 8)",0,0.02631578947368421,83.95833333333333,34.5,majority_vote,100,RECOVERY,180,"(13, 14)",False,0,False,2055
1,0.0,False,0.0,0.09517396169860332,0.3273749603178325,1960,45,1960.0,95,6,22,"(2, 41)",0,0.03070175438596491,89.54545454545455,41.5,majority_vote,95,RECOVERY,230,"(2, 41)",False,1,False,2055
28,0.0,True,0.0,0.5449571577079758,0.7028167420843375,1989,15,1989.0,105,7,22,"(33, 50)",0,0.03245614035087719,92.18181818181819,48.13636363636363,majority_vote,105,RECOVERY,188,"(23, 26)",False,2,False,2055
0,0.0,True,0.0,0.9,0.9,1988,14,1988.0,100,11,24,"(3, 8)",0,0.019400352733686066,83.95833333333333,34.5,majority_vote,100,RECOVERY,180,"(13, 9)",False,0,False,2060
1,0.0,False,0.0,0.12302509870866334,0.39198266939619136,1964,45,1964.0,96,6,23,"(15, 2)",0,0.029023746701846966,89.3913043478261,40.73913043478261,majority_vote,96,RECOVERY,231,"(4, 39)",False,1,False,2060
28,0.0,True,0.0,0.586353601502405,0.7420825820617246,1994,15,1994.0,105,7,22,"(33, 50)",0,0.02640845070422535,92.18181818181819,48.13636363636363,majority_vote,105,RECOVERY,188,"(23, 31)",False,2,False,2060
0,0.0,True,0.0,0.9,0.9,1993,14,1993.0,100,11,24,"(3, 8)",0,0.012291483757682178,83.95833333333333,34.5,majority_vote,100,RECOVERY,180,"(9, 8)",False,0,False,2065
1,0.0,False,0.0,0.1522872931838852,0.43372410823550417,1969,45,1969.0,96,6,23,"(15, 2)",0,0.020140105078809107,89.3913043478261,40.73913043478261,majority_vote,96,RECOVERY,231,"(5, 35)",False,1,False,2065
28,0.0,True,0.0,0.6264928553739798,0.7765341683669883,1999,15,1999.0,105,7,22,"(33, 50)",0,0.019281332164767746,92.18181818181819,48.13636363636363,majority_vote,105,RECOVERY,188,"(23, 36)",False,2,False,2065
0,0.0,True,0.0,0.9,0.9,1998,14,1998.0,100,11,24,"(3, 8)",0,0.012259194395796848,83.95833333333333,34.5,majority_vote,100,RECOVERY,180,"(4, 8)",False,0,False,2070
1,0.0,False,0.0,0.16729000236993366,0.4523414769048542,1974,45,1974.0,96,6,23,"(15, 2)",0,0.016593886462882096,89.3913043478261,40.73913043478261,majority_vote,96,RECOVERY,231,"(5, 30)",False,1,False,2070
28,0.0,True,0.0,0.6264928553739798,0.7765341683669883,2004,15,2004.0,105,7,22,"(33, 50)",0,0.019230769230769232,92.18181818181819,48.13636363636363,majority_vote,105,RECOVERY,188,"(25, 39)",False,2,False,2070
0,0.0,True,0.0,0.9,0.9,2002,14,2002.0,101,11,24,"(33, 8)",0,0.013134851138353765,83.95833333333333,34.5,majority_vote,101,RECOVERY,182,"(6, 8)",False,0,False,2075
1,0.0,False,0.0,0.21248777266388058,0.49848493311230674,1979,45,1979.0,97,6,23,"(15, 2)",0,0.014847161572052401,89.3913043478261,40.73913043478261,majority_vote,97,RECOVERY,232,"(7, 27)",False,1,False,2075
28,0.0,True,0.0,0.6637881775547745,0.8007503958991901,2009,15,2009.0,106,7,22,"(33, 50)",0,0.018356643356643356,92.18181818181819,48.13636363636363,majority_vote,106,RECOVERY,189,"(26, 43)",False,2,False,2075
0,0.0,True,0.0,0.9,0.9,2007,14,2007.0,101,11,24,"(33, 8)",0,0.012216404886561954,83.95833333333333,34.5,majority_vote,101,RECOVERY,182,"(11, 8)",False,0,False,2080
0,0.0,True,0.0,0.2848139965313658,0.5450430740663824,1984,45,1984.0,97,6,23,"(15, 2)",0,0.011343804537521814,89.3913043478261,40.73913043478261,majority_vote,97,RECOVERY,232,"(9, 24)",False,1,False,2080
23,0.0,True,0.0,0.6979797613278579,0.8227376098079019,2014,15,2014.0,106,7,22,"(33, 50)",0,0.013961605584642234,92.18181818181819,48.13636363636363,majority_vote,106,RECOVERY,189,"(29, 45)",False,2,False,2080
0,0.0,True,0.0,0.9,0.9,2012,14,2012.0,101,11,24,"(33, 8)",0,0.010471204188481676,83.95833333333333,34.5,majority_vote,101,RECOVERY,182,"(15, 9)",False,0,False,2085
0,0.0,True,0.0,0.3538101004264343,0.6147009694176969,1989,45,1989.0,97,6,23,"(15, 2)",0,0.006980802792321117,89.3913043478261,40.73913043478261,majority_vote,97,RECOVERY,232,"(13, 23)",False,1,False,2085
23,0.0,True,0.0,0.7288592112306124,0.8415774708705747,2019,15,2019.0,106,7,22,"(33, 50)",0,0.012216404886561954,92.18181818181819,48.13636363636363,majority_vote,106,RECOVERY,189,"(30, 49)",False,2,False,2085
0,0.0,True,0.0,0.9,0.9,2017,14,2017.0,101,11,24,"(33, 8)",0,0.011343804537521814,83.95833333333333,34.5,majority_vote,101,RECOVERY,182,"(20, 9)",False,0,False,2090
0,0.0,True,0.0,0.42023583509003715,0.6673387572081787,1994,45,1994.0,97,6,23,"(15, 2)",0,0.006980802792321117,89.3913043478261,40.73913043478261,majority_vote,97,RECOVERY,232,"(14, 19)",False,1,False,2090
23,0.0,True,0.0,0.7460242700381113,0.8544485308605307,2023,15,2023.0,107,7,23,"(33, 8)",0,0.012216404886561954,90.8695652173913,48.69565217391305,majority_vote,107,RECOVERY,190,"(33, 50)",False,2,False,2090
0,0.0,True,0.0,0.9,0.9,2022,14,2022.0,101,11,24,"(33, 8)",0,0.011343804537521814,83.95833333333333,34.5,majority_vote,101,RECOVERY,182,"(25, 9)",False,0,False,2095
0,0.0,True,0.0,0.4835550298127621,0.7192989703736953,1999,45,1999.0,97,6,23,"(15, 2)",0,0.006980802792321117,89.3913043478261,40.73913043478261,majority_vote,97,RECOVERY,232,"(15, 15)",False,1,False,2095
23,0.0,True,0.0,0.7460242700381113,0.8544485308605307,2028,15,2028.0,107,7,23,"(33, 8)",0,0.012216404886561954,90.8695652173913,48.69565217391305,majority_vote,107,RECOVERY,190,"(32, 46)",False,2,False,2095
0,0.0,True,0.0,0.9,0.9,2027,14,2027.0,101,11,24,"(33, 8)",0,0.05235602094240838,83.95833333333333,34.5,majority_vote,101,RECOVERY,183,"(29, 8)",False,0,False,2100
0,0.0,True,0.0,0.5318550656582155,0.7566081460918617,2004,45,2004.0,97,6,23,"(15, 2)",0,0.05148342059336824,89.3913043478261,40.73913043478261,majority_vote,97,RECOVERY,233,"(15, 10)",False,1,False,2100
23,0.0,True,0.0,0.7460242700381113,0.8544485308605307,2033,15,2033.0,107,7,23,"(33, 8)",0,0.04450261780104712,90.8695652173913,48.69565217391305,majority_vote,107,RECOVERY,191,"(29, 44)",False,2,False,2100
0,0.0,True,0.0,0.9,0.9,2031,14,2031.0,102,11,25,"(24, 45)",0,0.05235602094240838,84.2,34.44,majority_vote,102,RECOVERY,184,"(33, 8)",False,0,False,2105
0,0.0,True,0.0,0.5318550656582155,0.7566081460918617,2009,45,2009.0,97,6,23,"(15, 2)",0,0.049738219895287955,89.3913043478261,40.73913043478261,majority_vote,97,RECOVERY,233,"(15, 5)",False,1,False,2105
23,0.0,True,0.0,0.7460242700381113,0.8544485308605307,2038,15,2038.0,107,7,23,"(33, 8)",0,0.04363001745200698,90.8695652173913,48.69565217391305,majority_vote,107,RECOVERY,191,"(28, 40)",False,2,False,2105
0,0.0,True,0.0,0.9,0.9,2036,14,2036.0,102,11,25,"(24, 45)",0,0.05148342059336824,84.2,34.44,majority_vote,102,RECOVERY,184,"(29, 9)",False,0,False,2110
0,0.0,True,0.0,0.5318550656582155,0.7566081460918617,2013,45,2013.0,98,6,23,"(21, 17)",0,0.0462478184991274,89.3913043478261,40.73913043478261,majority_vote,98,RECOVERY,234,"(15, 3)",False,1,False,2110
23,0.0,True,0.0,0.7460242700381113,0.8544485308605307,2043,15,2043.0,107,7,23,"(33, 8)",0,0.04101221640488656,90.8695652173913,48.69565217391305,majority_vote,107,RECOVERY,191,"(28, 35)",False,2,False,2110
0,0.0,True,0.0,0.9,0.9,2041,14,2041.0,102,11,25,"(24, 45)",0,0.04886561954624782,84.2,34.44,majority_vote,102,RECOVERY,184,"(26, 11)",False,0,False,2115
0,0.0,True,0.0,0.5318550656582155,0.7566081460918617,2018,45,2018.0,98,6,23,"(21, 17)",0,0.04450261780104712,89.3913043478261,40.73913043478261,majority_vote,98,RECOVERY,234,"(16, 7)",False,1,False,2115
23,0.0,True,0.0,0.7460242700381113,0.8544485308605307,2048,15,2048.0,107,7,23,"(33, 8)",0,0.04101221640488656,90.8695652173913,48.69565217391305,majority_vote,107,RECOVERY,191,"(28, 30)",False,2,False,2115
0,0.0,True,0.0,0.9,0.9,2046,14,2046.0,102,11,25,"(24, 45)",0,0.04890829694323144,84.2,34.44,majority_vote,102,RECOVERY,184,"(25, 15)",False,0,False,2120
0,0.0,True,0.0,0.5318550656582155,0.7566081460918617,2023,45,2023.0,98,6,23,"(21, 17)",0,0.0445414847161572,89.3913043478261,40.73913043478261,majority_vote,98,RECOVERY,234,"(17, 11)",False,1,False,2120
23,0.0,True,0.0,0.7460242700381113,0.8544485308605307,2053,15,2053.0,107,7,23,"(33, 8)",0,0.04192139737991266,90.8695652173913,48.69565217391305,majority_vote,107,RECOVERY,191,"(28, 25)",False,2,False,2120
0,0.0,True,0.0,0.9,0.9,2051,14,2051.0,102,11,25,"(24, 45)",0,0.04890829694323144,84.2,34.44,majority_vote,102,RECOVERY,185,"(25, 20)",False,0,False,2125
0,0.0,True,0.0,0.5318550656582155,0.7566081460918617,2028,45,2028.0,98,6,23,"(21, 17)",0,0.0445414847161572,89.3913043478261,40.73913043478261,majority_vote,98,RECOVERY,235,"(17, 16)",False,1,False,2125
23,0.0,True,0.0,0.768489980287155,0.8754520058276122,2058,15,2058.0,107,7,23,"(33, 8)",0,0.04279475982532751,90.8695652173913,48.69565217391305,majority_vote,107,RECOVERY,192,"(28, 20)",False,2,False,2125
0,0.0,True,0.0,0.9,0.9,2056,14,2056.0,102,11,25,"(24, 45)",0,0.04890829694323144,84.2,34.44,majority_vote,102,RECOVERY,185,"(25, 25)",False,0,False,2130
0,0.0,True,0.0,0.588881234745757,0.7989179949685233,2033,45,2033.0,98,6,23,"(21, 17)",0,0.04192139737991266,89.3913043478261,40.73913043478261,majority_vote,98,RECOVERY,235,"(21, 17)",False,1,False,2130
23,0.0,True,0.0,0.796259317540162,0.8996369443749086,2063,15,2063.0,107,7,23,"(33, 8)",0,0.039301310043668124,90.8695652173913,48.69565217391305,majority_vote,107,RECOVERY,192,"(28, 15)",False,2,False,2130
0,0.0,True,0.0,0.9,0.9,2061,14,2061.0,102,11,25,"(24, 45)",0,0.04890829694323144,84.2,34.44,majority_vote,102,RECOVERY,185,"(25, 30)",False,0,False,2135
0,0.0,True,0.0,0.631704037543413,0.8300419158442102,2037,45,2037.0,99,6,24,"(33, 8)",0,0.04192139737991266,88.79166666666667,39.958333333333336,majority_vote,99,RECOVERY,236,"(25, 17)",False,1,False,2135
23,0.0,True,0.0,0.8218939780678483,0.9151415207488038,2068,15,2068.0,107,7,23,"(33, 8)",0,0.04017467248908297,90.8695652173913,48.69565217391305,majority_vote,107,RECOVERY,192,"(28, 10)",False,2,False,2135
0,0.0,True,0.0,0.9,0.9,2066,14,2066.0,102,11,25,"(24, 45)",0,0.048330404217926184,84.2,34.44,majority_vote,102,RECOVERY,185,"(25, 35)",False,0,False,2140
0,0.0,True,0.0,0.6804510735801643,0.8568615173187055,2042,45,2042.0,99,6,24,"(33, 8)",0,0.0421792618629174,88.79166666666667,39.958333333333336,majority_vote,99,RECOVERY,236,"(28, 15)",False,1,False,2140
23,0.0,True,0.0,0.844688441419487,0.9267238187923358,2073,15,2073.0,107,7,23,"(33, 8)",0,0.040421792618629174,90.8695652173913,48.69565217391305,majority_vote,107,RECOVERY,192,"(31, 8)",False,2,False,2140
0,0.0,True,0.0,0.9,0.9,2071,14,2071.0,102,11,25,"(24, 45)",0,0.04745166959578207,84.2,34.44,majority_vote,102,RECOVERY,185,"(25, 40)",False,0,False,2145
0,0.0,True,0.0,0.7234253889397301,0.8781166437310519,2047,45,2047.0,99,6,24,"(33, 8)",0,0.04305799648506151,88.79166666666667,39.958333333333336,majority_vote,99,RECOVERY,236,"(28, 10)",False,1,False,2145
23,0.0,True,0.0,0.8533499751418576,0.9356220797118974,2077,15,2077.0,108,7,23,"(33, 30)",0,0.040421792618629174,90.8695652173913,48.69565217391305,majority_vote,108,RECOVERY,193,"(33, 10)",False,2,False,2145
0,0.0,True,0.0,0.9,0.9,2076,14,2076.0,102,11,25,"(24, 45)",0,0.043936731107205626,84.2,34.44,majority_vote,102,RECOVERY,186,"(25, 45)",False,0,False,2150
0,0.0,True,0.0,0.7607773384129545,0.894184694204966,2052,45,2052.0,99,6,24,"(33, 8)",0,0.043936731107205626,88.79166666666667,39.958333333333336,majority_vote,99,RECOVERY,237,"(31, 8)",False,1,False,2150
23,0.0,True,0.0,0.8533499751418576,0.9356220797118974,2082,15,2082.0,108,7,23,"(33, 30)",0,0.040421792618629174,90.8695652173913,48.69565217391305,majority_vote,108,RECOVERY,194,"(30, 12)",False,2,False,2150
0,0.0,True,0.0,0.9,0.9,2080,14,2080.0,103,11,25,"(2, 20)",0,0.043936731107205626,84.2,34.44,majority_vote,103,RECOVERY,187,"(25, 43)",False,0,False,2155
0,0.0,True,0.0,0.7747084705341247,0.906587899448683,2056,45,2056.0,100,6,24,"(2, 20)",0,0.043936731107205626,88.79166666666667,39.958333333333336,majority_vote,100,RECOVERY,238,"(31, 8)",False,1,False,2155
23,0.0,True,0.0,0.8533499751418576,0.9356220797118974,2087,15,2087.0,108,7,23,"(33, 30)",0,0.040421792618629174,90.8695652173913,48.69565217391305,majority_vote,108,RECOVERY,194,"(29, 16)",False,2,False,2155
0,0.0,True,0.0,0.9,0.9,2085,14,2085.0,103,11,25,"(2, 20)",0,0.043936731107205626,84.2,34.44,majority_vote,103,RECOVERY,187,"(24, 39)",False,0,False,2160
0,0.0,True,0.0,0.7747084705341247,0.906587899448683,2061,45,2061.0,100,6,24,"(2, 20)",0,0.04305799648506151,88.79166666666667,39.958333333333336,majority_vote,100,RECOVERY,238,"(29, 11)",False,1,False,2160
23,0.0,True,0.0,0.8731938737275617,0.9443452185090989,2092,15,2092.0,108,7,23,"(33, 30)",0,0.040421792618629174,90.8695652173913,48.69565217391305,majority_vote,108,RECOVERY,194,"(29, 21)",False,2,False,2160
0,0.0,True,0.0,0.9,0.9,2090,14,2090.0,103,11,25,"(2, 20)",0,0.043936731107205626,84.2,34.44,majority_vote,103,RECOVERY,187,"(24, 34)",False,0,False,2165
0,0.0,True,0.0,0.7747084705341247,0.906587899448683,2066,45,2066.0,100,6,24,"(2, 20)",0,0.04305799648506151,88.79166666666667,39.958333333333336,majority_vote,100,RECOVERY,238,"(27, 14)",False,1,False,2165
23,0.0,True,0.0,0.8903982415826373,0.9521291980639549,2097,15,2097.0,108,7,23,"(33, 30)",0,0.040421792618629174,90.8695652173913,48.69565217391305,majority_vote,108,RECOVERY,194,"(29, 26)",False,2,False,2165
0,0.0,True,0.0,0.9,0.9,2095,14,2095.0,103,11,25,"(2, 20)",0,0.043936731107205626,84.2,34.44,majority_vote,103,RECOVERY,187,"(24, 29)",False,0,False,2170
0,0.0,True,0.0,0.7814538002082444,0.9096150640165174,2071,45,2071.0,100,6,24,"(2, 20)",0,0.0421792618629174,88.79166666666667,39.958333333333336,majority_vote,100,RECOVERY,238,"(25, 17)",False,1,False,2170
23,0.0,True,0.0,0.9054127083805701,0.9599564340939373,2102,15,2102.0,108,7,23,"(33, 30)",0,0.03954305799648506,90.8695652173913,48.69565217391305,majority_vote,108,RECOVERY,194,"(30, 30)",False,2,False,2170
0,0.0,True,0.0,0.9,0.9,2100,14,2100.0,103,11,25,"(2, 20)",0,0.04305799648506151,84.2,34.44,majority_vote,103,RECOVERY,188,"(23, 25)",False,0,False,2175
0,0.0,True,0.0,0.7814538002082444,0.9096150640165174,2076,45,2076.0,101,6,24,"(2, 20)",0,0.04130052724077329,88.79166666666667,39.958333333333336,majority_vote,101,RECOVERY,239,"(20, 17)",False,1,False,2175
23,0.0,True,0.0,0.9162576381561289,0.9657488384549361,2106,15,2106.0,109,7,24,"(2, 41)",0,0.03866432337434095,90.58333333333333,47.958333333333336,majority_vote,109,RECOVERY,196,"(32, 30)",False,2,False,2175
0,0.0,True,0.0,0.9,0.9,2105,14,2105.0,103,11,25,"(2, 20)",0,0.030973451327433628,84.2,34.44,majority_vote,103,RECOVERY,188,"(18, 25)",False,0,False,2180
0,0.0,True,0.0,0.7943651350067009,0.9152819628518022,2081,45,2081.0,101,6,24,"(2, 20)",0,0.034513274336283185,88.79166666666667,39.958333333333336,majority_vote,101,RECOVERY,239,"(16, 18)",False,1,False,2180
23,0.0,True,0.0,0.9259924155784046,0.9702666724976856,2111,15,2111.0,109,7,24,"(2, 41)",0,0.03185840707964602,90.58333333333333,47.958333333333336,majority_vote,109,RECOVERY,196,"(29, 32)",False,2,False,2180
0,0.0,True,0.0,0.9,0.9,2110,14,2110.0,103,11,25,"(2, 20)",0,0.030973451327433628,84.2,34.44,majority_vote,103,RECOVERY,188,"(15, 23)",False,0,False,2185
0,0.0,True,0.0,0.8238096375917486,0.9301880354542389,2086,45,2086.0,101,6,24,"(2, 20)",0,0.033628318584070796,88.79166666666667,39.958333333333336,majority_vote,101,RECOVERY,239,"(13, 20)",False,1,False,2185
23,0.0,True,0.0,0.9366342800217043,0.9747010934626715,2116,15,2116.0,109,7,24,"(2, 41)",0,0.03185840707964602,90.58333333333333,47.958333333333336,majority_vote,109,RECOVERY,196,"(27, 35)",False,2,False,2185
0,0.0,True,0.0,0.9,0.9,2115,14,2115.0,103,11,25,"(2, 20)",0,0.030973451327433628,84.2,34.44,majority_vote,103,RECOVERY,188,"(13, 20)",False,0,False,2190
0,0.0,True,0.0,0.8502076672062342,0.9464138848686902,2091,45,2091.0,101,6,24,"(2, 20)",0,0.03274336283185841,88.79166666666667,39.958333333333336,majority_vote,101,RECOVERY,239,"(8, 20)",False,1,False,2190
22,0.0,True,0.0,0.9457862997364973,0.9785606595401733,2121,15,2121.0,109,7,24,"(2, 41)",0,0.03185840707964602,90.58333333333333,47.958333333333336,majority_vote,109,RECOVERY,196,"(27, 40)",False,2,False,2190
0,0.0,True,0.0,0.9,0.9,2120,14,2120.0,103,11,25,"(2, 20)",0,0.030973451327433628,84.2,34.44,majority_vote,103,RECOVERY,188,"(8, 20)",False,0,False,2195
0,0.0,True,0.0,0.8737506375818677,0.9585519829295288,2096,45,2096.0,101,6,24,"(2, 20)",0,0.03008849557522124,88.79166666666667,39.958333333333336,majority_vote,101,RECOVERY,239,"(3, 20)",False,1,False,2195
6,0.0,True,0.0,0.9536699036378954,0.9817745567212716,2126,15,2126.0,109,7,24,"(2, 41)",0,0.03185840707964602,90.58333333333333,47.958333333333336,majority_vote,109,RECOVERY,196,"(22, 40)",False,2,False,2195
0,0.0,True,0.0,0.9,0.9,2125,14,2125.0,103,11,25,"(2, 20)",0,0.030973451327433628,84.2,34.44,majority_vote,103,RECOVERY,189,"(3, 20)",False,0,False,2200
0,0.0,True,0.0,0.8942643993245144,0.9678468104059211,2100,45,2100.0,102,6,25,"(24, 45)",0,0.03008849557522124,87.88,40.12,majority_vote,102,RECOVERY,241,"(4, 21)",False,1,False,2200
3,0.0,True,0.0,0.9591365778554092,0.9837768871472821,2131,15,2131.0,109,7,24,"(2, 41)",0,0.02920353982300885,90.58333333333333,47.958333333333336,majority_vote,109,RECOVERY,197,"(18, 41)",False,2,False,2200
0,0.0,True,0.0,0.9,0.9,2129,14,2129.0,104,11,26,"(15, 2)",0,0.02831858407079646,84.6923076923077,35.03846153846154,majority_vote,104,RECOVERY,190,"(5, 20)",False,0,False,2205
0,0.0,True,0.0,0.9119080475137628,0.9746237606941336,2105,45,2105.0,102,6,25,"(24, 45)",0,0.02654867256637168,87.88,40.12,majority_vote,102,RECOVERY,241,"(9, 21)",False,1,False,2205
3,0.0,True,0.0,0.9591365778554092,0.9837768871472821,2136,15,2136.0,109,7,24,"(2, 41)",0,0.02566371681415929,90.58333333333333,47.958333333333336,majority_vote,109,RECOVERY,197,"(13, 41)",False,2,False,2205
0,0.0,True,0.0,0.9,0.9,2134,14,2134.0,104,11,26,"(15, 2)",0,0.02654867256637168,84.6923076923077,35.03846153846154,majority_vote,104,RECOVERY,190,"(10, 20)",False,0,False,2210
0,0.0,True,0.0,0.9268721354795875,0.9798567371791577,2110,45,2110.0,102,6,25,"(24, 45)",0,0.02566371681415929,87.88,40.12,majority_vote,102,RECOVERY,241,"(14, 21)",False,1,False,2210
3,0.0,True,0.0,0.9591365778554092,0.9837768871472821,2141,15,2141.0,109,7,24,"(2, 41)",0,0.019469026548672566,90.58333333333333,47.958333333333336,majority_vote,109,RECOVERY,197,"(8, 41)",False,2,False,2210
0,0.0,True,0.0,0.9,0.9,2139,14,2139.0,104,11,26,"(15, 2)",0,0.02566371681415929,84.6923076923077,35.03846153846154,majority_vote,104,RECOVERY,190,"(14, 19)",False,0,False,2215
0,0.0,True,0.0,0.9394388815581144,0.98397204851639,2115,45,2115.0,102,6,25,"(24, 45)",0,0.024778761061946902,87.88,40.12,majority_vote,102,RECOVERY,241,"(17, 23)",False,1,False,2215
3,0.0,True,0.0,0.9591365778554092,0.9837768871472821,2146,15,2146.0,109,7,24,"(2, 41)",0,0.018584070796460177,90.58333333333333,47.958333333333336,majority_vote,109,RECOVERY,197,"(3, 41)",False,2,False,2215
0,0.0,True,0.0,0.9,0.9,2144,14,2144.0,104,11,26,"(15, 2)",0,0.022143489813994686,84.6923076923077,35.03846153846154,majority_vote,104,RECOVERY,190,"(15, 15)",False,0,False,2220
0,0.0,True,0.0,0.949907657031212,0.9865739673019501,2120,45,2120.0,102,6,25,"(24, 45)",0,0.023914968999114262,87.88,40.12,majority_vote,102,RECOVERY,241,"(19, 26)",False,1,False,2220
3,0.0,True,0.0,0.9591365778554092,0.9837768871472821,2150,15,2150.0,110,7,24,"(21, 17)",0,0.01948627103631532,90.58333333333333,47.958333333333336,majority_vote,110,RECOVERY,198,"(5, 41)",False,2,False,2220
0,0.0,True,0.0,0.9,0.9,2149,14,2149.0,104,11,26,"(15, 2)",0,0.022143489813994686,84.6923076923077,35.03846153846154,majority_vote,104,RECOVERY,191,"(15, 10)",False,0,False,2225
0,0.0,True,0.0,0.9584669354486618,0.9884249156039399,2125,45,2125.0,103,6,25,"(24, 45)",0,0.021257750221434897,87.88,40.12,majority_vote,103,RECOVERY,242,"(22, 28)",False,1,False,2225
3,0.0,True,0.0,0.9591365778554092,0.9837768871472821,2155,15,2155.0,111,7,24,"(21, 17)",0,0.01948627103631532,90.58333333333333,47.958333333333336,majority_vote,111,RECOVERY,199,"(10, 41)",False,2,False,2225
0,0.0,True,0.0,0.9,0.9,2154,14,2154.0,104,11,26,"(15, 2)",0,0.021257750221434897,84.6923076923077,35.03846153846154,majority_vote,104,RECOVERY,191,"(15, 5)",False,0,False,2230
0,0.0,True,0.0,0.9654619622978236,0.9899419177295589,2130,45,2130.0,103,6,25,"(24, 45)",0,0.021257750221434897,87.88,40.12,majority_vote,103,RECOVERY,242,"(24, 31)",False,1,False,2230
3,0.0,True,0.0,0.9591365778554092,0.9837768871472821,2160,15,2160.0,111,7,24,"(21, 17)",0,0.02037201062887511,90.58333333333333,47.958333333333336,majority_vote,111,RECOVERY,199,"(14, 40)",False,2,False,2230
0,0.0,True,0.0,0.9,0.9,2158,14,2158.0,105,11,26,"(21, 17)",0,0.01771479185119575,84.6923076923077,35.03846153846154,majority_vote,105,RECOVERY,192,"(15, 3)",False,0,False,2235
0,0.0,True,0.0,0.9711663005641168,0.9911232135887599,2135,45,2135.0,103,6,25,"(24, 45)",0,0.01948627103631532,87.88,40.12,majority_vote,103,RECOVERY,242,"(25, 35)",False,1,False,2235
3,0.0,True,0.0,0.9591365778554092,0.9837768871472821,2165,15,2165.0,111,7,24,"(21, 17)",0,0.018600531443755536,90.58333333333333,47.958333333333336,majority_vote,111,RECOVERY,199,"(19, 40)",False,2,False,2235
0,0.0,True,0.0,0.9,0.9,2163,14,2163.0,105,11,26,"(21, 17)",0,0.015957446808510637,84.6923076923077,35.03846153846154,majority_vote,105,RECOVERY,192,"(16, 7)",False,0,False,2240
0,0.0,True,0.0,0.9758313684222155,0.9921621393553189,2140,45,2140.0,103,6,25,"(24, 45)",0,0.018633540372670808,87.88,40.12,majority_vote,103,RECOVERY,242,"(25, 40)",False,1,False,2240
3,0.0,True,0.0,0.9638850524885748,0.985279897398943,2170,15,2170.0,111,7,24,"(21, 17)",0,0.019520851818988466,90.58333333333333,47.958333333333336,majority_vote,111,RECOVERY,199,"(19, 35)",False,2,False,2240
0,0.0,True,0.0,0.9,0.9,2168,14,2168.0,105,11,26,"(21, 17)",0,0.015070921985815602,84.6923076923077,35.03846153846154,majority_vote,105,RECOVERY,192,"(17, 11)",False,0,False,2245
0,0.0,True,0.0,0.9796788282745709,0.9932787962090966,2145,45,2145.0,103,6,25,"(24, 45)",0,0.018633540372670808,87.88,40.12,majority_vote,103,RECOVERY,242,"(25, 45)",False,1,False,2245
3,0.0,True,0.0,0.968978227741104,0.9870808983831786,2175,15,2175.0,111,7,24,"(21, 17)",0,0.02040816326530612,90.58333333333333,47.958333333333336,majority_vote,111,RECOVERY,199,"(19, 30)",False,2,False,2245
0,0.0,True,0.0,0.9,0.9,2173,14,2173.0,105,11,26,"(21, 17)",0,0.051418439716312055,84.6923076923077,35.03846153846154,majority_vote,105,RECOVERY,193,"(17, 16)",False,0,False,2250
0,0.0,True,0.0,0.9810352385941381,0.9937024435663989,2149,45,2149.0,105,6,25,"(33, 8)",0,0.04702750665483585,87.88,40.12,majority_vote,105,RECOVERY,244,"(25, 43)",False,1,False,2250
3,0.0,True,0.0,0.9724968052047642,0.988419724352252,2180,15,2180.0,111,7,24,"(21, 17)",0,0.050576752440106475,90.58333333333333,47.958333333333336,majority_vote,111,RECOVERY,200,"(19, 25)",False,2,False,2250
0,0.0,True,0.0,0.9,0.9,2178,14,2178.0,105,11,26,"(21, 17)",0,0.051418439716312055,84.6923076923077,35.03846153846154,majority_vote,105,RECOVERY,193,"(21, 17)",False,0,False,2255
0,0.0,True,0.0,0.9810352385941381,0.9937024435663989,2154,45,2154.0,106,6,25,"(33, 8)",0,0.044365572315882874,87.88,40.12,majority_vote,106,RECOVERY,245,"(25, 38)",False,1,False,2255
3,0.0,True,0.0,0.9756643297605213,0.9902391697412192,2185,15,2185.0,111,7,24,"(21, 17)",0,0.050576752440106475,90.58333333333333,47.958333333333336,majority_vote,111,RECOVERY,200,"(19, 20)",False,2,False,2255
0,0.0,True,0.0,0.9,0.9,2182,14,2182.0,106,11,27,"(25, 2)",0,0.04964539007092199,83.55555555555556,34.55555555555556,majority_vote,106,RECOVERY,194,"(25, 17)",False,0,False,2260
0,0.0,True,0.0,0.9810352385941381,0.9937024435663989,2159,45,2159.0,108,6,25,"(33, 8)",0,0.04081632653061224,87.88,40.12,majority_vote,108,RECOVERY,247,"(24, 34)",False,1,False,2260
0,0.0,True,0.0,0.9792667744184285,0.9924218707092564,2189,15,2189.0,111,8,24,"(21, 17)",0,0.050576752440106475,90.58333333333333,47.958333333333336,majority_vote,111,RECOVERY,200,"(20, 17)",False,2,False,2260
0,0.0,True,0.0,0.9,0.9,2187,14,2187.0,106,11,27,"(25, 2)",0,0.04964539007092199,83.55555555555556,34.55555555555556,majority_vote,106,RECOVERY,194,"(25, 12)",False,0,False,2265
0,0.0,True,0.0,0.9810352385941381,0.9937024435663989,2164,45,2164.0,108,6,25,"(33, 8)",0,0.037267080745341616,87.88,40.12,majority_vote,108,RECOVERY,247,"(24, 29)",False,1,False,2265
0,0.0,True,0.0,0.9818947313804428,0.9939303149612382,2193,15,2193.0,112,8,25,"(33, 8)",0,0.050576752440106475,90.48,47.84,majority_vote,112,RECOVERY,201,"(24, 17)",False,2,False,2265
0,0.0,True,0.0,0.9,0.9,2192,14,2192.0,106,11,27,"(25, 2)",0,0.04964539007092199,83.55555555555556,34.55555555555556,majority_vote,106,RECOVERY,194,"(25, 7)",False,0,False,2270
0,0.0,True,0.0,0.9823001861038217,0.9941066025086052,2169,45,2169.0,108,6,25,"(33, 8)",0,0.0354924578527063,87.88,40.12,majority_vote,108,RECOVERY,247,"(24, 24)",False,1,False,2270
0,0.0,True,0.0,0.9847842854369484,0.9950563502003634,2198,15,2198.0,112,8,25,"(33, 8)",0,0.050576752440106475,90.48,47.84,majority_vote,112,RECOVERY,201,"(29, 17)",False,2,False,2270
0,0.0,True,0.0,0.9,0.9,2197,14,2197.0,106,11,27,"(25, 2)",0,0.04964539007092199,83.55555555555556,34.55555555555556,majority_vote,106,RECOVERY,195,"(25, 2)",False,0,False,2275
0,0.0,True,0.0,0.9850959787712579,0.9949961437200628,2174,45,2174.0,109,6,25,"(33, 8)",0,0.0354924578527063,87.88,40.12,majority_vote,109,RECOVERY,248,"(25, 20)",False,1,False,2275
0,0.0,True,0.0,0.9862903427452816,0.9954805989370438,2203,15,2203.0,113,8,25,"(33, 8)",0,0.050576752440106475,90.48,47.84,majority_vote,113,RECOVERY,202,"(31, 14)",False,2,False,2275
0,0.0,True,0.0,0.9,0.9,2201,14,2201.0,107,11,27,"(33, 30)",0,0.05,83.55555555555556,34.55555555555556,majority_vote,107,RECOVERY,196,"(25, 6)",False,0,False,2280
0,0.0,True,0.0,0.9874586581666891,0.9958406798070701,2179,45,2179.0,109,6,25,"(33, 8)",0,0.03587443946188341,87.88,40.12,majority_vote,109,RECOVERY,248,"(27, 17)",False,1,False,2280
0,0.0,True,0.0,0.9880594827334191,0.9960152963354804,2208,15,2208.0,113,8,25,"(33, 8)",0,0.051121076233183856,90.48,47.84,majority_vote,113,RECOVERY,202,"(33, 11)",False,2,False,2280
0,0.0,True,0.0,0.9,0.9,2206,14,2206.0,107,11,27,"(33, 30)",0,0.05,83.55555555555556,34.55555555555556,majority_vote,107,RECOVERY,196,"(26, 10)",False,0,False,2285
0,0.0,True,0.0,0.9894432807641986,0.9964450042873665,2184,45,2184.0,109,6,25,"(33, 8)",0,0.03587443946188341,87.88,40.12,majority_vote,109,RECOVERY,248,"(31, 16)",False,1,False,2285
0,0.0,True,0.0,0.9892378327691453,0.9964727640887537,2212,15,2212.0,114,8,25,"(21, 17)",0,0.051121076233183856,90.48,47.84,majority_vote,114,RECOVERY,203,"(32, 8)",False,2,False,2285
0,0.0,True,0.0,0.9,0.9,2211,14,2211.0,107,11,27,"(33, 30)",0,0.05089285714285714,83.55555555555556,34.55555555555556,majority_vote,107,RECOVERY,196,"(26, 15)",False,0,False,2290
0,0.0,True,0.0,0.9911190282371503,0.9971084181019568,2189,45,2189.0,109,6,25,"(33, 8)",0,0.03497757847533632,87.88,40.12,majority_vote,109,RECOVERY,248,"(32, 12)",False,1,False,2290
0,0.0,True,0.0,0.9909738858505206,0.997159647000796,2217,15,2217.0,114,8,25,"(21, 17)",0,0.04932735426008968,90.48,47.84,majority_vote,114,RECOVERY,203,"(29, 10)",False,2,False,2290
0,0.0,True,0.0,0.9,0.9,2216,14,2216.0,107,11,27,"(33, 30)",0,0.05089285714285714,83.55555555555556,34.55555555555556,majority_vote,107,RECOVERY,196,"(26, 20)",False,0,False,2295
0,0.0,True,0.0,0.9922797940864907,0.9975085940159317,2194,45,2194.0,109,6,25,"(33, 8)",0,0.034080717488789235,87.88,40.12,majority_vote,109,RECOVERY,248,"(33, 8)",False,1,False,2295
0,0.0,True,0.0,0.992455709887964,0.9977297641267172,2222,15,2222.0,114,8,25,"(21, 17)",0,0.04753363228699552,90.48,47.84,majority_vote,114,RECOVERY,203,"(27, 13)",False,2,False,2295
0,0.0,True,0.0,0.9,0.9,2221,14,2221.0,107,11,27,"(33, 30)",0,0.05154639175257732,83.55555555555556,34.55555555555556,majority_vote,107,RECOVERY,197,"(28, 23)",False,0,False,2300
0,0.0,True,0.0,0.9925447918513682,0.9975797493840409,2198,45,2198.0,110,6,26,"(33, 50)",0,0.03286384976525822,88.3076923076923,40.46153846153846,majority_vote,110,RECOVERY,250,"(33, 12)",False,1,False,2300
0,0.0,True,0.0,0.9937101271714817,0.998153978359621,2227,15,2227.0,114,8,25,"(21, 17)",0,0.046948356807511735,90.48,47.84,majority_vote,114,RECOVERY,204,"(25, 16)",False,2,False,2300
0,0.0,True,0.0,0.9,0.9,2226,14,2226.0,107,11,27,"(33, 30)",0,0.04873477038425492,83.55555555555556,34.55555555555556,majority_vote,107,RECOVERY,197,"(28, 28)",False,0,False,2305
0,0.0,True,0.0,0.9937359227718886,0.9979457366891057,2203,45,2203.0,110,6,26,"(33, 50)",0,0.03286384976525822,88.3076923076923,40.46153846153846,majority_vote,110,RECOVERY,250,"(30, 14)",False,1,False,2305
0,0.0,True,0.0,0.9945662119487131,0.9984035098595183,2232,15,2232.0,114,8,25,"(21, 17)",0,0.044131455399061034,90.48,47.84,majority_vote,114,RECOVERY,204,"(21, 17)",False,2,False,2305
0,0.0,True,0.0,0.9,0.9,2231,14,2231.0,107,11,27,"(33, 30)",0,0.0411599625818522,83.55555555555556,34.55555555555556,majority_vote,107,RECOVERY,197,"(31, 30)",False,0,False,2310
0,0.0,True,0.0,0.9947359217271733,0.9982789820064597,2208,45,2208.0,110,6,26,"(33, 50)",0,0.029053420805998126,88.3076923076923,40.46153846153846,majority_vote,110,RECOVERY,250,"(29, 18)",False,1,False,2310
0,0.0,True,0.0,0.9947603799062467,0.9984495710993851,2236,15,2236.0,115,8,26,"(13, 50)",0,0.03936269915651359,88.6923076923077,46.84615384615385,majority_vote,115,RECOVERY,205,"(17, 17)",False,2,False,2310
0,0.0,True,0.0,0.9,0.9,2235,14,2235.0,108,11,28,"(33, 8)",0,0.040149393090569564,82.60714285714286,34.642857142857146,majority_vote,108,RECOVERY,198,"(31, 30)",False,0,False,2315
0,0.0,True,0.0,0.9955766385480925,0.9985479990081102,2213,45,2213.0,110,6,26,"(33, 50)",0,0.02806361085126286,88.3076923076923,40.46153846153846,majority_vote,110,RECOVERY,250,"(29, 23)",False,1,False,2315
0,0.0,True,0.0,0.9949467852940209,0.9984884876617315,2241,15,2241.0,115,8,26,"(13, 50)",0,0.040224508886810104,88.6923076923077,46.84615384615385,majority_vote,115,RECOVERY,205,"(17, 22)",False,2,False,2315
0,0.0,True,0.0,0.9,0.9,2239,14,2239.0,108,12,28,"(33, 8)",0,0.03827751196172249,82.60714285714286,34.642857142857146,majority_vote,108,RECOVERY,198,"(29, 28)",False,0,False,2320
0,0.0,True,0.0,0.9962870174287088,0.9988296154559809,2218,45,2218.0,110,6,26,"(33, 50)",0,0.029523809523809525,88.3076923076923,40.46153846153846,majority_vote,110,RECOVERY,250,"(28, 27)",False,1,False,2320
0,0.0,True,0.0,0.9949467852940209,0.9984884876617315,2246,15,2246.0,115,8,26,"(13, 50)",0,0.04019138755980861,88.6923076923077,46.84615384615385,majority_vote,115,RECOVERY,205,"(16, 26)",False,2,False,2320
0,0.0,True,0.0,0.9,0.9,2244,14,2244.0,108,12,28,"(33, 8)",0,0.03827751196172249,82.60714285714286,34.642857142857146,majority_vote,108,RECOVERY,199,"(29, 23)",False,0,False,2325
0,0.0,True,0.0,0.996897501451781,0.9990741816440895,2223,45,2223.0,113,6,26,"(33, 50)",0,0.030476190476190476,88.3076923076923,40.46153846153846,majority_vote,113,RECOVERY,253,"(28, 30)",False,1,False,2325
0,0.0,True,0.0,0.9949467852940209,0.9984884876617315,2251,15,2251.0,115,8,26,"(13, 50)",0,0.0354066985645933,88.6923076923077,46.84615384615385,majority_vote,115,RECOVERY,206,"(15, 30)",False,2,False,2325
0,0.0,True,0.0,0.9,0.9,2249,14,2249.0,108,12,28,"(33, 8)",0,0.034383954154727794,82.60714285714286,34.642857142857146,majority_vote,108,RECOVERY,199,"(29, 18)",False,0,False,2330
0,0.0,True,0.0,0.9974130398950586,0.9992238322858927,2228,45,2228.0,113,6,26,"(33, 50)",0,0.025665399239543727,88.3076923076923,40.46153846153846,majority_vote,113,RECOVERY,253,"(28, 35)",False,1,False,2330
0,0.0,True,0.0,0.9949467852940209,0.9984884876617315,2256,15,2256.0,115,8,26,"(13, 50)",0,0.029608404966571154,88.6923076923077,46.84615384615385,majority_vote,115,RECOVERY,206,"(14, 34)",False,2,False,2330
0,0.0,True,0.0,0.9,0.9,2254,14,2254.0,108,12,28,"(33, 8)",0,0.032411820781696854,82.60714285714286,34.642857142857146,majority_vote,108,RECOVERY,199,"(29, 13)",False,0,False,2335
0,0.0,True,0.0,0.9975046438955348,0.9992451199045834,2233,45,2233.0,113,6,26,"(33, 50)",0,0.022770398481973434,88.3076923076923,40.46153846153846,majority_vote,113,RECOVERY,253,"(28, 40)",False,1,False,2335
0,0.0,True,0.0,0.9949467852940209,0.9984884876617315,2261,15,2261.0,115,8,26,"(13, 50)",0,0.02669208770257388,88.6923076923077,46.84615384615385,majority_vote,115,RECOVERY,206,"(13, 38)",False,2,False,2335
0,0.0,True,0.0,0.9,0.9,2259,14,2259.0,108,12,28,"(33, 8)",0,0.03244274809160305,82.60714285714286,34.642857142857146,majority_vote,108,RECOVERY,199,"(29, 8)",False,0,False,2340
0,0.0,True,0.0,0.9975046438955348,0.9992451199045834,2238,45,2238.0,113,6,26,"(33, 50)",0,0.020872865275142316,88.3076923076923,40.46153846153846,majority_vote,113,RECOVERY,253,"(28, 45)",False,1,False,2340
0,0.0,True,0.0,0.9949467852940209,0.9984884876617315,2266,15,2266.0,115,8,26,"(13, 50)",0,0.02480916030534351,88.6923076923077,46.84615384615385,majority_vote,115,RECOVERY,206,"(13, 43)",False,2,False,2340
0,0.0,True,0.0,0.9,0.9,2263,14,2263.0,109,12,28,"(2, 50)",0,0.03153988868274583,82.60714285714286,34.642857142857146,majority_vote,109,RECOVERY,200,"(33, 8)",False,0,False,2345
0,0.0,True,0.0,0.9975046438955348,0.9992451199045834,2243,45,2243.0,113,6,26,"(33, 50)",0,0.01845018450184502,88.3076923076923,40.46153846153846,majority_vote,113,RECOVERY,253,"(28, 50)",False,1,False,2345
0,0.0,True,0.0,0.9949467852940209,0.9984884876617315,2271,15,2271.0,115,8,26,"(13, 50)",0,0.02411873840445269,88.6923076923077,46.84615384615385,majority_vote,115,RECOVERY,206,"(13, 48)",False,2,False,2345
0,0.0,True,0.0,0.9,0.9,2268,14,2268.0,110,12,28,"(2, 50)",0,0.03130755064456722,82.60714285714286,34.642857142857146,majority_vote,110,RECOVERY,201,"(28, 8)",False,0,False,2350
0,0.0,True,0.0,0.9975046438955348,0.9992451199045834,2248,45,2248.0,113,6,26,"(33, 50)",0,0.018315018315018316,88.3076923076923,40.46153846153846,majority_vote,113,RECOVERY,254,"(33, 50)",False,1,False,2350
0,0.0,True,0.0,0.9949467852940209,0.9984884876617315,2275,15,2275.0,116,8,26,"(15, 2)",0,0.02394106813996317,88.6923076923077,46.84615384615385,majority_vote,116,RECOVERY,208,"(13, 48)",False,2,False,2350
0,0.0,True,0.0,0.9,0.9,2273,14,2273.0,110,12,28,"(2, 50)",0,0.03130755064456722,82.60714285714286,34.642857142857146,majority_vote,110,RECOVERY,201,"(25, 10)",False,0,False,2355
0,0.0,True,0.0,0.9975046438955348,0.9992451199045834,2252,45,2252.0,114,6,26,"(25, 2)",0,0.018315018315018316,88.3076923076923,40.46153846153846,majority_vote,114,RECOVERY,255,"(30, 49)",False,1,False,2355
0,0.0,True,0.0,0.9949467852940209,0.9984884876617315,2280,15,2280.0,116,8,26,"(15, 2)",0,0.024861878453038673,88.6923076923077,46.84615384615385,majority_vote,116,RECOVERY,208,"(13, 43)",False,2,False,2355
0,0.0,True,0.0,0.9,0.9,2278,14,2278.0,110,12,28,"(2, 50)",0,0.03222836095764273,82.60714285714286,34.642857142857146,majority_vote,110,RECOVERY,201,"(25, 15)",False,0,False,2360
0,0.0,True,0.0,0.9975046438955348,0.9992451199045834,2257,45,2257.0,114,6,26,"(25, 2)",0,0.018315018315018316,88.3076923076923,40.46153846153846,majority_vote,114,RECOVERY,255,"(30, 44)",False,1,False,2360
0,0.0,True,0.0,0.9949467852940209,0.9984884876617315,2285,15,2285.0,116,8,26,"(15, 2)",0,0.024861878453038673,88.6923076923077,46.84615384615385,majority_vote,116,RECOVERY,208,"(13, 38)",False,2,False,2360
0,0.0,True,0.0,0.9,0.9,2283,14,2283.0,110,12,28,"(2, 50)",0,0.03130755064456722,82.60714285714286,34.642857142857146,majority_vote,110,RECOVERY,201,"(22, 17)",False,0,False,2365
0,0.0,True,0.0,0.9975046438955348,0.9992451199045834,2262,45,2262.0,114,6,26,"(25, 2)",0,0.018315018315018316,88.3076923076923,40.46153846153846,majority_vote,114,RECOVERY,255,"(29, 40)",False,1,False,2365
0,0.0,True,0.0,0.9949467852940209,0.9984884876617315,2290,15,2290.0,116,8,26,"(15, 2)",0,0.02394106813996317,88.6923076923077,46.84615384615385,majority_vote,116,RECOVERY,208,"(13, 33)",False,2,False,2365
0,0.0,True,0.0,0.9,0.9,2288,14,2288.0,110,12,28,"(2, 50)",0,0.031164069660861594,82.60714285714286,34.642857142857146,majority_vote,110,RECOVERY,201,"(19, 19)",False,0,False,2370
0,0.0,True,0.0,0.9975046438955348,0.9992451199045834,2267,45,2267.0,114,6,26,"(25, 2)",0,0.018281535648994516,88.3076923076923,40.46153846153846,majority_vote,114,RECOVERY,255,"(29, 35)",False,1,False,2370
0,0.0,True,0.0,0.9949467852940209,0.9984884876617315,2295,15,2295.0,116,8,26,"(15, 2)",0,0.022914757103574702,88.6923076923077,46.84615384615385,majority_vote,116,RECOVERY,208,"(14, 29)",False,2,False,2370
0,0.0,True,0.0,0.9,0.9,2293,14,2293.0,111,12,28,"(2, 50)",0,0.02933088909257562,82.60714285714286,34.642857142857146,majority_vote,111,RECOVERY,202,"(14, 19)",False,0,False,2375
0,0.0,True,0.0,0.9977583740020705,0.999301668287797,2272,45,2272.0,115,6,26,"(25, 2)",0,0.018281535648994516,88.3076923076923,40.46153846153846,majority_vote,115,RECOVERY,256,"(28, 31)",False,1,False,2375
0,0.0,True,0.0,0.9954664056651013,0.9986419707370734,2300,15,2300.0,116,8,26,"(15, 2)",0,0.021081576535288724,88.6923076923077,46.84615384615385,majority_vote,116,RECOVERY,209,"(14, 24)",False,2,False,2375
0,0.0,True,0.0,0.9,0.9,2298,14,2298.0,111,12,28,"(2, 50)",0,0.029779058597502402,82.60714285714286,34.642857142857146,majority_vote,111,RECOVERY,202,"(11, 21)",False,0,False,2380
0,0.0,True,0.0,0.9980541746592115,0.9993793207917171,2277,45,2277.0,115,6,26,"(25, 2)",0,0.019157088122605363,88.3076923076923,40.46153846153846,majority_vote,115,RECOVERY,256,"(27, 27)",False,1,False,2380
0,0.0,True,0.0,0.9962236114390602,0.9989130727101482,2305,15,2305.0,116,8,26,"(15, 2)",0,0.021133525456292025,88.6923076923077,46.84615384615385,majority_vote,116,RECOVERY,209,"(15, 20)",False,2,False,2380
0,0.0,True,0.0,0.9,0.9,2303,14,2303.0,111,12,28,"(2, 50)",0,0.028790786948176585,82.60714285714286,34.642857142857146,majority_vote,111,RECOVERY,202,"(7, 22)",False,0,False,2385
0,0.0,True,0.0,0.9983658806889102,0.9994669498795173,2282,45,2282.0,115,6,26,"(25, 2)",0,0.020114942528735632,88.3076923076923,40.46153846153846,majority_vote,115,RECOVERY,256,"(27, 22)",False,1,False,2385
0,0.0,True,0.0,0.9968613748711105,0.9991042408008027,2310,15,2310.0,116,8,26,"(15, 2)",0,0.018234165067178502,88.6923076923077,46.84615384615385,majority_vote,116,RECOVERY,209,"(15, 15)",False,2,False,2385
0,0.0,True,0.0,0.9,0.9,2308,14,2308.0,111,12,28,"(2, 50)",0,0.028708133971291867,82.60714285714286,34.642857142857146,majority_vote,111,RECOVERY,202,"(3, 23)",False,0,False,2390
0,0.0,True,0.0,0.9986269594199173,0.9995506111133409,2287,45,2287.0,115,6,26,"(25, 2)",0,0.02005730659025788,88.3076923076923,40.46153846153846,majority_vote,115,RECOVERY,256,"(27, 17)",False,1,False,2390
0,0.0,True,0.0,0.9970825237851401,0.9991370246711018,2315,15,2315.0,116,8,26,"(15, 2)",0,0.01818181818181818,88.6923076923077,46.84615384615385,majority_vote,116,RECOVERY,209,"(15, 10)",False,2,False,2390
0,0.0,True,0.0,0.9,0.9,2313,14,2313.0,111,12,28,"(2, 50)",0,0.02827521206409048,82.60714285714286,34.642857142857146,majority_vote,111,RECOVERY,202,"(3, 28)",False,0,False,2395
0,0.0,True,0.0,0.9988453692180449,0.9996164535854118,2292,45,2292.0,115,6,26,"(25, 2)",0,0.019792648444863337,88.3076923076923,40.46153846153846,majority_vote,115,RECOVERY,256,"(27, 12)",False,1,False,2395
0,0.0,True,0.0,0.997186354561249,0.9991591393073193,2320,15,2320.0,116,8,26,"(15, 2)",0,0.015080113100848256,88.6923076923077,46.84615384615385,majority_vote,116,RECOVERY,209,"(15, 5)",False,2,False,2395
0,0.0,True,0.0,0.9,0.9,2318,14,2318.0,111,12,28,"(2, 50)",0,0.051353874883286646,82.60714285714286,34.642857142857146,majority_vote,111,RECOVERY,203,"(3, 33)",False,0,False,2400
0,0.0,True,0.0,0.9989937084154584,0.9996606323912535,2297,45,2297.0,115,6,26,"(25, 2)",0,0.056022408963585436,88.3076923076923,40.46153846153846,majority_vote,115,RECOVERY,257,"(27, 7)",False,1,False,2400
0,0.0,True,0.0,0.997186354561249,0.9991591393073193,2324,15,2324.0,117,8,27,"(33, 8)",0,0.047619047619047616,88.85185185185185,47.0,majority_vote,117,RECOVERY,211,"(15, 3)",False,2,False,2400
0,0.0,True,0.0,0.9,0.9,2323,14,2323.0,111,12,28,"(2, 50)",0,0.05097312326227989,82.60714285714286,34.642857142857146,majority_vote,111,RECOVERY,203,"(3, 38)",False,0,False,2405
0,0.0,True,0.0,0.9989937084154584,0.9996606323912535,2302,45,2302.0,115,6,26,"(25, 2)",0,0.05468025949953661,88.3076923076923,40.46153846153846,majority_vote,115,RECOVERY,257,"(25, 4)",False,1,False,2405
0,0.0,True,0.0,0.997186354561249,0.9991591393073193,2329,15,2329.0,118,8,27,"(33, 8)",0,0.047265987025023166,88.85185185185185,47.0,majority_vote,118,RECOVERY,212,"(15, 8)",False,2,False,2405
0,0.0,True,0.0,0.9,0.9,2328,14,2328.0,111,12,28,"(2, 50)",0,0.050784856879039705,82.60714285714286,34.642857142857146,majority_vote,111,RECOVERY,203,"(3, 43)",False,0,False,2410
0,0.0,True,0.0,0.9989937084154584,0.9996606323912535,2306,45,2306.0,116,6,27,"(33, 8)",0,0.05170821791320406,89.18518518518519,41.074074074074076,majority_vote,116,RECOVERY,258,"(25, 4)",False,1,False,2410
0,0.0,True,0.0,0.997186354561249,0.9991591393073193,2334,15,2334.0,118,8,27,"(33, 8)",0,0.04709141274238227,88.85185185185185,47.0,majority_vote,118,RECOVERY,212,"(19, 9)",False,2,False,2410
0,0.0,True,0.0,0.9,0.9,2333,14,2333.0,111,12,28,"(2, 50)",0,0.050274223034734916,82.60714285714286,34.642857142857146,majority_vote,111,RECOVERY,203,"(3, 48)",False,0,False,2415
0,0.0,True,0.0,0.9989937084154584,0.9996606323912535,2311,45,2311.0,116,6,27,"(33, 8)",0,0.051188299817184646,89.18518518518519,41.074074074074076,majority_vote,116,RECOVERY,258,"(28, 6)",False,1,False,2415
0,0.0,True,0.0,0.997186354561249,0.9991591393073193,2339,15,2339.0,118,8,27,"(33, 8)",0,0.04661791590493602,88.85185185185185,47.0,majority_vote,118,RECOVERY,212,"(24, 9)",False,2,False,2415
0,0.0,True,0.0,0.9,0.9,2337,14,2337.0,112,12,29,"(33, 50)",0,0.048357664233576646,83.41379310344827,36.0,majority_vote,112,RECOVERY,204,"(3, 50)",False,0,False,2420
0,0.0,True,0.0,0.9989937084154584,0.9996606323912535,2316,45,2316.0,116,6,27,"(33, 8)",0,0.051094890510948905,89.18518518518519,41.074074074074076,majority_vote,116,RECOVERY,258,"(28, 11)",False,1,False,2420
0,0.0,True,0.0,0.997186354561249,0.9991591393073193,2344,15,2344.0,120,8,27,"(33, 8)",0,0.04288321167883212,88.85185185185185,47.0,majority_vote,120,RECOVERY,214,"(28, 10)",False,2,False,2420
0,0.0,True,0.0,0.9,0.9,2342,14,2342.0,112,12,29,"(33, 50)",0,0.04649042844120328,83.41379310344827,36.0,majority_vote,112,RECOVERY,205,"(5, 47)",False,0,False,2425
0,0.0,True,0.0,0.9989937084154584,0.9996606323912535,2321,45,2321.0,117,6,27,"(33, 8)",0,0.04831358249772106,89.18518518518519,41.074074074074076,majority_vote,117,RECOVERY,260,"(33, 11)",False,1,False,2425
0,0.0,True,0.0,0.997186354561249,0.9991591393073193,2349,15,2349.0,120,8,27,"(33, 8)",0,0.04102096627164995,88.85185185185185,47.0,majority_vote,120,RECOVERY,215,"(32, 11)",False,2,False,2425
0,0.0,True,0.0,0.9,0.9,2347,14,2347.0,112,12,29,"(33, 50)",0,0.04245709123757904,83.41379310344827,36.0,majority_vote,112,RECOVERY,205,"(9, 46)",False,0,False,2430
0,0.0,True,0.0,0.9989937084154584,0.9996606323912535,2325,45,2325.0,118,6,27,"(13, 50)",0,0.04336043360433604,89.18518518518519,41.074074074074076,majority_vote,118,RECOVERY,261,"(32, 8)",False,1,False,2430
0,0.0,True,0.0,0.997186354561249,0.9991591393073193,2352,15,2352.0,120,10,27,"(33, 8)",0,0.03884372177055104,88.85185185185185,47.0,majority_vote,120,RECOVERY,216,"(33, 9)",False,2,False,2430
0,0.0,True,0.0,0.9,0.9,2352,14,2352.0,112,12,29,"(33, 50)",0,0.04155374887082204,83.41379310344827,36.0,majority_vote,112,RECOVERY,205,"(12, 48)",False,0,False,2435
0,0.0,True,0.0,0.9989937084154584,0.9996606323912535,2330,45,2330.0,118,6,27,"(13, 50)",0,0.04336043360433604,89.18518518518519,41.074074074074076,majority_vote,118,RECOVERY,261,"(31, 12)",False,1,False,2435
0,0.0,True,0.0,0.997186354561249,0.9991591393073193,2356,15,2356.0,123,10,27,"(13, 50)",0,0.03884372177055104,88.85185185185185,47.0,majority_vote,123,RECOVERY,219,"(32, 10)",False,2,False,2435
0,0.0,True,0.0,0.9,0.9,2357,14,2357.0,112,12,29,"(33, 50)",0,0.041404140414041404,83.41379310344827,36.0,majority_vote,112,RECOVERY,205,"(16, 49)",False,0,False,2440
0,0.0,True,0.0,0.9989937084154584,0.9996606323912535,2335,45,2335.0,118,6,27,"(13, 50)",0,0.04410441044104411,89.18518518518519,41.074074074074076,majority_vote,118,RECOVERY,261,"(28, 14)",False,1,False,2440
0,0.0,True,0.0,0.997186354561249,0.9991591393073193,2361,15,2361.0,123,10,27,"(13, 50)",0,0.0369036903690369,88.85185185185185,47.0,majority_vote,123,RECOVERY,219,"(30, 13)",False,2,False,2440
0,0.0,True,0.0,0.9,0.9,2362,14,2362.0,112,12,29,"(33, 50)",0,0.04114490161001789,83.41379310344827,36.0,majority_vote,112,RECOVERY,205,"(21, 49)",False,0,False,2445
0,0.0,True,0.0,0.9989937084154584,0.9996606323912535,2340,45,2340.0,118,6,27,"(13, 50)",0,0.04382826475849732,89.18518518518519,41.074074074074076,majority_vote,118,RECOVERY,262,"(28, 19)",False,1,False,2445
0,0.0,True,0.0,0.997186354561249,0.9991591393073193,2366,15,2366.0,123,10,27,"(13, 50)",0,0.03667262969588551,88.85185185185185,47.0,majority_vote,123,RECOVERY,219,"(25, 13)",False,2,False,2445
0,0.0,True,0.0,0.9,0.9,2367,14,2367.0,115,12,29,"(33, 50)",0,0.038461538461538464,83.41379310344827,36.0,majority_vote,115,RECOVERY,209,"(25, 50)",False,0,False,2450
0,0.0,True,0.0,0.9989937084154584,0.9996606323912535,2345,45,2345.0,118,6,27,"(13, 50)",0,0.03667262969588551,89.18518518518519,41.074074074074076,majority_vote,118,RECOVERY,263,"(28, 24)",False,1,False,2450
0,0.0,True,0.0,0.997186354561249,0.9991591393073193,2371,15,2371.0,124,10,27,"(13, 50)",0,0.03488372093023256,88.85185185185185,47.0,majority_vote,124,RECOVERY,220,"(24, 17)",False,2,False,2450
0,0.0,True,0.0,0.9,0.9,2372,14,2372.0,115,12,29,"(33, 50)",0,0.03398926654740608,83.41379310344827,36.0,majority_vote,115,RECOVERY,209,"(26, 46)",False,0,False,2455
0,0.0,True,0.0,0.9989937084154584,0.9996606323912535,2350,45,2350.0,120,6,27,"(13, 50)",0,0.03220035778175313,89.18518518518519,41.074074074074076,majority_vote,120,RECOVERY,265,"(24, 25)",False,1,False,2455
0,0.0,True,0.0,0.997186354561249,0.9991591393073193,2376,15,2376.0,124,10,27,"(13, 50)",0,0.028622540250447227,88.85185185185185,47.0,majority_vote,124,RECOVERY,220,"(19, 17)",False,2,False,2455
0,0.0,True,0.0,0.9,0.9,2377,14,2377.0,115,12,29,"(33, 50)",0,0.03041144901610018,83.41379310344827,36.0,majority_vote,115,RECOVERY,209,"(27, 42)",False,0,False,2460
0,0.0,True,0.0,0.9989937084154584,0.9996606323912535,2355,45,2355.0,120,6,27,"(13, 50)",0,0.03220035778175313,89.18518518518519,41.074074074074076,majority_vote,120,RECOVERY,265,"(24, 30)",False,1,False,2460
0,0.0,True,0.0,0.997186354561249,0.9991591393073193,2381,15,2381.0,124,10,27,"(13, 50)",0,0.027728085867620753,88.85185185185185,47.0,majority_vote,124,RECOVERY,220,"(19, 22)",False,2,False,2460
0,0.0,True,0.0,0.9,0.9,2382,14,2382.0,115,12,29,"(33, 50)",0,0.03041144901610018,83.41379310344827,36.0,majority_vote,115,RECOVERY,209,"(29, 45)",False,0,False,2465
0,0.0,True,0.0,0.999060284742847,0.999681851314095,2360,45,2360.0,120,6,27,"(13, 50)",0,0.03220035778175313,89.18518518518519,41.074074074074076,majority_vote,120,RECOVERY,265,"(25, 34)",False,1,False,2465
0,0.0,True,0.0,0.997186354561249,0.9991591393073193,2386,15,2386.0,124,10,27,"(13, 50)",0,0.026833631484794274,88.85185185185185,47.0,majority_vote,124,RECOVERY,220,"(19, 27)",False,2,False,2465
0,0.0,True,0.0,0.9,0.9,2387,14,2387.0,115,12,29,"(33, 50)",0,0.028622540250447227,83.41379310344827,36.0,majority_vote,115,RECOVERY,209,"(29, 50)",False,0,False,2470
0,0.0,True,0.0,0.9992080413293448,0.9997321822544101,2365,45,2365.0,120,6,27,"(13, 50)",0,0.025044722719141325,89.18518518518519,41.074074074074076,majority_vote,120,RECOVERY,265,"(25, 39)",False,1,False,2470
0,0.0,True,0.0,0.997186354561249,0.9991591393073193,2391,15,2391.0,124,10,27,"(13, 50)",0,0.022361359570661897,88.85185185185185,47.0,majority_vote,124,RECOVERY,220,"(19, 32)",False,2,False,2470
0,0.0,True,0.0,0.9,0.9,2391,14,2391.0,116,12,29,"(13, 50)",0,0.022321428571428572,83.41379310344827,36.0,majority_vote,116,RECOVERY,211,"(33, 50)",False,0,False,2475
0,0.0,True,0.0,0.99933288509459,0.9997764517064649,2370,45,2370.0,120,6,27,"(13, 50)",0,0.016964285714285713,89.18518518518519,41.074074074074076,majority_vote,120,RECOVERY,266,"(25, 44)",False,1,False,2475
0,0.0,True,0.0,0.9973822517709406,0.9992079422945155,2396,15,2396.0,125,10,27,"(13, 50)",0,0.020535714285714286,88.85185185185185,47.0,majority_vote,125,RECOVERY,221,"(18, 36)",False,2,False,2475
0,0.0,True,0.0,0.9,0.9,2396,14,2396.0,117,12,29,"(13, 50)",0,0.02142857142857143,83.41379310344827,36.0,majority_vote,117,RECOVERY,212,"(28, 50)",False,0,False,2480
0,0.0,True,0.0,0.9994388791014892,0.9998158939706524,2375,45,2375.0,120,6,27,"(13, 50)",0,0.01607142857142857,89.18518518518519,41.074074074074076,majority_vote,120,RECOVERY,266,"(24, 48)",False,1,False,2480
0,0.0,True,0.0,0.9974745172931072,0.9992275622142729,2401,15,2401.0,125,10,27,"(13, 50)",0,0.016964285714285713,88.85185185185185,47.0,majority_vote,125,RECOVERY,221,"(15, 38)",False,2,False,2480
0,0.0,True,0.0,0.9,0.9,2401,14,2401.0,117,12,29,"(13, 50)",0,0.019642857142857142,83.41379310344827,36.0,majority_vote,117,RECOVERY,213,"(28, 45)",False,0,False,2485
0,0.0,True,0.0,0.999529830343896,0.9998534067644366,2380,45,2380.0,120,6,27,"(13, 50)",0,0.01607142857142857,89.18518518518519,41.074074074074076,majority_vote,120,RECOVERY,266,"(20, 49)",False,1,False,2485
0,0.0,True,0.0,0.9978856708380027,0.9993301420498614,2406,15,2406.0,125,10,27,"(13, 50)",0,0.016964285714285713,88.85185185185185,47.0,majority_vote,125,RECOVERY,221,"(14, 42)",False,2,False,2485
0,0.0,True,0.0,0.9,0.9,2406,14,2406.0,117,12,29,"(13, 50)",0,0.01875,83.41379310344827,36.0,majority_vote,117,RECOVERY,213,"(25, 47)",False,0,False,2490
0,0.0,True,0.0,0.9996064260178282,0.9998763703325234,2385,45,2385.0,120,6,27,"(13, 50)",0,0.01607142857142857,89.18518518518519,41.074074074074076,majority_vote,120,RECOVERY,266,"(15, 49)",False,1,False,2490
0,0.0,True,0.0,0.9982261380746427,0.9994267227088587,2411,15,2411.0,125,10,27,"(13, 50)",0,0.016964285714285713,88.85185185185185,47.0,majority_vote,125,RECOVERY,221,"(14, 47)",False,2,False,2490
0,0.0,True,0.0,0.9,0.9,2411,14,2411.0,117,12,29,"(13, 50)",0,0.016964285714285713,83.41379310344827,36.0,majority_vote,117,RECOVERY,213,"(22, 49)",False,0,False,2495
0,0.0,True,0.0,0.9996583347524297,0.9998913105304071,2388,45,2388.0,121,6,28,"(2, 20)",0,0.01607142857142857,89.07142857142857,41.92857142857143,majority_vote,121,RECOVERY,268,"(13, 50)",False,1,False,2495
0,0.0,True,0.0,0.9984574125000277,0.9994967710523075,2414,15,2414.0,125,12,27,"(13, 50)",0,0.016964285714285713,88.85185185185185,47.0,majority_vote,125,RECOVERY,222,"(14, 50)",False,2,False,2495
