active_fake_claim_count,attacker_attributable_cost_on_route,attacker_is_trusted,attacker_route_cost_delta,attacker_source_memory,attacker_trust,benign_movement_steps,benign_no_path_steps,benign_total_distance,benign_total_replans,benign_traffic_wait_steps,deliveries_completed,goal,influential_fake_claim_count,map_error,mean_delivery_cycle_time_steps,mean_delivery_time_steps,method,path_changes,phase,planning_checks,position,preferred_route_affected_by_attacker,robot_id,route_affected_by_attacker,step
0,0.0,True,0.0,0.9,0.9,1,0,1.0,1,0,0,"(33, 50)",0,0.0,,,full_trust,1,RECONNAISSANCE,1,"(7, 8)",False,0,False,0
0,0.0,True,0.0,0.9,0.9,1,0,1.0,1,0,0,"(33, 50)",0,0.0,,,full_trust,1,RECONNAISSANCE,1,"(28, 42)",False,1,False,0
0,0.0,True,0.0,0.9,0.9,1,0,1.0,1,0,0,"(13, 50)",0,0.0,,,full_trust,1,RECONNAISSANCE,1,"(7, 42)",False,2,False,0
0,0.0,True,0.0,0.9,0.9,6,0,6.0,1,0,0,"(33, 50)",0,0.0,,,full_trust,1,RECONNAISSANCE,1,"(12, 8)",False,0,False,5
0,0.0,True,0.0,0.9,0.9,6,0,6.0,1,0,0,"(33, 50)",0,0.0,,,full_trust,1,RECONNAISSANCE,1,"(30, 45)",False,1,False,5
0,0.0,True,0.0,0.9,0.9,6,0,6.0,1,0,0,"(13, 50)",0,0.0,,,full_trust,1,RECONNAISSANCE,1,"(9, 45)",False,2,False,5
0,0.0,True,0.0,0.9,0.9,11,0,11.0,1,0,0,"(33, 50)",0,0.0,,,full_trust,1,RECONNAISSANCE,1,"(13, 12)",False,0,False,10
0,0.0,True,0.0,0.9,0.9,11,0,11.0,1,0,0,"(33, 50)",0,0.0,,,full_trust,1,RECONNAISSANCE,1,"(31, 49)",False,1,False,10
0,0.0,True,0.0,0.9,0.9,11,0,11.0,1,0,0,"(13, 50)",0,0.0,,,full_trust,1,RECONNAISSANCE,1,"(10, 49)",False,2,False,10
0,0.0,True,0.0,0.9,0.9,16,0,16.0,1,0,0,"(33, 50)",0,0.0,,,full_trust,1,RECONNAISSANCE,1,"(14, 16)",False,0,False,15
0,0.0,True,0.0,0.9,0.9,15,0,15.0,2,0,0,"(25, 2)",0,0.0,,,full_trust,2,RECONNAISSANCE,2,"(32, 50)",False,1,False,15
0,0.0,True,0.0,0.9,0.9,15,0,15.0,2,0,0,"(15, 2)",0,0.0,,,full_trust,2,RECONNAISSANCE,2,"(13, 50)",False,2,False,15
0,0.0,True,0.0,0.9,0.9,21,0,21.0,1,0,0,"(33, 50)",0,0.0,,,full_trust,1,RECONNAISSANCE,1,"(14, 21)",False,0,False,20
0,0.0,True,0.0,0.9,0.9,20,0,20.0,2,0,0,"(25, 2)",0,0.0,,,full_trust,2,RECONNAISSANCE,2,"(30, 47)",False,1,False,20
0,0.0,True,0.0,0.9,0.9,20,0,20.0,2,0,0,"(15, 2)",0,0.0,,,full_trust,2,RECONNAISSANCE,2,"(13, 45)",False,2,False,20
0,0.0,True,0.0,0.9,0.9,26,0,26.0,2,0,0,"(33, 50)",0,0.0,,,full_trust,2,RECONNAISSANCE,2,"(14, 26)",False,0,False,25
0,0.0,True,0.0,0.9,0.9,25,0,25.0,2,0,0,"(25, 2)",0,0.0,,,full_trust,2,RECONNAISSANCE,3,"(30, 42)",False,1,False,25
0,0.0,True,0.0,0.9,0.9,25,0,25.0,2,0,0,"(15, 2)",0,0.0,,,full_trust,2,RECONNAISSANCE,3,"(14, 41)",False,2,False,25
0,0.0,True,0.0,0.9,0.9,31,0,31.0,2,0,0,"(33, 50)",0,0.0,,,full_trust,2,RECONNAISSANCE,2,"(16, 29)",False,0,False,30
0,0.0,True,0.0,0.9,0.9,30,0,30.0,2,0,0,"(25, 2)",0,0.0,,,full_trust,2,RECONNAISSANCE,3,"(27, 40)",False,1,False,30
0,0.0,True,0.0,0.9,0.9,30,0,30.0,3,0,0,"(15, 2)",0,0.0,,,full_trust,3,RECONNAISSANCE,4,"(15, 37)",False,2,False,30
0,0.0,True,0.0,0.9,0.9,36,0,36.0,2,0,0,"(33, 50)",0,0.0,,,full_trust,2,RECONNAISSANCE,2,"(17, 33)",False,0,False,35
0,0.0,True,0.0,0.9,0.9,35,0,35.0,2,0,0,"(25, 2)",0,0.0,,,full_trust,2,RECONNAISSANCE,3,"(25, 37)",False,1,False,35
0,0.0,True,0.0,0.9029239203957065,0.9208621740421404,35,0,35.0,3,0,0,"(15, 2)",0,0.0,,,full_trust,3,RECONNAISSANCE,4,"(15, 32)",False,2,False,35
0,0.0,True,0.0,0.9,0.9,41,0,41.0,2,0,0,"(33, 50)",0,0.0,,,full_trust,2,RECONNAISSANCE,2,"(17, 38)",False,0,False,40
0,0.0,True,0.0,0.9023939006305409,0.9165348003430678,40,0,40.0,2,0,0,"(25, 2)",0,0.0,,,full_trust,2,RECONNAISSANCE,3,"(25, 32)",False,1,False,40
0,0.0,True,0.0,0.9092275853531437,0.9358487127749816,40,0,40.0,3,0,0,"(15, 2)",0,0.0,,,full_trust,3,RECONNAISSANCE,4,"(15, 27)",False,2,False,40
0,0.0,True,0.0,0.9,0.9,46,0,46.0,2,0,0,"(33, 50)",0,0.0,,,full_trust,2,RECONNAISSANCE,2,"(17, 43)",False,0,False,45
0,0.0,True,0.0,0.9073077353218316,0.9286045202346687,45,0,45.0,2,0,0,"(25, 2)",0,0.0,,,full_trust,2,RECONNAISSANCE,3,"(25, 27)",False,1,False,45
0,0.0,True,0.0,0.9166085515682787,0.9454080876377094,45,0,45.0,3,0,0,"(15, 2)",0,0.0,,,full_trust,3,RECONNAISSANCE,4,"(15, 22)",False,2,False,45
0,0.0,True,0.0,0.9,0.9,51,0,51.0,2,0,0,"(33, 50)",0,0.0,,,full_trust,2,RECONNAISSANCE,3,"(17, 48)",False,0,False,50
0,0.0,True,0.0,0.9109308641846502,0.934523596369731,50,0,50.0,2,0,0,"(25, 2)",0,0.0,,,full_trust,2,RECONNAISSANCE,4,"(25, 22)",False,1,False,50
0,0.0,True,0.0,0.9244194924749178,0.9546294284122859,50,0,50.0,3,0,0,"(15, 2)",0,0.0,,,full_trust,3,RECONNAISSANCE,5,"(15, 17)",False,2,False,50
0,0.0,True,0.0,0.9,0.9,56,0,56.0,2,0,0,"(33, 50)",0,0.0,,,full_trust,2,RECONNAISSANCE,3,"(21, 49)",False,0,False,55
0,0.0,True,0.0,0.9109308641846502,0.934523596369731,55,0,55.0,2,0,0,"(25, 2)",0,0.0,,,full_trust,2,RECONNAISSANCE,4,"(25, 17)",False,1,False,55
0,0.0,True,0.0,0.9322659845282041,0.9616277805455282,55,0,55.0,3,0,0,"(15, 2)",0,0.0,,,full_trust,3,RECONNAISSANCE,5,"(15, 12)",False,2,False,55
0,0.0,True,0.0,0.9,0.9,61,0,61.0,2,0,0,"(33, 50)",0,0.0,,,full_trust,2,RECONNAISSANCE,3,"(25, 50)",False,0,False,60
0,0.0,True,0.0,0.9109308641846502,0.934523596369731,60,0,60.0,2,0,0,"(25, 2)",0,0.0,,,full_trust,2,RECONNAISSANCE,4,"(25, 12)",False,1,False,60
0,0.0,True,0.0,0.93971336483054,0.9672229870841069,60,0,60.0,3,0,0,"(15, 2)",0,0.0,,,full_trust,3,RECONNAISSANCE,5,"(15, 7)",False,2,False,60
0,0.0,True,0.0,0.9,0.9,66,0,66.0,2,0,0,"(33, 50)",0,0.0,,,full_trust,2,RECONNAISSANCE,3,"(30, 50)",False,0,False,65
0,0.0,True,0.0,0.9109308641846502,0.934523596369731,65,0,65.0,2,0,0,"(25, 2)",0,0.0,,,full_trust,2,RECONNAISSANCE,4,"(25, 7)",False,1,False,65
0,0.0,True,0.0,0.942538741747927,0.9692750963267341,65,0,65.0,3,0,0,"(15, 2)",0,0.0,,,full_trust,3,RECONNAISSANCE,5,"(15, 2)",False,2,False,65
0,0.0,True,0.0,0.9,0.9,70,0,70.0,3,0,0,"(2, 41)",0,0.0,,,full_trust,3,RECONNAISSANCE,4,"(32, 50)",False,0,False,70
0,0.0,True,0.0,0.9109308641846502,0.934523596369731,70,0,70.0,2,0,0,"(25, 2)",0,0.0,,,full_trust,2,RECONNAISSANCE,4,"(25, 2)",False,1,False,70
0,0.0,True,0.0,0.942538741747927,0.9692750963267341,69,0,69.0,4,0,1,"(33, 50)",0,0.0,66.0,51.0,full_trust,4,RECONNAISSANCE,6,"(15, 6)",False,2,False,70
0,0.0,True,0.0,0.9,0.9,75,0,75.0,3,0,0,"(2, 41)",0,0.0,,,full_trust,3,RECONNAISSANCE,5,"(28, 49)",False,0,False,75
0,0.0,True,0.0,0.9109308641846502,0.934523596369731,74,0,74.0,3,0,1,"(33, 50)",0,0.0,71.0,57.0,full_trust,3,RECONNAISSANCE,6,"(25, 6)",False,1,False,75
0,0.0,True,0.0,0.942538741747927,0.9692750963267341,74,0,74.0,4,0,1,"(33, 50)",0,0.0,66.0,51.0,full_trust,4,RECONNAISSANCE,7,"(16, 10)",False,2,False,75
0,0.0,True,0.0,0.9,0.9,80,0,80.0,3,0,0,"(2, 41)",0,0.0,,,full_trust,3,RECONNAISSANCE,5,"(23, 49)",False,0,False,80
0,0.0,True,0.0,0.9109308641846502,0.934523596369731,79,0,79.0,3,0,1,"(33, 50)",0,0.0,71.0,57.0,full_trust,3,RECONNAISSANCE,6,"(26, 10)",False,1,False,80
0,0.0,True,0.0,0.942538741747927,0.9692750963267341,79,0,79.0,4,0,1,"(33, 50)",0,0.0011148272017837235,66.0,51.0,full_trust,4,RECONNAISSANCE,7,"(16, 15)",False,2,False,80
0,0.0,True,0.0,0.9,0.9,85,0,85.0,3,0,0,"(2, 41)",0,0.0,,,full_trust,3,RECONNAISSANCE,5,"(20, 47)",False,0,False,85
0,0.0,True,0.0,0.9109308641846502,0.934523596369731,84,0,84.0,3,0,1,"(33, 50)",0,0.0,71.0,57.0,full_trust,3,RECONNAISSANCE,6,"(26, 15)",False,1,False,85
0,0.0,True,0.0,0.942538741747927,0.9692750963267341,84,0,84.0,4,0,1,"(33, 50)",0,0.0011086474501108647,66.0,51.0,full_trust,4,RECONNAISSANCE,7,"(16, 20)",False,2,False,85
0,0.0,True,0.0,0.9,0.9,90,0,90.0,3,0,0,"(2, 41)",0,0.0,,,full_trust,3,RECONNAISSANCE,5,"(17, 45)",False,0,False,90
0,0.0,True,0.0,0.9109308641846502,0.934523596369731,89,0,89.0,3,0,1,"(33, 50)",0,0.0011025358324145535,71.0,57.0,full_trust,3,RECONNAISSANCE,6,"(26, 20)",False,1,False,90
0,0.0,True,0.0,0.942538741747927,0.9692750963267341,89,0,89.0,4,0,1,"(33, 50)",0,0.0011025358324145535,66.0,51.0,full_trust,4,RECONNAISSANCE,7,"(16, 25)",False,2,False,90
0,0.0,True,0.0,0.9,0.9,95,0,95.0,3,0,0,"(2, 41)",0,0.0,,,full_trust,3,RECONNAISSANCE,5,"(16, 41)",False,0,False,95
0,0.0,True,0.0,0.9109308641846502,0.934523596369731,94,0,94.0,3,0,1,"(33, 50)",0,0.0010964912280701754,71.0,57.0,full_trust,3,RECONNAISSANCE,6,"(26, 25)",False,1,False,95
0,0.0,True,0.0,0.9478543268201636,0.9723004174741416,94,0,94.0,4,0,1,"(33, 50)",0,0.0010964912280701754,66.0,51.0,full_trust,4,RECONNAISSANCE,7,"(16, 30)",False,2,False,95
0,0.0,True,0.0,0.9,0.9,100,0,100.0,4,0,0,"(2, 41)",0,0.001091703056768559,,,full_trust,4,RECONNAISSANCE,7,"(11, 41)",False,0,False,100
0,0.0,True,0.0,0.9109308641846502,0.934523596369731,99,0,99.0,4,0,1,"(33, 50)",0,0.001091703056768559,71.0,57.0,full_trust,4,RECONNAISSANCE,7,"(26, 30)",False,1,False,100
0,0.0,True,0.0,0.9539634915414905,0.9764340505740746,99,0,99.0,4,0,1,"(33, 50)",0,0.0,66.0,51.0,full_trust,4,RECONNAISSANCE,8,"(16, 35)",False,2,False,100
0,0.0,True,0.0,0.9,0.9,105,0,105.0,4,0,0,"(2, 41)",0,0.001081081081081081,,,full_trust,4,RECONNAISSANCE,7,"(7, 42)",False,0,False,105
0,0.0,True,0.0,0.9109308641846502,0.934523596369731,104,0,104.0,4,0,1,"(33, 50)",0,0.001081081081081081,71.0,57.0,full_trust,4,RECONNAISSANCE,7,"(28, 33)",False,1,False,105
0,0.0,True,0.0,0.9596416954226177,0.9805196459690927,104,0,104.0,4,0,1,"(33, 50)",0,0.0,66.0,51.0,full_trust,4,RECONNAISSANCE,8,"(16, 40)",False,2,False,105
0,0.0,True,0.0,0.9,0.9,110,0,110.0,4,0,0,"(2, 41)",0,0.0010438413361169101,,,full_trust,4,RECONNAISSANCE,7,"(3, 41)",False,0,False,110
0,0.0,True,0.0,0.9109308641846502,0.934523596369731,109,0,109.0,4,0,1,"(33, 50)",0,0.0010438413361169101,71.0,57.0,full_trust,4,RECONNAISSANCE,7,"(29, 37)",False,1,False,110
0,0.0,True,0.0,0.9647931351962924,0.9834613167014886,109,0,109.0,4,0,1,"(33, 50)",0,0.0,66.0,51.0,full_trust,4,RECONNAISSANCE,8,"(16, 45)",False,2,False,110
0,0.0,True,0.0,0.9,0.9,114,0,114.0,5,0,1,"(33, 50)",0,0.0010427528675703858,112.0,43.0,full_trust,5,RECONNAISSANCE,8,"(5, 41)",False,0,False,115
0,0.0,True,0.0,0.9134890342147007,0.938014274975196,114,0,114.0,4,0,1,"(33, 50)",0,0.0010427528675703858,71.0,57.0,full_trust,4,RECONNAISSANCE,7,"(29, 42)",False,1,False,115
0,0.0,True,0.0,0.9693616393010881,0.986024308799638,114,0,114.0,4,0,1,"(33, 50)",0,0.0,66.0,51.0,full_trust,4,RECONNAISSANCE,8,"(17, 49)",False,2,False,115
0,0.0,True,0.0,0.9,0.9,119,0,119.0,5,0,1,"(33, 50)",0,0.0010427528675703858,112.0,43.0,full_trust,5,RECONNAISSANCE,8,"(8, 43)",False,0,False,120
0,0.0,True,0.0,0.9202863743482217,0.9466681072540272,119,0,119.0,4,0,1,"(33, 50)",0,0.0010427528675703858,71.0,57.0,full_trust,4,RECONNAISSANCE,7,"(31, 45)",False,1,False,120
0,0.0,True,0.0,0.9734840809060896,0.9885265019716961,119,0,119.0,4,0,1,"(33, 50)",0,0.0,66.0,51.0,full_trust,4,RECONNAISSANCE,8,"(21, 50)",False,2,False,120
0,0.0,True,0.0,0.9,0.9,124,0,124.0,6,0,1,"(33, 50)",0,0.0010427528675703858,112.0,43.0,full_trust,6,RECONNAISSANCE,9,"(10, 46)",False,0,False,125
0,0.0,True,0.0,0.925969789999635,0.9536380334854196,124,0,124.0,4,0,1,"(33, 50)",0,0.0010427528675703858,71.0,57.0,full_trust,4,RECONNAISSANCE,8,"(31, 50)",False,1,False,125
0,0.0,True,0.0,0.9771775960982594,0.9904717143768926,124,0,124.0,4,0,1,"(33, 50)",0,0.0,66.0,51.0,full_trust,4,RECONNAISSANCE,9,"(26, 50)",False,2,False,125
0,0.0,True,0.0,0.9,0.9,129,0,129.0,6,0,1,"(33, 50)",0,0.0010427528675703858,112.0,43.0,full_trust,6,RECONNAISSANCE,9,"(13, 48)",False,0,False,130
0,0.0,True,0.0,0.9274192796543801,0.9549595830945375,128,0,128.0,5,0,1,"(33, 8)",0,0.0010427528675703858,71.0,57.0,full_trust,5,RECONNAISSANCE,9,"(33, 48)",False,1,False,130
0,0.0,True,0.0,0.9803833798276073,0.9918471585792535,129,0,129.0,4,0,1,"(33, 50)",0,0.0,66.0,51.0,full_trust,4,RECONNAISSANCE,9,"(31, 50)",False,2,False,130
0,0.0,True,0.0,0.9,0.9,134,0,134.0,6,0,1,"(33, 50)",0,0.0010427528675703858,112.0,43.0,full_trust,6,RECONNAISSANCE,9,"(17, 49)",False,0,False,135
0,0.0,True,0.0,0.9274192796543801,0.9549595830945375,133,0,133.0,5,0,1,"(33, 8)",0,0.0010427528675703858,71.0,57.0,full_trust,5,RECONNAISSANCE,9,"(30, 46)",False,1,False,135
0,0.0,True,0.0,0.9821109843455462,0.9927921190880866,133,0,133.0,5,0,1,"(33, 8)",0,0.0,66.0,51.0,full_trust,5,RECONNAISSANCE,10,"(33, 48)",False,2,False,135
0,0.0,True,0.0,0.9,0.9,139,0,139.0,6,0,1,"(33, 50)",0,0.0010427528675703858,112.0,43.0,full_trust,6,RECONNAISSANCE,9,"(22, 49)",False,0,False,140
0,0.0,True,0.0,0.9274192796543801,0.9549595830945375,138,0,138.0,5,0,1,"(33, 8)",0,0.0010427528675703858,71.0,57.0,full_trust,5,RECONNAISSANCE,9,"(30, 41)",False,1,False,140
0,0.0,True,0.0,0.9831788918773626,0.9931499323409408,138,0,138.0,5,0,1,"(33, 8)",0,0.0,66.0,51.0,full_trust,5,RECONNAISSANCE,10,"(30, 46)",False,2,False,140
0,0.0,True,0.0,0.9,0.9,144,0,144.0,6,0,1,"(33, 50)",0,0.0010427528675703858,112.0,43.0,full_trust,6,RECONNAISSANCE,9,"(26, 50)",False,0,False,145
0,0.0,True,0.0,0.9274192796543801,0.9549595830945375,143,0,143.0,5,0,1,"(33, 8)",0,0.0010427528675703858,71.0,57.0,full_trust,5,RECONNAISSANCE,9,"(29, 37)",False,1,False,145
0,0.0,True,0.0,0.9855811646012457,0.9942308460047228,143,0,143.0,5,0,1,"(33, 8)",0,0.0,66.0,51.0,full_trust,5,RECONNAISSANCE,10,"(29, 42)",False,2,False,145
0,0.0,True,0.0,0.9,0.9,149,0,149.0,6,0,1,"(33, 50)",0,0.06882168925964546,112.0,43.0,full_trust,6,RECONNAISSANCE,10,"(31, 50)",False,0,False,150
0,0.0,True,0.0,0.9274192796543801,0.9549595830945375,148,0,148.0,5,0,1,"(33, 8)",0,0.06882168925964546,71.0,57.0,full_trust,5,RECONNAISSANCE,10,"(29, 32)",False,1,False,150
0,0.0,True,0.0,0.9864527715368907,0.9946107233272965,148,0,148.0,5,0,1,"(33, 8)",0,0.06986444212721585,66.0,51.0,full_trust,5,RECONNAISSANCE,11,"(29, 37)",False,2,False,150
0,0.0,True,0.0,0.9,0.9,153,0,153.0,7,0,1,"(13, 50)",0,0.0640495867768595,112.0,43.0,full_trust,7,RECONNAISSANCE,11,"(31, 50)",False,0,False,155
0,0.0,True,0.0,0.9274192796543801,0.9549595830945375,153,0,153.0,5,0,1,"(33, 8)",0,0.0640495867768595,71.0,57.0,full_trust,5,RECONNAISSANCE,10,"(29, 27)",False,1,False,155
0,0.0,True,0.0,0.9864527715368907,0.9946107233272965,153,0,153.0,5,0,1,"(33, 8)",0,0.06508264462809918,66.0,51.0,full_trust,5,RECONNAISSANCE,11,"(29, 32)",False,2,False,155
0,0.0,True,0.0,0.9,0.9,158,0,158.0,7,0,1,"(13, 50)",0,0.06032719836400818,112.0,43.0,full_trust,7,RECONNAISSANCE,11,"(27, 49)",False,0,False,160
0,0.0,True,0.0,0.9274192796543801,0.9549595830945375,158,0,158.0,5,0,1,"(33, 8)",0,0.06032719836400818,71.0,57.0,full_trust,5,RECONNAISSANCE,10,"(29, 22)",False,1,False,160
0,0.0,True,0.0,0.9864527715368907,0.9946107233272965,158,0,158.0,5,0,1,"(33, 8)",0,0.06134969325153374,66.0,51.0,full_trust,5,RECONNAISSANCE,11,"(29, 27)",False,2,False,160
0,0.0,True,0.0,0.9,0.9,163,0,163.0,7,0,1,"(13, 50)",0,0.05504587155963303,112.0,43.0,full_trust,7,RECONNAISSANCE,11,"(22, 49)",False,0,False,165
0,0.0,True,0.0,0.9274192796543801,0.9549595830945375,163,0,163.0,6,0,1,"(33, 8)",0,0.05504587155963303,71.0,57.0,full_trust,6,RECONNAISSANCE,11,"(29, 17)",False,1,False,165
0,0.0,True,0.0,0.9864527715368907,0.9946107233272965,163,0,163.0,6,0,1,"(33, 8)",0,0.05606523955147808,66.0,51.0,full_trust,6,RECONNAISSANCE,12,"(29, 22)",False,2,False,165
0,0.0,True,0.0,0.9,0.9,168,0,168.0,7,0,1,"(13, 50)",0,0.053266331658291456,112.0,43.0,full_trust,7,RECONNAISSANCE,11,"(18, 50)",False,0,False,170
0,0.0,True,0.0,0.9274192796543801,0.9549595830945375,168,0,168.0,6,0,1,"(33, 8)",0,0.053266331658291456,71.0,57.0,full_trust,6,RECONNAISSANCE,11,"(30, 13)",False,1,False,170
0,0.0,True,0.0,0.9864527715368907,0.9946107233272965,168,0,168.0,6,0,1,"(33, 8)",0,0.054271356783919596,66.0,51.0,full_trust,6,RECONNAISSANCE,12,"(29, 17)",False,2,False,170
0,0.0,True,0.0,0.9,0.9,173,0,173.0,7,0,1,"(13, 50)",0,0.05005005005005005,112.0,43.0,full_trust,7,RECONNAISSANCE,12,"(13, 50)",False,0,False,175
0,0.0,True,0.0,0.9274192796543801,0.9549595830945375,173,0,173.0,6,0,1,"(33, 8)",0,0.05005005005005005,71.0,57.0,full_trust,6,RECONNAISSANCE,12,"(30, 8)",False,1,False,175
0,0.0,True,0.0,0.9864527715368907,0.9946107233272965,173,0,173.0,7,0,1,"(33, 8)",0,0.05105105105105105,66.0,51.0,full_trust,7,RECONNAISSANCE,13,"(30, 13)",False,2,False,175
0,0.0,True,0.0,0.9,0.9,177,0,177.0,8,0,2,"(2, 41)",0,0.05005005005005005,88.0,33.0,full_trust,8,RECONNAISSANCE,13,"(12, 47)",False,0,False,180
0,0.0,True,0.0,0.9274192796543801,0.9549595830945375,177,0,177.0,7,0,2,"(13, 50)",0,0.05005005005005005,89.5,54.0,full_trust,7,RECONNAISSANCE,13,"(32, 8)",False,1,False,180
0,0.0,True,0.0,0.9864527715368907,0.9946107233272965,178,0,178.0,7,0,1,"(33, 8)",0,0.05105105105105105,66.0,51.0,full_trust,7,RECONNAISSANCE,13,"(32, 10)",False,2,False,180
0,0.0,True,0.0,0.9,0.9,182,0,182.0,8,0,2,"(2, 41)",0,0.04904904904904905,88.0,33.0,full_trust,8,RECONNAISSANCE,13,"(8, 46)",False,0,False,185
0,0.0,True,0.0,0.9274192796543801,0.9549595830945375,182,0,182.0,7,0,2,"(13, 50)",0,0.04904904904904905,89.5,54.0,full_trust,7,RECONNAISSANCE,13,"(30, 11)",False,1,False,185
0,0.0,True,0.0,0.9864527715368907,0.9946107233272965,182,0,182.0,8,0,2,"(2, 20)",0,0.05005005005005005,92.0,51.0,full_trust,8,RECONNAISSANCE,14,"(32, 8)",False,2,False,185
0,0.0,True,0.0,0.9,0.9,187,0,187.0,8,0,2,"(2, 41)",0,0.04875621890547264,88.0,33.0,full_trust,8,RECONNAISSANCE,13,"(5, 44)",False,0,False,190
0,0.0,True,0.0,0.9274192796543801,0.9549595830945375,187,0,187.0,7,0,2,"(13, 50)",0,0.04875621890547264,89.5,54.0,full_trust,7,RECONNAISSANCE,13,"(29, 15)",False,1,False,190
0,0.0,True,0.0,0.9864527715368907,0.9946107233272965,187,0,187.0,8,0,2,"(2, 20)",0,0.04975124378109453,92.0,51.0,full_trust,8,RECONNAISSANCE,14,"(30, 11)",False,2,False,190
0,0.0,True,0.0,0.9,0.9,192,0,192.0,8,0,2,"(2, 41)",0,0.04776119402985075,88.0,33.0,full_trust,8,RECONNAISSANCE,13,"(3, 41)",False,0,False,195
0,0.0,True,0.0,0.9274192796543801,0.9549595830945375,192,0,192.0,7,0,2,"(13, 50)",0,0.04776119402985075,89.5,54.0,full_trust,7,RECONNAISSANCE,13,"(29, 20)",False,1,False,195
0,0.0,True,0.0,0.9864527715368907,0.9946107233272965,192,0,192.0,8,0,2,"(2, 20)",0,0.04875621890547264,92.0,51.0,full_trust,8,RECONNAISSANCE,14,"(29, 15)",False,2,False,195
0,0.0,True,0.0,0.9,0.9,196,0,196.0,9,0,2,"(2, 50)",0,0.046766169154228855,88.0,33.0,full_trust,9,RECONNAISSANCE,15,"(3, 43)",False,0,False,200
0,0.0,True,0.0,0.9274192796543801,0.9549595830945375,197,0,197.0,7,0,2,"(13, 50)",0,0.04776119402985075,89.5,54.0,full_trust,7,RECONNAISSANCE,14,"(29, 25)",False,1,False,200
0,0.0,True,0.0,0.9864527715368907,0.9946107233272965,197,0,197.0,8,0,2,"(2, 20)",0,0.04875621890547264,92.0,51.0,full_trust,8,RECONNAISSANCE,15,"(25, 16)",False,2,False,200
0,0.0,True,0.0,0.9,0.9,201,0,201.0,9,0,2,"(2, 50)",0,0.04568023833167825,88.0,33.0,full_trust,9,RECONNAISSANCE,15,"(3, 48)",False,0,False,205
0,0.0,True,0.0,0.9274192796543801,0.9549595830945375,202,0,202.0,7,0,2,"(13, 50)",0,0.04667328699106256,89.5,54.0,full_trust,7,RECONNAISSANCE,14,"(28, 29)",False,1,False,205
0,0.0,True,0.0,0.9864527715368907,0.9946107233272965,202,0,202.0,8,0,2,"(2, 20)",0,0.047666335650446874,92.0,51.0,full_trust,8,RECONNAISSANCE,15,"(21, 17)",False,2,False,205
0,0.0,True,0.0,0.9,0.9,205,0,205.0,10,0,3,"(33, 8)",0,0.036597428288822946,69.66666666666667,26.0,full_trust,10,RECONNAISSANCE,16,"(3, 50)",False,0,False,210
0,0.0,True,0.0,0.9274192796543801,0.9549595830945375,207,0,207.0,7,0,2,"(13, 50)",0,0.03758654797230465,89.5,54.0,full_trust,7,RECONNAISSANCE,14,"(28, 34)",False,1,False,210
0,0.0,True,0.0,0.9864527715368907,0.9946107233272965,207,0,207.0,9,0,2,"(2, 20)",0,0.03857566765578635,92.0,51.0,full_trust,9,RECONNAISSANCE,16,"(16, 17)",False,2,False,210
0,0.0,True,0.0,0.9,0.9,210,0,210.0,10,0,3,"(33, 8)",0,0.036597428288822946,69.66666666666667,26.0,full_trust,10,RECONNAISSANCE,16,"(5, 47)",False,0,False,215
0,0.0,True,0.0,0.9274192796543801,0.9549595830945375,212,0,212.0,7,0,2,"(13, 50)",0,0.03758654797230465,89.5,54.0,full_trust,7,RECONNAISSANCE,14,"(28, 39)",False,1,False,215
0,0.0,True,0.0,0.9864527715368907,0.9946107233272965,212,0,212.0,9,0,2,"(2, 20)",0,0.03857566765578635,92.0,51.0,full_trust,9,RECONNAISSANCE,16,"(15, 21)",False,2,False,215
0,0.0,True,0.0,0.9,0.9,215,0,215.0,10,0,3,"(33, 8)",0,0.03343166175024582,69.66666666666667,26.0,full_trust,10,RECONNAISSANCE,16,"(7, 44)",False,0,False,220
0,0.0,True,0.0,0.9344348517629912,0.9606565817252228,217,0,217.0,7,0,2,"(13, 50)",0,0.0344149459193707,89.5,54.0,full_trust,7,RECONNAISSANCE,14,"(28, 44)",False,1,False,220
0,0.0,True,0.0,0.9864527715368907,0.9946107233272965,217,0,217.0,9,0,2,"(2, 20)",0,0.035398230088495575,92.0,51.0,full_trust,9,RECONNAISSANCE,16,"(11, 20)",False,2,False,220
0,0.0,True,0.0,0.9,0.9,220,0,220.0,11,0,3,"(33, 8)",0,0.03148854961832061,69.66666666666667,26.0,full_trust,11,RECONNAISSANCE,17,"(9, 41)",False,0,False,225
0,0.0,True,0.0,0.9411371382123782,0.9661128212402458,222,0,222.0,7,0,2,"(13, 50)",0,0.03148854961832061,89.5,54.0,full_trust,7,RECONNAISSANCE,15,"(28, 49)",False,1,False,225
0,0.0,True,0.0,0.9864527715368907,0.9946107233272965,222,0,222.0,9,0,2,"(2, 20)",0,0.03244274809160305,92.0,51.0,full_trust,9,RECONNAISSANCE,17,"(6, 20)",False,2,False,225
0,0.0,True,0.0,0.9,0.9,225,0,225.0,11,0,3,"(33, 8)",0,0.02838221381267739,69.66666666666667,26.0,full_trust,11,RECONNAISSANCE,17,"(13, 40)",False,0,False,230
0,0.0,True,0.0,0.9475020713201595,0.971403539714871,227,0,227.0,7,0,2,"(13, 50)",0,0.02838221381267739,89.5,54.0,full_trust,7,RECONNAISSANCE,15,"(23, 49)",False,1,False,230
0,0.0,True,0.0,0.9864527715368907,0.9946107233272965,226,0,226.0,10,0,2,"(25, 2)",0,0.0293282876064333,92.0,51.0,full_trust,10,RECONNAISSANCE,18,"(2, 20)",False,2,False,230
0,0.0,True,0.0,0.9,0.9,230,0,230.0,11,0,3,"(33, 8)",0,0.020657276995305163,69.66666666666667,26.0,full_trust,11,RECONNAISSANCE,17,"(15, 37)",False,0,False,235
0,0.0,True,0.0,0.9535946967442124,0.9760204747211453,232,0,232.0,7,0,2,"(13, 50)",0,0.020657276995305163,89.5,54.0,full_trust,7,RECONNAISSANCE,15,"(18, 49)",False,1,False,235
0,0.0,True,0.0,0.9864527715368907,0.9946107233272965,231,0,231.0,10,0,2,"(25, 2)",0,0.0215962441314554,92.0,51.0,full_trust,10,RECONNAISSANCE,18,"(7, 20)",False,2,False,235
0,0.0,True,0.0,0.9,0.9,235,0,235.0,11,0,3,"(33, 8)",0,0.013133208255159476,69.66666666666667,26.0,full_trust,11,RECONNAISSANCE,17,"(16, 33)",False,0,False,240
0,0.0,True,0.0,0.9592128658146554,0.9797328107918403,237,0,237.0,7,0,2,"(13, 50)",0,0.013133208255159476,89.5,54.0,full_trust,7,RECONNAISSANCE,15,"(13, 49)",False,1,False,240
0,0.0,True,0.0,0.9864527715368907,0.9946107233272965,236,0,236.0,10,0,2,"(25, 2)",0,0.013133208255159476,92.0,51.0,full_trust,10,RECONNAISSANCE,18,"(11, 21)",False,2,False,240
0,0.0,True,0.0,0.9,0.9,240,0,240.0,11,0,3,"(33, 8)",0,0.011246485473289597,69.66666666666667,26.0,full_trust,11,RECONNAISSANCE,17,"(16, 28)",False,0,False,245
0,0.0,True,0.0,0.963313454697972,0.9821542766755109,241,0,241.0,8,0,2,"(2, 20)",0,0.011246485473289597,89.5,54.0,full_trust,8,RECONNAISSANCE,16,"(12, 48)",False,1,False,245
0,0.0,True,0.0,0.9868693052115803,0.9947834450306834,241,0,241.0,10,0,2,"(25, 2)",0,0.011246485473289597,92.0,51.0,full_trust,10,RECONNAISSANCE,18,"(16, 21)",False,2,False,245
0,0.0,True,0.0,0.9,0.9,245,0,245.0,12,0,3,"(33, 8)",0,0.011246485473289597,69.66666666666667,26.0,full_trust,12,RECONNAISSANCE,18,"(16, 23)",False,0,False,250
0,0.0,True,0.0,0.9679813891011949,0.9849640661826294,246,0,246.0,9,0,2,"(2, 20)",0,0.011246485473289597,89.5,54.0,full_trust,9,RECONNAISSANCE,17,"(10, 45)",False,1,False,250
0,0.0,True,0.0,0.9887948627517897,0.9957507269678731,246,0,246.0,10,0,2,"(25, 2)",0,0.011246485473289597,92.0,51.0,full_trust,10,RECONNAISSANCE,19,"(17, 17)",False,2,False,250
0,0.0,True,0.0,0.9,0.9,250,0,250.0,12,0,3,"(33, 8)",0,0.011246485473289597,69.66666666666667,26.0,full_trust,12,RECONNAISSANCE,18,"(18, 20)",False,0,False,255
0,0.0,True,0.0,0.9721839855627616,0.987430169755566,251,0,251.0,9,0,2,"(2, 20)",0,0.011246485473289597,89.5,54.0,full_trust,9,RECONNAISSANCE,17,"(7, 43)",False,1,False,255
0,0.0,True,0.0,0.990498317631696,0.9966654918055499,251,0,251.0,10,0,2,"(25, 2)",0,0.011246485473289597,92.0,51.0,full_trust,10,RECONNAISSANCE,19,"(22, 17)",False,2,False,255
0,0.0,True,0.0,0.9,0.9,255,0,255.0,12,0,3,"(33, 8)",0,0.010309278350515464,69.66666666666667,26.0,full_trust,12,RECONNAISSANCE,18,"(20, 17)",False,0,False,260
0,0.0,True,0.0,0.9759242631152351,0.9894525892695749,256,0,256.0,9,0,2,"(2, 20)",0,0.010309278350515464,89.5,54.0,full_trust,9,RECONNAISSANCE,17,"(4, 41)",False,1,False,260
0,0.0,True,0.0,0.9911225191760817,0.9969666631634783,256,0,256.0,10,0,2,"(25, 2)",0,0.010309278350515464,92.0,51.0,full_trust,10,RECONNAISSANCE,19,"(25, 15)",False,2,False,260
0,0.0,True,0.0,0.9,0.9,260,0,260.0,12,0,3,"(33, 8)",0,0.010232558139534883,69.66666666666667,26.0,full_trust,12,RECONNAISSANCE,18,"(24, 16)",False,0,False,265
0,0.0,True,0.0,0.9779464162323072,0.9905003194244005,261,0,261.0,9,0,2,"(2, 20)",0,0.010232558139534883,89.5,54.0,full_trust,9,RECONNAISSANCE,17,"(3, 37)",False,1,False,265
0,0.0,True,0.0,0.9925362807982144,0.997589244943177,261,0,261.0,10,0,2,"(25, 2)",0,0.010232558139534883,92.0,51.0,full_trust,10,RECONNAISSANCE,19,"(25, 10)",False,2,False,265
0,0.0,True,0.0,0.9,0.9,265,0,265.0,12,0,3,"(33, 8)",0,0.01004566210045662,69.66666666666667,26.0,full_trust,12,RECONNAISSANCE,18,"(25, 12)",False,0,False,270
0,0.0,True,0.0,0.9779464162323072,0.9905003194244005,266,0,266.0,9,0,2,"(2, 20)",0,0.01004566210045662,89.5,54.0,full_trust,9,RECONNAISSANCE,17,"(3, 32)",False,1,False,270
0,0.0,True,0.0,0.9937508879008411,0.9980780367386229,266,0,266.0,10,0,2,"(25, 2)",0,0.01004566210045662,92.0,51.0,full_trust,10,RECONNAISSANCE,19,"(25, 5)",False,2,False,270
0,0.0,True,0.0,0.9,0.9,270,0,270.0,12,0,3,"(33, 8)",0,0.00990990990990991,69.66666666666667,26.0,full_trust,12,RECONNAISSANCE,19,"(26, 8)",False,0,False,275
0,0.0,True,0.0,0.9779464162323072,0.9905003194244005,271,0,271.0,9,0,2,"(2, 20)",0,0.00990990990990991,89.5,54.0,full_trust,9,RECONNAISSANCE,18,"(3, 27)",False,1,False,275
0,0.0,True,0.0,0.9947819446209183,0.9984413964182518,270,0,270.0,11,0,3,"(33, 50)",0,0.00990990990990991,91.33333333333333,48.666666666666664,full_trust,11,RECONNAISSANCE,21,"(25, 3)",False,2,False,275
0,0.0,True,0.0,0.9,0.9,275,0,275.0,12,0,3,"(33, 8)",0,0.009900990099009901,69.66666666666667,26.0,full_trust,12,RECONNAISSANCE,19,"(31, 8)",False,0,False,280
0,0.0,True,0.0,0.9779464162323072,0.9905003194244005,276,0,276.0,9,0,2,"(2, 20)",0,0.009900990099009901,89.5,54.0,full_trust,9,RECONNAISSANCE,18,"(2, 23)",False,1,False,280
0,0.0,True,0.0,0.995655957612919,0.9987626076717389,275,0,275.0,11,0,3,"(33, 50)",0,0.009900990099009901,91.33333333333333,48.666666666666664,full_trust,11,RECONNAISSANCE,21,"(26, 7)",False,2,False,280
0,0.0,True,0.0,0.9,0.9,279,0,279.0,13,0,3,"(3, 8)",0,0.009900990099009901,69.66666666666667,26.0,full_trust,13,RECONNAISSANCE,20,"(31, 8)",False,0,False,285
0,0.0,True,0.0,0.9779464162323072,0.9905003194244005,280,0,280.0,10,0,3,"(2, 41)",0,0.009900990099009901,94.66666666666667,50.0,full_trust,10,RECONNAISSANCE,19,"(2, 21)",False,1,False,285
0,0.0,True,0.0,0.9963943390477106,0.9990036390859895,280,0,280.0,11,0,3,"(33, 50)",0,0.009900990099009901,91.33333333333333,48.666666666666664,full_trust,11,RECONNAISSANCE,21,"(26, 12)",False,2,False,285
0,0.0,True,0.0,0.9,0.9,284,0,284.0,13,0,3,"(3, 8)",0,0.011701170117011701,69.66666666666667,26.0,full_trust,13,RECONNAISSANCE,20,"(27, 9)",False,0,False,290
0,0.0,True,0.0,0.9779464162323072,0.9905003194244005,285,0,285.0,10,0,3,"(2, 41)",0,0.009900990099009901,94.66666666666667,50.0,full_trust,10,RECONNAISSANCE,19,"(3, 25)",False,1,False,290
0,0.0,True,0.0,0.9970119329392921,0.999186271752618,285,0,285.0,11,0,3,"(33, 50)",0,0.009900990099009901,91.33333333333333,48.666666666666664,full_trust,11,RECONNAISSANCE,21,"(26, 17)",False,2,False,290
0,0.0,True,0.0,0.9,0.9,289,0,289.0,13,0,3,"(3, 8)",0,0.0144014401440144,69.66666666666667,26.0,full_trust,13,RECONNAISSANCE,20,"(22, 9)",False,0,False,295
0,0.0,True,0.0,0.9779464162323072,0.9905003194244005,290,0,290.0,10,0,3,"(2, 41)",0,0.009900990099009901,94.66666666666667,50.0,full_trust,10,RECONNAISSANCE,19,"(3, 30)",False,1,False,295
0,0.0,True,0.0,0.9973307420217539,0.999275343101913,290,0,290.0,11,0,3,"(33, 50)",0,0.011701170117011701,91.33333333333333,48.666666666666664,full_trust,11,RECONNAISSANCE,21,"(28, 20)",False,2,False,295
0,0.0,True,0.0,0.9,0.9,294,0,294.0,16,0,3,"(3, 8)",0,0.050405040504050404,69.66666666666667,26.0,full_trust,16,ATTACK,23,"(17, 9)",False,0,False,300
0,0.0,True,0.0,0.9779464162323072,0.9905003194244005,295,0,295.0,10,0,3,"(2, 41)",0,0.0558055805580558,94.66666666666667,50.0,full_trust,10,ATTACK,20,"(3, 35)",False,1,False,300
0,0.0,True,0.0,0.9973307420217539,0.999275343101913,295,0,295.0,11,0,3,"(33, 50)",0,0.04950495049504951,91.33333333333333,48.666666666666664,full_trust,11,ATTACK,22,"(29, 24)",False,2,False,300
0,0.0,True,0.0,0.9,0.9,299,0,299.0,16,0,3,"(3, 8)",0,0.046804680468046804,69.66666666666667,26.0,full_trust,16,ATTACK,23,"(13, 8)",False,0,False,305
0,0.0,True,0.0,0.9779464162323072,0.9905003194244005,300,0,300.0,10,0,3,"(2, 41)",0,0.052205220522052204,94.66666666666667,50.0,full_trust,10,ATTACK,20,"(3, 40)",False,1,False,305
0,0.0,True,0.0,0.9973307420217539,0.999275343101913,300,0,300.0,11,0,3,"(33, 50)",0,0.04590459045904591,91.33333333333333,48.666666666666664,full_trust,11,ATTACK,22,"(29, 29)",False,2,False,305
0,0.0,True,0.0,0.9,0.9,304,0,304.0,16,0,3,"(3, 8)",0,0.046804680468046804,69.66666666666667,26.0,full_trust,16,ATTACK,23,"(8, 8)",False,0,False,310
0,0.0,True,0.0,0.9779464162323072,0.9905003194244005,304,0,304.0,11,0,3,"(15, 2)",0,0.052205220522052204,94.66666666666667,50.0,full_trust,11,ATTACK,21,"(3, 40)",False,1,False,310
0,0.0,True,0.0,0.9973307420217539,0.999275343101913,305,0,305.0,11,0,3,"(33, 50)",0,0.04590459045904591,91.33333333333333,48.666666666666664,full_trust,11,ATTACK,22,"(29, 34)",False,2,False,310
0,0.0,True,0.0,0.9,0.9,309,0,309.0,16,0,3,"(3, 8)",0,0.046804680468046804,69.66666666666667,26.0,full_trust,16,ATTACK,23,"(3, 8)",False,0,False,315
0,0.0,True,0.0,0.9779464162323072,0.9905003194244005,309,0,309.0,11,0,3,"(15, 2)",0,0.05130513051305131,94.66666666666667,50.0,full_trust,11,ATTACK,21,"(5, 37)",False,1,False,315
0,0.0,True,0.0,0.9973307420217539,0.999275343101913,310,0,310.0,11,0,3,"(33, 50)",0,0.045004500450045004,91.33333333333333,48.666666666666664,full_trust,11,ATTACK,22,"(29, 39)",False,2,False,315
0,0.0,True,0.0,0.9,0.9,313,0,313.0,17,0,4,"(2, 20)",0,0.04659498207885305,79.0,27.75,full_trust,17,ATTACK,24,"(7, 8)",False,0,False,320
0,0.0,True,0.0,0.9779464162323072,0.9905003194244005,314,0,314.0,11,0,3,"(15, 2)",0,0.051075268817204304,94.66666666666667,50.0,full_trust,11,ATTACK,21,"(5, 32)",False,1,False,320
0,0.0,True,0.0,0.9973307420217539,0.999275343101913,315,0,315.0,11,0,3,"(33, 50)",0,0.044802867383512544,91.33333333333333,48.666666666666664,full_trust,11,ATTACK,22,"(31, 42)",False,2,False,320
0,0.0,True,0.0,0.9,0.9,318,0,318.0,18,0,4,"(2, 20)",0,0.0456140350877193,79.0,27.75,full_trust,18,ATTACK,25,"(12, 8)",False,0,False,325
0,0.0,True,0.0,0.9779464162323072,0.9905003194244005,319,0,319.0,11,0,3,"(15, 2)",0,0.05,94.66666666666667,50.0,full_trust,11,ATTACK,22,"(7, 29)",False,1,False,325
0,0.0,True,0.0,0.9973307420217539,0.999275343101913,320,0,320.0,11,0,3,"(33, 50)",0,0.04298245614035088,91.33333333333333,48.666666666666664,full_trust,11,ATTACK,23,"(31, 47)",False,2,False,325
0,0.0,True,0.0,0.9,0.9,323,0,323.0,18,0,4,"(2, 20)",0,0.03943908851884312,79.0,27.75,full_trust,18,ATTACK,25,"(14, 11)",False,0,False,330
0,0.0,True,0.0,0.9779464162323072,0.9905003194244005,324,0,324.0,11,0,3,"(15, 2)",0,0.04382120946538125,94.66666666666667,50.0,full_trust,11,ATTACK,22,"(7, 24)",False,1,False,330
0,0.0,True,0.0,0.9973307420217539,0.999275343101913,325,0,325.0,11,0,3,"(33, 50)",0,0.040315512708150744,91.33333333333333,48.666666666666664,full_trust,11,ATTACK,23,"(33, 50)",False,2,False,330
0,0.0,True,0.0,0.9,0.9,328,0,328.0,18,0,4,"(2, 20)",0,0.03418054338299737,79.0,27.75,full_trust,18,ATTACK,25,"(14, 16)",False,0,False,335
0,0.0,True,0.0,0.9779464162323072,0.9905003194244005,329,0,329.0,11,0,3,"(15, 2)",0,0.03768624014022787,94.66666666666667,50.0,full_trust,11,ATTACK,22,"(8, 20)",False,1,False,335
0,0.0,True,0.0,0.9973307420217539,0.999275343101913,329,0,329.0,12,0,3,"(33, 8)",0,0.03418054338299737,91.33333333333333,48.666666666666664,full_trust,12,ATTACK,24,"(33, 46)",False,2,False,335
0,0.0,True,0.0,0.9,0.9,333,0,333.0,18,0,4,"(2, 20)",0,0.032541776605101144,79.0,27.75,full_trust,18,ATTACK,25,"(13, 20)",False,0,False,340
0,0.0,True,0.0,0.7616540564743094,0.7894453541494975,333,0,333.0,11,1,3,"(15, 2)",0,0.03690685413005272,94.66666666666667,50.0,full_trust,11,ATTACK,22,"(12, 20)",False,1,False,340
4,0.0,True,0.0,0.9973307420217539,0.999275343101913,334,0,334.0,12,0,3,"(33, 8)",0,0.036939313984168866,91.33333333333333,48.666666666666664,full_trust,12,ATTACK,24,"(30, 44)",False,2,False,340
0,0.0,True,0.0,0.9,0.9,337,0,337.0,18,1,4,"(2, 20)",0,0.032541776605101144,79.0,27.75,full_trust,18,ATTACK,25,"(9, 20)",False,0,False,345
0,0.0,True,0.0,0.7755896881913182,0.8412230178848739,336,0,336.0,13,3,3,"(15, 2)",0,0.03602811950790861,94.66666666666667,50.0,full_trust,13,ATTACK,24,"(10, 21)",False,1,False,345
0,0.0,True,0.0,0.9973307420217539,0.999275343101913,339,0,339.0,12,0,3,"(33, 8)",0,0.03342128408091469,91.33333333333333,48.666666666666664,full_trust,12,ATTACK,24,"(29, 40)",False,2,False,345
0,0.0,True,0.0,0.9,0.9,342,0,342.0,18,1,4,"(2, 20)",0,0.032541776605101144,79.0,27.75,full_trust,18,ATTACK,26,"(4, 20)",False,0,False,350
0,0.0,True,0.0,0.7954964530123523,0.875485296221502,341,0,341.0,13,3,3,"(15, 2)",0,0.033391915641476276,94.66666666666667,50.0,full_trust,13,ATTACK,25,"(14, 20)",False,1,False,350
0,0.0,True,0.0,0.9973307420217539,0.999275343101913,344,0,344.0,12,0,3,"(33, 8)",0,0.03342128408091469,91.33333333333333,48.666666666666664,full_trust,12,ATTACK,25,"(29, 35)",False,2,False,350
0,0.0,True,0.0,0.9,0.9,346,0,346.0,19,1,4,"(24, 45)",0,0.032541776605101144,79.0,27.75,full_trust,19,ATTACK,27,"(4, 20)",False,0,False,355
0,0.0,True,0.0,0.8166286654210582,0.8967919008746142,346,0,346.0,13,3,3,"(15, 2)",0,0.033391915641476276,94.66666666666667,50.0,full_trust,13,ATTACK,25,"(15, 16)",False,1,False,355
0,0.0,True,0.0,0.9973307420217539,0.999275343101913,349,0,349.0,12,0,3,"(33, 8)",0,0.03342128408091469,91.33333333333333,48.666666666666664,full_trust,12,ATTACK,25,"(29, 30)",False,2,False,355
0,0.0,True,0.0,0.9,0.9,351,0,351.0,19,1,4,"(24, 45)",0,0.03268551236749117,79.0,27.75,full_trust,19,ATTACK,27,"(9, 20)",False,0,False,360
0,0.0,True,0.0,0.8370416679566386,0.9125576350405268,351,0,351.0,13,3,3,"(15, 2)",0,0.033480176211453744,94.66666666666667,50.0,full_trust,13,ATTACK,25,"(15, 11)",False,1,False,360
0,0.0,True,0.0,0.9973307420217539,0.999275343101913,354,0,354.0,12,0,3,"(33, 8)",0,0.03356890459363958,91.33333333333333,48.666666666666664,full_trust,12,ATTACK,25,"(29, 25)",False,2,False,360
0,0.0,True,0.0,0.9,0.9,356,0,356.0,19,1,4,"(24, 45)",0,0.03268551236749117,79.0,27.75,full_trust,19,ATTACK,27,"(13, 21)",False,0,False,365
0,0.0,True,0.0,0.8559287534994289,0.9249664164753925,356,0,356.0,13,3,3,"(15, 2)",0,0.033480176211453744,94.66666666666667,50.0,full_trust,13,ATTACK,25,"(15, 6)",False,1,False,365
0,0.0,True,0.0,0.9973307420217539,0.999275343101913,359,0,359.0,12,0,3,"(33, 8)",0,0.03356890459363958,91.33333333333333,48.666666666666664,full_trust,12,ATTACK,25,"(29, 20)",False,2,False,365
0,0.0,True,0.0,0.9,0.9,361,0,361.0,19,1,4,"(24, 45)",0,0.027385159010600707,79.0,27.75,full_trust,19,ATTACK,27,"(15, 24)",False,0,False,370
0,0.0,True,0.0,0.8595359392264239,0.9280724680393297,360,0,360.0,14,3,4,"(33, 50)",0,0.024669603524229075,92.5,53.0,full_trust,14,ATTACK,26,"(15, 2)",False,1,False,370
0,0.0,True,0.0,0.9973307420217539,0.999275343101913,364,0,364.0,12,0,3,"(33, 8)",0,0.024734982332155476,91.33333333333333,48.666666666666664,full_trust,12,ATTACK,25,"(30, 16)",False,2,False,370
0,0.0,True,0.0,0.9,0.9,366,0,366.0,20,1,4,"(24, 45)",0,0.02294792586054722,79.0,27.75,full_trust,20,ATTACK,28,"(17, 27)",False,0,False,375
11,6.405012090619948,True,6.405012090619948,0.5418370771144855,0.5418370771144855,365,0,365.0,15,3,4,"(33, 50)",11,0.022007042253521125,92.5,53.0,full_trust,15,ATTACK,28,"(15, 7)",True,1,True,375
17,0.0,True,0.0,0.9973307420217539,0.999275343101913,369,0,369.0,12,0,3,"(33, 8)",0,0.037069726390114736,91.33333333333333,48.666666666666664,full_trust,12,ATTACK,26,"(30, 11)",False,2,False,375
0,0.0,True,0.0,0.9,0.9,371,0,371.0,20,1,4,"(24, 45)",0,0.0176522506619594,79.0,27.75,full_trust,20,ATTACK,28,"(19, 30)",False,0,False,380
0,0.0,False,0.0,0.24105749852196046,0.24105749852196046,370,0,370.0,16,3,4,"(33, 50)",0,0.018485915492957746,92.5,53.0,full_trust,16,ATTACK,29,"(15, 12)",False,1,False,380
17,0.0,True,0.0,0.9973307420217539,0.999275343101913,374,0,374.0,12,0,3,"(33, 8)",0,0.02736098852603707,91.33333333333333,48.666666666666664,full_trust,12,ATTACK,26,"(32, 8)",False,2,False,380
0,0.0,True,0.0,0.9,0.9,376,0,376.0,20,1,4,"(24, 45)",0,0.017605633802816902,79.0,27.75,full_trust,20,ATTACK,28,"(20, 34)",False,0,False,385
0,0.0,False,0.0,0.2565096666224256,0.3488739490787765,375,0,375.0,16,3,4,"(33, 50)",0,0.0158311345646438,92.5,53.0,full_trust,16,ATTACK,29,"(16, 16)",False,1,False,385
17,0.0,True,0.0,0.9973307420217539,0.999275343101913,378,0,378.0,13,0,4,"(33, 30)",0,0.030809859154929578,95.5,49.25,full_trust,13,ATTACK,27,"(33, 11)",False,2,False,385
0,0.0,True,0.0,0.9,0.9,381,0,381.0,20,1,4,"(24, 45)",0,0.013146362839614373,79.0,27.75,full_trust,20,ATTACK,28,"(20, 39)",False,0,False,390
0,0.0,False,0.0,0.2918095443405798,0.44959630191895833,380,0,380.0,16,3,4,"(33, 50)",0,0.013146362839614373,92.5,53.0,full_trust,16,ATTACK,29,"(16, 21)",False,1,False,390
17,0.0,True,0.0,0.9973307420217539,0.999275343101913,383,0,383.0,13,0,4,"(33, 30)",0,0.028045574057843997,95.5,49.25,full_trust,13,ATTACK,27,"(29, 12)",False,2,False,390
0,0.0,True,0.0,0.9,0.9,386,0,386.0,20,1,4,"(24, 45)",0,0.011393514460999123,79.0,27.75,full_trust,20,ATTACK,28,"(24, 40)",False,0,False,395
0,0.0,True,0.0,0.3391011481560835,0.5306588210315893,385,0,385.0,16,3,4,"(33, 50)",0,0.011393514460999123,92.5,53.0,full_trust,16,ATTACK,29,"(18, 24)",False,1,False,395
17,0.0,True,0.0,0.9973307420217539,0.999275343101913,388,0,388.0,13,0,4,"(33, 30)",0,0.026292725679228746,95.5,49.25,full_trust,13,ATTACK,27,"(29, 17)",False,2,False,395
0,0.0,True,0.0,0.9,0.9,391,0,391.0,20,1,4,"(24, 45)",0,0.011393514460999123,79.0,27.75,full_trust,20,ATTACK,29,"(25, 44)",False,0,False,400
0,0.0,True,0.0,0.38158049678980754,0.5870312457667209,390,0,390.0,16,3,4,"(33, 50)",0,0.011393514460999123,92.5,53.0,full_trust,16,ATTACK,30,"(22, 25)",False,1,False,400
17,0.0,True,0.0,0.9973307420217539,0.999275343101913,393,0,393.0,13,0,4,"(33, 30)",0,0.026292725679228746,95.5,49.25,full_trust,13,ATTACK,28,"(29, 22)",False,2,False,400
0,0.0,True,0.0,0.9,0.9,395,0,395.0,21,1,5,"(21, 17)",0,0.011393514460999123,80.6,32.2,full_trust,21,ATTACK,30,"(25, 44)",False,0,False,405
0,0.0,True,0.0,0.39264905774019276,0.6029517157975117,395,0,395.0,16,3,4,"(33, 50)",0,0.011393514460999123,92.5,53.0,full_trust,16,ATTACK,30,"(24, 28)",False,1,False,405
17,0.0,True,0.0,0.9973307420217539,0.999275343101913,398,0,398.0,13,0,4,"(33, 30)",0,0.026292725679228746,95.5,49.25,full_trust,13,ATTACK,28,"(29, 27)",False,2,False,405
0,0.0,True,0.0,0.9,0.9,400,0,400.0,21,1,5,"(21, 17)",0,0.011393514460999123,80.6,32.2,full_trust,21,ATTACK,30,"(24, 40)",False,0,False,410
0,0.0,True,0.0,0.4266100324337915,0.6415334436130485,400,0,400.0,16,3,4,"(33, 50)",0,0.011393514460999123,92.5,53.0,full_trust,16,ATTACK,30,"(27, 30)",False,1,False,410
17,0.0,True,0.0,0.9973307420217539,0.999275343101913,403,0,403.0,13,0,4,"(33, 30)",0,0.026292725679228746,95.5,49.25,full_trust,13,ATTACK,28,"(31, 30)",False,2,False,410
0,0.0,True,0.0,0.9,0.9,405,0,405.0,21,1,5,"(21, 17)",0,0.011393514460999123,80.6,32.2,full_trust,21,ATTACK,30,"(20, 39)",False,0,False,415
3,0.0,True,0.0,0.471769463203076,0.6870985176837271,405,0,405.0,16,3,4,"(33, 50)",0,0.014022787028921999,92.5,53.0,full_trust,16,ATTACK,30,"(27, 35)",False,1,False,415
20,0.0,True,0.0,0.9973307420217539,0.999275343101913,407,0,407.0,15,0,4,"(2, 41)",0,0.028921998247151623,95.5,49.25,full_trust,15,ATTACK,30,"(31, 30)",False,2,False,415
0,0.0,True,0.0,0.9,0.9,410,0,410.0,21,1,5,"(21, 17)",0,0.011393514460999123,80.6,32.2,full_trust,21,ATTACK,30,"(19, 35)",False,0,False,420
0,0.0,True,0.0,0.5279243087721561,0.7388578646681393,410,0,410.0,16,3,4,"(33, 50)",0,0.011393514460999123,92.5,53.0,full_trust,16,ATTACK,30,"(27, 40)",False,1,False,420
17,0.0,True,0.0,0.9975232888861632,0.9993150236906403,412,0,412.0,16,0,4,"(2, 41)",0,0.026292725679228746,95.5,49.25,full_trust,16,ATTACK,31,"(28, 32)",False,2,False,420
0,0.0,True,0.0,0.9,0.9,415,0,415.0,21,1,5,"(21, 17)",0,0.011393514460999123,80.6,32.2,full_trust,21,ATTACK,31,"(19, 30)",False,0,False,425
0,0.0,True,0.0,0.5815016599923055,0.7796183415435307,415,0,415.0,17,3,4,"(33, 50)",0,0.011393514460999123,92.5,53.0,full_trust,17,ATTACK,31,"(27, 45)",False,1,False,425
17,0.0,True,0.0,0.9979428770688418,0.999416317695644,417,0,417.0,16,0,4,"(2, 41)",0,0.026292725679228746,95.5,49.25,full_trust,16,ATTACK,32,"(28, 37)",False,2,False,425
0,0.0,True,0.0,0.9,0.9,420,0,420.0,21,1,5,"(21, 17)",0,0.011393514460999123,80.6,32.2,full_trust,21,ATTACK,31,"(19, 25)",False,0,False,430
0,0.0,True,0.0,0.6017926782063862,0.7925216731802199,420,0,420.0,17,3,4,"(33, 50)",0,0.011393514460999123,92.5,53.0,full_trust,17,ATTACK,31,"(29, 48)",False,1,False,430
17,0.0,True,0.0,0.9982893968840697,0.9995096469825131,422,0,422.0,16,0,4,"(2, 41)",0,0.026292725679228746,95.5,49.25,full_trust,16,ATTACK,32,"(23, 37)",False,2,False,430
0,0.0,True,0.0,0.9,0.9,425,0,425.0,21,1,5,"(21, 17)",0,0.011393514460999123,80.6,32.2,full_trust,21,ATTACK,31,"(19, 20)",False,0,False,435
0,0.0,True,0.0,0.6017926782063862,0.7925216731802199,425,0,425.0,17,3,4,"(33, 50)",0,0.011393514460999123,92.5,53.0,full_trust,17,ATTACK,31,"(32, 50)",False,1,False,435
17,0.0,True,0.0,0.9985766816186799,0.9995869599526168,427,0,427.0,16,0,4,"(2, 41)",0,0.026292725679228746,95.5,49.25,full_trust,16,ATTACK,32,"(18, 37)",False,2,False,435
0,0.0,True,0.0,0.9,0.9,430,0,430.0,21,1,5,"(21, 17)",0,0.011393514460999123,80.6,32.2,full_trust,21,ATTACK,31,"(21, 17)",False,0,False,440
0,0.0,True,0.0,0.6017926782063862,0.7925216731802199,429,0,429.0,18,3,4,"(33, 30)",0,0.012269938650306749,92.5,53.0,full_trust,18,ATTACK,32,"(33, 47)",False,1,False,440
17,0.0,True,0.0,0.9988133753527165,0.999642205894975,432,0,432.0,16,0,4,"(2, 41)",0,0.026292725679228746,95.5,49.25,full_trust,16,ATTACK,32,"(13, 37)",False,2,False,440
0,0.0,True,0.0,0.9,0.9,434,0,434.0,22,1,5,"(15, 2)",0,0.011393514460999123,80.6,32.2,full_trust,22,ATTACK,32,"(17, 17)",False,0,False,445
0,0.0,True,0.0,0.6017926782063862,0.7925216731802199,434,0,434.0,18,3,4,"(33, 30)",0,0.013146362839614373,92.5,53.0,full_trust,18,ATTACK,32,"(29, 46)",False,1,False,445
16,0.0,True,0.0,0.9988552310500106,0.9996504892985981,437,0,437.0,16,0,4,"(2, 41)",0,0.025416301489921123,95.5,49.25,full_trust,16,ATTACK,32,"(12, 41)",False,2,False,445
0,0.0,True,0.0,0.9,0.9,439,0,439.0,22,1,5,"(15, 2)",0,0.051709027169149865,80.6,32.2,full_trust,22,ATTACK,33,"(15, 14)",False,0,False,450
0,0.0,True,0.0,0.6017926782063862,0.7925216731802199,439,0,439.0,18,3,4,"(33, 30)",0,0.05346187554776512,92.5,53.0,full_trust,18,ATTACK,33,"(29, 41)",False,1,False,450
0,0.0,True,0.0,0.9988552310500106,0.9996504892985981,442,0,442.0,16,0,4,"(2, 41)",0,0.05083260297984225,95.5,49.25,full_trust,16,ATTACK,33,"(7, 41)",False,2,False,450
0,0.0,True,0.0,0.9,0.9,444,0,444.0,22,1,5,"(15, 2)",0,0.04820333041191937,80.6,32.2,full_trust,22,ATTACK,33,"(15, 9)",False,0,False,455
9,0.0,True,0.0,0.6017926782063862,0.7925216731802199,444,0,444.0,18,3,4,"(33, 30)",0,0.05696757230499562,92.5,53.0,full_trust,18,ATTACK,33,"(29, 36)",False,1,False,455
9,0.0,True,0.0,0.9988552310500106,0.9996504892985981,447,0,447.0,16,0,4,"(2, 41)",0,0.04995617879053462,95.5,49.25,full_trust,16,ATTACK,33,"(2, 41)",False,2,False,455
0,0.0,True,0.0,0.9,0.9,449,0,449.0,22,1,5,"(15, 2)",0,0.04820333041191937,80.6,32.2,full_trust,22,ATTACK,33,"(15, 4)",False,0,False,460
9,0.0,True,0.0,0.6017926782063862,0.7925216731802199,449,0,449.0,18,3,4,"(33, 30)",0,0.05696757230499562,92.5,53.0,full_trust,18,ATTACK,33,"(29, 31)",False,1,False,460
9,0.0,True,0.0,0.9988552310500106,0.9996504892985981,451,0,451.0,17,0,5,"(21, 17)",0,0.04995617879053462,91.2,48.0,full_trust,17,ATTACK,34,"(6, 41)",False,2,False,460
0,0.0,True,0.0,0.9,0.9,453,0,453.0,23,1,6,"(33, 30)",0,0.04820333041191937,77.16666666666667,30.5,full_trust,23,ATTACK,34,"(15, 4)",False,0,False,465
9,0.0,True,0.0,0.6017926782063862,0.7925216731802199,454,0,454.0,18,3,4,"(33, 30)",0,0.05696757230499562,92.5,53.0,full_trust,18,ATTACK,33,"(33, 30)",False,1,False,465
9,0.0,True,0.0,0.9988552310500106,0.9996504892985981,456,0,456.0,17,0,5,"(21, 17)",0,0.049079754601226995,91.2,48.0,full_trust,17,ATTACK,34,"(8, 38)",False,2,False,465
0,0.0,True,0.0,0.9,0.9,458,0,458.0,23,1,6,"(33, 30)",0,0.04820333041191937,77.16666666666667,30.5,full_trust,23,ATTACK,34,"(17, 7)",False,0,False,470
9,0.0,True,0.0,0.6017926782063862,0.7925216731802199,458,0,458.0,19,3,5,"(2, 50)",0,0.056091148115687994,93.2,48.2,full_trust,19,ATTACK,34,"(29, 30)",False,1,False,470
9,0.0,True,0.0,0.9988552310500106,0.9996504892985981,461,0,461.0,17,0,5,"(21, 17)",0,0.05258545135845749,91.2,48.0,full_trust,17,ATTACK,34,"(11, 36)",False,2,False,470
0,0.0,True,0.0,0.9,0.9,463,0,463.0,23,1,6,"(33, 30)",0,0.04820333041191937,77.16666666666667,30.5,full_trust,23,ATTACK,35,"(17, 12)",False,0,False,475
9,0.0,True,0.0,0.6017926782063862,0.7925216731802199,463,0,463.0,20,3,5,"(2, 50)",0,0.05433829973707274,93.2,48.2,full_trust,20,ATTACK,35,"(27, 33)",False,1,False,475
9,0.0,True,0.0,0.9988552310500106,0.9996504892985981,466,0,466.0,18,0,5,"(21, 17)",0,0.049079754601226995,91.2,48.0,full_trust,18,ATTACK,35,"(15, 35)",False,2,False,475
0,0.0,True,0.0,0.9,0.9,468,0,468.0,23,1,6,"(33, 30)",0,0.04645048203330412,77.16666666666667,30.5,full_trust,23,ATTACK,35,"(17, 17)",False,0,False,480
9,0.0,True,0.0,0.6017926782063862,0.7925216731802199,468,0,468.0,20,3,5,"(2, 50)",0,0.04732690622261174,93.2,48.2,full_trust,20,ATTACK,35,"(25, 36)",False,1,False,480
9,0.0,True,0.0,0.9988552310500106,0.9996504892985981,471,0,471.0,19,0,5,"(21, 17)",0,0.04645048203330412,91.2,48.0,full_trust,19,ATTACK,36,"(16, 31)",False,2,False,480
0,0.0,True,0.0,0.9,0.9,473,0,473.0,23,1,6,"(33, 30)",0,0.04294478527607362,77.16666666666667,30.5,full_trust,23,ATTACK,35,"(18, 21)",False,0,False,485
9,0.0,True,0.0,0.6017926782063862,0.7925216731802199,473,0,473.0,20,3,5,"(2, 50)",0,0.04645048203330412,93.2,48.2,full_trust,20,ATTACK,35,"(24, 40)",False,1,False,485
9,0.0,True,0.0,0.9988955730028937,0.9996620701076727,476,0,476.0,19,0,5,"(21, 17)",0,0.04557405784399649,91.2,48.0,full_trust,19,ATTACK,36,"(18, 28)",False,2,False,485
0,0.0,True,0.0,0.9,0.9,478,0,478.0,23,1,6,"(33, 30)",0,0.04294478527607362,77.16666666666667,30.5,full_trust,23,ATTACK,35,"(20, 24)",False,0,False,490
16,0.0,True,0.0,0.6017926782063862,0.7925216731802199,478,0,478.0,20,3,5,"(2, 50)",0,0.04820333041191937,93.2,48.2,full_trust,20,ATTACK,35,"(19, 40)",False,1,False,490
16,13.065716240756029,True,13.065716240756029,0.9990786002562235,0.9997317489182759,481,0,481.0,19,0,5,"(21, 17)",0,0.04820333041191937,91.2,48.0,full_trust,19,ATTACK,37,"(18, 23)",False,2,False,490
0,0.0,True,0.0,0.9,0.9,483,0,483.0,23,1,6,"(33, 30)",0,0.040315512708150744,77.16666666666667,30.5,full_trust,23,ATTACK,35,"(23, 26)",False,0,False,495
16,0.0,True,0.0,0.6017926782063862,0.7925216731802199,483,0,483.0,20,3,5,"(2, 50)",0,0.04557405784399649,93.2,48.2,full_trust,20,ATTACK,35,"(15, 41)",False,1,False,495
9,0.0,True,0.0,0.8825468230968712,0.8825468230968712,486,0,486.0,20,0,5,"(21, 17)",0,0.042068361086765996,91.2,48.0,full_trust,20,ATTACK,40,"(18, 18)",False,2,False,495
0,0.0,True,0.0,0.9,0.9,488,0,488.0,23,1,6,"(33, 30)",0,0.03593339176161262,77.16666666666667,30.5,full_trust,23,ATTACK,36,"(24, 30)",False,0,False,500
16,0.0,True,0.0,0.6017926782063862,0.7925216731802199,488,0,488.0,21,3,5,"(2, 50)",0,0.04294478527607362,93.2,48.2,full_trust,21,ATTACK,36,"(10, 41)",False,1,False,500
9,0.0,True,0.0,0.8831224580989794,0.8902356969205826,490,0,490.0,21,0,5,"(2, 50)",0,0.040315512708150744,91.2,48.0,full_trust,21,ATTACK,42,"(21, 17)",False,2,False,500
0,0.0,True,0.0,0.9,0.9,493,0,493.0,23,1,6,"(33, 30)",0,0.035056967572304996,77.16666666666667,30.5,full_trust,23,ATTACK,36,"(29, 30)",False,0,False,505
16,0.0,True,0.0,0.6017926782063862,0.7925216731802199,493,0,493.0,21,3,5,"(2, 50)",0,0.04294478527607362,93.2,48.2,full_trust,21,ATTACK,36,"(7, 43)",False,1,False,505
9,0.0,True,0.0,0.8836526072426609,0.8937254409726095,495,0,495.0,21,0,5,"(2, 50)",0,0.040315512708150744,91.2,48.0,full_trust,21,ATTACK,42,"(17, 18)",False,2,False,505
0,0.0,True,0.0,0.9,0.9,497,0,497.0,24,1,6,"(25, 2)",0,0.033304119193689745,77.16666666666667,30.5,full_trust,24,ATTACK,37,"(33, 30)",False,0,False,510
16,0.0,True,0.0,0.6017926782063862,0.7925216731802199,498,0,498.0,21,3,5,"(2, 50)",0,0.04382120946538125,93.2,48.2,full_trust,21,ATTACK,36,"(4, 45)",False,1,False,510
9,0.0,True,0.0,0.886033102111164,0.9033865678327792,500,0,500.0,21,0,5,"(2, 50)",0,0.040315512708150744,91.2,48.0,full_trust,21,ATTACK,42,"(17, 23)",False,2,False,510
0,0.0,True,0.0,0.9,0.9,502,0,502.0,24,1,6,"(25, 2)",0,0.03155127081507449,77.16666666666667,30.5,full_trust,24,ATTACK,37,"(29, 29)",False,0,False,515
16,0.0,True,0.0,0.6017926782063862,0.7925216731802199,503,0,503.0,21,3,5,"(2, 50)",0,0.042068361086765996,93.2,48.2,full_trust,21,ATTACK,36,"(3, 49)",False,1,False,515
9,0.0,True,0.0,0.8920208354621375,0.9175938695100859,505,0,505.0,21,0,5,"(2, 50)",0,0.03856266432953549,91.2,48.0,full_trust,21,ATTACK,42,"(17, 28)",False,2,False,515
0,0.0,True,0.0,0.9,0.9,507,0,507.0,24,1,6,"(25, 2)",0,0.03067484662576687,77.16666666666667,30.5,full_trust,24,ATTACK,37,"(27, 26)",False,0,False,520
16,0.0,True,0.0,0.6017926782063862,0.7925216731802199,507,0,507.0,22,3,5,"(24, 45)",0,0.042068361086765996,93.2,48.2,full_trust,22,ATTACK,37,"(3, 49)",False,1,False,520
9,0.0,True,0.0,0.8981119304654334,0.9288656071466085,510,0,510.0,21,0,5,"(2, 50)",0,0.03856266432953549,91.2,48.0,full_trust,21,ATTACK,42,"(16, 32)",False,2,False,520
0,0.0,True,0.0,0.9,0.9,512,0,512.0,24,1,6,"(25, 2)",0,0.03067484662576687,77.16666666666667,30.5,full_trust,24,ATTACK,38,"(26, 22)",False,0,False,525
16,0.0,True,0.0,0.6017926782063862,0.7925216731802199,512,0,512.0,23,3,5,"(24, 45)",0,0.042068361086765996,93.2,48.2,full_trust,23,ATTACK,38,"(5, 46)",False,1,False,525
9,0.0,True,0.0,0.8981119304654334,0.9288656071466085,515,0,515.0,22,0,5,"(2, 50)",0,0.03856266432953549,91.2,48.0,full_trust,22,ATTACK,43,"(11, 32)",False,2,False,525
0,0.0,True,0.0,0.9,0.9,517,0,517.0,24,1,6,"(25, 2)",0,0.029798422436459245,77.16666666666667,30.5,full_trust,24,ATTACK,38,"(26, 17)",False,0,False,530
30,0.0,True,0.0,0.5785949132009376,0.5785949132009376,517,0,517.0,24,3,5,"(24, 45)",0,0.04119193689745837,93.2,48.2,full_trust,24,ATTACK,39,"(8, 44)",False,1,False,530
31,6.26545281832076,True,6.26545281832076,0.8981119304654334,0.9288656071466085,520,0,520.0,23,0,5,"(2, 50)",31,0.03856266432953549,91.2,48.0,full_trust,23,ATTACK,44,"(8, 34)",True,2,True,530
0,0.0,True,0.0,0.9,0.9,522,0,522.0,24,1,6,"(25, 2)",0,0.021910604732690624,77.16666666666667,30.5,full_trust,24,ATTACK,38,"(25, 13)",False,0,False,535
22,0.0,False,0.0,0.334029502966754,0.334029502966754,522,0,522.0,24,3,5,"(24, 45)",0,0.029798422436459245,93.2,48.2,full_trust,24,ATTACK,40,"(10, 41)",False,1,False,535
17,1.4443041490834148,False,1.4443041490834148,0.241758831067442,0.241758831067442,525,0,525.0,25,0,5,"(2, 50)",17,0.025416301489921123,91.2,48.0,full_trust,25,ATTACK,47,"(7, 38)",True,2,True,535
0,0.0,True,0.0,0.9,0.9,527,0,527.0,24,1,6,"(25, 2)",0,0.020426287744227355,77.16666666666667,30.5,full_trust,24,ATTACK,38,"(25, 8)",False,0,False,540
21,0.0,False,0.0,0.2583368159062289,0.2583368159062289,527,0,527.0,24,3,5,"(24, 45)",0,0.028419182948490232,93.2,48.2,full_trust,24,ATTACK,40,"(14, 40)",False,1,False,540
4,0.0,False,0.0,0.07194988875674262,0.07194988875674262,530,0,530.0,25,0,5,"(2, 50)",0,0.023978685612788632,91.2,48.0,full_trust,25,ATTACK,48,"(7, 43)",False,2,False,540
0,0.0,True,0.0,0.9,0.9,532,0,532.0,24,1,6,"(25, 2)",0,0.021314387211367674,77.16666666666667,30.5,full_trust,24,ATTACK,38,"(25, 3)",False,0,False,545
21,0.0,False,0.0,0.2583368159062289,0.2583368159062289,532,0,532.0,24,3,5,"(24, 45)",0,0.027531083481349913,93.2,48.2,full_trust,24,ATTACK,40,"(19, 40)",False,1,False,545
2,0.0,False,0.0,0.037340428115999726,0.037340428115999726,535,0,535.0,25,0,5,"(2, 50)",0,0.023090586145648313,91.2,48.0,full_trust,25,ATTACK,48,"(4, 45)",False,2,False,545
0,0.0,True,0.0,0.9,0.9,536,0,536.0,25,1,7,"(33, 50)",0,0.021314387211367674,78.14285714285714,31.428571428571427,full_trust,25,ATTACK,40,"(25, 5)",False,0,False,550
21,0.0,False,0.0,0.25924128320390427,0.27642616185973556,537,0,537.0,24,3,5,"(24, 45)",0,0.027531083481349913,93.2,48.2,full_trust,24,ATTACK,41,"(24, 40)",False,1,False,550
2,0.0,False,0.0,0.037340428115999726,0.037340428115999726,540,0,540.0,25,0,5,"(2, 50)",0,0.023090586145648313,91.2,48.0,full_trust,25,ATTACK,49,"(3, 49)",False,2,False,550
0,0.0,True,0.0,0.9,0.9,541,0,541.0,25,1,7,"(33, 50)",0,0.020426287744227355,78.14285714285714,31.428571428571427,full_trust,25,ATTACK,40,"(26, 9)",False,0,False,555
21,0.0,False,0.0,0.26349838775104306,0.3112920041496591,542,0,542.0,24,3,5,"(24, 45)",0,0.027531083481349913,93.2,48.2,full_trust,24,ATTACK,41,"(25, 44)",False,1,False,555
2,0.0,False,0.0,0.037340428115999726,0.037340428115999726,544,0,544.0,26,0,6,"(33, 50)",0,0.023090586145648313,92.16666666666667,48.833333333333336,full_trust,26,ATTACK,50,"(3, 49)",False,2,False,555
0,0.0,True,0.0,0.9,0.9,546,0,546.0,25,1,7,"(33, 50)",0,0.021917808219178082,78.14285714285714,31.428571428571427,full_trust,25,ATTACK,40,"(26, 14)",False,0,False,560
21,0.0,False,0.0,0.26349838775104306,0.3112920041496591,546,0,546.0,26,3,6,"(33, 8)",0,0.028310502283105023,93.0,46.833333333333336,full_trust,26,ATTACK,43,"(25, 44)",False,1,False,560
2,0.0,False,0.0,0.037340428115999726,0.037340428115999726,549,0,549.0,26,0,6,"(33, 50)",0,0.0228310502283105,92.16666666666667,48.833333333333336,full_trust,26,ATTACK,50,"(5, 46)",False,2,False,560
0,0.0,True,0.0,0.9,0.9,551,0,551.0,25,1,7,"(33, 50)",0,0.01910828025477707,78.14285714285714,31.428571428571427,full_trust,25,ATTACK,40,"(26, 19)",False,0,False,565
21,0.0,False,0.0,0.26349838775104306,0.3112920041496591,551,0,551.0,26,3,6,"(33, 8)",0,0.03002729754322111,93.0,46.833333333333336,full_trust,26,ATTACK,43,"(27, 41)",False,1,False,565
2,0.0,False,0.0,0.037340428115999726,0.037340428115999726,554,0,554.0,26,0,6,"(33, 50)",0,0.022747952684258416,92.16666666666667,48.833333333333336,full_trust,26,ATTACK,50,"(7, 49)",False,2,False,565
0,0.0,True,0.0,0.9,0.9,556,0,556.0,25,1,7,"(33, 50)",0,0.019004524886877826,78.14285714285714,31.428571428571427,full_trust,25,ATTACK,40,"(27, 23)",False,0,False,570
26,0.0,False,0.0,0.2750753016443684,0.3610439767878712,556,0,556.0,26,3,6,"(33, 8)",0,0.034389140271493215,93.0,46.833333333333336,full_trust,26,ATTACK,43,"(28, 37)",False,1,False,570
7,0.0,False,0.0,0.037340428115999726,0.037340428115999726,559,0,559.0,26,0,6,"(33, 50)",0,0.02262443438914027,92.16666666666667,48.833333333333336,full_trust,26,ATTACK,50,"(11, 50)",False,2,False,570
0,0.0,True,0.0,0.9,0.9,561,0,561.0,26,1,7,"(33, 50)",0,0.018551236749116608,78.14285714285714,31.428571428571427,full_trust,26,ATTACK,41,"(27, 28)",False,0,False,575
26,0.0,False,0.0,0.3065629238579604,0.44764049153992747,561,0,561.0,26,3,6,"(33, 8)",0,0.03445229681978799,93.0,46.833333333333336,full_trust,26,ATTACK,44,"(28, 32)",False,1,False,575
7,0.0,False,0.0,0.037340428115999726,0.037340428115999726,564,0,564.0,26,0,6,"(33, 50)",0,0.022084805653710248,92.16666666666667,48.833333333333336,full_trust,26,ATTACK,51,"(16, 50)",False,2,False,575
0,0.0,True,0.0,0.9,0.9,566,0,566.0,26,1,7,"(33, 50)",0,0.018437225636523266,78.14285714285714,31.428571428571427,full_trust,26,ATTACK,41,"(29, 31)",False,0,False,580
26,0.0,True,0.0,0.35490516068210637,0.5602413555614011,566,0,566.0,26,3,6,"(33, 8)",0,0.03508771929824561,93.0,46.833333333333336,full_trust,26,ATTACK,44,"(28, 27)",False,1,False,580
7,0.0,False,0.0,0.037340428115999726,0.037340428115999726,569,0,569.0,26,0,6,"(33, 50)",0,0.0228270412642669,92.16666666666667,48.833333333333336,full_trust,26,ATTACK,51,"(20, 49)",False,2,False,580
0,0.0,True,0.0,0.9,0.9,571,0,571.0,26,1,7,"(33, 50)",0,0.018421052631578946,78.14285714285714,31.428571428571427,full_trust,26,ATTACK,41,"(29, 36)",False,0,False,585
26,0.0,True,0.0,0.4124445017292848,0.6343491187511511,571,0,571.0,26,3,6,"(33, 8)",0,0.03593339176161262,93.0,46.833333333333336,full_trust,26,ATTACK,44,"(28, 22)",False,1,False,585
7,0.0,False,0.0,0.037340428115999726,0.037340428115999726,574,0,574.0,26,0,6,"(33, 50)",0,0.02631578947368421,92.16666666666667,48.833333333333336,full_trust,26,ATTACK,51,"(25, 49)",False,2,False,585
0,0.0,True,0.0,0.9,0.9,576,0,576.0,26,1,7,"(33, 50)",0,0.018421052631578946,78.14285714285714,31.428571428571427,full_trust,26,ATTACK,41,"(29, 41)",False,0,False,590
26,0.0,True,0.0,0.470461629456848,0.6886122349671263,576,0,576.0,26,3,6,"(33, 8)",0,0.03593339176161262,93.0,46.833333333333336,full_trust,26,ATTACK,44,"(28, 17)",False,1,False,590
7,0.0,False,0.0,0.03873782209596534,0.06528830771531191,579,0,579.0,26,0,6,"(33, 50)",0,0.02631578947368421,92.16666666666667,48.833333333333336,full_trust,26,ATTACK,51,"(30, 49)",False,2,False,590
0,0.0,True,0.0,0.9,0.9,581,0,581.0,26,1,7,"(33, 50)",0,0.018421052631578946,78.14285714285714,31.428571428571427,full_trust,26,ATTACK,41,"(29, 46)",False,0,False,595
26,0.0,True,0.0,0.526535516056003,0.7359724072313454,581,0,581.0,26,3,6,"(33, 8)",0,0.03680981595092025,93.0,46.833333333333336,full_trust,26,ATTACK,44,"(28, 12)",False,1,False,595
7,0.0,False,0.0,0.06728078412896628,0.2274320907810962,583,0,583.0,27,0,6,"(2, 50)",0,0.02631578947368421,92.16666666666667,48.833333333333336,full_trust,27,ATTACK,52,"(33, 50)",False,2,False,595
0,0.0,True,0.0,0.9,0.9,585,0,585.0,26,2,7,"(33, 50)",0,0.054078014184397165,78.14285714285714,31.428571428571427,full_trust,26,ATTACK,42,"(29, 50)",False,0,False,600
26,0.0,True,0.0,0.5481048295580119,0.7519535090386218,586,0,586.0,26,3,6,"(33, 8)",0,0.06288751107174491,93.0,46.833333333333336,full_trust,26,ATTACK,45,"(30, 9)",False,1,False,600
7,0.0,False,0.0,0.12686019168932272,0.3953283172132855,587,0,587.0,27,1,6,"(2, 50)",0,0.05585106382978723,92.16666666666667,48.833333333333336,full_trust,27,ATTACK,53,"(30, 49)",False,2,False,600
0,0.0,True,0.0,0.9,0.9,589,0,589.0,27,2,7,"(3, 8)",0,0.05319148936170213,78.14285714285714,31.428571428571427,full_trust,27,ATTACK,43,"(33, 50)",False,0,False,605
26,0.0,True,0.0,0.5481048295580119,0.7519535090386218,590,0,590.0,27,3,6,"(33, 50)",0,0.06023029229406555,93.0,46.833333333333336,full_trust,27,ATTACK,46,"(33, 8)",False,1,False,605
7,0.0,True,0.0,0.19222520993825226,0.522087649017002,592,0,592.0,29,1,6,"(2, 50)",0,0.05585106382978723,92.16666666666667,48.833333333333336,full_trust,29,ATTACK,55,"(29, 49)",False,2,False,605
0,0.0,True,0.0,0.9,0.9,594,0,594.0,28,2,7,"(3, 8)",0,0.05319148936170213,78.14285714285714,31.428571428571427,full_trust,28,ATTACK,44,"(31, 47)",False,0,False,610
30,0.0,True,0.0,0.5481048295580119,0.7519535090386218,595,0,595.0,27,3,6,"(33, 50)",0,0.06200177147918512,93.0,46.833333333333336,full_trust,27,ATTACK,46,"(32, 12)",False,1,False,610
11,0.0,True,0.0,0.2824719251314151,0.6334755828714039,597,0,597.0,29,1,6,"(2, 50)",0,0.054078014184397165,92.16666666666667,48.833333333333336,full_trust,29,ATTACK,55,"(24, 49)",False,2,False,610
0,0.0,True,0.0,0.9,0.9,599,0,599.0,28,2,7,"(3, 8)",0,0.04964539007092199,78.14285714285714,31.428571428571427,full_trust,28,ATTACK,44,"(30, 43)",False,0,False,615
30,0.0,True,0.0,0.5481048295580119,0.7519535090386218,600,0,600.0,27,3,6,"(33, 50)",0,0.05845881310894597,93.0,46.833333333333336,full_trust,27,ATTACK,46,"(29, 14)",False,1,False,615
11,0.0,True,0.0,0.2824719251314151,0.6334755828714039,602,0,602.0,29,1,6,"(2, 50)",0,0.05319148936170213,92.16666666666667,48.833333333333336,full_trust,29,ATTACK,55,"(19, 49)",False,2,False,615
0,0.0,True,0.0,0.9,0.9,604,0,604.0,28,2,7,"(3, 8)",0,0.043516873889875664,78.14285714285714,31.428571428571427,full_trust,28,ATTACK,44,"(28, 40)",False,0,False,620
30,0.0,True,0.0,0.5481048295580119,0.7519535090386218,605,0,605.0,27,3,6,"(33, 50)",0,0.05678793256433008,93.0,46.833333333333336,full_trust,27,ATTACK,46,"(29, 19)",False,1,False,620
11,0.0,True,0.0,0.2824719251314151,0.6334755828714039,607,0,607.0,29,1,6,"(2, 50)",0,0.05150976909413854,92.16666666666667,48.833333333333336,full_trust,29,ATTACK,55,"(15, 50)",False,2,False,620
0,0.0,True,0.0,0.9,0.9,609,0,609.0,29,2,7,"(3, 8)",0,0.03907637655417407,78.14285714285714,31.428571428571427,full_trust,29,ATTACK,45,"(27, 36)",False,0,False,625
30,0.0,True,0.0,0.5481048295580119,0.7519535090386218,610,0,610.0,27,3,6,"(33, 50)",0,0.05678793256433008,93.0,46.833333333333336,full_trust,27,ATTACK,47,"(29, 24)",False,1,False,625
11,0.0,True,0.0,0.2824719251314151,0.6334755828714039,612,0,612.0,30,1,6,"(2, 50)",0,0.04706927175843695,92.16666666666667,48.833333333333336,full_trust,30,ATTACK,56,"(10, 50)",False,2,False,625
0,0.0,True,0.0,0.9,0.9,614,0,614.0,29,2,7,"(3, 8)",0,0.035523978685612786,78.14285714285714,31.428571428571427,full_trust,29,ATTACK,45,"(25, 33)",False,0,False,630
30,0.0,True,0.0,0.5691702562627095,0.7682029000287572,615,0,615.0,27,3,6,"(33, 50)",0,0.05412599822537711,93.0,46.833333333333336,full_trust,27,ATTACK,47,"(29, 29)",False,1,False,630
11,0.0,True,0.0,0.2824719251314151,0.6334755828714039,617,0,617.0,30,1,6,"(2, 50)",0,0.04440497335701599,92.16666666666667,48.833333333333336,full_trust,30,ATTACK,56,"(7, 48)",False,2,False,630
0,0.0,True,0.0,0.9,0.9,619,0,619.0,29,2,7,"(3, 8)",0,0.03197158081705151,78.14285714285714,31.428571428571427,full_trust,29,ATTACK,45,"(25, 28)",False,0,False,635
30,0.0,True,0.0,0.6207716562361328,0.8140096269927319,620,0,620.0,27,3,6,"(33, 50)",0,0.049689440993788817,93.0,46.833333333333336,full_trust,27,ATTACK,47,"(29, 34)",False,1,False,635
11,0.0,True,0.0,0.2824719251314151,0.6334755828714039,622,0,622.0,30,1,6,"(2, 50)",0,0.04085257548845471,92.16666666666667,48.833333333333336,full_trust,30,ATTACK,56,"(5, 47)",False,2,False,635
0,0.0,True,0.0,0.9,0.9,624,0,624.0,29,2,7,"(3, 8)",0,0.03002729754322111,78.14285714285714,31.428571428571427,full_trust,29,ATTACK,45,"(25, 23)",False,0,False,640
30,0.0,True,0.0,0.6688527318353965,0.8435612036437351,625,0,625.0,27,3,6,"(33, 50)",0,0.049954586739327886,93.0,46.833333333333336,full_trust,27,ATTACK,47,"(29, 39)",False,1,False,640
11,0.0,True,0.0,0.2824719251314151,0.6334755828714039,627,0,627.0,30,1,6,"(2, 50)",0,0.04,92.16666666666667,48.833333333333336,full_trust,30,ATTACK,56,"(3, 50)",False,2,False,640
0,0.0,True,0.0,0.9,0.9,629,0,629.0,29,2,7,"(3, 8)",0,0.028207461328480437,78.14285714285714,31.428571428571427,full_trust,29,ATTACK,45,"(25, 18)",False,0,False,645
34,0.0,True,0.0,0.7119904592233754,0.8688111357060017,630,0,630.0,27,3,6,"(33, 50)",0,0.051771117166212535,93.0,46.833333333333336,full_trust,27,ATTACK,47,"(31, 42)",False,1,False,645
15,0.0,True,0.0,0.2824719251314151,0.6334755828714039,631,0,631.0,31,1,7,"(15, 2)",0,0.04090909090909091,91.71428571428571,48.57142857142857,full_trust,31,ATTACK,57,"(4, 49)",False,2,False,645
0,0.0,True,0.0,0.9,0.9,634,0,634.0,29,2,7,"(3, 8)",0,0.028207461328480437,78.14285714285714,31.428571428571427,full_trust,29,ATTACK,46,"(21, 17)",False,0,False,650
31,0.0,True,0.0,0.7505794971802339,0.890880632243182,635,0,635.0,27,3,6,"(33, 50)",0,0.045413260672116255,93.0,46.833333333333336,full_trust,27,ATTACK,48,"(31, 47)",False,1,False,650
15,0.6989734884571703,True,0.6989734884571703,0.2824719251314151,0.6334755828714039,636,0,636.0,32,1,7,"(15, 2)",15,0.04,91.71428571428571,48.57142857142857,full_trust,32,ATTACK,58,"(5, 45)",True,2,True,650
0,0.0,True,0.0,0.9,0.9,639,0,639.0,29,2,7,"(3, 8)",0,0.028207461328480437,78.14285714285714,31.428571428571427,full_trust,29,ATTACK,46,"(16, 17)",False,0,False,655
22,0.0,True,0.0,0.7786324746877984,0.9072386028373374,640,0,640.0,27,3,6,"(33, 50)",0,0.03360581289736603,93.0,46.833333333333336,full_trust,27,ATTACK,48,"(33, 50)",False,1,False,655
10,0.6989734884571703,True,0.6989734884571703,0.2824719251314151,0.6334755828714039,641,0,641.0,32,1,7,"(15, 2)",10,0.035454545454545454,91.71428571428571,48.57142857142857,full_trust,32,ATTACK,58,"(8, 43)",True,2,True,655
0,0.0,True,0.0,0.9,0.9,644,0,644.0,29,2,7,"(3, 8)",0,0.026851851851851852,78.14285714285714,31.428571428571427,full_trust,29,ATTACK,46,"(16, 12)",False,0,False,660
22,0.0,True,0.0,0.7786324746877984,0.9072386028373374,644,0,644.0,28,3,7,"(25, 2)",0,0.03151065801668211,93.71428571428571,47.42857142857143,full_trust,28,ATTACK,49,"(31, 48)",False,1,False,660
10,0.6989734884571703,True,0.6989734884571703,0.2824719251314151,0.6334755828714039,646,0,646.0,32,1,7,"(15, 2)",10,0.03151065801668211,91.71428571428571,48.57142857142857,full_trust,32,ATTACK,58,"(9, 39)",True,2,True,660
0,0.0,True,0.0,0.9,0.9,649,0,649.0,29,2,7,"(3, 8)",0,0.02312673450508788,78.14285714285714,31.428571428571427,full_trust,29,ATTACK,46,"(15, 8)",False,0,False,665
22,0.0,True,0.0,0.7786324746877984,0.9072386028373374,649,0,649.0,28,3,7,"(25, 2)",0,0.02962962962962963,93.71428571428571,47.42857142857143,full_trust,28,ATTACK,49,"(31, 43)",False,1,False,665
9,0.0,False,0.0,0.29312222547647704,0.49547793203265317,651,0,651.0,33,1,7,"(15, 2)",0,0.026851851851851852,91.71428571428571,48.57142857142857,full_trust,33,ATTACK,59,"(11, 36)",False,2,False,665
0,0.0,True,0.0,0.9,0.9,654,0,654.0,29,2,7,"(3, 8)",0,0.02304147465437788,78.14285714285714,31.428571428571427,full_trust,29,ATTACK,46,"(10, 8)",False,0,False,670
22,0.0,True,0.0,0.7915059382953376,0.9117514198972563,654,0,654.0,28,3,7,"(25, 2)",0,0.02952029520295203,93.71428571428571,47.42857142857143,full_trust,28,ATTACK,49,"(29, 40)",False,1,False,670
9,0.0,False,0.0,0.29312222547647704,0.49547793203265317,656,0,656.0,33,1,7,"(15, 2)",0,0.026752767527675275,91.71428571428571,48.57142857142857,full_trust,33,ATTACK,59,"(13, 33)",False,2,False,670
0,0.0,True,0.0,0.9,0.9,659,0,659.0,29,2,7,"(3, 8)",0,0.022935779816513763,78.14285714285714,31.428571428571427,full_trust,29,ATTACK,47,"(5, 8)",False,0,False,675
22,0.0,True,0.0,0.8036059906489688,0.9167388129218409,659,0,659.0,28,3,7,"(25, 2)",0,0.02938475665748393,93.71428571428571,47.42857142857143,full_trust,28,ATTACK,50,"(28, 36)",False,1,False,675
9,0.0,False,0.0,0.29312222547647704,0.49547793203265317,661,0,661.0,33,1,7,"(15, 2)",0,0.02662993572084481,91.71428571428571,48.57142857142857,full_trust,33,ATTACK,60,"(13, 28)",False,2,False,675
0,0.0,True,0.0,0.9,0.9,663,0,663.0,30,2,8,"(13, 50)",0,0.021739130434782608,84.75,36.625,full_trust,30,ATTACK,48,"(5, 8)",False,0,False,680
22,0.0,True,0.0,0.8308840108873671,0.9285178428325702,664,0,664.0,28,3,7,"(25, 2)",0,0.028222013170272814,93.71428571428571,47.42857142857143,full_trust,28,ATTACK,50,"(28, 31)",False,1,False,680
9,0.0,True,0.0,0.30395305340274087,0.5097387840017534,666,0,666.0,33,1,7,"(15, 2)",0,0.02539981185324553,91.71428571428571,48.57142857142857,full_trust,33,ATTACK,60,"(15, 25)",False,2,False,680
0,0.0,True,0.0,0.9,0.9,668,0,668.0,30,2,8,"(13, 50)",0,0.021636876763875823,84.75,36.625,full_trust,30,ATTACK,48,"(10, 8)",False,0,False,685
32,0.0,True,0.0,0.8544315157757035,0.9387618784507691,669,0,669.0,28,3,7,"(25, 2)",0,0.03745318352059925,93.71428571428571,47.42857142857143,full_trust,28,ATTACK,50,"(28, 26)",False,1,False,685
19,12.700559249423598,True,12.700559249423598,0.36072577449454085,0.5817487169697432,671,0,671.0,34,1,7,"(15, 2)",19,0.03464419475655431,91.71428571428571,48.57142857142857,full_trust,34,ATTACK,61,"(16, 21)",True,2,True,685
0,0.0,True,0.0,0.9,0.9,673,0,673.0,30,2,8,"(13, 50)",0,0.022577610536218252,84.75,36.625,full_trust,30,ATTACK,48,"(13, 10)",False,0,False,690
29,0.0,True,0.0,0.8748595732592047,0.948366969742104,674,0,674.0,28,3,7,"(25, 2)",0,0.03464419475655431,93.71428571428571,47.42857142857143,full_trust,28,ATTACK,50,"(28, 21)",False,1,False,690
16,12.700559249423598,True,12.700559249423598,0.4198358906255032,0.6469068838159998,676,0,676.0,34,1,7,"(15, 2)",16,0.031835205992509365,91.71428571428571,48.57142857142857,full_trust,34,ATTACK,61,"(18, 18)",True,2,True,690
0,0.0,True,0.0,0.9,0.9,678,0,678.0,30,2,8,"(13, 50)",0,0.023518344308560677,84.75,36.625,full_trust,30,ATTACK,48,"(14, 14)",False,0,False,695
22,0.0,True,0.0,0.8925695368751831,0.9558539467845667,679,0,679.0,28,3,7,"(25, 2)",0,0.028089887640449437,93.71428571428571,47.42857142857143,full_trust,28,ATTACK,50,"(28, 16)",False,1,False,695
9,0.0,True,0.0,0.46611434351405767,0.6351455077008056,681,0,681.0,34,1,7,"(15, 2)",0,0.025280898876404494,91.71428571428571,48.57142857142857,full_trust,34,ATTACK,61,"(18, 13)",False,2,False,695
0,0.0,True,0.0,0.9,0.9,683,0,683.0,30,2,8,"(13, 50)",0,0.022577610536218252,84.75,36.625,full_trust,30,ATTACK,49,"(14, 19)",False,0,False,700
22,0.0,True,0.0,0.8958036095754189,0.9572509908798993,684,0,684.0,29,3,7,"(25, 2)",0,0.028089887640449437,93.71428571428571,47.42857142857143,full_trust,29,ATTACK,51,"(27, 12)",False,1,False,700
9,0.0,True,0.0,0.514364191654411,0.7038733829101663,686,0,686.0,34,1,7,"(15, 2)",0,0.024344569288389514,91.71428571428571,48.57142857142857,full_trust,34,ATTACK,62,"(15, 11)",False,2,False,700
0,0.0,True,0.0,0.9,0.9,688,0,688.0,30,2,8,"(13, 50)",0,0.02153558052434457,84.75,36.625,full_trust,30,ATTACK,49,"(14, 24)",False,0,False,705
22,0.0,True,0.0,0.8989299409827919,0.958330237722877,689,0,689.0,29,3,7,"(25, 2)",0,0.027958993476234855,93.71428571428571,47.42857142857143,full_trust,29,ATTACK,51,"(26, 8)",False,1,False,705
9,0.0,True,0.0,0.5641701063705402,0.7501674610155845,691,0,691.0,34,1,7,"(15, 2)",0,0.024231127679403542,91.71428571428571,48.57142857142857,full_trust,34,ATTACK,62,"(15, 6)",False,2,False,705
0,0.0,True,0.0,0.9,0.9,693,0,693.0,30,2,8,"(13, 50)",0,0.0205799812909261,84.75,36.625,full_trust,30,ATTACK,49,"(14, 29)",False,0,False,710
22,0.0,True,0.0,0.8989299409827919,0.958330237722877,694,0,694.0,29,3,7,"(25, 2)",0,0.027932960893854747,93.71428571428571,47.42857142857143,full_trust,29,ATTACK,51,"(25, 4)",False,1,False,710
9,0.0,True,0.0,0.5740323376729525,0.7614147324187859,695,0,695.0,35,1,7,"(24, 45)",0,0.025139664804469275,91.71428571428571,48.57142857142857,full_trust,35,ATTACK,63,"(15, 2)",False,2,False,710
0,0.0,True,0.0,0.9,0.9,698,0,698.0,30,2,8,"(13, 50)",0,0.019644527595884004,84.75,36.625,full_trust,30,ATTACK,49,"(14, 34)",False,0,False,715
22,0.0,True,0.0,0.8989299409827919,0.958330237722877,698,0,698.0,30,3,7,"(33, 30)",0,0.027001862197392923,93.71428571428571,47.42857142857143,full_trust,30,ATTACK,52,"(25, 4)",False,1,False,715
9,0.0,True,0.0,0.5740323376729525,0.7614147324187859,700,0,700.0,35,1,7,"(24, 45)",0,0.023277467411545624,91.71428571428571,48.57142857142857,full_trust,35,ATTACK,63,"(15, 7)",False,2,False,715
0,0.0,True,0.0,0.9,0.9,703,0,703.0,30,2,8,"(13, 50)",0,0.01958955223880597,84.75,36.625,full_trust,30,ATTACK,49,"(14, 39)",False,0,False,720
26,0.0,True,0.0,0.8989299409827919,0.958330237722877,703,0,703.0,30,3,7,"(33, 30)",0,0.03064066852367688,93.71428571428571,47.42857142857143,full_trust,30,ATTACK,52,"(27, 7)",False,1,False,720
9,0.0,True,0.0,0.5369613259802849,0.5369613259802849,705,0,705.0,35,1,7,"(24, 45)",0,0.02414113277623027,91.71428571428571,48.57142857142857,full_trust,35,ATTACK,63,"(17, 10)",False,2,False,720
0,0.0,True,0.0,0.9,0.9,708,0,708.0,31,2,8,"(13, 50)",0,0.018656716417910446,84.75,36.625,full_trust,31,ATTACK,50,"(14, 44)",False,0,False,725
26,0.0,True,0.0,0.8989299409827919,0.958330237722877,708,0,708.0,31,3,7,"(33, 30)",0,0.028783658310120707,93.71428571428571,47.42857142857143,full_trust,31,ATTACK,53,"(27, 12)",False,1,False,725
9,0.0,True,0.0,0.5434967616428251,0.5926119401807759,710,0,710.0,35,1,7,"(24, 45)",0,0.022284122562674095,91.71428571428571,48.57142857142857,full_trust,35,ATTACK,64,"(17, 15)",False,2,False,725
0,0.0,True,0.0,0.9,0.9,713,0,713.0,31,2,8,"(13, 50)",0,0.016791044776119403,84.75,36.625,full_trust,31,ATTACK,50,"(13, 48)",False,0,False,730
26,0.0,True,0.0,0.8989299409827919,0.958330237722877,713,0,713.0,31,3,7,"(33, 30)",0,0.027855153203342618,93.71428571428571,47.42857142857143,full_trust,31,ATTACK,53,"(29, 15)",False,1,False,730
9,0.0,True,0.0,0.563643812752048,0.6548610570751262,715,0,715.0,35,1,7,"(24, 45)",0,0.02042711234911792,91.71428571428571,48.57142857142857,full_trust,35,ATTACK,64,"(17, 20)",False,2,False,730
0,0.0,True,0.0,0.9,0.9,717,0,717.0,32,2,8,"(33, 50)",0,0.013992537313432836,84.75,36.625,full_trust,32,ATTACK,51,"(15, 50)",False,0,False,735
26,0.0,True,0.0,0.8989299409827919,0.958330237722877,718,0,718.0,31,3,7,"(33, 30)",0,0.027855153203342618,93.71428571428571,47.42857142857143,full_trust,31,ATTACK,53,"(29, 20)",False,1,False,735
9,0.0,True,0.0,0.5912403517208836,0.7028682311148852,720,0,720.0,35,1,7,"(24, 45)",0,0.02042711234911792,91.71428571428571,48.57142857142857,full_trust,35,ATTACK,64,"(17, 25)",False,2,False,735
0,0.0,True,0.0,0.9,0.9,722,0,722.0,32,2,8,"(33, 50)",0,0.013992537313432836,84.75,36.625,full_trust,32,ATTACK,51,"(19, 49)",False,0,False,740
26,0.0,True,0.0,0.8989299409827919,0.958330237722877,723,0,723.0,31,3,7,"(33, 30)",0,0.027855153203342618,93.71428571428571,47.42857142857143,full_trust,31,ATTACK,53,"(29, 25)",False,1,False,740
9,0.0,True,0.0,0.6226531459070359,0.7459895712657476,725,0,725.0,35,1,7,"(24, 45)",0,0.02042711234911792,91.71428571428571,48.57142857142857,full_trust,35,ATTACK,64,"(17, 30)",False,2,False,740
0,0.0,True,0.0,0.9,0.9,727,0,727.0,32,2,8,"(33, 50)",0,0.013992537313432836,84.75,36.625,full_trust,32,ATTACK,51,"(24, 49)",False,0,False,745
26,0.0,True,0.0,0.8989299409827919,0.958330237722877,728,0,728.0,31,3,7,"(33, 30)",0,0.027855153203342618,93.71428571428571,47.42857142857143,full_trust,31,ATTACK,53,"(29, 30)",False,1,False,745
9,0.0,True,0.0,0.655301025580315,0.7790593121435321,730,0,730.0,35,1,7,"(24, 45)",0,0.02042711234911792,91.71428571428571,48.57142857142857,full_trust,35,ATTACK,64,"(17, 35)",False,2,False,745
0,0.0,True,0.0,0.9,0.9,732,0,732.0,32,2,8,"(33, 50)",0,0.048507462686567165,84.75,36.625,full_trust,32,ATTACK,52,"(29, 49)",False,0,False,750
26,0.0,True,0.0,0.8989299409827919,0.958330237722877,732,0,732.0,32,3,8,"(33, 50)",0,0.06870937790157845,93.75,46.125,full_trust,32,ATTACK,55,"(33, 30)",False,1,False,750
9,0.0,True,0.0,0.681187043867305,0.803707330612364,735,0,735.0,35,1,7,"(24, 45)",0,0.051996285979572884,91.71428571428571,48.57142857142857,full_trust,35,ATTACK,65,"(17, 40)",False,2,False,750
0,0.0,True,0.0,0.9,0.9,737,0,737.0,32,2,8,"(33, 50)",0,0.041044776119402986,84.75,36.625,full_trust,32,ATTACK,52,"(33, 50)",False,0,False,755
26,0.0,True,0.0,0.8989299409827919,0.958330237722877,737,0,737.0,34,3,8,"(33, 50)",0,0.0584958217270195,93.75,46.125,full_trust,34,ATTACK,57,"(33, 35)",False,1,False,755
9,0.0,True,0.0,0.681187043867305,0.803707330612364,740,0,740.0,35,1,7,"(24, 45)",0,0.0436397400185701,91.71428571428571,48.57142857142857,full_trust,35,ATTACK,65,"(22, 40)",False,2,False,755
0,0.0,True,0.0,0.9,0.9,741,0,741.0,33,2,9,"(2, 50)",0,0.04127579737335835,84.0,35.111111111111114,full_trust,33,ATTACK,53,"(29, 50)",False,0,False,760
35,0.0,True,0.0,0.8989299409827919,0.958330237722877,742,0,742.0,34,3,8,"(33, 50)",0,0.05871388630009319,93.75,46.125,full_trust,34,ATTACK,57,"(30, 37)",False,1,False,760
18,0.0,True,0.0,0.6939682522940454,0.8151438753307932,745,0,745.0,35,1,7,"(24, 45)",0,0.0521415270018622,91.71428571428571,48.57142857142857,full_trust,35,ATTACK,65,"(25, 42)",False,2,False,760
0,0.0,True,0.0,0.9,0.9,746,0,746.0,33,2,9,"(2, 50)",0,0.039399624765478425,84.0,35.111111111111114,full_trust,33,ATTACK,53,"(24, 50)",False,0,False,765
35,0.0,True,0.0,0.9048990304730705,0.9607770199278756,747,0,747.0,35,3,8,"(33, 50)",0,0.05684995340167754,93.75,46.125,full_trust,35,ATTACK,58,"(29, 41)",False,1,False,765
18,0.0,True,0.0,0.7258572106869948,0.8488042247210368,749,0,749.0,36,1,8,"(33, 50)",0,0.05027932960893855,95.625,49.375,full_trust,36,ATTACK,66,"(24, 45)",False,2,False,765
0,0.0,True,0.0,0.9,0.9,751,0,751.0,33,2,9,"(2, 50)",0,0.038461538461538464,84.0,35.111111111111114,full_trust,33,ATTACK,53,"(20, 49)",False,0,False,770
35,0.0,True,0.0,0.9158455705887023,0.9656084591190061,752,0,752.0,35,3,8,"(33, 50)",0,0.05125815470643057,93.75,46.125,full_trust,35,ATTACK,58,"(32, 43)",False,1,False,770
18,0.0,True,0.0,0.7581258890051055,0.880728812857749,754,0,754.0,36,1,8,"(33, 50)",0,0.049348230912476726,95.625,49.375,full_trust,36,ATTACK,66,"(25, 49)",False,2,False,770
0,0.0,True,0.0,0.9,0.9,756,0,756.0,33,2,9,"(2, 50)",0,0.036585365853658534,84.0,35.111111111111114,full_trust,33,ATTACK,54,"(17, 47)",False,0,False,775
35,0.0,True,0.0,0.9208737347603204,0.9679963266782363,757,0,757.0,36,3,8,"(33, 50)",0,0.048462255358807084,93.75,46.125,full_trust,36,ATTACK,60,"(30, 46)",False,1,False,775
18,0.0,True,0.0,0.7890642421740491,0.9020239019162801,759,0,759.0,36,1,8,"(33, 50)",0,0.04748603351955307,95.625,49.375,full_trust,36,ATTACK,67,"(29, 50)",False,2,False,775
0,0.0,True,0.0,0.9,0.9,761,0,761.0,34,2,9,"(2, 50)",0,0.031073446327683617,84.0,35.111111111111114,full_trust,34,ATTACK,55,"(12, 47)",False,0,False,780
35,0.0,True,0.0,0.9323680464829714,0.9738517582246963,762,0,762.0,36,3,8,"(33, 50)",0,0.04481792717086835,93.75,46.125,full_trust,36,ATTACK,60,"(31, 50)",False,1,False,780
18,0.0,True,0.0,0.8176015487731421,0.9248958863479961,763,0,763.0,37,1,8,"(24, 45)",0,0.04287045666356011,95.625,49.375,full_trust,37,ATTACK,68,"(33, 50)",False,2,False,780
0,0.0,True,0.0,0.9,0.9,766,0,766.0,34,2,9,"(2, 50)",0,0.030131826741996232,84.0,35.111111111111114,full_trust,34,ATTACK,55,"(10, 50)",False,0,False,785
35,0.0,True,0.0,0.9386582506757597,0.977849371672805,765,0,765.0,37,4,8,"(24, 45)",0,0.04855275443510738,93.75,46.125,full_trust,37,ATTACK,61,"(32, 50)",False,1,False,785
18,0.0,True,0.0,0.8176015487731421,0.9248958863479961,767,0,767.0,37,2,8,"(24, 45)",0,0.04287045666356011,95.625,49.375,full_trust,37,ATTACK,68,"(30, 49)",False,2,False,785
0,0.0,True,0.0,0.9,0.9,771,0,771.0,34,2,9,"(2, 50)",0,0.030131826741996232,84.0,35.111111111111114,full_trust,34,ATTACK,55,"(7, 48)",False,0,False,790
35,0.0,True,0.0,0.9425847292555802,0.9792974097751204,770,0,770.0,37,4,8,"(24, 45)",0,0.04855275443510738,93.75,46.125,full_trust,37,ATTACK,61,"(29, 48)",False,1,False,790
18,0.0,True,0.0,0.823089350138744,0.9273575760851803,772,0,772.0,39,2,8,"(24, 45)",0,0.04287045666356011,95.625,49.375,full_trust,39,ATTACK,70,"(25, 49)",False,2,False,790
0,0.0,True,0.0,0.9,0.9,776,0,776.0,34,2,9,"(2, 50)",0,0.02919020715630885,84.0,35.111111111111114,full_trust,34,ATTACK,55,"(4, 46)",False,0,False,795
34,0.0,True,0.0,0.9462797331909382,0.9807958286008502,775,0,775.0,37,4,8,"(24, 45)",0,0.047619047619047616,93.75,46.125,full_trust,37,ATTACK,61,"(27, 45)",False,1,False,795
23,0.0,True,0.0,0.8336229131721208,0.9321753195889838,777,0,777.0,39,2,8,"(24, 45)",0,0.04193849021435228,95.625,49.375,full_trust,39,ATTACK,70,"(24, 45)",False,2,False,795
0,0.0,True,0.0,0.9,0.9,781,0,781.0,34,2,9,"(2, 50)",0,0.02919020715630885,84.0,35.111111111111114,full_trust,34,ATTACK,56,"(3, 50)",False,0,False,800
32,2.4342685878120705,True,2.4342685878120705,0.9480394728187035,0.9814745257462444,778,0,778.0,38,5,9,"(2, 20)",32,0.04855275443510738,88.88888888888889,42.77777777777778,full_trust,38,ATTACK,63,"(24, 45)",True,1,True,800
23,0.0,True,0.0,0.8336229131721208,0.9321753195889838,780,0,780.0,40,3,9,"(25, 2)",0,0.04193849021435228,88.44444444444444,45.666666666666664,full_trust,40,ATTACK,72,"(25, 47)",False,2,False,800
0,0.0,True,0.0,0.9,0.9,785,0,785.0,35,2,9,"(2, 41)",0,0.02919020715630885,84.0,35.111111111111114,full_trust,35,ATTACK,57,"(3, 48)",False,0,False,805
32,2.4342685878120705,True,2.4342685878120705,0.9480394728187035,0.9814745257462444,783,0,783.0,38,5,9,"(2, 20)",32,0.047619047619047616,88.88888888888889,42.77777777777778,full_trust,38,ATTACK,63,"(25, 41)",True,1,True,805
23,0.0,True,0.0,0.8336229131721208,0.9321753195889838,785,0,785.0,42,3,9,"(25, 2)",0,0.04287045666356011,88.44444444444444,45.666666666666664,full_trust,42,ATTACK,74,"(25, 42)",False,2,False,805
0,0.0,True,0.0,0.9,0.9,790,0,790.0,35,2,9,"(2, 41)",0,0.02916274694261524,84.0,35.111111111111114,full_trust,35,ATTACK,57,"(3, 43)",False,0,False,810
28,2.4342685878120705,True,2.4342685878120705,0.9480394728187035,0.9814745257462444,788,0,788.0,38,5,9,"(2, 20)",28,0.04668534080298786,88.88888888888889,42.77777777777778,full_trust,38,ATTACK,63,"(25, 36)",True,1,True,810
22,0.0,True,0.0,0.8336229131721208,0.9321753195889838,790,0,790.0,42,3,9,"(25, 2)",0,0.04193849021435228,88.44444444444444,45.666666666666664,full_trust,42,ATTACK,74,"(25, 37)",False,2,False,810
0,0.0,True,0.0,0.9,0.9,794,0,794.0,36,2,10,"(3, 8)",0,0.027102803738317756,81.4,32.8,full_trust,36,ATTACK,58,"(3, 41)",False,0,False,815
25,2.4342685878120705,True,2.4342685878120705,0.9480394728187035,0.9814745257462444,793,0,793.0,38,5,9,"(2, 20)",25,0.04460966542750929,88.88888888888889,42.77777777777778,full_trust,38,ATTACK,63,"(25, 31)",True,1,True,815
20,0.0,True,0.0,0.8336229131721208,0.9321753195889838,795,0,795.0,42,3,9,"(25, 2)",0,0.039925719591457756,88.44444444444444,45.666666666666664,full_trust,42,ATTACK,74,"(25, 32)",False,2,False,815
0,0.0,True,0.0,0.9,0.9,799,0,799.0,36,2,10,"(3, 8)",0,0.02245088868101029,81.4,32.8,full_trust,36,ATTACK,58,"(8, 41)",False,0,False,820
24,2.4342685878120705,True,2.4342685878120705,0.9480394728187035,0.9814745257462444,798,0,798.0,39,5,9,"(2, 20)",24,0.03906976744186046,88.88888888888889,42.77777777777778,full_trust,39,ATTACK,64,"(24, 27)",True,1,True,820
20,0.0,True,0.0,0.8336229131721208,0.9321753195889838,800,0,800.0,42,3,9,"(25, 2)",0,0.03531598513011153,88.44444444444444,45.666666666666664,full_trust,42,ATTACK,74,"(25, 27)",False,2,False,820
0,0.0,True,0.0,0.9,0.9,804,0,804.0,36,2,10,"(3, 8)",0,0.013084112149532711,81.4,32.8,full_trust,36,ATTACK,59,"(13, 41)",False,0,False,825
24,1.3379026820474138,True,1.3379026820474138,0.9480394728187035,0.9814745257462444,803,0,803.0,39,5,9,"(2, 20)",24,0.03066914498141264,88.88888888888889,42.77777777777778,full_trust,39,ATTACK,65,"(21, 29)",True,1,True,825
19,0.0,True,0.0,0.7199144149120387,0.7199144149120387,805,0,805.0,42,3,9,"(25, 2)",0,0.03064066852367688,88.44444444444444,45.666666666666664,full_trust,42,ATTACK,75,"(25, 22)",False,2,False,825
0,0.0,True,0.0,0.9,0.9,809,0,809.0,36,2,10,"(3, 8)",0,0.0065420560747663555,81.4,32.8,full_trust,36,ATTACK,59,"(13, 36)",False,0,False,830
24,1.3379026820474138,True,1.3379026820474138,0.9480394728187035,0.9814745257462444,808,0,808.0,39,5,9,"(2, 20)",24,0.027881040892193308,88.88888888888889,42.77777777777778,full_trust,39,ATTACK,65,"(19, 26)",True,1,True,830
15,0.0,False,0.0,0.20862056781175134,0.20862056781175134,810,0,810.0,42,3,9,"(25, 2)",0,0.02321262766945218,88.44444444444444,45.666666666666664,full_trust,42,ATTACK,76,"(25, 17)",False,2,False,830
0,0.0,True,0.0,0.9,0.9,814,0,814.0,36,2,10,"(3, 8)",0,0.007476635514018692,81.4,32.8,full_trust,36,ATTACK,59,"(13, 31)",False,0,False,835
26,0.9245795240861057,True,0.9245795240861057,0.9513895217930125,0.9827210231586134,813,0,813.0,39,5,9,"(2, 20)",26,0.03066914498141264,88.88888888888889,42.77777777777778,full_trust,39,ATTACK,65,"(14, 26)",True,1,True,835
9,0.0,False,0.0,0.11193662048014517,0.11193662048014517,815,0,815.0,42,3,9,"(25, 2)",0,0.019498607242339833,88.44444444444444,45.666666666666664,full_trust,42,ATTACK,76,"(25, 12)",False,2,False,835
0,0.0,True,0.0,0.9,0.9,819,0,819.0,36,2,10,"(3, 8)",0,0.006647673314339981,81.4,32.8,full_trust,36,ATTACK,59,"(13, 26)",False,0,False,840
26,0.9245795240861057,True,0.9245795240861057,0.9590288888337217,0.9866534089181664,818,0,818.0,39,5,9,"(2, 20)",26,0.025495750708215296,88.88888888888889,42.77777777777778,full_trust,39,ATTACK,65,"(12, 23)",True,1,True,840
8,0.0,False,0.0,0.09167618384942275,0.09167618384942275,820,0,820.0,42,3,9,"(25, 2)",0,0.01794145420207743,88.44444444444444,45.666666666666664,full_trust,42,ATTACK,76,"(25, 7)",False,2,False,840
0,0.0,True,0.0,0.9,0.9,824,0,824.0,36,2,10,"(3, 8)",0,0.007366482504604052,81.4,32.8,full_trust,36,ATTACK,59,"(13, 21)",False,0,False,845
22,0.0,True,0.0,0.9657264513230934,0.9896678079606874,823,0,823.0,39,5,9,"(2, 20)",0,0.02665441176470588,88.88888888888889,42.77777777777778,full_trust,39,ATTACK,65,"(7, 23)",False,1,False,845
8,0.0,False,0.0,0.09167618384942275,0.09167618384942275,825,0,825.0,42,3,9,"(25, 2)",0,0.014705882352941176,88.44444444444444,45.666666666666664,full_trust,42,ATTACK,76,"(25, 2)",False,2,False,845
0,0.0,True,0.0,0.9,0.9,829,0,829.0,37,2,10,"(3, 8)",0,0.008130081300813009,81.4,32.8,full_trust,37,ATTACK,60,"(14, 17)",False,0,False,850
22,0.0,True,0.0,0.9703651232351632,0.9911988536119316,828,0,828.0,39,5,9,"(2, 20)",0,0.027051397655545536,88.88888888888889,42.77777777777778,full_trust,39,ATTACK,66,"(5, 20)",False,1,False,850
8,0.0,False,0.0,0.09167618384942275,0.09167618384942275,829,0,829.0,43,3,9,"(33, 50)",0,0.014427412082957619,88.44444444444444,45.666666666666664,full_trust,43,ATTACK,78,"(25, 6)",False,2,False,850
0,0.0,True,0.0,0.9,0.9,834,0,834.0,37,2,10,"(3, 8)",0,0.009033423667570008,81.4,32.8,full_trust,37,ATTACK,60,"(13, 13)",False,0,False,855
22,0.0,True,0.0,0.9703651232351632,0.9911988536119316,832,0,832.0,40,5,9,"(2, 41)",0,0.018935978358881875,88.88888888888889,42.77777777777778,full_trust,40,ATTACK,67,"(2, 21)",False,1,False,855
8,0.0,False,0.0,0.09167618384942275,0.09167618384942275,834,0,834.0,43,3,9,"(33, 50)",0,0.014427412082957619,88.44444444444444,45.666666666666664,full_trust,43,ATTACK,78,"(26, 10)",False,2,False,855
0,0.0,True,0.0,0.9,0.9,839,0,839.0,37,2,10,"(3, 8)",0,0.008100810081008101,81.4,32.8,full_trust,37,ATTACK,60,"(13, 8)",False,0,False,860
22,0.0,True,0.0,0.9703651232351632,0.9911988536119316,837,0,837.0,40,5,9,"(2, 41)",0,0.019766397124887692,88.88888888888889,42.77777777777778,full_trust,40,ATTACK,67,"(3, 25)",False,1,False,860
8,0.0,False,0.0,0.09167618384942275,0.09167618384942275,839,0,839.0,43,3,9,"(33, 50)",0,0.009883198562443846,88.44444444444444,45.666666666666664,full_trust,43,ATTACK,78,"(26, 15)",False,2,False,860
0,0.0,True,0.0,0.9,0.9,844,0,844.0,37,2,10,"(3, 8)",0,0.008865248226950355,81.4,32.8,full_trust,37,ATTACK,60,"(8, 8)",False,0,False,865
22,0.0,True,0.0,0.9703651232351632,0.9911988536119316,842,0,842.0,40,5,9,"(2, 41)",0,0.01592920353982301,88.88888888888889,42.77777777777778,full_trust,40,ATTACK,67,"(3, 30)",False,1,False,865
8,0.0,False,0.0,0.09167618384942275,0.09167618384942275,844,0,844.0,43,3,9,"(33, 50)",0,0.009734513274336283,88.44444444444444,45.666666666666664,full_trust,43,ATTACK,78,"(26, 20)",False,2,False,865
0,0.0,True,0.0,0.9,0.9,849,0,849.0,37,2,10,"(3, 8)",0,0.009700176366843033,81.4,32.8,full_trust,37,ATTACK,60,"(3, 8)",False,0,False,870
18,0.0,True,0.0,0.5867887195043837,0.5999065187605185,847,0,847.0,40,5,9,"(2, 41)",0,0.012345679012345678,88.88888888888889,42.77777777777778,full_trust,40,ATTACK,67,"(3, 35)",False,1,False,870
8,0.0,False,0.0,0.09167618384942275,0.09167618384942275,849,0,849.0,43,3,9,"(33, 50)",0,0.009700176366843033,88.44444444444444,45.666666666666664,full_trust,43,ATTACK,78,"(26, 25)",False,2,False,870
0,0.0,True,0.0,0.9,0.9,853,0,853.0,38,2,10,"(33, 8)",0,0.009691629955947136,81.4,32.8,full_trust,38,ATTACK,62,"(7, 8)",False,0,False,875
23,0.0,True,0.0,0.5984516970218965,0.6621630605310376,852,0,852.0,40,5,9,"(2, 41)",0,0.016740088105726872,88.88888888888889,42.77777777777778,full_trust,40,ATTACK,68,"(3, 40)",False,1,False,875
13,0.0,False,0.0,0.09167618384942275,0.09167618384942275,854,0,854.0,43,3,9,"(33, 50)",0,0.014096916299559472,88.44444444444444,45.666666666666664,full_trust,43,ATTACK,79,"(26, 30)",False,2,False,875
0,0.0,True,0.0,0.9,0.9,858,0,858.0,38,2,10,"(33, 8)",0,0.010572687224669603,81.4,32.8,full_trust,38,ATTACK,62,"(12, 8)",False,0,False,880
23,0.0,True,0.0,0.6109906194885234,0.7009835451338136,856,0,856.0,41,5,10,"(15, 2)",0,0.01762114537444934,87.8,40.9,full_trust,41,ATTACK,69,"(3, 40)",False,1,False,880
13,0.0,False,0.0,0.09167618384942275,0.09167618384942275,859,0,859.0,43,3,9,"(33, 50)",0,0.014096916299559472,88.44444444444444,45.666666666666664,full_trust,43,ATTACK,79,"(26, 35)",False,2,False,880
0,0.0,True,0.0,0.9,0.9,863,0,863.0,38,2,10,"(33, 8)",0,0.010572687224669603,81.4,32.8,full_trust,38,ATTACK,62,"(16, 9)",False,0,False,885
19,0.0,True,0.0,0.6213313859097658,0.7218346055909367,861,0,861.0,41,5,10,"(15, 2)",0,0.014096916299559472,87.8,40.9,full_trust,41,ATTACK,69,"(5, 37)",False,1,False,885
13,0.0,False,0.0,0.09167618384942275,0.09167618384942275,864,0,864.0,43,3,9,"(33, 50)",0,0.012334801762114538,88.44444444444444,45.666666666666664,full_trust,43,ATTACK,79,"(26, 40)",False,2,False,885
0,0.0,True,0.0,0.9,0.9,868,0,868.0,38,2,10,"(33, 8)",0,0.010554089709762533,81.4,32.8,full_trust,38,ATTACK,62,"(21, 9)",False,0,False,890
18,0.0,True,0.0,0.6280508254689118,0.6948527051534016,866,0,866.0,41,5,10,"(15, 2)",0,0.012313104661389622,87.8,40.9,full_trust,41,ATTACK,69,"(5, 32)",False,1,False,890
13,0.0,False,0.0,0.09167618384942275,0.09167618384942275,869,0,869.0,43,3,9,"(33, 50)",0,0.012313104661389622,88.44444444444444,45.666666666666664,full_trust,43,ATTACK,79,"(26, 45)",False,2,False,890
0,0.0,True,0.0,0.9,0.9,873,0,873.0,38,2,10,"(33, 8)",0,0.010535557506584723,81.4,32.8,full_trust,38,ATTACK,62,"(25, 8)",False,0,False,895
9,0.0,True,0.0,0.6318561566988563,0.7041574500678022,871,0,871.0,41,5,10,"(15, 2)",0,0.00877963125548727,87.8,40.9,full_trust,41,ATTACK,69,"(6, 28)",False,1,False,895
13,0.0,False,0.0,0.09167618384942275,0.09167618384942275,874,0,874.0,43,3,9,"(33, 50)",0,0.014047410008779631,88.44444444444444,45.666666666666664,full_trust,43,ATTACK,79,"(26, 50)",False,2,False,895
0,0.0,True,0.0,0.9,0.9,878,0,878.0,38,2,10,"(33, 8)",0,0.049825174825174824,81.4,32.8,full_trust,38,ATTACK,63,"(30, 8)",False,0,False,900
9,0.0,True,0.0,0.6490980274487274,0.73529567174795,876,0,876.0,42,5,10,"(15, 2)",0,0.055944055944055944,87.8,40.9,full_trust,42,ATTACK,70,"(10, 27)",False,1,False,900
13,0.0,False,0.0,0.09167618384942275,0.09167618384942275,879,0,879.0,43,3,9,"(33, 50)",0,0.057692307692307696,88.44444444444444,45.666666666666664,full_trust,43,ATTACK,80,"(31, 50)",False,2,False,900
0,0.0,True,0.0,0.9,0.9,882,0,882.0,39,2,11,"(24, 45)",0,0.04807692307692308,82.18181818181819,32.81818181818182,full_trust,39,ATTACK,64,"(32, 8)",False,0,False,905
9,0.0,True,0.0,0.6490980274487274,0.73529567174795,881,0,881.0,42,5,10,"(15, 2)",0,0.049825174825174824,87.8,40.9,full_trust,42,ATTACK,70,"(14, 26)",False,1,False,905
13,0.0,False,0.0,0.09167618384942275,0.09167618384942275,883,0,883.0,44,3,10,"(33, 8)",0,0.05332167832167832,90.3,46.8,full_trust,44,ATTACK,81,"(33, 48)",False,2,False,905
0,0.0,True,0.0,0.9,0.9,887,0,887.0,39,2,11,"(24, 45)",0,0.0472027972027972,82.18181818181819,32.81818181818182,full_trust,39,ATTACK,64,"(29, 10)",False,0,False,910
13,0.0,True,0.0,0.6490980274487274,0.73529567174795,886,0,886.0,42,5,10,"(15, 2)",0,0.05244755244755245,87.8,40.9,full_trust,42,ATTACK,70,"(15, 22)",False,1,False,910
17,0.0,False,0.0,0.09167618384942275,0.09167618384942275,888,0,888.0,44,3,10,"(33, 8)",0,0.05332167832167832,90.3,46.8,full_trust,44,ATTACK,81,"(30, 46)",False,2,False,910
0,0.0,True,0.0,0.9,0.9,892,0,892.0,39,2,11,"(24, 45)",0,0.04108391608391608,82.18181818181819,32.81818181818182,full_trust,39,ATTACK,64,"(25, 11)",False,0,False,915
9,0.0,True,0.0,0.6490980274487274,0.73529567174795,891,0,891.0,42,5,10,"(15, 2)",0,0.04632867132867133,87.8,40.9,full_trust,42,ATTACK,70,"(15, 17)",False,1,False,915
14,0.0,False,0.0,0.09167618384942275,0.09167618384942275,893,0,893.0,44,3,10,"(33, 8)",0,0.04895104895104895,90.3,46.8,full_trust,44,ATTACK,81,"(29, 42)",False,2,False,915
0,0.0,True,0.0,0.9,0.9,897,0,897.0,39,2,11,"(24, 45)",0,0.04020979020979021,82.18181818181819,32.81818181818182,full_trust,39,ATTACK,64,"(25, 16)",False,0,False,920
8,0.0,True,0.0,0.6490980274487274,0.73529567174795,896,0,896.0,42,5,10,"(15, 2)",0,0.04283216783216783,87.8,40.9,full_trust,42,ATTACK,70,"(15, 12)",False,1,False,920
13,0.0,False,0.0,0.09167618384942275,0.09167618384942275,898,0,898.0,44,3,10,"(33, 8)",0,0.044580419580419584,90.3,46.8,full_trust,44,ATTACK,81,"(29, 37)",False,2,False,920
0,0.0,True,0.0,0.9,0.9,902,0,902.0,39,2,11,"(24, 45)",0,0.030594405594405596,82.18181818181819,32.81818181818182,full_trust,39,ATTACK,65,"(25, 21)",False,0,False,925
5,0.0,True,0.0,0.6490980274487274,0.73529567174795,901,0,901.0,42,5,10,"(15, 2)",0,0.03583916083916084,87.8,40.9,full_trust,42,ATTACK,71,"(15, 7)",False,1,False,925
13,0.0,False,0.0,0.09167618384942275,0.09167618384942275,903,0,903.0,44,3,10,"(33, 8)",0,0.04195804195804196,90.3,46.8,full_trust,44,ATTACK,82,"(29, 32)",False,2,False,925
0,0.0,True,0.0,0.9,0.9,907,0,907.0,39,2,11,"(24, 45)",0,0.02097902097902098,82.18181818181819,32.81818181818182,full_trust,39,ATTACK,65,"(25, 26)",False,0,False,930
5,0.0,True,0.0,0.6490980274487274,0.73529567174795,906,0,906.0,42,5,10,"(15, 2)",0,0.027097902097902096,87.8,40.9,full_trust,42,ATTACK,71,"(15, 2)",False,1,False,930
13,0.0,False,0.0,0.10068188447656379,0.18833378788850372,908,0,908.0,44,3,10,"(33, 8)",0,0.03671328671328671,90.3,46.8,full_trust,44,ATTACK,82,"(29, 27)",False,2,False,930
0,0.0,True,0.0,0.9,0.9,912,0,912.0,39,2,11,"(24, 45)",0,0.017482517482517484,82.18181818181819,32.81818181818182,full_trust,39,ATTACK,65,"(25, 31)",False,0,False,935
5,0.0,True,0.0,0.6490980274487274,0.73529567174795,910,0,910.0,43,5,10,"(21, 17)",0,0.0236013986013986,87.8,40.9,full_trust,43,ATTACK,72,"(15, 6)",False,1,False,935
13,0.0,False,0.0,0.14489105848869524,0.3535596092053868,913,0,913.0,44,3,10,"(33, 8)",0,0.032342657342657344,90.3,46.8,full_trust,44,ATTACK,82,"(29, 22)",False,2,False,935
0,0.0,True,0.0,0.9,0.9,917,0,917.0,39,2,11,"(24, 45)",0,0.013986013986013986,82.18181818181819,32.81818181818182,full_trust,39,ATTACK,65,"(25, 36)",False,0,False,940
5,0.0,True,0.0,0.6490980274487274,0.73529567174795,915,0,915.0,43,5,10,"(21, 17)",0,0.021853146853146852,87.8,40.9,full_trust,43,ATTACK,72,"(17, 9)",False,1,False,940
13,0.0,False,0.0,0.20944277965380442,0.47280777189924245,918,0,918.0,44,3,10,"(33, 8)",0,0.026223776223776224,90.3,46.8,full_trust,44,ATTACK,82,"(29, 17)",False,2,False,940
0,0.0,True,0.0,0.9,0.9,922,0,922.0,39,2,11,"(24, 45)",0,0.013111888111888112,82.18181818181819,32.81818181818182,full_trust,39,ATTACK,65,"(25, 41)",False,0,False,945
5,0.0,True,0.0,0.6490980274487274,0.73529567174795,920,0,920.0,43,5,10,"(21, 17)",0,0.021853146853146852,87.8,40.9,full_trust,43,ATTACK,72,"(18, 13)",False,1,False,945
13,0.0,True,0.0,0.2805111690521388,0.5505277914689416,923,0,923.0,44,3,10,"(33, 8)",0,0.026223776223776224,90.3,46.8,full_trust,44,ATTACK,82,"(30, 13)",False,2,False,945
0,0.0,True,0.0,0.9,0.9,927,0,927.0,39,2,11,"(24, 45)",0,0.013111888111888112,82.18181818181819,32.81818181818182,full_trust,39,ATTACK,66,"(24, 45)",False,0,False,950
10,0.0,True,0.0,0.6539205763551561,0.7455490055773034,925,0,925.0,43,5,10,"(21, 17)",0,0.026223776223776224,87.8,40.9,full_trust,43,ATTACK,73,"(19, 17)",False,1,False,950
18,0.0,True,0.0,0.35079404708468676,0.6133558320268125,928,0,928.0,44,3,10,"(33, 8)",0,0.030594405594405596,90.3,46.8,full_trust,44,ATTACK,83,"(30, 8)",False,2,False,950
0,0.0,True,0.0,0.9,0.9,931,0,931.0,40,2,11,"(2, 20)",0,0.013111888111888112,82.18181818181819,32.81818181818182,full_trust,40,ATTACK,67,"(25, 42)",False,0,False,955
10,0.0,True,0.0,0.6696421374394147,0.7729158115705753,929,0,929.0,44,5,11,"(2, 41)",0,0.026223776223776224,86.63636363636364,39.18181818181818,full_trust,44,ATTACK,74,"(19, 17)",False,1,False,955
18,0.0,True,0.0,0.3785268873230622,0.6462311277757053,932,0,932.0,45,3,10,"(33, 30)",0,0.027972027972027972,90.3,46.8,full_trust,45,ATTACK,84,"(33, 9)",False,2,False,955
0,0.0,True,0.0,0.9,0.9,936,0,936.0,40,2,11,"(2, 20)",0,0.012237762237762238,82.18181818181819,32.81818181818182,full_trust,40,ATTACK,67,"(24, 38)",False,0,False,960
10,0.0,True,0.0,0.6696421374394147,0.7729158115705753,934,0,934.0,44,5,11,"(2, 41)",0,0.026223776223776224,86.63636363636364,39.18181818181818,full_trust,44,ATTACK,74,"(15, 18)",False,1,False,960
14,0.0,True,0.0,0.3785268873230622,0.6462311277757053,937,0,937.0,45,3,10,"(33, 30)",0,0.027972027972027972,90.3,46.8,full_trust,45,ATTACK,84,"(31, 12)",False,2,False,960
0,0.0,True,0.0,0.9,0.9,941,0,941.0,40,2,11,"(2, 20)",0,0.012237762237762238,82.18181818181819,32.81818181818182,full_trust,40,ATTACK,67,"(24, 33)",False,0,False,965
5,0.0,True,0.0,0.6696421374394147,0.7729158115705753,939,0,939.0,44,5,11,"(2, 41)",0,0.021853146853146852,86.63636363636364,39.18181818181818,full_trust,44,ATTACK,74,"(12, 20)",False,1,False,965
9,0.0,True,0.0,0.40668821010125544,0.6737847415647312,942,0,942.0,45,3,10,"(33, 30)",0,0.0236013986013986,90.3,46.8,full_trust,45,ATTACK,84,"(29, 15)",False,2,False,965
0,0.0,True,0.0,0.9,0.9,946,0,946.0,40,2,11,"(2, 20)",0,0.012237762237762238,82.18181818181819,32.81818181818182,full_trust,40,ATTACK,67,"(24, 28)",False,0,False,970
5,0.0,True,0.0,0.6696421374394147,0.7729158115705753,944,0,944.0,44,5,11,"(2, 41)",0,0.021853146853146852,86.63636363636364,39.18181818181818,full_trust,44,ATTACK,74,"(10, 23)",False,1,False,970
9,0.0,True,0.0,0.40668821010125544,0.6737847415647312,947,0,947.0,45,3,10,"(33, 30)",0,0.0236013986013986,90.3,46.8,full_trust,45,ATTACK,84,"(29, 20)",False,2,False,970
0,0.0,True,0.0,0.9,0.9,951,0,951.0,41,2,11,"(2, 20)",0,0.012237762237762238,82.18181818181819,32.81818181818182,full_trust,41,ATTACK,68,"(21, 26)",False,0,False,975
5,0.0,True,0.0,0.6696421374394147,0.7729158115705753,949,0,949.0,45,5,11,"(2, 41)",0,0.021853146853146852,86.63636363636364,39.18181818181818,full_trust,45,ATTACK,75,"(9, 27)",False,1,False,975
9,0.0,True,0.0,0.43468776582918595,0.7005103256719757,952,0,952.0,45,3,10,"(33, 30)",0,0.0236013986013986,90.3,46.8,full_trust,45,ATTACK,85,"(29, 25)",False,2,False,975
0,0.0,True,0.0,0.9,0.9,956,0,956.0,41,2,11,"(2, 20)",0,0.012259194395796848,82.18181818181819,32.81818181818182,full_trust,41,ATTACK,68,"(18, 24)",False,0,False,980
5,0.0,True,0.0,0.6696421374394147,0.7729158115705753,954,0,954.0,45,5,11,"(2, 41)",0,0.021891418563922942,86.63636363636364,39.18181818181818,full_trust,45,ATTACK,75,"(7, 30)",False,1,False,980
9,0.0,True,0.0,0.5016785067356343,0.7473778614192828,957,0,957.0,45,3,10,"(33, 30)",0,0.023642732049036778,90.3,46.8,full_trust,45,ATTACK,85,"(29, 30)",False,2,False,980
0,0.0,True,0.0,0.9,0.9,961,0,961.0,41,2,11,"(2, 20)",0,0.012237762237762238,82.18181818181819,32.81818181818182,full_trust,41,ATTACK,68,"(16, 21)",False,0,False,985
14,0.0,True,0.0,0.6696421374394147,0.7729158115705753,959,0,959.0,45,5,11,"(2, 41)",0,0.02972027972027972,86.63636363636364,39.18181818181818,full_trust,45,ATTACK,75,"(4, 32)",False,1,False,985
18,4.58704039907461,True,4.58704039907461,0.5267001806173127,0.7613111940522231,961,0,961.0,46,3,11,"(2, 41)",0,0.021853146853146852,89.54545454545455,45.36363636363637,full_trust,46,ATTACK,86,"(33, 30)",False,2,False,985
0,0.0,True,0.0,0.9,0.9,966,0,966.0,41,2,11,"(2, 20)",0,0.012237762237762238,82.18181818181819,32.81818181818182,full_trust,41,ATTACK,68,"(12, 20)",False,0,False,990
14,0.0,True,0.0,0.6696421374394147,0.7729158115705753,964,0,964.0,45,5,11,"(2, 41)",0,0.02972027972027972,86.63636363636364,39.18181818181818,full_trust,45,ATTACK,75,"(4, 37)",False,1,False,990
12,4.4377919614148595,False,4.4377919614148595,0.34027956756423444,0.34027956756423444,966,0,966.0,47,3,11,"(2, 41)",0,0.021853146853146852,89.54545454545455,45.36363636363637,full_trust,47,ATTACK,87,"(28, 30)",False,2,False,990
0,0.0,True,0.0,0.9,0.9,971,0,971.0,41,2,11,"(2, 20)",0,0.012237762237762238,82.18181818181819,32.81818181818182,full_trust,41,ATTACK,68,"(7, 20)",False,0,False,995
13,0.0,True,0.0,0.6696421374394147,0.7729158115705753,969,0,969.0,45,5,11,"(2, 41)",0,0.028846153846153848,86.63636363636364,39.18181818181818,full_trust,45,ATTACK,75,"(3, 41)",False,1,False,995
10,4.141442009963271,False,4.141442009963271,0.3503212752781914,0.4065339916263733,971,0,971.0,48,3,11,"(2, 41)",0,0.020104895104895104,89.54545454545455,45.36363636363637,full_trust,48,ATTACK,88,"(27, 34)",False,2,False,995
0,0.0,True,0.0,0.9,0.9,976,0,976.0,41,2,11,"(2, 20)",0,0.012237762237762238,82.18181818181819,32.81818181818182,full_trust,41,ATTACK,69,"(2, 20)",False,0,False,1000
13,0.0,True,0.0,0.6696421374394147,0.7729158115705753,973,0,973.0,46,5,11,"(33, 50)",0,0.028846153846153848,86.63636363636364,39.18181818181818,full_trust,46,ATTACK,77,"(4, 42)",False,1,False,1000
10,0.0,False,0.0,0.3755708741335307,0.4923935451797104,976,0,976.0,48,3,11,"(2, 41)",0,0.020104895104895104,89.54545454545455,45.36363636363637,full_trust,48,ATTACK,89,"(25, 37)",False,2,False,1000
0,0.0,True,0.0,0.9,0.9,980,0,980.0,42,2,12,"(15, 2)",0,0.011363636363636364,83.41666666666667,34.25,full_trust,42,ATTACK,70,"(6, 20)",False,0,False,1005
13,0.0,True,0.0,0.6696421374394147,0.7729158115705753,978,0,978.0,46,5,11,"(33, 50)",0,0.028846153846153848,86.63636363636364,39.18181818181818,full_trust,46,ATTACK,77,"(5, 46)",False,1,False,1005
10,0.0,True,0.0,0.4117524166523544,0.5587181870978152,981,0,981.0,48,3,11,"(2, 41)",0,0.020104895104895104,89.54545454545455,45.36363636363637,full_trust,48,ATTACK,89,"(23, 40)",False,2,False,1005
0,0.0,True,0.0,0.9,0.9,985,0,985.0,42,2,12,"(15, 2)",0,0.007867132867132868,83.41666666666667,34.25,full_trust,42,ATTACK,70,"(11, 20)",False,0,False,1010
13,0.0,True,0.0,0.6696421374394147,0.7729158115705753,983,0,983.0,47,5,11,"(33, 50)",0,0.025349650349650348,86.63636363636364,39.18181818181818,full_trust,47,ATTACK,78,"(9, 47)",False,1,False,1010
10,0.0,True,0.0,0.42797170865736917,0.5853067115233002,986,0,986.0,48,3,11,"(2, 41)",0,0.016608391608391608,89.54545454545455,45.36363636363637,full_trust,48,ATTACK,89,"(19, 41)",False,2,False,1010
0,0.0,True,0.0,0.9,0.9,990,0,990.0,42,2,12,"(15, 2)",0,0.00611353711790393,83.41666666666667,34.25,full_trust,42,ATTACK,70,"(15, 19)",False,0,False,1015
13,0.0,True,0.0,0.6696421374394147,0.7729158115705753,988,0,988.0,47,5,11,"(33, 50)",0,0.01834061135371179,86.63636363636364,39.18181818181818,full_trust,47,ATTACK,78,"(11, 50)",False,1,False,1015
10,0.0,True,0.0,0.42797170865736917,0.5853067115233002,991,0,991.0,48,3,11,"(2, 41)",0,0.010480349344978166,89.54545454545455,45.36363636363637,full_trust,48,ATTACK,89,"(14, 41)",False,2,False,1015
0,0.0,True,0.0,0.9,0.9,995,0,995.0,42,2,12,"(15, 2)",0,0.006129597197898424,83.41666666666667,34.25,full_trust,42,ATTACK,70,"(15, 14)",False,0,False,1020
13,0.0,True,0.0,0.6696421374394147,0.7729158115705753,993,0,993.0,47,5,11,"(33, 50)",0,0.015748031496062992,86.63636363636364,39.18181818181818,full_trust,47,ATTACK,78,"(16, 50)",False,1,False,1020
5,0.0,True,0.0,0.42797170865736917,0.5853067115233002,996,0,996.0,48,3,11,"(2, 41)",0,0.0070052539404553416,89.54545454545455,45.36363636363637,full_trust,48,ATTACK,89,"(9, 41)",False,2,False,1020
0,0.0,True,0.0,0.9,0.9,1000,0,1000.0,42,2,12,"(15, 2)",0,0.006129597197898424,83.41666666666667,34.25,full_trust,42,ATTACK,71,"(15, 9)",False,0,False,1025
16,0.0,True,0.0,0.6750912663547683,0.7786247157464887,998,0,998.0,47,5,11,"(33, 50)",0,0.015748031496062992,86.63636363636364,39.18181818181818,full_trust,47,ATTACK,79,"(20, 49)",False,1,False,1025
6,0.0,True,0.0,0.42797170865736917,0.5853067115233002,1001,0,1001.0,48,3,11,"(2, 41)",0,0.009632224168126095,89.54545454545455,45.36363636363637,full_trust,48,ATTACK,90,"(4, 41)",False,2,False,1025
0,0.0,True,0.0,0.9,0.9,1005,0,1005.0,42,2,12,"(15, 2)",0,0.006129597197898424,83.41666666666667,34.25,full_trust,42,ATTACK,71,"(15, 4)",False,0,False,1030
16,0.0,True,0.0,0.7023700226746984,0.8066397477002653,1003,0,1003.0,47,5,11,"(33, 50)",0,0.015748031496062992,86.63636363636364,39.18181818181818,full_trust,47,ATTACK,79,"(25, 49)",False,1,False,1030
6,0.0,True,0.0,0.42797170865736917,0.5853067115233002,1005,0,1005.0,49,3,11,"(21, 17)",0,0.009632224168126095,89.54545454545455,45.36363636363637,full_trust,49,ATTACK,91,"(4, 41)",False,2,False,1030
0,0.0,True,0.0,0.9,0.9,1009,0,1009.0,43,2,12,"(21, 17)",0,0.006129597197898424,83.41666666666667,34.25,full_trust,43,ATTACK,72,"(15, 4)",False,0,False,1035
16,0.0,True,0.0,0.7291919069788748,0.8285686397175454,1008,0,1008.0,47,5,11,"(33, 50)",0,0.017497812773403325,86.63636363636364,39.18181818181818,full_trust,47,ATTACK,79,"(30, 49)",False,1,False,1035
6,0.0,True,0.0,0.42797170865736917,0.5853067115233002,1010,0,1010.0,49,3,11,"(21, 17)",0,0.01138353765323993,89.54545454545455,45.36363636363637,full_trust,49,ATTACK,91,"(9, 41)",False,2,False,1035
0,0.0,True,0.0,0.9,0.9,1014,0,1014.0,43,2,12,"(21, 17)",0,0.006129597197898424,83.41666666666667,34.25,full_trust,43,ATTACK,72,"(17, 7)",False,0,False,1040
16,0.0,True,0.0,0.7343395102844668,0.8321439730907132,1012,0,1012.0,48,5,12,"(24, 45)",0,0.017513134851138354,86.66666666666667,39.5,full_trust,48,ATTACK,80,"(33, 50)",False,1,False,1040
6,0.0,True,0.0,0.42797170865736917,0.5853067115233002,1015,0,1015.0,49,3,11,"(21, 17)",0,0.01138353765323993,89.54545454545455,45.36363636363637,full_trust,49,ATTACK,91,"(13, 40)",False,2,False,1040
0,0.0,True,0.0,0.9,0.9,1019,0,1019.0,43,2,12,"(21, 17)",0,0.006129597197898424,83.41666666666667,34.25,full_trust,43,ATTACK,72,"(17, 12)",False,0,False,1045
16,0.0,True,0.0,0.7343395102844668,0.8321439730907132,1017,0,1017.0,48,5,12,"(24, 45)",0,0.017513134851138354,86.66666666666667,39.5,full_trust,48,ATTACK,80,"(29, 49)",False,1,False,1045
6,0.0,True,0.0,0.42797170865736917,0.5853067115233002,1020,0,1020.0,49,3,11,"(21, 17)",0,0.01138353765323993,89.54545454545455,45.36363636363637,full_trust,49,ATTACK,91,"(18, 40)",False,2,False,1045
0,0.0,True,0.0,0.9,0.9,1024,0,1024.0,43,2,12,"(21, 17)",0,0.0542907180385289,83.41666666666667,34.25,full_trust,43,ATTACK,73,"(18, 16)",False,0,False,1050
13,0.0,True,0.0,0.7493519362487072,0.8433108241879487,1022,0,1022.0,48,5,12,"(24, 45)",0,0.06129597197898424,86.66666666666667,39.5,full_trust,48,ATTACK,81,"(26, 47)",False,1,False,1050
3,0.0,True,0.0,0.436278844645823,0.5941144284264462,1025,0,1025.0,50,3,11,"(21, 17)",0,0.053415061295971976,89.54545454545455,45.36363636363637,full_trust,50,ATTACK,92,"(22, 39)",False,2,False,1050
0,0.0,True,0.0,0.9,0.9,1028,0,1028.0,44,2,13,"(25, 2)",0,0.053415061295971976,81.15384615384616,33.30769230769231,full_trust,44,ATTACK,74,"(21, 17)",False,0,False,1055
13,0.0,True,0.0,0.7493519362487072,0.8433108241879487,1026,0,1026.0,49,5,12,"(33, 8)",0,0.06042031523642732,86.66666666666667,39.5,full_trust,49,ATTACK,82,"(24, 45)",False,1,False,1055
3,0.0,True,0.0,0.436278844645823,0.5941144284264462,1030,0,1030.0,50,3,11,"(21, 17)",0,0.05166374781085814,89.54545454545455,45.36363636363637,full_trust,50,ATTACK,92,"(24, 36)",False,2,False,1055
0,0.0,True,0.0,0.9,0.9,1033,0,1033.0,44,2,13,"(25, 2)",0,0.04473684210526316,81.15384615384616,33.30769230769231,full_trust,44,ATTACK,74,"(25, 16)",False,0,False,1060
27,0.0728728648399084,True,0.0728728648399084,0.7493519362487072,0.8433108241879487,1031,0,1031.0,49,5,12,"(33, 8)",0,0.06578947368421052,86.66666666666667,39.5,full_trust,49,ATTACK,82,"(27, 43)",False,1,False,1060
18,0.0,True,0.0,0.436278844645823,0.5941144284264462,1035,0,1035.0,50,3,11,"(21, 17)",0,0.05263157894736842,89.54545454545455,45.36363636363637,full_trust,50,ATTACK,92,"(25, 32)",False,2,False,1060
0,0.0,True,0.0,0.9,0.9,1038,0,1038.0,44,2,13,"(25, 2)",0,0.03508771929824561,81.15384615384616,33.30769230769231,full_trust,44,ATTACK,74,"(25, 11)",False,0,False,1065
27,0.0728728648399084,True,0.0728728648399084,0.7493519362487072,0.8433108241879487,1036,0,1036.0,50,5,12,"(33, 8)",0,0.056140350877192984,86.66666666666667,39.5,full_trust,50,ATTACK,83,"(29, 40)",False,1,False,1065
3,0.0,False,0.0,0.14936799360655112,0.14936799360655112,1040,0,1040.0,50,3,11,"(21, 17)",0,0.037719298245614034,89.54545454545455,45.36363636363637,full_trust,50,ATTACK,93,"(25, 27)",False,2,False,1065
0,0.0,True,0.0,0.9,0.9,1043,0,1043.0,44,2,13,"(25, 2)",0,0.02982456140350877,81.15384615384616,33.30769230769231,full_trust,44,ATTACK,74,"(25, 6)",False,0,False,1070
18,0.0,True,0.0,0.7493519362487072,0.8433108241879487,1041,0,1041.0,50,5,12,"(33, 8)",0,0.0412280701754386,86.66666666666667,39.5,full_trust,50,ATTACK,83,"(29, 35)",False,1,False,1070
3,0.0,False,0.0,0.16661837857188622,0.27292268588786134,1045,0,1045.0,50,3,11,"(21, 17)",0,0.02982456140350877,89.54545454545455,45.36363636363637,full_trust,50,ATTACK,93,"(25, 22)",False,2,False,1070
0,0.0,True,0.0,0.9,0.9,1047,0,1047.0,45,2,13,"(33, 30)",0,0.027192982456140352,81.15384615384616,33.30769230769231,full_trust,45,ATTACK,76,"(25, 2)",False,0,False,1075
12,0.0,False,0.0,0.4947102065829245,0.4947102065829245,1046,0,1046.0,51,5,12,"(33, 8)",0,0.03508771929824561,86.66666666666667,39.5,full_trust,51,ATTACK,84,"(29, 30)",False,1,False,1075
3,0.0,False,0.0,0.2088026447040717,0.4069090414653058,1050,0,1050.0,50,3,11,"(21, 17)",0,0.028070175438596492,89.54545454545455,45.36363636363637,full_trust,50,ATTACK,94,"(25, 17)",False,2,False,1075
0,0.0,True,0.0,0.9,0.9,1052,0,1052.0,45,2,13,"(33, 30)",0,0.02714535901926445,81.15384615384616,33.30769230769231,full_trust,45,ATTACK,76,"(25, 7)",False,0,False,1080
3,0.0,False,0.0,0.22365987435779813,0.22365987435779813,1051,0,1051.0,51,5,12,"(33, 8)",0,0.02716914986853637,86.66666666666667,39.5,full_trust,51,ATTACK,84,"(29, 25)",False,1,False,1080
3,0.0,True,0.0,0.2709886699557048,0.5317208773583642,1054,0,1054.0,51,3,12,"(2, 41)",0,0.028045574057843997,90.0,45.916666666666664,full_trust,51,ATTACK,95,"(21, 17)",False,2,False,1080
0,0.0,True,0.0,0.9,0.9,1057,0,1057.0,45,2,13,"(33, 30)",0,0.02626970227670753,81.15384615384616,33.30769230769231,full_trust,45,ATTACK,76,"(26, 11)",False,0,False,1085
3,0.0,False,0.0,0.23996557823843806,0.34052923624426584,1056,0,1056.0,55,5,12,"(33, 8)",0,0.026292725679228746,86.66666666666667,39.5,full_trust,55,ATTACK,88,"(29, 20)",False,1,False,1085
3,0.0,True,0.0,0.2986776850097968,0.5630576175800622,1059,0,1059.0,51,3,12,"(2, 41)",0,0.02716914986853637,90.0,45.916666666666664,full_trust,51,ATTACK,95,"(25, 18)",False,2,False,1085
0,0.0,True,0.0,0.9,0.9,1062,0,1062.0,45,2,13,"(33, 30)",0,0.023642732049036778,81.15384615384616,33.30769230769231,full_trust,45,ATTACK,76,"(26, 16)",False,0,False,1090
3,0.0,False,0.0,0.2777311770691224,0.4518165329670558,1061,0,1061.0,56,5,12,"(33, 8)",0,0.02366345311130587,86.66666666666667,39.5,full_trust,56,ATTACK,89,"(30, 16)",False,1,False,1090
3,0.0,True,0.0,0.37106884353491054,0.6501985940560243,1064,0,1064.0,51,3,12,"(2, 41)",0,0.024539877300613498,90.0,45.916666666666664,full_trust,51,ATTACK,95,"(25, 23)",False,2,False,1090
0,0.0,True,0.0,0.9,0.9,1067,0,1067.0,45,2,13,"(33, 30)",0,0.02276707530647986,81.15384615384616,33.30769230769231,full_trust,45,ATTACK,76,"(29, 18)",False,0,False,1095
3,0.0,True,0.0,0.33373753128835176,0.5684589802988843,1066,0,1066.0,56,5,12,"(33, 8)",0,0.022787028921998246,86.66666666666667,39.5,full_trust,56,ATTACK,89,"(32, 13)",False,1,False,1095
3,0.0,True,0.0,0.4436099886249697,0.7119218825004762,1069,0,1069.0,51,3,12,"(2, 41)",0,0.02366345311130587,90.0,45.916666666666664,full_trust,51,ATTACK,95,"(24, 27)",False,2,False,1095
0,0.0,True,0.0,0.9,0.9,1072,0,1072.0,45,2,13,"(33, 30)",0,0.01929824561403509,81.15384615384616,33.30769230769231,full_trust,45,ATTACK,77,"(29, 23)",False,0,False,1100
7,0.0,True,0.0,0.3865704606852136,0.6399819437935658,1071,0,1071.0,56,5,12,"(33, 8)",0,0.0228270412642669,86.66666666666667,39.5,full_trust,56,ATTACK,90,"(33, 9)",False,1,False,1100
7,0.0,True,0.0,0.4436099886249697,0.7119218825004762,1074,0,1074.0,52,3,12,"(2, 41)",0,0.02370500438981563,90.0,45.916666666666664,full_trust,52,ATTACK,96,"(23, 31)",False,2,False,1100
0,0.0,True,0.0,0.9,0.9,1077,0,1077.0,45,2,13,"(33, 30)",0,0.01929824561403509,81.15384615384616,33.30769230769231,full_trust,45,ATTACK,77,"(29, 28)",False,0,False,1105
7,0.0,True,0.0,0.41332676110458666,0.6668624208664825,1075,0,1075.0,57,5,13,"(33, 50)",0,0.0228270412642669,84.76923076923077,40.07692307692308,full_trust,57,ATTACK,91,"(33, 11)",False,1,False,1105
7,0.0,True,0.0,0.48425682157805533,0.7362909125129596,1079,0,1079.0,52,3,12,"(2, 41)",0,0.02370500438981563,90.0,45.916666666666664,full_trust,52,ATTACK,96,"(20, 33)",False,2,False,1105
0,0.0,True,0.0,0.9,0.9,1082,0,1082.0,45,2,13,"(33, 30)",0,0.01929824561403509,81.15384615384616,33.30769230769231,full_trust,45,ATTACK,77,"(32, 30)",False,0,False,1110
7,0.0,True,0.0,0.45236964292775234,0.6973322283606508,1080,0,1080.0,57,5,13,"(33, 50)",0,0.0228270412642669,84.76923076923077,40.07692307692308,full_trust,57,ATTACK,91,"(31, 14)",False,1,False,1110
7,0.0,True,0.0,0.48425682157805533,0.7362909125129596,1084,0,1084.0,52,3,12,"(2, 41)",0,0.02370500438981563,90.0,45.916666666666664,full_trust,52,ATTACK,96,"(19, 37)",False,2,False,1110
0,0.0,True,0.0,0.9,0.9,1086,0,1086.0,46,2,14,"(2, 41)",0,0.01929824561403509,79.42857142857143,33.57142857142857,full_trust,46,ATTACK,78,"(30, 30)",False,0,False,1115
7,0.0,True,0.0,0.5024905004516477,0.7373712496820607,1085,0,1085.0,57,5,13,"(33, 50)",0,0.0228270412642669,84.76923076923077,40.07692307692308,full_trust,57,ATTACK,91,"(29, 17)",False,1,False,1115
7,0.0,True,0.0,0.48425682157805533,0.7362909125129596,1089,0,1089.0,52,3,12,"(2, 41)",0,0.02370500438981563,90.0,45.916666666666664,full_trust,52,ATTACK,96,"(16, 39)",False,2,False,1115
0,0.0,True,0.0,0.9,0.9,1091,0,1091.0,46,2,14,"(2, 41)",0,0.01755926251097454,79.42857142857143,33.57142857142857,full_trust,46,ATTACK,78,"(28, 33)",False,0,False,1120
7,0.0,True,0.0,0.5619029681407433,0.7803260535235381,1090,0,1090.0,57,5,13,"(33, 50)",0,0.021071115013169446,84.76923076923077,40.07692307692308,full_trust,57,ATTACK,91,"(28, 21)",False,1,False,1120
6,0.0,True,0.0,0.48425682157805533,0.7362909125129596,1094,0,1094.0,52,3,12,"(2, 41)",0,0.021071115013169446,90.0,45.916666666666664,full_trust,52,ATTACK,96,"(13, 41)",False,2,False,1120
0,0.0,True,0.0,0.9,0.9,1096,0,1096.0,47,2,14,"(2, 41)",0,0.014047410008779631,79.42857142857143,33.57142857142857,full_trust,47,ATTACK,79,"(23, 33)",False,0,False,1125
7,0.0,True,0.0,0.6164350487227716,0.8162438838871374,1095,0,1095.0,57,5,13,"(33, 50)",0,0.02019315188762072,84.76923076923077,40.07692307692308,full_trust,57,ATTACK,92,"(28, 26)",False,1,False,1125
6,0.0,True,0.0,0.48425682157805533,0.7362909125129596,1099,0,1099.0,52,3,12,"(2, 41)",0,0.01755926251097454,90.0,45.916666666666664,full_trust,52,ATTACK,97,"(8, 41)",False,2,False,1125
0,0.0,True,0.0,0.9,0.9,1101,0,1101.0,47,2,14,"(2, 41)",0,0.014047410008779631,79.42857142857143,33.57142857142857,full_trust,47,ATTACK,79,"(20, 35)",False,0,False,1130
7,0.0,True,0.0,0.6659403891462529,0.846007571028401,1100,0,1100.0,57,5,13,"(33, 50)",0,0.018437225636523266,84.76923076923077,40.07692307692308,full_trust,57,ATTACK,92,"(28, 31)",False,1,False,1130
6,0.0,True,0.0,0.48425682157805533,0.7362909125129596,1104,0,1104.0,52,3,12,"(2, 41)",0,0.01755926251097454,90.0,45.916666666666664,full_trust,52,ATTACK,97,"(3, 41)",False,2,False,1130
0,0.0,True,0.0,0.9,0.9,1106,0,1106.0,47,2,14,"(2, 41)",0,0.014047410008779631,79.42857142857143,33.57142857142857,full_trust,47,ATTACK,79,"(20, 40)",False,0,False,1135
34,12.067301878385244,True,12.067301878385244,0.710007320911895,0.8689271674762824,1105,0,1105.0,58,5,13,"(33, 50)",34,0.02633889376646181,84.76923076923077,40.07692307692308,full_trust,58,ATTACK,93,"(28, 36)",True,1,True,1135
33,0.0,True,0.0,0.48425682157805533,0.7362909125129596,1108,0,1108.0,53,3,12,"(33, 8)",0,0.041264266900790166,90.0,45.916666666666664,full_trust,53,ATTACK,98,"(5, 41)",False,2,False,1135
0,0.0,True,0.0,0.9,0.9,1111,0,1111.0,47,2,14,"(2, 41)",0,0.014109347442680775,79.42857142857143,33.57142857142857,full_trust,47,ATTACK,79,"(15, 40)",False,0,False,1140
32,5.574797221758516,True,5.574797221758516,0.7413066265096319,0.8461180524197349,1110,0,1110.0,58,5,13,"(33, 50)",32,0.0291005291005291,84.76923076923077,40.07692307692308,full_trust,58,ATTACK,93,"(25, 38)",True,1,True,1140
31,0.0,True,0.0,0.49729471113419793,0.7450146127009072,1113,0,1113.0,53,3,12,"(33, 8)",0,0.04144620811287478,90.0,45.916666666666664,full_trust,53,ATTACK,98,"(10, 41)",False,2,False,1140
0,0.0,True,0.0,0.9,0.9,1115,0,1115.0,47,3,14,"(2, 41)",0,0.014109347442680775,79.42857142857143,33.57142857142857,full_trust,47,ATTACK,79,"(12, 41)",False,0,False,1145
17,0.0,False,0.0,0.2769021046881433,0.2769021046881433,1115,0,1115.0,59,5,13,"(33, 50)",0,0.021164021164021163,84.76923076923077,40.07692307692308,full_trust,59,ATTACK,94,"(25, 43)",False,1,False,1145
31,0.0,True,0.0,0.5614094604636407,0.8013288648308686,1117,0,1117.0,53,4,12,"(33, 8)",0,0.04056437389770723,90.0,45.916666666666664,full_trust,53,ATTACK,98,"(14, 41)",False,2,False,1145
0,0.0,True,0.0,0.9,0.9,1120,0,1120.0,47,3,14,"(2, 41)",0,0.014047410008779631,79.42857142857143,33.57142857142857,full_trust,47,ATTACK,80,"(7, 41)",False,0,False,1150
4,0.0,False,0.0,0.07700857730485086,0.07700857730485086,1120,0,1120.0,59,5,13,"(33, 50)",0,0.01755926251097454,84.76923076923077,40.07692307692308,full_trust,59,ATTACK,95,"(28, 45)",False,1,False,1150
31,0.0,True,0.0,0.6211032969653203,0.8390344804151515,1122,0,1122.0,55,4,12,"(33, 8)",0,0.03511852502194908,90.0,45.916666666666664,full_trust,55,ATTACK,101,"(15, 37)",False,2,False,1150
0,0.0,True,0.0,0.9,0.9,1125,0,1125.0,47,3,14,"(2, 41)",0,0.014047410008779631,79.42857142857143,33.57142857142857,full_trust,47,ATTACK,80,"(2, 41)",False,0,False,1155
4,0.0,False,0.0,0.07700857730485086,0.07700857730485086,1125,0,1125.0,59,5,13,"(33, 50)",0,0.016681299385425813,84.76923076923077,40.07692307692308,full_trust,59,ATTACK,95,"(30, 48)",False,1,False,1155
31,0.0,True,0.0,0.6739367929886803,0.8632385230201919,1127,0,1127.0,55,4,12,"(33, 8)",0,0.041264266900790166,90.0,45.916666666666664,full_trust,55,ATTACK,101,"(17, 34)",False,2,False,1155
0,0.0,True,0.0,0.9,0.9,1129,0,1129.0,48,3,14,"(21, 17)",0,0.014047410008779631,79.42857142857143,33.57142857142857,full_trust,48,ATTACK,81,"(6, 41)",False,0,False,1160
4,0.0,False,0.0,0.07700857730485086,0.07700857730485086,1130,0,1130.0,59,5,13,"(33, 50)",0,0.015803336259877086,84.76923076923077,40.07692307692308,full_trust,59,ATTACK,95,"(33, 50)",False,1,False,1160
31,0.0,True,0.0,0.719581145177783,0.8826019495699655,1132,0,1132.0,55,4,12,"(33, 8)",0,0.041264266900790166,90.0,45.916666666666664,full_trust,55,ATTACK,101,"(20, 32)",False,2,False,1160
0,0.0,True,0.0,0.9,0.9,1134,0,1134.0,48,3,14,"(21, 17)",0,0.014047410008779631,79.42857142857143,33.57142857142857,full_trust,48,ATTACK,81,"(11, 41)",False,0,False,1165
4,0.0,False,0.0,0.07700857730485086,0.07700857730485086,1134,0,1134.0,60,5,13,"(25, 2)",0,0.015803336259877086,84.76923076923077,40.07692307692308,full_trust,60,ATTACK,96,"(29, 50)",False,1,False,1165
31,0.0,True,0.0,0.7585481018220533,0.8969952932259226,1137,0,1137.0,55,4,12,"(33, 8)",0,0.041264266900790166,90.0,45.916666666666664,full_trust,55,ATTACK,101,"(21, 28)",False,2,False,1165
0,0.0,True,0.0,0.9,0.9,1139,0,1139.0,48,3,14,"(21, 17)",0,0.016681299385425813,79.42857142857143,33.57142857142857,full_trust,48,ATTACK,81,"(14, 39)",False,0,False,1170
8,0.0,False,0.0,0.07700857730485086,0.07700857730485086,1139,0,1139.0,60,5,13,"(25, 2)",0,0.016681299385425813,84.76923076923077,40.07692307692308,full_trust,60,ATTACK,96,"(29, 45)",False,1,False,1170
35,0.0,True,0.0,0.7915506046558379,0.9089140381330418,1142,0,1142.0,55,4,12,"(33, 8)",0,0.041264266900790166,90.0,45.916666666666664,full_trust,55,ATTACK,101,"(23, 25)",False,2,False,1170
0,0.0,True,0.0,0.9,0.9,1144,0,1144.0,48,3,14,"(21, 17)",0,0.016681299385425813,79.42857142857143,33.57142857142857,full_trust,48,ATTACK,82,"(19, 39)",False,0,False,1175
8,0.0,False,0.0,0.07700857730485086,0.07700857730485086,1144,0,1144.0,61,5,13,"(25, 2)",0,0.016681299385425813,84.76923076923077,40.07692307692308,full_trust,61,ATTACK,97,"(28, 41)",False,1,False,1175
35,0.0,True,0.0,0.8197739406311368,0.9206954775053607,1147,0,1147.0,56,4,12,"(33, 8)",0,0.0324846356453029,90.0,45.916666666666664,full_trust,56,ATTACK,102,"(25, 22)",False,2,False,1175
0,0.0,True,0.0,0.9,0.9,1149,0,1149.0,48,3,14,"(21, 17)",0,0.01678445229681979,79.42857142857143,33.57142857142857,full_trust,48,ATTACK,82,"(19, 34)",False,0,False,1180
8,0.0,False,0.0,0.0920585552465849,0.20189234547608212,1149,0,1149.0,61,5,13,"(25, 2)",0,0.01678445229681979,84.76923076923077,40.07692307692308,full_trust,61,ATTACK,97,"(26, 38)",False,1,False,1180
35,0.0,True,0.0,0.8441488919375708,0.931660353232164,1152,0,1152.0,56,4,12,"(33, 8)",0,0.03975265017667844,90.0,45.916666666666664,full_trust,56,ATTACK,102,"(27, 19)",False,2,False,1180
0,0.0,True,0.0,0.9,0.9,1154,0,1154.0,48,3,14,"(21, 17)",0,0.01678445229681979,79.42857142857143,33.57142857142857,full_trust,48,ATTACK,82,"(19, 29)",False,0,False,1185
8,0.0,False,0.0,0.13625562305215605,0.3368516698546865,1154,0,1154.0,61,5,13,"(25, 2)",0,0.01678445229681979,84.76923076923077,40.07692307692308,full_trust,61,ATTACK,97,"(26, 33)",False,1,False,1185
35,0.0,True,0.0,0.8652552282164687,0.940529911621126,1157,0,1157.0,56,4,12,"(33, 8)",0,0.04240282685512368,90.0,45.916666666666664,full_trust,56,ATTACK,102,"(30, 17)",False,2,False,1185
0,0.0,True,0.0,0.9,0.9,1159,0,1159.0,48,3,14,"(21, 17)",0,0.01678445229681979,79.42857142857143,33.57142857142857,full_trust,48,ATTACK,82,"(19, 24)",False,0,False,1190
8,0.0,False,0.0,0.19689034786763232,0.44276225308755685,1159,0,1159.0,61,5,13,"(25, 2)",0,0.01678445229681979,84.76923076923077,40.07692307692308,full_trust,61,ATTACK,97,"(26, 28)",False,1,False,1190
35,0.0,True,0.0,0.8801622900483802,0.947916597572875,1162,0,1162.0,56,4,12,"(33, 8)",0,0.04240282685512368,90.0,45.916666666666664,full_trust,56,ATTACK,102,"(33, 15)",False,2,False,1190
0,0.0,True,0.0,0.9,0.9,1164,0,1164.0,48,3,14,"(21, 17)",0,0.01678445229681979,79.42857142857143,33.57142857142857,full_trust,48,ATTACK,82,"(19, 19)",False,0,False,1195
8,0.0,True,0.0,0.2514296268516882,0.5179940640326036,1164,0,1164.0,61,5,13,"(25, 2)",0,0.01678445229681979,84.76923076923077,40.07692307692308,full_trust,61,ATTACK,97,"(26, 23)",False,1,False,1195
35,0.0,True,0.0,0.8801622900483802,0.947916597572875,1167,0,1167.0,56,4,12,"(33, 8)",0,0.04240282685512368,90.0,45.916666666666664,full_trust,56,ATTACK,102,"(33, 10)",False,2,False,1195
0,0.0,True,0.0,0.9,0.9,1168,0,1168.0,49,3,15,"(33, 50)",0,0.05137289636846767,80.0,34.266666666666666,full_trust,49,ATTACK,84,"(21, 17)",False,0,False,1200
8,0.0,True,0.0,0.2796223392669044,0.5491642658364339,1169,0,1169.0,61,5,13,"(25, 2)",0,0.05137289636846767,84.76923076923077,40.07692307692308,full_trust,61,ATTACK,98,"(26, 18)",False,1,False,1200
35,0.0,True,0.0,0.8901900605668784,0.951666119230922,1171,0,1171.0,57,4,13,"(13, 50)",0,0.07971656333038087,92.15384615384616,47.46153846153846,full_trust,57,ATTACK,104,"(32, 9)",False,2,False,1200
0,0.0,True,0.0,0.9,0.9,1173,0,1173.0,49,3,15,"(33, 50)",0,0.042515500442869794,80.0,34.266666666666666,full_trust,49,ATTACK,84,"(26, 17)",False,0,False,1205
8,0.0,True,0.0,0.3563264918701292,0.6577233405617252,1174,0,1174.0,61,5,13,"(25, 2)",0,0.046058458813108945,84.76923076923077,40.07692307692308,full_trust,61,ATTACK,98,"(25, 14)",False,1,False,1205
35,0.0,True,0.0,0.8933384052609662,0.9531569544486337,1176,0,1176.0,57,4,13,"(13, 50)",0,0.070859167404783,92.15384615384616,47.46153846153846,full_trust,57,ATTACK,104,"(32, 14)",False,2,False,1205
0,0.0,True,0.0,0.9,0.9,1178,0,1178.0,49,3,15,"(33, 50)",0,0.03897254207263064,80.0,34.266666666666666,full_trust,49,ATTACK,84,"(28, 20)",False,0,False,1210
29,0.0,True,0.0,0.43495468990267616,0.7278342599292377,1179,0,1179.0,61,5,13,"(25, 2)",0,0.06288751107174491,84.76923076923077,40.07692307692308,full_trust,61,ATTACK,98,"(25, 9)",False,1,False,1210
56,3.926780092807988,True,3.926780092807988,0.9081588740227231,0.9623999912218729,1181,0,1181.0,58,4,13,"(13, 50)",56,0.08768821966341896,92.15384615384616,47.46153846153846,full_trust,58,ATTACK,105,"(29, 16)",True,2,True,1210
0,0.0,True,0.0,0.9,0.9,1183,0,1183.0,49,3,15,"(33, 50)",0,0.036283185840707964,80.0,34.266666666666666,full_trust,49,ATTACK,84,"(28, 25)",False,0,False,1215
29,0.0,True,0.0,0.4499937434417805,0.7357357606847632,1184,0,1184.0,61,5,13,"(25, 2)",0,0.06283185840707965,84.76923076923077,40.07692307692308,full_trust,61,ATTACK,98,"(25, 4)",False,1,False,1215
56,3.926780092807988,True,3.926780092807988,0.921626809427694,0.9705997282610325,1186,0,1186.0,58,4,13,"(13, 50)",56,0.0831858407079646,92.15384615384616,47.46153846153846,full_trust,58,ATTACK,105,"(28, 20)",True,2,True,1215
0,0.0,True,0.0,0.9,0.9,1188,0,1188.0,49,3,15,"(33, 50)",0,0.03469750889679715,80.0,34.266666666666666,full_trust,49,ATTACK,84,"(28, 30)",False,0,False,1220
29,0.0,True,0.0,0.4499937434417805,0.7357357606847632,1188,0,1188.0,62,5,14,"(2, 41)",0,0.06216696269982238,87.0,41.285714285714285,full_trust,62,ATTACK,99,"(25, 4)",False,1,False,1220
56,3.926780092807988,True,3.926780092807988,0.9336030091288358,0.9767421906510073,1191,0,1191.0,58,4,13,"(13, 50)",56,0.0800711743772242,92.15384615384616,47.46153846153846,full_trust,58,ATTACK,105,"(26, 23)",True,2,True,1220
0,0.0,True,0.0,0.9,0.9,1193,0,1193.0,50,3,15,"(33, 50)",0,0.03469750889679715,80.0,34.266666666666666,full_trust,50,ATTACK,85,"(28, 35)",False,0,False,1225
29,0.0,True,0.0,0.4499937434417805,0.7357357606847632,1193,0,1193.0,62,5,14,"(2, 41)",0,0.05950266429840142,87.0,41.285714285714285,full_trust,62,ATTACK,100,"(25, 9)",False,1,False,1225
56,4.049474634841204,True,4.049474634841204,0.9439633373316761,0.9807238416150349,1196,0,1196.0,59,4,13,"(13, 50)",56,0.0791814946619217,92.15384615384616,47.46153846153846,full_trust,59,ATTACK,106,"(23, 25)",True,2,True,1225
0,0.0,True,0.0,0.9,0.9,1198,0,1198.0,50,3,15,"(33, 50)",0,0.03469750889679715,80.0,34.266666666666666,full_trust,50,ATTACK,85,"(28, 40)",False,0,False,1230
29,0.0,True,0.0,0.49311578838221604,0.760166491521356,1198,0,1198.0,62,5,14,"(2, 41)",0,0.05950266429840142,87.0,41.285714285714285,full_trust,62,ATTACK,100,"(25, 14)",False,1,False,1230
39,4.049474634841204,True,4.049474634841204,0.9458296674186284,0.981289939070721,1201,0,1201.0,59,4,13,"(13, 50)",39,0.06405693950177936,92.15384615384616,47.46153846153846,full_trust,59,ATTACK,106,"(21, 28)",True,2,True,1230
0,0.0,True,0.0,0.9,0.9,1203,0,1203.0,50,3,15,"(33, 50)",0,0.03469750889679715,80.0,34.266666666666666,full_trust,50,ATTACK,85,"(29, 44)",False,0,False,1235
29,0.0,True,0.0,0.5590233210398541,0.7989359080478381,1203,0,1203.0,62,5,14,"(2, 41)",0,0.05950266429840142,87.0,41.285714285714285,full_trust,62,ATTACK,100,"(25, 19)",False,1,False,1235
29,4.049474634841204,True,4.049474634841204,0.9526588550287551,0.9833867875430365,1206,0,1206.0,59,4,13,"(13, 50)",29,0.05516014234875445,92.15384615384616,47.46153846153846,full_trust,59,ATTACK,106,"(20, 32)",True,2,True,1235
0,0.0,True,0.0,0.9,0.9,1208,0,1208.0,50,3,15,"(33, 50)",0,0.034759358288770054,80.0,34.266666666666666,full_trust,50,ATTACK,85,"(29, 49)",False,0,False,1240
29,0.0,True,0.0,0.6180033790646317,0.8313896634433834,1208,0,1208.0,62,5,14,"(2, 41)",0,0.05693950177935943,87.0,41.285714285714285,full_trust,62,ATTACK,100,"(25, 24)",False,1,False,1240
29,4.049474634841204,True,4.049474634841204,0.9557239097046627,0.9843191473627595,1211,0,1211.0,59,4,13,"(13, 50)",29,0.05516014234875445,92.15384615384616,47.46153846153846,full_trust,59,ATTACK,106,"(19, 36)",True,2,True,1240
0,0.0,True,0.0,0.9,0.9,1213,0,1213.0,50,3,15,"(33, 50)",0,0.034759358288770054,80.0,34.266666666666666,full_trust,50,ATTACK,85,"(33, 50)",False,0,False,1245
34,0.0,True,0.0,0.6698549593322443,0.8562994367466952,1213,0,1213.0,62,5,14,"(2, 41)",0,0.05782918149466192,87.0,41.285714285714285,full_trust,62,ATTACK,100,"(25, 29)",False,1,False,1245
34,4.1866267843498335,True,4.1866267843498335,0.9571756939726981,0.9847595950653703,1216,0,1216.0,59,4,13,"(13, 50)",34,0.05604982206405694,92.15384615384616,47.46153846153846,full_trust,59,ATTACK,106,"(16, 38)",True,2,True,1245
0,0.0,True,0.0,0.9,0.9,1217,0,1217.0,51,3,15,"(13, 50)",0,0.031194295900178252,80.0,34.266666666666666,full_trust,51,ATTACK,87,"(29, 50)",False,0,False,1250
34,0.0,True,0.0,0.7149953696697674,0.8770703649558622,1218,0,1218.0,63,5,14,"(2, 41)",0,0.054270462633451956,87.0,41.285714285714285,full_trust,63,ATTACK,101,"(24, 33)",False,1,False,1250
32,3.492000000000001,True,3.492000000000001,0.5844649773524181,0.5844649773524181,1221,0,1221.0,59,4,13,"(13, 50)",32,0.05249110320284697,92.15384615384616,47.46153846153846,full_trust,59,ATTACK,107,"(14, 41)",True,2,True,1250
0,0.0,True,0.0,0.9,0.9,1222,0,1222.0,51,3,15,"(13, 50)",0,0.028469750889679714,80.0,34.266666666666666,full_trust,51,ATTACK,87,"(25, 49)",False,0,False,1255
34,0.0,True,0.0,0.7313071230742669,0.8840672784090583,1223,0,1223.0,63,5,14,"(2, 41)",0,0.05150976909413854,87.0,41.285714285714285,full_trust,63,ATTACK,101,"(22, 36)",False,1,False,1255
23,0.0,False,0.0,0.17223907969617555,0.17223907969617555,1226,0,1226.0,60,4,13,"(13, 50)",0,0.04262877442273535,92.15384615384616,47.46153846153846,full_trust,60,ATTACK,108,"(13, 45)",False,2,False,1255
0,0.0,True,0.0,0.9,0.9,1227,0,1227.0,51,3,15,"(13, 50)",0,0.026690391459074734,80.0,34.266666666666666,full_trust,51,ATTACK,87,"(20, 49)",False,0,False,1260
29,0.0,True,0.0,0.7682622457691043,0.9011074868470524,1228,0,1228.0,63,5,14,"(2, 41)",0,0.043516873889875664,87.0,41.285714285714285,full_trust,63,ATTACK,101,"(21, 40)",False,1,False,1260
11,0.0,False,0.0,0.04796554963409346,0.04796554963409346,1231,0,1231.0,60,4,13,"(13, 50)",0,0.03197158081705151,92.15384615384616,47.46153846153846,full_trust,60,ATTACK,108,"(12, 49)",False,2,False,1260
0,0.0,True,0.0,0.9,0.9,1232,0,1232.0,51,3,15,"(13, 50)",0,0.026690391459074734,80.0,34.266666666666666,full_trust,51,ATTACK,87,"(15, 49)",False,0,False,1265
14,0.0,True,0.0,0.7870031663802186,0.8388274735952418,1233,0,1233.0,63,5,14,"(2, 41)",0,0.03197158081705151,87.0,41.285714285714285,full_trust,63,ATTACK,101,"(16, 40)",False,1,False,1265
8,0.0,False,0.0,0.07374301318087934,0.24234085547373282,1235,0,1235.0,61,4,13,"(15, 2)",0,0.02930728241563055,92.15384615384616,47.46153846153846,full_trust,61,ATTACK,109,"(13, 48)",False,2,False,1265
0,0.0,True,0.0,0.9,0.9,1236,0,1236.0,52,3,16,"(2, 41)",0,0.026690391459074734,79.3125,33.5625,full_trust,52,ATTACK,88,"(12, 50)",False,0,False,1270
9,0.0,True,0.0,0.799071550361552,0.858959270406866,1238,0,1238.0,63,5,14,"(2, 41)",0,0.02930728241563055,87.0,41.285714285714285,full_trust,63,ATTACK,101,"(12, 41)",False,1,False,1270
8,0.0,False,0.0,0.13933050933043428,0.4298116222348236,1240,0,1240.0,61,4,13,"(15, 2)",0,0.02930728241563055,92.15384615384616,47.46153846153846,full_trust,61,ATTACK,109,"(13, 43)",False,2,False,1270
0,0.0,True,0.0,0.9,0.9,1241,0,1241.0,55,3,16,"(2, 41)",0,0.02491103202846975,79.3125,33.5625,full_trust,55,ATTACK,91,"(11, 46)",False,0,False,1275
8,0.0,True,0.0,0.8057140664072446,0.8700243603517229,1243,0,1243.0,64,5,14,"(2, 41)",0,0.02486678507992895,87.0,41.285714285714285,full_trust,64,ATTACK,103,"(7, 41)",False,1,False,1275
8,0.0,True,0.0,0.20252683977658043,0.5115231624910603,1245,0,1245.0,62,4,13,"(15, 2)",0,0.02575488454706927,92.15384615384616,47.46153846153846,full_trust,62,ATTACK,110,"(14, 39)",False,2,False,1275
0,0.0,True,0.0,0.9,0.9,1245,0,1245.0,55,4,16,"(2, 41)",0,0.022482014388489208,79.3125,33.5625,full_trust,55,ATTACK,91,"(7, 46)",False,0,False,1280
8,0.0,True,0.0,0.8240131950771354,0.896833196446039,1248,0,1248.0,65,5,14,"(2, 41)",0,0.02333931777378815,87.0,41.285714285714285,full_trust,65,ATTACK,104,"(6, 45)",False,1,False,1280
8,0.0,True,0.0,0.21907199881972356,0.533430020639443,1250,0,1250.0,62,4,13,"(15, 2)",0,0.024302430243024302,92.15384615384616,47.46153846153846,full_trust,62,ATTACK,110,"(16, 36)",False,2,False,1280
0,0.0,True,0.0,0.9,0.9,1249,0,1249.0,57,5,16,"(2, 41)",0,0.019766397124887692,79.3125,33.5625,full_trust,57,ATTACK,93,"(6, 45)",False,0,False,1285
10,0.0,True,0.0,0.8398103395887775,0.9153411723302316,1252,0,1252.0,68,6,14,"(2, 41)",0,0.021524663677130046,87.0,41.285714285714285,full_trust,68,ATTACK,107,"(4, 45)",False,1,False,1285
10,0.0,True,0.0,0.21907199881972356,0.533430020639443,1255,0,1255.0,62,4,13,"(15, 2)",0,0.02158273381294964,92.15384615384616,47.46153846153846,full_trust,62,ATTACK,110,"(17, 32)",False,2,False,1285
0,0.0,True,0.0,0.9,0.9,1254,0,1254.0,57,5,16,"(2, 41)",0,0.01875,79.3125,33.5625,full_trust,57,ATTACK,93,"(7, 41)",False,0,False,1290
10,0.0,True,0.0,0.8596484079311579,0.9340495137445353,1257,0,1257.0,68,6,14,"(2, 41)",0,0.0213713268032057,87.0,41.285714285714285,full_trust,68,ATTACK,107,"(7, 43)",False,1,False,1290
10,0.0,True,0.0,0.21907199881972356,0.533430020639443,1260,0,1260.0,62,4,13,"(15, 2)",0,0.02142857142857143,92.15384615384616,47.46153846153846,full_trust,62,ATTACK,110,"(17, 27)",False,2,False,1290
0,0.0,True,0.0,0.9,0.9,1259,0,1259.0,58,5,16,"(2, 41)",0,0.01871657754010695,79.3125,33.5625,full_trust,58,ATTACK,94,"(10, 39)",False,0,False,1295
10,0.0,True,0.0,0.8787535809314994,0.9497247940319937,1262,0,1262.0,69,6,14,"(2, 41)",0,0.021333333333333333,87.0,41.285714285714285,full_trust,69,ATTACK,108,"(10, 41)",False,1,False,1295
10,0.0,True,0.0,0.23532544443958328,0.5441409112169181,1265,0,1265.0,62,4,13,"(15, 2)",0,0.0213903743315508,92.15384615384616,47.46153846153846,full_trust,62,ATTACK,110,"(17, 22)",False,2,False,1295
0,0.0,True,0.0,0.9,0.9,1264,0,1264.0,60,5,16,"(2, 41)",0,0.017740429505135387,79.3125,33.5625,full_trust,60,ATTACK,96,"(8, 36)",False,0,False,1300
10,0.0,True,0.0,0.8964439459786291,0.9609390423320309,1267,0,1267.0,69,6,14,"(2, 41)",0,0.01975540921919097,87.0,41.285714285714285,full_trust,69,ATTACK,109,"(10, 36)",False,1,False,1300
10,0.0,True,0.0,0.29721760078226006,0.5832268186363269,1270,0,1270.0,62,4,13,"(15, 2)",0,0.01975540921919097,92.15384615384616,47.46153846153846,full_trust,62,ATTACK,111,"(17, 17)",False,2,False,1300
0,0.0,True,0.0,0.9,0.9,1268,0,1268.0,61,6,16,"(2, 41)",0,0.014719411223551058,79.3125,33.5625,full_trust,61,ATTACK,97,"(6, 36)",False,0,False,1305
10,0.0,True,0.0,0.9122752217572169,0.9696762235617773,1271,0,1271.0,70,7,14,"(2, 41)",0,0.016682113067655237,87.0,41.285714285714285,full_trust,70,ATTACK,110,"(8, 36)",False,1,False,1305
10,0.0,True,0.0,0.31193867344921833,0.5916390541214256,1275,0,1275.0,62,4,13,"(15, 2)",0,0.016682113067655237,92.15384615384616,47.46153846153846,full_trust,62,ATTACK,111,"(15, 14)",False,2,False,1305
0,0.0,True,0.0,0.9,0.9,1273,0,1273.0,61,6,16,"(2, 41)",0,0.012879484820607176,79.3125,33.5625,full_trust,61,ATTACK,97,"(10, 37)",False,0,False,1310
10,0.0,True,0.0,0.9237023665470795,0.9760819699848925,1274,0,1274.0,72,9,14,"(2, 41)",0,0.014828544949026877,87.0,41.285714285714285,full_trust,72,ATTACK,112,"(7, 36)",False,1,False,1310
8,0.0,False,0.0,0.3139312437638794,0.3139312437638794,1280,0,1280.0,62,4,13,"(15, 2)",0,0.014828544949026877,92.15384615384616,47.46153846153846,full_trust,62,ATTACK,112,"(15, 9)",False,2,False,1310
0,0.0,True,0.0,0.9,0.9,1278,0,1278.0,62,6,16,"(2, 41)",0,0.011039558417663294,79.3125,33.5625,full_trust,62,ATTACK,98,"(10, 40)",False,0,False,1315
10,0.0,True,0.0,0.9362792543770976,0.9809331150720842,1279,0,1279.0,74,9,14,"(2, 41)",0,0.012974976830398516,87.0,41.285714285714285,full_trust,74,ATTACK,114,"(8, 36)",False,1,False,1315
6,0.0,False,0.0,0.15339865977019806,0.15339865977019806,1285,0,1285.0,62,4,13,"(15, 2)",0,0.012974976830398516,92.15384615384616,47.46153846153846,full_trust,62,ATTACK,112,"(15, 4)",False,2,False,1315
0,0.0,True,0.0,0.9,0.9,1282,0,1282.0,62,7,16,"(2, 41)",0,0.011627906976744186,79.3125,33.5625,full_trust,62,ATTACK,98,"(9, 37)",False,0,False,1320
10,0.0,True,0.0,0.9470320142635397,0.9856179031492426,1283,0,1283.0,74,10,14,"(2, 41)",0,0.013513513513513514,87.0,41.285714285714285,full_trust,74,ATTACK,114,"(9, 35)",False,1,False,1320
6,0.0,False,0.0,0.15339865977019806,0.15339865977019806,1289,0,1289.0,63,4,14,"(2, 41)",0,0.013513513513513514,94.14285714285714,48.0,full_trust,63,ATTACK,113,"(14, 3)",False,2,False,1320
0,0.0,True,0.0,0.9,0.9,1287,0,1287.0,63,7,16,"(2, 41)",0,0.01160541586073501,79.3125,33.5625,full_trust,63,ATTACK,99,"(5, 36)",False,0,False,1325
19,0.0,True,0.0,0.9545620431306232,0.9885932362345596,1288,0,1288.0,76,10,14,"(2, 41)",0,0.024084778420038536,87.0,41.285714285714285,full_trust,76,ATTACK,117,"(10, 39)",False,1,False,1325
15,0.0,False,0.0,0.15339865977019806,0.15339865977019806,1294,0,1294.0,63,4,14,"(2, 41)",0,0.022157996146435453,94.14285714285714,48.0,full_trust,63,ATTACK,114,"(14, 8)",False,2,False,1325
0,0.0,True,0.0,0.9,0.9,1292,0,1292.0,64,7,16,"(2, 41)",0,0.011594202898550725,79.3125,33.5625,full_trust,64,ATTACK,100,"(9, 37)",False,0,False,1330
19,0.0,True,0.0,0.9610947475246668,0.990354753090227,1293,0,1293.0,77,10,14,"(2, 41)",0,0.02598652550529355,87.0,41.285714285714285,full_trust,77,ATTACK,118,"(7, 41)",False,1,False,1330
15,0.0,False,0.0,0.15339865977019806,0.15339865977019806,1299,0,1299.0,63,4,14,"(2, 41)",0,0.02213666987487969,94.14285714285714,48.0,full_trust,63,ATTACK,116,"(14, 13)",False,2,False,1330
0,0.0,True,0.0,0.9,0.9,1297,0,1297.0,64,7,16,"(2, 41)",0,0.011594202898550725,79.3125,33.5625,full_trust,64,ATTACK,100,"(10, 41)",False,0,False,1335
19,0.0,True,0.0,0.9640124029070681,0.9912278050157565,1298,0,1298.0,77,10,14,"(2, 41)",0,0.02598652550529355,87.0,41.285714285714285,full_trust,77,ATTACK,118,"(6, 45)",False,1,False,1335
15,0.0,False,0.0,0.15339865977019806,0.15339865977019806,1304,0,1304.0,63,4,14,"(2, 41)",0,0.02213666987487969,94.14285714285714,48.0,full_trust,63,ATTACK,117,"(14, 18)",False,2,False,1335
0,0.0,True,0.0,0.9,0.9,1302,0,1302.0,65,7,16,"(2, 41)",0,0.011417697431018078,79.3125,33.5625,full_trust,65,ATTACK,101,"(7, 43)",False,0,False,1340
19,0.0,True,0.0,0.9704507209343668,0.9931800757428894,1302,0,1302.0,78,11,14,"(2, 41)",0,0.025592417061611375,87.0,41.285714285714285,full_trust,78,ATTACK,119,"(7, 44)",False,1,False,1340
15,0.0,False,0.0,0.15339865977019806,0.15339865977019806,1309,0,1309.0,64,4,14,"(2, 41)",0,0.021800947867298578,94.14285714285714,48.0,full_trust,64,ATTACK,118,"(12, 21)",False,2,False,1340
0,0.0,True,0.0,0.9,0.9,1306,0,1306.0,65,8,16,"(2, 41)",0,0.0113314447592068,79.3125,33.5625,full_trust,65,ATTACK,101,"(5, 45)",False,0,False,1345
19,0.0,True,0.0,0.9758248355452004,0.9947521815861001,1307,0,1307.0,80,11,14,"(2, 41)",0,0.02539981185324553,87.0,41.285714285714285,full_trust,80,ATTACK,121,"(7, 45)",False,1,False,1345
15,0.0,False,0.0,0.15339865977019806,0.15339865977019806,1314,0,1314.0,64,4,14,"(2, 41)",0,0.021636876763875823,94.14285714285714,48.0,full_trust,64,ATTACK,118,"(12, 26)",False,2,False,1345
0,0.0,True,0.0,0.9,0.9,1310,0,1310.0,67,9,16,"(2, 41)",0,0.06629318394024276,79.3125,33.5625,full_trust,67,ATTACK,103,"(7, 45)",False,0,False,1350
19,0.0,True,0.0,0.9802709513749561,0.9958821610925295,1310,0,1310.0,83,13,14,"(2, 41)",0,0.07813953488372093,87.0,41.285714285714285,full_trust,83,ATTACK,124,"(8, 45)",False,1,False,1350
15,0.0,False,0.0,0.15339865977019806,0.15339865977019806,1319,0,1319.0,64,4,14,"(2, 41)",0,0.08,94.14285714285714,48.0,full_trust,64,ATTACK,119,"(12, 31)",False,2,False,1350
0,0.0,True,0.0,0.9,0.9,1315,0,1315.0,67,9,16,"(2, 41)",0,0.05970149253731343,79.3125,33.5625,full_trust,67,ATTACK,103,"(3, 44)",False,0,False,1355
19,0.0,True,0.0,0.9839389859414798,0.996819560360275,1314,0,1314.0,84,14,14,"(2, 41)",0,0.07434944237918216,87.0,41.285714285714285,full_trust,84,ATTACK,125,"(5, 46)",False,1,False,1355
15,0.0,False,0.0,0.15339865977019806,0.15339865977019806,1324,0,1324.0,64,4,14,"(2, 41)",0,0.07527881040892194,94.14285714285714,48.0,full_trust,64,ATTACK,119,"(12, 36)",False,2,False,1355
0,0.0,True,0.0,0.9,0.9,1319,0,1319.0,68,9,16,"(2, 50)",0,0.05655042412818096,79.3125,33.5625,full_trust,68,ATTACK,104,"(2, 41)",False,0,False,1360
34,0.0,True,0.0,0.9869595173641492,0.9975551692597991,1319,0,1319.0,84,14,14,"(2, 41)",0,0.0835680751173709,87.0,41.285714285714285,full_trust,84,ATTACK,125,"(3, 43)",False,1,False,1360
30,0.0,False,0.0,0.15503255152945156,0.18607649495526818,1329,0,1329.0,65,4,14,"(2, 41)",0,0.0835680751173709,94.14285714285714,48.0,full_trust,65,ATTACK,120,"(12, 41)",False,2,False,1360
0,0.0,True,0.0,0.9,0.9,1323,0,1323.0,68,10,16,"(2, 50)",0,0.05466540999057493,79.3125,33.5625,full_trust,68,ATTACK,104,"(3, 44)",False,0,False,1365
34,0.0,True,0.0,0.9889795899035443,0.9980164934129098,1323,0,1323.0,86,15,14,"(2, 41)",0,0.07981220657276995,87.0,41.285714285714285,full_trust,86,ATTACK,127,"(3, 45)",False,1,False,1365
30,0.0,False,0.0,0.18246159992120184,0.33148108618926764,1334,0,1334.0,65,4,14,"(2, 41)",0,0.07887323943661972,94.14285714285714,48.0,full_trust,65,ATTACK,120,"(7, 41)",False,2,False,1365
0,0.0,True,0.0,0.9,0.9,1327,0,1327.0,68,11,16,"(2, 50)",0,0.054613935969868174,79.3125,33.5625,full_trust,68,ATTACK,104,"(3, 48)",False,0,False,1370
34,0.0,True,0.0,0.9907052518224002,0.9984114287106367,1328,0,1328.0,88,15,14,"(2, 41)",0,0.07973733583489681,87.0,41.285714285714285,full_trust,88,ATTACK,129,"(4, 45)",False,1,False,1370
30,0.0,False,0.0,0.23727672062718752,0.4790727691907242,1339,0,1339.0,65,4,14,"(2, 41)",0,0.07879924953095685,94.14285714285714,48.0,full_trust,65,ATTACK,120,"(2, 41)",False,2,False,1370
0,0.0,True,0.0,0.9,0.9,1331,0,1331.0,69,11,17,"(33, 8)",0,0.05456255879586077,80.82352941176471,32.411764705882355,full_trust,69,ATTACK,106,"(3, 50)",False,0,False,1375
34,0.0,True,0.0,0.9921700596288954,0.9986950306278062,1332,0,1332.0,88,16,14,"(2, 41)",0,0.07966260543580131,87.0,41.285714285714285,full_trust,88,ATTACK,130,"(4, 41)",False,1,False,1375
30,0.0,True,0.0,0.3063138846255998,0.5743762480872626,1343,0,1343.0,67,4,14,"(21, 17)",0,0.07872539831302718,94.14285714285714,48.0,full_trust,67,ATTACK,122,"(6, 41)",False,2,False,1375
0,0.0,True,0.0,0.9,0.9,1336,0,1336.0,69,11,17,"(33, 8)",0,0.05456255879586077,80.82352941176471,32.411764705882355,full_trust,69,ATTACK,106,"(5, 47)",False,0,False,1380
34,0.0,True,0.0,0.9934028006501637,0.9988895090367365,1336,0,1336.0,89,16,14,"(21, 17)",0,0.07966260543580131,87.0,41.285714285714285,full_trust,89,ATTACK,131,"(3, 40)",False,1,False,1380
30,0.0,True,0.0,0.3345296353940714,0.6023452730628304,1348,0,1348.0,67,4,14,"(21, 17)",0,0.07872539831302718,94.14285714285714,48.0,full_trust,67,ATTACK,122,"(9, 39)",False,2,False,1380
0,0.0,True,0.0,0.9,0.9,1341,0,1341.0,69,11,17,"(33, 8)",0,0.05456255879586077,80.82352941176471,32.411764705882355,full_trust,69,ATTACK,106,"(7, 44)",False,0,False,1385
34,0.0,True,0.0,0.9944412080560716,0.9990584975176905,1341,0,1341.0,89,16,14,"(21, 17)",0,0.08059981255857544,87.0,41.285714285714285,full_trust,89,ATTACK,131,"(5, 37)",False,1,False,1385
30,0.0,True,0.0,0.3624844312034229,0.6266834673413526,1353,0,1353.0,67,4,14,"(21, 17)",0,0.07872539831302718,94.14285714285714,48.0,full_trust,67,ATTACK,122,"(9, 34)",False,2,False,1385
0,0.0,True,0.0,0.9,0.9,1346,0,1346.0,69,11,17,"(33, 8)",0,0.05027932960893855,80.82352941176471,32.411764705882355,full_trust,69,ATTACK,106,"(9, 41)",False,0,False,1390
34,0.0,True,0.0,0.9951097605657181,0.9991657299410424,1346,0,1346.0,89,16,14,"(21, 17)",0,0.07606679035250463,87.0,41.285714285714285,full_trust,89,ATTACK,131,"(9, 36)",False,1,False,1390
30,0.0,True,0.0,0.3624844312034229,0.6266834673413526,1358,0,1358.0,67,4,14,"(21, 17)",0,0.07792207792207792,94.14285714285714,48.0,full_trust,67,ATTACK,122,"(9, 29)",False,2,False,1390
0,0.0,True,0.0,0.9,0.9,1351,0,1351.0,69,11,17,"(33, 8)",0,0.04981549815498155,80.82352941176471,32.411764705882355,full_trust,69,ATTACK,106,"(10, 37)",False,0,False,1395
34,0.0,True,0.0,0.9960546340647901,0.999357819441517,1351,0,1351.0,89,16,14,"(21, 17)",0,0.07628676470588236,87.0,41.285714285714285,full_trust,89,ATTACK,131,"(13, 35)",False,1,False,1395
30,0.0,True,0.0,0.3624844312034229,0.6266834673413526,1363,0,1363.0,67,4,14,"(21, 17)",0,0.07720588235294118,94.14285714285714,48.0,full_trust,67,ATTACK,122,"(9, 24)",False,2,False,1395
0,0.0,True,0.0,0.9,0.9,1356,0,1356.0,70,11,17,"(33, 8)",0,0.049723756906077346,80.82352941176471,32.411764705882355,full_trust,70,ATTACK,107,"(12, 34)",False,0,False,1400
39,0.0,True,0.0,0.9968249376640169,0.9995124551265535,1356,0,1356.0,89,16,14,"(21, 17)",0,0.072744014732965,87.0,41.285714285714285,full_trust,89,ATTACK,132,"(18, 35)",False,1,False,1400
35,0.0,True,0.0,0.3624844312034229,0.6266834673413526,1368,0,1368.0,68,4,14,"(21, 17)",0,0.07366482504604052,94.14285714285714,48.0,full_trust,68,ATTACK,123,"(11, 21)",False,2,False,1400
0,0.0,True,0.0,0.9,0.9,1361,0,1361.0,70,11,17,"(33, 8)",0,0.049723756906077346,80.82352941176471,32.411764705882355,full_trust,70,ATTACK,107,"(15, 32)",False,0,False,1405
39,0.0,True,0.0,0.9974461030306521,0.9996029296278243,1361,0,1361.0,89,16,14,"(21, 17)",0,0.072744014732965,87.0,41.285714285714285,full_trust,89,ATTACK,132,"(19, 31)",False,1,False,1405
35,0.0,True,0.0,0.3624844312034229,0.6266834673413526,1373,0,1373.0,68,4,14,"(21, 17)",0,0.072744014732965,94.14285714285714,48.0,full_trust,68,ATTACK,123,"(14, 19)",False,2,False,1405
0,0.0,True,0.0,0.9,0.9,1366,0,1366.0,70,11,17,"(33, 8)",0,0.049723756906077346,80.82352941176471,32.411764705882355,full_trust,70,ATTACK,107,"(20, 32)",False,0,False,1410
39,0.0,True,0.0,0.9979464319757755,0.9996882532643948,1366,0,1366.0,89,16,14,"(21, 17)",0,0.072744014732965,87.0,41.285714285714285,full_trust,89,ATTACK,132,"(19, 26)",False,1,False,1410
35,0.0,True,0.0,0.3624844312034229,0.6266834673413526,1378,0,1378.0,68,4,14,"(21, 17)",0,0.072744014732965,94.14285714285714,48.0,full_trust,68,ATTACK,123,"(18, 18)",False,2,False,1410
0,0.0,True,0.0,0.9,0.9,1371,0,1371.0,70,11,17,"(33, 8)",0,0.049723756906077346,80.82352941176471,32.411764705882355,full_trust,70,ATTACK,107,"(25, 32)",False,0,False,1415
39,0.0,True,0.0,0.9982751599750269,0.9997331413630418,1371,0,1371.0,89,16,14,"(21, 17)",0,0.072744014732965,87.0,41.285714285714285,full_trust,89,ATTACK,132,"(19, 21)",False,1,False,1415
35,0.0,True,0.0,0.3624844312034229,0.6266834673413526,1382,0,1382.0,69,4,15,"(2, 20)",0,0.07366482504604052,94.33333333333333,47.733333333333334,full_trust,69,ATTACK,124,"(21, 17)",False,2,False,1415
0,0.0,True,0.0,0.9,0.9,1376,0,1376.0,70,11,17,"(33, 8)",0,0.04801477377654663,80.82352941176471,32.411764705882355,full_trust,70,ATTACK,107,"(27, 29)",False,0,False,1420
34,0.0,True,0.0,0.9982751599750269,0.9997331413630418,1376,0,1376.0,89,16,14,"(21, 17)",0,0.06832871652816251,87.0,41.285714285714285,full_trust,89,ATTACK,132,"(20, 17)",False,1,False,1420
30,0.0,True,0.0,0.3624844312034229,0.6266834673413526,1387,0,1387.0,69,4,15,"(2, 20)",0,0.06925207756232687,94.33333333333333,47.733333333333334,full_trust,69,ATTACK,124,"(16, 17)",False,2,False,1420
0,0.0,True,0.0,0.9,0.9,1381,0,1381.0,70,11,17,"(33, 8)",0,0.040627885503231764,80.82352941176471,32.411764705882355,full_trust,70,ATTACK,108,"(27, 24)",False,0,False,1425
24,0.0,True,0.0,0.9982751599750269,0.9997331413630418,1380,0,1380.0,90,16,15,"(13, 50)",0,0.050784856879039705,94.8,41.46666666666667,full_trust,90,ATTACK,134,"(18, 17)",False,1,False,1425
20,0.0,True,0.0,0.3624844312034229,0.6266834673413526,1392,0,1392.0,69,4,15,"(2, 20)",0,0.05170821791320406,94.33333333333333,47.733333333333334,full_trust,69,ATTACK,125,"(14, 20)",False,2,False,1425
0,0.0,True,0.0,0.9,0.9,1386,0,1386.0,70,11,17,"(33, 8)",0,0.03863845446182153,80.82352941176471,32.411764705882355,full_trust,70,ATTACK,108,"(29, 21)",False,0,False,1430
24,0.0,True,0.0,0.9982751599750269,0.9997331413630418,1385,0,1385.0,90,16,15,"(13, 50)",0,0.04875804967801288,94.8,41.46666666666667,full_trust,90,ATTACK,134,"(18, 22)",False,1,False,1430
20,0.0,True,0.0,0.3624844312034229,0.6266834673413526,1397,0,1397.0,69,4,15,"(2, 20)",0,0.04967801287948482,94.33333333333333,47.733333333333334,full_trust,69,ATTACK,125,"(9, 20)",False,2,False,1430
0,0.0,True,0.0,0.9,0.9,1391,0,1391.0,70,11,17,"(33, 8)",0,0.037070524412296565,80.82352941176471,32.411764705882355,full_trust,70,ATTACK,108,"(30, 17)",False,0,False,1435
63,4.951586348119477,True,4.951586348119477,0.9985492422163866,0.9997634371197965,1390,0,1390.0,91,16,15,"(13, 50)",63,0.06329113924050633,94.8,41.46666666666667,full_trust,91,ATTACK,135,"(18, 27)",True,1,True,1435
59,0.0,True,0.0,0.3624844312034229,0.6266834673413526,1402,0,1402.0,69,4,15,"(2, 20)",0,0.06148282097649186,94.33333333333333,47.733333333333334,full_trust,69,ATTACK,125,"(4, 20)",False,2,False,1435
0,0.0,True,0.0,0.9,0.9,1396,0,1396.0,70,11,17,"(33, 8)",0,0.03429602888086643,80.82352941176471,32.411764705882355,full_trust,70,ATTACK,108,"(32, 14)",False,0,False,1440
63,4.951586348119477,True,4.951586348119477,0.9988287767652995,0.9997974086820962,1395,0,1395.0,91,16,15,"(13, 50)",63,0.061371841155234655,94.8,41.46666666666667,full_trust,91,ATTACK,135,"(18, 32)",True,1,True,1440
59,0.0,True,0.0,0.3624844312034229,0.6266834673413526,1406,0,1406.0,70,4,15,"(25, 2)",0,0.058664259927797835,94.33333333333333,47.733333333333334,full_trust,70,ATTACK,126,"(4, 20)",False,2,False,1440
0,0.0,True,0.0,0.9,0.9,1401,0,1401.0,70,11,17,"(33, 8)",0,0.033393501805054154,80.82352941176471,32.411764705882355,full_trust,70,ATTACK,108,"(32, 9)",False,0,False,1445
52,6.895177809912589,True,6.895177809912589,0.6126289755387444,0.6126289755387444,1400,0,1400.0,92,16,15,"(13, 50)",52,0.06227436823104693,94.8,41.46666666666667,full_trust,92,ATTACK,136,"(17, 36)",True,1,True,1445
59,0.0,True,0.0,0.3624844312034229,0.6266834673413526,1411,0,1411.0,70,4,15,"(25, 2)",0,0.0631768953068592,94.33333333333333,47.733333333333334,full_trust,70,ATTACK,126,"(9, 20)",False,2,False,1445
0,0.0,True,0.0,0.9,0.9,1405,0,1405.0,71,11,17,"(3, 8)",0,0.033393501805054154,80.82352941176471,32.411764705882355,full_trust,71,ATTACK,110,"(31, 8)",False,0,False,1450
41,7.619958132235684,False,7.619958132235684,0.3607638506166706,0.3607638506166706,1405,0,1405.0,94,16,15,"(13, 50)",0,0.058664259927797835,94.8,41.46666666666667,full_trust,94,ATTACK,139,"(13, 37)",False,1,False,1450
59,0.0,True,0.0,0.3624844312034229,0.6266834673413526,1416,0,1416.0,71,4,15,"(25, 2)",0,0.061371841155234655,94.33333333333333,47.733333333333334,full_trust,71,ATTACK,127,"(14, 20)",False,2,False,1450
0,0.0,True,0.0,0.9,0.9,1410,0,1410.0,71,11,17,"(3, 8)",0,0.030685920577617327,80.82352941176471,32.411764705882355,full_trust,71,ATTACK,110,"(27, 9)",False,0,False,1455
24,0.0,False,0.0,0.18596109456931167,0.21042832539016373,1410,0,1410.0,94,16,15,"(13, 50)",0,0.04061371841155235,94.8,41.46666666666667,full_trust,94,ATTACK,142,"(13, 42)",False,1,False,1455
59,0.0,True,0.0,0.3624844312034229,0.6266834673413526,1421,0,1421.0,71,4,15,"(25, 2)",0,0.05595667870036101,94.33333333333333,47.733333333333334,full_trust,71,ATTACK,127,"(16, 17)",False,2,False,1455
0,0.0,True,0.0,0.9,0.9,1415,0,1415.0,72,11,17,"(3, 8)",0,0.025247971145175834,80.82352941176471,32.411764705882355,full_trust,72,ATTACK,111,"(22, 9)",False,0,False,1460
24,0.0,False,0.0,0.2067166675133146,0.31563323574388136,1415,0,1415.0,94,16,15,"(13, 50)",0,0.0351668169522092,94.8,41.46666666666667,full_trust,94,ATTACK,142,"(13, 47)",False,1,False,1460
59,0.0,True,0.0,0.37622513481833436,0.6372985035016523,1426,0,1426.0,71,4,15,"(25, 2)",0,0.056807935076645624,94.33333333333333,47.733333333333334,full_trust,71,ATTACK,127,"(21, 17)",False,2,False,1460
0,0.0,True,0.0,0.9,0.9,1420,0,1420.0,73,11,17,"(3, 8)",0,0.025202520252025202,80.82352941176471,32.411764705882355,full_trust,73,ATTACK,112,"(25, 11)",False,0,False,1465
24,0.0,False,0.0,0.2275955499990076,0.36988780103842306,1419,0,1419.0,95,16,15,"(2, 20)",0,0.0351035103510351,94.8,41.46666666666667,full_trust,95,ATTACK,143,"(12, 50)",False,1,False,1465
59,0.0,True,0.0,0.4433374575175067,0.6949074560489596,1431,0,1431.0,71,4,15,"(25, 2)",0,0.05670567056705671,94.33333333333333,47.733333333333334,full_trust,71,ATTACK,127,"(25, 16)",False,2,False,1465
0,0.0,True,0.0,0.9,0.9,1424,0,1424.0,73,12,17,"(3, 8)",0,0.025202520252025202,80.82352941176471,32.411764705882355,full_trust,73,ATTACK,112,"(25, 15)",False,0,False,1470
24,0.0,False,0.0,0.252665889376663,0.41807854691016905,1424,0,1424.0,95,16,15,"(2, 20)",0,0.0351035103510351,94.8,41.46666666666667,full_trust,95,ATTACK,143,"(12, 45)",False,1,False,1470
59,0.0,True,0.0,0.49667279359708594,0.7518148825109057,1436,0,1436.0,71,4,15,"(25, 2)",0,0.05850585058505851,94.33333333333333,47.733333333333334,full_trust,71,ATTACK,127,"(26, 16)",False,2,False,1470
0,0.0,True,0.0,0.9,0.9,1429,0,1429.0,73,12,17,"(3, 8)",0,0.025202520252025202,80.82352941176471,32.411764705882355,full_trust,73,ATTACK,113,"(22, 17)",False,0,False,1475
33,0.0,False,0.0,0.28104979072814773,0.46761400825118987,1429,0,1429.0,96,16,15,"(2, 20)",0,0.043204320432043204,94.8,41.46666666666667,full_trust,96,ATTACK,144,"(12, 40)",False,1,False,1475
68,0.0,True,0.0,0.5627856256228705,0.8069600944639989,1441,0,1441.0,73,4,15,"(25, 2)",0,0.063006300630063,94.33333333333333,47.733333333333334,full_trust,73,ATTACK,130,"(26, 11)",False,2,False,1475
0,0.0,True,0.0,0.9,0.9,1434,0,1434.0,73,12,17,"(3, 8)",0,0.026102610261026102,80.82352941176471,32.411764705882355,full_trust,73,ATTACK,113,"(18, 16)",False,0,False,1480
31,0.0,True,0.0,0.30176930792806855,0.5006944369608709,1434,0,1434.0,96,16,15,"(2, 20)",0,0.043204320432043204,94.8,41.46666666666667,full_trust,96,ATTACK,144,"(11, 36)",False,1,False,1480
66,0.0,True,0.0,0.6224644349074102,0.8376356261483164,1446,0,1446.0,73,4,15,"(25, 2)",0,0.0666066606660666,94.33333333333333,47.733333333333334,full_trust,73,ATTACK,130,"(25, 7)",False,2,False,1480
0,0.0,True,0.0,0.9,0.9,1439,0,1439.0,73,12,17,"(3, 8)",0,0.024302430243024302,80.82352941176471,32.411764705882355,full_trust,73,ATTACK,113,"(15, 14)",False,0,False,1485
29,0.0,True,0.0,0.34541200049015064,0.5547661162076946,1439,0,1439.0,96,16,15,"(2, 20)",0,0.0423042304230423,94.8,41.46666666666667,full_trust,96,ATTACK,144,"(6, 36)",False,1,False,1485
66,0.0,True,0.0,0.6546633386221697,0.8526567217940041,1451,0,1451.0,73,4,15,"(25, 2)",0,0.0675067506750675,94.33333333333333,47.733333333333334,full_trust,73,ATTACK,130,"(25, 2)",False,2,False,1485
0,0.0,True,0.0,0.9,0.9,1444,0,1444.0,73,12,17,"(3, 8)",0,0.023214285714285715,80.82352941176471,32.411764705882355,full_trust,73,ATTACK,113,"(13, 11)",False,0,False,1490
28,0.0,True,0.0,0.3564520238258446,0.5662124672040305,1444,0,1444.0,96,16,15,"(2, 20)",0,0.04107142857142857,94.8,41.46666666666667,full_trust,96,ATTACK,144,"(4, 33)",False,1,False,1490
66,0.0,True,0.0,0.6546633386221697,0.8526567217940041,1455,0,1455.0,74,4,16,"(33, 50)",0,0.06785714285714285,92.875,47.75,full_trust,74,ATTACK,131,"(25, 6)",False,2,False,1490
0,0.0,True,0.0,0.9,0.9,1449,0,1449.0,73,12,17,"(3, 8)",0,0.022104332449160036,80.82352941176471,32.411764705882355,full_trust,73,ATTACK,113,"(11, 8)",False,0,False,1495
27,0.0,True,0.0,0.3564520238258446,0.5662124672040305,1449,0,1449.0,96,16,15,"(2, 20)",0,0.03978779840848806,94.8,41.46666666666667,full_trust,96,ATTACK,144,"(3, 29)",False,1,False,1495
66,0.0,True,0.0,0.6546633386221697,0.8526567217940041,1460,0,1460.0,74,4,16,"(33, 50)",0,0.06896551724137931,92.875,47.75,full_trust,74,ATTACK,131,"(25, 11)",False,2,False,1495
0,0.0,True,0.0,0.9,0.9,1454,0,1454.0,73,12,17,"(3, 8)",0,0.05013192612137203,80.82352941176471,32.411764705882355,full_trust,73,ATTACK,114,"(6, 8)",False,0,False,1500
27,0.0,True,0.0,0.3564520238258446,0.5662124672040305,1454,0,1454.0,97,16,15,"(2, 20)",0,0.06420404573438875,94.8,41.46666666666667,full_trust,97,ATTACK,145,"(3, 24)",False,1,False,1500
66,6.029794456374233,True,6.029794456374233,0.6934900979730507,0.8702546566572109,1465,0,1465.0,74,4,16,"(33, 50)",66,0.09410729991204925,92.875,47.75,full_trust,74,ATTACK,132,"(25, 16)",True,2,True,1500
0,0.0,True,0.0,0.9,0.9,1458,0,1458.0,74,12,18,"(2, 20)",0,0.048372911169744945,83.55555555555556,33.72222222222222,full_trust,74,ATTACK,115,"(4, 8)",False,0,False,1505
27,0.0,True,0.0,0.3564520238258446,0.5662124672040305,1459,0,1459.0,97,16,15,"(2, 20)",0,0.06596306068601583,94.8,41.46666666666667,full_trust,97,ATTACK,145,"(2, 20)",False,1,False,1505
57,5.954964886107788,True,5.954964886107788,0.6934900979730507,0.8702546566572109,1470,0,1470.0,74,4,16,"(33, 50)",57,0.08883025505716799,92.875,47.75,full_trust,74,ATTACK,132,"(25, 21)",True,2,True,1505
0,0.0,True,0.0,0.9,0.9,1463,0,1463.0,74,12,18,"(2, 20)",0,0.048372911169744945,83.55555555555556,33.72222222222222,full_trust,74,ATTACK,115,"(9, 8)",False,0,False,1510
58,0.0,True,0.0,0.3564520238258446,0.5662124672040305,1463,0,1463.0,98,16,16,"(2, 41)",0,0.0932277924362357,94.125,41.5,full_trust,98,ATTACK,146,"(3, 23)",False,1,False,1510
88,6.049645501738183,True,6.049645501738183,0.6934900979730507,0.8702546566572109,1475,0,1475.0,75,4,16,"(33, 50)",88,0.1169744942832014,92.875,47.75,full_trust,75,ATTACK,133,"(25, 26)",True,2,True,1510
0,0.0,True,0.0,0.9,0.9,1468,0,1468.0,74,12,18,"(2, 20)",0,0.047493403693931395,83.55555555555556,33.72222222222222,full_trust,74,ATTACK,115,"(13, 9)",False,0,False,1515
58,0.0,True,0.0,0.3564520238258446,0.5662124672040305,1468,0,1468.0,98,16,16,"(2, 41)",0,0.09058927000879508,94.125,41.5,full_trust,98,ATTACK,146,"(3, 28)",False,1,False,1515
88,6.049645501738183,True,6.049645501738183,0.6934900979730507,0.8702546566572109,1480,0,1480.0,75,4,16,"(33, 50)",88,0.11433597185576078,92.875,47.75,full_trust,75,ATTACK,133,"(25, 31)",True,2,True,1515
0,0.0,True,0.0,0.9,0.9,1473,0,1473.0,74,12,18,"(2, 20)",0,0.04420866489832007,83.55555555555556,33.72222222222222,full_trust,74,ATTACK,115,"(14, 13)",False,0,False,1520
58,0.0,True,0.0,0.3564520238258446,0.5662124672040305,1473,0,1473.0,98,16,16,"(2, 41)",0,0.07753303964757709,94.125,41.5,full_trust,98,ATTACK,146,"(3, 33)",False,1,False,1520
77,0.0,True,0.0,0.6934900979730507,0.8702546566572109,1485,0,1485.0,75,4,16,"(33, 50)",0,0.1013215859030837,92.875,47.75,full_trust,75,ATTACK,133,"(25, 36)",False,2,False,1520
0,0.0,True,0.0,0.9,0.9,1478,0,1478.0,74,12,18,"(2, 20)",0,0.04332449160035367,83.55555555555556,33.72222222222222,full_trust,74,ATTACK,116,"(14, 18)",False,0,False,1525
58,0.0,True,0.0,0.3564520238258446,0.5662124672040305,1478,0,1478.0,98,16,16,"(2, 41)",0,0.07312775330396476,94.125,41.5,full_trust,98,ATTACK,147,"(3, 38)",False,1,False,1525
71,0.0,True,0.0,0.5207050706884119,0.5207050706884119,1490,0,1490.0,75,4,16,"(33, 50)",0,0.0960352422907489,92.875,47.75,full_trust,75,ATTACK,134,"(25, 41)",False,2,False,1525
0,0.0,True,0.0,0.9,0.9,1483,0,1483.0,74,12,18,"(2, 20)",0,0.03978779840848806,83.55555555555556,33.72222222222222,full_trust,74,ATTACK,116,"(11, 20)",False,0,False,1530
58,0.0,True,0.0,0.3564520238258446,0.5662124672040305,1482,0,1482.0,99,16,16,"(15, 2)",0,0.06872246696035242,94.125,41.5,full_trust,99,ATTACK,148,"(2, 41)",False,1,False,1530
52,0.0,False,0.0,0.14484137919458515,0.14484137919458515,1495,0,1495.0,75,4,16,"(33, 50)",0,0.07577092511013216,92.875,47.75,full_trust,75,ATTACK,135,"(28, 43)",False,2,False,1530
0,0.0,True,0.0,0.9,0.9,1488,0,1488.0,74,12,18,"(2, 20)",0,0.03536693191865606,83.55555555555556,33.72222222222222,full_trust,74,ATTACK,116,"(6, 20)",False,0,False,1535
58,0.0,True,0.0,0.3564520238258446,0.5662124672040305,1487,0,1487.0,99,16,16,"(15, 2)",0,0.05991189427312775,94.125,41.5,full_trust,99,ATTACK,148,"(5, 39)",False,1,False,1535
45,0.0,False,0.0,0.04211057238384978,0.04211057238384978,1500,0,1500.0,76,4,16,"(33, 50)",0,0.06519823788546256,92.875,47.75,full_trust,76,ATTACK,136,"(29, 47)",False,2,False,1535
0,0.0,True,0.0,0.9,0.9,1492,0,1492.0,75,12,18,"(24, 45)",0,0.03170289855072464,83.55555555555556,33.72222222222222,full_trust,75,ATTACK,117,"(2, 20)",False,0,False,1540
58,0.0,True,0.0,0.3564520238258446,0.5662124672040305,1492,0,1492.0,100,16,16,"(15, 2)",0,0.060414788097385035,94.125,41.5,full_trust,100,ATTACK,149,"(5, 34)",False,1,False,1540
45,0.0,False,0.0,0.04211057238384978,0.04211057238384978,1505,0,1505.0,77,4,16,"(33, 50)",0,0.062218214607754736,92.875,47.75,full_trust,77,ATTACK,137,"(31, 50)",False,2,False,1540
0,0.0,True,0.0,0.9,0.9,1497,0,1497.0,75,12,18,"(24, 45)",0,0.028079710144927536,83.55555555555556,33.72222222222222,full_trust,75,ATTACK,117,"(6, 21)",False,0,False,1545
58,0.0,True,0.0,0.36761184879458203,0.5796485232005929,1497,0,1497.0,100,16,16,"(15, 2)",0,0.05765765765765766,94.125,41.5,full_trust,100,ATTACK,149,"(5, 29)",False,1,False,1545
45,0.0,False,0.0,0.04211057238384978,0.04211057238384978,1509,0,1509.0,78,4,16,"(33, 8)",0,0.05945945945945946,92.875,47.75,full_trust,78,ATTACK,138,"(31, 50)",False,2,False,1545
0,0.0,True,0.0,0.9,0.9,1502,0,1502.0,76,12,18,"(24, 45)",0,0.028079710144927536,83.55555555555556,33.72222222222222,full_trust,76,ATTACK,118,"(10, 22)",False,0,False,1550
73,0.0,True,0.0,0.42585372727972637,0.6525887393477928,1502,0,1502.0,101,16,16,"(15, 2)",0,0.05855855855855856,94.125,41.5,full_trust,101,ATTACK,150,"(5, 24)",False,1,False,1550
56,0.0,False,0.0,0.01300249825140997,0.01300249825140997,1514,0,1514.0,78,4,16,"(33, 8)",0,0.05945945945945946,92.875,47.75,full_trust,78,ATTACK,139,"(29, 47)",False,2,False,1550
0,0.0,True,0.0,0.9,0.9,1507,0,1507.0,76,12,18,"(24, 45)",0,0.025362318840579712,83.55555555555556,33.72222222222222,full_trust,76,ATTACK,118,"(13, 24)",False,0,False,1555
73,0.0,True,0.0,0.4870735781621828,0.721267277548434,1507,0,1507.0,101,16,16,"(15, 2)",0,0.06036036036036036,94.125,41.5,full_trust,101,ATTACK,150,"(6, 20)",False,1,False,1555
53,0.0,False,0.0,0.004292828790145769,0.004292828790145769,1519,0,1519.0,78,4,16,"(33, 8)",0,0.055855855855855854,92.875,47.75,full_trust,78,ATTACK,139,"(29, 42)",False,2,False,1555
0,0.0,True,0.0,0.9,0.9,1512,0,1512.0,77,12,18,"(24, 45)",0,0.016172506738544475,83.55555555555556,33.72222222222222,full_trust,77,ATTACK,119,"(17, 25)",False,0,False,1560
73,0.0,True,0.0,0.5473535345621457,0.7722455602239439,1512,0,1512.0,101,16,16,"(15, 2)",0,0.06316725978647687,94.125,41.5,full_trust,101,ATTACK,150,"(11, 20)",False,1,False,1560
52,0.0,False,0.0,0.0032332044623624417,0.0032332044623624417,1524,0,1524.0,78,4,16,"(33, 8)",0,0.05249110320284697,92.875,47.75,full_trust,78,ATTACK,139,"(29, 37)",False,2,False,1560
0,0.0,True,0.0,0.9,0.9,1517,0,1517.0,77,12,18,"(24, 45)",0,0.014298480786416443,83.55555555555556,33.72222222222222,full_trust,77,ATTACK,119,"(20, 27)",False,0,False,1565
73,0.0,True,0.0,0.6040296595872109,0.8124516380994176,1517,0,1517.0,101,16,16,"(15, 2)",0,0.06017699115044248,94.125,41.5,full_trust,101,ATTACK,150,"(15, 19)",False,1,False,1565
52,0.0,False,0.0,0.0032332044623624417,0.0032332044623624417,1529,0,1529.0,78,4,16,"(33, 8)",0,0.050442477876106194,92.875,47.75,full_trust,78,ATTACK,139,"(29, 32)",False,2,False,1565
0,0.0,True,0.0,0.9,0.9,1522,0,1522.0,77,12,18,"(24, 45)",0,0.013286093888396812,83.55555555555556,33.72222222222222,full_trust,77,ATTACK,119,"(25, 27)",False,0,False,1570
71,0.0,True,0.0,0.6554043367731605,0.841400183251471,1522,0,1522.0,101,16,16,"(15, 2)",0,0.0582010582010582,94.125,41.5,full_trust,101,ATTACK,150,"(15, 14)",False,1,False,1570
52,0.0,False,0.0,0.013074424447640356,0.10832283861902851,1534,0,1534.0,78,4,16,"(33, 8)",0,0.05026455026455026,92.875,47.75,full_trust,78,ATTACK,139,"(29, 27)",False,2,False,1570
0,0.0,True,0.0,0.9,0.9,1527,0,1527.0,77,12,18,"(24, 45)",0,0.01327433628318584,83.55555555555556,33.72222222222222,full_trust,77,ATTACK,120,"(25, 32)",False,0,False,1575
70,0.0,True,0.0,0.7006989224491577,0.863553412498258,1527,0,1527.0,101,16,16,"(15, 2)",0,0.051982378854625554,94.125,41.5,full_trust,101,ATTACK,151,"(15, 9)",False,1,False,1575
52,0.0,False,0.0,0.061108803121017234,0.28660036319332977,1539,0,1539.0,78,4,16,"(33, 8)",0,0.04757709251101322,92.875,47.75,full_trust,78,ATTACK,140,"(29, 22)",False,2,False,1575
0,0.0,True,0.0,0.9,0.9,1532,0,1532.0,77,12,18,"(24, 45)",0,0.013599274705349048,83.55555555555556,33.72222222222222,full_trust,77,ATTACK,120,"(25, 37)",False,0,False,1580
58,0.0,True,0.0,0.7171955748427116,0.8716997584362716,1532,0,1532.0,101,16,16,"(15, 2)",0,0.05139765554553652,94.125,41.5,full_trust,101,ATTACK,151,"(15, 4)",False,1,False,1580
52,0.0,False,0.0,0.07349227127964514,0.3087781662935752,1544,0,1544.0,78,4,16,"(33, 8)",0,0.046889089269612265,92.875,47.75,full_trust,78,ATTACK,140,"(29, 17)",False,2,False,1580
0,0.0,True,0.0,0.9,0.9,1537,0,1537.0,77,12,18,"(24, 45)",0,0.013599274705349048,83.55555555555556,33.72222222222222,full_trust,77,ATTACK,120,"(25, 42)",False,0,False,1585
52,0.0,True,0.0,0.7171955748427116,0.8716997584362716,1536,0,1536.0,102,16,17,"(2, 41)",0,0.04508566275924256,93.11764705882354,42.1764705882353,full_trust,102,ATTACK,152,"(14, 3)",False,1,False,1585
52,0.0,False,0.0,0.08094817539190183,0.22261035352477887,1549,0,1549.0,78,4,16,"(33, 8)",0,0.045987376014427414,92.875,47.75,full_trust,78,ATTACK,140,"(29, 12)",False,2,False,1585
0,0.0,True,0.0,0.9,0.9,1541,0,1541.0,78,12,19,"(21, 17)",0,0.013599274705349048,83.6842105263158,34.578947368421055,full_trust,78,ATTACK,121,"(24, 45)",False,0,False,1590
31,0.0,True,0.0,0.7171955748427116,0.8716997584362716,1541,0,1541.0,102,16,17,"(2, 41)",0,0.026149684400360685,93.11764705882354,42.1764705882353,full_trust,102,ATTACK,152,"(14, 8)",False,1,False,1590
52,0.0,False,0.0,0.08094817539190183,0.22261035352477887,1554,0,1554.0,78,4,16,"(33, 8)",0,0.04508566275924256,92.875,47.75,full_trust,78,ATTACK,140,"(30, 8)",False,2,False,1590
0,0.0,True,0.0,0.9,0.9,1546,0,1546.0,78,12,19,"(21, 17)",0,0.013599274705349048,83.6842105263158,34.578947368421055,full_trust,78,ATTACK,121,"(26, 42)",False,0,False,1595
29,0.0,True,0.0,0.7327517792085716,0.8784365420886542,1546,0,1546.0,102,16,17,"(2, 41)",0,0.024346257889990983,93.11764705882354,42.1764705882353,full_trust,102,ATTACK,152,"(14, 13)",False,1,False,1595
52,0.0,False,0.0,0.08094817539190183,0.22261035352477887,1558,0,1558.0,79,4,17,"(33, 30)",0,0.04418394950405771,93.76470588235294,47.94117647058823,full_trust,79,ATTACK,141,"(33, 9)",False,2,False,1595
0,0.0,True,0.0,0.9,0.9,1551,0,1551.0,78,12,19,"(21, 17)",0,0.013599274705349048,83.6842105263158,34.578947368421055,full_trust,78,ATTACK,122,"(26, 37)",False,0,False,1600
29,0.0,True,0.0,0.7327517792085716,0.8784365420886542,1551,0,1551.0,103,16,17,"(2, 41)",0,0.024346257889990983,93.11764705882354,42.1764705882353,full_trust,103,ATTACK,153,"(14, 18)",False,1,False,1600
52,0.0,False,0.0,0.08094817539190183,0.22261035352477887,1563,0,1563.0,80,4,17,"(33, 30)",0,0.04418394950405771,93.76470588235294,47.94117647058823,full_trust,80,ATTACK,142,"(32, 13)",False,2,False,1600
0,0.0,True,0.0,0.9,0.9,1556,0,1556.0,78,12,19,"(21, 17)",0,0.013599274705349048,83.6842105263158,34.578947368421055,full_trust,78,ATTACK,122,"(26, 32)",False,0,False,1605
29,0.0,True,0.0,0.7545865806253134,0.8897316393568792,1556,0,1556.0,103,16,17,"(2, 41)",0,0.024346257889990983,93.11764705882354,42.1764705882353,full_trust,103,ATTACK,153,"(13, 22)",False,1,False,1605
52,0.0,False,0.0,0.08094817539190183,0.22261035352477887,1568,0,1568.0,80,4,17,"(33, 30)",0,0.04418394950405771,93.76470588235294,47.94117647058823,full_trust,80,ATTACK,142,"(30, 16)",False,2,False,1605
0,0.0,True,0.0,0.9,0.9,1561,0,1561.0,78,12,19,"(21, 17)",0,0.013599274705349048,83.6842105263158,34.578947368421055,full_trust,78,ATTACK,122,"(26, 27)",False,0,False,1610
28,0.0,True,0.0,0.7874170555872344,0.905321110972396,1561,0,1561.0,103,16,17,"(2, 41)",0,0.024346257889990983,93.11764705882354,42.1764705882353,full_trust,103,ATTACK,153,"(9, 23)",False,1,False,1610
51,0.0,False,0.0,0.08094817539190183,0.22261035352477887,1573,0,1573.0,80,4,17,"(33, 30)",0,0.04418394950405771,93.76470588235294,47.94117647058823,full_trust,80,ATTACK,142,"(29, 20)",False,2,False,1610
0,0.0,True,0.0,0.9,0.9,1566,0,1566.0,78,12,19,"(21, 17)",0,0.013599274705349048,83.6842105263158,34.578947368421055,full_trust,78,ATTACK,122,"(25, 23)",False,0,False,1615
19,0.0,True,0.0,0.8105575521202351,0.9159857422952379,1566,0,1566.0,103,16,17,"(2, 41)",0,0.023444544634806132,93.11764705882354,42.1764705882353,full_trust,103,ATTACK,153,"(8, 27)",False,1,False,1615
49,0.0,False,0.0,0.13342935195787214,0.37114153143748085,1578,0,1578.0,80,4,17,"(33, 30)",0,0.04418394950405771,93.76470588235294,47.94117647058823,full_trust,80,ATTACK,142,"(29, 25)",False,2,False,1615
0,0.0,True,0.0,0.9,0.9,1571,0,1571.0,78,12,19,"(21, 17)",0,0.014505893019038985,83.6842105263158,34.578947368421055,full_trust,78,ATTACK,122,"(25, 18)",False,0,False,1620
16,0.0,True,0.0,0.8105575521202351,0.9159857422952379,1571,0,1571.0,103,16,17,"(2, 41)",0,0.020739404869251576,93.11764705882354,42.1764705882353,full_trust,103,ATTACK,153,"(7, 31)",False,1,False,1620
49,0.0,False,0.0,0.20402693289851,0.48424814766409496,1583,0,1583.0,80,4,17,"(33, 30)",0,0.04418394950405771,93.76470588235294,47.94117647058823,full_trust,80,ATTACK,142,"(29, 30)",False,2,False,1620
0,0.0,True,0.0,0.9,0.9,1576,0,1576.0,78,12,19,"(21, 17)",0,0.012692656391659111,83.6842105263158,34.578947368421055,full_trust,78,ATTACK,123,"(21, 17)",False,0,False,1625
46,0.0,True,0.0,0.8105575521202351,0.9159857422952379,1576,0,1576.0,104,16,17,"(2, 41)",0,0.045987376014427414,93.11764705882354,42.1764705882353,full_trust,104,ATTACK,154,"(7, 36)",False,1,False,1625
54,0.0,False,0.0,0.23406566355087235,0.3827911520146218,1587,0,1587.0,81,4,17,"(2, 41)",0,0.046889089269612265,93.76470588235294,47.94117647058823,full_trust,81,ATTACK,145,"(33, 30)",False,2,False,1625
0,0.0,True,0.0,0.9,0.9,1580,0,1580.0,79,12,19,"(15, 2)",0,0.009972801450589302,83.6842105263158,34.578947368421055,full_trust,79,ATTACK,124,"(17, 17)",False,0,False,1630
46,0.0,True,0.0,0.8105575521202351,0.9159857422952379,1581,0,1581.0,104,16,17,"(2, 41)",0,0.0405770964833183,93.11764705882354,42.1764705882353,full_trust,104,ATTACK,154,"(7, 41)",False,1,False,1630
54,0.0,False,0.0,0.23406566355087235,0.3827911520146218,1592,0,1592.0,82,4,17,"(2, 41)",0,0.04418394950405771,93.76470588235294,47.94117647058823,full_trust,82,ATTACK,146,"(28, 30)",False,2,False,1630
0,0.0,True,0.0,0.9,0.9,1585,0,1585.0,79,12,19,"(15, 2)",0,0.009972801450589302,83.6842105263158,34.578947368421055,full_trust,79,ATTACK,124,"(15, 14)",False,0,False,1635
46,0.0,True,0.0,0.8105575521202351,0.9159857422952379,1586,0,1586.0,104,16,17,"(2, 41)",0,0.0369702434625789,93.11764705882354,42.1764705882353,full_trust,104,ATTACK,154,"(2, 41)",False,1,False,1635
49,0.0,False,0.0,0.26145865194424345,0.38981548069877947,1597,0,1597.0,82,4,17,"(2, 41)",0,0.03967538322813345,93.76470588235294,47.94117647058823,full_trust,82,ATTACK,146,"(26, 33)",False,2,False,1635
0,0.0,True,0.0,0.9,0.9,1590,0,1590.0,79,12,19,"(15, 2)",0,0.009972801450589302,83.6842105263158,34.578947368421055,full_trust,79,ATTACK,124,"(15, 9)",False,0,False,1640
46,0.0,True,0.0,0.8105575521202351,0.9159857422952379,1590,0,1590.0,105,16,17,"(2, 50)",0,0.04147880973850315,93.11764705882354,42.1764705882353,full_trust,105,ATTACK,155,"(3, 44)",False,1,False,1640
49,0.0,False,0.0,0.3025515953088141,0.47336196929077223,1602,0,1602.0,82,4,17,"(2, 41)",0,0.0405770964833183,93.76470588235294,47.94117647058823,full_trust,82,ATTACK,146,"(24, 36)",False,2,False,1640
0,0.0,True,0.0,0.9,0.9,1595,0,1595.0,79,12,19,"(15, 2)",0,0.009963768115942028,83.6842105263158,34.578947368421055,full_trust,79,ATTACK,124,"(15, 4)",False,0,False,1645
46,0.0,True,0.0,0.8105575521202351,0.9159857422952379,1595,0,1595.0,105,16,17,"(2, 50)",0,0.04234234234234234,93.11764705882354,42.1764705882353,full_trust,105,ATTACK,155,"(3, 49)",False,1,False,1645
44,0.0,True,0.0,0.34020261561450765,0.5225808118484572,1607,0,1607.0,82,4,17,"(2, 41)",0,0.03513513513513514,93.76470588235294,47.94117647058823,full_trust,82,ATTACK,146,"(19, 36)",False,2,False,1645
0,0.0,True,0.0,0.9,0.9,1599,0,1599.0,80,12,20,"(33, 30)",0,0.06063348416289593,82.4,33.95,full_trust,80,ATTACK,126,"(15, 4)",False,0,False,1650
46,0.0,True,0.0,0.8105575521202351,0.9159857422952379,1598,0,1598.0,106,16,18,"(24, 45)",0,0.07650765076507651,91.55555555555556,40.5,full_trust,106,ATTACK,158,"(3, 50)",False,1,False,1650
29,0.0,True,0.0,0.37907505452268575,0.5642564042736288,1612,0,1612.0,83,4,17,"(2, 41)",0,0.0702070207020702,93.76470588235294,47.94117647058823,full_trust,83,ATTACK,147,"(14, 36)",False,2,False,1650
0,0.0,True,0.0,0.9,0.9,1604,0,1604.0,80,12,20,"(33, 30)",0,0.058823529411764705,82.4,33.95,full_trust,80,ATTACK,126,"(17, 7)",False,0,False,1655
46,0.0,True,0.0,0.8105575521202351,0.9159857422952379,1603,0,1603.0,106,16,18,"(24, 45)",0,0.07650765076507651,91.55555555555556,40.5,full_trust,106,ATTACK,158,"(5, 47)",False,1,False,1655
21,0.0,True,0.0,0.37907505452268575,0.5642564042736288,1617,0,1617.0,83,4,17,"(2, 41)",0,0.062106210621062106,93.76470588235294,47.94117647058823,full_trust,83,ATTACK,147,"(12, 39)",False,2,False,1655
0,0.0,True,0.0,0.9,0.9,1609,0,1609.0,80,12,20,"(33, 30)",0,0.054249547920433995,82.4,33.95,full_trust,80,ATTACK,126,"(17, 12)",False,0,False,1660
58,11.577804787797916,True,11.577804787797916,0.8105575521202351,0.9159857422952379,1608,0,1608.0,107,16,18,"(24, 45)",58,0.08451957295373666,91.55555555555556,40.5,full_trust,107,ATTACK,159,"(8, 45)",True,1,True,1660
22,0.0,True,0.0,0.37907505452268575,0.5642564042736288,1622,0,1622.0,83,4,17,"(2, 41)",0,0.06227758007117438,93.76470588235294,47.94117647058823,full_trust,83,ATTACK,147,"(9, 41)",False,2,False,1660
0,0.0,True,0.0,0.9,0.9,1614,0,1614.0,80,12,20,"(33, 30)",0,0.054249547920433995,82.4,33.95,full_trust,80,ATTACK,126,"(17, 17)",False,0,False,1665
58,11.577804787797916,True,11.577804787797916,0.8105575521202351,0.9159857422952379,1613,0,1613.0,107,16,18,"(24, 45)",58,0.08185053380782918,91.55555555555556,40.5,full_trust,107,ATTACK,159,"(10, 42)",True,1,True,1665
22,0.0,True,0.0,0.37907505452268575,0.5642564042736288,1627,0,1627.0,83,4,17,"(2, 41)",0,0.06227758007117438,93.76470588235294,47.94117647058823,full_trust,83,ATTACK,147,"(4, 41)",False,2,False,1665
0,0.0,True,0.0,0.9,0.9,1619,0,1619.0,80,12,20,"(33, 30)",0,0.054249547920433995,82.4,33.95,full_trust,80,ATTACK,126,"(22, 17)",False,0,False,1670
58,11.577804787797916,True,11.577804787797916,0.8105575521202351,0.9159857422952379,1618,0,1618.0,107,16,18,"(24, 45)",58,0.08185053380782918,91.55555555555556,40.5,full_trust,107,ATTACK,159,"(13, 40)",True,1,True,1670
22,0.0,True,0.0,0.37907505452268575,0.5642564042736288,1631,0,1631.0,84,4,18,"(21, 17)",0,0.06138790035587188,92.66666666666667,47.666666666666664,full_trust,84,ATTACK,148,"(4, 41)",False,2,False,1670
0,0.0,True,0.0,0.9,0.9,1624,0,1624.0,81,12,20,"(33, 30)",0,0.05022421524663677,82.4,33.95,full_trust,81,ATTACK,127,"(25, 19)",False,0,False,1675
58,0.0,True,0.0,0.8105575521202351,0.9159857422952379,1623,0,1623.0,107,16,18,"(24, 45)",0,0.08120035304501325,91.55555555555556,40.5,full_trust,107,ATTACK,160,"(18, 40)",False,1,False,1675
22,0.0,True,0.0,0.37907505452268575,0.5642564042736288,1636,0,1636.0,84,4,18,"(21, 17)",0,0.05736981465136805,92.66666666666667,47.666666666666664,full_trust,84,ATTACK,149,"(7, 39)",False,2,False,1675
0,0.0,True,0.0,0.9,0.9,1629,0,1629.0,81,12,20,"(33, 30)",0,0.04561717352415027,82.4,33.95,full_trust,81,ATTACK,127,"(27, 22)",False,0,False,1680
58,0.0,True,0.0,0.8105575521202351,0.9159857422952379,1628,0,1628.0,107,16,18,"(24, 45)",0,0.07746478873239436,91.55555555555556,40.5,full_trust,107,ATTACK,160,"(23, 40)",False,1,False,1680
22,0.0,True,0.0,0.37907505452268575,0.5642564042736288,1641,0,1641.0,84,4,18,"(21, 17)",0,0.05545774647887324,92.66666666666667,47.666666666666664,full_trust,84,ATTACK,149,"(10, 37)",False,2,False,1680
0,0.0,True,0.0,0.9,0.9,1634,0,1634.0,81,12,20,"(33, 30)",0,0.04114490161001789,82.4,33.95,full_trust,81,ATTACK,127,"(28, 26)",False,0,False,1685
55,0.0,True,0.0,0.8105575521202351,0.9159857422952379,1633,0,1633.0,107,16,18,"(24, 45)",0,0.07130281690140845,91.55555555555556,40.5,full_trust,107,ATTACK,160,"(25, 43)",False,1,False,1685
20,0.0,True,0.0,0.37907505452268575,0.5642564042736288,1646,0,1646.0,84,4,18,"(21, 17)",0,0.05193661971830986,92.66666666666667,47.666666666666664,full_trust,84,ATTACK,149,"(13, 35)",False,2,False,1685
0,0.0,True,0.0,0.9,0.9,1639,0,1639.0,81,12,20,"(33, 30)",0,0.03398926654740608,82.4,33.95,full_trust,81,ATTACK,127,"(29, 30)",False,0,False,1690
36,0.0,True,0.0,0.8105575521202351,0.9159857422952379,1637,0,1637.0,108,16,19,"(33, 8)",0,0.0528169014084507,88.89473684210526,40.473684210526315,full_trust,108,ATTACK,161,"(25, 45)",False,1,False,1690
19,0.0,True,0.0,0.37907505452268575,0.5642564042736288,1651,0,1651.0,85,4,18,"(21, 17)",0,0.04665492957746479,92.66666666666667,47.666666666666664,full_trust,85,ATTACK,150,"(14, 31)",False,2,False,1690
0,0.0,True,0.0,0.9,0.9,1643,0,1643.0,82,12,20,"(25, 2)",0,0.03220035778175313,82.4,33.95,full_trust,82,ATTACK,128,"(33, 30)",False,0,False,1695
35,0.0,True,0.0,0.8105575521202351,0.9159857422952379,1642,0,1642.0,108,16,19,"(33, 8)",0,0.04665492957746479,88.89473684210526,40.473684210526315,full_trust,108,ATTACK,161,"(27, 42)",False,1,False,1695
19,0.0,True,0.0,0.37907505452268575,0.5642564042736288,1656,0,1656.0,85,4,18,"(21, 17)",0,0.03697183098591549,92.66666666666667,47.666666666666664,full_trust,85,ATTACK,150,"(16, 28)",False,2,False,1695
0,0.0,True,0.0,0.9,0.9,1648,0,1648.0,83,12,20,"(25, 2)",0,0.0259391771019678,82.4,33.95,full_trust,83,ATTACK,129,"(28, 30)",False,0,False,1700
54,10.5607542694124,True,10.5607542694124,0.8212337553894542,0.9213882262683627,1647,0,1647.0,108,16,19,"(33, 8)",54,0.05721830985915493,88.89473684210526,40.473684210526315,full_trust,108,ATTACK,163,"(27, 37)",True,1,True,1700
40,0.0,True,0.0,0.3889677881669588,0.5769297274081472,1661,0,1661.0,85,4,18,"(21, 17)",0,0.05017605633802817,92.66666666666667,47.666666666666664,full_trust,85,ATTACK,151,"(18, 25)",False,2,False,1700
0,0.0,True,0.0,0.9,0.9,1653,0,1653.0,83,12,20,"(25, 2)",0,0.024150268336314847,82.4,33.95,full_trust,83,ATTACK,129,"(26, 27)",False,0,False,1705
49,10.474711588553319,True,10.474711588553319,0.8460584076873786,0.9365036233570777,1652,0,1652.0,108,16,19,"(33, 8)",49,0.05193661971830986,88.89473684210526,40.473684210526315,full_trust,108,ATTACK,163,"(28, 33)",True,1,True,1705
40,0.0,True,0.0,0.44071100935923146,0.6418582622399195,1666,0,1666.0,85,4,18,"(21, 17)",0,0.04841549295774648,92.66666666666667,47.666666666666664,full_trust,85,ATTACK,151,"(18, 20)",False,2,False,1705
0,0.0,True,0.0,0.9,0.9,1658,0,1658.0,83,12,20,"(25, 2)",0,0.024150268336314847,82.4,33.95,full_trust,83,ATTACK,129,"(26, 22)",False,0,False,1710
42,10.474711588553319,True,10.474711588553319,0.8683122308360858,0.9489442758349008,1657,0,1657.0,108,16,19,"(33, 8)",42,0.045774647887323945,88.89473684210526,40.473684210526315,full_trust,108,ATTACK,164,"(28, 28)",True,1,True,1710
34,0.0,True,0.0,0.48189243013678607,0.651693684340172,1671,0,1671.0,85,4,18,"(21, 17)",0,0.04225352112676056,92.66666666666667,47.666666666666664,full_trust,85,ATTACK,151,"(20, 17)",False,2,False,1710
0,0.0,True,0.0,0.9,0.9,1663,0,1663.0,83,12,20,"(25, 2)",0,0.024150268336314847,82.4,33.95,full_trust,83,ATTACK,129,"(26, 17)",False,0,False,1715
26,10.474711588553319,True,10.474711588553319,0.8879968569778683,0.9589641721239349,1662,0,1662.0,108,16,19,"(33, 8)",26,0.03169014084507042,88.89473684210526,40.473684210526315,full_trust,108,ATTACK,167,"(28, 23)",True,1,True,1715
19,0.0,False,0.0,0.3987126550918406,0.44608204733234863,1675,0,1675.0,86,4,18,"(2, 50)",0,0.029049295774647887,92.66666666666667,47.666666666666664,full_trust,86,ATTACK,153,"(18, 17)",False,2,False,1715
0,0.0,True,0.0,0.9,0.9,1668,0,1668.0,83,12,20,"(25, 2)",0,0.023255813953488372,82.4,33.95,full_trust,83,ATTACK,129,"(25, 13)",False,0,False,1720
26,10.474711588553319,True,10.474711588553319,0.9052058330130114,0.9670147963671162,1667,0,1667.0,108,16,19,"(33, 8)",26,0.030809859154929578,88.89473684210526,40.473684210526315,full_trust,108,ATTACK,167,"(28, 18)",True,1,True,1720
19,0.0,False,0.0,0.40583021618030196,0.48001538714399294,1680,0,1680.0,86,4,18,"(2, 50)",0,0.027288732394366196,92.66666666666667,47.666666666666664,full_trust,86,ATTACK,153,"(17, 21)",False,2,False,1720
0,0.0,True,0.0,0.9,0.9,1673,0,1673.0,83,12,20,"(25, 2)",0,0.023255813953488372,82.4,33.95,full_trust,83,ATTACK,130,"(25, 8)",False,0,False,1725
26,0.0,True,0.0,0.9201330826635064,0.9736242273554767,1672,0,1672.0,109,16,19,"(33, 8)",0,0.030809859154929578,88.89473684210526,40.473684210526315,full_trust,109,ATTACK,168,"(28, 13)",False,1,False,1725
19,0.0,True,0.0,0.42628627372504946,0.5360696370733851,1685,0,1685.0,87,4,18,"(2, 50)",0,0.027288732394366196,92.66666666666667,47.666666666666664,full_trust,87,ATTACK,154,"(16, 25)",False,2,False,1725
0,0.0,True,0.0,0.9,0.9,1678,0,1678.0,83,12,20,"(25, 2)",0,0.023255813953488372,82.4,33.95,full_trust,83,ATTACK,130,"(25, 3)",False,0,False,1730
26,0.0,True,0.0,0.933004533294377,0.9789793114394593,1677,0,1677.0,109,16,19,"(33, 8)",0,0.032570422535211266,88.89473684210526,40.473684210526315,full_trust,109,ATTACK,168,"(30, 10)",False,1,False,1730
19,0.0,True,0.0,0.42628627372504946,0.5360696370733851,1690,0,1690.0,87,4,18,"(2, 50)",0,0.02640845070422535,92.66666666666667,47.666666666666664,full_trust,87,ATTACK,154,"(13, 27)",False,2,False,1730
0,0.0,True,0.0,0.9,0.9,1682,0,1682.0,84,12,21,"(2, 41)",0,0.023255813953488372,82.47619047619048,34.095238095238095,full_trust,84,ATTACK,131,"(25, 5)",False,0,False,1735
41,0.0,True,0.0,0.9397754914524532,0.9810810785244048,1682,0,1682.0,109,16,19,"(33, 8)",0,0.03873239436619718,88.89473684210526,40.473684210526315,full_trust,109,ATTACK,168,"(33, 8)",False,1,False,1735
34,0.0,True,0.0,0.42628627372504946,0.5360696370733851,1695,0,1695.0,87,4,18,"(2, 50)",0,0.028169014084507043,92.66666666666667,47.666666666666664,full_trust,87,ATTACK,154,"(12, 31)",False,2,False,1735
0,0.0,True,0.0,0.9,0.9,1687,0,1687.0,84,12,21,"(2, 41)",0,0.02146690518783542,82.47619047619048,34.095238095238095,full_trust,84,ATTACK,131,"(25, 10)",False,0,False,1740
41,0.0,True,0.0,0.9439017008743688,0.9824206232134957,1686,0,1686.0,110,16,19,"(33, 50)",0,0.03873239436619718,88.89473684210526,40.473684210526315,full_trust,110,ATTACK,169,"(33, 12)",False,1,False,1740
34,0.0,True,0.0,0.42628627372504946,0.5360696370733851,1700,0,1700.0,87,4,18,"(2, 50)",0,0.028169014084507043,92.66666666666667,47.666666666666664,full_trust,87,ATTACK,154,"(10, 34)",False,2,False,1740
0,0.0,True,0.0,0.9,0.9,1692,0,1692.0,84,12,21,"(2, 41)",0,0.02146690518783542,82.47619047619048,34.095238095238095,full_trust,84,ATTACK,131,"(25, 15)",False,0,False,1745
41,0.0,True,0.0,0.9530797236634614,0.9857515084747033,1691,0,1691.0,110,16,19,"(33, 50)",0,0.03433098591549296,88.89473684210526,40.473684210526315,full_trust,110,ATTACK,169,"(30, 14)",False,1,False,1745
34,0.0,True,0.0,0.42628627372504946,0.5360696370733851,1705,0,1705.0,87,4,18,"(2, 50)",0,0.029049295774647887,92.66666666666667,47.666666666666664,full_trust,87,ATTACK,154,"(9, 38)",False,2,False,1745
0,0.0,True,0.0,0.9,0.9,1697,0,1697.0,84,12,21,"(2, 41)",0,0.02146690518783542,82.47619047619048,34.095238095238095,full_trust,84,ATTACK,132,"(25, 20)",False,0,False,1750
41,0.0,True,0.0,0.9608897733652403,0.9886450751984714,1696,0,1696.0,110,16,19,"(33, 50)",0,0.03433098591549296,88.89473684210526,40.473684210526315,full_trust,110,ATTACK,170,"(29, 18)",False,1,False,1750
34,0.0,True,0.0,0.42628627372504946,0.5360696370733851,1710,0,1710.0,88,4,18,"(2, 50)",0,0.02992957746478873,92.66666666666667,47.666666666666664,full_trust,88,ATTACK,155,"(7, 41)",False,2,False,1750
0,0.0,True,0.0,0.9,0.9,1702,0,1702.0,84,12,21,"(2, 41)",0,0.020572450805008944,82.47619047619048,34.095238095238095,full_trust,84,ATTACK,132,"(25, 25)",False,0,False,1755
41,0.0,True,0.0,0.967489766451912,0.9908654630809647,1701,0,1701.0,110,16,19,"(33, 50)",0,0.03345070422535211,88.89473684210526,40.473684210526315,full_trust,110,ATTACK,170,"(29, 23)",False,1,False,1755
34,0.0,True,0.0,0.42628627372504946,0.5360696370733851,1715,0,1715.0,88,4,18,"(2, 50)",0,0.029049295774647887,92.66666666666667,47.666666666666664,full_trust,88,ATTACK,155,"(3, 42)",False,2,False,1755
0,0.0,True,0.0,0.9,0.9,1707,0,1707.0,84,12,21,"(2, 41)",0,0.019695613249776187,82.47619047619048,34.095238095238095,full_trust,84,ATTACK,132,"(25, 30)",False,0,False,1760
38,0.0,True,0.0,0.9730359204830847,0.9926596758855891,1706,0,1706.0,110,16,19,"(33, 50)",0,0.030837004405286344,88.89473684210526,40.473684210526315,full_trust,110,ATTACK,170,"(29, 28)",False,1,False,1760
32,0.0,True,0.0,0.42628627372504946,0.5360696370733851,1720,0,1720.0,88,4,18,"(2, 50)",0,0.027312775330396475,92.66666666666667,47.666666666666664,full_trust,88,ATTACK,155,"(3, 47)",False,2,False,1760
0,0.0,True,0.0,0.9,0.9,1712,0,1712.0,84,12,21,"(2, 41)",0,0.017009847806624886,82.47619047619048,34.095238095238095,full_trust,84,ATTACK,132,"(22, 32)",False,0,False,1765
36,0.0,True,0.0,0.9776706474397168,0.9939666967646464,1711,0,1711.0,110,16,19,"(33, 50)",0,0.028193832599118944,88.89473684210526,40.473684210526315,full_trust,110,ATTACK,170,"(29, 33)",False,1,False,1765
30,0.0,True,0.0,0.42628627372504946,0.5360696370733851,1724,0,1724.0,89,4,19,"(2, 41)",0,0.024669603524229075,92.89473684210526,47.94736842105263,full_trust,89,ATTACK,156,"(2, 50)",False,2,False,1765
0,0.0,True,0.0,0.9,0.9,1717,0,1717.0,84,12,21,"(2, 41)",0,0.017009847806624886,82.47619047619048,34.095238095238095,full_trust,84,ATTACK,132,"(22, 37)",False,0,False,1770
35,0.0,True,0.0,0.98150379564712,0.9949897390464205,1716,0,1716.0,110,16,19,"(33, 50)",0,0.027312775330396475,88.89473684210526,40.473684210526315,full_trust,110,ATTACK,170,"(29, 38)",False,1,False,1770
29,0.0,True,0.0,0.42628627372504946,0.5360696370733851,1729,0,1729.0,89,4,19,"(2, 41)",0,0.024669603524229075,92.89473684210526,47.94736842105263,full_trust,89,ATTACK,156,"(3, 46)",False,2,False,1770
0,0.0,True,0.0,0.9,0.9,1722,0,1722.0,84,12,21,"(2, 41)",0,0.009812667261373774,82.47619047619048,34.095238095238095,full_trust,84,ATTACK,133,"(20, 40)",False,0,False,1775
37,0.0,True,0.0,0.9248236675631332,0.9300834587188939,1721,0,1721.0,111,16,19,"(33, 50)",0,0.021071115013169446,88.89473684210526,40.473684210526315,full_trust,111,ATTACK,171,"(30, 42)",False,1,False,1775
32,0.0,True,0.0,0.42628627372504946,0.5360696370733851,1734,0,1734.0,89,4,19,"(2, 41)",0,0.025460930640913083,92.89473684210526,47.94736842105263,full_trust,89,ATTACK,157,"(3, 41)",False,2,False,1775
0,0.0,True,0.0,0.9,0.9,1727,0,1727.0,84,12,21,"(2, 41)",0,0.005454545454545455,82.47619047619048,34.095238095238095,full_trust,84,ATTACK,133,"(15, 40)",False,0,False,1780
36,0.0,True,0.0,0.9252024890700543,0.9324000977015551,1726,0,1726.0,111,16,19,"(33, 50)",0,0.02068345323741007,88.89473684210526,40.473684210526315,full_trust,111,ATTACK,171,"(32, 45)",False,1,False,1780
32,0.0,True,0.0,0.42628627372504946,0.5360696370733851,1738,0,1738.0,90,4,19,"(24, 45)",0,0.025179856115107913,92.89473684210526,47.94736842105263,full_trust,90,ATTACK,158,"(5, 41)",False,2,False,1780
0,0.0,True,0.0,0.9,0.9,1732,0,1732.0,84,12,21,"(2, 41)",0,0.005454545454545455,82.47619047619048,34.095238095238095,full_trust,84,ATTACK,133,"(11, 41)",False,0,False,1785
36,0.0,True,0.0,0.9252024890700543,0.9324000977015551,1731,0,1731.0,111,16,19,"(33, 50)",0,0.02068345323741007,88.89473684210526,40.473684210526315,full_trust,111,ATTACK,171,"(33, 49)",False,1,False,1785
32,0.0,True,0.0,0.4548635165116518,0.6092561196741789,1743,0,1743.0,90,4,19,"(24, 45)",0,0.026079136690647483,92.89473684210526,47.94736842105263,full_trust,90,ATTACK,158,"(10, 41)",False,2,False,1785
0,0.0,True,0.0,0.9,0.9,1735,0,1735.0,84,14,21,"(2, 41)",0,0.005454545454545455,82.47619047619048,34.095238095238095,full_trust,84,ATTACK,133,"(8, 41)",False,0,False,1790
36,0.0,True,0.0,0.9252024890700543,0.9324000977015551,1735,0,1735.0,112,16,20,"(25, 2)",0,0.02068345323741007,89.35,41.0,full_trust,112,ATTACK,172,"(30, 50)",False,1,False,1790
32,0.0,True,0.0,0.4927229208594231,0.6837318834681662,1747,0,1747.0,92,5,19,"(24, 45)",0,0.026079136690647483,92.89473684210526,47.94736842105263,full_trust,92,ATTACK,160,"(8, 39)",False,2,False,1790
0,0.0,True,0.0,0.9,0.9,1740,0,1740.0,84,14,21,"(2, 41)",0,0.005454545454545455,82.47619047619048,34.095238095238095,full_trust,84,ATTACK,133,"(3, 41)",False,0,False,1795
36,0.0,True,0.0,0.9252024890700543,0.9324000977015551,1740,0,1740.0,112,16,20,"(25, 2)",0,0.02068345323741007,89.35,41.0,full_trust,112,ATTACK,172,"(29, 46)",False,1,False,1795
32,0.0,True,0.0,0.5352978612709743,0.7416545352738808,1752,0,1752.0,94,5,19,"(24, 45)",0,0.026079136690647483,92.89473684210526,47.94736842105263,full_trust,94,ATTACK,162,"(11, 41)",False,2,False,1795
0,0.0,True,0.0,0.9,0.9,1744,0,1744.0,86,14,21,"(25, 2)",0,0.06272727272727273,82.47619047619048,34.095238095238095,full_trust,86,ATTACK,135,"(5, 41)",False,0,False,1800
36,0.0,True,0.0,0.9252024890700543,0.9324000977015551,1745,0,1745.0,112,16,20,"(25, 2)",0,0.06384892086330936,89.35,41.0,full_trust,112,ATTACK,173,"(29, 41)",False,1,False,1800
32,0.0,True,0.0,0.5781213804151951,0.7768353396541978,1757,0,1757.0,95,5,19,"(24, 45)",0,0.05845323741007194,92.89473684210526,47.94736842105263,full_trust,95,ATTACK,163,"(14, 41)",False,2,False,1800
0,0.0,True,0.0,0.9,0.9,1749,0,1749.0,86,14,21,"(25, 2)",0,0.057971014492753624,82.47619047619048,34.095238095238095,full_trust,86,ATTACK,135,"(10, 41)",False,0,False,1805
36,0.0,True,0.0,0.9252024890700543,0.9324000977015551,1750,0,1750.0,112,16,20,"(25, 2)",0,0.05465949820788531,89.35,41.0,full_trust,112,ATTACK,173,"(28, 37)",False,1,False,1805
32,0.0,True,0.0,0.6184377953533345,0.8054371804894762,1762,0,1762.0,96,5,19,"(24, 45)",0,0.053763440860215055,92.89473684210526,47.94736842105263,full_trust,96,ATTACK,164,"(19, 41)",False,2,False,1805
0,0.0,True,0.0,0.9,0.9,1754,0,1754.0,87,14,21,"(25, 2)",0,0.054249547920433995,82.47619047619048,34.095238095238095,full_trust,87,ATTACK,136,"(15, 41)",False,0,False,1810
64,4.628011533043676,True,4.628011533043676,0.9252024890700543,0.9324000977015551,1755,0,1755.0,113,16,20,"(25, 2)",64,0.061717352415026835,89.35,41.0,full_trust,113,ATTACK,174,"(28, 32)",True,1,True,1810
60,0.0,True,0.0,0.6561723404769819,0.831054787417386,1767,0,1767.0,96,5,19,"(24, 45)",0,0.07334525939177101,92.89473684210526,47.94736842105263,full_trust,96,ATTACK,164,"(23, 40)",False,2,False,1810
0,0.0,True,0.0,0.9,0.9,1759,0,1759.0,87,14,21,"(25, 2)",0,0.0461121157323689,82.47619047619048,34.095238095238095,full_trust,87,ATTACK,136,"(18, 39)",False,0,False,1815
64,4.628011533043676,True,4.628011533043676,0.9252024890700543,0.9324000977015551,1760,0,1760.0,113,16,20,"(25, 2)",64,0.055456171735241505,89.35,41.0,full_trust,113,ATTACK,174,"(28, 27)",True,1,True,1815
60,0.0,True,0.0,0.6914821705292526,0.8543450586524585,1772,0,1772.0,96,5,19,"(24, 45)",0,0.06440071556350627,92.89473684210526,47.94736842105263,full_trust,96,ATTACK,164,"(25, 43)",False,2,False,1815
0,0.0,True,0.0,0.9,0.9,1764,0,1764.0,87,14,21,"(25, 2)",0,0.03184713375796178,82.47619047619048,34.095238095238095,full_trust,87,ATTACK,136,"(23, 39)",False,0,False,1820
62,4.628011533043676,True,4.628011533043676,0.9252024890700543,0.9324000977015551,1765,0,1765.0,113,16,20,"(25, 2)",62,0.052205220522052204,89.35,41.0,full_trust,113,ATTACK,174,"(28, 22)",True,1,True,1820
58,0.0,True,0.0,0.6914821705292526,0.8543450586524585,1776,0,1776.0,97,5,20,"(15, 2)",0,0.0594059405940594,90.95,47.65,full_trust,97,ATTACK,165,"(25, 45)",False,2,False,1820
0,0.0,True,0.0,0.9,0.9,1769,0,1769.0,87,14,21,"(25, 2)",0,0.020018198362147407,82.47619047619048,34.095238095238095,full_trust,87,ATTACK,137,"(23, 34)",False,0,False,1825
48,5.832595704440145,False,5.832595704440145,0.4303239673943983,0.4303239673943983,1770,0,1770.0,114,16,20,"(25, 2)",48,0.04410441044104411,89.35,41.0,full_trust,114,ATTACK,175,"(28, 17)",True,1,True,1825
53,0.0,True,0.0,0.7322040916999343,0.8822586072878097,1781,0,1781.0,98,5,20,"(15, 2)",0,0.05490549054905491,90.95,47.65,full_trust,98,ATTACK,166,"(25, 40)",False,2,False,1825
0,0.0,True,0.0,0.9,0.9,1774,0,1774.0,87,14,21,"(25, 2)",0,0.014558689717925387,82.47619047619048,34.095238095238095,full_trust,87,ATTACK,137,"(23, 29)",False,0,False,1830
35,0.0,False,0.0,0.11535283491730551,0.11535283491730551,1775,0,1775.0,114,16,20,"(25, 2)",0,0.0315031503150315,89.35,41.0,full_trust,114,ATTACK,175,"(29, 13)",False,1,False,1830
52,0.0,True,0.0,0.769327220254086,0.9036881924780417,1786,0,1786.0,98,5,20,"(15, 2)",0,0.045004500450045004,90.95,47.65,full_trust,98,ATTACK,166,"(22, 38)",False,2,False,1830
0,0.0,True,0.0,0.9,0.9,1779,0,1779.0,87,14,21,"(25, 2)",0,0.012738853503184714,82.47619047619048,34.095238095238095,full_trust,87,ATTACK,137,"(25, 26)",False,0,False,1835
35,0.0,False,0.0,0.11535283491730551,0.11535283491730551,1780,0,1780.0,114,16,20,"(25, 2)",0,0.0297029702970297,89.35,41.0,full_trust,114,ATTACK,175,"(29, 8)",False,1,False,1835
52,0.0,True,0.0,0.8018777404438082,0.9184478297562059,1791,0,1791.0,98,5,20,"(15, 2)",0,0.046804680468046804,90.95,47.65,full_trust,98,ATTACK,166,"(18, 37)",False,2,False,1835
0,0.0,True,0.0,0.9,0.9,1784,0,1784.0,87,14,21,"(25, 2)",0,0.011796733212341199,82.47619047619048,34.095238095238095,full_trust,87,ATTACK,137,"(25, 21)",False,0,False,1840
32,0.0,False,0.0,0.06692330066564624,0.06692330066564624,1785,0,1785.0,114,16,20,"(25, 2)",0,0.025134649910233394,89.35,41.0,full_trust,114,ATTACK,175,"(26, 6)",False,1,False,1840
52,0.0,True,0.0,0.8192413083221594,0.9266804371127484,1796,0,1796.0,98,5,20,"(15, 2)",0,0.0466786355475763,90.95,47.65,full_trust,98,ATTACK,166,"(15, 35)",False,2,False,1840
0,0.0,True,0.0,0.9,0.9,1789,0,1789.0,87,14,21,"(25, 2)",0,0.011796733212341199,82.47619047619048,34.095238095238095,full_trust,87,ATTACK,137,"(25, 16)",False,0,False,1845
30,0.0,False,0.0,0.04054316974063884,0.04054316974063884,1790,0,1790.0,114,16,20,"(25, 2)",0,0.02333931777378815,89.35,41.0,full_trust,114,ATTACK,175,"(25, 2)",False,1,False,1845
39,0.0,True,0.0,0.8449393475766869,0.9364929173591555,1801,0,1801.0,98,5,20,"(15, 2)",0,0.03500897666068223,90.95,47.65,full_trust,98,ATTACK,166,"(15, 30)",False,2,False,1845
0,0.0,True,0.0,0.9,0.9,1794,0,1794.0,87,14,21,"(25, 2)",0,0.010889292196007259,82.47619047619048,34.095238095238095,full_trust,87,ATTACK,138,"(25, 11)",False,0,False,1850
70,12.753166560424305,False,12.753166560424305,0.04490125166678663,0.10124265537154965,1794,0,1794.0,116,16,20,"(33, 30)",70,0.02244165170556553,89.35,41.0,full_trust,116,ATTACK,178,"(25, 6)",True,1,True,1850
72,0.0,True,0.0,0.8668995661251676,0.9451676160205853,1806,0,1806.0,100,5,20,"(15, 2)",0,0.06373429084380611,90.95,47.65,full_trust,100,ATTACK,168,"(15, 25)",False,2,False,1850
0,0.0,True,0.0,0.9,0.9,1799,0,1799.0,87,14,21,"(25, 2)",0,0.00904977375565611,82.47619047619048,34.095238095238095,full_trust,87,ATTACK,138,"(25, 6)",False,0,False,1855
68,12.753166560424305,False,12.753166560424305,0.08728930346270698,0.30834125736890333,1799,0,1799.0,116,16,20,"(33, 30)",68,0.018800358102059087,89.35,41.0,full_trust,116,ATTACK,178,"(28, 8)",True,1,True,1855
66,0.0,True,0.0,0.878502180558508,0.9497566013664324,1811,0,1811.0,100,5,20,"(15, 2)",0,0.05640107430617726,90.95,47.65,full_trust,100,ATTACK,168,"(16, 21)",False,2,False,1855
0,0.0,True,0.0,0.9,0.9,1803,0,1803.0,88,14,22,"(13, 50)",0,0.006560449859418931,84.54545454545455,35.40909090909091,full_trust,88,ATTACK,139,"(25, 2)",False,0,False,1860
56,12.753166560424305,False,12.753166560424305,0.1578661442744833,0.44505795938254766,1804,0,1804.0,116,16,20,"(33, 30)",56,0.01736745886654479,89.35,41.0,full_trust,116,ATTACK,178,"(28, 13)",True,1,True,1860
59,0.0,True,0.0,0.8856651991924852,0.9527346759951975,1816,0,1816.0,100,5,20,"(15, 2)",0,0.05468025949953661,90.95,47.65,full_trust,100,ATTACK,168,"(16, 16)",False,2,False,1860
0,0.0,True,0.0,0.9,0.9,1808,0,1808.0,88,14,22,"(13, 50)",0,0.006560449859418931,84.54545454545455,35.40909090909091,full_trust,88,ATTACK,139,"(25, 7)",False,0,False,1865
55,11.786625349539289,True,11.786625349539289,0.2345155880625639,0.514748899629054,1809,0,1809.0,116,16,20,"(33, 30)",55,0.01736745886654479,89.35,41.0,full_trust,116,ATTACK,178,"(29, 17)",True,1,True,1865
59,0.0,True,0.0,0.8856651991924852,0.9527346759951975,1821,0,1821.0,100,5,20,"(15, 2)",0,0.056533827618164965,90.95,47.65,full_trust,100,ATTACK,168,"(15, 12)",False,2,False,1865
0,0.0,True,0.0,0.9,0.9,1813,0,1813.0,88,14,22,"(13, 50)",0,0.006560449859418931,84.54545454545455,35.40909090909091,full_trust,88,ATTACK,139,"(25, 12)",False,0,False,1870
36,12.286385331029887,False,12.286385331029887,0.19121020702331912,0.19121020702331912,1814,0,1814.0,117,16,20,"(33, 30)",36,0.02010968921389397,89.35,41.0,full_trust,117,ATTACK,179,"(29, 22)",True,1,True,1870
59,0.0,True,0.0,0.8890839363154746,0.9540399416522728,1826,0,1826.0,100,5,20,"(15, 2)",0,0.05468025949953661,90.95,47.65,full_trust,100,ATTACK,168,"(15, 7)",False,2,False,1870
0,0.0,True,0.0,0.9,0.9,1818,0,1818.0,88,14,22,"(13, 50)",0,0.006560449859418931,84.54545454545455,35.40909090909091,full_trust,88,ATTACK,140,"(25, 17)",False,0,False,1875
24,0.0,False,0.0,0.11343086962084821,0.12402460255366488,1819,0,1819.0,117,16,20,"(33, 30)",0,0.024680073126142597,89.35,41.0,full_trust,117,ATTACK,181,"(30, 26)",False,1,False,1875
59,0.0,True,0.0,0.8890839363154746,0.9540399416522728,1831,0,1831.0,100,5,20,"(15, 2)",0,0.05468025949953661,90.95,47.65,full_trust,100,ATTACK,169,"(15, 2)",False,2,False,1875
0,0.0,True,0.0,0.9,0.9,1823,0,1823.0,88,14,22,"(13, 50)",0,0.006560449859418931,84.54545454545455,35.40909090909091,full_trust,88,ATTACK,140,"(25, 22)",False,0,False,1880
20,0.0,False,0.0,0.1157542992002319,0.14842759265929376,1824,0,1824.0,117,16,20,"(33, 30)",0,0.02102376599634369,89.35,41.0,full_trust,117,ATTACK,181,"(29, 30)",False,1,False,1880
50,0.0,True,0.0,0.8890839363154746,0.9540399416522728,1835,0,1835.0,101,5,20,"(24, 45)",0,0.04448563484708063,90.95,47.65,full_trust,101,ATTACK,170,"(15, 6)",False,2,False,1880
0,0.0,True,0.0,0.9,0.9,1828,0,1828.0,88,14,22,"(13, 50)",0,0.006560449859418931,84.54545454545455,35.40909090909091,full_trust,88,ATTACK,140,"(23, 25)",False,0,False,1885
26,0.0,False,0.0,0.11874491661127896,0.175566647421173,1828,0,1828.0,118,16,21,"(2, 41)",0,0.026508226691042046,89.76190476190476,40.904761904761905,full_trust,118,ATTACK,182,"(33, 30)",False,1,False,1885
41,0.0,True,0.0,0.8924076097698799,0.9555574054035815,1840,0,1840.0,101,5,20,"(24, 45)",0,0.033364226135310475,90.95,47.65,full_trust,101,ATTACK,170,"(17, 9)",False,2,False,1885
0,0.0,True,0.0,0.9,0.9,1833,0,1833.0,88,14,22,"(13, 50)",0,0.006560449859418931,84.54545454545455,35.40909090909091,full_trust,88,ATTACK,140,"(23, 30)",False,0,False,1890
25,0.0,False,0.0,0.1347268245024125,0.2612096190670759,1833,0,1833.0,118,16,21,"(2, 41)",0,0.025594149908592323,89.76190476190476,40.904761904761905,full_trust,118,ATTACK,182,"(29, 31)",False,1,False,1890
38,0.0,True,0.0,0.8956397195774305,0.9570498059208918,1845,0,1845.0,101,5,20,"(24, 45)",0,0.030583873957367932,90.95,47.65,full_trust,101,ATTACK,170,"(17, 14)",False,2,False,1890
0,0.0,True,0.0,0.9,0.9,1838,0,1838.0,88,14,22,"(13, 50)",0,0.006560449859418931,84.54545454545455,35.40909090909091,full_trust,88,ATTACK,140,"(22, 34)",False,0,False,1895
25,0.0,False,0.0,0.18140038380584678,0.3811465449506837,1838,0,1838.0,118,16,21,"(2, 41)",0,0.025594149908592323,89.76190476190476,40.904761904761905,full_trust,118,ATTACK,182,"(29, 36)",False,1,False,1895
37,0.0,True,0.0,0.8987797665259664,0.9584406585481471,1850,0,1850.0,101,5,20,"(24, 45)",0,0.03614457831325301,90.95,47.65,full_trust,101,ATTACK,170,"(17, 19)",False,2,False,1895
0,0.0,True,0.0,0.9,0.9,1843,0,1843.0,89,14,22,"(13, 50)",0,0.006566604127579738,84.54545454545455,35.40909090909091,full_trust,89,ATTACK,141,"(21, 38)",False,0,False,1900
25,7.397486075464641,False,7.397486075464641,0.23930409643092293,0.47291002648848024,1843,0,1843.0,118,16,21,"(2, 41)",0,0.025617566331198535,89.76190476190476,40.904761904761905,full_trust,118,ATTACK,183,"(27, 39)",False,1,False,1900
37,0.0,True,0.0,0.9076701223655236,0.9623346026269753,1855,0,1855.0,102,5,20,"(24, 45)",0,0.036178107606679034,90.95,47.65,full_trust,102,ATTACK,171,"(17, 24)",False,2,False,1900
0,0.0,True,0.0,0.9,0.9,1848,0,1848.0,89,14,22,"(13, 50)",0,0.006566604127579738,84.54545454545455,35.40909090909091,full_trust,89,ATTACK,141,"(18, 40)",False,0,False,1905
25,7.397486075464641,True,7.397486075464641,0.3073954061156459,0.5772152083643616,1848,0,1848.0,118,16,21,"(2, 41)",0,0.025617566331198535,89.76190476190476,40.904761904761905,full_trust,118,ATTACK,183,"(23, 40)",False,1,False,1905
37,0.0,True,0.0,0.9208564742764827,0.9679914191201074,1860,0,1860.0,102,5,20,"(24, 45)",0,0.036178107606679034,90.95,47.65,full_trust,102,ATTACK,171,"(19, 27)",False,2,False,1905
0,0.0,True,0.0,0.9,0.9,1853,0,1853.0,89,14,22,"(13, 50)",0,0.006566604127579738,84.54545454545455,35.40909090909091,full_trust,89,ATTACK,141,"(14, 41)",False,0,False,1910
21,7.397486075464641,True,7.397486075464641,0.38113319267140955,0.6662396682447048,1853,0,1853.0,119,16,21,"(2, 41)",0,0.021957913998170174,89.76190476190476,40.904761904761905,full_trust,119,ATTACK,185,"(18, 40)",False,1,False,1910
33,0.0,True,0.0,0.9322266133726075,0.9729560010761396,1865,0,1865.0,102,5,20,"(24, 45)",0,0.032467532467532464,90.95,47.65,full_trust,102,ATTACK,171,"(20, 31)",False,2,False,1910
0,0.0,True,0.0,0.9,0.9,1858,0,1858.0,89,14,22,"(13, 50)",0,0.0065237651444548,84.54545454545455,35.40909090909091,full_trust,89,ATTACK,141,"(13, 45)",False,0,False,1915
19,7.397486075464641,True,7.397486075464641,0.45577494524770096,0.7370986723240025,1858,0,1858.0,119,16,21,"(2, 41)",0,0.02,89.76190476190476,40.904761904761905,full_trust,119,ATTACK,185,"(14, 41)",False,1,False,1915
31,0.0,True,0.0,0.9420550264311464,0.9772836310631264,1870,0,1870.0,102,5,20,"(24, 45)",0,0.030414746543778803,90.95,47.65,full_trust,102,ATTACK,171,"(21, 35)",False,2,False,1915
0,0.0,True,0.0,0.9,0.9,1863,0,1863.0,89,14,22,"(13, 50)",0,0.004757373929590866,84.54545454545455,35.40909090909091,full_trust,89,ATTACK,141,"(13, 50)",False,0,False,1920
17,0.0,True,0.0,0.5229995377455317,0.7632967481957679,1863,0,1863.0,119,16,21,"(2, 41)",0,0.016822429906542057,89.76190476190476,40.904761904761905,full_trust,119,ATTACK,185,"(9, 41)",False,1,False,1920
31,0.0,True,0.0,0.9489458524001485,0.980235484782043,1875,0,1875.0,102,5,20,"(24, 45)",0,0.02916274694261524,90.95,47.65,full_trust,102,ATTACK,171,"(23, 38)",False,2,False,1920
0,0.0,True,0.0,0.9,0.9,1867,0,1867.0,90,14,22,"(33, 50)",0,0.004725897920604915,84.54545454545455,35.40909090909091,full_trust,90,ATTACK,143,"(17, 50)",False,0,False,1925
11,0.0,True,0.0,0.5495497131089331,0.6286420252319179,1868,0,1868.0,119,16,21,"(2, 41)",0,0.011204481792717087,89.76190476190476,40.904761904761905,full_trust,119,ATTACK,186,"(4, 41)",False,1,False,1925
30,0.0,True,0.0,0.950539244866269,0.9808137017225582,1880,0,1880.0,102,5,20,"(24, 45)",0,0.02819548872180451,90.95,47.65,full_trust,102,ATTACK,172,"(25, 41)",False,2,False,1925
0,0.0,True,0.0,0.9,0.9,1872,0,1872.0,90,14,22,"(33, 50)",0,0.004699248120300752,84.54545454545455,35.40909090909091,full_trust,90,ATTACK,143,"(21, 49)",False,0,False,1930
5,0.0,True,0.0,0.5495497131089331,0.6286420252319179,1872,0,1872.0,120,16,21,"(25, 2)",0,0.0056022408963585435,89.76190476190476,40.904761904761905,full_trust,120,ATTACK,187,"(4, 41)",False,1,False,1930
24,0.0,True,0.0,0.9520847539829094,0.9814494271990771,1885,0,1885.0,102,5,20,"(24, 45)",0,0.022556390977443608,90.95,47.65,full_trust,102,ATTACK,172,"(24, 45)",False,2,False,1930
0,0.0,True,0.0,0.9,0.9,1877,0,1877.0,90,14,22,"(33, 50)",0,0.004699248120300752,84.54545454545455,35.40909090909091,full_trust,90,ATTACK,143,"(25, 50)",False,0,False,1935
5,0.0,True,0.0,0.5495497131089331,0.6286420252319179,1877,0,1877.0,120,16,21,"(25, 2)",0,0.0056022408963585435,89.76190476190476,40.904761904761905,full_trust,120,ATTACK,187,"(9, 41)",False,1,False,1935
24,0.0,True,0.0,0.9591976683407426,0.9848208470430908,1889,0,1889.0,103,5,21,"(2, 41)",0,0.019736842105263157,91.95238095238095,48.0,full_trust,103,ATTACK,175,"(25, 42)",False,2,False,1935
0,0.0,True,0.0,0.9,0.9,1882,0,1882.0,90,14,22,"(33, 50)",0,0.004734848484848485,84.54545454545455,35.40909090909091,full_trust,90,ATTACK,143,"(30, 50)",False,0,False,1940
5,0.0,True,0.0,0.5589920698566643,0.6514814842993788,1882,0,1882.0,120,16,21,"(25, 2)",0,0.005681818181818182,89.76190476190476,40.904761904761905,full_trust,120,ATTACK,187,"(14, 41)",False,1,False,1940
24,0.0,True,0.0,0.963006819127832,0.9863642503146877,1894,0,1894.0,103,5,21,"(2, 41)",0,0.022727272727272728,91.95238095238095,48.0,full_trust,103,ATTACK,176,"(22, 40)",False,2,False,1940
0,0.0,True,0.0,0.9,0.9,1886,0,1886.0,91,14,23,"(2, 50)",0,0.004734848484848485,84.52173913043478,34.869565217391305,full_trust,91,ATTACK,144,"(32, 50)",False,0,False,1945
5,0.0,True,0.0,0.5809387318625208,0.690472450632627,1887,0,1887.0,120,16,21,"(25, 2)",0,0.005681818181818182,89.76190476190476,40.904761904761905,full_trust,120,ATTACK,187,"(17, 39)",False,1,False,1945
24,0.0,True,0.0,0.9675396935459798,0.9880490038218568,1899,0,1899.0,103,5,21,"(2, 41)",0,0.023674242424242424,91.95238095238095,48.0,full_trust,103,ATTACK,177,"(17, 40)",False,2,False,1945
0,0.0,True,0.0,0.9,0.9,1891,0,1891.0,91,14,23,"(2, 50)",0,0.06534090909090909,84.52173913043478,34.869565217391305,full_trust,91,ATTACK,145,"(28, 49)",False,0,False,1950
5,0.0,True,0.0,0.6053651176476282,0.724686271369519,1892,0,1892.0,120,16,21,"(25, 2)",0,0.06534090909090909,89.76190476190476,40.904761904761905,full_trust,120,ATTACK,188,"(22, 39)",False,1,False,1950
22,0.0,True,0.0,0.9715172025921699,0.9895350241652688,1904,0,1904.0,103,5,21,"(2, 41)",0,0.07481060606060606,91.95238095238095,48.0,full_trust,103,ATTACK,178,"(13, 41)",False,2,False,1950
0,0.0,True,0.0,0.9,0.9,1896,0,1896.0,91,14,23,"(2, 50)",0,0.054924242424242424,84.52173913043478,34.869565217391305,full_trust,91,ATTACK,145,"(23, 49)",False,0,False,1955
5,0.0,True,0.0,0.6053651176476282,0.724686271369519,1897,0,1897.0,120,16,21,"(25, 2)",0,0.05113636363636364,89.76190476190476,40.904761904761905,full_trust,120,ATTACK,188,"(23, 35)",False,1,False,1955
17,0.0,True,0.0,0.9715172025921699,0.9895350241652688,1909,0,1909.0,103,5,21,"(2, 41)",0,0.06439393939393939,91.95238095238095,48.0,full_trust,103,ATTACK,178,"(8, 41)",False,2,False,1955
0,0.0,True,0.0,0.9,0.9,1901,0,1901.0,91,14,23,"(2, 50)",0,0.05313092979127135,84.52173913043478,34.869565217391305,full_trust,91,ATTACK,145,"(18, 49)",False,0,False,1960
9,0.0,True,0.0,0.6053651176476282,0.724686271369519,1902,0,1902.0,120,16,21,"(25, 2)",0,0.04834123222748815,89.76190476190476,40.904761904761905,full_trust,120,ATTACK,188,"(23, 30)",False,1,False,1960
21,0.0,True,0.0,0.9715172025921699,0.9895350241652688,1914,0,1914.0,103,5,21,"(2, 41)",0,0.05977229601518026,91.95238095238095,48.0,full_trust,103,ATTACK,178,"(3, 41)",False,2,False,1960
0,0.0,True,0.0,0.9,0.9,1906,0,1906.0,91,14,23,"(2, 50)",0,0.05313092979127135,84.52173913043478,34.869565217391305,full_trust,91,ATTACK,145,"(14, 48)",False,0,False,1965
9,0.0,True,0.0,0.6053651176476282,0.724686271369519,1907,0,1907.0,120,16,21,"(25, 2)",0,0.04834123222748815,89.76190476190476,40.904761904761905,full_trust,120,ATTACK,188,"(25, 27)",False,1,False,1965
21,0.0,True,0.0,0.9715172025921699,0.9895350241652688,1918,0,1918.0,104,5,21,"(25, 2)",0,0.05502846299810247,91.95238095238095,48.0,full_trust,104,ATTACK,179,"(5, 41)",False,2,False,1965
0,0.0,True,0.0,0.9,0.9,1911,0,1911.0,92,14,23,"(2, 50)",0,0.04838709677419355,84.52173913043478,34.869565217391305,full_trust,92,ATTACK,146,"(11, 46)",False,0,False,1970
9,0.0,True,0.0,0.6053651176476282,0.724686271369519,1912,0,1912.0,120,16,21,"(25, 2)",0,0.04739336492890995,89.76190476190476,40.904761904761905,full_trust,120,ATTACK,188,"(25, 22)",False,1,False,1970
21,0.0,True,0.0,0.9733248754990483,0.990266039940208,1923,0,1923.0,104,5,21,"(25, 2)",0,0.04933586337760911,91.95238095238095,48.0,full_trust,104,ATTACK,179,"(10, 41)",False,2,False,1970
0,0.0,True,0.0,0.9,0.9,1916,0,1916.0,92,14,23,"(2, 50)",0,0.04549763033175355,84.52173913043478,34.869565217391305,full_trust,92,ATTACK,147,"(8, 44)",False,0,False,1975
9,0.0,True,0.0,0.6053651176476282,0.724686271369519,1917,0,1917.0,120,16,21,"(25, 2)",0,0.04454976303317536,89.76190476190476,40.904761904761905,full_trust,120,ATTACK,189,"(25, 17)",False,1,False,1975
21,0.0,True,0.0,0.9774342508398062,0.9922052685092558,1928,0,1928.0,104,5,21,"(25, 2)",0,0.046445497630331754,91.95238095238095,48.0,full_trust,104,ATTACK,180,"(13, 39)",False,2,False,1975
0,0.0,True,0.0,0.9,0.9,1921,0,1921.0,92,14,23,"(2, 50)",0,0.04269449715370019,84.52173913043478,34.869565217391305,full_trust,92,ATTACK,147,"(4, 45)",False,0,False,1980
9,0.0,True,0.0,0.6053651176476282,0.724686271369519,1922,0,1922.0,120,16,21,"(25, 2)",0,0.04079696394686907,89.76190476190476,40.904761904761905,full_trust,120,ATTACK,189,"(25, 12)",False,1,False,1980
20,0.0,True,0.0,0.9789262664044098,0.9928949456186128,1933,0,1933.0,104,5,21,"(25, 2)",0,0.04079696394686907,91.95238095238095,48.0,full_trust,104,ATTACK,180,"(18, 39)",False,2,False,1980
0,0.0,True,0.0,0.9,0.9,1926,0,1926.0,92,14,23,"(2, 50)",0,0.04079696394686907,84.52173913043478,34.869565217391305,full_trust,92,ATTACK,147,"(3, 49)",False,0,False,1985
9,0.0,True,0.0,0.6053651176476282,0.724686271369519,1927,0,1927.0,120,16,21,"(25, 2)",0,0.03889943074003795,89.76190476190476,40.904761904761905,full_trust,120,ATTACK,189,"(25, 7)",False,1,False,1985
20,0.0,True,0.0,0.9789262664044098,0.9928949456186128,1938,0,1938.0,104,5,21,"(25, 2)",0,0.03700189753320683,91.95238095238095,48.0,full_trust,104,ATTACK,180,"(18, 34)",False,2,False,1985
0,0.0,True,0.0,0.9,0.9,1930,0,1930.0,93,14,23,"(2, 41)",0,0.03984819734345351,84.52173913043478,34.869565217391305,full_trust,93,ATTACK,148,"(3, 49)",False,0,False,1990
9,0.0,True,0.0,0.6053651176476282,0.724686271369519,1932,0,1932.0,120,16,21,"(25, 2)",0,0.03510436432637571,89.76190476190476,40.904761904761905,full_trust,120,ATTACK,189,"(25, 2)",False,1,False,1990
20,0.0,True,0.0,0.9789262664044098,0.9928949456186128,1943,0,1943.0,104,5,21,"(25, 2)",0,0.03415559772296015,91.95238095238095,48.0,full_trust,104,ATTACK,180,"(18, 29)",False,2,False,1990
0,0.0,True,0.0,0.9,0.9,1935,0,1935.0,93,14,23,"(2, 41)",0,0.03700189753320683,84.52173913043478,34.869565217391305,full_trust,93,ATTACK,148,"(3, 44)",False,0,False,1995
37,29.685810818286825,True,29.685810818286825,0.6053651176476282,0.724686271369519,1936,0,1936.0,121,16,22,"(2, 20)",37,0.05740740740740741,90.5,41.90909090909091,full_trust,121,ATTACK,190,"(25, 6)",True,1,True,1995
48,0.0,True,0.0,0.9789262664044098,0.9928949456186128,1948,0,1948.0,104,5,21,"(25, 2)",0,0.05555555555555555,91.95238095238095,48.0,full_trust,104,ATTACK,180,"(18, 24)",False,2,False,1995
0,0.0,True,0.0,0.9,0.9,1939,0,1939.0,94,14,24,"(3, 8)",0,0.03513770180436847,83.33333333333333,33.916666666666664,full_trust,94,RECOVERY,150,"(2, 41)",False,0,False,2000
37,30.084978002556824,True,30.084978002556824,0.6053651176476282,0.724686271369519,1941,0,1941.0,121,16,22,"(2, 20)",37,0.05282669138090825,90.5,41.90909090909091,full_trust,121,RECOVERY,191,"(25, 11)",True,1,True,2000
48,0.0,True,0.0,0.9789262664044098,0.9928949456186128,1953,0,1953.0,104,5,21,"(25, 2)",0,0.05185185185185185,91.95238095238095,48.0,full_trust,104,RECOVERY,181,"(18, 19)",False,2,False,2000
0,0.0,True,0.0,0.9,0.9,1944,0,1944.0,94,14,24,"(3, 8)",0,0.03513770180436847,83.33333333333333,33.916666666666664,full_trust,94,RECOVERY,150,"(7, 41)",False,0,False,2005
37,30.084978002556824,True,30.084978002556824,0.6053651176476282,0.724686271369519,1946,0,1946.0,121,16,22,"(2, 20)",37,0.05282669138090825,90.5,41.90909090909091,full_trust,121,RECOVERY,191,"(25, 16)",True,1,True,2005
48,0.0,True,0.0,0.9789262664044098,0.9928949456186128,1958,0,1958.0,104,5,21,"(25, 2)",0,0.05,91.95238095238095,48.0,full_trust,104,RECOVERY,181,"(18, 14)",False,2,False,2005
0,0.0,True,0.0,0.9,0.9,1949,0,1949.0,94,14,24,"(3, 8)",0,0.03323836657169991,83.33333333333333,33.916666666666664,full_trust,94,RECOVERY,150,"(12, 41)",False,0,False,2010
37,30.084978002556824,True,30.084978002556824,0.6053651176476282,0.724686271369519,1951,0,1951.0,121,16,22,"(2, 20)",37,0.051899907321594066,90.5,41.90909090909091,full_trust,121,RECOVERY,191,"(25, 21)",True,1,True,2010
48,0.0,True,0.0,0.9789262664044098,0.9928949456186128,1963,0,1963.0,104,5,21,"(25, 2)",0,0.04722222222222222,91.95238095238095,48.0,full_trust,104,RECOVERY,181,"(19, 10)",False,2,False,2010
0,0.0,True,0.0,0.9,0.9,1954,0,1954.0,95,14,24,"(3, 8)",0,0.020892687559354226,83.33333333333333,33.916666666666664,full_trust,95,RECOVERY,151,"(12, 36)",False,0,False,2015
36,30.084978002556824,True,30.084978002556824,0.6053651176476282,0.724686271369519,1956,0,1956.0,121,16,22,"(2, 20)",36,0.04911955514365153,90.5,41.90909090909091,full_trust,121,RECOVERY,191,"(24, 25)",True,1,True,2015
48,0.0,True,0.0,0.9789262664044098,0.9928949456186128,1968,0,1968.0,104,5,21,"(25, 2)",0,0.04351851851851852,91.95238095238095,48.0,full_trust,104,RECOVERY,181,"(23, 9)",False,2,False,2015
0,0.0,True,0.0,0.9,0.9,1959,0,1959.0,95,14,24,"(3, 8)",0,0.01806083650190114,83.33333333333333,33.916666666666664,full_trust,95,RECOVERY,151,"(12, 31)",False,0,False,2020
36,30.084978002556824,True,30.084978002556824,0.6053651176476282,0.724686271369519,1961,0,1961.0,121,16,22,"(2, 20)",36,0.04452690166975881,90.5,41.90909090909091,full_trust,121,RECOVERY,191,"(21, 27)",True,1,True,2020
46,0.0,True,0.0,0.9789262664044098,0.9928949456186128,1973,0,1973.0,104,5,21,"(25, 2)",0,0.04077849860982391,91.95238095238095,48.0,full_trust,104,RECOVERY,181,"(25, 6)",False,2,False,2020
0,0.0,True,0.0,0.9,0.9,1964,0,1964.0,96,14,24,"(3, 8)",0,0.014245014245014245,83.33333333333333,33.916666666666664,full_trust,96,RECOVERY,152,"(12, 26)",False,0,False,2025
33,11.146799884819004,True,11.146799884819004,0.6318472470375246,0.7624338488601891,1966,0,1966.0,121,16,22,"(2, 20)",33,0.04170528266913809,90.5,41.90909090909091,full_trust,121,RECOVERY,192,"(16, 27)",True,1,True,2025
43,0.0,True,0.0,0.9789262664044098,0.9928949456186128,1977,0,1977.0,104,5,22,"(25, 2)",0,0.03796296296296296,92.04545454545455,48.68181818181818,full_trust,104,RECOVERY,183,"(25, 2)",False,2,False,2025
0,0.0,True,0.0,0.9,0.9,1969,0,1969.0,96,14,24,"(3, 8)",0,0.014044943820224719,83.33333333333333,33.916666666666664,full_trust,96,RECOVERY,152,"(14, 23)",False,0,False,2030
19,11.146799884819004,True,11.146799884819004,0.6683343935933905,0.8117127460584034,1971,0,1971.0,122,16,22,"(2, 20)",19,0.028624192059095107,90.5,41.90909090909091,full_trust,122,RECOVERY,193,"(11, 27)",True,1,True,2030
29,0.0,True,0.0,0.9789262664044098,0.9928949456186128,1981,0,1981.0,105,5,22,"(33, 50)",0,0.024907749077490774,92.04545454545455,48.68181818181818,full_trust,105,RECOVERY,184,"(25, 6)",False,2,False,2030
0,0.0,True,0.0,0.9,0.9,1974,0,1974.0,96,14,24,"(3, 8)",0,0.013824884792626729,83.33333333333333,33.916666666666664,full_trust,96,RECOVERY,152,"(14, 18)",False,0,False,2035
13,8.215516758540538,True,8.215516758540538,0.6939337750390921,0.7093479434227462,1976,0,1976.0,122,16,22,"(2, 20)",0,0.02102376599634369,90.5,41.90909090909091,full_trust,122,RECOVERY,193,"(8, 25)",False,1,False,2035
29,0.0,True,0.0,0.9789262664044098,0.9928949456186128,1986,0,1986.0,105,5,22,"(33, 50)",0,0.024657534246575342,92.04545454545455,48.68181818181818,full_trust,105,RECOVERY,184,"(23, 9)",False,2,False,2035
0,0.0,True,0.0,0.9,0.9,1979,0,1979.0,96,14,24,"(3, 8)",0,0.012669683257918552,83.33333333333333,33.916666666666664,full_trust,96,RECOVERY,152,"(13, 14)",False,0,False,2040
11,8.109229020775743,True,8.109229020775743,0.5410236588044869,0.5708593418566558,1981,0,1981.0,122,16,22,"(2, 20)",0,0.0170863309352518,90.5,41.90909090909091,full_trust,122,RECOVERY,193,"(5, 27)",False,1,False,2040
29,0.0,True,0.0,0.9803210466718775,0.9933556666306688,1991,0,1991.0,105,5,22,"(33, 50)",0,0.02244165170556553,92.04545454545455,48.68181818181818,full_trust,105,RECOVERY,184,"(19, 10)",False,2,False,2040
0,0.0,True,0.0,0.9,0.9,1984,0,1984.0,96,14,24,"(3, 8)",0,0.013368983957219251,83.33333333333333,33.916666666666664,full_trust,96,RECOVERY,152,"(13, 9)",False,0,False,2045
7,0.0,False,0.0,0.2765714918469588,0.2765714918469588,1986,0,1986.0,122,16,22,"(2, 20)",0,0.013333333333333334,90.5,41.90909090909091,full_trust,122,RECOVERY,194,"(3, 24)",False,1,False,2045
29,0.0,True,0.0,0.9834388498654777,0.994548929493852,1996,0,1996.0,105,5,22,"(33, 50)",0,0.02129547471162378,92.04545454545455,48.68181818181818,full_trust,105,RECOVERY,184,"(18, 14)",False,2,False,2045
0,0.0,True,0.0,0.9,0.9,1989,0,1989.0,96,14,24,"(3, 8)",0,0.014134275618374558,83.33333333333333,33.916666666666664,full_trust,96,RECOVERY,153,"(9, 8)",False,0,False,2050
4,0.0,False,0.0,0.21878573331200776,0.21878573331200776,1991,0,1991.0,122,16,22,"(2, 20)",0,0.01060070671378092,90.5,41.90909090909091,full_trust,122,RECOVERY,195,"(2, 20)",False,1,False,2050
29,0.0,True,0.0,0.986082340934253,0.9954175149826768,2001,0,2001.0,105,5,22,"(33, 50)",0,0.01675485008818342,92.04545454545455,48.68181818181818,full_trust,105,RECOVERY,185,"(19, 18)",False,2,False,2050
0,0.0,True,0.0,0.9,0.9,1994,0,1994.0,96,14,24,"(3, 8)",0,0.014977973568281937,83.33333333333333,33.916666666666664,full_trust,96,RECOVERY,153,"(4, 8)",False,0,False,2055
4,0.0,False,0.0,0.21878573331200776,0.21878573331200776,1995,0,1995.0,123,16,22,"(2, 41)",0,0.010572687224669603,90.5,41.90909090909091,full_trust,123,RECOVERY,196,"(3, 23)",False,1,False,2055
29,0.0,True,0.0,0.9882922392170548,0.996095649239786,2006,0,2006.0,105,5,22,"(33, 50)",0,0.018469656992084433,92.04545454545455,48.68181818181818,full_trust,105,RECOVERY,185,"(19, 23)",False,2,False,2055
0,0.0,True,0.0,0.9,0.9,1998,0,1998.0,97,14,24,"(33, 8)",0,0.01152482269503546,83.33333333333333,33.916666666666664,full_trust,97,RECOVERY,154,"(6, 8)",False,0,False,2060
4,0.0,False,0.0,0.21878573331200776,0.21878573331200776,2000,0,2000.0,123,16,22,"(2, 41)",0,0.005319148936170213,90.5,41.90909090909091,full_trust,123,RECOVERY,196,"(3, 28)",False,1,False,2060
29,0.0,True,0.0,0.9901298732088889,0.9965982293000007,2011,0,2011.0,105,5,22,"(33, 50)",0,0.018584070796460177,92.04545454545455,48.68181818181818,full_trust,105,RECOVERY,185,"(19, 28)",False,2,False,2060
0,0.0,True,0.0,0.9,0.9,2003,0,2003.0,97,14,24,"(33, 8)",0,0.01141352063213345,83.33333333333333,33.916666666666664,full_trust,97,RECOVERY,154,"(11, 8)",False,0,False,2065
4,0.0,False,0.0,0.2215328723258457,0.2566883489538772,2005,0,2005.0,123,16,22,"(2, 41)",0,0.0052677787532923615,90.5,41.90909090909091,full_trust,123,RECOVERY,196,"(3, 33)",False,1,False,2065
29,0.0,True,0.0,0.9916553824904063,0.9970364300698648,2016,0,2016.0,105,5,22,"(33, 50)",0,0.017528483786152498,92.04545454545455,48.68181818181818,full_trust,105,RECOVERY,185,"(19, 33)",False,2,False,2065
0,0.0,True,0.0,0.9,0.9,2008,0,2008.0,97,14,24,"(33, 8)",0,0.011393514460999123,83.33333333333333,33.916666666666664,full_trust,97,RECOVERY,154,"(15, 9)",False,0,False,2070
4,0.0,False,0.0,0.24451795658624192,0.3626429425084079,2010,0,2010.0,123,16,22,"(2, 41)",0,0.0052585451358457495,90.5,41.90909090909091,full_trust,123,RECOVERY,196,"(3, 38)",False,1,False,2070
29,0.0,True,0.0,0.9929269169099946,0.9974165500351907,2021,0,2021.0,105,5,22,"(33, 50)",0,0.017497812773403325,92.04545454545455,48.68181818181818,full_trust,105,RECOVERY,185,"(19, 38)",False,2,False,2070
0,0.0,True,0.0,0.9,0.9,2013,0,2013.0,97,14,24,"(33, 8)",0,0.011393514460999123,83.33333333333333,33.916666666666664,full_trust,97,RECOVERY,155,"(20, 9)",False,0,False,2075
4,0.0,False,0.0,0.28594093749794025,0.4714671152399423,2014,0,2014.0,124,16,23,"(15, 2)",0,0.0052585451358457495,90.21739130434783,41.130434782608695,full_trust,124,RECOVERY,198,"(2, 41)",False,1,False,2075
29,0.0,True,0.0,0.9933752029865364,0.9975577801171217,2026,0,2026.0,106,5,22,"(33, 50)",0,0.017497812773403325,92.04545454545455,48.68181818181818,full_trust,106,RECOVERY,186,"(22, 40)",False,2,False,2075
0,0.0,True,0.0,0.9,0.9,2018,0,2018.0,97,14,24,"(33, 8)",0,0.008771929824561403,83.33333333333333,33.916666666666664,full_trust,97,RECOVERY,155,"(25, 9)",False,0,False,2080
0,0.0,True,0.0,0.30640549372396203,0.5030220330973706,2019,0,2019.0,124,16,23,"(15, 2)",0,0.0043821209465381246,90.21739130434783,41.130434782608695,full_trust,124,RECOVERY,198,"(5, 39)",False,1,False,2080
24,0.0,True,0.0,0.9937899270123777,0.9976518716639187,2031,0,2031.0,106,5,22,"(33, 50)",0,0.016637478108581436,92.04545454545455,48.68181818181818,full_trust,106,RECOVERY,186,"(26, 41)",False,2,False,2080
0,0.0,True,0.0,0.9,0.9,2023,0,2023.0,97,14,24,"(33, 8)",0,0.007011393514460999,83.33333333333333,33.916666666666664,full_trust,97,RECOVERY,155,"(29, 8)",False,0,False,2085
0,0.0,True,0.0,0.3278240008479604,0.5328021842110076,2024,0,2024.0,124,16,23,"(15, 2)",0,0.0035026269702276708,90.21739130434783,41.130434782608695,full_trust,124,RECOVERY,198,"(5, 34)",False,1,False,2085
24,0.0,True,0.0,0.9946988339114415,0.9979060671435818,2036,0,2036.0,106,5,22,"(33, 50)",0,0.0148861646234676,92.04545454545455,48.68181818181818,full_trust,106,RECOVERY,186,"(26, 46)",False,2,False,2085
0,0.0,True,0.0,0.9,0.9,2027,0,2027.0,98,14,25,"(24, 45)",0,0.005253940455341506,83.6,33.88,full_trust,98,RECOVERY,156,"(33, 8)",False,0,False,2090
0,0.0,True,0.0,0.3278240008479604,0.5328021842110076,2029,0,2029.0,124,16,23,"(15, 2)",0,0.0017497812773403325,90.21739130434783,41.130434782608695,full_trust,124,RECOVERY,198,"(5, 29)",False,1,False,2090
24,0.0,True,0.0,0.995458188414957,0.9981436405404317,2041,0,2041.0,106,5,22,"(33, 50)",0,0.014873140857392825,92.04545454545455,48.68181818181818,full_trust,106,RECOVERY,186,"(28, 49)",False,2,False,2090
0,0.0,True,0.0,0.9,0.9,2032,0,2032.0,98,14,25,"(24, 45)",0,0.006124234470691163,83.6,33.88,full_trust,98,RECOVERY,156,"(29, 9)",False,0,False,2095
0,0.0,True,0.0,0.33881443906977926,0.5476327652843381,2034,0,2034.0,124,16,23,"(15, 2)",0,0.0026223776223776225,90.21739130434783,41.130434782608695,full_trust,124,RECOVERY,198,"(7, 26)",False,1,False,2095
24,0.0,True,0.0,0.9957258255968185,0.9982169103701239,2046,0,2046.0,106,5,22,"(33, 50)",0,0.01486013986013986,92.04545454545455,48.68181818181818,full_trust,106,RECOVERY,186,"(32, 50)",False,2,False,2095
0,0.0,True,0.0,0.9,0.9,2037,0,2037.0,98,14,25,"(24, 45)",0,0.046532045654082525,83.6,33.88,full_trust,98,RECOVERY,157,"(27, 12)",False,0,False,2100
0,0.0,True,0.0,0.33881443906977926,0.5476327652843381,2039,0,2039.0,125,16,23,"(15, 2)",0,0.048993875765529306,90.21739130434783,41.130434782608695,full_trust,125,RECOVERY,199,"(10, 24)",False,1,False,2100
24,0.0,True,0.0,0.9957258255968185,0.9982169103701239,2050,0,2050.0,107,5,23,"(33, 8)",0,0.05706760316066725,91.17391304347827,49.65217391304348,full_trust,107,RECOVERY,188,"(33, 47)",False,2,False,2100
0,0.0,True,0.0,0.9,0.9,2042,0,2042.0,98,14,25,"(24, 45)",0,0.04286964129483815,83.6,33.88,full_trust,98,RECOVERY,157,"(27, 17)",False,0,False,2105
0,0.0,True,0.0,0.33881443906977926,0.5476327652843381,2044,0,2044.0,125,16,23,"(15, 2)",0,0.04636920384951881,90.21739130434783,41.130434782608695,full_trust,125,RECOVERY,199,"(13, 22)",False,1,False,2105
24,0.0,True,0.0,0.9957258255968185,0.9982169103701239,2055,0,2055.0,107,5,23,"(33, 8)",0,0.05336832895888014,91.17391304347827,49.65217391304348,full_trust,107,RECOVERY,188,"(30, 45)",False,2,False,2105
0,0.0,True,0.0,0.9,0.9,2047,0,2047.0,98,14,25,"(24, 45)",0,0.04199475065616798,83.6,33.88,full_trust,98,RECOVERY,157,"(27, 22)",False,0,False,2110
0,0.0,True,0.0,0.33881443906977926,0.5476327652843381,2049,0,2049.0,125,16,23,"(15, 2)",0,0.045494313210848646,90.21739130434783,41.130434782608695,full_trust,125,RECOVERY,199,"(15, 19)",False,1,False,2110
22,0.0,True,0.0,0.9957258255968185,0.9982169103701239,2060,0,2060.0,107,5,23,"(33, 8)",0,0.05249343832020997,91.17391304347827,49.65217391304348,full_trust,107,RECOVERY,188,"(29, 41)",False,2,False,2110
0,0.0,True,0.0,0.9,0.9,2052,0,2052.0,98,14,25,"(24, 45)",0,0.03849518810148731,83.6,33.88,full_trust,98,RECOVERY,157,"(27, 27)",False,0,False,2115
0,0.0,True,0.0,0.33881443906977926,0.5476327652843381,2054,0,2054.0,125,16,23,"(15, 2)",0,0.04199475065616798,90.21739130434783,41.130434782608695,full_trust,125,RECOVERY,199,"(15, 14)",False,1,False,2115
15,0.0,True,0.0,0.9957258255968185,0.9982169103701239,2065,0,2065.0,107,5,23,"(33, 8)",0,0.048118985126859144,91.17391304347827,49.65217391304348,full_trust,107,RECOVERY,188,"(29, 36)",False,2,False,2115
0,0.0,True,0.0,0.9,0.9,2057,0,2057.0,98,14,25,"(24, 45)",0,0.03674540682414698,83.6,33.88,full_trust,98,RECOVERY,157,"(27, 32)",False,0,False,2120
0,0.0,True,0.0,0.33881443906977926,0.5476327652843381,2059,0,2059.0,125,16,23,"(15, 2)",0,0.04024496937882765,90.21739130434783,41.130434782608695,full_trust,125,RECOVERY,199,"(15, 9)",False,1,False,2120
15,0.0,True,0.0,0.9962198069576607,0.9984963992823407,2070,0,2070.0,107,5,23,"(33, 8)",0,0.045494313210848646,91.17391304347827,49.65217391304348,full_trust,107,RECOVERY,188,"(29, 31)",False,2,False,2120
0,0.0,True,0.0,0.9,0.9,2062,0,2062.0,98,14,25,"(24, 45)",0,0.03499562554680665,83.6,33.88,full_trust,98,RECOVERY,158,"(26, 36)",False,0,False,2125
0,0.0,True,0.0,0.33881443906977926,0.5476327652843381,2064,0,2064.0,125,16,23,"(15, 2)",0,0.03937007874015748,90.21739130434783,41.130434782608695,full_trust,125,RECOVERY,200,"(15, 4)",False,1,False,2125
15,0.0,True,0.0,0.9967782112690506,0.9987873142054883,2075,0,2075.0,107,5,23,"(33, 8)",0,0.045494313210848646,91.17391304347827,49.65217391304348,full_trust,107,RECOVERY,189,"(29, 26)",False,2,False,2125
0,0.0,True,0.0,0.9,0.9,2067,0,2067.0,98,14,25,"(24, 45)",0,0.03412073490813648,83.6,33.88,full_trust,98,RECOVERY,158,"(26, 41)",False,0,False,2130
0,0.0,True,0.0,0.33881443906977926,0.5476327652843381,2068,0,2068.0,126,16,23,"(21, 17)",0,0.03937007874015748,90.21739130434783,41.130434782608695,full_trust,126,RECOVERY,201,"(15, 4)",False,1,False,2130
15,0.0,True,0.0,0.997258219839365,0.9989653248986254,2080,0,2080.0,107,5,23,"(33, 8)",0,0.04461942257217848,91.17391304347827,49.65217391304348,full_trust,107,RECOVERY,189,"(29, 21)",False,2,False,2130
0,0.0,True,0.0,0.9,0.9,2072,0,2072.0,98,14,25,"(24, 45)",0,0.031496062992125984,83.6,33.88,full_trust,98,RECOVERY,158,"(25, 45)",False,0,False,2135
0,0.0,True,0.0,0.33881443906977926,0.5476327652843381,2073,0,2073.0,126,16,23,"(21, 17)",0,0.03937007874015748,90.21739130434783,41.130434782608695,full_trust,126,RECOVERY,201,"(17, 7)",False,1,False,2135
15,0.0,True,0.0,0.9976667664324504,0.999123240641426,2085,0,2085.0,107,5,23,"(33, 8)",0,0.04374453193350831,91.17391304347827,49.65217391304348,full_trust,107,RECOVERY,189,"(29, 16)",False,2,False,2135
0,0.0,True,0.0,0.9,0.9,2076,0,2076.0,99,14,25,"(2, 20)",0,0.03070175438596491,83.6,33.88,full_trust,99,RECOVERY,159,"(25, 43)",False,0,False,2140
0,0.0,True,0.0,0.33881443906977926,0.5476327652843381,2078,0,2078.0,126,16,23,"(21, 17)",0,0.03937007874015748,90.21739130434783,41.130434782608695,full_trust,126,RECOVERY,201,"(17, 12)",False,1,False,2140
15,0.0,True,0.0,0.9980144376631617,0.9992494971561215,2090,0,2090.0,107,5,23,"(33, 8)",0,0.042105263157894736,91.17391304347827,49.65217391304348,full_trust,107,RECOVERY,189,"(29, 11)",False,2,False,2140
0,0.0,True,0.0,0.9,0.9,2081,0,2081.0,99,14,25,"(2, 20)",0,0.03070175438596491,83.6,33.88,full_trust,99,RECOVERY,159,"(25, 38)",False,0,False,2145
0,0.0,True,0.0,0.33881443906977926,0.5476327652843381,2083,0,2083.0,126,16,23,"(21, 17)",0,0.03937007874015748,90.21739130434783,41.130434782608695,full_trust,126,RECOVERY,201,"(17, 17)",False,1,False,2145
15,0.0,True,0.0,0.9981380172177285,0.9992920199886739,2095,0,2095.0,107,5,23,"(33, 8)",0,0.042105263157894736,91.17391304347827,49.65217391304348,full_trust,107,RECOVERY,189,"(31, 8)",False,2,False,2145
0,0.0,True,0.0,0.9,0.9,2086,0,2086.0,100,14,25,"(2, 20)",0,0.03070175438596491,83.6,33.88,full_trust,100,RECOVERY,160,"(24, 34)",False,0,False,2150
0,0.0,True,0.0,0.3946126932290613,0.6082475043921338,2087,0,2087.0,127,16,24,"(33, 8)",0,0.03587051618547681,89.58333333333333,40.333333333333336,full_trust,127,RECOVERY,203,"(21, 17)",False,1,False,2150
15,0.0,True,0.0,0.9981380172177285,0.9992920199886739,2099,0,2099.0,108,5,23,"(33, 30)",0,0.042105263157894736,91.17391304347827,49.65217391304348,full_trust,108,RECOVERY,191,"(33, 10)",False,2,False,2150
0,0.0,True,0.0,0.9,0.9,2091,0,2091.0,100,14,25,"(2, 20)",0,0.028070175438596492,83.6,33.88,full_trust,100,RECOVERY,160,"(22, 31)",False,0,False,2155
0,0.0,True,0.0,0.44029994749031776,0.6576700998432043,2092,0,2092.0,127,16,24,"(33, 8)",0,0.03412073490813648,89.58333333333333,40.333333333333336,full_trust,127,RECOVERY,203,"(26, 17)",False,1,False,2155
15,0.0,True,0.0,0.9981380172177285,0.9992920199886739,2104,0,2104.0,108,5,23,"(33, 30)",0,0.039473684210526314,91.17391304347827,49.65217391304348,full_trust,108,RECOVERY,191,"(30, 12)",False,2,False,2155
0,0.0,True,0.0,0.9,0.9,2096,0,2096.0,100,14,25,"(2, 20)",0,0.028144239226033423,83.6,33.88,full_trust,100,RECOVERY,160,"(22, 26)",False,0,False,2160
0,0.0,True,0.0,0.49605783573585527,0.7030494183396305,2097,0,2097.0,127,16,24,"(33, 8)",0,0.03430079155672823,89.58333333333333,40.333333333333336,full_trust,127,RECOVERY,203,"(28, 14)",False,1,False,2160
15,0.0,True,0.0,0.9981380172177285,0.9992920199886739,2109,0,2109.0,108,5,23,"(33, 30)",0,0.03869832893579595,91.17391304347827,49.65217391304348,full_trust,108,RECOVERY,191,"(30, 17)",False,2,False,2160
0,0.0,True,0.0,0.9,0.9,2101,0,2101.0,100,14,25,"(2, 20)",0,0.028144239226033423,83.6,33.88,full_trust,100,RECOVERY,160,"(18, 25)",False,0,False,2165
0,0.0,True,0.0,0.5382323656100461,0.7341810951185193,2102,0,2102.0,127,16,24,"(33, 8)",0,0.03430079155672823,89.58333333333333,40.333333333333336,full_trust,127,RECOVERY,203,"(29, 10)",False,1,False,2165
15,0.0,True,0.0,0.9981380172177285,0.9992920199886739,2114,0,2114.0,108,5,23,"(33, 30)",0,0.03869832893579595,91.17391304347827,49.65217391304348,full_trust,108,RECOVERY,191,"(29, 21)",False,2,False,2165
0,0.0,True,0.0,0.9,0.9,2106,0,2106.0,100,14,25,"(2, 20)",0,0.028144239226033423,83.6,33.88,full_trust,100,RECOVERY,160,"(15, 23)",False,0,False,2170
0,0.0,True,0.0,0.5382323656100461,0.7341810951185193,2107,0,2107.0,127,16,24,"(33, 8)",0,0.03430079155672823,89.58333333333333,40.333333333333336,full_trust,127,RECOVERY,203,"(32, 8)",False,1,False,2170
15,0.0,True,0.0,0.9984151342607575,0.9994018260078766,2119,0,2119.0,108,5,23,"(33, 30)",0,0.03869832893579595,91.17391304347827,49.65217391304348,full_trust,108,RECOVERY,191,"(29, 26)",False,2,False,2170
0,0.0,True,0.0,0.9,0.9,2111,0,2111.0,100,14,25,"(2, 20)",0,0.028144239226033423,83.6,33.88,full_trust,100,RECOVERY,161,"(13, 20)",False,0,False,2175
0,0.0,True,0.0,0.5382323656100461,0.7341810951185193,2111,0,2111.0,128,16,24,"(2, 20)",0,0.03430079155672823,89.58333333333333,40.333333333333336,full_trust,128,RECOVERY,205,"(30, 8)",False,1,False,2175
15,0.0,True,0.0,0.998650799122406,0.9994879720347251,2124,0,2124.0,108,5,23,"(33, 30)",0,0.03869832893579595,91.17391304347827,49.65217391304348,full_trust,108,RECOVERY,192,"(30, 30)",False,2,False,2175
0,0.0,True,0.0,0.9,0.9,2116,0,2116.0,100,14,25,"(2, 20)",0,0.027264731750219876,83.6,33.88,full_trust,100,RECOVERY,161,"(8, 20)",False,0,False,2180
0,0.0,True,0.0,0.5382323656100461,0.7341810951185193,2116,0,2116.0,128,16,24,"(2, 20)",0,0.032541776605101144,89.58333333333333,40.333333333333336,full_trust,128,RECOVERY,205,"(28, 11)",False,1,False,2180
3,0.0,True,0.0,0.998693287064975,0.9995005579737857,2128,0,2128.0,109,5,24,"(2, 41)",0,0.03605980650835532,90.79166666666667,48.875,full_trust,109,RECOVERY,193,"(32, 30)",False,2,False,2180
0,0.0,True,0.0,0.9,0.9,2121,0,2121.0,100,14,25,"(2, 20)",0,0.027264731750219876,83.6,33.88,full_trust,100,RECOVERY,161,"(3, 20)",False,0,False,2185
0,0.0,True,0.0,0.5382323656100461,0.7341810951185193,2121,0,2121.0,128,16,24,"(2, 20)",0,0.032541776605101144,89.58333333333333,40.333333333333336,full_trust,128,RECOVERY,205,"(27, 15)",False,1,False,2185
0,0.0,True,0.0,0.9987344316044702,0.9995161778548791,2133,0,2133.0,109,5,24,"(2, 41)",0,0.03605980650835532,90.79166666666667,48.875,full_trust,109,RECOVERY,193,"(29, 32)",False,2,False,2185
0,0.0,True,0.0,0.9,0.9,2125,0,2125.0,101,14,26,"(15, 2)",0,0.027264731750219876,84.11538461538461,34.5,full_trust,101,RECOVERY,162,"(5, 20)",False,0,False,2190
0,0.0,True,0.0,0.5483419798980496,0.7404246513701168,2126,0,2126.0,128,16,24,"(2, 20)",0,0.032541776605101144,89.58333333333333,40.333333333333336,full_trust,128,RECOVERY,205,"(24, 17)",False,1,False,2190
0,0.0,True,0.0,0.9989208535321148,0.9995827429454615,2138,0,2138.0,109,5,24,"(2, 41)",0,0.03605980650835532,90.79166666666667,48.875,full_trust,109,RECOVERY,193,"(28, 36)",False,2,False,2190
0,0.0,True,0.0,0.9,0.9,2130,0,2130.0,101,14,26,"(15, 2)",0,0.027264731750219876,84.11538461538461,34.5,full_trust,101,RECOVERY,162,"(10, 20)",False,0,False,2195
0,0.0,True,0.0,0.5875726745672422,0.7716596167057245,2131,0,2131.0,128,16,24,"(2, 20)",0,0.032541776605101144,89.58333333333333,40.333333333333336,full_trust,128,RECOVERY,205,"(19, 17)",False,1,False,2195
0,0.0,True,0.0,0.9990788196688941,0.9996411947741329,2143,0,2143.0,109,5,24,"(2, 41)",0,0.036939313984168866,90.79166666666667,48.875,full_trust,109,RECOVERY,193,"(27, 40)",False,2,False,2195
0,0.0,True,0.0,0.9,0.9,2135,0,2135.0,102,14,26,"(15, 2)",0,0.021238938053097345,84.11538461538461,34.5,full_trust,102,RECOVERY,163,"(14, 19)",False,0,False,2200
0,0.0,True,0.0,0.6345631125982288,0.8104339704528285,2136,0,2136.0,128,16,24,"(2, 20)",0,0.02566371681415929,89.58333333333333,40.333333333333336,full_trust,128,RECOVERY,206,"(16, 19)",False,1,False,2200
0,0.0,True,0.0,0.9992130514992501,0.9996908470665878,2148,0,2148.0,110,5,24,"(2, 41)",0,0.030973451327433628,90.79166666666667,48.875,full_trust,110,RECOVERY,194,"(22, 40)",False,2,False,2200
0,0.0,True,0.0,0.9,0.9,2140,0,2140.0,102,14,26,"(15, 2)",0,0.019469026548672566,84.11538461538461,34.5,full_trust,102,RECOVERY,163,"(14, 14)",False,0,False,2205
0,0.0,True,0.0,0.6802981486523964,0.8508947347480765,2141,0,2141.0,128,16,24,"(2, 20)",0,0.023008849557522124,89.58333333333333,40.333333333333336,full_trust,128,RECOVERY,206,"(12, 20)",False,1,False,2205
0,0.0,True,0.0,0.9993055089336422,0.9997229342392937,2153,0,2153.0,110,5,24,"(2, 41)",0,0.02743362831858407,90.79166666666667,48.875,full_trust,110,RECOVERY,194,"(18, 41)",False,2,False,2205
0,0.0,True,0.0,0.9,0.9,2145,0,2145.0,102,14,26,"(15, 2)",0,0.020353982300884955,84.11538461538461,34.5,full_trust,102,RECOVERY,163,"(15, 10)",False,0,False,2210
0,0.0,True,0.0,0.7225860244904696,0.876090452395052,2146,0,2146.0,128,16,24,"(2, 20)",0,0.021238938053097345,89.58333333333333,40.333333333333336,full_trust,128,RECOVERY,206,"(7, 20)",False,1,False,2210
0,0.0,True,0.0,0.9993055089336422,0.9997229342392937,2158,0,2158.0,110,5,24,"(2, 41)",0,0.02654867256637168,90.79166666666667,48.875,full_trust,110,RECOVERY,194,"(13, 41)",False,2,False,2210
0,0.0,True,0.0,0.9,0.9,2150,0,2150.0,102,14,26,"(15, 2)",0,0.01415929203539823,84.11538461538461,34.5,full_trust,102,RECOVERY,163,"(15, 5)",False,0,False,2215
0,0.0,True,0.0,0.7604035826371379,0.8987450381129637,2151,0,2151.0,128,16,24,"(2, 20)",0,0.01504424778761062,89.58333333333333,40.333333333333336,full_trust,128,RECOVERY,206,"(2, 20)",False,1,False,2215
0,0.0,True,0.0,0.9993055089336422,0.9997229342392937,2163,0,2163.0,110,5,24,"(2, 41)",0,0.020353982300884955,90.79166666666667,48.875,full_trust,110,RECOVERY,194,"(8, 41)",False,2,False,2215
0,0.0,True,0.0,0.9,0.9,2154,0,2154.0,103,14,26,"(21, 17)",0,0.01327433628318584,84.11538461538461,34.5,full_trust,103,RECOVERY,164,"(15, 3)",False,0,False,2220
0,0.0,True,0.0,0.7676481933038761,0.9052957959719009,2155,0,2155.0,129,16,25,"(24, 45)",0,0.01504424778761062,88.64,40.48,full_trust,129,RECOVERY,207,"(5, 21)",False,1,False,2220
0,0.0,True,0.0,0.9993055089336422,0.9997229342392937,2168,0,2168.0,110,5,24,"(2, 41)",0,0.019469026548672566,90.79166666666667,48.875,full_trust,110,RECOVERY,194,"(3, 41)",False,2,False,2220
0,0.0,True,0.0,0.9,0.9,2159,0,2159.0,104,14,26,"(21, 17)",0,0.01327433628318584,84.11538461538461,34.5,full_trust,104,RECOVERY,165,"(15, 8)",False,0,False,2225
0,0.0,True,0.0,0.7676481933038761,0.9052957959719009,2160,0,2160.0,130,16,25,"(24, 45)",0,0.01415929203539823,88.64,40.48,full_trust,130,RECOVERY,208,"(9, 22)",False,1,False,2225
0,0.0,True,0.0,0.9993055089336422,0.9997229342392937,2172,0,2172.0,111,5,24,"(21, 17)",0,0.019469026548672566,90.79166666666667,48.875,full_trust,111,RECOVERY,196,"(5, 41)",False,2,False,2225
0,0.0,True,0.0,0.9,0.9,2164,0,2164.0,104,14,26,"(21, 17)",0,0.01327433628318584,84.11538461538461,34.5,full_trust,104,RECOVERY,165,"(17, 11)",False,0,False,2230
0,0.0,True,0.0,0.7880921496674117,0.9134486463505892,2165,0,2165.0,130,16,25,"(24, 45)",0,0.01415929203539823,88.64,40.48,full_trust,130,RECOVERY,208,"(12, 24)",False,1,False,2230
0,0.0,True,0.0,0.9993055089336422,0.9997229342392937,2177,0,2177.0,111,5,24,"(21, 17)",0,0.019469026548672566,90.79166666666667,48.875,full_trust,111,RECOVERY,196,"(10, 41)",False,2,False,2230
0,0.0,True,0.0,0.9,0.9,2169,0,2169.0,104,14,26,"(21, 17)",0,0.012389380530973451,84.11538461538461,34.5,full_trust,104,RECOVERY,165,"(18, 15)",False,0,False,2235
0,0.0,True,0.0,0.8180266946666431,0.9243698966163056,2170,0,2170.0,130,16,25,"(24, 45)",0,0.012389380530973451,88.64,40.48,full_trust,130,RECOVERY,208,"(17, 24)",False,1,False,2235
0,0.0,True,0.0,0.9993055089336422,0.9997229342392937,2182,0,2182.0,111,5,24,"(21, 17)",0,0.016814159292035398,90.79166666666667,48.875,full_trust,111,RECOVERY,196,"(13, 39)",False,2,False,2235
0,0.0,True,0.0,0.9,0.9,2174,0,2174.0,104,14,26,"(21, 17)",0,0.012400354295837024,84.11538461538461,34.5,full_trust,104,RECOVERY,165,"(21, 17)",False,0,False,2240
0,0.0,True,0.0,0.8435167048351498,0.9345199954217168,2175,0,2175.0,130,16,25,"(24, 45)",0,0.012411347517730497,88.64,40.48,full_trust,130,RECOVERY,208,"(19, 27)",False,1,False,2240
0,0.0,True,0.0,0.9993055089336422,0.9997229342392937,2187,0,2187.0,111,5,24,"(21, 17)",0,0.016843971631205674,90.79166666666667,48.875,full_trust,111,RECOVERY,196,"(18, 39)",False,2,False,2240
0,0.0,True,0.0,0.9,0.9,2178,0,2178.0,105,14,27,"(25, 2)",0,0.010628875110717449,83.0,34.03703703703704,full_trust,105,RECOVERY,166,"(25, 17)",False,0,False,2245
0,0.0,True,0.0,0.8652028228846416,0.9421683150354014,2180,0,2180.0,130,16,25,"(24, 45)",0,0.012411347517730497,88.64,40.48,full_trust,130,RECOVERY,208,"(23, 28)",False,1,False,2245
0,0.0,True,0.0,0.9993861643856374,0.9997503367142558,2192,0,2192.0,111,5,24,"(21, 17)",0,0.016843971631205674,90.79166666666667,48.875,full_trust,111,RECOVERY,196,"(19, 35)",False,2,False,2245
0,0.0,True,0.0,0.9,0.9,2183,0,2183.0,105,14,27,"(25, 2)",0,0.048715677590788306,83.0,34.03703703703704,full_trust,105,RECOVERY,167,"(25, 12)",False,0,False,2250
0,0.0,True,0.0,0.8800600866608099,0.9470952535064115,2185,0,2185.0,131,16,25,"(24, 45)",0,0.051418439716312055,88.64,40.48,full_trust,131,RECOVERY,209,"(24, 32)",False,1,False,2250
0,0.0,True,0.0,0.99945655675159,0.9997738159235183,2197,0,2197.0,111,5,24,"(21, 17)",0,0.054078014184397165,90.79166666666667,48.875,full_trust,111,RECOVERY,197,"(19, 30)",False,2,False,2250
0,0.0,True,0.0,0.9,0.9,2188,0,2188.0,105,14,27,"(25, 2)",0,0.04162976085031001,83.0,34.03703703703704,full_trust,105,RECOVERY,167,"(25, 7)",False,0,False,2255
0,0.0,True,0.0,0.8800600866608099,0.9470952535064115,2190,0,2190.0,131,16,25,"(24, 45)",0,0.047872340425531915,88.64,40.48,full_trust,131,RECOVERY,209,"(25, 36)",False,1,False,2255
0,0.0,True,0.0,0.99945655675159,0.9997738159235183,2202,0,2202.0,111,5,24,"(21, 17)",0,0.05053191489361702,90.79166666666667,48.875,full_trust,111,RECOVERY,197,"(19, 25)",False,2,False,2255
0,0.0,True,0.0,0.9,0.9,2193,0,2193.0,105,14,27,"(25, 2)",0,0.03900709219858156,83.0,34.03703703703704,full_trust,105,RECOVERY,167,"(25, 2)",False,0,False,2260
0,0.0,True,0.0,0.8800600866608099,0.9470952535064115,2195,0,2195.0,131,16,25,"(24, 45)",0,0.04614019520851819,88.64,40.48,full_trust,131,RECOVERY,209,"(25, 41)",False,1,False,2260
0,0.0,True,0.0,0.99945655675159,0.9997738159235183,2207,0,2207.0,111,5,24,"(21, 17)",0,0.049689440993788817,90.79166666666667,48.875,full_trust,111,RECOVERY,197,"(19, 20)",False,2,False,2260
0,0.0,True,0.0,0.9,0.9,2197,0,2197.0,106,14,27,"(33, 30)",0,0.03634751773049645,83.0,34.03703703703704,full_trust,106,RECOVERY,168,"(25, 6)",False,0,False,2265
0,0.0,True,0.0,0.8800600866608099,0.9470952535064115,2200,0,2200.0,131,16,25,"(24, 45)",0,0.043478260869565216,88.64,40.48,full_trust,131,RECOVERY,209,"(24, 45)",False,1,False,2265
0,0.0,True,0.0,0.9994727341601468,0.9997801049227283,2212,0,2212.0,111,5,24,"(21, 17)",0,0.04614019520851819,90.79166666666667,48.875,full_trust,111,RECOVERY,197,"(21, 17)",False,2,False,2265
0,0.0,True,0.0,0.9,0.9,2202,0,2202.0,106,14,27,"(33, 30)",0,0.03634751773049645,83.0,34.03703703703704,full_trust,106,RECOVERY,168,"(26, 10)",False,0,False,2270
0,0.0,True,0.0,0.8800600866608099,0.9470952535064115,2204,0,2204.0,132,16,25,"(33, 8)",0,0.043478260869565216,88.64,40.48,full_trust,132,RECOVERY,210,"(25, 42)",False,1,False,2270
0,0.0,True,0.0,0.9995331955795582,0.999808962466293,2216,0,2216.0,112,5,25,"(33, 8)",0,0.04614019520851819,90.64,48.68,full_trust,112,RECOVERY,198,"(25, 17)",False,2,False,2270
0,0.0,True,0.0,0.9,0.9,2207,0,2207.0,107,14,27,"(33, 30)",0,0.03634751773049645,83.0,34.03703703703704,full_trust,107,RECOVERY,169,"(26, 15)",False,0,False,2275
0,0.0,True,0.0,0.8800600866608099,0.9470952535064115,2209,0,2209.0,132,16,25,"(33, 8)",0,0.0417036379769299,88.64,40.48,full_trust,132,RECOVERY,211,"(24, 38)",False,1,False,2275
0,0.0,True,0.0,0.9996006722676414,0.9998464308647108,2221,0,2221.0,113,5,25,"(33, 8)",0,0.043478260869565216,90.64,48.68,full_trust,113,RECOVERY,199,"(29, 16)",False,2,False,2275
0,0.0,True,0.0,0.9,0.9,2212,0,2212.0,107,14,27,"(33, 30)",0,0.03813953488372093,83.0,34.03703703703704,full_trust,107,RECOVERY,169,"(28, 18)",False,0,False,2280
0,0.0,True,0.0,0.8800600866608099,0.9470952535064115,2214,0,2214.0,132,16,25,"(33, 8)",0,0.04283054003724395,88.64,40.48,full_trust,132,RECOVERY,211,"(24, 33)",False,1,False,2280
0,0.0,True,0.0,0.9996608340723133,0.9998776125966574,2226,0,2226.0,113,5,25,"(33, 8)",0,0.0446927374301676,90.64,48.68,full_trust,113,RECOVERY,199,"(31, 13)",False,2,False,2280
0,0.0,True,0.0,0.9,0.9,2217,0,2217.0,107,14,27,"(33, 30)",0,0.037209302325581395,83.0,34.03703703703704,full_trust,107,RECOVERY,169,"(29, 22)",False,0,False,2285
0,0.0,True,0.0,0.8800600866608099,0.9470952535064115,2219,0,2219.0,133,16,25,"(33, 8)",0,0.040968342644320296,88.64,40.48,full_trust,133,RECOVERY,212,"(24, 28)",False,1,False,2285
0,0.0,True,0.0,0.9997132755802711,0.999900171139156,2231,0,2231.0,113,5,25,"(33, 8)",0,0.04189944134078212,90.64,48.68,full_trust,113,RECOVERY,199,"(32, 9)",False,2,False,2285
0,0.0,True,0.0,0.9,0.9,2222,0,2222.0,107,14,27,"(33, 30)",0,0.035348837209302326,83.0,34.03703703703704,full_trust,107,RECOVERY,169,"(29, 27)",False,0,False,2290
0,0.0,True,0.0,0.8965518260973773,0.9567349684552146,2224,0,2224.0,133,16,25,"(33, 8)",0,0.03910614525139665,88.64,40.48,full_trust,133,RECOVERY,212,"(25, 24)",False,1,False,2290
0,0.0,True,0.0,0.9997227995156672,0.9999037542881924,2235,0,2235.0,114,5,25,"(21, 17)",0,0.04003724394785847,90.64,48.68,full_trust,114,RECOVERY,200,"(31, 8)",False,2,False,2290
0,0.0,True,0.0,0.9,0.9,2227,0,2227.0,107,14,27,"(33, 30)",0,0.028783658310120707,83.0,34.03703703703704,full_trust,107,RECOVERY,169,"(31, 30)",False,0,False,2295
0,0.0,True,0.0,0.9113183313478338,0.9644663249863562,2229,0,2229.0,133,16,25,"(33, 8)",0,0.03438661710037175,88.64,40.48,full_trust,133,RECOVERY,212,"(25, 19)",False,1,False,2295
0,0.0,True,0.0,0.9997578079160213,0.9999155524630877,2240,0,2240.0,114,5,25,"(21, 17)",0,0.03531598513011153,90.64,48.68,full_trust,114,RECOVERY,200,"(30, 12)",False,2,False,2295
0,0.0,True,0.0,0.9,0.9,2231,0,2231.0,108,14,28,"(33, 8)",0,0.02827521206409048,82.07142857142857,34.142857142857146,full_trust,108,RECOVERY,171,"(31, 30)",False,0,False,2300
0,0.0,True,0.0,0.9241766615680447,0.970290507971502,2234,0,2234.0,133,16,25,"(33, 8)",0,0.03298774740810556,88.64,40.48,full_trust,133,RECOVERY,213,"(25, 14)",False,1,False,2300
0,0.0,True,0.0,0.999795348883601,0.999928499174486,2245,0,2245.0,114,5,25,"(21, 17)",0,0.034872761545711596,90.64,48.68,full_trust,114,RECOVERY,201,"(27, 14)",False,2,False,2300
0,0.0,True,0.0,0.9,0.9,2236,0,2236.0,108,14,28,"(33, 8)",0,0.02827521206409048,82.07142857142857,34.142857142857146,full_trust,108,RECOVERY,171,"(29, 27)",False,0,False,2305
0,0.0,True,0.0,0.9352644862736461,0.9747782930941179,2239,0,2239.0,133,16,25,"(33, 8)",0,0.03298774740810556,88.64,40.48,full_trust,133,RECOVERY,213,"(28, 12)",False,1,False,2305
0,0.0,True,0.0,0.9998269212853454,0.9999388268598682,2250,0,2250.0,114,5,25,"(21, 17)",0,0.034872761545711596,90.64,48.68,full_trust,114,RECOVERY,201,"(25, 17)",False,2,False,2305
0,0.0,True,0.0,0.9,0.9,2241,0,2241.0,108,14,28,"(33, 8)",0,0.02827521206409048,82.07142857142857,34.142857142857146,full_trust,108,RECOVERY,171,"(29, 22)",False,0,False,2310
0,0.0,True,0.0,0.944706573649416,0.9782246139240377,2244,0,2244.0,133,16,25,"(33, 8)",0,0.030160226201696512,88.64,40.48,full_trust,133,RECOVERY,213,"(29, 8)",False,1,False,2310
0,0.0,True,0.0,0.9998326166712062,0.9999408290025594,2254,0,2254.0,115,5,26,"(13, 50)",0,0.03204524033930255,88.84615384615384,47.65384615384615,full_trust,115,RECOVERY,202,"(21, 17)",False,2,False,2310
0,0.0,True,0.0,0.9,0.9,2246,0,2246.0,108,14,28,"(33, 8)",0,0.02827521206409048,82.07142857142857,34.142857142857146,full_trust,108,RECOVERY,171,"(29, 17)",False,0,False,2315
0,0.0,True,0.0,0.9464146023482773,0.9788671476266421,2248,0,2248.0,134,16,26,"(33, 50)",0,0.02827521206409048,89.03846153846153,40.80769230769231,full_trust,134,RECOVERY,214,"(33, 8)",False,1,False,2315
0,0.0,True,0.0,0.9998326166712062,0.9999408290025594,2259,0,2259.0,115,5,26,"(13, 50)",0,0.02827521206409048,88.84615384615384,47.65384615384615,full_trust,115,RECOVERY,202,"(18, 19)",False,2,False,2315
0,0.0,True,0.0,0.9,0.9,2251,0,2251.0,108,14,28,"(33, 8)",0,0.028409090909090908,82.07142857142857,34.142857142857146,full_trust,108,RECOVERY,171,"(31, 14)",False,0,False,2320
0,0.0,True,0.0,0.952786993770275,0.9819801613671651,2253,0,2253.0,134,16,26,"(33, 50)",0,0.025616698292220113,89.03846153846153,40.80769230769231,full_trust,134,RECOVERY,214,"(32, 12)",False,1,False,2320
0,0.0,True,0.0,0.9998326166712062,0.9999408290025594,2264,0,2264.0,115,5,26,"(13, 50)",0,0.025616698292220113,88.84615384615384,47.65384615384615,full_trust,115,RECOVERY,202,"(18, 24)",False,2,False,2320
0,0.0,True,0.0,0.9,0.9,2255,0,2255.0,108,15,28,"(33, 8)",0,0.028409090909090908,82.07142857142857,34.142857142857146,full_trust,108,RECOVERY,172,"(31, 10)",False,0,False,2325
0,0.0,True,0.0,0.9599591734141747,0.9857758129754873,2258,0,2258.0,134,16,26,"(33, 50)",0,0.025616698292220113,89.03846153846153,40.80769230769231,full_trust,134,RECOVERY,215,"(30, 15)",False,1,False,2325
0,0.0,True,0.0,0.9998326166712062,0.9999408290025594,2269,0,2269.0,116,5,26,"(13, 50)",0,0.026565464895635674,88.84615384615384,47.65384615384615,full_trust,116,RECOVERY,203,"(18, 29)",False,2,False,2325
0,0.0,True,0.0,0.9,0.9,2259,0,2259.0,109,15,28,"(2, 50)",0,0.027462121212121212,82.07142857142857,34.142857142857146,full_trust,109,RECOVERY,173,"(33, 8)",False,0,False,2330
0,0.0,True,0.0,0.9662085056304753,0.9885045019904561,2263,0,2263.0,134,16,26,"(33, 50)",0,0.023719165085388995,89.03846153846153,40.80769230769231,full_trust,134,RECOVERY,215,"(28, 18)",False,1,False,2330
0,0.0,True,0.0,0.9998326166712062,0.9999408290025594,2274,0,2274.0,117,5,26,"(13, 50)",0,0.021821631878557873,88.84615384615384,47.65384615384615,full_trust,117,RECOVERY,204,"(15, 31)",False,2,False,2330
0,0.0,True,0.0,0.9,0.9,2264,0,2264.0,109,15,28,"(2, 50)",0,0.02554399243140965,82.07142857142857,34.142857142857146,full_trust,109,RECOVERY,173,"(30, 10)",False,0,False,2335
0,0.0,True,0.0,0.9715030479181135,0.9902063228117495,2268,0,2268.0,134,16,26,"(33, 50)",0,0.023674242424242424,89.03846153846153,40.80769230769231,full_trust,134,RECOVERY,215,"(28, 23)",False,1,False,2335
0,0.0,True,0.0,0.9998326166712062,0.9999408290025594,2279,0,2279.0,117,5,26,"(13, 50)",0,0.019886363636363636,88.84615384615384,47.65384615384615,full_trust,117,RECOVERY,204,"(13, 34)",False,2,False,2335
0,0.0,True,0.0,0.9,0.9,2269,0,2269.0,109,15,28,"(2, 50)",0,0.023674242424242424,82.07142857142857,34.142857142857146,full_trust,109,RECOVERY,173,"(30, 15)",False,0,False,2340
0,0.0,True,0.0,0.9759279772276095,0.9915661481842691,2273,0,2273.0,134,16,26,"(33, 50)",0,0.021739130434782608,89.03846153846153,40.80769230769231,full_trust,134,RECOVERY,215,"(28, 28)",False,1,False,2340
0,0.0,True,0.0,0.9998326166712062,0.9999408290025594,2284,0,2284.0,117,5,26,"(13, 50)",0,0.017992424242424244,88.84615384615384,47.65384615384615,full_trust,117,RECOVERY,204,"(13, 39)",False,2,False,2340
0,0.0,True,0.0,0.9,0.9,2274,0,2274.0,109,15,28,"(2, 50)",0,0.022535211267605635,82.07142857142857,34.142857142857146,full_trust,109,RECOVERY,173,"(27, 17)",False,0,False,2345
0,0.0,True,0.0,0.9796596514265684,0.992891796377096,2278,0,2278.0,134,16,26,"(33, 50)",0,0.01780693533270853,89.03846153846153,40.80769230769231,full_trust,134,RECOVERY,215,"(28, 33)",False,1,False,2345
0,0.0,True,0.0,0.9998326166712062,0.9999408290025594,2289,0,2289.0,117,5,26,"(13, 50)",0,0.016901408450704224,88.84615384615384,47.65384615384615,full_trust,117,RECOVERY,204,"(13, 44)",False,2,False,2345
0,0.0,True,0.0,0.9,0.9,2279,0,2279.0,110,15,28,"(2, 50)",0,0.020146520146520148,82.07142857142857,34.142857142857146,full_trust,110,RECOVERY,174,"(22, 17)",False,0,False,2350
0,0.0,True,0.0,0.9815973308355809,0.9934070470784474,2283,0,2283.0,134,16,26,"(33, 50)",0,0.015539305301645339,89.03846153846153,40.80769230769231,full_trust,134,RECOVERY,216,"(28, 38)",False,1,False,2350
0,0.0,True,0.0,0.9998326166712062,0.9999408290025594,2294,0,2294.0,117,5,26,"(13, 50)",0,0.015567765567765568,88.84615384615384,47.65384615384615,full_trust,117,RECOVERY,205,"(13, 49)",False,2,False,2350
0,0.0,True,0.0,0.9,0.9,2284,0,2284.0,110,15,28,"(2, 50)",0,0.020054694621695533,82.07142857142857,34.142857142857146,full_trust,110,RECOVERY,174,"(18, 18)",False,0,False,2355
0,0.0,True,0.0,0.9815973308355809,0.9934070470784474,2288,0,2288.0,134,16,26,"(33, 50)",0,0.015468607825295723,89.03846153846153,40.80769230769231,full_trust,134,RECOVERY,216,"(28, 43)",False,1,False,2355
0,0.0,True,0.0,0.9998326166712062,0.9999408290025594,2298,0,2298.0,118,5,26,"(15, 2)",0,0.015496809480401094,88.84615384615384,47.65384615384615,full_trust,118,RECOVERY,206,"(13, 47)",False,2,False,2355
0,0.0,True,0.0,0.9,0.9,2289,0,2289.0,110,15,28,"(2, 50)",0,0.020054694621695533,82.07142857142857,34.142857142857146,full_trust,110,RECOVERY,174,"(14, 19)",False,0,False,2360
0,0.0,True,0.0,0.9815973308355809,0.9934070470784474,2293,0,2293.0,134,16,26,"(33, 50)",0,0.015468607825295723,89.03846153846153,40.80769230769231,full_trust,134,RECOVERY,216,"(28, 48)",False,1,False,2360
0,0.0,True,0.0,0.9998326166712062,0.9999408290025594,2303,0,2303.0,118,5,26,"(15, 2)",0,0.016408386508659983,88.84615384615384,47.65384615384615,full_trust,118,RECOVERY,206,"(14, 43)",False,2,False,2360
0,0.0,True,0.0,0.9,0.9,2294,0,2294.0,110,15,28,"(2, 50)",0,0.020054694621695533,82.07142857142857,34.142857142857146,full_trust,110,RECOVERY,174,"(11, 21)",False,0,False,2365
0,0.0,True,0.0,0.9815973308355809,0.9934070470784474,2298,0,2298.0,134,16,26,"(33, 50)",0,0.015468607825295723,89.03846153846153,40.80769230769231,full_trust,134,RECOVERY,216,"(31, 50)",False,1,False,2365
0,0.0,True,0.0,0.9998326166712062,0.9999408290025594,2308,0,2308.0,118,5,26,"(15, 2)",0,0.015496809480401094,88.84615384615384,47.65384615384615,full_trust,118,RECOVERY,206,"(14, 38)",False,2,False,2365
0,0.0,True,0.0,0.9,0.9,2299,0,2299.0,110,15,28,"(2, 50)",0,0.019143117593436645,82.07142857142857,34.142857142857146,full_trust,110,RECOVERY,174,"(6, 21)",False,0,False,2370
0,0.0,True,0.0,0.9815973308355809,0.9934070470784474,2302,0,2302.0,135,16,26,"(25, 2)",0,0.015468607825295723,89.03846153846153,40.80769230769231,full_trust,135,RECOVERY,217,"(31, 50)",False,1,False,2370
0,0.0,True,0.0,0.9998326166712062,0.9999408290025594,2313,0,2313.0,118,5,26,"(15, 2)",0,0.014585232452142206,88.84615384615384,47.65384615384615,full_trust,118,RECOVERY,206,"(14, 33)",False,2,False,2370
0,0.0,True,0.0,0.9,0.9,2304,0,2304.0,110,15,28,"(2, 50)",0,0.019143117593436645,82.07142857142857,34.142857142857146,full_trust,110,RECOVERY,175,"(3, 23)",False,0,False,2375
0,0.0,True,0.0,0.9815973308355809,0.9934070470784474,2307,0,2307.0,135,16,26,"(25, 2)",0,0.015468607825295723,89.03846153846153,40.80769230769231,full_trust,135,RECOVERY,218,"(30, 46)",False,1,False,2375
0,0.0,True,0.0,0.9998434285715154,0.999944403519155,2318,0,2318.0,118,5,26,"(15, 2)",0,0.014585232452142206,88.84615384615384,47.65384615384615,full_trust,118,RECOVERY,207,"(14, 28)",False,2,False,2375
0,0.0,True,0.0,0.9,0.9,2309,0,2309.0,110,15,28,"(2, 50)",0,0.017463235294117647,82.07142857142857,34.142857142857146,full_trust,110,RECOVERY,175,"(3, 28)",False,0,False,2380
0,0.0,True,0.0,0.9815973308355809,0.9934070470784474,2312,0,2312.0,135,16,26,"(25, 2)",0,0.014678899082568808,89.03846153846153,40.80769230769231,full_trust,135,RECOVERY,218,"(29, 42)",False,1,False,2380
0,0.0,True,0.0,0.9998675063486249,0.9999529727901236,2323,0,2323.0,118,5,26,"(15, 2)",0,0.012867647058823529,88.84615384615384,47.65384615384615,full_trust,118,RECOVERY,207,"(15, 24)",False,2,False,2380
0,0.0,True,0.0,0.9,0.9,2314,0,2314.0,110,15,28,"(2, 50)",0,0.015625,82.07142857142857,34.142857142857146,full_trust,110,RECOVERY,175,"(3, 33)",False,0,False,2385
0,0.0,True,0.0,0.9815973308355809,0.9934070470784474,2317,0,2317.0,135,16,26,"(25, 2)",0,0.014678899082568808,89.03846153846153,40.80769230769231,full_trust,135,RECOVERY,218,"(29, 37)",False,1,False,2385
0,0.0,True,0.0,0.9998879054443679,0.9999604544629567,2328,0,2328.0,118,5,26,"(15, 2)",0,0.011029411764705883,88.84615384615384,47.65384615384615,full_trust,118,RECOVERY,207,"(15, 19)",False,2,False,2385
0,0.0,True,0.0,0.9,0.9,2319,0,2319.0,110,15,28,"(2, 50)",0,0.014705882352941176,82.07142857142857,34.142857142857146,full_trust,110,RECOVERY,175,"(3, 38)",False,0,False,2390
0,0.0,True,0.0,0.9821950609093009,0.9935519323099817,2322,0,2322.0,135,16,26,"(25, 2)",0,0.014678899082568808,89.03846153846153,40.80769230769231,full_trust,135,RECOVERY,218,"(29, 32)",False,1,False,2390
0,0.0,True,0.0,0.9999019171918416,0.9999649357319159,2333,0,2333.0,118,5,26,"(15, 2)",0,0.01011029411764706,88.84615384615384,47.65384615384615,full_trust,118,RECOVERY,207,"(15, 14)",False,2,False,2390
0,0.0,True,0.0,0.9,0.9,2324,0,2324.0,110,15,28,"(2, 50)",0,0.013736263736263736,82.07142857142857,34.142857142857146,full_trust,110,RECOVERY,175,"(3, 43)",False,0,False,2395
0,0.0,True,0.0,0.9843678279461276,0.9940878552169107,2327,0,2327.0,135,16,26,"(25, 2)",0,0.013711151736745886,89.03846153846153,40.80769230769231,full_trust,135,RECOVERY,218,"(29, 27)",False,1,False,2395
0,0.0,True,0.0,0.9999019171918416,0.9999649357319159,2338,0,2338.0,118,5,26,"(15, 2)",0,0.009157509157509158,88.84615384615384,47.65384615384615,full_trust,118,RECOVERY,207,"(15, 9)",False,2,False,2395
0,0.0,True,0.0,0.9,0.9,2329,0,2329.0,110,15,28,"(2, 50)",0,0.06330275229357799,82.07142857142857,34.142857142857146,full_trust,110,RECOVERY,176,"(3, 48)",False,0,False,2400
0,0.0,True,0.0,0.9862324741198835,0.9946304893104655,2332,0,2332.0,136,16,26,"(25, 2)",0,0.06330275229357799,89.03846153846153,40.80769230769231,full_trust,136,RECOVERY,219,"(28, 23)",False,1,False,2400
0,0.0,True,0.0,0.9999050953887526,0.999965481130061,2343,0,2343.0,118,5,26,"(15, 2)",0,0.05688073394495413,88.84615384615384,47.65384615384615,full_trust,118,RECOVERY,208,"(15, 4)",False,2,False,2400
0,0.0,True,0.0,0.9,0.9,2333,0,2333.0,111,15,29,"(33, 50)",0,0.06324472960586618,82.89655172413794,35.51724137931034,full_trust,111,RECOVERY,177,"(3, 50)",False,0,False,2405
0,0.0,True,0.0,0.9862324741198835,0.9946304893104655,2337,0,2337.0,136,16,26,"(25, 2)",0,0.06232813932172319,89.03846153846153,40.80769230769231,full_trust,136,RECOVERY,219,"(26, 20)",False,1,False,2405
0,0.0,True,0.0,0.9999050953887526,0.999965481130061,2347,0,2347.0,119,5,27,"(33, 8)",0,0.05682859761686526,89.0,47.77777777777778,full_trust,119,RECOVERY,209,"(15, 4)",False,2,False,2405
0,0.0,True,0.0,0.9,0.9,2338,0,2338.0,111,15,29,"(33, 50)",0,0.06318681318681318,82.89655172413794,35.51724137931034,full_trust,111,RECOVERY,177,"(5, 47)",False,0,False,2410
0,0.0,True,0.0,0.9862324741198835,0.9946304893104655,2342,0,2342.0,136,16,26,"(25, 2)",0,0.06227106227106227,89.03846153846153,40.80769230769231,full_trust,136,RECOVERY,219,"(26, 15)",False,1,False,2410
0,0.0,True,0.0,0.9999050953887526,0.999965481130061,2352,0,2352.0,119,5,27,"(33, 8)",0,0.056776556776556776,89.0,47.77777777777778,full_trust,119,RECOVERY,209,"(17, 7)",False,2,False,2410
0,0.0,True,0.0,0.9,0.9,2343,0,2343.0,111,15,29,"(33, 50)",0,0.05989110707803993,82.89655172413794,35.51724137931034,full_trust,111,RECOVERY,177,"(9, 46)",False,0,False,2415
0,0.0,True,0.0,0.9862324741198835,0.9946304893104655,2347,0,2347.0,136,16,26,"(25, 2)",0,0.056261343012704176,89.03846153846153,40.80769230769231,full_trust,136,RECOVERY,219,"(26, 10)",False,1,False,2415
0,0.0,True,0.0,0.9999050953887526,0.999965481130061,2357,0,2357.0,119,5,27,"(33, 8)",0,0.05353901996370236,89.0,47.77777777777778,full_trust,119,RECOVERY,209,"(20, 9)",False,2,False,2415
0,0.0,True,0.0,0.9,0.9,2348,0,2348.0,111,15,29,"(33, 50)",0,0.05903723887375113,82.89655172413794,35.51724137931034,full_trust,111,RECOVERY,177,"(12, 48)",False,0,False,2420
0,0.0,True,0.0,0.9862324741198835,0.9946304893104655,2352,0,2352.0,136,16,26,"(25, 2)",0,0.055404178019981834,89.03846153846153,40.80769230769231,full_trust,136,RECOVERY,219,"(25, 6)",False,1,False,2420
0,0.0,True,0.0,0.9999050953887526,0.999965481130061,2362,0,2362.0,119,5,27,"(33, 8)",0,0.053587647593097185,89.0,47.77777777777778,full_trust,119,RECOVERY,209,"(25, 9)",False,2,False,2420
0,0.0,True,0.0,0.9,0.9,2353,0,2353.0,111,15,29,"(33, 50)",0,0.056962025316455694,82.89655172413794,35.51724137931034,full_trust,111,RECOVERY,178,"(16, 49)",False,0,False,2425
0,0.0,True,0.0,0.9862324741198835,0.9946304893104655,2356,0,2356.0,137,16,27,"(33, 8)",0,0.05515370705244123,89.81481481481481,41.407407407407405,full_trust,137,RECOVERY,221,"(25, 2)",False,1,False,2425
0,0.0,True,0.0,0.9999050953887526,0.999965481130061,2367,0,2367.0,120,5,27,"(33, 8)",0,0.05244122965641953,89.0,47.77777777777778,full_trust,120,RECOVERY,211,"(28, 11)",False,2,False,2425
0,0.0,True,0.0,0.9,0.9,2358,0,2358.0,111,15,29,"(33, 50)",0,0.05480682839173405,82.89655172413794,35.51724137931034,full_trust,111,RECOVERY,178,"(21, 49)",False,0,False,2430
0,0.0,True,0.0,0.9862324741198835,0.9946304893104655,2361,0,2361.0,138,16,27,"(33, 8)",0,0.050314465408805034,89.81481481481481,41.407407407407405,full_trust,138,RECOVERY,222,"(25, 7)",False,1,False,2430
0,0.0,True,0.0,0.9999050953887526,0.999965481130061,2372,0,2372.0,121,5,27,"(33, 8)",0,0.050314465408805034,89.0,47.77777777777778,full_trust,121,RECOVERY,212,"(33, 11)",False,2,False,2430
0,0.0,True,0.0,0.9,0.9,2363,0,2363.0,114,15,29,"(33, 50)",0,0.050314465408805034,82.89655172413794,35.51724137931034,full_trust,114,RECOVERY,181,"(25, 50)",False,0,False,2435
0,0.0,True,0.0,0.9862324741198835,0.9946304893104655,2366,0,2366.0,138,16,27,"(33, 8)",0,0.04672057502246182,89.81481481481481,41.407407407407405,full_trust,138,RECOVERY,222,"(28, 9)",False,1,False,2435
0,0.0,True,0.0,0.9999050953887526,0.999965481130061,2376,0,2376.0,122,5,27,"(13, 50)",0,0.04582210242587601,89.0,47.77777777777778,full_trust,122,RECOVERY,213,"(32, 8)",False,2,False,2435
0,0.0,True,0.0,0.9,0.9,2368,0,2368.0,115,15,29,"(33, 50)",0,0.047619047619047616,82.89655172413794,35.51724137931034,full_trust,115,RECOVERY,182,"(26, 46)",False,0,False,2440
0,0.0,True,0.0,0.9862324741198835,0.9946304893104655,2371,0,2371.0,138,16,27,"(33, 8)",0,0.04582210242587601,89.81481481481481,41.407407407407405,full_trust,138,RECOVERY,222,"(31, 11)",False,1,False,2440
0,0.0,True,0.0,0.9999050953887526,0.999965481130061,2381,0,2381.0,122,5,27,"(13, 50)",0,0.0431266846361186,89.0,47.77777777777778,full_trust,122,RECOVERY,213,"(31, 12)",False,2,False,2440
0,0.0,True,0.0,0.9,0.9,2373,0,2373.0,115,15,29,"(33, 50)",0,0.0431266846361186,82.89655172413794,35.51724137931034,full_trust,115,RECOVERY,182,"(28, 45)",False,0,False,2445
0,0.0,True,0.0,0.9862324741198835,0.9946304893104655,2376,0,2376.0,138,16,27,"(33, 8)",0,0.044923629829290206,89.81481481481481,41.407407407407405,full_trust,138,RECOVERY,222,"(33, 8)",False,1,False,2445
0,0.0,True,0.0,0.9999050953887526,0.999965481130061,2386,0,2386.0,122,5,27,"(13, 50)",0,0.036837376460017966,89.0,47.77777777777778,full_trust,122,RECOVERY,213,"(26, 12)",False,2,False,2445
0,0.0,True,0.0,0.9,0.9,2378,0,2378.0,115,15,29,"(33, 50)",0,0.0431266846361186,82.89655172413794,35.51724137931034,full_trust,115,RECOVERY,183,"(28, 50)",False,0,False,2450
0,0.0,True,0.0,0.9862324741198835,0.9946304893104655,2380,0,2380.0,140,16,27,"(13, 50)",0,0.044923629829290206,89.81481481481481,41.407407407407405,full_trust,140,RECOVERY,224,"(32, 11)",False,1,False,2450
0,0.0,True,0.0,0.9999050953887526,0.999965481130061,2391,0,2391.0,122,5,27,"(13, 50)",0,0.036837376460017966,89.0,47.77777777777778,full_trust,122,RECOVERY,214,"(25, 16)",False,2,False,2450
0,0.0,True,0.0,0.9,0.9,2383,0,2383.0,115,15,29,"(33, 50)",0,0.0431266846361186,82.89655172413794,35.51724137931034,full_trust,115,RECOVERY,183,"(33, 50)",False,0,False,2455
0,0.0,True,0.0,0.9862324741198835,0.9946304893104655,2385,0,2385.0,140,16,27,"(13, 50)",0,0.0440251572327044,89.81481481481481,41.407407407407405,full_trust,140,RECOVERY,224,"(29, 13)",False,1,False,2455
0,0.0,True,0.0,0.9999050953887526,0.999965481130061,2396,0,2396.0,122,5,27,"(13, 50)",0,0.03324348607367475,89.0,47.77777777777778,full_trust,122,RECOVERY,214,"(21, 17)",False,2,False,2455
0,0.0,True,0.0,0.9,0.9,2387,0,2387.0,116,15,29,"(13, 50)",0,0.0431266846361186,82.89655172413794,35.51724137931034,full_trust,116,RECOVERY,184,"(29, 50)",False,0,False,2460
0,0.0,True,0.0,0.9862324741198835,0.9946304893104655,2390,0,2390.0,140,16,27,"(13, 50)",0,0.0431266846361186,89.81481481481481,41.407407407407405,full_trust,140,RECOVERY,224,"(28, 17)",False,1,False,2460
0,0.0,True,0.0,0.9999050953887526,0.999965481130061,2401,0,2401.0,122,5,27,"(13, 50)",0,0.03234501347708895,89.0,47.77777777777778,full_trust,122,RECOVERY,214,"(16, 17)",False,2,False,2460
0,0.0,True,0.0,0.9,0.9,2392,0,2392.0,116,15,29,"(13, 50)",0,0.0431266846361186,82.89655172413794,35.51724137931034,full_trust,116,RECOVERY,184,"(28, 46)",False,0,False,2465
0,0.0,True,0.0,0.9862324741198835,0.9946304893104655,2395,0,2395.0,140,16,27,"(13, 50)",0,0.04043126684636118,89.81481481481481,41.407407407407405,full_trust,140,RECOVERY,224,"(28, 22)",False,1,False,2465
0,0.0,True,0.0,0.9999050953887526,0.999965481130061,2406,0,2406.0,122,5,27,"(13, 50)",0,0.03234501347708895,89.0,47.77777777777778,full_trust,122,RECOVERY,214,"(14, 20)",False,2,False,2465
0,0.0,True,0.0,0.9,0.9,2397,0,2397.0,116,15,29,"(13, 50)",0,0.03593890386343217,82.89655172413794,35.51724137931034,full_trust,116,RECOVERY,184,"(26, 47)",False,0,False,2470
0,0.0,True,0.0,0.9862324741198835,0.9946304893104655,2400,0,2400.0,142,16,27,"(13, 50)",0,0.03324348607367475,89.81481481481481,41.407407407407405,full_trust,142,RECOVERY,226,"(26, 25)",False,1,False,2470
0,0.0,True,0.0,0.9999050953887526,0.999965481130061,2411,0,2411.0,122,5,27,"(13, 50)",0,0.026954177897574125,89.0,47.77777777777778,full_trust,122,RECOVERY,214,"(14, 25)",False,2,False,2470
0,0.0,True,0.0,0.9,0.9,2402,0,2402.0,116,15,29,"(13, 50)",0,0.03324348607367475,82.89655172413794,35.51724137931034,full_trust,116,RECOVERY,185,"(23, 49)",False,0,False,2475
0,0.0,True,0.0,0.9862324741198835,0.9946304893104655,2405,0,2405.0,142,16,27,"(13, 50)",0,0.03234501347708895,89.81481481481481,41.407407407407405,full_trust,142,RECOVERY,227,"(24, 28)",False,1,False,2475
0,0.0,True,0.0,0.9999050953887526,0.999965481130061,2416,0,2416.0,124,5,27,"(13, 50)",0,0.02425876010781671,89.0,47.77777777777778,full_trust,124,RECOVERY,216,"(14, 30)",False,2,False,2475
0,0.0,True,0.0,0.9,0.9,2407,0,2407.0,116,15,29,"(13, 50)",0,0.018850987432675045,82.89655172413794,35.51724137931034,full_trust,116,RECOVERY,185,"(18, 49)",False,0,False,2480
0,0.0,True,0.0,0.9862324741198835,0.9946304893104655,2410,0,2410.0,142,16,27,"(13, 50)",0,0.02064631956912029,89.81481481481481,41.407407407407405,full_trust,142,RECOVERY,227,"(24, 33)",False,1,False,2480
0,0.0,True,0.0,0.9999050953887526,0.999965481130061,2421,0,2421.0,124,5,27,"(13, 50)",0,0.01615798922800718,89.0,47.77777777777778,full_trust,124,RECOVERY,216,"(13, 34)",False,2,False,2480
0,0.0,True,0.0,0.9,0.9,2412,0,2412.0,116,15,29,"(13, 50)",0,0.01526032315978456,82.89655172413794,35.51724137931034,full_trust,116,RECOVERY,185,"(14, 50)",False,0,False,2485
0,0.0,True,0.0,0.9870734994174971,0.9949338064875634,2415,0,2415.0,142,16,27,"(13, 50)",0,0.017055655296229804,89.81481481481481,41.407407407407405,full_trust,142,RECOVERY,227,"(25, 37)",False,1,False,2485
0,0.0,True,0.0,0.9999111137955004,0.9999672599367551,2426,0,2426.0,124,5,27,"(13, 50)",0,0.012567324955116697,89.0,47.77777777777778,full_trust,124,RECOVERY,216,"(13, 39)",False,2,False,2485
0,0.0,True,0.0,0.9,0.9,2416,0,2416.0,117,15,30,"(2, 41)",0,0.01436265709156194,82.9,35.36666666666667,full_trust,117,RECOVERY,186,"(12, 48)",False,0,False,2490
0,0.0,True,0.0,0.9889619889820928,0.9957308762519186,2420,0,2420.0,142,16,27,"(13, 50)",0,0.01436265709156194,89.81481481481481,41.407407407407405,full_trust,142,RECOVERY,227,"(25, 42)",False,1,False,2490
0,0.0,True,0.0,0.9999244377930158,0.9999718070797462,2431,0,2431.0,124,5,27,"(13, 50)",0,0.011669658886894075,89.0,47.77777777777778,full_trust,124,RECOVERY,216,"(13, 44)",False,2,False,2490
0,0.0,True,0.0,0.9,0.9,2421,0,2421.0,117,15,30,"(2, 41)",0,0.01436265709156194,82.9,35.36666666666667,full_trust,117,RECOVERY,186,"(10, 45)",False,0,False,2495
0,0.0,True,0.0,0.9906053352590376,0.9965173704279771,2425,0,2425.0,142,16,27,"(13, 50)",0,0.01436265709156194,89.81481481481481,41.407407407407405,full_trust,142,RECOVERY,227,"(25, 47)",False,1,False,2495
0,0.0,True,0.0,0.9999360049206044,0.9999778509610163,2436,0,2436.0,124,5,27,"(13, 50)",0,0.011669658886894075,89.0,47.77777777777778,full_trust,124,RECOVERY,216,"(13, 49)",False,2,False,2495
