active_fake_claim_count,attacker_attributable_cost_on_route,attacker_is_trusted,attacker_route_cost_delta,attacker_source_memory,attacker_trust,benign_movement_steps,benign_no_path_steps,benign_total_distance,benign_total_replans,benign_traffic_wait_steps,deliveries_completed,goal,influential_fake_claim_count,map_error,mean_delivery_cycle_time_steps,mean_delivery_time_steps,method,path_changes,phase,planning_checks,position,preferred_route_affected_by_attacker,robot_id,route_affected_by_attacker,step
0,0.0,True,0.0,0.9,0.9,1,0,1.0,1,0,0,"(33, 50)",0,0.0,,,trust_fused,1,RECONNAISSANCE,1,"(7, 8)",False,0,False,0
0,0.0,True,0.0,0.9,0.9,1,0,1.0,1,0,0,"(33, 50)",0,0.0,,,trust_fused,1,RECONNAISSANCE,1,"(28, 42)",False,1,False,0
0,0.0,True,0.0,0.9,0.9,1,0,1.0,1,0,0,"(13, 50)",0,0.0,,,trust_fused,1,RECONNAISSANCE,1,"(7, 42)",False,2,False,0
0,0.0,True,0.0,0.9,0.9,6,0,6.0,1,0,0,"(33, 50)",0,0.0,,,trust_fused,1,RECONNAISSANCE,1,"(12, 8)",False,0,False,5
0,0.0,True,0.0,0.9,0.9,6,0,6.0,1,0,0,"(33, 50)",0,0.0,,,trust_fused,1,RECONNAISSANCE,1,"(30, 45)",False,1,False,5
0,0.0,True,0.0,0.9,0.9,6,0,6.0,1,0,0,"(13, 50)",0,0.0,,,trust_fused,1,RECONNAISSANCE,1,"(9, 45)",False,2,False,5
0,0.0,True,0.0,0.9,0.9,11,0,11.0,1,0,0,"(33, 50)",0,0.0,,,trust_fused,1,RECONNAISSANCE,1,"(13, 12)",False,0,False,10
0,0.0,True,0.0,0.9,0.9,11,0,11.0,1,0,0,"(33, 50)",0,0.0,,,trust_fused,1,RECONNAISSANCE,1,"(31, 49)",False,1,False,10
0,0.0,True,0.0,0.9,0.9,11,0,11.0,1,0,0,"(13, 50)",0,0.0,,,trust_fused,1,RECONNAISSANCE,1,"(10, 49)",False,2,False,10
0,0.0,True,0.0,0.9,0.9,16,0,16.0,1,0,0,"(33, 50)",0,0.0,,,trust_fused,1,RECONNAISSANCE,1,"(14, 16)",False,0,False,15
0,0.0,True,0.0,0.9,0.9,15,0,15.0,2,0,0,"(25, 2)",0,0.0,,,trust_fused,2,RECONNAISSANCE,2,"(32, 50)",False,1,False,15
0,0.0,True,0.0,0.9,0.9,15,0,15.0,2,0,0,"(15, 2)",0,0.0,,,trust_fused,2,RECONNAISSANCE,2,"(13, 50)",False,2,False,15
0,0.0,True,0.0,0.9,0.9,21,0,21.0,1,0,0,"(33, 50)",0,0.0,,,trust_fused,1,RECONNAISSANCE,1,"(14, 21)",False,0,False,20
0,0.0,True,0.0,0.9,0.9,20,0,20.0,2,0,0,"(25, 2)",0,0.0,,,trust_fused,2,RECONNAISSANCE,2,"(30, 47)",False,1,False,20
0,0.0,True,0.0,0.9,0.9,20,0,20.0,2,0,0,"(15, 2)",0,0.0,,,trust_fused,2,RECONNAISSANCE,2,"(13, 45)",False,2,False,20
0,0.0,True,0.0,0.9,0.9,26,0,26.0,2,0,0,"(33, 50)",0,0.0,,,trust_fused,2,RECONNAISSANCE,2,"(14, 26)",False,0,False,25
0,0.0,True,0.0,0.9,0.9,25,0,25.0,2,0,0,"(25, 2)",0,0.0,,,trust_fused,2,RECONNAISSANCE,3,"(30, 42)",False,1,False,25
0,0.0,True,0.0,0.9,0.9,25,0,25.0,2,0,0,"(15, 2)",0,0.0,,,trust_fused,2,RECONNAISSANCE,3,"(14, 41)",False,2,False,25
0,0.0,True,0.0,0.9,0.9,31,0,31.0,2,0,0,"(33, 50)",0,0.0,,,trust_fused,2,RECONNAISSANCE,2,"(16, 29)",False,0,False,30
0,0.0,True,0.0,0.9,0.9,30,0,30.0,2,0,0,"(25, 2)",0,0.0,,,trust_fused,2,RECONNAISSANCE,3,"(27, 40)",False,1,False,30
0,0.0,True,0.0,0.9005353814978126,0.9074170943729795,30,0,30.0,2,0,0,"(15, 2)",0,0.0,,,trust_fused,2,RECONNAISSANCE,3,"(14, 36)",False,2,False,30
0,0.0,True,0.0,0.9,0.9,36,0,36.0,2,0,0,"(33, 50)",0,0.0,,,trust_fused,2,RECONNAISSANCE,2,"(17, 33)",False,0,False,35
0,0.0,True,0.0,0.9,0.9,35,0,35.0,2,0,0,"(25, 2)",0,0.0,,,trust_fused,2,RECONNAISSANCE,3,"(25, 37)",False,1,False,35
0,0.0,True,0.0,0.9046101546431302,0.9252619706220142,35,0,35.0,2,0,0,"(15, 2)",0,0.0,,,trust_fused,2,RECONNAISSANCE,3,"(14, 31)",False,2,False,35
0,0.0,True,0.0,0.9,0.9,41,0,41.0,2,0,0,"(33, 50)",0,0.0,,,trust_fused,2,RECONNAISSANCE,2,"(17, 38)",False,0,False,40
0,0.0,True,0.0,0.9024036732377093,0.9166827492636235,40,0,40.0,2,0,0,"(25, 2)",0,0.0,,,trust_fused,2,RECONNAISSANCE,3,"(25, 32)",False,1,False,40
0,0.0,True,0.0,0.9113141622099501,0.938726664523383,40,0,40.0,2,0,0,"(15, 2)",0,0.0,,,trust_fused,2,RECONNAISSANCE,3,"(14, 26)",False,2,False,40
0,0.0,True,0.0,0.9,0.9,46,0,46.0,2,0,0,"(33, 50)",0,0.0,,,trust_fused,2,RECONNAISSANCE,2,"(17, 43)",False,0,False,45
0,0.0,True,0.0,0.9051633726042757,0.9241605739904846,45,0,45.0,2,0,0,"(25, 2)",0,0.0,,,trust_fused,2,RECONNAISSANCE,3,"(25, 27)",False,1,False,45
0,0.0,True,0.0,0.91881434865784,0.9477543411906444,45,0,45.0,2,0,0,"(15, 2)",0,0.0,,,trust_fused,2,RECONNAISSANCE,3,"(14, 21)",False,2,False,45
0,0.0,True,0.0,0.9,0.9,51,0,51.0,2,0,0,"(33, 50)",0,0.0,,,trust_fused,2,RECONNAISSANCE,3,"(17, 48)",False,0,False,50
0,0.0,True,0.0,0.9051633726042757,0.9241605739904846,50,0,50.0,2,0,0,"(25, 2)",0,0.0,,,trust_fused,2,RECONNAISSANCE,4,"(25, 22)",False,1,False,50
0,0.0,True,0.0,0.9265144244646492,0.9560594487078676,50,0,50.0,2,0,0,"(15, 2)",0,0.0,,,trust_fused,2,RECONNAISSANCE,4,"(14, 16)",False,2,False,50
0,0.0,True,0.0,0.9,0.9,56,0,56.0,2,0,0,"(33, 50)",0,0.0,,,trust_fused,2,RECONNAISSANCE,3,"(21, 49)",False,0,False,55
0,0.0,True,0.0,0.9051633726042757,0.9241605739904846,55,0,55.0,2,0,0,"(25, 2)",0,0.0,,,trust_fused,2,RECONNAISSANCE,4,"(25, 17)",False,1,False,55
0,0.0,True,0.0,0.934356949199002,0.9642047996797681,55,0,55.0,2,0,0,"(15, 2)",0,0.0,,,trust_fused,2,RECONNAISSANCE,4,"(14, 11)",False,2,False,55
0,0.0,True,0.0,0.9,0.9,61,0,61.0,2,0,0,"(33, 50)",0,0.0,,,trust_fused,2,RECONNAISSANCE,3,"(25, 50)",False,0,False,60
0,0.0,True,0.0,0.9051633726042757,0.9241605739904846,60,0,60.0,2,0,0,"(25, 2)",0,0.0,,,trust_fused,2,RECONNAISSANCE,4,"(25, 12)",False,1,False,60
0,0.0,True,0.0,0.9419222980969519,0.9697250091270376,60,0,60.0,2,0,0,"(15, 2)",0,0.0,,,trust_fused,2,RECONNAISSANCE,4,"(14, 6)",False,2,False,60
0,0.0,True,0.0,0.9,0.9,66,0,66.0,2,0,0,"(33, 50)",0,0.0,,,trust_fused,2,RECONNAISSANCE,3,"(30, 50)",False,0,False,65
0,0.0,True,0.0,0.9051633726042757,0.9241605739904846,65,0,65.0,2,0,0,"(25, 2)",0,0.0,,,trust_fused,2,RECONNAISSANCE,4,"(25, 7)",False,1,False,65
0,0.0,True,0.0,0.9433758465120083,0.9709932663980808,65,0,65.0,2,0,0,"(15, 2)",0,0.0,,,trust_fused,2,RECONNAISSANCE,4,"(15, 2)",False,2,False,65
0,0.0,True,0.0,0.9,0.9,70,0,70.0,3,0,0,"(2, 41)",0,0.0,,,trust_fused,3,RECONNAISSANCE,4,"(32, 50)",False,0,False,70
0,0.0,True,0.0,0.9051633726042757,0.9241605739904846,70,0,70.0,2,0,0,"(25, 2)",0,0.0,,,trust_fused,2,RECONNAISSANCE,4,"(25, 2)",False,1,False,70
0,0.0,True,0.0,0.9433758465120083,0.9709932663980808,69,0,69.0,3,0,1,"(33, 50)",0,0.0,66.0,51.0,trust_fused,3,RECONNAISSANCE,5,"(15, 6)",False,2,False,70
0,0.0,True,0.0,0.9,0.9,75,0,75.0,3,0,0,"(2, 41)",0,0.0,,,trust_fused,3,RECONNAISSANCE,5,"(28, 49)",False,0,False,75
0,0.0,True,0.0,0.9051633726042757,0.9241605739904846,74,0,74.0,3,0,1,"(33, 50)",0,0.0,71.0,57.0,trust_fused,3,RECONNAISSANCE,6,"(25, 6)",False,1,False,75
0,0.0,True,0.0,0.9433758465120083,0.9709932663980808,74,0,74.0,3,0,1,"(33, 50)",0,0.0,66.0,51.0,trust_fused,3,RECONNAISSANCE,6,"(17, 9)",False,2,False,75
0,0.0,True,0.0,0.9,0.9,80,0,80.0,3,0,0,"(2, 41)",0,0.0,,,trust_fused,3,RECONNAISSANCE,5,"(23, 49)",False,0,False,80
0,0.0,True,0.0,0.9051633726042757,0.9241605739904846,79,0,79.0,3,0,1,"(33, 50)",0,0.0,71.0,57.0,trust_fused,3,RECONNAISSANCE,6,"(25, 11)",False,1,False,80
0,0.0,True,0.0,0.9433758465120083,0.9709932663980808,79,0,79.0,3,0,1,"(33, 50)",0,0.0,66.0,51.0,trust_fused,3,RECONNAISSANCE,6,"(17, 14)",False,2,False,80
0,0.0,True,0.0,0.9,0.9,85,0,85.0,3,0,0,"(2, 41)",0,0.0,,,trust_fused,3,RECONNAISSANCE,5,"(20, 47)",False,0,False,85
0,0.0,True,0.0,0.9051633726042757,0.9241605739904846,84,0,84.0,3,0,1,"(33, 50)",0,0.0,71.0,57.0,trust_fused,3,RECONNAISSANCE,6,"(25, 16)",False,1,False,85
0,0.0,True,0.0,0.9433758465120083,0.9709932663980808,84,0,84.0,3,0,1,"(33, 50)",0,0.0,66.0,51.0,trust_fused,3,RECONNAISSANCE,6,"(17, 19)",False,2,False,85
0,0.0,True,0.0,0.9,0.9,90,0,90.0,3,0,0,"(2, 41)",0,0.001092896174863388,,,trust_fused,3,RECONNAISSANCE,5,"(17, 45)",False,0,False,90
0,0.0,True,0.0,0.9051633726042757,0.9241605739904846,89,0,89.0,3,0,1,"(33, 50)",0,0.0,71.0,57.0,trust_fused,3,RECONNAISSANCE,6,"(26, 20)",False,1,False,90
0,0.0,True,0.0,0.9433758465120083,0.9709932663980808,89,0,89.0,3,0,1,"(33, 50)",0,0.0,66.0,51.0,trust_fused,3,RECONNAISSANCE,6,"(17, 24)",False,2,False,90
0,0.0,True,0.0,0.9,0.9,95,0,95.0,3,0,0,"(2, 41)",0,0.0010857763300760044,,,trust_fused,3,RECONNAISSANCE,5,"(16, 41)",False,0,False,95
0,0.0,True,0.0,0.9051633726042757,0.9241605739904846,94,0,94.0,3,0,1,"(33, 50)",0,0.0,71.0,57.0,trust_fused,3,RECONNAISSANCE,6,"(26, 25)",False,1,False,95
0,0.0,True,0.0,0.9461818343671693,0.9725413589947364,94,0,94.0,3,0,1,"(33, 50)",0,0.0,66.0,51.0,trust_fused,3,RECONNAISSANCE,6,"(17, 29)",False,2,False,95
0,0.0,True,0.0,0.9,0.9,100,0,100.0,3,0,0,"(2, 41)",0,0.0,,,trust_fused,3,RECONNAISSANCE,6,"(11, 41)",False,0,False,100
0,0.0,True,0.0,0.9051633726042757,0.9241605739904846,99,0,99.0,4,0,1,"(33, 50)",0,0.0,71.0,57.0,trust_fused,4,RECONNAISSANCE,7,"(26, 30)",False,1,False,100
0,0.0,True,0.0,0.9526613424538608,0.9761785971295621,99,0,99.0,3,0,1,"(33, 50)",0,0.0,66.0,51.0,trust_fused,3,RECONNAISSANCE,7,"(17, 34)",False,2,False,100
0,0.0,True,0.0,0.9,0.9,105,0,105.0,3,0,0,"(2, 41)",0,0.0,,,trust_fused,3,RECONNAISSANCE,6,"(6, 41)",False,0,False,105
0,0.0,True,0.0,0.9051633726042757,0.9241605739904846,104,0,104.0,4,0,1,"(33, 50)",0,0.0,71.0,57.0,trust_fused,4,RECONNAISSANCE,7,"(28, 33)",False,1,False,105
0,0.0,True,0.0,0.9584896567288334,0.979764795669673,104,0,104.0,3,0,1,"(33, 50)",0,0.0,66.0,51.0,trust_fused,3,RECONNAISSANCE,7,"(18, 38)",False,2,False,105
0,0.0,True,0.0,0.9,0.9,109,0,109.0,4,0,1,"(33, 50)",0,0.0,110.0,41.0,trust_fused,4,RECONNAISSANCE,7,"(2, 41)",False,0,False,110
0,0.0,True,0.0,0.9051633726042757,0.9241605739904846,109,0,109.0,4,0,1,"(33, 50)",0,0.0,71.0,57.0,trust_fused,4,RECONNAISSANCE,7,"(29, 37)",False,1,False,110
0,0.0,True,0.0,0.9637304291833237,0.9828268514459252,109,0,109.0,3,0,1,"(33, 50)",0,0.0,66.0,51.0,trust_fused,3,RECONNAISSANCE,7,"(18, 43)",False,2,False,110
0,0.0,True,0.0,0.9,0.9,114,0,114.0,4,0,1,"(33, 50)",0,0.0,110.0,41.0,trust_fused,4,RECONNAISSANCE,7,"(7, 41)",False,0,False,115
0,0.0,True,0.0,0.9073142931175864,0.9282037261360582,114,0,114.0,4,0,1,"(33, 50)",0,0.0,71.0,57.0,trust_fused,4,RECONNAISSANCE,7,"(29, 42)",False,1,False,115
0,0.0,True,0.0,0.9684257412504245,0.9854228402687601,114,0,114.0,3,0,1,"(33, 50)",0,0.0,66.0,51.0,trust_fused,3,RECONNAISSANCE,7,"(18, 48)",False,2,False,115
0,0.0,True,0.0,0.9,0.9,119,0,119.0,4,0,1,"(33, 50)",0,0.0,110.0,41.0,trust_fused,4,RECONNAISSANCE,7,"(8, 45)",False,0,False,120
0,0.0,True,0.0,0.9134868664860689,0.938227209962616,119,0,119.0,4,0,1,"(33, 50)",0,0.0,71.0,57.0,trust_fused,4,RECONNAISSANCE,7,"(31, 45)",False,1,False,120
0,0.0,True,0.0,0.9726014472816271,0.9878096560297737,119,0,119.0,3,0,1,"(33, 50)",0,0.0,66.0,51.0,trust_fused,3,RECONNAISSANCE,7,"(21, 50)",False,2,False,120
0,0.0,True,0.0,0.9,0.9,124,0,124.0,5,0,1,"(33, 50)",0,0.0,110.0,41.0,trust_fused,5,RECONNAISSANCE,8,"(12, 46)",False,0,False,125
0,0.0,True,0.0,0.9189908122780143,0.9463002740805283,124,0,124.0,4,0,1,"(33, 50)",0,0.0,71.0,57.0,trust_fused,4,RECONNAISSANCE,8,"(31, 50)",False,1,False,125
0,0.0,True,0.0,0.9763506250839227,0.9898764022179022,124,0,124.0,3,0,1,"(33, 50)",0,0.0,66.0,51.0,trust_fused,3,RECONNAISSANCE,8,"(26, 50)",False,2,False,125
0,0.0,True,0.0,0.9,0.9,129,0,129.0,5,0,1,"(33, 50)",0,0.0,110.0,41.0,trust_fused,5,RECONNAISSANCE,8,"(15, 48)",False,0,False,130
0,0.0,True,0.0,0.9204328210040651,0.9478309867990299,128,0,128.0,5,0,1,"(33, 8)",0,0.0,71.0,57.0,trust_fused,5,RECONNAISSANCE,9,"(33, 48)",False,1,False,130
0,0.0,True,0.0,0.9796212102265827,0.991337781990424,129,0,129.0,3,0,1,"(33, 50)",0,0.0,66.0,51.0,trust_fused,3,RECONNAISSANCE,8,"(31, 50)",False,2,False,130
0,0.0,True,0.0,0.9,0.9,134,0,134.0,5,0,1,"(33, 50)",0,0.0,110.0,41.0,trust_fused,5,RECONNAISSANCE,8,"(19, 49)",False,0,False,135
0,0.0,True,0.0,0.9204328210040651,0.9478309867990299,133,0,133.0,5,0,1,"(33, 8)",0,0.0,71.0,57.0,trust_fused,5,RECONNAISSANCE,9,"(30, 46)",False,1,False,135
0,0.0,True,0.0,0.981390653791336,0.9923417821316658,133,0,133.0,4,0,1,"(33, 8)",0,0.0,66.0,51.0,trust_fused,4,RECONNAISSANCE,9,"(33, 48)",False,2,False,135
0,0.0,True,0.0,0.9,0.9,139,0,139.0,5,0,1,"(33, 50)",0,0.0,110.0,41.0,trust_fused,5,RECONNAISSANCE,8,"(23, 50)",False,0,False,140
0,0.0,True,0.0,0.9204328210040651,0.9478309867990299,138,0,138.0,5,0,1,"(33, 8)",0,0.0,71.0,57.0,trust_fused,5,RECONNAISSANCE,9,"(30, 41)",False,1,False,140
0,0.0,True,0.0,0.9824865411828348,0.9927219509885079,138,0,138.0,4,0,1,"(33, 8)",0,0.0,66.0,51.0,trust_fused,4,RECONNAISSANCE,9,"(30, 46)",False,2,False,140
0,0.0,True,0.0,0.9,0.9,144,0,144.0,5,0,1,"(33, 50)",0,0.0,110.0,41.0,trust_fused,5,RECONNAISSANCE,8,"(28, 50)",False,0,False,145
0,0.0,True,0.0,0.9218784576895173,0.949345554713108,143,0,143.0,5,0,1,"(33, 8)",0,0.002074688796680498,71.0,57.0,trust_fused,5,RECONNAISSANCE,9,"(28, 38)",False,1,False,145
0,0.0,True,0.0,0.9849801561657588,0.9940109275887051,143,0,143.0,4,0,1,"(33, 8)",0,0.0,66.0,51.0,trust_fused,4,RECONNAISSANCE,9,"(29, 42)",False,2,False,145
0,0.0,True,0.0,0.9,0.9,149,0,149.0,5,0,1,"(33, 50)",0,0.0487551867219917,110.0,41.0,trust_fused,5,RECONNAISSANCE,9,"(33, 50)",False,0,False,150
0,0.0,True,0.0,0.9218784576895173,0.949345554713108,148,0,148.0,6,0,1,"(33, 8)",0,0.04564315352697095,71.0,57.0,trust_fused,6,RECONNAISSANCE,10,"(28, 33)",False,1,False,150
0,0.0,True,0.0,0.9858921557328854,0.9944286793786582,148,0,148.0,4,0,1,"(33, 8)",0,0.04771784232365145,66.0,51.0,trust_fused,4,RECONNAISSANCE,10,"(29, 37)",False,2,False,150
0,0.0,True,0.0,0.9,0.9,153,0,153.0,6,0,1,"(13, 50)",0,0.0487551867219917,110.0,41.0,trust_fused,6,RECONNAISSANCE,10,"(29, 50)",False,0,False,155
0,0.0,True,0.0,0.9218784576895173,0.949345554713108,153,0,153.0,6,0,1,"(33, 8)",0,0.044605809128630707,71.0,57.0,trust_fused,6,RECONNAISSANCE,10,"(26, 30)",False,1,False,155
0,0.0,True,0.0,0.9858921557328854,0.9944286793786582,153,0,153.0,4,0,1,"(33, 8)",0,0.04771784232365145,66.0,51.0,trust_fused,4,RECONNAISSANCE,10,"(29, 32)",False,2,False,155
0,0.0,True,0.0,0.9,0.9,158,0,158.0,6,0,1,"(13, 50)",0,0.043076923076923075,110.0,41.0,trust_fused,6,RECONNAISSANCE,10,"(25, 49)",False,0,False,160
0,0.0,True,0.0,0.9218784576895173,0.949345554713108,158,0,158.0,6,0,1,"(33, 8)",0,0.043076923076923075,71.0,57.0,trust_fused,6,RECONNAISSANCE,10,"(25, 26)",False,1,False,160
0,0.0,True,0.0,0.9858921557328854,0.9944286793786582,158,0,158.0,4,0,1,"(33, 8)",0,0.04205128205128205,66.0,51.0,trust_fused,4,RECONNAISSANCE,10,"(29, 27)",False,2,False,160
0,0.0,True,0.0,0.9,0.9,163,0,163.0,6,0,1,"(13, 50)",0,0.0416243654822335,110.0,41.0,trust_fused,6,RECONNAISSANCE,10,"(20, 49)",False,0,False,165
0,0.0,True,0.0,0.9218784576895173,0.949345554713108,163,0,163.0,7,0,1,"(33, 8)",0,0.03959390862944162,71.0,57.0,trust_fused,7,RECONNAISSANCE,11,"(25, 21)",False,1,False,165
0,0.0,True,0.0,0.9858921557328854,0.9944286793786582,163,0,163.0,4,0,1,"(33, 8)",0,0.04060913705583756,66.0,51.0,trust_fused,4,RECONNAISSANCE,10,"(29, 22)",False,2,False,165
0,0.0,True,0.0,0.9,0.9,168,0,168.0,6,0,1,"(13, 50)",0,0.034274193548387094,110.0,41.0,trust_fused,6,RECONNAISSANCE,10,"(16, 50)",False,0,False,170
0,0.0,True,0.0,0.9218784576895173,0.949345554713108,168,0,168.0,7,0,1,"(33, 8)",0,0.03326612903225806,71.0,57.0,trust_fused,7,RECONNAISSANCE,11,"(27, 18)",False,1,False,170
0,0.0,True,0.0,0.9858921557328854,0.9944286793786582,168,0,168.0,4,0,1,"(33, 8)",0,0.03528225806451613,66.0,51.0,trust_fused,4,RECONNAISSANCE,10,"(29, 17)",False,2,False,170
0,0.0,True,0.0,0.9,0.9,172,0,172.0,7,0,2,"(2, 41)",0,0.03060217176702863,87.0,32.0,trust_fused,7,RECONNAISSANCE,12,"(12, 50)",False,0,False,175
0,0.0,True,0.0,0.9218784576895173,0.949345554713108,173,0,173.0,9,0,1,"(33, 8)",0,0.029615004935834157,71.0,57.0,trust_fused,9,RECONNAISSANCE,13,"(29, 15)",False,1,False,175
0,0.0,True,0.0,0.9858921557328854,0.9944286793786582,173,0,173.0,6,0,1,"(33, 8)",0,0.03257650542941757,66.0,51.0,trust_fused,6,RECONNAISSANCE,12,"(29, 12)",False,2,False,175
0,0.0,True,0.0,0.9,0.9,177,0,177.0,7,0,2,"(2, 41)",0,0.027613412228796843,87.0,32.0,trust_fused,7,RECONNAISSANCE,12,"(11, 46)",False,0,False,180
0,0.0,True,0.0,0.9218784576895173,0.949345554713108,178,0,178.0,10,0,1,"(33, 8)",0,0.026627218934911243,71.0,57.0,trust_fused,10,RECONNAISSANCE,14,"(30, 11)",False,1,False,180
0,0.0,True,0.0,0.9858921557328854,0.9944286793786582,178,0,178.0,6,0,1,"(33, 8)",0,0.03057199211045365,66.0,51.0,trust_fused,6,RECONNAISSANCE,13,"(32, 10)",False,2,False,180
0,0.0,True,0.0,0.9,0.9,182,0,182.0,7,0,2,"(2, 41)",0,0.027613412228796843,87.0,32.0,trust_fused,7,RECONNAISSANCE,12,"(7, 45)",False,0,False,185
0,0.0,True,0.0,0.9218784576895173,0.949345554713108,183,0,183.0,10,0,1,"(33, 8)",0,0.026627218934911243,71.0,57.0,trust_fused,10,RECONNAISSANCE,14,"(28, 8)",False,1,False,185
0,0.0,True,0.0,0.9858921557328854,0.9944286793786582,183,0,183.0,7,0,1,"(33, 8)",0,0.03057199211045365,66.0,51.0,trust_fused,7,RECONNAISSANCE,14,"(28, 9)",False,2,False,185
0,0.0,True,0.0,0.9,0.9,187,0,187.0,7,0,2,"(2, 41)",0,0.026392961876832845,87.0,32.0,trust_fused,7,RECONNAISSANCE,12,"(5, 42)",False,0,False,190
0,0.0,True,0.0,0.9218784576895173,0.949345554713108,188,0,188.0,10,0,1,"(33, 8)",0,0.02541544477028348,71.0,57.0,trust_fused,10,RECONNAISSANCE,14,"(33, 8)",False,1,False,190
0,0.0,True,0.0,0.9858921557328854,0.9944286793786582,188,0,188.0,7,0,1,"(33, 8)",0,0.02737047898338221,66.0,51.0,trust_fused,7,RECONNAISSANCE,14,"(32, 8)",False,2,False,190
0,0.0,True,0.0,0.9,0.9,191,0,191.0,8,0,2,"(2, 50)",0,0.02541544477028348,87.0,32.0,trust_fused,8,RECONNAISSANCE,13,"(2, 41)",False,0,False,195
0,0.0,True,0.0,0.9218784576895173,0.949345554713108,191,0,191.0,11,1,2,"(13, 50)",0,0.024437927663734114,95.5,60.0,trust_fused,11,RECONNAISSANCE,15,"(30, 8)",False,1,False,195
0,0.0,True,0.0,0.9858921557328854,0.9944286793786582,192,0,192.0,7,1,1,"(33, 8)",0,0.026392961876832845,66.0,51.0,trust_fused,7,RECONNAISSANCE,14,"(28, 8)",False,2,False,195
0,0.0,True,0.0,0.9,0.9,196,0,196.0,8,0,2,"(2, 50)",0,0.02541544477028348,87.0,32.0,trust_fused,8,RECONNAISSANCE,14,"(3, 45)",False,0,False,200
0,0.0,True,0.0,0.9218784576895173,0.949345554713108,196,0,196.0,11,1,2,"(13, 50)",0,0.024437927663734114,95.5,60.0,trust_fused,11,RECONNAISSANCE,16,"(28, 11)",False,1,False,200
0,0.0,True,0.0,0.9858921557328854,0.9944286793786582,197,0,197.0,7,1,1,"(33, 8)",0,0.024437927663734114,66.0,51.0,trust_fused,7,RECONNAISSANCE,15,"(30, 11)",False,2,False,200
0,0.0,True,0.0,0.9,0.9,201,0,201.0,8,0,2,"(2, 50)",0,0.025365853658536587,87.0,32.0,trust_fused,8,RECONNAISSANCE,14,"(3, 50)",False,0,False,205
0,0.0,True,0.0,0.9218784576895173,0.949345554713108,201,0,201.0,11,1,2,"(13, 50)",0,0.024390243902439025,95.5,60.0,trust_fused,11,RECONNAISSANCE,16,"(28, 16)",False,1,False,205
0,0.0,True,0.0,0.9858921557328854,0.9944286793786582,202,0,202.0,9,1,1,"(33, 8)",0,0.023414634146341463,66.0,51.0,trust_fused,9,RECONNAISSANCE,17,"(30, 10)",False,2,False,205
0,0.0,True,0.0,0.9,0.9,205,0,205.0,9,0,3,"(33, 8)",0,0.025365853658536587,69.0,25.333333333333332,trust_fused,9,RECONNAISSANCE,15,"(4, 49)",False,0,False,210
0,0.0,True,0.0,0.9218784576895173,0.949345554713108,206,0,206.0,11,1,2,"(13, 50)",0,0.024390243902439025,95.5,60.0,trust_fused,11,RECONNAISSANCE,16,"(27, 20)",False,1,False,210
0,0.0,True,0.0,0.9858921557328854,0.9944286793786582,207,0,207.0,9,1,1,"(33, 8)",0,0.023414634146341463,66.0,51.0,trust_fused,9,RECONNAISSANCE,17,"(29, 8)",False,2,False,210
0,0.0,True,0.0,0.9,0.9,210,0,210.0,9,0,3,"(33, 8)",0,0.025365853658536587,69.0,25.333333333333332,trust_fused,9,RECONNAISSANCE,15,"(6, 46)",False,0,False,215
0,0.0,True,0.0,0.9218784576895173,0.949345554713108,211,0,211.0,11,1,2,"(13, 50)",0,0.024390243902439025,95.5,60.0,trust_fused,11,RECONNAISSANCE,16,"(27, 25)",False,1,False,215
0,0.0,True,0.0,0.9858921557328854,0.9944286793786582,211,0,211.0,10,1,2,"(2, 20)",0,0.023414634146341463,107.5,66.5,trust_fused,10,RECONNAISSANCE,18,"(33, 8)",False,2,False,215
0,0.0,True,0.0,0.9,0.9,215,0,215.0,9,0,3,"(33, 8)",0,0.025365853658536587,69.0,25.333333333333332,trust_fused,9,RECONNAISSANCE,15,"(8, 43)",False,0,False,220
0,0.0,True,0.0,0.9218784576895173,0.949345554713108,216,0,216.0,11,1,2,"(13, 50)",0,0.024390243902439025,95.5,60.0,trust_fused,11,RECONNAISSANCE,16,"(27, 30)",False,1,False,220
0,0.0,True,0.0,0.9858921557328854,0.9944286793786582,216,0,216.0,10,1,2,"(2, 20)",0,0.023414634146341463,107.5,66.5,trust_fused,10,RECONNAISSANCE,18,"(28, 8)",False,2,False,220
0,0.0,True,0.0,0.9,0.9,220,0,220.0,10,0,3,"(33, 8)",0,0.025365853658536587,69.0,25.333333333333332,trust_fused,10,RECONNAISSANCE,16,"(11, 41)",False,0,False,225
0,0.0,True,0.0,0.9218784576895173,0.949345554713108,221,0,221.0,11,1,2,"(13, 50)",0,0.024390243902439025,95.5,60.0,trust_fused,11,RECONNAISSANCE,17,"(27, 35)",False,1,False,225
0,0.0,True,0.0,0.9858921557328854,0.9944286793786582,221,0,221.0,11,1,2,"(2, 20)",0,0.023414634146341463,107.5,66.5,trust_fused,11,RECONNAISSANCE,19,"(24, 9)",False,2,False,225
0,0.0,True,0.0,0.9,0.9,225,0,225.0,10,0,3,"(33, 8)",0,0.02048780487804878,69.0,25.333333333333332,trust_fused,10,RECONNAISSANCE,16,"(14, 39)",False,0,False,230
0,0.0,True,0.0,0.923308513430181,0.9504795725027941,226,0,226.0,11,1,2,"(13, 50)",0,0.01951219512195122,95.5,60.0,trust_fused,11,RECONNAISSANCE,17,"(27, 40)",False,1,False,230
0,0.0,True,0.0,0.9858921557328854,0.9944286793786582,226,0,226.0,11,1,2,"(2, 20)",0,0.01951219512195122,107.5,66.5,trust_fused,11,RECONNAISSANCE,19,"(20, 10)",False,2,False,230
0,0.0,True,0.0,0.9,0.9,230,0,230.0,10,0,3,"(33, 8)",0,0.012682926829268294,69.0,25.333333333333332,trust_fused,10,RECONNAISSANCE,16,"(16, 36)",False,0,False,235
0,0.0,True,0.0,0.9303477024554813,0.9569148310098851,231,0,231.0,11,1,2,"(13, 50)",0,0.010731707317073172,95.5,60.0,trust_fused,11,RECONNAISSANCE,17,"(27, 45)",False,1,False,235
0,0.0,True,0.0,0.9858921557328854,0.9944286793786582,231,0,231.0,11,1,2,"(2, 20)",0,0.010731707317073172,107.5,66.5,trust_fused,11,RECONNAISSANCE,19,"(18, 13)",False,2,False,235
0,0.0,True,0.0,0.9,0.9,235,0,235.0,10,0,3,"(33, 8)",0,0.007804878048780488,69.0,25.333333333333332,trust_fused,10,RECONNAISSANCE,16,"(16, 31)",False,0,False,240
0,0.0,True,0.0,0.9371385148380683,0.962565125948928,236,0,236.0,11,1,2,"(13, 50)",0,0.005853658536585366,95.5,60.0,trust_fused,11,RECONNAISSANCE,17,"(26, 49)",False,1,False,240
0,0.0,True,0.0,0.9858921557328854,0.9944286793786582,236,0,236.0,11,1,2,"(2, 20)",0,0.005853658536585366,107.5,66.5,trust_fused,11,RECONNAISSANCE,19,"(18, 18)",False,2,False,240
0,0.0,True,0.0,0.9,0.9,240,0,240.0,10,0,3,"(33, 8)",0,0.005853658536585366,69.0,25.333333333333332,trust_fused,10,RECONNAISSANCE,16,"(16, 26)",False,0,False,245
0,0.0,True,0.0,0.9436958560906903,0.9684211199558014,241,0,241.0,11,1,2,"(13, 50)",0,0.003902439024390244,95.5,60.0,trust_fused,11,RECONNAISSANCE,17,"(21, 49)",False,1,False,245
0,0.0,True,0.0,0.9867513689466374,0.9947970942911611,241,0,241.0,11,1,2,"(2, 20)",0,0.003902439024390244,107.5,66.5,trust_fused,11,RECONNAISSANCE,19,"(15, 20)",False,2,False,245
0,0.0,True,0.0,0.9,0.9,245,0,245.0,11,0,3,"(33, 8)",0,0.004812319538017324,69.0,25.333333333333332,trust_fused,11,RECONNAISSANCE,17,"(16, 21)",False,0,False,250
0,0.0,True,0.0,0.9499912679585952,0.9734211223841833,246,0,246.0,11,1,2,"(13, 50)",0,0.0028873917228103944,95.5,60.0,trust_fused,11,RECONNAISSANCE,18,"(16, 49)",False,1,False,250
0,0.0,True,0.0,0.9887199358873722,0.9958540516125324,246,0,246.0,11,1,2,"(2, 20)",0,0.0028873917228103944,107.5,66.5,trust_fused,11,RECONNAISSANCE,20,"(10, 20)",False,2,False,250
0,0.0,True,0.0,0.9,0.9,250,0,250.0,11,0,3,"(33, 8)",0,0.004690431519699813,69.0,25.333333333333332,trust_fused,11,RECONNAISSANCE,17,"(18, 18)",False,0,False,255
0,0.0,True,0.0,0.9559171856629877,0.9776287442734223,250,0,250.0,12,1,2,"(2, 20)",0,0.0028142589118198874,95.5,60.0,trust_fused,12,RECONNAISSANCE,19,"(13, 50)",False,1,False,255
0,0.0,True,0.0,0.9901244800724092,0.996485344497842,251,0,251.0,11,1,2,"(2, 20)",0,0.0028142589118198874,107.5,66.5,trust_fused,11,RECONNAISSANCE,20,"(5, 20)",False,2,False,255
0,0.0,True,0.0,0.9,0.9,255,0,255.0,11,0,3,"(33, 8)",0,0.0037418147801683817,69.0,25.333333333333332,trust_fused,11,RECONNAISSANCE,17,"(18, 13)",False,0,False,260
0,0.0,True,0.0,0.9602762170878697,0.9804225263842454,255,0,255.0,12,1,2,"(2, 20)",0,0.002806361085126286,95.5,60.0,trust_fused,12,RECONNAISSANCE,19,"(12, 46)",False,1,False,260
0,0.0,True,0.0,0.9901244800724092,0.996485344497842,255,0,255.0,12,1,2,"(25, 2)",0,0.002806361085126286,107.5,66.5,trust_fused,12,RECONNAISSANCE,21,"(3, 20)",False,2,False,260
0,0.0,True,0.0,0.9,0.9,260,0,260.0,11,0,3,"(33, 8)",0,0.0037418147801683817,69.0,25.333333333333332,trust_fused,11,RECONNAISSANCE,17,"(19, 9)",False,0,False,265
0,0.0,True,0.0,0.9652661238172159,0.9834710550872076,260,0,260.0,12,1,2,"(2, 20)",0,0.002806361085126286,95.5,60.0,trust_fused,12,RECONNAISSANCE,19,"(8, 45)",False,1,False,265
0,0.0,True,0.0,0.9901244800724092,0.996485344497842,260,0,260.0,12,1,2,"(25, 2)",0,0.002806361085126286,107.5,66.5,trust_fused,12,RECONNAISSANCE,21,"(8, 20)",False,2,False,265
0,0.0,True,0.0,0.9,0.9,265,0,265.0,11,0,3,"(33, 8)",0,0.004677268475210477,69.0,25.333333333333332,trust_fused,11,RECONNAISSANCE,17,"(24, 9)",False,0,False,270
0,0.0,True,0.0,0.9697361238511781,0.9859201419291527,265,0,265.0,12,1,2,"(2, 20)",0,0.002806361085126286,95.5,60.0,trust_fused,12,RECONNAISSANCE,19,"(3, 45)",False,1,False,270
0,0.0,True,0.0,0.9916379140159153,0.9970142449650631,265,0,265.0,12,1,2,"(25, 2)",0,0.002806361085126286,107.5,66.5,trust_fused,12,RECONNAISSANCE,21,"(13, 20)",False,2,False,270
0,0.0,True,0.0,0.9,0.9,270,0,270.0,11,0,3,"(33, 8)",0,0.004677268475210477,69.0,25.333333333333332,trust_fused,11,RECONNAISSANCE,18,"(28, 8)",False,0,False,275
0,0.0,True,0.0,0.9736851439044462,0.9879822738766816,270,0,270.0,12,1,2,"(2, 20)",0,0.002806361085126286,95.5,60.0,trust_fused,12,RECONNAISSANCE,20,"(3, 40)",False,1,False,275
0,0.0,True,0.0,0.9929236611747356,0.9975048206021738,270,0,270.0,13,1,2,"(25, 2)",0,0.002806361085126286,107.5,66.5,trust_fused,13,RECONNAISSANCE,22,"(15, 17)",False,2,False,275
0,0.0,True,0.0,0.9,0.9,275,0,275.0,11,0,3,"(33, 8)",0,0.002770083102493075,69.0,25.333333333333332,trust_fused,11,RECONNAISSANCE,18,"(33, 8)",False,0,False,280
0,0.0,True,0.0,0.9751439244561978,0.9888570017530237,275,0,275.0,12,1,2,"(2, 20)",0,0.0018467220683287165,95.5,60.0,trust_fused,12,RECONNAISSANCE,20,"(3, 35)",False,1,False,280
0,0.0,True,0.0,0.9940165264182425,0.9979046249750098,275,0,275.0,13,1,2,"(25, 2)",0,0.0018467220683287165,107.5,66.5,trust_fused,13,RECONNAISSANCE,22,"(17, 14)",False,2,False,280
0,0.0,True,0.0,0.9,0.9,279,0,279.0,12,0,3,"(3, 8)",0,0.002717391304347826,69.0,25.333333333333332,trust_fused,12,RECONNAISSANCE,19,"(29, 8)",False,0,False,285
0,0.0,True,0.0,0.9751439244561978,0.9888570017530237,280,0,280.0,12,1,2,"(2, 20)",0,0.002717391304347826,95.5,60.0,trust_fused,12,RECONNAISSANCE,20,"(3, 30)",False,1,False,285
0,0.0,True,0.0,0.9949413757332193,0.9982456306533272,280,0,280.0,13,1,2,"(25, 2)",0,0.0018115942028985507,107.5,66.5,trust_fused,13,RECONNAISSANCE,22,"(19, 11)",False,2,False,285
0,0.0,True,0.0,0.9,0.9,284,0,284.0,12,0,3,"(3, 8)",0,0.0027002700270027003,69.0,25.333333333333332,trust_fused,12,RECONNAISSANCE,19,"(25, 9)",False,0,False,290
0,0.0,True,0.0,0.9751439244561978,0.9888570017530237,285,0,285.0,12,1,2,"(2, 20)",0,0.0036003600360036,95.5,60.0,trust_fused,12,RECONNAISSANCE,20,"(3, 25)",False,1,False,290
0,0.0,True,0.0,0.9957429058971041,0.998629756445883,285,0,285.0,13,1,2,"(25, 2)",0,0.0018001800180018,107.5,66.5,trust_fused,13,RECONNAISSANCE,22,"(22, 9)",False,2,False,290
0,0.0,True,0.0,0.9,0.9,287,0,287.0,13,2,3,"(3, 8)",0,0.0027002700270027003,69.0,25.333333333333332,trust_fused,13,RECONNAISSANCE,20,"(25, 10)",False,0,False,295
0,0.0,True,0.0,0.9751439244561978,0.9888570017530237,290,0,290.0,12,1,2,"(2, 20)",0,0.0036003600360036,95.5,60.0,trust_fused,12,RECONNAISSANCE,20,"(2, 21)",False,1,False,295
0,0.0,True,0.0,0.9961755400706587,0.9988443611890648,290,0,290.0,13,1,2,"(25, 2)",0,0.0018001800180018,107.5,66.5,trust_fused,13,RECONNAISSANCE,22,"(19, 9)",False,2,False,295
0,0.0,True,0.0,0.9,0.9,292,0,292.0,14,2,3,"(3, 8)",0,0.050405040504050404,69.0,25.333333333333332,trust_fused,14,ATTACK,21,"(25, 13)",False,0,False,300
0,0.0,True,0.0,0.9751439244561978,0.9888570017530237,294,0,294.0,13,1,3,"(2, 41)",0,0.052205220522052204,99.0,54.0,trust_fused,13,ATTACK,22,"(2, 23)",False,1,False,300
0,0.0,True,0.0,0.9964418221570112,0.9989250600139563,295,0,295.0,14,1,2,"(25, 2)",0,0.052205220522052204,107.5,66.5,trust_fused,14,ATTACK,23,"(18, 11)",False,2,False,300
0,0.0,True,0.0,0.9,0.9,297,0,297.0,14,2,3,"(3, 8)",0,0.048604860486048604,69.0,25.333333333333332,trust_fused,14,ATTACK,21,"(24, 9)",False,0,False,305
0,0.0,True,0.0,0.9751439244561978,0.9888570017530237,299,0,299.0,13,1,3,"(2, 41)",0,0.05130513051305131,99.0,54.0,trust_fused,13,ATTACK,22,"(3, 27)",False,1,False,305
0,0.0,True,0.0,0.9965685353044689,0.9989760851061659,300,0,300.0,14,1,2,"(25, 2)",0,0.05130513051305131,107.5,66.5,trust_fused,14,ATTACK,23,"(21, 9)",False,2,False,305
0,0.0,True,0.0,0.9,0.9,302,0,302.0,16,2,3,"(3, 8)",0,0.046804680468046804,69.0,25.333333333333332,trust_fused,16,ATTACK,23,"(25, 9)",False,0,False,310
0,0.0,True,0.0,0.9751439244561978,0.9888570017530237,304,0,304.0,13,1,3,"(2, 41)",0,0.04950495049504951,99.0,54.0,trust_fused,13,ATTACK,22,"(3, 32)",False,1,False,310
0,0.0,True,0.0,0.9971490115536237,0.9992184305326685,303,0,303.0,14,3,2,"(25, 2)",0,0.050405040504050404,107.5,66.5,trust_fused,14,ATTACK,23,"(24, 9)",False,2,False,310
0,0.0,True,0.0,0.9,0.9,307,0,307.0,18,2,3,"(3, 8)",0,0.04136690647482014,69.0,25.333333333333332,trust_fused,18,ATTACK,25,"(24, 9)",False,0,False,315
0,0.0,True,0.0,0.9751439244561978,0.9888570017530237,309,0,309.0,13,1,3,"(2, 41)",0,0.045863309352517985,99.0,54.0,trust_fused,13,ATTACK,22,"(3, 37)",False,1,False,315
0,0.0,True,0.0,0.9976439675469775,0.9994063954208183,307,0,307.0,14,4,2,"(25, 2)",0,0.045863309352517985,107.5,66.5,trust_fused,14,ATTACK,23,"(25, 6)",False,2,False,315
0,0.0,True,0.0,0.9,0.9,312,0,312.0,18,2,3,"(3, 8)",0,0.0416289592760181,69.0,25.333333333333332,trust_fused,18,ATTACK,25,"(20, 8)",False,0,False,320
0,0.0,True,0.0,0.9751439244561978,0.9888570017530237,314,0,314.0,13,1,3,"(2, 41)",0,0.046153846153846156,99.0,54.0,trust_fused,13,ATTACK,22,"(2, 41)",False,1,False,320
0,0.0,True,0.0,0.997983059354965,0.9995026775209835,311,0,311.0,15,4,3,"(33, 50)",0,0.046153846153846156,106.66666666666667,64.66666666666667,trust_fused,15,ATTACK,24,"(25, 2)",False,2,False,320
0,0.0,True,0.0,0.9,0.9,317,0,317.0,18,2,3,"(3, 8)",0,0.0416289592760181,69.0,25.333333333333332,trust_fused,18,ATTACK,26,"(15, 8)",False,0,False,325
0,0.0,True,0.0,0.9751439244561978,0.9888570017530237,318,0,318.0,15,1,3,"(15, 2)",0,0.04524886877828054,99.0,54.0,trust_fused,15,ATTACK,24,"(4, 39)",False,1,False,325
0,0.0,True,0.0,0.998204184639722,0.9995492850971813,316,0,316.0,15,4,3,"(33, 50)",0,0.046153846153846156,106.66666666666667,64.66666666666667,trust_fused,15,ATTACK,25,"(26, 6)",False,2,False,325
0,0.0,True,0.0,0.9,0.9,322,0,322.0,18,2,3,"(3, 8)",0,0.04121863799283154,69.0,25.333333333333332,trust_fused,18,ATTACK,26,"(10, 8)",False,0,False,330
0,0.0,True,0.0,0.9751439244561978,0.9888570017530237,323,0,323.0,15,1,3,"(15, 2)",0,0.044802867383512544,99.0,54.0,trust_fused,15,ATTACK,24,"(4, 34)",False,1,False,330
0,0.0,True,0.0,0.998518249714347,0.999618090167735,321,0,321.0,15,4,3,"(33, 50)",0,0.04390681003584229,106.66666666666667,64.66666666666667,trust_fused,15,ATTACK,25,"(28, 9)",False,2,False,330
0,0.0,True,0.0,0.9,0.9,327,0,327.0,18,2,3,"(3, 8)",0,0.03911111111111111,69.0,25.333333333333332,trust_fused,18,ATTACK,26,"(5, 8)",False,0,False,335
0,0.0,True,0.0,0.9751439244561978,0.9888570017530237,328,0,328.0,15,1,3,"(15, 2)",0,0.042666666666666665,99.0,54.0,trust_fused,15,ATTACK,24,"(4, 29)",False,1,False,335
0,0.0,True,0.0,0.9987750595598569,0.9996740065705234,326,0,326.0,17,4,3,"(33, 50)",0,0.04088888888888889,106.66666666666667,64.66666666666667,trust_fused,17,ATTACK,27,"(28, 14)",False,2,False,335
0,0.0,True,0.0,0.9,0.9,331,0,331.0,19,2,4,"(2, 20)",0,0.039180765805877114,84.5,33.25,trust_fused,19,ATTACK,27,"(5, 8)",False,0,False,340
4,0.0,True,0.0,0.9751439244561978,0.9888570017530237,333,0,333.0,15,1,3,"(15, 2)",0,0.04541406945681211,99.0,54.0,trust_fused,15,ATTACK,24,"(4, 24)",False,1,False,340
4,0.0,True,0.0,0.9989061312963704,0.9997045310573931,331,0,331.0,17,4,3,"(33, 50)",0,0.04092526690391459,106.66666666666667,64.66666666666667,trust_fused,17,ATTACK,27,"(26, 17)",False,2,False,340
0,0.0,True,0.0,0.9,0.9,336,0,336.0,19,2,4,"(2, 20)",0,0.0365093499554764,84.5,33.25,trust_fused,19,ATTACK,27,"(10, 8)",False,0,False,345
4,0.0,True,0.0,0.9751439244561978,0.9888570017530237,338,0,338.0,15,1,3,"(15, 2)",0,0.0427426536064114,99.0,54.0,trust_fused,15,ATTACK,24,"(5, 20)",False,1,False,345
4,0.0,True,0.0,0.9989061312963704,0.9997045310573931,336,0,336.0,17,4,3,"(33, 50)",0,0.03825622775800712,106.66666666666667,64.66666666666667,trust_fused,17,ATTACK,27,"(28, 20)",False,2,False,345
0,0.0,True,0.0,0.9,0.9,341,0,341.0,19,2,4,"(2, 20)",0,0.031166518254674976,84.5,33.25,trust_fused,19,ATTACK,28,"(13, 10)",False,0,False,350
3,0.0,True,0.0,0.9751439244561978,0.9888570017530237,343,0,343.0,17,1,3,"(15, 2)",0,0.0365093499554764,99.0,54.0,trust_fused,17,ATTACK,27,"(8, 22)",False,1,False,350
3,0.0,True,0.0,0.9989061312963704,0.9997045310573931,341,0,341.0,17,4,3,"(33, 50)",0,0.03469750889679715,106.66666666666667,64.66666666666667,trust_fused,17,ATTACK,28,"(28, 25)",False,2,False,350
0,0.0,True,0.0,0.9,0.9,346,0,346.0,19,2,4,"(2, 20)",0,0.03000882612533098,84.5,33.25,trust_fused,19,ATTACK,28,"(14, 14)",False,0,False,355
0,0.0,True,0.0,0.9751439244561978,0.9888570017530237,348,0,348.0,17,1,3,"(15, 2)",0,0.03265666372462489,99.0,54.0,trust_fused,17,ATTACK,27,"(8, 27)",False,1,False,355
0,0.0,True,0.0,0.9989061312963704,0.9997045310573931,346,0,346.0,17,4,3,"(33, 50)",0,0.03265666372462489,106.66666666666667,64.66666666666667,trust_fused,17,ATTACK,28,"(28, 30)",False,2,False,355
0,0.0,True,0.0,0.9,0.9,351,0,351.0,20,2,4,"(2, 20)",0,0.02112676056338028,84.5,33.25,trust_fused,20,ATTACK,29,"(14, 19)",False,0,False,360
0,0.0,True,0.0,0.9751439244561978,0.9888570017530237,353,0,353.0,18,1,3,"(15, 2)",0,0.028169014084507043,99.0,54.0,trust_fused,18,ATTACK,28,"(12, 26)",False,1,False,360
0,0.0,True,0.0,0.9989061312963704,0.9997045310573931,351,0,351.0,17,4,3,"(33, 50)",0,0.02640845070422535,106.66666666666667,64.66666666666667,trust_fused,17,ATTACK,28,"(28, 35)",False,2,False,360
0,0.0,True,0.0,0.9,0.9,356,0,356.0,23,2,4,"(2, 20)",0,0.01232394366197183,84.5,33.25,trust_fused,23,ATTACK,32,"(15, 23)",False,0,False,365
0,0.0,True,0.0,0.977219898022437,0.9901321659368779,358,0,358.0,18,1,3,"(15, 2)",0,0.01936619718309859,99.0,54.0,trust_fused,18,ATTACK,28,"(15, 24)",False,1,False,365
0,0.0,True,0.0,0.9989061312963704,0.9997045310573931,356,0,356.0,17,4,3,"(33, 50)",0,0.018485915492957746,106.66666666666667,64.66666666666667,trust_fused,17,ATTACK,28,"(28, 40)",False,2,False,365
0,0.0,True,0.0,0.9,0.9,360,0,360.0,25,3,4,"(2, 20)",0,0.011443661971830986,84.5,33.25,trust_fused,25,ATTACK,35,"(12, 24)",False,0,False,370
0,0.0,True,0.0,0.9798396488122884,0.991957889713607,363,0,363.0,20,1,3,"(15, 2)",0,0.017605633802816902,99.0,54.0,trust_fused,20,ATTACK,30,"(15, 23)",False,1,False,370
0,0.0,True,0.0,0.9989061312963704,0.9997045310573931,361,0,361.0,17,4,3,"(33, 50)",0,0.017605633802816902,106.66666666666667,64.66666666666667,trust_fused,17,ATTACK,28,"(31, 42)",False,2,False,370
0,0.0,True,0.0,0.9,0.9,365,0,365.0,26,3,4,"(2, 20)",0,0.011443661971830986,84.5,33.25,trust_fused,26,ATTACK,36,"(10, 27)",False,0,False,375
5,0.0,True,0.0,0.9828089341860663,0.9934851105047918,368,0,368.0,20,1,3,"(15, 2)",0,0.016725352112676055,99.0,54.0,trust_fused,20,ATTACK,31,"(15, 18)",False,1,False,375
5,0.0,True,0.0,0.9989061312963704,0.9997045310573931,366,0,366.0,17,4,3,"(33, 50)",0,0.022007042253521125,106.66666666666667,64.66666666666667,trust_fused,17,ATTACK,29,"(31, 47)",False,2,False,375
0,0.0,True,0.0,0.9,0.9,370,0,370.0,26,3,4,"(2, 20)",0,0.011504424778761062,84.5,33.25,trust_fused,26,ATTACK,36,"(7, 25)",False,0,False,380
5,0.0,True,0.0,0.9853812721608218,0.9945477645236614,373,0,373.0,20,1,3,"(15, 2)",0,0.016814159292035398,99.0,54.0,trust_fused,20,ATTACK,31,"(15, 13)",False,1,False,380
5,0.0,True,0.0,0.9989061312963704,0.9997045310573931,371,0,371.0,17,4,3,"(33, 50)",0,0.022123893805309734,106.66666666666667,64.66666666666667,trust_fused,17,ATTACK,29,"(33, 50)",False,2,False,380
0,0.0,True,0.0,0.9,0.9,375,0,375.0,26,3,4,"(2, 20)",0,0.011504424778761062,84.5,33.25,trust_fused,26,ATTACK,36,"(4, 23)",False,0,False,385
5,0.0,True,0.0,0.9875714200041205,0.9953523309640014,378,0,378.0,20,1,3,"(15, 2)",0,0.016814159292035398,99.0,54.0,trust_fused,20,ATTACK,31,"(15, 8)",False,1,False,385
5,0.0,True,0.0,0.9989061312963704,0.9997045310573931,375,0,375.0,18,4,3,"(33, 8)",0,0.022123893805309734,106.66666666666667,64.66666666666667,trust_fused,18,ATTACK,30,"(33, 46)",False,2,False,385
0,0.0,True,0.0,0.9,0.9,380,0,380.0,26,3,4,"(2, 20)",0,0.01146384479717813,84.5,33.25,trust_fused,26,ATTACK,36,"(2, 20)",False,0,False,390
5,0.0,True,0.0,0.9887199801414147,0.9957803697506796,383,0,383.0,20,1,3,"(15, 2)",0,0.01675485008818342,99.0,54.0,trust_fused,20,ATTACK,31,"(15, 3)",False,1,False,390
5,0.0,True,0.0,0.9989061312963704,0.9997045310573931,380,0,380.0,18,4,3,"(33, 8)",0,0.02204585537918871,106.66666666666667,64.66666666666667,trust_fused,18,ATTACK,30,"(31, 43)",False,2,False,390
0,0.0,True,0.0,0.9,0.9,384,0,384.0,27,3,4,"(24, 45)",0,0.011443661971830986,84.5,33.25,trust_fused,27,ATTACK,37,"(3, 23)",False,0,False,395
5,0.0,True,0.0,0.9887199801414147,0.9957803697506796,387,0,387.0,21,1,4,"(33, 50)",0,0.016725352112676055,98.0,58.25,trust_fused,21,ATTACK,32,"(15, 5)",False,1,False,395
5,0.0,True,0.0,0.9989061312963704,0.9997045310573931,385,0,385.0,18,4,3,"(33, 8)",0,0.02112676056338028,106.66666666666667,64.66666666666667,trust_fused,18,ATTACK,30,"(29, 40)",False,2,False,395
0,0.0,True,0.0,0.9,0.9,389,0,389.0,27,3,4,"(24, 45)",0,0.011443661971830986,84.5,33.25,trust_fused,27,ATTACK,38,"(7, 24)",False,0,False,400
5,0.0,True,0.0,0.9890776422468467,0.9958732222500535,392,0,392.0,21,1,4,"(33, 50)",0,0.016725352112676055,98.0,58.25,trust_fused,21,ATTACK,33,"(16, 9)",False,1,False,400
5,0.0,True,0.0,0.9989061312963704,0.9997045310573931,390,0,390.0,18,4,3,"(33, 8)",0,0.022007042253521125,106.66666666666667,64.66666666666667,trust_fused,18,ATTACK,31,"(27, 37)",False,2,False,400
0,0.0,True,0.0,0.9,0.9,394,0,394.0,27,3,4,"(24, 45)",0,0.011443661971830986,84.5,33.25,trust_fused,27,ATTACK,38,"(9, 27)",False,0,False,405
5,0.0,True,0.0,0.9897571963103622,0.9960933961052342,397,0,397.0,21,1,4,"(33, 50)",0,0.018485915492957746,98.0,58.25,trust_fused,21,ATTACK,33,"(16, 14)",False,1,False,405
5,0.0,True,0.0,0.9989061312963704,0.9997045310573931,395,0,395.0,18,4,3,"(33, 8)",0,0.025528169014084508,106.66666666666667,64.66666666666667,trust_fused,18,ATTACK,31,"(27, 32)",False,2,False,405
0,0.0,True,0.0,0.9,0.9,399,0,399.0,27,3,4,"(24, 45)",0,0.011433597185576077,84.5,33.25,trust_fused,27,ATTACK,38,"(12, 29)",False,0,False,410
5,0.0,True,0.0,0.9897571963103622,0.9960933961052342,402,0,402.0,21,1,4,"(33, 50)",0,0.01759014951627089,98.0,58.25,trust_fused,21,ATTACK,33,"(16, 19)",False,1,False,410
5,0.0,True,0.0,0.9989061312963704,0.9997045310573931,400,0,400.0,18,4,3,"(33, 8)",0,0.023746701846965697,106.66666666666667,64.66666666666667,trust_fused,18,ATTACK,31,"(27, 27)",False,2,False,410
0,0.0,True,0.0,0.9,0.9,404,0,404.0,27,3,4,"(24, 45)",0,0.010507880910683012,84.5,33.25,trust_fused,27,ATTACK,38,"(15, 31)",False,0,False,415
9,0.0,True,0.0,0.9906995576575082,0.9964931941790972,407,0,407.0,21,1,4,"(33, 50)",0,0.0148861646234676,98.0,58.25,trust_fused,21,ATTACK,33,"(16, 24)",False,1,False,415
9,3.369137195080441,True,3.369137195080441,0.9989061312963704,0.9997045310573931,405,0,405.0,19,4,3,"(33, 8)",9,0.017513134851138354,106.66666666666667,64.66666666666667,trust_fused,19,ATTACK,32,"(27, 22)",True,2,True,415
0,0.0,True,0.0,0.9,0.9,409,0,409.0,27,3,4,"(24, 45)",0,0.009708737864077669,84.5,33.25,trust_fused,27,ATTACK,38,"(17, 34)",False,0,False,420
9,0.0,True,0.0,0.9921037840771582,0.9971609272556622,412,0,412.0,21,1,4,"(33, 50)",0,0.018534863195057368,98.0,58.25,trust_fused,21,ATTACK,33,"(16, 29)",False,1,False,420
8,0.0,True,0.0,0.9011152770910473,0.9011152770910473,410,0,410.0,19,4,3,"(33, 8)",0,0.01500441306266549,106.66666666666667,64.66666666666667,trust_fused,19,ATTACK,32,"(25, 19)",False,2,False,420
0,0.0,True,0.0,0.9,0.9,414,0,414.0,27,3,4,"(24, 45)",0,0.009649122807017544,84.5,33.25,trust_fused,27,ATTACK,39,"(17, 39)",False,0,False,425
9,0.0,True,0.0,0.9933308918969026,0.9977209935468151,417,0,417.0,22,1,4,"(33, 50)",0,0.018421052631578946,98.0,58.25,trust_fused,22,ATTACK,34,"(19, 31)",False,1,False,425
8,0.0,True,0.0,0.9011152770910473,0.9011152770910473,415,0,415.0,19,4,3,"(33, 8)",0,0.014912280701754385,106.66666666666667,64.66666666666667,trust_fused,19,ATTACK,33,"(27, 16)",False,2,False,425
0,0.0,True,0.0,0.9,0.9,419,0,419.0,27,3,4,"(24, 45)",0,0.008756567425569177,84.5,33.25,trust_fused,27,ATTACK,39,"(21, 40)",False,0,False,430
9,0.0,True,0.0,0.9943797688772471,0.9981108600397152,422,0,422.0,22,1,4,"(33, 50)",0,0.01838879159369527,98.0,58.25,trust_fused,22,ATTACK,34,"(22, 33)",False,1,False,430
8,0.0,True,0.0,0.9011152770910473,0.9011152770910473,420,0,420.0,19,4,3,"(33, 8)",0,0.0148861646234676,106.66666666666667,64.66666666666667,trust_fused,19,ATTACK,33,"(29, 13)",False,2,False,430
0,0.0,True,0.0,0.9,0.9,424,0,424.0,27,3,4,"(24, 45)",0,0.008756567425569177,84.5,33.25,trust_fused,27,ATTACK,39,"(25, 41)",False,0,False,435
9,0.0,True,0.0,0.9952709511208634,0.9984451353632204,427,0,427.0,22,1,4,"(33, 50)",0,0.017513134851138354,98.0,58.25,trust_fused,22,ATTACK,34,"(24, 36)",False,1,False,435
8,0.0,True,0.0,0.9011152770910473,0.9011152770910473,425,0,425.0,19,4,3,"(33, 8)",0,0.0148861646234676,106.66666666666667,64.66666666666667,trust_fused,19,ATTACK,33,"(29, 8)",False,2,False,435
0,0.0,True,0.0,0.9,0.9,429,0,429.0,27,3,4,"(24, 45)",0,0.008771929824561403,84.5,33.25,trust_fused,27,ATTACK,39,"(24, 45)",False,0,False,440
9,0.0,True,0.0,0.9960346938861305,0.9987679309272789,432,0,432.0,22,1,4,"(33, 50)",0,0.017543859649122806,98.0,58.25,trust_fused,22,ATTACK,34,"(25, 40)",False,1,False,440
8,0.0,True,0.0,0.9011152770910473,0.9011152770910473,429,0,429.0,20,4,4,"(33, 30)",0,0.014912280701754385,110.0,63.25,trust_fused,20,ATTACK,34,"(33, 8)",False,2,False,440
0,0.0,True,0.0,0.9,0.9,432,0,432.0,28,4,5,"(21, 17)",0,0.008771929824561403,88.2,36.6,trust_fused,28,ATTACK,40,"(25, 43)",False,0,False,445
9,0.0,True,0.0,0.9966913429997152,0.9990351093503643,437,0,437.0,22,1,4,"(33, 50)",0,0.017543859649122806,98.0,58.25,trust_fused,22,ATTACK,34,"(26, 44)",False,1,False,445
8,0.0,True,0.0,0.9011152770910473,0.9011152770910473,434,0,434.0,20,4,4,"(33, 30)",0,0.014912280701754385,110.0,63.25,trust_fused,20,ATTACK,34,"(32, 12)",False,2,False,445
0,0.0,True,0.0,0.9,0.9,437,0,437.0,29,4,5,"(21, 17)",0,0.04649122807017544,88.2,36.6,trust_fused,29,ATTACK,41,"(23, 40)",False,0,False,450
9,0.0,True,0.0,0.9972505373787254,0.9992437031345456,442,0,442.0,24,1,4,"(33, 50)",0,0.054385964912280704,98.0,58.25,trust_fused,24,ATTACK,37,"(25, 48)",False,1,False,450
8,0.0,True,0.0,0.9011152770910473,0.9011152770910473,439,0,439.0,20,4,4,"(33, 30)",0,0.05526315789473684,110.0,63.25,trust_fused,20,ATTACK,35,"(28, 13)",False,2,False,450
0,0.0,True,0.0,0.9,0.9,442,0,442.0,29,4,5,"(21, 17)",0,0.04473684210526316,88.2,36.6,trust_fused,29,ATTACK,41,"(21, 37)",False,0,False,455
21,0.0,True,0.0,0.997351413199348,0.9992680537911766,447,0,447.0,24,1,4,"(33, 50)",0,0.05526315789473684,98.0,58.25,trust_fused,24,ATTACK,37,"(28, 50)",False,1,False,455
19,0.0,True,0.0,0.9011152770910473,0.9011152770910473,444,0,444.0,20,4,4,"(33, 30)",0,0.054385964912280704,110.0,63.25,trust_fused,20,ATTACK,35,"(26, 16)",False,2,False,455
0,0.0,True,0.0,0.9,0.9,447,0,447.0,29,4,5,"(21, 17)",0,0.043898156277436345,88.2,36.6,trust_fused,29,ATTACK,41,"(19, 34)",False,0,False,460
21,0.0,True,0.0,0.997351413199348,0.9992680537911766,452,0,452.0,24,1,4,"(33, 50)",0,0.0553116769095698,98.0,58.25,trust_fused,24,ATTACK,37,"(33, 50)",False,1,False,460
19,0.0,True,0.0,0.9011152770910473,0.9011152770910473,449,0,449.0,20,4,4,"(33, 30)",0,0.053555750658472345,110.0,63.25,trust_fused,20,ATTACK,35,"(27, 20)",False,2,False,460
0,0.0,True,0.0,0.9,0.9,452,0,452.0,30,4,5,"(21, 17)",0,0.03424056189640035,88.2,36.6,trust_fused,30,ATTACK,42,"(19, 29)",False,0,False,465
21,0.0,True,0.0,0.997351413199348,0.9992680537911766,456,0,456.0,25,1,4,"(33, 30)",0,0.050921861281826165,98.0,58.25,trust_fused,25,ATTACK,38,"(33, 46)",False,1,False,465
19,0.0,True,0.0,0.9011152770910473,0.9011152770910473,454,0,454.0,20,4,4,"(33, 30)",0,0.04477611940298507,110.0,63.25,trust_fused,20,ATTACK,35,"(28, 24)",False,2,False,465
0,0.0,True,0.0,0.9,0.9,457,0,457.0,30,4,5,"(21, 17)",0,0.021071115013169446,88.2,36.6,trust_fused,30,ATTACK,42,"(18, 25)",False,0,False,470
20,0.0,True,0.0,0.9976311298003905,0.999332988796108,461,0,461.0,25,1,4,"(33, 30)",0,0.04038630377524144,98.0,58.25,trust_fused,25,ATTACK,38,"(31, 43)",False,1,False,470
18,0.0,True,0.0,0.9011152770910473,0.9011152770910473,459,0,459.0,20,4,4,"(33, 30)",0,0.029850746268656716,110.0,63.25,trust_fused,20,ATTACK,35,"(28, 29)",False,2,False,470
0,0.0,True,0.0,0.9,0.9,462,0,462.0,30,4,5,"(21, 17)",0,0.01929824561403509,88.2,36.6,trust_fused,30,ATTACK,43,"(19, 21)",False,0,False,475
17,0.0,True,0.0,0.9980301796352605,0.9994319465905658,466,0,466.0,25,1,4,"(33, 30)",0,0.03859649122807018,98.0,58.25,trust_fused,25,ATTACK,39,"(29, 40)",False,1,False,475
15,0.0,True,0.0,0.9011152770910473,0.9011152770910473,464,0,464.0,20,4,4,"(33, 30)",0,0.03245614035087719,110.0,63.25,trust_fused,20,ATTACK,36,"(32, 30)",False,2,False,475
0,0.0,True,0.0,0.9,0.9,467,0,467.0,30,4,5,"(21, 17)",0,0.017605633802816902,88.2,36.6,trust_fused,30,ATTACK,43,"(20, 17)",False,0,False,480
17,0.0,True,0.0,0.9983585306903235,0.9995094617342363,471,0,471.0,25,1,4,"(33, 30)",0,0.03609154929577465,98.0,58.25,trust_fused,25,ATTACK,39,"(29, 35)",False,1,False,480
15,0.0,True,0.0,0.9011152770910473,0.9011152770910473,468,0,468.0,21,4,4,"(2, 41)",0,0.03169014084507042,110.0,63.25,trust_fused,21,ATTACK,37,"(30, 30)",False,2,False,480
0,0.0,True,0.0,0.9,0.9,471,0,471.0,31,4,5,"(15, 2)",0,0.01584507042253521,88.2,36.6,trust_fused,31,ATTACK,44,"(18, 17)",False,0,False,485
16,0.0,True,0.0,0.9984726922923918,0.9995357294251699,476,0,476.0,25,1,4,"(33, 30)",0,0.02992957746478873,98.0,58.25,trust_fused,25,ATTACK,39,"(29, 34)",False,1,False,485
15,0.0,True,0.0,0.9011152770910473,0.9011152770910473,471,0,471.0,22,6,4,"(2, 41)",0,0.029049295774647887,110.0,63.25,trust_fused,22,ATTACK,38,"(28, 31)",False,2,False,485
0,0.0,True,0.0,0.9,0.9,476,0,476.0,31,4,5,"(15, 2)",0,0.014964788732394365,88.2,36.6,trust_fused,31,ATTACK,44,"(16, 14)",False,0,False,490
18,0.0,True,0.0,0.9984726922923918,0.9995357294251699,481,0,481.0,27,1,4,"(33, 30)",0,0.027288732394366196,98.0,58.25,trust_fused,27,ATTACK,41,"(30, 30)",False,1,False,490
17,0.0,True,0.0,0.9019092626792786,0.9095582455307993,476,0,476.0,22,6,4,"(2, 41)",0,0.02640845070422535,110.0,63.25,trust_fused,22,ATTACK,38,"(26, 34)",False,2,False,490
0,0.0,True,0.0,0.9,0.9,481,0,481.0,31,4,5,"(15, 2)",0,0.014964788732394365,88.2,36.6,trust_fused,31,ATTACK,44,"(15, 10)",False,0,False,495
18,0.0,True,0.0,0.9985271326668789,0.9995614997821335,485,0,485.0,28,1,5,"(2, 50)",0,0.02464788732394366,98.8,53.2,trust_fused,28,ATTACK,42,"(32, 30)",False,1,False,495
15,0.0,True,0.0,0.8634313048218375,0.8778947245339443,481,0,481.0,23,6,4,"(2, 41)",0,0.02640845070422535,110.0,63.25,trust_fused,23,ATTACK,39,"(23, 36)",False,2,False,495
0,0.0,True,0.0,0.9,0.9,486,0,486.0,31,4,5,"(15, 2)",0,0.014964788732394365,88.2,36.6,trust_fused,31,ATTACK,45,"(15, 5)",False,0,False,500
16,1.1778186438516514,True,1.1778186438516514,0.7640138517892181,0.7640138517892181,490,0,490.0,29,1,5,"(2, 50)",16,0.023767605633802816,98.8,53.2,trust_fused,29,ATTACK,43,"(28, 31)",True,1,True,500
15,0.0,True,0.0,0.8691303319873768,0.8947196089187801,486,0,486.0,23,6,4,"(2, 41)",0,0.02640845070422535,110.0,63.25,trust_fused,23,ATTACK,40,"(22, 40)",False,2,False,500
0,0.0,True,0.0,0.9,0.9,490,0,490.0,32,4,6,"(33, 30)",0,0.014964788732394365,84.0,34.166666666666664,trust_fused,32,ATTACK,46,"(15, 3)",False,0,False,505
16,1.1778186438516514,True,1.1778186438516514,0.7643669460132276,0.7710757362694096,495,0,495.0,29,1,5,"(2, 50)",16,0.022887323943661973,98.8,53.2,trust_fused,29,ATTACK,43,"(26, 34)",True,1,True,505
15,0.0,True,0.0,0.8769298075398397,0.9087362724426824,491,0,491.0,23,6,4,"(2, 41)",0,0.02640845070422535,110.0,63.25,trust_fused,23,ATTACK,40,"(17, 40)",False,2,False,505
0,0.0,True,0.0,0.9,0.9,495,0,495.0,32,4,6,"(33, 30)",0,0.014084507042253521,84.0,34.166666666666664,trust_fused,32,ATTACK,46,"(16, 7)",False,0,False,510
16,1.1778186438516514,True,1.1778186438516514,0.7703842103863471,0.8024481390785531,500,0,500.0,29,1,5,"(2, 50)",16,0.020246478873239437,98.8,53.2,trust_fused,29,ATTACK,43,"(25, 38)",True,1,True,510
15,0.0,True,0.0,0.880428067935932,0.9140171225634769,496,0,496.0,23,6,4,"(2, 41)",0,0.023767605633802816,110.0,63.25,trust_fused,23,ATTACK,40,"(12, 40)",False,2,False,510
0,0.0,True,0.0,0.9,0.9,500,0,500.0,32,4,6,"(33, 30)",0,0.014084507042253521,84.0,34.166666666666664,trust_fused,32,ATTACK,46,"(17, 11)",False,0,False,515
16,1.1778186438516514,True,1.1778186438516514,0.7813895449154191,0.8287064861079013,505,0,505.0,29,1,5,"(2, 50)",16,0.01936619718309859,98.8,53.2,trust_fused,29,ATTACK,43,"(22, 40)",True,1,True,515
15,0.0,True,0.0,0.880428067935932,0.9140171225634769,501,0,501.0,23,6,4,"(2, 41)",0,0.023767605633802816,110.0,63.25,trust_fused,23,ATTACK,40,"(8, 41)",False,2,False,515
0,0.0,True,0.0,0.9,0.9,505,0,505.0,32,4,6,"(33, 30)",0,0.014109347442680775,84.0,34.166666666666664,trust_fused,32,ATTACK,46,"(17, 16)",False,0,False,520
16,1.1778186438516514,True,1.1778186438516514,0.7952655622517923,0.8508291392115207,510,0,510.0,29,1,5,"(2, 50)",16,0.018518518518518517,98.8,53.2,trust_fused,29,ATTACK,43,"(17, 40)",True,1,True,520
14,0.0,True,0.0,0.880428067935932,0.9140171225634769,506,0,506.0,23,6,4,"(2, 41)",0,0.023809523809523808,110.0,63.25,trust_fused,23,ATTACK,40,"(3, 41)",False,2,False,520
0,0.0,True,0.0,0.9,0.9,510,0,510.0,32,4,6,"(33, 30)",0,0.013215859030837005,84.0,34.166666666666664,trust_fused,32,ATTACK,47,"(17, 21)",False,0,False,525
14,0.0,True,0.0,0.8012956007495018,0.8589768675583096,515,0,515.0,29,1,5,"(2, 50)",0,0.016740088105726872,98.8,53.2,trust_fused,29,ATTACK,44,"(13, 41)",False,1,False,525
12,0.0,True,0.0,0.880428067935932,0.9140171225634769,510,0,510.0,24,6,5,"(21, 17)",0,0.019383259911894272,104.4,59.6,trust_fused,24,ATTACK,42,"(5, 41)",False,2,False,525
0,0.0,True,0.0,0.9,0.9,515,0,515.0,32,4,6,"(33, 30)",0,0.01145374449339207,84.0,34.166666666666664,trust_fused,32,ATTACK,47,"(18, 25)",False,0,False,530
18,0.0,True,0.0,0.8012956007495018,0.8589768675583096,520,0,520.0,29,1,5,"(2, 50)",0,0.02026431718061674,98.8,53.2,trust_fused,29,ATTACK,44,"(9, 40)",False,1,False,530
16,0.0,True,0.0,0.880428067935932,0.9140171225634769,513,0,513.0,24,8,5,"(21, 17)",0,0.019383259911894272,104.4,59.6,trust_fused,24,ATTACK,45,"(8, 41)",False,2,False,530
0,0.0,True,0.0,0.9,0.9,520,0,520.0,33,4,6,"(33, 30)",0,0.011403508771929825,84.0,34.166666666666664,trust_fused,33,ATTACK,48,"(22, 26)",False,0,False,535
15,0.0,True,0.0,0.8012956007495018,0.8589768675583096,525,0,525.0,31,1,5,"(2, 50)",0,0.014912280701754385,98.8,53.2,trust_fused,31,ATTACK,46,"(7, 41)",False,1,False,535
13,0.0,True,0.0,0.880428067935932,0.9140171225634769,518,0,518.0,24,8,5,"(21, 17)",0,0.017543859649122806,104.4,59.6,trust_fused,24,ATTACK,45,"(12, 40)",False,2,False,535
0,0.0,True,0.0,0.9,0.9,525,0,525.0,33,4,6,"(33, 30)",0,0.011403508771929825,84.0,34.166666666666664,trust_fused,33,ATTACK,48,"(26, 25)",False,0,False,540
14,0.0,True,0.0,0.8012956007495018,0.8589768675583096,530,0,530.0,31,1,5,"(2, 50)",0,0.014035087719298246,98.8,53.2,trust_fused,31,ATTACK,46,"(6, 45)",False,1,False,540
12,0.0,True,0.0,0.880428067935932,0.9140171225634769,523,0,523.0,24,8,5,"(21, 17)",0,0.018421052631578946,104.4,59.6,trust_fused,24,ATTACK,45,"(16, 39)",False,2,False,540
0,0.0,True,0.0,0.9,0.9,530,0,530.0,33,4,6,"(33, 30)",0,0.011403508771929825,84.0,34.166666666666664,trust_fused,33,ATTACK,48,"(27, 29)",False,0,False,545
14,0.0,True,0.0,0.8012956007495018,0.8589768675583096,535,0,535.0,31,1,5,"(2, 50)",0,0.014035087719298246,98.8,53.2,trust_fused,31,ATTACK,46,"(3, 47)",False,1,False,545
12,0.0,True,0.0,0.8840200735087743,0.9183573628187863,528,0,528.0,24,8,5,"(21, 17)",0,0.018421052631578946,104.4,59.6,trust_fused,24,ATTACK,45,"(19, 37)",False,2,False,545
0,0.0,True,0.0,0.9,0.9,535,0,535.0,33,4,6,"(33, 30)",0,0.009632224168126095,84.0,34.166666666666664,trust_fused,33,ATTACK,49,"(31, 30)",False,0,False,550
12,0.0,True,0.0,0.8012956007495018,0.8589768675583096,539,0,539.0,32,1,5,"(24, 45)",0,0.014010507880910683,98.8,53.2,trust_fused,32,ATTACK,48,"(2, 50)",False,1,False,550
10,0.0,True,0.0,0.8934190471788412,0.9300820003752296,533,0,533.0,24,8,5,"(21, 17)",0,0.016637478108581436,104.4,59.6,trust_fused,24,ATTACK,46,"(19, 32)",False,2,False,550
0,0.0,True,0.0,0.9,0.9,539,0,539.0,34,4,6,"(25, 2)",0,0.00788091068301226,84.0,34.166666666666664,trust_fused,34,ATTACK,50,"(31, 30)",False,0,False,555
12,0.0,True,0.0,0.8012956007495018,0.8589768675583096,544,0,544.0,32,1,5,"(24, 45)",0,0.013134851138353765,98.8,53.2,trust_fused,32,ATTACK,48,"(5, 48)",False,1,False,555
9,0.0,True,0.0,0.8996595676833101,0.9168156996983917,538,0,538.0,25,8,5,"(21, 17)",0,0.013134851138353765,104.4,59.6,trust_fused,25,ATTACK,47,"(19, 27)",False,2,False,555
0,0.0,True,0.0,0.9,0.9,544,0,544.0,34,4,6,"(25, 2)",0,0.00807899461400359,84.0,34.166666666666664,trust_fused,34,ATTACK,50,"(28, 28)",False,0,False,560
12,0.0,True,0.0,0.8012956007495018,0.8589768675583096,549,0,549.0,32,1,5,"(24, 45)",0,0.013452914798206279,98.8,53.2,trust_fused,32,ATTACK,48,"(7, 45)",False,1,False,560
9,0.0,True,0.0,0.9054806098113425,0.9303720157263724,543,0,543.0,25,8,5,"(21, 17)",0,0.013464991023339317,104.4,59.6,trust_fused,25,ATTACK,47,"(18, 23)",False,2,False,560
0,0.0,True,0.0,0.9,0.9,549,0,549.0,34,4,6,"(25, 2)",0,0.0062836624775583485,84.0,34.166666666666664,trust_fused,34,ATTACK,50,"(26, 25)",False,0,False,565
12,0.0,True,0.0,0.8012956007495018,0.8589768675583096,554,0,554.0,32,1,5,"(24, 45)",0,0.011659192825112108,98.8,53.2,trust_fused,32,ATTACK,48,"(8, 41)",False,1,False,565
9,0.0,True,0.0,0.9126206595829449,0.9408074650153536,548,0,548.0,25,8,5,"(21, 17)",0,0.011669658886894075,104.4,59.6,trust_fused,25,ATTACK,47,"(18, 18)",False,2,False,565
0,0.0,True,0.0,0.9,0.9,554,0,554.0,34,4,6,"(25, 2)",0,0.0062836624775583485,84.0,34.166666666666664,trust_fused,34,ATTACK,50,"(25, 21)",False,0,False,570
13,0.0,True,0.0,0.8012956007495018,0.8589768675583096,559,0,559.0,32,1,5,"(24, 45)",0,0.012556053811659192,98.8,53.2,trust_fused,32,ATTACK,48,"(12, 40)",False,1,False,570
11,0.0,True,0.0,0.9201649628002999,0.9495226205152587,552,0,552.0,26,8,5,"(2, 50)",0,0.012567324955116697,104.4,59.6,trust_fused,26,ATTACK,48,"(21, 17)",False,2,False,570
0,0.0,True,0.0,0.9,0.9,559,0,559.0,34,4,6,"(25, 2)",0,0.0062836624775583485,84.0,34.166666666666664,trust_fused,34,ATTACK,51,"(25, 16)",False,0,False,575
10,0.0,True,0.0,0.8012956007495018,0.8589768675583096,564,0,564.0,32,1,5,"(24, 45)",0,0.010762331838565023,98.8,53.2,trust_fused,32,ATTACK,49,"(17, 40)",False,1,False,575
8,0.0,True,0.0,0.8295515068005344,0.841155254167299,557,0,557.0,26,8,5,"(2, 50)",0,0.011669658886894075,104.4,59.6,trust_fused,26,ATTACK,49,"(18, 19)",False,2,False,575
0,0.0,True,0.0,0.9,0.9,564,0,564.0,34,4,6,"(25, 2)",0,0.006340579710144928,84.0,34.166666666666664,trust_fused,34,ATTACK,51,"(25, 11)",False,0,False,580
10,0.0,True,0.0,0.8012956007495018,0.8589768675583096,569,0,569.0,32,1,5,"(24, 45)",0,0.009963768115942028,98.8,53.2,trust_fused,32,ATTACK,49,"(22, 40)",False,1,False,580
8,0.0,True,0.0,0.8295515068005344,0.841155254167299,562,0,562.0,26,8,5,"(2, 50)",0,0.01177536231884058,104.4,59.6,trust_fused,26,ATTACK,49,"(18, 24)",False,2,False,580
0,0.0,True,0.0,0.9,0.9,569,0,569.0,34,4,6,"(25, 2)",0,0.006340579710144928,84.0,34.166666666666664,trust_fused,34,ATTACK,51,"(25, 6)",False,0,False,585
10,0.0,True,0.0,0.8012956007495018,0.8589768675583096,574,0,574.0,32,1,5,"(24, 45)",0,0.009963768115942028,98.8,53.2,trust_fused,32,ATTACK,49,"(25, 42)",False,1,False,585
8,0.0,True,0.0,0.8342734211541679,0.8615492365805023,567,0,567.0,26,8,5,"(2, 50)",0,0.01177536231884058,104.4,59.6,trust_fused,26,ATTACK,49,"(18, 29)",False,2,False,585
0,0.0,True,0.0,0.9,0.9,573,0,573.0,35,4,7,"(33, 50)",0,0.006340579710144928,84.28571428571429,34.57142857142857,trust_fused,35,ATTACK,52,"(25, 2)",False,0,False,590
10,0.0,True,0.0,0.8012956007495018,0.8589768675583096,578,0,578.0,33,1,6,"(33, 8)",0,0.010869565217391304,98.33333333333333,51.0,trust_fused,33,ATTACK,50,"(24, 45)",False,1,False,590
8,0.0,True,0.0,0.8342734211541679,0.8615492365805023,572,0,572.0,26,8,5,"(2, 50)",0,0.01177536231884058,104.4,59.6,trust_fused,26,ATTACK,49,"(17, 33)",False,2,False,590
0,0.0,True,0.0,0.9,0.9,578,0,578.0,35,4,7,"(33, 50)",0,0.006340579710144928,84.28571428571429,34.57142857142857,trust_fused,35,ATTACK,52,"(25, 7)",False,0,False,595
10,0.0,True,0.0,0.8012956007495018,0.8589768675583096,583,0,583.0,33,1,6,"(33, 8)",0,0.010869565217391304,98.33333333333333,51.0,trust_fused,33,ATTACK,50,"(27, 43)",False,1,False,595
8,0.0,True,0.0,0.8342734211541679,0.8615492365805023,577,0,577.0,26,8,5,"(2, 50)",0,0.01177536231884058,104.4,59.6,trust_fused,26,ATTACK,49,"(15, 36)",False,2,False,595
0,0.0,True,0.0,0.9,0.9,583,0,583.0,35,4,7,"(33, 50)",0,0.04076086956521739,84.28571428571429,34.57142857142857,trust_fused,35,ATTACK,53,"(26, 11)",False,0,False,600
10,2.2588733160315684,True,2.2588733160315684,0.8043503009793135,0.8623896053457353,588,0,588.0,33,1,6,"(33, 8)",10,0.043478260869565216,98.33333333333333,51.0,trust_fused,33,ATTACK,51,"(27, 38)",True,1,True,600
8,0.0,True,0.0,0.8342734211541679,0.8615492365805023,582,0,582.0,27,8,5,"(2, 50)",0,0.04619565217391304,104.4,59.6,trust_fused,27,ATTACK,50,"(10, 36)",False,2,False,600
0,0.0,True,0.0,0.9,0.9,588,0,588.0,35,4,7,"(33, 50)",0,0.03891402714932127,84.28571428571429,34.57142857142857,trust_fused,35,ATTACK,53,"(26, 16)",False,0,False,605
40,8.323533080412545,True,8.323533080412545,0.8043503009793135,0.8623896053457353,593,0,593.0,34,1,6,"(33, 8)",40,0.06787330316742081,98.33333333333333,51.0,trust_fused,34,ATTACK,52,"(27, 33)",True,1,True,605
37,0.0,True,0.0,0.8342734211541679,0.8615492365805023,587,0,587.0,27,8,5,"(2, 50)",0,0.06968325791855204,104.4,59.6,trust_fused,27,ATTACK,50,"(7, 38)",False,2,False,605
0,0.0,True,0.0,0.9,0.9,593,0,593.0,36,4,7,"(33, 50)",0,0.03891402714932127,84.28571428571429,34.57142857142857,trust_fused,36,ATTACK,54,"(26, 21)",False,0,False,610
17,4.0,True,4.0,0.665937919185896,0.665937919185896,598,0,598.0,35,1,6,"(33, 8)",17,0.044343891402714934,98.33333333333333,51.0,trust_fused,35,ATTACK,53,"(27, 28)",True,1,True,610
15,0.0,True,0.0,0.8342734211541679,0.8615492365805023,592,0,592.0,27,8,5,"(2, 50)",0,0.046153846153846156,104.4,59.6,trust_fused,27,ATTACK,50,"(5, 41)",False,2,False,610
0,0.0,True,0.0,0.9,0.9,598,0,598.0,36,4,7,"(33, 50)",0,0.029837251356238697,84.28571428571429,34.57142857142857,trust_fused,36,ATTACK,54,"(26, 26)",False,0,False,615
9,1.9637076310902444,True,1.9637076310902444,0.5152070726545488,0.5856048819174614,603,0,603.0,35,1,6,"(33, 8)",0,0.034358047016274866,98.33333333333333,51.0,trust_fused,35,ATTACK,53,"(30, 26)",False,1,False,615
6,0.0,True,0.0,0.8342734211541679,0.8615492365805023,597,0,597.0,27,8,5,"(2, 50)",0,0.0325497287522604,104.4,59.6,trust_fused,27,ATTACK,50,"(4, 45)",False,2,False,615
0,0.0,True,0.0,0.9,0.9,603,0,603.0,36,4,7,"(33, 50)",0,0.026149684400360685,84.28571428571429,34.57142857142857,trust_fused,36,ATTACK,54,"(27, 30)",False,0,False,620
9,1.9637076310902444,True,1.9637076310902444,0.5427915501912018,0.6644213077191236,608,0,608.0,35,1,6,"(33, 8)",0,0.031559963931469794,98.33333333333333,51.0,trust_fused,35,ATTACK,53,"(30, 21)",False,1,False,620
6,0.0,True,0.0,0.8342734211541679,0.8615492365805023,602,0,602.0,27,8,5,"(2, 50)",0,0.030658250676284943,104.4,59.6,trust_fused,27,ATTACK,50,"(3, 49)",False,2,False,620
0,0.0,True,0.0,0.9,0.9,608,0,608.0,37,4,7,"(33, 50)",0,0.025247971145175834,84.28571428571429,34.57142857142857,trust_fused,37,ATTACK,55,"(27, 35)",False,0,False,625
9,0.0,True,0.0,0.5778688945869277,0.7176396058833193,613,0,613.0,35,1,6,"(33, 8)",0,0.029756537421100092,98.33333333333333,51.0,trust_fused,35,ATTACK,54,"(29, 17)",False,1,False,625
6,0.0,True,0.0,0.8342734211541679,0.8615492365805023,606,0,606.0,29,8,6,"(33, 50)",0,0.030658250676284943,103.83333333333333,58.5,trust_fused,29,ATTACK,52,"(3, 49)",False,2,False,625
0,0.0,True,0.0,0.9,0.9,613,0,613.0,37,4,7,"(33, 50)",0,0.024346257889990983,84.28571428571429,34.57142857142857,trust_fused,37,ATTACK,55,"(29, 38)",False,0,False,630
9,0.0,True,0.0,0.6157248757673426,0.7608767489021596,618,0,618.0,35,1,6,"(33, 8)",0,0.028854824165915238,98.33333333333333,51.0,trust_fused,35,ATTACK,54,"(29, 12)",False,1,False,630
6,0.0,True,0.0,0.8342734211541679,0.8615492365805023,611,0,611.0,29,8,6,"(33, 50)",0,0.028854824165915238,103.83333333333333,58.5,trust_fused,29,ATTACK,52,"(5, 46)",False,2,False,630
0,0.0,True,0.0,0.9,0.9,618,0,618.0,37,4,7,"(33, 50)",0,0.024346257889990983,84.28571428571429,34.57142857142857,trust_fused,37,ATTACK,55,"(29, 43)",False,0,False,635
9,0.0,True,0.0,0.6535349866622321,0.795419720183799,623,0,623.0,35,1,6,"(33, 8)",0,0.028854824165915238,98.33333333333333,51.0,trust_fused,35,ATTACK,54,"(30, 8)",False,1,False,635
6,0.0,True,0.0,0.8342734211541679,0.8615492365805023,616,0,616.0,29,8,6,"(33, 50)",0,0.027953110910730387,103.83333333333333,58.5,trust_fused,29,ATTACK,52,"(9, 45)",False,2,False,635
0,0.0,True,0.0,0.9,0.9,623,0,623.0,37,4,7,"(33, 50)",0,0.024324324324324326,84.28571428571429,34.57142857142857,trust_fused,37,ATTACK,55,"(29, 48)",False,0,False,640
9,0.0,True,0.0,0.6535349866622321,0.795419720183799,627,0,627.0,36,1,6,"(33, 50)",0,0.028751123090745734,98.33333333333333,51.0,trust_fused,36,ATTACK,55,"(33, 9)",False,1,False,640
6,0.0,True,0.0,0.8342734211541679,0.8615492365805023,621,0,621.0,29,8,6,"(33, 50)",0,0.026954177897574125,103.83333333333333,58.5,trust_fused,29,ATTACK,52,"(14, 45)",False,2,False,640
0,0.0,True,0.0,0.9,0.9,628,0,628.0,37,4,7,"(33, 50)",0,0.023070097604259095,84.28571428571429,34.57142857142857,trust_fused,37,ATTACK,55,"(32, 50)",False,0,False,645
11,0.0,True,0.0,0.6123323481014619,0.6123323481014619,632,0,632.0,36,1,6,"(33, 50)",0,0.02743362831858407,98.33333333333333,51.0,trust_fused,36,ATTACK,55,"(31, 12)",False,1,False,645
10,0.0,True,0.0,0.8342734211541679,0.8615492365805023,626,0,626.0,29,8,6,"(33, 50)",0,0.02920353982300885,103.83333333333333,58.5,trust_fused,29,ATTACK,52,"(19, 45)",False,2,False,645
0,0.0,True,0.0,0.9,0.9,632,0,632.0,38,4,7,"(3, 8)",0,0.022182786157941437,84.28571428571429,34.57142857142857,trust_fused,38,ATTACK,57,"(30, 50)",False,0,False,650
9,0.0,False,0.0,0.35194602070296316,0.35194602070296316,637,0,637.0,37,1,6,"(33, 50)",0,0.02743362831858407,98.33333333333333,51.0,trust_fused,37,ATTACK,57,"(30, 16)",False,1,False,650
10,0.0,True,0.0,0.8342734211541679,0.8615492365805023,631,0,631.0,30,8,6,"(33, 50)",0,0.02654867256637168,103.83333333333333,58.5,trust_fused,30,ATTACK,53,"(20, 49)",False,2,False,650
0,0.0,True,0.0,0.9,0.9,637,0,637.0,38,4,7,"(3, 8)",0,0.022182786157941437,84.28571428571429,34.57142857142857,trust_fused,38,ATTACK,57,"(28, 47)",False,0,False,655
9,0.0,False,0.0,0.35194602070296316,0.35194602070296316,642,0,642.0,37,1,6,"(33, 50)",0,0.02743362831858407,98.33333333333333,51.0,trust_fused,37,ATTACK,57,"(29, 20)",False,1,False,655
10,0.0,True,0.0,0.8436665612448069,0.884637524841187,636,0,636.0,30,8,6,"(33, 50)",0,0.02654867256637168,103.83333333333333,58.5,trust_fused,30,ATTACK,53,"(24, 50)",False,2,False,655
0,0.0,True,0.0,0.9,0.9,642,0,642.0,38,4,7,"(3, 8)",0,0.022341376228775692,84.28571428571429,34.57142857142857,trust_fused,38,ATTACK,57,"(28, 42)",False,0,False,660
9,0.0,False,0.0,0.36563579855068484,0.4469803430305365,647,0,647.0,37,1,6,"(33, 50)",0,0.027629233511586453,98.33333333333333,51.0,trust_fused,37,ATTACK,57,"(29, 25)",False,1,False,660
10,0.0,True,0.0,0.8562508489128733,0.9075443208834763,641,0,641.0,30,8,6,"(33, 50)",0,0.026737967914438502,103.83333333333333,58.5,trust_fused,30,ATTACK,53,"(29, 50)",False,2,False,660
0,0.0,True,0.0,0.9,0.9,647,0,647.0,38,4,7,"(3, 8)",0,0.022341376228775692,84.28571428571429,34.57142857142857,trust_fused,38,ATTACK,57,"(28, 37)",False,0,False,665
9,0.0,True,0.0,0.3961217493795742,0.5310822700940817,652,0,652.0,37,1,6,"(33, 50)",0,0.027629233511586453,98.33333333333333,51.0,trust_fused,37,ATTACK,57,"(29, 30)",False,1,False,665
10,0.0,True,0.0,0.8702829880707603,0.9252184899577665,645,0,645.0,31,8,6,"(2, 50)",0,0.026737967914438502,103.83333333333333,58.5,trust_fused,31,ATTACK,54,"(33, 50)",False,2,False,665
0,0.0,True,0.0,0.9,0.9,652,0,652.0,38,4,7,"(3, 8)",0,0.021447721179624665,84.28571428571429,34.57142857142857,trust_fused,38,ATTACK,57,"(28, 32)",False,0,False,670
9,0.0,True,0.0,0.43907518854396843,0.6221510737285179,657,0,657.0,37,1,6,"(33, 50)",0,0.027629233511586453,98.33333333333333,51.0,trust_fused,37,ATTACK,57,"(29, 35)",False,1,False,670
10,0.0,True,0.0,0.8731508484433151,0.9276401955218558,650,0,650.0,31,8,6,"(2, 50)",0,0.025846702317290554,103.83333333333333,58.5,trust_fused,31,ATTACK,54,"(28, 50)",False,2,False,670
0,0.0,True,0.0,0.9,0.9,657,0,657.0,38,4,7,"(3, 8)",0,0.021447721179624665,84.28571428571429,34.57142857142857,trust_fused,38,ATTACK,58,"(27, 28)",False,0,False,675
9,0.0,True,0.0,0.4908233519218908,0.6910259122817969,662,0,662.0,37,1,6,"(33, 50)",0,0.024955436720142603,98.33333333333333,51.0,trust_fused,37,ATTACK,58,"(29, 40)",False,1,False,675
10,0.0,True,0.0,0.8869752283007776,0.9381202456314192,655,0,655.0,31,8,6,"(2, 50)",0,0.023172905525846704,103.83333333333333,58.5,trust_fused,31,ATTACK,55,"(24, 49)",False,2,False,675
0,0.0,True,0.0,0.9,0.9,662,0,662.0,38,4,7,"(3, 8)",0,0.021524663677130046,84.28571428571429,34.57142857142857,trust_fused,38,ATTACK,58,"(25, 25)",False,0,False,680
4,0.0,True,0.0,0.542922154092483,0.7376870941764735,667,0,667.0,37,1,6,"(33, 50)",0,0.025179856115107913,98.33333333333333,51.0,trust_fused,37,ATTACK,58,"(29, 45)",False,1,False,680
7,0.0,True,0.0,0.8896185068250455,0.9398407987861357,660,0,660.0,31,8,6,"(2, 50)",0,0.023381294964028777,103.83333333333333,58.5,trust_fused,31,ATTACK,55,"(20, 48)",False,2,False,680
0,0.0,True,0.0,0.9,0.9,667,0,667.0,38,4,7,"(3, 8)",0,0.02062780269058296,84.28571428571429,34.57142857142857,trust_fused,38,ATTACK,58,"(25, 20)",False,0,False,685
16,0.0,True,0.0,0.582683275478513,0.7679176174709458,672,0,672.0,37,1,6,"(33, 50)",0,0.02697841726618705,98.33333333333333,51.0,trust_fused,37,ATTACK,58,"(32, 47)",False,1,False,685
7,0.0,True,0.0,0.5290949161756509,0.5290949161756509,665,0,665.0,31,8,6,"(2, 50)",0,0.022482014388489208,103.83333333333333,58.5,trust_fused,31,ATTACK,57,"(17, 46)",False,2,False,685
0,0.0,True,0.0,0.9,0.9,672,0,672.0,38,4,7,"(3, 8)",0,0.02062780269058296,84.28571428571429,34.57142857142857,trust_fused,38,ATTACK,58,"(25, 15)",False,0,False,690
16,0.0,True,0.0,0.5925640530180564,0.7802988262693816,676,0,676.0,38,1,7,"(25, 2)",0,0.022482014388489208,98.57142857142857,51.0,trust_fused,38,ATTACK,59,"(33, 50)",False,1,False,690
7,0.0,True,0.0,0.5290949161756509,0.5290949161756509,670,0,670.0,31,8,6,"(2, 50)",0,0.022482014388489208,103.83333333333333,58.5,trust_fused,31,ATTACK,57,"(12, 46)",False,2,False,690
0,0.0,True,0.0,0.9,0.9,677,0,677.0,38,4,7,"(3, 8)",0,0.02062780269058296,84.28571428571429,34.57142857142857,trust_fused,38,ATTACK,58,"(25, 10)",False,0,False,695
16,0.0,True,0.0,0.5925640530180564,0.7802988262693816,681,0,681.0,38,1,7,"(25, 2)",0,0.02697841726618705,98.57142857142857,51.0,trust_fused,38,ATTACK,59,"(30, 48)",False,1,False,695
7,0.0,True,0.0,0.5290949161756509,0.5290949161756509,675,0,675.0,31,8,6,"(2, 50)",0,0.022482014388489208,103.83333333333333,58.5,trust_fused,31,ATTACK,57,"(7, 46)",False,2,False,695
0,0.0,True,0.0,0.9,0.9,682,0,682.0,38,4,7,"(3, 8)",0,0.021043000914913082,84.28571428571429,34.57142857142857,trust_fused,38,ATTACK,59,"(21, 9)",False,0,False,700
16,0.0,True,0.0,0.5925640530180564,0.7802988262693816,686,0,686.0,38,1,7,"(25, 2)",0,0.027726432532347505,98.57142857142857,51.0,trust_fused,38,ATTACK,60,"(30, 43)",False,1,False,700
7,0.0,True,0.0,0.5290949161756509,0.5290949161756509,680,0,680.0,31,8,6,"(2, 50)",0,0.02310536044362292,103.83333333333333,58.5,trust_fused,31,ATTACK,58,"(5, 49)",False,2,False,700
0,0.0,True,0.0,0.9,0.9,687,0,687.0,38,4,7,"(3, 8)",0,0.021043000914913082,84.28571428571429,34.57142857142857,trust_fused,38,ATTACK,59,"(16, 9)",False,0,False,705
16,0.0,True,0.0,0.5925640530180564,0.7802988262693816,691,0,691.0,38,1,7,"(25, 2)",0,0.026802218114602587,98.57142857142857,51.0,trust_fused,38,ATTACK,60,"(28, 40)",False,1,False,705
7,0.0,True,0.0,0.5290949161756509,0.5290949161756509,684,0,684.0,32,8,7,"(15, 2)",0,0.02310536044362292,100.71428571428571,55.857142857142854,trust_fused,32,ATTACK,59,"(2, 50)",False,2,False,705
0,0.0,True,0.0,0.9,0.9,692,0,692.0,38,4,7,"(3, 8)",0,0.021004566210045664,84.28571428571429,34.57142857142857,trust_fused,38,ATTACK,59,"(12, 8)",False,0,False,710
16,0.0,True,0.0,0.6385324206254924,0.8062914123539243,696,0,696.0,38,1,7,"(25, 2)",0,0.026752767527675275,98.57142857142857,51.0,trust_fused,38,ATTACK,60,"(28, 35)",False,1,False,710
7,0.0,True,0.0,0.5290949161756509,0.5290949161756509,689,0,689.0,32,8,7,"(15, 2)",0,0.023062730627306273,100.71428571428571,55.857142857142854,trust_fused,32,ATTACK,59,"(5, 48)",False,2,False,710
0,0.0,True,0.0,0.9,0.9,697,0,697.0,38,4,7,"(3, 8)",0,0.02090909090909091,84.28571428571429,34.57142857142857,trust_fused,38,ATTACK,59,"(7, 8)",False,0,False,715
16,0.0,True,0.0,0.6804462269914021,0.8345986677617995,701,0,701.0,38,1,7,"(25, 2)",0,0.02662993572084481,98.57142857142857,51.0,trust_fused,38,ATTACK,60,"(28, 30)",False,1,False,715
7,0.0,True,0.0,0.5290949161756509,0.5290949161756509,694,0,694.0,32,8,7,"(15, 2)",0,0.02295684113865932,100.71428571428571,55.857142857142854,trust_fused,32,ATTACK,59,"(7, 45)",False,2,False,715
0,0.0,True,0.0,0.9,0.9,701,0,701.0,39,4,8,"(13, 50)",0,0.02048780487804878,90.0,39.375,trust_fused,39,ATTACK,60,"(3, 8)",False,0,False,720
20,0.0,True,0.0,0.7188542728834735,0.8593255441505158,706,0,706.0,38,1,7,"(25, 2)",0,0.031007751937984496,98.57142857142857,51.0,trust_fused,38,ATTACK,60,"(28, 25)",False,1,False,720
11,0.0,True,0.0,0.5290949161756509,0.5290949161756509,699,0,699.0,32,8,7,"(15, 2)",0,0.02237354085603113,100.71428571428571,55.857142857142854,trust_fused,32,ATTACK,59,"(12, 45)",False,2,False,720
0,0.0,True,0.0,0.9,0.9,706,0,706.0,39,4,8,"(13, 50)",0,0.02048780487804878,90.0,39.375,trust_fused,39,ATTACK,61,"(8, 8)",False,0,False,725
20,0.0,True,0.0,0.7536791187622993,0.8804947377026804,711,0,711.0,39,1,7,"(25, 2)",0,0.031007751937984496,98.57142857142857,51.0,trust_fused,39,ATTACK,61,"(27, 21)",False,1,False,725
11,0.0,True,0.0,0.5290949161756509,0.5290949161756509,704,0,704.0,33,8,7,"(15, 2)",0,0.02237354085603113,100.71428571428571,55.857142857142854,trust_fused,33,ATTACK,60,"(12, 40)",False,2,False,725
0,0.0,True,0.0,0.9,0.9,711,0,711.0,39,4,8,"(13, 50)",0,0.02048780487804878,90.0,39.375,trust_fused,39,ATTACK,61,"(13, 8)",False,0,False,730
20,0.0,True,0.0,0.7847403029026023,0.8973500854090632,716,0,716.0,39,1,7,"(25, 2)",0,0.031007751937984496,98.57142857142857,51.0,trust_fused,39,ATTACK,61,"(25, 18)",False,1,False,730
11,0.0,True,0.0,0.5290949161756509,0.5290949161756509,709,0,709.0,33,8,7,"(15, 2)",0,0.02237354085603113,100.71428571428571,55.857142857142854,trust_fused,33,ATTACK,60,"(14, 37)",False,2,False,730
0,0.0,True,0.0,0.9,0.9,716,0,716.0,39,4,8,"(13, 50)",0,0.0175609756097561,90.0,39.375,trust_fused,39,ATTACK,61,"(14, 12)",False,0,False,735
20,0.0,True,0.0,0.8126175704708296,0.9140218263601901,721,0,721.0,39,1,7,"(25, 2)",0,0.027131782945736434,98.57142857142857,51.0,trust_fused,39,ATTACK,61,"(25, 13)",False,1,False,735
11,0.0,True,0.0,0.5290949161756509,0.5290949161756509,714,0,714.0,33,8,7,"(15, 2)",0,0.020428015564202335,100.71428571428571,55.857142857142854,trust_fused,33,ATTACK,60,"(15, 33)",False,2,False,735
0,0.0,True,0.0,0.9,0.9,721,0,721.0,39,4,8,"(13, 50)",0,0.009718172983479106,90.0,39.375,trust_fused,39,ATTACK,62,"(14, 17)",False,0,False,740
20,0.0,True,0.0,0.8375761604591095,0.9281952943876884,726,0,726.0,39,1,7,"(25, 2)",0,0.018410852713178296,98.57142857142857,51.0,trust_fused,39,ATTACK,61,"(25, 8)",False,1,False,740
11,0.0,True,0.0,0.5290949161756509,0.5290949161756509,719,0,719.0,34,8,7,"(15, 2)",0,0.012596899224806201,100.71428571428571,55.857142857142854,trust_fused,34,ATTACK,61,"(15, 28)",False,2,False,740
0,0.0,True,0.0,0.9,0.9,726,0,726.0,40,4,8,"(13, 50)",0,0.0019175455417066154,90.0,39.375,trust_fused,40,ATTACK,63,"(15, 21)",False,0,False,745
17,0.0,True,0.0,0.8375761604591095,0.9281952943876884,731,0,731.0,39,1,7,"(25, 2)",0,0.007670182166826462,98.57142857142857,51.0,trust_fused,39,ATTACK,61,"(25, 3)",False,1,False,745
8,0.0,True,0.0,0.5332948923480095,0.57495767571778,724,0,724.0,34,8,7,"(15, 2)",0,0.0028763183125599234,100.71428571428571,55.857142857142854,trust_fused,34,ATTACK,61,"(16, 24)",False,2,False,745
0,0.0,True,0.0,0.9,0.9,731,0,731.0,42,4,8,"(13, 50)",0,0.04314477468839885,90.0,39.375,trust_fused,42,ATTACK,65,"(16, 21)",False,0,False,750
17,0.0,True,0.0,0.8375761604591095,0.9281952943876884,735,0,735.0,40,1,7,"(33, 30)",0,0.0488974113135187,98.57142857142857,51.0,trust_fused,40,ATTACK,63,"(25, 5)",False,1,False,750
8,0.0,True,0.0,0.5562747771604122,0.6704091132148617,726,0,726.0,36,11,7,"(15, 2)",0,0.04218600191754554,100.71428571428571,55.857142857142854,trust_fused,36,ATTACK,63,"(16, 22)",False,2,False,750
0,0.0,True,0.0,0.9,0.9,736,0,736.0,44,4,8,"(13, 50)",0,0.04218600191754554,90.0,39.375,trust_fused,44,ATTACK,67,"(16, 18)",False,0,False,755
16,0.0,True,0.0,0.8375761604591095,0.9281952943876884,740,0,740.0,40,1,7,"(33, 30)",0,0.046021093000958774,98.57142857142857,51.0,trust_fused,40,ATTACK,63,"(26, 9)",False,1,False,755
8,0.0,True,0.0,0.5927221064184469,0.7452588418334268,728,0,728.0,36,14,7,"(15, 2)",0,0.040268456375838924,100.71428571428571,55.857142857142854,trust_fused,36,ATTACK,63,"(16, 20)",False,2,False,755
0,0.0,True,0.0,0.9,0.9,741,0,741.0,48,4,8,"(13, 50)",0,0.04218600191754554,90.0,39.375,trust_fused,48,ATTACK,71,"(16, 17)",False,0,False,760
33,19.19741150763224,True,19.19741150763224,0.8375761604591095,0.9281952943876884,745,0,745.0,41,1,7,"(33, 30)",0,0.04218600191754554,98.57142857142857,51.0,trust_fused,41,ATTACK,64,"(26, 14)",False,1,False,760
25,0.0,True,0.0,0.6354361706987667,0.8018997125981592,729,0,729.0,36,18,7,"(15, 2)",0,0.05465004793863854,100.71428571428571,55.857142857142854,trust_fused,36,ATTACK,63,"(16, 19)",False,2,False,760
0,0.0,True,0.0,0.9,0.9,746,0,746.0,52,4,8,"(13, 50)",0,0.0364333652924257,90.0,39.375,trust_fused,52,ATTACK,75,"(16, 16)",False,0,False,765
33,19.19741150763224,True,19.19741150763224,0.8375761604591095,0.9281952943876884,750,0,750.0,41,1,7,"(33, 30)",0,0.0364333652924257,98.57142857142857,51.0,trust_fused,41,ATTACK,64,"(29, 16)",False,1,False,765
25,0.0,True,0.0,0.679708722002977,0.8468810541243932,731,0,731.0,36,21,7,"(15, 2)",0,0.04985618408437201,100.71428571428571,55.857142857142854,trust_fused,36,ATTACK,63,"(16, 17)",False,2,False,765
0,0.0,True,0.0,0.9,0.9,751,0,751.0,54,4,8,"(13, 50)",0,0.032598274209012464,90.0,39.375,trust_fused,54,ATTACK,77,"(16, 13)",False,0,False,770
33,19.19741150763224,True,19.19741150763224,0.8375761604591095,0.9281952943876884,755,0,755.0,41,1,7,"(33, 30)",0,0.03451581975071908,98.57142857142857,51.0,trust_fused,41,ATTACK,64,"(29, 21)",False,1,False,770
25,0.0,True,0.0,0.7226155461579269,0.8821799029199858,733,0,733.0,36,24,7,"(15, 2)",0,0.04793863854266539,100.71428571428571,55.857142857142854,trust_fused,36,ATTACK,63,"(16, 15)",False,2,False,770
0,0.0,True,0.0,0.9,0.9,756,0,756.0,56,4,8,"(13, 50)",0,0.028763183125599234,90.0,39.375,trust_fused,56,ATTACK,80,"(16, 18)",False,0,False,775
32,9.416014999697868,True,9.416014999697868,0.7234569714635141,0.7234569714635141,760,0,760.0,41,1,7,"(33, 30)",0,0.032598274209012464,98.57142857142857,51.0,trust_fused,41,ATTACK,65,"(29, 26)",False,1,False,775
25,0.0,True,0.0,0.7624856822998017,0.9085088548585848,738,0,738.0,37,24,7,"(15, 2)",0,0.04410354745925216,100.71428571428571,55.857142857142854,trust_fused,37,ATTACK,65,"(15, 11)",False,2,False,775
0,0.0,True,0.0,0.9,0.9,761,0,761.0,56,4,8,"(13, 50)",0,0.023969319271332695,90.0,39.375,trust_fused,56,ATTACK,80,"(16, 23)",False,0,False,780
12,0.0,False,0.0,0.19203762646438502,0.19203762646438502,765,0,765.0,41,1,7,"(33, 30)",0,0.01725790987535954,98.57142857142857,51.0,trust_fused,41,ATTACK,67,"(30, 30)",False,1,False,780
25,0.0,True,0.0,0.7844418920009473,0.9194993024920258,743,0,743.0,37,24,7,"(15, 2)",0,0.020134228187919462,100.71428571428571,55.857142857142854,trust_fused,37,ATTACK,65,"(14, 7)",False,2,False,780
0,0.0,True,0.0,0.9,0.9,766,0,766.0,56,4,8,"(13, 50)",0,0.01725790987535954,90.0,39.375,trust_fused,56,ATTACK,80,"(16, 28)",False,0,False,785
12,0.0,False,0.0,0.19203762646438502,0.19203762646438502,769,0,769.0,42,1,8,"(33, 50)",0,0.015340364333652923,98.0,49.25,trust_fused,42,ATTACK,68,"(33, 31)",False,1,False,785
25,0.0,True,0.0,0.7844418920009473,0.9194993024920258,748,0,748.0,37,24,7,"(15, 2)",0,0.026845637583892617,100.71428571428571,55.857142857142854,trust_fused,37,ATTACK,65,"(14, 2)",False,2,False,785
0,0.0,True,0.0,0.9,0.9,771,0,771.0,56,4,8,"(13, 50)",0,0.015296367112810707,90.0,39.375,trust_fused,56,ATTACK,80,"(13, 30)",False,0,False,790
12,0.0,False,0.0,0.19203762646438502,0.19203762646438502,774,0,774.0,42,1,8,"(33, 50)",0,0.016252390057361378,98.0,49.25,trust_fused,42,ATTACK,68,"(31, 34)",False,1,False,790
25,0.0,True,0.0,0.7844418920009473,0.9194993024920258,752,0,752.0,38,24,7,"(24, 45)",0,0.02581261950286807,100.71428571428571,55.857142857142854,trust_fused,38,ATTACK,66,"(14, 4)",False,2,False,790
0,0.0,True,0.0,0.9,0.9,776,0,776.0,56,4,8,"(13, 50)",0,0.0124282982791587,90.0,39.375,trust_fused,56,ATTACK,80,"(13, 35)",False,0,False,795
17,0.0,False,0.0,0.19203762646438502,0.19203762646438502,779,0,779.0,42,1,8,"(33, 50)",0,0.016252390057361378,98.0,49.25,trust_fused,42,ATTACK,68,"(29, 37)",False,1,False,795
30,0.0,True,0.0,0.7844418920009473,0.9194993024920258,757,0,757.0,38,24,7,"(24, 45)",0,0.02581261950286807,100.71428571428571,55.857142857142854,trust_fused,38,ATTACK,66,"(14, 9)",False,2,False,795
0,0.0,True,0.0,0.9,0.9,781,0,781.0,56,4,8,"(13, 50)",0,0.0124282982791587,90.0,39.375,trust_fused,56,ATTACK,81,"(13, 40)",False,0,False,800
13,0.0,False,0.0,0.19203762646438502,0.19203762646438502,784,0,784.0,43,1,8,"(33, 50)",0,0.016252390057361378,98.0,49.25,trust_fused,43,ATTACK,69,"(29, 42)",False,1,False,800
26,0.0,True,0.0,0.7979590634196551,0.9241110534888617,762,0,762.0,38,24,7,"(24, 45)",0,0.022944550669216062,100.71428571428571,55.857142857142854,trust_fused,38,ATTACK,67,"(16, 12)",False,2,False,800
0,0.0,True,0.0,0.9,0.9,786,0,786.0,56,4,8,"(13, 50)",0,0.011472275334608031,90.0,39.375,trust_fused,56,ATTACK,81,"(13, 45)",False,0,False,805
0,0.0,False,0.0,0.19203762646438502,0.19203762646438502,789,0,789.0,43,1,8,"(33, 50)",0,0.0124282982791587,98.0,49.25,trust_fused,43,ATTACK,69,"(31, 45)",False,1,False,805
25,0.0,True,0.0,0.8281613363953728,0.9357726666423175,767,0,767.0,38,24,7,"(24, 45)",0,0.021032504780114723,100.71428571428571,55.857142857142854,trust_fused,38,ATTACK,67,"(16, 17)",False,2,False,805
0,0.0,True,0.0,0.9,0.9,791,0,791.0,56,4,8,"(13, 50)",0,0.009551098376313277,90.0,39.375,trust_fused,56,ATTACK,81,"(13, 50)",False,0,False,810
0,0.0,False,0.0,0.19203762646438502,0.19203762646438502,794,0,794.0,43,1,8,"(33, 50)",0,0.012416427889207259,98.0,49.25,trust_fused,43,ATTACK,69,"(32, 49)",False,1,False,810
25,0.0,True,0.0,0.8539680406346115,0.9456669339810563,772,0,772.0,38,24,7,"(24, 45)",0,0.021012416427889206,100.71428571428571,55.857142857142854,trust_fused,38,ATTACK,67,"(17, 21)",False,2,False,810
0,0.0,True,0.0,0.9,0.9,795,0,795.0,57,4,8,"(33, 50)",0,0.009551098376313277,90.0,39.375,trust_fused,57,ATTACK,82,"(17, 50)",False,0,False,815
0,0.0,False,0.0,0.19203762646438502,0.19203762646438502,798,0,798.0,44,1,8,"(24, 45)",0,0.008595988538681949,98.0,49.25,trust_fused,44,ATTACK,70,"(31, 50)",False,1,False,815
25,0.0,True,0.0,0.8759288784090254,0.9540514356587222,777,0,777.0,38,24,7,"(24, 45)",0,0.019102196752626553,100.71428571428571,55.857142857142854,trust_fused,38,ATTACK,67,"(17, 26)",False,2,False,815
0,0.0,True,0.0,0.9,0.9,800,0,800.0,57,4,8,"(33, 50)",0,0.004775549188156638,90.0,39.375,trust_fused,57,ATTACK,82,"(21, 49)",False,0,False,820
0,0.0,False,0.0,0.19321046241781326,0.2154943455329498,803,0,803.0,44,1,8,"(24, 45)",0,0.008595988538681949,98.0,49.25,trust_fused,44,ATTACK,70,"(29, 47)",False,1,False,820
25,0.0,True,0.0,0.894569064023168,0.9607747915012655,782,0,782.0,38,24,7,"(24, 45)",0,0.018147086914995225,100.71428571428571,55.857142857142854,trust_fused,38,ATTACK,67,"(17, 31)",False,2,False,820
0,0.0,True,0.0,0.9,0.9,805,0,805.0,57,4,8,"(33, 50)",0,0.0028653295128939827,90.0,39.375,trust_fused,57,ATTACK,83,"(26, 49)",False,0,False,825
0,0.0,False,0.0,0.21906968944466923,0.3714219333264054,808,0,808.0,44,1,8,"(24, 45)",0,0.009551098376313277,98.0,49.25,trust_fused,44,ATTACK,71,"(25, 46)",False,1,False,825
25,0.0,True,0.0,0.9103393434756395,0.9663201323085332,787,0,787.0,39,24,7,"(24, 45)",0,0.017191977077363897,100.71428571428571,55.857142857142854,trust_fused,39,ATTACK,68,"(17, 36)",False,2,False,825
0,0.0,True,0.0,0.9,0.9,810,0,810.0,57,4,8,"(33, 50)",0,0.0028653295128939827,90.0,39.375,trust_fused,57,ATTACK,83,"(30, 50)",False,0,False,830
0,0.0,True,0.0,0.27278899881713126,0.5012307869732976,812,0,812.0,45,1,9,"(2, 20)",0,0.009551098376313277,92.0,45.44444444444444,trust_fused,45,ATTACK,72,"(25, 44)",False,1,False,830
25,0.0,True,0.0,0.9236771926653585,0.9709705820967572,792,0,792.0,39,24,7,"(24, 45)",0,0.017191977077363897,100.71428571428571,55.857142857142854,trust_fused,39,ATTACK,68,"(19, 39)",False,2,False,830
0,0.0,True,0.0,0.9,0.9,814,0,814.0,58,4,9,"(2, 50)",0,0.0028653295128939827,92.66666666666667,37.55555555555556,trust_fused,58,ATTACK,84,"(32, 50)",False,0,False,835
0,0.0,False,0.0,0.30721825214311943,0.40216543021373025,817,0,817.0,45,1,9,"(2, 20)",0,0.010506208213944603,92.0,45.44444444444444,trust_fused,45,ATTACK,73,"(26, 40)",False,1,False,835
41,0.0,True,0.0,0.9306565731543491,0.9733979777009819,797,0,797.0,39,24,7,"(24, 45)",0,0.03247373447946514,100.71428571428571,55.857142857142854,trust_fused,39,ATTACK,69,"(23, 40)",False,2,False,835
0,0.0,True,0.0,0.9,0.9,819,0,819.0,58,4,9,"(2, 50)",0,0.0028653295128939827,92.66666666666667,37.55555555555556,trust_fused,58,ATTACK,84,"(28, 49)",False,0,False,840
0,0.0,False,0.0,0.30721825214311943,0.40216543021373025,822,0,822.0,45,1,9,"(2, 20)",0,0.010506208213944603,92.0,45.44444444444444,trust_fused,45,ATTACK,73,"(26, 35)",False,1,False,840
25,0.0,False,0.0,0.47850813970829864,0.47850813970829864,802,0,802.0,39,24,7,"(24, 45)",0,0.015281757402101241,100.71428571428571,55.857142857142854,trust_fused,39,ATTACK,72,"(25, 43)",False,2,False,840
0,0.0,True,0.0,0.9,0.9,824,0,824.0,58,4,9,"(2, 50)",0,0.0038204393505253103,92.66666666666667,37.55555555555556,trust_fused,58,ATTACK,84,"(23, 49)",False,0,False,845
0,0.0,False,0.0,0.30721825214311943,0.40216543021373025,827,0,827.0,45,1,9,"(2, 20)",0,0.010506208213944603,92.0,45.44444444444444,trust_fused,45,ATTACK,73,"(26, 30)",False,1,False,845
25,0.0,True,0.0,0.4932965181420162,0.5860770222650077,806,0,806.0,40,24,8,"(33, 50)",0,0.0057306590257879654,105.5,56.0,trust_fused,40,ATTACK,73,"(24, 46)",False,2,False,845
0,0.0,True,0.0,0.9,0.9,829,0,829.0,59,4,9,"(2, 50)",0,0.0028653295128939827,92.66666666666667,37.55555555555556,trust_fused,59,ATTACK,85,"(19, 48)",False,0,False,850
0,0.0,False,0.0,0.32483153588445496,0.4443427625159591,832,0,832.0,46,1,9,"(2, 20)",0,0.008595988538681949,92.0,45.44444444444444,trust_fused,46,ATTACK,74,"(24, 27)",False,1,False,850
25,0.0,True,0.0,0.526995878700745,0.6767114129647656,811,0,811.0,40,24,8,"(33, 50)",0,0.0038204393505253103,105.5,56.0,trust_fused,40,ATTACK,74,"(26, 49)",False,2,False,850
0,0.0,True,0.0,0.9,0.9,834,0,834.0,59,4,9,"(2, 50)",0,0.0028653295128939827,92.66666666666667,37.55555555555556,trust_fused,59,ATTACK,85,"(16, 46)",False,0,False,855
0,0.0,True,0.0,0.36159838763138624,0.5127714586999306,837,0,837.0,46,1,9,"(2, 20)",0,0.009551098376313277,92.0,45.44444444444444,trust_fused,46,ATTACK,74,"(21, 25)",False,1,False,855
25,0.0,True,0.0,0.5686512318118522,0.7283000166775246,816,0,816.0,40,24,8,"(33, 50)",0,0.0038204393505253103,105.5,56.0,trust_fused,40,ATTACK,74,"(30, 50)",False,2,False,855
0,0.0,True,0.0,0.9,0.9,839,0,839.0,59,4,9,"(2, 50)",0,0.0028680688336520078,92.66666666666667,37.55555555555556,trust_fused,59,ATTACK,85,"(11, 46)",False,0,False,860
0,0.0,True,0.0,0.40461808138384314,0.5757661506385633,842,0,842.0,46,1,9,"(2, 20)",0,0.009560229445506692,92.0,45.44444444444444,trust_fused,46,ATTACK,74,"(17, 24)",False,1,False,860
25,0.0,True,0.0,0.6043049951609782,0.7781078029472727,820,0,820.0,41,24,8,"(24, 45)",0,0.0038204393505253103,105.5,56.0,trust_fused,41,ATTACK,75,"(32, 50)",False,2,False,860
0,0.0,True,0.0,0.9,0.9,844,0,844.0,59,4,9,"(2, 50)",0,0.0038240917782026767,92.66666666666667,37.55555555555556,trust_fused,59,ATTACK,85,"(6, 46)",False,0,False,865
0,0.0,True,0.0,0.45055144546186104,0.62774491723022,847,0,847.0,46,1,9,"(2, 20)",0,0.009560229445506692,92.0,45.44444444444444,trust_fused,46,ATTACK,74,"(15, 21)",False,1,False,865
25,0.0,True,0.0,0.6043049951609782,0.7781078029472727,825,0,825.0,41,24,8,"(24, 45)",0,0.0038204393505253103,105.5,56.0,trust_fused,41,ATTACK,75,"(29, 48)",False,2,False,865
0,0.0,True,0.0,0.9,0.9,849,0,849.0,59,4,9,"(2, 50)",0,0.0028169014084507044,92.66666666666667,37.55555555555556,trust_fused,59,ATTACK,85,"(3, 48)",False,0,False,870
5,0.0,True,0.0,0.4790968377276139,0.6599064132681618,852,0,852.0,46,1,9,"(2, 20)",0,0.013145539906103286,92.0,45.44444444444444,trust_fused,46,ATTACK,74,"(10, 21)",False,1,False,870
30,0.0,True,0.0,0.6043049951609782,0.7781078029472727,830,0,830.0,41,24,8,"(24, 45)",0,0.004690431519699813,105.5,56.0,trust_fused,41,ATTACK,75,"(27, 45)",False,2,False,870
0,0.0,True,0.0,0.9,0.9,853,0,853.0,60,4,9,"(2, 41)",0,0.0027397260273972603,92.66666666666667,37.55555555555556,trust_fused,60,ATTACK,87,"(3, 50)",False,0,False,875
5,0.0,True,0.0,0.48854663059223463,0.6680926950200282,857,0,857.0,46,1,9,"(2, 20)",0,0.012785388127853882,92.0,45.44444444444444,trust_fused,46,ATTACK,75,"(5, 21)",False,1,False,875
30,0.0,True,0.0,0.6043049951609782,0.7781078029472727,834,0,834.0,42,24,9,"(25, 2)",0,0.005474452554744526,97.11111111111111,51.44444444444444,trust_fused,42,ATTACK,77,"(25, 45)",False,2,False,875
0,0.0,True,0.0,0.9,0.9,858,0,858.0,60,4,9,"(2, 41)",0,0.00273224043715847,92.66666666666667,37.55555555555556,trust_fused,60,ATTACK,87,"(3, 45)",False,0,False,880
5,0.0,True,0.0,0.48854663059223463,0.6680926950200282,861,0,861.0,47,1,9,"(2, 41)",0,0.012750455373406194,92.0,45.44444444444444,trust_fused,47,ATTACK,76,"(2, 20)",False,1,False,880
30,0.0,True,0.0,0.6043049951609782,0.7781078029472727,839,0,839.0,42,24,9,"(25, 2)",0,0.00545950864422202,97.11111111111111,51.44444444444444,trust_fused,42,ATTACK,77,"(26, 41)",False,2,False,880
0,0.0,True,0.0,0.9,0.9,863,0,863.0,60,4,9,"(2, 41)",0,0.003629764065335753,92.66666666666667,37.55555555555556,trust_fused,60,ATTACK,87,"(2, 41)",False,0,False,885
5,0.0,True,0.0,0.48854663059223463,0.6680926950200282,866,0,866.0,47,1,9,"(2, 41)",0,0.012704174228675136,92.0,45.44444444444444,trust_fused,47,ATTACK,76,"(3, 24)",False,1,False,885
24,0.0,True,0.0,0.5587651390519375,0.5587651390519375,844,0,844.0,42,24,9,"(25, 2)",0,0.006346328195829556,97.11111111111111,51.44444444444444,trust_fused,42,ATTACK,79,"(26, 36)",False,2,False,885
0,0.0,True,0.0,0.9,0.9,867,0,867.0,61,4,10,"(3, 8)",0,0.0035587188612099642,88.6,35.0,trust_fused,61,ATTACK,88,"(6, 41)",False,0,False,890
5,0.0,True,0.0,0.48854663059223463,0.6680926950200282,871,0,871.0,47,1,9,"(2, 41)",0,0.012455516014234875,92.0,45.44444444444444,trust_fused,47,ATTACK,76,"(3, 29)",False,1,False,890
9,0.0,False,0.0,0.2911607028152592,0.2911607028152592,849,0,849.0,42,24,9,"(25, 2)",0,0.006222222222222222,97.11111111111111,51.44444444444444,trust_fused,42,ATTACK,81,"(26, 31)",False,2,False,890
0,0.0,True,0.0,0.9,0.9,872,0,872.0,61,4,10,"(3, 8)",0,0.0035398230088495575,88.6,35.0,trust_fused,61,ATTACK,88,"(11, 41)",False,0,False,895
5,0.0,True,0.0,0.5169453711998443,0.6975543010069151,876,0,876.0,47,1,9,"(2, 41)",0,0.012389380530973451,92.0,45.44444444444444,trust_fused,47,ATTACK,76,"(3, 34)",False,1,False,895
9,0.0,False,0.0,0.2911607028152592,0.2911607028152592,854,0,854.0,42,24,9,"(25, 2)",0,0.00618921308576481,97.11111111111111,51.44444444444444,trust_fused,42,ATTACK,81,"(26, 26)",False,2,False,895
0,0.0,True,0.0,0.9,0.9,877,0,877.0,61,4,10,"(3, 8)",0,0.050442477876106194,88.6,35.0,trust_fused,61,ATTACK,89,"(12, 37)",False,0,False,900
5,0.0,True,0.0,0.5557253444610835,0.7407132674017948,881,0,881.0,47,1,9,"(2, 41)",0,0.047787610619469026,92.0,45.44444444444444,trust_fused,47,ATTACK,77,"(3, 39)",False,1,False,900
9,0.0,False,0.0,0.2911607028152592,0.2911607028152592,859,0,859.0,42,24,9,"(25, 2)",0,0.048672566371681415,97.11111111111111,51.44444444444444,trust_fused,42,ATTACK,82,"(26, 21)",False,2,False,900
0,0.0,True,0.0,0.9,0.9,882,0,882.0,61,4,10,"(3, 8)",0,0.04774535809018567,88.6,35.0,trust_fused,61,ATTACK,89,"(12, 32)",False,0,False,905
5,0.0,True,0.0,0.5557253444610835,0.7407132674017948,885,0,885.0,48,1,10,"(15, 2)",0,0.04509283819628647,90.4,43.3,trust_fused,48,ATTACK,78,"(3, 41)",False,1,False,905
9,0.0,False,0.0,0.2911607028152592,0.2911607028152592,864,0,864.0,42,24,9,"(25, 2)",0,0.04597701149425287,97.11111111111111,51.44444444444444,trust_fused,42,ATTACK,82,"(26, 16)",False,2,False,905
0,0.0,True,0.0,0.9,0.9,887,0,887.0,61,4,10,"(3, 8)",0,0.037985865724381625,88.6,35.0,trust_fused,61,ATTACK,89,"(12, 27)",False,0,False,910
10,0.0,True,0.0,0.5557253444610835,0.7407132674017948,890,0,890.0,48,1,10,"(15, 2)",0,0.037102473498233215,90.4,43.3,trust_fused,48,ATTACK,78,"(5, 38)",False,1,False,910
14,0.0,False,0.0,0.2911607028152592,0.2911607028152592,869,0,869.0,42,24,9,"(25, 2)",0,0.037102473498233215,97.11111111111111,51.44444444444444,trust_fused,42,ATTACK,82,"(26, 11)",False,2,False,910
0,0.0,True,0.0,0.9,0.9,892,0,892.0,62,4,10,"(3, 8)",0,0.028169014084507043,88.6,35.0,trust_fused,62,ATTACK,90,"(12, 22)",False,0,False,915
10,0.0,True,0.0,0.5655192830161364,0.7516041155621416,895,0,895.0,48,1,10,"(15, 2)",0,0.03345070422535211,90.4,43.3,trust_fused,48,ATTACK,78,"(5, 33)",False,1,False,915
14,0.0,False,0.0,0.2911607028152592,0.2911607028152592,874,0,874.0,42,24,9,"(25, 2)",0,0.03345070422535211,97.11111111111111,51.44444444444444,trust_fused,42,ATTACK,82,"(25, 7)",False,2,False,915
0,0.0,True,0.0,0.9,0.9,897,0,897.0,63,4,10,"(3, 8)",0,0.02643171806167401,88.6,35.0,trust_fused,63,ATTACK,91,"(16, 21)",False,0,False,920
10,0.0,True,0.0,0.5850858829824881,0.7701879424899665,900,0,900.0,49,1,10,"(15, 2)",0,0.03259911894273128,90.4,43.3,trust_fused,49,ATTACK,80,"(5, 28)",False,1,False,920
14,0.0,False,0.0,0.2911607028152592,0.2911607028152592,879,0,879.0,42,24,9,"(25, 2)",0,0.03259911894273128,97.11111111111111,51.44444444444444,trust_fused,42,ATTACK,82,"(25, 2)",False,2,False,920
0,0.0,True,0.0,0.9,0.9,902,0,902.0,64,4,10,"(3, 8)",0,0.025505716798592787,88.6,35.0,trust_fused,64,ATTACK,93,"(17, 19)",False,0,False,925
10,0.0,True,0.0,0.6139172585342989,0.7944431872984135,905,0,905.0,50,1,10,"(15, 2)",0,0.0316622691292876,90.4,43.3,trust_fused,50,ATTACK,81,"(5, 23)",False,1,False,925
14,0.0,False,0.0,0.2911607028152592,0.2911607028152592,883,0,883.0,43,24,9,"(33, 50)",0,0.032541776605101144,97.11111111111111,51.44444444444444,trust_fused,43,ATTACK,84,"(25, 6)",False,2,False,925
0,0.0,True,0.0,0.9,0.9,907,0,907.0,64,4,10,"(3, 8)",0,0.025505716798592787,88.6,35.0,trust_fused,64,ATTACK,93,"(15, 16)",False,0,False,930
10,0.0,True,0.0,0.6594006412017406,0.82662940161975,910,0,910.0,50,1,10,"(15, 2)",0,0.0316622691292876,90.4,43.3,trust_fused,50,ATTACK,82,"(8, 21)",False,1,False,930
14,0.0,False,0.0,0.2911607028152592,0.2911607028152592,888,0,888.0,44,24,9,"(33, 50)",0,0.032541776605101144,97.11111111111111,51.44444444444444,trust_fused,44,ATTACK,85,"(26, 10)",False,2,False,930
0,0.0,True,0.0,0.9,0.9,912,0,912.0,64,4,10,"(3, 8)",0,0.019349164467897976,88.6,35.0,trust_fused,64,ATTACK,93,"(15, 11)",False,0,False,935
3,0.0,True,0.0,0.701690489295399,0.8571956872662478,915,0,915.0,50,1,10,"(15, 2)",0,0.02198768689533861,90.4,43.3,trust_fused,50,ATTACK,82,"(13, 21)",False,1,False,935
7,0.0,False,0.0,0.2911607028152592,0.2911607028152592,893,0,893.0,44,24,9,"(33, 50)",0,0.024626209322779244,97.11111111111111,51.44444444444444,trust_fused,44,ATTACK,85,"(27, 14)",False,2,False,935
0,0.0,True,0.0,0.9,0.9,917,0,917.0,64,4,10,"(3, 8)",0,0.016710642040457344,88.6,35.0,trust_fused,64,ATTACK,93,"(13, 8)",False,0,False,940
0,0.0,True,0.0,0.7404079128401332,0.881495766809429,920,0,920.0,54,1,10,"(15, 2)",0,0.0158311345646438,90.4,43.3,trust_fused,54,ATTACK,86,"(18, 21)",False,1,False,940
4,0.0,False,0.0,0.2911607028152592,0.2911607028152592,898,0,898.0,44,24,9,"(33, 50)",0,0.016710642040457344,97.11111111111111,51.44444444444444,trust_fused,44,ATTACK,85,"(27, 19)",False,2,False,940
0,0.0,True,0.0,0.9,0.9,922,0,922.0,64,4,10,"(3, 8)",0,0.0158311345646438,88.6,35.0,trust_fused,64,ATTACK,93,"(8, 8)",False,0,False,945
4,0.0,True,0.0,0.7752106486009905,0.9014871804494172,925,0,925.0,54,1,10,"(15, 2)",0,0.016710642040457344,90.4,43.3,trust_fused,54,ATTACK,86,"(15, 19)",False,1,False,945
7,0.0,False,0.0,0.20938078961556705,0.20938078961556705,903,0,903.0,44,24,9,"(33, 50)",0,0.0158311345646438,97.11111111111111,51.44444444444444,trust_fused,44,ATTACK,85,"(27, 24)",False,2,False,945
0,0.0,True,0.0,0.9,0.9,927,0,927.0,64,4,10,"(3, 8)",0,0.012313104661389622,88.6,35.0,trust_fused,64,ATTACK,94,"(3, 8)",False,0,False,950
4,0.0,True,0.0,0.8059768621531589,0.9170593651792439,930,0,930.0,54,1,10,"(15, 2)",0,0.014951627088830254,90.4,43.3,trust_fused,54,ATTACK,87,"(15, 14)",False,1,False,950
7,0.0,False,0.0,0.20938078961556705,0.20938078961556705,908,0,908.0,44,24,9,"(33, 50)",0,0.012313104661389622,97.11111111111111,51.44444444444444,trust_fused,44,ATTACK,86,"(27, 29)",False,2,False,950
0,0.0,True,0.0,0.9,0.9,931,0,931.0,65,4,10,"(33, 8)",0,0.011433597185576077,88.6,35.0,trust_fused,65,ATTACK,95,"(7, 8)",False,0,False,955
4,0.0,True,0.0,0.8330924567923126,0.9306996198729242,935,0,935.0,54,1,10,"(15, 2)",0,0.014072119613016711,90.4,43.3,trust_fused,54,ATTACK,87,"(15, 9)",False,1,False,955
7,0.0,False,0.0,0.20938078961556705,0.20938078961556705,913,0,913.0,44,24,9,"(33, 50)",0,0.011433597185576077,97.11111111111111,51.44444444444444,trust_fused,44,ATTACK,86,"(27, 34)",False,2,False,955
0,0.0,True,0.0,0.9,0.9,936,0,936.0,65,4,10,"(33, 8)",0,0.008857395925597875,88.6,35.0,trust_fused,65,ATTACK,95,"(12, 8)",False,0,False,960
4,0.0,True,0.0,0.8569761779578393,0.9441128879830973,940,0,940.0,54,1,10,"(15, 2)",0,0.011514614703277236,90.4,43.3,trust_fused,54,ATTACK,87,"(15, 4)",False,1,False,960
3,0.0,False,0.0,0.20938078961556705,0.20938078961556705,918,0,918.0,44,24,9,"(33, 50)",0,0.008857395925597875,97.11111111111111,51.44444444444444,trust_fused,44,ATTACK,86,"(27, 39)",False,2,False,960
0,0.0,True,0.0,0.9,0.9,941,0,941.0,65,4,10,"(33, 8)",0,0.008857395925597875,88.6,35.0,trust_fused,65,ATTACK,95,"(16, 9)",False,0,False,965
4,0.0,True,0.0,0.8784363030406884,0.9559749137291308,944,0,944.0,55,1,10,"(21, 17)",0,0.011514614703277236,90.4,43.3,trust_fused,55,ATTACK,88,"(15, 4)",False,1,False,965
3,0.0,False,0.0,0.20938078961556705,0.20938078961556705,923,0,923.0,44,24,9,"(33, 50)",0,0.008857395925597875,97.11111111111111,51.44444444444444,trust_fused,44,ATTACK,86,"(27, 44)",False,2,False,965
0,0.0,True,0.0,0.9,0.9,946,0,946.0,65,4,10,"(33, 8)",0,0.008857395925597875,88.6,35.0,trust_fused,65,ATTACK,95,"(21, 9)",False,0,False,970
4,0.0,True,0.0,0.8973239628473375,0.965391354750378,949,0,949.0,55,1,10,"(21, 17)",0,0.011514614703277236,90.4,43.3,trust_fused,55,ATTACK,88,"(17, 7)",False,1,False,970
3,0.0,False,0.0,0.20938078961556705,0.20938078961556705,928,0,928.0,44,24,9,"(33, 50)",0,0.008857395925597875,97.11111111111111,51.44444444444444,trust_fused,44,ATTACK,86,"(28, 48)",False,2,False,970
0,0.0,True,0.0,0.9,0.9,951,0,951.0,67,4,10,"(33, 8)",0,0.008857395925597875,88.6,35.0,trust_fused,67,ATTACK,98,"(26, 9)",False,0,False,975
4,0.0,True,0.0,0.9137746759129173,0.9725201455001021,954,0,954.0,55,1,10,"(21, 17)",0,0.011514614703277236,90.4,43.3,trust_fused,55,ATTACK,89,"(17, 12)",False,1,False,975
3,0.0,False,0.0,0.20938078961556705,0.20938078961556705,933,0,933.0,44,24,9,"(33, 50)",0,0.008857395925597875,97.11111111111111,51.44444444444444,trust_fused,44,ATTACK,87,"(33, 48)",False,2,False,975
0,0.0,True,0.0,0.9,0.9,956,0,956.0,68,4,10,"(33, 8)",0,0.007957559681697613,88.6,35.0,trust_fused,68,ATTACK,99,"(27, 7)",False,0,False,980
4,0.0,True,0.0,0.9196334317848788,0.9742397211235415,959,0,959.0,55,1,10,"(21, 17)",0,0.010610079575596816,90.4,43.3,trust_fused,55,ATTACK,89,"(17, 17)",False,1,False,980
3,0.0,False,0.0,0.20938078961556705,0.20938078961556705,937,0,937.0,45,24,10,"(33, 8)",0,0.008841732979664015,97.8,52.0,trust_fused,45,ATTACK,88,"(33, 48)",False,2,False,980
0,0.0,True,0.0,0.9,0.9,961,0,961.0,68,4,10,"(33, 8)",0,0.007957559681697613,88.6,35.0,trust_fused,68,ATTACK,99,"(26, 11)",False,0,False,985
30,0.0,True,0.0,0.7358769216014664,0.7358769216014664,963,0,963.0,56,1,11,"(2, 41)",0,0.03359858532272325,89.54545454545455,41.36363636363637,trust_fused,56,ATTACK,90,"(21, 17)",False,1,False,985
31,0.0,False,0.0,0.20938078961556705,0.20938078961556705,942,0,942.0,45,24,10,"(33, 8)",0,0.008841732979664015,97.8,52.0,trust_fused,45,ATTACK,88,"(30, 46)",False,2,False,985
0,0.0,True,0.0,0.9,0.9,966,0,966.0,68,4,10,"(33, 8)",0,0.007073386383731211,88.6,35.0,trust_fused,68,ATTACK,99,"(30, 12)",False,0,False,990
15,0.0,True,0.0,0.7358769216014664,0.7358769216014664,968,0,968.0,56,1,11,"(2, 41)",0,0.01768346595932803,89.54545454545455,41.36363636363637,trust_fused,56,ATTACK,90,"(18, 19)",False,1,False,990
16,0.0,False,0.0,0.20938078961556705,0.20938078961556705,947,0,947.0,45,24,10,"(33, 8)",0,0.01237842617152962,97.8,52.0,trust_fused,45,ATTACK,88,"(29, 42)",False,2,False,990
0,0.0,True,0.0,0.9,0.9,971,0,971.0,68,4,10,"(33, 8)",0,0.004409171075837742,88.6,35.0,trust_fused,68,ATTACK,99,"(31, 8)",False,0,False,995
15,0.0,True,0.0,0.7358769216014664,0.7358769216014664,973,0,973.0,56,1,11,"(2, 41)",0,0.014991181657848324,89.54545454545455,41.36363636363637,trust_fused,56,ATTACK,90,"(16, 22)",False,1,False,995
16,0.0,False,0.0,0.20938078961556705,0.20938078961556705,952,0,952.0,45,24,10,"(33, 8)",0,0.012345679012345678,97.8,52.0,trust_fused,45,ATTACK,88,"(29, 37)",False,2,False,995
0,0.0,True,0.0,0.9,0.9,975,0,975.0,69,4,11,"(24, 45)",0,0.004393673110720563,90.72727272727273,36.09090909090909,trust_fused,69,ATTACK,101,"(31, 8)",False,0,False,1000
15,0.0,True,0.0,0.740120102964849,0.7653719088659412,978,0,978.0,57,1,11,"(2, 41)",0,0.014938488576449912,89.54545454545455,41.36363636363637,trust_fused,57,ATTACK,91,"(11, 22)",False,1,False,1000
16,0.0,False,0.0,0.20938078961556705,0.20938078961556705,957,0,957.0,45,24,10,"(33, 8)",0,0.013181019332161687,97.8,52.0,trust_fused,45,ATTACK,89,"(29, 32)",False,2,False,1000
0,0.0,True,0.0,0.9,0.9,980,0,980.0,69,4,11,"(24, 45)",0,0.004393673110720563,90.72727272727273,36.09090909090909,trust_fused,69,ATTACK,101,"(30, 12)",False,0,False,1005
15,0.0,True,0.0,0.7418019821158441,0.7737576859847533,983,0,983.0,57,1,11,"(2, 41)",0,0.014938488576449912,89.54545454545455,41.36363636363637,trust_fused,57,ATTACK,91,"(8, 24)",False,1,False,1005
16,0.0,False,0.0,0.20938078961556705,0.20938078961556705,962,0,962.0,45,24,10,"(33, 8)",0,0.014059753954305799,97.8,52.0,trust_fused,45,ATTACK,89,"(29, 27)",False,2,False,1005
0,0.0,True,0.0,0.9,0.9,985,0,985.0,69,4,11,"(24, 45)",0,0.0026292725679228747,90.72727272727273,36.09090909090909,trust_fused,69,ATTACK,101,"(26, 13)",False,0,False,1010
13,0.0,True,0.0,0.751107561580787,0.8019743342931166,988,0,988.0,57,1,11,"(2, 41)",0,0.011393514460999123,89.54545454545455,41.36363636363637,trust_fused,57,ATTACK,91,"(8, 29)",False,1,False,1010
7,0.0,False,0.0,0.10229881122645974,0.10229881122645974,967,0,967.0,45,24,10,"(33, 8)",0,0.012269938650306749,97.8,52.0,trust_fused,45,ATTACK,91,"(29, 22)",False,2,False,1010
0,0.0,True,0.0,0.9,0.9,990,0,990.0,69,4,11,"(24, 45)",0,0.0026223776223776225,90.72727272727273,36.09090909090909,trust_fused,69,ATTACK,101,"(26, 18)",False,0,False,1015
5,0.0,True,0.0,0.766234335279531,0.8274031774859537,993,0,993.0,57,1,11,"(2, 41)",0,0.004370629370629371,89.54545454545455,41.36363636363637,trust_fused,57,ATTACK,91,"(8, 34)",False,1,False,1015
4,0.0,False,0.0,0.11752751200759254,0.2351562713761943,972,0,972.0,45,24,10,"(33, 8)",0,0.012237762237762238,97.8,52.0,trust_fused,45,ATTACK,91,"(29, 17)",False,2,False,1015
0,0.0,True,0.0,0.9,0.9,995,0,995.0,69,4,11,"(24, 45)",0,0.0026223776223776225,90.72727272727273,36.09090909090909,trust_fused,69,ATTACK,101,"(26, 23)",False,0,False,1020
9,0.0,True,0.0,0.7727745191934878,0.8350629985669475,998,0,998.0,57,1,11,"(2, 41)",0,0.008741258741258742,89.54545454545455,41.36363636363637,trust_fused,57,ATTACK,91,"(5, 36)",False,1,False,1020
7,0.0,False,0.0,0.16636333757052008,0.3867162827435949,977,0,977.0,45,24,10,"(33, 8)",0,0.007867132867132868,97.8,52.0,trust_fused,45,ATTACK,91,"(29, 12)",False,2,False,1020
0,0.0,True,0.0,0.9,0.9,1000,0,1000.0,69,4,11,"(24, 45)",0,0.0026223776223776225,90.72727272727273,36.09090909090909,trust_fused,69,ATTACK,102,"(26, 28)",False,0,False,1025
9,0.0,True,0.0,0.7727745191934878,0.8350629985669475,1003,0,1003.0,57,1,11,"(2, 41)",0,0.006118881118881119,89.54545454545455,41.36363636363637,trust_fused,57,ATTACK,92,"(4, 40)",False,1,False,1025
3,0.0,False,0.0,0.21391878037067139,0.3567034603226004,982,0,982.0,45,24,10,"(33, 8)",0,0.0034965034965034965,97.8,52.0,trust_fused,45,ATTACK,93,"(30, 8)",False,2,False,1025
0,0.0,True,0.0,0.9,0.9,1005,0,1005.0,69,4,11,"(24, 45)",0,0.0026223776223776225,90.72727272727273,36.09090909090909,trust_fused,69,ATTACK,102,"(26, 33)",False,0,False,1030
9,0.0,True,0.0,0.7727745191934878,0.8350629985669475,1007,0,1007.0,58,1,11,"(33, 50)",0,0.006118881118881119,89.54545454545455,41.36363636363637,trust_fused,58,ATTACK,93,"(3, 41)",False,1,False,1030
2,0.0,False,0.0,0.2499638343796247,0.4558382276155382,986,0,986.0,46,24,10,"(33, 30)",0,0.0034965034965034965,97.8,52.0,trust_fused,46,ATTACK,94,"(32, 8)",False,2,False,1030
0,0.0,True,0.0,0.9,0.9,1010,0,1010.0,69,4,11,"(24, 45)",0,0.0026223776223776225,90.72727272727273,36.09090909090909,trust_fused,69,ATTACK,102,"(26, 38)",False,0,False,1035
9,0.0,True,0.0,0.7727745191934878,0.8350629985669475,1012,0,1012.0,58,1,11,"(33, 50)",0,0.005244755244755245,89.54545454545455,41.36363636363637,trust_fused,58,ATTACK,93,"(5, 44)",False,1,False,1035
2,0.0,False,0.0,0.2499638343796247,0.4558382276155382,991,0,991.0,46,24,10,"(33, 30)",0,0.0034965034965034965,97.8,52.0,trust_fused,46,ATTACK,94,"(30, 11)",False,2,False,1035
0,0.0,True,0.0,0.9,0.9,1015,0,1015.0,69,4,11,"(24, 45)",0,0.0026223776223776225,90.72727272727273,36.09090909090909,trust_fused,69,ATTACK,102,"(26, 43)",False,0,False,1040
9,0.0,True,0.0,0.7727745191934878,0.8350629985669475,1017,0,1017.0,58,1,11,"(33, 50)",0,0.006118881118881119,89.54545454545455,41.36363636363637,trust_fused,58,ATTACK,93,"(8, 46)",False,1,False,1040
2,0.0,False,0.0,0.2610012047467994,0.47071124172311857,996,0,996.0,46,24,10,"(33, 30)",0,0.0034965034965034965,97.8,52.0,trust_fused,46,ATTACK,94,"(29, 15)",False,2,False,1040
0,0.0,True,0.0,0.9,0.9,1019,0,1019.0,70,4,11,"(2, 20)",0,0.0026223776223776225,90.72727272727273,36.09090909090909,trust_fused,70,ATTACK,103,"(24, 45)",False,0,False,1045
9,0.0,True,0.0,0.7792964309398156,0.8409790676497578,1022,0,1022.0,58,1,11,"(33, 50)",0,0.006118881118881119,89.54545454545455,41.36363636363637,trust_fused,58,ATTACK,93,"(12, 47)",False,1,False,1045
2,0.0,True,0.0,0.319758745932163,0.5504342488900972,1001,0,1001.0,46,24,10,"(33, 30)",0,0.005244755244755245,97.8,52.0,trust_fused,46,ATTACK,94,"(29, 20)",False,2,False,1045
0,0.0,True,0.0,0.9,0.9,1024,0,1024.0,70,4,11,"(2, 20)",0,0.04108391608391608,90.72727272727273,36.09090909090909,trust_fused,70,ATTACK,104,"(25, 41)",False,0,False,1050
9,0.0,True,0.0,0.7792964309398156,0.8409790676497578,1027,0,1027.0,58,1,11,"(33, 50)",0,0.04283216783216783,89.54545454545455,41.36363636363637,trust_fused,58,ATTACK,94,"(15, 49)",False,1,False,1050
2,0.0,True,0.0,0.36916514434182185,0.6048153028669,1006,0,1006.0,46,24,10,"(33, 30)",0,0.037587412587412584,97.8,52.0,trust_fused,46,ATTACK,95,"(29, 25)",False,2,False,1050
0,0.0,True,0.0,0.9,0.9,1029,0,1029.0,70,4,11,"(2, 20)",0,0.03496503496503497,90.72727272727273,36.09090909090909,trust_fused,70,ATTACK,104,"(25, 36)",False,0,False,1055
9,0.0,True,0.0,0.7792964309398156,0.8409790676497578,1032,0,1032.0,58,1,11,"(33, 50)",0,0.03671328671328671,89.54545454545455,41.36363636363637,trust_fused,58,ATTACK,94,"(20, 49)",False,1,False,1055
2,0.0,True,0.0,0.36916514434182185,0.6048153028669,1011,0,1011.0,46,24,10,"(33, 30)",0,0.033216783216783216,97.8,52.0,trust_fused,46,ATTACK,95,"(29, 30)",False,2,False,1055
0,0.0,True,0.0,0.9,0.9,1034,0,1034.0,70,4,11,"(2, 20)",0,0.03412073490813648,90.72727272727273,36.09090909090909,trust_fused,70,ATTACK,104,"(25, 31)",False,0,False,1060
13,0.0,True,0.0,0.786151830614471,0.8521916882115412,1037,0,1037.0,58,1,11,"(33, 50)",0,0.03937007874015748,89.54545454545455,41.36363636363637,trust_fused,58,ATTACK,94,"(25, 49)",False,1,False,1060
6,0.0,True,0.0,0.4329335825279203,0.6777855409554624,1015,0,1015.0,47,24,11,"(2, 41)",0,0.03237095363079615,96.36363636363636,50.09090909090909,trust_fused,47,ATTACK,96,"(33, 30)",False,2,False,1060
0,0.0,True,0.0,0.9,0.9,1039,0,1039.0,70,4,11,"(2, 20)",0,0.03412073490813648,90.72727272727273,36.09090909090909,trust_fused,70,ATTACK,104,"(25, 26)",False,0,False,1065
13,0.0,True,0.0,0.8041636199534767,0.8735213472364891,1042,0,1042.0,58,1,11,"(33, 50)",0,0.03937007874015748,89.54545454545455,41.36363636363637,trust_fused,58,ATTACK,94,"(30, 49)",False,1,False,1065
6,0.0,True,0.0,0.49667690403320747,0.7375386210581228,1020,0,1020.0,47,24,11,"(2, 41)",0,0.03237095363079615,96.36363636363636,50.09090909090909,trust_fused,47,ATTACK,96,"(29, 31)",False,2,False,1065
0,0.0,True,0.0,0.9,0.9,1044,0,1044.0,70,4,11,"(2, 20)",0,0.033245844269466314,90.72727272727273,36.09090909090909,trust_fused,70,ATTACK,104,"(21, 25)",False,0,False,1070
13,0.0,True,0.0,0.8041636199534767,0.8735213472364891,1046,0,1046.0,59,1,12,"(24, 45)",0,0.03849518810148731,89.16666666666667,41.333333333333336,trust_fused,59,ATTACK,95,"(33, 50)",False,1,False,1070
6,0.0,True,0.0,0.5577043348752491,0.7817884646571419,1025,0,1025.0,47,24,11,"(2, 41)",0,0.031496062992125984,96.36363636363636,50.09090909090909,trust_fused,47,ATTACK,96,"(26, 33)",False,2,False,1070
0,0.0,True,0.0,0.9,0.9,1049,0,1049.0,70,4,11,"(2, 20)",0,0.02712160979877515,90.72727272727273,36.09090909090909,trust_fused,70,ATTACK,105,"(19, 22)",False,0,False,1075
13,0.0,True,0.0,0.8041636199534767,0.8735213472364891,1051,0,1051.0,59,1,12,"(24, 45)",0,0.03587051618547681,89.16666666666667,41.333333333333336,trust_fused,59,ATTACK,96,"(29, 49)",False,1,False,1075
6,0.0,True,0.0,0.613060057696943,0.814649618857575,1030,0,1030.0,48,24,11,"(2, 41)",0,0.02712160979877515,96.36363636363636,50.09090909090909,trust_fused,48,ATTACK,97,"(24, 36)",False,2,False,1075
0,0.0,True,0.0,0.9,0.9,1054,0,1054.0,70,4,11,"(2, 20)",0,0.025416301489921123,90.72727272727273,36.09090909090909,trust_fused,70,ATTACK,105,"(15, 21)",False,0,False,1080
13,0.0,True,0.0,0.8187321522583557,0.8879622037222523,1056,0,1056.0,59,1,12,"(24, 45)",0,0.03502626970227671,89.16666666666667,41.333333333333336,trust_fused,59,ATTACK,96,"(26, 47)",False,1,False,1080
6,0.0,True,0.0,0.6626874874887912,0.8434512861202627,1035,0,1035.0,49,24,11,"(2, 41)",0,0.021891418563922942,96.36363636363636,50.09090909090909,trust_fused,49,ATTACK,98,"(23, 38)",False,2,False,1080
0,0.0,True,0.0,0.9,0.9,1059,0,1059.0,70,4,11,"(2, 20)",0,0.025416301489921123,90.72727272727273,36.09090909090909,trust_fused,70,ATTACK,105,"(11, 20)",False,0,False,1085
13,0.0,True,0.0,0.826000653953953,0.8946816220248834,1060,0,1060.0,60,1,12,"(33, 8)",0,0.03502626970227671,89.16666666666667,41.333333333333336,trust_fused,60,ATTACK,97,"(24, 45)",False,1,False,1085
6,0.0,True,0.0,0.6626874874887912,0.8434512861202627,1040,0,1040.0,49,24,11,"(2, 41)",0,0.023642732049036778,96.36363636363636,50.09090909090909,trust_fused,49,ATTACK,98,"(20, 36)",False,2,False,1085
0,0.0,True,0.0,0.9,0.9,1064,0,1064.0,70,4,11,"(2, 20)",0,0.025416301489921123,90.72727272727273,36.09090909090909,trust_fused,70,ATTACK,105,"(6, 20)",False,0,False,1090
13,0.0,True,0.0,0.8402205570373407,0.9071706982397189,1065,0,1065.0,60,1,12,"(33, 8)",0,0.03502626970227671,89.16666666666667,41.333333333333336,trust_fused,60,ATTACK,97,"(27, 43)",False,1,False,1090
6,0.0,True,0.0,0.6809681993437631,0.8525957410463749,1045,0,1045.0,49,24,11,"(2, 41)",0,0.024518388791593695,96.36363636363636,50.09090909090909,trust_fused,49,ATTACK,98,"(19, 40)",False,2,False,1090
0,0.0,True,0.0,0.9,0.9,1068,0,1068.0,71,4,12,"(15, 2)",0,0.022787028921998246,91.25,37.25,trust_fused,71,ATTACK,106,"(2, 20)",False,0,False,1095
27,4.83023830683635,True,4.83023830683635,0.8572356823034054,0.9199734855347327,1070,0,1070.0,60,1,12,"(33, 8)",0,0.046409807355516634,89.16666666666667,41.333333333333336,trust_fused,60,ATTACK,98,"(29, 40)",False,1,False,1095
20,0.0,True,0.0,0.6809681993437631,0.8525957410463749,1050,0,1050.0,49,24,11,"(2, 41)",0,0.020140105078809107,96.36363636363636,50.09090909090909,trust_fused,49,ATTACK,98,"(15, 41)",False,2,False,1095
0,0.0,True,0.0,0.9,0.9,1073,0,1073.0,71,4,12,"(15, 2)",0,0.022787028921998246,91.25,37.25,trust_fused,71,ATTACK,107,"(7, 20)",False,0,False,1100
27,4.624212846624175,True,4.624212846624175,0.8730219593361779,0.9311109985615097,1075,0,1075.0,60,1,12,"(33, 8)",0,0.0446584938704028,89.16666666666667,41.333333333333336,trust_fused,60,ATTACK,99,"(29, 35)",False,1,False,1100
20,0.0,True,0.0,0.6809681993437631,0.8525957410463749,1055,0,1055.0,49,24,11,"(2, 41)",0,0.024518388791593695,96.36363636363636,50.09090909090909,trust_fused,49,ATTACK,99,"(10, 41)",False,2,False,1100
0,0.0,True,0.0,0.9,0.9,1078,0,1078.0,71,4,12,"(15, 2)",0,0.021034180543382998,91.25,37.25,trust_fused,71,ATTACK,107,"(12, 20)",False,0,False,1105
27,4.624212846624175,True,4.624212846624175,0.887552645063523,0.9408352764071771,1080,0,1080.0,60,1,12,"(33, 8)",0,0.0446584938704028,89.16666666666667,41.333333333333336,trust_fused,60,ATTACK,99,"(29, 30)",False,1,False,1105
20,0.0,True,0.0,0.6809681993437631,0.8525957410463749,1060,0,1060.0,49,24,11,"(2, 41)",0,0.02626970227670753,96.36363636363636,50.09090909090909,trust_fused,49,ATTACK,99,"(5, 41)",False,2,False,1105
0,0.0,True,0.0,0.9,0.9,1083,0,1083.0,71,4,12,"(15, 2)",0,0.020157756354075372,91.25,37.25,trust_fused,71,ATTACK,107,"(14, 17)",False,0,False,1110
26,2.835729140182842,True,2.835729140182842,0.8873608876406847,0.8873608876406847,1085,0,1085.0,60,1,12,"(33, 8)",0,0.0446584938704028,89.16666666666667,41.333333333333336,trust_fused,60,ATTACK,100,"(29, 25)",False,1,False,1110
20,0.0,True,0.0,0.6809681993437631,0.8525957410463749,1064,0,1064.0,50,24,11,"(21, 17)",0,0.024518388791593695,96.36363636363636,50.09090909090909,trust_fused,50,ATTACK,100,"(3, 41)",False,2,False,1110
0,0.0,True,0.0,0.9,0.9,1088,0,1088.0,71,4,12,"(15, 2)",0,0.018404907975460124,91.25,37.25,trust_fused,71,ATTACK,107,"(15, 13)",False,0,False,1115
9,0.0,False,0.0,0.3094035801167225,0.3094035801167225,1090,0,1090.0,60,1,12,"(33, 8)",0,0.02626970227670753,89.16666666666667,41.333333333333336,trust_fused,60,ATTACK,104,"(29, 20)",False,1,False,1115
20,0.0,True,0.0,0.6809681993437631,0.8525957410463749,1069,0,1069.0,50,24,11,"(21, 17)",0,0.01838879159369527,96.36363636363636,50.09090909090909,trust_fused,50,ATTACK,100,"(8, 41)",False,2,False,1115
0,0.0,True,0.0,0.9,0.9,1093,0,1093.0,71,4,12,"(15, 2)",0,0.016652059596844872,91.25,37.25,trust_fused,71,ATTACK,107,"(15, 8)",False,0,False,1120
9,0.0,False,0.0,0.3094035801167225,0.3094035801167225,1095,0,1095.0,60,1,12,"(33, 8)",0,0.021015761821366025,89.16666666666667,41.333333333333336,trust_fused,60,ATTACK,104,"(29, 15)",False,1,False,1120
20,0.0,True,0.0,0.6809681993437631,0.8525957410463749,1074,0,1074.0,50,24,11,"(21, 17)",0,0.017513134851138354,96.36363636363636,50.09090909090909,trust_fused,50,ATTACK,100,"(12, 40)",False,2,False,1120
0,0.0,True,0.0,0.9,0.9,1098,0,1098.0,71,4,12,"(15, 2)",0,0.015748031496062992,91.25,37.25,trust_fused,71,ATTACK,108,"(15, 3)",False,0,False,1125
5,0.0,False,0.0,0.3094035801167225,0.3094035801167225,1100,0,1100.0,60,1,12,"(33, 8)",0,0.011363636363636364,89.16666666666667,41.333333333333336,trust_fused,60,ATTACK,105,"(30, 11)",False,1,False,1125
20,0.0,True,0.0,0.6809681993437631,0.8525957410463749,1079,0,1079.0,51,24,11,"(21, 17)",0,0.019230769230769232,96.36363636363636,50.09090909090909,trust_fused,51,ATTACK,101,"(13, 36)",False,2,False,1125
0,0.0,True,0.0,0.9,0.9,1102,0,1102.0,72,4,12,"(21, 17)",0,0.012248468941382326,91.25,37.25,trust_fused,72,ATTACK,109,"(15, 5)",False,0,False,1130
4,0.0,False,0.0,0.3094035801167225,0.3094035801167225,1105,0,1105.0,60,1,12,"(33, 8)",0,0.007867132867132868,89.16666666666667,41.333333333333336,trust_fused,60,ATTACK,105,"(32, 8)",False,1,False,1130
20,0.0,True,0.0,0.6809681993437631,0.8525957410463749,1084,0,1084.0,51,24,11,"(21, 17)",0,0.018356643356643356,96.36363636363636,50.09090909090909,trust_fused,51,ATTACK,101,"(16, 34)",False,2,False,1130
0,0.0,True,0.0,0.9,0.9,1107,0,1107.0,72,4,12,"(21, 17)",0,0.010498687664041995,91.25,37.25,trust_fused,72,ATTACK,109,"(17, 8)",False,0,False,1135
8,0.0,False,0.0,0.3094035801167225,0.3094035801167225,1109,0,1109.0,61,1,13,"(33, 50)",0,0.007867132867132868,87.07692307692308,41.76923076923077,trust_fused,61,ATTACK,106,"(31, 9)",False,1,False,1135
24,0.0,True,0.0,0.7222024619148044,0.8698769428669636,1089,0,1089.0,52,24,11,"(21, 17)",0,0.02097902097902098,96.36363636363636,50.09090909090909,trust_fused,52,ATTACK,102,"(18, 31)",False,2,False,1135
0,0.0,True,0.0,0.9,0.9,1112,0,1112.0,72,4,12,"(21, 17)",0,0.010498687664041995,91.25,37.25,trust_fused,72,ATTACK,109,"(17, 13)",False,0,False,1140
8,0.0,False,0.0,0.3094035801167225,0.3094035801167225,1114,0,1114.0,61,1,13,"(33, 50)",0,0.007867132867132868,87.07692307692308,41.76923076923077,trust_fused,61,ATTACK,106,"(29, 12)",False,1,False,1140
24,0.0,True,0.0,0.7511539462238297,0.8834528165751792,1094,0,1094.0,52,24,11,"(21, 17)",0,0.02097902097902098,96.36363636363636,50.09090909090909,trust_fused,52,ATTACK,102,"(20, 28)",False,2,False,1140
0,0.0,True,0.0,0.9,0.9,1117,0,1117.0,72,4,12,"(21, 17)",0,0.010498687664041995,91.25,37.25,trust_fused,72,ATTACK,109,"(18, 17)",False,0,False,1145
8,0.0,False,0.0,0.3094035801167225,0.3094035801167225,1119,0,1119.0,61,1,13,"(33, 50)",0,0.007867132867132868,87.07692307692308,41.76923076923077,trust_fused,61,ATTACK,106,"(28, 16)",False,1,False,1145
24,0.0,True,0.0,0.7833431892895638,0.8991203091088643,1099,0,1099.0,52,24,11,"(21, 17)",0,0.020104895104895104,96.36363636363636,50.09090909090909,trust_fused,52,ATTACK,102,"(19, 24)",False,2,False,1145
0,0.0,True,0.0,0.9,0.9,1121,0,1121.0,73,4,13,"(25, 2)",0,0.007874015748031496,88.38461538461539,36.07692307692308,trust_fused,73,ATTACK,111,"(20, 17)",False,0,False,1150
8,0.0,False,0.0,0.31330438693540896,0.36275830347845894,1124,0,1124.0,61,1,13,"(33, 50)",0,0.007867132867132868,87.07692307692308,41.76923076923077,trust_fused,61,ATTACK,107,"(28, 21)",False,1,False,1150
24,0.0,True,0.0,0.8121006114349375,0.9174199775052262,1104,0,1104.0,52,24,11,"(21, 17)",0,0.008741258741258742,96.36363636363636,50.09090909090909,trust_fused,52,ATTACK,103,"(19, 19)",False,2,False,1150
0,0.0,True,0.0,0.9,0.9,1126,0,1126.0,73,4,13,"(25, 2)",0,0.007874015748031496,88.38461538461539,36.07692307692308,trust_fused,73,ATTACK,111,"(18, 14)",False,0,False,1155
8,0.0,False,0.0,0.3206148429868112,0.395770192183902,1129,0,1129.0,61,1,13,"(33, 50)",0,0.007867132867132868,87.07692307692308,41.76923076923077,trust_fused,61,ATTACK,107,"(28, 26)",False,1,False,1155
24,0.0,True,0.0,0.8386345740598189,0.9368441841453127,1108,0,1108.0,53,24,12,"(2, 41)",0,0.012237762237762238,96.25,49.75,trust_fused,53,ATTACK,104,"(21, 17)",False,2,False,1155
0,0.0,True,0.0,0.9,0.9,1131,0,1131.0,73,4,13,"(25, 2)",0,0.005253940455341506,88.38461538461539,36.07692307692308,trust_fused,73,ATTACK,111,"(19, 10)",False,0,False,1160
8,0.0,False,0.0,0.3467033668115625,0.4582056679381314,1134,0,1134.0,61,1,13,"(33, 50)",0,0.00699912510936133,87.07692307692308,41.76923076923077,trust_fused,61,ATTACK,107,"(28, 31)",False,1,False,1160
24,0.0,True,0.0,0.8627600047061359,0.9498383009211375,1113,0,1113.0,53,24,12,"(2, 41)",0,0.012248468941382326,96.25,49.75,trust_fused,53,ATTACK,104,"(18, 19)",False,2,False,1160
0,0.0,True,0.0,0.9,0.9,1136,0,1136.0,73,4,13,"(25, 2)",0,0.005253940455341506,88.38461538461539,36.07692307692308,trust_fused,73,ATTACK,111,"(23, 9)",False,0,False,1165
8,0.0,True,0.0,0.3807900274379677,0.520021319374634,1139,0,1139.0,61,1,13,"(33, 50)",0,0.00699912510936133,87.07692307692308,41.76923076923077,trust_fused,61,ATTACK,107,"(28, 36)",False,1,False,1165
24,0.0,True,0.0,0.8834584127048072,0.9565478453503906,1118,0,1118.0,53,24,12,"(2, 41)",0,0.012248468941382326,96.25,49.75,trust_fused,53,ATTACK,104,"(18, 24)",False,2,False,1165
0,0.0,True,0.0,0.9,0.9,1141,0,1141.0,73,4,13,"(25, 2)",0,0.0043782837127845885,88.38461538461539,36.07692307692308,trust_fused,73,ATTACK,111,"(25, 6)",False,0,False,1170
8,0.0,True,0.0,0.41173828158202436,0.5623587348803374,1144,0,1144.0,61,1,13,"(33, 50)",0,0.007874015748031496,87.07692307692308,41.76923076923077,trust_fused,61,ATTACK,107,"(28, 41)",False,1,False,1170
24,0.0,True,0.0,0.8941922913121515,0.9595954206741174,1123,0,1123.0,53,24,12,"(2, 41)",0,0.013123359580052493,96.25,49.75,trust_fused,53,ATTACK,104,"(17, 28)",False,2,False,1170
0,0.0,True,0.0,0.9,0.9,1145,0,1145.0,74,4,13,"(33, 30)",0,0.0043782837127845885,88.38461538461539,36.07692307692308,trust_fused,74,ATTACK,113,"(25, 2)",False,0,False,1175
12,0.0,True,0.0,0.41173828158202436,0.5623587348803374,1149,0,1149.0,62,1,13,"(33, 50)",0,0.011373578302712161,87.07692307692308,41.76923076923077,trust_fused,62,ATTACK,108,"(31, 43)",False,1,False,1175
28,0.0,True,0.0,0.9007068900646613,0.9615183080691931,1128,0,1128.0,53,24,12,"(2, 41)",0,0.016622922134733157,96.25,49.75,trust_fused,53,ATTACK,105,"(14, 30)",False,2,False,1175
0,0.0,True,0.0,0.9,0.9,1150,0,1150.0,74,4,13,"(33, 30)",0,0.0043859649122807015,88.38461538461539,36.07692307692308,trust_fused,74,ATTACK,113,"(26, 6)",False,0,False,1180
12,0.0,True,0.0,0.41173828158202436,0.5623587348803374,1154,0,1154.0,62,1,13,"(33, 50)",0,0.012269938650306749,87.07692307692308,41.76923076923077,trust_fused,62,ATTACK,108,"(33, 46)",False,1,False,1180
28,0.0,True,0.0,0.9007068900646613,0.9615183080691931,1133,0,1133.0,53,24,12,"(2, 41)",0,0.014899211218229623,96.25,49.75,trust_fused,53,ATTACK,105,"(12, 33)",False,2,False,1180
0,0.0,True,0.0,0.9,0.9,1155,0,1155.0,74,4,13,"(33, 30)",0,0.004370629370629371,88.38461538461539,36.07692307692308,trust_fused,74,ATTACK,113,"(28, 9)",False,0,False,1185
12,0.0,True,0.0,0.41173828158202436,0.5623587348803374,1158,0,1158.0,63,1,13,"(25, 2)",0,0.01222707423580786,87.07692307692308,41.76923076923077,trust_fused,63,ATTACK,109,"(33, 50)",False,1,False,1185
28,0.0,True,0.0,0.9007068900646613,0.9615183080691931,1138,0,1138.0,53,24,12,"(2, 41)",0,0.01572052401746725,96.25,49.75,trust_fused,53,ATTACK,105,"(10, 36)",False,2,False,1185
0,0.0,True,0.0,0.9,0.9,1160,0,1160.0,74,4,13,"(33, 30)",0,0.004370629370629371,88.38461538461539,36.07692307692308,trust_fused,74,ATTACK,113,"(28, 14)",False,0,False,1190
12,0.0,True,0.0,0.41173828158202436,0.5623587348803374,1163,0,1163.0,63,1,13,"(25, 2)",0,0.01222707423580786,87.07692307692308,41.76923076923077,trust_fused,63,ATTACK,109,"(30, 48)",False,1,False,1190
24,0.0,True,0.0,0.9007068900646613,0.9615183080691931,1143,0,1143.0,53,24,12,"(2, 41)",0,0.016593886462882096,96.25,49.75,trust_fused,53,ATTACK,105,"(10, 41)",False,2,False,1190
0,0.0,True,0.0,0.9,0.9,1165,0,1165.0,74,4,13,"(33, 30)",0,0.004370629370629371,88.38461538461539,36.07692307692308,trust_fused,74,ATTACK,113,"(28, 19)",False,0,False,1195
10,0.0,True,0.0,0.41173828158202436,0.5623587348803374,1168,0,1168.0,63,1,13,"(25, 2)",0,0.01222707423580786,87.07692307692308,41.76923076923077,trust_fused,63,ATTACK,109,"(30, 43)",False,1,False,1195
8,0.0,True,0.0,0.7663129347358427,0.7663129347358427,1148,0,1148.0,53,24,12,"(2, 41)",0,0.010480349344978166,96.25,49.75,trust_fused,53,ATTACK,105,"(5, 41)",False,2,False,1195
0,0.0,True,0.0,0.9,0.9,1170,0,1170.0,74,4,13,"(33, 30)",0,0.04283216783216783,88.38461538461539,36.07692307692308,trust_fused,74,ATTACK,114,"(28, 24)",False,0,False,1200
9,0.0,True,0.0,0.41173828158202436,0.5623587348803374,1173,0,1173.0,63,1,13,"(25, 2)",0,0.03755458515283843,87.07692307692308,41.76923076923077,trust_fused,63,ATTACK,110,"(29, 39)",False,1,False,1200
6,0.0,True,0.0,0.599228151754862,0.599228151754862,1152,0,1152.0,54,24,12,"(33, 8)",0,0.03755458515283843,96.25,49.75,trust_fused,54,ATTACK,107,"(3, 41)",False,2,False,1200
0,0.0,True,0.0,0.9,0.9,1175,0,1175.0,74,4,13,"(33, 30)",0,0.038461538461538464,88.38461538461539,36.07692307692308,trust_fused,74,ATTACK,114,"(29, 28)",False,0,False,1205
9,0.0,True,0.0,0.41990251990534777,0.5750230480484922,1178,0,1178.0,64,1,13,"(25, 2)",0,0.03318777292576419,87.07692307692308,41.76923076923077,trust_fused,64,ATTACK,111,"(28, 35)",False,1,False,1205
6,0.0,True,0.0,0.599228151754862,0.599228151754862,1157,0,1157.0,54,24,12,"(33, 8)",0,0.03406113537117904,96.25,49.75,trust_fused,54,ATTACK,107,"(7, 40)",False,2,False,1205
0,0.0,True,0.0,0.9,0.9,1180,0,1180.0,74,4,13,"(33, 30)",0,0.03583916083916084,88.38461538461539,36.07692307692308,trust_fused,74,ATTACK,114,"(32, 30)",False,0,False,1210
9,0.0,True,0.0,0.4670182393307897,0.662441888845246,1183,0,1183.0,65,1,13,"(25, 2)",0,0.03056768558951965,87.07692307692308,41.76923076923077,trust_fused,65,ATTACK,112,"(28, 30)",False,1,False,1210
6,0.0,True,0.0,0.599228151754862,0.599228151754862,1162,0,1162.0,54,24,12,"(33, 8)",0,0.0314410480349345,96.25,49.75,trust_fused,54,ATTACK,107,"(9, 37)",False,2,False,1210
0,0.0,True,0.0,0.9,0.9,1184,0,1184.0,75,4,14,"(2, 41)",0,0.033216783216783216,86.57142857142857,36.142857142857146,trust_fused,75,ATTACK,115,"(30, 30)",False,0,False,1215
25,3.840493856442457,True,3.840493856442457,0.5206856217522066,0.7242307087983999,1188,0,1188.0,66,1,13,"(25, 2)",25,0.0314410480349345,87.07692307692308,41.76923076923077,trust_fused,66,ATTACK,113,"(28, 25)",True,1,True,1215
22,0.0,True,0.0,0.599228151754862,0.599228151754862,1167,0,1167.0,54,24,12,"(33, 8)",0,0.04017467248908297,96.25,49.75,trust_fused,54,ATTACK,107,"(12, 35)",False,2,False,1215
0,0.0,True,0.0,0.9,0.9,1189,0,1189.0,75,4,14,"(2, 41)",0,0.031496062992125984,86.57142857142857,36.142857142857146,trust_fused,75,ATTACK,115,"(28, 33)",False,0,False,1220
25,3.840493856442457,True,3.840493856442457,0.5728964877305192,0.7678920933150485,1193,0,1193.0,67,1,13,"(25, 2)",25,0.03146853146853147,87.07692307692308,41.76923076923077,trust_fused,67,ATTACK,114,"(28, 22)",True,1,True,1220
22,0.0,True,0.0,0.599228151754862,0.599228151754862,1172,0,1172.0,55,24,12,"(33, 8)",0,0.03671328671328671,96.25,49.75,trust_fused,55,ATTACK,108,"(12, 30)",False,2,False,1220
0,0.0,True,0.0,0.9,0.9,1194,0,1194.0,76,4,14,"(2, 41)",0,0.028846153846153848,86.57142857142857,36.142857142857146,trust_fused,76,ATTACK,116,"(24, 34)",False,0,False,1225
9,1.4651603548923688,False,1.4651603548923688,0.26776599765034287,0.26776599765034287,1198,0,1198.0,69,1,13,"(25, 2)",9,0.021853146853146852,87.07692307692308,41.76923076923077,trust_fused,69,ATTACK,117,"(28, 17)",True,1,True,1225
20,0.0,True,0.0,0.599228151754862,0.599228151754862,1177,0,1177.0,56,24,12,"(33, 8)",0,0.025349650349650348,96.25,49.75,trust_fused,56,ATTACK,110,"(17, 30)",False,2,False,1225
0,0.0,True,0.0,0.9,0.9,1199,0,1199.0,77,4,14,"(2, 41)",0,0.025349650349650348,86.57142857142857,36.142857142857146,trust_fused,77,ATTACK,117,"(19, 34)",False,0,False,1230
5,0.0,False,0.0,0.2044954847334633,0.2044954847334633,1203,0,1203.0,69,1,13,"(25, 2)",0,0.018356643356643356,87.07692307692308,41.76923076923077,trust_fused,69,ATTACK,117,"(28, 12)",False,1,False,1230
19,0.0,True,0.0,0.6091698538098046,0.6716585647898444,1182,0,1182.0,56,24,12,"(33, 8)",0,0.01486013986013986,96.25,49.75,trust_fused,56,ATTACK,110,"(21, 29)",False,2,False,1230
0,0.0,True,0.0,0.9,0.9,1204,0,1204.0,78,4,14,"(2, 41)",0,0.022727272727272728,86.57142857142857,36.142857142857146,trust_fused,78,ATTACK,118,"(19, 39)",False,0,False,1235
4,0.0,False,0.0,0.2044954847334633,0.2044954847334633,1208,0,1208.0,69,1,13,"(25, 2)",0,0.018356643356643356,87.07692307692308,41.76923076923077,trust_fused,69,ATTACK,117,"(28, 7)",False,1,False,1235
18,0.0,True,0.0,0.6313092198625673,0.7250655426406157,1187,0,1187.0,56,24,12,"(33, 8)",0,0.012237762237762238,96.25,49.75,trust_fused,56,ATTACK,110,"(22, 25)",False,2,False,1235
0,0.0,True,0.0,0.9,0.9,1209,0,1209.0,78,4,14,"(2, 41)",0,0.015775635407537247,86.57142857142857,36.142857142857146,trust_fused,78,ATTACK,118,"(16, 41)",False,0,False,1240
4,0.0,False,0.0,0.2044954847334633,0.2044954847334633,1213,0,1213.0,69,1,13,"(25, 2)",0,0.018404907975460124,87.07692307692308,41.76923076923077,trust_fused,69,ATTACK,117,"(25, 5)",False,1,False,1240
18,0.0,True,0.0,0.6584375887565074,0.7661803205770461,1192,0,1192.0,56,24,12,"(33, 8)",0,0.007887817703768623,96.25,49.75,trust_fused,56,ATTACK,110,"(27, 25)",False,2,False,1240
0,0.0,True,0.0,0.9,0.9,1214,0,1214.0,78,4,14,"(2, 41)",0,0.015775635407537247,86.57142857142857,36.142857142857146,trust_fused,78,ATTACK,118,"(11, 41)",False,0,False,1245
4,0.0,False,0.0,0.2044954847334633,0.2044954847334633,1217,0,1217.0,70,1,14,"(2, 41)",0,0.018404907975460124,88.85714285714286,43.0,trust_fused,70,ATTACK,118,"(25, 3)",False,1,False,1245
18,0.0,True,0.0,0.681600498245998,0.7921209022012935,1197,0,1197.0,56,24,12,"(33, 8)",0,0.007887817703768623,96.25,49.75,trust_fused,56,ATTACK,110,"(28, 21)",False,2,False,1245
0,0.0,True,0.0,0.9,0.9,1219,0,1219.0,78,4,14,"(2, 41)",0,0.014899211218229623,86.57142857142857,36.142857142857146,trust_fused,78,ATTACK,119,"(6, 41)",False,0,False,1250
7,0.0,False,0.0,0.2044954847334633,0.2044954847334633,1222,0,1222.0,70,1,14,"(2, 41)",0,0.018404907975460124,88.85714285714286,43.0,trust_fused,70,ATTACK,119,"(25, 8)",False,1,False,1250
6,0.0,False,0.0,0.23254895082518856,0.23254895082518856,1202,0,1202.0,57,24,12,"(33, 8)",0,0.007887817703768623,96.25,49.75,trust_fused,57,ATTACK,113,"(28, 16)",False,2,False,1250
0,0.0,True,0.0,0.9,0.9,1223,0,1223.0,79,4,14,"(21, 17)",0,0.014899211218229623,86.57142857142857,36.142857142857146,trust_fused,79,ATTACK,120,"(2, 41)",False,0,False,1255
6,0.0,False,0.0,0.2044954847334633,0.2044954847334633,1227,0,1227.0,70,1,14,"(2, 41)",0,0.017528483786152498,88.85714285714286,43.0,trust_fused,70,ATTACK,119,"(25, 13)",False,1,False,1255
6,0.0,False,0.0,0.23254895082518856,0.23254895082518856,1207,0,1207.0,57,24,12,"(33, 8)",0,0.007011393514460999,96.25,49.75,trust_fused,57,ATTACK,113,"(30, 13)",False,2,False,1255
0,0.0,True,0.0,0.9,0.9,1228,0,1228.0,79,4,14,"(21, 17)",0,0.014964788732394365,86.57142857142857,36.142857142857146,trust_fused,79,ATTACK,120,"(7, 41)",False,0,False,1260
6,0.0,False,0.0,0.2044954847334633,0.2044954847334633,1232,0,1232.0,70,1,14,"(2, 41)",0,0.017605633802816902,88.85714285714286,43.0,trust_fused,70,ATTACK,119,"(25, 18)",False,1,False,1260
6,0.0,False,0.0,0.23254895082518856,0.23254895082518856,1212,0,1212.0,57,24,12,"(33, 8)",0,0.007042253521126761,96.25,49.75,trust_fused,57,ATTACK,113,"(30, 8)",False,2,False,1260
0,0.0,True,0.0,0.9,0.9,1233,0,1233.0,79,4,14,"(21, 17)",0,0.014964788732394365,86.57142857142857,36.142857142857146,trust_fused,79,ATTACK,120,"(12, 41)",False,0,False,1265
6,0.0,False,0.0,0.2044954847334633,0.2044954847334633,1237,0,1237.0,70,1,14,"(2, 41)",0,0.017605633802816902,88.85714285714286,43.0,trust_fused,70,ATTACK,119,"(25, 23)",False,1,False,1265
6,0.0,False,0.0,0.23254895082518856,0.23254895082518856,1216,0,1216.0,58,24,13,"(13, 50)",0,0.007042253521126761,97.23076923076923,50.92307692307692,trust_fused,58,ATTACK,114,"(33, 9)",False,2,False,1265
0,0.0,True,0.0,0.9,0.9,1238,0,1238.0,79,4,14,"(21, 17)",0,0.014084507042253521,86.57142857142857,36.142857142857146,trust_fused,79,ATTACK,120,"(13, 37)",False,0,False,1270
5,0.0,False,0.0,0.21250652904077694,0.27481482130046825,1242,0,1242.0,70,1,14,"(2, 41)",0,0.017605633802816902,88.85714285714286,43.0,trust_fused,70,ATTACK,119,"(25, 28)",False,1,False,1270
6,0.0,False,0.0,0.23254895082518856,0.23254895082518856,1221,0,1221.0,58,24,13,"(13, 50)",0,0.009683098591549295,97.23076923076923,50.92307692307692,trust_fused,58,ATTACK,114,"(33, 14)",False,2,False,1270
0,0.0,True,0.0,0.9,0.9,1243,0,1243.0,80,4,14,"(21, 17)",0,0.01232394366197183,86.57142857142857,36.142857142857146,trust_fused,80,ATTACK,121,"(16, 35)",False,0,False,1275
1,0.0,False,0.0,0.23131523486886277,0.3195975790884205,1247,0,1247.0,71,1,14,"(2, 41)",0,0.017605633802816902,88.85714285714286,43.0,trust_fused,71,ATTACK,120,"(24, 32)",False,1,False,1275
6,0.0,False,0.0,0.23254895082518856,0.23254895082518856,1226,0,1226.0,59,24,13,"(13, 50)",0,0.011443661971830986,97.23076923076923,50.92307692307692,trust_fused,59,ATTACK,115,"(29, 15)",False,2,False,1275
0,0.0,True,0.0,0.9,0.9,1248,0,1248.0,80,4,14,"(21, 17)",0,0.0088261253309797,86.57142857142857,36.142857142857146,trust_fused,80,ATTACK,121,"(18, 32)",False,0,False,1280
1,0.0,False,0.0,0.2665565835306646,0.4318025700617378,1252,0,1252.0,71,1,14,"(2, 41)",0,0.01588702559576346,88.85714285714286,43.0,trust_fused,71,ATTACK,120,"(21, 34)",False,1,False,1280
6,0.0,False,0.0,0.23254895082518856,0.23254895082518856,1231,0,1231.0,59,24,13,"(13, 50)",0,0.01147396293027361,97.23076923076923,50.92307692307692,trust_fused,59,ATTACK,115,"(26, 17)",False,2,False,1280
0,0.0,True,0.0,0.9,0.9,1253,0,1253.0,80,4,14,"(21, 17)",0,0.0088261253309797,86.57142857142857,36.142857142857146,trust_fused,80,ATTACK,121,"(19, 28)",False,0,False,1285
1,0.0,True,0.0,0.32084690255127396,0.5473482201721415,1257,0,1257.0,71,1,14,"(2, 41)",0,0.01235657546337158,88.85714285714286,43.0,trust_fused,71,ATTACK,120,"(17, 35)",False,1,False,1285
6,0.0,False,0.0,0.23254895082518856,0.23254895082518856,1236,0,1236.0,59,24,13,"(13, 50)",0,0.009708737864077669,97.23076923076923,50.92307692307692,trust_fused,59,ATTACK,115,"(26, 22)",False,2,False,1285
0,0.0,True,0.0,0.9,0.9,1258,0,1258.0,80,4,14,"(21, 17)",0,0.0088261253309797,86.57142857142857,36.142857142857146,trust_fused,80,ATTACK,121,"(19, 23)",False,0,False,1290
16,0.0,True,0.0,0.38290906391620905,0.6217213097343309,1262,0,1262.0,71,1,14,"(2, 41)",0,0.02559576345984113,88.85714285714286,43.0,trust_fused,71,ATTACK,120,"(12, 35)",False,1,False,1290
20,0.0,False,0.0,0.24762424169000383,0.3356491836270914,1241,0,1241.0,59,24,13,"(13, 50)",0,0.0088261253309797,97.23076923076923,50.92307692307692,trust_fused,59,ATTACK,115,"(25, 26)",False,2,False,1290
0,0.0,True,0.0,0.9,0.9,1263,0,1263.0,80,4,14,"(21, 17)",0,0.009708737864077669,86.57142857142857,36.142857142857146,trust_fused,80,ATTACK,121,"(19, 18)",False,0,False,1295
16,0.0,True,0.0,0.4454725926051236,0.6810828304668598,1267,0,1267.0,71,1,14,"(2, 41)",0,0.02559576345984113,88.85714285714286,43.0,trust_fused,71,ATTACK,120,"(8, 36)",False,1,False,1295
20,0.0,False,0.0,0.2844562162119284,0.4522666212976995,1246,0,1246.0,59,24,13,"(13, 50)",0,0.00794351279788173,97.23076923076923,50.92307692307692,trust_fused,59,ATTACK,115,"(20, 26)",False,2,False,1295
0,0.0,True,0.0,0.9,0.9,1267,0,1267.0,81,4,15,"(33, 50)",0,0.009708737864077669,86.6,36.666666666666664,trust_fused,81,ATTACK,123,"(22, 17)",False,0,False,1300
16,0.0,True,0.0,0.505396922324869,0.7285649217784493,1272,0,1272.0,71,1,14,"(2, 41)",0,0.02559576345984113,88.85714285714286,43.0,trust_fused,71,ATTACK,121,"(7, 40)",False,1,False,1300
20,0.0,True,0.0,0.3347517554390238,0.5382320384094755,1251,0,1251.0,60,24,13,"(13, 50)",0,0.00794351279788173,97.23076923076923,50.92307692307692,trust_fused,60,ATTACK,116,"(18, 29)",False,2,False,1300
0,0.0,True,0.0,0.9,0.9,1272,0,1272.0,81,4,15,"(33, 50)",0,0.0088261253309797,86.6,36.666666666666664,trust_fused,81,ATTACK,123,"(27, 17)",False,0,False,1305
16,0.0,True,0.0,0.5621480400905006,0.7717383942620649,1277,0,1277.0,71,1,14,"(2, 41)",0,0.02559576345984113,88.85714285714286,43.0,trust_fused,71,ATTACK,121,"(3, 41)",False,1,False,1305
20,0.0,True,0.0,0.3911395520366341,0.6080029799243528,1256,0,1256.0,60,24,13,"(13, 50)",0,0.00794351279788173,97.23076923076923,50.92307692307692,trust_fused,60,ATTACK,116,"(16, 32)",False,2,False,1305
0,0.0,True,0.0,0.9,0.9,1277,0,1277.0,81,4,15,"(33, 50)",0,0.00794351279788173,86.6,36.666666666666664,trust_fused,81,ATTACK,123,"(27, 22)",False,0,False,1310
16,0.0,True,0.0,0.5838087086106171,0.7907613551480103,1281,0,1281.0,72,1,14,"(21, 17)",0,0.02559576345984113,88.85714285714286,43.0,trust_fused,72,ATTACK,122,"(5, 41)",False,1,False,1310
20,0.0,True,0.0,0.44791958006496796,0.6626406212016046,1261,0,1261.0,60,24,13,"(13, 50)",0,0.00794351279788173,97.23076923076923,50.92307692307692,trust_fused,60,ATTACK,116,"(13, 34)",False,2,False,1310
0,0.0,True,0.0,0.9,0.9,1282,0,1282.0,81,4,15,"(33, 50)",0,0.00794351279788173,86.6,36.666666666666664,trust_fused,81,ATTACK,123,"(27, 27)",False,0,False,1315
16,0.0,True,0.0,0.5838087086106171,0.7907613551480103,1286,0,1286.0,72,1,14,"(21, 17)",0,0.02471315092674316,88.85714285714286,43.0,trust_fused,72,ATTACK,122,"(8, 39)",False,1,False,1315
20,0.0,True,0.0,0.5037975234497074,0.713153845196187,1266,0,1266.0,60,24,13,"(13, 50)",0,0.00706090026478376,97.23076923076923,50.92307692307692,trust_fused,60,ATTACK,116,"(13, 39)",False,2,False,1315
0,0.0,True,0.0,0.9,0.9,1287,0,1287.0,81,4,15,"(33, 50)",0,0.006375227686703097,86.6,36.666666666666664,trust_fused,81,ATTACK,123,"(28, 31)",False,0,False,1320
16,0.0,True,0.0,0.5838087086106171,0.7907613551480103,1291,0,1291.0,72,1,14,"(21, 17)",0,0.018148820326678767,88.85714285714286,43.0,trust_fused,72,ATTACK,122,"(10, 36)",False,1,False,1320
13,0.0,True,0.0,0.5499549669410927,0.6368624710016696,1271,0,1271.0,60,24,13,"(13, 50)",0,0.00546448087431694,97.23076923076923,50.92307692307692,trust_fused,60,ATTACK,118,"(13, 44)",False,2,False,1320
0,0.0,True,0.0,0.9,0.9,1292,0,1292.0,82,4,15,"(33, 50)",0,0.0018214936247723133,86.6,36.666666666666664,trust_fused,82,ATTACK,124,"(29, 35)",False,0,False,1325
16,0.0,True,0.0,0.5838087086106171,0.7907613551480103,1296,0,1296.0,73,1,14,"(21, 17)",0,0.0054446460980036296,88.85714285714286,43.0,trust_fused,73,ATTACK,123,"(12, 33)",False,1,False,1325
1,0.0,False,0.0,0.41236674488134034,0.4313610113231485,1276,0,1276.0,60,24,13,"(13, 50)",0,0.0018214936247723133,97.23076923076923,50.92307692307692,trust_fused,60,ATTACK,121,"(13, 49)",False,2,False,1325
0,0.0,True,0.0,0.9,0.9,1297,0,1297.0,82,4,15,"(33, 50)",0,0.0018214936247723133,86.6,36.666666666666664,trust_fused,82,ATTACK,124,"(29, 40)",False,0,False,1330
34,0.0,True,0.0,0.6048880142785067,0.8031505157464883,1301,0,1301.0,73,1,14,"(21, 17)",0,0.00904977375565611,88.85714285714286,43.0,trust_fused,73,ATTACK,123,"(15, 31)",False,1,False,1330
19,0.0,False,0.0,0.41236674488134034,0.4313610113231485,1280,0,1280.0,61,24,13,"(15, 2)",0,0.0018165304268846503,97.23076923076923,50.92307692307692,trust_fused,61,ATTACK,122,"(13, 47)",False,2,False,1330
0,0.0,True,0.0,0.9,0.9,1302,0,1302.0,82,4,15,"(33, 50)",0,0.0018214936247723133,86.6,36.666666666666664,trust_fused,82,ATTACK,124,"(29, 45)",False,0,False,1335
23,0.0,True,0.0,0.6071636596478218,0.646940437549014,1306,0,1306.0,73,1,14,"(21, 17)",0,0.00904977375565611,88.85714285714286,43.0,trust_fused,73,ATTACK,123,"(19, 30)",False,1,False,1335
19,0.0,False,0.0,0.41404799862371916,0.445991819728917,1285,0,1285.0,61,24,13,"(15, 2)",0,0.0018165304268846503,97.23076923076923,50.92307692307692,trust_fused,61,ATTACK,122,"(12, 43)",False,2,False,1335
0,0.0,True,0.0,0.9,0.9,1307,0,1307.0,82,4,15,"(33, 50)",0,0.001851851851851852,86.6,36.666666666666664,trust_fused,82,ATTACK,124,"(29, 50)",False,0,False,1340
23,0.0,True,0.0,0.6233722641042985,0.6967096721942821,1311,0,1311.0,73,1,14,"(21, 17)",0,0.009233610341643583,88.85714285714286,43.0,trust_fused,73,ATTACK,123,"(19, 25)",False,1,False,1340
19,0.0,False,0.0,0.42319658589204623,0.4922841663245338,1290,0,1290.0,61,24,13,"(15, 2)",0,0.0018467220683287165,97.23076923076923,50.92307692307692,trust_fused,61,ATTACK,122,"(12, 38)",False,2,False,1340
0,0.0,True,0.0,0.9,0.9,1311,0,1311.0,83,4,15,"(13, 50)",0,0.001851851851851852,86.6,36.666666666666664,trust_fused,83,ATTACK,125,"(33, 50)",False,0,False,1345
23,0.0,True,0.0,0.6464003424162954,0.7429404058311957,1316,0,1316.0,73,1,14,"(21, 17)",0,0.009233610341643583,88.85714285714286,43.0,trust_fused,73,ATTACK,123,"(19, 20)",False,1,False,1345
10,0.0,False,0.0,0.17070576906229026,0.17070576906229026,1295,0,1295.0,61,24,13,"(15, 2)",0,0.0018467220683287165,97.23076923076923,50.92307692307692,trust_fused,61,ATTACK,127,"(12, 33)",False,2,False,1345
0,0.0,True,0.0,0.9,0.9,1316,0,1316.0,83,4,15,"(13, 50)",0,0.05648148148148148,86.6,36.666666666666664,trust_fused,83,ATTACK,126,"(28, 50)",False,0,False,1350
23,0.0,True,0.0,0.6684044830694991,0.7758456971092867,1321,0,1321.0,73,1,14,"(21, 17)",0,0.05909510618651893,88.85714285714286,43.0,trust_fused,73,ATTACK,124,"(21, 17)",False,1,False,1350
4,0.0,False,0.0,0.06297641906067374,0.06297641906067374,1300,0,1300.0,62,24,13,"(15, 2)",0,0.05355493998153278,97.23076923076923,50.92307692307692,trust_fused,62,ATTACK,129,"(12, 28)",False,2,False,1350
0,0.0,True,0.0,0.9,0.9,1321,0,1321.0,83,4,15,"(13, 50)",0,0.05412844036697248,86.6,36.666666666666664,trust_fused,83,ATTACK,126,"(24, 49)",False,0,False,1355
23,0.0,True,0.0,0.6684044830694991,0.7758456971092867,1325,0,1325.0,74,1,15,"(13, 50)",0,0.055860805860805864,90.06666666666666,43.06666666666667,trust_fused,74,ATTACK,125,"(18, 18)",False,1,False,1355
3,0.0,False,0.0,0.06297641906067374,0.06297641906067374,1305,0,1305.0,63,24,13,"(15, 2)",0,0.05128205128205128,97.23076923076923,50.92307692307692,trust_fused,63,ATTACK,130,"(12, 23)",False,2,False,1355
0,0.0,True,0.0,0.9,0.9,1326,0,1326.0,83,4,15,"(13, 50)",0,0.04722222222222222,86.6,36.666666666666664,trust_fused,83,ATTACK,126,"(19, 49)",False,0,False,1360
18,0.0,True,0.0,0.6684044830694991,0.7758456971092867,1330,0,1330.0,74,1,15,"(13, 50)",0,0.050784856879039705,90.06666666666666,43.06666666666667,trust_fused,74,ATTACK,125,"(18, 23)",False,1,False,1360
3,0.0,False,0.0,0.06297641906067374,0.06297641906067374,1310,0,1310.0,63,24,13,"(15, 2)",0,0.04709141274238227,97.23076923076923,50.92307692307692,trust_fused,63,ATTACK,130,"(14, 20)",False,2,False,1360
0,0.0,True,0.0,0.9,0.9,1331,0,1331.0,83,4,15,"(13, 50)",0,0.04259259259259259,86.6,36.666666666666664,trust_fused,83,ATTACK,126,"(14, 49)",False,0,False,1365
7,0.0,True,0.0,0.6684044830694991,0.7758456971092867,1335,0,1335.0,75,1,15,"(13, 50)",0,0.0443213296398892,90.06666666666666,43.06666666666667,trust_fused,75,ATTACK,126,"(16, 26)",False,1,False,1365
3,0.0,False,0.0,0.06297641906067374,0.06297641906067374,1315,0,1315.0,63,24,13,"(15, 2)",0,0.046168051708217916,97.23076923076923,50.92307692307692,trust_fused,63,ATTACK,130,"(15, 16)",False,2,False,1365
0,0.0,True,0.0,0.9,0.9,1335,0,1335.0,84,4,16,"(2, 41)",0,0.04247460757156048,85.5,35.8125,trust_fused,84,ATTACK,127,"(12, 49)",False,0,False,1370
11,0.0,True,0.0,0.6684044830694991,0.7758456971092867,1340,0,1340.0,75,1,15,"(13, 50)",0,0.04788213627992634,90.06666666666666,43.06666666666667,trust_fused,75,ATTACK,126,"(12, 27)",False,1,False,1370
8,0.0,False,0.0,0.06297641906067374,0.06297641906067374,1320,0,1320.0,63,24,13,"(15, 2)",0,0.04604051565377532,97.23076923076923,50.92307692307692,trust_fused,63,ATTACK,130,"(15, 11)",False,2,False,1370
0,0.0,True,0.0,0.9,0.9,1340,0,1340.0,85,4,16,"(2, 41)",0,0.04155124653739612,85.5,35.8125,trust_fused,85,ATTACK,128,"(11, 45)",False,0,False,1375
10,0.0,True,0.0,0.6684044830694991,0.7758456971092867,1345,0,1345.0,75,1,15,"(13, 50)",0,0.04788213627992634,90.06666666666666,43.06666666666667,trust_fused,75,ATTACK,127,"(13, 31)",False,1,False,1375
8,0.0,False,0.0,0.06297641906067374,0.06297641906067374,1325,0,1325.0,63,24,13,"(15, 2)",0,0.04511970534069982,97.23076923076923,50.92307692307692,trust_fused,63,ATTACK,131,"(15, 6)",False,2,False,1375
0,0.0,True,0.0,0.9,0.9,1345,0,1345.0,85,4,16,"(2, 41)",0,0.039377289377289376,85.5,35.8125,trust_fused,85,ATTACK,128,"(8, 43)",False,0,False,1380
8,0.0,True,0.0,0.6684044830694991,0.7758456971092867,1350,0,1350.0,75,1,15,"(13, 50)",0,0.043875685557586835,90.06666666666666,43.06666666666667,trust_fused,75,ATTACK,127,"(13, 36)",False,1,False,1380
7,0.0,False,0.0,0.06297641906067374,0.06297641906067374,1329,0,1329.0,64,24,14,"(2, 41)",0,0.043875685557586835,98.57142857142857,51.07142857142857,trust_fused,64,ATTACK,132,"(15, 2)",False,2,False,1380
0,0.0,True,0.0,0.9,0.9,1350,0,1350.0,85,4,16,"(2, 41)",0,0.03388278388278388,85.5,35.8125,trust_fused,85,ATTACK,128,"(5, 41)",False,0,False,1385
8,0.0,True,0.0,0.6981191525176752,0.8150732352295671,1355,0,1355.0,75,1,15,"(13, 50)",0,0.04204753199268738,90.06666666666666,43.06666666666667,trust_fused,75,ATTACK,127,"(13, 41)",False,1,False,1385
7,0.0,False,0.0,0.06297641906067374,0.06297641906067374,1334,0,1334.0,64,24,14,"(2, 41)",0,0.03656307129798903,98.57142857142857,51.07142857142857,trust_fused,64,ATTACK,132,"(14, 6)",False,2,False,1385
0,0.0,True,0.0,0.9,0.9,1354,0,1354.0,86,4,16,"(2, 50)",0,0.03293687099725526,85.5,35.8125,trust_fused,86,ATTACK,129,"(3, 41)",False,0,False,1390
8,0.0,True,0.0,0.7289848507011192,0.8451961779233282,1360,0,1360.0,75,1,15,"(13, 50)",0,0.039269406392694065,90.06666666666666,43.06666666666667,trust_fused,75,ATTACK,127,"(13, 46)",False,1,False,1390
7,0.0,False,0.0,0.06297641906067374,0.06297641906067374,1339,0,1339.0,64,24,14,"(2, 41)",0,0.03561643835616438,98.57142857142857,51.07142857142857,trust_fused,64,ATTACK,132,"(14, 11)",False,2,False,1390
0,0.0,True,0.0,0.9,0.9,1359,0,1359.0,86,4,16,"(2, 50)",0,0.032638259292837715,85.5,35.8125,trust_fused,86,ATTACK,129,"(3, 46)",False,0,False,1395
8,0.0,True,0.0,0.7589203886427676,0.8700628400324643,1364,0,1364.0,76,1,15,"(2, 20)",0,0.03800904977375565,90.06666666666666,43.06666666666667,trust_fused,76,ATTACK,128,"(13, 50)",False,1,False,1395
7,0.0,False,0.0,0.06297641906067374,0.06297641906067374,1344,0,1344.0,64,24,14,"(2, 41)",0,0.03167420814479638,98.57142857142857,51.07142857142857,trust_fused,64,ATTACK,132,"(14, 16)",False,2,False,1395
0,0.0,True,0.0,0.9,0.9,1364,0,1364.0,86,4,16,"(2, 50)",0,0.03278688524590164,85.5,35.8125,trust_fused,86,ATTACK,130,"(2, 50)",False,0,False,1400
8,0.0,True,0.0,0.7704104886774501,0.8790467519069671,1369,0,1369.0,76,1,15,"(2, 20)",0,0.03825136612021858,90.06666666666666,43.06666666666667,trust_fused,76,ATTACK,129,"(12, 46)",False,1,False,1400
7,0.0,False,0.0,0.06297641906067374,0.06297641906067374,1349,0,1349.0,65,24,14,"(2, 41)",0,0.030965391621129327,98.57142857142857,51.07142857142857,trust_fused,65,ATTACK,133,"(13, 20)",False,2,False,1400
0,0.0,True,0.0,0.9,0.9,1368,0,1368.0,87,4,17,"(33, 8)",0,0.03278688524590164,82.41176470588235,34.411764705882355,trust_fused,87,ATTACK,131,"(4, 48)",False,0,False,1405
8,0.0,True,0.0,0.7870956257054229,0.8913363570522704,1374,0,1374.0,76,1,15,"(2, 20)",0,0.038181818181818185,90.06666666666666,43.06666666666667,trust_fused,76,ATTACK,129,"(12, 41)",False,1,False,1405
7,0.0,False,0.0,0.06297641906067374,0.06297641906067374,1354,0,1354.0,65,24,14,"(2, 41)",0,0.03090909090909091,98.57142857142857,51.07142857142857,trust_fused,65,ATTACK,133,"(10, 22)",False,2,False,1405
0,0.0,True,0.0,0.9,0.9,1373,0,1373.0,87,4,17,"(33, 8)",0,0.0325497287522604,82.41176470588235,34.411764705882355,trust_fused,87,ATTACK,131,"(7, 46)",False,0,False,1410
12,0.0,True,0.0,0.7925136483503529,0.8954560786040225,1379,0,1379.0,76,1,15,"(2, 20)",0,0.037037037037037035,90.06666666666666,43.06666666666667,trust_fused,76,ATTACK,129,"(12, 36)",False,1,False,1410
10,0.0,False,0.0,0.06297641906067374,0.06297641906067374,1359,0,1359.0,65,24,14,"(2, 41)",0,0.03071364046973803,98.57142857142857,51.07142857142857,trust_fused,65,ATTACK,133,"(9, 26)",False,2,False,1410
0,0.0,True,0.0,0.9,0.9,1378,0,1378.0,87,4,17,"(33, 8)",0,0.03234501347708895,82.41176470588235,34.411764705882355,trust_fused,87,ATTACK,131,"(7, 41)",False,0,False,1415
12,0.0,True,0.0,0.8030687428931048,0.9025515174262656,1384,0,1384.0,76,1,15,"(2, 20)",0,0.03593890386343217,90.06666666666666,43.06666666666667,trust_fused,76,ATTACK,129,"(12, 31)",False,1,False,1415
9,0.0,False,0.0,0.06297641906067374,0.06297641906067374,1364,0,1364.0,65,24,14,"(2, 41)",0,0.030548068283917342,98.57142857142857,51.07142857142857,trust_fused,65,ATTACK,133,"(9, 31)",False,2,False,1415
0,0.0,True,0.0,0.9,0.9,1383,0,1383.0,87,4,17,"(33, 8)",0,0.03167420814479638,82.41176470588235,34.411764705882355,trust_fused,87,ATTACK,131,"(8, 37)",False,0,False,1420
12,0.0,True,0.0,0.8030687428931048,0.9025515174262656,1389,0,1389.0,76,1,15,"(2, 20)",0,0.03619909502262444,90.06666666666666,43.06666666666667,trust_fused,76,ATTACK,129,"(11, 27)",False,1,False,1420
9,0.0,False,0.0,0.0785345935404205,0.20234666935925863,1369,0,1369.0,65,24,14,"(2, 41)",0,0.03076923076923077,98.57142857142857,51.07142857142857,trust_fused,65,ATTACK,133,"(9, 36)",False,2,False,1420
0,0.0,True,0.0,0.9,0.9,1388,0,1388.0,88,4,17,"(33, 8)",0,0.031616982836495035,82.41176470588235,34.411764705882355,trust_fused,88,ATTACK,132,"(12, 36)",False,0,False,1425
9,0.0,True,0.0,0.8030687428931048,0.9025515174262656,1394,0,1394.0,77,1,15,"(2, 20)",0,0.036133694670280034,90.06666666666666,43.06666666666667,trust_fused,77,ATTACK,130,"(7, 26)",False,1,False,1425
9,0.0,False,0.0,0.1337169521149002,0.38601832345072123,1372,0,1372.0,66,26,14,"(2, 41)",0,0.03071364046973803,98.57142857142857,51.07142857142857,trust_fused,66,ATTACK,135,"(7, 37)",False,2,False,1425
0,0.0,True,0.0,0.9,0.9,1393,0,1393.0,88,4,17,"(33, 8)",0,0.031194295900178252,82.41176470588235,34.411764705882355,trust_fused,88,ATTACK,132,"(14, 33)",False,0,False,1430
9,0.0,True,0.0,0.8030687428931048,0.9025515174262656,1399,0,1399.0,77,1,15,"(2, 20)",0,0.035650623885918005,90.06666666666666,43.06666666666667,trust_fused,77,ATTACK,130,"(6, 22)",False,1,False,1430
9,0.0,True,0.0,0.20799039443172,0.5011146742034479,1377,0,1377.0,66,26,14,"(2, 41)",0,0.030303030303030304,98.57142857142857,51.07142857142857,trust_fused,66,ATTACK,135,"(6, 41)",False,2,False,1430
0,0.0,True,0.0,0.9,0.9,1398,0,1398.0,88,4,17,"(33, 8)",0,0.03100088573959256,82.41176470588235,34.411764705882355,trust_fused,88,ATTACK,132,"(16, 30)",False,0,False,1435
9,0.0,True,0.0,0.8030687428931048,0.9025515174262656,1404,0,1404.0,77,1,15,"(2, 20)",0,0.0354295837023915,90.06666666666666,43.06666666666667,trust_fused,77,ATTACK,130,"(2, 21)",False,1,False,1435
9,0.0,True,0.0,0.2880946579160599,0.6024519700505166,1381,0,1381.0,67,26,14,"(21, 17)",0,0.030115146147032774,98.57142857142857,51.07142857142857,trust_fused,67,ATTACK,136,"(2, 41)",False,2,False,1435
0,0.0,True,0.0,0.9,0.9,1403,0,1403.0,88,4,17,"(33, 8)",0,0.030141843971631204,82.41176470588235,34.411764705882355,trust_fused,88,ATTACK,132,"(21, 30)",False,0,False,1440
9,0.0,True,0.0,0.8030687428931048,0.9025515174262656,1408,0,1408.0,78,1,16,"(2, 41)",0,0.034574468085106384,89.8125,43.0,trust_fused,78,ATTACK,131,"(2, 23)",False,1,False,1440
9,0.0,True,0.0,0.2880946579160599,0.6024519700505166,1386,0,1386.0,67,26,14,"(21, 17)",0,0.02925531914893617,98.57142857142857,51.07142857142857,trust_fused,67,ATTACK,136,"(7, 41)",False,2,False,1440
0,0.0,True,0.0,0.9,0.9,1408,0,1408.0,88,4,17,"(33, 8)",0,0.02475685234305924,82.41176470588235,34.411764705882355,trust_fused,88,ATTACK,132,"(25, 29)",False,0,False,1445
42,0.0,True,0.0,0.8030687428931048,0.9025515174262656,1413,0,1413.0,78,1,16,"(2, 41)",0,0.05747126436781609,89.8125,43.0,trust_fused,78,ATTACK,131,"(4, 26)",False,1,False,1445
42,0.03185718685205785,True,0.03185718685205785,0.33615108928235454,0.6358804123892162,1391,0,1391.0,68,26,14,"(21, 17)",0,0.028293545534924844,98.57142857142857,51.07142857142857,trust_fused,68,ATTACK,137,"(8, 37)",False,2,False,1445
0,0.0,True,0.0,0.9,0.9,1413,0,1413.0,88,4,17,"(33, 8)",0,0.024496937882764653,82.41176470588235,34.411764705882355,trust_fused,88,ATTACK,133,"(27, 26)",False,0,False,1450
42,0.0,True,0.0,0.8131920536620889,0.9083369682855361,1418,0,1418.0,78,1,16,"(2, 41)",0,0.0568678915135608,89.8125,43.0,trust_fused,78,ATTACK,132,"(4, 31)",False,1,False,1450
42,0.03137417072480986,True,0.03137417072480986,0.3972141387688334,0.6814050301049601,1396,0,1396.0,68,26,14,"(21, 17)",0,0.03849518810148731,98.57142857142857,51.07142857142857,trust_fused,68,ATTACK,138,"(10, 34)",False,2,False,1450
0,0.0,True,0.0,0.9,0.9,1418,0,1418.0,88,4,17,"(33, 8)",0,0.021872265966754154,82.41176470588235,34.411764705882355,trust_fused,88,ATTACK,133,"(28, 22)",False,0,False,1455
42,0.0,True,0.0,0.8366292758251899,0.9217950597130709,1423,0,1423.0,78,1,16,"(2, 41)",0,0.0542432195975503,89.8125,43.0,trust_fused,78,ATTACK,132,"(4, 36)",False,1,False,1455
42,0.03137417072480986,True,0.03137417072480986,0.4552905006844487,0.727678423691581,1401,0,1401.0,68,26,14,"(21, 17)",0,0.03849518810148731,98.57142857142857,51.07142857142857,trust_fused,68,ATTACK,138,"(10, 29)",False,2,False,1455
0,0.0,True,0.0,0.9,0.9,1423,0,1423.0,88,4,17,"(33, 8)",0,0.019247594050743656,82.41176470588235,34.411764705882355,trust_fused,88,ATTACK,133,"(28, 17)",False,0,False,1460
40,0.0,True,0.0,0.8577414100101076,0.9346829330290715,1428,0,1428.0,78,1,16,"(2, 41)",0,0.049868766404199474,89.8125,43.0,trust_fused,78,ATTACK,132,"(4, 41)",False,1,False,1460
40,0.03137417072480986,True,0.03137417072480986,0.5242008965684589,0.7776317344397228,1406,0,1406.0,68,26,14,"(21, 17)",0,0.03587051618547681,98.57142857142857,51.07142857142857,trust_fused,68,ATTACK,138,"(12, 26)",False,2,False,1460
0,0.0,True,0.0,0.9,0.9,1428,0,1428.0,88,4,17,"(33, 8)",0,0.014873140857392825,82.41176470588235,34.411764705882355,trust_fused,88,ATTACK,133,"(30, 14)",False,0,False,1465
38,0.0,True,0.0,0.8694095838739534,0.9421550728043138,1432,0,1432.0,79,1,16,"(15, 2)",0,0.04374453193350831,89.8125,43.0,trust_fused,79,ATTACK,133,"(3, 40)",False,1,False,1465
38,0.03137417072480986,True,0.03137417072480986,0.5242008965684589,0.7776317344397228,1411,0,1411.0,68,26,14,"(21, 17)",0,0.03237095363079615,98.57142857142857,51.07142857142857,trust_fused,68,ATTACK,138,"(12, 21)",False,2,False,1465
0,0.0,True,0.0,0.9,0.9,1433,0,1433.0,88,4,17,"(33, 8)",0,0.009623797025371828,82.41176470588235,34.411764705882355,trust_fused,88,ATTACK,133,"(30, 9)",False,0,False,1470
37,0.0,True,0.0,0.8694095838739534,0.9421550728043138,1437,0,1437.0,79,1,16,"(15, 2)",0,0.03762029746281715,89.8125,43.0,trust_fused,79,ATTACK,133,"(5, 37)",False,1,False,1470
26,0.0,False,0.0,0.28290668567282046,0.28290668567282046,1416,0,1416.0,68,26,14,"(21, 17)",0,0.03237095363079615,98.57142857142857,51.07142857142857,trust_fused,68,ATTACK,139,"(14, 18)",False,2,False,1470
0,0.0,True,0.0,0.9,0.9,1437,0,1437.0,89,4,17,"(3, 8)",0,0.008748906386701663,82.41176470588235,34.411764705882355,trust_fused,89,ATTACK,135,"(33, 8)",False,0,False,1475
37,0.2968313905068527,True,0.2968313905068527,0.8803555875405624,0.9479268379272051,1442,0,1442.0,80,1,16,"(15, 2)",0,0.02712160979877515,89.8125,43.0,trust_fused,80,ATTACK,136,"(5, 32)",False,1,False,1475
12,0.0,False,0.0,0.08221203027813961,0.08221203027813961,1421,0,1421.0,69,26,14,"(21, 17)",0,0.023622047244094488,98.57142857142857,51.07142857142857,trust_fused,69,ATTACK,142,"(18, 17)",False,2,False,1475
0,0.0,True,0.0,0.9,0.9,1442,0,1442.0,89,4,17,"(3, 8)",0,0.006129597197898424,82.41176470588235,34.411764705882355,trust_fused,89,ATTACK,135,"(28, 8)",False,0,False,1480
37,0.2968313905068527,True,0.2968313905068527,0.8967206088228425,0.955479497363115,1447,0,1447.0,81,1,16,"(15, 2)",0,0.028896672504378284,89.8125,43.0,trust_fused,81,ATTACK,137,"(10, 32)",False,1,False,1480
11,0.0,False,0.0,0.09097730937969836,0.17013433324314964,1425,0,1425.0,70,26,15,"(2, 20)",0,0.024518388791593695,98.6,50.6,trust_fused,70,ATTACK,143,"(20, 17)",False,2,False,1480
0,0.0,True,0.0,0.9,0.9,1447,0,1447.0,89,4,17,"(3, 8)",0,0.006129597197898424,82.41176470588235,34.411764705882355,trust_fused,89,ATTACK,135,"(24, 9)",False,0,False,1485
42,0.0568803198567025,True,0.0568803198567025,0.9109815888656678,0.9620816945827668,1452,0,1452.0,81,1,16,"(15, 2)",0,0.02714535901926445,89.8125,43.0,trust_fused,81,ATTACK,137,"(12, 29)",False,1,False,1485
16,0.0,False,0.0,0.09097730937969836,0.17013433324314964,1430,0,1430.0,70,26,15,"(2, 20)",0,0.025394045534150613,98.6,50.6,trust_fused,70,ATTACK,143,"(16, 18)",False,2,False,1485
0,0.0,True,0.0,0.9,0.9,1452,0,1452.0,89,4,17,"(3, 8)",0,0.006124234470691163,82.41176470588235,34.411764705882355,trust_fused,89,ATTACK,135,"(19, 9)",False,0,False,1490
32,0.0568803198567025,True,0.0568803198567025,0.9161451629373892,0.9646241705620288,1457,0,1457.0,81,1,16,"(15, 2)",0,0.028871391076115485,89.8125,43.0,trust_fused,81,ATTACK,137,"(12, 24)",False,1,False,1490
11,0.0,False,0.0,0.09097730937969836,0.17013433324314964,1435,0,1435.0,70,26,15,"(2, 20)",0,0.02099737532808399,98.6,50.6,trust_fused,70,ATTACK,143,"(13, 20)",False,2,False,1490
0,0.0,True,0.0,0.9,0.9,1457,0,1457.0,89,4,17,"(3, 8)",0,0.006118881118881119,82.41176470588235,34.411764705882355,trust_fused,89,ATTACK,135,"(14, 9)",False,0,False,1495
21,0.0,True,0.0,0.7649693396177576,0.7649693396177576,1462,0,1462.0,82,1,16,"(15, 2)",0,0.02097902097902098,89.8125,43.0,trust_fused,82,ATTACK,138,"(13, 20)",False,1,False,1495
9,0.0,False,0.0,0.09097730937969836,0.17013433324314964,1440,0,1440.0,70,26,15,"(2, 20)",0,0.019230769230769232,98.6,50.6,trust_fused,70,ATTACK,143,"(8, 20)",False,2,False,1495
0,0.0,True,0.0,0.9,0.9,1462,0,1462.0,89,4,17,"(3, 8)",0,0.037489102005231034,82.41176470588235,34.411764705882355,trust_fused,89,ATTACK,136,"(10, 8)",False,0,False,1500
10,0.0,False,0.0,0.4000592491764345,0.4000592491764345,1467,0,1467.0,84,1,16,"(15, 2)",0,0.042720139494333044,89.8125,43.0,trust_fused,84,ATTACK,141,"(14, 16)",False,1,False,1500
9,0.0,False,0.0,0.09097730937969836,0.17013433324314964,1445,0,1445.0,70,26,15,"(2, 20)",0,0.03836094158674804,98.6,50.6,trust_fused,70,ATTACK,144,"(3, 20)",False,2,False,1500
0,0.0,True,0.0,0.9,0.9,1467,0,1467.0,89,4,17,"(3, 8)",0,0.03735881841876629,82.41176470588235,34.411764705882355,trust_fused,89,ATTACK,136,"(5, 8)",False,0,False,1505
10,0.0,False,0.0,0.4009216348710915,0.4173069630695751,1472,0,1472.0,84,1,16,"(15, 2)",0,0.04257167680278019,89.8125,43.0,trust_fused,84,ATTACK,141,"(15, 12)",False,1,False,1505
9,0.0,False,0.0,0.09097730937969836,0.17013433324314964,1449,0,1449.0,71,26,15,"(25, 2)",0,0.03909643788010426,98.6,50.6,trust_fused,71,ATTACK,145,"(5, 20)",False,2,False,1505
0,0.0,True,0.0,0.9,0.9,1471,0,1471.0,90,4,18,"(2, 20)",0,0.036490008688097306,83.77777777777777,34.333333333333336,trust_fused,90,ATTACK,137,"(5, 8)",False,0,False,1510
10,0.0,False,0.0,0.41293993597674894,0.4900387157305959,1477,0,1477.0,84,1,16,"(15, 2)",0,0.044309296264118156,89.8125,43.0,trust_fused,84,ATTACK,141,"(15, 7)",False,1,False,1510
9,0.0,False,0.0,0.09097730937969836,0.17013433324314964,1454,0,1454.0,71,26,15,"(25, 2)",0,0.038227628149435276,98.6,50.6,trust_fused,71,ATTACK,145,"(10, 20)",False,2,False,1510
0,0.0,True,0.0,0.9,0.9,1476,0,1476.0,90,4,18,"(2, 20)",0,0.03388357949609035,83.77777777777777,34.333333333333336,trust_fused,90,ATTACK,137,"(10, 8)",False,0,False,1515
10,0.0,False,0.0,0.41293993597674894,0.4900387157305959,1482,0,1482.0,84,1,16,"(15, 2)",0,0.044309296264118156,89.8125,43.0,trust_fused,84,ATTACK,141,"(15, 2)",False,1,False,1515
9,0.0,False,0.0,0.09097730937969836,0.17013433324314964,1459,0,1459.0,71,26,15,"(25, 2)",0,0.036490008688097306,98.6,50.6,trust_fused,71,ATTACK,145,"(14, 19)",False,2,False,1515
0,0.0,True,0.0,0.9,0.9,1481,0,1481.0,90,4,18,"(2, 20)",0,0.034812880765883375,83.77777777777777,34.333333333333336,trust_fused,90,ATTACK,137,"(13, 10)",False,0,False,1520
14,0.0,True,0.0,0.42378040657742705,0.5357100098613692,1486,0,1486.0,85,1,17,"(2, 41)",0,0.043440486533449174,89.17647058823529,43.588235294117645,trust_fused,85,ATTACK,142,"(14, 5)",False,1,False,1520
13,0.0,False,0.0,0.09097730937969836,0.17013433324314964,1464,0,1464.0,71,26,15,"(25, 2)",0,0.036490008688097306,98.6,50.6,trust_fused,71,ATTACK,145,"(17, 17)",False,2,False,1520
0,0.0,True,0.0,0.9,0.9,1486,0,1486.0,90,4,18,"(2, 20)",0,0.033942558746736295,83.77777777777777,34.333333333333336,trust_fused,90,ATTACK,138,"(14, 14)",False,0,False,1525
14,0.0,True,0.0,0.4642983889428363,0.6409447288610862,1491,0,1491.0,85,1,17,"(2, 41)",0,0.043440486533449174,89.17647058823529,43.588235294117645,trust_fused,85,ATTACK,143,"(14, 10)",False,1,False,1525
13,0.0,False,0.0,0.12800444375067827,0.30619357065616293,1469,0,1469.0,71,26,15,"(25, 2)",0,0.036490008688097306,98.6,50.6,trust_fused,71,ATTACK,146,"(22, 17)",False,2,False,1525
0,0.0,True,0.0,0.9,0.9,1491,0,1491.0,90,4,18,"(2, 20)",0,0.03307223672758921,83.77777777777777,34.333333333333336,trust_fused,90,ATTACK,138,"(14, 19)",False,0,False,1530
14,0.0,True,0.0,0.5159544830417822,0.7216910214277322,1496,0,1496.0,85,1,17,"(2, 41)",0,0.044309296264118156,89.17647058823529,43.588235294117645,trust_fused,85,ATTACK,143,"(14, 15)",False,1,False,1530
13,0.0,False,0.0,0.14871487126764169,0.35144098509799887,1474,0,1474.0,71,26,15,"(25, 2)",0,0.03475238922675934,98.6,50.6,trust_fused,71,ATTACK,146,"(25, 15)",False,2,False,1530
0,0.0,True,0.0,0.9,0.9,1496,0,1496.0,90,4,18,"(2, 20)",0,0.03307223672758921,83.77777777777777,34.333333333333336,trust_fused,90,ATTACK,138,"(10, 20)",False,0,False,1535
14,0.0,True,0.0,0.5711878809239213,0.7818950367407694,1501,0,1501.0,85,1,17,"(2, 41)",0,0.03996524761077324,89.17647058823529,43.588235294117645,trust_fused,85,ATTACK,143,"(14, 20)",False,1,False,1535
13,0.0,False,0.0,0.14871487126764169,0.35144098509799887,1479,0,1479.0,71,26,15,"(25, 2)",0,0.03214596003475239,98.6,50.6,trust_fused,71,ATTACK,146,"(25, 10)",False,2,False,1535
0,0.0,True,0.0,0.9,0.9,1501,0,1501.0,90,4,18,"(2, 20)",0,0.03171806167400881,83.77777777777777,34.333333333333336,trust_fused,90,ATTACK,138,"(5, 20)",False,0,False,1540
14,0.0,True,0.0,0.6260122035914172,0.8308553836342262,1506,0,1506.0,85,1,17,"(2, 41)",0,0.035996488147497806,89.17647058823529,43.588235294117645,trust_fused,85,ATTACK,143,"(12, 23)",False,1,False,1540
13,0.0,False,0.0,0.14871487126764169,0.35144098509799887,1484,0,1484.0,71,26,15,"(25, 2)",0,0.027288732394366196,98.6,50.6,trust_fused,71,ATTACK,146,"(25, 5)",False,2,False,1540
0,0.0,True,0.0,0.9,0.9,1505,0,1505.0,91,4,18,"(24, 45)",0,0.028119507908611598,83.77777777777777,34.333333333333336,trust_fused,91,ATTACK,139,"(2, 21)",False,0,False,1545
14,0.0,True,0.0,0.6570959490069287,0.8488224583446692,1511,0,1511.0,85,1,17,"(2, 41)",0,0.0324846356453029,89.17647058823529,43.588235294117645,trust_fused,85,ATTACK,143,"(11, 27)",False,1,False,1545
13,0.0,False,0.0,0.14871487126764169,0.35144098509799887,1488,0,1488.0,72,26,16,"(33, 50)",0,0.024582967515364356,96.5,50.0625,trust_fused,72,ATTACK,147,"(25, 3)",False,2,False,1545
0,0.0,True,0.0,0.9,0.9,1510,0,1510.0,91,4,18,"(24, 45)",0,0.02899824253075571,83.77777777777777,34.333333333333336,trust_fused,91,ATTACK,140,"(5, 23)",False,0,False,1550
14,0.0,True,0.0,0.6948298709549201,0.8669072011914766,1516,0,1516.0,86,1,17,"(2, 41)",0,0.030728709394205442,89.17647058823529,43.588235294117645,trust_fused,86,ATTACK,144,"(9, 30)",False,1,False,1550
13,0.0,False,0.0,0.14871487126764169,0.35144098509799887,1493,0,1493.0,73,26,16,"(33, 50)",0,0.024582967515364356,96.5,50.0625,trust_fused,73,ATTACK,148,"(25, 8)",False,2,False,1550
0,0.0,True,0.0,0.9,0.9,1515,0,1515.0,91,4,18,"(24, 45)",0,0.026362038664323375,83.77777777777777,34.333333333333336,trust_fused,91,ATTACK,140,"(10, 23)",False,0,False,1555
19,0.0,True,0.0,0.7368850428906293,0.8893990494757601,1521,0,1521.0,86,1,17,"(2, 41)",0,0.03511852502194908,89.17647058823529,43.588235294117645,trust_fused,86,ATTACK,144,"(7, 33)",False,1,False,1555
18,0.0,False,0.0,0.14871487126764169,0.35144098509799887,1498,0,1498.0,73,26,16,"(33, 50)",0,0.024582967515364356,96.5,50.0625,trust_fused,73,ATTACK,148,"(27, 11)",False,2,False,1555
0,0.0,True,0.0,0.9,0.9,1520,0,1520.0,91,4,18,"(24, 45)",0,0.023893805309734513,83.77777777777777,34.333333333333336,trust_fused,91,ATTACK,140,"(12, 26)",False,0,False,1560
19,0.0,True,0.0,0.7446849708398048,0.8928836018741397,1526,0,1526.0,86,1,17,"(2, 41)",0,0.03353927625772286,89.17647058823529,43.588235294117645,trust_fused,86,ATTACK,144,"(5, 36)",False,1,False,1560
18,0.0,False,0.0,0.14871487126764169,0.35144098509799887,1503,0,1503.0,73,26,16,"(33, 50)",0,0.02206531332744925,96.5,50.0625,trust_fused,73,ATTACK,148,"(27, 16)",False,2,False,1560
0,0.0,True,0.0,0.9,0.9,1525,0,1525.0,92,4,18,"(24, 45)",0,0.01592920353982301,83.77777777777777,34.333333333333336,trust_fused,92,ATTACK,141,"(14, 29)",False,0,False,1565
18,0.0,True,0.0,0.7446849708398048,0.8928836018741397,1531,0,1531.0,86,1,17,"(2, 41)",0,0.02824360105913504,89.17647058823529,43.588235294117645,trust_fused,86,ATTACK,144,"(4, 40)",False,1,False,1565
17,0.0,False,0.0,0.14871487126764169,0.35144098509799887,1508,0,1508.0,73,26,16,"(33, 50)",0,0.02118270079435128,96.5,50.0625,trust_fused,73,ATTACK,148,"(27, 21)",False,2,False,1565
0,0.0,True,0.0,0.9,0.9,1530,0,1530.0,93,4,18,"(24, 45)",0,0.008849557522123894,83.77777777777777,34.333333333333336,trust_fused,93,ATTACK,142,"(18, 30)",False,0,False,1570
14,0.0,True,0.0,0.7446849708398048,0.8928836018741397,1535,0,1535.0,87,1,17,"(2, 50)",0,0.0176522506619594,89.17647058823529,43.588235294117645,trust_fused,87,ATTACK,145,"(3, 41)",False,1,False,1570
10,0.0,False,0.0,0.14871487126764169,0.35144098509799887,1513,0,1513.0,75,26,16,"(33, 50)",0,0.01676963812886143,96.5,50.0625,trust_fused,75,ATTACK,150,"(28, 25)",False,2,False,1570
0,0.0,True,0.0,0.9,0.9,1535,0,1535.0,96,4,18,"(24, 45)",0,0.00530035335689046,83.77777777777777,34.333333333333336,trust_fused,96,ATTACK,145,"(21, 32)",False,0,False,1575
12,0.0,True,0.0,0.7446849708398048,0.8928836018741397,1540,0,1540.0,87,1,17,"(2, 50)",0,0.00706090026478376,89.17647058823529,43.588235294117645,trust_fused,87,ATTACK,146,"(3, 46)",False,1,False,1575
6,0.0,False,0.0,0.18407537394770315,0.41980705166208687,1518,0,1518.0,75,26,16,"(33, 50)",0,0.01323918799646955,96.5,50.0625,trust_fused,75,ATTACK,151,"(28, 28)",False,2,False,1575
0,0.0,True,0.0,0.9,0.9,1540,0,1540.0,96,4,18,"(24, 45)",0,0.00441306266548985,83.77777777777777,34.333333333333336,trust_fused,96,ATTACK,145,"(23, 35)",False,0,False,1580
11,0.0,True,0.0,0.7446849708398048,0.8928836018741397,1545,0,1545.0,87,1,17,"(2, 50)",0,0.007054673721340388,89.17647058823529,43.588235294117645,trust_fused,87,ATTACK,146,"(2, 50)",False,1,False,1580
5,0.0,False,0.0,0.20969988273711226,0.4554855513049603,1523,0,1523.0,75,26,16,"(33, 50)",0,0.012345679012345678,96.5,50.0625,trust_fused,75,ATTACK,151,"(29, 32)",False,2,False,1580
0,0.0,True,0.0,0.9,0.9,1545,0,1545.0,96,4,18,"(24, 45)",0,0.0026455026455026454,83.77777777777777,34.333333333333336,trust_fused,96,ATTACK,145,"(25, 38)",False,0,False,1585
10,0.0,True,0.0,0.7446849708398048,0.8928836018741397,1548,0,1548.0,88,1,18,"(24, 45)",0,0.007929515418502203,87.83333333333333,41.833333333333336,trust_fused,88,ATTACK,148,"(4, 49)",False,1,False,1585
5,0.0,True,0.0,0.27992388966094683,0.5612112529579796,1528,0,1528.0,75,26,16,"(33, 50)",0,0.010572687224669603,96.5,50.0625,trust_fused,75,ATTACK,151,"(29, 37)",False,2,False,1585
0,0.0,True,0.0,0.9,0.9,1550,0,1550.0,96,4,18,"(24, 45)",0,0.0026455026455026454,83.77777777777777,34.333333333333336,trust_fused,96,ATTACK,145,"(25, 43)",False,0,False,1590
10,0.0,True,0.0,0.7446849708398048,0.8928836018741397,1553,0,1553.0,88,1,18,"(24, 45)",0,0.007929515418502203,87.83333333333333,41.833333333333336,trust_fused,88,ATTACK,148,"(6, 46)",False,1,False,1590
5,0.0,True,0.0,0.3562128968458494,0.6489852113409446,1533,0,1533.0,75,26,16,"(33, 50)",0,0.010572687224669603,96.5,50.0625,trust_fused,75,ATTACK,151,"(29, 42)",False,2,False,1590
0,0.0,True,0.0,0.9,0.9,1554,0,1554.0,97,4,19,"(21, 17)",0,0.0026455026455026454,83.89473684210526,35.1578947368421,trust_fused,97,ATTACK,146,"(25, 45)",False,0,False,1595
14,0.0,True,0.0,0.7446849708398048,0.8928836018741397,1558,0,1558.0,88,1,18,"(24, 45)",0,0.01145374449339207,87.83333333333333,41.833333333333336,trust_fused,88,ATTACK,148,"(11, 46)",False,1,False,1595
9,0.0,True,0.0,0.4325690906171312,0.719353601277612,1538,0,1538.0,75,26,16,"(33, 50)",0,0.010572687224669603,96.5,50.0625,trust_fused,75,ATTACK,151,"(29, 47)",False,2,False,1595
0,0.0,True,0.0,0.9,0.9,1559,0,1559.0,97,4,19,"(21, 17)",0,0.00176522506619594,83.89473684210526,35.1578947368421,trust_fused,97,ATTACK,147,"(25, 40)",False,0,False,1600
14,0.0,True,0.0,0.7446849708398048,0.8928836018741397,1563,0,1563.0,88,1,18,"(24, 45)",0,0.01146384479717813,87.83333333333333,41.833333333333336,trust_fused,88,ATTACK,149,"(13, 49)",False,1,False,1600
9,0.0,True,0.0,0.5048669161880144,0.7695058142191141,1543,0,1543.0,75,26,16,"(33, 50)",0,0.010582010582010581,96.5,50.0625,trust_fused,75,ATTACK,152,"(31, 50)",False,2,False,1600
0,0.0,True,0.0,0.9,0.9,1564,0,1564.0,97,4,19,"(21, 17)",0,0.00176522506619594,83.89473684210526,35.1578947368421,trust_fused,97,ATTACK,147,"(25, 35)",False,0,False,1605
14,0.0,True,0.0,0.7446849708398048,0.8928836018741397,1568,0,1568.0,88,1,18,"(24, 45)",0,0.01146384479717813,87.83333333333333,41.833333333333336,trust_fused,88,ATTACK,149,"(18, 49)",False,1,False,1605
9,0.0,True,0.0,0.5048669161880144,0.7695058142191141,1547,0,1547.0,76,26,16,"(33, 8)",0,0.010582010582010581,96.5,50.0625,trust_fused,76,ATTACK,153,"(33, 48)",False,2,False,1605
0,0.0,True,0.0,0.9,0.9,1569,0,1569.0,97,4,19,"(21, 17)",0,0.00176522506619594,83.89473684210526,35.1578947368421,trust_fused,97,ATTACK,147,"(25, 30)",False,0,False,1610
10,0.0,True,0.0,0.7737227868466948,0.905867089561883,1573,0,1573.0,88,1,18,"(24, 45)",0,0.007936507936507936,87.83333333333333,41.833333333333336,trust_fused,88,ATTACK,149,"(23, 49)",False,1,False,1610
9,0.0,True,0.0,0.5570546943248591,0.7956943942073177,1552,0,1552.0,76,26,16,"(33, 8)",0,0.009700176366843033,96.5,50.0625,trust_fused,76,ATTACK,153,"(30, 46)",False,2,False,1610
0,0.0,True,0.0,0.9,0.9,1574,0,1574.0,97,4,19,"(21, 17)",0,0.00176522506619594,83.89473684210526,35.1578947368421,trust_fused,97,ATTACK,147,"(25, 25)",False,0,False,1615
10,0.0,True,0.0,0.8058830917706106,0.92164329378305,1578,0,1578.0,88,1,18,"(24, 45)",0,0.007936507936507936,87.83333333333333,41.833333333333336,trust_fused,88,ATTACK,149,"(24, 45)",False,1,False,1615
9,0.0,True,0.0,0.6154643087305416,0.8266163174918589,1557,0,1557.0,76,26,16,"(33, 8)",0,0.01146384479717813,96.5,50.0625,trust_fused,76,ATTACK,153,"(28, 43)",False,2,False,1615
0,0.0,True,0.0,0.9,0.9,1579,0,1579.0,97,4,19,"(21, 17)",0,0.00176522506619594,83.89473684210526,35.1578947368421,trust_fused,97,ATTACK,147,"(25, 20)",False,0,False,1620
7,0.0,True,0.0,0.8286502487703862,0.9321150103313088,1582,0,1582.0,89,1,19,"(33, 8)",0,0.005291005291005291,85.05263157894737,41.421052631578945,trust_fused,89,ATTACK,150,"(26, 43)",False,1,False,1620
6,0.0,True,0.0,0.6671181600984164,0.853676615377585,1562,0,1562.0,76,26,16,"(33, 8)",0,0.01146384479717813,96.5,50.0625,trust_fused,76,ATTACK,153,"(28, 38)",False,2,False,1620
0,0.0,True,0.0,0.9,0.9,1584,0,1584.0,97,4,19,"(21, 17)",0,0.00176522506619594,83.89473684210526,35.1578947368421,trust_fused,97,ATTACK,148,"(23, 17)",False,0,False,1625
5,0.0,True,0.0,0.8535560011390569,0.9423962549846675,1587,0,1587.0,89,1,19,"(33, 8)",0,0.004409171075837742,85.05263157894737,41.421052631578945,trust_fused,89,ATTACK,151,"(28, 40)",False,1,False,1625
5,0.0,True,0.0,0.7125492945708604,0.876169424568365,1567,0,1567.0,76,26,16,"(33, 8)",0,0.01146384479717813,96.5,50.0625,trust_fused,76,ATTACK,155,"(28, 33)",False,2,False,1625
0,0.0,True,0.0,0.9,0.9,1588,0,1588.0,98,4,19,"(15, 2)",0,0.00176522506619594,83.89473684210526,35.1578947368421,trust_fused,98,ATTACK,149,"(19, 17)",False,0,False,1630
10,0.0,True,0.0,0.8748928341300805,0.9510391913721065,1592,0,1592.0,89,1,19,"(33, 8)",0,0.008818342151675485,85.05263157894737,41.421052631578945,trust_fused,89,ATTACK,152,"(28, 35)",False,1,False,1630
10,0.0,True,0.0,0.7522863603806562,0.8952311411382805,1572,0,1572.0,76,26,16,"(33, 8)",0,0.014991181657848324,96.5,50.0625,trust_fused,76,ATTACK,155,"(28, 28)",False,2,False,1630
0,0.0,True,0.0,0.9,0.9,1593,0,1593.0,98,4,19,"(15, 2)",0,0.00264783759929391,83.89473684210526,35.1578947368421,trust_fused,98,ATTACK,149,"(15, 16)",False,0,False,1635
10,0.0,True,0.0,0.8931717337536286,0.9583749848791578,1597,0,1597.0,90,1,19,"(33, 8)",0,0.008818342151675485,85.05263157894737,41.421052631578945,trust_fused,90,ATTACK,154,"(28, 30)",False,1,False,1635
10,0.0,True,0.0,0.7870459518796902,0.9116398737562409,1577,0,1577.0,76,26,16,"(33, 8)",0,0.01675485008818342,96.5,50.0625,trust_fused,76,ATTACK,155,"(29, 26)",False,2,False,1635
0,0.0,True,0.0,0.9,0.9,1598,0,1598.0,98,4,19,"(15, 2)",0,0.0026455026455026454,83.89473684210526,35.1578947368421,trust_fused,98,ATTACK,149,"(15, 11)",False,0,False,1640
10,0.0,True,0.0,0.9088532748342375,0.9649167264370981,1602,0,1602.0,90,1,19,"(33, 8)",0,0.008818342151675485,85.05263157894737,41.421052631578945,trust_fused,90,ATTACK,154,"(27, 26)",False,1,False,1640
10,0.0,True,0.0,0.817099420503753,0.9252705571444514,1582,0,1582.0,76,26,16,"(33, 8)",0,0.01763668430335097,96.5,50.0625,trust_fused,76,ATTACK,155,"(29, 21)",False,2,False,1640
0,0.0,True,0.0,0.9,0.9,1603,0,1603.0,98,4,19,"(15, 2)",0,0.0026455026455026454,83.89473684210526,35.1578947368421,trust_fused,98,ATTACK,149,"(15, 6)",False,0,False,1645
10,0.0,True,0.0,0.9223561435600252,0.9707752602299785,1607,0,1607.0,90,1,19,"(33, 8)",0,0.008818342151675485,85.05263157894737,41.421052631578945,trust_fused,90,ATTACK,154,"(27, 21)",False,1,False,1645
10,0.0,True,0.0,0.8432943364835822,0.9372441602644696,1587,0,1587.0,76,26,16,"(33, 8)",0,0.014991181657848324,96.5,50.0625,trust_fused,76,ATTACK,155,"(29, 16)",False,2,False,1645
0,0.0,True,0.0,0.9,0.9,1607,0,1607.0,99,4,20,"(33, 30)",0,0.047619047619047616,82.5,34.5,trust_fused,99,ATTACK,151,"(15, 2)",False,0,False,1650
10,0.0,True,0.0,0.9317988396997949,0.9745825747576479,1612,0,1612.0,91,1,19,"(33, 8)",0,0.05202821869488536,85.05263157894737,41.421052631578945,trust_fused,91,ATTACK,155,"(27, 16)",False,1,False,1650
10,0.0,True,0.0,0.852780433593083,0.9415579600316781,1592,0,1592.0,76,26,16,"(33, 8)",0,0.04938271604938271,96.5,50.0625,trust_fused,76,ATTACK,156,"(29, 11)",False,2,False,1650
0,0.0,True,0.0,0.9,0.9,1612,0,1612.0,99,4,20,"(33, 30)",0,0.043209876543209874,82.5,34.5,trust_fused,99,ATTACK,151,"(15, 7)",False,0,False,1655
10,0.0,True,0.0,0.9317988396997949,0.9745825747576479,1617,0,1617.0,91,1,19,"(33, 8)",0,0.048500881834215165,85.05263157894737,41.421052631578945,trust_fused,91,ATTACK,155,"(29, 13)",False,1,False,1655
10,0.0,True,0.0,0.852780433593083,0.9415579600316781,1597,0,1597.0,76,26,16,"(33, 8)",0,0.04938271604938271,96.5,50.0625,trust_fused,76,ATTACK,156,"(31, 8)",False,2,False,1655
0,0.0,True,0.0,0.9,0.9,1617,0,1617.0,99,4,20,"(33, 30)",0,0.04324801412180053,82.5,34.5,trust_fused,99,ATTACK,151,"(17, 10)",False,0,False,1660
10,0.0,True,0.0,0.9317988396997949,0.9745825747576479,1622,0,1622.0,91,1,19,"(33, 8)",0,0.04854368932038835,85.05263157894737,41.421052631578945,trust_fused,91,ATTACK,155,"(30, 9)",False,1,False,1660
10,0.0,True,0.0,0.852780433593083,0.9415579600316781,1601,0,1601.0,77,26,17,"(33, 30)",0,0.04942630185348632,97.52941176470588,50.35294117647059,trust_fused,77,ATTACK,157,"(33, 10)",False,2,False,1660
0,0.0,True,0.0,0.9,0.9,1622,0,1622.0,99,4,20,"(33, 30)",0,0.04236540158870256,82.5,34.5,trust_fused,99,ATTACK,151,"(17, 15)",False,0,False,1665
15,0.0,True,0.0,0.9317988396997949,0.9745825747576479,1626,0,1626.0,92,1,19,"(33, 50)",0,0.04854368932038835,85.05263157894737,41.421052631578945,trust_fused,92,ATTACK,156,"(33, 8)",False,1,False,1665
15,0.0,True,0.0,0.852780433593083,0.9415579600316781,1606,0,1606.0,77,26,17,"(33, 30)",0,0.04854368932038835,97.52941176470588,50.35294117647059,trust_fused,77,ATTACK,157,"(30, 12)",False,2,False,1665
0,0.0,True,0.0,0.9,0.9,1627,0,1627.0,99,4,20,"(33, 30)",0,0.03971756398940865,82.5,34.5,trust_fused,99,ATTACK,151,"(20, 17)",False,0,False,1670
15,0.0,True,0.0,0.9317988396997949,0.9745825747576479,1631,0,1631.0,92,1,19,"(33, 50)",0,0.04854368932038835,85.05263157894737,41.421052631578945,trust_fused,92,ATTACK,156,"(32, 12)",False,1,False,1670
15,0.0,True,0.0,0.852780433593083,0.9415579600316781,1611,0,1611.0,77,26,17,"(33, 30)",0,0.04677846425419241,97.52941176470588,50.35294117647059,trust_fused,77,ATTACK,157,"(28, 15)",False,2,False,1670
0,0.0,True,0.0,0.9,0.9,1632,0,1632.0,100,4,20,"(33, 30)",0,0.038834951456310676,82.5,34.5,trust_fused,100,ATTACK,152,"(25, 17)",False,0,False,1675
15,0.0,True,0.0,0.9339856234093548,0.9755345138909909,1636,0,1636.0,93,1,19,"(33, 50)",0,0.04854368932038835,85.05263157894737,41.421052631578945,trust_fused,93,ATTACK,157,"(29, 14)",False,1,False,1675
15,0.0,True,0.0,0.8703911917661944,0.9515768170936002,1616,0,1616.0,77,26,17,"(33, 30)",0,0.04589585172109444,97.52941176470588,50.35294117647059,trust_fused,77,ATTACK,158,"(28, 20)",False,2,False,1675
0,0.0,True,0.0,0.9,0.9,1637,0,1637.0,100,4,20,"(33, 30)",0,0.03188662533215235,82.5,34.5,trust_fused,100,ATTACK,152,"(27, 20)",False,0,False,1680
15,0.0,True,0.0,0.9441339766181361,0.9807368407134635,1641,0,1641.0,93,1,19,"(33, 50)",0,0.047829937998228524,85.05263157894737,41.421052631578945,trust_fused,93,ATTACK,157,"(29, 19)",False,1,False,1680
15,0.0,True,0.0,0.8904226576397573,0.9629537288190452,1621,0,1621.0,77,26,17,"(33, 30)",0,0.03897254207263064,97.52941176470588,50.35294117647059,trust_fused,77,ATTACK,158,"(28, 25)",False,2,False,1680
0,0.0,True,0.0,0.9,0.9,1642,0,1642.0,100,4,20,"(33, 30)",0,0.03188662533215235,82.5,34.5,trust_fused,100,ATTACK,152,"(27, 25)",False,0,False,1685
15,0.0,True,0.0,0.9530194334374247,0.9849222824807695,1646,0,1646.0,93,1,19,"(33, 50)",0,0.043401240035429584,85.05263157894737,41.421052631578945,trust_fused,93,ATTACK,157,"(28, 23)",False,1,False,1685
15,0.0,True,0.0,0.9080128519460644,0.9713420367847742,1626,0,1626.0,77,26,17,"(33, 30)",0,0.03897254207263064,97.52941176470588,50.35294117647059,trust_fused,77,ATTACK,158,"(28, 28)",False,2,False,1685
0,0.0,True,0.0,0.9,0.9,1647,0,1647.0,100,4,20,"(33, 30)",0,0.03100088573959256,82.5,34.5,trust_fused,100,ATTACK,152,"(29, 28)",False,0,False,1690
14,0.0,True,0.0,0.9607137398109958,0.9882427385095567,1651,0,1651.0,93,1,19,"(33, 50)",0,0.03897254207263064,85.05263157894737,41.421052631578945,trust_fused,93,ATTACK,157,"(27, 27)",False,1,False,1690
14,0.0,True,0.0,0.9233199424800392,0.9780901578247994,1631,0,1631.0,77,26,17,"(33, 30)",0,0.03897254207263064,97.52941176470588,50.35294117647059,trust_fused,77,ATTACK,158,"(31, 30)",False,2,False,1690
0,0.0,True,0.0,0.9,0.9,1651,0,1651.0,100,5,20,"(33, 30)",0,0.029229406554472984,82.5,34.5,trust_fused,100,ATTACK,152,"(31, 30)",False,0,False,1695
11,0.0,True,0.0,0.9672991961285969,0.9907152449069444,1656,0,1656.0,93,1,19,"(33, 50)",0,0.03897254207263064,85.05263157894737,41.421052631578945,trust_fused,93,ATTACK,157,"(29, 30)",False,1,False,1695
11,0.0,True,0.0,0.9364076559442851,0.9829257904230121,1635,0,1635.0,78,26,17,"(2, 41)",0,0.03897254207263064,97.52941176470588,50.35294117647059,trust_fused,78,ATTACK,159,"(32, 31)",False,2,False,1695
0,0.0,True,0.0,0.9,0.9,1655,0,1655.0,101,5,20,"(25, 2)",0,0.029438001784121322,82.5,34.5,trust_fused,101,ATTACK,154,"(31, 30)",False,0,False,1700
15,0.0,True,0.0,0.9718279360420975,0.9922629338024959,1661,0,1661.0,93,1,19,"(33, 50)",0,0.03911111111111111,85.05263157894737,41.421052631578945,trust_fused,93,ATTACK,158,"(29, 35)",False,1,False,1700
15,0.0,True,0.0,0.9474398119623499,0.9863005765478411,1640,0,1640.0,81,26,17,"(2, 41)",0,0.039250669045495096,97.52941176470588,50.35294117647059,trust_fused,81,ATTACK,162,"(28, 32)",False,2,False,1700
0,0.0,True,0.0,0.9,0.9,1660,0,1660.0,101,5,20,"(25, 2)",0,0.027653880463871544,82.5,34.5,trust_fused,101,ATTACK,154,"(28, 28)",False,0,False,1705
15,0.0,True,0.0,0.9766785601884543,0.9937650396777715,1666,0,1666.0,93,1,19,"(33, 50)",0,0.033777777777777775,85.05263157894737,41.421052631578945,trust_fused,93,ATTACK,158,"(29, 40)",False,1,False,1705
15,0.0,True,0.0,0.9566802787242493,0.98938630422922,1645,0,1645.0,81,26,17,"(2, 41)",0,0.03389830508474576,97.52941176470588,50.35294117647059,trust_fused,81,ATTACK,162,"(26, 35)",False,2,False,1705
0,0.0,True,0.0,0.9,0.9,1665,0,1665.0,101,5,20,"(25, 2)",0,0.024977698483496878,82.5,34.5,trust_fused,101,ATTACK,154,"(27, 24)",False,0,False,1710
15,0.0,True,0.0,0.9766785601884543,0.9937650396777715,1671,0,1671.0,94,1,19,"(33, 50)",0,0.03111111111111111,85.05263157894737,41.421052631578945,trust_fused,94,ATTACK,159,"(29, 45)",False,1,False,1710
15,0.0,True,0.0,0.9583383031037348,0.9898407663139586,1650,0,1650.0,81,26,17,"(2, 41)",0,0.031222123104371096,97.52941176470588,50.35294117647059,trust_fused,81,ATTACK,162,"(26, 40)",False,2,False,1710
0,0.0,True,0.0,0.9,0.9,1670,0,1670.0,101,5,20,"(25, 2)",0,0.02486678507992895,82.5,34.5,trust_fused,101,ATTACK,154,"(26, 20)",False,0,False,1715
14,0.0,True,0.0,0.9766785601884543,0.9937650396777715,1676,0,1676.0,94,1,19,"(33, 50)",0,0.029229406554472984,85.05263157894737,41.421052631578945,trust_fused,94,ATTACK,159,"(32, 47)",False,1,False,1715
14,0.0,True,0.0,0.9583383031037348,0.9898407663139586,1655,0,1655.0,81,26,17,"(2, 41)",0,0.02930728241563055,97.52941176470588,50.35294117647059,trust_fused,81,ATTACK,162,"(21, 40)",False,2,False,1715
0,0.0,True,0.0,0.9,0.9,1675,0,1675.0,101,5,20,"(25, 2)",0,0.023767605633802816,82.5,34.5,trust_fused,101,ATTACK,154,"(26, 15)",False,0,False,1720
11,0.0,True,0.0,0.9766785601884543,0.9937650396777715,1680,0,1680.0,95,1,20,"(25, 2)",0,0.027288732394366196,86.0,42.1,trust_fused,95,ATTACK,160,"(33, 50)",False,1,False,1720
10,0.0,True,0.0,0.9583383031037348,0.9898407663139586,1660,0,1660.0,81,26,17,"(2, 41)",0,0.028169014084507043,97.52941176470588,50.35294117647059,trust_fused,81,ATTACK,162,"(16, 40)",False,2,False,1720
0,0.0,True,0.0,0.9,0.9,1680,0,1680.0,101,5,20,"(25, 2)",0,0.023767605633802816,82.5,34.5,trust_fused,101,ATTACK,155,"(26, 10)",False,0,False,1725
11,0.0,True,0.0,0.9766785601884543,0.9937650396777715,1685,0,1685.0,95,1,20,"(25, 2)",0,0.027288732394366196,86.0,42.1,trust_fused,95,ATTACK,161,"(30, 48)",False,1,False,1725
10,0.0,True,0.0,0.9583383031037348,0.9898407663139586,1665,0,1665.0,81,26,17,"(2, 41)",0,0.028169014084507043,97.52941176470588,50.35294117647059,trust_fused,81,ATTACK,163,"(12, 41)",False,2,False,1725
0,0.0,True,0.0,0.9,0.9,1685,0,1685.0,101,5,20,"(25, 2)",0,0.022867194371152155,82.5,34.5,trust_fused,101,ATTACK,155,"(26, 5)",False,0,False,1730
11,0.0,True,0.0,0.9766785601884543,0.9937650396777715,1690,0,1690.0,95,1,20,"(25, 2)",0,0.026385224274406333,86.0,42.1,trust_fused,95,ATTACK,161,"(30, 43)",False,1,False,1730
10,0.0,True,0.0,0.9583383031037348,0.9898407663139586,1670,0,1670.0,81,26,17,"(2, 41)",0,0.027264731750219876,97.52941176470588,50.35294117647059,trust_fused,81,ATTACK,163,"(7, 41)",False,2,False,1730
0,0.0,True,0.0,0.9,0.9,1689,0,1689.0,102,5,21,"(2, 41)",0,0.0228270412642669,82.61904761904762,34.61904761904762,trust_fused,102,ATTACK,156,"(25, 2)",False,0,False,1735
11,0.0,True,0.0,0.9766785601884543,0.9937650396777715,1695,0,1695.0,95,1,20,"(25, 2)",0,0.02633889376646181,86.0,42.1,trust_fused,95,ATTACK,161,"(28, 40)",False,1,False,1735
10,0.0,True,0.0,0.9583383031037348,0.9898407663139586,1675,0,1675.0,81,26,17,"(2, 41)",0,0.027216856892010536,97.52941176470588,50.35294117647059,trust_fused,81,ATTACK,163,"(2, 41)",False,2,False,1735
0,0.0,True,0.0,0.9,0.9,1694,0,1694.0,102,5,21,"(2, 41)",0,0.0228270412642669,82.61904761904762,34.61904761904762,trust_fused,102,ATTACK,156,"(25, 7)",False,0,False,1740
16,0.0,True,0.0,0.9783709333272688,0.9941217067865944,1700,0,1700.0,95,1,20,"(25, 2)",0,0.02633889376646181,86.0,42.1,trust_fused,95,ATTACK,161,"(28, 35)",False,1,False,1740
15,0.6998929853525624,True,0.6998929853525624,0.9583383031037348,0.9898407663139586,1679,0,1679.0,82,26,18,"(21, 17)",15,0.02633889376646181,96.44444444444444,49.94444444444444,trust_fused,82,ATTACK,164,"(6, 41)",True,2,True,1740
0,0.0,True,0.0,0.9,0.9,1699,0,1699.0,102,5,21,"(2, 41)",0,0.0228270412642669,82.61904761904762,34.61904761904762,trust_fused,102,ATTACK,156,"(25, 12)",False,0,False,1745
16,0.0,True,0.0,0.9820586563757878,0.9949805686644316,1705,0,1705.0,95,1,20,"(25, 2)",0,0.02633889376646181,86.0,42.1,trust_fused,95,ATTACK,161,"(28, 30)",False,1,False,1745
15,0.6998929853525624,True,0.6998929853525624,0.9583383031037348,0.9898407663139586,1684,0,1684.0,82,26,18,"(21, 17)",15,0.02633889376646181,96.44444444444444,49.94444444444444,trust_fused,82,ATTACK,164,"(11, 41)",True,2,True,1745
0,0.0,True,0.0,0.9,0.9,1704,0,1704.0,102,5,21,"(2, 41)",0,0.0228270412642669,82.61904761904762,34.61904761904762,trust_fused,102,ATTACK,157,"(24, 16)",False,0,False,1750
16,0.0,True,0.0,0.9850885475191697,0.995725997585719,1710,0,1710.0,96,1,20,"(25, 2)",0,0.02633889376646181,86.0,42.1,trust_fused,96,ATTACK,162,"(27, 26)",False,1,False,1750
15,2.7182151236494008,True,2.7182151236494008,0.9583383031037348,0.9898407663139586,1689,0,1689.0,83,26,18,"(21, 17)",15,0.02633889376646181,96.44444444444444,49.94444444444444,trust_fused,83,ATTACK,165,"(13, 38)",True,2,True,1750
0,0.0,True,0.0,0.9,0.9,1709,0,1709.0,102,5,21,"(2, 41)",0,0.021071115013169446,82.61904761904762,34.61904761904762,trust_fused,102,ATTACK,157,"(20, 17)",False,0,False,1755
16,0.0,True,0.0,0.9875822731075535,0.9963570312066672,1715,0,1715.0,96,1,20,"(25, 2)",0,0.024582967515364356,86.0,42.1,trust_fused,96,ATTACK,162,"(26, 22)",False,1,False,1755
15,2.7182151236494008,True,2.7182151236494008,0.9583383031037348,0.9898407663139586,1694,0,1694.0,83,26,18,"(21, 17)",15,0.02633889376646181,96.44444444444444,49.94444444444444,trust_fused,83,ATTACK,165,"(16, 36)",True,2,True,1755
0,0.0,True,0.0,0.9,0.9,1714,0,1714.0,102,5,21,"(2, 41)",0,0.016652059596844872,82.61904761904762,34.61904761904762,trust_fused,102,ATTACK,157,"(17, 19)",False,0,False,1760
16,0.0,True,0.0,0.989660527319639,0.9970046790638804,1720,0,1720.0,96,1,20,"(25, 2)",0,0.022787028921998246,86.0,42.1,trust_fused,96,ATTACK,162,"(26, 17)",False,1,False,1760
13,0.16922800261237825,True,0.16922800261237825,0.6073139179565266,0.6073139179565266,1699,0,1699.0,83,26,18,"(21, 17)",13,0.021910604732690624,96.44444444444444,49.94444444444444,trust_fused,83,ATTACK,165,"(21, 36)",True,2,True,1760
0,0.0,True,0.0,0.9,0.9,1719,0,1719.0,102,5,21,"(2, 41)",0,0.01138353765323993,82.61904761904762,34.61904761904762,trust_fused,102,ATTACK,157,"(13, 20)",False,0,False,1765
16,0.0,True,0.0,0.9913926364360516,0.9974934186103116,1725,0,1725.0,96,1,20,"(25, 2)",0,0.017513134851138354,86.0,42.1,trust_fused,96,ATTACK,162,"(26, 12)",False,1,False,1765
13,0.16922800261237825,True,0.16922800261237825,0.6073139179565266,0.6073139179565266,1704,0,1704.0,83,26,18,"(21, 17)",13,0.01576182136602452,96.44444444444444,49.94444444444444,trust_fused,83,ATTACK,165,"(24, 34)",True,2,True,1765
0,0.0,True,0.0,0.9,0.9,1724,0,1724.0,103,5,21,"(2, 41)",0,0.00788091068301226,82.61904761904762,34.61904761904762,trust_fused,103,ATTACK,158,"(10, 22)",False,0,False,1770
14,0.0,True,0.0,0.9928285667234471,0.997881339810876,1730,0,1730.0,96,1,20,"(25, 2)",0,0.014010507880910683,86.0,42.1,trust_fused,96,ATTACK,162,"(26, 7)",False,1,False,1770
11,0.16922800261237825,True,0.16922800261237825,0.6144498327735359,0.6576191293920437,1709,0,1709.0,83,26,18,"(21, 17)",11,0.012259194395796848,96.44444444444444,49.94444444444444,trust_fused,83,ATTACK,165,"(25, 30)",True,2,True,1770
0,0.0,True,0.0,0.9,0.9,1729,0,1729.0,104,5,21,"(2, 41)",0,0.005253940455341506,82.61904761904762,34.61904761904762,trust_fused,104,ATTACK,160,"(10, 27)",False,0,False,1775
11,0.0,True,0.0,0.993569301788738,0.9980848581244808,1735,0,1735.0,96,1,20,"(25, 2)",0,0.01138353765323993,86.0,42.1,trust_fused,96,ATTACK,163,"(25, 3)",False,1,False,1775
8,0.0,True,0.0,0.6306003996448176,0.7026086882611386,1714,0,1714.0,83,26,18,"(21, 17)",0,0.009632224168126095,96.44444444444444,49.94444444444444,trust_fused,83,ATTACK,166,"(26, 26)",False,2,False,1775
0,0.0,True,0.0,0.9,0.9,1734,0,1734.0,104,5,21,"(2, 41)",0,0.0052863436123348016,82.61904761904762,34.61904761904762,trust_fused,104,ATTACK,160,"(7, 29)",False,0,False,1780
15,0.0,True,0.0,0.9940266559400607,0.9983141975442886,1739,0,1739.0,97,1,20,"(33, 30)",0,0.014951627088830254,86.0,42.1,trust_fused,97,ATTACK,164,"(25, 5)",False,1,False,1780
12,0.0,True,0.0,0.6532204511680112,0.7471974108451436,1719,0,1719.0,83,26,18,"(21, 17)",0,0.013215859030837005,96.44444444444444,49.94444444444444,trust_fused,83,ATTACK,166,"(26, 21)",False,2,False,1780
0,0.0,True,0.0,0.9,0.9,1739,0,1739.0,104,5,21,"(2, 41)",0,0.0052677787532923615,82.61904761904762,34.61904761904762,trust_fused,104,ATTACK,160,"(5, 32)",False,0,False,1785
15,0.0,True,0.0,0.99424324757009,0.9983584885406466,1744,0,1744.0,97,1,20,"(33, 30)",0,0.01755926251097454,86.0,42.1,trust_fused,97,ATTACK,164,"(27, 8)",False,1,False,1785
12,0.0,True,0.0,0.6802572905398004,0.7871823759005164,1724,0,1724.0,83,26,18,"(21, 17)",0,0.013169446883230905,96.44444444444444,49.94444444444444,trust_fused,83,ATTACK,166,"(25, 17)",False,2,False,1785
0,0.0,True,0.0,0.9,0.9,1744,0,1744.0,104,5,21,"(2, 41)",0,0.005253940455341506,82.61904761904762,34.61904761904762,trust_fused,104,ATTACK,160,"(3, 35)",False,0,False,1790
15,0.0,True,0.0,0.99424324757009,0.9983584885406466,1749,0,1749.0,97,1,20,"(33, 30)",0,0.016637478108581436,86.0,42.1,trust_fused,97,ATTACK,164,"(27, 13)",False,1,False,1790
9,0.0,True,0.0,0.5811677318478494,0.6145083811576922,1728,0,1728.0,84,26,18,"(2, 50)",0,0.010507880910683012,96.44444444444444,49.94444444444444,trust_fused,84,ATTACK,167,"(21, 17)",False,2,False,1790
0,0.0,True,0.0,0.9,0.9,1749,0,1749.0,104,5,21,"(2, 41)",0,0.005253940455341506,82.61904761904762,34.61904761904762,trust_fused,104,ATTACK,160,"(3, 40)",False,0,False,1795
15,0.0,True,0.0,0.99424324757009,0.9983584885406466,1754,0,1754.0,97,1,20,"(33, 30)",0,0.017513134851138354,86.0,42.1,trust_fused,97,ATTACK,164,"(27, 18)",False,1,False,1795
9,0.0,True,0.0,0.5811677318478494,0.6145083811576922,1733,0,1733.0,84,26,18,"(2, 50)",0,0.010507880910683012,96.44444444444444,49.94444444444444,trust_fused,84,ATTACK,167,"(25, 18)",False,2,False,1795
0,0.0,True,0.0,0.9,0.9,1753,0,1753.0,105,5,21,"(25, 2)",0,0.028021015761821366,82.61904761904762,34.61904761904762,trust_fused,105,ATTACK,162,"(3, 40)",False,0,False,1800
15,0.0,True,0.0,0.99424324757009,0.9983584885406466,1759,0,1759.0,98,1,20,"(33, 30)",0,0.03590192644483362,86.0,42.1,trust_fused,98,ATTACK,165,"(27, 23)",False,1,False,1800
9,0.0,True,0.0,0.5811677318478494,0.6145083811576922,1738,0,1738.0,85,26,18,"(2, 50)",0,0.03152364273204904,96.44444444444444,49.94444444444444,trust_fused,85,ATTACK,168,"(25, 21)",False,2,False,1800
0,0.0,True,0.0,0.9,0.9,1758,0,1758.0,105,5,21,"(25, 2)",0,0.02714535901926445,82.61904761904762,34.61904761904762,trust_fused,105,ATTACK,162,"(5, 37)",False,0,False,1805
15,0.0,True,0.0,0.99424324757009,0.9983584885406466,1764,0,1764.0,98,1,20,"(33, 30)",0,0.03502626970227671,86.0,42.1,trust_fused,98,ATTACK,165,"(29, 26)",False,1,False,1805
9,0.0,True,0.0,0.5811677318478494,0.6145083811576922,1743,0,1743.0,85,26,18,"(2, 50)",0,0.03064798598949212,96.44444444444444,49.94444444444444,trust_fused,85,ATTACK,168,"(24, 25)",False,2,False,1805
0,0.0,True,0.0,0.9,0.9,1763,0,1763.0,107,5,21,"(25, 2)",0,0.024496937882764653,82.61904761904762,34.61904761904762,trust_fused,107,ATTACK,164,"(5, 32)",False,0,False,1810
15,0.0,True,0.0,0.99424324757009,0.9983584885406466,1769,0,1769.0,98,1,20,"(33, 30)",0,0.03237095363079615,86.0,42.1,trust_fused,98,ATTACK,165,"(30, 30)",False,1,False,1810
9,0.0,True,0.0,0.5811677318478494,0.6145083811576922,1748,0,1748.0,85,26,18,"(2, 50)",0,0.028871391076115485,96.44444444444444,49.94444444444444,trust_fused,85,ATTACK,168,"(24, 30)",False,2,False,1810
0,0.0,True,0.0,0.9,0.9,1768,0,1768.0,108,5,21,"(25, 2)",0,0.02097902097902098,82.61904761904762,34.61904761904762,trust_fused,108,ATTACK,165,"(6, 28)",False,0,False,1815
19,0.0,True,0.0,0.99424324757009,0.9983584885406466,1773,0,1773.0,99,1,21,"(2, 41)",0,0.03146853146853147,86.38095238095238,41.857142857142854,trust_fused,99,ATTACK,166,"(32, 30)",False,1,False,1815
9,0.0,False,0.0,0.42903693584653024,0.42903693584653024,1753,0,1753.0,86,26,18,"(2, 50)",0,0.027097902097902096,96.44444444444444,49.94444444444444,trust_fused,86,ATTACK,169,"(22, 33)",False,2,False,1815
0,0.0,True,0.0,0.9,0.9,1773,0,1773.0,108,5,21,"(25, 2)",0,0.020228671943711522,82.61904761904762,34.61904761904762,trust_fused,108,ATTACK,165,"(10, 27)",False,0,False,1820
19,0.0,True,0.0,0.99424324757009,0.9983584885406466,1778,0,1778.0,99,1,21,"(2, 41)",0,0.029023746701846966,86.38095238095238,41.857142857142854,trust_fused,99,ATTACK,166,"(29, 32)",False,1,False,1820
5,0.0,False,0.0,0.42903693584653024,0.42903693584653024,1758,0,1758.0,86,26,18,"(2, 50)",0,0.025505716798592787,96.44444444444444,49.94444444444444,trust_fused,86,ATTACK,169,"(20, 36)",False,2,False,1820
0,0.0,True,0.0,0.9,0.9,1778,0,1778.0,109,5,21,"(25, 2)",0,0.019349164467897976,82.61904761904762,34.61904761904762,trust_fused,109,ATTACK,166,"(13, 25)",False,0,False,1825
14,0.0,True,0.0,0.7745217133752106,0.7745217133752106,1783,0,1783.0,100,1,21,"(2, 41)",0,0.025505716798592787,86.38095238095238,41.857142857142854,trust_fused,100,ATTACK,167,"(26, 34)",False,1,False,1825
2,0.0,False,0.0,0.42903693584653024,0.42903693584653024,1763,0,1763.0,87,26,18,"(2, 50)",0,0.028144239226033423,96.44444444444444,49.94444444444444,trust_fused,87,ATTACK,170,"(16, 37)",False,2,False,1825
0,0.0,True,0.0,0.9,0.9,1783,0,1783.0,109,5,21,"(25, 2)",0,0.01759014951627089,82.61904761904762,34.61904761904762,trust_fused,109,ATTACK,166,"(15, 22)",False,0,False,1830
9,0.0,False,0.0,0.463419875312469,0.463419875312469,1788,0,1788.0,101,1,21,"(2, 41)",0,0.022867194371152155,86.38095238095238,41.857142857142854,trust_fused,101,ATTACK,168,"(21, 34)",False,1,False,1830
2,0.0,False,0.0,0.42903693584653024,0.42903693584653024,1768,0,1768.0,87,26,18,"(2, 50)",0,0.0316622691292876,96.44444444444444,49.94444444444444,trust_fused,87,ATTACK,170,"(13, 39)",False,2,False,1830
0,0.0,True,0.0,0.9,0.9,1788,0,1788.0,109,5,21,"(25, 2)",0,0.01759014951627089,82.61904761904762,34.61904761904762,trust_fused,109,ATTACK,166,"(16, 18)",False,0,False,1835
6,0.0,False,0.0,0.463419875312469,0.463419875312469,1793,0,1793.0,101,1,21,"(2, 41)",0,0.020228671943711522,86.38095238095238,41.857142857142854,trust_fused,101,ATTACK,168,"(19, 37)",False,1,False,1835
2,0.0,False,0.0,0.43176131084043756,0.4659835769745048,1773,0,1773.0,87,26,18,"(2, 50)",0,0.030782761653474055,96.44444444444444,49.94444444444444,trust_fused,87,ATTACK,170,"(10, 41)",False,2,False,1835
0,0.0,True,0.0,0.9,0.9,1793,0,1793.0,109,5,21,"(25, 2)",0,0.017605633802816902,82.61904761904762,34.61904761904762,trust_fused,109,ATTACK,166,"(20, 17)",False,0,False,1840
3,0.0,False,0.0,0.463419875312469,0.463419875312469,1798,0,1798.0,101,1,21,"(2, 41)",0,0.018485915492957746,86.38095238095238,41.857142857142854,trust_fused,101,ATTACK,168,"(14, 37)",False,1,False,1840
1,0.0,True,0.0,0.45214576164384457,0.5537317733251904,1778,0,1778.0,87,26,18,"(2, 50)",0,0.027288732394366196,96.44444444444444,49.94444444444444,trust_fused,87,ATTACK,170,"(5, 41)",False,2,False,1840
0,0.0,True,0.0,0.9,0.9,1798,0,1798.0,109,5,21,"(25, 2)",0,0.017605633802816902,82.61904761904762,34.61904761904762,trust_fused,109,ATTACK,166,"(24, 16)",False,0,False,1845
3,0.0,False,0.0,0.463419875312469,0.463419875312469,1803,0,1803.0,101,1,21,"(2, 41)",0,0.018485915492957746,86.38095238095238,41.857142857142854,trust_fused,101,ATTACK,168,"(13, 41)",False,1,False,1845
1,0.0,True,0.0,0.4579897876886927,0.5690262825408067,1783,0,1783.0,87,26,18,"(2, 50)",0,0.025528169014084508,96.44444444444444,49.94444444444444,trust_fused,87,ATTACK,170,"(4, 45)",False,2,False,1845
0,0.0,True,0.0,0.9,0.9,1803,0,1803.0,109,5,21,"(25, 2)",0,0.017605633802816902,82.61904761904762,34.61904761904762,trust_fused,109,ATTACK,167,"(25, 12)",False,0,False,1850
3,0.0,True,0.0,0.47140692388639155,0.5303586269772372,1808,0,1808.0,101,1,21,"(2, 41)",0,0.018485915492957746,86.38095238095238,41.857142857142854,trust_fused,101,ATTACK,169,"(8, 41)",False,1,False,1850
1,0.0,True,0.0,0.4579897876886927,0.5690262825408067,1788,0,1788.0,87,26,18,"(2, 50)",0,0.02464788732394366,96.44444444444444,49.94444444444444,trust_fused,87,ATTACK,171,"(3, 49)",False,2,False,1850
0,0.0,True,0.0,0.9,0.9,1808,0,1808.0,109,5,21,"(25, 2)",0,0.017605633802816902,82.61904761904762,34.61904761904762,trust_fused,109,ATTACK,167,"(25, 7)",False,0,False,1855
7,0.0,True,0.0,0.4932594077231308,0.5839724449017575,1813,0,1813.0,101,1,21,"(2, 41)",0,0.022007042253521125,86.38095238095238,41.857142857142854,trust_fused,101,ATTACK,169,"(3, 41)",False,1,False,1855
6,0.0,True,0.0,0.4579897876886927,0.5690262825408067,1792,0,1792.0,88,26,19,"(2, 41)",0,0.028169014084507043,97.52631578947368,50.63157894736842,trust_fused,88,ATTACK,172,"(3, 49)",False,2,False,1855
0,0.0,True,0.0,0.9,0.9,1813,0,1813.0,109,5,21,"(25, 2)",0,0.014247551202137132,82.61904761904762,34.61904761904762,trust_fused,109,ATTACK,167,"(25, 2)",False,0,False,1860
7,0.0,True,0.0,0.5040567951307433,0.6123608365957955,1817,0,1817.0,102,1,21,"(25, 2)",0,0.0213713268032057,86.38095238095238,41.857142857142854,trust_fused,102,ATTACK,170,"(5, 41)",False,1,False,1860
6,0.0,True,0.0,0.4579897876886927,0.5690262825408067,1797,0,1797.0,88,26,19,"(2, 41)",0,0.027604630454140695,97.52631578947368,50.63157894736842,trust_fused,88,ATTACK,172,"(3, 44)",False,2,False,1860
0,0.0,True,0.0,0.9,0.9,1817,0,1817.0,110,5,22,"(13, 50)",0,0.014247551202137132,84.5909090909091,35.90909090909091,trust_fused,110,ATTACK,168,"(25, 6)",False,0,False,1865
7,0.0,True,0.0,0.5100904185582358,0.6247292636805918,1822,0,1822.0,102,1,21,"(25, 2)",0,0.0213713268032057,86.38095238095238,41.857142857142854,trust_fused,102,ATTACK,170,"(8, 39)",False,1,False,1865
6,0.0,True,0.0,0.4707772310935179,0.5975394231647848,1801,0,1801.0,89,26,19,"(24, 45)",0,0.027604630454140695,97.52631578947368,50.63157894736842,trust_fused,89,ATTACK,173,"(2, 41)",False,2,False,1865
0,0.0,True,0.0,0.9,0.9,1822,0,1822.0,110,5,22,"(13, 50)",0,0.014247551202137132,84.5909090909091,35.90909090909091,trust_fused,110,ATTACK,168,"(25, 11)",False,0,False,1870
6,0.0,True,0.0,0.5330654187913006,0.6204428034710748,1827,0,1827.0,102,1,21,"(25, 2)",0,0.016918967052537846,86.38095238095238,41.857142857142854,trust_fused,102,ATTACK,170,"(10, 36)",False,1,False,1870
5,0.0,False,0.0,0.4757193451047463,0.4757193451047463,1806,0,1806.0,89,26,19,"(24, 45)",0,0.026714158504007122,97.52631578947368,50.63157894736842,trust_fused,89,ATTACK,174,"(7, 41)",False,2,False,1870
0,0.0,True,0.0,0.9,0.9,1827,0,1827.0,110,5,22,"(13, 50)",0,0.015138023152270703,84.5909090909091,35.90909090909091,trust_fused,110,ATTACK,169,"(25, 16)",False,0,False,1875
6,0.0,True,0.0,0.5544739199372057,0.66223693218523,1832,0,1832.0,103,1,21,"(25, 2)",0,0.016028495102404273,86.38095238095238,41.857142857142854,trust_fused,103,ATTACK,171,"(14, 35)",False,1,False,1875
5,0.0,False,0.0,0.4757193451047463,0.4757193451047463,1811,0,1811.0,89,26,19,"(24, 45)",0,0.024933214603739984,97.52631578947368,50.63157894736842,trust_fused,89,ATTACK,175,"(12, 41)",False,2,False,1875
0,0.0,True,0.0,0.9,0.9,1832,0,1832.0,110,5,22,"(13, 50)",0,0.015151515151515152,84.5909090909091,35.90909090909091,trust_fused,110,ATTACK,169,"(21, 17)",False,0,False,1880
6,0.0,True,0.0,0.566452581729617,0.6830400762911095,1837,0,1837.0,103,1,21,"(25, 2)",0,0.016042780748663103,86.38095238095238,41.857142857142854,trust_fused,103,ATTACK,171,"(17, 33)",False,1,False,1880
5,0.0,False,0.0,0.4757193451047463,0.4757193451047463,1816,0,1816.0,89,26,19,"(24, 45)",0,0.023172905525846704,97.52631578947368,50.63157894736842,trust_fused,89,ATTACK,175,"(16, 40)",False,2,False,1880
0,0.0,True,0.0,0.9,0.9,1837,0,1837.0,110,5,22,"(13, 50)",0,0.015138023152270703,84.5909090909091,35.90909090909091,trust_fused,110,ATTACK,169,"(18, 19)",False,0,False,1885
4,0.0,True,0.0,0.5790825194123516,0.6999416289709699,1842,0,1842.0,103,1,21,"(25, 2)",0,0.016028495102404273,86.38095238095238,41.857142857142854,trust_fused,103,ATTACK,171,"(22, 33)",False,1,False,1885
5,0.0,False,0.0,0.4757193451047463,0.4757193451047463,1821,0,1821.0,89,26,19,"(24, 45)",0,0.02315227070347284,97.52631578947368,50.63157894736842,trust_fused,89,ATTACK,175,"(21, 40)",False,2,False,1885
0,0.0,True,0.0,0.9,0.9,1842,0,1842.0,110,5,22,"(13, 50)",0,0.015138023152270703,84.5909090909091,35.90909090909091,trust_fused,110,ATTACK,169,"(16, 22)",False,0,False,1890
18,11.409545955538931,True,11.409545955538931,0.5856103793165419,0.7096397174961596,1847,0,1847.0,104,1,21,"(25, 2)",18,0.028495102404274265,86.38095238095238,41.857142857142854,trust_fused,104,ATTACK,172,"(23, 29)",True,1,True,1890
19,0.0,False,0.0,0.4757193451047463,0.4757193451047463,1826,0,1826.0,89,26,19,"(24, 45)",0,0.02315227070347284,97.52631578947368,50.63157894736842,trust_fused,89,ATTACK,175,"(25, 41)",False,2,False,1890
0,0.0,True,0.0,0.9,0.9,1847,0,1847.0,110,5,22,"(13, 50)",0,0.014247551202137132,84.5909090909091,35.90909090909091,trust_fused,110,ATTACK,169,"(15, 26)",False,0,False,1895
18,11.409545955538931,True,11.409545955538931,0.6127109215144346,0.7430947181022579,1852,0,1852.0,104,1,21,"(25, 2)",18,0.025823686553873553,86.38095238095238,41.857142857142854,trust_fused,104,ATTACK,172,"(26, 27)",True,1,True,1895
19,0.0,False,0.0,0.4757193451047463,0.4757193451047463,1831,0,1831.0,89,26,19,"(24, 45)",0,0.02226179875333927,97.52631578947368,50.63157894736842,trust_fused,89,ATTACK,175,"(24, 45)",False,2,False,1895
0,0.0,True,0.0,0.9,0.9,1852,0,1852.0,110,5,22,"(13, 50)",0,0.015329125338142471,84.5909090909091,35.90909090909091,trust_fused,110,ATTACK,170,"(12, 28)",False,0,False,1900
18,2.8884734974371895,True,2.8884734974371895,0.6195385180359342,0.7492628519444251,1857,0,1857.0,104,1,21,"(25, 2)",18,0.026126126126126126,86.38095238095238,41.857142857142854,trust_fused,104,ATTACK,173,"(28, 24)",True,1,True,1900
19,0.0,False,0.0,0.4757193451047463,0.4757193451047463,1835,0,1835.0,90,26,20,"(15, 2)",0,0.02254283137962128,94.8,49.65,trust_fused,90,ATTACK,177,"(25, 42)",False,2,False,1900
0,0.0,True,0.0,0.9,0.9,1857,0,1857.0,110,5,22,"(13, 50)",0,0.015329125338142471,84.5909090909091,35.90909090909091,trust_fused,110,ATTACK,170,"(13, 32)",False,0,False,1905
18,2.8884734974371895,True,2.8884734974371895,0.654153617962753,0.7864431078602119,1862,0,1862.0,104,1,21,"(25, 2)",18,0.026126126126126126,86.38095238095238,41.857142857142854,trust_fused,104,ATTACK,173,"(28, 19)",True,1,True,1905
19,0.0,False,0.0,0.4757193451047463,0.4757193451047463,1840,0,1840.0,90,26,20,"(15, 2)",0,0.023444544634806132,94.8,49.65,trust_fused,90,ATTACK,177,"(25, 37)",False,2,False,1905
0,0.0,True,0.0,0.9,0.9,1862,0,1862.0,110,5,22,"(13, 50)",0,0.015329125338142471,84.5909090909091,35.90909090909091,trust_fused,110,ATTACK,170,"(13, 37)",False,0,False,1910
18,2.8884734974371895,True,2.8884734974371895,0.6885973851648832,0.8176087433904057,1867,0,1867.0,104,1,21,"(25, 2)",18,0.026126126126126126,86.38095238095238,41.857142857142854,trust_fused,104,ATTACK,173,"(28, 14)",True,1,True,1910
19,0.0,False,0.0,0.4757193451047463,0.4757193451047463,1845,0,1845.0,90,26,20,"(15, 2)",0,0.023444544634806132,94.8,49.65,trust_fused,90,ATTACK,177,"(25, 32)",False,2,False,1910
0,0.0,True,0.0,0.9,0.9,1867,0,1867.0,110,5,22,"(13, 50)",0,0.016230838593327322,84.5909090909091,35.90909090909091,trust_fused,110,ATTACK,170,"(13, 42)",False,0,False,1915
12,3.3699500923228367,True,3.3699500923228367,0.6643690599053335,0.6643690599053335,1872,0,1872.0,104,1,21,"(25, 2)",12,0.02072072072072072,86.38095238095238,41.857142857142854,trust_fused,104,ATTACK,173,"(28, 9)",True,1,True,1915
19,0.0,True,0.0,0.47785116105779785,0.505025413937906,1850,0,1850.0,90,26,20,"(15, 2)",0,0.023444544634806132,94.8,49.65,trust_fused,90,ATTACK,177,"(25, 27)",False,2,False,1915
0,0.0,True,0.0,0.9,0.9,1872,0,1872.0,110,5,22,"(13, 50)",0,0.007386888273314866,84.5909090909091,35.90909090909091,trust_fused,110,ATTACK,170,"(13, 47)",False,0,False,1920
4,0.0,False,0.0,0.4382046652041309,0.4382046652041309,1877,0,1877.0,107,1,21,"(25, 2)",0,0.006457564575645757,86.38095238095238,41.857142857142854,trust_fused,107,ATTACK,176,"(26, 6)",False,1,False,1920
19,0.0,True,0.0,0.48915324949880395,0.5587368550535446,1855,0,1855.0,90,26,20,"(15, 2)",0,0.013850415512465374,94.8,49.65,trust_fused,90,ATTACK,177,"(25, 22)",False,2,False,1920
0,0.0,True,0.0,0.9,0.9,1876,0,1876.0,111,5,22,"(33, 50)",0,0.007319304666056725,84.5909090909091,35.90909090909091,trust_fused,111,ATTACK,172,"(14, 50)",False,0,False,1925
4,0.0,True,0.0,0.452525985446233,0.5389698709476509,1882,0,1882.0,107,1,21,"(25, 2)",0,0.006398537477148081,86.38095238095238,41.857142857142854,trust_fused,107,ATTACK,177,"(25, 2)",False,1,False,1925
19,0.0,True,0.0,0.5138487793629197,0.6237916242644347,1860,0,1860.0,91,26,20,"(15, 2)",0,0.013723696248856358,94.8,49.65,trust_fused,91,ATTACK,178,"(25, 17)",False,2,False,1925
0,0.0,True,0.0,0.9,0.9,1881,0,1881.0,111,5,22,"(33, 50)",0,0.007266121707538601,84.5909090909091,35.90909090909091,trust_fused,111,ATTACK,172,"(18, 49)",False,0,False,1930
10,0.0,True,0.0,0.452525985446233,0.5389698709476509,1886,0,1886.0,108,1,22,"(2, 20)",0,0.011796733212341199,87.54545454545455,43.09090909090909,trust_fused,108,ATTACK,178,"(25, 6)",False,1,False,1930
25,6.0,True,6.0,0.5466866952812622,0.6783432121089504,1865,0,1865.0,92,26,20,"(15, 2)",25,0.01907356948228883,94.8,49.65,trust_fused,92,ATTACK,179,"(25, 12)",True,2,True,1930
0,0.0,True,0.0,0.9,0.9,1886,0,1886.0,113,5,22,"(33, 50)",0,0.007213706041478809,84.5909090909091,35.90909090909091,trust_fused,113,ATTACK,174,"(22, 50)",False,0,False,1935
10,0.0,True,0.0,0.4630512125322746,0.5681400638474642,1891,0,1891.0,108,1,22,"(2, 20)",0,0.011711711711711712,87.54545454545455,43.09090909090909,trust_fused,108,ATTACK,178,"(25, 11)",False,1,False,1935
18,6.0,True,6.0,0.5614186807852749,0.6052608010192021,1870,0,1870.0,92,26,20,"(15, 2)",18,0.018935978358881875,94.8,49.65,trust_fused,92,ATTACK,179,"(23, 9)",True,2,True,1935
0,0.0,True,0.0,0.9,0.9,1891,0,1891.0,114,5,22,"(33, 50)",0,0.0063119927862939585,84.5909090909091,35.90909090909091,trust_fused,114,ATTACK,175,"(25, 48)",False,0,False,1940
10,0.0,True,0.0,0.475323941816378,0.5977309833580381,1896,0,1896.0,108,1,22,"(2, 20)",0,0.005410279531109108,87.54545454545455,43.09090909090909,trust_fused,108,ATTACK,178,"(25, 16)",False,1,False,1940
13,4.769987780756491,False,4.769987780756491,0.36107917078335744,0.36107917078335744,1875,0,1875.0,92,26,20,"(15, 2)",0,0.016230838593327322,94.8,49.65,trust_fused,92,ATTACK,180,"(18, 9)",False,2,False,1940
0,0.0,True,0.0,0.9,0.9,1896,0,1896.0,114,5,22,"(33, 50)",0,0.0063119927862939585,84.5909090909091,35.90909090909091,trust_fused,114,ATTACK,175,"(28, 46)",False,0,False,1945
10,0.0,True,0.0,0.514114722050071,0.6726712278587934,1901,0,1901.0,108,1,22,"(2, 20)",0,0.005410279531109108,87.54545454545455,43.09090909090909,trust_fused,108,ATTACK,178,"(21, 17)",False,1,False,1945
12,0.0,False,0.0,0.3222570449588574,0.3609448046800219,1880,0,1880.0,92,26,20,"(15, 2)",0,0.015329125338142471,94.8,49.65,trust_fused,92,ATTACK,180,"(14, 8)",False,2,False,1945
0,0.0,True,0.0,0.9,0.9,1901,0,1901.0,114,5,22,"(33, 50)",0,0.0492831541218638,84.5909090909091,35.90909090909091,trust_fused,114,ATTACK,176,"(30, 49)",False,0,False,1950
10,0.0,True,0.0,0.548411580804038,0.7111158874483227,1906,0,1906.0,108,1,22,"(2, 20)",0,0.0528673835125448,87.54545454545455,43.09090909090909,trust_fused,108,ATTACK,179,"(16, 17)",False,1,False,1950
12,0.0,False,0.0,0.3222570449588574,0.3609448046800219,1885,0,1885.0,92,26,20,"(15, 2)",0,0.05465949820788531,94.8,49.65,trust_fused,92,ATTACK,181,"(14, 3)",False,2,False,1950
0,0.0,True,0.0,0.9,0.9,1905,0,1905.0,115,5,23,"(2, 50)",0,0.0492831541218638,85.0,35.69565217391305,trust_fused,115,ATTACK,177,"(33, 50)",False,0,False,1955
10,0.0,True,0.0,0.548411580804038,0.7111158874483227,1911,0,1911.0,108,1,22,"(2, 20)",0,0.05465949820788531,87.54545454545455,43.09090909090909,trust_fused,108,ATTACK,179,"(14, 20)",False,1,False,1955
12,0.0,False,0.0,0.3222570449588574,0.3609448046800219,1889,0,1889.0,93,26,20,"(24, 45)",0,0.05465949820788531,94.8,49.65,trust_fused,93,ATTACK,182,"(15, 4)",False,2,False,1955
0,0.0,True,0.0,0.9,0.9,1910,0,1910.0,115,5,23,"(2, 50)",0,0.044802867383512544,85.0,35.69565217391305,trust_fused,115,ATTACK,177,"(28, 50)",False,0,False,1960
10,0.0,True,0.0,0.548411580804038,0.7111158874483227,1916,0,1916.0,110,1,22,"(2, 20)",0,0.05017921146953405,87.54545454545455,43.09090909090909,trust_fused,110,ATTACK,181,"(10, 21)",False,1,False,1960
12,0.0,False,0.0,0.3222570449588574,0.3609448046800219,1894,0,1894.0,93,26,20,"(24, 45)",0,0.051075268817204304,94.8,49.65,trust_fused,93,ATTACK,182,"(17, 7)",False,2,False,1960
0,0.0,True,0.0,0.9,0.9,1915,0,1915.0,115,5,23,"(2, 50)",0,0.04390681003584229,85.0,35.69565217391305,trust_fused,115,ATTACK,177,"(24, 49)",False,0,False,1965
24,5.9754570330610335,True,5.9754570330610335,0.548411580804038,0.7111158874483227,1921,0,1921.0,111,1,22,"(2, 20)",0,0.047491039426523295,87.54545454545455,43.09090909090909,trust_fused,111,ATTACK,183,"(9, 25)",False,1,False,1965
26,0.0,False,0.0,0.3222570449588574,0.3609448046800219,1899,0,1899.0,93,26,20,"(24, 45)",0,0.05017921146953405,94.8,49.65,trust_fused,93,ATTACK,182,"(20, 9)",False,2,False,1965
0,0.0,True,0.0,0.9,0.9,1920,0,1920.0,115,5,23,"(2, 50)",0,0.04262877442273535,85.0,35.69565217391305,trust_fused,115,ATTACK,177,"(19, 49)",False,0,False,1970
10,0.0,False,0.0,0.3538445839369519,0.3538445839369519,1926,0,1926.0,113,1,22,"(2, 20)",0,0.0452930728241563,87.54545454545455,43.09090909090909,trust_fused,113,ATTACK,185,"(6, 23)",False,1,False,1970
26,0.0,False,0.0,0.3222570449588574,0.3609448046800219,1904,0,1904.0,93,26,20,"(24, 45)",0,0.047957371225577264,94.8,49.65,trust_fused,93,ATTACK,182,"(24, 10)",False,2,False,1970
0,0.0,True,0.0,0.9,0.9,1925,0,1925.0,115,5,23,"(2, 50)",0,0.04162976085031001,85.0,35.69565217391305,trust_fused,115,ATTACK,178,"(15, 48)",False,0,False,1975
10,0.0,False,0.0,0.3538445839369519,0.3538445839369519,1931,0,1931.0,113,1,22,"(2, 20)",0,0.045172719220549155,87.54545454545455,43.09090909090909,trust_fused,113,ATTACK,186,"(3, 21)",False,1,False,1975
26,0.0,False,0.0,0.3222570449588574,0.3609448046800219,1909,0,1909.0,94,26,20,"(24, 45)",0,0.047829937998228524,94.8,49.65,trust_fused,94,ATTACK,183,"(25, 14)",False,2,False,1975
0,0.0,True,0.0,0.9,0.9,1930,0,1930.0,115,5,23,"(2, 50)",0,0.03985828166519043,85.0,35.69565217391305,trust_fused,115,ATTACK,178,"(12, 46)",False,0,False,1980
10,0.0,False,0.0,0.3538445839369519,0.3538445839369519,1935,0,1935.0,114,1,22,"(2, 41)",0,0.045172719220549155,87.54545454545455,43.09090909090909,trust_fused,114,ATTACK,187,"(2, 22)",False,1,False,1980
26,0.0,False,0.0,0.3222570449588574,0.3609448046800219,1914,0,1914.0,94,26,20,"(24, 45)",0,0.046944198405668734,94.8,49.65,trust_fused,94,ATTACK,183,"(25, 19)",False,2,False,1980
0,0.0,True,0.0,0.9,0.9,1935,0,1935.0,115,5,23,"(2, 50)",0,0.03954305799648506,85.0,35.69565217391305,trust_fused,115,ATTACK,178,"(7, 46)",False,0,False,1985
10,0.0,False,0.0,0.3538445839369519,0.3538445839369519,1940,0,1940.0,114,1,22,"(2, 41)",0,0.04481546572934974,87.54545454545455,43.09090909090909,trust_fused,114,ATTACK,187,"(3, 26)",False,1,False,1985
26,0.0,False,0.0,0.3222570449588574,0.3609448046800219,1919,0,1919.0,94,26,20,"(24, 45)",0,0.04569420035149385,94.8,49.65,trust_fused,94,ATTACK,183,"(25, 24)",False,2,False,1985
0,0.0,True,0.0,0.9,0.9,1940,0,1940.0,115,5,23,"(2, 50)",0,0.0351493848857645,85.0,35.69565217391305,trust_fused,115,ATTACK,178,"(3, 47)",False,0,False,1990
7,0.0,False,0.0,0.3538445839369519,0.3538445839369519,1945,0,1945.0,114,1,22,"(2, 41)",0,0.03866432337434095,87.54545454545455,43.09090909090909,trust_fused,114,ATTACK,187,"(3, 31)",False,1,False,1990
26,0.0,False,0.0,0.3222570449588574,0.3609448046800219,1924,0,1924.0,94,26,20,"(24, 45)",0,0.03866432337434095,94.8,49.65,trust_fused,94,ATTACK,183,"(25, 29)",False,2,False,1990
0,0.0,True,0.0,0.9,0.9,1944,0,1944.0,116,5,23,"(2, 41)",0,0.03251318101933216,85.0,35.69565217391305,trust_fused,116,ATTACK,179,"(2, 50)",False,0,False,1995
7,0.0,False,0.0,0.3538445839369519,0.3538445839369519,1950,0,1950.0,114,1,22,"(2, 41)",0,0.0351493848857645,87.54545454545455,43.09090909090909,trust_fused,114,ATTACK,187,"(3, 36)",False,1,False,1995
26,0.0,False,0.0,0.3222570449588574,0.3609448046800219,1929,0,1929.0,94,26,20,"(24, 45)",0,0.03602811950790861,94.8,49.65,trust_fused,94,ATTACK,183,"(25, 34)",False,2,False,1995
0,0.0,True,0.0,0.9,0.9,1949,0,1949.0,116,5,23,"(2, 41)",0,0.03251318101933216,85.0,35.69565217391305,trust_fused,116,RECOVERY,180,"(3, 46)",False,0,False,2000
7,0.0,False,0.0,0.3673876047055447,0.4512569627486001,1955,0,1955.0,114,1,22,"(2, 41)",0,0.03427065026362039,87.54545454545455,43.09090909090909,trust_fused,114,RECOVERY,188,"(3, 41)",False,1,False,2000
26,0.0,False,0.0,0.3222570449588574,0.3609448046800219,1934,0,1934.0,94,26,20,"(24, 45)",0,0.03602811950790861,94.8,49.65,trust_fused,94,RECOVERY,184,"(25, 39)",False,2,False,2000
0,0.0,True,0.0,0.9,0.9,1954,0,1954.0,116,5,23,"(2, 41)",0,0.03251318101933216,85.0,35.69565217391305,trust_fused,116,RECOVERY,180,"(3, 41)",False,0,False,2005
7,0.0,True,0.0,0.4038270797388857,0.575564250429465,1959,0,1959.0,115,1,23,"(15, 2)",0,0.033391915641476276,87.04347826086956,42.26086956521739,trust_fused,115,RECOVERY,189,"(4, 40)",False,1,False,2005
26,0.0,False,0.0,0.3429963252224533,0.44911140078164746,1939,0,1939.0,94,26,20,"(24, 45)",0,0.03427065026362039,94.8,49.65,trust_fused,94,RECOVERY,184,"(25, 44)",False,2,False,2005
0,0.0,True,0.0,0.9,0.9,1958,0,1958.0,117,5,24,"(3, 8)",0,0.030755711775043937,83.625,34.708333333333336,trust_fused,117,RECOVERY,181,"(5, 41)",False,0,False,2010
7,0.0,True,0.0,0.4344065924495346,0.6353798871932879,1964,0,1964.0,115,1,23,"(15, 2)",0,0.030755711775043937,87.04347826086956,42.26086956521739,trust_fused,115,RECOVERY,189,"(5, 36)",False,1,False,2010
26,0.0,False,0.0,0.36312418638148425,0.49900744055326157,1943,0,1943.0,95,26,21,"(2, 41)",0,0.03163444639718805,95.61904761904762,49.904761904761905,trust_fused,95,RECOVERY,185,"(25, 44)",False,2,False,2010
0,0.0,True,0.0,0.9,0.9,1963,0,1963.0,117,5,24,"(3, 8)",0,0.026362038664323375,83.625,34.708333333333336,trust_fused,117,RECOVERY,181,"(10, 41)",False,0,False,2015
7,0.0,True,0.0,0.46803899719675507,0.6834286546054543,1969,0,1969.0,115,1,23,"(15, 2)",0,0.025483304042179262,87.04347826086956,42.26086956521739,trust_fused,115,RECOVERY,189,"(5, 31)",False,1,False,2015
26,0.0,False,0.0,0.36312418638148425,0.49900744055326157,1948,0,1948.0,95,26,21,"(2, 41)",0,0.028119507908611598,95.61904761904762,49.904761904761905,trust_fused,95,RECOVERY,185,"(24, 40)",False,2,False,2015
0,0.0,True,0.0,0.9,0.9,1968,0,1968.0,117,5,24,"(3, 8)",0,0.021968365553602813,83.625,34.708333333333336,trust_fused,117,RECOVERY,181,"(12, 38)",False,0,False,2020
7,0.0,True,0.0,0.46803899719675507,0.6834286546054543,1974,0,1974.0,115,1,23,"(15, 2)",0,0.0210896309314587,87.04347826086956,42.26086956521739,trust_fused,115,RECOVERY,189,"(7, 28)",False,1,False,2020
26,0.0,True,0.0,0.3787195812311769,0.5301729333770362,1953,0,1953.0,96,26,21,"(2, 41)",0,0.023725834797891036,95.61904761904762,49.904761904761905,trust_fused,96,RECOVERY,186,"(19, 40)",False,2,False,2020
0,0.0,True,0.0,0.9,0.9,1973,0,1973.0,117,5,24,"(3, 8)",0,0.01757469244288225,83.625,34.708333333333336,trust_fused,117,RECOVERY,182,"(12, 33)",False,0,False,2025
7,0.0,True,0.0,0.46803899719675507,0.6834286546054543,1979,0,1979.0,115,1,23,"(15, 2)",0,0.015817223198594025,87.04347826086956,42.26086956521739,trust_fused,115,RECOVERY,190,"(9, 25)",False,1,False,2025
26,0.0,True,0.0,0.4230970616041268,0.6024624464258738,1958,0,1958.0,96,26,21,"(2, 41)",0,0.0210896309314587,95.61904761904762,49.904761904761905,trust_fused,96,RECOVERY,187,"(16, 42)",False,2,False,2025
0,0.0,True,0.0,0.9,0.9,1978,0,1978.0,117,5,24,"(3, 8)",0,0.016695957820738138,83.625,34.708333333333336,trust_fused,117,RECOVERY,182,"(14, 30)",False,0,False,2030
6,0.0,True,0.0,0.49053803936332413,0.7036023189455828,1984,0,1984.0,115,1,23,"(15, 2)",0,0.014059753954305799,87.04347826086956,42.26086956521739,trust_fused,115,RECOVERY,190,"(12, 23)",False,1,False,2030
25,0.0,True,0.0,0.47299314253121605,0.6671161768680527,1963,0,1963.0,96,26,21,"(2, 41)",0,0.01845342706502636,95.61904761904762,49.904761904761905,trust_fused,96,RECOVERY,187,"(12, 41)",False,2,False,2030
0,0.0,True,0.0,0.9,0.9,1983,0,1983.0,117,5,24,"(3, 8)",0,0.016695957820738138,83.625,34.708333333333336,trust_fused,117,RECOVERY,182,"(14, 25)",False,0,False,2035
6,0.0,True,0.0,0.5467992311725256,0.7613834482145277,1989,0,1989.0,115,1,23,"(15, 2)",0,0.014059753954305799,87.04347826086956,42.26086956521739,trust_fused,115,RECOVERY,190,"(14, 20)",False,1,False,2035
25,0.0,True,0.0,0.5251324348419443,0.7214521376969995,1968,0,1968.0,96,26,21,"(2, 41)",0,0.01757469244288225,95.61904761904762,49.904761904761905,trust_fused,96,RECOVERY,187,"(7, 41)",False,2,False,2035
0,0.0,True,0.0,0.9,0.9,1988,0,1988.0,117,5,24,"(3, 8)",0,0.016843971631205674,83.625,34.708333333333336,trust_fused,117,RECOVERY,182,"(14, 20)",False,0,False,2040
6,0.0,True,0.0,0.6028372731025723,0.8138827143538753,1994,0,1994.0,115,1,23,"(15, 2)",0,0.01415929203539823,87.04347826086956,42.26086956521739,trust_fused,115,RECOVERY,190,"(15, 16)",False,1,False,2040
25,0.0,True,0.0,0.5761716536606041,0.7651709284571522,1973,0,1973.0,96,26,21,"(2, 41)",0,0.01773049645390071,95.61904761904762,49.904761904761905,trust_fused,96,RECOVERY,187,"(2, 41)",False,2,False,2040
0,0.0,True,0.0,0.9,0.9,1993,0,1993.0,117,5,24,"(3, 8)",0,0.016843971631205674,83.625,34.708333333333336,trust_fused,117,RECOVERY,182,"(14, 15)",False,0,False,2045
5,0.0,True,0.0,0.6568725905487324,0.857305154212128,1999,0,1999.0,115,1,23,"(15, 2)",0,0.01415929203539823,87.04347826086956,42.26086956521739,trust_fused,115,RECOVERY,190,"(15, 11)",False,1,False,2045
25,0.0,True,0.0,0.586368114538578,0.7801008712200813,1977,0,1977.0,97,26,21,"(25, 2)",0,0.01773049645390071,95.61904761904762,49.904761904761905,trust_fused,97,RECOVERY,188,"(6, 41)",False,2,False,2045
0,0.0,True,0.0,0.9,0.9,1998,0,1998.0,117,5,24,"(3, 8)",0,0.016843971631205674,83.625,34.708333333333336,trust_fused,117,RECOVERY,183,"(13, 11)",False,0,False,2050
0,0.0,True,0.0,0.7068939900634696,0.8893330630011866,2004,0,2004.0,115,1,23,"(15, 2)",0,0.01415929203539823,87.04347826086956,42.26086956521739,trust_fused,115,RECOVERY,191,"(15, 6)",False,1,False,2050
25,0.0,True,0.0,0.586368114538578,0.7801008712200813,1982,0,1982.0,98,26,21,"(25, 2)",0,0.022163120567375887,95.61904761904762,49.904761904761905,trust_fused,98,RECOVERY,189,"(11, 41)",False,2,False,2050
0,0.0,True,0.0,0.9,0.9,2003,0,2003.0,117,5,24,"(3, 8)",0,0.016814159292035398,83.625,34.708333333333336,trust_fused,117,RECOVERY,183,"(11, 8)",False,0,False,2055
0,0.0,True,0.0,0.7517261854304835,0.9141354024804157,2008,0,2008.0,116,1,23,"(21, 17)",0,0.014134275618374558,87.04347826086956,42.26086956521739,trust_fused,116,RECOVERY,192,"(15, 2)",False,1,False,2055
25,0.0,True,0.0,0.6061954051702887,0.7929601544873028,1987,0,1987.0,98,26,21,"(25, 2)",0,0.022123893805309734,95.61904761904762,49.904761904761905,trust_fused,98,RECOVERY,189,"(14, 39)",False,2,False,2055
0,0.0,True,0.0,0.9,0.9,2008,0,2008.0,117,5,24,"(3, 8)",0,0.01675485008818342,83.625,34.708333333333336,trust_fused,117,RECOVERY,183,"(6, 8)",False,0,False,2060
0,0.0,True,0.0,0.7833392099873727,0.9266759582998999,2013,0,2013.0,116,1,23,"(21, 17)",0,0.014109347442680775,87.04347826086956,42.26086956521739,trust_fused,116,RECOVERY,192,"(15, 7)",False,1,False,2060
25,0.0,True,0.0,0.6528145480256307,0.8229185127425711,1992,0,1992.0,98,26,21,"(25, 2)",0,0.02292768959435626,95.61904761904762,49.904761904761905,trust_fused,98,RECOVERY,189,"(17, 37)",False,2,False,2060
0,0.0,True,0.0,0.9,0.9,2012,0,2012.0,118,5,24,"(33, 8)",0,0.01675485008818342,83.625,34.708333333333336,trust_fused,118,RECOVERY,184,"(4, 8)",False,0,False,2065
0,0.0,True,0.0,0.8174059464319088,0.9379217824895836,2018,0,2018.0,116,1,23,"(21, 17)",0,0.014109347442680775,87.04347826086956,42.26086956521739,trust_fused,116,RECOVERY,192,"(17, 10)",False,1,False,2065
25,0.0,True,0.0,0.6701019631136121,0.8325094633365546,1997,0,1997.0,98,26,21,"(25, 2)",0,0.02292768959435626,95.61904761904762,49.904761904761905,trust_fused,98,RECOVERY,189,"(21, 36)",False,2,False,2065
0,0.0,True,0.0,0.9,0.9,2017,0,2017.0,118,5,24,"(33, 8)",0,0.01675485008818342,83.625,34.708333333333336,trust_fused,118,RECOVERY,184,"(9, 8)",False,0,False,2070
0,0.0,True,0.0,0.8460462289546506,0.94763134188794,2023,0,2023.0,116,1,23,"(21, 17)",0,0.014109347442680775,87.04347826086956,42.26086956521739,trust_fused,116,RECOVERY,192,"(17, 15)",False,1,False,2070
25,0.0,True,0.0,0.6701019631136121,0.8325094633365546,2002,0,2002.0,98,26,21,"(25, 2)",0,0.02292768959435626,95.61904761904762,49.904761904761905,trust_fused,98,RECOVERY,189,"(24, 34)",False,2,False,2070
0,0.0,True,0.0,0.9,0.9,2022,0,2022.0,118,5,24,"(33, 8)",0,0.015873015873015872,83.625,34.708333333333336,trust_fused,118,RECOVERY,185,"(13, 9)",False,0,False,2075
0,0.0,True,0.0,0.8701169495791126,0.9549317607385183,2028,0,2028.0,116,1,23,"(21, 17)",0,0.014109347442680775,87.04347826086956,42.26086956521739,trust_fused,116,RECOVERY,193,"(20, 17)",False,1,False,2075
25,0.0,True,0.0,0.6784313746759773,0.8366901943609153,2007,0,2007.0,98,26,21,"(25, 2)",0,0.018518518518518517,95.61904761904762,49.904761904761905,trust_fused,98,RECOVERY,190,"(24, 29)",False,2,False,2075
0,0.0,True,0.0,0.9,0.9,2027,0,2027.0,118,5,24,"(33, 8)",0,0.01588702559576346,83.625,34.708333333333336,trust_fused,118,RECOVERY,185,"(18, 9)",False,0,False,2080
0,0.0,True,0.0,0.8701169495791126,0.9549317607385183,2032,0,2032.0,117,1,24,"(33, 8)",0,0.014109347442680775,86.54166666666667,41.416666666666664,trust_fused,117,RECOVERY,194,"(24, 17)",False,1,False,2080
25,0.0,True,0.0,0.716997329011303,0.8560796518010395,2012,0,2012.0,98,26,21,"(25, 2)",0,0.018534863195057368,95.61904761904762,49.904761904761905,trust_fused,98,RECOVERY,190,"(24, 24)",False,2,False,2080
0,0.0,True,0.0,0.9,0.9,2032,0,2032.0,118,5,24,"(33, 8)",0,0.01500441306266549,83.625,34.708333333333336,trust_fused,118,RECOVERY,185,"(23, 9)",False,0,False,2085
0,0.0,True,0.0,0.8701169495791126,0.9549317607385183,2037,0,2037.0,118,1,24,"(33, 8)",0,0.013227513227513227,86.54166666666667,41.416666666666664,trust_fused,118,RECOVERY,195,"(26, 14)",False,1,False,2085
25,0.0,True,0.0,0.716997329011303,0.8560796518010395,2017,0,2017.0,98,26,21,"(25, 2)",0,0.01500441306266549,95.61904761904762,49.904761904761905,trust_fused,98,RECOVERY,190,"(25, 20)",False,2,False,2085
0,0.0,True,0.0,0.9,0.9,2037,0,2037.0,118,5,24,"(33, 8)",0,0.01147396293027361,83.625,34.708333333333336,trust_fused,118,RECOVERY,185,"(27, 8)",False,0,False,2090
0,0.0,True,0.0,0.8869068366778168,0.9636917019561176,2042,0,2042.0,119,1,24,"(33, 8)",0,0.009700176366843033,86.54166666666667,41.416666666666664,trust_fused,119,RECOVERY,196,"(30, 13)",False,1,False,2090
20,0.0,True,0.0,0.7313171600073415,0.8664852405098272,2022,0,2022.0,98,26,21,"(25, 2)",0,0.01147396293027361,95.61904761904762,49.904761904761905,trust_fused,98,RECOVERY,190,"(25, 15)",False,2,False,2090
0,0.0,True,0.0,0.9,0.9,2042,0,2042.0,118,5,24,"(33, 8)",0,0.01059135039717564,83.625,34.708333333333336,trust_fused,118,RECOVERY,185,"(32, 8)",False,0,False,2095
0,0.0,True,0.0,0.9018612976083522,0.9697720126387863,2047,0,2047.0,119,1,24,"(33, 8)",0,0.008818342151675485,86.54166666666667,41.416666666666664,trust_fused,119,RECOVERY,196,"(33, 11)",False,1,False,2095
20,0.0,True,0.0,0.76578659762001,0.8935641613469748,2027,0,2027.0,98,26,21,"(25, 2)",0,0.01059135039717564,95.61904761904762,49.904761904761905,trust_fused,98,RECOVERY,190,"(25, 10)",False,2,False,2095
0,0.0,True,0.0,0.9,0.9,2046,0,2046.0,119,5,25,"(24, 45)",0,0.04236540158870256,83.88,34.64,trust_fused,119,RECOVERY,187,"(30, 8)",False,0,False,2100
0,0.0,True,0.0,0.9151444837542373,0.9755407474608512,2050,0,2050.0,120,2,24,"(2, 20)",0,0.0441306266548985,86.54166666666667,41.416666666666664,trust_fused,120,RECOVERY,198,"(33, 8)",False,1,False,2100
18,0.0,True,0.0,0.7975337751870691,0.9135877191384995,2032,0,2032.0,98,26,21,"(25, 2)",0,0.04148278905560459,95.61904761904762,49.904761904761905,trust_fused,98,RECOVERY,191,"(25, 5)",False,2,False,2100
0,0.0,True,0.0,0.9,0.9,2051,0,2051.0,119,5,25,"(24, 45)",0,0.03353927625772286,83.88,34.64,trust_fused,119,RECOVERY,187,"(28, 11)",False,0,False,2105
0,0.0,True,0.0,0.9295994863382371,0.9809198181828362,2055,0,2055.0,121,2,24,"(2, 20)",0,0.03618711385701677,86.54166666666667,41.416666666666664,trust_fused,121,RECOVERY,199,"(28, 8)",False,1,False,2105
18,0.0,True,0.0,0.8262938080000334,0.9301038568631209,2035,0,2035.0,99,26,22,"(33, 50)",0,0.03971756398940865,95.63636363636364,50.5,trust_fused,99,RECOVERY,193,"(25, 2)",False,2,False,2105
0,0.0,True,0.0,0.9,0.9,2056,0,2056.0,119,5,25,"(24, 45)",0,0.03265666372462489,83.88,34.64,trust_fused,119,RECOVERY,187,"(25, 13)",False,0,False,2110
0,0.0,True,0.0,0.941809282311165,0.9851229122380486,2060,0,2060.0,121,2,24,"(2, 20)",0,0.03265666372462489,86.54166666666667,41.416666666666664,trust_fused,121,RECOVERY,199,"(26, 11)",False,1,False,2110
18,0.0,True,0.0,0.8467201833235938,0.9401518309529732,2040,0,2040.0,100,26,22,"(33, 50)",0,0.03971756398940865,95.63636363636364,50.5,trust_fused,100,RECOVERY,194,"(25, 7)",False,2,False,2110
0,0.0,True,0.0,0.9,0.9,2061,0,2061.0,119,5,25,"(24, 45)",0,0.03265666372462489,83.88,34.64,trust_fused,119,RECOVERY,187,"(25, 18)",False,0,False,2115
0,0.0,True,0.0,0.9521107909796038,0.9885600750887034,2065,0,2065.0,121,2,24,"(2, 20)",0,0.03265666372462489,86.54166666666667,41.416666666666664,trust_fused,121,RECOVERY,199,"(25, 15)",False,1,False,2115
18,0.0,True,0.0,0.8696541481651571,0.952676660727522,2045,0,2045.0,100,26,22,"(33, 50)",0,0.03442188879082083,95.63636363636364,50.5,trust_fused,100,RECOVERY,194,"(25, 12)",False,2,False,2115
0,0.0,True,0.0,0.9,0.9,2066,0,2066.0,119,5,25,"(24, 45)",0,0.032830523513753325,83.88,34.64,trust_fused,119,RECOVERY,187,"(25, 23)",False,0,False,2120
0,0.0,True,0.0,0.9607265087742349,0.9911244935879252,2070,0,2070.0,121,2,24,"(2, 20)",0,0.03268551236749117,86.54166666666667,41.416666666666664,trust_fused,121,RECOVERY,199,"(22, 17)",False,1,False,2120
18,0.0,True,0.0,0.889903819753385,0.9624883403587862,2050,0,2050.0,100,26,22,"(33, 50)",0,0.03460514640638864,95.63636363636364,50.5,trust_fused,100,RECOVERY,194,"(26, 16)",False,2,False,2120
0,0.0,True,0.0,0.9,0.9,2071,0,2071.0,119,5,25,"(24, 45)",0,0.03194321206743567,83.88,34.64,trust_fused,119,RECOVERY,188,"(25, 28)",False,0,False,2125
0,0.0,True,0.0,0.9622644180426984,0.9914846941435039,2075,0,2075.0,122,2,24,"(2, 20)",0,0.03180212014134275,86.54166666666667,41.416666666666664,trust_fused,122,RECOVERY,200,"(18, 18)",False,1,False,2125
18,0.0,True,0.0,0.9073449553572172,0.9696008124070298,2055,0,2055.0,100,26,22,"(33, 50)",0,0.03637976929902396,95.63636363636364,50.5,trust_fused,100,RECOVERY,195,"(26, 21)",False,2,False,2125
0,0.0,True,0.0,0.9,0.9,2076,0,2076.0,119,5,25,"(24, 45)",0,0.031055900621118012,83.88,34.64,trust_fused,119,RECOVERY,188,"(25, 33)",False,0,False,2130
0,0.0,True,0.0,0.9622644180426984,0.9914846941435039,2080,0,2080.0,122,2,24,"(2, 20)",0,0.030918727915194347,86.54166666666667,41.416666666666664,trust_fused,122,RECOVERY,200,"(15, 20)",False,1,False,2130
18,0.0,True,0.0,0.9222473993086066,0.9752338877728675,2060,0,2060.0,100,26,22,"(33, 50)",0,0.03194321206743567,95.63636363636364,50.5,trust_fused,100,RECOVERY,195,"(26, 26)",False,2,False,2130
0,0.0,True,0.0,0.9,0.9,2081,0,2081.0,119,5,25,"(24, 45)",0,0.026619343389529725,83.88,34.64,trust_fused,119,RECOVERY,188,"(25, 38)",False,0,False,2135
0,0.0,True,0.0,0.9622644180426984,0.9914846941435039,2085,0,2085.0,122,2,24,"(2, 20)",0,0.027385159010600707,86.54166666666667,41.416666666666664,trust_fused,122,RECOVERY,200,"(10, 20)",False,1,False,2135
18,0.0,True,0.0,0.9348798672312637,0.9797395613778513,2065,0,2065.0,100,26,22,"(33, 50)",0,0.027506654835847383,95.63636363636364,50.5,trust_fused,100,RECOVERY,195,"(26, 31)",False,2,False,2135
0,0.0,True,0.0,0.9,0.9,2086,0,2086.0,119,5,25,"(24, 45)",0,0.023402340234023402,83.88,34.64,trust_fused,119,RECOVERY,188,"(25, 43)",False,0,False,2140
0,0.0,True,0.0,0.9622644180426984,0.9914846941435039,2090,0,2090.0,122,2,24,"(2, 20)",0,0.024302430243024302,86.54166666666667,41.416666666666664,trust_fused,122,RECOVERY,200,"(5, 20)",False,1,False,2140
18,0.0,True,0.0,0.9455565943784754,0.9833968725688393,2070,0,2070.0,100,26,22,"(33, 50)",0,0.023402340234023402,95.63636363636364,50.5,trust_fused,100,RECOVERY,195,"(26, 36)",False,2,False,2140
0,0.0,True,0.0,0.9,0.9,2090,0,2090.0,120,5,25,"(2, 20)",0,0.023318385650224215,83.88,34.64,trust_fused,120,RECOVERY,189,"(25, 45)",False,0,False,2145
0,0.0,True,0.0,0.9622644180426984,0.9914846941435039,2094,0,2094.0,123,2,25,"(24, 45)",0,0.0242152466367713,85.76,41.52,trust_fused,123,RECOVERY,201,"(2, 21)",False,1,False,2145
18,0.0,True,0.0,0.9545559698455917,0.9864620739158453,2075,0,2075.0,100,26,22,"(33, 50)",0,0.02242152466367713,95.63636363636364,50.5,trust_fused,100,RECOVERY,195,"(26, 41)",False,2,False,2145
0,0.0,True,0.0,0.9,0.9,2095,0,2095.0,121,5,25,"(2, 20)",0,0.023297491039426525,83.88,34.64,trust_fused,121,RECOVERY,190,"(25, 40)",False,0,False,2150
0,0.0,True,0.0,0.9622644180426984,0.9914846941435039,2099,0,2099.0,124,2,25,"(24, 45)",0,0.024193548387096774,85.76,41.52,trust_fused,124,RECOVERY,202,"(7, 21)",False,1,False,2150
18,0.0,True,0.0,0.9621783318712716,0.9893118976539191,2080,0,2080.0,101,26,22,"(33, 50)",0,0.022401433691756272,95.63636363636364,50.5,trust_fused,101,RECOVERY,196,"(26, 46)",False,2,False,2150
0,0.0,True,0.0,0.9,0.9,2100,0,2100.0,121,5,25,"(2, 20)",0,0.022401433691756272,83.88,34.64,trust_fused,121,RECOVERY,190,"(23, 37)",False,0,False,2155
0,0.0,True,0.0,0.9622644180426984,0.9914846941435039,2104,0,2104.0,124,2,25,"(24, 45)",0,0.023297491039426525,85.76,41.52,trust_fused,124,RECOVERY,202,"(12, 21)",False,1,False,2155
18,0.0,True,0.0,0.9674200626361285,0.990918095644378,2085,0,2085.0,101,26,22,"(33, 50)",0,0.021505376344086023,95.63636363636364,50.5,trust_fused,101,RECOVERY,196,"(28, 49)",False,2,False,2155
0,0.0,True,0.0,0.9,0.9,2105,0,2105.0,121,5,25,"(2, 20)",0,0.01881720430107527,83.88,34.64,trust_fused,121,RECOVERY,190,"(23, 32)",False,0,False,2160
0,0.0,True,0.0,0.9622644180426984,0.9914846941435039,2109,0,2109.0,124,2,25,"(24, 45)",0,0.01971326164874552,85.76,41.52,trust_fused,124,RECOVERY,202,"(17, 21)",False,1,False,2160
14,0.0,True,0.0,0.9674200626361285,0.990918095644378,2090,0,2090.0,102,26,22,"(33, 50)",0,0.017921146953405017,95.63636363636364,50.5,trust_fused,102,RECOVERY,197,"(31, 47)",False,2,False,2160
0,0.0,True,0.0,0.9,0.9,2110,0,2110.0,121,5,25,"(2, 20)",0,0.01876675603217158,83.88,34.64,trust_fused,121,RECOVERY,190,"(23, 27)",False,0,False,2165
0,0.0,True,0.0,0.9677970097179903,0.992469471332826,2114,0,2114.0,124,2,25,"(24, 45)",0,0.01966041108132261,85.76,41.52,trust_fused,124,RECOVERY,202,"(18, 25)",False,1,False,2165
14,0.0,True,0.0,0.9697501156777293,0.9914540223834463,2095,0,2095.0,102,26,22,"(33, 50)",0,0.017873100983020553,95.63636363636364,50.5,trust_fused,102,RECOVERY,197,"(33, 46)",False,2,False,2165
0,0.0,True,0.0,0.9,0.9,2115,0,2115.0,121,5,25,"(2, 20)",0,0.01876675603217158,83.88,34.64,trust_fused,121,RECOVERY,190,"(18, 27)",False,0,False,2170
0,0.0,True,0.0,0.9736021103283834,0.9940362912639203,2119,0,2119.0,124,2,25,"(24, 45)",0,0.01966041108132261,85.76,41.52,trust_fused,124,RECOVERY,202,"(22, 26)",False,1,False,2170
14,0.0,True,0.0,0.9697501156777293,0.9914540223834463,2099,0,2099.0,103,26,23,"(33, 8)",0,0.01876675603217158,94.34782608695652,51.130434782608695,trust_fused,103,RECOVERY,198,"(33, 50)",False,2,False,2170
0,0.0,True,0.0,0.9,0.9,2120,0,2120.0,121,5,25,"(2, 20)",0,0.01876675603217158,83.88,34.64,trust_fused,121,RECOVERY,191,"(13, 27)",False,0,False,2175
0,0.0,True,0.0,0.9783793434858621,0.9950387453024839,2124,0,2124.0,124,2,25,"(24, 45)",0,0.01966041108132261,85.76,41.52,trust_fused,124,RECOVERY,203,"(25, 28)",False,1,False,2175
14,0.0,True,0.0,0.9697501156777293,0.9914540223834463,2104,0,2104.0,104,26,23,"(33, 8)",0,0.01876675603217158,94.34782608695652,51.130434782608695,trust_fused,104,RECOVERY,199,"(33, 45)",False,2,False,2175
0,0.0,True,0.0,0.9,0.9,2125,0,2125.0,121,5,25,"(2, 20)",0,0.01521933751119069,83.88,34.64,trust_fused,121,RECOVERY,191,"(8, 27)",False,0,False,2180
0,0.0,True,0.0,0.9822495850404834,0.9957524914146059,2129,0,2129.0,124,2,25,"(24, 45)",0,0.01611459265890779,85.76,41.52,trust_fused,124,RECOVERY,203,"(25, 33)",False,1,False,2180
0,0.0,True,0.0,0.9697501156777293,0.9914540223834463,2109,0,2109.0,104,26,23,"(33, 8)",0,0.01521933751119069,94.34782608695652,51.130434782608695,trust_fused,104,RECOVERY,199,"(31, 42)",False,2,False,2180
0,0.0,True,0.0,0.9,0.9,2130,0,2130.0,121,5,25,"(2, 20)",0,0.01521933751119069,83.88,34.64,trust_fused,121,RECOVERY,191,"(3, 27)",False,0,False,2185
0,0.0,True,0.0,0.9853905375753433,0.9963553416757694,2134,0,2134.0,124,2,25,"(24, 45)",0,0.01611459265890779,85.76,41.52,trust_fused,124,RECOVERY,203,"(25, 38)",False,1,False,2185
0,0.0,True,0.0,0.9748383614530524,0.9927176143232251,2114,0,2114.0,104,26,23,"(33, 8)",0,0.01521933751119069,94.34782608695652,51.130434782608695,trust_fused,104,RECOVERY,199,"(28, 40)",False,2,False,2185
0,0.0,True,0.0,0.9,0.9,2135,0,2135.0,121,5,25,"(2, 20)",0,0.01419698314108252,83.88,34.64,trust_fused,121,RECOVERY,191,"(2, 23)",False,0,False,2190
0,0.0,True,0.0,0.9879432482021508,0.9968694936868542,2139,0,2139.0,124,2,25,"(24, 45)",0,0.015084294587400177,85.76,41.52,trust_fused,124,RECOVERY,203,"(25, 43)",False,1,False,2190
0,0.0,True,0.0,0.9790324702897927,0.9937638954732586,2119,0,2119.0,104,26,23,"(33, 8)",0,0.01419698314108252,94.34782608695652,51.130434782608695,trust_fused,104,RECOVERY,199,"(28, 35)",False,2,False,2190
0,0.0,True,0.0,0.9,0.9,2139,0,2139.0,122,5,26,"(15, 2)",0,0.014184397163120567,84.38461538461539,35.23076923076923,trust_fused,122,RECOVERY,192,"(3, 20)",False,0,False,2195
0,0.0,True,0.0,0.9896476194717538,0.9972872376105263,2143,0,2143.0,125,2,25,"(33, 8)",0,0.015070921985815602,85.76,41.52,trust_fused,125,RECOVERY,204,"(25, 45)",False,1,False,2195
0,0.0,True,0.0,0.9824881196789926,0.9946244291691567,2124,0,2124.0,104,26,23,"(33, 8)",0,0.014184397163120567,94.34782608695652,51.130434782608695,trust_fused,104,RECOVERY,199,"(28, 30)",False,2,False,2195
0,0.0,True,0.0,0.9,0.9,2144,0,2144.0,123,5,26,"(15, 2)",0,0.013262599469496022,84.38461538461539,35.23076923076923,trust_fused,123,RECOVERY,193,"(6, 20)",False,0,False,2200
0,0.0,True,0.0,0.9896476194717538,0.9972872376105263,2148,0,2148.0,125,2,25,"(33, 8)",0,0.014146772767462422,85.76,41.52,trust_fused,125,RECOVERY,205,"(26, 41)",False,1,False,2200
0,0.0,True,0.0,0.985340310952279,0.9953686440314117,2129,0,2129.0,104,26,23,"(33, 8)",0,0.013262599469496022,94.34782608695652,51.130434782608695,trust_fused,104,RECOVERY,200,"(28, 25)",False,2,False,2200
0,0.0,True,0.0,0.9,0.9,2149,0,2149.0,123,5,26,"(15, 2)",0,0.013250883392226149,84.38461538461539,35.23076923076923,trust_fused,123,RECOVERY,193,"(11, 20)",False,0,False,2205
0,0.0,True,0.0,0.9896476194717538,0.9972872376105263,2153,0,2153.0,125,2,25,"(33, 8)",0,0.014134275618374558,85.76,41.52,trust_fused,125,RECOVERY,205,"(26, 36)",False,1,False,2205
0,0.0,True,0.0,0.9863390547451494,0.9956475980178943,2134,0,2134.0,104,26,23,"(33, 8)",0,0.013250883392226149,94.34782608695652,51.130434782608695,trust_fused,104,RECOVERY,200,"(28, 20)",False,2,False,2205
0,0.0,True,0.0,0.9,0.9,2154,0,2154.0,123,5,26,"(15, 2)",0,0.013250883392226149,84.38461538461539,35.23076923076923,trust_fused,123,RECOVERY,193,"(14, 18)",False,0,False,2210
0,0.0,True,0.0,0.9896476194717538,0.9972872376105263,2158,0,2158.0,125,2,25,"(33, 8)",0,0.014134275618374558,85.76,41.52,trust_fused,125,RECOVERY,205,"(26, 31)",False,1,False,2210
0,0.0,True,0.0,0.9872614704656038,0.995848335973471,2139,0,2139.0,104,26,23,"(33, 8)",0,0.013250883392226149,94.34782608695652,51.130434782608695,trust_fused,104,RECOVERY,200,"(28, 15)",False,2,False,2210
0,0.0,True,0.0,0.9,0.9,2159,0,2159.0,123,5,26,"(15, 2)",0,0.013250883392226149,84.38461538461539,35.23076923076923,trust_fused,123,RECOVERY,193,"(14, 13)",False,0,False,2215
0,0.0,True,0.0,0.990400591457378,0.9973966627230534,2163,0,2163.0,125,2,25,"(33, 8)",0,0.014134275618374558,85.76,41.52,trust_fused,125,RECOVERY,205,"(26, 26)",False,1,False,2215
0,0.0,True,0.0,0.9885121803345315,0.9961265845515879,2144,0,2144.0,104,26,23,"(33, 8)",0,0.013250883392226149,94.34782608695652,51.130434782608695,trust_fused,104,RECOVERY,200,"(31, 13)",False,2,False,2215
0,0.0,True,0.0,0.9,0.9,2164,0,2164.0,123,5,26,"(15, 2)",0,0.011504424778761062,84.38461538461539,35.23076923076923,trust_fused,123,RECOVERY,193,"(15, 9)",False,0,False,2220
0,0.0,True,0.0,0.9920238031375026,0.9976893353651833,2168,0,2168.0,125,2,25,"(33, 8)",0,0.012389380530973451,85.76,41.52,trust_fused,125,RECOVERY,205,"(27, 22)",False,1,False,2220
0,0.0,True,0.0,0.98962264153553,0.9963767444699068,2149,0,2149.0,104,26,23,"(33, 8)",0,0.011504424778761062,94.34782608695652,51.130434782608695,trust_fused,104,RECOVERY,200,"(31, 8)",False,2,False,2220
0,0.0,True,0.0,0.9,0.9,2169,0,2169.0,123,5,26,"(15, 2)",0,0.011504424778761062,84.38461538461539,35.23076923076923,trust_fused,123,RECOVERY,194,"(15, 4)",False,0,False,2225
0,0.0,True,0.0,0.992584558421581,0.9977983329558073,2173,0,2173.0,126,2,25,"(33, 8)",0,0.012389380530973451,85.76,41.52,trust_fused,126,RECOVERY,206,"(27, 17)",False,1,False,2225
0,0.0,True,0.0,0.98962264153553,0.9963767444699068,2153,0,2153.0,105,26,23,"(33, 30)",0,0.011504424778761062,94.34782608695652,51.130434782608695,trust_fused,105,RECOVERY,202,"(33, 10)",False,2,False,2225
0,0.0,True,0.0,0.9,0.9,2173,0,2173.0,124,5,26,"(21, 17)",0,0.011504424778761062,84.38461538461539,35.23076923076923,trust_fused,124,RECOVERY,195,"(15, 4)",False,0,False,2230
0,0.0,True,0.0,0.9931000768126668,0.9978971603638822,2178,0,2178.0,126,2,25,"(33, 8)",0,0.012389380530973451,85.76,41.52,trust_fused,126,RECOVERY,206,"(30, 15)",False,1,False,2230
0,0.0,True,0.0,0.98962264153553,0.9963767444699068,2158,0,2158.0,105,26,23,"(33, 30)",0,0.011504424778761062,94.34782608695652,51.130434782608695,trust_fused,105,RECOVERY,202,"(31, 13)",False,2,False,2230
0,0.0,True,0.0,0.9,0.9,2178,0,2178.0,124,5,26,"(21, 17)",0,0.011504424778761062,84.38461538461539,35.23076923076923,trust_fused,124,RECOVERY,195,"(17, 7)",False,0,False,2235
0,0.0,True,0.0,0.9933420935281918,0.9979404111231687,2183,0,2183.0,126,2,25,"(33, 8)",0,0.012389380530973451,85.76,41.52,trust_fused,126,RECOVERY,206,"(32, 12)",False,1,False,2235
0,0.0,True,0.0,0.98962264153553,0.9963767444699068,2163,0,2163.0,105,26,23,"(33, 30)",0,0.011504424778761062,94.34782608695652,51.130434782608695,trust_fused,105,RECOVERY,202,"(29, 16)",False,2,False,2235
0,0.0,True,0.0,0.9,0.9,2183,0,2183.0,124,5,26,"(21, 17)",0,0.011535048802129548,84.38461538461539,35.23076923076923,trust_fused,124,RECOVERY,195,"(17, 12)",False,0,False,2240
0,0.0,True,0.0,0.9937962322308568,0.9980201330684904,2188,0,2188.0,126,2,25,"(33, 8)",0,0.012422360248447204,85.76,41.52,trust_fused,126,RECOVERY,206,"(33, 8)",False,1,False,2240
0,0.0,True,0.0,0.98962264153553,0.9963767444699068,2168,0,2168.0,105,26,23,"(33, 30)",0,0.011535048802129548,94.34782608695652,51.130434782608695,trust_fused,105,RECOVERY,202,"(29, 21)",False,2,False,2240
0,0.0,True,0.0,0.9,0.9,2188,0,2188.0,124,5,26,"(21, 17)",0,0.011535048802129548,84.38461538461539,35.23076923076923,trust_fused,124,RECOVERY,195,"(18, 16)",False,0,False,2245
0,0.0,True,0.0,0.9937962322308568,0.9980201330684904,2192,0,2192.0,127,2,26,"(33, 50)",0,0.012422360248447204,86.1923076923077,41.73076923076923,trust_fused,127,RECOVERY,207,"(33, 12)",False,1,False,2245
0,0.0,True,0.0,0.98962264153553,0.9963767444699068,2173,0,2173.0,105,26,23,"(33, 30)",0,0.011535048802129548,94.34782608695652,51.130434782608695,trust_fused,105,RECOVERY,202,"(29, 26)",False,2,False,2245
0,0.0,True,0.0,0.9,0.9,2192,0,2192.0,125,5,27,"(25, 2)",0,0.03866432337434095,83.33333333333333,34.74074074074074,trust_fused,125,RECOVERY,197,"(21, 17)",False,0,False,2250
0,0.0,True,0.0,0.9937962322308568,0.9980201330684904,2197,0,2197.0,128,2,26,"(33, 50)",0,0.043936731107205626,86.1923076923077,41.73076923076923,trust_fused,128,RECOVERY,208,"(31, 15)",False,1,False,2250
0,0.0,True,0.0,0.98962264153553,0.9963767444699068,2178,0,2178.0,105,26,23,"(33, 30)",0,0.040421792618629174,94.34782608695652,51.130434782608695,trust_fused,105,RECOVERY,203,"(30, 30)",False,2,False,2250
0,0.0,True,0.0,0.9,0.9,2197,0,2197.0,125,5,27,"(25, 2)",0,0.03424056189640035,83.33333333333333,34.74074074074074,trust_fused,125,RECOVERY,197,"(25, 16)",False,0,False,2255
0,0.0,True,0.0,0.9944190824090662,0.9982381887195171,2202,0,2202.0,128,2,26,"(33, 50)",0,0.04038630377524144,86.1923076923077,41.73076923076923,trust_fused,128,RECOVERY,208,"(29, 18)",False,1,False,2255
0,0.0,True,0.0,0.98962264153553,0.9963767444699068,2182,0,2182.0,106,26,24,"(2, 41)",0,0.03775241439859526,93.91666666666667,50.291666666666664,trust_fused,106,RECOVERY,204,"(32, 30)",False,2,False,2255
0,0.0,True,0.0,0.9,0.9,2202,0,2202.0,125,5,27,"(25, 2)",0,0.03160667251975417,83.33333333333333,34.74074074074074,trust_fused,125,RECOVERY,197,"(25, 11)",False,0,False,2260
0,0.0,True,0.0,0.9953358023772567,0.9985964734664772,2207,0,2207.0,128,2,26,"(33, 50)",0,0.04038630377524144,86.1923076923077,41.73076923076923,trust_fused,128,RECOVERY,208,"(28, 22)",False,1,False,2260
0,0.0,True,0.0,0.98962264153553,0.9963767444699068,2187,0,2187.0,107,26,24,"(2, 41)",0,0.035996488147497806,93.91666666666667,50.291666666666664,trust_fused,107,RECOVERY,205,"(29, 32)",False,2,False,2260
0,0.0,True,0.0,0.9,0.9,2207,0,2207.0,125,5,27,"(25, 2)",0,0.02897278314310799,83.33333333333333,34.74074074074074,trust_fused,125,RECOVERY,197,"(25, 6)",False,0,False,2265
0,0.0,True,0.0,0.9955008732869635,0.9986372205713924,2212,0,2212.0,129,2,26,"(33, 50)",0,0.03687445127304653,86.1923076923077,41.73076923076923,trust_fused,129,RECOVERY,209,"(28, 27)",False,1,False,2265
0,0.0,True,0.0,0.98962264153553,0.9963767444699068,2192,0,2192.0,107,26,24,"(2, 41)",0,0.033362598770851626,93.91666666666667,50.291666666666664,trust_fused,107,RECOVERY,205,"(28, 36)",False,2,False,2265
0,0.0,True,0.0,0.9,0.9,2211,0,2211.0,126,5,27,"(33, 30)",0,0.021052631578947368,83.33333333333333,34.74074074074074,trust_fused,126,RECOVERY,198,"(25, 2)",False,0,False,2270
0,0.0,True,0.0,0.9955008732869635,0.9986372205713924,2217,0,2217.0,132,2,26,"(33, 50)",0,0.02631578947368421,86.1923076923077,41.73076923076923,trust_fused,132,RECOVERY,212,"(29, 31)",False,1,False,2270
0,0.0,True,0.0,0.98962264153553,0.9963767444699068,2197,0,2197.0,107,26,24,"(2, 41)",0,0.028070175438596492,93.91666666666667,50.291666666666664,trust_fused,107,RECOVERY,205,"(24, 37)",False,2,False,2270
0,0.0,True,0.0,0.9,0.9,2216,0,2216.0,127,5,27,"(33, 30)",0,0.012280701754385965,83.33333333333333,34.74074074074074,trust_fused,127,RECOVERY,199,"(25, 7)",False,0,False,2275
0,0.0,True,0.0,0.9955008732869635,0.9986372205713924,2222,0,2222.0,133,2,26,"(33, 50)",0,0.014912280701754385,86.1923076923077,41.73076923076923,trust_fused,133,RECOVERY,213,"(30, 35)",False,1,False,2275
0,0.0,True,0.0,0.98962264153553,0.9963767444699068,2202,0,2202.0,109,26,24,"(2, 41)",0,0.02017543859649123,93.91666666666667,50.291666666666664,trust_fused,109,RECOVERY,207,"(19, 37)",False,2,False,2275
0,0.0,True,0.0,0.9,0.9,2221,0,2221.0,127,5,27,"(33, 30)",0,0.010666666666666666,83.33333333333333,34.74074074074074,trust_fused,127,RECOVERY,199,"(27, 10)",False,0,False,2280
0,0.0,True,0.0,0.9955008732869635,0.9986372205713924,2227,0,2227.0,134,2,26,"(33, 50)",0,0.013392857142857142,86.1923076923077,41.73076923076923,trust_fused,134,RECOVERY,214,"(30, 36)",False,1,False,2280
0,0.0,True,0.0,0.98962264153553,0.9963767444699068,2207,0,2207.0,109,26,24,"(2, 41)",0,0.01875,93.91666666666667,50.291666666666664,trust_fused,109,RECOVERY,207,"(17, 40)",False,2,False,2280
0,0.0,True,0.0,0.9,0.9,2226,0,2226.0,127,5,27,"(33, 30)",0,0.010666666666666666,83.33333333333333,34.74074074074074,trust_fused,127,RECOVERY,199,"(27, 15)",False,0,False,2285
0,0.0,True,0.0,0.9955008732869635,0.9986372205713924,2232,0,2232.0,134,2,26,"(33, 50)",0,0.0125,86.1923076923077,41.73076923076923,trust_fused,134,RECOVERY,214,"(28, 37)",False,1,False,2285
0,0.0,True,0.0,0.98962264153553,0.9963767444699068,2212,0,2212.0,109,26,24,"(2, 41)",0,0.01875,93.91666666666667,50.291666666666664,trust_fused,109,RECOVERY,207,"(13, 41)",False,2,False,2285
0,0.0,True,0.0,0.9,0.9,2231,0,2231.0,127,5,27,"(33, 30)",0,0.010666666666666666,83.33333333333333,34.74074074074074,trust_fused,127,RECOVERY,199,"(27, 20)",False,0,False,2290
0,0.0,True,0.0,0.9955008732869635,0.9986372205713924,2237,0,2237.0,134,2,26,"(33, 50)",0,0.0125,86.1923076923077,41.73076923076923,trust_fused,134,RECOVERY,214,"(28, 42)",False,1,False,2290
0,0.0,True,0.0,0.98962264153553,0.9963767444699068,2217,0,2217.0,109,26,24,"(2, 41)",0,0.01607142857142857,93.91666666666667,50.291666666666664,trust_fused,109,RECOVERY,207,"(8, 41)",False,2,False,2290
0,0.0,True,0.0,0.9,0.9,2236,0,2236.0,127,5,27,"(33, 30)",0,0.0071111111111111115,83.33333333333333,34.74074074074074,trust_fused,127,RECOVERY,199,"(27, 25)",False,0,False,2295
0,0.0,True,0.0,0.9955008732869635,0.9986372205713924,2242,0,2242.0,134,2,26,"(33, 50)",0,0.008928571428571428,86.1923076923077,41.73076923076923,trust_fused,134,RECOVERY,214,"(30, 45)",False,1,False,2295
0,0.0,True,0.0,0.98962264153553,0.9963767444699068,2222,0,2222.0,109,26,24,"(2, 41)",0,0.01607142857142857,93.91666666666667,50.291666666666664,trust_fused,109,RECOVERY,207,"(3, 41)",False,2,False,2295
0,0.0,True,0.0,0.9,0.9,2241,0,2241.0,127,5,27,"(33, 30)",0,0.006439742410303588,83.33333333333333,34.74074074074074,trust_fused,127,RECOVERY,200,"(27, 30)",False,0,False,2300
0,0.0,True,0.0,0.9955008732869635,0.9986372205713924,2247,0,2247.0,134,2,26,"(33, 50)",0,0.008287292817679558,86.1923076923077,41.73076923076923,trust_fused,134,RECOVERY,215,"(33, 47)",False,1,False,2300
0,0.0,True,0.0,0.98962264153553,0.9963767444699068,2226,0,2226.0,110,26,24,"(21, 17)",0,0.016574585635359115,93.91666666666667,50.291666666666664,trust_fused,110,RECOVERY,209,"(5, 41)",False,2,False,2300
0,0.0,True,0.0,0.9,0.9,2246,0,2246.0,127,5,27,"(33, 30)",0,0.006439742410303588,83.33333333333333,34.74074074074074,trust_fused,127,RECOVERY,200,"(32, 30)",False,0,False,2305
0,0.0,True,0.0,0.9955008732869635,0.9986372205713924,2251,0,2251.0,135,2,26,"(25, 2)",0,0.009208103130755065,86.1923076923077,41.73076923076923,trust_fused,135,RECOVERY,216,"(32, 50)",False,1,False,2305
0,0.0,True,0.0,0.98962264153553,0.9963767444699068,2231,0,2231.0,110,26,24,"(21, 17)",0,0.016574585635359115,93.91666666666667,50.291666666666664,trust_fused,110,RECOVERY,209,"(10, 41)",False,2,False,2305
0,0.0,True,0.0,0.9,0.9,2250,0,2250.0,128,5,28,"(33, 8)",0,0.006439742410303588,82.39285714285714,34.82142857142857,trust_fused,128,RECOVERY,201,"(30, 30)",False,0,False,2310
0,0.0,True,0.0,0.9955008732869635,0.9986372205713924,2256,0,2256.0,135,2,26,"(25, 2)",0,0.010128913443830571,86.1923076923077,41.73076923076923,trust_fused,135,RECOVERY,216,"(29, 48)",False,1,False,2310
0,0.0,True,0.0,0.98962264153553,0.9963767444699068,2236,0,2236.0,110,26,24,"(21, 17)",0,0.014732965009208104,93.91666666666667,50.291666666666664,trust_fused,110,RECOVERY,209,"(15, 41)",False,2,False,2310
0,0.0,True,0.0,0.9,0.9,2255,0,2255.0,128,5,28,"(33, 8)",0,0.004599816007359705,82.39285714285714,34.82142857142857,trust_fused,128,RECOVERY,201,"(29, 26)",False,0,False,2315
0,0.0,True,0.0,0.9955008732869635,0.9986372205713924,2261,0,2261.0,135,2,26,"(25, 2)",0,0.010128913443830571,86.1923076923077,41.73076923076923,trust_fused,135,RECOVERY,216,"(28, 44)",False,1,False,2315
0,0.0,True,0.0,0.98962264153553,0.9963767444699068,2241,0,2241.0,110,26,24,"(21, 17)",0,0.014732965009208104,93.91666666666667,50.291666666666664,trust_fused,110,RECOVERY,209,"(18, 39)",False,2,False,2315
0,0.0,True,0.0,0.9,0.9,2260,0,2260.0,128,5,28,"(33, 8)",0,0.004734848484848485,82.39285714285714,34.82142857142857,trust_fused,128,RECOVERY,201,"(29, 21)",False,0,False,2320
0,0.0,True,0.0,0.9955008732869635,0.9986372205713924,2266,0,2266.0,135,2,26,"(25, 2)",0,0.010416666666666666,86.1923076923077,41.73076923076923,trust_fused,135,RECOVERY,216,"(28, 39)",False,1,False,2320
0,0.0,True,0.0,0.98962264153553,0.9963767444699068,2246,0,2246.0,110,26,24,"(21, 17)",0,0.010416666666666666,93.91666666666667,50.291666666666664,trust_fused,110,RECOVERY,209,"(19, 35)",False,2,False,2320
0,0.0,True,0.0,0.9,0.9,2265,0,2265.0,129,5,28,"(33, 8)",0,0.004734848484848485,82.39285714285714,34.82142857142857,trust_fused,129,RECOVERY,202,"(29, 16)",False,0,False,2325
0,0.0,True,0.0,0.9959619530020368,0.9987772154341751,2271,0,2271.0,136,2,26,"(25, 2)",0,0.006628787878787879,86.1923076923077,41.73076923076923,trust_fused,136,RECOVERY,217,"(27, 35)",False,1,False,2325
0,0.0,True,0.0,0.9912177838479779,0.9968551022793027,2251,0,2251.0,110,26,24,"(21, 17)",0,0.007575757575757576,93.91666666666667,50.291666666666664,trust_fused,110,RECOVERY,210,"(19, 30)",False,2,False,2325
0,0.0,True,0.0,0.9,0.9,2270,0,2270.0,129,5,28,"(33, 8)",0,0.002840909090909091,82.39285714285714,34.82142857142857,trust_fused,129,RECOVERY,202,"(32, 14)",False,0,False,2330
0,0.0,True,0.0,0.9965015735721845,0.9989204667962878,2276,0,2276.0,136,2,26,"(25, 2)",0,0.003787878787878788,86.1923076923077,41.73076923076923,trust_fused,136,RECOVERY,217,"(25, 32)",False,1,False,2330
0,0.0,True,0.0,0.9925504453205515,0.9972575421819975,2256,0,2256.0,110,26,24,"(21, 17)",0,0.004734848484848485,93.91666666666667,50.291666666666664,trust_fused,110,RECOVERY,210,"(19, 25)",False,2,False,2330
0,0.0,True,0.0,0.9,0.9,2275,0,2275.0,130,5,28,"(33, 8)",0,0.002840909090909091,82.39285714285714,34.82142857142857,trust_fused,130,RECOVERY,203,"(28, 13)",False,0,False,2335
0,0.0,True,0.0,0.9970732884084459,0.9990894323187033,2281,0,2281.0,136,2,26,"(25, 2)",0,0.002840909090909091,86.1923076923077,41.73076923076923,trust_fused,136,RECOVERY,217,"(25, 27)",False,1,False,2335
0,0.0,True,0.0,0.9932406293950391,0.9974465325579676,2261,0,2261.0,110,26,24,"(21, 17)",0,0.004734848484848485,93.91666666666667,50.291666666666664,trust_fused,110,RECOVERY,210,"(19, 20)",False,2,False,2335
0,0.0,True,0.0,0.9,0.9,2280,0,2280.0,130,5,28,"(33, 8)",0,0.0028790786948176585,82.39285714285714,34.82142857142857,trust_fused,130,RECOVERY,203,"(31, 11)",False,0,False,2340
0,0.0,True,0.0,0.9975493422717272,0.9992297033770295,2286,0,2286.0,136,2,26,"(25, 2)",0,0.0028790786948176585,86.1923076923077,41.73076923076923,trust_fused,136,RECOVERY,217,"(25, 22)",False,1,False,2340
0,0.0,True,0.0,0.9938638128116241,0.9976786478551266,2266,0,2266.0,110,26,24,"(21, 17)",0,0.0047984644913627635,93.91666666666667,50.291666666666664,trust_fused,110,RECOVERY,210,"(21, 17)",False,2,False,2340
0,0.0,True,0.0,0.9,0.9,2285,0,2285.0,130,5,28,"(33, 8)",0,0.0028790786948176585,82.39285714285714,34.82142857142857,trust_fused,130,RECOVERY,203,"(33, 8)",False,0,False,2345
0,0.0,True,0.0,0.9979474314491599,0.9993582250111754,2291,0,2291.0,136,2,26,"(25, 2)",0,0.0028790786948176585,86.1923076923077,41.73076923076923,trust_fused,136,RECOVERY,217,"(25, 17)",False,1,False,2345
0,0.0,True,0.0,0.9946128759659812,0.998018060074783,2269,0,2269.0,111,27,25,"(33, 8)",0,0.0047984644913627635,93.64,50.04,trust_fused,111,RECOVERY,211,"(24, 17)",False,2,False,2345
0,0.0,True,0.0,0.9,0.9,2289,0,2289.0,132,5,28,"(2, 50)",0,0.0028790786948176585,82.39285714285714,34.82142857142857,trust_fused,132,RECOVERY,205,"(29, 8)",False,0,False,2350
0,0.0,True,0.0,0.9982810732278617,0.9994598846747639,2296,0,2296.0,136,2,26,"(25, 2)",0,0.0028790786948176585,86.1923076923077,41.73076923076923,trust_fused,136,RECOVERY,218,"(25, 12)",False,1,False,2350
0,0.0,True,0.0,0.9951177156415273,0.9982136575230899,2273,0,2273.0,111,28,25,"(33, 8)",0,0.003838771593090211,93.64,50.04,trust_fused,111,RECOVERY,213,"(25, 14)",False,2,False,2350
0,0.0,True,0.0,0.9,0.9,2294,0,2294.0,132,5,28,"(2, 50)",0,0.0028790786948176585,82.39285714285714,34.82142857142857,trust_fused,132,RECOVERY,205,"(27, 11)",False,0,False,2355
0,0.0,True,0.0,0.9985627420844179,0.9995681758130996,2301,0,2301.0,136,2,26,"(25, 2)",0,0.0028790786948176585,86.1923076923077,41.73076923076923,trust_fused,136,RECOVERY,218,"(25, 7)",False,1,False,2355
0,0.0,True,0.0,0.9958656755098401,0.9985629628137357,2278,0,2278.0,111,28,25,"(33, 8)",0,0.003838771593090211,93.64,50.04,trust_fused,111,RECOVERY,213,"(28, 12)",False,2,False,2355
0,0.0,True,0.0,0.9,0.9,2299,0,2299.0,132,5,28,"(2, 50)",0,0.0019305019305019305,82.39285714285714,34.82142857142857,trust_fused,132,RECOVERY,205,"(27, 16)",False,0,False,2360
0,0.0,True,0.0,0.998802001797871,0.9996474905511133,2306,0,2306.0,136,2,26,"(25, 2)",0,0.0028957528957528956,86.1923076923077,41.73076923076923,trust_fused,136,RECOVERY,218,"(25, 2)",False,1,False,2360
0,0.0,True,0.0,0.9965205768242947,0.9988660948659316,2283,0,2283.0,111,28,25,"(33, 8)",0,0.003857280617164899,93.64,50.04,trust_fused,111,RECOVERY,213,"(32, 11)",False,2,False,2360
0,0.0,True,0.0,0.9,0.9,2304,0,2304.0,132,5,28,"(2, 50)",0,0.0019305019305019305,82.39285714285714,34.82142857142857,trust_fused,132,RECOVERY,205,"(23, 17)",False,0,False,2365
0,0.0,True,0.0,0.9988861939305348,0.9996706432769668,2310,0,2310.0,137,2,27,"(33, 8)",0,0.0028957528957528956,87.44444444444444,42.2962962962963,trust_fused,137,RECOVERY,219,"(25, 6)",False,1,False,2365
0,0.0,True,0.0,0.9968673133558987,0.9989937600456317,2287,0,2287.0,112,28,25,"(21, 17)",0,0.003857280617164899,93.64,50.04,trust_fused,112,RECOVERY,214,"(33, 8)",False,2,False,2365
0,0.0,True,0.0,0.9,0.9,2309,0,2309.0,132,5,28,"(2, 50)",0,0.0019230769230769232,82.39285714285714,34.82142857142857,trust_fused,132,RECOVERY,205,"(19, 18)",False,0,False,2370
0,0.0,True,0.0,0.9990709968136147,0.9997213992025826,2315,0,2315.0,137,2,27,"(33, 8)",0,0.0028846153846153848,87.44444444444444,42.2962962962963,trust_fused,137,RECOVERY,219,"(28, 8)",False,1,False,2370
0,0.0,True,0.0,0.9971799288747446,0.9990900869017731,2292,0,2292.0,112,28,25,"(21, 17)",0,0.002881844380403458,93.64,50.04,trust_fused,112,RECOVERY,214,"(29, 9)",False,2,False,2370
0,0.0,True,0.0,0.9,0.9,2314,0,2314.0,133,5,28,"(2, 50)",0,0.0019230769230769232,82.39285714285714,34.82142857142857,trust_fused,133,RECOVERY,206,"(15, 19)",False,0,False,2375
0,0.0,True,0.0,0.9992247723564444,0.9997710802578696,2320,0,2320.0,137,2,27,"(33, 8)",0,0.0028846153846153848,87.44444444444444,42.2962962962963,trust_fused,137,RECOVERY,220,"(33, 8)",False,1,False,2375
0,0.0,True,0.0,0.9976324558670602,0.99923631932235,2297,0,2297.0,112,28,25,"(21, 17)",0,0.002881844380403458,93.64,50.04,trust_fused,112,RECOVERY,215,"(28, 13)",False,2,False,2375
0,0.0,True,0.0,0.9,0.9,2319,0,2319.0,133,5,28,"(2, 50)",0,0.0019455252918287938,82.39285714285714,34.82142857142857,trust_fused,133,RECOVERY,206,"(12, 21)",False,0,False,2380
0,0.0,True,0.0,0.999252622221994,0.9997817696674366,2324,0,2324.0,138,2,27,"(13, 50)",0,0.0029182879377431907,87.44444444444444,42.2962962962963,trust_fused,138,RECOVERY,221,"(29, 8)",False,1,False,2380
0,0.0,True,0.0,0.9980138169295812,0.9993667938536531,2302,0,2302.0,112,28,25,"(21, 17)",0,0.0029182879377431907,93.64,50.04,trust_fused,112,RECOVERY,215,"(26, 16)",False,2,False,2380
0,0.0,True,0.0,0.9,0.9,2324,0,2324.0,133,5,28,"(2, 50)",0,0.0019455252918287938,82.39285714285714,34.82142857142857,trust_fused,133,RECOVERY,206,"(8, 22)",False,0,False,2385
0,0.0,True,0.0,0.999354015849266,0.9998091662632334,2329,0,2329.0,138,2,27,"(13, 50)",0,0.0029182879377431907,87.44444444444444,42.2962962962963,trust_fused,138,RECOVERY,221,"(27, 11)",False,1,False,2385
0,0.0,True,0.0,0.9983392601632618,0.9995022123358993,2307,0,2307.0,112,28,25,"(21, 17)",0,0.0029182879377431907,93.64,50.04,trust_fused,112,RECOVERY,215,"(22, 17)",False,2,False,2385
0,0.0,True,0.0,0.9,0.9,2329,0,2329.0,133,5,28,"(2, 50)",0,0.0019455252918287938,82.39285714285714,34.82142857142857,trust_fused,133,RECOVERY,206,"(5, 24)",False,0,False,2390
0,0.0,True,0.0,0.9994613116588882,0.9998399965906871,2334,0,2334.0,138,2,27,"(13, 50)",0,0.0029182879377431907,87.44444444444444,42.2962962962963,trust_fused,138,RECOVERY,221,"(26, 15)",False,1,False,2390
0,0.0,True,0.0,0.9985649491126103,0.999580793514184,2311,0,2311.0,113,28,26,"(13, 50)",0,0.0029182879377431907,91.8076923076923,48.96153846153846,trust_fused,113,RECOVERY,216,"(18, 17)",False,2,False,2390
0,0.0,True,0.0,0.9,0.9,2334,0,2334.0,133,5,28,"(2, 50)",0,0.0019455252918287938,82.39285714285714,34.82142857142857,trust_fused,133,RECOVERY,206,"(4, 28)",False,0,False,2395
0,0.0,True,0.0,0.9995507075166659,0.9998651415546854,2339,0,2339.0,138,2,27,"(13, 50)",0,0.0029182879377431907,87.44444444444444,42.2962962962963,trust_fused,138,RECOVERY,221,"(26, 20)",False,1,False,2395
0,0.0,True,0.0,0.9988044228238917,0.9996467778648118,2316,0,2316.0,113,28,26,"(13, 50)",0,0.0029182879377431907,91.8076923076923,48.96153846153846,trust_fused,113,RECOVERY,216,"(18, 22)",False,2,False,2395
0,0.0,True,0.0,0.9,0.9,2339,0,2339.0,133,5,28,"(2, 50)",0,0.061420345489443376,82.39285714285714,34.82142857142857,trust_fused,133,RECOVERY,207,"(3, 32)",False,0,False,2400
0,0.0,True,0.0,0.9996106935764619,0.9998789845422662,2344,0,2344.0,138,2,27,"(13, 50)",0,0.06238003838771593,87.44444444444444,42.2962962962963,trust_fused,138,RECOVERY,222,"(26, 25)",False,1,False,2400
0,0.0,True,0.0,0.9989657307462797,0.9996893100145123,2321,0,2321.0,114,28,26,"(13, 50)",0,0.061420345489443376,91.8076923076923,48.96153846153846,trust_fused,114,RECOVERY,217,"(17, 26)",False,2,False,2400
0,0.0,True,0.0,0.9,0.9,2344,0,2344.0,133,5,28,"(2, 50)",0,0.05459770114942529,82.39285714285714,34.82142857142857,trust_fused,133,RECOVERY,207,"(3, 37)",False,0,False,2405
0,0.0,True,0.0,0.9996106935764619,0.9998789845422662,2349,0,2349.0,138,2,27,"(13, 50)",0,0.05268199233716475,87.44444444444444,42.2962962962963,trust_fused,138,RECOVERY,222,"(26, 30)",False,1,False,2405
0,0.0,True,0.0,0.9989657307462797,0.9996893100145123,2326,0,2326.0,114,28,26,"(13, 50)",0,0.05363984674329502,91.8076923076923,48.96153846153846,trust_fused,114,RECOVERY,217,"(15, 29)",False,2,False,2405
0,0.0,True,0.0,0.9,0.9,2349,0,2349.0,133,5,28,"(2, 50)",0,0.04265402843601896,82.39285714285714,34.82142857142857,trust_fused,133,RECOVERY,207,"(3, 42)",False,0,False,2410
0,0.0,True,0.0,0.9996106935764619,0.9998789845422662,2354,0,2354.0,138,2,27,"(13, 50)",0,0.04075829383886256,87.44444444444444,42.2962962962963,trust_fused,138,RECOVERY,222,"(25, 34)",False,1,False,2410
0,0.0,True,0.0,0.9989657307462797,0.9996893100145123,2331,0,2331.0,114,28,26,"(13, 50)",0,0.03981042654028436,91.8076923076923,48.96153846153846,trust_fused,114,RECOVERY,217,"(15, 34)",False,2,False,2410
0,0.0,True,0.0,0.9,0.9,2354,0,2354.0,133,5,28,"(2, 50)",0,0.027128157156220765,82.39285714285714,34.82142857142857,trust_fused,133,RECOVERY,207,"(3, 47)",False,0,False,2415
0,0.0,True,0.0,0.9996106935764619,0.9998789845422662,2359,0,2359.0,138,2,27,"(13, 50)",0,0.025257249766136577,87.44444444444444,42.2962962962963,trust_fused,138,RECOVERY,222,"(25, 39)",False,1,False,2415
0,0.0,True,0.0,0.9989657307462797,0.9996893100145123,2336,0,2336.0,114,28,26,"(13, 50)",0,0.025257249766136577,91.8076923076923,48.96153846153846,trust_fused,114,RECOVERY,217,"(15, 39)",False,2,False,2415
0,0.0,True,0.0,0.9,0.9,2358,0,2358.0,134,5,29,"(33, 50)",0,0.0260707635009311,83.44827586206897,36.172413793103445,trust_fused,134,RECOVERY,208,"(2, 50)",False,0,False,2420
0,0.0,True,0.0,0.9996106935764619,0.9998789845422662,2364,0,2364.0,138,2,27,"(13, 50)",0,0.024208566108007448,87.44444444444444,42.2962962962963,trust_fused,138,RECOVERY,222,"(25, 44)",False,1,False,2420
0,0.0,True,0.0,0.9989657307462797,0.9996893100145123,2341,0,2341.0,114,28,26,"(13, 50)",0,0.024208566108007448,91.8076923076923,48.96153846153846,trust_fused,114,RECOVERY,217,"(13, 42)",False,2,False,2420
0,0.0,True,0.0,0.9,0.9,2363,0,2363.0,134,5,29,"(33, 50)",0,0.02452316076294278,83.44827586206897,36.172413793103445,trust_fused,134,RECOVERY,209,"(5, 48)",False,0,False,2425
0,0.0,True,0.0,0.9996106935764619,0.9998789845422662,2369,0,2369.0,138,2,27,"(13, 50)",0,0.022706630336058128,87.44444444444444,42.2962962962963,trust_fused,138,RECOVERY,223,"(25, 49)",False,1,False,2425
0,0.0,True,0.0,0.9990375589086955,0.9997065754107674,2346,0,2346.0,114,28,26,"(13, 50)",0,0.023614895549500452,91.8076923076923,48.96153846153846,trust_fused,114,RECOVERY,218,"(13, 47)",False,2,False,2425
0,0.0,True,0.0,0.9,0.9,2368,0,2368.0,134,5,29,"(33, 50)",0,0.022222222222222223,83.44827586206897,36.172413793103445,trust_fused,134,RECOVERY,209,"(8, 46)",False,0,False,2430
0,0.0,True,0.0,0.9996106935764619,0.9998789845422662,2374,0,2374.0,138,2,27,"(13, 50)",0,0.022222222222222223,87.44444444444444,42.2962962962963,trust_fused,138,RECOVERY,223,"(20, 49)",False,1,False,2430
0,0.0,True,0.0,0.9990375589086955,0.9997065754107674,2350,0,2350.0,115,28,26,"(15, 2)",0,0.02311111111111111,91.8076923076923,48.96153846153846,trust_fused,115,RECOVERY,219,"(13, 49)",False,2,False,2430
0,0.0,True,0.0,0.9,0.9,2373,0,2373.0,134,5,29,"(33, 50)",0,0.022163120567375887,83.44827586206897,36.172413793103445,trust_fused,134,RECOVERY,209,"(12, 47)",False,0,False,2435
0,0.0,True,0.0,0.9996501089960791,0.9998914935212794,2379,0,2379.0,138,2,27,"(13, 50)",0,0.022163120567375887,87.44444444444444,42.2962962962963,trust_fused,138,RECOVERY,223,"(15, 49)",False,1,False,2435
0,0.0,True,0.0,0.9991974643555519,0.9997686956469565,2355,0,2355.0,115,28,26,"(15, 2)",0,0.02304964539007092,91.8076923076923,48.96153846153846,trust_fused,115,RECOVERY,219,"(13, 44)",False,2,False,2435
0,0.0,True,0.0,0.9,0.9,2377,0,2377.0,134,6,29,"(33, 50)",0,0.022163120567375887,83.44827586206897,36.172413793103445,trust_fused,134,RECOVERY,209,"(14, 49)",False,0,False,2440
0,0.0,True,0.0,0.999697285721496,0.999911340184216,2382,0,2382.0,139,2,28,"(2, 20)",0,0.022163120567375887,87.10714285714286,43.035714285714285,trust_fused,139,RECOVERY,225,"(13, 50)",False,1,False,2440
0,0.0,True,0.0,0.9993338556164839,0.9998157772091131,2360,0,2360.0,115,28,26,"(15, 2)",0,0.02304964539007092,91.8076923076923,48.96153846153846,trust_fused,115,RECOVERY,219,"(13, 39)",False,2,False,2440
0,0.0,True,0.0,0.9,0.9,2382,0,2382.0,134,6,29,"(33, 50)",0,0.022123893805309734,83.44827586206897,36.172413793103445,trust_fused,134,RECOVERY,209,"(19, 49)",False,0,False,2445
0,0.0,True,0.0,0.9997487018977809,0.9999313588821145,2387,0,2387.0,139,2,28,"(2, 20)",0,0.022123893805309734,87.10714285714286,43.035714285714285,trust_fused,139,RECOVERY,225,"(12, 46)",False,1,False,2445
0,0.0,True,0.0,0.9993817322809788,0.9998270968591886,2365,0,2365.0,115,28,26,"(15, 2)",0,0.023008849557522124,91.8076923076923,48.96153846153846,trust_fused,115,RECOVERY,219,"(14, 35)",False,2,False,2445
0,0.0,True,0.0,0.9,0.9,2387,0,2387.0,134,6,29,"(33, 50)",0,0.022123893805309734,83.44827586206897,36.172413793103445,trust_fused,134,RECOVERY,210,"(24, 49)",False,0,False,2450
0,0.0,True,0.0,0.9997917661628068,0.9999432015072958,2392,0,2392.0,140,2,28,"(2, 20)",0,0.022123893805309734,87.10714285714286,43.035714285714285,trust_fused,140,RECOVERY,226,"(9, 44)",False,1,False,2450
0,0.0,True,0.0,0.9993817322809788,0.9998270968591886,2370,0,2370.0,115,28,26,"(15, 2)",0,0.023008849557522124,91.8076923076923,48.96153846153846,trust_fused,115,RECOVERY,220,"(14, 30)",False,2,False,2450
0,0.0,True,0.0,0.9,0.9,2392,0,2392.0,134,6,29,"(33, 50)",0,0.022123893805309734,83.44827586206897,36.172413793103445,trust_fused,134,RECOVERY,210,"(28, 50)",False,0,False,2455
0,0.0,True,0.0,0.999820759175231,0.9999508204490558,2397,0,2397.0,140,2,28,"(2, 20)",0,0.022123893805309734,87.10714285714286,43.035714285714285,trust_fused,140,RECOVERY,226,"(7, 41)",False,1,False,2455
0,0.0,True,0.0,0.9993817322809788,0.9998270968591886,2375,0,2375.0,115,28,26,"(15, 2)",0,0.023008849557522124,91.8076923076923,48.96153846153846,trust_fused,115,RECOVERY,220,"(14, 25)",False,2,False,2455
0,0.0,True,0.0,0.9,0.9,2397,0,2397.0,134,6,29,"(33, 50)",0,0.020210896309314587,83.44827586206897,36.172413793103445,trust_fused,134,RECOVERY,210,"(33, 50)",False,0,False,2460
0,0.0,True,0.0,0.999851406771448,0.9999595216402856,2402,0,2402.0,140,2,28,"(2, 20)",0,0.020210896309314587,87.10714285714286,43.035714285714285,trust_fused,140,RECOVERY,226,"(7, 36)",False,1,False,2460
0,0.0,True,0.0,0.9993817322809788,0.9998270968591886,2380,0,2380.0,115,28,26,"(15, 2)",0,0.0210896309314587,91.8076923076923,48.96153846153846,trust_fused,115,RECOVERY,220,"(15, 21)",False,2,False,2460
0,0.0,True,0.0,0.9,0.9,2401,0,2401.0,135,6,29,"(13, 50)",0,0.020210896309314587,83.44827586206897,36.172413793103445,trust_fused,135,RECOVERY,211,"(29, 50)",False,0,False,2465
0,0.0,True,0.0,0.9998768239997309,0.9999662044556069,2407,0,2407.0,140,2,28,"(2, 20)",0,0.022847100175746926,87.10714285714286,43.035714285714285,trust_fused,140,RECOVERY,226,"(7, 31)",False,1,False,2465
0,0.0,True,0.0,0.9993817322809788,0.9998270968591886,2385,0,2385.0,115,28,26,"(15, 2)",0,0.020210896309314587,91.8076923076923,48.96153846153846,trust_fused,115,RECOVERY,220,"(15, 16)",False,2,False,2465
0,0.0,True,0.0,0.9,0.9,2406,0,2406.0,135,6,29,"(13, 50)",0,0.020210896309314587,83.44827586206897,36.172413793103445,trust_fused,135,RECOVERY,211,"(25, 49)",False,0,False,2470
0,0.0,True,0.0,0.9998979026627595,0.9999719109725249,2412,0,2412.0,140,2,28,"(2, 20)",0,0.022847100175746926,87.10714285714286,43.035714285714285,trust_fused,140,RECOVERY,226,"(7, 26)",False,1,False,2470
0,0.0,True,0.0,0.9993817322809788,0.9998270968591886,2390,0,2390.0,115,28,26,"(15, 2)",0,0.020210896309314587,91.8076923076923,48.96153846153846,trust_fused,115,RECOVERY,220,"(15, 11)",False,2,False,2470
0,0.0,True,0.0,0.9,0.9,2411,0,2411.0,136,6,29,"(13, 50)",0,0.020210896309314587,83.44827586206897,36.172413793103445,trust_fused,136,RECOVERY,212,"(20, 49)",False,0,False,2475
0,0.0,True,0.0,0.9998979026627595,0.9999719109725249,2417,0,2417.0,140,2,28,"(2, 20)",0,0.022847100175746926,87.10714285714286,43.035714285714285,trust_fused,140,RECOVERY,227,"(7, 21)",False,1,False,2475
0,0.0,True,0.0,0.9993817322809788,0.9998270968591886,2395,0,2395.0,115,28,26,"(15, 2)",0,0.020210896309314587,91.8076923076923,48.96153846153846,trust_fused,115,RECOVERY,221,"(15, 6)",False,2,False,2475
0,0.0,True,0.0,0.9,0.9,2416,0,2416.0,136,6,29,"(13, 50)",0,0.020210896309314587,83.44827586206897,36.172413793103445,trust_fused,136,RECOVERY,212,"(16, 50)",False,0,False,2480
0,0.0,True,0.0,0.9998979026627595,0.9999719109725249,2422,0,2422.0,140,2,28,"(2, 20)",0,0.022847100175746926,87.10714285714286,43.035714285714285,trust_fused,140,RECOVERY,227,"(3, 20)",False,1,False,2480
0,0.0,True,0.0,0.9993817322809788,0.9998270968591886,2399,0,2399.0,116,28,27,"(33, 8)",0,0.020210896309314587,91.85185185185185,49.03703703703704,trust_fused,116,RECOVERY,222,"(15, 2)",False,2,False,2480
0,0.0,True,0.0,0.9,0.9,2420,0,2420.0,137,6,30,"(2, 41)",0,0.020210896309314587,82.8,35.733333333333334,trust_fused,137,RECOVERY,213,"(12, 50)",False,0,False,2485
0,0.0,True,0.0,0.9998979026627595,0.9999719109725249,2426,0,2426.0,141,2,29,"(2, 41)",0,0.022847100175746926,85.58620689655173,43.0,trust_fused,141,RECOVERY,228,"(2, 23)",False,1,False,2485
0,0.0,True,0.0,0.9993817322809788,0.9998270968591886,2404,0,2404.0,116,28,27,"(33, 8)",0,0.020210896309314587,91.85185185185185,49.03703703703704,trust_fused,116,RECOVERY,222,"(15, 7)",False,2,False,2485
0,0.0,True,0.0,0.9,0.9,2425,0,2425.0,137,6,30,"(2, 41)",0,0.020210896309314587,82.8,35.733333333333334,trust_fused,137,RECOVERY,213,"(11, 46)",False,0,False,2490
0,0.0,True,0.0,0.9998979026627595,0.9999719109725249,2431,0,2431.0,141,2,29,"(2, 41)",0,0.022847100175746926,85.58620689655173,43.0,trust_fused,141,RECOVERY,228,"(4, 26)",False,1,False,2490
0,0.0,True,0.0,0.9993817322809788,0.9998270968591886,2409,0,2409.0,116,28,27,"(33, 8)",0,0.020210896309314587,91.85185185185185,49.03703703703704,trust_fused,116,RECOVERY,222,"(19, 8)",False,2,False,2490
0,0.0,True,0.0,0.9,0.9,2430,0,2430.0,137,6,30,"(2, 41)",0,0.020210896309314587,82.8,35.733333333333334,trust_fused,137,RECOVERY,213,"(7, 45)",False,0,False,2495
0,0.0,True,0.0,0.9999120618823614,0.999975462079092,2436,0,2436.0,141,2,29,"(2, 41)",0,0.022847100175746926,85.58620689655173,43.0,trust_fused,141,RECOVERY,228,"(4, 31)",False,1,False,2495
0,0.0,True,0.0,0.9993817322809788,0.9998270968591886,2414,0,2414.0,116,28,27,"(33, 8)",0,0.020210896309314587,91.85185185185185,49.03703703703704,trust_fused,116,RECOVERY,222,"(23, 9)",False,2,False,2495
