active_fake_claim_count,attacker_attributable_cost_on_route,attacker_is_trusted,attacker_route_cost_delta,attacker_source_memory,attacker_trust,benign_movement_steps,benign_no_path_steps,benign_total_distance,benign_total_replans,benign_traffic_wait_steps,deliveries_completed,goal,influential_fake_claim_count,map_error,mean_delivery_cycle_time_steps,mean_delivery_time_steps,method,path_changes,phase,planning_checks,position,preferred_route_affected_by_attacker,robot_id,route_affected_by_attacker,step
0,0.0,True,0.0,0.9,0.9,1,0,1.0,1,0,0,"(33, 50)",0,0.0,,,source_memory,1,RECONNAISSANCE,1,"(7, 8)",False,0,False,0
0,0.0,True,0.0,0.9,0.9,1,0,1.0,1,0,0,"(33, 50)",0,0.0,,,source_memory,1,RECONNAISSANCE,1,"(28, 42)",False,1,False,0
0,0.0,True,0.0,0.9,0.9,1,0,1.0,1,0,0,"(13, 50)",0,0.0,,,source_memory,1,RECONNAISSANCE,1,"(7, 42)",False,2,False,0
0,0.0,True,0.0,0.9,0.9,6,0,6.0,1,0,0,"(33, 50)",0,0.0,,,source_memory,1,RECONNAISSANCE,1,"(12, 8)",False,0,False,5
0,0.0,True,0.0,0.9,0.9,6,0,6.0,1,0,0,"(33, 50)",0,0.0,,,source_memory,1,RECONNAISSANCE,1,"(30, 45)",False,1,False,5
0,0.0,True,0.0,0.9,0.9,6,0,6.0,1,0,0,"(13, 50)",0,0.0,,,source_memory,1,RECONNAISSANCE,1,"(9, 45)",False,2,False,5
0,0.0,True,0.0,0.9,0.9,11,0,11.0,1,0,0,"(33, 50)",0,0.0,,,source_memory,1,RECONNAISSANCE,1,"(13, 12)",False,0,False,10
0,0.0,True,0.0,0.9,0.9,11,0,11.0,1,0,0,"(33, 50)",0,0.0,,,source_memory,1,RECONNAISSANCE,1,"(31, 49)",False,1,False,10
0,0.0,True,0.0,0.9,0.9,11,0,11.0,1,0,0,"(13, 50)",0,0.0,,,source_memory,1,RECONNAISSANCE,1,"(10, 49)",False,2,False,10
0,0.0,True,0.0,0.9,0.9,16,0,16.0,1,0,0,"(33, 50)",0,0.0,,,source_memory,1,RECONNAISSANCE,1,"(14, 16)",False,0,False,15
0,0.0,True,0.0,0.9,0.9,15,0,15.0,2,0,0,"(25, 2)",0,0.0,,,source_memory,2,RECONNAISSANCE,2,"(32, 50)",False,1,False,15
0,0.0,True,0.0,0.9,0.9,15,0,15.0,2,0,0,"(15, 2)",0,0.0,,,source_memory,2,RECONNAISSANCE,2,"(13, 50)",False,2,False,15
0,0.0,True,0.0,0.9,0.9,21,0,21.0,1,0,0,"(33, 50)",0,0.0,,,source_memory,1,RECONNAISSANCE,1,"(14, 21)",False,0,False,20
0,0.0,True,0.0,0.9,0.9,20,0,20.0,2,0,0,"(25, 2)",0,0.0,,,source_memory,2,RECONNAISSANCE,2,"(30, 47)",False,1,False,20
0,0.0,True,0.0,0.9,0.9,20,0,20.0,2,0,0,"(15, 2)",0,0.0,,,source_memory,2,RECONNAISSANCE,2,"(13, 45)",False,2,False,20
0,0.0,True,0.0,0.9,0.9,26,0,26.0,2,0,0,"(33, 50)",0,0.0,,,source_memory,2,RECONNAISSANCE,2,"(14, 26)",False,0,False,25
0,0.0,True,0.0,0.9,0.9,25,0,25.0,2,0,0,"(25, 2)",0,0.0,,,source_memory,2,RECONNAISSANCE,3,"(30, 42)",False,1,False,25
0,0.0,True,0.0,0.9,0.9,25,0,25.0,2,0,0,"(15, 2)",0,0.0,,,source_memory,2,RECONNAISSANCE,3,"(14, 41)",False,2,False,25
0,0.0,True,0.0,0.9,0.9,31,0,31.0,2,0,0,"(33, 50)",0,0.0,,,source_memory,2,RECONNAISSANCE,2,"(16, 29)",False,0,False,30
0,0.0,True,0.0,0.9,0.9,30,0,30.0,2,0,0,"(25, 2)",0,0.0,,,source_memory,2,RECONNAISSANCE,3,"(27, 40)",False,1,False,30
0,0.0,True,0.0,0.9005353814978126,0.9074170943729795,30,0,30.0,2,0,0,"(15, 2)",0,0.0,,,source_memory,2,RECONNAISSANCE,3,"(14, 36)",False,2,False,30
0,0.0,True,0.0,0.9,0.9,36,0,36.0,2,0,0,"(33, 50)",0,0.0,,,source_memory,2,RECONNAISSANCE,2,"(17, 33)",False,0,False,35
0,0.0,True,0.0,0.9,0.9,35,0,35.0,2,0,0,"(25, 2)",0,0.0,,,source_memory,2,RECONNAISSANCE,3,"(25, 37)",False,1,False,35
0,0.0,True,0.0,0.9046101546431302,0.9252619706220142,35,0,35.0,2,0,0,"(15, 2)",0,0.0,,,source_memory,2,RECONNAISSANCE,3,"(14, 31)",False,2,False,35
0,0.0,True,0.0,0.9,0.9,41,0,41.0,2,0,0,"(33, 50)",0,0.0,,,source_memory,2,RECONNAISSANCE,2,"(17, 38)",False,0,False,40
0,0.0,True,0.0,0.9024036732377093,0.9166827492636235,40,0,40.0,2,0,0,"(25, 2)",0,0.0,,,source_memory,2,RECONNAISSANCE,3,"(25, 32)",False,1,False,40
0,0.0,True,0.0,0.9113141622099501,0.938726664523383,40,0,40.0,2,0,0,"(15, 2)",0,0.0,,,source_memory,2,RECONNAISSANCE,3,"(14, 26)",False,2,False,40
0,0.0,True,0.0,0.9,0.9,46,0,46.0,2,0,0,"(33, 50)",0,0.0,,,source_memory,2,RECONNAISSANCE,2,"(17, 43)",False,0,False,45
0,0.0,True,0.0,0.9051633726042757,0.9241605739904846,45,0,45.0,2,0,0,"(25, 2)",0,0.0,,,source_memory,2,RECONNAISSANCE,3,"(25, 27)",False,1,False,45
0,0.0,True,0.0,0.91881434865784,0.9477543411906444,45,0,45.0,2,0,0,"(15, 2)",0,0.0,,,source_memory,2,RECONNAISSANCE,3,"(14, 21)",False,2,False,45
0,0.0,True,0.0,0.9,0.9,51,0,51.0,2,0,0,"(33, 50)",0,0.0,,,source_memory,2,RECONNAISSANCE,3,"(17, 48)",False,0,False,50
0,0.0,True,0.0,0.9051633726042757,0.9241605739904846,50,0,50.0,2,0,0,"(25, 2)",0,0.0,,,source_memory,2,RECONNAISSANCE,4,"(25, 22)",False,1,False,50
0,0.0,True,0.0,0.9265144244646492,0.9560594487078676,50,0,50.0,2,0,0,"(15, 2)",0,0.0,,,source_memory,2,RECONNAISSANCE,4,"(14, 16)",False,2,False,50
0,0.0,True,0.0,0.9,0.9,56,0,56.0,2,0,0,"(33, 50)",0,0.0,,,source_memory,2,RECONNAISSANCE,3,"(21, 49)",False,0,False,55
0,0.0,True,0.0,0.9051633726042757,0.9241605739904846,55,0,55.0,2,0,0,"(25, 2)",0,0.0,,,source_memory,2,RECONNAISSANCE,4,"(25, 17)",False,1,False,55
0,0.0,True,0.0,0.934356949199002,0.9642047996797681,55,0,55.0,2,0,0,"(15, 2)",0,0.0,,,source_memory,2,RECONNAISSANCE,4,"(14, 11)",False,2,False,55
0,0.0,True,0.0,0.9,0.9,61,0,61.0,2,0,0,"(33, 50)",0,0.0,,,source_memory,2,RECONNAISSANCE,3,"(25, 50)",False,0,False,60
0,0.0,True,0.0,0.9051633726042757,0.9241605739904846,60,0,60.0,2,0,0,"(25, 2)",0,0.0,,,source_memory,2,RECONNAISSANCE,4,"(25, 12)",False,1,False,60
0,0.0,True,0.0,0.9419222980969519,0.9697250091270376,60,0,60.0,2,0,0,"(15, 2)",0,0.0,,,source_memory,2,RECONNAISSANCE,4,"(14, 6)",False,2,False,60
0,0.0,True,0.0,0.9,0.9,66,0,66.0,2,0,0,"(33, 50)",0,0.0,,,source_memory,2,RECONNAISSANCE,3,"(30, 50)",False,0,False,65
0,0.0,True,0.0,0.9051633726042757,0.9241605739904846,65,0,65.0,2,0,0,"(25, 2)",0,0.0,,,source_memory,2,RECONNAISSANCE,4,"(25, 7)",False,1,False,65
0,0.0,True,0.0,0.9433758465120083,0.9709932663980808,65,0,65.0,2,0,0,"(15, 2)",0,0.0,,,source_memory,2,RECONNAISSANCE,4,"(15, 2)",False,2,False,65
0,0.0,True,0.0,0.9,0.9,70,0,70.0,3,0,0,"(2, 41)",0,0.0,,,source_memory,3,RECONNAISSANCE,4,"(32, 50)",False,0,False,70
0,0.0,True,0.0,0.9051633726042757,0.9241605739904846,70,0,70.0,2,0,0,"(25, 2)",0,0.0,,,source_memory,2,RECONNAISSANCE,4,"(25, 2)",False,1,False,70
0,0.0,True,0.0,0.9433758465120083,0.9709932663980808,69,0,69.0,3,0,1,"(33, 50)",0,0.0,66.0,51.0,source_memory,3,RECONNAISSANCE,5,"(15, 6)",False,2,False,70
0,0.0,True,0.0,0.9,0.9,75,0,75.0,3,0,0,"(2, 41)",0,0.0,,,source_memory,3,RECONNAISSANCE,5,"(28, 49)",False,0,False,75
0,0.0,True,0.0,0.9051633726042757,0.9241605739904846,74,0,74.0,3,0,1,"(33, 50)",0,0.0,71.0,57.0,source_memory,3,RECONNAISSANCE,6,"(25, 6)",False,1,False,75
0,0.0,True,0.0,0.9433758465120083,0.9709932663980808,74,0,74.0,3,0,1,"(33, 50)",0,0.0,66.0,51.0,source_memory,3,RECONNAISSANCE,6,"(17, 9)",False,2,False,75
0,0.0,True,0.0,0.9,0.9,80,0,80.0,3,0,0,"(2, 41)",0,0.0,,,source_memory,3,RECONNAISSANCE,5,"(23, 49)",False,0,False,80
0,0.0,True,0.0,0.9051633726042757,0.9241605739904846,79,0,79.0,3,0,1,"(33, 50)",0,0.0,71.0,57.0,source_memory,3,RECONNAISSANCE,6,"(25, 11)",False,1,False,80
0,0.0,True,0.0,0.9433758465120083,0.9709932663980808,79,0,79.0,3,0,1,"(33, 50)",0,0.0,66.0,51.0,source_memory,3,RECONNAISSANCE,6,"(17, 14)",False,2,False,80
0,0.0,True,0.0,0.9,0.9,85,0,85.0,3,0,0,"(2, 41)",0,0.0,,,source_memory,3,RECONNAISSANCE,5,"(20, 47)",False,0,False,85
0,0.0,True,0.0,0.9051633726042757,0.9241605739904846,84,0,84.0,3,0,1,"(33, 50)",0,0.0,71.0,57.0,source_memory,3,RECONNAISSANCE,6,"(25, 16)",False,1,False,85
0,0.0,True,0.0,0.9433758465120083,0.9709932663980808,84,0,84.0,3,0,1,"(33, 50)",0,0.0,66.0,51.0,source_memory,3,RECONNAISSANCE,6,"(17, 19)",False,2,False,85
0,0.0,True,0.0,0.9,0.9,90,0,90.0,3,0,0,"(2, 41)",0,0.001092896174863388,,,source_memory,3,RECONNAISSANCE,5,"(17, 45)",False,0,False,90
0,0.0,True,0.0,0.9051633726042757,0.9241605739904846,89,0,89.0,3,0,1,"(33, 50)",0,0.0,71.0,57.0,source_memory,3,RECONNAISSANCE,6,"(26, 20)",False,1,False,90
0,0.0,True,0.0,0.9433758465120083,0.9709932663980808,89,0,89.0,3,0,1,"(33, 50)",0,0.0,66.0,51.0,source_memory,3,RECONNAISSANCE,6,"(17, 24)",False,2,False,90
0,0.0,True,0.0,0.9,0.9,95,0,95.0,3,0,0,"(2, 41)",0,0.0010857763300760044,,,source_memory,3,RECONNAISSANCE,5,"(16, 41)",False,0,False,95
0,0.0,True,0.0,0.9051633726042757,0.9241605739904846,94,0,94.0,3,0,1,"(33, 50)",0,0.0,71.0,57.0,source_memory,3,RECONNAISSANCE,6,"(26, 25)",False,1,False,95
0,0.0,True,0.0,0.9461818343671693,0.9725413589947364,94,0,94.0,3,0,1,"(33, 50)",0,0.0,66.0,51.0,source_memory,3,RECONNAISSANCE,6,"(17, 29)",False,2,False,95
0,0.0,True,0.0,0.9,0.9,100,0,100.0,3,0,0,"(2, 41)",0,0.0,,,source_memory,3,RECONNAISSANCE,6,"(11, 41)",False,0,False,100
0,0.0,True,0.0,0.9051633726042757,0.9241605739904846,99,0,99.0,4,0,1,"(33, 50)",0,0.0,71.0,57.0,source_memory,4,RECONNAISSANCE,7,"(26, 30)",False,1,False,100
0,0.0,True,0.0,0.9526613424538608,0.9761785971295621,99,0,99.0,3,0,1,"(33, 50)",0,0.0,66.0,51.0,source_memory,3,RECONNAISSANCE,7,"(17, 34)",False,2,False,100
0,0.0,True,0.0,0.9,0.9,105,0,105.0,3,0,0,"(2, 41)",0,0.0,,,source_memory,3,RECONNAISSANCE,6,"(6, 41)",False,0,False,105
0,0.0,True,0.0,0.9051633726042757,0.9241605739904846,104,0,104.0,4,0,1,"(33, 50)",0,0.0,71.0,57.0,source_memory,4,RECONNAISSANCE,7,"(28, 33)",False,1,False,105
0,0.0,True,0.0,0.9584896567288334,0.979764795669673,104,0,104.0,3,0,1,"(33, 50)",0,0.0,66.0,51.0,source_memory,3,RECONNAISSANCE,7,"(18, 38)",False,2,False,105
0,0.0,True,0.0,0.9,0.9,109,0,109.0,4,0,1,"(33, 50)",0,0.0,110.0,41.0,source_memory,4,RECONNAISSANCE,7,"(2, 41)",False,0,False,110
0,0.0,True,0.0,0.9051633726042757,0.9241605739904846,109,0,109.0,4,0,1,"(33, 50)",0,0.0,71.0,57.0,source_memory,4,RECONNAISSANCE,7,"(29, 37)",False,1,False,110
0,0.0,True,0.0,0.9637304291833237,0.9828268514459252,109,0,109.0,3,0,1,"(33, 50)",0,0.0,66.0,51.0,source_memory,3,RECONNAISSANCE,7,"(18, 43)",False,2,False,110
0,0.0,True,0.0,0.9,0.9,114,0,114.0,4,0,1,"(33, 50)",0,0.0,110.0,41.0,source_memory,4,RECONNAISSANCE,7,"(7, 41)",False,0,False,115
0,0.0,True,0.0,0.9073142931175864,0.9282037261360582,114,0,114.0,4,0,1,"(33, 50)",0,0.0,71.0,57.0,source_memory,4,RECONNAISSANCE,7,"(29, 42)",False,1,False,115
0,0.0,True,0.0,0.9684257412504245,0.9854228402687601,114,0,114.0,3,0,1,"(33, 50)",0,0.0,66.0,51.0,source_memory,3,RECONNAISSANCE,7,"(18, 48)",False,2,False,115
0,0.0,True,0.0,0.9,0.9,119,0,119.0,4,0,1,"(33, 50)",0,0.0,110.0,41.0,source_memory,4,RECONNAISSANCE,7,"(8, 45)",False,0,False,120
0,0.0,True,0.0,0.9134868664860689,0.938227209962616,119,0,119.0,4,0,1,"(33, 50)",0,0.0,71.0,57.0,source_memory,4,RECONNAISSANCE,7,"(31, 45)",False,1,False,120
0,0.0,True,0.0,0.9726014472816271,0.9878096560297737,119,0,119.0,3,0,1,"(33, 50)",0,0.0,66.0,51.0,source_memory,3,RECONNAISSANCE,7,"(21, 50)",False,2,False,120
0,0.0,True,0.0,0.9,0.9,124,0,124.0,5,0,1,"(33, 50)",0,0.0,110.0,41.0,source_memory,5,RECONNAISSANCE,8,"(12, 46)",False,0,False,125
0,0.0,True,0.0,0.9189908122780143,0.9463002740805283,124,0,124.0,4,0,1,"(33, 50)",0,0.0,71.0,57.0,source_memory,4,RECONNAISSANCE,8,"(31, 50)",False,1,False,125
0,0.0,True,0.0,0.9763506250839227,0.9898764022179022,124,0,124.0,3,0,1,"(33, 50)",0,0.0,66.0,51.0,source_memory,3,RECONNAISSANCE,8,"(26, 50)",False,2,False,125
0,0.0,True,0.0,0.9,0.9,129,0,129.0,5,0,1,"(33, 50)",0,0.0,110.0,41.0,source_memory,5,RECONNAISSANCE,8,"(15, 48)",False,0,False,130
0,0.0,True,0.0,0.9204328210040651,0.9478309867990299,128,0,128.0,5,0,1,"(33, 8)",0,0.0,71.0,57.0,source_memory,5,RECONNAISSANCE,9,"(33, 48)",False,1,False,130
0,0.0,True,0.0,0.9796212102265827,0.991337781990424,129,0,129.0,3,0,1,"(33, 50)",0,0.0,66.0,51.0,source_memory,3,RECONNAISSANCE,8,"(31, 50)",False,2,False,130
0,0.0,True,0.0,0.9,0.9,134,0,134.0,5,0,1,"(33, 50)",0,0.0,110.0,41.0,source_memory,5,RECONNAISSANCE,8,"(19, 49)",False,0,False,135
0,0.0,True,0.0,0.9204328210040651,0.9478309867990299,133,0,133.0,5,0,1,"(33, 8)",0,0.0,71.0,57.0,source_memory,5,RECONNAISSANCE,9,"(30, 46)",False,1,False,135
0,0.0,True,0.0,0.981390653791336,0.9923417821316658,133,0,133.0,4,0,1,"(33, 8)",0,0.0,66.0,51.0,source_memory,4,RECONNAISSANCE,9,"(33, 48)",False,2,False,135
0,0.0,True,0.0,0.9,0.9,139,0,139.0,5,0,1,"(33, 50)",0,0.0,110.0,41.0,source_memory,5,RECONNAISSANCE,8,"(23, 50)",False,0,False,140
0,0.0,True,0.0,0.9204328210040651,0.9478309867990299,138,0,138.0,5,0,1,"(33, 8)",0,0.0,71.0,57.0,source_memory,5,RECONNAISSANCE,9,"(30, 41)",False,1,False,140
0,0.0,True,0.0,0.9824865411828348,0.9927219509885079,138,0,138.0,4,0,1,"(33, 8)",0,0.0,66.0,51.0,source_memory,4,RECONNAISSANCE,9,"(30, 46)",False,2,False,140
0,0.0,True,0.0,0.9,0.9,144,0,144.0,5,0,1,"(33, 50)",0,0.0,110.0,41.0,source_memory,5,RECONNAISSANCE,8,"(28, 50)",False,0,False,145
0,0.0,True,0.0,0.9218784576895173,0.949345554713108,143,0,143.0,5,0,1,"(33, 8)",0,0.002074688796680498,71.0,57.0,source_memory,5,RECONNAISSANCE,9,"(28, 38)",False,1,False,145
0,0.0,True,0.0,0.9849801561657588,0.9940109275887051,143,0,143.0,4,0,1,"(33, 8)",0,0.0,66.0,51.0,source_memory,4,RECONNAISSANCE,9,"(29, 42)",False,2,False,145
0,0.0,True,0.0,0.9,0.9,149,0,149.0,5,0,1,"(33, 50)",0,0.0487551867219917,110.0,41.0,source_memory,5,RECONNAISSANCE,9,"(33, 50)",False,0,False,150
0,0.0,True,0.0,0.9218784576895173,0.949345554713108,148,0,148.0,6,0,1,"(33, 8)",0,0.04564315352697095,71.0,57.0,source_memory,6,RECONNAISSANCE,10,"(28, 33)",False,1,False,150
0,0.0,True,0.0,0.9858921557328854,0.9944286793786582,148,0,148.0,4,0,1,"(33, 8)",0,0.04771784232365145,66.0,51.0,source_memory,4,RECONNAISSANCE,10,"(29, 37)",False,2,False,150
0,0.0,True,0.0,0.9,0.9,153,0,153.0,6,0,1,"(13, 50)",0,0.0487551867219917,110.0,41.0,source_memory,6,RECONNAISSANCE,10,"(29, 50)",False,0,False,155
0,0.0,True,0.0,0.9218784576895173,0.949345554713108,153,0,153.0,6,0,1,"(33, 8)",0,0.044605809128630707,71.0,57.0,source_memory,6,RECONNAISSANCE,10,"(26, 30)",False,1,False,155
0,0.0,True,0.0,0.9858921557328854,0.9944286793786582,153,0,153.0,4,0,1,"(33, 8)",0,0.04771784232365145,66.0,51.0,source_memory,4,RECONNAISSANCE,10,"(29, 32)",False,2,False,155
0,0.0,True,0.0,0.9,0.9,158,0,158.0,6,0,1,"(13, 50)",0,0.043076923076923075,110.0,41.0,source_memory,6,RECONNAISSANCE,10,"(25, 49)",False,0,False,160
0,0.0,True,0.0,0.9218784576895173,0.949345554713108,158,0,158.0,6,0,1,"(33, 8)",0,0.043076923076923075,71.0,57.0,source_memory,6,RECONNAISSANCE,10,"(25, 26)",False,1,False,160
0,0.0,True,0.0,0.9858921557328854,0.9944286793786582,158,0,158.0,4,0,1,"(33, 8)",0,0.04205128205128205,66.0,51.0,source_memory,4,RECONNAISSANCE,10,"(29, 27)",False,2,False,160
0,0.0,True,0.0,0.9,0.9,163,0,163.0,6,0,1,"(13, 50)",0,0.0416243654822335,110.0,41.0,source_memory,6,RECONNAISSANCE,10,"(20, 49)",False,0,False,165
0,0.0,True,0.0,0.9218784576895173,0.949345554713108,163,0,163.0,7,0,1,"(33, 8)",0,0.03959390862944162,71.0,57.0,source_memory,7,RECONNAISSANCE,11,"(25, 21)",False,1,False,165
0,0.0,True,0.0,0.9858921557328854,0.9944286793786582,163,0,163.0,4,0,1,"(33, 8)",0,0.04060913705583756,66.0,51.0,source_memory,4,RECONNAISSANCE,10,"(29, 22)",False,2,False,165
0,0.0,True,0.0,0.9,0.9,168,0,168.0,6,0,1,"(13, 50)",0,0.034274193548387094,110.0,41.0,source_memory,6,RECONNAISSANCE,10,"(16, 50)",False,0,False,170
0,0.0,True,0.0,0.9218784576895173,0.949345554713108,168,0,168.0,7,0,1,"(33, 8)",0,0.03326612903225806,71.0,57.0,source_memory,7,RECONNAISSANCE,11,"(27, 18)",False,1,False,170
0,0.0,True,0.0,0.9858921557328854,0.9944286793786582,168,0,168.0,4,0,1,"(33, 8)",0,0.03528225806451613,66.0,51.0,source_memory,4,RECONNAISSANCE,10,"(29, 17)",False,2,False,170
0,0.0,True,0.0,0.9,0.9,172,0,172.0,7,0,2,"(2, 41)",0,0.03060217176702863,87.0,32.0,source_memory,7,RECONNAISSANCE,12,"(12, 50)",False,0,False,175
0,0.0,True,0.0,0.9218784576895173,0.949345554713108,173,0,173.0,9,0,1,"(33, 8)",0,0.029615004935834157,71.0,57.0,source_memory,9,RECONNAISSANCE,13,"(29, 15)",False,1,False,175
0,0.0,True,0.0,0.9858921557328854,0.9944286793786582,173,0,173.0,6,0,1,"(33, 8)",0,0.03257650542941757,66.0,51.0,source_memory,6,RECONNAISSANCE,12,"(29, 12)",False,2,False,175
0,0.0,True,0.0,0.9,0.9,177,0,177.0,7,0,2,"(2, 41)",0,0.027613412228796843,87.0,32.0,source_memory,7,RECONNAISSANCE,12,"(11, 46)",False,0,False,180
0,0.0,True,0.0,0.9218784576895173,0.949345554713108,178,0,178.0,10,0,1,"(33, 8)",0,0.026627218934911243,71.0,57.0,source_memory,10,RECONNAISSANCE,14,"(30, 11)",False,1,False,180
0,0.0,True,0.0,0.9858921557328854,0.9944286793786582,178,0,178.0,6,0,1,"(33, 8)",0,0.03057199211045365,66.0,51.0,source_memory,6,RECONNAISSANCE,13,"(32, 10)",False,2,False,180
0,0.0,True,0.0,0.9,0.9,182,0,182.0,7,0,2,"(2, 41)",0,0.027613412228796843,87.0,32.0,source_memory,7,RECONNAISSANCE,12,"(7, 45)",False,0,False,185
0,0.0,True,0.0,0.9218784576895173,0.949345554713108,183,0,183.0,10,0,1,"(33, 8)",0,0.026627218934911243,71.0,57.0,source_memory,10,RECONNAISSANCE,14,"(28, 8)",False,1,False,185
0,0.0,True,0.0,0.9858921557328854,0.9944286793786582,183,0,183.0,7,0,1,"(33, 8)",0,0.03057199211045365,66.0,51.0,source_memory,7,RECONNAISSANCE,14,"(28, 9)",False,2,False,185
0,0.0,True,0.0,0.9,0.9,187,0,187.0,7,0,2,"(2, 41)",0,0.026392961876832845,87.0,32.0,source_memory,7,RECONNAISSANCE,12,"(5, 42)",False,0,False,190
0,0.0,True,0.0,0.9218784576895173,0.949345554713108,188,0,188.0,10,0,1,"(33, 8)",0,0.02541544477028348,71.0,57.0,source_memory,10,RECONNAISSANCE,14,"(33, 8)",False,1,False,190
0,0.0,True,0.0,0.9858921557328854,0.9944286793786582,188,0,188.0,7,0,1,"(33, 8)",0,0.02737047898338221,66.0,51.0,source_memory,7,RECONNAISSANCE,14,"(32, 8)",False,2,False,190
0,0.0,True,0.0,0.9,0.9,191,0,191.0,8,0,2,"(2, 50)",0,0.02541544477028348,87.0,32.0,source_memory,8,RECONNAISSANCE,13,"(2, 41)",False,0,False,195
0,0.0,True,0.0,0.9218784576895173,0.949345554713108,191,0,191.0,11,1,2,"(13, 50)",0,0.024437927663734114,95.5,60.0,source_memory,11,RECONNAISSANCE,15,"(30, 8)",False,1,False,195
0,0.0,True,0.0,0.9858921557328854,0.9944286793786582,192,0,192.0,7,1,1,"(33, 8)",0,0.026392961876832845,66.0,51.0,source_memory,7,RECONNAISSANCE,14,"(28, 8)",False,2,False,195
0,0.0,True,0.0,0.9,0.9,196,0,196.0,8,0,2,"(2, 50)",0,0.02541544477028348,87.0,32.0,source_memory,8,RECONNAISSANCE,14,"(3, 45)",False,0,False,200
0,0.0,True,0.0,0.9218784576895173,0.949345554713108,196,0,196.0,11,1,2,"(13, 50)",0,0.024437927663734114,95.5,60.0,source_memory,11,RECONNAISSANCE,16,"(28, 11)",False,1,False,200
0,0.0,True,0.0,0.9858921557328854,0.9944286793786582,197,0,197.0,7,1,1,"(33, 8)",0,0.024437927663734114,66.0,51.0,source_memory,7,RECONNAISSANCE,15,"(30, 11)",False,2,False,200
0,0.0,True,0.0,0.9,0.9,201,0,201.0,8,0,2,"(2, 50)",0,0.025365853658536587,87.0,32.0,source_memory,8,RECONNAISSANCE,14,"(3, 50)",False,0,False,205
0,0.0,True,0.0,0.9218784576895173,0.949345554713108,201,0,201.0,11,1,2,"(13, 50)",0,0.024390243902439025,95.5,60.0,source_memory,11,RECONNAISSANCE,16,"(28, 16)",False,1,False,205
0,0.0,True,0.0,0.9858921557328854,0.9944286793786582,202,0,202.0,9,1,1,"(33, 8)",0,0.023414634146341463,66.0,51.0,source_memory,9,RECONNAISSANCE,17,"(30, 10)",False,2,False,205
0,0.0,True,0.0,0.9,0.9,205,0,205.0,9,0,3,"(33, 8)",0,0.025365853658536587,69.0,25.333333333333332,source_memory,9,RECONNAISSANCE,15,"(4, 49)",False,0,False,210
0,0.0,True,0.0,0.9218784576895173,0.949345554713108,206,0,206.0,11,1,2,"(13, 50)",0,0.024390243902439025,95.5,60.0,source_memory,11,RECONNAISSANCE,16,"(27, 20)",False,1,False,210
0,0.0,True,0.0,0.9858921557328854,0.9944286793786582,207,0,207.0,9,1,1,"(33, 8)",0,0.023414634146341463,66.0,51.0,source_memory,9,RECONNAISSANCE,17,"(29, 8)",False,2,False,210
0,0.0,True,0.0,0.9,0.9,210,0,210.0,9,0,3,"(33, 8)",0,0.025365853658536587,69.0,25.333333333333332,source_memory,9,RECONNAISSANCE,15,"(6, 46)",False,0,False,215
0,0.0,True,0.0,0.9218784576895173,0.949345554713108,211,0,211.0,11,1,2,"(13, 50)",0,0.024390243902439025,95.5,60.0,source_memory,11,RECONNAISSANCE,16,"(27, 25)",False,1,False,215
0,0.0,True,0.0,0.9858921557328854,0.9944286793786582,211,0,211.0,10,1,2,"(2, 20)",0,0.023414634146341463,107.5,66.5,source_memory,10,RECONNAISSANCE,18,"(33, 8)",False,2,False,215
0,0.0,True,0.0,0.9,0.9,215,0,215.0,9,0,3,"(33, 8)",0,0.025365853658536587,69.0,25.333333333333332,source_memory,9,RECONNAISSANCE,15,"(8, 43)",False,0,False,220
0,0.0,True,0.0,0.9218784576895173,0.949345554713108,216,0,216.0,11,1,2,"(13, 50)",0,0.024390243902439025,95.5,60.0,source_memory,11,RECONNAISSANCE,16,"(27, 30)",False,1,False,220
0,0.0,True,0.0,0.9858921557328854,0.9944286793786582,216,0,216.0,10,1,2,"(2, 20)",0,0.023414634146341463,107.5,66.5,source_memory,10,RECONNAISSANCE,18,"(28, 8)",False,2,False,220
0,0.0,True,0.0,0.9,0.9,220,0,220.0,10,0,3,"(33, 8)",0,0.025365853658536587,69.0,25.333333333333332,source_memory,10,RECONNAISSANCE,16,"(11, 41)",False,0,False,225
0,0.0,True,0.0,0.9218784576895173,0.949345554713108,221,0,221.0,11,1,2,"(13, 50)",0,0.024390243902439025,95.5,60.0,source_memory,11,RECONNAISSANCE,17,"(27, 35)",False,1,False,225
0,0.0,True,0.0,0.9858921557328854,0.9944286793786582,221,0,221.0,11,1,2,"(2, 20)",0,0.023414634146341463,107.5,66.5,source_memory,11,RECONNAISSANCE,19,"(24, 9)",False,2,False,225
0,0.0,True,0.0,0.9,0.9,225,0,225.0,10,0,3,"(33, 8)",0,0.02048780487804878,69.0,25.333333333333332,source_memory,10,RECONNAISSANCE,16,"(14, 39)",False,0,False,230
0,0.0,True,0.0,0.923308513430181,0.9504795725027941,226,0,226.0,11,1,2,"(13, 50)",0,0.01951219512195122,95.5,60.0,source_memory,11,RECONNAISSANCE,17,"(27, 40)",False,1,False,230
0,0.0,True,0.0,0.9858921557328854,0.9944286793786582,226,0,226.0,11,1,2,"(2, 20)",0,0.01951219512195122,107.5,66.5,source_memory,11,RECONNAISSANCE,19,"(20, 10)",False,2,False,230
0,0.0,True,0.0,0.9,0.9,230,0,230.0,10,0,3,"(33, 8)",0,0.012682926829268294,69.0,25.333333333333332,source_memory,10,RECONNAISSANCE,16,"(16, 36)",False,0,False,235
0,0.0,True,0.0,0.9303477024554813,0.9569148310098851,231,0,231.0,11,1,2,"(13, 50)",0,0.010731707317073172,95.5,60.0,source_memory,11,RECONNAISSANCE,17,"(27, 45)",False,1,False,235
0,0.0,True,0.0,0.9858921557328854,0.9944286793786582,231,0,231.0,11,1,2,"(2, 20)",0,0.010731707317073172,107.5,66.5,source_memory,11,RECONNAISSANCE,19,"(18, 13)",False,2,False,235
0,0.0,True,0.0,0.9,0.9,235,0,235.0,10,0,3,"(33, 8)",0,0.007804878048780488,69.0,25.333333333333332,source_memory,10,RECONNAISSANCE,16,"(16, 31)",False,0,False,240
0,0.0,True,0.0,0.9371385148380683,0.962565125948928,236,0,236.0,11,1,2,"(13, 50)",0,0.005853658536585366,95.5,60.0,source_memory,11,RECONNAISSANCE,17,"(26, 49)",False,1,False,240
0,0.0,True,0.0,0.9858921557328854,0.9944286793786582,236,0,236.0,11,1,2,"(2, 20)",0,0.005853658536585366,107.5,66.5,source_memory,11,RECONNAISSANCE,19,"(18, 18)",False,2,False,240
0,0.0,True,0.0,0.9,0.9,240,0,240.0,10,0,3,"(33, 8)",0,0.005853658536585366,69.0,25.333333333333332,source_memory,10,RECONNAISSANCE,16,"(16, 26)",False,0,False,245
0,0.0,True,0.0,0.9436958560906903,0.9684211199558014,241,0,241.0,11,1,2,"(13, 50)",0,0.003902439024390244,95.5,60.0,source_memory,11,RECONNAISSANCE,17,"(21, 49)",False,1,False,245
0,0.0,True,0.0,0.9867513689466374,0.9947970942911611,241,0,241.0,11,1,2,"(2, 20)",0,0.003902439024390244,107.5,66.5,source_memory,11,RECONNAISSANCE,19,"(15, 20)",False,2,False,245
0,0.0,True,0.0,0.9,0.9,245,0,245.0,11,0,3,"(33, 8)",0,0.004812319538017324,69.0,25.333333333333332,source_memory,11,RECONNAISSANCE,17,"(16, 21)",False,0,False,250
0,0.0,True,0.0,0.9499912679585952,0.9734211223841833,246,0,246.0,11,1,2,"(13, 50)",0,0.0028873917228103944,95.5,60.0,source_memory,11,RECONNAISSANCE,18,"(16, 49)",False,1,False,250
0,0.0,True,0.0,0.9887199358873722,0.9958540516125324,246,0,246.0,11,1,2,"(2, 20)",0,0.0028873917228103944,107.5,66.5,source_memory,11,RECONNAISSANCE,20,"(10, 20)",False,2,False,250
0,0.0,True,0.0,0.9,0.9,250,0,250.0,11,0,3,"(33, 8)",0,0.004690431519699813,69.0,25.333333333333332,source_memory,11,RECONNAISSANCE,17,"(18, 18)",False,0,False,255
0,0.0,True,0.0,0.9559171856629877,0.9776287442734223,250,0,250.0,12,1,2,"(2, 20)",0,0.0028142589118198874,95.5,60.0,source_memory,12,RECONNAISSANCE,19,"(13, 50)",False,1,False,255
0,0.0,True,0.0,0.9901244800724092,0.996485344497842,251,0,251.0,11,1,2,"(2, 20)",0,0.0028142589118198874,107.5,66.5,source_memory,11,RECONNAISSANCE,20,"(5, 20)",False,2,False,255
0,0.0,True,0.0,0.9,0.9,255,0,255.0,11,0,3,"(33, 8)",0,0.0037418147801683817,69.0,25.333333333333332,source_memory,11,RECONNAISSANCE,17,"(18, 13)",False,0,False,260
0,0.0,True,0.0,0.9602762170878697,0.9804225263842454,255,0,255.0,12,1,2,"(2, 20)",0,0.002806361085126286,95.5,60.0,source_memory,12,RECONNAISSANCE,19,"(12, 46)",False,1,False,260
0,0.0,True,0.0,0.9901244800724092,0.996485344497842,255,0,255.0,12,1,2,"(25, 2)",0,0.002806361085126286,107.5,66.5,source_memory,12,RECONNAISSANCE,21,"(3, 20)",False,2,False,260
0,0.0,True,0.0,0.9,0.9,260,0,260.0,11,0,3,"(33, 8)",0,0.0037418147801683817,69.0,25.333333333333332,source_memory,11,RECONNAISSANCE,17,"(19, 9)",False,0,False,265
0,0.0,True,0.0,0.9652661238172159,0.9834710550872076,260,0,260.0,12,1,2,"(2, 20)",0,0.002806361085126286,95.5,60.0,source_memory,12,RECONNAISSANCE,19,"(8, 45)",False,1,False,265
0,0.0,True,0.0,0.9901244800724092,0.996485344497842,260,0,260.0,12,1,2,"(25, 2)",0,0.002806361085126286,107.5,66.5,source_memory,12,RECONNAISSANCE,21,"(8, 20)",False,2,False,265
0,0.0,True,0.0,0.9,0.9,265,0,265.0,11,0,3,"(33, 8)",0,0.004677268475210477,69.0,25.333333333333332,source_memory,11,RECONNAISSANCE,17,"(24, 9)",False,0,False,270
0,0.0,True,0.0,0.9697361238511781,0.9859201419291527,265,0,265.0,12,1,2,"(2, 20)",0,0.002806361085126286,95.5,60.0,source_memory,12,RECONNAISSANCE,19,"(3, 45)",False,1,False,270
0,0.0,True,0.0,0.9916379140159153,0.9970142449650631,265,0,265.0,12,1,2,"(25, 2)",0,0.002806361085126286,107.5,66.5,source_memory,12,RECONNAISSANCE,21,"(13, 20)",False,2,False,270
0,0.0,True,0.0,0.9,0.9,270,0,270.0,11,0,3,"(33, 8)",0,0.004677268475210477,69.0,25.333333333333332,source_memory,11,RECONNAISSANCE,18,"(28, 8)",False,0,False,275
0,0.0,True,0.0,0.9736851439044462,0.9879822738766816,270,0,270.0,12,1,2,"(2, 20)",0,0.002806361085126286,95.5,60.0,source_memory,12,RECONNAISSANCE,20,"(3, 40)",False,1,False,275
0,0.0,True,0.0,0.9929236611747356,0.9975048206021738,270,0,270.0,13,1,2,"(25, 2)",0,0.002806361085126286,107.5,66.5,source_memory,13,RECONNAISSANCE,22,"(15, 17)",False,2,False,275
0,0.0,True,0.0,0.9,0.9,275,0,275.0,11,0,3,"(33, 8)",0,0.002770083102493075,69.0,25.333333333333332,source_memory,11,RECONNAISSANCE,18,"(33, 8)",False,0,False,280
0,0.0,True,0.0,0.9751439244561978,0.9888570017530237,275,0,275.0,12,1,2,"(2, 20)",0,0.0018467220683287165,95.5,60.0,source_memory,12,RECONNAISSANCE,20,"(3, 35)",False,1,False,280
0,0.0,True,0.0,0.9940165264182425,0.9979046249750098,275,0,275.0,13,1,2,"(25, 2)",0,0.0018467220683287165,107.5,66.5,source_memory,13,RECONNAISSANCE,22,"(17, 14)",False,2,False,280
0,0.0,True,0.0,0.9,0.9,279,0,279.0,12,0,3,"(3, 8)",0,0.002717391304347826,69.0,25.333333333333332,source_memory,12,RECONNAISSANCE,19,"(29, 8)",False,0,False,285
0,0.0,True,0.0,0.9751439244561978,0.9888570017530237,280,0,280.0,12,1,2,"(2, 20)",0,0.002717391304347826,95.5,60.0,source_memory,12,RECONNAISSANCE,20,"(3, 30)",False,1,False,285
0,0.0,True,0.0,0.9949413757332193,0.9982456306533272,280,0,280.0,13,1,2,"(25, 2)",0,0.0018115942028985507,107.5,66.5,source_memory,13,RECONNAISSANCE,22,"(19, 11)",False,2,False,285
0,0.0,True,0.0,0.9,0.9,284,0,284.0,12,0,3,"(3, 8)",0,0.0027002700270027003,69.0,25.333333333333332,source_memory,12,RECONNAISSANCE,19,"(25, 9)",False,0,False,290
0,0.0,True,0.0,0.9751439244561978,0.9888570017530237,285,0,285.0,12,1,2,"(2, 20)",0,0.0036003600360036,95.5,60.0,source_memory,12,RECONNAISSANCE,20,"(3, 25)",False,1,False,290
0,0.0,True,0.0,0.9957429058971041,0.998629756445883,285,0,285.0,13,1,2,"(25, 2)",0,0.0018001800180018,107.5,66.5,source_memory,13,RECONNAISSANCE,22,"(22, 9)",False,2,False,290
0,0.0,True,0.0,0.9,0.9,287,0,287.0,13,2,3,"(3, 8)",0,0.0027002700270027003,69.0,25.333333333333332,source_memory,13,RECONNAISSANCE,20,"(25, 10)",False,0,False,295
0,0.0,True,0.0,0.9751439244561978,0.9888570017530237,290,0,290.0,12,1,2,"(2, 20)",0,0.0036003600360036,95.5,60.0,source_memory,12,RECONNAISSANCE,20,"(2, 21)",False,1,False,295
0,0.0,True,0.0,0.9961755400706587,0.9988443611890648,290,0,290.0,13,1,2,"(25, 2)",0,0.0018001800180018,107.5,66.5,source_memory,13,RECONNAISSANCE,22,"(19, 9)",False,2,False,295
0,0.0,True,0.0,0.9,0.9,292,0,292.0,14,2,3,"(3, 8)",0,0.050405040504050404,69.0,25.333333333333332,source_memory,14,ATTACK,21,"(25, 13)",False,0,False,300
0,0.0,True,0.0,0.9751439244561978,0.9888570017530237,294,0,294.0,13,1,3,"(2, 41)",0,0.052205220522052204,99.0,54.0,source_memory,13,ATTACK,22,"(2, 23)",False,1,False,300
0,0.0,True,0.0,0.9964418221570112,0.9989250600139563,295,0,295.0,14,1,2,"(25, 2)",0,0.052205220522052204,107.5,66.5,source_memory,14,ATTACK,23,"(18, 11)",False,2,False,300
0,0.0,True,0.0,0.9,0.9,297,0,297.0,14,2,3,"(3, 8)",0,0.048604860486048604,69.0,25.333333333333332,source_memory,14,ATTACK,21,"(24, 9)",False,0,False,305
0,0.0,True,0.0,0.9751439244561978,0.9888570017530237,299,0,299.0,13,1,3,"(2, 41)",0,0.05130513051305131,99.0,54.0,source_memory,13,ATTACK,22,"(3, 27)",False,1,False,305
0,0.0,True,0.0,0.9965685353044689,0.9989760851061659,300,0,300.0,14,1,2,"(25, 2)",0,0.05130513051305131,107.5,66.5,source_memory,14,ATTACK,23,"(21, 9)",False,2,False,305
0,0.0,True,0.0,0.9,0.9,302,0,302.0,16,2,3,"(3, 8)",0,0.046804680468046804,69.0,25.333333333333332,source_memory,16,ATTACK,23,"(25, 9)",False,0,False,310
0,0.0,True,0.0,0.9751439244561978,0.9888570017530237,304,0,304.0,13,1,3,"(2, 41)",0,0.04950495049504951,99.0,54.0,source_memory,13,ATTACK,22,"(3, 32)",False,1,False,310
0,0.0,True,0.0,0.9971490115536237,0.9992184305326685,303,0,303.0,14,3,2,"(25, 2)",0,0.050405040504050404,107.5,66.5,source_memory,14,ATTACK,23,"(24, 9)",False,2,False,310
0,0.0,True,0.0,0.9,0.9,307,0,307.0,18,2,3,"(3, 8)",0,0.04136690647482014,69.0,25.333333333333332,source_memory,18,ATTACK,25,"(24, 9)",False,0,False,315
0,0.0,True,0.0,0.9751439244561978,0.9888570017530237,309,0,309.0,13,1,3,"(2, 41)",0,0.045863309352517985,99.0,54.0,source_memory,13,ATTACK,22,"(3, 37)",False,1,False,315
0,0.0,True,0.0,0.9976439675469775,0.9994063954208183,307,0,307.0,14,4,2,"(25, 2)",0,0.045863309352517985,107.5,66.5,source_memory,14,ATTACK,23,"(25, 6)",False,2,False,315
0,0.0,True,0.0,0.9,0.9,312,0,312.0,18,2,3,"(3, 8)",0,0.0416289592760181,69.0,25.333333333333332,source_memory,18,ATTACK,25,"(20, 8)",False,0,False,320
0,0.0,True,0.0,0.9751439244561978,0.9888570017530237,314,0,314.0,13,1,3,"(2, 41)",0,0.046153846153846156,99.0,54.0,source_memory,13,ATTACK,22,"(2, 41)",False,1,False,320
0,0.0,True,0.0,0.997983059354965,0.9995026775209835,311,0,311.0,15,4,3,"(33, 50)",0,0.046153846153846156,106.66666666666667,64.66666666666667,source_memory,15,ATTACK,24,"(25, 2)",False,2,False,320
0,0.0,True,0.0,0.9,0.9,317,0,317.0,18,2,3,"(3, 8)",0,0.0416289592760181,69.0,25.333333333333332,source_memory,18,ATTACK,26,"(15, 8)",False,0,False,325
0,0.0,True,0.0,0.9751439244561978,0.9888570017530237,318,0,318.0,15,1,3,"(15, 2)",0,0.046153846153846156,99.0,54.0,source_memory,15,ATTACK,24,"(4, 39)",False,1,False,325
0,0.0,True,0.0,0.998204184639722,0.9995492850971813,316,0,316.0,15,4,3,"(33, 50)",0,0.046153846153846156,106.66666666666667,64.66666666666667,source_memory,15,ATTACK,25,"(26, 6)",False,2,False,325
0,0.0,True,0.0,0.9,0.9,322,0,322.0,18,2,3,"(3, 8)",0,0.04121863799283154,69.0,25.333333333333332,source_memory,18,ATTACK,26,"(10, 8)",False,0,False,330
0,0.0,True,0.0,0.9751439244561978,0.9888570017530237,323,0,323.0,15,1,3,"(15, 2)",0,0.044802867383512544,99.0,54.0,source_memory,15,ATTACK,24,"(4, 34)",False,1,False,330
0,0.0,True,0.0,0.998518249714347,0.999618090167735,321,0,321.0,15,4,3,"(33, 50)",0,0.04390681003584229,106.66666666666667,64.66666666666667,source_memory,15,ATTACK,25,"(28, 9)",False,2,False,330
0,0.0,True,0.0,0.9,0.9,327,0,327.0,18,2,3,"(3, 8)",0,0.03911111111111111,69.0,25.333333333333332,source_memory,18,ATTACK,26,"(5, 8)",False,0,False,335
0,0.0,True,0.0,0.9751439244561978,0.9888570017530237,328,0,328.0,15,1,3,"(15, 2)",0,0.042666666666666665,99.0,54.0,source_memory,15,ATTACK,24,"(4, 29)",False,1,False,335
0,0.0,True,0.0,0.9987750595598569,0.9996740065705234,326,0,326.0,17,4,3,"(33, 50)",0,0.04088888888888889,106.66666666666667,64.66666666666667,source_memory,17,ATTACK,27,"(28, 14)",False,2,False,335
0,0.0,True,0.0,0.9,0.9,331,0,331.0,19,2,4,"(2, 20)",0,0.039180765805877114,84.5,33.25,source_memory,19,ATTACK,27,"(5, 8)",False,0,False,340
4,0.0,True,0.0,0.9751439244561978,0.9888570017530237,333,0,333.0,15,1,3,"(15, 2)",0,0.04541406945681211,99.0,54.0,source_memory,15,ATTACK,24,"(4, 24)",False,1,False,340
4,0.0,True,0.0,0.9989061312963704,0.9997045310573931,331,0,331.0,17,4,3,"(33, 50)",0,0.04092526690391459,106.66666666666667,64.66666666666667,source_memory,17,ATTACK,27,"(26, 17)",False,2,False,340
0,0.0,True,0.0,0.9,0.9,336,0,336.0,19,2,4,"(2, 20)",0,0.0365093499554764,84.5,33.25,source_memory,19,ATTACK,27,"(10, 8)",False,0,False,345
4,0.0,True,0.0,0.9751439244561978,0.9888570017530237,338,0,338.0,15,1,3,"(15, 2)",0,0.0427426536064114,99.0,54.0,source_memory,15,ATTACK,24,"(5, 20)",False,1,False,345
4,0.0,True,0.0,0.9989061312963704,0.9997045310573931,336,0,336.0,17,4,3,"(33, 50)",0,0.03825622775800712,106.66666666666667,64.66666666666667,source_memory,17,ATTACK,27,"(28, 20)",False,2,False,345
0,0.0,True,0.0,0.9,0.9,341,0,341.0,19,2,4,"(2, 20)",0,0.031166518254674976,84.5,33.25,source_memory,19,ATTACK,28,"(13, 10)",False,0,False,350
3,0.0,True,0.0,0.9751439244561978,0.9888570017530237,343,0,343.0,17,1,3,"(15, 2)",0,0.0365093499554764,99.0,54.0,source_memory,17,ATTACK,27,"(8, 22)",False,1,False,350
3,0.0,True,0.0,0.9989061312963704,0.9997045310573931,341,0,341.0,17,4,3,"(33, 50)",0,0.03469750889679715,106.66666666666667,64.66666666666667,source_memory,17,ATTACK,28,"(28, 25)",False,2,False,350
0,0.0,True,0.0,0.9,0.9,346,0,346.0,19,2,4,"(2, 20)",0,0.03000882612533098,84.5,33.25,source_memory,19,ATTACK,28,"(14, 14)",False,0,False,355
0,0.0,True,0.0,0.9751439244561978,0.9888570017530237,348,0,348.0,17,1,3,"(15, 2)",0,0.03265666372462489,99.0,54.0,source_memory,17,ATTACK,27,"(8, 27)",False,1,False,355
0,0.0,True,0.0,0.9989061312963704,0.9997045310573931,346,0,346.0,17,4,3,"(33, 50)",0,0.03265666372462489,106.66666666666667,64.66666666666667,source_memory,17,ATTACK,28,"(28, 30)",False,2,False,355
0,0.0,True,0.0,0.9,0.9,351,0,351.0,20,2,4,"(2, 20)",0,0.02112676056338028,84.5,33.25,source_memory,20,ATTACK,29,"(14, 19)",False,0,False,360
0,0.0,True,0.0,0.9751439244561978,0.9888570017530237,353,0,353.0,18,1,3,"(15, 2)",0,0.028169014084507043,99.0,54.0,source_memory,18,ATTACK,28,"(12, 26)",False,1,False,360
0,0.0,True,0.0,0.9989061312963704,0.9997045310573931,351,0,351.0,17,4,3,"(33, 50)",0,0.02640845070422535,106.66666666666667,64.66666666666667,source_memory,17,ATTACK,28,"(28, 35)",False,2,False,360
0,0.0,True,0.0,0.9,0.9,356,0,356.0,23,2,4,"(2, 20)",0,0.01232394366197183,84.5,33.25,source_memory,23,ATTACK,32,"(15, 23)",False,0,False,365
0,0.0,True,0.0,0.977219898022437,0.9901321659368779,358,0,358.0,18,1,3,"(15, 2)",0,0.01936619718309859,99.0,54.0,source_memory,18,ATTACK,28,"(15, 24)",False,1,False,365
0,0.0,True,0.0,0.9989061312963704,0.9997045310573931,356,0,356.0,17,4,3,"(33, 50)",0,0.018485915492957746,106.66666666666667,64.66666666666667,source_memory,17,ATTACK,28,"(28, 40)",False,2,False,365
0,0.0,True,0.0,0.9,0.9,360,0,360.0,25,3,4,"(2, 20)",0,0.011443661971830986,84.5,33.25,source_memory,25,ATTACK,35,"(12, 24)",False,0,False,370
0,0.0,True,0.0,0.9798396488122884,0.991957889713607,363,0,363.0,20,1,3,"(15, 2)",0,0.017605633802816902,99.0,54.0,source_memory,20,ATTACK,30,"(15, 23)",False,1,False,370
0,0.0,True,0.0,0.9989061312963704,0.9997045310573931,361,0,361.0,17,4,3,"(33, 50)",0,0.017605633802816902,106.66666666666667,64.66666666666667,source_memory,17,ATTACK,28,"(31, 42)",False,2,False,370
0,0.0,True,0.0,0.9,0.9,365,0,365.0,26,3,4,"(2, 20)",0,0.011443661971830986,84.5,33.25,source_memory,26,ATTACK,36,"(10, 27)",False,0,False,375
5,0.0,True,0.0,0.9828089341860663,0.9934851105047918,368,0,368.0,20,1,3,"(15, 2)",0,0.016725352112676055,99.0,54.0,source_memory,20,ATTACK,31,"(15, 18)",False,1,False,375
5,0.0,True,0.0,0.9989061312963704,0.9997045310573931,366,0,366.0,17,4,3,"(33, 50)",0,0.022007042253521125,106.66666666666667,64.66666666666667,source_memory,17,ATTACK,29,"(31, 47)",False,2,False,375
0,0.0,True,0.0,0.9,0.9,370,0,370.0,26,3,4,"(2, 20)",0,0.011504424778761062,84.5,33.25,source_memory,26,ATTACK,36,"(7, 25)",False,0,False,380
5,0.0,True,0.0,0.9853812721608218,0.9945477645236614,373,0,373.0,20,1,3,"(15, 2)",0,0.016814159292035398,99.0,54.0,source_memory,20,ATTACK,31,"(15, 13)",False,1,False,380
5,0.0,True,0.0,0.9989061312963704,0.9997045310573931,371,0,371.0,17,4,3,"(33, 50)",0,0.022123893805309734,106.66666666666667,64.66666666666667,source_memory,17,ATTACK,29,"(33, 50)",False,2,False,380
0,0.0,True,0.0,0.9,0.9,375,0,375.0,26,3,4,"(2, 20)",0,0.011504424778761062,84.5,33.25,source_memory,26,ATTACK,36,"(4, 23)",False,0,False,385
5,0.0,True,0.0,0.9875714200041205,0.9953523309640014,378,0,378.0,20,1,3,"(15, 2)",0,0.016814159292035398,99.0,54.0,source_memory,20,ATTACK,31,"(15, 8)",False,1,False,385
5,0.0,True,0.0,0.9989061312963704,0.9997045310573931,375,0,375.0,18,4,3,"(33, 8)",0,0.022123893805309734,106.66666666666667,64.66666666666667,source_memory,18,ATTACK,30,"(33, 46)",False,2,False,385
0,0.0,True,0.0,0.9,0.9,380,0,380.0,26,3,4,"(2, 20)",0,0.01146384479717813,84.5,33.25,source_memory,26,ATTACK,36,"(2, 20)",False,0,False,390
5,0.0,True,0.0,0.9887199801414147,0.9957803697506796,383,0,383.0,20,1,3,"(15, 2)",0,0.01675485008818342,99.0,54.0,source_memory,20,ATTACK,31,"(15, 3)",False,1,False,390
5,0.0,True,0.0,0.9989061312963704,0.9997045310573931,380,0,380.0,18,4,3,"(33, 8)",0,0.02204585537918871,106.66666666666667,64.66666666666667,source_memory,18,ATTACK,30,"(31, 43)",False,2,False,390
0,0.0,True,0.0,0.9,0.9,384,0,384.0,27,3,4,"(24, 45)",0,0.011443661971830986,84.5,33.25,source_memory,27,ATTACK,37,"(3, 23)",False,0,False,395
5,0.0,True,0.0,0.9887199801414147,0.9957803697506796,387,0,387.0,21,1,4,"(33, 50)",0,0.016725352112676055,98.0,58.25,source_memory,21,ATTACK,32,"(15, 5)",False,1,False,395
5,0.0,True,0.0,0.9989061312963704,0.9997045310573931,385,0,385.0,18,4,3,"(33, 8)",0,0.02112676056338028,106.66666666666667,64.66666666666667,source_memory,18,ATTACK,30,"(29, 40)",False,2,False,395
0,0.0,True,0.0,0.9,0.9,389,0,389.0,27,3,4,"(24, 45)",0,0.011443661971830986,84.5,33.25,source_memory,27,ATTACK,38,"(7, 24)",False,0,False,400
5,0.0,True,0.0,0.9890776422468467,0.9958732222500535,392,0,392.0,21,1,4,"(33, 50)",0,0.016725352112676055,98.0,58.25,source_memory,21,ATTACK,33,"(16, 9)",False,1,False,400
5,0.0,True,0.0,0.9989061312963704,0.9997045310573931,390,0,390.0,18,4,3,"(33, 8)",0,0.022007042253521125,106.66666666666667,64.66666666666667,source_memory,18,ATTACK,31,"(27, 37)",False,2,False,400
0,0.0,True,0.0,0.9,0.9,394,0,394.0,27,3,4,"(24, 45)",0,0.011443661971830986,84.5,33.25,source_memory,27,ATTACK,38,"(9, 27)",False,0,False,405
5,0.0,True,0.0,0.9897571963103622,0.9960933961052342,397,0,397.0,21,1,4,"(33, 50)",0,0.018485915492957746,98.0,58.25,source_memory,21,ATTACK,33,"(16, 14)",False,1,False,405
5,0.0,True,0.0,0.9989061312963704,0.9997045310573931,395,0,395.0,18,4,3,"(33, 8)",0,0.025528169014084508,106.66666666666667,64.66666666666667,source_memory,18,ATTACK,31,"(27, 32)",False,2,False,405
0,0.0,True,0.0,0.9,0.9,399,0,399.0,27,3,4,"(24, 45)",0,0.011433597185576077,84.5,33.25,source_memory,27,ATTACK,38,"(12, 29)",False,0,False,410
5,0.0,True,0.0,0.9897571963103622,0.9960933961052342,402,0,402.0,21,1,4,"(33, 50)",0,0.01759014951627089,98.0,58.25,source_memory,21,ATTACK,33,"(16, 19)",False,1,False,410
5,0.0,True,0.0,0.9989061312963704,0.9997045310573931,400,0,400.0,18,4,3,"(33, 8)",0,0.023746701846965697,106.66666666666667,64.66666666666667,source_memory,18,ATTACK,31,"(27, 27)",False,2,False,410
0,0.0,True,0.0,0.9,0.9,404,0,404.0,27,3,4,"(24, 45)",0,0.010507880910683012,84.5,33.25,source_memory,27,ATTACK,38,"(15, 31)",False,0,False,415
9,0.0,True,0.0,0.9906995576575082,0.9964931941790972,407,0,407.0,21,1,4,"(33, 50)",0,0.0148861646234676,98.0,58.25,source_memory,21,ATTACK,33,"(16, 24)",False,1,False,415
9,3.369137195080441,True,3.369137195080441,0.9989061312963704,0.9997045310573931,405,0,405.0,19,4,3,"(33, 8)",9,0.017513134851138354,106.66666666666667,64.66666666666667,source_memory,19,ATTACK,32,"(27, 22)",True,2,True,415
0,0.0,True,0.0,0.9,0.9,409,0,409.0,27,3,4,"(24, 45)",0,0.009708737864077669,84.5,33.25,source_memory,27,ATTACK,38,"(17, 34)",False,0,False,420
9,0.0,True,0.0,0.9921037840771582,0.9971609272556622,412,0,412.0,21,1,4,"(33, 50)",0,0.018534863195057368,98.0,58.25,source_memory,21,ATTACK,33,"(16, 29)",False,1,False,420
8,0.0,True,0.0,0.9011152770910473,0.9011152770910473,410,0,410.0,19,4,3,"(33, 8)",0,0.01500441306266549,106.66666666666667,64.66666666666667,source_memory,19,ATTACK,32,"(25, 19)",False,2,False,420
0,0.0,True,0.0,0.9,0.9,414,0,414.0,27,3,4,"(24, 45)",0,0.009649122807017544,84.5,33.25,source_memory,27,ATTACK,39,"(17, 39)",False,0,False,425
9,0.0,True,0.0,0.9933308918969026,0.9977209935468151,417,0,417.0,22,1,4,"(33, 50)",0,0.018421052631578946,98.0,58.25,source_memory,22,ATTACK,34,"(19, 31)",False,1,False,425
8,0.0,True,0.0,0.9011152770910473,0.9011152770910473,415,0,415.0,19,4,3,"(33, 8)",0,0.014912280701754385,106.66666666666667,64.66666666666667,source_memory,19,ATTACK,33,"(27, 16)",False,2,False,425
0,0.0,True,0.0,0.9,0.9,419,0,419.0,27,3,4,"(24, 45)",0,0.008756567425569177,84.5,33.25,source_memory,27,ATTACK,39,"(21, 40)",False,0,False,430
9,0.0,True,0.0,0.9943797688772471,0.9981108600397152,422,0,422.0,22,1,4,"(33, 50)",0,0.01838879159369527,98.0,58.25,source_memory,22,ATTACK,34,"(22, 33)",False,1,False,430
8,0.0,True,0.0,0.9011152770910473,0.9011152770910473,420,0,420.0,19,4,3,"(33, 8)",0,0.0148861646234676,106.66666666666667,64.66666666666667,source_memory,19,ATTACK,33,"(29, 13)",False,2,False,430
0,0.0,True,0.0,0.9,0.9,424,0,424.0,27,3,4,"(24, 45)",0,0.008756567425569177,84.5,33.25,source_memory,27,ATTACK,39,"(25, 41)",False,0,False,435
9,0.0,True,0.0,0.9952709511208634,0.9984451353632204,427,0,427.0,22,1,4,"(33, 50)",0,0.017513134851138354,98.0,58.25,source_memory,22,ATTACK,34,"(24, 36)",False,1,False,435
8,0.0,True,0.0,0.9011152770910473,0.9011152770910473,425,0,425.0,19,4,3,"(33, 8)",0,0.0148861646234676,106.66666666666667,64.66666666666667,source_memory,19,ATTACK,33,"(29, 8)",False,2,False,435
0,0.0,True,0.0,0.9,0.9,429,0,429.0,27,3,4,"(24, 45)",0,0.008771929824561403,84.5,33.25,source_memory,27,ATTACK,39,"(24, 45)",False,0,False,440
9,0.0,True,0.0,0.9960346938861305,0.9987679309272789,432,0,432.0,22,1,4,"(33, 50)",0,0.017543859649122806,98.0,58.25,source_memory,22,ATTACK,34,"(25, 40)",False,1,False,440
8,0.0,True,0.0,0.9011152770910473,0.9011152770910473,429,0,429.0,20,4,4,"(33, 30)",0,0.014912280701754385,110.0,63.25,source_memory,20,ATTACK,34,"(33, 8)",False,2,False,440
0,0.0,True,0.0,0.9,0.9,432,0,432.0,28,4,5,"(21, 17)",0,0.008771929824561403,88.2,36.6,source_memory,28,ATTACK,40,"(25, 43)",False,0,False,445
9,0.0,True,0.0,0.9966913429997152,0.9990351093503643,437,0,437.0,22,1,4,"(33, 50)",0,0.017543859649122806,98.0,58.25,source_memory,22,ATTACK,34,"(26, 44)",False,1,False,445
8,0.0,True,0.0,0.9011152770910473,0.9011152770910473,434,0,434.0,20,4,4,"(33, 30)",0,0.014912280701754385,110.0,63.25,source_memory,20,ATTACK,34,"(32, 12)",False,2,False,445
0,0.0,True,0.0,0.9,0.9,437,0,437.0,29,4,5,"(21, 17)",0,0.04649122807017544,88.2,36.6,source_memory,29,ATTACK,41,"(23, 40)",False,0,False,450
9,0.0,True,0.0,0.9972505373787254,0.9992437031345456,442,0,442.0,24,1,4,"(33, 50)",0,0.054385964912280704,98.0,58.25,source_memory,24,ATTACK,37,"(25, 48)",False,1,False,450
8,0.0,True,0.0,0.9011152770910473,0.9011152770910473,439,0,439.0,20,4,4,"(33, 30)",0,0.05526315789473684,110.0,63.25,source_memory,20,ATTACK,35,"(28, 13)",False,2,False,450
0,0.0,True,0.0,0.9,0.9,442,0,442.0,29,4,5,"(21, 17)",0,0.04473684210526316,88.2,36.6,source_memory,29,ATTACK,41,"(21, 37)",False,0,False,455
21,0.0,True,0.0,0.997351413199348,0.9992680537911766,447,0,447.0,24,1,4,"(33, 50)",0,0.05526315789473684,98.0,58.25,source_memory,24,ATTACK,37,"(28, 50)",False,1,False,455
19,0.0,True,0.0,0.9011152770910473,0.9011152770910473,444,0,444.0,20,4,4,"(33, 30)",0,0.054385964912280704,110.0,63.25,source_memory,20,ATTACK,35,"(26, 16)",False,2,False,455
0,0.0,True,0.0,0.9,0.9,447,0,447.0,29,4,5,"(21, 17)",0,0.043898156277436345,88.2,36.6,source_memory,29,ATTACK,41,"(19, 34)",False,0,False,460
21,0.0,True,0.0,0.997351413199348,0.9992680537911766,452,0,452.0,24,1,4,"(33, 50)",0,0.0553116769095698,98.0,58.25,source_memory,24,ATTACK,37,"(33, 50)",False,1,False,460
19,0.0,True,0.0,0.9011152770910473,0.9011152770910473,449,0,449.0,20,4,4,"(33, 30)",0,0.053555750658472345,110.0,63.25,source_memory,20,ATTACK,35,"(27, 20)",False,2,False,460
0,0.0,True,0.0,0.9,0.9,452,0,452.0,30,4,5,"(21, 17)",0,0.03424056189640035,88.2,36.6,source_memory,30,ATTACK,42,"(19, 29)",False,0,False,465
21,0.0,True,0.0,0.997351413199348,0.9992680537911766,456,0,456.0,25,1,4,"(33, 30)",0,0.050921861281826165,98.0,58.25,source_memory,25,ATTACK,38,"(33, 46)",False,1,False,465
19,0.0,True,0.0,0.9011152770910473,0.9011152770910473,454,0,454.0,20,4,4,"(33, 30)",0,0.04477611940298507,110.0,63.25,source_memory,20,ATTACK,35,"(28, 24)",False,2,False,465
0,0.0,True,0.0,0.9,0.9,457,0,457.0,30,4,5,"(21, 17)",0,0.021071115013169446,88.2,36.6,source_memory,30,ATTACK,42,"(18, 25)",False,0,False,470
20,0.0,True,0.0,0.9976311298003905,0.999332988796108,461,0,461.0,25,1,4,"(33, 30)",0,0.04038630377524144,98.0,58.25,source_memory,25,ATTACK,38,"(31, 43)",False,1,False,470
18,0.0,True,0.0,0.9011152770910473,0.9011152770910473,459,0,459.0,20,4,4,"(33, 30)",0,0.029850746268656716,110.0,63.25,source_memory,20,ATTACK,35,"(28, 29)",False,2,False,470
0,0.0,True,0.0,0.9,0.9,462,0,462.0,30,4,5,"(21, 17)",0,0.01929824561403509,88.2,36.6,source_memory,30,ATTACK,43,"(19, 21)",False,0,False,475
17,0.0,True,0.0,0.9980301796352605,0.9994319465905658,466,0,466.0,25,1,4,"(33, 30)",0,0.03859649122807018,98.0,58.25,source_memory,25,ATTACK,39,"(29, 40)",False,1,False,475
15,0.0,True,0.0,0.9011152770910473,0.9011152770910473,464,0,464.0,20,4,4,"(33, 30)",0,0.031578947368421054,110.0,63.25,source_memory,20,ATTACK,36,"(32, 30)",False,2,False,475
0,0.0,True,0.0,0.9,0.9,467,0,467.0,30,4,5,"(21, 17)",0,0.017605633802816902,88.2,36.6,source_memory,30,ATTACK,43,"(20, 17)",False,0,False,480
17,0.0,True,0.0,0.9983585306903235,0.9995094617342363,471,0,471.0,25,1,4,"(33, 30)",0,0.03609154929577465,98.0,58.25,source_memory,25,ATTACK,39,"(29, 35)",False,1,False,480
15,0.0,True,0.0,0.9011152770910473,0.9011152770910473,468,0,468.0,21,4,4,"(2, 41)",0,0.03169014084507042,110.0,63.25,source_memory,21,ATTACK,37,"(30, 30)",False,2,False,480
0,0.0,True,0.0,0.9,0.9,471,0,471.0,31,4,5,"(15, 2)",0,0.01584507042253521,88.2,36.6,source_memory,31,ATTACK,44,"(18, 17)",False,0,False,485
16,0.0,True,0.0,0.9984726922923918,0.9995357294251699,476,0,476.0,25,1,4,"(33, 30)",0,0.02992957746478873,98.0,58.25,source_memory,25,ATTACK,39,"(29, 34)",False,1,False,485
15,0.0,True,0.0,0.9011152770910473,0.9011152770910473,471,0,471.0,22,6,4,"(2, 41)",0,0.029049295774647887,110.0,63.25,source_memory,22,ATTACK,38,"(28, 31)",False,2,False,485
0,0.0,True,0.0,0.9,0.9,476,0,476.0,31,4,5,"(15, 2)",0,0.014964788732394365,88.2,36.6,source_memory,31,ATTACK,44,"(16, 14)",False,0,False,490
18,0.0,True,0.0,0.9984726922923918,0.9995357294251699,481,0,481.0,27,1,4,"(33, 30)",0,0.027288732394366196,98.0,58.25,source_memory,27,ATTACK,41,"(30, 30)",False,1,False,490
17,0.0,True,0.0,0.9019092626792786,0.9095582455307993,476,0,476.0,22,6,4,"(2, 41)",0,0.02640845070422535,110.0,63.25,source_memory,22,ATTACK,38,"(26, 34)",False,2,False,490
0,0.0,True,0.0,0.9,0.9,481,0,481.0,31,4,5,"(15, 2)",0,0.014964788732394365,88.2,36.6,source_memory,31,ATTACK,44,"(15, 10)",False,0,False,495
18,0.0,True,0.0,0.9985271326668789,0.9995614997821335,485,0,485.0,28,1,5,"(2, 50)",0,0.02464788732394366,98.8,53.2,source_memory,28,ATTACK,42,"(32, 30)",False,1,False,495
15,0.0,True,0.0,0.8634313048218375,0.8778947245339443,481,0,481.0,23,6,4,"(2, 41)",0,0.027288732394366196,110.0,63.25,source_memory,23,ATTACK,39,"(23, 36)",False,2,False,495
0,0.0,True,0.0,0.9,0.9,486,0,486.0,31,4,5,"(15, 2)",0,0.014964788732394365,88.2,36.6,source_memory,31,ATTACK,45,"(15, 5)",False,0,False,500
16,1.1778186438516514,True,1.1778186438516514,0.7640138517892181,0.7640138517892181,490,0,490.0,29,1,5,"(2, 50)",16,0.02464788732394366,98.8,53.2,source_memory,29,ATTACK,43,"(28, 31)",True,1,True,500
15,0.0,True,0.0,0.8691303319873768,0.8947196089187801,486,0,486.0,23,6,4,"(2, 41)",0,0.027288732394366196,110.0,63.25,source_memory,23,ATTACK,40,"(22, 40)",False,2,False,500
0,0.0,True,0.0,0.9,0.9,490,0,490.0,32,4,6,"(33, 30)",0,0.014964788732394365,84.0,34.166666666666664,source_memory,32,ATTACK,46,"(15, 3)",False,0,False,505
16,1.1778186438516514,True,1.1778186438516514,0.7643669460132276,0.7710757362694096,495,0,495.0,29,1,5,"(2, 50)",16,0.023767605633802816,98.8,53.2,source_memory,29,ATTACK,43,"(26, 34)",True,1,True,505
15,0.0,True,0.0,0.8769298075398397,0.9087362724426824,491,0,491.0,23,6,4,"(2, 41)",0,0.027288732394366196,110.0,63.25,source_memory,23,ATTACK,40,"(17, 40)",False,2,False,505
0,0.0,True,0.0,0.9,0.9,495,0,495.0,32,4,6,"(33, 30)",0,0.014084507042253521,84.0,34.166666666666664,source_memory,32,ATTACK,46,"(16, 7)",False,0,False,510
16,1.1778186438516514,True,1.1778186438516514,0.7703842103863471,0.8024481390785531,500,0,500.0,29,1,5,"(2, 50)",16,0.02112676056338028,98.8,53.2,source_memory,29,ATTACK,43,"(25, 38)",True,1,True,510
15,0.0,True,0.0,0.880428067935932,0.9140171225634769,496,0,496.0,23,6,4,"(2, 41)",0,0.023767605633802816,110.0,63.25,source_memory,23,ATTACK,40,"(12, 40)",False,2,False,510
0,0.0,True,0.0,0.9,0.9,500,0,500.0,32,4,6,"(33, 30)",0,0.014084507042253521,84.0,34.166666666666664,source_memory,32,ATTACK,46,"(17, 11)",False,0,False,515
16,1.1778186438516514,True,1.1778186438516514,0.7813895449154191,0.8287064861079013,505,0,505.0,29,1,5,"(2, 50)",16,0.020246478873239437,98.8,53.2,source_memory,29,ATTACK,43,"(22, 40)",True,1,True,515
15,0.0,True,0.0,0.880428067935932,0.9140171225634769,501,0,501.0,23,6,4,"(2, 41)",0,0.023767605633802816,110.0,63.25,source_memory,23,ATTACK,40,"(8, 41)",False,2,False,515
0,0.0,True,0.0,0.9,0.9,505,0,505.0,32,4,6,"(33, 30)",0,0.014109347442680775,84.0,34.166666666666664,source_memory,32,ATTACK,46,"(17, 16)",False,0,False,520
16,1.1778186438516514,True,1.1778186438516514,0.7952655622517923,0.8508291392115207,510,0,510.0,29,1,5,"(2, 50)",16,0.018518518518518517,98.8,53.2,source_memory,29,ATTACK,43,"(17, 40)",True,1,True,520
14,0.0,True,0.0,0.880428067935932,0.9140171225634769,506,0,506.0,23,6,4,"(2, 41)",0,0.023809523809523808,110.0,63.25,source_memory,23,ATTACK,40,"(3, 41)",False,2,False,520
0,0.0,True,0.0,0.9,0.9,510,0,510.0,32,4,6,"(33, 30)",0,0.013215859030837005,84.0,34.166666666666664,source_memory,32,ATTACK,47,"(17, 21)",False,0,False,525
14,0.0,True,0.0,0.8012956007495018,0.8589768675583096,515,0,515.0,29,1,5,"(2, 50)",0,0.016740088105726872,98.8,53.2,source_memory,29,ATTACK,44,"(13, 41)",False,1,False,525
12,0.0,True,0.0,0.880428067935932,0.9140171225634769,510,0,510.0,24,6,5,"(21, 17)",0,0.019383259911894272,104.4,59.6,source_memory,24,ATTACK,42,"(5, 41)",False,2,False,525
0,0.0,True,0.0,0.9,0.9,515,0,515.0,32,4,6,"(33, 30)",0,0.01145374449339207,84.0,34.166666666666664,source_memory,32,ATTACK,47,"(18, 25)",False,0,False,530
18,0.0,True,0.0,0.8012956007495018,0.8589768675583096,520,0,520.0,29,1,5,"(2, 50)",0,0.02026431718061674,98.8,53.2,source_memory,29,ATTACK,44,"(9, 40)",False,1,False,530
16,0.0,True,0.0,0.880428067935932,0.9140171225634769,513,0,513.0,24,8,5,"(21, 17)",0,0.019383259911894272,104.4,59.6,source_memory,24,ATTACK,45,"(8, 41)",False,2,False,530
0,0.0,True,0.0,0.9,0.9,520,0,520.0,33,4,6,"(33, 30)",0,0.011403508771929825,84.0,34.166666666666664,source_memory,33,ATTACK,48,"(22, 26)",False,0,False,535
15,0.0,True,0.0,0.8012956007495018,0.8589768675583096,525,0,525.0,31,1,5,"(2, 50)",0,0.014912280701754385,98.8,53.2,source_memory,31,ATTACK,46,"(7, 41)",False,1,False,535
13,0.0,True,0.0,0.880428067935932,0.9140171225634769,518,0,518.0,24,8,5,"(21, 17)",0,0.017543859649122806,104.4,59.6,source_memory,24,ATTACK,45,"(12, 40)",False,2,False,535
0,0.0,True,0.0,0.9,0.9,525,0,525.0,33,4,6,"(33, 30)",0,0.011403508771929825,84.0,34.166666666666664,source_memory,33,ATTACK,48,"(26, 25)",False,0,False,540
14,0.0,True,0.0,0.8012956007495018,0.8589768675583096,530,0,530.0,31,1,5,"(2, 50)",0,0.014035087719298246,98.8,53.2,source_memory,31,ATTACK,46,"(6, 45)",False,1,False,540
12,0.0,True,0.0,0.880428067935932,0.9140171225634769,523,0,523.0,24,8,5,"(21, 17)",0,0.018421052631578946,104.4,59.6,source_memory,24,ATTACK,45,"(16, 39)",False,2,False,540
0,0.0,True,0.0,0.9,0.9,530,0,530.0,33,4,6,"(33, 30)",0,0.011403508771929825,84.0,34.166666666666664,source_memory,33,ATTACK,48,"(27, 29)",False,0,False,545
14,0.0,True,0.0,0.8012956007495018,0.8589768675583096,535,0,535.0,31,1,5,"(2, 50)",0,0.014035087719298246,98.8,53.2,source_memory,31,ATTACK,46,"(3, 47)",False,1,False,545
12,0.0,True,0.0,0.8840200735087743,0.9183573628187863,528,0,528.0,24,8,5,"(21, 17)",0,0.018421052631578946,104.4,59.6,source_memory,24,ATTACK,45,"(19, 37)",False,2,False,545
0,0.0,True,0.0,0.9,0.9,535,0,535.0,33,4,6,"(33, 30)",0,0.009632224168126095,84.0,34.166666666666664,source_memory,33,ATTACK,49,"(31, 30)",False,0,False,550
12,0.0,True,0.0,0.8012956007495018,0.8589768675583096,539,0,539.0,32,1,5,"(24, 45)",0,0.014010507880910683,98.8,53.2,source_memory,32,ATTACK,48,"(2, 50)",False,1,False,550
10,0.0,True,0.0,0.8934190471788412,0.9300820003752296,533,0,533.0,24,8,5,"(21, 17)",0,0.016637478108581436,104.4,59.6,source_memory,24,ATTACK,46,"(19, 32)",False,2,False,550
0,0.0,True,0.0,0.9,0.9,539,0,539.0,34,4,6,"(25, 2)",0,0.00788091068301226,84.0,34.166666666666664,source_memory,34,ATTACK,50,"(31, 30)",False,0,False,555
12,0.0,True,0.0,0.8012956007495018,0.8589768675583096,544,0,544.0,32,1,5,"(24, 45)",0,0.013134851138353765,98.8,53.2,source_memory,32,ATTACK,48,"(5, 48)",False,1,False,555
9,0.0,True,0.0,0.8996595676833101,0.9168156996983917,538,0,538.0,25,8,5,"(21, 17)",0,0.013134851138353765,104.4,59.6,source_memory,25,ATTACK,47,"(19, 27)",False,2,False,555
0,0.0,True,0.0,0.9,0.9,544,0,544.0,34,4,6,"(25, 2)",0,0.00807899461400359,84.0,34.166666666666664,source_memory,34,ATTACK,50,"(28, 28)",False,0,False,560
12,0.0,True,0.0,0.8012956007495018,0.8589768675583096,549,0,549.0,32,1,5,"(24, 45)",0,0.013452914798206279,98.8,53.2,source_memory,32,ATTACK,48,"(7, 45)",False,1,False,560
9,0.0,True,0.0,0.9054806098113425,0.9303720157263724,543,0,543.0,25,8,5,"(21, 17)",0,0.013464991023339317,104.4,59.6,source_memory,25,ATTACK,47,"(18, 23)",False,2,False,560
0,0.0,True,0.0,0.9,0.9,549,0,549.0,34,4,6,"(25, 2)",0,0.0062836624775583485,84.0,34.166666666666664,source_memory,34,ATTACK,50,"(26, 25)",False,0,False,565
12,0.0,True,0.0,0.8012956007495018,0.8589768675583096,554,0,554.0,32,1,5,"(24, 45)",0,0.011659192825112108,98.8,53.2,source_memory,32,ATTACK,48,"(8, 41)",False,1,False,565
9,0.0,True,0.0,0.9126206595829449,0.9408074650153536,548,0,548.0,25,8,5,"(21, 17)",0,0.011669658886894075,104.4,59.6,source_memory,25,ATTACK,47,"(18, 18)",False,2,False,565
0,0.0,True,0.0,0.9,0.9,554,0,554.0,34,4,6,"(25, 2)",0,0.0062836624775583485,84.0,34.166666666666664,source_memory,34,ATTACK,50,"(25, 21)",False,0,False,570
13,0.0,True,0.0,0.8012956007495018,0.8589768675583096,559,0,559.0,32,1,5,"(24, 45)",0,0.012556053811659192,98.8,53.2,source_memory,32,ATTACK,48,"(12, 40)",False,1,False,570
11,0.0,True,0.0,0.9201649628002999,0.9495226205152587,552,0,552.0,26,8,5,"(2, 50)",0,0.012567324955116697,104.4,59.6,source_memory,26,ATTACK,48,"(21, 17)",False,2,False,570
0,0.0,True,0.0,0.9,0.9,559,0,559.0,34,4,6,"(25, 2)",0,0.0062836624775583485,84.0,34.166666666666664,source_memory,34,ATTACK,51,"(25, 16)",False,0,False,575
10,0.0,True,0.0,0.8012956007495018,0.8589768675583096,564,0,564.0,32,1,5,"(24, 45)",0,0.010762331838565023,98.8,53.2,source_memory,32,ATTACK,49,"(17, 40)",False,1,False,575
8,0.0,True,0.0,0.8295515068005344,0.841155254167299,557,0,557.0,26,8,5,"(2, 50)",0,0.011669658886894075,104.4,59.6,source_memory,26,ATTACK,49,"(18, 19)",False,2,False,575
0,0.0,True,0.0,0.9,0.9,564,0,564.0,34,4,6,"(25, 2)",0,0.006340579710144928,84.0,34.166666666666664,source_memory,34,ATTACK,51,"(25, 11)",False,0,False,580
10,0.0,True,0.0,0.8012956007495018,0.8589768675583096,569,0,569.0,32,1,5,"(24, 45)",0,0.009963768115942028,98.8,53.2,source_memory,32,ATTACK,49,"(22, 40)",False,1,False,580
8,0.0,True,0.0,0.8295515068005344,0.841155254167299,562,0,562.0,26,8,5,"(2, 50)",0,0.01177536231884058,104.4,59.6,source_memory,26,ATTACK,49,"(18, 24)",False,2,False,580
0,0.0,True,0.0,0.9,0.9,569,0,569.0,34,4,6,"(25, 2)",0,0.006340579710144928,84.0,34.166666666666664,source_memory,34,ATTACK,51,"(25, 6)",False,0,False,585
10,0.0,True,0.0,0.8012956007495018,0.8589768675583096,574,0,574.0,32,1,5,"(24, 45)",0,0.009963768115942028,98.8,53.2,source_memory,32,ATTACK,49,"(25, 42)",False,1,False,585
8,0.0,True,0.0,0.8342734211541679,0.8615492365805023,567,0,567.0,26,8,5,"(2, 50)",0,0.01177536231884058,104.4,59.6,source_memory,26,ATTACK,49,"(18, 29)",False,2,False,585
0,0.0,True,0.0,0.9,0.9,573,0,573.0,35,4,7,"(33, 50)",0,0.006340579710144928,84.28571428571429,34.57142857142857,source_memory,35,ATTACK,52,"(25, 2)",False,0,False,590
10,0.0,True,0.0,0.8012956007495018,0.8589768675583096,578,0,578.0,33,1,6,"(33, 8)",0,0.009963768115942028,98.33333333333333,51.0,source_memory,33,ATTACK,50,"(24, 45)",False,1,False,590
8,0.0,True,0.0,0.8342734211541679,0.8615492365805023,572,0,572.0,26,8,5,"(2, 50)",0,0.01177536231884058,104.4,59.6,source_memory,26,ATTACK,49,"(17, 33)",False,2,False,590
0,0.0,True,0.0,0.9,0.9,578,0,578.0,35,4,7,"(33, 50)",0,0.006340579710144928,84.28571428571429,34.57142857142857,source_memory,35,ATTACK,52,"(25, 7)",False,0,False,595
10,0.0,True,0.0,0.8012956007495018,0.8589768675583096,583,0,583.0,33,1,6,"(33, 8)",0,0.009963768115942028,98.33333333333333,51.0,source_memory,33,ATTACK,50,"(27, 43)",False,1,False,595
8,0.0,True,0.0,0.8342734211541679,0.8615492365805023,577,0,577.0,26,8,5,"(2, 50)",0,0.01177536231884058,104.4,59.6,source_memory,26,ATTACK,49,"(15, 36)",False,2,False,595
0,0.0,True,0.0,0.9,0.9,583,0,583.0,35,4,7,"(33, 50)",0,0.04076086956521739,84.28571428571429,34.57142857142857,source_memory,35,ATTACK,53,"(26, 11)",False,0,False,600
10,2.2588733160315684,True,2.2588733160315684,0.8043503009793135,0.8623896053457353,588,0,588.0,33,1,6,"(33, 8)",10,0.044384057971014496,98.33333333333333,51.0,source_memory,33,ATTACK,51,"(27, 38)",True,1,True,600
8,0.0,True,0.0,0.8342734211541679,0.8615492365805023,582,0,582.0,27,8,5,"(2, 50)",0,0.04619565217391304,104.4,59.6,source_memory,27,ATTACK,50,"(10, 36)",False,2,False,600
0,0.0,True,0.0,0.9,0.9,588,0,588.0,35,4,7,"(33, 50)",0,0.03891402714932127,84.28571428571429,34.57142857142857,source_memory,35,ATTACK,53,"(26, 16)",False,0,False,605
40,7.54887736220067,True,7.54887736220067,0.8043503009793135,0.8623896053457353,593,0,593.0,34,1,6,"(33, 8)",40,0.06877828054298643,98.33333333333333,51.0,source_memory,34,ATTACK,52,"(27, 33)",True,1,True,605
37,0.0,True,0.0,0.8342734211541679,0.8615492365805023,587,0,587.0,27,8,5,"(2, 50)",0,0.06968325791855204,104.4,59.6,source_memory,27,ATTACK,50,"(7, 38)",False,2,False,605
0,0.0,True,0.0,0.9,0.9,593,0,593.0,36,4,7,"(33, 50)",0,0.03891402714932127,84.28571428571429,34.57142857142857,source_memory,36,ATTACK,54,"(26, 21)",False,0,False,610
17,0.16453311904049883,True,0.16453311904049883,0.665937919185896,0.665937919185896,598,0,598.0,35,1,6,"(33, 8)",0,0.044343891402714934,98.33333333333333,51.0,source_memory,35,ATTACK,53,"(27, 28)",False,1,False,610
15,0.0,True,0.0,0.8342734211541679,0.8615492365805023,592,0,592.0,27,8,5,"(2, 50)",0,0.046153846153846156,104.4,59.6,source_memory,27,ATTACK,50,"(5, 41)",False,2,False,610
0,0.0,True,0.0,0.9,0.9,598,0,598.0,36,4,7,"(33, 50)",0,0.029837251356238697,84.28571428571429,34.57142857142857,source_memory,36,ATTACK,54,"(26, 26)",False,0,False,615
9,0.0,True,0.0,0.5152070726545488,0.5856048819174614,603,0,603.0,35,1,6,"(33, 8)",0,0.034358047016274866,98.33333333333333,51.0,source_memory,35,ATTACK,53,"(30, 26)",False,1,False,615
6,0.0,True,0.0,0.8342734211541679,0.8615492365805023,597,0,597.0,27,8,5,"(2, 50)",0,0.0325497287522604,104.4,59.6,source_memory,27,ATTACK,50,"(4, 45)",False,2,False,615
0,0.0,True,0.0,0.9,0.9,603,0,603.0,36,4,7,"(33, 50)",0,0.026149684400360685,84.28571428571429,34.57142857142857,source_memory,36,ATTACK,54,"(27, 30)",False,0,False,620
9,0.0,True,0.0,0.5427915501912018,0.6644213077191236,608,0,608.0,35,1,6,"(33, 8)",0,0.031559963931469794,98.33333333333333,51.0,source_memory,35,ATTACK,53,"(30, 21)",False,1,False,620
6,0.0,True,0.0,0.8342734211541679,0.8615492365805023,602,0,602.0,27,8,5,"(2, 50)",0,0.030658250676284943,104.4,59.6,source_memory,27,ATTACK,50,"(3, 49)",False,2,False,620
0,0.0,True,0.0,0.9,0.9,608,0,608.0,37,4,7,"(33, 50)",0,0.025247971145175834,84.28571428571429,34.57142857142857,source_memory,37,ATTACK,55,"(27, 35)",False,0,False,625
9,0.0,True,0.0,0.5778688945869277,0.7176396058833193,613,0,613.0,35,1,6,"(33, 8)",0,0.029756537421100092,98.33333333333333,51.0,source_memory,35,ATTACK,54,"(29, 17)",False,1,False,625
6,0.0,True,0.0,0.8342734211541679,0.8615492365805023,606,0,606.0,29,8,6,"(33, 50)",0,0.030658250676284943,103.83333333333333,58.5,source_memory,29,ATTACK,52,"(3, 49)",False,2,False,625
0,0.0,True,0.0,0.9,0.9,613,0,613.0,37,4,7,"(33, 50)",0,0.024346257889990983,84.28571428571429,34.57142857142857,source_memory,37,ATTACK,55,"(29, 38)",False,0,False,630
9,0.0,True,0.0,0.6157248757673426,0.7608767489021596,618,0,618.0,35,1,6,"(33, 8)",0,0.028854824165915238,98.33333333333333,51.0,source_memory,35,ATTACK,54,"(29, 12)",False,1,False,630
6,0.0,True,0.0,0.8342734211541679,0.8615492365805023,611,0,611.0,29,8,6,"(33, 50)",0,0.028854824165915238,103.83333333333333,58.5,source_memory,29,ATTACK,52,"(5, 46)",False,2,False,630
0,0.0,True,0.0,0.9,0.9,618,0,618.0,37,4,7,"(33, 50)",0,0.024346257889990983,84.28571428571429,34.57142857142857,source_memory,37,ATTACK,55,"(29, 43)",False,0,False,635
9,0.0,True,0.0,0.6535349866622321,0.795419720183799,623,0,623.0,35,1,6,"(33, 8)",0,0.028854824165915238,98.33333333333333,51.0,source_memory,35,ATTACK,54,"(30, 8)",False,1,False,635
6,0.0,True,0.0,0.8342734211541679,0.8615492365805023,616,0,616.0,29,8,6,"(33, 50)",0,0.027953110910730387,103.83333333333333,58.5,source_memory,29,ATTACK,52,"(9, 45)",False,2,False,635
0,0.0,True,0.0,0.9,0.9,623,0,623.0,37,4,7,"(33, 50)",0,0.024324324324324326,84.28571428571429,34.57142857142857,source_memory,37,ATTACK,55,"(29, 48)",False,0,False,640
9,0.0,True,0.0,0.6535349866622321,0.795419720183799,627,0,627.0,36,1,6,"(33, 50)",0,0.028751123090745734,98.33333333333333,51.0,source_memory,36,ATTACK,55,"(33, 9)",False,1,False,640
6,0.0,True,0.0,0.8342734211541679,0.8615492365805023,621,0,621.0,29,8,6,"(33, 50)",0,0.026954177897574125,103.83333333333333,58.5,source_memory,29,ATTACK,52,"(14, 45)",False,2,False,640
0,0.0,True,0.0,0.9,0.9,628,0,628.0,37,4,7,"(33, 50)",0,0.023070097604259095,84.28571428571429,34.57142857142857,source_memory,37,ATTACK,55,"(32, 50)",False,0,False,645
11,0.0,True,0.0,0.6123323481014619,0.6123323481014619,632,0,632.0,36,1,6,"(33, 50)",0,0.02743362831858407,98.33333333333333,51.0,source_memory,36,ATTACK,55,"(31, 12)",False,1,False,645
10,0.0,True,0.0,0.8342734211541679,0.8615492365805023,626,0,626.0,29,8,6,"(33, 50)",0,0.02920353982300885,103.83333333333333,58.5,source_memory,29,ATTACK,52,"(19, 45)",False,2,False,645
0,0.0,True,0.0,0.9,0.9,632,0,632.0,38,4,7,"(3, 8)",0,0.022182786157941437,84.28571428571429,34.57142857142857,source_memory,38,ATTACK,57,"(30, 50)",False,0,False,650
9,0.0,False,0.0,0.35194602070296316,0.35194602070296316,637,0,637.0,37,1,6,"(33, 50)",0,0.02743362831858407,98.33333333333333,51.0,source_memory,37,ATTACK,57,"(30, 16)",False,1,False,650
10,0.0,True,0.0,0.8342734211541679,0.8615492365805023,631,0,631.0,30,8,6,"(33, 50)",0,0.02654867256637168,103.83333333333333,58.5,source_memory,30,ATTACK,53,"(20, 49)",False,2,False,650
0,0.0,True,0.0,0.9,0.9,637,0,637.0,38,4,7,"(3, 8)",0,0.022182786157941437,84.28571428571429,34.57142857142857,source_memory,38,ATTACK,57,"(28, 47)",False,0,False,655
9,0.0,False,0.0,0.35194602070296316,0.35194602070296316,642,0,642.0,37,1,6,"(33, 50)",0,0.02743362831858407,98.33333333333333,51.0,source_memory,37,ATTACK,57,"(29, 20)",False,1,False,655
10,0.0,True,0.0,0.8436665612448069,0.884637524841187,636,0,636.0,30,8,6,"(33, 50)",0,0.02654867256637168,103.83333333333333,58.5,source_memory,30,ATTACK,53,"(24, 50)",False,2,False,655
0,0.0,True,0.0,0.9,0.9,642,0,642.0,38,4,7,"(3, 8)",0,0.022341376228775692,84.28571428571429,34.57142857142857,source_memory,38,ATTACK,57,"(28, 42)",False,0,False,660
9,0.0,False,0.0,0.36563579855068484,0.4469803430305365,647,0,647.0,37,1,6,"(33, 50)",0,0.027629233511586453,98.33333333333333,51.0,source_memory,37,ATTACK,57,"(29, 25)",False,1,False,660
10,0.0,True,0.0,0.8562508489128733,0.9075443208834763,641,0,641.0,30,8,6,"(33, 50)",0,0.026737967914438502,103.83333333333333,58.5,source_memory,30,ATTACK,53,"(29, 50)",False,2,False,660
0,0.0,True,0.0,0.9,0.9,647,0,647.0,38,4,7,"(3, 8)",0,0.022341376228775692,84.28571428571429,34.57142857142857,source_memory,38,ATTACK,57,"(28, 37)",False,0,False,665
9,0.0,True,0.0,0.3961217493795742,0.5310822700940817,652,0,652.0,37,1,6,"(33, 50)",0,0.027629233511586453,98.33333333333333,51.0,source_memory,37,ATTACK,57,"(29, 30)",False,1,False,665
10,0.0,True,0.0,0.8702829880707603,0.9252184899577665,645,0,645.0,31,8,6,"(2, 50)",0,0.026737967914438502,103.83333333333333,58.5,source_memory,31,ATTACK,54,"(33, 50)",False,2,False,665
0,0.0,True,0.0,0.9,0.9,652,0,652.0,38,4,7,"(3, 8)",0,0.021447721179624665,84.28571428571429,34.57142857142857,source_memory,38,ATTACK,57,"(28, 32)",False,0,False,670
9,0.0,True,0.0,0.43907518854396843,0.6221510737285179,657,0,657.0,37,1,6,"(33, 50)",0,0.027629233511586453,98.33333333333333,51.0,source_memory,37,ATTACK,57,"(29, 35)",False,1,False,670
10,0.0,True,0.0,0.8731508484433151,0.9276401955218558,650,0,650.0,31,8,6,"(2, 50)",0,0.025846702317290554,103.83333333333333,58.5,source_memory,31,ATTACK,54,"(28, 50)",False,2,False,670
0,0.0,True,0.0,0.9,0.9,657,0,657.0,38,4,7,"(3, 8)",0,0.021447721179624665,84.28571428571429,34.57142857142857,source_memory,38,ATTACK,58,"(27, 28)",False,0,False,675
9,0.0,True,0.0,0.4908233519218908,0.6910259122817969,662,0,662.0,37,1,6,"(33, 50)",0,0.027629233511586453,98.33333333333333,51.0,source_memory,37,ATTACK,58,"(29, 40)",False,1,False,675
10,0.0,True,0.0,0.8869752283007776,0.9381202456314192,655,0,655.0,31,8,6,"(2, 50)",0,0.023172905525846704,103.83333333333333,58.5,source_memory,31,ATTACK,55,"(24, 49)",False,2,False,675
0,0.0,True,0.0,0.9,0.9,662,0,662.0,38,4,7,"(3, 8)",0,0.021524663677130046,84.28571428571429,34.57142857142857,source_memory,38,ATTACK,58,"(25, 25)",False,0,False,680
4,0.0,True,0.0,0.542922154092483,0.7376870941764735,667,0,667.0,37,1,6,"(33, 50)",0,0.025179856115107913,98.33333333333333,51.0,source_memory,37,ATTACK,58,"(29, 45)",False,1,False,680
7,0.0,True,0.0,0.8896185068250455,0.9398407987861357,660,0,660.0,31,8,6,"(2, 50)",0,0.023381294964028777,103.83333333333333,58.5,source_memory,31,ATTACK,55,"(20, 48)",False,2,False,680
0,0.0,True,0.0,0.9,0.9,667,0,667.0,38,4,7,"(3, 8)",0,0.02062780269058296,84.28571428571429,34.57142857142857,source_memory,38,ATTACK,58,"(25, 20)",False,0,False,685
16,0.0,True,0.0,0.582683275478513,0.7679176174709458,672,0,672.0,37,1,6,"(33, 50)",0,0.026079136690647483,98.33333333333333,51.0,source_memory,37,ATTACK,58,"(32, 47)",False,1,False,685
7,0.0,True,0.0,0.5290949161756509,0.5290949161756509,665,0,665.0,31,8,6,"(2, 50)",0,0.02158273381294964,103.83333333333333,58.5,source_memory,31,ATTACK,57,"(17, 46)",False,2,False,685
0,0.0,True,0.0,0.9,0.9,672,0,672.0,38,4,7,"(3, 8)",0,0.02062780269058296,84.28571428571429,34.57142857142857,source_memory,38,ATTACK,58,"(25, 15)",False,0,False,690
16,0.0,True,0.0,0.5925640530180564,0.7802988262693816,676,0,676.0,38,1,7,"(25, 2)",0,0.023381294964028777,98.57142857142857,51.0,source_memory,38,ATTACK,59,"(33, 50)",False,1,False,690
7,0.0,True,0.0,0.5290949161756509,0.5290949161756509,670,0,670.0,31,8,6,"(2, 50)",0,0.02158273381294964,103.83333333333333,58.5,source_memory,31,ATTACK,57,"(12, 46)",False,2,False,690
0,0.0,True,0.0,0.9,0.9,677,0,677.0,38,4,7,"(3, 8)",0,0.02062780269058296,84.28571428571429,34.57142857142857,source_memory,38,ATTACK,58,"(25, 10)",False,0,False,695
16,0.0,True,0.0,0.5925640530180564,0.7802988262693816,681,0,681.0,38,1,7,"(25, 2)",0,0.023381294964028777,98.57142857142857,51.0,source_memory,38,ATTACK,59,"(30, 48)",False,1,False,695
7,0.0,True,0.0,0.5290949161756509,0.5290949161756509,675,0,675.0,31,8,6,"(2, 50)",0,0.02158273381294964,103.83333333333333,58.5,source_memory,31,ATTACK,57,"(7, 46)",False,2,False,695
0,0.0,True,0.0,0.9,0.9,682,0,682.0,38,4,7,"(3, 8)",0,0.021043000914913082,84.28571428571429,34.57142857142857,source_memory,38,ATTACK,59,"(21, 9)",False,0,False,700
16,0.0,True,0.0,0.5925640530180564,0.7802988262693816,686,0,686.0,38,1,7,"(25, 2)",0,0.024029574861367836,98.57142857142857,51.0,source_memory,38,ATTACK,60,"(30, 43)",False,1,False,700
7,0.0,True,0.0,0.5290949161756509,0.5290949161756509,680,0,680.0,31,8,6,"(2, 50)",0,0.022181146025878003,103.83333333333333,58.5,source_memory,31,ATTACK,58,"(5, 49)",False,2,False,700
0,0.0,True,0.0,0.9,0.9,687,0,687.0,38,4,7,"(3, 8)",0,0.021043000914913082,84.28571428571429,34.57142857142857,source_memory,38,ATTACK,59,"(16, 9)",False,0,False,705
16,0.0,True,0.0,0.5925640530180564,0.7802988262693816,691,0,691.0,38,1,7,"(25, 2)",0,0.024029574861367836,98.57142857142857,51.0,source_memory,38,ATTACK,60,"(28, 40)",False,1,False,705
7,0.0,True,0.0,0.5290949161756509,0.5290949161756509,684,0,684.0,32,8,7,"(15, 2)",0,0.022181146025878003,100.71428571428571,55.857142857142854,source_memory,32,ATTACK,59,"(2, 50)",False,2,False,705
0,0.0,True,0.0,0.9,0.9,692,0,692.0,38,4,7,"(3, 8)",0,0.021004566210045664,84.28571428571429,34.57142857142857,source_memory,38,ATTACK,59,"(12, 8)",False,0,False,710
16,0.0,True,0.0,0.6385324206254924,0.8062914123539243,696,0,696.0,38,1,7,"(25, 2)",0,0.026752767527675275,98.57142857142857,51.0,source_memory,38,ATTACK,60,"(28, 35)",False,1,False,710
7,0.0,True,0.0,0.5290949161756509,0.5290949161756509,689,0,689.0,32,8,7,"(15, 2)",0,0.02214022140221402,100.71428571428571,55.857142857142854,source_memory,32,ATTACK,59,"(5, 48)",False,2,False,710
0,0.0,True,0.0,0.9,0.9,697,0,697.0,38,4,7,"(3, 8)",0,0.02090909090909091,84.28571428571429,34.57142857142857,source_memory,38,ATTACK,59,"(7, 8)",False,0,False,715
16,0.0,True,0.0,0.6804462269914021,0.8345986677617995,701,0,701.0,38,1,7,"(25, 2)",0,0.027548209366391185,98.57142857142857,51.0,source_memory,38,ATTACK,60,"(28, 30)",False,1,False,715
7,0.0,True,0.0,0.5290949161756509,0.5290949161756509,694,0,694.0,32,8,7,"(15, 2)",0,0.02203856749311295,100.71428571428571,55.857142857142854,source_memory,32,ATTACK,59,"(7, 45)",False,2,False,715
0,0.0,True,0.0,0.9,0.9,701,0,701.0,39,4,8,"(13, 50)",0,0.02048780487804878,90.0,39.375,source_memory,39,ATTACK,60,"(3, 8)",False,0,False,720
20,0.0,True,0.0,0.7188542728834735,0.8593255441505158,706,0,706.0,38,1,7,"(25, 2)",0,0.029069767441860465,98.57142857142857,51.0,source_memory,38,ATTACK,60,"(28, 25)",False,1,False,720
11,0.0,True,0.0,0.5290949161756509,0.5290949161756509,699,0,699.0,32,8,7,"(15, 2)",0,0.021400778210116732,100.71428571428571,55.857142857142854,source_memory,32,ATTACK,59,"(12, 45)",False,2,False,720
0,0.0,True,0.0,0.9,0.9,706,0,706.0,39,4,8,"(13, 50)",0,0.02048780487804878,90.0,39.375,source_memory,39,ATTACK,61,"(8, 8)",False,0,False,725
20,0.0,True,0.0,0.7536791187622993,0.8804947377026804,711,0,711.0,39,1,7,"(25, 2)",0,0.029069767441860465,98.57142857142857,51.0,source_memory,39,ATTACK,61,"(27, 21)",False,1,False,725
11,0.0,True,0.0,0.5290949161756509,0.5290949161756509,704,0,704.0,33,8,7,"(15, 2)",0,0.021400778210116732,100.71428571428571,55.857142857142854,source_memory,33,ATTACK,60,"(12, 40)",False,2,False,725
0,0.0,True,0.0,0.9,0.9,711,0,711.0,39,4,8,"(13, 50)",0,0.02048780487804878,90.0,39.375,source_memory,39,ATTACK,61,"(13, 8)",False,0,False,730
20,0.0,True,0.0,0.7847403029026023,0.8973500854090632,716,0,716.0,39,1,7,"(25, 2)",0,0.031007751937984496,98.57142857142857,51.0,source_memory,39,ATTACK,61,"(25, 18)",False,1,False,730
11,0.0,True,0.0,0.5290949161756509,0.5290949161756509,709,0,709.0,33,8,7,"(15, 2)",0,0.021400778210116732,100.71428571428571,55.857142857142854,source_memory,33,ATTACK,60,"(14, 37)",False,2,False,730
0,0.0,True,0.0,0.9,0.9,716,0,716.0,39,4,8,"(13, 50)",0,0.0175609756097561,90.0,39.375,source_memory,39,ATTACK,61,"(14, 12)",False,0,False,735
20,0.0,True,0.0,0.8126175704708296,0.9140218263601901,721,0,721.0,39,1,7,"(25, 2)",0,0.027131782945736434,98.57142857142857,51.0,source_memory,39,ATTACK,61,"(25, 13)",False,1,False,735
11,0.0,True,0.0,0.5290949161756509,0.5290949161756509,714,0,714.0,33,8,7,"(15, 2)",0,0.01848249027237354,100.71428571428571,55.857142857142854,source_memory,33,ATTACK,60,"(15, 33)",False,2,False,735
0,0.0,True,0.0,0.9,0.9,721,0,721.0,39,4,8,"(13, 50)",0,0.009718172983479106,90.0,39.375,source_memory,39,ATTACK,62,"(14, 17)",False,0,False,740
20,0.0,True,0.0,0.8375761604591095,0.9281952943876884,726,0,726.0,39,1,7,"(25, 2)",0,0.018410852713178296,98.57142857142857,51.0,source_memory,39,ATTACK,61,"(25, 8)",False,1,False,740
11,0.0,True,0.0,0.5290949161756509,0.5290949161756509,719,0,719.0,34,8,7,"(15, 2)",0,0.01065891472868217,100.71428571428571,55.857142857142854,source_memory,34,ATTACK,61,"(15, 28)",False,2,False,740
0,0.0,True,0.0,0.9,0.9,726,0,726.0,40,4,8,"(13, 50)",0,0.0019175455417066154,90.0,39.375,source_memory,40,ATTACK,63,"(15, 21)",False,0,False,745
17,0.0,True,0.0,0.8375761604591095,0.9281952943876884,731,0,731.0,39,1,7,"(25, 2)",0,0.007670182166826462,98.57142857142857,51.0,source_memory,39,ATTACK,61,"(25, 3)",False,1,False,745
8,0.0,True,0.0,0.5332948923480095,0.57495767571778,724,0,724.0,34,8,7,"(15, 2)",0,0.0019175455417066154,100.71428571428571,55.857142857142854,source_memory,34,ATTACK,61,"(16, 24)",False,2,False,745
0,0.0,True,0.0,0.9,0.9,731,0,731.0,42,4,8,"(13, 50)",0,0.04314477468839885,90.0,39.375,source_memory,42,ATTACK,65,"(16, 21)",False,0,False,750
17,0.0,True,0.0,0.8375761604591095,0.9281952943876884,735,0,735.0,40,1,7,"(33, 30)",0,0.0488974113135187,98.57142857142857,51.0,source_memory,40,ATTACK,63,"(25, 5)",False,1,False,750
8,0.0,True,0.0,0.5562747771604122,0.6704091132148617,726,0,726.0,36,11,7,"(15, 2)",0,0.04314477468839885,100.71428571428571,55.857142857142854,source_memory,36,ATTACK,63,"(16, 22)",False,2,False,750
0,0.0,True,0.0,0.9,0.9,736,0,736.0,44,4,8,"(13, 50)",0,0.04218600191754554,90.0,39.375,source_memory,44,ATTACK,67,"(16, 18)",False,0,False,755
16,0.0,True,0.0,0.8375761604591095,0.9281952943876884,740,0,740.0,40,1,7,"(33, 30)",0,0.046021093000958774,98.57142857142857,51.0,source_memory,40,ATTACK,63,"(26, 9)",False,1,False,755
8,0.0,True,0.0,0.5927221064184469,0.7452588418334268,728,0,728.0,36,14,7,"(15, 2)",0,0.04122722914669223,100.71428571428571,55.857142857142854,source_memory,36,ATTACK,63,"(16, 20)",False,2,False,755
0,0.0,True,0.0,0.9,0.9,741,0,741.0,48,4,8,"(13, 50)",0,0.04218600191754554,90.0,39.375,source_memory,48,ATTACK,71,"(16, 17)",False,0,False,760
33,16.324668863526455,True,16.324668863526455,0.8375761604591095,0.9281952943876884,745,0,745.0,41,1,7,"(33, 30)",0,0.04218600191754554,98.57142857142857,51.0,source_memory,41,ATTACK,64,"(26, 14)",False,1,False,760
25,0.0,True,0.0,0.6354361706987667,0.8018997125981592,729,0,729.0,36,18,7,"(15, 2)",0,0.04697986577181208,100.71428571428571,55.857142857142854,source_memory,36,ATTACK,63,"(16, 19)",False,2,False,760
0,0.0,True,0.0,0.9,0.9,746,0,746.0,52,4,8,"(13, 50)",0,0.0364333652924257,90.0,39.375,source_memory,52,ATTACK,75,"(16, 16)",False,0,False,765
33,16.324668863526455,True,16.324668863526455,0.8375761604591095,0.9281952943876884,750,0,750.0,41,1,7,"(33, 30)",0,0.0364333652924257,98.57142857142857,51.0,source_memory,41,ATTACK,64,"(29, 16)",False,1,False,765
25,0.0,True,0.0,0.679708722002977,0.8468810541243932,731,0,731.0,36,21,7,"(15, 2)",0,0.04793863854266539,100.71428571428571,55.857142857142854,source_memory,36,ATTACK,63,"(16, 17)",False,2,False,765
0,0.0,True,0.0,0.9,0.9,751,0,751.0,54,4,8,"(13, 50)",0,0.032598274209012464,90.0,39.375,source_memory,54,ATTACK,77,"(16, 13)",False,0,False,770
33,16.324668863526455,True,16.324668863526455,0.8375761604591095,0.9281952943876884,755,0,755.0,41,1,7,"(33, 30)",0,0.03451581975071908,98.57142857142857,51.0,source_memory,41,ATTACK,64,"(29, 21)",False,1,False,770
25,0.0,True,0.0,0.7226155461579269,0.8821799029199858,733,0,733.0,36,24,7,"(15, 2)",0,0.04793863854266539,100.71428571428571,55.857142857142854,source_memory,36,ATTACK,63,"(16, 15)",False,2,False,770
0,0.0,True,0.0,0.9,0.9,756,0,756.0,56,4,8,"(13, 50)",0,0.028763183125599234,90.0,39.375,source_memory,56,ATTACK,80,"(16, 18)",False,0,False,775
32,6.399921700126239,True,6.399921700126239,0.7234569714635141,0.7234569714635141,760,0,760.0,41,1,7,"(33, 30)",0,0.032598274209012464,98.57142857142857,51.0,source_memory,41,ATTACK,65,"(29, 26)",False,1,False,775
25,0.0,True,0.0,0.7624856822998017,0.9085088548585848,738,0,738.0,38,24,7,"(15, 2)",0,0.04410354745925216,100.71428571428571,55.857142857142854,source_memory,38,ATTACK,66,"(15, 11)",False,2,False,775
0,0.0,True,0.0,0.9,0.9,761,0,761.0,56,4,8,"(13, 50)",0,0.023969319271332695,90.0,39.375,source_memory,56,ATTACK,80,"(16, 23)",False,0,False,780
12,0.0,False,0.0,0.19203762646438502,0.19203762646438502,765,0,765.0,41,1,7,"(33, 30)",0,0.014381591562799617,98.57142857142857,51.0,source_memory,41,ATTACK,68,"(30, 30)",False,1,False,780
25,0.0,True,0.0,0.7844284178610038,0.9192298196931571,743,0,743.0,38,24,7,"(15, 2)",0,0.01821668264621285,100.71428571428571,55.857142857142854,source_memory,38,ATTACK,66,"(14, 7)",False,2,False,780
0,0.0,True,0.0,0.9,0.9,766,0,766.0,56,4,8,"(13, 50)",0,0.01725790987535954,90.0,39.375,source_memory,56,ATTACK,80,"(16, 28)",False,0,False,785
12,0.0,False,0.0,0.19203762646438502,0.19203762646438502,769,0,769.0,42,1,8,"(33, 50)",0,0.012464046021093002,98.0,49.25,source_memory,42,ATTACK,69,"(33, 31)",False,1,False,785
25,0.0,True,0.0,0.7844284178610038,0.9192298196931571,748,0,748.0,38,24,7,"(15, 2)",0,0.02588686481303931,100.71428571428571,55.857142857142854,source_memory,38,ATTACK,66,"(14, 2)",False,2,False,785
0,0.0,True,0.0,0.9,0.9,771,0,771.0,56,4,8,"(13, 50)",0,0.015296367112810707,90.0,39.375,source_memory,56,ATTACK,80,"(13, 30)",False,0,False,790
12,0.0,False,0.0,0.19203762646438502,0.19203762646438502,774,0,774.0,42,1,8,"(33, 50)",0,0.01338432122370937,98.0,49.25,source_memory,42,ATTACK,69,"(31, 34)",False,1,False,790
25,0.0,True,0.0,0.7844284178610038,0.9192298196931571,752,0,752.0,39,24,7,"(24, 45)",0,0.0248565965583174,100.71428571428571,55.857142857142854,source_memory,39,ATTACK,67,"(14, 4)",False,2,False,790
0,0.0,True,0.0,0.9,0.9,776,0,776.0,56,4,8,"(13, 50)",0,0.0124282982791587,90.0,39.375,source_memory,56,ATTACK,80,"(13, 35)",False,0,False,795
17,0.0,False,0.0,0.19203762646438502,0.19203762646438502,779,0,779.0,42,1,8,"(33, 50)",0,0.01338432122370937,98.0,49.25,source_memory,42,ATTACK,69,"(29, 37)",False,1,False,795
30,0.0,True,0.0,0.7844284178610038,0.9192298196931571,757,0,757.0,39,24,7,"(24, 45)",0,0.0248565965583174,100.71428571428571,55.857142857142854,source_memory,39,ATTACK,67,"(14, 9)",False,2,False,795
0,0.0,True,0.0,0.9,0.9,781,0,781.0,56,4,8,"(13, 50)",0,0.0124282982791587,90.0,39.375,source_memory,56,ATTACK,81,"(13, 40)",False,0,False,800
13,0.0,False,0.0,0.19203762646438502,0.19203762646438502,784,0,784.0,43,1,8,"(33, 50)",0,0.01338432122370937,98.0,49.25,source_memory,43,ATTACK,70,"(29, 42)",False,1,False,800
26,0.0,True,0.0,0.7979217969894463,0.9238570089110865,762,0,762.0,39,24,7,"(24, 45)",0,0.02198852772466539,100.71428571428571,55.857142857142854,source_memory,39,ATTACK,68,"(16, 12)",False,2,False,800
0,0.0,True,0.0,0.9,0.9,786,0,786.0,56,4,8,"(13, 50)",0,0.011472275334608031,90.0,39.375,source_memory,56,ATTACK,81,"(13, 45)",False,0,False,805
0,0.0,False,0.0,0.19203762646438502,0.19203762646438502,789,0,789.0,43,1,8,"(33, 50)",0,0.0124282982791587,98.0,49.25,source_memory,43,ATTACK,70,"(31, 45)",False,1,False,805
25,0.0,True,0.0,0.8280886543659057,0.9355910200678533,767,0,767.0,39,24,7,"(24, 45)",0,0.021032504780114723,100.71428571428571,55.857142857142854,source_memory,39,ATTACK,68,"(16, 17)",False,2,False,805
0,0.0,True,0.0,0.9,0.9,791,0,791.0,56,4,8,"(13, 50)",0,0.009551098376313277,90.0,39.375,source_memory,56,ATTACK,81,"(13, 50)",False,0,False,810
0,0.0,False,0.0,0.19203762646438502,0.19203762646438502,794,0,794.0,43,1,8,"(33, 50)",0,0.012416427889207259,98.0,49.25,source_memory,43,ATTACK,70,"(32, 49)",False,1,False,810
25,0.0,True,0.0,0.8538748462930292,0.9455132701932806,772,0,772.0,39,24,7,"(24, 45)",0,0.021012416427889206,100.71428571428571,55.857142857142854,source_memory,39,ATTACK,68,"(17, 21)",False,2,False,810
0,0.0,True,0.0,0.9,0.9,795,0,795.0,57,4,8,"(33, 50)",0,0.009551098376313277,90.0,39.375,source_memory,57,ATTACK,82,"(17, 50)",False,0,False,815
0,0.0,False,0.0,0.19203762646438502,0.19203762646438502,798,0,798.0,44,1,8,"(24, 45)",0,0.007640878701050621,98.0,49.25,source_memory,44,ATTACK,71,"(31, 50)",False,1,False,815
25,0.0,True,0.0,0.875825446057867,0.9539214847658889,777,0,777.0,39,24,7,"(24, 45)",0,0.019102196752626553,100.71428571428571,55.857142857142854,source_memory,39,ATTACK,68,"(17, 26)",False,2,False,815
0,0.0,True,0.0,0.9,0.9,800,0,800.0,57,4,8,"(33, 50)",0,0.004775549188156638,90.0,39.375,source_memory,57,ATTACK,82,"(21, 49)",False,0,False,820
0,0.0,False,0.0,0.19321046241781326,0.2154943455329498,803,0,803.0,44,1,8,"(24, 45)",0,0.007640878701050621,98.0,49.25,source_memory,44,ATTACK,71,"(29, 47)",False,1,False,820
25,0.0,True,0.0,0.8944623685817688,0.9606638554809771,782,0,782.0,39,24,7,"(24, 45)",0,0.018147086914995225,100.71428571428571,55.857142857142854,source_memory,39,ATTACK,68,"(17, 31)",False,2,False,820
0,0.0,True,0.0,0.9,0.9,805,0,805.0,57,4,8,"(33, 50)",0,0.0028653295128939827,90.0,39.375,source_memory,57,ATTACK,83,"(26, 49)",False,0,False,825
0,0.0,False,0.0,0.21906968944466923,0.3714219333264054,808,0,808.0,44,1,8,"(24, 45)",0,0.008595988538681949,98.0,49.25,source_memory,44,ATTACK,72,"(25, 46)",False,1,False,825
25,0.0,True,0.0,0.9102339322797407,0.9662248795201217,787,0,787.0,40,24,7,"(24, 45)",0,0.017191977077363897,100.71428571428571,55.857142857142854,source_memory,40,ATTACK,69,"(17, 36)",False,2,False,825
0,0.0,True,0.0,0.9,0.9,810,0,810.0,57,4,8,"(33, 50)",0,0.0028653295128939827,90.0,39.375,source_memory,57,ATTACK,83,"(30, 50)",False,0,False,830
0,0.0,True,0.0,0.27278899881713126,0.5012307869732976,812,0,812.0,45,1,9,"(2, 20)",0,0.008595988538681949,92.0,45.44444444444444,source_memory,45,ATTACK,73,"(25, 44)",False,1,False,830
25,0.0,True,0.0,0.9235759854847044,0.9708884816257406,792,0,792.0,40,24,7,"(24, 45)",0,0.017191977077363897,100.71428571428571,55.857142857142854,source_memory,40,ATTACK,69,"(19, 39)",False,2,False,830
0,0.0,True,0.0,0.9,0.9,814,0,814.0,58,4,9,"(2, 50)",0,0.0028653295128939827,92.66666666666667,37.55555555555556,source_memory,58,ATTACK,84,"(32, 50)",False,0,False,835
0,0.0,False,0.0,0.30721825214311943,0.40216543021373025,817,0,817.0,45,1,9,"(2, 20)",0,0.009551098376313277,92.0,45.44444444444444,source_memory,45,ATTACK,74,"(26, 40)",False,1,False,835
41,0.0,True,0.0,0.9305587533175272,0.9733227423460042,797,0,797.0,40,24,7,"(24, 45)",0,0.03247373447946514,100.71428571428571,55.857142857142854,source_memory,40,ATTACK,70,"(23, 40)",False,2,False,835
0,0.0,True,0.0,0.9,0.9,819,0,819.0,58,4,9,"(2, 50)",0,0.0028653295128939827,92.66666666666667,37.55555555555556,source_memory,58,ATTACK,84,"(28, 49)",False,0,False,840
0,0.0,False,0.0,0.30721825214311943,0.40216543021373025,822,0,822.0,45,1,9,"(2, 20)",0,0.009551098376313277,92.0,45.44444444444444,source_memory,45,ATTACK,74,"(26, 35)",False,1,False,840
25,0.0,False,0.0,0.4784717981740716,0.4784717981740716,802,0,802.0,40,24,7,"(24, 45)",0,0.0066857688634192934,100.71428571428571,55.857142857142854,source_memory,40,ATTACK,73,"(25, 43)",False,2,False,840
0,0.0,True,0.0,0.9,0.9,824,0,824.0,58,4,9,"(2, 50)",0,0.0038204393505253103,92.66666666666667,37.55555555555556,source_memory,58,ATTACK,84,"(23, 49)",False,0,False,845
0,0.0,False,0.0,0.30721825214311943,0.40216543021373025,827,0,827.0,45,1,9,"(2, 20)",0,0.009551098376313277,92.0,45.44444444444444,source_memory,45,ATTACK,74,"(26, 30)",False,1,False,845
25,0.0,True,0.0,0.4932612071749022,0.5860481769517666,806,0,806.0,41,24,8,"(33, 50)",0,0.0066857688634192934,105.5,56.0,source_memory,41,ATTACK,74,"(24, 46)",False,2,False,845
0,0.0,True,0.0,0.9,0.9,829,0,829.0,59,4,9,"(2, 50)",0,0.0028653295128939827,92.66666666666667,37.55555555555556,source_memory,59,ATTACK,85,"(19, 48)",False,0,False,850
0,0.0,False,0.0,0.32483153588445496,0.4443427625159591,832,0,832.0,46,1,9,"(2, 20)",0,0.009551098376313277,92.0,45.44444444444444,source_memory,46,ATTACK,75,"(24, 27)",False,1,False,850
25,0.0,True,0.0,0.5269629161623574,0.6766888837478294,811,0,811.0,41,24,8,"(33, 50)",0,0.0028653295128939827,105.5,56.0,source_memory,41,ATTACK,75,"(26, 49)",False,2,False,850
0,0.0,True,0.0,0.9,0.9,834,0,834.0,59,4,9,"(2, 50)",0,0.0028653295128939827,92.66666666666667,37.55555555555556,source_memory,59,ATTACK,85,"(16, 46)",False,0,False,855
0,0.0,True,0.0,0.36159838763138624,0.5127714586999306,837,0,837.0,46,1,9,"(2, 20)",0,0.010506208213944603,92.0,45.44444444444444,source_memory,46,ATTACK,75,"(21, 25)",False,1,False,855
25,0.0,True,0.0,0.5686211721364929,0.7282810825483554,816,0,816.0,41,24,8,"(33, 50)",0,0.0028653295128939827,105.5,56.0,source_memory,41,ATTACK,75,"(30, 50)",False,2,False,855
0,0.0,True,0.0,0.9,0.9,839,0,839.0,59,4,9,"(2, 50)",0,0.0028680688336520078,92.66666666666667,37.55555555555556,source_memory,59,ATTACK,85,"(11, 46)",False,0,False,860
0,0.0,True,0.0,0.40461808138384314,0.5757661506385633,842,0,842.0,46,1,9,"(2, 20)",0,0.010516252390057362,92.0,45.44444444444444,source_memory,46,ATTACK,75,"(17, 24)",False,1,False,860
25,0.0,True,0.0,0.6042774201120528,0.7780923398049153,820,0,820.0,42,24,8,"(24, 45)",0,0.0028653295128939827,105.5,56.0,source_memory,42,ATTACK,76,"(32, 50)",False,2,False,860
0,0.0,True,0.0,0.9,0.9,844,0,844.0,59,4,9,"(2, 50)",0,0.0038240917782026767,92.66666666666667,37.55555555555556,source_memory,59,ATTACK,85,"(6, 46)",False,0,False,865
0,0.0,True,0.0,0.45055144546186104,0.62774491723022,847,0,847.0,46,1,9,"(2, 20)",0,0.010516252390057362,92.0,45.44444444444444,source_memory,46,ATTACK,75,"(15, 21)",False,1,False,865
25,0.0,True,0.0,0.6042774201120528,0.7780923398049153,825,0,825.0,42,24,8,"(24, 45)",0,0.0028653295128939827,105.5,56.0,source_memory,42,ATTACK,76,"(29, 48)",False,2,False,865
0,0.0,True,0.0,0.9,0.9,849,0,849.0,59,4,9,"(2, 50)",0,0.0028169014084507044,92.66666666666667,37.55555555555556,source_memory,59,ATTACK,85,"(3, 48)",False,0,False,870
5,0.0,True,0.0,0.4790968377276139,0.6599064132681618,852,0,852.0,46,1,9,"(2, 20)",0,0.009389671361502348,92.0,45.44444444444444,source_memory,46,ATTACK,75,"(10, 21)",False,1,False,870
30,0.0,True,0.0,0.6042774201120528,0.7780923398049153,830,0,830.0,42,24,8,"(24, 45)",0,0.004690431519699813,105.5,56.0,source_memory,42,ATTACK,76,"(27, 45)",False,2,False,870
0,0.0,True,0.0,0.9,0.9,853,0,853.0,60,4,9,"(2, 41)",0,0.0027397260273972603,92.66666666666667,37.55555555555556,source_memory,60,ATTACK,87,"(3, 50)",False,0,False,875
5,0.0,True,0.0,0.48854663059223463,0.6680926950200282,857,0,857.0,46,1,9,"(2, 20)",0,0.0091324200913242,92.0,45.44444444444444,source_memory,46,ATTACK,76,"(5, 21)",False,1,False,875
30,0.0,True,0.0,0.6042774201120528,0.7780923398049153,834,0,834.0,43,24,9,"(25, 2)",0,0.005474452554744526,97.11111111111111,51.44444444444444,source_memory,43,ATTACK,78,"(25, 45)",False,2,False,875
0,0.0,True,0.0,0.9,0.9,858,0,858.0,60,4,9,"(2, 41)",0,0.00273224043715847,92.66666666666667,37.55555555555556,source_memory,60,ATTACK,87,"(3, 45)",False,0,False,880
5,0.0,True,0.0,0.48854663059223463,0.6680926950200282,861,0,861.0,47,1,9,"(2, 41)",0,0.009107468123861567,92.0,45.44444444444444,source_memory,47,ATTACK,77,"(2, 20)",False,1,False,880
30,0.0,True,0.0,0.6042774201120528,0.7780923398049153,839,0,839.0,43,24,9,"(25, 2)",0,0.00545950864422202,97.11111111111111,51.44444444444444,source_memory,43,ATTACK,78,"(26, 41)",False,2,False,880
0,0.0,True,0.0,0.9,0.9,863,0,863.0,60,4,9,"(2, 41)",0,0.003629764065335753,92.66666666666667,37.55555555555556,source_memory,60,ATTACK,87,"(2, 41)",False,0,False,885
5,0.0,True,0.0,0.48854663059223463,0.6680926950200282,866,0,866.0,47,1,9,"(2, 41)",0,0.009981851179673321,92.0,45.44444444444444,source_memory,47,ATTACK,77,"(3, 24)",False,1,False,885
24,0.0,True,0.0,0.5587540348516495,0.5587540348516495,844,0,844.0,43,24,9,"(25, 2)",0,0.006346328195829556,97.11111111111111,51.44444444444444,source_memory,43,ATTACK,80,"(26, 36)",False,2,False,885
0,0.0,True,0.0,0.9,0.9,867,0,867.0,61,4,10,"(3, 8)",0,0.0035587188612099642,88.6,35.0,source_memory,61,ATTACK,88,"(6, 41)",False,0,False,890
5,0.0,True,0.0,0.48854663059223463,0.6680926950200282,871,0,871.0,47,1,9,"(2, 41)",0,0.009786476868327402,92.0,45.44444444444444,source_memory,47,ATTACK,77,"(3, 29)",False,1,False,890
9,0.0,False,0.0,0.2911549166512092,0.2911549166512092,849,0,849.0,43,24,9,"(25, 2)",0,0.009777777777777778,97.11111111111111,51.44444444444444,source_memory,43,ATTACK,82,"(26, 31)",False,2,False,890
0,0.0,True,0.0,0.9,0.9,872,0,872.0,61,4,10,"(3, 8)",0,0.0035398230088495575,88.6,35.0,source_memory,61,ATTACK,88,"(11, 41)",False,0,False,895
5,0.0,True,0.0,0.5169453711998443,0.6975543010069151,876,0,876.0,47,1,9,"(2, 41)",0,0.011504424778761062,92.0,45.44444444444444,source_memory,47,ATTACK,77,"(3, 34)",False,1,False,895
9,0.0,False,0.0,0.2911549166512092,0.2911549166512092,854,0,854.0,43,24,9,"(25, 2)",0,0.009725906277630416,97.11111111111111,51.44444444444444,source_memory,43,ATTACK,82,"(26, 26)",False,2,False,895
0,0.0,True,0.0,0.9,0.9,877,0,877.0,61,4,10,"(3, 8)",0,0.050442477876106194,88.6,35.0,source_memory,61,ATTACK,89,"(12, 37)",False,0,False,900
5,0.0,True,0.0,0.5557253444610835,0.7407132674017948,881,0,881.0,47,1,9,"(2, 41)",0,0.048672566371681415,92.0,45.44444444444444,source_memory,47,ATTACK,78,"(3, 39)",False,1,False,900
9,0.0,False,0.0,0.2911549166512092,0.2911549166512092,859,0,859.0,43,24,9,"(25, 2)",0,0.04513274336283186,97.11111111111111,51.44444444444444,source_memory,43,ATTACK,83,"(26, 21)",False,2,False,900
0,0.0,True,0.0,0.9,0.9,882,0,882.0,61,4,10,"(3, 8)",0,0.04774535809018567,88.6,35.0,source_memory,61,ATTACK,89,"(12, 32)",False,0,False,905
5,0.0,True,0.0,0.5557253444610835,0.7407132674017948,885,0,885.0,48,1,10,"(15, 2)",0,0.04597701149425287,90.4,43.3,source_memory,48,ATTACK,79,"(3, 41)",False,1,False,905
9,0.0,False,0.0,0.2911549166512092,0.2911549166512092,864,0,864.0,43,24,9,"(25, 2)",0,0.042440318302387266,97.11111111111111,51.44444444444444,source_memory,43,ATTACK,83,"(26, 16)",False,2,False,905
0,0.0,True,0.0,0.9,0.9,887,0,887.0,61,4,10,"(3, 8)",0,0.037985865724381625,88.6,35.0,source_memory,61,ATTACK,89,"(12, 27)",False,0,False,910
10,0.0,True,0.0,0.5557253444610835,0.7407132674017948,890,0,890.0,48,1,10,"(15, 2)",0,0.038869257950530034,90.4,43.3,source_memory,48,ATTACK,79,"(5, 38)",False,1,False,910
14,0.0,False,0.0,0.2911549166512092,0.2911549166512092,869,0,869.0,43,24,9,"(25, 2)",0,0.036219081272084806,97.11111111111111,51.44444444444444,source_memory,43,ATTACK,83,"(26, 11)",False,2,False,910
0,0.0,True,0.0,0.9,0.9,892,0,892.0,62,4,10,"(3, 8)",0,0.028169014084507043,88.6,35.0,source_memory,62,ATTACK,90,"(12, 22)",False,0,False,915
10,0.0,True,0.0,0.5655192830161364,0.7516041155621416,895,0,895.0,48,1,10,"(15, 2)",0,0.035211267605633804,90.4,43.3,source_memory,48,ATTACK,79,"(5, 33)",False,1,False,915
14,0.0,False,0.0,0.2911549166512092,0.2911549166512092,874,0,874.0,43,24,9,"(25, 2)",0,0.03345070422535211,97.11111111111111,51.44444444444444,source_memory,43,ATTACK,83,"(25, 7)",False,2,False,915
0,0.0,True,0.0,0.9,0.9,897,0,897.0,63,4,10,"(3, 8)",0,0.02643171806167401,88.6,35.0,source_memory,63,ATTACK,91,"(16, 21)",False,0,False,920
10,0.0,True,0.0,0.5850858829824881,0.7701879424899665,900,0,900.0,48,1,10,"(15, 2)",0,0.033480176211453744,90.4,43.3,source_memory,48,ATTACK,79,"(5, 28)",False,1,False,920
14,0.0,False,0.0,0.2911549166512092,0.2911549166512092,879,0,879.0,43,24,9,"(25, 2)",0,0.03259911894273128,97.11111111111111,51.44444444444444,source_memory,43,ATTACK,83,"(25, 2)",False,2,False,920
0,0.0,True,0.0,0.9,0.9,902,0,902.0,64,4,10,"(3, 8)",0,0.025505716798592787,88.6,35.0,source_memory,64,ATTACK,93,"(17, 19)",False,0,False,925
10,0.0,True,0.0,0.6139172585342989,0.7944431872984135,905,0,905.0,49,1,10,"(15, 2)",0,0.032541776605101144,90.4,43.3,source_memory,49,ATTACK,80,"(5, 23)",False,1,False,925
14,0.0,False,0.0,0.2911549166512092,0.2911549166512092,883,0,883.0,44,24,9,"(33, 50)",0,0.032541776605101144,97.11111111111111,51.44444444444444,source_memory,44,ATTACK,85,"(25, 6)",False,2,False,925
0,0.0,True,0.0,0.9,0.9,907,0,907.0,64,4,10,"(3, 8)",0,0.025505716798592787,88.6,35.0,source_memory,64,ATTACK,93,"(15, 16)",False,0,False,930
10,0.0,True,0.0,0.659434054557525,0.827304784159545,910,0,910.0,49,1,10,"(15, 2)",0,0.032541776605101144,90.4,43.3,source_memory,49,ATTACK,81,"(7, 20)",False,1,False,930
14,0.0,False,0.0,0.2911549166512092,0.2911549166512092,888,0,888.0,45,24,9,"(33, 50)",0,0.032541776605101144,97.11111111111111,51.44444444444444,source_memory,45,ATTACK,86,"(26, 10)",False,2,False,930
0,0.0,True,0.0,0.9,0.9,912,0,912.0,64,4,10,"(3, 8)",0,0.019349164467897976,88.6,35.0,source_memory,64,ATTACK,93,"(15, 11)",False,0,False,935
3,0.0,True,0.0,0.7016815372092298,0.8576273632424238,915,0,915.0,50,1,10,"(15, 2)",0,0.024626209322779244,90.4,43.3,source_memory,50,ATTACK,82,"(12, 20)",False,1,False,935
7,0.0,False,0.0,0.2911549166512092,0.2911549166512092,893,0,893.0,45,24,9,"(33, 50)",0,0.026385224274406333,97.11111111111111,51.44444444444444,source_memory,45,ATTACK,86,"(27, 14)",False,2,False,935
0,0.0,True,0.0,0.9,0.9,917,0,917.0,64,4,10,"(3, 8)",0,0.016710642040457344,88.6,35.0,source_memory,64,ATTACK,93,"(13, 8)",False,0,False,940
0,0.0,True,0.0,0.7405260359541891,0.8823413723331929,920,0,920.0,53,1,10,"(15, 2)",0,0.01759014951627089,90.4,43.3,source_memory,53,ATTACK,85,"(16, 21)",False,1,False,940
4,0.0,False,0.0,0.2911549166512092,0.2911549166512092,898,0,898.0,45,24,9,"(33, 50)",0,0.01759014951627089,97.11111111111111,51.44444444444444,source_memory,45,ATTACK,86,"(27, 19)",False,2,False,940
0,0.0,True,0.0,0.9,0.9,922,0,922.0,64,4,10,"(3, 8)",0,0.0158311345646438,88.6,35.0,source_memory,64,ATTACK,93,"(8, 8)",False,0,False,945
4,0.0,True,0.0,0.7754128128882745,0.9020281717856964,925,0,925.0,54,1,10,"(15, 2)",0,0.0158311345646438,90.4,43.3,source_memory,54,ATTACK,86,"(17, 19)",False,1,False,945
7,0.0,False,0.0,0.2093766286433413,0.2093766286433413,903,0,903.0,45,24,9,"(33, 50)",0,0.0158311345646438,97.11111111111111,51.44444444444444,source_memory,45,ATTACK,86,"(27, 24)",False,2,False,945
0,0.0,True,0.0,0.9,0.9,927,0,927.0,64,4,10,"(3, 8)",0,0.012313104661389622,88.6,35.0,source_memory,64,ATTACK,94,"(3, 8)",False,0,False,950
4,0.0,True,0.0,0.806298119529088,0.917497952560287,930,0,930.0,54,1,10,"(15, 2)",0,0.014951627088830254,90.4,43.3,source_memory,54,ATTACK,87,"(15, 16)",False,1,False,950
7,0.0,False,0.0,0.2093766286433413,0.2093766286433413,908,0,908.0,45,24,9,"(33, 50)",0,0.012313104661389622,97.11111111111111,51.44444444444444,source_memory,45,ATTACK,87,"(27, 29)",False,2,False,950
0,0.0,True,0.0,0.9,0.9,931,0,931.0,65,4,10,"(33, 8)",0,0.011433597185576077,88.6,35.0,source_memory,65,ATTACK,95,"(7, 8)",False,0,False,955
4,0.0,True,0.0,0.8334017788604334,0.9310138076666786,935,0,935.0,54,1,10,"(15, 2)",0,0.014072119613016711,90.4,43.3,source_memory,54,ATTACK,87,"(15, 11)",False,1,False,955
7,0.0,False,0.0,0.2093766286433413,0.2093766286433413,913,0,913.0,45,24,9,"(33, 50)",0,0.011433597185576077,97.11111111111111,51.44444444444444,source_memory,45,ATTACK,87,"(27, 34)",False,2,False,955
0,0.0,True,0.0,0.9,0.9,936,0,936.0,65,4,10,"(33, 8)",0,0.008857395925597875,88.6,35.0,source_memory,65,ATTACK,95,"(12, 8)",False,0,False,960
4,0.0,True,0.0,0.8572140833354164,0.9438307861564793,940,0,940.0,54,1,10,"(15, 2)",0,0.011514614703277236,90.4,43.3,source_memory,54,ATTACK,87,"(15, 6)",False,1,False,960
3,0.0,False,0.0,0.2093766286433413,0.2093766286433413,918,0,918.0,45,24,9,"(33, 50)",0,0.008857395925597875,97.11111111111111,51.44444444444444,source_memory,45,ATTACK,87,"(27, 39)",False,2,False,960
0,0.0,True,0.0,0.9,0.9,941,0,941.0,65,4,10,"(33, 8)",0,0.008857395925597875,88.6,35.0,source_memory,65,ATTACK,95,"(16, 9)",False,0,False,965
4,0.0,True,0.0,0.8747081450202446,0.9552518612807913,944,0,944.0,55,1,10,"(21, 17)",0,0.011514614703277236,90.4,43.3,source_memory,55,ATTACK,88,"(15, 2)",False,1,False,965
3,0.0,False,0.0,0.2093766286433413,0.2093766286433413,923,0,923.0,45,24,9,"(33, 50)",0,0.008857395925597875,97.11111111111111,51.44444444444444,source_memory,45,ATTACK,87,"(27, 44)",False,2,False,965
0,0.0,True,0.0,0.9,0.9,946,0,946.0,65,4,10,"(33, 8)",0,0.008857395925597875,88.6,35.0,source_memory,65,ATTACK,95,"(21, 9)",False,0,False,970
4,0.0,True,0.0,0.8904932312136149,0.9623428975995963,949,0,949.0,55,1,10,"(21, 17)",0,0.011514614703277236,90.4,43.3,source_memory,55,ATTACK,88,"(15, 7)",False,1,False,970
3,0.0,False,0.0,0.2093766286433413,0.2093766286433413,928,0,928.0,45,24,9,"(33, 50)",0,0.008857395925597875,97.11111111111111,51.44444444444444,source_memory,45,ATTACK,87,"(28, 48)",False,2,False,970
0,0.0,True,0.0,0.9,0.9,951,0,951.0,67,4,10,"(33, 8)",0,0.008857395925597875,88.6,35.0,source_memory,67,ATTACK,98,"(26, 9)",False,0,False,975
4,0.0,True,0.0,0.9078431132514858,0.9697616772725633,954,0,954.0,55,1,10,"(21, 17)",0,0.011514614703277236,90.4,43.3,source_memory,55,ATTACK,89,"(17, 10)",False,1,False,975
3,0.0,False,0.0,0.2093766286433413,0.2093766286433413,933,0,933.0,45,24,9,"(33, 50)",0,0.008857395925597875,97.11111111111111,51.44444444444444,source_memory,45,ATTACK,88,"(33, 48)",False,2,False,975
0,0.0,True,0.0,0.9,0.9,956,0,956.0,68,4,10,"(33, 8)",0,0.007957559681697613,88.6,35.0,source_memory,68,ATTACK,99,"(27, 7)",False,0,False,980
4,0.0,True,0.0,0.9169753034133138,0.9727373372190805,959,0,959.0,55,1,10,"(21, 17)",0,0.010610079575596816,90.4,43.3,source_memory,55,ATTACK,89,"(17, 15)",False,1,False,980
3,0.0,False,0.0,0.2093766286433413,0.2093766286433413,937,0,937.0,46,24,10,"(33, 8)",0,0.008841732979664015,97.8,52.0,source_memory,46,ATTACK,89,"(33, 48)",False,2,False,980
0,0.0,True,0.0,0.9,0.9,961,0,961.0,68,4,10,"(33, 8)",0,0.007957559681697613,88.6,35.0,source_memory,68,ATTACK,99,"(26, 11)",False,0,False,985
30,0.0,True,0.0,0.5769148825035973,0.5769148825035973,964,0,964.0,55,1,10,"(21, 17)",0,0.016799292661361626,90.4,43.3,source_memory,55,ATTACK,89,"(20, 17)",False,1,False,985
31,0.0,False,0.0,0.2093766286433413,0.2093766286433413,942,0,942.0,46,24,10,"(33, 8)",0,0.008841732979664015,97.8,52.0,source_memory,46,ATTACK,89,"(30, 46)",False,2,False,985
0,0.0,True,0.0,0.9,0.9,966,0,966.0,68,4,10,"(33, 8)",0,0.007073386383731211,88.6,35.0,source_memory,68,ATTACK,99,"(30, 12)",False,0,False,990
15,0.0,True,0.0,0.5769148825035973,0.5769148825035973,968,0,968.0,56,1,11,"(2, 41)",0,0.011494252873563218,89.72727272727273,41.36363636363637,source_memory,56,ATTACK,90,"(18, 17)",False,1,False,990
16,0.0,False,0.0,0.2093766286433413,0.2093766286433413,947,0,947.0,46,24,10,"(33, 8)",0,0.01237842617152962,97.8,52.0,source_memory,46,ATTACK,89,"(29, 42)",False,2,False,990
0,0.0,True,0.0,0.9,0.9,971,0,971.0,68,4,10,"(33, 8)",0,0.004409171075837742,88.6,35.0,source_memory,68,ATTACK,99,"(31, 8)",False,0,False,995
15,0.0,True,0.0,0.5769148825035973,0.5769148825035973,973,0,973.0,56,1,11,"(2, 41)",0,0.008818342151675485,89.72727272727273,41.36363636363637,source_memory,56,ATTACK,90,"(17, 21)",False,1,False,995
16,0.0,False,0.0,0.2093766286433413,0.2093766286433413,952,0,952.0,46,24,10,"(33, 8)",0,0.012345679012345678,97.8,52.0,source_memory,46,ATTACK,89,"(29, 37)",False,2,False,995
0,0.0,True,0.0,0.9,0.9,975,0,975.0,69,4,11,"(24, 45)",0,0.004393673110720563,90.72727272727273,36.09090909090909,source_memory,69,ATTACK,101,"(31, 8)",False,0,False,1000
15,0.0,True,0.0,0.5797439389899732,0.6062775319244514,978,0,978.0,56,1,11,"(2, 41)",0,0.008787346221441126,89.72727272727273,41.36363636363637,source_memory,56,ATTACK,91,"(13, 22)",False,1,False,1000
16,0.0,False,0.0,0.2093766286433413,0.2093766286433413,957,0,957.0,46,24,10,"(33, 8)",0,0.013181019332161687,97.8,52.0,source_memory,46,ATTACK,90,"(29, 32)",False,2,False,1000
0,0.0,True,0.0,0.9,0.9,980,0,980.0,69,4,11,"(24, 45)",0,0.004393673110720563,90.72727272727273,36.09090909090909,source_memory,69,ATTACK,101,"(30, 12)",False,0,False,1005
15,0.0,True,0.0,0.5862539330885564,0.6356798570445753,983,0,983.0,56,1,11,"(2, 41)",0,0.008787346221441126,89.72727272727273,41.36363636363637,source_memory,56,ATTACK,91,"(8, 22)",False,1,False,1005
16,0.0,False,0.0,0.2093766286433413,0.2093766286433413,962,0,962.0,46,24,10,"(33, 8)",0,0.014059753954305799,97.8,52.0,source_memory,46,ATTACK,90,"(29, 27)",False,2,False,1005
0,0.0,True,0.0,0.9,0.9,985,0,985.0,69,4,11,"(24, 45)",0,0.0026292725679228747,90.72727272727273,36.09090909090909,source_memory,69,ATTACK,101,"(26, 13)",False,0,False,1010
13,0.0,True,0.0,0.5967773498987466,0.6710504412578268,988,0,988.0,56,1,11,"(2, 41)",0,0.007011393514460999,89.72727272727273,41.36363636363637,source_memory,56,ATTACK,91,"(8, 27)",False,1,False,1010
7,0.0,False,0.0,0.10229677826769105,0.10229677826769105,967,0,967.0,46,24,10,"(33, 8)",0,0.012269938650306749,97.8,52.0,source_memory,46,ATTACK,92,"(29, 22)",False,2,False,1010
0,0.0,True,0.0,0.9,0.9,990,0,990.0,69,4,11,"(24, 45)",0,0.0026223776223776225,90.72727272727273,36.09090909090909,source_memory,69,ATTACK,101,"(26, 18)",False,0,False,1015
5,0.0,True,0.0,0.6202283997827137,0.7158474639855431,993,0,993.0,56,1,11,"(2, 41)",0,0.0034965034965034965,89.72727272727273,41.36363636363637,source_memory,56,ATTACK,91,"(8, 32)",False,1,False,1015
4,0.0,False,0.0,0.11752557426127987,0.23515480093717323,972,0,972.0,46,24,10,"(33, 8)",0,0.012237762237762238,97.8,52.0,source_memory,46,ATTACK,92,"(29, 17)",False,2,False,1015
0,0.0,True,0.0,0.9,0.9,995,0,995.0,69,4,11,"(24, 45)",0,0.0026223776223776225,90.72727272727273,36.09090909090909,source_memory,69,ATTACK,101,"(26, 23)",False,0,False,1020
9,0.0,True,0.0,0.6413691372146073,0.7429803848119961,998,0,998.0,56,1,11,"(2, 41)",0,0.007867132867132868,89.72727272727273,41.36363636363637,source_memory,56,ATTACK,91,"(7, 36)",False,1,False,1020
7,0.0,False,0.0,0.16636154826821206,0.38671510368403644,977,0,977.0,46,24,10,"(33, 8)",0,0.007867132867132868,97.8,52.0,source_memory,46,ATTACK,92,"(29, 12)",False,2,False,1020
0,0.0,True,0.0,0.9,0.9,1000,0,1000.0,69,4,11,"(24, 45)",0,0.0026223776223776225,90.72727272727273,36.09090909090909,source_memory,69,ATTACK,102,"(26, 28)",False,0,False,1025
9,0.0,True,0.0,0.6413691372146073,0.7429803848119961,1003,0,1003.0,56,1,11,"(2, 41)",0,0.004370629370629371,89.72727272727273,41.36363636363637,source_memory,56,ATTACK,92,"(4, 38)",False,1,False,1025
3,0.0,False,0.0,0.21391720251514684,0.3567028203582359,982,0,982.0,46,24,10,"(33, 8)",0,0.0034965034965034965,97.8,52.0,source_memory,46,ATTACK,94,"(30, 8)",False,2,False,1025
0,0.0,True,0.0,0.9,0.9,1005,0,1005.0,69,4,11,"(24, 45)",0,0.0026223776223776225,90.72727272727273,36.09090909090909,source_memory,69,ATTACK,102,"(26, 33)",False,0,False,1030
9,0.0,True,0.0,0.6413691372146073,0.7429803848119961,1008,0,1008.0,56,1,11,"(2, 41)",0,0.0034965034965034965,89.72727272727273,41.36363636363637,source_memory,56,ATTACK,92,"(2, 41)",False,1,False,1030
2,0.0,False,0.0,0.2499624491114068,0.45583773140680206,986,0,986.0,47,24,10,"(33, 30)",0,0.0034965034965034965,97.8,52.0,source_memory,47,ATTACK,95,"(32, 8)",False,2,False,1030
0,0.0,True,0.0,0.9,0.9,1010,0,1010.0,69,4,11,"(24, 45)",0,0.0026223776223776225,90.72727272727273,36.09090909090909,source_memory,69,ATTACK,102,"(26, 38)",False,0,False,1035
9,0.0,True,0.0,0.6413691372146073,0.7429803848119961,1012,0,1012.0,57,1,11,"(33, 50)",0,0.0034965034965034965,89.72727272727273,41.36363636363637,source_memory,57,ATTACK,93,"(4, 43)",False,1,False,1035
2,0.0,False,0.0,0.2499624491114068,0.45583773140680206,991,0,991.0,47,24,10,"(33, 30)",0,0.0034965034965034965,97.8,52.0,source_memory,47,ATTACK,95,"(30, 11)",False,2,False,1035
0,0.0,True,0.0,0.9,0.9,1015,0,1015.0,69,4,11,"(24, 45)",0,0.0026223776223776225,90.72727272727273,36.09090909090909,source_memory,69,ATTACK,102,"(26, 43)",False,0,False,1040
9,0.0,True,0.0,0.6413691372146073,0.7429803848119961,1017,0,1017.0,57,1,11,"(33, 50)",0,0.0034965034965034965,89.72727272727273,41.36363636363637,source_memory,57,ATTACK,93,"(6, 46)",False,1,False,1040
2,0.0,False,0.0,0.2609998646096737,0.4707107590767455,996,0,996.0,47,24,10,"(33, 30)",0,0.0034965034965034965,97.8,52.0,source_memory,47,ATTACK,95,"(29, 15)",False,2,False,1040
0,0.0,True,0.0,0.9,0.9,1019,0,1019.0,70,4,11,"(2, 20)",0,0.0026223776223776225,90.72727272727273,36.09090909090909,source_memory,70,ATTACK,103,"(24, 45)",False,0,False,1045
9,0.0,True,0.0,0.6413691372146073,0.7429803848119961,1022,0,1022.0,57,1,11,"(33, 50)",0,0.0034965034965034965,89.72727272727273,41.36363636363637,source_memory,57,ATTACK,93,"(11, 46)",False,1,False,1045
2,0.0,True,0.0,0.3197576100956277,0.55043383894132,1001,0,1001.0,47,24,10,"(33, 30)",0,0.005244755244755245,97.8,52.0,source_memory,47,ATTACK,95,"(29, 20)",False,2,False,1045
0,0.0,True,0.0,0.9,0.9,1024,0,1024.0,70,4,11,"(2, 20)",0,0.04108391608391608,90.72727272727273,36.09090909090909,source_memory,70,ATTACK,104,"(25, 41)",False,0,False,1050
9,0.0,True,0.0,0.6519668300177912,0.7520844637301195,1027,0,1027.0,57,1,11,"(33, 50)",0,0.04195804195804196,89.72727272727273,41.36363636363637,source_memory,57,ATTACK,94,"(13, 49)",False,1,False,1050
2,0.0,True,0.0,0.3691641491873078,0.6048149425069684,1006,0,1006.0,47,24,10,"(33, 30)",0,0.037587412587412584,97.8,52.0,source_memory,47,ATTACK,96,"(29, 25)",False,2,False,1050
0,0.0,True,0.0,0.9,0.9,1029,0,1029.0,70,4,11,"(2, 20)",0,0.03409090909090909,90.72727272727273,36.09090909090909,source_memory,70,ATTACK,104,"(25, 36)",False,0,False,1055
9,0.0,True,0.0,0.6519668300177912,0.7520844637301195,1032,0,1032.0,57,1,11,"(33, 50)",0,0.03409090909090909,89.72727272727273,41.36363636363637,source_memory,57,ATTACK,94,"(18, 49)",False,1,False,1055
2,0.0,True,0.0,0.3691641491873078,0.6048149425069684,1011,0,1011.0,47,24,10,"(33, 30)",0,0.03583916083916084,97.8,52.0,source_memory,47,ATTACK,96,"(29, 30)",False,2,False,1055
0,0.0,True,0.0,0.9,0.9,1034,0,1034.0,70,4,11,"(2, 20)",0,0.033245844269466314,90.72727272727273,36.09090909090909,source_memory,70,ATTACK,104,"(25, 31)",False,0,False,1060
13,0.0,True,0.0,0.6519668300177912,0.7520844637301195,1037,0,1037.0,57,1,11,"(33, 50)",0,0.03674540682414698,89.72727272727273,41.36363636363637,source_memory,57,ATTACK,94,"(23, 49)",False,1,False,1060
6,0.0,True,0.0,0.4329327405141683,0.6777852471354303,1015,0,1015.0,48,24,11,"(2, 41)",0,0.03499562554680665,96.36363636363636,50.09090909090909,source_memory,48,ATTACK,97,"(33, 30)",False,2,False,1060
0,0.0,True,0.0,0.9,0.9,1039,0,1039.0,70,4,11,"(2, 20)",0,0.033245844269466314,90.72727272727273,36.09090909090909,source_memory,70,ATTACK,104,"(25, 26)",False,0,False,1065
13,0.0,True,0.0,0.6802089156613427,0.7903830494460683,1042,0,1042.0,57,1,11,"(33, 50)",0,0.03587051618547681,89.72727272727273,41.36363636363637,source_memory,57,ATTACK,94,"(28, 49)",False,1,False,1065
6,0.0,True,0.0,0.496676193648364,0.7375383817255646,1020,0,1020.0,48,24,11,"(2, 41)",0,0.03499562554680665,96.36363636363636,50.09090909090909,source_memory,48,ATTACK,97,"(29, 31)",False,2,False,1065
0,0.0,True,0.0,0.9,0.9,1044,0,1044.0,70,4,11,"(2, 20)",0,0.03237095363079615,90.72727272727273,36.09090909090909,source_memory,70,ATTACK,104,"(21, 25)",False,0,False,1070
13,0.0,True,0.0,0.6918669242133799,0.8025106761729325,1047,0,1047.0,57,1,11,"(33, 50)",0,0.03412073490813648,89.72727272727273,41.36363636363637,source_memory,57,ATTACK,94,"(33, 49)",False,1,False,1070
6,0.0,True,0.0,0.5577037370150151,0.7817882656750089,1025,0,1025.0,48,24,11,"(2, 41)",0,0.03062117235345582,96.36363636363636,50.09090909090909,source_memory,48,ATTACK,97,"(26, 33)",False,2,False,1070
0,0.0,True,0.0,0.9,0.9,1049,0,1049.0,70,4,11,"(2, 20)",0,0.026246719160104987,90.72727272727273,36.09090909090909,source_memory,70,ATTACK,105,"(19, 22)",False,0,False,1075
13,0.0,True,0.0,0.6918669242133799,0.8025106761729325,1051,0,1051.0,58,1,12,"(24, 45)",0,0.031496062992125984,89.33333333333333,41.333333333333336,source_memory,58,ATTACK,96,"(30, 50)",False,1,False,1075
6,0.0,True,0.0,0.6129660841102074,0.8134399280292616,1030,0,1030.0,50,24,11,"(2, 41)",0,0.026246719160104987,96.36363636363636,50.09090909090909,source_memory,50,ATTACK,99,"(21, 33)",False,2,False,1075
0,0.0,True,0.0,0.9,0.9,1054,0,1054.0,70,4,11,"(2, 20)",0,0.024539877300613498,90.72727272727273,36.09090909090909,source_memory,70,ATTACK,105,"(15, 21)",False,0,False,1080
13,0.0,True,0.0,0.7034693317990235,0.813817737580977,1056,0,1056.0,58,1,12,"(24, 45)",0,0.03064798598949212,89.33333333333333,41.333333333333336,source_memory,58,ATTACK,96,"(28, 47)",False,1,False,1080
6,0.0,True,0.0,0.6528471520263872,0.835880882538882,1035,0,1035.0,50,24,11,"(2, 41)",0,0.02276707530647986,96.36363636363636,50.09090909090909,source_memory,50,ATTACK,99,"(19, 36)",False,2,False,1080
0,0.0,True,0.0,0.9,0.9,1059,0,1059.0,70,4,11,"(2, 20)",0,0.022787028921998246,90.72727272727273,36.09090909090909,source_memory,70,ATTACK,105,"(11, 20)",False,0,False,1085
13,0.0,True,0.0,0.7265492557844367,0.835334350514465,1061,0,1061.0,58,1,12,"(24, 45)",0,0.03064798598949212,89.33333333333333,41.333333333333336,source_memory,58,ATTACK,96,"(24, 46)",False,1,False,1085
6,0.0,True,0.0,0.6805134611694235,0.851813771235098,1040,0,1040.0,50,24,11,"(2, 41)",0,0.021891418563922942,96.36363636363636,50.09090909090909,source_memory,50,ATTACK,99,"(19, 41)",False,2,False,1085
0,0.0,True,0.0,0.9,0.9,1064,0,1064.0,70,4,11,"(2, 20)",0,0.021910604732690624,90.72727272727273,36.09090909090909,source_memory,70,ATTACK,105,"(6, 20)",False,0,False,1090
13,0.0,True,0.0,0.7378751551529819,0.8450406378573496,1065,0,1065.0,59,1,12,"(33, 8)",0,0.03064798598949212,89.33333333333333,41.333333333333336,source_memory,59,ATTACK,97,"(26, 44)",False,1,False,1090
6,0.0,True,0.0,0.6805134611694235,0.851813771235098,1045,0,1045.0,50,24,11,"(2, 41)",0,0.02276707530647986,96.36363636363636,50.09090909090909,source_memory,50,ATTACK,99,"(14, 41)",False,2,False,1090
0,0.0,True,0.0,0.9,0.9,1068,0,1068.0,71,4,12,"(15, 2)",0,0.021034180543382998,91.25,37.25,source_memory,71,ATTACK,106,"(2, 20)",False,0,False,1095
27,0.0,True,0.0,0.7653701337168136,0.8674597034995973,1070,0,1070.0,59,1,12,"(33, 8)",0,0.043782837127845885,89.33333333333333,41.333333333333336,source_memory,59,ATTACK,97,"(29, 42)",False,1,False,1095
20,0.0,True,0.0,0.6805134611694235,0.851813771235098,1050,0,1050.0,50,24,11,"(2, 41)",0,0.01926444833625219,96.36363636363636,50.09090909090909,source_memory,50,ATTACK,99,"(9, 41)",False,2,False,1095
0,0.0,True,0.0,0.9,0.9,1073,0,1073.0,71,4,12,"(15, 2)",0,0.020157756354075372,91.25,37.25,source_memory,71,ATTACK,107,"(7, 20)",False,0,False,1100
27,0.08712510662273587,True,0.08712510662273587,0.7909778576170052,0.885342585667647,1075,0,1075.0,59,1,12,"(33, 8)",0,0.04203152364273205,89.33333333333333,41.333333333333336,source_memory,59,ATTACK,98,"(29, 37)",False,1,False,1100
20,0.0,True,0.0,0.6805134611694235,0.851813771235098,1055,0,1055.0,50,24,11,"(2, 41)",0,0.02276707530647986,96.36363636363636,50.09090909090909,source_memory,50,ATTACK,100,"(4, 41)",False,2,False,1100
0,0.0,True,0.0,0.9,0.9,1078,0,1078.0,71,4,12,"(15, 2)",0,0.019281332164767746,91.25,37.25,source_memory,71,ATTACK,107,"(12, 20)",False,0,False,1105
27,0.08712510662273587,True,0.08712510662273587,0.8146006199375598,0.9012611510637857,1080,0,1080.0,59,1,12,"(33, 8)",0,0.04203152364273205,89.33333333333333,41.333333333333336,source_memory,59,ATTACK,103,"(29, 32)",False,1,False,1105
20,0.0,True,0.0,0.6805134611694235,0.851813771235098,1059,0,1059.0,51,24,11,"(21, 17)",0,0.02626970227670753,96.36363636363636,50.09090909090909,source_memory,51,ATTACK,101,"(4, 41)",False,2,False,1105
0,0.0,True,0.0,0.9,0.9,1083,0,1083.0,71,4,12,"(15, 2)",0,0.019281332164767746,91.25,37.25,source_memory,71,ATTACK,107,"(14, 17)",False,0,False,1110
27,0.08712510662273587,True,0.08712510662273587,0.8361933690552341,0.9151597108692083,1085,0,1085.0,59,1,12,"(33, 8)",0,0.042907180385288964,89.33333333333333,41.333333333333336,source_memory,59,ATTACK,108,"(29, 27)",False,1,False,1110
20,0.0,True,0.0,0.6805134611694235,0.851813771235098,1064,0,1064.0,51,24,11,"(21, 17)",0,0.023642732049036778,96.36363636363636,50.09090909090909,source_memory,51,ATTACK,101,"(9, 41)",False,2,False,1110
0,0.0,True,0.0,0.9,0.9,1088,0,1088.0,71,4,12,"(15, 2)",0,0.019281332164767746,91.25,37.25,source_memory,71,ATTACK,107,"(15, 13)",False,0,False,1115
13,0.0,False,0.0,0.4724844531669832,0.4724844531669832,1090,0,1090.0,59,1,12,"(33, 8)",0,0.02626970227670753,89.33333333333333,41.333333333333336,source_memory,59,ATTACK,113,"(29, 22)",False,1,False,1115
20,0.0,True,0.0,0.6805134611694235,0.851813771235098,1069,0,1069.0,51,24,11,"(21, 17)",0,0.023642732049036778,96.36363636363636,50.09090909090909,source_memory,51,ATTACK,101,"(12, 39)",False,2,False,1115
0,0.0,True,0.0,0.9,0.9,1093,0,1093.0,71,4,12,"(15, 2)",0,0.016652059596844872,91.25,37.25,source_memory,71,ATTACK,107,"(15, 8)",False,0,False,1120
9,0.0,False,0.0,0.3024705663728234,0.3024705663728234,1095,0,1095.0,59,1,12,"(33, 8)",0,0.020140105078809107,89.33333333333333,41.333333333333336,source_memory,59,ATTACK,114,"(29, 17)",False,1,False,1120
20,0.0,True,0.0,0.6805134611694235,0.851813771235098,1074,0,1074.0,51,24,11,"(21, 17)",0,0.0148861646234676,96.36363636363636,50.09090909090909,source_memory,51,ATTACK,101,"(17, 39)",False,2,False,1120
0,0.0,True,0.0,0.9,0.9,1098,0,1098.0,71,4,12,"(15, 2)",0,0.01399825021872266,91.25,37.25,source_memory,71,ATTACK,108,"(15, 3)",False,0,False,1125
8,0.0,False,0.0,0.3024705663728234,0.3024705663728234,1100,0,1100.0,59,1,12,"(33, 8)",0,0.011363636363636364,89.33333333333333,41.333333333333336,source_memory,59,ATTACK,115,"(29, 12)",False,1,False,1125
20,0.0,True,0.0,0.6805134611694235,0.851813771235098,1079,0,1079.0,51,24,11,"(21, 17)",0,0.018356643356643356,96.36363636363636,50.09090909090909,source_memory,51,ATTACK,102,"(20, 37)",False,2,False,1125
0,0.0,True,0.0,0.9,0.9,1102,0,1102.0,72,4,12,"(21, 17)",0,0.010498687664041995,91.25,37.25,source_memory,72,ATTACK,109,"(15, 5)",False,0,False,1130
4,0.0,False,0.0,0.3024705663728234,0.3024705663728234,1105,0,1105.0,59,1,12,"(33, 8)",0,0.007867132867132868,89.33333333333333,41.333333333333336,source_memory,59,ATTACK,115,"(30, 8)",False,1,False,1130
20,0.0,True,0.0,0.6805134611694235,0.851813771235098,1084,0,1084.0,51,24,11,"(21, 17)",0,0.018356643356643356,96.36363636363636,50.09090909090909,source_memory,51,ATTACK,102,"(20, 32)",False,2,False,1130
0,0.0,True,0.0,0.9,0.9,1107,0,1107.0,72,4,12,"(21, 17)",0,0.010498687664041995,91.25,37.25,source_memory,72,ATTACK,109,"(17, 8)",False,0,False,1135
8,0.0,False,0.0,0.3024705663728234,0.3024705663728234,1109,0,1109.0,60,1,13,"(33, 50)",0,0.007867132867132868,87.23076923076923,41.76923076923077,source_memory,60,ATTACK,116,"(33, 9)",False,1,False,1135
24,0.0,True,0.0,0.722091763796455,0.8719968953055549,1089,0,1089.0,51,24,11,"(21, 17)",0,0.018356643356643356,96.36363636363636,50.09090909090909,source_memory,51,ATTACK,102,"(19, 28)",False,2,False,1135
0,0.0,True,0.0,0.9,0.9,1112,0,1112.0,72,4,12,"(21, 17)",0,0.010498687664041995,91.25,37.25,source_memory,72,ATTACK,109,"(17, 13)",False,0,False,1140
8,0.0,False,0.0,0.3024705663728234,0.3024705663728234,1114,0,1114.0,60,1,13,"(33, 50)",0,0.007867132867132868,87.23076923076923,41.76923076923077,source_memory,60,ATTACK,116,"(29, 10)",False,1,False,1140
24,0.0,True,0.0,0.7584973817718424,0.8895576175084977,1094,0,1094.0,51,24,11,"(21, 17)",0,0.020104895104895104,96.36363636363636,50.09090909090909,source_memory,51,ATTACK,102,"(19, 23)",False,2,False,1140
0,0.0,True,0.0,0.9,0.9,1117,0,1117.0,72,4,12,"(21, 17)",0,0.010498687664041995,91.25,37.25,source_memory,72,ATTACK,109,"(18, 17)",False,0,False,1145
8,0.0,False,0.0,0.3024705663728234,0.3024705663728234,1119,0,1119.0,60,1,13,"(33, 50)",0,0.007867132867132868,87.23076923076923,41.76923076923077,source_memory,60,ATTACK,116,"(29, 15)",False,1,False,1145
24,0.0,True,0.0,0.7907278148699782,0.9091095989679802,1099,0,1099.0,51,24,11,"(21, 17)",0,0.02097902097902098,96.36363636363636,50.09090909090909,source_memory,51,ATTACK,102,"(19, 18)",False,2,False,1145
0,0.0,True,0.0,0.9,0.9,1121,0,1121.0,73,4,13,"(25, 2)",0,0.007874015748031496,88.38461538461539,36.07692307692308,source_memory,73,ATTACK,111,"(20, 17)",False,0,False,1150
8,0.0,False,0.0,0.306518798582316,0.3585262174728933,1124,0,1124.0,60,1,13,"(33, 50)",0,0.007867132867132868,87.23076923076923,41.76923076923077,source_memory,60,ATTACK,117,"(28, 19)",False,1,False,1150
24,0.0,True,0.0,0.8206051653284057,0.9302299568012594,1100,0,1100.0,52,28,11,"(21, 17)",0,0.009615384615384616,96.36363636363636,50.09090909090909,source_memory,52,ATTACK,105,"(19, 17)",False,2,False,1150
0,0.0,True,0.0,0.9,0.9,1125,0,1125.0,73,5,13,"(25, 2)",0,0.007874015748031496,88.38461538461539,36.07692307692308,source_memory,73,ATTACK,111,"(18, 15)",False,0,False,1155
8,0.0,False,0.0,0.31025904954559375,0.3813238178478711,1129,0,1129.0,60,1,13,"(33, 50)",0,0.007867132867132868,87.23076923076923,41.76923076923077,source_memory,60,ATTACK,117,"(28, 24)",False,1,False,1155
24,0.0,True,0.0,0.8372980863265583,0.9407531960732274,1105,0,1105.0,52,28,11,"(21, 17)",0,0.008741258741258742,96.36363636363636,50.09090909090909,source_memory,52,ATTACK,105,"(19, 22)",False,2,False,1155
0,0.0,True,0.0,0.9,0.9,1130,0,1130.0,73,5,13,"(25, 2)",0,0.005253940455341506,88.38461538461539,36.07692307692308,source_memory,73,ATTACK,111,"(19, 11)",False,0,False,1160
8,0.0,False,0.0,0.33669265570421314,0.45095671705475787,1134,0,1134.0,60,1,13,"(33, 50)",0,0.00699912510936133,87.23076923076923,41.76923076923077,source_memory,60,ATTACK,117,"(28, 29)",False,1,False,1160
24,0.0,True,0.0,0.8576259072975934,0.9492224367553314,1110,0,1110.0,52,28,11,"(21, 17)",0,0.012248468941382326,96.36363636363636,50.09090909090909,source_memory,52,ATTACK,105,"(21, 25)",False,2,False,1160
0,0.0,True,0.0,0.9,0.9,1135,0,1135.0,73,5,13,"(25, 2)",0,0.005253940455341506,88.38461538461539,36.07692307692308,source_memory,73,ATTACK,111,"(22, 9)",False,0,False,1165
8,0.0,True,0.0,0.37074127345566243,0.5101392584444681,1139,0,1139.0,60,1,13,"(33, 50)",0,0.00699912510936133,87.23076923076923,41.76923076923077,source_memory,60,ATTACK,117,"(28, 34)",False,1,False,1165
22,0.0,True,0.0,0.8722502673765924,0.8941891521761328,1115,0,1115.0,53,28,11,"(21, 17)",0,0.013123359580052493,96.36363636363636,50.09090909090909,source_memory,53,ATTACK,106,"(22, 25)",False,2,False,1165
0,0.0,True,0.0,0.9,0.9,1140,0,1140.0,73,5,13,"(25, 2)",0,0.0043782837127845885,88.38461538461539,36.07692307692308,source_memory,73,ATTACK,111,"(25, 7)",False,0,False,1170
8,0.0,True,0.0,0.4099861301096239,0.5639354364239898,1144,0,1144.0,60,1,13,"(33, 50)",0,0.00699912510936133,87.23076923076923,41.76923076923077,source_memory,60,ATTACK,117,"(28, 39)",False,1,False,1170
22,0.0,True,0.0,0.8722502673765924,0.8941891521761328,1120,0,1120.0,53,28,11,"(21, 17)",0,0.01399825021872266,96.36363636363636,50.09090909090909,source_memory,53,ATTACK,106,"(19, 23)",False,2,False,1170
0,0.0,True,0.0,0.9,0.9,1145,0,1145.0,73,5,13,"(25, 2)",0,0.0043782837127845885,88.38461538461539,36.07692307692308,source_memory,73,ATTACK,112,"(25, 2)",False,0,False,1175
12,0.0,True,0.0,0.4181644797101069,0.5735531221192834,1149,0,1149.0,61,1,13,"(33, 50)",0,0.008748906386701663,87.23076923076923,41.76923076923077,source_memory,61,ATTACK,118,"(30, 42)",False,1,False,1175
26,0.0,True,0.0,0.8779775573032185,0.9081264712459208,1125,0,1125.0,53,28,11,"(21, 17)",0,0.015748031496062992,96.36363636363636,50.09090909090909,source_memory,53,ATTACK,107,"(19, 18)",False,2,False,1175
0,0.0,True,0.0,0.9,0.9,1149,0,1149.0,74,5,13,"(33, 30)",0,0.0043859649122807015,88.38461538461539,36.07692307692308,source_memory,74,ATTACK,113,"(25, 6)",False,0,False,1180
12,0.0,True,0.0,0.4181644797101069,0.5735531221192834,1154,0,1154.0,61,1,13,"(33, 50)",0,0.008764241893076249,87.23076923076923,41.76923076923077,source_memory,61,ATTACK,118,"(32, 45)",False,1,False,1180
26,0.0,True,0.0,0.8853084996937232,0.9238920590483555,1129,0,1129.0,54,28,12,"(2, 41)",0,0.012269938650306749,98.25,52.25,source_memory,54,ATTACK,108,"(20, 17)",False,2,False,1180
0,0.0,True,0.0,0.9,0.9,1154,0,1154.0,74,5,13,"(33, 30)",0,0.004370629370629371,88.38461538461539,36.07692307692308,source_memory,74,ATTACK,113,"(28, 8)",False,0,False,1185
12,0.0,True,0.0,0.4181644797101069,0.5735531221192834,1159,0,1159.0,61,1,13,"(33, 50)",0,0.008733624454148471,87.23076923076923,41.76923076923077,source_memory,61,ATTACK,118,"(33, 49)",False,1,False,1185
26,0.0,True,0.0,0.8914439259606535,0.9300457914761999,1134,0,1134.0,54,28,12,"(2, 41)",0,0.013100436681222707,98.25,52.25,source_memory,54,ATTACK,108,"(18, 20)",False,2,False,1185
0,0.0,True,0.0,0.9,0.9,1159,0,1159.0,74,5,13,"(33, 30)",0,0.004370629370629371,88.38461538461539,36.07692307692308,source_memory,74,ATTACK,113,"(28, 13)",False,0,False,1190
12,0.0,True,0.0,0.4181644797101069,0.5735531221192834,1163,0,1163.0,62,1,13,"(25, 2)",0,0.008733624454148471,87.23076923076923,41.76923076923077,source_memory,62,ATTACK,119,"(30, 50)",False,1,False,1190
25,0.0,True,0.0,0.9013660714203805,0.9384403809200693,1139,0,1139.0,54,28,12,"(2, 41)",0,0.013100436681222707,98.25,52.25,source_memory,54,ATTACK,108,"(18, 25)",False,2,False,1190
0,0.0,True,0.0,0.9,0.9,1164,0,1164.0,74,5,13,"(33, 30)",0,0.0034965034965034965,88.38461538461539,36.07692307692308,source_memory,74,ATTACK,113,"(28, 18)",False,0,False,1195
11,0.0,True,0.0,0.4181644797101069,0.5735531221192834,1168,0,1168.0,62,1,13,"(25, 2)",0,0.007860262008733625,87.23076923076923,41.76923076923077,source_memory,62,ATTACK,119,"(29, 46)",False,1,False,1195
10,0.0,True,0.0,0.910709348815014,0.9455081418597776,1144,0,1144.0,55,28,12,"(2, 41)",0,0.008733624454148471,98.25,52.25,source_memory,55,ATTACK,109,"(14, 26)",False,2,False,1195
0,0.0,True,0.0,0.9,0.9,1169,0,1169.0,74,5,13,"(33, 30)",0,0.04108391608391608,88.38461538461539,36.07692307692308,source_memory,74,ATTACK,114,"(28, 23)",False,0,False,1200
9,0.0,True,0.0,0.4181644797101069,0.5735531221192834,1173,0,1173.0,63,1,13,"(25, 2)",0,0.03842794759825328,87.23076923076923,41.76923076923077,source_memory,63,ATTACK,120,"(28, 42)",False,1,False,1200
9,0.0,True,0.0,0.910709348815014,0.9455081418597776,1149,0,1149.0,56,28,12,"(2, 41)",0,0.03668122270742358,98.25,52.25,source_memory,56,ATTACK,110,"(13, 30)",False,2,False,1200
0,0.0,True,0.0,0.9,0.9,1174,0,1174.0,74,5,13,"(33, 30)",0,0.039335664335664336,88.38461538461539,36.07692307692308,source_memory,74,ATTACK,114,"(29, 27)",False,0,False,1205
9,0.0,True,0.0,0.4181644797101069,0.5735531221192834,1178,0,1178.0,63,1,13,"(25, 2)",0,0.03580786026200873,87.23076923076923,41.76923076923077,source_memory,63,ATTACK,120,"(27, 38)",False,1,False,1205
9,0.0,True,0.0,0.910709348815014,0.9455081418597776,1154,0,1154.0,56,28,12,"(2, 41)",0,0.03580786026200873,98.25,52.25,source_memory,56,ATTACK,110,"(12, 34)",False,2,False,1205
0,0.0,True,0.0,0.9,0.9,1179,0,1179.0,74,5,13,"(33, 30)",0,0.032342657342657344,88.38461538461539,36.07692307692308,source_memory,74,ATTACK,114,"(31, 30)",False,0,False,1210
9,0.0,True,0.0,0.44431503578610004,0.6167156783387482,1183,0,1183.0,64,1,13,"(25, 2)",0,0.029694323144104803,87.23076923076923,41.76923076923077,source_memory,64,ATTACK,121,"(26, 34)",False,1,False,1210
9,0.0,True,0.0,0.910709348815014,0.9455081418597776,1159,0,1159.0,56,28,12,"(2, 41)",0,0.029694323144104803,98.25,52.25,source_memory,56,ATTACK,110,"(10, 37)",False,2,False,1210
0,0.0,True,0.0,0.9,0.9,1183,0,1183.0,75,5,14,"(2, 41)",0,0.030594405594405596,86.64285714285714,36.142857142857146,source_memory,75,ATTACK,115,"(31, 30)",False,0,False,1215
25,0.0,True,0.0,0.4928321458434249,0.6830397508224898,1188,0,1188.0,64,1,13,"(25, 2)",0,0.02445414847161572,87.23076923076923,41.76923076923077,source_memory,64,ATTACK,121,"(26, 29)",False,1,False,1215
25,0.0,True,0.0,0.910709348815014,0.9455081418597776,1164,0,1164.0,56,28,12,"(2, 41)",0,0.04192139737991266,98.25,52.25,source_memory,56,ATTACK,110,"(9, 41)",False,2,False,1215
0,0.0,True,0.0,0.9,0.9,1188,0,1188.0,75,5,14,"(2, 41)",0,0.02974628171478565,86.64285714285714,36.142857142857146,source_memory,75,ATTACK,115,"(29, 33)",False,0,False,1220
25,0.0,True,0.0,0.5441452265963027,0.7401966230340595,1193,0,1193.0,64,1,13,"(25, 2)",0,0.030594405594405596,87.23076923076923,41.76923076923077,source_memory,64,ATTACK,126,"(26, 24)",False,1,False,1220
25,0.0,True,0.0,0.910709348815014,0.9455081418597776,1169,0,1169.0,56,28,12,"(2, 41)",0,0.04195804195804196,98.25,52.25,source_memory,56,ATTACK,110,"(4, 41)",False,2,False,1220
0,0.0,True,0.0,0.9,0.9,1193,0,1193.0,76,5,14,"(2, 41)",0,0.02972027972027972,86.64285714285714,36.142857142857146,source_memory,76,ATTACK,116,"(25, 34)",False,0,False,1225
18,2.3602252396315393,True,2.3602252396315393,0.579407914055437,0.579407914055437,1198,0,1198.0,64,1,13,"(25, 2)",0,0.026223776223776224,87.23076923076923,41.76923076923077,source_memory,64,ATTACK,131,"(26, 19)",False,1,False,1225
24,0.0,True,0.0,0.910709348815014,0.9455081418597776,1173,0,1173.0,57,28,12,"(33, 8)",0,0.04020979020979021,98.25,52.25,source_memory,57,ATTACK,112,"(4, 41)",False,2,False,1225
0,0.0,True,0.0,0.9,0.9,1198,0,1198.0,77,5,14,"(2, 41)",0,0.027097902097902096,86.64285714285714,36.142857142857146,source_memory,77,ATTACK,117,"(20, 34)",False,0,False,1230
5,0.0,False,0.0,0.26839340246521415,0.26839340246521415,1203,0,1203.0,64,1,13,"(25, 2)",0,0.019230769230769232,87.23076923076923,41.76923076923077,source_memory,64,ATTACK,133,"(26, 14)",False,1,False,1230
22,0.0,True,0.0,0.910709348815014,0.9455081418597776,1178,0,1178.0,57,28,12,"(33, 8)",0,0.027097902097902096,98.25,52.25,source_memory,57,ATTACK,112,"(7, 39)",False,2,False,1230
0,0.0,True,0.0,0.9,0.9,1203,0,1203.0,78,5,14,"(2, 41)",0,0.024475524475524476,86.64285714285714,36.142857142857146,source_memory,78,ATTACK,118,"(19, 38)",False,0,False,1235
4,0.0,False,0.0,0.26839340246521415,0.26839340246521415,1208,0,1208.0,64,1,13,"(25, 2)",0,0.019230769230769232,87.23076923076923,41.76923076923077,source_memory,64,ATTACK,133,"(25, 10)",False,1,False,1235
21,0.0,True,0.0,0.910709348815014,0.9455081418597776,1183,0,1183.0,57,28,12,"(33, 8)",0,0.033216783216783216,98.25,52.25,source_memory,57,ATTACK,112,"(10, 37)",False,2,False,1235
0,0.0,True,0.0,0.9,0.9,1208,0,1208.0,78,5,14,"(2, 41)",0,0.01845342706502636,86.64285714285714,36.142857142857146,source_memory,78,ATTACK,118,"(17, 41)",False,0,False,1240
4,0.0,False,0.0,0.26839340246521415,0.26839340246521415,1213,0,1213.0,64,1,13,"(25, 2)",0,0.019332161687170474,87.23076923076923,41.76923076923077,source_memory,64,ATTACK,133,"(25, 5)",False,1,False,1240
21,0.0,True,0.0,0.9180203202745452,0.9526195586675033,1188,0,1188.0,57,28,12,"(33, 8)",0,0.03251318101933216,98.25,52.25,source_memory,57,ATTACK,112,"(12, 34)",False,2,False,1240
0,0.0,True,0.0,0.9,0.9,1213,0,1213.0,78,5,14,"(2, 41)",0,0.015817223198594025,86.64285714285714,36.142857142857146,source_memory,78,ATTACK,118,"(12, 41)",False,0,False,1245
4,0.0,False,0.0,0.26839340246521415,0.26839340246521415,1217,0,1217.0,65,1,14,"(2, 41)",0,0.019332161687170474,88.85714285714286,42.857142857142854,source_memory,65,ATTACK,134,"(25, 3)",False,1,False,1245
21,0.0,True,0.0,0.9268341253518573,0.9594129404667541,1193,0,1193.0,57,28,12,"(33, 8)",0,0.026362038664323375,98.25,52.25,source_memory,57,ATTACK,112,"(12, 29)",False,2,False,1245
0,0.0,True,0.0,0.9,0.9,1218,0,1218.0,78,5,14,"(2, 41)",0,0.014938488576449912,86.64285714285714,36.142857142857146,source_memory,78,ATTACK,119,"(7, 41)",False,0,False,1250
7,0.0,False,0.0,0.26839340246521415,0.26839340246521415,1222,0,1222.0,65,1,14,"(2, 41)",0,0.019332161687170474,88.85714285714286,42.857142857142854,source_memory,65,ATTACK,135,"(25, 8)",False,1,False,1250
24,0.0,True,0.0,0.9268341253518573,0.9594129404667541,1198,0,1198.0,58,28,12,"(33, 8)",0,0.030755711775043937,98.25,52.25,source_memory,58,ATTACK,113,"(15, 27)",False,2,False,1250
0,0.0,True,0.0,0.9,0.9,1223,0,1223.0,78,5,14,"(2, 41)",0,0.014059753954305799,86.64285714285714,36.142857142857146,source_memory,78,ATTACK,119,"(2, 41)",False,0,False,1255
6,0.0,False,0.0,0.26839340246521415,0.26839340246521415,1227,0,1227.0,65,1,14,"(2, 41)",0,0.01757469244288225,88.85714285714286,42.857142857142854,source_memory,65,ATTACK,135,"(25, 13)",False,1,False,1255
23,0.0,True,0.0,0.9301808410774536,0.961674742158286,1203,0,1203.0,58,28,12,"(33, 8)",0,0.025483304042179262,98.25,52.25,source_memory,58,ATTACK,113,"(18, 25)",False,2,False,1255
0,0.0,True,0.0,0.9,0.9,1227,0,1227.0,79,5,14,"(21, 17)",0,0.01412180052956752,86.64285714285714,36.142857142857146,source_memory,79,ATTACK,120,"(6, 41)",False,0,False,1260
6,0.0,False,0.0,0.26839340246521415,0.26839340246521415,1232,0,1232.0,65,1,14,"(2, 41)",0,0.0176522506619594,88.85714285714286,42.857142857142854,source_memory,65,ATTACK,135,"(25, 18)",False,1,False,1260
23,0.0,True,0.0,0.938003085317025,0.9666533233282374,1208,0,1208.0,58,28,12,"(33, 8)",0,0.02294792586054722,98.25,52.25,source_memory,58,ATTACK,113,"(23, 25)",False,2,False,1260
0,0.0,True,0.0,0.9,0.9,1232,0,1232.0,79,5,14,"(21, 17)",0,0.01412180052956752,86.64285714285714,36.142857142857146,source_memory,79,ATTACK,120,"(11, 41)",False,0,False,1265
6,0.0,False,0.0,0.26839340246521415,0.26839340246521415,1236,0,1236.0,65,2,14,"(2, 41)",0,0.0176522506619594,88.85714285714286,42.857142857142854,source_memory,65,ATTACK,135,"(25, 22)",False,1,False,1265
22,0.0,True,0.0,0.941473072607093,0.9521297134152887,1213,0,1213.0,58,28,12,"(33, 8)",0,0.02912621359223301,98.25,52.25,source_memory,58,ATTACK,113,"(25, 24)",False,2,False,1265
0,0.0,True,0.0,0.9,0.9,1237,0,1237.0,79,5,14,"(21, 17)",0,0.01412180052956752,86.64285714285714,36.142857142857146,source_memory,79,ATTACK,120,"(13, 38)",False,0,False,1270
5,0.0,False,0.0,0.26750266169990583,0.26750266169990583,1240,0,1240.0,65,3,14,"(2, 41)",0,0.0176522506619594,88.85714285714286,42.857142857142854,source_memory,65,ATTACK,135,"(25, 26)",False,1,False,1270
22,0.0,True,0.0,0.9433676724443105,0.9560341738406531,1216,0,1216.0,62,30,12,"(33, 8)",0,0.02912621359223301,98.25,52.25,source_memory,62,ATTACK,117,"(25, 27)",False,2,False,1270
0,0.0,True,0.0,0.9,0.9,1242,0,1242.0,79,5,14,"(21, 17)",0,0.01323918799646955,86.64285714285714,36.142857142857146,source_memory,79,ATTACK,121,"(16, 36)",False,0,False,1275
3,0.0,False,0.0,0.2746166826386698,0.3141879598234157,1244,0,1244.0,66,4,14,"(2, 41)",0,0.0176522506619594,88.85714285714286,42.857142857142854,source_memory,66,ATTACK,136,"(24, 29)",False,1,False,1275
21,0.0,True,0.0,0.8683987587753095,0.8720294028589838,1221,0,1221.0,65,30,12,"(33, 8)",0,0.02471315092674316,98.25,52.25,source_memory,65,ATTACK,120,"(24, 25)",False,2,False,1275
0,0.0,True,0.0,0.9,0.9,1247,0,1247.0,79,5,14,"(21, 17)",0,0.011504424778761062,86.64285714285714,36.142857142857146,source_memory,79,ATTACK,121,"(18, 33)",False,0,False,1280
2,0.0,False,0.0,0.29405405699614545,0.40270864992238486,1249,0,1249.0,66,4,14,"(2, 41)",0,0.017699115044247787,88.85714285714286,42.857142857142854,source_memory,66,ATTACK,136,"(22, 32)",False,1,False,1280
21,0.0,True,0.0,0.8687444443468124,0.8753124702053677,1226,0,1226.0,65,30,12,"(33, 8)",0,0.02566371681415929,98.25,52.25,source_memory,65,ATTACK,120,"(26, 22)",False,2,False,1280
0,0.0,True,0.0,0.9,0.9,1252,0,1252.0,79,5,14,"(21, 17)",0,0.010619469026548672,86.64285714285714,36.142857142857146,source_memory,79,ATTACK,121,"(19, 29)",False,0,False,1285
1,0.0,True,0.0,0.3335171030590844,0.5054544594924378,1254,0,1254.0,66,4,14,"(2, 41)",0,0.01415929203539823,88.85714285714286,42.857142857142854,source_memory,66,ATTACK,136,"(22, 37)",False,1,False,1285
11,0.0,True,0.0,0.5507607804470164,0.5507607804470164,1231,0,1231.0,66,30,12,"(33, 8)",0,0.009734513274336283,98.25,52.25,source_memory,66,ATTACK,122,"(27, 18)",False,2,False,1285
0,0.0,True,0.0,0.9,0.9,1257,0,1257.0,79,5,14,"(21, 17)",0,0.010619469026548672,86.64285714285714,36.142857142857146,source_memory,79,ATTACK,121,"(19, 24)",False,0,False,1290
16,0.0,True,0.0,0.38290204482660156,0.5778283588351548,1259,0,1259.0,67,4,14,"(2, 41)",0,0.01327433628318584,88.85714285714286,42.857142857142854,source_memory,67,ATTACK,137,"(19, 39)",False,1,False,1290
19,0.0,False,0.0,0.3515804480330944,0.3515804480330944,1236,0,1236.0,67,30,12,"(33, 8)",0,0.01592920353982301,98.25,52.25,source_memory,67,ATTACK,123,"(28, 14)",False,2,False,1290
0,0.0,True,0.0,0.9,0.9,1262,0,1262.0,79,5,14,"(21, 17)",0,0.009734513274336283,86.64285714285714,36.142857142857146,source_memory,79,ATTACK,121,"(19, 19)",False,0,False,1295
16,0.0,True,0.0,0.43641480697008184,0.6434021166501382,1264,0,1264.0,67,4,14,"(2, 41)",0,0.006194690265486726,88.85714285714286,42.857142857142854,source_memory,67,ATTACK,137,"(16, 41)",False,1,False,1295
19,0.0,False,0.0,0.3515804480330944,0.3515804480330944,1241,0,1241.0,67,30,12,"(33, 8)",0,0.012389380530973451,98.25,52.25,source_memory,67,ATTACK,123,"(30, 11)",False,2,False,1295
0,0.0,True,0.0,0.9,0.9,1266,0,1266.0,80,5,15,"(33, 50)",0,0.008849557522123894,86.66666666666667,36.666666666666664,source_memory,80,ATTACK,123,"(21, 17)",False,0,False,1300
16,0.0,True,0.0,0.4914837824620024,0.7000529229720823,1269,0,1269.0,67,4,14,"(2, 41)",0,0.005309734513274336,88.85714285714286,42.857142857142854,source_memory,67,ATTACK,138,"(11, 41)",False,1,False,1300
19,0.0,False,0.0,0.3515804480330944,0.3515804480330944,1246,0,1246.0,67,30,12,"(33, 8)",0,0.008849557522123894,98.25,52.25,source_memory,67,ATTACK,124,"(32, 8)",False,2,False,1300
0,0.0,True,0.0,0.9,0.9,1271,0,1271.0,80,5,15,"(33, 50)",0,0.007964601769911504,86.66666666666667,36.666666666666664,source_memory,80,ATTACK,123,"(26, 17)",False,0,False,1305
16,0.0,True,0.0,0.5449679042712599,0.7425695914122302,1274,0,1274.0,67,4,14,"(2, 41)",0,0.018584070796460177,88.85714285714286,42.857142857142854,source_memory,67,ATTACK,138,"(6, 41)",False,1,False,1305
19,0.0,False,0.0,0.3515804480330944,0.3515804480330944,1250,0,1250.0,68,30,13,"(13, 50)",0,0.009734513274336283,100.15384615384616,54.30769230769231,source_memory,68,ATTACK,125,"(33, 11)",False,2,False,1305
0,0.0,True,0.0,0.9,0.9,1276,0,1276.0,80,5,15,"(33, 50)",0,0.007079646017699115,86.66666666666667,36.666666666666664,source_memory,80,ATTACK,123,"(27, 21)",False,0,False,1310
16,0.0,True,0.0,0.5954376646237945,0.7854469652113593,1278,0,1278.0,68,4,14,"(21, 17)",0,0.018584070796460177,88.85714285714286,42.857142857142854,source_memory,68,ATTACK,139,"(2, 41)",False,1,False,1310
19,0.0,False,0.0,0.36259820541907156,0.4436782647839596,1255,0,1255.0,68,30,13,"(13, 50)",0,0.012389380530973451,100.15384615384616,54.30769230769231,source_memory,68,ATTACK,125,"(31, 14)",False,2,False,1310
0,0.0,True,0.0,0.9,0.9,1281,0,1281.0,80,5,15,"(33, 50)",0,0.007079646017699115,86.66666666666667,36.666666666666664,source_memory,80,ATTACK,123,"(27, 26)",False,0,False,1315
16,0.0,True,0.0,0.5954376646237945,0.7854469652113593,1283,0,1283.0,68,4,14,"(21, 17)",0,0.018584070796460177,88.85714285714286,42.857142857142854,source_memory,68,ATTACK,139,"(7, 41)",False,1,False,1315
19,0.0,True,0.0,0.39407561301354604,0.5337917114587839,1260,0,1260.0,68,30,13,"(13, 50)",0,0.012389380530973451,100.15384615384616,54.30769230769231,source_memory,68,ATTACK,125,"(28, 16)",False,2,False,1315
0,0.0,True,0.0,0.9,0.9,1286,0,1286.0,80,5,15,"(33, 50)",0,0.007292616226071103,86.66666666666667,36.666666666666664,source_memory,80,ATTACK,123,"(28, 30)",False,0,False,1320
16,0.0,True,0.0,0.5954376646237945,0.7854469652113593,1288,0,1288.0,68,4,14,"(21, 17)",0,0.019056261343012703,88.85714285714286,42.857142857142854,source_memory,68,ATTACK,139,"(12, 41)",False,1,False,1320
19,0.0,True,0.0,0.436681333631724,0.6096099553760924,1265,0,1265.0,68,30,13,"(13, 50)",0,0.01276207839562443,100.15384615384616,54.30769230769231,source_memory,68,ATTACK,125,"(26, 19)",False,2,False,1320
0,0.0,True,0.0,0.9,0.9,1291,0,1291.0,81,5,15,"(33, 50)",0,0.007292616226071103,86.66666666666667,36.666666666666664,source_memory,81,ATTACK,124,"(29, 34)",False,0,False,1325
16,0.0,True,0.0,0.6335831211078812,0.8097575718873039,1293,0,1293.0,69,4,14,"(21, 17)",0,0.019056261343012703,88.85714285714286,42.857142857142854,source_memory,69,ATTACK,140,"(13, 37)",False,1,False,1325
16,0.0,True,0.0,0.4848762616258891,0.6736694817221945,1270,0,1270.0,69,30,13,"(13, 50)",0,0.011850501367365542,100.15384615384616,54.30769230769231,source_memory,69,ATTACK,126,"(25, 23)",False,2,False,1325
0,0.0,True,0.0,0.9,0.9,1296,0,1296.0,81,5,15,"(33, 50)",0,0.007292616226071103,86.66666666666667,36.666666666666664,source_memory,81,ATTACK,124,"(29, 39)",False,0,False,1330
34,0.0,True,0.0,0.6772564220631916,0.8368901249533017,1298,0,1298.0,69,4,14,"(21, 17)",0,0.027149321266968326,88.85714285714286,42.857142857142854,source_memory,69,ATTACK,140,"(16, 35)",False,1,False,1330
34,0.0,True,0.0,0.5349669298165853,0.725551228931823,1275,0,1275.0,69,30,13,"(13, 50)",0,0.015454545454545455,100.15384615384616,54.30769230769231,source_memory,69,ATTACK,126,"(23, 26)",False,2,False,1330
0,0.0,True,0.0,0.9,0.9,1301,0,1301.0,81,5,15,"(33, 50)",0,0.007292616226071103,86.66666666666667,36.666666666666664,source_memory,81,ATTACK,124,"(29, 44)",False,0,False,1335
27,0.0,True,0.0,0.6669666631082666,0.7005573543889484,1303,0,1303.0,69,4,14,"(21, 17)",0,0.027149321266968326,88.85714285714286,42.857142857142854,source_memory,69,ATTACK,140,"(19, 33)",False,1,False,1335
34,0.0,True,0.0,0.5837622075769726,0.7643447361275745,1280,0,1280.0,69,30,13,"(13, 50)",0,0.014545454545454545,100.15384615384616,54.30769230769231,source_memory,69,ATTACK,126,"(22, 30)",False,2,False,1335
0,0.0,True,0.0,0.9,0.9,1306,0,1306.0,81,5,15,"(33, 50)",0,0.0074211502782931356,86.66666666666667,36.666666666666664,source_memory,81,ATTACK,124,"(29, 49)",False,0,False,1340
27,0.0,True,0.0,0.6803892725289034,0.7421951351521401,1308,0,1308.0,69,4,14,"(21, 17)",0,0.027598896044158234,88.85714285714286,42.857142857142854,source_memory,69,ATTACK,140,"(19, 28)",False,1,False,1340
34,0.0,True,0.0,0.6114475814933038,0.784118307536703,1283,0,1283.0,70,32,13,"(13, 50)",0,0.01572617946345976,100.15384615384616,54.30769230769231,source_memory,70,ATTACK,127,"(19, 30)",False,2,False,1340
0,0.0,True,0.0,0.9,0.9,1311,0,1311.0,81,5,15,"(33, 50)",0,0.0074211502782931356,86.66666666666667,36.666666666666664,source_memory,81,ATTACK,124,"(33, 50)",False,0,False,1345
27,0.0,True,0.0,0.6994385862995732,0.7775520293888348,1313,0,1313.0,69,4,14,"(21, 17)",0,0.02667893284268629,88.85714285714286,42.857142857142854,source_memory,69,ATTACK,140,"(19, 23)",False,1,False,1345
25,0.0,True,0.0,0.5364230851267692,0.5364230851267692,1288,0,1288.0,71,32,13,"(13, 50)",0,0.013876040703052728,100.15384615384616,54.30769230769231,source_memory,71,ATTACK,128,"(14, 30)",False,2,False,1345
0,0.0,True,0.0,0.9,0.9,1315,0,1315.0,82,5,15,"(13, 50)",0,0.05658627087198516,86.66666666666667,36.666666666666664,source_memory,82,ATTACK,126,"(29, 50)",False,0,False,1350
27,0.0,True,0.0,0.7174919415902915,0.8069082266068508,1318,0,1318.0,69,4,14,"(21, 17)",0,0.07175712971481141,88.85714285714286,42.857142857142854,source_memory,69,ATTACK,141,"(19, 18)",False,1,False,1350
20,0.0,False,0.0,0.37914785335857987,0.3957707050475961,1293,0,1293.0,71,32,13,"(13, 50)",0,0.0545790934320074,100.15384615384616,54.30769230769231,source_memory,71,ATTACK,130,"(13, 34)",False,2,False,1350
0,0.0,True,0.0,0.9,0.9,1320,0,1320.0,82,5,15,"(13, 50)",0,0.05287569573283859,86.66666666666667,36.666666666666664,source_memory,82,ATTACK,126,"(25, 49)",False,0,False,1355
27,0.0,True,0.0,0.7174919415902915,0.8069082266068508,1322,0,1322.0,70,4,15,"(13, 50)",0,0.06991720331186753,90.26666666666667,42.93333333333333,source_memory,70,ATTACK,142,"(20, 17)",False,1,False,1355
19,0.0,False,0.0,0.37914785335857987,0.3957707050475961,1298,0,1298.0,71,32,13,"(13, 50)",0,0.04625346901017576,100.15384615384616,54.30769230769231,source_memory,71,ATTACK,130,"(13, 39)",False,2,False,1355
0,0.0,True,0.0,0.9,0.9,1325,0,1325.0,82,5,15,"(13, 50)",0,0.053794428434197884,86.66666666666667,36.666666666666664,source_memory,82,ATTACK,126,"(20, 49)",False,0,False,1360
26,0.0,True,0.0,0.7174919415902915,0.8069082266068508,1327,0,1327.0,70,4,15,"(13, 50)",0,0.06641366223908918,90.26666666666667,42.93333333333333,source_memory,70,ATTACK,142,"(18, 20)",False,1,False,1360
13,0.0,False,0.0,0.37914785335857987,0.3957707050475961,1303,0,1303.0,71,32,13,"(13, 50)",0,0.04459203036053131,100.15384615384616,54.30769230769231,source_memory,71,ATTACK,130,"(13, 44)",False,2,False,1360
0,0.0,True,0.0,0.9,0.9,1330,0,1330.0,82,5,15,"(13, 50)",0,0.048113207547169815,86.66666666666667,36.666666666666664,source_memory,82,ATTACK,126,"(15, 49)",False,0,False,1365
12,0.0,True,0.0,0.7174919415902915,0.8069082266068508,1332,0,1332.0,71,4,15,"(13, 50)",0,0.05357142857142857,90.26666666666667,42.93333333333333,source_memory,71,ATTACK,143,"(17, 24)",False,1,False,1365
4,0.0,True,0.0,0.39748320434426143,0.505657246269475,1308,0,1308.0,71,32,13,"(13, 50)",0,0.040413533834586464,100.15384615384616,54.30769230769231,source_memory,71,ATTACK,130,"(13, 49)",False,2,False,1365
0,0.0,True,0.0,0.9,0.9,1333,0,1333.0,83,6,16,"(2, 41)",0,0.04690431519699812,85.625,35.875,source_memory,83,ATTACK,127,"(13, 50)",False,0,False,1370
12,0.0,True,0.0,0.7174919415902915,0.8069082266068508,1337,0,1337.0,71,4,15,"(13, 50)",0,0.05420560747663551,90.26666666666667,42.93333333333333,source_memory,71,ATTACK,143,"(15, 27)",False,1,False,1370
9,0.0,True,0.0,0.4390286294097388,0.6194351529701366,1312,0,1312.0,72,32,13,"(15, 2)",0,0.03925233644859813,100.15384615384616,54.30769230769231,source_memory,72,ATTACK,131,"(12, 48)",False,2,False,1370
0,0.0,True,0.0,0.9,0.9,1338,0,1338.0,84,6,16,"(2, 41)",0,0.04596622889305816,85.625,35.875,source_memory,84,ATTACK,128,"(12, 46)",False,0,False,1375
12,0.0,True,0.0,0.7174919415902915,0.8069082266068508,1342,0,1342.0,71,4,15,"(13, 50)",0,0.05327102803738318,90.26666666666667,42.93333333333333,source_memory,71,ATTACK,144,"(14, 31)",False,1,False,1375
9,0.0,True,0.0,0.49138441097772834,0.7015873008006183,1317,0,1317.0,75,32,13,"(15, 2)",0,0.038317757009345796,100.15384615384616,54.30769230769231,source_memory,75,ATTACK,134,"(13, 44)",False,2,False,1375
0,0.0,True,0.0,0.9,0.9,1343,0,1343.0,84,6,16,"(2, 41)",0,0.04368029739776952,85.625,35.875,source_memory,84,ATTACK,128,"(9, 44)",False,0,False,1380
10,0.0,True,0.0,0.7174919415902915,0.8069082266068508,1347,0,1347.0,71,4,15,"(13, 50)",0,0.047265987025023166,90.26666666666667,42.93333333333333,source_memory,71,ATTACK,144,"(14, 36)",False,1,False,1380
8,0.0,True,0.0,0.5489625223744261,0.7685653616233462,1322,0,1322.0,75,32,13,"(15, 2)",0,0.04355885078776645,100.15384615384616,54.30769230769231,source_memory,75,ATTACK,134,"(15, 41)",False,2,False,1380
0,0.0,True,0.0,0.9,0.9,1348,0,1348.0,84,6,16,"(2, 41)",0,0.040892193308550186,85.625,35.875,source_memory,84,ATTACK,128,"(7, 41)",False,0,False,1385
10,0.0,True,0.0,0.7372890462361177,0.8344705259624353,1352,0,1352.0,71,4,15,"(13, 50)",0,0.04541241890639481,90.26666666666667,42.93333333333333,source_memory,71,ATTACK,144,"(14, 41)",False,1,False,1385
8,0.0,True,0.0,0.605151688654521,0.8138554246020888,1327,0,1327.0,75,32,13,"(15, 2)",0,0.04355885078776645,100.15384615384616,54.30769230769231,source_memory,75,ATTACK,134,"(15, 36)",False,2,False,1385
0,0.0,True,0.0,0.9,0.9,1353,0,1353.0,84,6,16,"(2, 41)",0,0.03810408921933085,85.625,35.875,source_memory,84,ATTACK,128,"(2, 41)",False,0,False,1390
10,0.0,True,0.0,0.7632160673309182,0.8615609268716181,1357,0,1357.0,71,4,15,"(13, 50)",0,0.04541241890639481,90.26666666666667,42.93333333333333,source_memory,71,ATTACK,144,"(13, 45)",False,1,False,1390
8,0.0,True,0.0,0.6264067351058076,0.8259111603941808,1332,0,1332.0,75,32,13,"(15, 2)",0,0.042632066728452274,100.15384615384616,54.30769230769231,source_memory,75,ATTACK,134,"(15, 31)",False,2,False,1390
0,0.0,True,0.0,0.9,0.9,1357,0,1357.0,85,6,16,"(2, 50)",0,0.03789279112754159,85.625,35.875,source_memory,85,ATTACK,129,"(3, 44)",False,0,False,1395
10,0.0,True,0.0,0.7887643164202821,0.8851287206239049,1362,0,1362.0,71,4,15,"(13, 50)",0,0.04516129032258064,90.26666666666667,42.93333333333333,source_memory,71,ATTACK,144,"(13, 50)",False,1,False,1395
8,0.0,True,0.0,0.6264067351058076,0.8259111603941808,1337,0,1337.0,75,32,13,"(15, 2)",0,0.0423963133640553,100.15384615384616,54.30769230769231,source_memory,75,ATTACK,134,"(16, 27)",False,2,False,1395
0,0.0,True,0.0,0.9,0.9,1362,0,1362.0,85,6,16,"(2, 50)",0,0.036968576709796676,85.625,35.875,source_memory,85,ATTACK,130,"(3, 49)",False,0,False,1400
10,0.0,True,0.0,0.7987146595934169,0.8926185145990552,1366,0,1366.0,72,4,15,"(2, 20)",0,0.045328399629972246,90.26666666666667,42.93333333333333,source_memory,72,ATTACK,146,"(12, 47)",False,1,False,1400
8,0.0,True,0.0,0.6264067351058076,0.8259111603941808,1342,0,1342.0,76,32,13,"(15, 2)",0,0.041628122109158186,100.15384615384616,54.30769230769231,source_memory,76,ATTACK,135,"(16, 22)",False,2,False,1400
0,0.0,True,0.0,0.9,0.9,1366,0,1366.0,86,6,17,"(33, 8)",0,0.03508771929824561,82.52941176470588,34.470588235294116,source_memory,86,ATTACK,131,"(3, 49)",False,0,False,1405
10,0.0,True,0.0,0.8131670645318388,0.903480408957301,1371,0,1371.0,72,4,15,"(2, 20)",0,0.04343807763401109,90.26666666666667,42.93333333333333,source_memory,72,ATTACK,146,"(12, 42)",False,1,False,1405
8,0.0,True,0.0,0.6264067351058076,0.8259111603941808,1347,0,1347.0,76,32,13,"(15, 2)",0,0.041589648798521256,100.15384615384616,54.30769230769231,source_memory,76,ATTACK,135,"(16, 17)",False,2,False,1405
0,0.0,True,0.0,0.9,0.9,1371,0,1371.0,86,6,17,"(33, 8)",0,0.03508771929824561,82.52941176470588,34.470588235294116,source_memory,86,ATTACK,131,"(5, 46)",False,0,False,1410
14,0.0,True,0.0,0.827128389069296,0.9145960887471825,1376,0,1376.0,72,4,15,"(2, 20)",0,0.04343807763401109,90.26666666666667,42.93333333333333,source_memory,72,ATTACK,146,"(12, 37)",False,1,False,1410
12,0.0,True,0.0,0.6264067351058076,0.8259111603941808,1352,0,1352.0,76,32,13,"(15, 2)",0,0.041589648798521256,100.15384615384616,54.30769230769231,source_memory,76,ATTACK,135,"(15, 13)",False,2,False,1410
0,0.0,True,0.0,0.9,0.9,1376,0,1376.0,86,6,17,"(33, 8)",0,0.03508771929824561,82.52941176470588,34.470588235294116,source_memory,86,ATTACK,131,"(7, 43)",False,0,False,1415
13,0.0,True,0.0,0.8360876291595987,0.9205100643488783,1381,0,1381.0,72,4,15,"(2, 20)",0,0.04251386321626617,90.26666666666667,42.93333333333333,source_memory,72,ATTACK,146,"(12, 32)",False,1,False,1415
12,0.0,True,0.0,0.6264067351058076,0.8259111603941808,1357,0,1357.0,76,32,13,"(15, 2)",0,0.041589648798521256,100.15384615384616,54.30769230769231,source_memory,76,ATTACK,135,"(15, 8)",False,2,False,1415
0,0.0,True,0.0,0.9,0.9,1381,0,1381.0,86,6,17,"(33, 8)",0,0.03550863723608445,82.52941176470588,34.470588235294116,source_memory,86,ATTACK,131,"(8, 39)",False,0,False,1420
12,0.0,True,0.0,0.8360876291595987,0.9205100643488783,1386,0,1386.0,72,4,15,"(2, 20)",0,0.0430622009569378,90.26666666666667,42.93333333333333,source_memory,72,ATTACK,146,"(12, 27)",False,1,False,1420
12,0.0,True,0.0,0.6264067351058076,0.8259111603941808,1362,0,1362.0,76,32,13,"(15, 2)",0,0.0430622009569378,100.15384615384616,54.30769230769231,source_memory,76,ATTACK,135,"(15, 3)",False,2,False,1420
0,0.0,True,0.0,0.9,0.9,1386,0,1386.0,87,6,17,"(33, 8)",0,0.03429101019462465,82.52941176470588,34.470588235294116,source_memory,87,ATTACK,132,"(10, 36)",False,0,False,1425
9,0.0,True,0.0,0.8404239509277622,0.9228140645228705,1391,0,1391.0,72,4,15,"(2, 20)",0,0.03892493049119555,90.26666666666667,42.93333333333333,source_memory,72,ATTACK,147,"(7, 27)",False,1,False,1425
12,0.0,True,0.0,0.6264067351058076,0.8259111603941808,1366,0,1366.0,78,32,14,"(2, 41)",0,0.037998146431881374,101.57142857142857,54.357142857142854,source_memory,78,ATTACK,137,"(15, 5)",False,2,False,1425
0,0.0,True,0.0,0.9,0.9,1391,0,1391.0,87,6,17,"(33, 8)",0,0.033393501805054154,82.52941176470588,34.470588235294116,source_memory,87,ATTACK,132,"(13, 34)",False,0,False,1430
9,0.0,True,0.0,0.8446554994986122,0.9250549223447622,1396,0,1396.0,72,4,15,"(2, 20)",0,0.03790613718411552,90.26666666666667,42.93333333333333,source_memory,72,ATTACK,147,"(3, 26)",False,1,False,1430
12,0.0,True,0.0,0.6264067351058076,0.8259111603941808,1371,0,1371.0,78,32,14,"(2, 41)",0,0.036101083032490974,101.57142857142857,54.357142857142854,source_memory,78,ATTACK,137,"(16, 9)",False,2,False,1430
0,0.0,True,0.0,0.9,0.9,1396,0,1396.0,87,6,17,"(33, 8)",0,0.03291814946619217,82.52941176470588,34.470588235294116,source_memory,87,ATTACK,132,"(15, 31)",False,0,False,1435
9,0.0,True,0.0,0.8446554994986122,0.9250549223447622,1401,0,1401.0,72,4,15,"(2, 20)",0,0.037366548042704624,90.26666666666667,42.93333333333333,source_memory,72,ATTACK,147,"(2, 22)",False,1,False,1435
12,0.0,True,0.0,0.6264067351058076,0.8259111603941808,1376,0,1376.0,78,32,14,"(2, 41)",0,0.03469750889679715,101.57142857142857,54.357142857142854,source_memory,78,ATTACK,137,"(16, 14)",False,2,False,1435
0,0.0,True,0.0,0.9,0.9,1401,0,1401.0,87,6,17,"(33, 8)",0,0.03294746215494212,82.52941176470588,34.470588235294116,source_memory,87,ATTACK,132,"(19, 30)",False,0,False,1440
9,0.0,True,0.0,0.8446554994986122,0.9250549223447622,1405,0,1405.0,73,4,16,"(2, 41)",0,0.037399821905609976,89.875,42.875,source_memory,73,ATTACK,148,"(2, 22)",False,1,False,1440
12,0.0,True,0.0,0.6264067351058076,0.8259111603941808,1381,0,1381.0,78,32,14,"(2, 41)",0,0.034728406055209264,101.57142857142857,54.357142857142854,source_memory,78,ATTACK,137,"(16, 19)",False,2,False,1440
0,0.0,True,0.0,0.9,0.9,1406,0,1406.0,87,6,17,"(33, 8)",0,0.027604630454140695,82.52941176470588,34.470588235294116,source_memory,87,ATTACK,132,"(24, 30)",False,0,False,1445
42,0.0,True,0.0,0.8446554994986122,0.9250549223447622,1410,0,1410.0,73,4,16,"(2, 41)",0,0.060552092609082814,89.875,42.875,source_memory,73,ATTACK,148,"(3, 26)",False,1,False,1445
45,0.0,True,0.0,0.6565316283770793,0.8429118323074472,1386,0,1386.0,78,32,14,"(2, 41)",0,0.029385574354407838,101.57142857142857,54.357142857142854,source_memory,78,ATTACK,137,"(16, 24)",False,2,False,1445
0,0.0,True,0.0,0.9,0.9,1411,0,1411.0,87,6,17,"(33, 8)",0,0.026525198938992044,82.52941176470588,34.470588235294116,source_memory,87,ATTACK,133,"(27, 28)",False,0,False,1450
42,0.0,True,0.0,0.8487764718402507,0.9270749463313829,1415,0,1415.0,73,4,16,"(2, 41)",0,0.0592396109637489,89.875,42.875,source_memory,73,ATTACK,149,"(3, 31)",False,1,False,1450
45,0.0,True,0.0,0.7027817136643578,0.8698179113119521,1391,0,1391.0,78,32,14,"(2, 41)",0,0.029177718832891247,101.57142857142857,54.357142857142854,source_memory,78,ATTACK,138,"(14, 27)",False,2,False,1450
0,0.0,True,0.0,0.9,0.9,1416,0,1416.0,87,6,17,"(33, 8)",0,0.02471315092674316,82.52941176470588,34.470588235294116,source_memory,87,ATTACK,133,"(28, 24)",False,0,False,1455
42,0.0,True,0.0,0.8679314232902833,0.9371298183538612,1420,0,1420.0,73,4,16,"(2, 41)",0,0.05736981465136805,89.875,42.875,source_memory,73,ATTACK,149,"(3, 36)",False,1,False,1455
45,0.0,True,0.0,0.7435604769331953,0.8901911672282329,1396,0,1396.0,78,32,14,"(2, 41)",0,0.0264783759929391,101.57142857142857,54.357142857142854,source_memory,78,ATTACK,138,"(14, 32)",False,2,False,1455
0,0.0,True,0.0,0.9,0.9,1421,0,1421.0,87,6,17,"(33, 8)",0,0.02294792586054722,82.52941176470588,34.470588235294116,source_memory,87,ATTACK,133,"(28, 19)",False,0,False,1460
42,0.0,True,0.0,0.885051147819963,0.9476205811561603,1425,0,1425.0,73,4,16,"(2, 41)",0,0.05560458958517211,89.875,42.875,source_memory,73,ATTACK,149,"(3, 41)",False,1,False,1460
45,0.0,True,0.0,0.7790626023078516,0.906668498231296,1401,0,1401.0,78,32,14,"(2, 41)",0,0.02383053839364519,101.57142857142857,54.357142857142854,source_memory,78,ATTACK,138,"(14, 37)",False,2,False,1460
0,0.0,True,0.0,0.9,0.9,1426,0,1426.0,87,6,17,"(33, 8)",0,0.0176522506619594,82.52941176470588,34.470588235294116,source_memory,87,ATTACK,133,"(30, 16)",False,0,False,1465
38,0.0,True,0.0,0.8914672748013082,0.9520371196696927,1429,0,1429.0,74,4,16,"(15, 2)",0,0.04677846425419241,89.875,42.875,source_memory,74,ATTACK,150,"(4, 40)",False,1,False,1465
41,0.0,True,0.0,0.8039144200372347,0.916527960531028,1406,0,1406.0,78,32,14,"(2, 41)",0,0.0176522506619594,101.57142857142857,54.357142857142854,source_memory,78,ATTACK,138,"(13, 41)",False,2,False,1465
0,0.0,True,0.0,0.9,0.9,1431,0,1431.0,87,6,17,"(33, 8)",0,0.01235657546337158,82.52941176470588,34.470588235294116,source_memory,87,ATTACK,133,"(30, 11)",False,0,False,1470
38,0.0,True,0.0,0.9005247829373451,0.9565824861090636,1434,0,1434.0,74,4,16,"(15, 2)",0,0.04148278905560459,89.875,42.875,source_memory,74,ATTACK,150,"(5, 36)",False,1,False,1470
41,0.0,True,0.0,0.8311145482507311,0.9288638952086528,1411,0,1411.0,78,32,14,"(2, 41)",0,0.01323918799646955,101.57142857142857,54.357142857142854,source_memory,78,ATTACK,138,"(8, 41)",False,2,False,1470
0,0.0,True,0.0,0.9,0.9,1436,0,1436.0,87,6,17,"(33, 8)",0,0.01059135039717564,82.52941176470588,34.470588235294116,source_memory,87,ATTACK,134,"(32, 8)",False,0,False,1475
37,0.24627754864967244,True,0.24627754864967244,0.9142292063692975,0.9633885578256735,1439,0,1439.0,74,4,16,"(15, 2)",0,0.038834951456310676,89.875,42.875,source_memory,74,ATTACK,151,"(9, 35)",False,1,False,1475
40,0.0,True,0.0,0.8546499136447278,0.9388075666298662,1416,0,1416.0,78,32,14,"(2, 41)",0,0.01059135039717564,101.57142857142857,54.357142857142854,source_memory,78,ATTACK,139,"(3, 41)",False,2,False,1475
0,0.0,True,0.0,0.9,0.9,1440,0,1440.0,88,6,17,"(3, 8)",0,0.01059135039717564,82.52941176470588,34.470588235294116,source_memory,88,ATTACK,135,"(30, 8)",False,0,False,1480
37,0.24627754864967244,True,0.24627754864967244,0.9261686350605022,0.9690656843858307,1444,0,1444.0,74,4,16,"(15, 2)",0,0.03971756398940865,89.875,42.875,source_memory,74,ATTACK,151,"(11, 32)",False,1,False,1480
40,0.0,True,0.0,0.8631428005609662,0.9431663028951921,1420,0,1420.0,79,32,14,"(21, 17)",0,0.01059135039717564,101.57142857142857,54.357142857142854,source_memory,79,ATTACK,140,"(5, 41)",False,2,False,1480
0,0.0,True,0.0,0.9,0.9,1445,0,1445.0,88,6,17,"(3, 8)",0,0.00794351279788173,82.52941176470588,34.470588235294116,source_memory,88,ATTACK,135,"(26, 9)",False,0,False,1485
42,0.27190882501089675,True,0.27190882501089675,0.936544751526049,0.9737233766104686,1449,0,1449.0,74,4,16,"(15, 2)",0,0.04148278905560459,89.875,42.875,source_memory,74,ATTACK,151,"(12, 28)",False,1,False,1485
45,2.6270130136503766,True,2.6270130136503766,0.8711969384090545,0.9466458669266479,1425,0,1425.0,79,32,14,"(21, 17)",45,0.01235657546337158,101.57142857142857,54.357142857142854,source_memory,79,ATTACK,140,"(8, 39)",True,2,True,1485
0,0.0,True,0.0,0.9,0.9,1450,0,1450.0,88,6,17,"(3, 8)",0,0.006156552330694811,82.52941176470588,34.470588235294116,source_memory,88,ATTACK,135,"(21, 9)",False,0,False,1490
41,0.27190882501089675,True,0.27190882501089675,0.9384543368634582,0.9747364582742345,1454,0,1454.0,74,4,16,"(15, 2)",0,0.03869832893579595,89.875,42.875,source_memory,74,ATTACK,151,"(12, 23)",False,1,False,1490
44,2.6270130136503766,True,2.6270130136503766,0.8859567570303482,0.9528652755230026,1430,0,1430.0,79,32,14,"(21, 17)",44,0.014072119613016711,101.57142857142857,54.357142857142854,source_memory,79,ATTACK,140,"(10, 36)",True,2,True,1490
0,0.0,True,0.0,0.9,0.9,1455,0,1455.0,88,6,17,"(3, 8)",0,0.0061403508771929825,82.52941176470588,34.470588235294116,source_memory,88,ATTACK,135,"(16, 9)",False,0,False,1495
22,0.0,True,0.0,0.617879347866309,0.617879347866309,1459,0,1459.0,75,4,16,"(15, 2)",0,0.016666666666666666,89.875,42.875,source_memory,75,ATTACK,152,"(14, 20)",False,1,False,1495
28,2.6270130136503766,True,2.6270130136503766,0.8893562946318353,0.9539475090600904,1435,0,1435.0,79,32,14,"(21, 17)",28,0.015789473684210527,101.57142857142857,54.357142857142854,source_memory,79,ATTACK,140,"(14, 35)",True,2,True,1495
0,0.0,True,0.0,0.9,0.9,1460,0,1460.0,88,6,17,"(3, 8)",0,0.03873239436619718,82.52941176470588,34.470588235294116,source_memory,88,ATTACK,136,"(12, 8)",False,0,False,1500
10,0.0,False,0.0,0.3857624815273447,0.41372049990597914,1464,0,1464.0,77,4,16,"(15, 2)",0,0.04137323943661972,89.875,42.875,source_memory,77,ATTACK,155,"(14, 15)",False,1,False,1500
26,0.7487962980667717,True,0.7487962980667717,0.8988842050156194,0.9571897572319562,1440,0,1440.0,81,32,14,"(21, 17)",0,0.04401408450704225,101.57142857142857,54.357142857142854,source_memory,81,ATTACK,142,"(15, 31)",False,2,False,1500
0,0.0,True,0.0,0.9,0.9,1465,0,1465.0,88,6,17,"(3, 8)",0,0.03593339176161262,82.52941176470588,34.470588235294116,source_memory,88,ATTACK,136,"(7, 8)",False,0,False,1505
10,0.0,True,0.0,0.40671212158115133,0.5132502331325655,1469,0,1469.0,77,4,16,"(15, 2)",0,0.03680981595092025,89.875,42.875,source_memory,77,ATTACK,155,"(15, 11)",False,1,False,1505
26,0.7487962980667717,True,0.7487962980667717,0.8988842050156194,0.9571897572319562,1445,0,1445.0,81,32,14,"(21, 17)",0,0.035056967572304996,101.57142857142857,54.357142857142854,source_memory,81,ATTACK,142,"(15, 26)",False,2,False,1505
0,0.0,True,0.0,0.9,0.9,1469,0,1469.0,89,6,18,"(2, 20)",0,0.03415061295971979,83.88888888888889,34.388888888888886,source_memory,89,ATTACK,137,"(3, 8)",False,0,False,1510
10,0.0,True,0.0,0.4432674310573011,0.5957744403089108,1474,0,1474.0,77,4,16,"(15, 2)",0,0.03677758318739054,89.875,42.875,source_memory,77,ATTACK,155,"(15, 6)",False,1,False,1510
26,0.7487962980667717,True,0.7487962980667717,0.8988842050156194,0.9571897572319562,1450,0,1450.0,81,32,14,"(21, 17)",0,0.03502626970227671,101.57142857142857,54.357142857142854,source_memory,81,ATTACK,142,"(17, 23)",False,2,False,1510
0,0.0,True,0.0,0.9,0.9,1474,0,1474.0,89,6,18,"(2, 20)",0,0.03327495621716287,83.88888888888889,34.388888888888886,source_memory,89,ATTACK,137,"(8, 8)",False,0,False,1515
10,0.0,True,0.0,0.45189181098942327,0.6157550296997444,1478,0,1478.0,78,4,17,"(2, 41)",0,0.03677758318739054,89.11764705882354,43.470588235294116,source_memory,78,ATTACK,156,"(15, 2)",False,1,False,1515
12,0.0,True,0.0,0.8988842050156194,0.9571897572319562,1455,0,1455.0,81,32,14,"(21, 17)",0,0.03239929947460595,101.57142857142857,54.357142857142854,source_memory,81,ATTACK,142,"(17, 18)",False,2,False,1515
0,0.0,True,0.0,0.9,0.9,1479,0,1479.0,89,6,18,"(2, 20)",0,0.033362598770851626,83.88888888888889,34.388888888888886,source_memory,89,ATTACK,137,"(13, 8)",False,0,False,1520
14,0.0,True,0.0,0.4701309741395587,0.6468680447243916,1483,0,1483.0,78,4,17,"(2, 41)",0,0.03677758318739054,89.11764705882354,43.470588235294116,source_memory,78,ATTACK,156,"(14, 6)",False,1,False,1520
16,0.0,True,0.0,0.8988842050156194,0.9571897572319562,1460,0,1460.0,81,32,14,"(21, 17)",0,0.03152364273204904,101.57142857142857,54.357142857142854,source_memory,81,ATTACK,142,"(21, 17)",False,2,False,1520
0,0.0,True,0.0,0.9,0.9,1484,0,1484.0,89,6,18,"(2, 20)",0,0.0324846356453029,83.88888888888889,34.388888888888886,source_memory,89,ATTACK,138,"(14, 12)",False,0,False,1525
14,0.0,True,0.0,0.5228932976810097,0.7329732550046577,1488,0,1488.0,78,4,17,"(2, 41)",0,0.03765323992994746,89.11764705882354,43.470588235294116,source_memory,78,ATTACK,157,"(14, 11)",False,1,False,1525
16,0.0,True,0.0,0.9018735340637523,0.9586707859782758,1464,0,1464.0,82,32,15,"(2, 20)",0,0.03152364273204904,101.4,53.666666666666664,source_memory,82,ATTACK,144,"(17, 17)",False,2,False,1525
0,0.0,True,0.0,0.9,0.9,1489,0,1489.0,89,6,18,"(2, 20)",0,0.02897278314310799,83.88888888888889,34.388888888888886,source_memory,89,ATTACK,138,"(14, 17)",False,0,False,1530
14,0.0,True,0.0,0.5788207000896078,0.7907656539511215,1493,0,1493.0,78,4,17,"(2, 41)",0,0.03765323992994746,89.11764705882354,43.470588235294116,source_memory,78,ATTACK,157,"(14, 16)",False,1,False,1530
16,0.0,True,0.0,0.915963573781592,0.9676190275859193,1469,0,1469.0,82,32,15,"(2, 20)",0,0.03064798598949212,101.4,53.666666666666664,source_memory,82,ATTACK,144,"(14, 19)",False,2,False,1530
0,0.0,True,0.0,0.9,0.9,1494,0,1494.0,89,6,18,"(2, 20)",0,0.029850746268656716,83.88888888888889,34.388888888888886,source_memory,89,ATTACK,138,"(12, 20)",False,0,False,1535
14,0.0,True,0.0,0.6333591939189204,0.8365074133912593,1498,0,1498.0,78,4,17,"(2, 41)",0,0.03502626970227671,89.11764705882354,43.470588235294116,source_memory,78,ATTACK,157,"(13, 20)",False,1,False,1535
16,0.0,True,0.0,0.9288209520432805,0.9758627894220591,1474,0,1474.0,82,32,15,"(2, 20)",0,0.03064798598949212,101.4,53.666666666666664,source_memory,82,ATTACK,144,"(10, 20)",False,2,False,1535
0,0.0,True,0.0,0.9,0.9,1499,0,1499.0,89,6,18,"(2, 20)",0,0.028094820017559263,83.88888888888889,34.388888888888886,source_memory,89,ATTACK,138,"(7, 20)",False,0,False,1540
14,0.0,True,0.0,0.6844856202542943,0.8727542687431118,1503,0,1503.0,78,4,17,"(2, 41)",0,0.03327495621716287,89.11764705882354,43.470588235294116,source_memory,78,ATTACK,157,"(12, 24)",False,1,False,1540
16,0.0,True,0.0,0.9402980543401032,0.9816059059003436,1479,0,1479.0,82,32,15,"(2, 20)",0,0.03064798598949212,101.4,53.666666666666664,source_memory,82,ATTACK,144,"(5, 20)",False,2,False,1540
0,0.0,True,0.0,0.9,0.9,1503,0,1503.0,89,7,18,"(2, 20)",0,0.027216856892010536,83.88888888888889,34.388888888888886,source_memory,89,ATTACK,138,"(3, 20)",False,0,False,1545
14,0.0,True,0.0,0.7129289080986068,0.887936632974045,1508,0,1508.0,78,4,17,"(2, 41)",0,0.03064798598949212,89.11764705882354,43.470588235294116,source_memory,78,ATTACK,157,"(10, 27)",False,1,False,1545
16,0.0,True,0.0,0.950278643571715,0.9860509985597496,1483,0,1483.0,83,32,15,"(25, 2)",0,0.03064798598949212,101.4,53.666666666666664,source_memory,83,ATTACK,145,"(2, 21)",False,2,False,1545
0,0.0,True,0.0,0.9,0.9,1507,0,1507.0,91,7,18,"(24, 45)",0,0.027216856892010536,83.88888888888889,34.388888888888886,source_memory,91,ATTACK,140,"(3, 22)",False,0,False,1550
14,0.0,True,0.0,0.7218706329929291,0.8917634059850541,1513,0,1513.0,79,4,17,"(2, 41)",0,0.03064798598949212,89.11764705882354,43.470588235294116,source_memory,79,ATTACK,158,"(9, 31)",False,1,False,1550
16,0.0,True,0.0,0.9587971461366217,0.9891068471741901,1488,0,1488.0,85,32,15,"(25, 2)",0,0.03064798598949212,101.4,53.666666666666664,source_memory,85,ATTACK,148,"(4, 20)",False,2,False,1550
0,0.0,True,0.0,0.9,0.9,1512,0,1512.0,91,7,18,"(24, 45)",0,0.02633889376646181,83.88888888888889,34.388888888888886,source_memory,91,ATTACK,140,"(8, 22)",False,0,False,1555
19,0.0,True,0.0,0.7218706329929291,0.8917634059850541,1518,0,1518.0,79,4,17,"(2, 41)",0,0.03502626970227671,89.11764705882354,43.470588235294116,source_memory,79,ATTACK,158,"(7, 34)",False,1,False,1555
21,0.0,True,0.0,0.9659959071880688,0.9914922967105156,1493,0,1493.0,85,32,15,"(25, 2)",0,0.03415061295971979,101.4,53.666666666666664,source_memory,85,ATTACK,148,"(9, 20)",False,2,False,1555
0,0.0,True,0.0,0.9,0.9,1517,0,1517.0,91,7,18,"(24, 45)",0,0.026619343389529725,83.88888888888889,34.388888888888886,source_memory,91,ATTACK,140,"(12, 23)",False,0,False,1560
19,0.0,True,0.0,0.7218706329929291,0.8917634059850541,1523,0,1523.0,79,4,17,"(2, 41)",0,0.035398230088495575,89.11764705882354,43.470588235294116,source_memory,79,ATTACK,158,"(5, 37)",False,1,False,1560
21,0.0,True,0.0,0.9720483526497039,0.9934593737124376,1498,0,1498.0,85,32,15,"(25, 2)",0,0.03716814159292035,101.4,53.666666666666664,source_memory,85,ATTACK,148,"(14, 20)",False,2,False,1560
0,0.0,True,0.0,0.9,0.9,1522,0,1522.0,91,7,18,"(24, 45)",0,0.023070097604259095,83.88888888888889,34.388888888888886,source_memory,91,ATTACK,140,"(14, 26)",False,0,False,1565
19,0.0,True,0.0,0.7218706329929291,0.8917634059850541,1528,0,1528.0,79,4,17,"(2, 41)",0,0.035398230088495575,89.11764705882354,43.470588235294116,source_memory,79,ATTACK,158,"(4, 41)",False,1,False,1565
20,0.0,True,0.0,0.9770558664067325,0.9945650248667781,1503,0,1503.0,85,32,15,"(25, 2)",0,0.03716814159292035,101.4,53.666666666666664,source_memory,85,ATTACK,148,"(15, 16)",False,2,False,1565
0,0.0,True,0.0,0.9,0.9,1527,0,1527.0,92,7,18,"(24, 45)",0,0.019520851818988466,83.88888888888889,34.388888888888886,source_memory,92,ATTACK,141,"(15, 30)",False,0,False,1570
16,0.0,True,0.0,0.7218706329929291,0.8917634059850541,1532,0,1532.0,80,4,17,"(2, 50)",0,0.03274336283185841,89.11764705882354,43.470588235294116,source_memory,80,ATTACK,159,"(3, 42)",False,1,False,1570
17,0.0,True,0.0,0.9811332170842235,0.9953417135774575,1508,0,1508.0,85,32,15,"(25, 2)",0,0.033628318584070796,101.4,53.666666666666664,source_memory,85,ATTACK,148,"(17, 13)",False,2,False,1570
0,0.0,True,0.0,0.9,0.9,1532,0,1532.0,94,7,18,"(24, 45)",0,0.015971606033717833,83.88888888888889,34.388888888888886,source_memory,94,ATTACK,143,"(20, 30)",False,0,False,1575
13,0.0,True,0.0,0.7218706329929291,0.8917634059850541,1537,0,1537.0,80,4,17,"(2, 50)",0,0.02831858407079646,89.11764705882354,43.470588235294116,source_memory,80,ATTACK,160,"(3, 47)",False,1,False,1575
14,0.0,True,0.0,0.9838261099751181,0.9958173120524408,1513,0,1513.0,85,32,15,"(25, 2)",0,0.02831858407079646,101.4,53.666666666666664,source_memory,85,ATTACK,149,"(18, 9)",False,2,False,1575
0,0.0,True,0.0,0.9,0.9,1537,0,1537.0,96,7,18,"(24, 45)",0,0.01419698314108252,83.88888888888889,34.388888888888886,source_memory,96,ATTACK,145,"(21, 34)",False,0,False,1580
11,0.0,True,0.0,0.7218706329929291,0.8917634059850541,1541,0,1541.0,80,4,18,"(2, 50)",0,0.02654867256637168,87.77777777777777,41.72222222222222,source_memory,80,ATTACK,161,"(2, 50)",False,1,False,1580
12,0.0,True,0.0,0.9844314729792821,0.9959333700583984,1518,0,1518.0,85,32,15,"(25, 2)",0,0.02654867256637168,101.4,53.666666666666664,source_memory,85,ATTACK,149,"(23, 9)",False,2,False,1580
0,0.0,True,0.0,0.9,0.9,1542,0,1542.0,96,7,18,"(24, 45)",0,0.011514614703277236,83.88888888888889,34.388888888888886,source_memory,96,ATTACK,145,"(24, 36)",False,0,False,1585
11,0.0,True,0.0,0.7218706329929291,0.8917634059850541,1545,0,1545.0,81,4,18,"(24, 45)",0,0.020318021201413426,87.77777777777777,41.72222222222222,source_memory,81,ATTACK,162,"(4, 48)",False,1,False,1585
12,0.0,True,0.0,0.9844314729792821,0.9959333700583984,1523,0,1523.0,85,32,15,"(25, 2)",0,0.020318021201413426,101.4,53.666666666666664,source_memory,85,ATTACK,149,"(26, 7)",False,2,False,1585
0,0.0,True,0.0,0.9,0.9,1547,0,1547.0,96,7,18,"(24, 45)",0,0.010554089709762533,83.88888888888889,34.388888888888886,source_memory,96,ATTACK,145,"(25, 40)",False,0,False,1590
11,0.0,True,0.0,0.7218706329929291,0.8917634059850541,1550,0,1550.0,81,4,18,"(24, 45)",0,0.018421052631578946,87.77777777777777,41.72222222222222,source_memory,81,ATTACK,162,"(7, 46)",False,1,False,1590
12,0.0,True,0.0,0.9844314729792821,0.9959333700583984,1528,0,1528.0,85,32,15,"(25, 2)",0,0.018421052631578946,101.4,53.666666666666664,source_memory,85,ATTACK,149,"(25, 3)",False,2,False,1590
0,0.0,True,0.0,0.9,0.9,1552,0,1552.0,96,7,18,"(24, 45)",0,0.01054481546572935,83.88888888888889,34.388888888888886,source_memory,96,ATTACK,145,"(25, 45)",False,0,False,1595
15,0.0,True,0.0,0.7218706329929291,0.8917634059850541,1555,0,1555.0,81,4,18,"(24, 45)",0,0.021910604732690624,87.77777777777777,41.72222222222222,source_memory,81,ATTACK,162,"(12, 46)",False,1,False,1595
16,0.0,True,0.0,0.9844314729792821,0.9959333700583984,1532,0,1532.0,86,32,16,"(33, 50)",0,0.021910604732690624,99.5,53.3125,source_memory,86,ATTACK,150,"(25, 5)",False,2,False,1595
0,0.0,True,0.0,0.9,0.9,1556,0,1556.0,97,7,19,"(21, 17)",0,0.01056338028169014,84.05263157894737,35.21052631578947,source_memory,97,ATTACK,147,"(25, 43)",False,0,False,1600
15,0.0,True,0.0,0.7218706329929291,0.8917634059850541,1560,0,1560.0,81,4,18,"(24, 45)",0,0.021949078138718173,87.77777777777777,41.72222222222222,source_memory,81,ATTACK,163,"(14, 49)",False,1,False,1600
16,2.3011681137294318,True,2.3011681137294318,0.9844314729792821,0.9959333700583984,1537,0,1537.0,86,32,16,"(33, 50)",16,0.021949078138718173,99.5,53.3125,source_memory,86,ATTACK,151,"(25, 10)",True,2,True,1600
0,0.0,True,0.0,0.9,0.9,1561,0,1561.0,97,7,19,"(21, 17)",0,0.009683098591549295,84.05263157894737,35.21052631578947,source_memory,97,ATTACK,147,"(25, 38)",False,0,False,1605
15,0.0,True,0.0,0.7218706329929291,0.8917634059850541,1565,0,1565.0,81,4,18,"(24, 45)",0,0.021949078138718173,87.77777777777777,41.72222222222222,source_memory,81,ATTACK,163,"(19, 49)",False,1,False,1605
12,0.0,True,0.0,0.5914494219764549,0.5914494219764549,1542,0,1542.0,86,32,16,"(33, 50)",0,0.018437225636523266,99.5,53.3125,source_memory,86,ATTACK,151,"(25, 15)",False,2,False,1605
0,0.0,True,0.0,0.9,0.9,1566,0,1566.0,97,7,19,"(21, 17)",0,0.009683098591549295,84.05263157894737,35.21052631578947,source_memory,97,ATTACK,147,"(25, 33)",False,0,False,1610
13,0.0,True,0.0,0.7626461040002589,0.908506106288436,1570,0,1570.0,81,4,18,"(24, 45)",0,0.01755926251097454,87.77777777777777,41.72222222222222,source_memory,81,ATTACK,163,"(24, 49)",False,1,False,1610
10,0.0,True,0.0,0.5914494219764549,0.5914494219764549,1547,0,1547.0,86,32,16,"(33, 50)",0,0.016681299385425813,99.5,53.3125,source_memory,86,ATTACK,151,"(25, 20)",False,2,False,1610
0,0.0,True,0.0,0.9,0.9,1571,0,1571.0,97,7,19,"(21, 17)",0,0.008802816901408451,84.05263157894737,35.21052631578947,source_memory,97,ATTACK,147,"(25, 28)",False,0,False,1615
10,0.0,True,0.0,0.7978964075726023,0.9244333403273236,1574,0,1574.0,82,4,19,"(33, 8)",0,0.014925373134328358,85.0,41.31578947368421,source_memory,82,ATTACK,164,"(24, 45)",False,1,False,1615
7,0.0,True,0.0,0.5951947715184366,0.631960010094283,1552,0,1552.0,86,32,16,"(33, 50)",0,0.01141352063213345,99.5,53.3125,source_memory,86,ATTACK,151,"(25, 25)",False,2,False,1615
0,0.0,True,0.0,0.9,0.9,1576,0,1576.0,97,7,19,"(21, 17)",0,0.008818342151675485,84.05263157894737,35.21052631578947,source_memory,97,ATTACK,147,"(25, 23)",False,0,False,1620
10,0.0,True,0.0,0.8225427030353707,0.9342514365218401,1579,0,1579.0,82,4,19,"(33, 8)",0,0.013204225352112676,85.0,41.31578947368421,source_memory,82,ATTACK,164,"(27, 43)",False,1,False,1620
7,0.0,True,0.0,0.6149590455389038,0.7099573608609473,1557,0,1557.0,86,32,16,"(33, 50)",0,0.009683098591549295,99.5,53.3125,source_memory,86,ATTACK,151,"(26, 29)",False,2,False,1620
0,0.0,True,0.0,0.9,0.9,1581,0,1581.0,97,7,19,"(21, 17)",0,0.007936507936507936,84.05263157894737,35.21052631578947,source_memory,97,ATTACK,148,"(25, 18)",False,0,False,1625
6,0.0,True,0.0,0.8492420845130446,0.9442312554438571,1584,0,1584.0,83,4,19,"(33, 8)",0,0.008795074758135445,85.0,41.31578947368421,source_memory,83,ATTACK,166,"(27, 38)",False,1,False,1625
7,0.0,True,0.0,0.643853457133528,0.7590978544389944,1562,0,1562.0,87,32,16,"(33, 50)",0,0.008795074758135445,99.5,53.3125,source_memory,87,ATTACK,152,"(26, 34)",False,2,False,1625
0,0.0,True,0.0,0.9,0.9,1586,0,1586.0,97,7,19,"(21, 17)",0,0.007936507936507936,84.05263157894737,35.21052631578947,source_memory,97,ATTACK,148,"(21, 17)",False,0,False,1630
10,0.0,True,0.0,0.8718530034795753,0.9521131463438971,1589,0,1589.0,83,4,19,"(33, 8)",0,0.013192612137203167,85.0,41.31578947368421,source_memory,83,ATTACK,166,"(29, 35)",False,1,False,1630
12,0.0,True,0.0,0.6748945038535576,0.793557823351525,1567,0,1567.0,87,32,16,"(33, 50)",0,0.013192612137203167,99.5,53.3125,source_memory,87,ATTACK,152,"(28, 37)",False,2,False,1630
0,0.0,True,0.0,0.9,0.9,1590,0,1590.0,98,7,19,"(15, 2)",0,0.007054673721340388,84.05263157894737,35.21052631578947,source_memory,98,ATTACK,149,"(17, 17)",False,0,False,1635
10,0.0,True,0.0,0.8910153047170957,0.9592130997077798,1594,0,1594.0,84,4,19,"(33, 8)",0,0.013181019332161687,85.0,41.31578947368421,source_memory,84,ATTACK,167,"(29, 30)",False,1,False,1635
12,0.0,True,0.0,0.7055398365161122,0.8207668603423542,1572,0,1572.0,87,32,16,"(33, 50)",0,0.013181019332161687,99.5,53.3125,source_memory,87,ATTACK,152,"(29, 41)",False,2,False,1635
0,0.0,True,0.0,0.9,0.9,1595,0,1595.0,98,7,19,"(15, 2)",0,0.00528169014084507,84.05263157894737,35.21052631578947,source_memory,98,ATTACK,149,"(15, 14)",False,0,False,1640
10,0.0,True,0.0,0.9073565312491227,0.9657281046419232,1599,0,1599.0,85,4,19,"(33, 8)",0,0.01141352063213345,85.0,41.31578947368421,source_memory,85,ATTACK,168,"(27, 27)",False,1,False,1640
10,0.0,True,0.0,0.7351677420751734,0.8458746677352731,1577,0,1577.0,87,32,16,"(33, 50)",0,0.01141352063213345,99.5,53.3125,source_memory,87,ATTACK,152,"(29, 46)",False,2,False,1640
0,0.0,True,0.0,0.9,0.9,1600,0,1600.0,98,7,19,"(15, 2)",0,0.00528169014084507,84.05263157894737,35.21052631578947,source_memory,98,ATTACK,149,"(15, 9)",False,0,False,1645
10,0.0,True,0.0,0.9213523599640354,0.9713601030613792,1604,0,1604.0,85,4,19,"(33, 8)",0,0.01141352063213345,85.0,41.31578947368421,source_memory,85,ATTACK,168,"(27, 22)",False,1,False,1645
10,0.0,True,0.0,0.7631195995206353,0.865883143558003,1582,0,1582.0,87,32,16,"(33, 50)",0,0.01141352063213345,99.5,53.3125,source_memory,87,ATTACK,152,"(30, 50)",False,2,False,1645
0,0.0,True,0.0,0.9,0.9,1605,0,1605.0,98,7,19,"(15, 2)",0,0.045774647887323945,84.05263157894737,35.21052631578947,source_memory,98,ATTACK,150,"(15, 4)",False,0,False,1650
10,0.0,True,0.0,0.9311026740130164,0.9752680142186622,1609,0,1609.0,86,4,19,"(33, 8)",0,0.05706760316066725,85.0,41.31578947368421,source_memory,86,ATTACK,169,"(27, 17)",False,1,False,1650
10,0.0,True,0.0,0.7631195995206353,0.865883143558003,1586,0,1586.0,88,32,16,"(33, 8)",0,0.05443371378402107,99.5,53.3125,source_memory,88,ATTACK,154,"(33, 49)",False,2,False,1650
0,0.0,True,0.0,0.9,0.9,1609,0,1609.0,99,7,20,"(33, 30)",0,0.04401408450704225,82.65,34.55,source_memory,99,ATTACK,151,"(15, 4)",False,0,False,1655
10,0.0,True,0.0,0.9311026740130164,0.9752680142186622,1614,0,1614.0,86,4,19,"(33, 8)",0,0.05443371378402107,85.0,41.31578947368421,source_memory,86,ATTACK,169,"(29, 14)",False,1,False,1655
10,0.0,True,0.0,0.7631195995206353,0.865883143558003,1591,0,1591.0,88,32,16,"(33, 8)",0,0.050921861281826165,99.5,53.3125,source_memory,88,ATTACK,154,"(31, 46)",False,2,False,1655
0,0.0,True,0.0,0.9,0.9,1614,0,1614.0,99,7,20,"(33, 30)",0,0.04140969162995595,82.65,34.55,source_memory,99,ATTACK,151,"(17, 7)",False,0,False,1660
10,0.0,True,0.0,0.9311026740130164,0.9752680142186622,1619,0,1619.0,86,4,19,"(33, 8)",0,0.050966608084358524,85.0,41.31578947368421,source_memory,86,ATTACK,169,"(30, 10)",False,1,False,1660
10,0.0,True,0.0,0.7631195995206353,0.865883143558003,1596,0,1596.0,88,32,16,"(33, 8)",0,0.04745166959578207,99.5,53.3125,source_memory,88,ATTACK,154,"(28, 44)",False,2,False,1660
0,0.0,True,0.0,0.9,0.9,1619,0,1619.0,99,7,20,"(33, 30)",0,0.038766519823788544,82.65,34.55,source_memory,99,ATTACK,151,"(17, 12)",False,0,False,1665
15,0.0,True,0.0,0.9311026740130164,0.9752680142186622,1624,0,1624.0,86,4,19,"(33, 8)",0,0.048330404217926184,85.0,41.31578947368421,source_memory,86,ATTACK,169,"(33, 8)",False,1,False,1665
15,0.0,True,0.0,0.7631195995206353,0.865883143558003,1601,0,1601.0,88,32,16,"(33, 8)",0,0.04745166959578207,99.5,53.3125,source_memory,88,ATTACK,154,"(28, 39)",False,2,False,1665
0,0.0,True,0.0,0.9,0.9,1624,0,1624.0,99,7,20,"(33, 30)",0,0.038766519823788544,82.65,34.55,source_memory,99,ATTACK,151,"(17, 17)",False,0,False,1670
15,0.0,True,0.0,0.9311026740130164,0.9752680142186622,1628,0,1628.0,87,4,19,"(33, 50)",0,0.04745166959578207,85.0,41.31578947368421,source_memory,87,ATTACK,170,"(33, 12)",False,1,False,1670
15,0.0,True,0.0,0.7631195995206353,0.865883143558003,1606,0,1606.0,88,32,16,"(33, 8)",0,0.04657293497363796,99.5,53.3125,source_memory,88,ATTACK,154,"(28, 34)",False,2,False,1670
0,0.0,True,0.0,0.9,0.9,1629,0,1629.0,100,7,20,"(33, 30)",0,0.03436123348017621,82.65,34.55,source_memory,100,ATTACK,152,"(22, 17)",False,0,False,1675
15,0.0,True,0.0,0.9311026740130164,0.9752680142186622,1633,0,1633.0,87,4,19,"(33, 50)",0,0.043936731107205626,85.0,41.31578947368421,source_memory,87,ATTACK,171,"(29, 13)",False,1,False,1675
15,0.0,True,0.0,0.7631195995206353,0.865883143558003,1611,0,1611.0,88,32,16,"(33, 8)",0,0.03954305799648506,99.5,53.3125,source_memory,88,ATTACK,155,"(27, 30)",False,2,False,1675
0,0.0,True,0.0,0.9,0.9,1634,0,1634.0,100,7,20,"(33, 30)",0,0.02907488986784141,82.65,34.55,source_memory,100,ATTACK,152,"(26, 18)",False,0,False,1680
15,0.0,True,0.0,0.9397806309679917,0.9795750593458145,1638,0,1638.0,87,4,19,"(33, 50)",0,0.04130052724077329,85.0,41.31578947368421,source_memory,87,ATTACK,171,"(29, 18)",False,1,False,1680
15,0.0,True,0.0,0.7631195995206353,0.865883143558003,1616,0,1616.0,88,32,16,"(33, 8)",0,0.03163444639718805,99.5,53.3125,source_memory,88,ATTACK,155,"(27, 25)",False,2,False,1680
0,0.0,True,0.0,0.9,0.9,1639,0,1639.0,100,7,20,"(33, 30)",0,0.028193832599118944,82.65,34.55,source_memory,100,ATTACK,152,"(26, 23)",False,0,False,1685
15,0.0,True,0.0,0.9494531024396591,0.9841496410776828,1643,0,1643.0,87,4,19,"(33, 50)",0,0.03954305799648506,85.0,41.31578947368421,source_memory,87,ATTACK,171,"(28, 22)",False,1,False,1685
15,0.0,True,0.0,0.7902184104116988,0.8937383945727606,1621,0,1621.0,88,32,16,"(33, 8)",0,0.030755711775043937,99.5,53.3125,source_memory,88,ATTACK,155,"(27, 20)",False,2,False,1685
0,0.0,True,0.0,0.9,0.9,1644,0,1644.0,100,7,20,"(33, 30)",0,0.027264731750219876,82.65,34.55,source_memory,100,ATTACK,152,"(26, 28)",False,0,False,1690
15,0.0,True,0.0,0.9578035192414324,0.9876169458526195,1648,0,1648.0,87,4,19,"(33, 50)",0,0.033391915641476276,85.0,41.31578947368421,source_memory,87,ATTACK,171,"(27, 26)",False,1,False,1690
15,0.0,True,0.0,0.8166649595447297,0.9137899310530718,1626,0,1626.0,88,32,16,"(33, 8)",0,0.030755711775043937,99.5,53.3125,source_memory,88,ATTACK,155,"(27, 15)",False,2,False,1690
0,0.0,True,0.0,0.9,0.9,1649,0,1649.0,100,7,20,"(33, 30)",0,0.023746701846965697,82.65,34.55,source_memory,100,ATTACK,152,"(29, 30)",False,0,False,1695
15,0.0,True,0.0,0.9649316151274945,0.9902507938812389,1653,0,1653.0,87,4,19,"(33, 50)",0,0.03163444639718805,85.0,41.31578947368421,source_memory,87,ATTACK,171,"(28, 30)",False,1,False,1695
15,0.0,True,0.0,0.8166649595447297,0.9137899310530718,1631,0,1631.0,88,32,16,"(33, 8)",0,0.029876977152899824,99.5,53.3125,source_memory,88,ATTACK,155,"(27, 10)",False,2,False,1695
0,0.0,True,0.0,0.9,0.9,1653,0,1653.0,101,7,20,"(25, 2)",0,0.02292768959435626,82.65,34.55,source_memory,101,ATTACK,154,"(33, 30)",False,0,False,1700
19,0.0,True,0.0,0.970957403456221,0.9923223707379427,1658,0,1658.0,87,4,19,"(33, 50)",0,0.030837004405286344,85.0,41.31578947368421,source_memory,87,ATTACK,172,"(28, 35)",False,1,False,1700
19,0.0,True,0.0,0.8216328965983266,0.9160237006166684,1636,0,1636.0,88,32,16,"(33, 8)",0,0.029955947136563875,99.5,53.3125,source_memory,88,ATTACK,156,"(31, 9)",False,2,False,1700
0,0.0,True,0.0,0.9,0.9,1658,0,1658.0,101,7,20,"(25, 2)",0,0.02292768959435626,82.65,34.55,source_memory,101,ATTACK,154,"(29, 29)",False,0,False,1705
19,0.0,True,0.0,0.9740908058073654,0.9931868515138748,1663,0,1663.0,87,4,19,"(33, 50)",0,0.029955947136563875,85.0,41.31578947368421,source_memory,87,ATTACK,172,"(28, 40)",False,1,False,1705
19,0.0,True,0.0,0.8216328965983266,0.9160237006166684,1640,0,1640.0,89,32,17,"(33, 30)",0,0.029955947136563875,100.23529411764706,53.411764705882355,source_memory,89,ATTACK,157,"(33, 9)",False,2,False,1705
0,0.0,True,0.0,0.9,0.9,1663,0,1663.0,101,7,20,"(25, 2)",0,0.02290748898678414,82.65,34.55,source_memory,101,ATTACK,154,"(27, 26)",False,0,False,1710
15,0.0,True,0.0,0.9740908058073654,0.9931868515138748,1668,0,1668.0,87,4,19,"(33, 50)",0,0.029955947136563875,85.0,41.31578947368421,source_memory,87,ATTACK,172,"(28, 45)",False,1,False,1710
15,0.0,True,0.0,0.8216328965983266,0.9160237006166684,1645,0,1645.0,89,32,17,"(33, 30)",0,0.029955947136563875,100.23529411764706,53.411764705882355,source_memory,89,ATTACK,157,"(31, 12)",False,2,False,1710
0,0.0,True,0.0,0.9,0.9,1668,0,1668.0,101,7,20,"(25, 2)",0,0.02290748898678414,82.65,34.55,source_memory,101,ATTACK,154,"(27, 21)",False,0,False,1715
15,0.0,True,0.0,0.9740908058073654,0.9931868515138748,1673,0,1673.0,87,4,19,"(33, 50)",0,0.029955947136563875,85.0,41.31578947368421,source_memory,87,ATTACK,172,"(30, 48)",False,1,False,1715
12,0.0,False,0.0,0.4317154492580862,0.4317154492580862,1650,0,1650.0,89,32,17,"(33, 30)",0,0.028193832599118944,100.23529411764706,53.411764705882355,source_memory,89,ATTACK,158,"(29, 15)",False,2,False,1715
0,0.0,True,0.0,0.9,0.9,1673,0,1673.0,101,7,20,"(25, 2)",0,0.02290748898678414,82.65,34.55,source_memory,101,ATTACK,154,"(27, 16)",False,0,False,1720
11,0.0,True,0.0,0.9740908058073654,0.9931868515138748,1678,0,1678.0,87,4,19,"(33, 50)",0,0.029955947136563875,85.0,41.31578947368421,source_memory,87,ATTACK,172,"(33, 50)",False,1,False,1720
11,0.0,True,0.0,0.4481499362181631,0.5476976036141075,1655,0,1655.0,89,32,17,"(33, 30)",0,0.027312775330396475,100.23529411764706,53.411764705882355,source_memory,89,ATTACK,158,"(29, 20)",False,2,False,1720
0,0.0,True,0.0,0.9,0.9,1678,0,1678.0,101,7,20,"(25, 2)",0,0.02290748898678414,82.65,34.55,source_memory,101,ATTACK,155,"(26, 12)",False,0,False,1725
11,0.0,True,0.0,0.9740908058073654,0.9931868515138748,1682,0,1682.0,89,4,20,"(25, 2)",0,0.029955947136563875,86.05,42.0,source_memory,89,ATTACK,174,"(30, 49)",False,1,False,1725
11,0.0,True,0.0,0.4828817864575397,0.629193971862896,1660,0,1660.0,89,32,17,"(33, 30)",0,0.027312775330396475,100.23529411764706,53.411764705882355,source_memory,89,ATTACK,159,"(29, 25)",False,2,False,1725
0,0.0,True,0.0,0.9,0.9,1683,0,1683.0,101,7,20,"(25, 2)",0,0.022887323943661973,82.65,34.55,source_memory,101,ATTACK,155,"(26, 7)",False,0,False,1730
11,0.0,True,0.0,0.9740908058073654,0.9931868515138748,1687,0,1687.0,89,4,20,"(25, 2)",0,0.02992957746478873,86.05,42.0,source_memory,89,ATTACK,174,"(29, 45)",False,1,False,1730
11,0.0,True,0.0,0.5239730860120997,0.6851766955687394,1665,0,1665.0,89,32,17,"(33, 30)",0,0.030809859154929578,100.23529411764706,53.411764705882355,source_memory,89,ATTACK,159,"(29, 30)",False,2,False,1730
0,0.0,True,0.0,0.9,0.9,1688,0,1688.0,101,7,20,"(25, 2)",0,0.021968365553602813,82.65,34.55,source_memory,101,ATTACK,155,"(25, 3)",False,0,False,1735
11,0.0,True,0.0,0.9740908058073654,0.9931868515138748,1692,0,1692.0,89,4,20,"(25, 2)",0,0.02899824253075571,86.05,42.0,source_memory,89,ATTACK,174,"(29, 40)",False,1,False,1735
11,0.0,True,0.0,0.5674401536793268,0.7374990878219089,1669,0,1669.0,90,32,17,"(2, 41)",0,0.02899824253075571,100.23529411764706,53.411764705882355,source_memory,90,ATTACK,160,"(33, 30)",False,2,False,1735
0,0.0,True,0.0,0.9,0.9,1692,0,1692.0,102,7,21,"(2, 41)",0,0.02198768689533861,82.71428571428571,34.666666666666664,source_memory,102,ATTACK,156,"(25, 5)",False,0,False,1740
16,0.0,True,0.0,0.9777177428913277,0.9939052371534691,1697,0,1697.0,89,4,20,"(25, 2)",0,0.02899824253075571,86.05,42.0,source_memory,89,ATTACK,174,"(29, 35)",False,1,False,1740
16,0.0,True,0.0,0.5674401536793268,0.7374990878219089,1674,0,1674.0,90,32,17,"(2, 41)",0,0.029023746701846966,100.23529411764706,53.411764705882355,source_memory,90,ATTACK,160,"(29, 31)",False,2,False,1740
0,0.0,True,0.0,0.9,0.9,1697,0,1697.0,102,7,21,"(2, 41)",0,0.022867194371152155,82.71428571428571,34.666666666666664,source_memory,102,ATTACK,156,"(25, 10)",False,0,False,1745
16,0.0,True,0.0,0.9808093813244321,0.9946398940846978,1701,0,1701.0,89,5,20,"(25, 2)",0,0.028119507908611598,86.05,42.0,source_memory,89,ATTACK,174,"(29, 31)",False,1,False,1745
16,0.0,True,0.0,0.6023069374311083,0.7654473803443161,1678,0,1678.0,92,33,17,"(2, 41)",0,0.029023746701846966,100.23529411764706,53.411764705882355,source_memory,92,ATTACK,162,"(26, 32)",False,2,False,1745
0,0.0,True,0.0,0.9,0.9,1702,0,1702.0,103,7,21,"(2, 41)",0,0.019349164467897976,82.71428571428571,34.666666666666664,source_memory,103,ATTACK,157,"(25, 15)",False,0,False,1750
16,0.0,True,0.0,0.9840530895610216,0.9954388417774712,1706,0,1706.0,90,5,20,"(25, 2)",0,0.025483304042179262,86.05,42.0,source_memory,90,ATTACK,175,"(28, 27)",False,1,False,1750
16,0.0,True,0.0,0.6273859903859287,0.7839727079567207,1683,0,1683.0,93,33,17,"(2, 41)",0,0.026385224274406333,100.23529411764706,53.411764705882355,source_memory,93,ATTACK,163,"(23, 34)",False,2,False,1750
0,0.0,True,0.0,0.9,0.9,1707,0,1707.0,103,7,21,"(2, 41)",0,0.019349164467897976,82.71428571428571,34.666666666666664,source_memory,103,ATTACK,157,"(26, 19)",False,0,False,1755
16,0.0,True,0.0,0.9867215454760297,0.996102890989182,1711,0,1711.0,90,5,20,"(25, 2)",0,0.025483304042179262,86.05,42.0,source_memory,90,ATTACK,175,"(26, 24)",False,1,False,1755
14,0.0,True,0.0,0.6360495790639484,0.6415138715589802,1688,0,1688.0,93,33,17,"(2, 41)",0,0.023746701846965697,100.23529411764706,53.411764705882355,source_memory,93,ATTACK,163,"(20, 36)",False,2,False,1755
0,0.0,True,0.0,0.9,0.9,1711,0,1711.0,103,8,21,"(2, 41)",0,0.019434628975265017,82.71428571428571,34.666666666666664,source_memory,103,ATTACK,157,"(26, 23)",False,0,False,1760
16,0.0,True,0.0,0.9889583721898146,0.9968699626408495,1716,0,1716.0,92,5,20,"(25, 2)",0,0.024734982332155476,86.05,42.0,source_memory,92,ATTACK,177,"(27, 22)",False,1,False,1760
13,0.0,True,0.0,0.6360495790639484,0.6415138715589802,1693,0,1693.0,93,33,17,"(2, 41)",0,0.02294792586054722,100.23529411764706,53.411764705882355,source_memory,93,ATTACK,163,"(16, 37)",False,2,False,1760
0,0.0,True,0.0,0.9,0.9,1716,0,1716.0,103,8,21,"(2, 41)",0,0.019434628975265017,82.71428571428571,34.666666666666664,source_memory,103,ATTACK,157,"(26, 28)",False,0,False,1765
16,0.0,True,0.0,0.9908463163155268,0.9975243927585883,1721,0,1721.0,92,5,20,"(25, 2)",0,0.024734982332155476,86.05,42.0,source_memory,92,ATTACK,177,"(26, 18)",False,1,False,1765
13,0.0,True,0.0,0.6360495790639484,0.6415138715589802,1698,0,1698.0,93,33,17,"(2, 41)",0,0.02294792586054722,100.23529411764706,53.411764705882355,source_memory,93,ATTACK,163,"(13, 39)",False,2,False,1765
0,0.0,True,0.0,0.9,0.9,1721,0,1721.0,103,8,21,"(2, 41)",0,0.019434628975265017,82.71428571428571,34.666666666666664,source_memory,103,ATTACK,157,"(23, 30)",False,0,False,1770
14,0.0,True,0.0,0.992413068486231,0.9979162631239612,1726,0,1726.0,92,5,20,"(25, 2)",0,0.022968197879858657,86.05,42.0,source_memory,92,ATTACK,177,"(26, 13)",False,1,False,1770
11,0.0,True,0.0,0.6360495790639484,0.6415138715589802,1703,0,1703.0,93,33,17,"(2, 41)",0,0.02118270079435128,100.23529411764706,53.411764705882355,source_memory,93,ATTACK,163,"(10, 41)",False,2,False,1770
0,0.0,True,0.0,0.9,0.9,1726,0,1726.0,104,8,21,"(2, 41)",0,0.019434628975265017,82.71428571428571,34.666666666666664,source_memory,104,ATTACK,158,"(22, 34)",False,0,False,1775
14,0.0,True,0.0,0.9937043592131952,0.9982356429637651,1731,0,1731.0,92,5,20,"(25, 2)",0,0.022968197879858657,86.05,42.0,source_memory,92,ATTACK,178,"(26, 8)",False,1,False,1775
11,0.0,True,0.0,0.6360495790639484,0.6415138715589802,1708,0,1708.0,93,33,17,"(2, 41)",0,0.02118270079435128,100.23529411764706,53.411764705882355,source_memory,93,ATTACK,164,"(5, 41)",False,2,False,1775
0,0.0,True,0.0,0.9,0.9,1731,0,1731.0,104,8,21,"(2, 41)",0,0.019451812555260833,82.71428571428571,34.666666666666664,source_memory,104,ATTACK,158,"(20, 37)",False,0,False,1780
13,0.0,True,0.0,0.9945716989399506,0.9984558092783667,1736,0,1736.0,92,5,20,"(25, 2)",0,0.02475685234305924,86.05,42.0,source_memory,92,ATTACK,178,"(25, 4)",False,1,False,1780
13,0.0,True,0.0,0.6360495790639484,0.6415138715589802,1712,0,1712.0,94,33,18,"(21, 17)",0,0.024734982332155476,98.83333333333333,52.888888888888886,source_memory,94,ATTACK,165,"(3, 41)",False,2,False,1780
0,0.0,True,0.0,0.9,0.9,1736,0,1736.0,104,8,21,"(2, 41)",0,0.019400352733686066,82.71428571428571,34.666666666666664,source_memory,104,ATTACK,158,"(18, 40)",False,0,False,1785
13,0.0,True,0.0,0.9949639810076312,0.9986381192533124,1740,0,1740.0,93,5,20,"(33, 30)",0,0.024691358024691357,86.05,42.0,source_memory,93,ATTACK,179,"(25, 4)",False,1,False,1785
13,0.0,True,0.0,0.6360495790639484,0.6415138715589802,1717,0,1717.0,94,33,18,"(21, 17)",0,0.024669603524229075,98.83333333333333,52.888888888888886,source_memory,94,ATTACK,165,"(7, 40)",False,2,False,1785
0,0.0,True,0.0,0.9,0.9,1741,0,1741.0,104,8,21,"(2, 41)",0,0.019400352733686066,82.71428571428571,34.666666666666664,source_memory,104,ATTACK,158,"(13, 40)",False,0,False,1790
13,0.0,True,0.0,0.9951494488417252,0.9986733376895115,1745,0,1745.0,93,5,20,"(33, 30)",0,0.024691358024691357,86.05,42.0,source_memory,93,ATTACK,179,"(27, 7)",False,1,False,1790
13,0.0,True,0.0,0.6385496174791517,0.668057618319107,1722,0,1722.0,94,33,18,"(21, 17)",0,0.024669603524229075,98.83333333333333,52.888888888888886,source_memory,94,ATTACK,165,"(9, 37)",False,2,False,1790
0,0.0,True,0.0,0.9,0.9,1746,0,1746.0,104,8,21,"(2, 41)",0,0.019400352733686066,82.71428571428571,34.666666666666664,source_memory,104,ATTACK,158,"(9, 41)",False,0,False,1795
13,0.0,True,0.0,0.9951494488417252,0.9986733376895115,1750,0,1750.0,93,5,20,"(33, 30)",0,0.024691358024691357,86.05,42.0,source_memory,93,ATTACK,179,"(27, 12)",False,1,False,1795
13,0.0,True,0.0,0.654232013165381,0.7302484800704815,1727,0,1727.0,94,33,18,"(21, 17)",0,0.024669603524229075,98.83333333333333,52.888888888888886,source_memory,94,ATTACK,165,"(13, 36)",False,2,False,1795
0,0.0,True,0.0,0.9,0.9,1751,0,1751.0,104,8,21,"(2, 41)",0,0.038834951456310676,82.71428571428571,34.666666666666664,source_memory,104,ATTACK,159,"(4, 41)",False,0,False,1800
13,0.0,True,0.0,0.9956604101939336,0.9987590037821855,1755,0,1755.0,93,5,20,"(33, 30)",0,0.04501323918799647,86.05,42.0,source_memory,93,ATTACK,180,"(27, 17)",False,1,False,1800
13,7.4413511577828615,True,7.4413511577828615,0.6725472057610332,0.7645747369864689,1732,0,1732.0,95,33,18,"(21, 17)",13,0.042328042328042326,98.83333333333333,52.888888888888886,source_memory,95,ATTACK,166,"(17, 35)",True,2,True,1800
0,0.0,True,0.0,0.9,0.9,1755,0,1755.0,105,8,21,"(25, 2)",0,0.038834951456310676,82.71428571428571,34.666666666666664,source_memory,105,ATTACK,160,"(4, 41)",False,0,False,1805
13,0.0,True,0.0,0.9956604101939336,0.9987590037821855,1760,0,1760.0,93,5,20,"(33, 30)",0,0.03971756398940865,86.05,42.0,source_memory,93,ATTACK,180,"(27, 22)",False,1,False,1805
12,8.73719920970256,True,8.73719920970256,0.6725472057610332,0.7645747369864689,1737,0,1737.0,95,33,18,"(21, 17)",0,0.03791887125220458,98.83333333333333,52.888888888888886,source_memory,95,ATTACK,166,"(20, 33)",False,2,False,1805
0,0.0,True,0.0,0.9,0.9,1760,0,1760.0,105,8,21,"(25, 2)",0,0.038834951456310676,82.71428571428571,34.666666666666664,source_memory,105,ATTACK,160,"(9, 41)",False,0,False,1810
13,0.0,True,0.0,0.9956604101939336,0.9987590037821855,1765,0,1765.0,93,5,20,"(33, 30)",0,0.03795233892321271,86.05,42.0,source_memory,93,ATTACK,180,"(27, 27)",False,1,False,1810
12,8.73719920970256,True,8.73719920970256,0.6725472057610332,0.7645747369864689,1742,0,1742.0,95,33,18,"(21, 17)",0,0.036155202821869487,98.83333333333333,52.888888888888886,source_memory,95,ATTACK,166,"(23, 31)",False,2,False,1810
0,0.0,True,0.0,0.9,0.9,1765,0,1765.0,105,8,21,"(25, 2)",0,0.037069726390114736,82.71428571428571,34.666666666666664,source_memory,105,ATTACK,160,"(12, 39)",False,0,False,1815
16,0.0,True,0.0,0.7688675933658087,0.7688675933658087,1770,0,1770.0,93,5,20,"(33, 30)",0,0.03795233892321271,86.05,42.0,source_memory,93,ATTACK,180,"(29, 30)",False,1,False,1815
12,0.0,True,0.0,0.540245523766349,0.540245523766349,1747,0,1747.0,95,33,18,"(21, 17)",0,0.03527336860670194,98.83333333333333,52.888888888888886,source_memory,95,ATTACK,166,"(25, 28)",False,2,False,1815
0,0.0,True,0.0,0.9,0.9,1770,0,1770.0,105,8,21,"(25, 2)",0,0.0374331550802139,82.71428571428571,34.666666666666664,source_memory,105,ATTACK,160,"(17, 39)",False,0,False,1820
16,0.0,True,0.0,0.7688675933658087,0.7688675933658087,1774,0,1774.0,94,5,21,"(2, 41)",0,0.03832442067736185,86.66666666666667,41.76190476190476,source_memory,94,ATTACK,181,"(33, 30)",False,1,False,1820
12,0.0,True,0.0,0.540245523766349,0.540245523766349,1752,0,1752.0,95,33,18,"(21, 17)",0,0.03561887800534283,98.83333333333333,52.888888888888886,source_memory,95,ATTACK,166,"(26, 24)",False,2,False,1820
0,0.0,True,0.0,0.9,0.9,1775,0,1775.0,106,8,21,"(25, 2)",0,0.0374331550802139,82.71428571428571,34.666666666666664,source_memory,106,ATTACK,161,"(21, 38)",False,0,False,1825
16,0.0,True,0.0,0.7688675933658087,0.7688675933658087,1779,0,1779.0,94,5,21,"(2, 41)",0,0.03832442067736185,86.66666666666667,41.76190476190476,source_memory,94,ATTACK,182,"(29, 31)",False,1,False,1825
12,0.0,True,0.0,0.540245523766349,0.540245523766349,1757,0,1757.0,95,33,18,"(21, 17)",0,0.03561887800534283,98.83333333333333,52.888888888888886,source_memory,95,ATTACK,167,"(25, 20)",False,2,False,1825
0,0.0,True,0.0,0.9,0.9,1780,0,1780.0,106,8,21,"(25, 2)",0,0.035650623885918005,82.71428571428571,34.666666666666664,source_memory,106,ATTACK,161,"(23, 35)",False,0,False,1830
13,0.0,True,0.0,0.7701143231926182,0.7858983515379325,1784,0,1784.0,94,5,21,"(2, 41)",0,0.034759358288770054,86.66666666666667,41.76190476190476,source_memory,94,ATTACK,182,"(26, 33)",False,1,False,1830
10,0.0,True,0.0,0.540245523766349,0.540245523766349,1762,0,1762.0,95,33,18,"(21, 17)",0,0.03383793410507569,98.83333333333333,52.888888888888886,source_memory,95,ATTACK,167,"(23, 17)",False,2,False,1830
0,0.0,True,0.0,0.9,0.9,1784,0,1784.0,106,9,21,"(25, 2)",0,0.035650623885918005,82.71428571428571,34.666666666666664,source_memory,106,ATTACK,161,"(24, 32)",False,0,False,1835
13,0.0,True,0.0,0.7777014244891007,0.8247820820849875,1789,0,1789.0,96,5,21,"(2, 41)",0,0.03297682709447415,86.66666666666667,41.76190476190476,source_memory,96,ATTACK,184,"(23, 31)",False,1,False,1835
9,0.0,True,0.0,0.540245523766349,0.540245523766349,1766,0,1766.0,96,33,18,"(2, 50)",0,0.03294746215494212,98.83333333333333,52.888888888888886,source_memory,96,ATTACK,168,"(23, 17)",False,2,False,1835
0,0.0,True,0.0,0.9,0.9,1789,0,1789.0,106,9,21,"(25, 2)",0,0.030357142857142857,82.71428571428571,34.666666666666664,source_memory,106,ATTACK,161,"(25, 28)",False,0,False,1840
13,0.0,True,0.0,0.7940664620968327,0.8629444695971319,1794,0,1794.0,96,5,21,"(2, 41)",0,0.03571428571428571,86.66666666666667,41.76190476190476,source_memory,96,ATTACK,184,"(21, 34)",False,1,False,1840
9,0.0,True,0.0,0.540245523766349,0.540245523766349,1771,0,1771.0,96,33,18,"(2, 50)",0,0.033035714285714286,98.83333333333333,52.888888888888886,source_memory,96,ATTACK,168,"(25, 20)",False,2,False,1840
0,0.0,True,0.0,0.9,0.9,1794,0,1794.0,106,9,21,"(25, 2)",0,0.026785714285714284,82.71428571428571,34.666666666666664,source_memory,106,ATTACK,161,"(26, 24)",False,0,False,1845
13,0.0,True,0.0,0.8128437500579871,0.8845130175767514,1799,0,1799.0,96,5,21,"(2, 41)",0,0.03571428571428571,86.66666666666667,41.76190476190476,source_memory,96,ATTACK,184,"(18, 36)",False,1,False,1845
9,0.0,True,0.0,0.5524687352355355,0.6303393755389242,1776,0,1776.0,96,33,18,"(2, 50)",0,0.033035714285714286,98.83333333333333,52.888888888888886,source_memory,96,ATTACK,168,"(24, 24)",False,2,False,1845
0,0.0,True,0.0,0.9,0.9,1799,0,1799.0,106,9,21,"(25, 2)",0,0.026761819803746655,82.71428571428571,34.666666666666664,source_memory,106,ATTACK,162,"(25, 20)",False,0,False,1850
13,0.0,True,0.0,0.831503071242627,0.9016344653536822,1804,0,1804.0,97,5,21,"(2, 41)",0,0.03568242640499554,86.66666666666667,41.76190476190476,source_memory,97,ATTACK,185,"(13, 36)",False,1,False,1850
9,0.0,True,0.0,0.5811215085234015,0.7041628309771043,1781,0,1781.0,97,33,18,"(2, 50)",0,0.03300624442462088,98.83333333333333,52.888888888888886,source_memory,97,ATTACK,169,"(23, 28)",False,2,False,1850
0,0.0,True,0.0,0.9,0.9,1804,0,1804.0,106,9,21,"(25, 2)",0,0.025846702317290554,82.71428571428571,34.666666666666664,source_memory,106,ATTACK,162,"(25, 15)",False,0,False,1855
17,0.0,True,0.0,0.8494198473490224,0.9158788381925326,1809,0,1809.0,97,5,21,"(2, 41)",0,0.03832442067736185,86.66666666666667,41.76190476190476,source_memory,97,ATTACK,185,"(12, 40)",False,1,False,1855
14,0.0,True,0.0,0.6158576710128754,0.7517040305209988,1786,0,1786.0,97,33,18,"(2, 50)",0,0.035650623885918005,98.83333333333333,52.888888888888886,source_memory,97,ATTACK,169,"(22, 32)",False,2,False,1855
0,0.0,True,0.0,0.9,0.9,1809,0,1809.0,106,9,21,"(25, 2)",0,0.023832221163012392,82.71428571428571,34.666666666666664,source_memory,106,ATTACK,162,"(25, 10)",False,0,False,1860
17,0.0,True,0.0,0.8663979493893877,0.9294971421069143,1814,0,1814.0,97,5,21,"(2, 41)",0,0.03732057416267943,86.66666666666667,41.76190476190476,source_memory,97,ATTACK,185,"(8, 41)",False,1,False,1860
14,0.0,True,0.0,0.652122219039056,0.7888789824945843,1791,0,1791.0,97,33,18,"(2, 50)",0,0.0345489443378119,98.83333333333333,52.888888888888886,source_memory,97,ATTACK,169,"(19, 34)",False,2,False,1860
0,0.0,True,0.0,0.9,0.9,1814,0,1814.0,106,9,21,"(25, 2)",0,0.020972354623450904,82.71428571428571,34.666666666666664,source_memory,106,ATTACK,162,"(25, 5)",False,0,False,1865
16,0.0,True,0.0,0.880457560498175,0.9227372063285327,1819,0,1819.0,97,5,21,"(2, 41)",0,0.0354066985645933,86.66666666666667,41.76190476190476,source_memory,97,ATTACK,185,"(3, 41)",False,1,False,1865
14,0.0,True,0.0,0.6871520177693894,0.8175251803319893,1796,0,1796.0,97,33,18,"(2, 50)",0,0.0345489443378119,98.83333333333333,52.888888888888886,source_memory,97,ATTACK,169,"(14, 34)",False,2,False,1865
0,0.0,True,0.0,0.9,0.9,1818,0,1818.0,107,9,22,"(13, 50)",0,0.020972354623450904,84.95454545454545,36.09090909090909,source_memory,107,ATTACK,163,"(25, 3)",False,0,False,1870
16,0.0,True,0.0,0.8849679320949623,0.9288070351923509,1823,0,1823.0,98,5,21,"(25, 2)",0,0.03253588516746411,86.66666666666667,41.76190476190476,source_memory,98,ATTACK,186,"(5, 41)",False,1,False,1870
14,0.0,True,0.0,0.7200866787852768,0.8423888139194218,1801,0,1801.0,97,33,18,"(2, 50)",0,0.03166986564299424,98.83333333333333,52.888888888888886,source_memory,97,ATTACK,169,"(11, 36)",False,2,False,1870
0,0.0,True,0.0,0.9,0.9,1823,0,1823.0,107,9,22,"(13, 50)",0,0.01811248808388942,84.95454545454545,36.09090909090909,source_memory,107,ATTACK,164,"(25, 8)",False,0,False,1875
16,0.0,True,0.0,0.8849679320949623,0.9288070351923509,1828,0,1828.0,98,5,21,"(25, 2)",0,0.028708133971291867,86.66666666666667,41.76190476190476,source_memory,98,ATTACK,187,"(8, 39)",False,1,False,1875
13,0.0,True,0.0,0.746586235528041,0.8421443236158941,1806,0,1806.0,97,33,18,"(2, 50)",0,0.02783109404990403,98.83333333333333,52.888888888888886,source_memory,97,ATTACK,170,"(9, 39)",False,2,False,1875
0,0.0,True,0.0,0.9,0.9,1828,0,1828.0,107,9,22,"(13, 50)",0,0.016477857878475798,84.95454545454545,36.09090909090909,source_memory,107,ATTACK,164,"(25, 13)",False,0,False,1880
15,0.0,True,0.0,0.7097790911368049,0.7097790911368049,1833,0,1833.0,98,5,21,"(25, 2)",0,0.027522935779816515,86.66666666666667,41.76190476190476,source_memory,98,ATTACK,187,"(10, 36)",False,1,False,1880
13,0.0,True,0.0,0.771282909554517,0.8634603683831502,1811,0,1811.0,97,33,18,"(2, 50)",0,0.02854230377166157,98.83333333333333,52.888888888888886,source_memory,97,ATTACK,170,"(6, 41)",False,2,False,1880
0,0.0,True,0.0,0.9,0.9,1833,0,1833.0,107,9,22,"(13, 50)",0,0.016477857878475798,84.95454545454545,36.09090909090909,source_memory,107,ATTACK,164,"(25, 18)",False,0,False,1885
15,0.0,True,0.0,0.7097790911368049,0.7097790911368049,1838,0,1838.0,98,5,21,"(25, 2)",0,0.027522935779816515,86.66666666666667,41.76190476190476,source_memory,98,ATTACK,187,"(14, 35)",False,1,False,1885
13,0.0,True,0.0,0.7856395759716075,0.8752557863176791,1816,0,1816.0,97,33,18,"(2, 50)",0,0.02854230377166157,98.83333333333333,52.888888888888886,source_memory,97,ATTACK,170,"(4, 44)",False,2,False,1885
0,0.0,True,0.0,0.9,0.9,1838,0,1838.0,107,9,22,"(13, 50)",0,0.016477857878475798,84.95454545454545,36.09090909090909,source_memory,107,ATTACK,164,"(25, 23)",False,0,False,1890
29,13.217038816362148,True,13.217038816362148,0.7097790911368049,0.7097790911368049,1843,0,1843.0,99,5,21,"(25, 2)",29,0.0417940876656473,86.66666666666667,41.76190476190476,source_memory,99,ATTACK,188,"(18, 34)",True,1,True,1890
27,0.0,True,0.0,0.7856395759716075,0.8752557863176791,1821,0,1821.0,97,33,18,"(2, 50)",0,0.04281345565749235,98.83333333333333,52.888888888888886,source_memory,97,ATTACK,170,"(3, 48)",False,2,False,1890
0,0.0,True,0.0,0.9,0.9,1843,0,1843.0,107,9,22,"(13, 50)",0,0.016477857878475798,84.95454545454545,36.09090909090909,source_memory,107,ATTACK,164,"(24, 27)",False,0,False,1895
28,12.795754146400569,True,12.795754146400569,0.7136837820627975,0.7421126595463127,1848,0,1848.0,99,5,21,"(25, 2)",28,0.0417940876656473,86.66666666666667,41.76190476190476,source_memory,99,ATTACK,188,"(22, 33)",True,1,True,1895
27,0.0,True,0.0,0.7856395759716075,0.8752557863176791,1825,0,1825.0,98,33,19,"(2, 41)",0,0.04281345565749235,99.6842105263158,53.31578947368421,source_memory,98,ATTACK,171,"(3, 50)",False,2,False,1895
0,0.0,True,0.0,0.9,0.9,1848,0,1848.0,108,9,22,"(13, 50)",0,0.016701461377870562,84.95454545454545,36.09090909090909,source_memory,108,ATTACK,165,"(23, 31)",False,0,False,1900
28,13.771894932893524,True,13.771894932893524,0.7273226257921152,0.7941039453180397,1853,0,1853.0,100,5,21,"(25, 2)",28,0.04231166150670795,86.66666666666667,41.76190476190476,source_memory,100,ATTACK,189,"(22, 28)",True,1,True,1900
27,0.0,True,0.0,0.7856395759716075,0.8752557863176791,1830,0,1830.0,98,33,19,"(2, 41)",0,0.04338842975206612,99.6842105263158,53.31578947368421,source_memory,98,ATTACK,172,"(3, 45)",False,2,False,1900
0,0.0,True,0.0,0.9,0.9,1853,0,1853.0,108,9,22,"(13, 50)",0,0.016614745586708203,84.95454545454545,36.09090909090909,source_memory,108,ATTACK,165,"(21, 34)",False,0,False,1905
28,13.771894932893524,True,13.771894932893524,0.7481300668757943,0.8323902137616016,1858,0,1858.0,100,5,21,"(25, 2)",28,0.04209445585215606,86.66666666666667,41.76190476190476,source_memory,100,ATTACK,189,"(25, 26)",True,1,True,1905
27,0.0,True,0.0,0.7949974321407446,0.8827429549362789,1835,0,1835.0,98,33,19,"(2, 41)",0,0.04316546762589928,99.6842105263158,53.31578947368421,source_memory,98,ATTACK,172,"(2, 41)",False,2,False,1905
0,0.0,True,0.0,0.9,0.9,1858,0,1858.0,108,9,22,"(13, 50)",0,0.016614745586708203,84.95454545454545,36.09090909090909,source_memory,108,ATTACK,165,"(18, 36)",False,0,False,1910
28,13.771894932893524,True,13.771894932893524,0.7704697290420426,0.8553205065725971,1863,0,1863.0,100,5,21,"(25, 2)",28,0.04209445585215606,86.66666666666667,41.76190476190476,source_memory,100,ATTACK,189,"(28, 24)",True,1,True,1910
27,0.0,True,0.0,0.804205118333573,0.8904598608559016,1839,0,1839.0,99,33,19,"(24, 45)",0,0.04316546762589928,99.6842105263158,53.31578947368421,source_memory,99,ATTACK,173,"(6, 41)",False,2,False,1910
0,0.0,True,0.0,0.9,0.9,1863,0,1863.0,108,9,22,"(13, 50)",0,0.016614745586708203,84.95454545454545,36.09090909090909,source_memory,108,ATTACK,165,"(15, 38)",False,0,False,1915
28,13.771894932893524,True,13.771894932893524,0.7927537871700822,0.8768056492840257,1868,0,1868.0,100,5,21,"(25, 2)",28,0.04209445585215606,86.66666666666667,41.76190476190476,source_memory,100,ATTACK,189,"(28, 19)",True,1,True,1915
27,0.0,True,0.0,0.8131020679786349,0.8971809507241325,1844,0,1844.0,99,33,19,"(24, 45)",0,0.04316546762589928,99.6842105263158,53.31578947368421,source_memory,99,ATTACK,173,"(11, 41)",False,2,False,1915
0,0.0,True,0.0,0.9,0.9,1867,0,1867.0,108,10,22,"(13, 50)",0,0.017543859649122806,84.95454545454545,36.09090909090909,source_memory,108,ATTACK,165,"(13, 40)",False,0,False,1920
28,13.771894932893524,True,13.771894932893524,0.8142319805754902,0.8940299244716288,1873,0,1873.0,100,5,21,"(25, 2)",28,0.044468546637744036,86.66666666666667,41.76190476190476,source_memory,100,ATTACK,189,"(28, 14)",True,1,True,1920
27,0.0,True,0.0,0.8350366627656843,0.9178394617248782,1849,0,1849.0,99,33,19,"(24, 45)",0,0.0455531453362256,99.6842105263158,53.31578947368421,source_memory,99,ATTACK,173,"(13, 38)",False,2,False,1920
0,0.0,True,0.0,0.9,0.9,1872,0,1872.0,108,10,22,"(13, 50)",0,0.01714898177920686,84.95454545454545,36.09090909090909,source_memory,108,ATTACK,166,"(13, 45)",False,0,False,1925
22,4.070866951321598,True,4.070866951321598,0.7233819468474354,0.7233819468474354,1878,0,1878.0,100,5,21,"(25, 2)",22,0.03711558854718982,86.66666666666667,41.76190476190476,source_memory,100,ATTACK,191,"(28, 9)",True,1,True,1925
27,0.0,True,0.0,0.8562097803255359,0.9350526617145293,1854,0,1854.0,101,33,19,"(24, 45)",0,0.044538706256627786,99.6842105263158,53.31578947368421,source_memory,101,ATTACK,176,"(16, 40)",False,2,False,1925
0,0.0,True,0.0,0.9,0.9,1877,0,1877.0,108,10,22,"(13, 50)",0,0.015772870662460567,84.95454545454545,36.09090909090909,source_memory,108,ATTACK,166,"(13, 50)",False,0,False,1930
20,0.0,False,0.0,0.47852542320184016,0.47852542320184016,1883,0,1883.0,104,5,21,"(25, 2)",0,0.02081165452653486,86.66666666666667,41.76190476190476,source_memory,104,ATTACK,196,"(25, 7)",False,1,False,1930
33,0.0,True,0.0,0.8756841260112262,0.9457300345223786,1859,0,1859.0,101,33,19,"(24, 45)",0,0.03433922996878252,99.6842105263158,53.31578947368421,source_memory,101,ATTACK,176,"(21, 40)",False,2,False,1930
0,0.0,True,0.0,0.9,0.9,1881,0,1881.0,109,10,22,"(33, 50)",0,0.015608740894901144,84.95454545454545,36.09090909090909,source_memory,109,ATTACK,167,"(17, 50)",False,0,False,1935
20,0.0,True,0.0,0.4893296368783014,0.5638221494195491,1888,0,1888.0,104,5,21,"(25, 2)",0,0.02059732234809475,86.66666666666667,41.76190476190476,source_memory,104,ATTACK,196,"(25, 2)",False,1,False,1935
33,0.0,True,0.0,0.8925072830325487,0.9523089413215957,1864,0,1864.0,101,33,19,"(24, 45)",0,0.03398558187435633,99.6842105263158,53.31578947368421,source_memory,101,ATTACK,176,"(25, 41)",False,2,False,1935
0,0.0,True,0.0,0.9,0.9,1886,0,1886.0,109,10,22,"(33, 50)",0,0.014492753623188406,84.95454545454545,36.09090909090909,source_memory,109,ATTACK,167,"(21, 49)",False,0,False,1940
18,0.0,True,0.0,0.49385593575320713,0.5798556143764159,1892,0,1892.0,105,5,22,"(2, 20)",0,0.01964839710444674,88.0,43.0,source_memory,105,ATTACK,197,"(25, 6)",False,1,False,1940
31,0.0,True,0.0,0.8955763765528135,0.9538891534378467,1869,0,1869.0,101,33,19,"(24, 45)",0,0.02998965873836608,99.6842105263158,53.31578947368421,source_memory,101,ATTACK,176,"(24, 45)",False,2,False,1940
0,0.0,True,0.0,0.9,0.9,1891,0,1891.0,112,10,22,"(33, 50)",0,0.011387163561076604,84.95454545454545,36.09090909090909,source_memory,112,ATTACK,170,"(25, 50)",False,0,False,1945
18,0.0,True,0.0,0.5041351374973512,0.6062068098704296,1897,0,1897.0,105,5,22,"(2, 20)",0,0.025853154084798345,88.0,43.0,source_memory,105,ATTACK,197,"(25, 11)",False,1,False,1945
31,0.0,True,0.0,0.9099718721623548,0.9625696556236477,1873,0,1873.0,102,33,20,"(15, 2)",0,0.03412616339193381,97.05,52.4,source_memory,102,ATTACK,177,"(25, 42)",False,2,False,1945
0,0.0,True,0.0,0.9,0.9,1896,0,1896.0,113,10,22,"(33, 50)",0,0.046583850931677016,84.95454545454545,36.09090909090909,source_memory,113,ATTACK,171,"(25, 47)",False,0,False,1950
18,0.0,True,0.0,0.5097590433640019,0.6166132548303667,1902,0,1902.0,105,5,22,"(2, 20)",0,0.06101344364012409,88.0,43.0,source_memory,105,ATTACK,198,"(25, 16)",False,1,False,1950
31,6.0,True,6.0,0.9228416328053997,0.9690876094627422,1878,0,1878.0,102,33,20,"(15, 2)",31,0.0703205791106515,97.05,52.4,source_memory,102,ATTACK,178,"(25, 37)",True,2,True,1950
0,0.0,True,0.0,0.9,0.9,1901,0,1901.0,113,10,22,"(33, 50)",0,0.040372670807453416,84.95454545454545,36.09090909090909,source_memory,113,ATTACK,171,"(27, 50)",False,0,False,1955
16,0.0,True,0.0,0.5097590433640019,0.6166132548303667,1907,0,1907.0,105,5,22,"(2, 20)",0,0.05687693898655636,88.0,43.0,source_memory,105,ATTACK,198,"(21, 17)",False,1,False,1955
31,6.0,True,6.0,0.9275028048619043,0.9710699402299438,1883,0,1883.0,102,33,20,"(15, 2)",31,0.06204756980351603,97.05,52.4,source_memory,102,ATTACK,178,"(25, 32)",True,2,True,1955
0,0.0,True,0.0,0.9,0.9,1906,0,1906.0,113,10,22,"(33, 50)",0,0.04100946372239748,84.95454545454545,36.09090909090909,source_memory,113,ATTACK,171,"(32, 50)",False,0,False,1960
15,0.0,True,0.0,0.5097590433640019,0.6166132548303667,1912,0,1912.0,105,5,22,"(2, 20)",0,0.05543933054393305,88.0,43.0,source_memory,105,ATTACK,198,"(16, 17)",False,1,False,1960
31,6.0,True,6.0,0.9275028048619043,0.9710699402299438,1888,0,1888.0,102,33,20,"(15, 2)",31,0.060669456066945605,97.05,52.4,source_memory,102,ATTACK,178,"(25, 27)",True,2,True,1960
0,0.0,True,0.0,0.9,0.9,1910,0,1910.0,114,10,23,"(2, 50)",0,0.04033092037228542,85.30434782608695,35.869565217391305,source_memory,114,ATTACK,172,"(30, 50)",False,0,False,1965
29,0.0,True,0.0,0.5097590433640019,0.6166132548303667,1917,0,1917.0,105,5,22,"(2, 20)",0,0.06795131845841786,88.0,43.0,source_memory,105,ATTACK,198,"(14, 20)",False,1,False,1965
45,6.0,True,6.0,0.9275028048619043,0.9710699402299438,1893,0,1893.0,102,33,20,"(15, 2)",45,0.07302231237322515,97.05,52.4,source_memory,102,ATTACK,178,"(25, 22)",True,2,True,1965
0,0.0,True,0.0,0.9,0.9,1915,0,1915.0,114,10,23,"(2, 50)",0,0.038461538461538464,85.30434782608695,35.869565217391305,source_memory,114,ATTACK,172,"(26, 49)",False,0,False,1970
27,5.874616177088171,True,5.874616177088171,0.5097590433640019,0.6166132548303667,1922,0,1922.0,107,5,22,"(2, 20)",27,0.06467661691542288,88.0,43.0,source_memory,107,ATTACK,200,"(10, 21)",True,1,True,1970
45,6.0,True,6.0,0.9275028048619043,0.9710699402299438,1898,0,1898.0,102,33,20,"(15, 2)",45,0.06965174129353234,97.05,52.4,source_memory,102,ATTACK,178,"(25, 17)",True,2,True,1970
0,0.0,True,0.0,0.9,0.9,1920,0,1920.0,114,10,23,"(2, 50)",0,0.037549407114624504,85.30434782608695,35.869565217391305,source_memory,114,ATTACK,173,"(21, 49)",False,0,False,1975
15,0.0,False,0.0,0.33781582092135687,0.33781582092135687,1927,0,1927.0,109,5,22,"(2, 20)",0,0.03940886699507389,88.0,43.0,source_memory,109,ATTACK,203,"(9, 25)",False,1,False,1975
45,6.0,True,6.0,0.9275028048619043,0.9710699402299438,1903,0,1903.0,102,33,20,"(15, 2)",45,0.06699507389162561,97.05,52.4,source_memory,102,ATTACK,179,"(20, 17)",True,2,True,1975
0,0.0,True,0.0,0.9,0.9,1925,0,1925.0,114,10,23,"(2, 50)",0,0.03803803803803804,85.30434782608695,35.869565217391305,source_memory,114,ATTACK,173,"(17, 48)",False,0,False,1980
10,0.0,False,0.0,0.16523927067301125,0.16523927067301125,1932,0,1932.0,110,5,22,"(2, 20)",0,0.03968253968253968,88.0,43.0,source_memory,110,ATTACK,204,"(6, 23)",False,1,False,1980
39,6.0,True,6.0,0.9275028048619043,0.9710699402299438,1908,0,1908.0,102,33,20,"(15, 2)",39,0.06349206349206349,97.05,52.4,source_memory,102,ATTACK,179,"(15, 17)",True,2,True,1980
0,0.0,True,0.0,0.9,0.9,1930,0,1930.0,114,10,23,"(2, 50)",0,0.03667953667953668,85.30434782608695,35.869565217391305,source_memory,114,ATTACK,173,"(12, 48)",False,0,False,1985
10,0.0,False,0.0,0.16523927067301125,0.16523927067301125,1937,0,1937.0,110,5,22,"(2, 20)",0,0.03732057416267943,88.0,43.0,source_memory,110,ATTACK,204,"(2, 22)",False,1,False,1985
39,6.0,True,6.0,0.9275028048619043,0.9710699402299438,1913,0,1913.0,102,33,20,"(15, 2)",39,0.0660287081339713,97.05,52.4,source_memory,102,ATTACK,179,"(15, 12)",True,2,True,1985
0,0.0,True,0.0,0.9,0.9,1935,0,1935.0,114,10,23,"(2, 50)",0,0.035414725069897485,85.30434782608695,35.869565217391305,source_memory,114,ATTACK,173,"(9, 46)",False,0,False,1990
10,0.0,False,0.0,0.16523927067301125,0.16523927067301125,1941,0,1941.0,111,5,22,"(2, 41)",0,0.0362453531598513,88.0,43.0,source_memory,111,ATTACK,205,"(2, 22)",False,1,False,1990
33,0.0,True,0.0,0.9275028048619043,0.9710699402299438,1918,0,1918.0,102,33,20,"(15, 2)",0,0.05762081784386617,97.05,52.4,source_memory,102,ATTACK,179,"(14, 8)",False,2,False,1990
0,0.0,True,0.0,0.9,0.9,1940,0,1940.0,114,10,23,"(2, 50)",0,0.035023041474654376,85.30434782608695,35.869565217391305,source_memory,114,ATTACK,173,"(4, 46)",False,0,False,1995
10,0.0,False,0.0,0.16523927067301125,0.16523927067301125,1946,0,1946.0,111,5,22,"(2, 41)",0,0.03400735294117647,88.0,43.0,source_memory,111,ATTACK,205,"(3, 26)",False,1,False,1995
33,0.0,True,0.0,0.9275028048619043,0.9710699402299438,1923,0,1923.0,102,33,20,"(15, 2)",0,0.05606617647058824,97.05,52.4,source_memory,102,ATTACK,179,"(14, 3)",False,2,False,1995
0,0.0,True,0.0,0.9,0.9,1945,0,1945.0,114,10,23,"(2, 50)",0,0.034420289855072464,85.30434782608695,35.869565217391305,source_memory,114,RECOVERY,174,"(3, 50)",False,0,False,2000
7,0.0,False,0.0,0.16523927067301125,0.16523927067301125,1951,0,1951.0,111,5,22,"(2, 41)",0,0.03351449275362319,88.0,43.0,source_memory,111,RECOVERY,206,"(3, 31)",False,1,False,2000
33,0.0,True,0.0,0.9275028048619043,0.9710699402299438,1927,0,1927.0,103,33,20,"(24, 45)",0,0.050724637681159424,97.05,52.4,source_memory,103,RECOVERY,181,"(15, 4)",False,2,False,2000
0,0.0,True,0.0,0.9,0.9,1949,0,1949.0,115,10,23,"(2, 41)",0,0.034358047016274866,85.30434782608695,35.869565217391305,source_memory,115,RECOVERY,175,"(3, 48)",False,0,False,2005
7,0.0,False,0.0,0.16523927067301125,0.16523927067301125,1956,0,1956.0,111,5,22,"(2, 41)",0,0.034358047016274866,88.0,43.0,source_memory,111,RECOVERY,206,"(3, 36)",False,1,False,2005
33,0.0,True,0.0,0.9275028048619043,0.9710699402299438,1932,0,1932.0,103,33,20,"(24, 45)",0,0.05063291139240506,97.05,52.4,source_memory,103,RECOVERY,181,"(15, 9)",False,2,False,2005
0,0.0,True,0.0,0.9,0.9,1954,0,1954.0,115,10,23,"(2, 41)",0,0.034358047016274866,85.30434782608695,35.869565217391305,source_memory,115,RECOVERY,175,"(3, 43)",False,0,False,2010
7,0.0,False,0.0,0.18350585385955467,0.3026500520939452,1961,0,1961.0,111,5,22,"(2, 41)",0,0.034358047016274866,88.0,43.0,source_memory,111,RECOVERY,206,"(3, 41)",False,1,False,2010
33,0.0,True,0.0,0.9275028048619043,0.9710699402299438,1937,0,1937.0,103,33,20,"(24, 45)",0,0.05244122965641953,97.05,52.4,source_memory,103,RECOVERY,181,"(16, 13)",False,2,False,2010
0,0.0,True,0.0,0.9,0.9,1957,1,1957.0,118,11,23,"(2, 41)",0,0.034358047016274866,85.30434782608695,35.869565217391305,source_memory,118,RECOVERY,178,"(4, 41)",False,0,False,2015
7,0.0,False,0.0,0.23471448208770596,0.46757669348256053,1964,0,1964.0,113,6,23,"(15, 2)",0,0.03345388788426763,87.47826086956522,42.17391304347826,source_memory,113,RECOVERY,208,"(3, 40)",False,1,False,2015
33,0.0,True,0.0,0.9275028048619043,0.9710699402299438,1942,0,1942.0,103,33,20,"(24, 45)",0,0.054249547920433995,97.05,52.4,source_memory,103,RECOVERY,181,"(16, 18)",False,2,False,2015
0,0.0,True,0.0,0.9,0.9,1961,1,1961.0,119,11,24,"(3, 8)",0,0.033363390441839495,84.08333333333333,35.041666666666664,source_memory,119,RECOVERY,179,"(4, 41)",False,0,False,2020
7,0.0,True,0.0,0.28862139469296283,0.558206340446762,1969,0,1969.0,113,6,23,"(15, 2)",0,0.03333333333333333,87.47826086956522,42.17391304347826,source_memory,113,RECOVERY,208,"(5, 37)",False,1,False,2020
33,0.0,True,0.0,0.9275028048619043,0.9710699402299438,1947,0,1947.0,103,33,20,"(24, 45)",0,0.05320108205590622,97.05,52.4,source_memory,103,RECOVERY,181,"(18, 21)",False,2,False,2020
0,0.0,True,0.0,0.9,0.9,1966,1,1966.0,120,11,24,"(3, 8)",0,0.03141831238779174,84.08333333333333,35.041666666666664,source_memory,120,RECOVERY,180,"(8, 40)",False,0,False,2025
7,0.0,True,0.0,0.3490479246758703,0.6388464215000076,1974,0,1974.0,113,6,23,"(15, 2)",0,0.03228699551569507,87.47826086956522,42.17391304347826,source_memory,113,RECOVERY,209,"(5, 32)",False,1,False,2025
33,0.0,True,0.0,0.9275028048619043,0.9710699402299438,1952,0,1952.0,104,33,20,"(24, 45)",0,0.05116696588868941,97.05,52.4,source_memory,104,RECOVERY,182,"(19, 25)",False,2,False,2025
0,0.0,True,0.0,0.9,0.9,1971,1,1971.0,120,11,24,"(3, 8)",0,0.025823686553873553,84.08333333333333,35.041666666666664,source_memory,120,RECOVERY,180,"(10, 37)",False,0,False,2030
7,0.0,True,0.0,0.37901950456065364,0.6619938587271942,1979,0,1979.0,113,6,23,"(15, 2)",0,0.027580071174377226,87.47826086956522,42.17391304347826,source_memory,113,RECOVERY,209,"(6, 28)",False,1,False,2030
31,0.0,True,0.0,0.9275028048619043,0.9710699402299438,1957,0,1957.0,104,33,20,"(24, 45)",0,0.04096170970614425,97.05,52.4,source_memory,104,RECOVERY,182,"(22, 27)",False,2,False,2030
0,0.0,True,0.0,0.9,0.9,1976,1,1976.0,120,11,24,"(3, 8)",0,0.02224199288256228,84.08333333333333,35.041666666666664,source_memory,120,RECOVERY,180,"(12, 34)",False,0,False,2035
7,0.0,True,0.0,0.40822684222627875,0.683769814338317,1984,0,1984.0,113,6,23,"(15, 2)",0,0.029333333333333333,87.47826086956522,42.17391304347826,source_memory,113,RECOVERY,209,"(8, 25)",False,1,False,2035
31,0.0,True,0.0,0.9275028048619043,0.9710699402299438,1962,0,1962.0,104,33,20,"(24, 45)",0,0.028469750889679714,97.05,52.4,source_memory,104,RECOVERY,182,"(24, 30)",False,2,False,2035
0,0.0,True,0.0,0.9,0.9,1981,1,1981.0,120,11,24,"(3, 8)",0,0.02146690518783542,84.08333333333333,35.041666666666664,source_memory,120,RECOVERY,180,"(12, 29)",False,0,False,2040
6,0.0,True,0.0,0.42251908497547497,0.6940716972102036,1989,0,1989.0,113,6,23,"(15, 2)",0,0.0285204991087344,87.47826086956522,42.17391304347826,source_memory,113,RECOVERY,209,"(11, 23)",False,1,False,2040
31,0.0,True,0.0,0.9275028048619043,0.9710699402299438,1967,0,1967.0,104,33,20,"(24, 45)",0,0.027728085867620753,97.05,52.4,source_memory,104,RECOVERY,182,"(24, 35)",False,2,False,2040
0,0.0,True,0.0,0.9,0.9,1986,1,1986.0,120,11,24,"(3, 8)",0,0.02146690518783542,84.08333333333333,35.041666666666664,source_memory,120,RECOVERY,180,"(12, 24)",False,0,False,2045
6,0.0,True,0.0,0.49242472902640194,0.7567070958148107,1994,0,1994.0,113,6,23,"(15, 2)",0,0.025846702317290554,87.47826086956522,42.17391304347826,source_memory,113,RECOVERY,209,"(14, 21)",False,1,False,2045
27,0.0,True,0.0,0.9275028048619043,0.9710699402299438,1972,0,1972.0,104,33,20,"(24, 45)",0,0.026833631484794274,97.05,52.4,source_memory,104,RECOVERY,182,"(24, 40)",False,2,False,2045
0,0.0,True,0.0,0.9,0.9,1991,1,1991.0,120,11,24,"(3, 8)",0,0.01967799642218247,84.08333333333333,35.041666666666664,source_memory,120,RECOVERY,181,"(13, 20)",False,0,False,2050
6,0.0,True,0.0,0.560358100750898,0.8131461211145424,1999,0,1999.0,113,6,23,"(15, 2)",0,0.020499108734402853,87.47826086956522,42.17391304347826,source_memory,113,RECOVERY,210,"(15, 17)",False,1,False,2050
27,0.0,True,0.0,0.9359257479254705,0.9740234395424373,1977,0,1977.0,104,33,20,"(24, 45)",0,0.026833631484794274,97.05,52.4,source_memory,104,RECOVERY,183,"(25, 44)",False,2,False,2050
0,0.0,True,0.0,0.9,0.9,1996,1,1996.0,120,11,24,"(3, 8)",0,0.01967799642218247,84.08333333333333,35.041666666666664,source_memory,120,RECOVERY,181,"(14, 16)",False,0,False,2055
6,0.0,True,0.0,0.6236888928793058,0.856075931906562,2004,0,2004.0,113,6,23,"(15, 2)",0,0.020499108734402853,87.47826086956522,42.17391304347826,source_memory,113,RECOVERY,210,"(15, 12)",False,1,False,2055
27,0.0,True,0.0,0.9415750442282899,0.9762740864363281,1981,0,1981.0,105,33,21,"(2, 41)",0,0.026833631484794274,97.76190476190476,52.523809523809526,source_memory,105,RECOVERY,184,"(25, 44)",False,2,False,2055
0,0.0,True,0.0,0.9,0.9,2001,1,2001.0,120,11,24,"(3, 8)",0,0.019748653500897665,84.08333333333333,35.041666666666664,source_memory,120,RECOVERY,181,"(13, 12)",False,0,False,2060
0,0.0,True,0.0,0.6810427224597146,0.8886728564402246,2009,0,2009.0,113,6,23,"(15, 2)",0,0.02064631956912029,87.47826086956522,42.17391304347826,source_memory,113,RECOVERY,210,"(15, 7)",False,1,False,2060
27,0.0,True,0.0,0.9415750442282899,0.9762740864363281,1986,0,1986.0,105,33,21,"(2, 41)",0,0.026929982046678635,97.76190476190476,52.523809523809526,source_memory,105,RECOVERY,184,"(24, 40)",False,2,False,2060
0,0.0,True,0.0,0.9,0.9,2006,1,2006.0,120,11,24,"(3, 8)",0,0.016143497757847534,84.08333333333333,35.041666666666664,source_memory,120,RECOVERY,181,"(12, 8)",False,0,False,2065
0,0.0,True,0.0,0.7315891403098742,0.9134967182553,2014,0,2014.0,113,6,23,"(15, 2)",0,0.017040358744394617,87.47826086956522,42.17391304347826,source_memory,113,RECOVERY,210,"(15, 2)",False,1,False,2065
27,0.0,True,0.0,0.9433410717635073,0.97689559493264,1991,0,1991.0,106,33,21,"(2, 41)",0,0.023318385650224215,97.76190476190476,52.523809523809526,source_memory,106,RECOVERY,185,"(19, 40)",False,2,False,2065
0,0.0,True,0.0,0.9,0.9,2011,1,2011.0,120,11,24,"(3, 8)",0,0.01607142857142857,84.08333333333333,35.041666666666664,source_memory,120,RECOVERY,181,"(7, 8)",False,0,False,2070
0,0.0,True,0.0,0.7670100811311672,0.9270480053876854,2018,0,2018.0,114,6,23,"(21, 17)",0,0.016964285714285713,87.47826086956522,42.17391304347826,source_memory,114,RECOVERY,211,"(15, 6)",False,1,False,2070
27,0.0,True,0.0,0.9498229709612643,0.9791366264500468,1996,0,1996.0,106,33,21,"(2, 41)",0,0.02142857142857143,97.76190476190476,52.523809523809526,source_memory,106,RECOVERY,185,"(16, 42)",False,2,False,2070
0,0.0,True,0.0,0.9,0.9,2015,1,2015.0,121,11,24,"(33, 8)",0,0.016042780748663103,84.08333333333333,35.041666666666664,source_memory,121,RECOVERY,183,"(3, 8)",False,0,False,2075
0,0.0,True,0.0,0.804938366172334,0.938597141315459,2023,0,2023.0,114,6,23,"(21, 17)",0,0.01693404634581105,87.47826086956522,42.17391304347826,source_memory,114,RECOVERY,212,"(17, 9)",False,1,False,2075
27,0.0,True,0.0,0.956870551154333,0.9820407480016314,2001,0,2001.0,106,33,21,"(2, 41)",0,0.01871657754010695,97.76190476190476,52.523809523809526,source_memory,106,RECOVERY,186,"(12, 41)",False,2,False,2075
0,0.0,True,0.0,0.9,0.9,2020,1,2020.0,121,11,24,"(33, 8)",0,0.015165031222123104,84.08333333333333,35.041666666666664,source_memory,121,RECOVERY,183,"(8, 8)",False,0,False,2080
0,0.0,True,0.0,0.8365310541412176,0.948127045572179,2028,0,2028.0,114,6,23,"(21, 17)",0,0.016918967052537846,87.47826086956522,42.17391304347826,source_memory,114,RECOVERY,212,"(17, 14)",False,1,False,2080
27,0.0,True,0.0,0.9629397009238503,0.9845701937112552,2006,0,2006.0,106,33,21,"(2, 41)",0,0.01784121320249777,97.76190476190476,52.523809523809526,source_memory,106,RECOVERY,186,"(7, 41)",False,2,False,2080
0,0.0,True,0.0,0.9,0.9,2025,1,2025.0,121,11,24,"(33, 8)",0,0.015165031222123104,84.08333333333333,35.041666666666664,source_memory,121,RECOVERY,183,"(13, 8)",False,0,False,2085
0,0.0,True,0.0,0.862936421452946,0.955970474135423,2033,0,2033.0,114,6,23,"(21, 17)",0,0.016918967052537846,87.47826086956522,42.17391304347826,source_memory,114,RECOVERY,212,"(19, 17)",False,1,False,2085
27,0.0,True,0.0,0.9681501361547552,0.9866698916218852,2011,0,2011.0,106,33,21,"(2, 41)",0,0.01784121320249777,97.76190476190476,52.523809523809526,source_memory,106,RECOVERY,186,"(2, 41)",False,2,False,2085
0,0.0,True,0.0,0.9,0.9,2030,1,2030.0,121,11,24,"(33, 8)",0,0.015165031222123104,84.08333333333333,35.041666666666664,source_memory,121,RECOVERY,183,"(17, 9)",False,0,False,2090
0,0.0,True,0.0,0.862936421452946,0.955970474135423,2037,0,2037.0,115,6,24,"(33, 8)",0,0.016918967052537846,87.0,41.333333333333336,source_memory,115,RECOVERY,213,"(23, 17)",False,1,False,2090
27,0.0,True,0.0,0.9691133854018332,0.9874151210963161,2015,0,2015.0,107,33,21,"(25, 2)",0,0.021409455842997322,97.76190476190476,52.523809523809526,source_memory,107,RECOVERY,187,"(6, 41)",False,2,False,2090
0,0.0,True,0.0,0.9,0.9,2035,1,2035.0,121,11,24,"(33, 8)",0,0.014272970561998216,84.08333333333333,35.041666666666664,source_memory,121,RECOVERY,183,"(22, 9)",False,0,False,2095
0,0.0,True,0.0,0.862936421452946,0.955970474135423,2042,0,2042.0,116,6,24,"(33, 8)",0,0.013357079252003561,87.0,41.333333333333336,source_memory,116,RECOVERY,214,"(26, 15)",False,1,False,2095
27,0.0,True,0.0,0.9691133854018332,0.9874151210963161,2020,0,2020.0,107,33,21,"(25, 2)",0,0.020517395182872437,97.76190476190476,52.523809523809526,source_memory,107,RECOVERY,187,"(11, 41)",False,2,False,2095
0,0.0,True,0.0,0.9,0.9,2040,1,2040.0,121,11,24,"(33, 8)",0,0.03125,84.08333333333333,35.041666666666664,source_memory,121,RECOVERY,184,"(26, 8)",False,0,False,2100
0,0.0,True,0.0,0.8768422452487499,0.9624676420135141,2047,0,2047.0,117,6,24,"(33, 8)",0,0.033928571428571426,87.0,41.333333333333336,source_memory,117,RECOVERY,215,"(28, 12)",False,1,False,2100
16,0.0,True,0.0,0.9709445388187531,0.9880673147250275,2025,0,2025.0,108,33,21,"(25, 2)",0,0.03660714285714286,97.76190476190476,52.523809523809526,source_memory,108,RECOVERY,188,"(13, 38)",False,2,False,2100
0,0.0,True,0.0,0.9,0.9,2045,1,2045.0,121,11,24,"(33, 8)",0,0.029464285714285714,84.08333333333333,35.041666666666664,source_memory,121,RECOVERY,184,"(31, 8)",False,0,False,2105
0,0.0,True,0.0,0.8973426439502479,0.9702658106012515,2052,0,2052.0,117,6,24,"(33, 8)",0,0.02857142857142857,87.0,41.333333333333336,source_memory,117,RECOVERY,215,"(30, 9)",False,1,False,2105
14,0.0,True,0.0,0.9709445388187531,0.9880673147250275,2030,0,2030.0,108,33,21,"(25, 2)",0,0.03214285714285714,97.76190476190476,52.523809523809526,source_memory,108,RECOVERY,188,"(16, 36)",False,2,False,2105
0,0.0,True,0.0,0.9,0.9,2048,1,2048.0,122,12,25,"(24, 45)",0,0.026785714285714284,84.32,34.96,source_memory,122,RECOVERY,185,"(32, 8)",False,0,False,2110
0,0.0,True,0.0,0.9115315322355528,0.9757726581107318,2057,0,2057.0,117,6,24,"(33, 8)",0,0.025892857142857145,87.0,41.333333333333336,source_memory,117,RECOVERY,215,"(32, 10)",False,1,False,2110
14,0.0,True,0.0,0.9709445388187531,0.9880673147250275,2035,0,2035.0,108,33,21,"(25, 2)",0,0.029464285714285714,97.76190476190476,52.523809523809526,source_memory,108,RECOVERY,188,"(21, 36)",False,2,False,2110
0,0.0,True,0.0,0.9,0.9,2053,1,2053.0,122,12,25,"(24, 45)",0,0.026785714285714284,84.32,34.96,source_memory,122,RECOVERY,185,"(29, 10)",False,0,False,2115
0,0.0,True,0.0,0.9240276373107951,0.9804693067742716,2061,0,2061.0,120,6,24,"(2, 20)",0,0.025892857142857145,87.0,41.333333333333336,source_memory,120,RECOVERY,218,"(32, 8)",False,1,False,2115
14,0.0,True,0.0,0.9709445388187531,0.9880673147250275,2040,0,2040.0,108,33,21,"(25, 2)",0,0.029464285714285714,97.76190476190476,52.523809523809526,source_memory,108,RECOVERY,188,"(24, 34)",False,2,False,2115
0,0.0,True,0.0,0.9,0.9,2058,1,2058.0,122,12,25,"(24, 45)",0,0.024107142857142858,84.32,34.96,source_memory,122,RECOVERY,185,"(25, 11)",False,0,False,2120
0,0.0,True,0.0,0.9374059336989854,0.9847372675871985,2066,0,2066.0,120,6,24,"(2, 20)",0,0.024107142857142858,87.0,41.333333333333336,source_memory,120,RECOVERY,218,"(31, 12)",False,1,False,2120
14,0.0,True,0.0,0.9709445388187531,0.9880673147250275,2045,0,2045.0,108,33,21,"(25, 2)",0,0.025,97.76190476190476,52.523809523809526,source_memory,108,RECOVERY,188,"(25, 30)",False,2,False,2120
0,0.0,True,0.0,0.9,0.9,2063,1,2063.0,122,12,25,"(24, 45)",0,0.024107142857142858,84.32,34.96,source_memory,122,RECOVERY,186,"(25, 16)",False,0,False,2125
0,0.0,True,0.0,0.9485519088232955,0.9877603690867462,2071,0,2071.0,121,6,24,"(2, 20)",0,0.024107142857142858,87.0,41.333333333333336,source_memory,121,RECOVERY,219,"(28, 14)",False,1,False,2125
14,0.0,True,0.0,0.9709445388187531,0.9880673147250275,2050,0,2050.0,108,33,21,"(25, 2)",0,0.025,97.76190476190476,52.523809523809526,source_memory,108,RECOVERY,189,"(25, 25)",False,2,False,2125
0,0.0,True,0.0,0.9,0.9,2067,1,2067.0,122,13,25,"(24, 45)",0,0.024107142857142858,84.32,34.96,source_memory,122,RECOVERY,186,"(25, 20)",False,0,False,2130
0,0.0,True,0.0,0.9578063045074843,0.9904396343289282,2076,0,2076.0,121,6,24,"(2, 20)",0,0.024107142857142858,87.0,41.333333333333336,source_memory,121,RECOVERY,219,"(25, 16)",False,1,False,2130
14,0.0,True,0.0,0.9751096614335981,0.9902763772229918,2055,0,2055.0,108,33,21,"(25, 2)",0,0.025,97.76190476190476,52.523809523809526,source_memory,108,RECOVERY,189,"(26, 21)",False,2,False,2130
0,0.0,True,0.0,0.9,0.9,2072,1,2072.0,122,13,25,"(24, 45)",0,0.024107142857142858,84.32,34.96,source_memory,122,RECOVERY,186,"(25, 25)",False,0,False,2135
0,0.0,True,0.0,0.9640592409438575,0.9920808922228134,2081,0,2081.0,121,6,24,"(2, 20)",0,0.024107142857142858,87.0,41.333333333333336,source_memory,121,RECOVERY,219,"(21, 17)",False,1,False,2135
14,0.0,True,0.0,0.978838310469709,0.9923388759746475,2060,0,2060.0,110,33,21,"(25, 2)",0,0.025,97.76190476190476,52.523809523809526,source_memory,110,RECOVERY,191,"(25, 19)",False,2,False,2135
0,0.0,True,0.0,0.9,0.9,2077,1,2077.0,122,13,25,"(24, 45)",0,0.019178082191780823,84.32,34.96,source_memory,122,RECOVERY,186,"(25, 30)",False,0,False,2140
0,0.0,True,0.0,0.9640592409438575,0.9920808922228134,2086,0,2086.0,121,6,24,"(2, 20)",0,0.018281535648994516,87.0,41.333333333333336,source_memory,121,RECOVERY,219,"(18, 19)",False,1,False,2140
14,0.0,True,0.0,0.9821016056150303,0.9937434038016512,2065,0,2065.0,110,33,21,"(25, 2)",0,0.019195612431444242,97.76190476190476,52.523809523809526,source_memory,110,RECOVERY,191,"(25, 14)",False,2,False,2140
0,0.0,True,0.0,0.9,0.9,2082,1,2082.0,122,13,25,"(24, 45)",0,0.0182648401826484,84.32,34.96,source_memory,122,RECOVERY,186,"(25, 35)",False,0,False,2145
0,0.0,True,0.0,0.9640592409438575,0.9920808922228134,2091,0,2091.0,121,6,24,"(2, 20)",0,0.018281535648994516,87.0,41.333333333333336,source_memory,121,RECOVERY,219,"(14, 20)",False,1,False,2145
14,0.0,True,0.0,0.984906268919438,0.9948857646324649,2070,0,2070.0,110,33,21,"(25, 2)",0,0.019195612431444242,97.76190476190476,52.523809523809526,source_memory,110,RECOVERY,191,"(25, 9)",False,2,False,2145
0,0.0,True,0.0,0.9,0.9,2087,1,2087.0,122,13,25,"(24, 45)",0,0.0136986301369863,84.32,34.96,source_memory,122,RECOVERY,187,"(25, 40)",False,0,False,2150
0,0.0,True,0.0,0.9640592409438575,0.9920808922228134,2096,0,2096.0,121,6,24,"(2, 20)",0,0.013711151736745886,87.0,41.333333333333336,source_memory,121,RECOVERY,220,"(9, 20)",False,1,False,2150
13,0.0,True,0.0,0.9872709768679756,0.9956226766700197,2075,0,2075.0,110,33,21,"(25, 2)",0,0.013711151736745886,97.76190476190476,52.523809523809526,source_memory,110,RECOVERY,192,"(25, 4)",False,2,False,2150
0,0.0,True,0.0,0.9,0.9,2092,1,2092.0,122,13,25,"(24, 45)",0,0.0136986301369863,84.32,34.96,source_memory,122,RECOVERY,187,"(25, 45)",False,0,False,2155
0,0.0,True,0.0,0.9640592409438575,0.9920808922228134,2101,0,2101.0,121,6,24,"(2, 20)",0,0.013711151736745886,87.0,41.333333333333336,source_memory,121,RECOVERY,220,"(4, 20)",False,1,False,2155
13,0.0,True,0.0,0.9876939208872253,0.9957298572529701,2078,0,2078.0,111,33,22,"(33, 50)",0,0.013711151736745886,97.86363636363636,53.18181818181818,source_memory,111,RECOVERY,194,"(25, 3)",False,2,False,2155
0,0.0,True,0.0,0.9,0.9,2096,1,2096.0,123,13,25,"(2, 20)",0,0.012797074954296161,84.32,34.96,source_memory,123,RECOVERY,188,"(25, 43)",False,0,False,2160
0,0.0,True,0.0,0.9640592409438575,0.9920808922228134,2105,0,2105.0,122,6,25,"(24, 45)",0,0.013711151736745886,86.32,41.44,source_memory,122,RECOVERY,221,"(3, 21)",False,1,False,2160
10,0.0,True,0.0,0.9876939208872253,0.9957298572529701,2083,0,2083.0,111,33,22,"(33, 50)",0,0.013711151736745886,97.86363636363636,53.18181818181818,source_memory,111,RECOVERY,194,"(25, 8)",False,2,False,2160
0,0.0,True,0.0,0.9,0.9,2101,1,2101.0,123,13,25,"(2, 20)",0,0.012797074954296161,84.32,34.96,source_memory,123,RECOVERY,188,"(24, 39)",False,0,False,2165
0,0.0,True,0.0,0.9640592409438575,0.9920808922228134,2110,0,2110.0,122,6,25,"(24, 45)",0,0.013711151736745886,86.32,41.44,source_memory,122,RECOVERY,221,"(8, 21)",False,1,False,2165
10,0.0,True,0.0,0.9876939208872253,0.9957298572529701,2088,0,2088.0,111,33,22,"(33, 50)",0,0.014625228519195612,97.86363636363636,53.18181818181818,source_memory,111,RECOVERY,194,"(25, 13)",False,2,False,2165
0,0.0,True,0.0,0.9,0.9,2106,1,2106.0,123,13,25,"(2, 20)",0,0.012797074954296161,84.32,34.96,source_memory,123,RECOVERY,188,"(24, 34)",False,0,False,2170
0,0.0,True,0.0,0.9640592409438575,0.9920808922228134,2115,0,2115.0,122,6,25,"(24, 45)",0,0.013711151736745886,86.32,41.44,source_memory,122,RECOVERY,221,"(13, 21)",False,1,False,2170
10,0.0,True,0.0,0.9881042698017471,0.9959008991776631,2093,0,2093.0,111,33,22,"(33, 50)",0,0.014625228519195612,97.86363636363636,53.18181818181818,source_memory,111,RECOVERY,194,"(26, 17)",False,2,False,2170
0,0.0,True,0.0,0.9,0.9,2111,1,2111.0,123,13,25,"(2, 20)",0,0.012797074954296161,84.32,34.96,source_memory,123,RECOVERY,189,"(24, 29)",False,0,False,2175
0,0.0,True,0.0,0.9654703950755368,0.9922823235774421,2120,0,2120.0,123,6,25,"(24, 45)",0,0.013711151736745886,86.32,41.44,source_memory,123,RECOVERY,222,"(17, 22)",False,1,False,2175
10,0.0,True,0.0,0.989606016409835,0.9963649474043245,2098,0,2098.0,111,33,22,"(33, 50)",0,0.014625228519195612,97.86363636363636,53.18181818181818,source_memory,111,RECOVERY,195,"(26, 22)",False,2,False,2175
0,0.0,True,0.0,0.9,0.9,2116,1,2116.0,123,13,25,"(2, 20)",0,0.012797074954296161,84.32,34.96,source_memory,123,RECOVERY,189,"(21, 27)",False,0,False,2180
0,0.0,True,0.0,0.9716937143777086,0.993490027583638,2125,0,2125.0,123,6,25,"(24, 45)",0,0.013711151736745886,86.32,41.44,source_memory,123,RECOVERY,222,"(19, 25)",False,1,False,2180
10,0.0,True,0.0,0.9912271752904154,0.9970355877276189,2103,0,2103.0,111,33,22,"(33, 50)",0,0.015539305301645339,97.86363636363636,53.18181818181818,source_memory,111,RECOVERY,195,"(26, 27)",False,2,False,2180
0,0.0,True,0.0,0.9,0.9,2121,1,2121.0,123,13,25,"(2, 20)",0,0.012785388127853882,84.32,34.96,source_memory,123,RECOVERY,189,"(16, 27)",False,0,False,2185
0,0.0,True,0.0,0.976821558172127,0.9948297569580703,2130,0,2130.0,123,6,25,"(24, 45)",0,0.0136986301369863,86.32,41.44,source_memory,123,RECOVERY,222,"(24, 25)",False,1,False,2185
10,0.0,True,0.0,0.9926224421058194,0.9975755256873966,2108,0,2108.0,111,33,22,"(33, 50)",0,0.017351598173515982,97.86363636363636,53.18181818181818,source_memory,111,RECOVERY,195,"(26, 32)",False,2,False,2185
0,0.0,True,0.0,0.9,0.9,2126,1,2126.0,123,13,25,"(2, 20)",0,0.01276207839562443,84.32,34.96,source_memory,123,RECOVERY,189,"(11, 27)",False,0,False,2190
0,0.0,True,0.0,0.9810058627163959,0.9955852273698742,2135,0,2135.0,123,6,25,"(24, 45)",0,0.013673655423883319,86.32,41.44,source_memory,123,RECOVERY,222,"(25, 29)",False,1,False,2190
10,0.0,True,0.0,0.9937941315750666,0.997931224133804,2113,0,2113.0,111,33,22,"(33, 50)",0,0.01731996353691887,97.86363636363636,53.18181818181818,source_memory,111,RECOVERY,195,"(26, 37)",False,2,False,2190
0,0.0,True,0.0,0.9,0.9,2131,1,2131.0,123,13,25,"(2, 20)",0,0.010899182561307902,84.32,34.96,source_memory,123,RECOVERY,189,"(8, 25)",False,0,False,2195
0,0.0,True,0.0,0.9843960524271652,0.9962265337059057,2140,0,2140.0,123,6,25,"(24, 45)",0,0.011807447774750226,86.32,41.44,source_memory,123,RECOVERY,222,"(25, 34)",False,1,False,2195
0,0.0,True,0.0,0.9947736075313293,0.9982377377430068,2118,0,2118.0,111,33,22,"(33, 50)",0,0.015440508628519528,97.86363636363636,53.18181818181818,source_memory,111,RECOVERY,195,"(26, 42)",False,2,False,2195
0,0.0,True,0.0,0.9,0.9,2136,1,2136.0,123,13,25,"(2, 20)",0,0.010869565217391304,84.32,34.96,source_memory,123,RECOVERY,190,"(5, 23)",False,0,False,2200
0,0.0,True,0.0,0.9871489950245687,0.9967601458393841,2145,0,2145.0,123,6,25,"(24, 45)",0,0.01177536231884058,86.32,41.44,source_memory,123,RECOVERY,223,"(25, 39)",False,1,False,2200
0,0.0,True,0.0,0.9955951885012492,0.9984958842440069,2123,0,2123.0,111,33,22,"(33, 50)",0,0.015398550724637682,97.86363636363636,53.18181818181818,source_memory,111,RECOVERY,196,"(26, 47)",False,2,False,2200
0,0.0,True,0.0,0.9,0.9,2141,1,2141.0,123,13,25,"(2, 20)",0,0.006340579710144928,84.32,34.96,source_memory,123,RECOVERY,190,"(2, 21)",False,0,False,2205
0,0.0,True,0.0,0.9893877999396512,0.9972244122443742,2150,0,2150.0,123,6,25,"(24, 45)",0,0.007246376811594203,86.32,41.44,source_memory,123,RECOVERY,223,"(25, 44)",False,1,False,2205
0,0.0,True,0.0,0.9957435348747851,0.9985621159719665,2128,0,2128.0,112,33,22,"(33, 50)",0,0.010869565217391304,97.86363636363636,53.18181818181818,source_memory,112,RECOVERY,197,"(29, 49)",False,2,False,2205
0,0.0,True,0.0,0.9,0.9,2145,1,2145.0,124,13,26,"(15, 2)",0,0.006329113924050633,84.88461538461539,35.53846153846154,source_memory,124,RECOVERY,191,"(5, 20)",False,0,False,2210
0,0.0,True,0.0,0.9905324004496199,0.9975116799615082,2154,0,2154.0,124,6,25,"(33, 8)",0,0.007233273056057866,86.32,41.44,source_memory,124,RECOVERY,224,"(25, 44)",False,1,False,2210
0,0.0,True,0.0,0.9957435348747851,0.9985621159719665,2133,0,2133.0,112,33,22,"(33, 50)",0,0.0108499095840868,97.86363636363636,53.18181818181818,source_memory,112,RECOVERY,197,"(31, 46)",False,2,False,2210
0,0.0,True,0.0,0.9,0.9,2150,1,2150.0,124,13,26,"(15, 2)",0,0.006294964028776978,84.88461538461539,35.53846153846154,source_memory,124,RECOVERY,191,"(10, 20)",False,0,False,2215
0,0.0,True,0.0,0.9905324004496199,0.9975116799615082,2159,0,2159.0,124,6,25,"(33, 8)",0,0.007194244604316547,86.32,41.44,source_memory,124,RECOVERY,224,"(26, 40)",False,1,False,2215
0,0.0,True,0.0,0.9957435348747851,0.9985621159719665,2138,0,2138.0,112,33,22,"(33, 50)",0,0.01079136690647482,97.86363636363636,53.18181818181818,source_memory,112,RECOVERY,197,"(33, 47)",False,2,False,2215
0,0.0,True,0.0,0.9,0.9,2155,1,2155.0,124,13,26,"(15, 2)",0,0.006392694063926941,84.88461538461539,35.53846153846154,source_memory,124,RECOVERY,191,"(14, 19)",False,0,False,2220
0,0.0,True,0.0,0.9905324004496199,0.9975116799615082,2164,0,2164.0,124,6,25,"(33, 8)",0,0.0073059360730593605,86.32,41.44,source_memory,124,RECOVERY,224,"(26, 35)",False,1,False,2220
0,0.0,True,0.0,0.9957435348747851,0.9985621159719665,2142,0,2142.0,113,33,23,"(33, 8)",0,0.010958904109589041,96.47826086956522,53.69565217391305,source_memory,113,RECOVERY,198,"(33, 49)",False,2,False,2220
0,0.0,True,0.0,0.9,0.9,2160,1,2160.0,124,13,26,"(15, 2)",0,0.006392694063926941,84.88461538461539,35.53846153846154,source_memory,124,RECOVERY,192,"(14, 14)",False,0,False,2225
0,0.0,True,0.0,0.9905324004496199,0.9975116799615082,2169,0,2169.0,125,6,25,"(33, 8)",0,0.0073059360730593605,86.32,41.44,source_memory,125,RECOVERY,225,"(26, 30)",False,1,False,2225
0,0.0,True,0.0,0.9957435348747851,0.9985621159719665,2147,0,2147.0,114,33,23,"(33, 8)",0,0.010958904109589041,96.47826086956522,53.69565217391305,source_memory,114,RECOVERY,199,"(33, 44)",False,2,False,2225
0,0.0,True,0.0,0.9,0.9,2165,1,2165.0,124,13,26,"(15, 2)",0,0.007292616226071103,84.88461538461539,35.53846153846154,source_memory,124,RECOVERY,192,"(15, 10)",False,0,False,2230
0,0.0,True,0.0,0.9912202142559252,0.9976106475148862,2174,0,2174.0,125,6,25,"(33, 8)",0,0.007292616226071103,86.32,41.44,source_memory,125,RECOVERY,225,"(28, 27)",False,1,False,2230
0,0.0,True,0.0,0.9957435348747851,0.9985621159719665,2152,0,2152.0,114,33,23,"(33, 8)",0,0.010938924339106655,96.47826086956522,53.69565217391305,source_memory,114,RECOVERY,199,"(31, 41)",False,2,False,2230
0,0.0,True,0.0,0.9,0.9,2170,1,2170.0,124,13,26,"(15, 2)",0,0.00718132854578097,84.88461538461539,35.53846153846154,source_memory,124,RECOVERY,192,"(15, 5)",False,0,False,2235
0,0.0,True,0.0,0.9921461101819588,0.9977599915284938,2179,0,2179.0,125,6,25,"(33, 8)",0,0.00718132854578097,86.32,41.44,source_memory,125,RECOVERY,225,"(29, 23)",False,1,False,2235
0,0.0,True,0.0,0.9957435348747851,0.9985621159719665,2157,0,2157.0,114,33,23,"(33, 8)",0,0.010771992818671455,96.47826086956522,53.69565217391305,source_memory,114,RECOVERY,199,"(28, 39)",False,2,False,2235
0,0.0,True,0.0,0.9,0.9,2174,1,2174.0,125,13,26,"(21, 17)",0,0.006216696269982238,84.88461538461539,35.53846153846154,source_memory,125,RECOVERY,193,"(15, 3)",False,0,False,2240
0,0.0,True,0.0,0.9934533945910716,0.9980346248259501,2184,0,2184.0,125,6,25,"(33, 8)",0,0.006216696269982238,86.32,41.44,source_memory,125,RECOVERY,225,"(29, 18)",False,1,False,2240
0,0.0,True,0.0,0.9957435348747851,0.9985621159719665,2162,0,2162.0,114,33,23,"(33, 8)",0,0.009769094138543518,96.47826086956522,53.69565217391305,source_memory,114,RECOVERY,199,"(28, 34)",False,2,False,2240
0,0.0,True,0.0,0.9,0.9,2179,1,2179.0,125,13,26,"(21, 17)",0,0.0070921985815602835,84.88461538461539,35.53846153846154,source_memory,125,RECOVERY,193,"(16, 7)",False,0,False,2245
0,0.0,True,0.0,0.9934533945910716,0.9980346248259501,2189,0,2189.0,125,6,25,"(33, 8)",0,0.0062056737588652485,86.32,41.44,source_memory,125,RECOVERY,225,"(31, 15)",False,1,False,2245
0,0.0,True,0.0,0.9957435348747851,0.9985621159719665,2167,0,2167.0,114,33,23,"(33, 8)",0,0.00975177304964539,96.47826086956522,53.69565217391305,source_memory,114,RECOVERY,199,"(28, 29)",False,2,False,2245
0,0.0,True,0.0,0.9,0.9,2184,1,2184.0,125,13,26,"(21, 17)",0,0.03897254207263064,84.88461538461539,35.53846153846154,source_memory,125,RECOVERY,194,"(17, 11)",False,0,False,2250
0,0.0,True,0.0,0.9939053143187069,0.9981075080252934,2194,0,2194.0,125,6,25,"(33, 8)",0,0.04162976085031001,86.32,41.44,source_memory,125,RECOVERY,226,"(32, 11)",False,1,False,2250
0,0.0,True,0.0,0.9957435348747851,0.9985621159719665,2172,0,2172.0,114,33,23,"(33, 8)",0,0.043401240035429584,96.47826086956522,53.69565217391305,source_memory,114,RECOVERY,200,"(28, 24)",False,2,False,2250
0,0.0,True,0.0,0.9,0.9,2189,1,2189.0,125,13,26,"(21, 17)",0,0.03897254207263064,84.88461538461539,35.53846153846154,source_memory,125,RECOVERY,194,"(18, 15)",False,0,False,2255
0,0.0,True,0.0,0.9939053143187069,0.9981075080252934,2198,0,2198.0,126,6,26,"(33, 50)",0,0.04162976085031001,86.73076923076923,41.65384615384615,source_memory,126,RECOVERY,227,"(33, 8)",False,1,False,2255
0,0.0,True,0.0,0.9957435348747851,0.9985621159719665,2177,0,2177.0,114,33,23,"(33, 8)",0,0.043401240035429584,96.47826086956522,53.69565217391305,source_memory,114,RECOVERY,201,"(28, 19)",False,2,False,2255
0,0.0,True,0.0,0.9,0.9,2194,1,2194.0,125,13,26,"(21, 17)",0,0.03631532329495128,84.88461538461539,35.53846153846154,source_memory,125,RECOVERY,194,"(21, 17)",False,0,False,2260
0,0.0,True,0.0,0.9939053143187069,0.9981075080252934,2203,0,2203.0,126,6,26,"(33, 50)",0,0.04162976085031001,86.73076923076923,41.65384615384615,source_memory,126,RECOVERY,227,"(32, 12)",False,1,False,2260
0,0.0,True,0.0,0.9960247296358221,0.9986501207118922,2182,0,2182.0,115,33,23,"(33, 8)",0,0.04074402125775022,96.47826086956522,53.69565217391305,source_memory,115,RECOVERY,202,"(28, 14)",False,2,False,2260
0,0.0,True,0.0,0.9,0.9,2198,1,2198.0,126,13,27,"(25, 2)",0,0.03631532329495128,83.74074074074075,35.03703703703704,source_memory,126,RECOVERY,195,"(25, 17)",False,0,False,2265
0,0.0,True,0.0,0.9941189875668106,0.9981787792807806,2208,0,2208.0,126,6,26,"(33, 50)",0,0.03897254207263064,86.73076923076923,41.65384615384615,source_memory,126,RECOVERY,227,"(27, 12)",False,1,False,2265
0,0.0,True,0.0,0.9965344561267064,0.9988394020274272,2187,0,2187.0,115,33,23,"(33, 8)",0,0.04074402125775022,96.47826086956522,53.69565217391305,source_memory,115,RECOVERY,202,"(29, 10)",False,2,False,2265
0,0.0,True,0.0,0.9,0.9,2202,1,2202.0,126,14,27,"(25, 2)",0,0.03631532329495128,83.74074074074075,35.03703703703704,source_memory,126,RECOVERY,195,"(25, 13)",False,0,False,2270
0,0.0,True,0.0,0.9950935630701483,0.9985749016134661,2213,0,2213.0,126,6,26,"(33, 50)",0,0.03808680248007086,86.73076923076923,41.65384615384615,source_memory,126,RECOVERY,227,"(27, 13)",False,1,False,2270
0,0.0,True,0.0,0.9970843448842357,0.9990373909929725,2192,0,2192.0,115,33,23,"(33, 8)",0,0.03985828166519043,96.47826086956522,53.69565217391305,source_memory,115,RECOVERY,202,"(32, 8)",False,2,False,2270
0,0.0,True,0.0,0.9,0.9,2207,1,2207.0,126,14,27,"(25, 2)",0,0.03631532329495128,83.74074074074075,35.03703703703704,source_memory,126,RECOVERY,196,"(25, 8)",False,0,False,2275
0,0.0,True,0.0,0.9959215088507948,0.9988577016811746,2218,0,2218.0,129,6,26,"(33, 50)",0,0.03808680248007086,86.73076923076923,41.65384615384615,source_memory,129,RECOVERY,230,"(27, 18)",False,1,False,2275
0,0.0,True,0.0,0.9974614415332519,0.9991618641670218,2196,0,2196.0,116,33,23,"(33, 30)",0,0.03985828166519043,96.47826086956522,53.69565217391305,source_memory,116,RECOVERY,204,"(33, 11)",False,2,False,2275
0,0.0,True,0.0,0.9,0.9,2212,1,2212.0,126,14,27,"(25, 2)",0,0.034574468085106384,83.74074074074075,35.03703703703704,source_memory,126,RECOVERY,196,"(25, 3)",False,0,False,2280
0,0.0,True,0.0,0.9960702582105814,0.9988964960465277,2223,0,2223.0,129,6,26,"(33, 50)",0,0.03637976929902396,86.73076923076923,41.65384615384615,source_memory,129,RECOVERY,230,"(27, 23)",False,1,False,2280
0,0.0,True,0.0,0.9978651638367846,0.9992952901527521,2201,0,2201.0,116,33,23,"(33, 30)",0,0.038154392191659274,96.47826086956522,53.69565217391305,source_memory,116,RECOVERY,204,"(29, 12)",False,2,False,2280
0,0.0,True,0.0,0.9,0.9,2216,1,2216.0,127,14,27,"(33, 30)",0,0.03100088573959256,83.74074074074075,35.03703703703704,source_memory,127,RECOVERY,197,"(25, 5)",False,0,False,2285
0,0.0,True,0.0,0.9960702582105814,0.9988964960465277,2228,0,2228.0,131,6,26,"(33, 50)",0,0.031914893617021274,86.73076923076923,41.65384615384615,source_memory,131,RECOVERY,232,"(27, 28)",False,1,False,2285
0,0.0,True,0.0,0.9982055888061652,0.9994102221157339,2206,0,2206.0,116,33,23,"(33, 30)",0,0.03723404255319149,96.47826086956522,53.69565217391305,source_memory,116,RECOVERY,204,"(29, 15)",False,2,False,2285
0,0.0,True,0.0,0.9,0.9,2221,1,2221.0,127,14,27,"(33, 30)",0,0.029177718832891247,83.74074074074075,35.03703703703704,source_memory,127,RECOVERY,197,"(26, 9)",False,0,False,2290
0,0.0,True,0.0,0.9960702582105814,0.9988964960465277,2233,0,2233.0,131,6,26,"(33, 50)",0,0.030973451327433628,86.73076923076923,41.65384615384615,source_memory,131,RECOVERY,232,"(25, 31)",False,1,False,2290
0,0.0,True,0.0,0.99849036760196,0.9994942508238324,2211,0,2211.0,116,33,23,"(33, 30)",0,0.03716814159292035,96.47826086956522,53.69565217391305,source_memory,116,RECOVERY,204,"(29, 20)",False,2,False,2290
0,0.0,True,0.0,0.9,0.9,2226,1,2226.0,127,14,27,"(33, 30)",0,0.02475685234305924,83.74074074074075,35.03703703703704,source_memory,127,RECOVERY,197,"(26, 14)",False,0,False,2295
0,0.0,True,0.0,0.9960702582105814,0.9988964960465277,2238,0,2238.0,132,6,26,"(33, 50)",0,0.02566371681415929,86.73076923076923,41.65384615384615,source_memory,132,RECOVERY,233,"(25, 36)",False,1,False,2295
0,0.0,True,0.0,0.99849036760196,0.9994942508238324,2216,0,2216.0,116,33,23,"(33, 30)",0,0.03716814159292035,96.47826086956522,53.69565217391305,source_memory,116,RECOVERY,204,"(29, 25)",False,2,False,2295
0,0.0,True,0.0,0.9,0.9,2231,1,2231.0,128,14,27,"(33, 30)",0,0.018433179723502304,83.74074074074075,35.03703703703704,source_memory,128,RECOVERY,198,"(26, 19)",False,0,False,2300
0,0.0,True,0.0,0.9960702582105814,0.9988964960465277,2243,0,2243.0,133,6,26,"(33, 50)",0,0.02123730378578024,86.73076923076923,41.65384615384615,source_memory,133,RECOVERY,234,"(27, 39)",False,1,False,2300
0,0.0,True,0.0,0.99849036760196,0.9994942508238324,2221,0,2221.0,116,33,23,"(33, 30)",0,0.029547553093259463,96.47826086956522,53.69565217391305,source_memory,116,RECOVERY,205,"(29, 30)",False,2,False,2300
0,0.0,True,0.0,0.9,0.9,2236,1,2236.0,128,14,27,"(33, 30)",0,0.01466544454628781,83.74074074074075,35.03703703703704,source_memory,128,RECOVERY,198,"(28, 22)",False,0,False,2305
0,0.0,True,0.0,0.9960702582105814,0.9988964960465277,2248,0,2248.0,133,6,26,"(33, 50)",0,0.017447199265381085,86.73076923076923,41.65384615384615,source_memory,133,RECOVERY,234,"(29, 42)",False,1,False,2305
0,0.0,True,0.0,0.99849036760196,0.9994942508238324,2225,0,2225.0,117,33,24,"(2, 41)",0,0.025711662075298437,96.04166666666667,52.833333333333336,source_memory,117,RECOVERY,206,"(33, 30)",False,2,False,2305
0,0.0,True,0.0,0.9,0.9,2241,1,2241.0,128,14,27,"(33, 30)",0,0.011915673693858845,83.74074074074075,35.03703703703704,source_memory,128,RECOVERY,198,"(29, 26)",False,0,False,2310
0,0.0,True,0.0,0.9960702582105814,0.9988964960465277,2253,0,2253.0,133,6,26,"(33, 50)",0,0.012855831037649219,86.73076923076923,41.65384615384615,source_memory,133,RECOVERY,234,"(31, 45)",False,1,False,2310
0,0.0,True,0.0,0.9985907929811257,0.9995305507220756,2230,0,2230.0,117,33,24,"(2, 41)",0,0.025711662075298437,96.04166666666667,52.833333333333336,source_memory,117,RECOVERY,206,"(29, 31)",False,2,False,2310
0,0.0,True,0.0,0.9,0.9,2246,1,2246.0,128,14,27,"(33, 30)",0,0.01008249312557287,83.74074074074075,35.03703703703704,source_memory,128,RECOVERY,198,"(30, 30)",False,0,False,2315
0,0.0,True,0.0,0.9960702582105814,0.9988964960465277,2258,0,2258.0,133,6,26,"(33, 50)",0,0.011937557392102846,86.73076923076923,41.65384615384615,source_memory,133,RECOVERY,234,"(33, 48)",False,1,False,2315
0,0.0,True,0.0,0.9988189104078833,0.9996384243741215,2235,0,2235.0,117,33,24,"(2, 41)",0,0.024793388429752067,96.04166666666667,52.833333333333336,source_memory,117,RECOVERY,206,"(28, 35)",False,2,False,2315
0,0.0,True,0.0,0.9,0.9,2250,1,2250.0,129,14,28,"(33, 8)",0,0.010232558139534883,82.82142857142857,35.107142857142854,source_memory,129,RECOVERY,199,"(32, 30)",False,0,False,2320
0,0.0,True,0.0,0.9960702582105814,0.9988964960465277,2262,0,2262.0,134,6,26,"(25, 2)",0,0.012093023255813953,86.73076923076923,41.65384615384615,source_memory,134,RECOVERY,235,"(31, 50)",False,1,False,2320
0,0.0,True,0.0,0.9990142731214685,0.9997041959323768,2240,0,2240.0,117,33,24,"(2, 41)",0,0.017674418604651163,96.04166666666667,52.833333333333336,source_memory,117,RECOVERY,206,"(25, 37)",False,2,False,2320
0,0.0,True,0.0,0.9,0.9,2255,1,2255.0,129,14,28,"(33, 8)",0,0.0065116279069767444,82.82142857142857,35.107142857142854,source_memory,129,RECOVERY,200,"(29, 28)",False,0,False,2325
0,0.0,True,0.0,0.9960702582105814,0.9988964960465277,2267,0,2267.0,135,6,26,"(25, 2)",0,0.008372093023255815,86.73076923076923,41.65384615384615,source_memory,135,RECOVERY,236,"(28, 48)",False,1,False,2325
0,0.0,True,0.0,0.9990142731214685,0.9997041959323768,2245,0,2245.0,118,33,24,"(2, 41)",0,0.013953488372093023,96.04166666666667,52.833333333333336,source_memory,118,RECOVERY,208,"(20, 37)",False,2,False,2325
0,0.0,True,0.0,0.9,0.9,2260,1,2260.0,129,14,28,"(33, 8)",0,0.0037209302325581397,82.82142857142857,35.107142857142854,source_memory,129,RECOVERY,200,"(28, 24)",False,0,False,2330
0,0.0,True,0.0,0.9960702582105814,0.9988964960465277,2272,0,2272.0,135,6,26,"(25, 2)",0,0.0065116279069767444,86.73076923076923,41.65384615384615,source_memory,135,RECOVERY,236,"(26, 45)",False,1,False,2330
0,0.0,True,0.0,0.9990142731214685,0.9997041959323768,2250,0,2250.0,119,33,24,"(2, 41)",0,0.010232558139534883,96.04166666666667,52.833333333333336,source_memory,119,RECOVERY,209,"(17, 39)",False,2,False,2330
0,0.0,True,0.0,0.9,0.9,2265,1,2265.0,129,14,28,"(33, 8)",0,0.0037209302325581397,82.82142857142857,35.107142857142854,source_memory,129,RECOVERY,200,"(28, 19)",False,0,False,2335
0,0.0,True,0.0,0.9960702582105814,0.9988964960465277,2277,0,2277.0,135,6,26,"(25, 2)",0,0.0065116279069767444,86.73076923076923,41.65384615384615,source_memory,135,RECOVERY,236,"(26, 40)",False,1,False,2335
0,0.0,True,0.0,0.9990142731214685,0.9997041959323768,2255,0,2255.0,119,33,24,"(2, 41)",0,0.010232558139534883,96.04166666666667,52.833333333333336,source_memory,119,RECOVERY,209,"(14, 41)",False,2,False,2335
0,0.0,True,0.0,0.9,0.9,2270,1,2270.0,129,14,28,"(33, 8)",0,0.003861003861003861,82.82142857142857,35.107142857142854,source_memory,129,RECOVERY,200,"(28, 14)",False,0,False,2340
0,0.0,True,0.0,0.9964827223346044,0.9989932829096181,2282,0,2282.0,135,6,26,"(25, 2)",0,0.003861003861003861,86.73076923076923,41.65384615384615,source_memory,135,RECOVERY,236,"(26, 35)",False,1,False,2340
0,0.0,True,0.0,0.9990142731214685,0.9997041959323768,2260,0,2260.0,119,33,24,"(2, 41)",0,0.007722007722007722,96.04166666666667,52.833333333333336,source_memory,119,RECOVERY,209,"(9, 41)",False,2,False,2340
0,0.0,True,0.0,0.9,0.9,2275,1,2275.0,129,14,28,"(33, 8)",0,0.003861003861003861,82.82142857142857,35.107142857142854,source_memory,129,RECOVERY,200,"(28, 9)",False,0,False,2345
0,0.0,True,0.0,0.9970709472906867,0.9991412479174838,2287,0,2287.0,135,6,26,"(25, 2)",0,0.003861003861003861,86.73076923076923,41.65384615384615,source_memory,135,RECOVERY,236,"(25, 31)",False,1,False,2345
0,0.0,True,0.0,0.9990142731214685,0.9997041959323768,2265,0,2265.0,119,33,24,"(2, 41)",0,0.007722007722007722,96.04166666666667,52.833333333333336,source_memory,119,RECOVERY,209,"(4, 41)",False,2,False,2345
0,0.0,True,0.0,0.9,0.9,2280,1,2280.0,129,14,28,"(33, 8)",0,0.003861003861003861,82.82142857142857,35.107142857142854,source_memory,129,RECOVERY,201,"(32, 8)",False,0,False,2350
0,0.0,True,0.0,0.9975590047018699,0.999276507401183,2292,0,2292.0,135,6,26,"(25, 2)",0,0.003861003861003861,86.73076923076923,41.65384615384615,source_memory,135,RECOVERY,237,"(25, 26)",False,1,False,2350
0,0.0,True,0.0,0.9990142731214685,0.9997041959323768,2269,0,2269.0,121,33,24,"(21, 17)",0,0.007722007722007722,96.04166666666667,52.833333333333336,source_memory,121,RECOVERY,211,"(4, 41)",False,2,False,2350
0,0.0,True,0.0,0.9,0.9,2284,1,2284.0,130,14,28,"(2, 50)",0,0.003861003861003861,82.82142857142857,35.107142857142854,source_memory,130,RECOVERY,202,"(30, 8)",False,0,False,2355
0,0.0,True,0.0,0.997963778591017,0.9993903178138512,2297,0,2297.0,135,6,26,"(25, 2)",0,0.003861003861003861,86.73076923076923,41.65384615384615,source_memory,135,RECOVERY,237,"(25, 21)",False,1,False,2355
0,0.0,True,0.0,0.9990142731214685,0.9997041959323768,2274,0,2274.0,121,33,24,"(21, 17)",0,0.007722007722007722,96.04166666666667,52.833333333333336,source_memory,121,RECOVERY,211,"(9, 41)",False,2,False,2355
0,0.0,True,0.0,0.9,0.9,2289,1,2289.0,130,14,28,"(2, 50)",0,0.003861003861003861,82.82142857142857,35.107142857142854,source_memory,130,RECOVERY,202,"(28, 11)",False,0,False,2360
0,0.0,True,0.0,0.9983004190828493,0.9994873354457062,2302,0,2302.0,135,6,26,"(25, 2)",0,0.003861003861003861,86.73076923076923,41.65384615384615,source_memory,135,RECOVERY,237,"(25, 16)",False,1,False,2360
0,0.0,True,0.0,0.9990142731214685,0.9997041959323768,2279,0,2279.0,121,33,24,"(21, 17)",0,0.007722007722007722,96.04166666666667,52.833333333333336,source_memory,121,RECOVERY,211,"(14, 41)",False,2,False,2360
0,0.0,True,0.0,0.9,0.9,2294,1,2294.0,130,14,28,"(2, 50)",0,0.003861003861003861,82.82142857142857,35.107142857142854,source_memory,130,RECOVERY,202,"(27, 15)",False,0,False,2365
0,0.0,True,0.0,0.9985840663286804,0.9995954101563026,2307,0,2307.0,135,6,26,"(25, 2)",0,0.003861003861003861,86.73076923076923,41.65384615384615,source_memory,135,RECOVERY,237,"(25, 11)",False,1,False,2365
0,0.0,True,0.0,0.9990142731214685,0.9997041959323768,2284,0,2284.0,121,33,24,"(21, 17)",0,0.006756756756756757,96.04166666666667,52.833333333333336,source_memory,121,RECOVERY,211,"(17, 39)",False,2,False,2365
0,0.0,True,0.0,0.9,0.9,2299,1,2299.0,130,14,28,"(2, 50)",0,0.003861003861003861,82.82142857142857,35.107142857142854,source_memory,130,RECOVERY,202,"(24, 17)",False,0,False,2370
0,0.0,True,0.0,0.998823555686448,0.9996648920697812,2312,0,2312.0,135,6,26,"(25, 2)",0,0.003861003861003861,86.73076923076923,41.65384615384615,source_memory,135,RECOVERY,237,"(25, 6)",False,1,False,2370
0,0.0,True,0.0,0.9990142731214685,0.9997041959323768,2289,0,2289.0,121,33,24,"(21, 17)",0,0.003861003861003861,96.04166666666667,52.833333333333336,source_memory,121,RECOVERY,211,"(19, 36)",False,2,False,2370
0,0.0,True,0.0,0.9,0.9,2304,1,2304.0,131,14,28,"(2, 50)",0,0.0019305019305019305,82.82142857142857,35.107142857142854,source_memory,131,RECOVERY,203,"(19, 17)",False,0,False,2375
0,0.0,True,0.0,0.9990208410499274,0.9997157212993367,2316,0,2316.0,136,6,27,"(33, 8)",0,0.0028957528957528956,87.96296296296296,42.22222222222222,source_memory,136,RECOVERY,239,"(25, 2)",False,1,False,2375
0,0.0,True,0.0,0.9990142731214685,0.9997041959323768,2294,0,2294.0,121,33,24,"(21, 17)",0,0.0028957528957528956,96.04166666666667,52.833333333333336,source_memory,121,RECOVERY,212,"(19, 31)",False,2,False,2375
0,0.0,True,0.0,0.9,0.9,2309,1,2309.0,131,14,28,"(2, 50)",0,0.001943634596695821,82.82142857142857,35.107142857142854,source_memory,131,RECOVERY,203,"(16, 19)",False,0,False,2380
0,0.0,True,0.0,0.9990208410499274,0.9997157212993367,2321,0,2321.0,136,6,27,"(33, 8)",0,0.0029154518950437317,87.96296296296296,42.22222222222222,source_memory,136,RECOVERY,239,"(26, 6)",False,1,False,2380
0,0.0,True,0.0,0.9991751780752176,0.9997384162831576,2299,0,2299.0,121,33,24,"(21, 17)",0,0.0029154518950437317,96.04166666666667,52.833333333333336,source_memory,121,RECOVERY,212,"(19, 26)",False,2,False,2380
0,0.0,True,0.0,0.9,0.9,2314,1,2314.0,131,14,28,"(2, 50)",0,0.001936108422071636,82.82142857142857,35.107142857142854,source_memory,131,RECOVERY,203,"(12, 20)",False,0,False,2385
0,0.0,True,0.0,0.9991536551165272,0.9997486965706294,2326,0,2326.0,136,6,27,"(33, 8)",0,0.002904162633107454,87.96296296296296,42.22222222222222,source_memory,136,RECOVERY,239,"(29, 8)",False,1,False,2385
0,0.0,True,0.0,0.9993091191906338,0.9997860057288981,2304,0,2304.0,121,33,24,"(21, 17)",0,0.002904162633107454,96.04166666666667,52.833333333333336,source_memory,121,RECOVERY,212,"(19, 21)",False,2,False,2385
0,0.0,True,0.0,0.9,0.9,2319,1,2319.0,131,14,28,"(2, 50)",0,0.001936108422071636,82.82142857142857,35.107142857142854,source_memory,131,RECOVERY,203,"(8, 21)",False,0,False,2390
0,0.0,True,0.0,0.9992941776259394,0.9997929328810349,2330,0,2330.0,137,6,27,"(13, 50)",0,0.002904162633107454,87.96296296296296,42.22222222222222,source_memory,137,RECOVERY,240,"(33, 8)",False,1,False,2390
0,0.0,True,0.0,0.9994226773034522,0.9998245406611642,2309,0,2309.0,121,33,24,"(21, 17)",0,0.002904162633107454,96.04166666666667,52.833333333333336,source_memory,121,RECOVERY,212,"(20, 17)",False,2,False,2390
0,0.0,True,0.0,0.9,0.9,2324,1,2324.0,131,14,28,"(2, 50)",0,0.001936108422071636,82.82142857142857,35.107142857142854,source_memory,131,RECOVERY,203,"(3, 21)",False,0,False,2395
0,0.0,True,0.0,0.9992941776259394,0.9997929328810349,2335,0,2335.0,137,6,27,"(13, 50)",0,0.002904162633107454,87.96296296296296,42.22222222222222,source_memory,137,RECOVERY,240,"(29, 9)",False,1,False,2395
0,0.0,True,0.0,0.9995011495053754,0.9998563008590767,2313,0,2313.0,122,33,25,"(33, 8)",0,0.002904162633107454,95.68,52.48,source_memory,122,RECOVERY,213,"(24, 17)",False,2,False,2395
0,0.0,True,0.0,0.9,0.9,2329,1,2329.0,131,14,28,"(2, 50)",0,0.06316812439261418,82.82142857142857,35.107142857142854,source_memory,131,RECOVERY,204,"(3, 26)",False,0,False,2400
0,0.0,True,0.0,0.999389767968038,0.9998192338731693,2340,0,2340.0,137,6,27,"(13, 50)",0,0.06025267249757046,87.96296296296296,42.22222222222222,source_memory,137,RECOVERY,241,"(27, 12)",False,1,False,2400
0,0.0,True,0.0,0.9995693174728191,0.9998743406549276,2318,0,2318.0,123,33,25,"(33, 8)",0,0.06025267249757046,95.68,52.48,source_memory,123,RECOVERY,214,"(28, 16)",False,2,False,2400
0,0.0,True,0.0,0.9,0.9,2334,1,2334.0,131,14,28,"(2, 50)",0,0.06118546845124283,82.82142857142857,35.107142857142854,source_memory,131,RECOVERY,204,"(3, 31)",False,0,False,2405
0,0.0,True,0.0,0.999389767968038,0.9998192338731693,2345,0,2345.0,137,6,27,"(13, 50)",0,0.058317399617590825,87.96296296296296,42.22222222222222,source_memory,137,RECOVERY,241,"(26, 16)",False,1,False,2405
0,0.0,True,0.0,0.9995693174728191,0.9998743406549276,2323,0,2323.0,124,33,25,"(33, 8)",0,0.055449330783938815,95.68,52.48,source_memory,124,RECOVERY,215,"(29, 12)",False,2,False,2405
0,0.0,True,0.0,0.9,0.9,2339,1,2339.0,131,14,28,"(2, 50)",0,0.060778727445394115,82.82142857142857,35.107142857142854,source_memory,131,RECOVERY,204,"(3, 36)",False,0,False,2410
0,0.0,True,0.0,0.999389767968038,0.9998192338731693,2350,0,2350.0,137,6,27,"(13, 50)",0,0.057929724596391265,87.96296296296296,42.22222222222222,source_memory,137,RECOVERY,241,"(26, 21)",False,1,False,2410
0,0.0,True,0.0,0.9995693174728191,0.9998743406549276,2328,0,2328.0,126,33,25,"(33, 8)",0,0.05318138651471985,95.68,52.48,source_memory,126,RECOVERY,217,"(30, 12)",False,2,False,2410
0,0.0,True,0.0,0.9,0.9,2344,1,2344.0,131,14,28,"(2, 50)",0,0.05887939221272555,82.82142857142857,35.107142857142854,source_memory,131,RECOVERY,204,"(3, 41)",False,0,False,2415
0,0.0,True,0.0,0.999389767968038,0.9998192338731693,2355,0,2355.0,137,6,27,"(13, 50)",0,0.057929724596391265,87.96296296296296,42.22222222222222,source_memory,137,RECOVERY,241,"(26, 26)",False,1,False,2415
0,0.0,True,0.0,0.9995693174728191,0.9998743406549276,2333,0,2333.0,126,33,25,"(33, 8)",0,0.05318138651471985,95.68,52.48,source_memory,126,RECOVERY,217,"(28, 9)",False,2,False,2415
0,0.0,True,0.0,0.9,0.9,2349,1,2349.0,131,14,28,"(2, 50)",0,0.04739336492890995,82.82142857142857,35.107142857142854,source_memory,131,RECOVERY,204,"(3, 46)",False,0,False,2420
0,0.0,True,0.0,0.999389767968038,0.9998192338731693,2360,0,2360.0,137,6,27,"(13, 50)",0,0.04739336492890995,87.96296296296296,42.22222222222222,source_memory,137,RECOVERY,241,"(25, 30)",False,1,False,2420
0,0.0,True,0.0,0.9995693174728191,0.9998743406549276,2338,0,2338.0,126,33,25,"(33, 8)",0,0.04549763033175355,95.68,52.48,source_memory,126,RECOVERY,217,"(32, 8)",False,2,False,2420
0,0.0,True,0.0,0.9,0.9,2354,1,2354.0,131,14,28,"(2, 50)",0,0.04257332071901608,82.82142857142857,35.107142857142854,source_memory,131,RECOVERY,205,"(2, 50)",False,0,False,2425
0,0.0,True,0.0,0.999389767968038,0.9998192338731693,2365,0,2365.0,137,6,27,"(13, 50)",0,0.04257332071901608,87.96296296296296,42.22222222222222,source_memory,137,RECOVERY,242,"(25, 35)",False,1,False,2425
0,0.0,True,0.0,0.9995693174728191,0.9998743406549276,2342,0,2342.0,128,33,25,"(21, 17)",0,0.04257332071901608,95.68,52.48,source_memory,128,RECOVERY,219,"(30, 8)",False,2,False,2425
0,0.0,True,0.0,0.9,0.9,2358,1,2358.0,132,14,29,"(33, 50)",0,0.035916824196597356,83.65517241379311,36.44827586206897,source_memory,132,RECOVERY,206,"(5, 49)",False,0,False,2430
0,0.0,True,0.0,0.999389767968038,0.9998192338731693,2370,0,2370.0,137,6,27,"(13, 50)",0,0.03497164461247637,87.96296296296296,42.22222222222222,source_memory,137,RECOVERY,242,"(25, 40)",False,1,False,2430
0,0.0,True,0.0,0.9995693174728191,0.9998743406549276,2347,0,2347.0,128,33,25,"(21, 17)",0,0.03780718336483932,95.68,52.48,source_memory,128,RECOVERY,219,"(27, 10)",False,2,False,2430
0,0.0,True,0.0,0.9,0.9,2363,1,2363.0,132,14,29,"(33, 50)",0,0.035580524344569285,83.65517241379311,36.44827586206897,source_memory,132,RECOVERY,206,"(7, 46)",False,0,False,2435
0,0.0,True,0.0,0.999389767968038,0.9998192338731693,2375,0,2375.0,137,6,27,"(13, 50)",0,0.033707865168539325,87.96296296296296,42.22222222222222,source_memory,137,RECOVERY,242,"(25, 45)",False,1,False,2435
0,0.0,True,0.0,0.9995693174728191,0.9998743406549276,2352,0,2352.0,128,33,25,"(21, 17)",0,0.03745318352059925,95.68,52.48,source_memory,128,RECOVERY,219,"(27, 15)",False,2,False,2435
0,0.0,True,0.0,0.9,0.9,2368,1,2368.0,132,14,29,"(33, 50)",0,0.03228782287822878,83.65517241379311,36.44827586206897,source_memory,132,RECOVERY,206,"(12, 46)",False,0,False,2440
0,0.0,True,0.0,0.999389767968038,0.9998192338731693,2380,0,2380.0,137,6,27,"(13, 50)",0,0.033210332103321034,87.96296296296296,42.22222222222222,source_memory,137,RECOVERY,242,"(24, 49)",False,1,False,2440
0,0.0,True,0.0,0.9995693174728191,0.9998743406549276,2357,0,2357.0,128,33,25,"(21, 17)",0,0.03690036900369004,95.68,52.48,source_memory,128,RECOVERY,219,"(24, 17)",False,2,False,2440
0,0.0,True,0.0,0.9,0.9,2373,1,2373.0,132,14,29,"(33, 50)",0,0.031446540880503145,83.65517241379311,36.44827586206897,source_memory,132,RECOVERY,206,"(14, 49)",False,0,False,2445
0,0.0,True,0.0,0.9994324747846115,0.999830663761398,2385,0,2385.0,137,6,27,"(13, 50)",0,0.031446540880503145,87.96296296296296,42.22222222222222,source_memory,137,RECOVERY,242,"(19, 49)",False,1,False,2445
0,0.0,True,0.0,0.9995693174728191,0.9998743406549276,2361,0,2361.0,129,33,26,"(13, 50)",0,0.03593890386343217,94.0,51.30769230769231,source_memory,129,RECOVERY,220,"(20, 17)",False,2,False,2445
0,0.0,True,0.0,0.9,0.9,2377,1,2377.0,132,15,29,"(33, 50)",0,0.03141831238779174,83.65517241379311,36.44827586206897,source_memory,132,RECOVERY,207,"(18, 49)",False,0,False,2450
0,0.0,True,0.0,0.9995276316633589,0.9998649464092445,2390,0,2390.0,139,6,27,"(13, 50)",0,0.0296229802513465,87.96296296296296,42.22222222222222,source_memory,139,RECOVERY,244,"(16, 47)",False,1,False,2450
0,0.0,True,0.0,0.9995693174728191,0.9998743406549276,2366,0,2366.0,129,33,26,"(13, 50)",0,0.03411131059245961,94.0,51.30769230769231,source_memory,129,RECOVERY,221,"(17, 19)",False,2,False,2450
0,0.0,True,0.0,0.9,0.9,2382,1,2382.0,132,15,29,"(33, 50)",0,0.02872531418312388,83.65517241379311,36.44827586206897,source_memory,132,RECOVERY,207,"(23, 49)",False,0,False,2455
0,0.0,True,0.0,0.9996078269596387,0.9998913560057412,2395,0,2395.0,139,6,27,"(13, 50)",0,0.026929982046678635,87.96296296296296,42.22222222222222,source_memory,139,RECOVERY,244,"(13, 49)",False,1,False,2455
0,0.0,True,0.0,0.9995693174728191,0.9998743406549276,2371,0,2371.0,129,33,26,"(13, 50)",0,0.03141831238779174,94.0,51.30769230769231,source_memory,129,RECOVERY,221,"(17, 24)",False,2,False,2455
0,0.0,True,0.0,0.9,0.9,2387,1,2387.0,132,15,29,"(33, 50)",0,0.027827648114901255,83.65517241379311,36.44827586206897,source_memory,132,RECOVERY,207,"(28, 49)",False,0,False,2460
0,0.0,True,0.0,0.9996493191936717,0.9999021933359526,2398,0,2398.0,140,6,28,"(2, 20)",0,0.025134649910233394,87.75,43.107142857142854,source_memory,140,RECOVERY,246,"(12, 49)",False,1,False,2460
0,0.0,True,0.0,0.9995693174728191,0.9998743406549276,2376,0,2376.0,129,33,26,"(13, 50)",0,0.02154398563734291,94.0,51.30769230769231,source_memory,129,RECOVERY,221,"(17, 29)",False,2,False,2460
0,0.0,True,0.0,0.9,0.9,2392,1,2392.0,132,15,29,"(33, 50)",0,0.019625334522747548,83.65517241379311,36.44827586206897,source_memory,132,RECOVERY,207,"(32, 50)",False,0,False,2465
0,0.0,True,0.0,0.9996862779102963,0.9999118530121235,2403,0,2403.0,140,6,28,"(2, 20)",0,0.01873327386262266,87.75,43.107142857142854,source_memory,140,RECOVERY,246,"(10, 46)",False,1,False,2465
0,0.0,True,0.0,0.9995693174728191,0.9998743406549276,2381,0,2381.0,129,33,26,"(13, 50)",0,0.016057091882247992,94.0,51.30769230769231,source_memory,129,RECOVERY,221,"(17, 34)",False,2,False,2465
0,0.0,True,0.0,0.9,0.9,2396,1,2396.0,133,15,29,"(13, 50)",0,0.013357079252003561,83.65517241379311,36.44827586206897,source_memory,133,RECOVERY,208,"(30, 50)",False,0,False,2470
0,0.0,True,0.0,0.9997294123509337,0.9999223541646853,2408,0,2408.0,140,6,28,"(2, 20)",0,0.013357079252003561,87.75,43.107142857142854,source_memory,140,RECOVERY,246,"(9, 42)",False,1,False,2470
0,0.0,True,0.0,0.9995847412023207,0.9998777920628501,2386,0,2386.0,129,33,26,"(13, 50)",0,0.01157613535173642,94.0,51.30769230769231,source_memory,129,RECOVERY,221,"(17, 39)",False,2,False,2470
0,0.0,True,0.0,0.9,0.9,2401,1,2401.0,133,15,29,"(13, 50)",0,0.01323918799646955,83.65517241379311,36.44827586206897,source_memory,133,RECOVERY,209,"(26, 49)",False,0,False,2475
0,0.0,True,0.0,0.9997662523100801,0.9999309724234725,2413,0,2413.0,141,6,28,"(2, 20)",0,0.01412180052956752,87.75,43.107142857142854,source_memory,141,RECOVERY,247,"(8, 38)",False,1,False,2475
0,0.0,True,0.0,0.9996534737251102,0.9998946888808633,2391,0,2391.0,129,33,26,"(13, 50)",0,0.01147396293027361,94.0,51.30769230769231,source_memory,129,RECOVERY,222,"(14, 41)",False,2,False,2475
0,0.0,True,0.0,0.9,0.9,2406,1,2406.0,133,15,29,"(13, 50)",0,0.012302284710017574,83.65517241379311,36.44827586206897,source_memory,133,RECOVERY,209,"(21, 49)",False,0,False,2480
0,0.0,True,0.0,0.999797740166122,0.9999389902967301,2418,0,2418.0,141,6,28,"(2, 20)",0,0.015817223198594025,87.75,43.107142857142854,source_memory,141,RECOVERY,247,"(7, 34)",False,1,False,2480
0,0.0,True,0.0,0.9997101604866555,0.9999101884787295,2396,0,2396.0,129,33,26,"(13, 50)",0,0.011423550087873463,94.0,51.30769230769231,source_memory,129,RECOVERY,222,"(13, 45)",False,2,False,2480
0,0.0,True,0.0,0.9,0.9,2411,1,2411.0,133,15,29,"(13, 50)",0,0.012302284710017574,83.65517241379311,36.44827586206897,source_memory,133,RECOVERY,209,"(17, 50)",False,0,False,2485
0,0.0,True,0.0,0.9998310487145132,0.9999481974528098,2423,0,2423.0,141,6,28,"(2, 20)",0,0.014938488576449912,87.75,43.107142857142854,source_memory,141,RECOVERY,247,"(4, 32)",False,1,False,2485
0,0.0,True,0.0,0.9997575968067429,0.9999265270303512,2401,0,2401.0,129,33,26,"(13, 50)",0,0.011423550087873463,94.0,51.30769230769231,source_memory,129,RECOVERY,222,"(13, 50)",False,2,False,2485
0,0.0,True,0.0,0.9,0.9,2415,1,2415.0,134,15,30,"(2, 41)",0,0.012302284710017574,83.0,36.0,source_memory,134,RECOVERY,210,"(13, 50)",False,0,False,2490
0,0.0,True,0.0,0.9998585157826434,0.9999550709378563,2428,0,2428.0,141,6,28,"(2, 20)",0,0.014938488576449912,87.75,43.107142857142854,source_memory,141,RECOVERY,247,"(3, 28)",False,1,False,2490
0,0.0,True,0.0,0.9997983174242145,0.9999441584824917,2405,0,2405.0,130,33,26,"(15, 2)",0,0.012302284710017574,94.0,51.30769230769231,source_memory,130,RECOVERY,223,"(13, 46)",False,2,False,2490
0,0.0,True,0.0,0.9,0.9,2420,1,2420.0,134,15,30,"(2, 41)",0,0.012302284710017574,83.0,36.0,source_memory,134,RECOVERY,210,"(12, 46)",False,0,False,2495
0,0.0,True,0.0,0.9998770247499766,0.9999598387466399,2433,0,2433.0,141,6,28,"(2, 20)",0,0.014938488576449912,87.75,43.107142857142854,source_memory,141,RECOVERY,247,"(3, 23)",False,1,False,2495
0,0.0,True,0.0,0.9998328912228513,0.9999557126486431,2410,0,2410.0,130,33,26,"(15, 2)",0,0.012302284710017574,94.0,51.30769230769231,source_memory,130,RECOVERY,223,"(15, 43)",False,2,False,2495
