active_fake_claim_count,attacker_attributable_cost_on_route,attacker_is_trusted,attacker_route_cost_delta,attacker_source_memory,attacker_trust,benign_movement_steps,benign_no_path_steps,benign_total_distance,benign_total_replans,benign_traffic_wait_steps,deliveries_completed,goal,influential_fake_claim_count,map_error,mean_delivery_cycle_time_steps,mean_delivery_time_steps,method,path_changes,phase,planning_checks,position,preferred_route_affected_by_attacker,robot_id,route_affected_by_attacker,step
0,0.0,True,0.0,0.9,0.9,1,0,1.0,1,0,0,"(2, 50)",0,0.0,,,majority_vote,1,RECONNAISSANCE,1,"(7, 8)",False,0,False,0
0,0.0,True,0.0,0.9,0.9,1,0,1.0,1,0,0,"(2, 50)",0,0.0,,,majority_vote,1,RECONNAISSANCE,1,"(27, 41)",False,1,False,0
0,0.0,True,0.0,0.9,0.9,1,0,1.0,1,0,0,"(33, 50)",0,0.0,,,majority_vote,1,RECONNAISSANCE,1,"(7, 42)",False,2,False,0
0,0.0,True,0.0,0.9,0.9,6,0,6.0,1,0,0,"(2, 50)",0,0.0,,,majority_vote,1,RECONNAISSANCE,1,"(12, 8)",False,0,False,5
0,0.0,True,0.0,0.9,0.9,6,0,6.0,1,0,0,"(2, 50)",0,0.0,,,majority_vote,1,RECONNAISSANCE,1,"(23, 40)",False,1,False,5
0,0.0,True,0.0,0.9,0.9,6,0,6.0,1,0,0,"(33, 50)",0,0.0,,,majority_vote,1,RECONNAISSANCE,1,"(9, 45)",False,2,False,5
0,0.0,True,0.0,0.9,0.9,11,0,11.0,1,0,0,"(2, 50)",0,0.0,,,majority_vote,1,RECONNAISSANCE,1,"(13, 12)",False,0,False,10
0,0.0,True,0.0,0.9,0.9,11,0,11.0,1,0,0,"(2, 50)",0,0.0,,,majority_vote,1,RECONNAISSANCE,1,"(18, 40)",False,1,False,10
0,0.0,True,0.0,0.9,0.9,11,0,11.0,1,0,0,"(33, 50)",0,0.0,,,majority_vote,1,RECONNAISSANCE,1,"(12, 47)",False,2,False,10
0,0.0,True,0.0,0.9,0.9,16,0,16.0,1,0,0,"(2, 50)",0,0.0,,,majority_vote,1,RECONNAISSANCE,1,"(14, 16)",False,0,False,15
0,0.0,True,0.0,0.9,0.9,16,0,16.0,1,0,0,"(2, 50)",0,0.0,,,majority_vote,1,RECONNAISSANCE,1,"(13, 40)",False,1,False,15
0,0.0,True,0.0,0.9,0.9,16,0,16.0,1,0,0,"(33, 50)",0,0.0,,,majority_vote,1,RECONNAISSANCE,1,"(15, 49)",False,2,False,15
0,0.0,True,0.0,0.9,0.9,21,0,21.0,1,0,0,"(2, 50)",0,0.0,,,majority_vote,1,RECONNAISSANCE,1,"(13, 20)",False,0,False,20
0,0.0,True,0.0,0.9,0.9,21,0,21.0,1,0,0,"(2, 50)",0,0.0,,,majority_vote,1,RECONNAISSANCE,1,"(9, 41)",False,1,False,20
0,0.0,True,0.0,0.9,0.9,21,0,21.0,1,0,0,"(33, 50)",0,0.0,,,majority_vote,1,RECONNAISSANCE,1,"(20, 49)",False,2,False,20
0,0.0,True,0.0,0.9,0.9,26,0,26.0,3,0,0,"(2, 50)",0,0.0,,,majority_vote,3,RECONNAISSANCE,3,"(12, 24)",False,0,False,25
0,0.0,True,0.0,0.9,0.9,26,0,26.0,1,0,0,"(2, 50)",0,0.0,,,majority_vote,1,RECONNAISSANCE,2,"(4, 41)",False,1,False,25
0,0.0,True,0.0,0.9,0.9,26,0,26.0,1,0,0,"(33, 50)",0,0.0,,,majority_vote,1,RECONNAISSANCE,2,"(24, 50)",False,2,False,25
0,0.0,True,0.0,0.9,0.9,31,0,31.0,3,0,0,"(2, 50)",0,0.0,,,majority_vote,3,RECONNAISSANCE,3,"(12, 29)",False,0,False,30
0,0.0,True,0.0,0.9,0.9,31,0,31.0,1,0,0,"(2, 50)",0,0.0,,,majority_vote,1,RECONNAISSANCE,2,"(3, 45)",False,1,False,30
0,0.0,True,0.0,0.9,0.9,31,0,31.0,1,0,0,"(33, 50)",0,0.0,,,majority_vote,1,RECONNAISSANCE,2,"(29, 50)",False,2,False,30
0,0.0,True,0.0,0.9,0.9,36,0,36.0,3,0,0,"(2, 50)",0,0.0,,,majority_vote,3,RECONNAISSANCE,3,"(10, 32)",False,0,False,35
0,0.0,True,0.0,0.9,0.9,36,0,36.0,1,0,0,"(2, 50)",0,0.0,,,majority_vote,1,RECONNAISSANCE,2,"(3, 50)",False,1,False,35
0,0.0,True,0.0,0.9,0.9,35,0,35.0,2,0,0,"(13, 15)",0,0.0,,,majority_vote,2,RECONNAISSANCE,3,"(33, 50)",False,2,False,35
0,0.0,True,0.0,0.9,0.9,41,0,41.0,3,0,0,"(2, 50)",0,0.0,,,majority_vote,3,RECONNAISSANCE,3,"(5, 32)",False,0,False,40
0,0.0,True,0.0,0.9,0.9,40,0,40.0,2,0,0,"(15, 2)",0,0.0,,,majority_vote,2,RECONNAISSANCE,3,"(4, 49)",False,1,False,40
0,0.0,True,0.0,0.9,0.9,40,0,40.0,2,0,0,"(13, 15)",0,0.0,,,majority_vote,2,RECONNAISSANCE,3,"(30, 48)",False,2,False,40
0,0.0,True,0.0,0.9,0.9,46,0,46.0,3,0,0,"(2, 50)",0,0.0,,,majority_vote,3,RECONNAISSANCE,3,"(3, 35)",False,0,False,45
0,0.0,True,0.0,0.9,0.9,45,0,45.0,2,0,0,"(15, 2)",0,0.0,,,majority_vote,2,RECONNAISSANCE,3,"(6, 46)",False,1,False,45
0,0.0,True,0.0,0.9,0.9,45,0,45.0,2,0,0,"(13, 15)",0,0.0,,,majority_vote,2,RECONNAISSANCE,3,"(28, 45)",False,2,False,45
0,0.0,True,0.0,0.9,0.9,51,0,51.0,3,0,0,"(2, 50)",0,0.0,,,majority_vote,3,RECONNAISSANCE,4,"(3, 40)",False,0,False,50
0,0.0,True,0.0,0.900067776291975,0.9013555258394995,50,0,50.0,3,0,0,"(15, 2)",0,0.0,,,majority_vote,3,RECONNAISSANCE,4,"(7, 42)",False,1,False,50
0,0.0,True,0.0,0.9,0.9,50,0,50.0,3,0,0,"(13, 15)",0,0.0,,,majority_vote,3,RECONNAISSANCE,4,"(25, 43)",False,2,False,50
0,0.0,True,0.0,0.9,0.9,56,0,56.0,3,0,0,"(2, 50)",0,0.0,,,majority_vote,3,RECONNAISSANCE,4,"(3, 45)",False,0,False,55
0,0.0,True,0.0,0.9012894446415387,0.9076794195353138,55,0,55.0,3,0,0,"(15, 2)",0,0.0,,,majority_vote,3,RECONNAISSANCE,4,"(9, 39)",False,1,False,55
0,0.0,True,0.0,0.9,0.9,55,0,55.0,3,0,0,"(13, 15)",0,0.0,,,majority_vote,3,RECONNAISSANCE,4,"(24, 39)",False,2,False,55
0,0.0,True,0.0,0.9,0.9,61,0,61.0,3,0,0,"(2, 50)",0,0.0,,,majority_vote,3,RECONNAISSANCE,4,"(3, 50)",False,0,False,60
0,0.0,True,0.0,0.9033901555057613,0.9122648896639579,60,0,60.0,3,0,0,"(15, 2)",0,0.0,,,majority_vote,3,RECONNAISSANCE,4,"(11, 36)",False,1,False,60
0,0.0,True,0.0,0.9,0.9,60,0,60.0,3,0,0,"(13, 15)",0,0.0,,,majority_vote,3,RECONNAISSANCE,4,"(19, 39)",False,2,False,60
0,0.0,True,0.0,0.9,0.9,65,0,65.0,5,0,0,"(15, 2)",0,0.0,,,majority_vote,5,RECONNAISSANCE,6,"(3, 48)",False,0,False,65
0,0.0,True,0.0,0.9059709942373868,0.9161935267400246,65,0,65.0,3,0,0,"(15, 2)",0,0.0,,,majority_vote,3,RECONNAISSANCE,4,"(15, 35)",False,1,False,65
0,0.0,True,0.0,0.900591235924169,0.9043069186401189,65,0,65.0,3,0,0,"(13, 15)",0,0.0,,,majority_vote,3,RECONNAISSANCE,4,"(14, 39)",False,2,False,65
0,0.0,True,0.0,0.9,0.9,70,0,70.0,10,0,0,"(15, 2)",0,0.0014044943820224719,,,majority_vote,10,RECONNAISSANCE,11,"(3, 43)",False,0,False,70
0,0.0,True,0.0,0.9087533936267425,0.9194861853368842,70,0,70.0,3,0,0,"(15, 2)",0,0.0,,,majority_vote,3,RECONNAISSANCE,4,"(15, 30)",False,1,False,70
0,0.0,True,0.0,0.9020900586951707,0.9089094912308952,70,0,70.0,3,0,0,"(13, 15)",0,0.0,,,majority_vote,3,RECONNAISSANCE,4,"(14, 34)",False,2,False,70
0,0.0,True,0.0,0.9,0.9,75,0,75.0,15,0,0,"(15, 2)",0,0.001379310344827586,,,majority_vote,15,RECONNAISSANCE,16,"(3, 38)",False,0,False,75
0,0.0,True,0.0,0.9116094095728006,0.9225056124718821,75,0,75.0,3,0,0,"(15, 2)",0,0.0,,,majority_vote,3,RECONNAISSANCE,5,"(15, 25)",False,1,False,75
0,0.0,True,0.0,0.9041854297083931,0.9127467201881545,75,0,75.0,3,0,0,"(13, 15)",0,0.0,,,majority_vote,3,RECONNAISSANCE,5,"(14, 29)",False,2,False,75
0,0.0,True,0.0,0.9,0.9,80,0,80.0,20,0,0,"(15, 2)",0,0.0013717421124828531,,,majority_vote,20,RECONNAISSANCE,21,"(6, 36)",False,0,False,80
0,0.0,True,0.0,0.9144736055694803,0.9253589775503147,80,0,80.0,3,0,0,"(15, 2)",0,0.0,,,majority_vote,3,RECONNAISSANCE,5,"(15, 20)",False,1,False,80
0,0.0,True,0.0,0.9065963265022622,0.916088561010613,80,0,80.0,3,0,0,"(13, 15)",0,0.0,,,majority_vote,3,RECONNAISSANCE,5,"(14, 24)",False,2,False,80
0,0.0,True,0.0,0.9,0.9,85,0,85.0,22,0,0,"(15, 2)",0,0.0,,,majority_vote,22,RECONNAISSANCE,26,"(7, 32)",False,0,False,85
0,0.0,True,0.0,0.9173416928428588,0.9282119109903798,85,0,85.0,3,0,0,"(15, 2)",0,0.0,,,majority_vote,3,RECONNAISSANCE,5,"(15, 15)",False,1,False,85
0,0.0,True,0.0,0.909174741934949,0.919131129660626,85,0,85.0,3,0,0,"(13, 15)",0,0.0,,,majority_vote,3,RECONNAISSANCE,5,"(14, 19)",False,2,False,85
0,0.0,True,0.0,0.9,0.9,90,0,90.0,24,0,0,"(15, 2)",0,0.0,,,majority_vote,24,RECONNAISSANCE,31,"(7, 27)",False,0,False,90
0,0.0,True,0.0,0.9201548484134393,0.9307391639862481,90,0,90.0,3,0,0,"(15, 2)",0,0.0,,,majority_vote,3,RECONNAISSANCE,5,"(15, 10)",False,1,False,90
0,0.0,True,0.0,0.9118655735307457,0.9222083667137579,90,0,90.0,3,0,0,"(13, 15)",0,0.0,,,majority_vote,3,RECONNAISSANCE,5,"(13, 15)",False,2,False,90
0,0.0,True,0.0,0.9,0.9,95,0,95.0,24,0,0,"(15, 2)",0,0.0,,,majority_vote,24,RECONNAISSANCE,33,"(12, 27)",False,0,False,95
0,0.0,True,0.0,0.922872783457484,0.9330877234382596,95,0,95.0,3,0,0,"(15, 2)",0,0.0,,,majority_vote,3,RECONNAISSANCE,5,"(15, 5)",False,1,False,95
0,0.0,True,0.0,0.914080760146323,0.9246166197040018,94,0,94.0,4,0,1,"(15, 2)",0,0.0,91.0,56.0,majority_vote,4,RECONNAISSANCE,6,"(13, 11)",False,2,False,95
0,0.0,True,0.0,0.9,0.9,100,0,100.0,25,0,0,"(15, 2)",0,0.0,,,majority_vote,25,RECONNAISSANCE,34,"(13, 23)",False,0,False,100
0,0.0,True,0.0,0.922872783457484,0.9330877234382596,99,0,99.0,4,0,1,"(12, 50)",0,0.0,99.0,62.0,majority_vote,4,RECONNAISSANCE,7,"(14, 2)",False,1,False,100
0,0.0,True,0.0,0.9168354584268208,0.9272216491225221,99,0,99.0,4,0,1,"(15, 2)",0,0.0,91.0,56.0,majority_vote,4,RECONNAISSANCE,7,"(15, 8)",False,2,False,100
0,0.0,True,0.0,0.9,0.9,105,0,105.0,25,0,0,"(15, 2)",0,0.0,,,majority_vote,25,RECONNAISSANCE,34,"(15, 20)",False,0,False,105
0,0.0,True,0.0,0.9234132129834373,0.9336813739765484,104,0,104.0,4,0,1,"(12, 50)",0,0.0,99.0,62.0,majority_vote,4,RECONNAISSANCE,7,"(14, 7)",False,1,False,105
0,0.0,True,0.0,0.9184510257069237,0.9286653192464979,104,0,104.0,4,0,1,"(15, 2)",0,0.0,91.0,56.0,majority_vote,4,RECONNAISSANCE,7,"(15, 3)",False,2,False,105
0,0.0,True,0.0,0.9,0.9,110,0,110.0,25,0,0,"(15, 2)",0,0.0,,,majority_vote,25,RECONNAISSANCE,34,"(15, 15)",False,0,False,110
0,0.0,True,0.0,0.9250235092900486,0.9353315425550969,109,0,109.0,4,0,1,"(12, 50)",0,0.0,99.0,62.0,majority_vote,4,RECONNAISSANCE,7,"(14, 12)",False,1,False,110
0,0.0,True,0.0,0.9184510257069237,0.9286653192464979,108,0,108.0,5,0,1,"(24, 45)",0,0.0,91.0,56.0,majority_vote,5,RECONNAISSANCE,8,"(15, 5)",False,2,False,110
0,0.0,True,0.0,0.9,0.9,115,0,115.0,25,0,0,"(15, 2)",0,0.0,,,majority_vote,25,RECONNAISSANCE,34,"(15, 10)",False,0,False,115
0,0.0,True,0.0,0.9279094608717712,0.9392434410490059,114,0,114.0,4,0,1,"(12, 50)",0,0.0,99.0,62.0,majority_vote,4,RECONNAISSANCE,7,"(14, 17)",False,1,False,115
0,0.0,True,0.0,0.920662414370985,0.931496779075358,113,0,113.0,5,0,1,"(24, 45)",0,0.0,91.0,56.0,majority_vote,5,RECONNAISSANCE,8,"(16, 9)",False,2,False,115
0,0.0,True,0.0,0.9,0.9,120,0,120.0,25,0,0,"(15, 2)",0,0.0,,,majority_vote,25,RECONNAISSANCE,34,"(15, 5)",False,0,False,120
0,0.0,True,0.0,0.9308946611376865,0.9420787828721302,119,0,119.0,4,0,1,"(12, 50)",0,0.0,99.0,62.0,majority_vote,4,RECONNAISSANCE,7,"(14, 22)",False,1,False,120
0,0.0,True,0.0,0.9236747276034132,0.9354305988546486,118,0,118.0,5,0,1,"(24, 45)",0,0.0,91.0,56.0,majority_vote,5,RECONNAISSANCE,8,"(16, 14)",False,2,False,120
0,0.0,True,0.0,0.9,0.9,124,0,124.0,26,0,1,"(3, 8)",0,0.0,124.0,62.0,majority_vote,26,RECONNAISSANCE,36,"(14, 2)",False,0,False,125
0,0.0,True,0.0,0.9337711211448224,0.9445447072442003,124,0,124.0,5,0,1,"(12, 50)",0,0.0,99.0,62.0,majority_vote,5,RECONNAISSANCE,8,"(13, 26)",False,1,False,125
0,0.0,True,0.0,0.9267435321825941,0.9382593391100938,123,0,123.0,6,0,1,"(24, 45)",0,0.0,91.0,56.0,majority_vote,6,RECONNAISSANCE,9,"(16, 19)",False,2,False,125
0,0.0,True,0.0,0.9,0.9,129,0,129.0,26,0,1,"(3, 8)",0,0.0012919896640826874,124.0,62.0,majority_vote,26,RECONNAISSANCE,36,"(13, 6)",False,0,False,130
0,0.0,True,0.0,0.9359973515421502,0.9465276427775264,129,0,129.0,5,0,1,"(12, 50)",0,0.0,99.0,62.0,majority_vote,5,RECONNAISSANCE,8,"(12, 30)",False,1,False,130
0,0.0,True,0.0,0.9296857028842227,0.9405945974067925,128,0,128.0,6,0,1,"(24, 45)",0,0.0,91.0,56.0,majority_vote,6,RECONNAISSANCE,9,"(18, 22)",False,2,False,130
0,0.0,True,0.0,0.9,0.9,134,0,134.0,26,0,1,"(3, 8)",0,0.0012658227848101266,124.0,62.0,majority_vote,26,RECONNAISSANCE,36,"(10, 8)",False,0,False,135
0,0.0,True,0.0,0.9387035404683566,0.948829326115772,134,0,134.0,5,0,1,"(12, 50)",0,0.0,99.0,62.0,majority_vote,5,RECONNAISSANCE,8,"(10, 33)",False,1,False,135
0,0.0,True,0.0,0.9313623222067263,0.9418469058669628,133,0,133.0,6,0,1,"(24, 45)",0,0.0,91.0,56.0,majority_vote,6,RECONNAISSANCE,9,"(19, 26)",False,2,False,135
0,0.0,True,0.0,0.9,0.9,139,0,139.0,26,0,1,"(3, 8)",0,0.0012376237623762376,124.0,62.0,majority_vote,26,RECONNAISSANCE,36,"(5, 8)",False,0,False,140
0,0.0,True,0.0,0.9412702378136748,0.9508018833959833,139,0,139.0,5,0,1,"(12, 50)",0,0.0,99.0,62.0,majority_vote,5,RECONNAISSANCE,8,"(10, 38)",False,1,False,140
0,0.0,True,0.0,0.9340323788625243,0.9440040490781759,138,0,138.0,6,0,1,"(24, 45)",0,0.0,91.0,56.0,majority_vote,6,RECONNAISSANCE,9,"(19, 31)",False,2,False,140
0,0.0,True,0.0,0.9,0.9,143,0,143.0,27,0,1,"(24, 45)",0,0.0012330456226880395,124.0,62.0,majority_vote,27,RECONNAISSANCE,37,"(5, 8)",False,0,False,145
0,0.0,True,0.0,0.9436563591134891,0.9523728819231767,144,0,144.0,5,0,1,"(12, 50)",0,0.0,99.0,62.0,majority_vote,5,RECONNAISSANCE,8,"(10, 43)",False,1,False,145
0,0.0,True,0.0,0.9340323788625243,0.9440040490781759,143,0,143.0,6,0,1,"(24, 45)",0,0.0,91.0,56.0,majority_vote,6,RECONNAISSANCE,9,"(19, 36)",False,2,False,145
0,0.0,True,0.0,0.9,0.9,148,0,148.0,27,0,1,"(24, 45)",0,0.04192355117139334,124.0,62.0,majority_vote,27,RECONNAISSANCE,38,"(10, 8)",False,0,False,150
0,0.0,True,0.0,0.9454028588365231,0.9534775729051103,149,0,149.0,5,0,1,"(12, 50)",0,0.04192355117139334,99.0,62.0,majority_vote,5,RECONNAISSANCE,9,"(10, 48)",False,1,False,150
0,0.0,True,0.0,0.9340323788625243,0.9440040490781759,148,0,148.0,6,0,1,"(24, 45)",0,0.04192355117139334,91.0,56.0,majority_vote,6,RECONNAISSANCE,10,"(20, 40)",False,2,False,150
0,0.0,True,0.0,0.9,0.9,153,0,153.0,27,0,1,"(24, 45)",0,0.040690505548705305,124.0,62.0,majority_vote,27,RECONNAISSANCE,38,"(13, 10)",False,0,False,155
0,0.0,True,0.0,0.9454028588365231,0.9534775729051103,153,0,153.0,6,0,1,"(33, 50)",0,0.036991368680641186,99.0,62.0,majority_vote,6,RECONNAISSANCE,10,"(12, 50)",False,1,False,155
0,0.0,True,0.0,0.9340323788625243,0.9440040490781759,153,0,153.0,7,0,1,"(24, 45)",0,0.036991368680641186,91.0,56.0,majority_vote,7,RECONNAISSANCE,11,"(25, 40)",False,2,False,155
0,0.0,True,0.0,0.9,0.9,158,0,158.0,27,0,1,"(24, 45)",0,0.04064039408866995,124.0,62.0,majority_vote,27,RECONNAISSANCE,38,"(14, 14)",False,0,False,160
0,0.0,True,0.0,0.9454028588365231,0.9534775729051103,158,0,158.0,6,0,1,"(33, 50)",0,0.029556650246305417,99.0,62.0,majority_vote,6,RECONNAISSANCE,10,"(17, 50)",False,1,False,160
0,0.0,True,0.0,0.9340323788625243,0.9440040490781759,158,0,158.0,9,0,1,"(24, 45)",0,0.029556650246305417,91.0,56.0,majority_vote,9,RECONNAISSANCE,13,"(27, 43)",False,2,False,160
0,0.0,True,0.0,0.9,0.9,163,0,163.0,27,0,1,"(24, 45)",0,0.038177339901477834,124.0,62.0,majority_vote,27,RECONNAISSANCE,38,"(14, 19)",False,0,False,165
0,0.0,True,0.0,0.9454028588365231,0.9534775729051103,163,0,163.0,6,0,1,"(33, 50)",0,0.024630541871921183,99.0,62.0,majority_vote,6,RECONNAISSANCE,10,"(21, 49)",False,1,False,165
0,0.0,True,0.0,0.9340323788625243,0.9440040490781759,163,0,163.0,12,0,1,"(24, 45)",0,0.024630541871921183,91.0,56.0,majority_vote,12,RECONNAISSANCE,16,"(27, 48)",False,2,False,165
0,0.0,True,0.0,0.9,0.9,168,0,168.0,27,0,1,"(24, 45)",0,0.03194103194103194,124.0,62.0,majority_vote,27,RECONNAISSANCE,38,"(14, 24)",False,0,False,170
0,0.0,True,0.0,0.9454028588365231,0.9534775729051103,168,0,168.0,6,0,1,"(33, 50)",0,0.019656019656019656,99.0,62.0,majority_vote,6,RECONNAISSANCE,10,"(25, 50)",False,1,False,170
0,0.0,True,0.0,0.9340323788625243,0.9440040490781759,168,0,168.0,13,0,1,"(24, 45)",0,0.0171990171990172,91.0,56.0,majority_vote,13,RECONNAISSANCE,17,"(24, 46)",False,2,False,170
0,0.0,True,0.0,0.9,0.9,173,0,173.0,27,0,1,"(24, 45)",0,0.030712530712530713,124.0,62.0,majority_vote,27,RECONNAISSANCE,39,"(14, 29)",False,0,False,175
0,0.0,True,0.0,0.9454028588365231,0.9534775729051103,173,0,173.0,6,0,1,"(33, 50)",0,0.014742014742014743,99.0,62.0,majority_vote,6,RECONNAISSANCE,11,"(30, 50)",False,1,False,175
0,0.0,True,0.0,0.9340323788625243,0.9440040490781759,172,0,172.0,14,0,2,"(33, 8)",0,0.014742014742014743,86.0,60.5,majority_vote,14,RECONNAISSANCE,19,"(24, 48)",False,2,False,175
0,0.0,True,0.0,0.9,0.9,178,0,178.0,27,0,1,"(24, 45)",0,0.030712530712530713,124.0,62.0,majority_vote,27,RECONNAISSANCE,39,"(16, 32)",False,0,False,180
0,0.0,True,0.0,0.9454028588365231,0.9534775729051103,177,0,177.0,7,0,2,"(33, 30)",0,0.014742014742014743,89.5,43.0,majority_vote,7,RECONNAISSANCE,12,"(33, 49)",False,1,False,180
0,0.0,True,0.0,0.9340323788625243,0.9440040490781759,177,0,177.0,14,0,2,"(33, 8)",0,0.014742014742014743,86.0,60.5,majority_vote,14,RECONNAISSANCE,19,"(27, 46)",False,2,False,180
0,0.0,True,0.0,0.9,0.9,183,0,183.0,27,0,1,"(24, 45)",0,0.030712530712530713,124.0,62.0,majority_vote,27,RECONNAISSANCE,39,"(16, 37)",False,0,False,185
0,0.0,True,0.0,0.9454028588365231,0.9534775729051103,182,0,182.0,7,0,2,"(33, 30)",0,0.014742014742014743,89.5,43.0,majority_vote,7,RECONNAISSANCE,12,"(31, 46)",False,1,False,185
0,0.0,True,0.0,0.9340323788625243,0.9440040490781759,182,0,182.0,14,0,2,"(33, 8)",0,0.013513513513513514,86.0,60.5,majority_vote,14,RECONNAISSANCE,19,"(28, 42)",False,2,False,185
0,0.0,True,0.0,0.9,0.9,188,0,188.0,27,0,1,"(24, 45)",0,0.019230769230769232,124.0,62.0,majority_vote,27,RECONNAISSANCE,39,"(18, 40)",False,0,False,190
0,0.0,True,0.0,0.9454028588365231,0.9534775729051103,187,0,187.0,7,0,2,"(33, 30)",0,0.010817307692307692,89.5,43.0,majority_vote,7,RECONNAISSANCE,12,"(29, 43)",False,1,False,190
0,0.0,True,0.0,0.9340323788625243,0.9440040490781759,187,0,187.0,14,0,2,"(33, 8)",0,0.009615384615384616,86.0,60.5,majority_vote,14,RECONNAISSANCE,19,"(29, 38)",False,2,False,190
0,0.0,True,0.0,0.9,0.9,193,0,193.0,27,0,1,"(24, 45)",0,0.014874141876430207,124.0,62.0,majority_vote,27,RECONNAISSANCE,39,"(23, 40)",False,0,False,195
0,0.0,True,0.0,0.9462519313828872,0.954334566059922,192,0,192.0,7,0,2,"(33, 30)",0,0.010297482837528604,89.5,43.0,majority_vote,7,RECONNAISSANCE,12,"(29, 38)",False,1,False,195
0,0.0,True,0.0,0.9340323788625243,0.9440040490781759,192,0,192.0,14,0,2,"(33, 8)",0,0.009153318077803204,86.0,60.5,majority_vote,14,RECONNAISSANCE,19,"(29, 33)",False,2,False,195
0,0.0,True,0.0,0.9,0.9,198,0,198.0,28,0,1,"(24, 45)",0,0.013201320132013201,124.0,62.0,majority_vote,28,RECONNAISSANCE,41,"(27, 41)",False,0,False,200
0,0.0,True,0.0,0.9484360276917152,0.9568854706054487,197,0,197.0,8,0,2,"(33, 30)",0,0.009900990099009901,89.5,43.0,majority_vote,8,RECONNAISSANCE,13,"(31, 35)",False,1,False,200
0,0.0,True,0.0,0.9340323788625243,0.9440040490781759,197,0,197.0,14,0,2,"(33, 8)",0,0.0088008800880088,86.0,60.5,majority_vote,14,RECONNAISSANCE,20,"(29, 28)",False,2,False,200
0,0.0,True,0.0,0.9,0.9,203,0,203.0,28,0,1,"(24, 45)",0,0.011591148577449948,124.0,62.0,majority_vote,28,RECONNAISSANCE,41,"(27, 46)",False,0,False,205
0,0.0,True,0.0,0.949781268754543,0.9582511858030536,202,0,202.0,8,0,2,"(33, 30)",0,0.008429926238145416,89.5,43.0,majority_vote,8,RECONNAISSANCE,13,"(33, 32)",False,1,False,205
0,0.0,True,0.0,0.9340323788625243,0.9440040490781759,202,0,202.0,16,0,2,"(33, 8)",0,0.008429926238145416,86.0,60.5,majority_vote,16,RECONNAISSANCE,22,"(29, 23)",False,2,False,205
0,0.0,True,0.0,0.9,0.9,208,0,208.0,28,0,1,"(24, 45)",0,0.010131712259371834,124.0,62.0,majority_vote,28,RECONNAISSANCE,41,"(24, 48)",False,0,False,210
0,0.0,True,0.0,0.949781268754543,0.9582511858030536,206,0,206.0,9,0,2,"(21, 24)",0,0.011144883485309016,89.5,43.0,majority_vote,9,RECONNAISSANCE,14,"(31, 30)",False,1,False,210
0,0.0,True,0.0,0.9340323788625243,0.9440040490781759,207,0,207.0,16,0,2,"(33, 8)",0,0.008105369807497468,86.0,60.5,majority_vote,16,RECONNAISSANCE,22,"(28, 19)",False,2,False,210
0,0.0,True,0.0,0.9,0.9,212,0,212.0,29,0,2,"(13, 15)",0,0.006750241080038573,107.0,66.5,majority_vote,29,RECONNAISSANCE,42,"(24, 46)",False,0,False,215
0,0.0,True,0.0,0.949781268754543,0.9582511858030536,211,0,211.0,9,0,2,"(21, 24)",0,0.011571841851494697,89.5,43.0,majority_vote,9,RECONNAISSANCE,14,"(27, 29)",False,1,False,215
0,0.0,True,0.0,0.9340323788625243,0.9440040490781759,212,0,212.0,16,0,2,"(33, 8)",0,0.007714561234329798,86.0,60.5,majority_vote,16,RECONNAISSANCE,22,"(28, 14)",False,2,False,215
0,0.0,True,0.0,0.9,0.9,217,0,217.0,29,0,2,"(13, 15)",0,0.006487488415199258,107.0,66.5,majority_vote,29,RECONNAISSANCE,42,"(27, 48)",False,0,False,220
0,0.0,True,0.0,0.9510746660299776,0.9591396309789958,216,0,216.0,9,0,2,"(21, 24)",0,0.011121408711770158,89.5,43.0,majority_vote,9,RECONNAISSANCE,14,"(22, 29)",False,1,False,220
0,0.0,True,0.0,0.9340323788625243,0.9440040490781759,217,0,217.0,16,0,2,"(33, 8)",0,0.0074142724745134385,86.0,60.5,majority_vote,16,RECONNAISSANCE,22,"(28, 9)",False,2,False,220
0,0.0,True,0.0,0.9,0.9,222,0,222.0,29,0,2,"(13, 15)",0,0.006398537477148081,107.0,66.5,majority_vote,29,RECONNAISSANCE,43,"(27, 43)",False,0,False,225
0,0.0,True,0.0,0.9531004819268212,0.960530109872658,221,0,221.0,9,0,2,"(21, 24)",0,0.010968921389396709,89.5,43.0,majority_vote,9,RECONNAISSANCE,15,"(21, 25)",False,1,False,225
0,0.0,True,0.0,0.9340323788625243,0.9440040490781759,222,0,222.0,16,0,2,"(33, 8)",0,0.007312614259597806,86.0,60.5,majority_vote,16,RECONNAISSANCE,23,"(32, 8)",False,2,False,225
0,0.0,True,0.0,0.9,0.9,227,0,227.0,29,0,2,"(13, 15)",0,0.006398537477148081,107.0,66.5,majority_vote,29,RECONNAISSANCE,43,"(25, 40)",False,0,False,230
0,0.0,True,0.0,0.9538658831443091,0.961078656071408,225,0,225.0,10,0,3,"(24, 45)",0,0.010968921389396709,75.66666666666667,35.0,majority_vote,10,RECONNAISSANCE,16,"(21, 27)",False,1,False,230
0,0.0,True,0.0,0.9340323788625243,0.9440040490781759,226,0,226.0,17,0,2,"(2, 50)",0,0.007312614259597806,86.0,60.5,majority_vote,17,RECONNAISSANCE,24,"(30, 8)",False,2,False,230
0,0.0,True,0.0,0.9,0.9,232,0,232.0,29,0,2,"(13, 15)",0,0.006398537477148081,107.0,66.5,majority_vote,29,RECONNAISSANCE,43,"(21, 39)",False,0,False,235
0,0.0,True,0.0,0.9538658831443091,0.961078656071408,230,0,230.0,10,0,3,"(24, 45)",0,0.010968921389396709,75.66666666666667,35.0,majority_vote,10,RECONNAISSANCE,16,"(26, 27)",False,1,False,235
0,0.0,True,0.0,0.9340323788625243,0.9440040490781759,231,0,231.0,18,0,2,"(2, 50)",0,0.007312614259597806,86.0,60.5,majority_vote,18,RECONNAISSANCE,25,"(27, 10)",False,2,False,235
0,0.0,True,0.0,0.9,0.9,237,0,237.0,29,0,2,"(13, 15)",0,0.006398537477148081,107.0,66.5,majority_vote,29,RECONNAISSANCE,43,"(16, 39)",False,0,False,240
0,0.0,True,0.0,0.9542412647805276,0.9613735158686808,235,0,235.0,10,0,3,"(24, 45)",0,0.010968921389396709,75.66666666666667,35.0,majority_vote,10,RECONNAISSANCE,16,"(28, 30)",False,1,False,240
0,0.0,True,0.0,0.9340323788625243,0.9440040490781759,236,0,236.0,18,0,2,"(2, 50)",0,0.007312614259597806,86.0,60.5,majority_vote,18,RECONNAISSANCE,26,"(27, 15)",False,2,False,240
0,0.0,True,0.0,0.9,0.9,242,0,242.0,29,0,2,"(13, 15)",0,0.006398537477148081,107.0,66.5,majority_vote,29,RECONNAISSANCE,43,"(15, 35)",False,0,False,245
0,0.0,True,0.0,0.9557059230024668,0.962620220578672,240,0,240.0,10,0,3,"(24, 45)",0,0.010968921389396709,75.66666666666667,35.0,majority_vote,10,RECONNAISSANCE,16,"(28, 35)",False,1,False,245
0,0.0,True,0.0,0.9340323788625243,0.9440040490781759,241,0,241.0,18,0,2,"(2, 50)",0,0.007312614259597806,86.0,60.5,majority_vote,18,RECONNAISSANCE,26,"(27, 20)",False,2,False,245
0,0.0,True,0.0,0.9,0.9,247,0,247.0,29,0,2,"(13, 15)",0,0.006398537477148081,107.0,66.5,majority_vote,29,RECONNAISSANCE,44,"(15, 30)",False,0,False,250
0,0.0,True,0.0,0.9575295072058063,0.9644517557233535,245,0,245.0,10,0,3,"(24, 45)",0,0.010968921389396709,75.66666666666667,35.0,majority_vote,10,RECONNAISSANCE,17,"(28, 40)",False,1,False,250
0,0.0,True,0.0,0.9340323788625243,0.9440040490781759,246,0,246.0,19,0,2,"(2, 50)",0,0.007312614259597806,86.0,60.5,majority_vote,19,RECONNAISSANCE,27,"(26, 24)",False,2,False,250
0,0.0,True,0.0,0.9,0.9,252,0,252.0,29,0,2,"(13, 15)",0,0.006398537477148081,107.0,66.5,majority_vote,29,RECONNAISSANCE,44,"(15, 25)",False,0,False,255
0,0.0,True,0.0,0.9593066666203696,0.9659382561381666,250,0,250.0,10,0,3,"(24, 45)",0,0.010968921389396709,75.66666666666667,35.0,majority_vote,10,RECONNAISSANCE,17,"(28, 45)",False,1,False,255
0,0.0,True,0.0,0.9350607882826415,0.94478065683417,251,0,251.0,19,0,2,"(2, 50)",0,0.007312614259597806,86.0,60.5,majority_vote,19,RECONNAISSANCE,27,"(24, 27)",False,2,False,255
0,0.0,True,0.0,0.9,0.9,257,0,257.0,29,0,2,"(13, 15)",0,0.006398537477148081,107.0,66.5,majority_vote,29,RECONNAISSANCE,44,"(15, 20)",False,0,False,260
0,0.0,True,0.0,0.961007936045658,0.9673610543541414,255,0,255.0,10,0,3,"(24, 45)",0,0.010968921389396709,75.66666666666667,35.0,majority_vote,10,RECONNAISSANCE,17,"(26, 48)",False,1,False,260
0,0.0,True,0.0,0.9375241122707476,0.9466504665455552,256,0,256.0,19,0,2,"(2, 50)",0,0.007312614259597806,86.0,60.5,majority_vote,19,RECONNAISSANCE,27,"(24, 32)",False,2,False,260
0,0.0,True,0.0,0.9,0.9,262,0,262.0,29,0,2,"(13, 15)",0,0.006392694063926941,107.0,66.5,majority_vote,29,RECONNAISSANCE,44,"(15, 15)",False,0,False,265
0,0.0,True,0.0,0.9627031180054385,0.9693449339226063,260,0,260.0,10,0,3,"(24, 45)",0,0.010958904109589041,75.66666666666667,35.0,majority_vote,10,RECONNAISSANCE,17,"(24, 45)",False,1,False,265
0,0.0,True,0.0,0.9398846741743146,0.9487559984365997,261,0,261.0,19,0,2,"(2, 50)",0,0.00821917808219178,86.0,60.5,majority_vote,19,RECONNAISSANCE,27,"(24, 37)",False,2,False,265
0,0.0,True,0.0,0.9,0.9,266,0,266.0,30,0,2,"(33, 8)",0,0.006392694063926941,107.0,66.5,majority_vote,30,RECONNAISSANCE,45,"(13, 13)",False,0,False,270
0,0.0,True,0.0,0.9630590868061377,0.9698224940194217,264,0,264.0,11,0,3,"(2, 22)",0,0.010958904109589041,75.66666666666667,35.0,majority_vote,11,RECONNAISSANCE,18,"(25, 48)",False,1,False,270
0,0.0,True,0.0,0.9421839288105388,0.9508159765809713,266,0,266.0,19,0,2,"(2, 50)",0,0.00821917808219178,86.0,60.5,majority_vote,19,RECONNAISSANCE,27,"(21, 39)",False,2,False,270
0,0.0,True,0.0,0.9,0.9,271,0,271.0,30,0,2,"(33, 8)",0,0.006392694063926941,107.0,66.5,majority_vote,30,RECONNAISSANCE,46,"(16, 11)",False,0,False,275
0,0.0,True,0.0,0.9630590868061377,0.9698224940194217,269,0,269.0,11,0,3,"(2, 22)",0,0.010958904109589041,75.66666666666667,35.0,majority_vote,11,RECONNAISSANCE,19,"(27, 45)",False,1,False,275
0,0.0,True,0.0,0.9443918929856018,0.9525722828781872,271,0,271.0,19,0,2,"(2, 50)",0,0.00821917808219178,86.0,60.5,majority_vote,19,RECONNAISSANCE,28,"(19, 42)",False,2,False,275
0,0.0,True,0.0,0.9,0.9,276,0,276.0,30,0,2,"(33, 8)",0,0.004562043795620438,107.0,66.5,majority_vote,30,RECONNAISSANCE,46,"(19, 9)",False,0,False,280
0,0.0,True,0.0,0.9637585187923526,0.9703514447182475,274,0,274.0,11,0,3,"(2, 22)",0,0.009124087591240875,75.66666666666667,35.0,majority_vote,11,RECONNAISSANCE,19,"(27, 40)",False,1,False,280
0,0.0,True,0.0,0.9464555455877612,0.954096448339051,276,0,276.0,19,0,2,"(2, 50)",0,0.0072992700729927005,86.0,60.5,majority_vote,19,RECONNAISSANCE,28,"(16, 44)",False,2,False,280
0,0.0,True,0.0,0.9,0.9,281,0,281.0,30,0,2,"(33, 8)",0,0.002737226277372263,107.0,66.5,majority_vote,30,RECONNAISSANCE,46,"(24, 9)",False,0,False,285
0,0.0,True,0.0,0.965418296674292,0.9715145511857641,279,0,279.0,11,0,3,"(2, 22)",0,0.0072992700729927005,75.66666666666667,35.0,majority_vote,11,RECONNAISSANCE,19,"(25, 37)",False,1,False,285
0,0.0,True,0.0,0.9468520424921817,0.9543854836761699,281,0,281.0,19,0,2,"(2, 50)",0,0.008211678832116789,86.0,60.5,majority_vote,19,RECONNAISSANCE,28,"(13, 46)",False,2,False,285
0,0.0,True,0.0,0.9,0.9,286,0,286.0,30,0,2,"(33, 8)",0,0.0018181818181818182,107.0,66.5,majority_vote,30,RECONNAISSANCE,46,"(28, 8)",False,0,False,290
0,0.0,True,0.0,0.9666324633795654,0.9721887385252129,284,0,284.0,11,0,3,"(2, 22)",0,0.006363636363636364,75.66666666666667,35.0,majority_vote,11,RECONNAISSANCE,19,"(24, 33)",False,1,False,290
0,0.0,True,0.0,0.9468520424921817,0.9543854836761699,286,0,286.0,19,0,2,"(2, 50)",0,0.008181818181818182,86.0,60.5,majority_vote,19,RECONNAISSANCE,28,"(8, 46)",False,2,False,290
0,0.0,True,0.0,0.9,0.9,291,0,291.0,30,0,2,"(33, 8)",0,0.0018181818181818182,107.0,66.5,majority_vote,30,RECONNAISSANCE,46,"(33, 8)",False,0,False,295
0,0.0,True,0.0,0.9672006340612748,0.9725467901513613,289,0,289.0,11,0,3,"(2, 22)",0,0.006363636363636364,75.66666666666667,35.0,majority_vote,11,RECONNAISSANCE,19,"(23, 29)",False,1,False,295
0,0.0,True,0.0,0.9468520424921817,0.9543854836761699,291,0,291.0,19,0,2,"(2, 50)",0,0.008181818181818182,86.0,60.5,majority_vote,19,RECONNAISSANCE,28,"(4, 47)",False,2,False,295
0,0.0,True,0.0,0.9,0.9,295,0,295.0,31,0,3,"(21, 24)",0,0.045454545454545456,98.66666666666667,53.666666666666664,majority_vote,31,ATTACK,48,"(29, 8)",False,0,False,300
0,0.0,True,0.0,0.9682820099784342,0.9733129520807379,294,0,294.0,12,0,3,"(2, 22)",0,0.05,75.66666666666667,35.0,majority_vote,12,ATTACK,20,"(19, 28)",False,1,False,300
0,0.0,True,0.0,0.9468520424921817,0.9543854836761699,296,0,296.0,19,0,2,"(2, 50)",0,0.04818181818181818,86.0,60.5,majority_vote,19,ATTACK,29,"(2, 50)",False,2,False,300
0,0.0,True,0.0,0.9,0.9,300,0,300.0,31,0,3,"(21, 24)",0,0.045454545454545456,98.66666666666667,53.666666666666664,majority_vote,31,ATTACK,48,"(25, 9)",False,0,False,305
0,0.0,True,0.0,0.9682820099784342,0.9733129520807379,299,0,299.0,12,0,3,"(2, 22)",0,0.05,75.66666666666667,35.0,majority_vote,12,ATTACK,20,"(14, 28)",False,1,False,305
0,0.0,True,0.0,0.9468520424921817,0.9543854836761699,300,0,300.0,20,0,3,"(33, 30)",0,0.04818181818181818,100.33333333333333,65.0,majority_vote,20,ATTACK,30,"(4, 48)",False,2,False,305
0,0.0,True,0.0,0.9,0.9,305,0,305.0,31,0,3,"(21, 24)",0,0.045454545454545456,98.66666666666667,53.666666666666664,majority_vote,31,ATTACK,48,"(21, 10)",False,0,False,310
0,0.0,True,0.0,0.9682820099784342,0.9733129520807379,304,0,304.0,12,0,3,"(2, 22)",0,0.05,75.66666666666667,35.0,majority_vote,12,ATTACK,20,"(10, 27)",False,1,False,310
0,0.0,True,0.0,0.9468520424921817,0.9543854836761699,305,0,305.0,20,0,3,"(33, 30)",0,0.04818181818181818,100.33333333333333,65.0,majority_vote,20,ATTACK,30,"(7, 46)",False,2,False,310
0,0.0,True,0.0,0.9,0.9,310,0,310.0,31,0,3,"(21, 24)",0,0.037104072398190045,98.66666666666667,53.666666666666664,majority_vote,31,ATTACK,48,"(19, 13)",False,0,False,315
0,0.0,True,0.0,0.9682820099784342,0.9733129520807379,309,0,309.0,12,0,3,"(2, 22)",0,0.03891402714932127,75.66666666666667,35.0,majority_vote,12,ATTACK,20,"(7, 25)",False,1,False,315
0,0.0,True,0.0,0.9468520424921817,0.9543854836761699,310,0,310.0,20,0,3,"(33, 30)",0,0.04253393665158371,100.33333333333333,65.0,majority_vote,20,ATTACK,30,"(12, 46)",False,2,False,315
0,0.0,True,0.0,0.9,0.9,315,0,315.0,31,0,3,"(21, 24)",0,0.035523978685612786,98.66666666666667,53.666666666666664,majority_vote,31,ATTACK,48,"(18, 17)",False,0,False,320
0,0.0,True,0.0,0.9682820099784342,0.9733129520807379,314,0,314.0,12,0,3,"(2, 22)",0,0.037300177619893425,75.66666666666667,35.0,majority_vote,12,ATTACK,20,"(4, 23)",False,1,False,320
0,0.0,True,0.0,0.9468520424921817,0.9543854836761699,315,0,315.0,20,0,3,"(33, 30)",0,0.04085257548845471,100.33333333333333,65.0,majority_vote,20,ATTACK,30,"(16, 45)",False,2,False,320
0,0.0,True,0.0,0.9,0.9,320,0,320.0,31,0,3,"(21, 24)",0,0.03368794326241135,98.66666666666667,53.666666666666664,majority_vote,31,ATTACK,49,"(18, 22)",False,0,False,325
0,0.0,True,0.0,0.9682820099784342,0.9733129520807379,318,0,318.0,13,0,4,"(33, 8)",0,0.03723404255319149,81.0,40.75,majority_vote,13,ATTACK,22,"(3, 22)",False,1,False,325
0,0.0,True,0.0,0.9468520424921817,0.9543854836761699,320,0,320.0,21,0,3,"(33, 30)",0,0.03546099290780142,100.33333333333333,65.0,majority_vote,21,ATTACK,31,"(17, 41)",False,2,False,325
0,0.0,True,0.0,0.9,0.9,325,0,325.0,31,0,3,"(21, 24)",0,0.03365810451727192,98.66666666666667,53.666666666666664,majority_vote,31,ATTACK,49,"(21, 24)",False,0,False,330
0,0.0,True,0.0,0.9682820099784342,0.9733129520807379,323,0,323.0,13,0,4,"(33, 8)",0,0.03631532329495128,81.0,40.75,majority_vote,13,ATTACK,22,"(7, 23)",False,1,False,330
0,0.0,True,0.0,0.9468520424921817,0.9543854836761699,325,0,325.0,21,0,3,"(33, 30)",0,0.03365810451727192,100.33333333333333,65.0,majority_vote,21,ATTACK,31,"(20, 39)",False,2,False,330
0,0.0,True,0.0,0.9,0.9,329,0,329.0,32,0,3,"(3, 8)",0,0.03365810451727192,98.66666666666667,53.666666666666664,majority_vote,32,ATTACK,50,"(17, 24)",False,0,False,335
5,0.0,True,0.0,0.9690652786995222,0.9739946847643357,328,0,328.0,13,0,4,"(33, 8)",0,0.03631532329495128,81.0,40.75,majority_vote,13,ATTACK,22,"(12, 23)",False,1,False,335
5,0.0,True,0.0,0.9468520424921817,0.9543854836761699,330,0,330.0,22,0,3,"(33, 30)",0,0.03188662533215235,100.33333333333333,65.0,majority_vote,22,ATTACK,32,"(21, 35)",False,2,False,335
0,0.0,True,0.0,0.9,0.9,334,0,334.0,32,0,3,"(3, 8)",0,0.030115146147032774,98.66666666666667,53.666666666666664,majority_vote,32,ATTACK,50,"(17, 19)",False,0,False,340
4,0.0,True,0.0,0.937635658390179,0.9401569350959934,333,0,333.0,13,0,4,"(33, 8)",0,0.0354295837023915,81.0,40.75,majority_vote,13,ATTACK,22,"(17, 23)",False,1,False,340
5,0.0,True,0.0,0.9468520424921817,0.9543854836761699,335,0,335.0,22,0,3,"(33, 30)",0,0.026572187776793623,100.33333333333333,65.0,majority_vote,22,ATTACK,32,"(25, 34)",False,2,False,340
0,0.0,True,0.0,0.9,0.9,339,0,339.0,32,0,3,"(3, 8)",0,0.030115146147032774,98.66666666666667,53.666666666666664,majority_vote,32,ATTACK,50,"(17, 14)",False,0,False,345
4,0.0,True,0.0,0.938709063070177,0.9437339123977808,338,0,338.0,13,0,4,"(33, 8)",0,0.03454384410983171,81.0,40.75,majority_vote,13,ATTACK,22,"(18, 19)",False,1,False,345
5,0.0,True,0.0,0.948027467115289,0.9554458575085375,340,0,340.0,22,0,3,"(33, 30)",0,0.026572187776793623,100.33333333333333,65.0,majority_vote,22,ATTACK,32,"(26, 30)",False,2,False,345
0,0.0,True,0.0,0.9,0.9,344,0,344.0,32,0,3,"(3, 8)",0,0.030115146147032774,98.66666666666667,53.666666666666664,majority_vote,32,ATTACK,51,"(17, 9)",False,0,False,350
4,0.0,True,0.0,0.940324433821069,0.947122637648135,343,0,343.0,13,0,4,"(33, 8)",0,0.03454384410983171,81.0,40.75,majority_vote,13,ATTACK,23,"(18, 14)",False,1,False,350
5,0.0,True,0.0,0.948027467115289,0.9554458575085375,345,0,345.0,22,0,3,"(33, 30)",0,0.026572187776793623,100.33333333333333,65.0,majority_vote,22,ATTACK,33,"(31, 30)",False,2,False,350
0,0.0,True,0.0,0.9,0.9,349,0,349.0,32,0,3,"(3, 8)",0,0.03008849557522124,98.66666666666667,53.666666666666664,majority_vote,32,ATTACK,51,"(13, 8)",False,0,False,355
4,0.0,True,0.0,0.9422975511270204,0.9501640989644148,348,0,348.0,13,0,4,"(33, 8)",0,0.034513274336283185,81.0,40.75,majority_vote,13,ATTACK,23,"(18, 9)",False,1,False,355
5,0.0,True,0.0,0.948027467115289,0.9554458575085375,349,0,349.0,23,0,3,"(2, 41)",0,0.02654867256637168,100.33333333333333,65.0,majority_vote,23,ATTACK,34,"(31, 30)",False,2,False,355
0,0.0,True,0.0,0.9,0.9,354,0,354.0,32,0,3,"(3, 8)",0,0.03019538188277087,98.66666666666667,53.666666666666664,majority_vote,32,ATTACK,51,"(8, 8)",False,0,False,360
4,0.0,True,0.0,0.9444775199839851,0.9528687417074831,353,0,353.0,13,0,4,"(33, 8)",0,0.034728406055209264,81.0,40.75,majority_vote,13,ATTACK,23,"(23, 9)",False,1,False,360
5,0.0,True,0.0,0.948027467115289,0.9554458575085375,354,0,354.0,23,0,3,"(2, 41)",0,0.026714158504007122,100.33333333333333,65.0,majority_vote,23,ATTACK,34,"(29, 33)",False,2,False,360
0,0.0,True,0.0,0.9,0.9,359,0,359.0,32,0,3,"(3, 8)",0,0.03019538188277087,98.66666666666667,53.666666666666664,majority_vote,32,ATTACK,51,"(3, 8)",False,0,False,365
4,0.0,True,0.0,0.9466617901323063,0.9548168258146071,358,0,358.0,13,0,4,"(33, 8)",0,0.034728406055209264,81.0,40.75,majority_vote,13,ATTACK,23,"(27, 8)",False,1,False,365
5,0.0,True,0.0,0.948027467115289,0.9554458575085375,359,0,359.0,23,0,3,"(2, 41)",0,0.025823686553873553,100.33333333333333,65.0,majority_vote,23,ATTACK,34,"(24, 33)",False,2,False,365
0,0.0,True,0.0,0.9,0.9,363,0,363.0,33,0,4,"(12, 50)",0,0.027531083481349913,91.5,49.0,majority_vote,33,ATTACK,52,"(7, 8)",False,0,False,370
4,0.0,True,0.0,0.9483145145384992,0.9559892610668435,363,0,363.0,13,0,4,"(33, 8)",0,0.034728406055209264,81.0,40.75,majority_vote,13,ATTACK,23,"(32, 8)",False,1,False,370
5,0.0,True,0.0,0.948027467115289,0.9554458575085375,364,0,364.0,23,0,3,"(2, 41)",0,0.025823686553873553,100.33333333333333,65.0,majority_vote,23,ATTACK,34,"(24, 38)",False,2,False,370
0,0.0,True,0.0,0.9,0.9,368,0,368.0,34,0,4,"(12, 50)",0,0.027531083481349913,91.5,49.0,majority_vote,34,ATTACK,53,"(12, 8)",False,0,False,375
8,0.0,True,0.0,0.9483145145384992,0.9559892610668435,367,0,367.0,14,0,4,"(2, 41)",0,0.036444444444444446,81.0,40.75,majority_vote,14,ATTACK,25,"(30, 8)",False,1,False,375
9,0.0,True,0.0,0.948027467115289,0.9554458575085375,369,0,369.0,24,0,3,"(2, 41)",0,0.029333333333333333,100.33333333333333,65.0,majority_vote,24,ATTACK,35,"(20, 39)",False,2,False,375
0,0.0,True,0.0,0.9,0.9,373,0,373.0,34,0,4,"(12, 50)",0,0.027827648114901255,91.5,49.0,majority_vote,34,ATTACK,53,"(14, 11)",False,0,False,380
8,0.0,True,0.0,0.9490988845105911,0.9564780715135687,372,0,372.0,14,0,4,"(2, 41)",0,0.03597122302158273,81.0,40.75,majority_vote,14,ATTACK,25,"(26, 9)",False,1,False,380
9,0.0,True,0.0,0.948027467115289,0.9554458575085375,374,0,374.0,24,0,3,"(2, 41)",0,0.02877697841726619,100.33333333333333,65.0,majority_vote,24,ATTACK,35,"(17, 41)",False,2,False,380
0,0.0,True,0.0,0.9,0.9,378,0,378.0,34,0,4,"(12, 50)",0,0.027827648114901255,91.5,49.0,majority_vote,34,ATTACK,54,"(14, 16)",False,0,False,385
8,0.0,True,0.0,0.9502348450505463,0.9573971488241636,377,0,377.0,14,0,4,"(2, 41)",0,0.03507194244604316,81.0,40.75,majority_vote,14,ATTACK,25,"(21, 9)",False,1,False,385
9,0.0,True,0.0,0.948027467115289,0.9554458575085375,379,0,379.0,24,0,3,"(2, 41)",0,0.02787769784172662,100.33333333333333,65.0,majority_vote,24,ATTACK,35,"(12, 41)",False,2,False,385
0,0.0,True,0.0,0.9,0.9,383,0,383.0,34,0,4,"(12, 50)",0,0.027777777777777776,91.5,49.0,majority_vote,34,ATTACK,54,"(14, 21)",False,0,False,390
7,0.0,True,0.0,0.9521145414441912,0.9592210441342385,382,0,382.0,15,0,4,"(2, 41)",0,0.03500897666068223,81.0,40.75,majority_vote,15,ATTACK,26,"(17, 10)",False,1,False,390
7,0.0,True,0.0,0.948027467115289,0.9554458575085375,384,0,384.0,24,0,3,"(2, 41)",0,0.026032315978456014,100.33333333333333,65.0,majority_vote,24,ATTACK,35,"(7, 41)",False,2,False,390
0,0.0,True,0.0,0.9,0.9,388,0,388.0,34,0,4,"(12, 50)",0,0.027604630454140695,91.5,49.0,majority_vote,34,ATTACK,54,"(14, 26)",False,0,False,395
7,0.0,True,0.0,0.9539771208757357,0.961025497176811,387,0,387.0,15,0,4,"(2, 41)",0,0.03479036574487065,81.0,40.75,majority_vote,15,ATTACK,26,"(17, 15)",False,1,False,395
7,0.0,True,0.0,0.948027467115289,0.9554458575085375,389,0,389.0,24,0,3,"(2, 41)",0,0.02408563782337199,100.33333333333333,65.0,majority_vote,24,ATTACK,35,"(2, 41)",False,2,False,395
0,0.0,True,0.0,0.9,0.9,393,0,393.0,35,0,4,"(12, 50)",0,0.027953110910730387,91.5,49.0,majority_vote,35,ATTACK,55,"(13, 30)",False,0,False,400
7,0.0,True,0.0,0.955807707297048,0.9626851863620319,392,0,392.0,16,0,4,"(2, 41)",0,0.0351035103510351,81.0,40.75,majority_vote,16,ATTACK,27,"(16, 19)",False,1,False,400
7,0.0,True,0.0,0.948027467115289,0.9554458575085375,393,0,393.0,25,0,4,"(24, 45)",0,0.024302430243024302,99.0,59.5,majority_vote,25,ATTACK,37,"(6, 41)",False,2,False,400
0,0.0,True,0.0,0.9,0.9,398,0,398.0,35,0,4,"(12, 50)",0,0.026149684400360685,91.5,49.0,majority_vote,35,ATTACK,55,"(12, 34)",False,0,False,405
7,0.0,True,0.0,0.957592898828708,0.9643107612822891,397,0,397.0,16,0,4,"(2, 41)",0,0.0306030603060306,81.0,40.75,majority_vote,16,ATTACK,27,"(14, 22)",False,1,False,405
7,0.0,True,0.0,0.948027467115289,0.9554458575085375,398,0,398.0,25,0,4,"(24, 45)",0,0.024302430243024302,99.0,59.5,majority_vote,25,ATTACK,37,"(11, 41)",False,2,False,405
0,0.0,True,0.0,0.9,0.9,403,0,403.0,35,0,4,"(12, 50)",0,0.026149684400360685,91.5,49.0,majority_vote,35,ATTACK,55,"(12, 39)",False,0,False,410
12,0.0,True,0.0,0.9593229363005458,0.9657700125131315,402,0,402.0,16,0,4,"(2, 41)",0,0.0306030603060306,81.0,40.75,majority_vote,16,ATTACK,27,"(12, 25)",False,1,False,410
12,0.0,True,0.0,0.9496378707163228,0.9574338251661917,403,0,403.0,25,0,4,"(24, 45)",0,0.024302430243024302,99.0,59.5,majority_vote,25,ATTACK,37,"(14, 43)",False,2,False,410
0,0.0,True,0.0,0.9,0.9,408,0,408.0,35,0,4,"(12, 50)",0,0.026149684400360685,91.5,49.0,majority_vote,35,ATTACK,55,"(12, 44)",False,0,False,415
12,0.0,True,0.0,0.960984840203053,0.9672863568899407,407,0,407.0,16,0,4,"(2, 41)",0,0.0306030603060306,81.0,40.75,majority_vote,16,ATTACK,27,"(12, 30)",False,1,False,415
12,0.0,True,0.0,0.9517716440274199,0.9600115031632379,408,0,408.0,25,0,4,"(24, 45)",0,0.025202520252025202,99.0,59.5,majority_vote,25,ATTACK,37,"(19, 43)",False,2,False,415
0,0.0,True,0.0,0.9,0.9,413,0,413.0,35,0,4,"(12, 50)",0,0.026149684400360685,91.5,49.0,majority_vote,35,ATTACK,55,"(12, 49)",False,0,False,420
12,0.0,True,0.0,0.962634324364378,0.9688678515446312,412,0,412.0,16,0,4,"(2, 41)",0,0.0306030603060306,81.0,40.75,majority_vote,16,ATTACK,27,"(12, 35)",False,1,False,420
12,0.0,True,0.0,0.9538992256675054,0.9618208863627099,413,0,413.0,25,0,4,"(24, 45)",0,0.023402340234023402,99.0,59.5,majority_vote,25,ATTACK,37,"(20, 47)",False,2,False,420
0,0.0,True,0.0,0.9,0.9,417,0,417.0,36,0,4,"(33, 50)",0,0.025247971145175834,91.5,49.0,majority_vote,36,ATTACK,57,"(15, 50)",False,0,False,425
12,0.0,True,0.0,0.9642892418360847,0.9706420581290803,417,0,417.0,17,0,4,"(2, 41)",0,0.0297029702970297,81.0,40.75,majority_vote,17,ATTACK,28,"(8, 36)",False,1,False,425
12,0.0,True,0.0,0.9551265509582979,0.9628320159662151,418,0,418.0,25,0,4,"(24, 45)",0,0.022502250225022502,99.0,59.5,majority_vote,25,ATTACK,38,"(23, 49)",False,2,False,425
0,0.0,True,0.0,0.9,0.9,422,0,422.0,36,0,4,"(33, 50)",0,0.016143497757847534,91.5,49.0,majority_vote,36,ATTACK,57,"(19, 49)",False,0,False,430
12,0.0,True,0.0,0.9659133099846364,0.9719721258413055,422,0,422.0,17,0,4,"(2, 41)",0,0.020590868397493287,81.0,40.75,majority_vote,17,ATTACK,28,"(7, 40)",False,1,False,430
12,0.0,True,0.0,0.9563299906059921,0.9639138464663929,423,0,423.0,25,0,4,"(24, 45)",0,0.01432408236347359,99.0,59.5,majority_vote,25,ATTACK,38,"(24, 45)",False,2,False,430
0,0.0,True,0.0,0.9,0.9,427,0,427.0,36,0,4,"(33, 50)",0,0.016143497757847534,91.5,49.0,majority_vote,36,ATTACK,57,"(24, 49)",False,0,False,435
12,0.0,True,0.0,0.9665421427120239,0.9724890587951003,427,0,427.0,17,0,4,"(2, 41)",0,0.020590868397493287,81.0,40.75,majority_vote,17,ATTACK,28,"(3, 41)",False,1,False,435
12,0.0,True,0.0,0.9579047203047921,0.965443587156409,426,0,426.0,26,1,4,"(2, 22)",0,0.01521933751119069,99.0,59.5,majority_vote,26,ATTACK,39,"(24, 48)",False,2,False,435
0,0.0,True,0.0,0.9,0.9,432,0,432.0,36,0,4,"(33, 50)",0,0.015370705244122965,91.5,49.0,majority_vote,36,ATTACK,57,"(28, 50)",False,0,False,440
12,0.0,True,0.0,0.9665421427120239,0.9724890587951003,431,0,431.0,18,0,5,"(13, 15)",0,0.021660649819494584,87.4,45.6,majority_vote,18,ATTACK,29,"(5, 41)",False,1,False,440
12,0.0,True,0.0,0.9599281268088052,0.9677011887363461,430,0,430.0,27,2,4,"(2, 22)",0,0.01444043321299639,99.0,59.5,majority_vote,27,ATTACK,40,"(21, 49)",False,2,False,440
0,0.0,True,0.0,0.9,0.9,437,0,437.0,36,0,4,"(33, 50)",0,0.015370705244122965,91.5,49.0,majority_vote,36,ATTACK,57,"(33, 50)",False,0,False,445
12,0.0,True,0.0,0.9665421427120239,0.9724890587951003,436,0,436.0,18,0,5,"(13, 15)",0,0.023465703971119134,87.4,45.6,majority_vote,18,ATTACK,29,"(8, 39)",False,1,False,445
12,0.0,True,0.0,0.9619297565773794,0.969372261183028,435,0,435.0,27,2,4,"(2, 22)",0,0.01444043321299639,99.0,59.5,majority_vote,27,ATTACK,40,"(19, 46)",False,2,False,445
0,0.0,True,0.0,0.9,0.9,441,0,441.0,37,0,5,"(2, 50)",0,0.036133694670280034,89.2,44.0,majority_vote,37,ATTACK,59,"(29, 50)",False,0,False,450
16,0.0,True,0.0,0.9665421427120239,0.9724890587951003,441,0,441.0,19,0,5,"(13, 15)",0,0.0405770964833183,87.4,45.6,majority_vote,19,ATTACK,30,"(9, 35)",False,1,False,450
12,0.0,True,0.0,0.6980354290826618,0.6980354290826618,440,0,440.0,28,2,4,"(2, 22)",0,0.033363390441839495,99.0,59.5,majority_vote,28,ATTACK,41,"(15, 45)",False,2,False,450
0,0.0,True,0.0,0.9,0.9,446,0,446.0,37,0,5,"(2, 50)",0,0.03423423423423423,89.2,44.0,majority_vote,37,ATTACK,59,"(25, 49)",False,0,False,455
16,0.0,True,0.0,0.9665421427120239,0.9724890587951003,446,0,446.0,19,0,5,"(13, 15)",0,0.039568345323741004,87.4,45.6,majority_vote,19,ATTACK,30,"(11, 32)",False,1,False,455
12,0.0,True,0.0,0.6980354290826618,0.6980354290826618,445,0,445.0,29,2,4,"(2, 22)",0,0.030575539568345324,99.0,59.5,majority_vote,29,ATTACK,42,"(10, 45)",False,2,False,455
0,0.0,True,0.0,0.9,0.9,451,0,451.0,37,0,5,"(2, 50)",0,0.032432432432432434,89.2,44.0,majority_vote,37,ATTACK,59,"(20, 49)",False,0,False,460
16,0.0,True,0.0,0.9665421427120239,0.9724890587951003,451,0,451.0,20,0,5,"(13, 15)",0,0.03866906474820144,87.4,45.6,majority_vote,20,ATTACK,31,"(13, 29)",False,1,False,460
12,0.0,True,0.0,0.6980354290826618,0.6980354290826618,450,0,450.0,29,2,4,"(2, 22)",0,0.02787769784172662,99.0,59.5,majority_vote,29,ATTACK,42,"(9, 41)",False,2,False,460
0,0.0,True,0.0,0.9,0.9,456,0,456.0,37,0,5,"(2, 50)",0,0.03153153153153153,89.2,44.0,majority_vote,37,ATTACK,59,"(17, 47)",False,0,False,465
16,0.0,True,0.0,0.9665421427120239,0.9724890587951003,456,0,456.0,20,0,5,"(13, 15)",0,0.0368705035971223,87.4,45.6,majority_vote,20,ATTACK,31,"(14, 25)",False,1,False,465
12,0.0,True,0.0,0.6980354290826618,0.6980354290826618,455,0,455.0,29,2,4,"(2, 22)",0,0.026079136690647483,99.0,59.5,majority_vote,29,ATTACK,42,"(5, 40)",False,2,False,465
0,0.0,True,0.0,0.9,0.9,461,0,461.0,37,0,5,"(2, 50)",0,0.029596412556053813,89.2,44.0,majority_vote,37,ATTACK,59,"(13, 46)",False,0,False,470
12,0.0,True,0.0,0.9665421427120239,0.9724890587951003,461,0,461.0,20,0,5,"(13, 15)",0,0.03312444046553268,87.4,45.6,majority_vote,20,ATTACK,31,"(14, 20)",False,1,False,470
12,0.0,True,0.0,0.6980354290826618,0.6980354290826618,460,0,460.0,29,2,4,"(2, 22)",0,0.025067144136078783,99.0,59.5,majority_vote,29,ATTACK,42,"(3, 37)",False,2,False,470
0,0.0,True,0.0,0.9,0.9,466,0,466.0,37,0,5,"(2, 50)",0,0.024933214603739984,89.2,44.0,majority_vote,37,ATTACK,60,"(8, 46)",False,0,False,475
12,0.0,True,0.0,0.9665421427120239,0.9724890587951003,466,0,466.0,20,0,5,"(13, 15)",0,0.028444444444444446,87.4,45.6,majority_vote,20,ATTACK,32,"(14, 15)",False,1,False,475
12,0.0,True,0.0,0.6980354290826618,0.6980354290826618,465,0,465.0,29,2,4,"(2, 22)",0,0.024,99.0,59.5,majority_vote,29,ATTACK,43,"(3, 32)",False,2,False,475
0,0.0,True,0.0,0.9,0.9,471,0,471.0,37,0,5,"(2, 50)",0,0.023131672597864767,89.2,44.0,majority_vote,37,ATTACK,60,"(3, 46)",False,0,False,480
12,0.0,True,0.0,0.9665421427120239,0.9724890587951003,470,0,470.0,21,0,5,"(2, 50)",0,0.02930728241563055,87.4,45.6,majority_vote,21,ATTACK,33,"(14, 17)",False,1,False,480
12,0.0,True,0.0,0.6980354290826618,0.6980354290826618,470,0,470.0,29,2,4,"(2, 22)",0,0.023978685612788632,99.0,59.5,majority_vote,29,ATTACK,43,"(3, 27)",False,2,False,480
0,0.0,True,0.0,0.9,0.9,476,0,476.0,37,0,5,"(2, 50)",0,0.021352313167259787,89.2,44.0,majority_vote,37,ATTACK,60,"(2, 50)",False,0,False,485
12,0.0,True,0.0,0.9665421427120239,0.9724890587951003,475,0,475.0,21,0,5,"(2, 50)",0,0.023978685612788632,87.4,45.6,majority_vote,21,ATTACK,33,"(14, 22)",False,1,False,485
8,0.0,True,0.0,0.6980354290826618,0.6980354290826618,475,0,475.0,29,2,4,"(2, 22)",0,0.023978685612788632,99.0,59.5,majority_vote,29,ATTACK,43,"(2, 23)",False,2,False,485
0,0.0,True,0.0,0.9,0.9,480,0,480.0,38,0,5,"(33, 30)",0,0.017793594306049824,89.2,44.0,majority_vote,38,ATTACK,61,"(4, 48)",False,0,False,490
42,0.18393034797912833,True,0.18393034797912833,0.9665421427120239,0.9724890587951003,480,0,480.0,22,0,5,"(2, 50)",42,0.023978685612788632,87.4,45.6,majority_vote,22,ATTACK,34,"(14, 27)",True,1,True,490
38,3.91251409281584,True,3.91251409281584,0.6980354290826618,0.6980354290826618,479,0,479.0,31,2,5,"(12, 50)",38,0.023090586145648313,97.4,58.8,majority_vote,31,ATTACK,45,"(3, 24)",True,2,True,490
0,0.0,True,0.0,0.9,0.9,485,0,485.0,38,0,5,"(33, 30)",0,0.017793594306049824,89.2,44.0,majority_vote,38,ATTACK,61,"(7, 46)",False,0,False,495
27,0.18393034797912833,True,0.18393034797912833,0.9665421427120239,0.9724890587951003,485,0,485.0,22,0,5,"(2, 50)",27,0.023090586145648313,87.4,45.6,majority_vote,22,ATTACK,34,"(12, 30)",True,1,True,495
23,3.91251409281584,True,3.91251409281584,0.6980354290826618,0.6980354290826618,484,0,484.0,31,2,5,"(12, 50)",23,0.023090586145648313,97.4,58.8,majority_vote,31,ATTACK,45,"(4, 28)",True,2,True,495
0,0.0,True,0.0,0.9,0.9,490,0,490.0,39,0,5,"(33, 30)",0,0.01693404634581105,89.2,44.0,majority_vote,39,ATTACK,62,"(7, 41)",False,0,False,500
12,0.0,True,0.0,0.9665421427120239,0.9724890587951003,490,0,490.0,23,0,5,"(2, 50)",0,0.023090586145648313,87.4,45.6,majority_vote,23,ATTACK,35,"(9, 32)",False,1,False,500
8,0.0,True,0.0,0.6980354290826618,0.6980354290826618,489,0,489.0,33,2,5,"(12, 50)",0,0.023131672597864767,97.4,58.8,majority_vote,33,ATTACK,47,"(4, 33)",False,2,False,500
0,0.0,True,0.0,0.9,0.9,495,0,495.0,39,0,5,"(33, 30)",0,0.016042780748663103,89.2,44.0,majority_vote,39,ATTACK,62,"(9, 38)",False,0,False,505
12,0.0,True,0.0,0.9677682171462587,0.973587986289777,495,0,495.0,23,0,5,"(2, 50)",0,0.022202486678507993,87.4,45.6,majority_vote,23,ATTACK,35,"(7, 35)",False,1,False,505
8,0.0,True,0.0,0.6994797694174866,0.7106821787180508,494,0,494.0,33,2,5,"(12, 50)",0,0.023131672597864767,97.4,58.8,majority_vote,33,ATTACK,47,"(6, 36)",False,2,False,505
0,0.0,True,0.0,0.9,0.9,500,0,500.0,39,0,5,"(33, 30)",0,0.01693404634581105,89.2,44.0,majority_vote,39,ATTACK,62,"(12, 36)",False,0,False,510
12,0.0,True,0.0,0.9693147420456409,0.9752040071403898,499,0,499.0,23,1,5,"(2, 50)",0,0.021314387211367674,87.4,45.6,majority_vote,23,ATTACK,35,"(5, 37)",False,1,False,510
8,0.0,True,0.0,0.7045738433312188,0.7281873314353553,498,0,498.0,35,3,5,"(12, 50)",0,0.021352313167259787,97.4,58.8,majority_vote,35,ATTACK,49,"(4, 38)",False,2,False,510
0,0.0,True,0.0,0.9,0.9,505,0,505.0,39,0,5,"(33, 30)",0,0.0142602495543672,89.2,44.0,majority_vote,39,ATTACK,62,"(13, 32)",False,0,False,515
12,0.0,True,0.0,0.9708207134051626,0.9764124275997782,504,0,504.0,23,1,5,"(2, 50)",0,0.020426287744227355,87.4,45.6,majority_vote,23,ATTACK,35,"(5, 42)",False,1,False,515
8,0.0,True,0.0,0.7101918813011554,0.738676332896611,501,0,501.0,36,5,5,"(12, 50)",0,0.021352313167259787,97.4,58.8,majority_vote,36,ATTACK,50,"(4, 41)",False,2,False,515
0,0.0,True,0.0,0.9,0.9,510,0,510.0,39,0,5,"(33, 30)",0,0.014692378328741965,89.2,44.0,majority_vote,39,ATTACK,62,"(16, 30)",False,0,False,520
12,0.0,True,0.0,0.9722455067869505,0.9775223839144974,509,0,509.0,23,1,5,"(2, 50)",0,0.020947176684881604,87.4,45.6,majority_vote,23,ATTACK,35,"(3, 45)",False,1,False,520
8,0.0,True,0.0,0.7166235919285274,0.7479996544445201,506,0,506.0,36,5,5,"(12, 50)",0,0.019963702359346643,97.4,58.8,majority_vote,36,ATTACK,50,"(9, 41)",False,2,False,520
0,0.0,True,0.0,0.9,0.9,515,0,515.0,39,0,5,"(33, 30)",0,0.014692378328741965,89.2,44.0,majority_vote,39,ATTACK,63,"(21, 30)",False,0,False,525
12,0.0,True,0.0,0.9735974272368911,0.9786625017689055,514,0,514.0,23,1,5,"(2, 50)",0,0.020947176684881604,87.4,45.6,majority_vote,23,ATTACK,36,"(3, 50)",False,1,False,525
8,0.0,True,0.0,0.7253064286320857,0.7589498927922315,511,0,511.0,36,5,5,"(12, 50)",0,0.020871143375680582,97.4,58.8,majority_vote,36,ATTACK,51,"(10, 45)",False,2,False,525
0,0.0,True,0.0,0.9,0.9,520,0,520.0,39,0,5,"(33, 30)",0,0.015610651974288337,89.2,44.0,majority_vote,39,ATTACK,63,"(26, 30)",False,0,False,530
20,0.0,True,0.0,0.9741385644699612,0.9793141070759471,518,0,518.0,24,1,6,"(24, 45)",0,0.022747952684258416,87.83333333333333,46.333333333333336,majority_vote,24,ATTACK,37,"(4, 49)",False,1,False,530
16,0.0,True,0.0,0.734246284237837,0.7681749016907341,516,0,516.0,36,5,5,"(12, 50)",0,0.024478694469628286,97.4,58.8,majority_vote,36,ATTACK,51,"(12, 48)",False,2,False,530
0,0.0,True,0.0,0.9,0.9,525,0,525.0,39,0,5,"(33, 30)",0,0.01652892561983471,89.2,44.0,majority_vote,39,ATTACK,63,"(31, 30)",False,0,False,535
20,0.0,True,0.0,0.9754343333510946,0.9802096859611651,523,0,523.0,24,1,6,"(24, 45)",0,0.022747952684258416,87.83333333333333,46.333333333333336,majority_vote,24,ATTACK,37,"(6, 46)",False,1,False,535
16,0.0,True,0.0,0.7395988292673725,0.7733087933808448,520,0,520.0,37,5,5,"(21, 24)",0,0.024478694469628286,97.4,58.8,majority_vote,37,ATTACK,52,"(12, 48)",False,2,False,535
0,0.0,True,0.0,0.9,0.9,529,0,529.0,40,0,6,"(24, 45)",0,0.016574585635359115,89.66666666666667,45.333333333333336,majority_vote,40,ATTACK,64,"(31, 30)",False,0,False,540
20,0.0,True,0.0,0.9766154401000101,0.9809223605017525,528,0,528.0,24,1,6,"(24, 45)",0,0.025570776255707764,87.83333333333333,46.333333333333336,majority_vote,24,ATTACK,37,"(11, 46)",False,1,False,540
16,0.0,True,0.0,0.7430908637384389,0.7761424608661945,525,0,525.0,37,5,5,"(21, 24)",0,0.024545454545454544,97.4,58.8,majority_vote,37,ATTACK,52,"(15, 46)",False,2,False,540
0,0.0,True,0.0,0.9,0.9,534,0,534.0,40,0,6,"(24, 45)",0,0.013812154696132596,89.66666666666667,45.333333333333336,majority_vote,40,ATTACK,64,"(29, 33)",False,0,False,545
20,0.0,True,0.0,0.9776873760749838,0.9815869365447356,533,0,533.0,24,1,6,"(24, 45)",0,0.021917808219178082,87.83333333333333,46.333333333333336,majority_vote,24,ATTACK,37,"(16, 46)",False,1,False,545
16,0.0,True,0.0,0.7516423463634276,0.7840173019120934,530,0,530.0,37,5,5,"(21, 24)",0,0.024545454545454544,97.4,58.8,majority_vote,37,ATTACK,52,"(15, 41)",False,2,False,545
0,0.0,True,0.0,0.9,0.9,539,0,539.0,40,0,6,"(24, 45)",0,0.012867647058823529,89.66666666666667,45.333333333333336,majority_vote,40,ATTACK,65,"(28, 37)",False,0,False,550
20,0.0,True,0.0,0.9782773203987271,0.9819326226645155,538,0,538.0,24,1,6,"(24, 45)",0,0.0182648401826484,87.83333333333333,46.333333333333336,majority_vote,24,ATTACK,38,"(20, 47)",False,1,False,550
16,0.0,True,0.0,0.7584608441921117,0.790467424655894,535,0,535.0,38,5,5,"(21, 24)",0,0.023593466424682397,97.4,58.8,majority_vote,38,ATTACK,53,"(19, 40)",False,2,False,550
0,0.0,True,0.0,0.9,0.9,544,0,544.0,40,0,6,"(24, 45)",0,0.010091743119266056,89.66666666666667,45.333333333333336,majority_vote,40,ATTACK,65,"(28, 42)",False,0,False,555
16,0.0,True,0.0,0.9791986009414126,0.9825995612252295,543,0,543.0,24,1,6,"(24, 45)",0,0.015525114155251141,87.83333333333333,46.333333333333336,majority_vote,24,ATTACK,38,"(23, 49)",False,1,False,555
12,0.0,True,0.0,0.7667596345179897,0.7981355227472501,540,0,540.0,38,5,5,"(21, 24)",0,0.019927536231884056,97.4,58.8,majority_vote,38,ATTACK,53,"(21, 37)",False,2,False,555
0,0.0,True,0.0,0.9,0.9,549,0,549.0,40,0,6,"(24, 45)",0,0.0068560235063663075,89.66666666666667,45.333333333333336,majority_vote,40,ATTACK,65,"(26, 45)",False,0,False,560
14,0.0,True,0.0,0.9634771378258852,0.964336119991874,548,0,548.0,24,1,6,"(24, 45)",0,0.013658536585365854,87.83333333333333,46.333333333333336,majority_vote,24,ATTACK,38,"(24, 45)",False,1,False,560
11,0.0,True,0.0,0.7750061635718221,0.8061698676038186,545,0,545.0,38,5,5,"(21, 24)",0,0.01953125,97.4,58.8,majority_vote,38,ATTACK,53,"(21, 32)",False,2,False,560
0,0.0,True,0.0,0.9,0.9,552,0,552.0,41,1,6,"(2, 22)",0,0.00684931506849315,89.66666666666667,45.333333333333336,majority_vote,41,ATTACK,66,"(25, 45)",False,0,False,565
28,2.078812760970152,True,2.078812760970152,0.9640078164963903,0.9666123630619549,552,0,552.0,26,1,6,"(2, 22)",28,0.015609756097560976,87.83333333333333,46.333333333333336,majority_vote,26,ATTACK,40,"(24, 49)",True,1,True,565
24,0.0,True,0.0,0.7830450578543864,0.813079987932485,550,0,550.0,38,5,5,"(21, 24)",0,0.018536585365853658,97.4,58.8,majority_vote,38,ATTACK,53,"(21, 27)",False,2,False,565
0,0.0,True,0.0,0.9,0.9,557,0,557.0,41,1,6,"(2, 22)",0,0.00684931506849315,89.66666666666667,45.333333333333336,majority_vote,41,ATTACK,66,"(27, 42)",False,0,False,570
28,2.078812760970152,True,2.078812760970152,0.964490292809306,0.967718583847585,557,0,557.0,26,1,6,"(2, 22)",28,0.015609756097560976,87.83333333333333,46.333333333333336,majority_vote,26,ATTACK,40,"(20, 48)",True,1,True,570
24,0.0,True,0.0,0.7876805214205483,0.8166962638572588,554,0,554.0,39,5,6,"(33, 8)",0,0.018536585365853658,94.83333333333333,55.0,majority_vote,39,ATTACK,54,"(22, 24)",False,2,False,570
0,0.0,True,0.0,0.9,0.9,562,0,562.0,42,1,6,"(2, 22)",0,0.0067243035542747355,89.66666666666667,45.333333333333336,majority_vote,42,ATTACK,67,"(25, 39)",False,0,False,575
28,1.7153045318220421,True,1.7153045318220421,0.964490292809306,0.967718583847585,562,0,562.0,26,1,6,"(2, 22)",28,0.01532567049808429,87.83333333333333,46.333333333333336,majority_vote,26,ATTACK,41,"(18, 45)",True,1,True,575
24,0.0,True,0.0,0.7936884724173061,0.8220351037103586,559,0,559.0,39,5,6,"(33, 8)",0,0.018199233716475097,94.83333333333333,55.0,majority_vote,39,ATTACK,55,"(26, 25)",False,2,False,575
0,0.0,True,0.0,0.9,0.9,567,0,567.0,42,1,6,"(2, 22)",0,0.006505576208178439,89.66666666666667,45.333333333333336,majority_vote,42,ATTACK,67,"(23, 36)",False,0,False,580
28,1.7153045318220421,True,1.7153045318220421,0.9648337369227086,0.968113938030008,567,0,567.0,26,1,6,"(2, 22)",28,0.014828544949026877,87.83333333333333,46.333333333333336,majority_vote,26,ATTACK,41,"(13, 45)",True,1,True,580
24,0.0,True,0.0,0.7995872317995684,0.827333909398019,564,0,564.0,39,5,6,"(33, 8)",0,0.014828544949026877,94.83333333333333,55.0,majority_vote,39,ATTACK,55,"(29, 23)",False,2,False,580
0,0.0,True,0.0,0.9,0.9,572,0,572.0,42,1,6,"(2, 22)",0,0.006323396567299007,89.66666666666667,45.333333333333336,majority_vote,42,ATTACK,67,"(23, 31)",False,0,False,585
28,1.7153045318220421,True,1.7153045318220421,0.965008141378902,0.9683218260465773,572,0,572.0,26,1,6,"(2, 22)",28,0.014414414414414415,87.83333333333333,46.333333333333336,majority_vote,26,ATTACK,41,"(10, 43)",True,1,True,585
24,0.0,True,0.0,0.7995872317995684,0.827333909398019,569,0,569.0,39,5,6,"(33, 8)",0,0.014414414414414415,94.83333333333333,55.0,majority_vote,39,ATTACK,55,"(29, 18)",False,2,False,585
0,0.0,True,0.0,0.9,0.9,577,0,577.0,42,1,6,"(2, 22)",0,0.006227758007117438,89.66666666666667,45.333333333333336,majority_vote,42,ATTACK,67,"(20, 29)",False,0,False,590
28,1.7153045318220421,True,1.7153045318220421,0.9659075033378725,0.9694207223497555,577,0,577.0,26,1,6,"(2, 22)",28,0.01419698314108252,87.83333333333333,46.333333333333336,majority_vote,26,ATTACK,41,"(8, 40)",True,1,True,590
24,0.0,True,0.0,0.7995872317995684,0.827333909398019,574,0,574.0,39,5,6,"(33, 8)",0,0.01419698314108252,94.83333333333333,55.0,majority_vote,39,ATTACK,55,"(29, 13)",False,2,False,590
0,0.0,True,0.0,0.9,0.9,582,0,582.0,42,1,6,"(2, 22)",0,0.006227758007117438,89.66666666666667,45.333333333333336,majority_vote,42,ATTACK,67,"(15, 29)",False,0,False,595
28,1.7153045318220421,True,1.7153045318220421,0.9666598632720145,0.9702698808913874,582,0,582.0,26,1,6,"(2, 22)",28,0.01419698314108252,87.83333333333333,46.333333333333336,majority_vote,26,ATTACK,41,"(7, 36)",True,1,True,595
24,0.0,True,0.0,0.7995872317995684,0.827333909398019,579,0,579.0,39,5,6,"(33, 8)",0,0.01419698314108252,94.83333333333333,55.0,majority_vote,39,ATTACK,55,"(29, 8)",False,2,False,595
0,0.0,True,0.0,0.9,0.9,587,0,587.0,43,1,6,"(2, 22)",0,0.03469750889679715,89.66666666666667,45.333333333333336,majority_vote,43,ATTACK,68,"(12, 27)",False,0,False,600
34,0.3041020787604225,True,0.3041020787604225,0.9676323140256422,0.9715013081002892,587,0,587.0,27,1,6,"(2, 22)",0,0.03371783496007098,87.83333333333333,46.333333333333336,majority_vote,27,ATTACK,42,"(7, 31)",False,1,False,600
30,0.0,True,0.0,0.7995872317995684,0.827333909398019,583,0,583.0,40,5,6,"(2, 41)",0,0.03637976929902396,94.83333333333333,55.0,majority_vote,40,ATTACK,57,"(33, 8)",False,2,False,600
0,0.0,True,0.0,0.9,0.9,592,0,592.0,43,1,6,"(2, 22)",0,0.028444444444444446,89.66666666666667,45.333333333333336,majority_vote,43,ATTACK,68,"(11, 23)",False,0,False,605
24,0.34639900497858633,True,0.34639900497858633,0.9684977335032043,0.9727411968075664,592,0,592.0,27,1,6,"(2, 22)",24,0.030141843971631204,87.83333333333333,46.333333333333336,majority_vote,27,ATTACK,42,"(6, 27)",True,1,True,605
27,0.0,True,0.0,0.7995872317995684,0.827333909398019,588,0,588.0,40,5,6,"(2, 41)",0,0.03546099290780142,94.83333333333333,55.0,majority_vote,40,ATTACK,57,"(29, 9)",False,2,False,605
0,0.0,True,0.0,0.9,0.9,597,0,597.0,43,1,6,"(2, 22)",0,0.028444444444444446,89.66666666666667,45.333333333333336,majority_vote,43,ATTACK,68,"(6, 23)",False,0,False,610
11,0.0,True,0.0,0.9696626679763029,0.9742055432633236,597,0,597.0,27,1,6,"(2, 22)",0,0.030141843971631204,87.83333333333333,46.333333333333336,majority_vote,27,ATTACK,42,"(5, 23)",False,1,False,610
18,0.0,True,0.0,0.7995872317995684,0.827333909398019,593,0,593.0,40,5,6,"(2, 41)",0,0.03546099290780142,94.83333333333333,55.0,majority_vote,40,ATTACK,57,"(28, 13)",False,2,False,610
0,0.0,True,0.0,0.9,0.9,601,0,601.0,43,2,6,"(2, 22)",0,0.028419182948490232,89.66666666666667,45.333333333333336,majority_vote,43,ATTACK,68,"(2, 23)",False,0,False,615
11,0.0,True,0.0,0.9706652612875591,0.9755694890900423,601,0,601.0,28,1,7,"(15, 2)",0,0.030115146147032774,87.85714285714286,47.42857142857143,majority_vote,28,ATTACK,43,"(2, 22)",False,1,False,615
12,0.0,True,0.0,0.7995872317995684,0.827333909398019,598,0,598.0,40,5,6,"(2, 41)",0,0.0354295837023915,94.83333333333333,55.0,majority_vote,40,ATTACK,57,"(28, 18)",False,2,False,615
0,0.0,True,0.0,0.9,0.9,604,0,604.0,44,3,7,"(2, 41)",0,0.028419182948490232,88.28571428571429,46.57142857142857,majority_vote,44,ATTACK,69,"(3, 23)",False,0,False,620
11,0.0,True,0.0,0.9719820435312058,0.976945015166823,606,0,606.0,28,1,7,"(15, 2)",0,0.029229406554472984,87.85714285714286,47.42857142857143,majority_vote,28,ATTACK,43,"(5, 20)",False,1,False,620
12,0.0,True,0.0,0.7995872317995684,0.827333909398019,603,0,603.0,40,5,6,"(2, 41)",0,0.0354295837023915,94.83333333333333,55.0,majority_vote,40,ATTACK,57,"(28, 23)",False,2,False,620
0,0.0,True,0.0,0.9,0.9,609,0,609.0,44,3,7,"(2, 41)",0,0.027531083481349913,88.28571428571429,46.57142857142857,majority_vote,44,ATTACK,70,"(3, 28)",False,0,False,625
11,0.0,True,0.0,0.9732811104801454,0.9781553850672164,611,0,611.0,28,1,7,"(15, 2)",0,0.0283436669619132,87.85714285714286,47.42857142857143,majority_vote,28,ATTACK,44,"(10, 20)",False,1,False,625
11,0.0,True,0.0,0.7995872317995684,0.827333909398019,608,0,608.0,41,5,6,"(2, 41)",0,0.03365810451727192,94.83333333333333,55.0,majority_vote,41,ATTACK,58,"(26, 26)",False,2,False,625
0,0.0,True,0.0,0.9,0.9,614,0,614.0,44,3,7,"(2, 41)",0,0.02664298401420959,88.28571428571429,46.57142857142857,majority_vote,44,ATTACK,70,"(3, 33)",False,0,False,630
11,0.0,True,0.0,0.9745179278386377,0.9791118908537776,616,0,616.0,28,1,7,"(15, 2)",0,0.02745792736935341,87.85714285714286,47.42857142857143,majority_vote,28,ATTACK,44,"(14, 19)",False,1,False,630
11,0.0,True,0.0,0.7995872317995684,0.827333909398019,613,0,613.0,41,5,6,"(2, 41)",0,0.03277236492471213,94.83333333333333,55.0,majority_vote,41,ATTACK,58,"(23, 28)",False,2,False,630
0,0.0,True,0.0,0.9,0.9,619,0,619.0,44,3,7,"(2, 41)",0,0.02486678507992895,88.28571428571429,46.57142857142857,majority_vote,44,ATTACK,70,"(3, 38)",False,0,False,635
11,0.0,True,0.0,0.9745179278386377,0.9791118908537776,621,0,621.0,28,1,7,"(15, 2)",0,0.02745792736935341,87.85714285714286,47.42857142857143,majority_vote,28,ATTACK,44,"(14, 14)",False,1,False,635
11,0.0,True,0.0,0.7995872317995684,0.827333909398019,618,0,618.0,41,5,6,"(2, 41)",0,0.03188662533215235,94.83333333333333,55.0,majority_vote,41,ATTACK,58,"(21, 31)",False,2,False,635
0,0.0,True,0.0,0.9,0.9,623,0,623.0,45,3,7,"(15, 2)",0,0.023978685612788632,88.28571428571429,46.57142857142857,majority_vote,45,ATTACK,71,"(2, 41)",False,0,False,640
11,0.0,True,0.0,0.9745179278386377,0.9791118908537776,626,0,626.0,28,1,7,"(15, 2)",0,0.0283436669619132,87.85714285714286,47.42857142857143,majority_vote,28,ATTACK,44,"(15, 10)",False,1,False,640
11,0.0,True,0.0,0.8024786063572843,0.8297855142569294,623,0,623.0,41,5,6,"(2, 41)",0,0.03100088573959256,94.83333333333333,55.0,majority_vote,41,ATTACK,58,"(20, 35)",False,2,False,640
0,0.0,True,0.0,0.9,0.9,628,0,628.0,46,3,7,"(15, 2)",0,0.022143489813994686,88.28571428571429,46.57142857142857,majority_vote,46,ATTACK,73,"(3, 37)",False,0,False,645
11,0.0,True,0.0,0.9745179278386377,0.9791118908537776,631,0,631.0,28,1,7,"(15, 2)",0,0.028268551236749116,87.85714285714286,47.42857142857143,majority_vote,28,ATTACK,44,"(15, 5)",False,1,False,645
11,0.0,True,0.0,0.8039025743089445,0.8309579653904894,628,0,628.0,41,5,6,"(2, 41)",0,0.029151943462897525,94.83333333333333,55.0,majority_vote,41,ATTACK,58,"(16, 36)",False,2,False,645
0,0.0,True,0.0,0.9,0.9,633,0,633.0,46,3,7,"(15, 2)",0,0.019434628975265017,88.28571428571429,46.57142857142857,majority_vote,46,ATTACK,74,"(5, 34)",False,0,False,650
11,0.0,True,0.0,0.9745179278386377,0.9791118908537776,635,0,635.0,29,1,7,"(2, 41)",0,0.02907488986784141,87.85714285714286,47.42857142857143,majority_vote,29,ATTACK,46,"(14, 2)",False,1,False,650
11,0.0,True,0.0,0.8095019432802966,0.8361809043762704,633,0,633.0,41,5,6,"(2, 41)",0,0.02378854625550661,94.83333333333333,55.0,majority_vote,41,ATTACK,59,"(11, 36)",False,2,False,650
0,0.0,True,0.0,0.9,0.9,638,0,638.0,46,3,7,"(15, 2)",0,0.019434628975265017,88.28571428571429,46.57142857142857,majority_vote,46,ATTACK,74,"(5, 29)",False,0,False,655
11,0.0,True,0.0,0.9745179278386377,0.9791118908537776,640,0,640.0,29,1,7,"(2, 41)",0,0.02907488986784141,87.85714285714286,47.42857142857143,majority_vote,29,ATTACK,46,"(14, 7)",False,1,False,655
11,0.0,True,0.0,0.8167476090064207,0.8446099386944574,638,0,638.0,41,5,6,"(2, 41)",0,0.02290748898678414,94.83333333333333,55.0,majority_vote,41,ATTACK,59,"(6, 36)",False,2,False,655
0,0.0,True,0.0,0.9,0.9,643,0,643.0,46,3,7,"(15, 2)",0,0.020335985853227233,88.28571428571429,46.57142857142857,majority_vote,46,ATTACK,74,"(7, 26)",False,0,False,660
11,0.0,True,0.0,0.9745179278386377,0.9791118908537776,645,0,645.0,29,1,7,"(2, 41)",0,0.02907488986784141,87.85714285714286,47.42857142857143,majority_vote,29,ATTACK,46,"(14, 12)",False,1,False,660
11,0.0,True,0.0,0.8241126411058527,0.8519891826140702,643,0,643.0,41,5,6,"(2, 41)",0,0.02290748898678414,94.83333333333333,55.0,majority_vote,41,ATTACK,59,"(5, 40)",False,2,False,660
0,0.0,True,0.0,0.9,0.9,648,0,648.0,46,3,7,"(15, 2)",0,0.020335985853227233,88.28571428571429,46.57142857142857,majority_vote,46,ATTACK,74,"(8, 22)",False,0,False,665
11,0.0,True,0.0,0.9745179278386377,0.9791118908537776,650,0,650.0,29,1,7,"(2, 41)",0,0.028193832599118944,87.85714285714286,47.42857142857143,majority_vote,29,ATTACK,46,"(14, 17)",False,1,False,665
11,0.0,True,0.0,0.8313877051632703,0.8595431384928979,647,0,647.0,42,5,7,"(33, 50)",0,0.02290748898678414,95.0,56.42857142857143,majority_vote,42,ATTACK,60,"(2, 41)",False,2,False,665
0,0.0,True,0.0,0.9,0.9,653,0,653.0,46,3,7,"(15, 2)",0,0.019451812555260833,88.28571428571429,46.57142857142857,majority_vote,46,ATTACK,74,"(13, 22)",False,0,False,670
11,0.0,True,0.0,0.975244806058137,0.9798725480780938,655,0,655.0,29,1,7,"(2, 41)",0,0.02643171806167401,87.85714285714286,47.42857142857143,majority_vote,29,ATTACK,46,"(12, 20)",False,1,False,670
11,0.0,True,0.0,0.8313877051632703,0.8595431384928979,652,0,652.0,42,5,7,"(33, 50)",0,0.022026431718061675,95.0,56.42857142857143,majority_vote,42,ATTACK,60,"(7, 41)",False,2,False,670
0,0.0,True,0.0,0.9,0.9,658,0,658.0,46,3,7,"(15, 2)",0,0.015030946065428824,88.28571428571429,46.57142857142857,majority_vote,46,ATTACK,75,"(15, 19)",False,0,False,675
11,0.0,True,0.0,0.97645674536805,0.9810205649724653,660,0,660.0,30,1,7,"(2, 41)",0,0.02643171806167401,87.85714285714286,47.42857142857143,majority_vote,30,ATTACK,47,"(8, 21)",False,1,False,675
11,0.0,True,0.0,0.8313877051632703,0.8595431384928979,657,0,657.0,43,5,7,"(33, 50)",0,0.021145374449339206,95.0,56.42857142857143,majority_vote,43,ATTACK,61,"(9, 44)",False,2,False,675
0,0.0,True,0.0,0.9,0.9,663,0,663.0,46,3,7,"(15, 2)",0,0.01520572450805009,88.28571428571429,46.57142857142857,majority_vote,46,ATTACK,75,"(15, 14)",False,0,False,680
8,0.0,True,0.0,0.9775953775241516,0.9817816361843813,665,0,665.0,30,1,7,"(2, 41)",0,0.026785714285714284,87.85714285714286,47.42857142857143,majority_vote,30,ATTACK,47,"(7, 25)",False,1,False,680
8,0.0,True,0.0,0.8313877051632703,0.8595431384928979,662,0,662.0,43,5,7,"(33, 50)",0,0.020554066130473638,95.0,56.42857142857143,majority_vote,43,ATTACK,61,"(12, 46)",False,2,False,680
0,0.0,True,0.0,0.9,0.9,668,0,668.0,46,3,7,"(15, 2)",0,0.01520572450805009,88.28571428571429,46.57142857142857,majority_vote,46,ATTACK,75,"(15, 9)",False,0,False,685
8,0.0,True,0.0,0.9786620885188747,0.9826482274847655,670,0,670.0,30,1,7,"(2, 41)",0,0.026785714285714284,87.85714285714286,47.42857142857143,majority_vote,30,ATTACK,47,"(7, 30)",False,1,False,685
8,0.0,True,0.0,0.8313877051632703,0.8595431384928979,667,0,667.0,43,5,7,"(33, 50)",0,0.020554066130473638,95.0,56.42857142857143,majority_vote,43,ATTACK,61,"(16, 47)",False,2,False,685
0,0.0,True,0.0,0.9,0.9,673,0,673.0,46,3,7,"(15, 2)",0,0.01520572450805009,88.28571428571429,46.57142857142857,majority_vote,46,ATTACK,75,"(15, 4)",False,0,False,690
8,0.0,True,0.0,0.9796868207865771,0.9834893046993759,675,0,675.0,30,1,7,"(2, 41)",0,0.026785714285714284,87.85714285714286,47.42857142857143,majority_vote,30,ATTACK,47,"(5, 33)",False,1,False,690
8,0.0,True,0.0,0.8313877051632703,0.8595431384928979,672,0,672.0,43,5,7,"(33, 50)",0,0.022341376228775692,95.0,56.42857142857143,majority_vote,43,ATTACK,61,"(19, 49)",False,2,False,690
0,0.0,True,0.0,0.9,0.9,677,0,677.0,47,3,8,"(33, 50)",0,0.01520572450805009,86.625,47.375,majority_vote,47,ATTACK,76,"(15, 4)",False,0,False,695
8,0.0,True,0.0,0.9806561638800713,0.9842516563444222,680,0,680.0,30,1,7,"(2, 41)",0,0.026785714285714284,87.85714285714286,47.42857142857143,majority_vote,30,ATTACK,47,"(4, 37)",False,1,False,695
8,0.0,True,0.0,0.8313877051632703,0.8595431384928979,677,0,677.0,43,5,7,"(33, 50)",0,0.022341376228775692,95.0,56.42857142857143,majority_vote,43,ATTACK,61,"(23, 50)",False,2,False,695
0,0.0,True,0.0,0.9,0.9,682,0,682.0,51,3,8,"(33, 50)",0,0.014375561545372867,86.625,47.375,majority_vote,51,ATTACK,80,"(15, 9)",False,0,False,700
8,0.0,True,0.0,0.9815620176170751,0.9848968277882212,685,0,685.0,30,1,7,"(2, 41)",0,0.02423698384201077,87.85714285714286,47.42857142857143,majority_vote,30,ATTACK,48,"(3, 41)",False,1,False,700
6,0.0,True,0.0,0.5954155913422798,0.5954155913422798,682,0,682.0,43,5,7,"(33, 50)",0,0.019748653500897665,95.0,56.42857142857143,majority_vote,43,ATTACK,62,"(28, 50)",False,2,False,700
0,0.0,True,0.0,0.9,0.9,687,0,687.0,52,3,8,"(33, 50)",0,0.014375561545372867,86.625,47.375,majority_vote,52,ATTACK,81,"(15, 14)",False,0,False,705
8,0.0,True,0.0,0.9819082537348955,0.9852224925225576,689,0,689.0,31,1,8,"(13, 15)",0,0.02423698384201077,87.75,48.125,majority_vote,31,ATTACK,49,"(4, 40)",False,1,False,705
6,0.0,True,0.0,0.5954155913422798,0.5954155913422798,687,0,687.0,43,5,7,"(33, 50)",0,0.019748653500897665,95.0,56.42857142857143,majority_vote,43,ATTACK,62,"(33, 50)",False,2,False,705
0,0.0,True,0.0,0.9,0.9,692,0,692.0,52,3,8,"(33, 50)",0,0.01436265709156194,86.625,47.375,majority_vote,52,ATTACK,81,"(16, 18)",False,0,False,710
8,0.0,True,0.0,0.9819082537348955,0.9852224925225576,694,0,694.0,31,1,8,"(13, 15)",0,0.0242152466367713,87.75,48.125,majority_vote,31,ATTACK,49,"(5, 36)",False,1,False,710
6,0.0,True,0.0,0.5954155913422798,0.5954155913422798,691,0,691.0,44,5,7,"(12, 50)",0,0.02062780269058296,95.0,56.42857142857143,majority_vote,44,ATTACK,63,"(29, 50)",False,2,False,710
0,0.0,True,0.0,0.9,0.9,697,0,697.0,52,3,8,"(33, 50)",0,0.01436265709156194,86.625,47.375,majority_vote,52,ATTACK,81,"(16, 23)",False,0,False,715
13,0.0,True,0.0,0.9822491968270599,0.9854697101109725,699,0,699.0,32,1,8,"(13, 15)",0,0.023318385650224215,87.75,48.125,majority_vote,32,ATTACK,50,"(7, 33)",False,1,False,715
11,0.0,True,0.0,0.5954155913422798,0.5954155913422798,696,0,696.0,44,5,7,"(12, 50)",0,0.02062780269058296,95.0,56.42857142857143,majority_vote,44,ATTACK,63,"(25, 49)",False,2,False,715
0,0.0,True,0.0,0.9,0.9,702,0,702.0,52,3,8,"(33, 50)",0,0.01436265709156194,86.625,47.375,majority_vote,52,ATTACK,81,"(18, 26)",False,0,False,720
13,0.0,True,0.0,0.9824156128938423,0.9855775181627062,704,0,704.0,32,1,8,"(13, 15)",0,0.02062780269058296,87.75,48.125,majority_vote,32,ATTACK,50,"(9, 30)",False,1,False,720
11,0.0,True,0.0,0.5954155913422798,0.5954155913422798,701,0,701.0,44,5,7,"(12, 50)",0,0.02062780269058296,95.0,56.42857142857143,majority_vote,44,ATTACK,63,"(20, 49)",False,2,False,720
0,0.0,True,0.0,0.9,0.9,707,0,707.0,53,3,8,"(33, 50)",0,0.013464991023339317,86.625,47.375,majority_vote,53,ATTACK,82,"(18, 31)",False,0,False,725
12,0.0,True,0.0,0.946935478923345,0.946935478923345,709,0,709.0,33,1,8,"(13, 15)",0,0.019730941704035873,87.75,48.125,majority_vote,33,ATTACK,51,"(10, 26)",False,1,False,725
11,0.0,True,0.0,0.5954155913422798,0.5954155913422798,706,0,706.0,44,5,7,"(12, 50)",0,0.019730941704035873,95.0,56.42857142857143,majority_vote,44,ATTACK,64,"(16, 50)",False,2,False,725
0,0.0,True,0.0,0.9,0.9,712,0,712.0,53,3,8,"(33, 50)",0,0.013464991023339317,86.625,47.375,majority_vote,53,ATTACK,82,"(20, 34)",False,0,False,730
8,0.0,True,0.0,0.6207280680143371,0.6293899217305712,714,0,714.0,33,1,8,"(13, 15)",0,0.019730941704035873,87.75,48.125,majority_vote,33,ATTACK,51,"(10, 21)",False,1,False,730
11,0.0,True,0.0,0.5954155913422798,0.5954155913422798,710,0,710.0,45,5,8,"(13, 15)",0,0.01883408071748879,91.25,52.375,majority_vote,45,ATTACK,65,"(12, 50)",False,2,False,730
0,0.0,True,0.0,0.9,0.9,717,0,717.0,53,3,8,"(33, 50)",0,0.013464991023339317,86.625,47.375,majority_vote,53,ATTACK,82,"(24, 35)",False,0,False,735
8,0.0,True,0.0,0.6249313632375504,0.6452331964849501,719,0,719.0,33,1,8,"(13, 15)",0,0.019730941704035873,87.75,48.125,majority_vote,33,ATTACK,51,"(14, 20)",False,1,False,735
11,0.0,True,0.0,0.5954155913422798,0.5954155913422798,715,0,715.0,45,5,8,"(13, 15)",0,0.01883408071748879,91.25,52.375,majority_vote,45,ATTACK,65,"(12, 45)",False,2,False,735
0,0.0,True,0.0,0.9,0.9,722,0,722.0,53,3,8,"(33, 50)",0,0.011669658886894075,86.625,47.375,majority_vote,53,ATTACK,82,"(24, 40)",False,0,False,740
6,0.0,True,0.0,0.6316955477404298,0.6605263360552641,724,0,724.0,33,1,8,"(13, 15)",0,0.016143497757847534,87.75,48.125,majority_vote,33,ATTACK,51,"(14, 15)",False,1,False,740
9,0.0,True,0.0,0.5958518072574946,0.601373391786432,720,0,720.0,45,5,8,"(13, 15)",0,0.014349775784753363,91.25,52.375,majority_vote,45,ATTACK,65,"(12, 40)",False,2,False,740
0,0.0,True,0.0,0.9,0.9,727,0,727.0,53,3,8,"(33, 50)",0,0.011669658886894075,86.625,47.375,majority_vote,53,ATTACK,82,"(27, 42)",False,0,False,745
6,0.0,True,0.0,0.6349422886492012,0.6664560006324943,728,0,728.0,34,1,8,"(12, 50)",0,0.016143497757847534,87.75,48.125,majority_vote,34,ATTACK,52,"(14, 17)",False,1,False,745
9,0.0,True,0.0,0.5993386292264438,0.6173657121486427,725,0,725.0,45,5,8,"(13, 15)",0,0.015246636771300448,91.25,52.375,majority_vote,45,ATTACK,65,"(12, 35)",False,2,False,745
0,0.0,True,0.0,0.9,0.9,732,0,732.0,53,3,8,"(33, 50)",0,0.03231597845601436,86.625,47.375,majority_vote,53,ATTACK,83,"(28, 46)",False,0,False,750
1,0.0,True,0.0,0.6349422886492012,0.6664560006324943,733,0,733.0,35,1,8,"(12, 50)",0,0.028699551569506727,87.75,48.125,majority_vote,35,ATTACK,53,"(13, 21)",False,1,False,750
6,0.0,True,0.0,0.6041530989312408,0.6298462413046947,730,0,730.0,45,5,8,"(13, 15)",0,0.03228699551569507,91.25,52.375,majority_vote,45,ATTACK,66,"(15, 33)",False,2,False,750
0,0.0,True,0.0,0.9,0.9,737,0,737.0,53,3,8,"(33, 50)",0,0.03228699551569507,86.625,47.375,majority_vote,53,ATTACK,83,"(32, 47)",False,0,False,755
16,2.0490791702335827,True,2.0490791702335827,0.6349422886492012,0.6664560006324943,738,0,738.0,36,1,8,"(12, 50)",0,0.025112107623318385,87.75,48.125,majority_vote,36,ATTACK,54,"(12, 25)",False,1,False,755
21,0.0,True,0.0,0.6041530989312408,0.6298462413046947,735,0,735.0,45,5,8,"(13, 15)",0,0.029596412556053813,91.25,52.375,majority_vote,45,ATTACK,66,"(15, 28)",False,2,False,755
0,0.0,True,0.0,0.9,0.9,741,0,741.0,54,3,8,"(13, 15)",0,0.03228699551569507,86.625,47.375,majority_vote,54,ATTACK,84,"(33, 50)",False,0,False,760
16,2.0490791702335827,True,2.0490791702335827,0.6349422886492012,0.6664560006324943,743,0,743.0,36,1,8,"(12, 50)",0,0.025112107623318385,87.75,48.125,majority_vote,36,ATTACK,54,"(9, 27)",False,1,False,760
21,0.0,True,0.0,0.6041530989312408,0.6298462413046947,740,0,740.0,45,5,8,"(13, 15)",0,0.02780269058295964,91.25,52.375,majority_vote,45,ATTACK,66,"(14, 24)",False,2,False,760
0,0.0,True,0.0,0.9,0.9,746,0,746.0,54,3,8,"(13, 15)",0,0.03228699551569507,86.625,47.375,majority_vote,54,ATTACK,84,"(30, 48)",False,0,False,765
16,2.0490791702335827,True,2.0490791702335827,0.6349422886492012,0.6664560006324943,748,0,748.0,38,1,8,"(12, 50)",0,0.02242152466367713,87.75,48.125,majority_vote,38,ATTACK,56,"(5, 28)",False,1,False,765
21,0.0,True,0.0,0.6041530989312408,0.6298462413046947,745,0,745.0,45,5,8,"(13, 15)",0,0.02600896860986547,91.25,52.375,majority_vote,45,ATTACK,66,"(14, 19)",False,2,False,765
0,0.0,True,0.0,0.9,0.9,751,0,751.0,54,3,8,"(13, 15)",0,0.028699551569506727,86.625,47.375,majority_vote,54,ATTACK,84,"(28, 45)",False,0,False,770
16,2.0490791702335827,True,2.0490791702335827,0.6349422886492012,0.6664560006324943,753,0,753.0,39,1,8,"(12, 50)",0,0.019730941704035873,87.75,48.125,majority_vote,39,ATTACK,57,"(10, 28)",False,1,False,770
21,0.0,True,0.0,0.6041530989312408,0.6298462413046947,750,0,750.0,45,5,8,"(13, 15)",0,0.02600896860986547,91.25,52.375,majority_vote,45,ATTACK,66,"(13, 15)",False,2,False,770
0,0.0,True,0.0,0.9,0.9,756,0,756.0,55,3,8,"(13, 15)",0,0.02600896860986547,86.625,47.375,majority_vote,55,ATTACK,85,"(27, 41)",False,0,False,775
16,1.705824259119126,True,1.705824259119126,0.6349422886492012,0.6664560006324943,758,0,758.0,40,1,8,"(12, 50)",0,0.017040358744394617,87.75,48.125,majority_vote,40,ATTACK,58,"(12, 29)",False,1,False,775
21,0.0,True,0.0,0.6041530989312408,0.6298462413046947,754,0,754.0,47,5,8,"(2, 50)",0,0.023318385650224215,91.25,52.375,majority_vote,47,ATTACK,68,"(14, 18)",False,2,False,775
0,0.0,True,0.0,0.9,0.9,761,0,761.0,56,3,8,"(13, 15)",0,0.023318385650224215,86.625,47.375,majority_vote,56,ATTACK,86,"(29, 38)",False,0,False,780
16,1.705824259119126,True,1.705824259119126,0.6349422886492012,0.6664560006324943,763,0,763.0,40,1,8,"(12, 50)",0,0.016143497757847534,87.75,48.125,majority_vote,40,ATTACK,58,"(12, 34)",False,1,False,780
21,0.0,True,0.0,0.6041530989312408,0.6298462413046947,759,0,759.0,47,5,8,"(2, 50)",0,0.021524663677130046,91.25,52.375,majority_vote,47,ATTACK,68,"(13, 22)",False,2,False,780
0,0.0,True,0.0,0.9,0.9,766,0,766.0,56,3,8,"(13, 15)",0,0.021524663677130046,86.625,47.375,majority_vote,56,ATTACK,86,"(26, 36)",False,0,False,785
16,1.705824259119126,True,1.705824259119126,0.6349422886492012,0.6664560006324943,768,0,768.0,40,1,8,"(12, 50)",0,0.013452914798206279,87.75,48.125,majority_vote,40,ATTACK,58,"(12, 39)",False,1,False,785
19,0.0,True,0.0,0.6041530989312408,0.6298462413046947,764,0,764.0,47,5,8,"(2, 50)",0,0.02062780269058296,91.25,52.375,majority_vote,47,ATTACK,68,"(13, 27)",False,2,False,785
0,0.0,True,0.0,0.9,0.9,771,0,771.0,56,3,8,"(13, 15)",0,0.021524663677130046,86.625,47.375,majority_vote,56,ATTACK,86,"(23, 34)",False,0,False,790
12,0.0,False,0.0,0.3188507202344768,0.3188507202344768,773,0,773.0,40,1,8,"(12, 50)",0,0.012556053811659192,87.75,48.125,majority_vote,40,ATTACK,61,"(12, 44)",False,1,False,790
25,0.0,True,0.0,0.6041530989312408,0.6298462413046947,769,0,769.0,47,5,8,"(2, 50)",0,0.019730941704035873,91.25,52.375,majority_vote,47,ATTACK,68,"(13, 32)",False,2,False,790
0,0.0,True,0.0,0.9,0.9,776,0,776.0,56,3,8,"(13, 15)",0,0.017937219730941704,86.625,47.375,majority_vote,56,ATTACK,86,"(21, 31)",False,0,False,795
7,0.0,False,0.0,0.24425303852793578,0.24425303852793578,778,0,778.0,40,1,8,"(12, 50)",0,0.010762331838565023,87.75,48.125,majority_vote,40,ATTACK,61,"(12, 49)",False,1,False,795
25,0.0,True,0.0,0.6070599884529547,0.6352733523933903,774,0,774.0,47,5,8,"(2, 50)",0,0.01883408071748879,91.25,52.375,majority_vote,47,ATTACK,68,"(12, 36)",False,2,False,795
0,0.0,True,0.0,0.9,0.9,781,0,781.0,56,3,8,"(13, 15)",0,0.012556053811659192,86.625,47.375,majority_vote,56,ATTACK,87,"(19, 28)",False,0,False,800
7,0.0,False,0.0,0.24425303852793578,0.24425303852793578,782,0,782.0,41,1,9,"(21, 24)",0,0.009865470852017937,88.55555555555556,48.888888888888886,majority_vote,41,ATTACK,63,"(12, 47)",False,1,False,800
25,0.0,True,0.0,0.6070599884529547,0.6352733523933903,779,0,779.0,48,5,8,"(2, 50)",0,0.015246636771300448,91.25,52.375,majority_vote,48,ATTACK,69,"(8, 37)",False,2,False,800
0,0.0,True,0.0,0.9,0.9,786,0,786.0,56,3,8,"(13, 15)",0,0.011659192825112108,86.625,47.375,majority_vote,56,ATTACK,87,"(16, 26)",False,0,False,805
7,0.0,False,0.0,0.24425303852793578,0.24425303852793578,787,0,787.0,41,1,9,"(21, 24)",0,0.009865470852017937,88.55555555555556,48.888888888888886,majority_vote,41,ATTACK,63,"(13, 43)",False,1,False,805
25,0.0,True,0.0,0.6070599884529547,0.6352733523933903,784,0,784.0,48,5,8,"(2, 50)",0,0.015246636771300448,91.25,52.375,majority_vote,48,ATTACK,69,"(7, 41)",False,2,False,805
0,0.0,True,0.0,0.9,0.9,791,0,791.0,56,3,8,"(13, 15)",0,0.011659192825112108,86.625,47.375,majority_vote,56,ATTACK,87,"(15, 22)",False,0,False,810
6,0.0,False,0.0,0.24425303852793578,0.24425303852793578,792,0,792.0,41,1,9,"(21, 24)",0,0.009865470852017937,88.55555555555556,48.888888888888886,majority_vote,41,ATTACK,63,"(13, 38)",False,1,False,810
24,0.0,True,0.0,0.6070599884529547,0.6352733523933903,789,0,789.0,48,5,8,"(2, 50)",0,0.015246636771300448,91.25,52.375,majority_vote,48,ATTACK,69,"(4, 43)",False,2,False,810
0,0.0,True,0.0,0.9,0.9,796,0,796.0,56,3,8,"(13, 15)",0,0.011659192825112108,86.625,47.375,majority_vote,56,ATTACK,87,"(15, 17)",False,0,False,815
6,0.0,False,0.0,0.24691697058078188,0.26681109448524615,797,0,797.0,41,1,9,"(21, 24)",0,0.009865470852017937,88.55555555555556,48.888888888888886,majority_vote,41,ATTACK,63,"(13, 33)",False,1,False,815
24,0.0,True,0.0,0.6070599884529547,0.6352733523933903,794,0,794.0,48,5,8,"(2, 50)",0,0.014349775784753363,91.25,52.375,majority_vote,48,ATTACK,69,"(3, 47)",False,2,False,815
0,0.0,True,0.0,0.9,0.9,800,0,800.0,57,3,9,"(12, 50)",0,0.011659192825112108,91.11111111111111,48.77777777777778,majority_vote,57,ATTACK,88,"(13, 15)",False,0,False,820
6,0.0,False,0.0,0.25584717899600296,0.29826738218328175,802,0,802.0,41,1,9,"(21, 24)",0,0.009865470852017937,88.55555555555556,48.888888888888886,majority_vote,41,ATTACK,63,"(13, 28)",False,1,False,820
24,0.0,True,0.0,0.6070599884529547,0.6352733523933903,798,0,798.0,49,5,9,"(33, 30)",0,0.014349775784753363,91.11111111111111,52.0,majority_vote,49,ATTACK,70,"(2, 50)",False,2,False,820
0,0.0,True,0.0,0.9,0.9,805,0,805.0,57,3,9,"(12, 50)",0,0.011659192825112108,91.11111111111111,48.77777777777778,majority_vote,57,ATTACK,89,"(14, 19)",False,0,False,825
4,0.0,False,0.0,0.26803127183286707,0.3065175580123085,807,0,807.0,41,1,9,"(21, 24)",0,0.010762331838565023,88.55555555555556,48.888888888888886,majority_vote,41,ATTACK,64,"(14, 24)",False,1,False,825
24,0.0,True,0.0,0.6070599884529547,0.6352733523933903,803,0,803.0,50,5,9,"(33, 30)",0,0.014349775784753363,91.11111111111111,52.0,majority_vote,50,ATTACK,71,"(4, 47)",False,2,False,825
0,0.0,True,0.0,0.9,0.9,810,0,810.0,57,3,9,"(12, 50)",0,0.011659192825112108,91.11111111111111,48.77777777777778,majority_vote,57,ATTACK,89,"(14, 24)",False,0,False,830
3,0.0,False,0.0,0.281960915293967,0.34433529893861997,812,0,812.0,41,1,9,"(21, 24)",0,0.009865470852017937,88.55555555555556,48.888888888888886,majority_vote,41,ATTACK,64,"(19, 24)",False,1,False,830
20,0.0,True,0.0,0.5121506071779417,0.5121506071779417,808,0,808.0,50,5,9,"(33, 30)",0,0.012556053811659192,91.11111111111111,52.0,majority_vote,50,ATTACK,71,"(7, 45)",False,2,False,830
0,0.0,True,0.0,0.9,0.9,815,0,815.0,57,3,9,"(12, 50)",0,0.011659192825112108,91.11111111111111,48.77777777777778,majority_vote,57,ATTACK,89,"(14, 29)",False,0,False,835
3,0.0,False,0.0,0.2965080966286369,0.3682228690105236,816,0,816.0,42,1,9,"(33, 50)",0,0.011659192825112108,88.55555555555556,48.888888888888886,majority_vote,42,ATTACK,65,"(21, 26)",False,1,False,835
19,0.0,False,0.0,0.4082686524140871,0.4082686524140871,813,0,813.0,50,5,9,"(33, 30)",0,0.012556053811659192,91.11111111111111,52.0,majority_vote,50,ATTACK,72,"(8, 41)",False,2,False,835
0,0.0,True,0.0,0.9,0.9,820,0,820.0,57,3,9,"(12, 50)",0,0.011659192825112108,91.11111111111111,48.77777777777778,majority_vote,57,ATTACK,89,"(15, 33)",False,0,False,840
3,0.0,False,0.0,0.316523532051858,0.3964829911812022,821,0,821.0,42,1,9,"(33, 50)",0,0.012556053811659192,88.55555555555556,48.888888888888886,majority_vote,42,ATTACK,65,"(18, 28)",False,1,False,840
18,0.0,False,0.0,0.33657761946750786,0.33657761946750786,818,0,818.0,50,5,9,"(33, 30)",0,0.012556053811659192,91.11111111111111,52.0,majority_vote,50,ATTACK,72,"(12, 40)",False,2,False,840
0,0.0,True,0.0,0.9,0.9,825,0,825.0,57,3,9,"(12, 50)",0,0.012556053811659192,91.11111111111111,48.77777777777778,majority_vote,57,ATTACK,89,"(14, 37)",False,0,False,845
3,0.0,False,0.0,0.33912818411574874,0.428298732275737,826,0,826.0,42,1,9,"(33, 50)",0,0.012556053811659192,88.55555555555556,48.888888888888886,majority_vote,42,ATTACK,65,"(18, 33)",False,1,False,845
18,0.0,False,0.0,0.34129981066833337,0.37270690964470204,823,0,823.0,50,5,9,"(33, 30)",0,0.012556053811659192,91.11111111111111,52.0,majority_vote,50,ATTACK,72,"(12, 35)",False,2,False,845
0,0.0,True,0.0,0.9,0.9,830,0,830.0,57,3,9,"(12, 50)",0,0.012556053811659192,91.11111111111111,48.77777777777778,majority_vote,57,ATTACK,90,"(12, 40)",False,0,False,850
3,0.0,False,0.0,0.3633971662037609,0.45699329368157354,831,0,831.0,42,1,9,"(33, 50)",0,0.013452914798206279,88.55555555555556,48.888888888888886,majority_vote,42,ATTACK,66,"(18, 38)",False,1,False,850
18,0.0,False,0.0,0.35333097340122444,0.40693245451228144,828,0,828.0,50,5,9,"(33, 30)",0,0.012556053811659192,91.11111111111111,52.0,majority_vote,50,ATTACK,73,"(14, 32)",False,2,False,850
0,0.0,True,0.0,0.9,0.9,835,0,835.0,57,3,9,"(12, 50)",0,0.012556053811659192,91.11111111111111,48.77777777777778,majority_vote,57,ATTACK,90,"(12, 45)",False,0,False,855
3,0.0,False,0.0,0.3881679051869691,0.4828222463886552,836,0,836.0,42,1,9,"(33, 50)",0,0.014349775784753363,88.55555555555556,48.888888888888886,majority_vote,42,ATTACK,66,"(18, 43)",False,1,False,855
7,0.0,False,0.0,0.3689061620602636,0.4303456005482594,833,0,833.0,50,5,9,"(33, 30)",0,0.012556053811659192,91.11111111111111,52.0,majority_vote,50,ATTACK,73,"(18, 31)",False,2,False,855
0,0.0,True,0.0,0.9,0.9,840,0,840.0,57,3,9,"(12, 50)",0,0.014571948998178506,91.11111111111111,48.77777777777778,majority_vote,57,ATTACK,90,"(12, 50)",False,0,False,860
3,0.0,True,0.0,0.4131700828634274,0.5082550771649741,841,0,841.0,42,1,9,"(33, 50)",0,0.01366120218579235,88.55555555555556,48.888888888888886,majority_vote,42,ATTACK,66,"(20, 46)",False,1,False,860
7,0.0,False,0.0,0.3855545856195511,0.44958613570449796,838,0,838.0,50,5,9,"(33, 30)",0,0.012750455373406194,91.11111111111111,52.0,majority_vote,50,ATTACK,73,"(23, 31)",False,2,False,860
0,0.0,True,0.0,0.9,0.9,844,0,844.0,58,3,9,"(33, 8)",0,0.016260162601626018,91.11111111111111,48.77777777777778,majority_vote,58,ATTACK,91,"(12, 46)",False,0,False,865
9,0.0,True,0.0,0.43257277220246093,0.5216331268722126,846,0,846.0,42,1,9,"(33, 50)",0,0.013550135501355014,88.55555555555556,48.888888888888886,majority_vote,42,ATTACK,66,"(22, 49)",False,1,False,865
13,0.0,False,0.0,0.40242482319575296,0.4664178244133794,843,0,843.0,50,5,9,"(33, 30)",0,0.012646793134598013,91.11111111111111,52.0,majority_vote,50,ATTACK,73,"(27, 30)",False,2,False,865
0,0.0,True,0.0,0.9,0.9,849,0,849.0,58,3,9,"(33, 8)",0,0.017937219730941704,91.11111111111111,48.77777777777778,majority_vote,58,ATTACK,91,"(13, 42)",False,0,False,870
9,0.0,True,0.0,0.4549076630394328,0.5368241781809797,851,0,851.0,42,1,9,"(33, 50)",0,0.013452914798206279,88.55555555555556,48.888888888888886,majority_vote,42,ATTACK,66,"(26, 50)",False,1,False,870
13,0.0,False,0.0,0.409090422477961,0.47225849627193517,848,0,848.0,50,5,9,"(33, 30)",0,0.013452914798206279,91.11111111111111,52.0,majority_vote,50,ATTACK,73,"(32, 30)",False,2,False,870
0,0.0,True,0.0,0.9,0.9,854,0,854.0,59,3,9,"(33, 8)",0,0.017937219730941704,91.11111111111111,48.77777777777778,majority_vote,59,ATTACK,92,"(13, 37)",False,0,False,875
9,0.0,True,0.0,0.47541114748646984,0.5508219169610157,856,0,856.0,42,1,9,"(33, 50)",0,0.013452914798206279,88.55555555555556,48.888888888888886,majority_vote,42,ATTACK,67,"(31, 50)",False,1,False,875
13,0.0,False,0.0,0.4156532064531463,0.4777304711331504,852,0,852.0,51,5,9,"(15, 2)",0,0.013452914798206279,91.11111111111111,52.0,majority_vote,51,ATTACK,75,"(30, 30)",False,2,False,875
0,0.0,True,0.0,0.9,0.9,859,0,859.0,59,3,9,"(33, 8)",0,0.018066847335140017,91.11111111111111,48.77777777777778,majority_vote,59,ATTACK,92,"(15, 34)",False,0,False,880
9,0.0,True,0.0,0.4908348236772344,0.5625802278740651,860,0,860.0,43,1,10,"(33, 8)",0,0.014453477868112014,87.8,48.5,majority_vote,43,ATTACK,68,"(33, 48)",False,1,False,880
13,0.0,False,0.0,0.4156532064531463,0.4777304711331504,857,0,857.0,51,5,9,"(15, 2)",0,0.013477088948787063,91.11111111111111,52.0,majority_vote,51,ATTACK,75,"(26, 29)",False,2,False,880
0,0.0,True,0.0,0.9,0.9,864,0,864.0,59,3,9,"(33, 8)",0,0.018066847335140017,91.11111111111111,48.77777777777778,majority_vote,59,ATTACK,92,"(16, 30)",False,0,False,885
9,0.0,True,0.0,0.5088507242284158,0.5752189569094831,865,0,865.0,43,1,10,"(33, 8)",0,0.014453477868112014,87.8,48.5,majority_vote,43,ATTACK,68,"(30, 46)",False,1,False,885
13,0.0,False,0.0,0.4321849816674576,0.4967554256833302,862,0,862.0,51,5,9,"(15, 2)",0,0.013477088948787063,91.11111111111111,52.0,majority_vote,51,ATTACK,75,"(21, 29)",False,2,False,885
0,0.0,True,0.0,0.9,0.9,869,0,869.0,59,3,9,"(33, 8)",0,0.015356820234869015,91.11111111111111,48.77777777777778,majority_vote,59,ATTACK,92,"(16, 25)",False,0,False,890
9,0.0,True,0.0,0.5259102061953442,0.5896323969532834,870,0,870.0,43,1,10,"(33, 8)",0,0.014453477868112014,87.8,48.5,majority_vote,43,ATTACK,68,"(29, 42)",False,1,False,890
13,0.0,True,0.0,0.4506297327362117,0.5242686745119253,867,0,867.0,51,5,9,"(15, 2)",0,0.013477088948787063,91.11111111111111,52.0,majority_vote,51,ATTACK,75,"(16, 29)",False,2,False,890
0,0.0,True,0.0,0.9,0.9,874,0,874.0,59,3,9,"(33, 8)",0,0.014453477868112014,91.11111111111111,48.77777777777778,majority_vote,59,ATTACK,92,"(16, 20)",False,0,False,895
6,0.0,True,0.0,0.5420452511230792,0.6018697414302853,875,0,875.0,43,1,10,"(33, 8)",0,0.013550135501355014,87.8,48.5,majority_vote,43,ATTACK,68,"(29, 37)",False,1,False,895
10,0.0,True,0.0,0.4710683181180991,0.5510131929114118,872,0,872.0,51,5,9,"(15, 2)",0,0.012578616352201259,91.11111111111111,52.0,majority_vote,51,ATTACK,75,"(15, 25)",False,2,False,895
0,0.0,True,0.0,0.9,0.9,879,0,879.0,60,3,9,"(33, 8)",0,0.02960222016651249,91.11111111111111,48.77777777777778,majority_vote,60,ATTACK,93,"(16, 15)",False,0,False,900
6,0.0,True,0.0,0.5541837964152818,0.6105729964388221,880,0,880.0,44,1,10,"(33, 8)",0,0.02960222016651249,87.8,48.5,majority_vote,44,ATTACK,69,"(29, 32)",False,1,False,900
10,0.0,True,0.0,0.4928037058489743,0.577103964794077,877,0,877.0,51,5,9,"(15, 2)",0,0.02425876010781671,91.11111111111111,52.0,majority_vote,51,ATTACK,76,"(15, 20)",False,2,False,900
0,0.0,True,0.0,0.9,0.9,884,0,884.0,60,3,9,"(33, 8)",0,0.029574861367837338,91.11111111111111,48.77777777777778,majority_vote,60,ATTACK,93,"(18, 12)",False,0,False,905
14,0.0,True,0.0,0.5541837964152818,0.6105729964388221,885,0,885.0,44,1,10,"(33, 8)",0,0.034195933456561925,87.8,48.5,majority_vote,44,ATTACK,69,"(28, 28)",False,1,False,905
18,0.0,True,0.0,0.5154903127303597,0.6026093327818149,882,0,882.0,51,5,9,"(15, 2)",0,0.02423698384201077,91.11111111111111,52.0,majority_vote,51,ATTACK,76,"(15, 15)",False,2,False,905
0,0.0,True,0.0,0.9,0.9,889,0,889.0,60,3,9,"(33, 8)",0,0.029357798165137616,91.11111111111111,48.77777777777778,majority_vote,60,ATTACK,93,"(20, 9)",False,0,False,910
14,0.0,True,0.0,0.5541837964152818,0.6105729964388221,890,0,890.0,44,1,10,"(33, 8)",0,0.031192660550458717,87.8,48.5,majority_vote,44,ATTACK,69,"(28, 23)",False,1,False,910
18,0.0,True,0.0,0.5383800300340749,0.6248886879639682,887,0,887.0,51,5,9,"(15, 2)",0,0.024171888988361683,91.11111111111111,52.0,majority_vote,51,ATTACK,76,"(15, 10)",False,2,False,910
0,0.0,True,0.0,0.9,0.9,894,0,894.0,60,3,9,"(33, 8)",0,0.029223744292237442,91.11111111111111,48.77777777777778,majority_vote,60,ATTACK,93,"(25, 9)",False,0,False,915
14,0.0,True,0.0,0.5541837964152818,0.6105729964388221,895,0,895.0,44,1,10,"(33, 8)",0,0.0319634703196347,87.8,48.5,majority_vote,44,ATTACK,69,"(28, 18)",False,1,False,915
18,0.0,True,0.0,0.5609705726095242,0.6454502129324012,892,0,892.0,51,5,9,"(15, 2)",0,0.024171888988361683,91.11111111111111,52.0,majority_vote,51,ATTACK,76,"(15, 5)",False,2,False,915
0,0.0,True,0.0,0.9,0.9,899,0,899.0,60,3,9,"(33, 8)",0,0.02872531418312388,91.11111111111111,48.77777777777778,majority_vote,60,ATTACK,93,"(29, 8)",False,0,False,920
14,0.0,True,0.0,0.5662862529073243,0.6248177608656462,900,0,900.0,44,1,10,"(33, 8)",0,0.03141831238779174,87.8,48.5,majority_vote,44,ATTACK,69,"(28, 13)",False,1,False,920
18,0.0,True,0.0,0.5609705726095242,0.6454502129324012,896,0,896.0,52,5,10,"(24, 45)",0,0.024150268336314847,91.9,51.5,majority_vote,52,ATTACK,77,"(15, 3)",False,2,False,920
0,0.0,True,0.0,0.9,0.9,903,0,903.0,61,3,10,"(21, 24)",0,0.02857142857142857,92.5,50.3,majority_vote,61,ATTACK,95,"(33, 8)",False,0,False,925
14,0.0,True,0.0,0.5823726552847562,0.6450100706938101,905,0,905.0,44,1,10,"(33, 8)",0,0.03125,87.8,48.5,majority_vote,44,ATTACK,70,"(28, 8)",False,1,False,925
18,0.0,True,0.0,0.5653332918132897,0.6482249566848338,901,0,901.0,52,5,10,"(24, 45)",0,0.02402135231316726,91.9,51.5,majority_vote,52,ATTACK,78,"(16, 7)",False,2,False,925
0,0.0,True,0.0,0.9,0.9,907,0,907.0,62,4,10,"(21, 24)",0,0.02857142857142857,92.5,50.3,majority_vote,62,ATTACK,96,"(29, 8)",False,0,False,930
14,0.0,True,0.0,0.5959478472387894,0.6625148349232596,909,0,909.0,46,2,10,"(33, 8)",0,0.03125,87.8,48.5,majority_vote,46,ATTACK,72,"(28, 8)",False,1,False,930
18,0.0,True,0.0,0.582315847582869,0.6621969921488344,906,0,906.0,52,5,10,"(24, 45)",0,0.02402135231316726,91.9,51.5,majority_vote,52,ATTACK,78,"(16, 12)",False,2,False,930
0,0.0,True,0.0,0.9,0.9,910,0,910.0,62,6,10,"(21, 24)",0,0.028545941123996433,92.5,50.3,majority_vote,62,ATTACK,96,"(26, 8)",False,0,False,935
14,0.0,True,0.0,0.6140287002094849,0.6840581375572211,913,0,913.0,48,3,10,"(33, 8)",0,0.031222123104371096,87.8,48.5,majority_vote,48,ATTACK,74,"(26, 6)",False,1,False,935
18,0.0,True,0.0,0.582315847582869,0.6621969921488344,911,0,911.0,52,5,10,"(24, 45)",0,0.021333333333333333,91.9,51.5,majority_vote,52,ATTACK,78,"(16, 17)",False,2,False,935
0,0.0,True,0.0,0.9,0.9,915,0,915.0,62,6,10,"(21, 24)",0,0.0285204991087344,92.5,50.3,majority_vote,62,ATTACK,96,"(22, 9)",False,0,False,940
14,0.0,True,0.0,0.6288469197049197,0.6992890470910734,918,0,918.0,50,3,10,"(33, 8)",0,0.03111111111111111,87.8,48.5,majority_vote,50,ATTACK,76,"(29, 8)",False,1,False,940
18,0.0,True,0.0,0.582315847582869,0.6621969921488344,916,0,916.0,52,5,10,"(24, 45)",0,0.021447721179624665,91.9,51.5,majority_vote,52,ATTACK,78,"(16, 22)",False,2,False,940
0,0.0,True,0.0,0.9,0.9,920,0,920.0,62,6,10,"(21, 24)",0,0.0285204991087344,92.5,50.3,majority_vote,62,ATTACK,96,"(19, 11)",False,0,False,945
18,0.0,True,0.0,0.6472768295443727,0.7179027569723981,922,0,922.0,51,3,10,"(33, 50)",0,0.030222222222222223,87.8,48.5,majority_vote,51,ATTACK,77,"(33, 8)",False,1,False,945
22,0.0,True,0.0,0.582315847582869,0.6621969921488344,921,0,921.0,52,5,10,"(24, 45)",0,0.021447721179624665,91.9,51.5,majority_vote,52,ATTACK,78,"(16, 27)",False,2,False,945
0,0.0,True,0.0,0.9,0.9,925,0,925.0,62,6,10,"(21, 24)",0,0.0285204991087344,92.5,50.3,majority_vote,62,ATTACK,97,"(18, 15)",False,0,False,950
18,0.0,True,0.0,0.6472768295443727,0.7179027569723981,927,0,927.0,52,3,10,"(33, 50)",0,0.030222222222222223,87.8,48.5,majority_vote,52,ATTACK,78,"(33, 13)",False,1,False,950
22,0.0,True,0.0,0.582315847582869,0.6621969921488344,926,0,926.0,52,5,10,"(24, 45)",0,0.020554066130473638,91.9,51.5,majority_vote,52,ATTACK,79,"(16, 32)",False,2,False,950
0,0.0,True,0.0,0.9,0.9,930,0,930.0,62,6,10,"(21, 24)",0,0.028495102404274265,92.5,50.3,majority_vote,62,ATTACK,97,"(18, 20)",False,0,False,955
18,0.0,True,0.0,0.6472768295443727,0.7179027569723981,932,0,932.0,52,3,10,"(33, 50)",0,0.03019538188277087,87.8,48.5,majority_vote,52,ATTACK,78,"(31, 16)",False,1,False,955
22,0.0,True,0.0,0.582315847582869,0.6621969921488344,931,0,931.0,52,5,10,"(24, 45)",0,0.019642857142857142,91.9,51.5,majority_vote,52,ATTACK,79,"(16, 37)",False,2,False,955
0,0.0,True,0.0,0.9,0.9,935,0,935.0,62,6,10,"(21, 24)",0,0.023172905525846704,92.5,50.3,majority_vote,62,ATTACK,97,"(19, 24)",False,0,False,960
18,0.0,True,0.0,0.6509147343954166,0.7200349265652505,937,0,937.0,52,3,10,"(33, 50)",0,0.028444444444444446,87.8,48.5,majority_vote,52,ATTACK,78,"(29, 19)",False,1,False,960
22,0.0,True,0.0,0.582315847582869,0.6621969921488344,936,0,936.0,52,5,10,"(24, 45)",0,0.01966041108132261,91.9,51.5,majority_vote,52,ATTACK,79,"(16, 42)",False,2,False,960
0,0.0,True,0.0,0.9,0.9,939,0,939.0,63,6,10,"(3, 8)",0,0.02311111111111111,92.5,50.3,majority_vote,63,ATTACK,98,"(19, 24)",False,0,False,965
18,0.0,True,0.0,0.6544832936226238,0.7222859189395603,942,0,942.0,52,3,10,"(33, 50)",0,0.028368794326241134,87.8,48.5,majority_vote,52,ATTACK,78,"(29, 24)",False,1,False,965
22,0.0,True,0.0,0.582315847582869,0.6621969921488344,941,0,941.0,52,5,10,"(24, 45)",0,0.01871657754010695,91.9,51.5,majority_vote,52,ATTACK,79,"(16, 47)",False,2,False,965
0,0.0,True,0.0,0.9,0.9,944,0,944.0,63,6,10,"(3, 8)",0,0.023090586145648313,92.5,50.3,majority_vote,63,ATTACK,98,"(17, 21)",False,0,False,970
18,0.0,True,0.0,0.6713342579836619,0.7329546428056557,947,0,947.0,52,3,10,"(33, 50)",0,0.0283436669619132,87.8,48.5,majority_vote,52,ATTACK,78,"(28, 28)",False,1,False,970
22,0.0,True,0.0,0.582315847582869,0.6621969921488344,946,0,946.0,52,5,10,"(24, 45)",0,0.018699910952804988,91.9,51.5,majority_vote,52,ATTACK,79,"(19, 49)",False,2,False,970
0,0.0,True,0.0,0.9,0.9,949,0,949.0,64,6,10,"(3, 8)",0,0.023090586145648313,92.5,50.3,majority_vote,64,ATTACK,99,"(16, 17)",False,0,False,975
18,0.0,True,0.0,0.6745117134002642,0.7348833663157088,952,0,952.0,52,3,10,"(33, 50)",0,0.0283436669619132,87.8,48.5,majority_vote,52,ATTACK,79,"(29, 32)",False,1,False,975
22,0.0,True,0.0,0.582315847582869,0.6621969921488344,951,0,951.0,52,5,10,"(24, 45)",0,0.017809439002671415,91.9,51.5,majority_vote,52,ATTACK,80,"(24, 49)",False,2,False,975
0,0.0,True,0.0,0.9,0.9,954,0,954.0,64,6,10,"(3, 8)",0,0.021486123545210387,92.5,50.3,majority_vote,64,ATTACK,99,"(14, 14)",False,0,False,980
18,0.0,True,0.0,0.6745117134002642,0.7348833663157088,957,0,957.0,52,3,10,"(33, 50)",0,0.026833631484794274,87.8,48.5,majority_vote,52,ATTACK,79,"(29, 37)",False,1,False,980
22,0.0,True,0.0,0.582315847582869,0.6621969921488344,955,0,955.0,53,5,10,"(2, 22)",0,0.01342882721575649,91.9,51.5,majority_vote,53,ATTACK,81,"(24, 45)",False,2,False,980
0,0.0,True,0.0,0.9,0.9,959,0,959.0,64,6,10,"(3, 8)",0,0.017905102954341987,92.5,50.3,majority_vote,64,ATTACK,99,"(13, 10)",False,0,False,985
21,0.0,True,0.0,0.5254170874516507,0.5254170874516507,962,0,962.0,52,3,10,"(33, 50)",0,0.023255813953488372,87.8,48.5,majority_vote,52,ATTACK,79,"(30, 41)",False,1,False,985
26,0.039190936333369564,True,0.039190936333369564,0.582315847582869,0.6621969921488344,960,0,960.0,53,5,10,"(2, 22)",0,0.011638316920322292,91.9,51.5,majority_vote,53,ATTACK,81,"(23, 49)",False,2,False,985
0,0.0,True,0.0,0.9,0.9,964,0,964.0,64,6,10,"(3, 8)",0,0.01784121320249777,92.5,50.3,majority_vote,64,ATTACK,99,"(10, 8)",False,0,False,990
21,0.0,True,0.0,0.5254170874516507,0.5254170874516507,967,0,967.0,52,3,10,"(33, 50)",0,0.023172905525846704,87.8,48.5,majority_vote,52,ATTACK,79,"(31, 45)",False,1,False,990
26,0.039190936333369564,True,0.039190936333369564,0.582315847582869,0.6621969921488344,965,0,965.0,53,5,10,"(2, 22)",0,0.01159678858162355,91.9,51.5,majority_vote,53,ATTACK,81,"(20, 47)",False,2,False,990
0,0.0,True,0.0,0.9,0.9,969,0,969.0,64,6,10,"(3, 8)",0,0.016,92.5,50.3,majority_vote,64,ATTACK,99,"(5, 8)",False,0,False,995
21,0.0,True,0.0,0.5254170874516507,0.5254170874516507,972,0,972.0,52,3,10,"(33, 50)",0,0.021314387211367674,87.8,48.5,majority_vote,52,ATTACK,79,"(31, 50)",False,1,False,995
26,0.039190936333369564,True,0.039190936333369564,0.582315847582869,0.6621969921488344,970,0,970.0,53,5,10,"(2, 22)",0,0.011555555555555555,91.9,51.5,majority_vote,53,ATTACK,81,"(17, 45)",False,2,False,995
0,0.0,True,0.0,0.9,0.9,973,0,973.0,65,6,11,"(2, 22)",0,0.016057091882247992,90.72727272727273,48.90909090909091,majority_vote,65,ATTACK,101,"(5, 8)",False,0,False,1000
21,0.0,True,0.0,0.5254170874516507,0.5254170874516507,976,0,976.0,53,3,11,"(33, 30)",0,0.021314387211367674,90.72727272727273,48.90909090909091,majority_vote,53,ATTACK,81,"(33, 48)",False,1,False,1000
26,0.033208477156691174,True,0.033208477156691174,0.582315847582869,0.6621969921488344,975,0,975.0,53,5,10,"(2, 22)",0,0.01159678858162355,91.9,51.5,majority_vote,53,ATTACK,82,"(15, 42)",False,2,False,1000
0,0.0,True,0.0,0.9,0.9,978,0,978.0,65,6,11,"(2, 22)",0,0.016057091882247992,90.72727272727273,48.90909090909091,majority_vote,65,ATTACK,101,"(10, 8)",False,0,False,1005
21,0.0,True,0.0,0.5254170874516507,0.5254170874516507,981,0,981.0,53,3,11,"(33, 30)",0,0.021314387211367674,90.72727272727273,48.90909090909091,majority_vote,53,ATTACK,81,"(30, 46)",False,1,False,1005
26,0.033208477156691174,True,0.033208477156691174,0.582315847582869,0.6621969921488344,980,0,980.0,53,5,10,"(2, 22)",0,0.01159678858162355,91.9,51.5,majority_vote,53,ATTACK,82,"(15, 37)",False,2,False,1005
0,0.0,True,0.0,0.9,0.9,983,0,983.0,65,6,11,"(2, 22)",0,0.016057091882247992,90.72727272727273,48.90909090909091,majority_vote,65,ATTACK,101,"(13, 10)",False,0,False,1010
21,0.0,True,0.0,0.5254170874516507,0.5254170874516507,986,0,986.0,53,3,11,"(33, 30)",0,0.021314387211367674,90.72727272727273,48.90909090909091,majority_vote,53,ATTACK,81,"(30, 41)",False,1,False,1010
26,0.033208477156691174,True,0.033208477156691174,0.5864148125775807,0.6642951474771025,985,0,985.0,53,5,10,"(2, 22)",0,0.010704727921498661,91.9,51.5,majority_vote,53,ATTACK,82,"(15, 32)",False,2,False,1010
0,0.0,True,0.0,0.9,0.9,988,0,988.0,65,6,11,"(2, 22)",0,0.016057091882247992,90.72727272727273,48.90909090909091,majority_vote,65,ATTACK,101,"(14, 14)",False,0,False,1015
21,0.0,True,0.0,0.5254170874516507,0.5254170874516507,991,0,991.0,53,3,11,"(33, 30)",0,0.021314387211367674,90.72727272727273,48.90909090909091,majority_vote,53,ATTACK,81,"(31, 39)",False,1,False,1015
26,0.033208477156691174,True,0.033208477156691174,0.6058136776916845,0.6768558610357033,990,0,990.0,53,5,10,"(2, 22)",0,0.010704727921498661,91.9,51.5,majority_vote,53,ATTACK,82,"(15, 27)",False,2,False,1015
0,0.0,True,0.0,0.9,0.9,993,0,993.0,65,6,11,"(2, 22)",0,0.0153015301530153,90.72727272727273,48.90909090909091,majority_vote,65,ATTACK,101,"(14, 19)",False,0,False,1020
21,0.0,True,0.0,0.5254170874516507,0.5254170874516507,996,0,996.0,53,3,11,"(33, 30)",0,0.02146690518783542,90.72727272727273,48.90909090909091,majority_vote,53,ATTACK,81,"(31, 34)",False,1,False,1020
23,0.033208477156691174,True,0.033208477156691174,0.6235720501564391,0.6893036457040743,995,0,995.0,53,5,10,"(2, 22)",0,0.012567324955116697,91.9,51.5,majority_vote,53,ATTACK,82,"(14, 23)",False,2,False,1020
0,0.0,True,0.0,0.9,0.9,998,0,998.0,65,6,11,"(2, 22)",0,0.014388489208633094,90.72727272727273,48.90909090909091,majority_vote,65,ATTACK,102,"(13, 23)",False,0,False,1025
21,0.0,True,0.0,0.5254170874516507,0.5254170874516507,1001,0,1001.0,53,3,11,"(33, 30)",0,0.01967799642218247,90.72727272727273,48.90909090909091,majority_vote,53,ATTACK,82,"(32, 30)",False,1,False,1025
19,0.0,True,0.0,0.6414314562292693,0.7104703555062687,1000,0,1000.0,53,5,10,"(2, 22)",0,0.012556053811659192,91.9,51.5,majority_vote,53,ATTACK,83,"(9, 23)",False,2,False,1025
0,0.0,True,0.0,0.9,0.9,1003,0,1003.0,65,6,11,"(2, 22)",0,0.014222222222222223,90.72727272727273,48.90909090909091,majority_vote,65,ATTACK,102,"(8, 23)",False,0,False,1030
16,0.0,True,0.0,0.5254170874516507,0.5254170874516507,1005,0,1005.0,54,3,11,"(33, 8)",0,0.018584070796460177,90.72727272727273,48.90909090909091,majority_vote,54,ATTACK,83,"(30, 30)",False,1,False,1030
15,0.0,True,0.0,0.6595204567776829,0.7236453128189364,1005,0,1005.0,53,5,10,"(2, 22)",0,0.012411347517730497,91.9,51.5,majority_vote,53,ATTACK,83,"(4, 23)",False,2,False,1030
0,0.0,True,0.0,0.9,0.9,1008,0,1008.0,65,6,11,"(2, 22)",0,0.014222222222222223,90.72727272727273,48.90909090909091,majority_vote,65,ATTACK,102,"(3, 23)",False,0,False,1035
14,0.0,True,0.0,0.5254170874516507,0.5254170874516507,1010,0,1010.0,54,3,11,"(33, 8)",0,0.017699115044247787,90.72727272727273,48.90909090909091,majority_vote,54,ATTACK,83,"(28, 27)",False,1,False,1035
14,0.0,True,0.0,0.6747334335396546,0.7338840016071346,1009,0,1009.0,54,5,11,"(21, 24)",0,0.012411347517730497,94.0,51.72727272727273,majority_vote,54,ATTACK,84,"(3, 22)",False,2,False,1035
0,0.0,True,0.0,0.9,0.9,1012,0,1012.0,66,6,11,"(33, 30)",0,0.014234875444839857,90.72727272727273,48.90909090909091,majority_vote,66,ATTACK,103,"(4, 22)",False,0,False,1040
14,0.0,True,0.0,0.5254170874516507,0.5254170874516507,1015,0,1015.0,54,3,11,"(33, 8)",0,0.01771479185119575,90.72727272727273,48.90909090909091,majority_vote,54,ATTACK,83,"(28, 22)",False,1,False,1040
14,0.0,True,0.0,0.6903931253628981,0.749244420830784,1014,0,1014.0,54,5,11,"(21, 24)",0,0.012422360248447204,94.0,51.72727272727273,majority_vote,54,ATTACK,84,"(8, 22)",False,2,False,1040
0,0.0,True,0.0,0.9,0.9,1017,0,1017.0,66,6,11,"(33, 30)",0,0.014234875444839857,90.72727272727273,48.90909090909091,majority_vote,66,ATTACK,103,"(9, 22)",False,0,False,1045
14,0.0,True,0.0,0.5254170874516507,0.5254170874516507,1020,0,1020.0,54,3,11,"(33, 8)",0,0.01771479185119575,90.72727272727273,48.90909090909091,majority_vote,54,ATTACK,83,"(28, 17)",False,1,False,1045
14,0.0,True,0.0,0.7058906801830971,0.7647908750112201,1019,0,1019.0,54,5,11,"(21, 24)",0,0.012422360248447204,94.0,51.72727272727273,majority_vote,54,ATTACK,84,"(12, 23)",False,2,False,1045
0,0.0,True,0.0,0.9,0.9,1022,0,1022.0,67,6,11,"(33, 30)",0,0.027580071174377226,90.72727272727273,48.90909090909091,majority_vote,67,ATTACK,104,"(12, 24)",False,0,False,1050
14,0.0,True,0.0,0.5255442431722736,0.5279602018641079,1025,0,1025.0,54,3,11,"(33, 8)",0,0.042515500442869794,90.72727272727273,48.90909090909091,majority_vote,54,ATTACK,84,"(29, 13)",False,1,False,1050
14,0.0,True,0.0,0.7213381614590794,0.7803479200488712,1024,0,1024.0,54,5,11,"(21, 24)",0,0.04525288376220053,94.0,51.72727272727273,majority_vote,54,ATTACK,85,"(16, 24)",False,2,False,1050
0,0.0,True,0.0,0.9,0.9,1027,0,1027.0,67,6,11,"(33, 30)",0,0.027580071174377226,90.72727272727273,48.90909090909091,majority_vote,67,ATTACK,104,"(15, 26)",False,0,False,1055
14,0.0,True,0.0,0.5255442431722736,0.5279602018641079,1030,0,1030.0,54,3,11,"(33, 8)",0,0.042515500442869794,90.72727272727273,48.90909090909091,majority_vote,54,ATTACK,84,"(32, 11)",False,1,False,1055
14,0.0,True,0.0,0.7365374020890487,0.7929400872959569,1029,0,1029.0,54,5,11,"(21, 24)",0,0.04525288376220053,94.0,51.72727272727273,majority_vote,54,ATTACK,85,"(21, 24)",False,2,False,1055
0,0.0,True,0.0,0.9,0.9,1032,0,1032.0,67,6,11,"(33, 30)",0,0.026690391459074734,90.72727272727273,48.90909090909091,majority_vote,67,ATTACK,104,"(20, 26)",False,0,False,1060
17,0.0,False,0.0,0.3674719793932396,0.3674719793932396,1034,0,1034.0,55,3,12,"(12, 50)",0,0.04162976085031001,88.33333333333333,47.583333333333336,majority_vote,55,ATTACK,86,"(33, 8)",False,1,False,1060
19,0.0,True,0.0,0.7509500746051119,0.8047640487724146,1033,0,1033.0,55,5,11,"(2, 41)",0,0.04525288376220053,94.0,51.72727272727273,majority_vote,55,ATTACK,86,"(17, 24)",False,2,False,1060
0,0.0,True,0.0,0.9,0.9,1037,0,1037.0,67,6,11,"(33, 30)",0,0.02224199288256228,90.72727272727273,48.90909090909091,majority_vote,67,ATTACK,104,"(25, 26)",False,0,False,1065
17,0.0,False,0.0,0.3674719793932396,0.3674719793932396,1039,0,1039.0,57,3,12,"(12, 50)",0,0.04074402125775022,88.33333333333333,47.583333333333336,majority_vote,57,ATTACK,88,"(30, 10)",False,1,False,1065
19,0.0,True,0.0,0.7646580608909691,0.8154401199746406,1038,0,1038.0,55,5,11,"(2, 41)",0,0.044365572315882874,94.0,51.72727272727273,majority_vote,55,ATTACK,86,"(15, 27)",False,2,False,1065
0,0.0,True,0.0,0.9,0.9,1042,0,1042.0,67,6,11,"(33, 30)",0,0.02402135231316726,90.72727272727273,48.90909090909091,majority_vote,67,ATTACK,104,"(26, 30)",False,0,False,1070
13,0.0,False,0.0,0.09743396232580019,0.09743396232580019,1044,0,1044.0,57,3,12,"(12, 50)",0,0.03897254207263064,88.33333333333333,47.583333333333336,majority_vote,57,ATTACK,88,"(28, 13)",False,1,False,1070
19,0.0,True,0.0,0.7672787474723404,0.8170717925183947,1043,0,1043.0,55,5,11,"(2, 41)",0,0.043478260869565216,94.0,51.72727272727273,majority_vote,55,ATTACK,86,"(14, 31)",False,2,False,1070
0,0.0,True,0.0,0.9,0.9,1047,0,1047.0,67,6,11,"(33, 30)",0,0.02224199288256228,90.72727272727273,48.90909090909091,majority_vote,67,ATTACK,105,"(31, 30)",False,0,False,1075
13,0.0,False,0.0,0.09743396232580019,0.09743396232580019,1049,0,1049.0,57,3,12,"(12, 50)",0,0.03897254207263064,88.33333333333333,47.583333333333336,majority_vote,57,ATTACK,89,"(26, 16)",False,1,False,1075
19,0.0,True,0.0,0.7672787474723404,0.8170717925183947,1048,0,1048.0,56,5,11,"(2, 41)",0,0.03904170363797693,94.0,51.72727272727273,majority_vote,56,ATTACK,87,"(13, 35)",False,2,False,1075
0,0.0,True,0.0,0.9,0.9,1051,0,1051.0,68,6,12,"(3, 8)",0,0.018165304268846504,89.83333333333333,48.166666666666664,majority_vote,68,ATTACK,106,"(31, 30)",False,0,False,1080
13,0.0,False,0.0,0.1009476635174152,0.12762582094221,1054,0,1054.0,57,3,12,"(12, 50)",0,0.0369036903690369,88.33333333333333,47.583333333333336,majority_vote,57,ATTACK,89,"(26, 21)",False,1,False,1080
19,0.0,True,0.0,0.7672787474723404,0.8170717925183947,1053,0,1053.0,56,5,11,"(2, 41)",0,0.037803780378037805,94.0,51.72727272727273,majority_vote,56,ATTACK,87,"(12, 39)",False,2,False,1080
0,0.0,True,0.0,0.9,0.9,1056,0,1056.0,68,6,12,"(3, 8)",0,0.01634877384196185,89.83333333333333,48.166666666666664,majority_vote,68,ATTACK,106,"(26, 30)",False,0,False,1085
13,0.0,False,0.0,0.11266813751358987,0.16859982805512863,1059,0,1059.0,57,3,12,"(12, 50)",0,0.0315031503150315,88.33333333333333,47.583333333333336,majority_vote,57,ATTACK,89,"(26, 26)",False,1,False,1085
19,0.0,True,0.0,0.7672787474723404,0.8170717925183947,1058,0,1058.0,56,5,11,"(2, 41)",0,0.034203420342034205,94.0,51.72727272727273,majority_vote,56,ATTACK,87,"(9, 41)",False,2,False,1085
0,0.0,True,0.0,0.9,0.9,1061,0,1061.0,68,6,12,"(3, 8)",0,0.01634877384196185,89.83333333333333,48.166666666666664,majority_vote,68,ATTACK,106,"(25, 26)",False,0,False,1090
13,0.0,False,0.0,0.1322986002486546,0.21956142318717561,1062,0,1062.0,58,5,12,"(12, 50)",0,0.0288028802880288,88.33333333333333,47.583333333333336,majority_vote,58,ATTACK,90,"(26, 29)",False,1,False,1090
19,0.0,True,0.0,0.7672787474723404,0.8170717925183947,1063,0,1063.0,56,5,11,"(2, 41)",0,0.0315031503150315,94.0,51.72727272727273,majority_vote,56,ATTACK,87,"(4, 41)",False,2,False,1090
0,0.0,True,0.0,0.9,0.9,1066,0,1066.0,68,6,12,"(3, 8)",0,0.016333938294010888,89.83333333333333,48.166666666666664,majority_vote,68,ATTACK,106,"(21, 25)",False,0,False,1095
21,0.0,False,0.0,0.15818339628078165,0.26228484993085616,1067,0,1067.0,58,5,12,"(12, 50)",0,0.02787769784172662,88.33333333333333,47.583333333333336,majority_vote,58,ATTACK,90,"(24, 32)",False,1,False,1095
27,0.0,True,0.0,0.7672787474723404,0.8170717925183947,1067,0,1067.0,57,5,12,"(33, 50)",0,0.0341726618705036,91.08333333333333,50.5,majority_vote,57,ATTACK,88,"(4, 41)",False,2,False,1095
0,0.0,True,0.0,0.9,0.9,1071,0,1071.0,69,6,12,"(3, 8)",0,0.01366120218579235,89.83333333333333,48.166666666666664,majority_vote,69,ATTACK,107,"(16, 25)",False,0,False,1100
21,0.0,False,0.0,0.18072647034380945,0.28737936693571936,1072,0,1072.0,58,5,12,"(12, 50)",0,0.026173285198555957,88.33333333333333,47.583333333333336,majority_vote,58,ATTACK,91,"(24, 37)",False,1,False,1100
27,0.0,True,0.0,0.7672787474723404,0.8170717925183947,1072,0,1072.0,57,5,12,"(33, 50)",0,0.0341726618705036,91.08333333333333,50.5,majority_vote,57,ATTACK,89,"(9, 41)",False,2,False,1100
0,0.0,True,0.0,0.9,0.9,1076,0,1076.0,69,6,12,"(3, 8)",0,0.012750455373406194,89.83333333333333,48.166666666666664,majority_vote,69,ATTACK,107,"(14, 22)",False,0,False,1105
21,0.0,False,0.0,0.18072647034380945,0.28737936693571936,1077,0,1077.0,58,5,12,"(12, 50)",0,0.026173285198555957,88.33333333333333,47.583333333333336,majority_vote,58,ATTACK,91,"(20, 38)",False,1,False,1105
27,0.0,True,0.0,0.7672787474723404,0.8170717925183947,1077,0,1077.0,57,5,12,"(33, 50)",0,0.0341726618705036,91.08333333333333,50.5,majority_vote,57,ATTACK,89,"(12, 43)",False,2,False,1105
0,0.0,True,0.0,0.9,0.9,1081,0,1081.0,69,6,12,"(3, 8)",0,0.012750455373406194,89.83333333333333,48.166666666666664,majority_vote,69,ATTACK,107,"(14, 17)",False,0,False,1110
21,0.0,False,0.0,0.18072647034380945,0.28737936693571936,1082,0,1082.0,58,5,12,"(12, 50)",0,0.026173285198555957,88.33333333333333,47.583333333333336,majority_vote,58,ATTACK,91,"(20, 43)",False,1,False,1110
27,0.0,True,0.0,0.7672787474723404,0.8170717925183947,1082,0,1082.0,57,5,12,"(33, 50)",0,0.0341726618705036,91.08333333333333,50.5,majority_vote,57,ATTACK,89,"(15, 45)",False,2,False,1110
0,0.0,True,0.0,0.9,0.9,1086,0,1086.0,69,6,12,"(3, 8)",0,0.012750455373406194,89.83333333333333,48.166666666666664,majority_vote,69,ATTACK,107,"(13, 13)",False,0,False,1115
21,0.0,False,0.0,0.18072647034380945,0.28737936693571936,1087,0,1087.0,58,5,12,"(12, 50)",0,0.026173285198555957,88.33333333333333,47.583333333333336,majority_vote,58,ATTACK,91,"(20, 48)",False,1,False,1115
27,0.0,True,0.0,0.7672787474723404,0.8170717925183947,1087,0,1087.0,57,5,12,"(33, 50)",0,0.0341726618705036,91.08333333333333,50.5,majority_vote,57,ATTACK,89,"(17, 48)",False,2,False,1115
0,0.0,True,0.0,0.9,0.9,1091,0,1091.0,69,6,12,"(3, 8)",0,0.012867647058823529,89.83333333333333,48.166666666666664,majority_vote,69,ATTACK,107,"(13, 8)",False,0,False,1120
21,0.0,False,0.0,0.18072647034380945,0.28737936693571936,1091,0,1091.0,58,6,12,"(12, 50)",0,0.026411657559198543,88.33333333333333,47.583333333333336,majority_vote,58,ATTACK,91,"(18, 50)",False,1,False,1120
27,0.0,True,0.0,0.7672787474723404,0.8170717925183947,1092,0,1092.0,59,5,12,"(33, 50)",0,0.03278688524590164,91.08333333333333,50.5,majority_vote,59,ATTACK,91,"(17, 49)",False,2,False,1120
0,0.0,True,0.0,0.9,0.9,1096,0,1096.0,69,6,12,"(3, 8)",0,0.012867647058823529,89.83333333333333,48.166666666666664,majority_vote,69,ATTACK,108,"(8, 8)",False,0,False,1125
21,0.0,False,0.0,0.18072647034380945,0.28737936693571936,1096,0,1096.0,58,6,12,"(12, 50)",0,0.029143897996357013,88.33333333333333,47.583333333333336,majority_vote,58,ATTACK,92,"(13, 50)",False,1,False,1125
27,0.0,True,0.0,0.7672787474723404,0.8170717925183947,1097,0,1097.0,59,5,12,"(33, 50)",0,0.031876138433515486,91.08333333333333,50.5,majority_vote,59,ATTACK,92,"(22, 49)",False,2,False,1125
0,0.0,True,0.0,0.9,0.9,1101,0,1101.0,69,6,12,"(3, 8)",0,0.011948529411764705,89.83333333333333,48.166666666666664,majority_vote,69,ATTACK,108,"(3, 8)",False,0,False,1130
21,0.0,False,0.0,0.18072647034380945,0.28737936693571936,1100,0,1100.0,59,6,12,"(24, 45)",0,0.0273224043715847,88.33333333333333,47.583333333333336,majority_vote,59,ATTACK,93,"(14, 49)",False,1,False,1130
27,0.0,True,0.0,0.7672787474723404,0.8170717925183947,1102,0,1102.0,59,5,12,"(33, 50)",0,0.029143897996357013,91.08333333333333,50.5,majority_vote,59,ATTACK,92,"(26, 50)",False,2,False,1130
0,0.0,True,0.0,0.9,0.9,1105,0,1105.0,70,6,12,"(21, 24)",0,0.011029411764705883,89.83333333333333,48.166666666666664,majority_vote,70,ATTACK,109,"(7, 8)",False,0,False,1135
23,0.0,False,0.0,0.18264083061934222,0.21901367585446466,1105,0,1105.0,59,6,12,"(24, 45)",0,0.030054644808743168,88.33333333333333,47.583333333333336,majority_vote,59,ATTACK,93,"(19, 49)",False,1,False,1135
31,0.0,True,0.0,0.7672787474723404,0.8170717925183947,1107,0,1107.0,59,5,12,"(33, 50)",0,0.028233151183970857,91.08333333333333,50.5,majority_vote,59,ATTACK,92,"(31, 50)",False,2,False,1135
0,0.0,True,0.0,0.9,0.9,1110,0,1110.0,70,6,12,"(21, 24)",0,0.011246485473289597,89.83333333333333,48.166666666666664,majority_vote,70,ATTACK,109,"(12, 8)",False,0,False,1140
23,0.0,False,0.0,0.18264083061934222,0.21901367585446466,1110,0,1110.0,59,6,12,"(24, 45)",0,0.03064066852367688,88.33333333333333,47.583333333333336,majority_vote,59,ATTACK,93,"(24, 49)",False,1,False,1140
31,0.0,True,0.0,0.7672787474723404,0.8170717925183947,1111,0,1111.0,60,5,12,"(2, 50)",0,0.028783658310120707,91.08333333333333,50.5,majority_vote,60,ATTACK,93,"(31, 50)",False,2,False,1140
0,0.0,True,0.0,0.9,0.9,1115,0,1115.0,70,6,12,"(21, 24)",0,0.009363295880149813,89.83333333333333,48.166666666666664,majority_vote,70,ATTACK,109,"(14, 11)",False,0,False,1145
23,0.0,False,0.0,0.18264083061934222,0.21901367585446466,1114,0,1114.0,60,6,13,"(15, 2)",0,0.030612244897959183,88.07692307692308,45.30769230769231,majority_vote,60,ATTACK,94,"(24, 45)",False,1,False,1145
31,0.0,True,0.0,0.7672787474723404,0.8170717925183947,1116,0,1116.0,60,5,12,"(2, 50)",0,0.026901669758812616,91.08333333333333,50.5,majority_vote,60,ATTACK,93,"(27, 49)",False,2,False,1145
0,0.0,True,0.0,0.9,0.9,1120,0,1120.0,71,6,12,"(21, 24)",0,0.009363295880149813,89.83333333333333,48.166666666666664,majority_vote,71,ATTACK,110,"(14, 16)",False,0,False,1150
23,0.0,False,0.0,0.18264083061934222,0.21901367585446466,1119,0,1119.0,60,6,13,"(15, 2)",0,0.030612244897959183,88.07692307692308,45.30769230769231,majority_vote,60,ATTACK,95,"(25, 41)",False,1,False,1150
31,0.0,True,0.0,0.7672787474723404,0.8170717925183947,1121,0,1121.0,61,5,12,"(2, 50)",0,0.026901669758812616,91.08333333333333,50.5,majority_vote,61,ATTACK,94,"(22, 49)",False,2,False,1150
0,0.0,True,0.0,0.9,0.9,1125,0,1125.0,71,6,12,"(21, 24)",0,0.009363295880149813,89.83333333333333,48.166666666666664,majority_vote,71,ATTACK,110,"(16, 19)",False,0,False,1155
23,0.0,False,0.0,0.18264083061934222,0.21901367585446466,1124,0,1124.0,60,6,13,"(15, 2)",0,0.03153988868274583,88.07692307692308,45.30769230769231,majority_vote,60,ATTACK,95,"(25, 36)",False,1,False,1155
30,0.0,True,0.0,0.6388364288650467,0.6388364288650467,1126,0,1126.0,61,5,12,"(2, 50)",0,0.026901669758812616,91.08333333333333,50.5,majority_vote,61,ATTACK,94,"(18, 48)",False,2,False,1155
0,0.0,True,0.0,0.9,0.9,1130,0,1130.0,71,6,12,"(21, 24)",0,0.009363295880149813,89.83333333333333,48.166666666666664,majority_vote,71,ATTACK,110,"(17, 23)",False,0,False,1160
23,0.0,False,0.0,0.19155997077484385,0.2378628929118843,1129,0,1129.0,60,6,13,"(15, 2)",0,0.030697674418604652,88.07692307692308,45.30769230769231,majority_vote,60,ATTACK,95,"(25, 31)",False,1,False,1160
27,0.0,False,0.0,0.3067730808066434,0.3067730808066434,1131,0,1131.0,62,5,12,"(2, 50)",0,0.026976744186046512,91.08333333333333,50.5,majority_vote,62,ATTACK,95,"(14, 47)",False,2,False,1160
0,0.0,True,0.0,0.9,0.9,1135,0,1135.0,71,6,12,"(21, 24)",0,0.009328358208955223,89.83333333333333,48.166666666666664,majority_vote,71,ATTACK,110,"(21, 24)",False,0,False,1165
23,0.0,False,0.0,0.20590009366165346,0.2668794514780614,1134,0,1134.0,60,6,13,"(15, 2)",0,0.030499075785582256,88.07692307692308,45.30769230769231,majority_vote,60,ATTACK,95,"(25, 26)",False,1,False,1165
27,0.0,False,0.0,0.3067730808066434,0.3067730808066434,1136,0,1136.0,62,5,12,"(2, 50)",0,0.026802218114602587,91.08333333333333,50.5,majority_vote,62,ATTACK,95,"(10, 46)",False,2,False,1165
0,0.0,True,0.0,0.9,0.9,1139,0,1139.0,72,6,13,"(24, 45)",0,0.009233610341643583,89.6923076923077,47.15384615384615,majority_vote,72,ATTACK,111,"(21, 28)",False,0,False,1170
28,0.0,False,0.0,0.22104439114228838,0.3000958977758395,1139,0,1139.0,60,6,13,"(15, 2)",0,0.03019213174748399,88.07692307692308,45.30769230769231,majority_vote,60,ATTACK,95,"(25, 21)",False,1,False,1170
32,0.0,False,0.0,0.3067730808066434,0.3067730808066434,1141,0,1141.0,62,5,12,"(2, 50)",0,0.03110704483074108,91.08333333333333,50.5,majority_vote,62,ATTACK,95,"(5, 46)",False,2,False,1170
0,0.0,True,0.0,0.9,0.9,1144,0,1144.0,72,6,13,"(24, 45)",0,0.009191176470588236,89.6923076923077,47.15384615384615,majority_vote,72,ATTACK,112,"(24, 30)",False,0,False,1175
28,0.0,False,0.0,0.22960502949228886,0.3114097982544786,1144,0,1144.0,60,6,13,"(15, 2)",0,0.030054644808743168,88.07692307692308,45.30769230769231,majority_vote,60,ATTACK,96,"(25, 16)",False,1,False,1175
32,0.0,False,0.0,0.3067730808066434,0.3067730808066434,1146,0,1146.0,62,5,12,"(2, 50)",0,0.030965391621129327,91.08333333333333,50.5,majority_vote,62,ATTACK,96,"(3, 49)",False,2,False,1175
0,0.0,True,0.0,0.9,0.9,1149,0,1149.0,72,6,13,"(24, 45)",0,0.009191176470588236,89.6923076923077,47.15384615384615,majority_vote,72,ATTACK,112,"(25, 34)",False,0,False,1180
27,0.0,False,0.0,0.22960502949228886,0.3114097982544786,1149,0,1149.0,60,6,13,"(15, 2)",0,0.026411657559198543,88.07692307692308,45.30769230769231,majority_vote,60,ATTACK,96,"(25, 11)",False,1,False,1180
31,0.0,False,0.0,0.3067730808066434,0.3067730808066434,1150,0,1150.0,63,5,13,"(15, 2)",0,0.030965391621129327,90.61538461538461,49.69230769230769,majority_vote,63,ATTACK,97,"(3, 49)",False,2,False,1180
0,0.0,True,0.0,0.9,0.9,1154,0,1154.0,72,6,13,"(24, 45)",0,0.008272058823529412,89.6923076923077,47.15384615384615,majority_vote,72,ATTACK,112,"(25, 39)",False,0,False,1185
25,0.0,False,0.0,0.23392313583966923,0.31596715643989587,1154,0,1154.0,60,6,13,"(15, 2)",0,0.02459016393442623,88.07692307692308,45.30769230769231,majority_vote,60,ATTACK,96,"(22, 9)",False,1,False,1185
28,0.0,False,0.0,0.3067730808066434,0.3067730808066434,1155,0,1155.0,63,5,13,"(15, 2)",0,0.030965391621129327,90.61538461538461,49.69230769230769,majority_vote,63,ATTACK,97,"(5, 46)",False,2,False,1185
0,0.0,True,0.0,0.9,0.9,1159,0,1159.0,72,6,13,"(24, 45)",0,0.009191176470588236,89.6923076923077,47.15384615384615,majority_vote,72,ATTACK,112,"(25, 44)",False,0,False,1190
25,0.0,False,0.0,0.25600835235920383,0.34109651208955816,1159,0,1159.0,60,6,13,"(15, 2)",0,0.02459016393442623,88.07692307692308,45.30769230769231,majority_vote,60,ATTACK,96,"(17, 9)",False,1,False,1190
28,0.0,False,0.0,0.3067730808066434,0.3067730808066434,1160,0,1160.0,63,5,13,"(15, 2)",0,0.030965391621129327,90.61538461538461,49.69230769230769,majority_vote,63,ATTACK,97,"(10, 46)",False,2,False,1190
0,0.0,True,0.0,0.9,0.9,1163,0,1163.0,73,6,13,"(2, 41)",0,0.010101010101010102,89.6923076923077,47.15384615384615,majority_vote,73,ATTACK,113,"(25, 44)",False,0,False,1195
25,0.0,False,0.0,0.2788000879048936,0.36541659472649995,1164,0,1164.0,60,6,13,"(15, 2)",0,0.02456778889899909,88.07692307692308,45.30769230769231,majority_vote,60,ATTACK,96,"(15, 6)",False,1,False,1195
28,0.0,False,0.0,0.3067730808066434,0.3067730808066434,1165,0,1165.0,65,5,13,"(15, 2)",0,0.030937215650591446,90.61538461538461,49.69230769230769,majority_vote,65,ATTACK,99,"(12, 43)",False,2,False,1195
0,0.0,True,0.0,0.9,0.9,1168,0,1168.0,73,6,13,"(2, 41)",0,0.03764921946740129,89.6923076923077,47.15384615384615,majority_vote,73,ATTACK,114,"(24, 40)",False,0,False,1200
25,0.0,False,0.0,0.2834488275649702,0.3717748811064254,1168,0,1168.0,61,6,13,"(2, 50)",0,0.039126478616924476,88.07692307692308,45.30769230769231,majority_vote,61,ATTACK,98,"(15, 2)",False,1,False,1200
28,0.0,False,0.0,0.3067730808066434,0.3067730808066434,1170,0,1170.0,65,5,13,"(15, 2)",0,0.04185623293903549,90.61538461538461,49.69230769230769,majority_vote,65,ATTACK,100,"(14, 40)",False,2,False,1200
0,0.0,True,0.0,0.9,0.9,1173,0,1173.0,75,6,13,"(2, 41)",0,0.03489439853076217,89.6923076923077,47.15384615384615,majority_vote,75,ATTACK,116,"(20, 39)",False,0,False,1205
25,0.0,False,0.0,0.2834488275649702,0.3717748811064254,1173,0,1173.0,61,6,13,"(2, 50)",0,0.03002729754322111,88.07692307692308,45.30769230769231,majority_vote,61,ATTACK,98,"(15, 7)",False,1,False,1205
28,0.0,False,0.0,0.309650546471963,0.33233429859748603,1175,0,1175.0,65,5,13,"(15, 2)",0,0.03275705186533212,90.61538461538461,49.69230769230769,majority_vote,65,ATTACK,100,"(15, 36)",False,2,False,1205
0,0.0,True,0.0,0.9,0.9,1178,0,1178.0,75,6,13,"(2, 41)",0,0.03489439853076217,89.6923076923077,47.15384615384615,majority_vote,75,ATTACK,116,"(15, 39)",False,0,False,1210
25,0.0,False,0.0,0.2834488275649702,0.3717748811064254,1178,0,1178.0,61,6,13,"(2, 50)",0,0.03002729754322111,88.07692307692308,45.30769230769231,majority_vote,61,ATTACK,98,"(16, 11)",False,1,False,1210
24,0.0,False,0.0,0.3200571568490596,0.3694067110820987,1180,0,1180.0,65,5,13,"(15, 2)",0,0.029117379435850774,90.61538461538461,49.69230769230769,majority_vote,65,ATTACK,100,"(15, 31)",False,2,False,1210
0,0.0,True,0.0,0.9,0.9,1183,0,1183.0,75,6,13,"(2, 41)",0,0.03489439853076217,89.6923076923077,47.15384615384615,majority_vote,75,ATTACK,116,"(12, 41)",False,0,False,1215
24,0.0,False,0.0,0.2834488275649702,0.3717748811064254,1183,0,1183.0,61,6,13,"(2, 50)",0,0.03002729754322111,88.07692307692308,45.30769230769231,majority_vote,61,ATTACK,98,"(16, 16)",False,1,False,1215
24,0.0,False,0.0,0.32879637953829166,0.38654649242936306,1185,0,1185.0,65,5,13,"(15, 2)",0,0.029117379435850774,90.61538461538461,49.69230769230769,majority_vote,65,ATTACK,100,"(15, 26)",False,2,False,1215
0,0.0,True,0.0,0.9,0.9,1188,0,1188.0,75,6,13,"(2, 41)",0,0.03489439853076217,89.6923076923077,47.15384615384615,majority_vote,75,ATTACK,116,"(7, 41)",False,0,False,1220
17,0.0,False,0.0,0.2834488275649702,0.3717748811064254,1188,0,1188.0,61,6,13,"(2, 50)",0,0.03019213174748399,88.07692307692308,45.30769230769231,majority_vote,61,ATTACK,98,"(16, 21)",False,1,False,1220
18,0.0,False,0.0,0.32879637953829166,0.38654649242936306,1190,0,1190.0,65,5,13,"(15, 2)",0,0.028362305580969808,90.61538461538461,49.69230769230769,majority_vote,65,ATTACK,100,"(15, 21)",False,2,False,1220
0,0.0,True,0.0,0.9,0.9,1193,0,1193.0,75,6,13,"(2, 41)",0,0.03489439853076217,89.6923076923077,47.15384615384615,majority_vote,75,ATTACK,117,"(2, 41)",False,0,False,1225
17,0.0,False,0.0,0.2834488275649702,0.3717748811064254,1193,0,1193.0,61,6,13,"(2, 50)",0,0.03019213174748399,88.07692307692308,45.30769230769231,majority_vote,61,ATTACK,99,"(16, 26)",False,1,False,1225
18,0.0,False,0.0,0.32879637953829166,0.38654649242936306,1195,0,1195.0,65,5,13,"(15, 2)",0,0.026532479414455627,90.61538461538461,49.69230769230769,majority_vote,65,ATTACK,101,"(15, 16)",False,2,False,1225
0,0.0,True,0.0,0.9,0.9,1197,0,1197.0,76,6,14,"(3, 8)",0,0.03489439853076217,87.57142857142857,46.142857142857146,majority_vote,76,ATTACK,118,"(6, 41)",False,0,False,1230
15,0.0,False,0.0,0.29272230118092823,0.38084517930477985,1198,0,1198.0,61,6,13,"(2, 50)",0,0.03019213174748399,88.07692307692308,45.30769230769231,majority_vote,61,ATTACK,99,"(16, 31)",False,1,False,1230
18,0.0,False,0.0,0.32879637953829166,0.38654649242936306,1200,0,1200.0,65,5,13,"(15, 2)",0,0.026532479414455627,90.61538461538461,49.69230769230769,majority_vote,65,ATTACK,101,"(15, 11)",False,2,False,1230
0,0.0,True,0.0,0.9,0.9,1202,0,1202.0,76,6,14,"(3, 8)",0,0.0347985347985348,87.57142857142857,46.142857142857146,majority_vote,76,ATTACK,118,"(8, 38)",False,0,False,1235
14,0.0,False,0.0,0.316162370942013,0.40604738277088115,1203,0,1203.0,61,6,13,"(2, 50)",0,0.030109489051094892,88.07692307692308,45.30769230769231,majority_vote,61,ATTACK,99,"(16, 36)",False,1,False,1235
18,0.0,False,0.0,0.32879637953829166,0.38654649242936306,1205,0,1205.0,65,5,13,"(15, 2)",0,0.02645985401459854,90.61538461538461,49.69230769230769,majority_vote,65,ATTACK,101,"(15, 6)",False,2,False,1235
0,0.0,True,0.0,0.9,0.9,1207,0,1207.0,76,6,14,"(3, 8)",0,0.034195933456561925,87.57142857142857,46.142857142857146,majority_vote,76,ATTACK,118,"(11, 36)",False,0,False,1240
12,0.0,False,0.0,0.3400198754592766,0.43114103955008415,1208,0,1208.0,61,6,13,"(2, 50)",0,0.029250457038391225,88.07692307692308,45.30769230769231,majority_vote,61,ATTACK,99,"(16, 41)",False,1,False,1240
17,0.0,False,0.0,0.32879637953829166,0.38654649242936306,1209,0,1209.0,66,5,13,"(12, 50)",0,0.026703499079189688,90.61538461538461,49.69230769230769,majority_vote,66,ATTACK,102,"(15, 2)",False,2,False,1240
0,0.0,True,0.0,0.9,0.9,1212,0,1212.0,76,6,14,"(3, 8)",0,0.034195933456561925,87.57142857142857,46.142857142857146,majority_vote,76,ATTACK,118,"(14, 34)",False,0,False,1245
15,0.0,False,0.0,0.35925019150959486,0.45040032371779765,1213,0,1213.0,61,6,13,"(2, 50)",0,0.0283363802559415,88.07692307692308,45.30769230769231,majority_vote,61,ATTACK,99,"(16, 46)",False,1,False,1245
20,0.0,False,0.0,0.32879637953829166,0.38654649242936306,1214,0,1214.0,66,5,13,"(12, 50)",0,0.026703499079189688,90.61538461538461,49.69230769230769,majority_vote,66,ATTACK,102,"(14, 6)",False,2,False,1245
0,0.0,True,0.0,0.9,0.9,1217,0,1217.0,76,6,14,"(3, 8)",0,0.034195933456561925,87.57142857142857,46.142857142857146,majority_vote,76,ATTACK,120,"(14, 29)",False,0,False,1250
14,0.0,False,0.0,0.37804970803525934,0.4668036589996542,1218,0,1218.0,61,6,13,"(2, 50)",0,0.0283363802559415,88.07692307692308,45.30769230769231,majority_vote,61,ATTACK,100,"(11, 46)",False,1,False,1250
19,0.0,False,0.0,0.32879637953829166,0.38654649242936306,1219,0,1219.0,66,5,13,"(12, 50)",0,0.026703499079189688,90.61538461538461,49.69230769230769,majority_vote,66,ATTACK,103,"(14, 11)",False,2,False,1250
0,0.0,True,0.0,0.9,0.9,1222,0,1222.0,76,6,14,"(3, 8)",0,0.034195933456561925,87.57142857142857,46.142857142857146,majority_vote,76,ATTACK,120,"(14, 24)",False,0,False,1255
14,0.0,False,0.0,0.40114775734644476,0.4885643614908776,1223,0,1223.0,61,6,13,"(2, 50)",0,0.0283363802559415,88.07692307692308,45.30769230769231,majority_vote,61,ATTACK,100,"(6, 46)",False,1,False,1255
19,0.0,False,0.0,0.32879637953829166,0.38654649242936306,1224,0,1224.0,66,5,13,"(12, 50)",0,0.026703499079189688,90.61538461538461,49.69230769230769,majority_vote,66,ATTACK,103,"(14, 16)",False,2,False,1255
0,0.0,True,0.0,0.9,0.9,1226,0,1226.0,76,7,14,"(3, 8)",0,0.034482758620689655,87.57142857142857,46.142857142857146,majority_vote,76,ATTACK,120,"(14, 20)",False,0,False,1260
14,0.0,True,0.0,0.4195309839973887,0.5064065464246715,1228,0,1228.0,61,6,13,"(2, 50)",0,0.027855153203342618,88.07692307692308,45.30769230769231,majority_vote,61,ATTACK,100,"(3, 48)",False,1,False,1260
19,0.0,False,0.0,0.3461371889776492,0.41959405531851307,1228,0,1228.0,66,6,13,"(12, 50)",0,0.02692664809656453,90.61538461538461,49.69230769230769,majority_vote,66,ATTACK,103,"(15, 19)",False,2,False,1260
0,0.0,True,0.0,0.9,0.9,1231,0,1231.0,76,7,14,"(3, 8)",0,0.034482758620689655,87.57142857142857,46.142857142857146,majority_vote,76,ATTACK,120,"(14, 15)",False,0,False,1265
14,0.0,True,0.0,0.4195309839973887,0.5064065464246715,1232,0,1232.0,62,6,14,"(13, 15)",0,0.027855153203342618,90.28571428571429,46.642857142857146,majority_vote,62,ATTACK,101,"(3, 50)",False,1,False,1265
19,0.0,False,0.0,0.36714360648278577,0.4512064306068553,1233,0,1233.0,68,6,13,"(12, 50)",0,0.027855153203342618,90.61538461538461,49.69230769230769,majority_vote,68,ATTACK,105,"(14, 21)",False,2,False,1265
0,0.0,True,0.0,0.9,0.9,1236,0,1236.0,76,7,14,"(3, 8)",0,0.034482758620689655,87.57142857142857,46.142857142857146,majority_vote,76,ATTACK,120,"(13, 11)",False,0,False,1270
14,0.0,True,0.0,0.4195309839973887,0.5064065464246715,1237,0,1237.0,62,6,14,"(13, 15)",0,0.027855153203342618,90.28571428571429,46.642857142857146,majority_vote,62,ATTACK,101,"(5, 47)",False,1,False,1270
19,0.0,False,0.0,0.3898038731780445,0.4756345222770835,1238,0,1238.0,68,6,13,"(12, 50)",0,0.027855153203342618,90.61538461538461,49.69230769230769,majority_vote,68,ATTACK,105,"(14, 26)",False,2,False,1270
0,0.0,True,0.0,0.9,0.9,1241,0,1241.0,76,7,14,"(3, 8)",0,0.034482758620689655,87.57142857142857,46.142857142857146,majority_vote,76,ATTACK,121,"(11, 8)",False,0,False,1275
14,0.0,True,0.0,0.4240371888730028,0.5096550815096701,1242,0,1242.0,63,6,14,"(13, 15)",0,0.027855153203342618,90.28571428571429,46.642857142857146,majority_vote,63,ATTACK,102,"(7, 44)",False,1,False,1275
19,0.0,False,0.0,0.412214348254639,0.496858816957219,1243,0,1243.0,68,6,13,"(12, 50)",0,0.027855153203342618,90.61538461538461,49.69230769230769,majority_vote,68,ATTACK,106,"(14, 31)",False,2,False,1275
0,0.0,True,0.0,0.9,0.9,1246,0,1246.0,76,7,14,"(3, 8)",0,0.03477443609022556,87.57142857142857,46.142857142857146,majority_vote,76,ATTACK,121,"(6, 8)",False,0,False,1280
18,0.0,True,0.0,0.44646755509948466,0.5311465424838994,1247,0,1247.0,63,6,14,"(13, 15)",0,0.027958993476234855,90.28571428571429,46.642857142857146,majority_vote,63,ATTACK,102,"(9, 41)",False,1,False,1280
21,0.0,False,0.0,0.4274828881072524,0.4844104619623481,1248,0,1248.0,68,6,13,"(12, 50)",0,0.027128157156220765,90.61538461538461,49.69230769230769,majority_vote,68,ATTACK,106,"(14, 36)",False,2,False,1280
0,0.0,True,0.0,0.9,0.9,1250,0,1250.0,77,7,14,"(2, 22)",0,0.03477443609022556,87.57142857142857,46.142857142857146,majority_vote,77,ATTACK,122,"(4, 8)",False,0,False,1285
18,0.0,True,0.0,0.46821520298088876,0.549560218456708,1252,0,1252.0,63,6,14,"(13, 15)",0,0.027958993476234855,90.28571428571429,46.642857142857146,majority_vote,63,ATTACK,102,"(14, 41)",False,1,False,1285
21,0.0,True,0.0,0.4429581098423682,0.5027789452847241,1252,0,1252.0,68,7,13,"(12, 50)",0,0.027128157156220765,90.61538461538461,49.69230769230769,majority_vote,68,ATTACK,106,"(14, 40)",False,2,False,1285
0,0.0,True,0.0,0.9,0.9,1255,0,1255.0,77,7,14,"(2, 22)",0,0.03477443609022556,87.57142857142857,46.142857142857146,majority_vote,77,ATTACK,122,"(9, 8)",False,0,False,1290
18,0.0,True,0.0,0.4848290361097388,0.5627644434895511,1256,0,1256.0,63,7,14,"(13, 15)",0,0.027958993476234855,90.28571428571429,46.642857142857146,majority_vote,63,ATTACK,102,"(14, 37)",False,1,False,1290
21,0.0,True,0.0,0.4462385674769436,0.5085672625338765,1257,0,1257.0,70,7,13,"(12, 50)",0,0.027128157156220765,90.61538461538461,49.69230769230769,majority_vote,70,ATTACK,108,"(12, 39)",False,2,False,1290
0,0.0,True,0.0,0.9,0.9,1260,0,1260.0,77,7,14,"(2, 22)",0,0.03571428571428571,87.57142857142857,46.142857142857146,majority_vote,77,ATTACK,122,"(13, 9)",False,0,False,1295
17,0.0,True,0.0,0.5039027887663124,0.5613490410723656,1261,0,1261.0,63,7,14,"(13, 15)",0,0.027958993476234855,90.28571428571429,46.642857142857146,majority_vote,63,ATTACK,102,"(14, 32)",False,1,False,1295
21,0.0,True,0.0,0.4597420354290039,0.5256880579554842,1262,0,1262.0,70,7,13,"(12, 50)",0,0.027128157156220765,90.61538461538461,49.69230769230769,majority_vote,70,ATTACK,108,"(12, 44)",False,2,False,1295
0,0.0,True,0.0,0.9,0.9,1265,0,1265.0,77,7,14,"(2, 22)",0,0.03571428571428571,87.57142857142857,46.142857142857146,majority_vote,77,ATTACK,123,"(14, 13)",False,0,False,1300
16,0.0,True,0.0,0.5157701637795022,0.5626600758778869,1266,0,1266.0,63,7,14,"(13, 15)",0,0.02702702702702703,90.28571428571429,46.642857142857146,majority_vote,63,ATTACK,103,"(14, 27)",False,1,False,1300
21,0.0,True,0.0,0.47014980599568157,0.5358946896759521,1267,0,1267.0,70,7,13,"(12, 50)",0,0.027128157156220765,90.61538461538461,49.69230769230769,majority_vote,70,ATTACK,109,"(12, 49)",False,2,False,1300
0,0.0,True,0.0,0.9,0.9,1270,0,1270.0,77,7,14,"(2, 22)",0,0.03571428571428571,87.57142857142857,46.142857142857146,majority_vote,77,ATTACK,123,"(14, 18)",False,0,False,1305
16,0.0,True,0.0,0.5286859327097221,0.5793484629692259,1271,0,1271.0,63,7,14,"(13, 15)",0,0.02702702702702703,90.28571428571429,46.642857142857146,majority_vote,63,ATTACK,103,"(14, 22)",False,1,False,1305
21,0.0,True,0.0,0.47014980599568157,0.5358946896759521,1270,0,1270.0,71,7,14,"(33, 8)",0,0.027128157156220765,93.0,50.57142857142857,majority_vote,71,ATTACK,111,"(12, 48)",False,2,False,1305
0,0.0,True,0.0,0.9,0.9,1275,0,1275.0,77,7,14,"(2, 22)",0,0.03477443609022556,87.57142857142857,46.142857142857146,majority_vote,77,ATTACK,123,"(12, 21)",False,0,False,1310
16,0.0,True,0.0,0.5437887433764519,0.6057657126083752,1274,0,1274.0,63,9,14,"(13, 15)",0,0.02702702702702703,90.28571428571429,46.642857142857146,majority_vote,63,ATTACK,104,"(14, 19)",False,1,False,1310
21,0.0,True,0.0,0.47014980599568157,0.5358946896759521,1275,0,1275.0,71,7,14,"(33, 8)",0,0.026192703461178673,93.0,50.57142857142857,majority_vote,71,ATTACK,111,"(13, 44)",False,2,False,1310
0,0.0,True,0.0,0.9,0.9,1280,0,1280.0,78,7,14,"(2, 22)",0,0.03383458646616541,87.57142857142857,46.142857142857146,majority_vote,78,ATTACK,124,"(8, 22)",False,0,False,1315
24,0.0,True,0.0,0.5608347689228426,0.6263867545938163,1279,0,1279.0,63,9,14,"(13, 15)",0,0.02702702702702703,90.28571428571429,46.642857142857146,majority_vote,63,ATTACK,104,"(13, 15)",False,1,False,1315
29,0.0,True,0.0,0.4735507760126352,0.5381692063347535,1280,0,1280.0,71,7,14,"(33, 8)",0,0.02432179607109448,93.0,50.57142857142857,majority_vote,71,ATTACK,111,"(13, 39)",False,2,False,1315
0,0.0,True,0.0,0.9,0.9,1285,0,1285.0,78,7,14,"(2, 22)",0,0.03336510962821735,87.57142857142857,46.142857142857146,majority_vote,78,ATTACK,124,"(4, 23)",False,0,False,1320
24,0.0,True,0.0,0.5643316192792412,0.630771776050816,1283,0,1283.0,64,9,14,"(2, 50)",0,0.028328611898016998,90.28571428571429,46.642857142857146,majority_vote,64,ATTACK,105,"(14, 18)",False,1,False,1320
29,0.0,True,0.0,0.4836858675542659,0.5473676959158797,1285,0,1285.0,71,7,14,"(33, 8)",0,0.023719165085388995,93.0,50.57142857142857,majority_vote,71,ATTACK,111,"(13, 34)",False,2,False,1320
0,0.0,True,0.0,0.9,0.9,1289,0,1289.0,79,7,15,"(15, 2)",0,0.03145853193517636,88.26666666666667,45.733333333333334,majority_vote,79,ATTACK,126,"(3, 22)",False,0,False,1325
24,0.0,True,0.0,0.5817902031124436,0.6482540746493174,1288,0,1288.0,64,9,14,"(2, 50)",0,0.028328611898016998,90.28571428571429,46.642857142857146,majority_vote,64,ATTACK,106,"(13, 22)",False,1,False,1325
29,0.0,True,0.0,0.487053461690225,0.5510377502734479,1290,0,1290.0,71,7,14,"(33, 8)",0,0.021821631878557873,93.0,50.57142857142857,majority_vote,71,ATTACK,112,"(15, 31)",False,2,False,1325
0,0.0,True,0.0,0.9,0.9,1294,0,1294.0,79,7,15,"(15, 2)",0,0.03145853193517636,88.26666666666667,45.733333333333334,majority_vote,79,ATTACK,126,"(7, 23)",False,0,False,1330
24,0.0,True,0.0,0.5921940899786547,0.6577372073382314,1293,0,1293.0,64,9,14,"(2, 50)",0,0.02644003777148253,90.28571428571429,46.642857142857146,majority_vote,64,ATTACK,106,"(13, 27)",False,1,False,1330
29,0.0,True,0.0,0.4971745076300051,0.5615626172910478,1295,0,1295.0,71,7,14,"(33, 8)",0,0.021821631878557873,93.0,50.57142857142857,majority_vote,71,ATTACK,112,"(15, 26)",False,2,False,1330
0,0.0,True,0.0,0.9,0.9,1299,0,1299.0,79,7,15,"(15, 2)",0,0.03145853193517636,88.26666666666667,45.733333333333334,majority_vote,79,ATTACK,126,"(9, 20)",False,0,False,1335
24,0.0,True,0.0,0.609063511206955,0.6716592817223802,1298,0,1298.0,64,9,14,"(2, 50)",0,0.02644003777148253,90.28571428571429,46.642857142857146,majority_vote,64,ATTACK,106,"(13, 32)",False,1,False,1335
29,0.0,True,0.0,0.5143779232450939,0.5807300579786756,1300,0,1300.0,71,7,14,"(33, 8)",0,0.021821631878557873,93.0,50.57142857142857,majority_vote,71,ATTACK,112,"(15, 21)",False,2,False,1335
0,0.0,True,0.0,0.9,0.9,1304,0,1304.0,79,7,15,"(15, 2)",0,0.030828516377649325,88.26666666666667,45.733333333333334,majority_vote,79,ATTACK,126,"(14, 20)",False,0,False,1340
20,0.0,True,0.0,0.6154190396824532,0.6751485191109576,1303,0,1303.0,64,9,14,"(2, 50)",0,0.02588686481303931,90.28571428571429,46.642857142857146,majority_vote,64,ATTACK,106,"(12, 36)",False,1,False,1340
25,0.0,True,0.0,0.5323467635678861,0.6021362345197642,1305,0,1305.0,71,7,14,"(33, 8)",0,0.021174205967276226,93.0,50.57142857142857,majority_vote,71,ATTACK,112,"(15, 16)",False,2,False,1340
0,0.0,True,0.0,0.9,0.9,1309,0,1309.0,79,7,15,"(15, 2)",0,0.029865125240847785,88.26666666666667,45.733333333333334,majority_vote,79,ATTACK,126,"(15, 16)",False,0,False,1345
20,0.0,True,0.0,0.6246447329219332,0.6821839078961016,1308,0,1308.0,64,9,14,"(2, 50)",0,0.020134228187919462,90.28571428571429,46.642857142857146,majority_vote,64,ATTACK,106,"(10, 39)",False,1,False,1345
25,0.0,True,0.0,0.5511751393104637,0.6237130164523572,1310,0,1310.0,71,7,14,"(33, 8)",0,0.021174205967276226,93.0,50.57142857142857,majority_vote,71,ATTACK,112,"(15, 11)",False,2,False,1345
0,0.0,True,0.0,0.9,0.9,1314,0,1314.0,79,7,15,"(15, 2)",0,0.03757225433526012,88.26666666666667,45.733333333333334,majority_vote,79,ATTACK,127,"(15, 11)",False,0,False,1350
20,0.0,True,0.0,0.6246447329219332,0.6821839078961016,1313,0,1313.0,65,9,14,"(2, 50)",0,0.03547459252157239,90.28571428571429,46.642857142857146,majority_vote,65,ATTACK,107,"(9, 43)",False,1,False,1350
25,0.0,True,0.0,0.570567865157522,0.6456993340076307,1315,0,1315.0,71,7,14,"(33, 8)",0,0.03849855630413859,93.0,50.57142857142857,majority_vote,71,ATTACK,113,"(18, 9)",False,2,False,1350
0,0.0,True,0.0,0.9,0.9,1319,0,1319.0,79,7,15,"(15, 2)",0,0.03564547206165703,88.26666666666667,45.733333333333334,majority_vote,79,ATTACK,127,"(15, 6)",False,0,False,1355
20,0.0,True,0.0,0.6246447329219332,0.6821839078961016,1318,0,1318.0,65,9,14,"(2, 50)",0,0.03547459252157239,90.28571428571429,46.642857142857146,majority_vote,65,ATTACK,107,"(6, 45)",False,1,False,1355
25,0.0,True,0.0,0.590609553273179,0.666663554152948,1320,0,1320.0,71,7,14,"(33, 8)",0,0.03849855630413859,93.0,50.57142857142857,majority_vote,71,ATTACK,113,"(23, 9)",False,2,False,1355
0,0.0,True,0.0,0.9,0.9,1323,0,1323.0,80,7,15,"(33, 50)",0,0.031037827352085354,88.26666666666667,45.733333333333334,majority_vote,80,ATTACK,128,"(15, 2)",False,0,False,1360
20,0.0,True,0.0,0.6246447329219332,0.6821839078961016,1323,0,1323.0,65,9,14,"(2, 50)",0,0.03547459252157239,90.28571428571429,46.642857142857146,majority_vote,65,ATTACK,107,"(5, 49)",False,1,False,1360
19,0.0,True,0.0,0.5945600746410956,0.6696199806315106,1325,0,1325.0,73,7,14,"(33, 8)",0,0.035748792270531404,93.0,50.57142857142857,majority_vote,73,ATTACK,115,"(28, 9)",False,2,False,1360
0,0.0,True,0.0,0.9,0.9,1328,0,1328.0,80,7,15,"(33, 50)",0,0.029069767441860465,88.26666666666667,45.733333333333334,majority_vote,80,ATTACK,128,"(15, 7)",False,0,False,1365
20,0.0,True,0.0,0.6246447329219332,0.6821839078961016,1327,0,1327.0,66,9,15,"(2, 22)",0,0.03547459252157239,91.0,46.8,majority_vote,66,ATTACK,108,"(2, 50)",False,1,False,1365
17,0.0,True,0.0,0.5945600746410956,0.6696199806315106,1330,0,1330.0,73,7,14,"(33, 8)",0,0.033783783783783786,93.0,50.57142857142857,majority_vote,73,ATTACK,115,"(32, 8)",False,2,False,1365
0,0.0,True,0.0,0.9,0.9,1333,0,1333.0,80,7,15,"(33, 50)",0,0.029069767441860465,88.26666666666667,45.733333333333334,majority_vote,80,ATTACK,128,"(16, 11)",False,0,False,1370
20,0.0,True,0.0,0.6246447329219332,0.6821839078961016,1332,0,1332.0,66,9,15,"(2, 22)",0,0.03547459252157239,91.0,46.8,majority_vote,66,ATTACK,108,"(3, 46)",False,1,False,1370
17,0.0,True,0.0,0.5945600746410956,0.6696199806315106,1334,0,1334.0,74,7,15,"(33, 50)",0,0.033783783783783786,91.13333333333334,51.46666666666667,majority_vote,74,ATTACK,116,"(33, 11)",False,2,False,1370
0,0.0,True,0.0,0.9,0.9,1338,0,1338.0,81,7,15,"(33, 50)",0,0.028873917228103944,88.26666666666667,45.733333333333334,majority_vote,81,ATTACK,129,"(16, 16)",False,0,False,1375
20,0.0,True,0.0,0.6246447329219332,0.6821839078961016,1337,0,1337.0,66,9,15,"(2, 22)",0,0.03537284894837476,91.0,46.8,majority_vote,66,ATTACK,109,"(3, 41)",False,1,False,1375
17,0.0,True,0.0,0.5945600746410956,0.6696199806315106,1339,0,1339.0,74,7,15,"(33, 50)",0,0.03355704697986577,91.13333333333334,51.46666666666667,majority_vote,74,ATTACK,117,"(30, 13)",False,2,False,1375
0,0.0,True,0.0,0.9,0.9,1343,0,1343.0,81,7,15,"(33, 50)",0,0.028790786948176585,88.26666666666667,45.733333333333334,majority_vote,81,ATTACK,129,"(18, 19)",False,0,False,1380
20,0.0,True,0.0,0.6246447329219332,0.6821839078961016,1342,0,1342.0,66,9,15,"(2, 22)",0,0.03550863723608445,91.0,46.8,majority_vote,66,ATTACK,109,"(3, 36)",False,1,False,1380
17,0.0,True,0.0,0.5945600746410956,0.6696199806315106,1344,0,1344.0,74,7,15,"(33, 50)",0,0.03368623676612127,91.13333333333334,51.46666666666667,majority_vote,74,ATTACK,117,"(29, 17)",False,2,False,1380
0,0.0,True,0.0,0.9,0.9,1348,0,1348.0,81,7,15,"(33, 50)",0,0.030360531309297913,88.26666666666667,45.733333333333334,majority_vote,81,ATTACK,129,"(18, 24)",False,0,False,1385
20,0.0,True,0.0,0.6246447329219332,0.6821839078961016,1347,0,1347.0,66,9,15,"(2, 22)",0,0.030360531309297913,91.0,46.8,majority_vote,66,ATTACK,109,"(3, 31)",False,1,False,1385
17,0.0,True,0.0,0.5945600746410956,0.6696199806315106,1349,0,1349.0,77,7,15,"(33, 50)",0,0.025689819219790674,91.13333333333334,51.46666666666667,majority_vote,77,ATTACK,120,"(29, 22)",False,2,False,1385
0,0.0,True,0.0,0.9,0.9,1353,0,1353.0,81,7,15,"(33, 50)",0,0.031190926275992438,88.26666666666667,45.733333333333334,majority_vote,81,ATTACK,129,"(18, 29)",False,0,False,1390
56,0.0,True,0.0,0.6246447329219332,0.6821839078961016,1352,0,1352.0,66,9,15,"(2, 22)",0,0.04914933837429111,91.0,46.8,majority_vote,66,ATTACK,109,"(3, 26)",False,1,False,1390
53,0.8383944130446963,True,0.8383944130446963,0.5984505175264835,0.6723689323488528,1354,0,1354.0,77,7,15,"(33, 50)",0,0.024644549763033177,91.13333333333334,51.46666666666667,majority_vote,77,ATTACK,121,"(25, 23)",False,2,False,1390
0,0.0,True,0.0,0.9,0.9,1358,0,1358.0,81,7,15,"(33, 50)",0,0.025495750708215296,88.26666666666667,45.733333333333334,majority_vote,81,ATTACK,129,"(18, 34)",False,0,False,1395
56,0.0,True,0.0,0.6246447329219332,0.6821839078961016,1357,0,1357.0,66,9,15,"(2, 22)",0,0.03857008466603951,91.0,46.8,majority_vote,66,ATTACK,109,"(2, 22)",False,1,False,1395
53,0.8383944130446963,True,0.8383944130446963,0.6171733128793363,0.6863573052032319,1359,0,1359.0,77,7,15,"(33, 50)",0,0.016965127238454288,91.13333333333334,51.46666666666667,majority_vote,77,ATTACK,121,"(25, 28)",False,2,False,1395
0,0.0,True,0.0,0.9,0.9,1363,0,1363.0,83,7,15,"(33, 50)",0,0.02021174205967276,88.26666666666667,45.733333333333334,majority_vote,83,ATTACK,131,"(18, 39)",False,0,False,1400
48,0.0,True,0.0,0.6246447329219332,0.6821839078961016,1361,0,1361.0,67,9,15,"(33, 50)",0,0.03176130895091434,91.0,46.8,majority_vote,67,ATTACK,111,"(3, 25)",False,1,False,1400
45,0.5679999999999978,True,0.5679999999999978,0.6346419103312941,0.6992402100222467,1364,0,1364.0,78,7,15,"(33, 50)",0,0.010587102983638113,91.13333333333334,51.46666666666667,majority_vote,78,ATTACK,122,"(25, 33)",False,2,False,1400
0,0.0,True,0.0,0.9,0.9,1368,0,1368.0,83,7,15,"(33, 50)",0,0.018199233716475097,88.26666666666667,45.733333333333334,majority_vote,83,ATTACK,131,"(22, 40)",False,0,False,1405
44,0.0,True,0.0,0.6246447329219332,0.6821839078961016,1366,0,1366.0,67,9,15,"(33, 50)",0,0.020114942528735632,91.0,46.8,majority_vote,67,ATTACK,111,"(6, 27)",False,1,False,1405
35,0.5080000000000027,True,0.5080000000000027,0.6146454777964452,0.6146454777964452,1369,0,1369.0,79,7,15,"(33, 50)",0,0.008620689655172414,91.13333333333334,51.46666666666667,majority_vote,79,ATTACK,123,"(25, 38)",False,2,False,1405
0,0.0,True,0.0,0.9,0.9,1372,0,1372.0,83,8,15,"(33, 50)",0,0.016205910390848427,88.26666666666667,45.733333333333334,majority_vote,83,ATTACK,131,"(25, 41)",False,0,False,1410
23,0.0,True,0.0,0.633512498617569,0.6891952612234805,1371,0,1371.0,67,9,15,"(33, 50)",0,0.0076263107721639654,91.0,46.8,majority_vote,67,ATTACK,111,"(11, 27)",False,1,False,1410
11,0.0,False,0.0,0.3769979569636384,0.3769979569636384,1374,0,1374.0,84,7,15,"(33, 50)",0,0.00667302192564347,91.13333333333334,51.46666666666667,majority_vote,84,ATTACK,128,"(25, 43)",False,2,False,1410
0,0.0,True,0.0,0.9,0.9,1377,0,1377.0,83,8,15,"(33, 50)",0,0.016159695817490494,88.26666666666667,45.733333333333334,majority_vote,83,ATTACK,131,"(26, 45)",False,0,False,1415
12,0.0,True,0.0,0.6478068185641996,0.701138645480504,1376,0,1376.0,67,9,15,"(33, 50)",0,0.0076045627376425855,91.0,46.8,majority_vote,67,ATTACK,111,"(12, 31)",False,1,False,1415
9,0.0,False,0.0,0.376928260688574,0.4055180160797636,1379,0,1379.0,84,7,15,"(33, 50)",0,0.005703422053231939,91.13333333333334,51.46666666666667,majority_vote,84,ATTACK,128,"(27, 46)",False,2,False,1415
0,0.0,True,0.0,0.9,0.9,1382,0,1382.0,83,8,15,"(33, 50)",0,0.016129032258064516,88.26666666666667,45.733333333333334,majority_vote,83,ATTACK,131,"(27, 49)",False,0,False,1420
12,0.0,True,0.0,0.6615044326805062,0.7127696124942564,1381,0,1381.0,67,9,15,"(33, 50)",0,0.007590132827324478,91.0,46.8,majority_vote,67,ATTACK,111,"(12, 36)",False,1,False,1420
9,0.0,False,0.0,0.3884712062504039,0.4413114777079092,1384,0,1384.0,84,7,15,"(33, 50)",0,0.0056925996204933585,91.13333333333334,51.46666666666667,majority_vote,84,ATTACK,128,"(28, 50)",False,2,False,1420
0,0.0,True,0.0,0.9,0.9,1387,0,1387.0,83,8,15,"(33, 50)",0,0.016129032258064516,88.26666666666667,45.733333333333334,majority_vote,83,ATTACK,132,"(31, 50)",False,0,False,1425
12,0.0,True,0.0,0.6746243533204553,0.7235043087661275,1386,0,1386.0,67,9,15,"(33, 50)",0,0.007590132827324478,91.0,46.8,majority_vote,67,ATTACK,112,"(12, 41)",False,1,False,1425
9,0.0,False,0.0,0.40577309859466637,0.47925533379733426,1389,0,1389.0,84,7,15,"(33, 50)",0,0.0056925996204933585,91.13333333333334,51.46666666666667,majority_vote,84,ATTACK,129,"(33, 50)",False,2,False,1425
0,0.0,True,0.0,0.9,0.9,1390,0,1390.0,84,9,16,"(12, 50)",0,0.015165876777251185,89.3125,47.1875,majority_vote,84,ATTACK,133,"(32, 50)",False,0,False,1430
12,0.0,True,0.0,0.6873202892883504,0.7353702372244197,1391,0,1391.0,67,9,15,"(33, 50)",0,0.006635071090047393,91.0,46.8,majority_vote,67,ATTACK,112,"(15, 43)",False,1,False,1430
9,0.0,True,0.0,0.42720178366850037,0.5114250428782666,1393,0,1393.0,87,7,15,"(2, 22)",0,0.008530805687203791,91.13333333333334,51.46666666666667,majority_vote,87,ATTACK,132,"(31, 48)",False,2,False,1430
0,0.0,True,0.0,0.9,0.9,1395,0,1395.0,84,9,16,"(12, 50)",0,0.013270142180094787,89.3125,47.1875,majority_vote,84,ATTACK,133,"(28, 49)",False,0,False,1435
12,0.0,True,0.0,0.6873202892883504,0.7353702372244197,1396,0,1396.0,67,9,15,"(33, 50)",0,0.004739336492890996,91.0,46.8,majority_vote,67,ATTACK,112,"(17, 46)",False,1,False,1435
9,0.0,True,0.0,0.4499726499342188,0.5388389034435958,1398,0,1398.0,87,7,15,"(2, 22)",0,0.008530805687203791,91.13333333333334,51.46666666666667,majority_vote,87,ATTACK,132,"(28, 46)",False,2,False,1435
0,0.0,True,0.0,0.9,0.9,1400,0,1400.0,84,9,16,"(12, 50)",0,0.013245033112582781,89.3125,47.1875,majority_vote,84,ATTACK,133,"(23, 49)",False,0,False,1440
12,0.0,True,0.0,0.6947606626226521,0.7419239215450047,1401,0,1401.0,67,9,15,"(33, 50)",0,0.004730368968779565,91.0,46.8,majority_vote,67,ATTACK,112,"(20, 48)",False,1,False,1440
9,0.0,True,0.0,0.4739462056935546,0.5654511874031262,1403,0,1403.0,87,7,15,"(2, 22)",0,0.00946073793755913,91.13333333333334,51.46666666666667,majority_vote,87,ATTACK,132,"(27, 42)",False,2,False,1440
0,0.0,True,0.0,0.9,0.9,1404,0,1404.0,84,10,16,"(12, 50)",0,0.01229895931882687,89.3125,47.1875,majority_vote,84,ATTACK,133,"(19, 49)",False,0,False,1445
12,0.0,True,0.0,0.7051690376298836,0.7559273681662808,1405,0,1405.0,67,10,15,"(33, 50)",0,0.004730368968779565,91.0,46.8,majority_vote,67,ATTACK,112,"(17, 49)",False,1,False,1445
9,0.0,True,0.0,0.49714897472325253,0.5827587655623183,1408,0,1408.0,87,7,15,"(2, 22)",0,0.00946073793755913,91.13333333333334,51.46666666666667,majority_vote,87,ATTACK,132,"(24, 40)",False,2,False,1445
0,0.0,True,0.0,0.9,0.9,1407,0,1407.0,84,12,16,"(12, 50)",0,0.01229895931882687,89.3125,47.1875,majority_vote,84,ATTACK,134,"(16, 49)",False,0,False,1450
12,0.0,True,0.0,0.7161244680980299,0.7688297754211719,1408,0,1408.0,71,12,15,"(33, 50)",0,0.004730368968779565,91.0,46.8,majority_vote,71,ATTACK,117,"(14, 49)",False,1,False,1450
9,0.0,True,0.0,0.5186732019454614,0.5977368618524453,1413,0,1413.0,88,7,15,"(2, 22)",0,0.011352885525070956,91.13333333333334,51.46666666666667,majority_vote,88,ATTACK,133,"(23, 36)",False,2,False,1450
0,0.0,True,0.0,0.9,0.9,1411,0,1411.0,84,13,16,"(12, 50)",0,0.01229895931882687,89.3125,47.1875,majority_vote,84,ATTACK,134,"(12, 49)",False,0,False,1455
12,0.0,True,0.0,0.7272965515489818,0.7798023448328881,1412,0,1412.0,75,13,15,"(33, 50)",0,0.004730368968779565,91.0,46.8,majority_vote,75,ATTACK,121,"(13, 48)",False,1,False,1455
9,0.0,True,0.0,0.5386013201974414,0.6119672992399869,1418,0,1418.0,88,7,15,"(2, 22)",0,0.011352885525070956,91.13333333333334,51.46666666666667,majority_vote,88,ATTACK,133,"(21, 33)",False,2,False,1455
0,0.0,True,0.0,0.9,0.9,1415,0,1415.0,85,13,16,"(33, 8)",0,0.01229895931882687,89.3125,47.1875,majority_vote,85,ATTACK,135,"(12, 47)",False,0,False,1460
12,0.0,True,0.0,0.741019772637228,0.7920994559718508,1417,0,1417.0,75,13,15,"(33, 50)",0,0.006622516556291391,91.0,46.8,majority_vote,75,ATTACK,121,"(17, 49)",False,1,False,1460
9,0.0,True,0.0,0.5569829685895551,0.6245641697435061,1423,0,1423.0,88,7,15,"(2, 22)",0,0.01229895931882687,91.13333333333334,51.46666666666667,majority_vote,88,ATTACK,133,"(21, 28)",False,2,False,1460
0,0.0,True,0.0,0.9,0.9,1420,0,1420.0,85,13,16,"(33, 8)",0,0.01229895931882687,89.3125,47.1875,majority_vote,85,ATTACK,135,"(17, 47)",False,0,False,1465
21,0.0,True,0.0,0.7542523306426542,0.8040325978826944,1422,0,1422.0,75,13,15,"(33, 50)",0,0.00946073793755913,91.0,46.8,majority_vote,75,ATTACK,121,"(21, 50)",False,1,False,1465
18,0.0,True,0.0,0.573983837835807,0.6367601973802717,1428,0,1428.0,88,7,15,"(2, 22)",0,0.01229895931882687,91.13333333333334,51.46666666666667,majority_vote,88,ATTACK,133,"(19, 25)",False,2,False,1465
0,0.0,True,0.0,0.9,0.9,1425,0,1425.0,85,13,16,"(33, 8)",0,0.00946073793755913,89.3125,47.1875,majority_vote,85,ATTACK,135,"(17, 42)",False,0,False,1470
21,0.0,True,0.0,0.7670032224572612,0.8139667020011592,1427,0,1427.0,75,13,15,"(33, 50)",0,0.010406811731315043,91.0,46.8,majority_vote,75,ATTACK,121,"(26, 50)",False,1,False,1470
18,0.0,True,0.0,0.5897412274683671,0.6477783336500919,1433,0,1433.0,88,7,15,"(2, 22)",0,0.011352885525070956,91.13333333333334,51.46666666666667,majority_vote,88,ATTACK,133,"(16, 23)",False,2,False,1470
0,0.0,True,0.0,0.9,0.9,1430,0,1430.0,85,13,16,"(33, 8)",0,0.001892147587511826,89.3125,47.1875,majority_vote,85,ATTACK,136,"(17, 37)",False,0,False,1475
21,0.0,True,0.0,0.7787159321738001,0.8216057459977043,1432,0,1432.0,75,13,15,"(33, 50)",0,0.011352885525070956,91.0,46.8,majority_vote,75,ATTACK,122,"(31, 50)",False,1,False,1475
18,0.0,True,0.0,0.5986413372907685,0.6541360636530236,1438,0,1438.0,88,7,15,"(2, 22)",0,0.00946073793755913,91.13333333333334,51.46666666666667,majority_vote,88,ATTACK,134,"(11, 23)",False,2,False,1475
0,0.0,True,0.0,0.9,0.9,1435,0,1435.0,85,13,16,"(33, 8)",0,0.0018957345971563982,89.3125,47.1875,majority_vote,85,ATTACK,136,"(17, 32)",False,0,False,1480
21,0.0,True,0.0,0.785394418197884,0.8274037162997527,1436,0,1436.0,76,13,16,"(2, 41)",0,0.007582938388625593,92.375,49.0,majority_vote,76,ATTACK,123,"(31, 50)",False,1,False,1480
9,0.0,False,0.0,0.22163507146813985,0.22163507146813985,1443,0,1443.0,88,7,15,"(2, 22)",0,0.01042654028436019,91.13333333333334,51.46666666666667,majority_vote,88,ATTACK,137,"(6, 23)",False,2,False,1480
0,0.0,True,0.0,0.9,0.9,1440,0,1440.0,85,13,16,"(33, 8)",0,0.0018957345971563982,89.3125,47.1875,majority_vote,85,ATTACK,136,"(17, 27)",False,0,False,1485
21,0.0,True,0.0,0.7875457135814388,0.8284203258689792,1441,0,1441.0,76,13,16,"(2, 41)",0,0.007582938388625593,92.375,49.0,majority_vote,76,ATTACK,123,"(27, 49)",False,1,False,1485
9,0.0,False,0.0,0.22163507146813985,0.22163507146813985,1448,0,1448.0,88,7,15,"(2, 22)",0,0.01042654028436019,91.13333333333334,51.46666666666667,majority_vote,88,ATTACK,137,"(2, 22)",False,2,False,1485
0,0.0,True,0.0,0.9,0.9,1445,0,1445.0,85,13,16,"(33, 8)",0,0.0018957345971563982,89.3125,47.1875,majority_vote,85,ATTACK,136,"(17, 22)",False,0,False,1490
21,0.0,True,0.0,0.797543099125778,0.8339548908260289,1446,0,1446.0,76,13,16,"(2, 41)",0,0.007582938388625593,92.375,49.0,majority_vote,76,ATTACK,123,"(22, 49)",False,1,False,1490
9,0.0,False,0.0,0.22163507146813985,0.22163507146813985,1452,0,1452.0,89,7,16,"(13, 15)",0,0.01042654028436019,92.875,52.0,majority_vote,89,ATTACK,138,"(6, 22)",False,2,False,1490
0,0.0,True,0.0,0.9,0.9,1450,0,1450.0,85,13,16,"(33, 8)",0,0.0018957345971563982,89.3125,47.1875,majority_vote,85,ATTACK,136,"(17, 17)",False,0,False,1495
21,0.0,True,0.0,0.8068143104810414,0.841238459474203,1451,0,1451.0,76,13,16,"(2, 41)",0,0.007582938388625593,92.375,49.0,majority_vote,76,ATTACK,123,"(17, 49)",False,1,False,1495
9,0.0,False,0.0,0.2233676372614435,0.2399121231425453,1457,0,1457.0,89,7,16,"(13, 15)",0,0.01042654028436019,92.875,52.0,majority_vote,89,ATTACK,138,"(9, 22)",False,2,False,1495
0,0.0,True,0.0,0.9,0.9,1455,0,1455.0,85,13,16,"(33, 8)",0,0.05113636363636364,89.3125,47.1875,majority_vote,85,ATTACK,137,"(17, 12)",False,0,False,1500
21,0.0,True,0.0,0.8137811025358914,0.8461182344670557,1456,0,1456.0,77,13,16,"(2, 41)",0,0.045454545454545456,92.375,49.0,majority_vote,77,ATTACK,124,"(13, 48)",False,1,False,1500
9,0.0,False,0.0,0.229275414633701,0.2640323986989098,1462,0,1462.0,89,7,16,"(13, 15)",0,0.038825757575757576,92.875,52.0,majority_vote,89,ATTACK,139,"(13, 21)",False,2,False,1500
0,0.0,True,0.0,0.9,0.9,1460,0,1460.0,85,13,16,"(33, 8)",0,0.05113636363636364,89.3125,47.1875,majority_vote,85,ATTACK,137,"(19, 9)",False,0,False,1505
21,0.0,True,0.0,0.8137811025358914,0.8461182344670557,1461,0,1461.0,77,13,16,"(2, 41)",0,0.045454545454545456,92.375,49.0,majority_vote,77,ATTACK,124,"(11, 45)",False,1,False,1505
9,0.0,False,0.0,0.24130868180763693,0.2937600022292073,1467,0,1467.0,89,7,16,"(13, 15)",0,0.038825757575757576,92.875,52.0,majority_vote,89,ATTACK,139,"(14, 17)",False,2,False,1505
0,0.0,True,0.0,0.9,0.9,1465,0,1465.0,85,13,16,"(33, 8)",0,0.050189393939393936,89.3125,47.1875,majority_vote,85,ATTACK,137,"(24, 9)",False,0,False,1510
21,0.0,True,0.0,0.8137811025358914,0.8461182344670557,1466,0,1466.0,77,13,16,"(2, 41)",0,0.04450757575757576,92.375,49.0,majority_vote,77,ATTACK,124,"(9, 42)",False,1,False,1510
9,0.0,False,0.0,0.25408055340683633,0.31894852576328825,1471,0,1471.0,90,7,16,"(2, 50)",0,0.038825757575757576,92.875,52.0,majority_vote,90,ATTACK,140,"(14, 15)",False,2,False,1510
0,0.0,True,0.0,0.9,0.9,1470,0,1470.0,85,13,16,"(33, 8)",0,0.045283018867924525,89.3125,47.1875,majority_vote,85,ATTACK,137,"(29, 9)",False,0,False,1515
17,0.0,True,0.0,0.8137811025358914,0.8461182344670557,1471,0,1471.0,77,13,16,"(2, 41)",0,0.04433962264150943,92.375,49.0,majority_vote,77,ATTACK,124,"(5, 41)",False,1,False,1515
8,0.0,False,0.0,0.25408055340683633,0.31894852576328825,1476,0,1476.0,90,7,16,"(2, 50)",0,0.03679245283018868,92.875,52.0,majority_vote,90,ATTACK,140,"(14, 20)",False,2,False,1515
0,0.0,True,0.0,0.9,0.9,1475,0,1475.0,85,13,16,"(33, 8)",0,0.04339622641509434,89.3125,47.1875,majority_vote,85,ATTACK,137,"(33, 8)",False,0,False,1520
17,0.0,True,0.0,0.8137811025358914,0.8461182344670557,1475,0,1475.0,78,13,16,"(21, 24)",0,0.04150943396226415,92.375,49.0,majority_vote,78,ATTACK,125,"(3, 41)",False,1,False,1520
8,0.0,False,0.0,0.25408055340683633,0.31894852576328825,1481,0,1481.0,90,7,16,"(2, 50)",0,0.0330188679245283,92.875,52.0,majority_vote,90,ATTACK,140,"(10, 21)",False,2,False,1520
0,0.0,True,0.0,0.9,0.9,1479,0,1479.0,86,13,17,"(2, 50)",0,0.04339622641509434,89.47058823529412,48.1764705882353,majority_vote,86,ATTACK,139,"(29, 8)",False,0,False,1525
17,0.0,True,0.0,0.8137811025358914,0.8461182344670557,1480,0,1480.0,79,13,16,"(21, 24)",0,0.03962264150943396,92.375,49.0,majority_vote,79,ATTACK,126,"(7, 40)",False,1,False,1525
8,0.0,False,0.0,0.25408055340683633,0.31894852576328825,1486,0,1486.0,91,7,16,"(2, 50)",0,0.03018867924528302,92.875,52.0,majority_vote,91,ATTACK,141,"(7, 23)",False,2,False,1525
0,0.0,True,0.0,0.9,0.9,1484,0,1484.0,86,13,17,"(2, 50)",0,0.04245283018867924,89.47058823529412,48.1764705882353,majority_vote,86,ATTACK,139,"(25, 9)",False,0,False,1530
17,0.0,True,0.0,0.8137811025358914,0.8461182344670557,1485,0,1485.0,79,13,16,"(21, 24)",0,0.03679245283018868,92.375,49.0,majority_vote,79,ATTACK,126,"(9, 37)",False,1,False,1530
8,0.0,False,0.0,0.25408055340683633,0.31894852576328825,1491,0,1491.0,91,7,16,"(2, 50)",0,0.026415094339622643,92.875,52.0,majority_vote,91,ATTACK,141,"(3, 24)",False,2,False,1530
0,0.0,True,0.0,0.9,0.9,1489,0,1489.0,86,13,17,"(2, 50)",0,0.03962264150943396,89.47058823529412,48.1764705882353,majority_vote,86,ATTACK,139,"(21, 10)",False,0,False,1535
17,0.0,True,0.0,0.8137811025358914,0.8461182344670557,1490,0,1490.0,79,13,16,"(21, 24)",0,0.03490566037735849,92.375,49.0,majority_vote,79,ATTACK,126,"(10, 33)",False,1,False,1535
8,0.0,False,0.0,0.25408055340683633,0.31894852576328825,1496,0,1496.0,91,7,16,"(2, 50)",0,0.022641509433962263,92.875,52.0,majority_vote,91,ATTACK,141,"(3, 29)",False,2,False,1535
0,0.0,True,0.0,0.9,0.9,1494,0,1494.0,86,13,17,"(2, 50)",0,0.03962264150943396,89.47058823529412,48.1764705882353,majority_vote,86,ATTACK,139,"(19, 13)",False,0,False,1540
17,0.0,True,0.0,0.8137811025358914,0.8461182344670557,1495,0,1495.0,79,13,16,"(21, 24)",0,0.033962264150943396,92.375,49.0,majority_vote,79,ATTACK,126,"(13, 31)",False,1,False,1540
8,0.0,False,0.0,0.25408055340683633,0.31894852576328825,1501,0,1501.0,91,7,16,"(2, 50)",0,0.022641509433962263,92.875,52.0,majority_vote,91,ATTACK,141,"(3, 34)",False,2,False,1540
0,0.0,True,0.0,0.9,0.9,1499,0,1499.0,86,13,17,"(2, 50)",0,0.03962264150943396,89.47058823529412,48.1764705882353,majority_vote,86,ATTACK,139,"(16, 15)",False,0,False,1545
17,0.0,True,0.0,0.8137811025358914,0.8461182344670557,1500,0,1500.0,79,13,16,"(21, 24)",0,0.033962264150943396,92.375,49.0,majority_vote,79,ATTACK,126,"(13, 26)",False,1,False,1545
8,0.0,False,0.0,0.25408055340683633,0.31894852576328825,1506,0,1506.0,91,7,16,"(2, 50)",0,0.03018867924528302,92.875,52.0,majority_vote,91,ATTACK,141,"(3, 39)",False,2,False,1545
0,0.0,True,0.0,0.9,0.9,1504,0,1504.0,86,13,17,"(2, 50)",0,0.03962264150943396,89.47058823529412,48.1764705882353,majority_vote,86,ATTACK,140,"(16, 20)",False,0,False,1550
17,0.0,True,0.0,0.8171679534791064,0.8493669968073901,1505,0,1505.0,79,13,16,"(21, 24)",0,0.033962264150943396,92.375,49.0,majority_vote,79,ATTACK,127,"(16, 24)",False,1,False,1550
8,0.0,False,0.0,0.25408055340683633,0.31894852576328825,1511,0,1511.0,91,7,16,"(2, 50)",0,0.03018867924528302,92.875,52.0,majority_vote,91,ATTACK,142,"(3, 44)",False,2,False,1550
0,0.0,True,0.0,0.9,0.9,1509,0,1509.0,86,13,17,"(2, 50)",0,0.038679245283018866,89.47058823529412,48.1764705882353,majority_vote,86,ATTACK,140,"(16, 25)",False,0,False,1555
17,0.0,True,0.0,0.8258611303814981,0.85934911507715,1510,0,1510.0,79,13,16,"(21, 24)",0,0.033962264150943396,92.375,49.0,majority_vote,79,ATTACK,127,"(21, 24)",False,1,False,1555
8,0.0,False,0.0,0.25408055340683633,0.31894852576328825,1516,0,1516.0,91,7,16,"(2, 50)",0,0.03018867924528302,92.875,52.0,majority_vote,91,ATTACK,142,"(3, 49)",False,2,False,1555
0,0.0,True,0.0,0.9,0.9,1514,0,1514.0,86,13,17,"(2, 50)",0,0.038679245283018866,89.47058823529412,48.1764705882353,majority_vote,86,ATTACK,140,"(16, 30)",False,0,False,1560
17,0.0,True,0.0,0.8346035338197663,0.8674299803583708,1514,0,1514.0,80,13,17,"(33, 30)",0,0.033962264150943396,91.52941176470588,48.294117647058826,majority_vote,80,ATTACK,128,"(21, 28)",False,1,False,1560
8,0.0,False,0.0,0.25408055340683633,0.31894852576328825,1520,0,1520.0,93,7,17,"(33, 30)",0,0.03018867924528302,91.6470588235294,51.8235294117647,majority_vote,93,ATTACK,145,"(3, 49)",False,2,False,1560
0,0.0,True,0.0,0.9,0.9,1519,0,1519.0,86,13,17,"(2, 50)",0,0.03679245283018868,89.47058823529412,48.1764705882353,majority_vote,86,ATTACK,140,"(16, 35)",False,0,False,1565
17,0.0,True,0.0,0.8429824564281979,0.8738595370724709,1519,0,1519.0,80,13,17,"(33, 30)",0,0.033962264150943396,91.52941176470588,48.294117647058826,majority_vote,80,ATTACK,128,"(24, 30)",False,1,False,1565
8,0.0,False,0.0,0.25408055340683633,0.31894852576328825,1525,0,1525.0,96,7,17,"(33, 30)",0,0.02830188679245283,91.6470588235294,51.8235294117647,majority_vote,96,ATTACK,148,"(3, 44)",False,2,False,1565
0,0.0,True,0.0,0.9,0.9,1524,0,1524.0,88,13,17,"(2, 50)",0,0.029850746268656716,89.47058823529412,48.1764705882353,majority_vote,88,ATTACK,142,"(16, 36)",False,0,False,1570
17,0.0,True,0.0,0.8445771547004424,0.874876421873088,1524,0,1524.0,80,13,17,"(33, 30)",0,0.033582089552238806,91.52941176470588,48.294117647058826,majority_vote,80,ATTACK,128,"(29, 30)",False,1,False,1570
8,0.0,False,0.0,0.25408055340683633,0.31894852576328825,1530,0,1530.0,98,7,17,"(33, 30)",0,0.027985074626865673,91.6470588235294,51.8235294117647,majority_vote,98,ATTACK,150,"(3, 39)",False,2,False,1570
0,0.0,True,0.0,0.9,0.9,1529,0,1529.0,89,13,17,"(2, 50)",0,0.02962962962962963,89.47058823529412,48.1764705882353,majority_vote,89,ATTACK,143,"(13, 36)",False,0,False,1575
17,0.0,True,0.0,0.8445771547004424,0.874876421873088,1528,0,1528.0,81,13,17,"(15, 2)",0,0.03333333333333333,91.52941176470588,48.294117647058826,majority_vote,81,ATTACK,130,"(33, 30)",False,1,False,1575
8,0.0,False,0.0,0.25408055340683633,0.31894852576328825,1535,0,1535.0,98,7,17,"(33, 30)",0,0.027777777777777776,91.6470588235294,51.8235294117647,majority_vote,98,ATTACK,151,"(5, 36)",False,2,False,1575
0,0.0,True,0.0,0.9,0.9,1534,0,1534.0,89,13,17,"(2, 50)",0,0.025925925925925925,89.47058823529412,48.1764705882353,majority_vote,89,ATTACK,143,"(13, 41)",False,0,False,1580
17,0.0,True,0.0,0.8445771547004424,0.874876421873088,1533,0,1533.0,81,13,17,"(15, 2)",0,0.03333333333333333,91.52941176470588,48.294117647058826,majority_vote,81,ATTACK,130,"(29, 29)",False,1,False,1580
8,0.0,False,0.0,0.261328264510013,0.3316836341941116,1540,0,1540.0,98,7,17,"(33, 30)",0,0.026851851851851852,91.6470588235294,51.8235294117647,majority_vote,98,ATTACK,151,"(6, 32)",False,2,False,1580
0,0.0,True,0.0,0.9,0.9,1539,0,1539.0,89,13,17,"(2, 50)",0,0.023809523809523808,89.47058823529412,48.1764705882353,majority_vote,89,ATTACK,143,"(12, 45)",False,0,False,1585
17,0.0,True,0.0,0.8445771547004424,0.874876421873088,1538,0,1538.0,81,13,17,"(15, 2)",0,0.029304029304029304,91.52941176470588,48.294117647058826,majority_vote,81,ATTACK,130,"(25, 28)",False,1,False,1585
8,0.0,False,0.0,0.2810754455725598,0.35927406391514927,1545,0,1545.0,98,7,17,"(33, 30)",0,0.027472527472527472,91.6470588235294,51.8235294117647,majority_vote,98,ATTACK,151,"(11, 32)",False,2,False,1585
0,0.0,True,0.0,0.9,0.9,1544,0,1544.0,89,13,17,"(2, 50)",0,0.023809523809523808,89.47058823529412,48.1764705882353,majority_vote,89,ATTACK,143,"(8, 46)",False,0,False,1590
17,0.0,True,0.0,0.8491818079344602,0.8778334590970184,1543,0,1543.0,81,13,17,"(15, 2)",0,0.029304029304029304,91.52941176470588,48.294117647058826,majority_vote,81,ATTACK,130,"(20, 28)",False,1,False,1590
8,0.0,False,0.0,0.3028805983370175,0.3874282722151572,1550,0,1550.0,98,7,17,"(33, 30)",0,0.027472527472527472,91.6470588235294,51.8235294117647,majority_vote,98,ATTACK,151,"(16, 32)",False,2,False,1590
0,0.0,True,0.0,0.9,0.9,1549,0,1549.0,89,13,17,"(2, 50)",0,0.023809523809523808,89.47058823529412,48.1764705882353,majority_vote,89,ATTACK,143,"(3, 46)",False,0,False,1595
17,0.0,True,0.0,0.8563230752175803,0.8825213955472888,1548,0,1548.0,81,13,17,"(15, 2)",0,0.029304029304029304,91.52941176470588,48.294117647058826,majority_vote,81,ATTACK,130,"(19, 24)",False,1,False,1595
8,0.0,False,0.0,0.3253280795454148,0.410742951528649,1555,0,1555.0,98,7,17,"(33, 30)",0,0.027472527472527472,91.6470588235294,51.8235294117647,majority_vote,98,ATTACK,151,"(20, 31)",False,2,False,1595
0,0.0,True,0.0,0.9,0.9,1554,0,1554.0,89,13,17,"(2, 50)",0,0.023985239852398525,89.47058823529412,48.1764705882353,majority_vote,89,ATTACK,144,"(2, 50)",False,0,False,1600
17,0.0,True,0.0,0.8628795463690948,0.8869870618892803,1553,0,1553.0,81,13,17,"(15, 2)",0,0.02952029520295203,91.52941176470588,48.294117647058826,majority_vote,81,ATTACK,131,"(18, 20)",False,1,False,1600
8,0.0,False,0.0,0.33424625309285033,0.41887700516795423,1560,0,1560.0,98,7,17,"(33, 30)",0,0.027675276752767528,91.6470588235294,51.8235294117647,majority_vote,98,ATTACK,152,"(24, 30)",False,2,False,1600
0,0.0,True,0.0,0.9,0.9,1558,0,1558.0,90,13,17,"(13, 15)",0,0.024907749077490774,89.47058823529412,48.1764705882353,majority_vote,90,ATTACK,145,"(4, 48)",False,0,False,1605
17,0.0,True,0.0,0.8688976989256918,0.8910544283838598,1558,0,1558.0,81,13,17,"(15, 2)",0,0.02952029520295203,91.52941176470588,48.294117647058826,majority_vote,81,ATTACK,131,"(15, 18)",False,1,False,1605
8,0.0,False,0.0,0.33424625309285033,0.41887700516795423,1565,0,1565.0,98,7,17,"(33, 30)",0,0.02952029520295203,91.6470588235294,51.8235294117647,majority_vote,98,ATTACK,152,"(29, 30)",False,2,False,1605
0,0.0,True,0.0,0.9,0.9,1563,0,1563.0,90,13,17,"(13, 15)",0,0.024907749077490774,89.47058823529412,48.1764705882353,majority_vote,90,ATTACK,145,"(7, 46)",False,0,False,1610
17,0.0,True,0.0,0.8744689619601766,0.894911887219446,1563,0,1563.0,81,13,17,"(15, 2)",0,0.02952029520295203,91.52941176470588,48.294117647058826,majority_vote,81,ATTACK,131,"(15, 13)",False,1,False,1610
8,0.0,False,0.0,0.33424625309285033,0.41887700516795423,1569,0,1569.0,99,7,17,"(21, 24)",0,0.02952029520295203,91.6470588235294,51.8235294117647,majority_vote,99,ATTACK,153,"(33, 30)",False,2,False,1610
0,0.0,True,0.0,0.9,0.9,1568,0,1568.0,90,13,17,"(13, 15)",0,0.024907749077490774,89.47058823529412,48.1764705882353,majority_vote,90,ATTACK,145,"(11, 45)",False,0,False,1615
17,0.0,True,0.0,0.8795358449342594,0.8980098616230555,1568,0,1568.0,81,13,17,"(15, 2)",0,0.02952029520295203,91.52941176470588,48.294117647058826,majority_vote,81,ATTACK,131,"(15, 8)",False,1,False,1615
8,0.0,False,0.0,0.33424625309285033,0.41887700516795423,1574,0,1574.0,99,7,17,"(21, 24)",0,0.02952029520295203,91.6470588235294,51.8235294117647,majority_vote,99,ATTACK,153,"(29, 29)",False,2,False,1615
0,0.0,True,0.0,0.9,0.9,1573,0,1573.0,90,13,17,"(13, 15)",0,0.024907749077490774,89.47058823529412,48.1764705882353,majority_vote,90,ATTACK,145,"(12, 41)",False,0,False,1620
17,0.0,True,0.0,0.8814325076797516,0.8993008638738448,1573,0,1573.0,81,13,17,"(15, 2)",0,0.024907749077490774,91.52941176470588,48.294117647058826,majority_vote,81,ATTACK,131,"(15, 3)",False,1,False,1620
8,0.0,False,0.0,0.33424625309285033,0.41887700516795423,1579,0,1579.0,99,7,17,"(21, 24)",0,0.02952029520295203,91.6470588235294,51.8235294117647,majority_vote,99,ATTACK,153,"(25, 28)",False,2,False,1620
0,0.0,True,0.0,0.9,0.9,1578,0,1578.0,90,13,17,"(13, 15)",0,0.025830258302583026,89.47058823529412,48.1764705882353,majority_vote,90,ATTACK,146,"(12, 36)",False,0,False,1625
21,0.0,True,0.0,0.8814325076797516,0.8993008638738448,1577,0,1577.0,83,13,18,"(24, 45)",0,0.02214022140221402,90.11111111111111,48.22222222222222,majority_vote,83,ATTACK,133,"(15, 5)",False,1,False,1625
12,0.0,False,0.0,0.351668952870175,0.43388999467439443,1584,0,1584.0,99,7,17,"(21, 24)",0,0.02952029520295203,91.6470588235294,51.8235294117647,majority_vote,99,ATTACK,154,"(21, 27)",False,2,False,1625
0,0.0,True,0.0,0.9,0.9,1583,0,1583.0,90,13,17,"(13, 15)",0,0.025830258302583026,89.47058823529412,48.1764705882353,majority_vote,90,ATTACK,146,"(14, 33)",False,0,False,1630
21,0.0,True,0.0,0.8814325076797516,0.8993008638738448,1582,0,1582.0,83,13,18,"(24, 45)",0,0.02214022140221402,90.11111111111111,48.22222222222222,majority_vote,83,ATTACK,133,"(16, 9)",False,1,False,1630
12,0.0,False,0.0,0.3686794788802211,0.44829211322769985,1588,0,1588.0,100,7,18,"(13, 15)",0,0.02952029520295203,90.5,50.0,majority_vote,100,ATTACK,155,"(20, 24)",False,2,False,1630
0,0.0,True,0.0,0.9,0.9,1588,0,1588.0,90,13,17,"(13, 15)",0,0.026752767527675275,89.47058823529412,48.1764705882353,majority_vote,90,ATTACK,146,"(14, 28)",False,0,False,1635
21,0.0,True,0.0,0.8832784299907667,0.9007386106241545,1587,0,1587.0,83,13,18,"(24, 45)",0,0.02214022140221402,90.11111111111111,48.22222222222222,majority_vote,83,ATTACK,133,"(16, 14)",False,1,False,1635
12,0.0,False,0.0,0.38949403683640405,0.4689018804014556,1593,0,1593.0,100,7,18,"(13, 15)",0,0.02952029520295203,90.5,50.0,majority_vote,100,ATTACK,155,"(17, 22)",False,2,False,1635
0,0.0,True,0.0,0.9,0.9,1593,0,1593.0,90,13,17,"(13, 15)",0,0.026752767527675275,89.47058823529412,48.1764705882353,majority_vote,90,ATTACK,146,"(14, 23)",False,0,False,1640
21,0.0,True,0.0,0.8851032648079422,0.9024272478762848,1592,0,1592.0,83,13,18,"(24, 45)",0,0.02214022140221402,90.11111111111111,48.22222222222222,majority_vote,83,ATTACK,133,"(16, 19)",False,1,False,1640
12,0.0,False,0.0,0.41095583326671065,0.4947427684410996,1598,0,1598.0,100,7,18,"(13, 15)",0,0.02952029520295203,90.5,50.0,majority_vote,100,ATTACK,155,"(14, 20)",False,2,False,1640
0,0.0,True,0.0,0.9,0.9,1598,0,1598.0,90,13,17,"(13, 15)",0,0.027675276752767528,89.47058823529412,48.1764705882353,majority_vote,90,ATTACK,146,"(14, 18)",False,0,False,1645
21,0.0,True,0.0,0.889808976979035,0.9080369860698417,1597,0,1597.0,83,13,18,"(24, 45)",0,0.02214022140221402,90.11111111111111,48.22222222222222,majority_vote,83,ATTACK,133,"(16, 24)",False,1,False,1645
12,0.0,True,0.0,0.43414377091588874,0.5242605680498582,1603,0,1603.0,100,7,18,"(13, 15)",0,0.03044280442804428,90.5,50.0,majority_vote,100,ATTACK,155,"(14, 15)",False,2,False,1645
0,0.0,True,0.0,0.9,0.9,1602,0,1602.0,91,13,18,"(15, 2)",0,0.043357933579335796,91.66666666666667,48.22222222222222,majority_vote,91,ATTACK,148,"(13, 15)",False,0,False,1650
21,0.0,True,0.0,0.8936451425575173,0.9116642287329225,1602,0,1602.0,83,13,18,"(24, 45)",0,0.048892988929889296,90.11111111111111,48.22222222222222,majority_vote,83,ATTACK,134,"(21, 24)",False,1,False,1650
12,0.0,True,0.0,0.4586130906420385,0.5538323303791457,1607,0,1607.0,101,7,18,"(15, 2)",0,0.045202952029520294,90.5,50.0,majority_vote,101,ATTACK,157,"(13, 12)",False,2,False,1650
0,0.0,True,0.0,0.9,0.9,1607,0,1607.0,91,13,18,"(15, 2)",0,0.04428044280442804,91.66666666666667,48.22222222222222,majority_vote,91,ATTACK,148,"(14, 11)",False,0,False,1655
21,0.0,True,0.0,0.8936451425575173,0.9116642287329225,1607,0,1607.0,83,13,18,"(24, 45)",0,0.045202952029520294,90.11111111111111,48.22222222222222,majority_vote,83,ATTACK,134,"(23, 27)",False,1,False,1655
12,0.0,True,0.0,0.4792397701391472,0.5780477592651533,1612,0,1612.0,101,7,18,"(15, 2)",0,0.04428044280442804,90.5,50.0,majority_vote,101,ATTACK,157,"(15, 9)",False,2,False,1655
0,0.0,True,0.0,0.9,0.9,1612,0,1612.0,91,13,18,"(15, 2)",0,0.04428044280442804,91.66666666666667,48.22222222222222,majority_vote,91,ATTACK,148,"(15, 7)",False,0,False,1660
26,0.0,True,0.0,0.5411102833583051,0.5411102833583051,1612,0,1612.0,83,13,18,"(24, 45)",0,0.042435424354243544,90.11111111111111,48.22222222222222,majority_vote,83,ATTACK,134,"(25, 30)",False,1,False,1660
19,0.0,True,0.0,0.5054199655564376,0.6056030793286676,1617,0,1617.0,101,7,18,"(15, 2)",0,0.046125461254612546,90.5,50.0,majority_vote,101,ATTACK,157,"(15, 4)",False,2,False,1660
0,0.0,True,0.0,0.9,0.9,1616,0,1616.0,91,14,18,"(15, 2)",0,0.04428044280442804,91.66666666666667,48.22222222222222,majority_vote,91,ATTACK,148,"(15, 3)",False,0,False,1665
26,0.0,True,0.0,0.5411102833583051,0.5411102833583051,1617,0,1617.0,83,13,18,"(24, 45)",0,0.042435424354243544,90.11111111111111,48.22222222222222,majority_vote,83,ATTACK,134,"(25, 35)",False,1,False,1665
19,0.0,True,0.0,0.5320340047820441,0.633900841094056,1620,0,1620.0,102,8,19,"(33, 8)",0,0.046125461254612546,87.52631578947368,48.21052631578947,majority_vote,102,ATTACK,158,"(14, 2)",False,2,False,1665
0,0.0,True,0.0,0.9,0.9,1620,0,1620.0,92,14,18,"(2, 41)",0,0.04428044280442804,91.66666666666667,48.22222222222222,majority_vote,92,ATTACK,149,"(14, 4)",False,0,False,1670
26,0.0,True,0.0,0.5411102833583051,0.5411102833583051,1622,0,1622.0,83,13,18,"(24, 45)",0,0.042435424354243544,90.11111111111111,48.22222222222222,majority_vote,83,ATTACK,134,"(25, 40)",False,1,False,1670
19,0.0,True,0.0,0.5582462620363648,0.6556525959788163,1625,0,1625.0,104,8,19,"(33, 8)",0,0.043357933579335796,87.52631578947368,48.21052631578947,majority_vote,104,ATTACK,160,"(14, 7)",False,2,False,1670
0,0.0,True,0.0,0.9,0.9,1625,0,1625.0,92,14,18,"(2, 41)",0,0.04331797235023042,91.66666666666667,48.22222222222222,majority_vote,92,ATTACK,150,"(14, 9)",False,0,False,1675
26,0.0,True,0.0,0.5411102833583051,0.5411102833583051,1627,0,1627.0,83,13,18,"(24, 45)",0,0.03870967741935484,90.11111111111111,48.22222222222222,majority_vote,83,ATTACK,135,"(25, 45)",False,1,False,1675
19,0.0,True,0.0,0.583224894037792,0.6769148045912643,1630,0,1630.0,104,8,19,"(33, 8)",0,0.041474654377880185,87.52631578947368,48.21052631578947,majority_vote,104,ATTACK,161,"(17, 9)",False,2,False,1675
0,0.0,True,0.0,0.9,0.9,1630,0,1630.0,92,14,18,"(2, 41)",0,0.04085422469823584,91.66666666666667,48.22222222222222,majority_vote,92,ATTACK,150,"(14, 14)",False,0,False,1680
26,0.0,True,0.0,0.5411102833583051,0.5411102833583051,1631,0,1631.0,84,13,18,"(33, 30)",0,0.036211699164345405,90.11111111111111,48.22222222222222,majority_vote,84,ATTACK,136,"(26, 44)",False,1,False,1680
19,0.0,True,0.0,0.6070071676253836,0.6945709804140551,1635,0,1635.0,104,8,19,"(33, 8)",0,0.04151291512915129,87.52631578947368,48.21052631578947,majority_vote,104,ATTACK,161,"(22, 9)",False,2,False,1680
0,0.0,True,0.0,0.9,0.9,1635,0,1635.0,92,14,18,"(2, 41)",0,0.03707136237256719,91.66666666666667,48.22222222222222,majority_vote,92,ATTACK,150,"(14, 19)",False,0,False,1685
26,0.0,True,0.0,0.5411102833583051,0.5411102833583051,1636,0,1636.0,84,13,18,"(33, 30)",0,0.03429101019462465,90.11111111111111,48.22222222222222,majority_vote,84,ATTACK,136,"(27, 40)",False,1,False,1685
19,0.0,True,0.0,0.6115129713280546,0.6971232416788028,1640,0,1640.0,104,8,19,"(33, 8)",0,0.03867403314917127,87.52631578947368,48.21052631578947,majority_vote,104,ATTACK,161,"(27, 9)",False,2,False,1685
0,0.0,True,0.0,0.9,0.9,1640,0,1640.0,92,14,18,"(2, 41)",0,0.029438822447102116,91.66666666666667,48.22222222222222,majority_vote,92,ATTACK,150,"(13, 23)",False,0,False,1690
24,0.0,True,0.0,0.5411102833583051,0.5411102833583051,1641,0,1641.0,84,13,18,"(33, 30)",0,0.034958601655933765,90.11111111111111,48.22222222222222,majority_vote,84,ATTACK,136,"(27, 35)",False,1,False,1690
17,0.0,True,0.0,0.6115129713280546,0.6971232416788028,1645,0,1645.0,104,8,19,"(33, 8)",0,0.03656307129798903,87.52631578947368,48.21052631578947,majority_vote,104,ATTACK,161,"(32, 9)",False,2,False,1690
0,0.0,True,0.0,0.9,0.9,1645,0,1645.0,92,14,18,"(2, 41)",0,0.031278748850046,91.66666666666667,48.22222222222222,majority_vote,92,ATTACK,150,"(13, 28)",False,0,False,1695
30,0.0,True,0.0,0.5411102833583051,0.5411102833583051,1646,0,1646.0,84,13,18,"(33, 30)",0,0.035878564857405704,90.11111111111111,48.22222222222222,majority_vote,84,ATTACK,136,"(27, 30)",False,1,False,1695
23,0.0,True,0.0,0.6115129713280546,0.6971232416788028,1649,0,1649.0,105,8,19,"(24, 45)",0,0.04204753199268738,87.52631578947368,48.21052631578947,majority_vote,105,ATTACK,162,"(31, 8)",False,2,False,1695
0,0.0,True,0.0,0.9,0.9,1650,0,1650.0,92,14,18,"(2, 41)",0,0.023099133782483156,91.66666666666667,48.22222222222222,majority_vote,92,ATTACK,151,"(13, 33)",False,0,False,1700
30,0.0,True,0.0,0.5411102833583051,0.5411102833583051,1651,0,1651.0,84,13,18,"(33, 30)",0,0.030563514804202482,90.11111111111111,48.22222222222222,majority_vote,84,ATTACK,137,"(32, 30)",False,1,False,1700
23,0.0,True,0.0,0.6115129713280546,0.6971232416788028,1654,0,1654.0,105,8,19,"(24, 45)",0,0.033428844317096466,87.52631578947368,48.21052631578947,majority_vote,105,ATTACK,163,"(29, 11)",False,2,False,1700
0,0.0,True,0.0,0.9,0.9,1655,0,1655.0,92,14,18,"(2, 41)",0,0.019011406844106463,91.66666666666667,48.22222222222222,majority_vote,92,ATTACK,151,"(13, 38)",False,0,False,1705
30,0.0,True,0.0,0.5411102833583051,0.5411102833583051,1655,0,1655.0,85,13,19,"(2, 41)",0,0.024528301886792454,89.57894736842105,47.0,majority_vote,85,ATTACK,138,"(30, 30)",False,1,False,1705
23,0.0,True,0.0,0.6115129713280546,0.6971232416788028,1659,0,1659.0,105,8,19,"(24, 45)",0,0.03207547169811321,87.52631578947368,48.21052631578947,majority_vote,105,ATTACK,163,"(25, 12)",False,2,False,1705
0,0.0,True,0.0,0.9,0.9,1660,0,1660.0,92,14,18,"(2, 41)",0,0.019498607242339833,91.66666666666667,48.22222222222222,majority_vote,92,ATTACK,151,"(11, 41)",False,0,False,1710
30,0.0,True,0.0,0.5411102833583051,0.5411102833583051,1660,0,1660.0,85,13,19,"(2, 41)",0,0.02310536044362292,89.57894736842105,47.0,majority_vote,85,ATTACK,138,"(29, 34)",False,1,False,1710
20,0.0,True,0.0,0.6115129713280546,0.6971232416788028,1664,0,1664.0,105,8,19,"(24, 45)",0,0.02865064695009242,87.52631578947368,48.21052631578947,majority_vote,105,ATTACK,163,"(25, 17)",False,2,False,1710
0,0.0,True,0.0,0.9,0.9,1665,0,1665.0,92,14,18,"(2, 41)",0,0.01924839596700275,91.66666666666667,48.22222222222222,majority_vote,92,ATTACK,151,"(6, 41)",False,0,False,1715
30,0.0,True,0.0,0.5411102833583051,0.5411102833583051,1665,0,1665.0,85,13,19,"(2, 41)",0,0.020146520146520148,89.57894736842105,47.0,majority_vote,85,ATTACK,138,"(26, 36)",False,1,False,1715
14,0.0,False,0.0,0.41752287477956535,0.41752287477956535,1669,0,1669.0,105,8,19,"(24, 45)",0,0.022893772893772892,87.52631578947368,48.21052631578947,majority_vote,105,ATTACK,164,"(25, 22)",False,2,False,1715
0,0.0,True,0.0,0.9,0.9,1669,0,1669.0,93,14,19,"(33, 30)",0,0.01743119266055046,90.52631578947368,48.473684210526315,majority_vote,93,ATTACK,152,"(2, 41)",False,0,False,1720
30,0.0,True,0.0,0.5411102833583051,0.5411102833583051,1670,0,1670.0,85,13,19,"(2, 41)",0,0.02016498625114574,89.57894736842105,47.0,majority_vote,85,ATTACK,138,"(25, 40)",False,1,False,1720
12,0.0,False,0.0,0.2369095778499469,0.2369095778499469,1674,0,1674.0,105,8,19,"(24, 45)",0,0.021062271062271064,87.52631578947368,48.21052631578947,majority_vote,105,ATTACK,164,"(25, 27)",False,2,False,1720
0,0.0,True,0.0,0.9,0.9,1674,0,1674.0,94,14,19,"(33, 30)",0,0.015596330275229359,90.52631578947368,48.473684210526315,majority_vote,94,ATTACK,153,"(7, 41)",False,0,False,1725
30,0.0,True,0.0,0.5416421257741735,0.5483346118950124,1675,0,1675.0,85,13,19,"(2, 41)",0,0.01833180568285976,89.57894736842105,47.0,majority_vote,85,ATTACK,139,"(20, 40)",False,1,False,1725
11,0.0,False,0.0,0.18733016854031234,0.18733016854031234,1679,0,1679.0,105,8,19,"(24, 45)",0,0.018315018315018316,87.52631578947368,48.21052631578947,majority_vote,105,ATTACK,165,"(25, 32)",False,2,False,1725
0,0.0,True,0.0,0.9,0.9,1679,0,1679.0,94,14,19,"(33, 30)",0,0.011926605504587157,90.52631578947368,48.473684210526315,majority_vote,94,ATTACK,153,"(12, 41)",False,0,False,1730
35,0.0,True,0.0,0.5457002712759554,0.5671895294339445,1680,0,1680.0,85,13,19,"(2, 41)",0,0.0173992673992674,89.57894736842105,47.0,majority_vote,85,ATTACK,139,"(16, 41)",False,1,False,1730
16,0.0,False,0.0,0.18733016854031234,0.18733016854031234,1684,0,1684.0,105,8,19,"(24, 45)",0,0.01463860933211345,87.52631578947368,48.21052631578947,majority_vote,105,ATTACK,165,"(25, 37)",False,2,False,1730
0,0.0,True,0.0,0.9,0.9,1684,0,1684.0,94,14,19,"(33, 30)",0,0.011926605504587157,90.52631578947368,48.473684210526315,majority_vote,94,ATTACK,153,"(13, 37)",False,0,False,1735
35,0.0,True,0.0,0.5543164180271785,0.5934852427195355,1685,0,1685.0,85,13,19,"(2, 41)",0,0.020146520146520148,89.57894736842105,47.0,majority_vote,85,ATTACK,139,"(11, 41)",False,1,False,1735
16,0.0,False,0.0,0.18733016854031234,0.18733016854031234,1689,0,1689.0,105,8,19,"(24, 45)",0,0.012808783165599268,87.52631578947368,48.21052631578947,majority_vote,105,ATTACK,165,"(25, 42)",False,2,False,1735
0,0.0,True,0.0,0.9,0.9,1689,0,1689.0,94,14,19,"(33, 30)",0,0.008264462809917356,90.52631578947368,48.473684210526315,majority_vote,94,ATTACK,153,"(14, 33)",False,0,False,1740
35,0.0,True,0.0,0.5660744749549252,0.6130162062764369,1690,0,1690.0,85,13,19,"(2, 41)",0,0.01833180568285976,89.57894736842105,47.0,majority_vote,85,ATTACK,139,"(6, 41)",False,1,False,1740
16,0.0,False,0.0,0.18733016854031234,0.18733016854031234,1693,0,1693.0,106,8,20,"(2, 41)",0,0.01008249312557287,87.0,48.15,majority_vote,106,ATTACK,166,"(24, 45)",False,2,False,1740
0,0.0,True,0.0,0.9,0.9,1694,0,1694.0,94,14,19,"(33, 30)",0,0.008264462809917356,90.52631578947368,48.473684210526315,majority_vote,94,ATTACK,153,"(16, 30)",False,0,False,1745
35,0.0,True,0.0,0.5792593600268936,0.6324945927987775,1694,0,1694.0,86,13,19,"(2, 22)",0,0.01833180568285976,89.57894736842105,47.0,majority_vote,86,ATTACK,140,"(2, 41)",False,1,False,1745
16,0.0,False,0.0,0.18733016854031234,0.18733016854031234,1698,0,1698.0,106,8,20,"(2, 41)",0,0.01008249312557287,87.0,48.15,majority_vote,106,ATTACK,166,"(25, 41)",False,2,False,1745
0,0.0,True,0.0,0.9,0.9,1699,0,1699.0,94,14,19,"(33, 30)",0,0.008264462809917356,90.52631578947368,48.473684210526315,majority_vote,94,ATTACK,154,"(21, 30)",False,0,False,1750
35,0.0,True,0.0,0.5792593600268936,0.6324945927987775,1699,0,1699.0,86,13,19,"(2, 22)",0,0.01833180568285976,89.57894736842105,47.0,majority_vote,86,ATTACK,141,"(3, 37)",False,1,False,1750
16,0.0,False,0.0,0.187618996828072,0.19310673429550596,1703,0,1703.0,106,8,20,"(2, 41)",0,0.010999083409715857,87.0,48.15,majority_vote,106,ATTACK,167,"(21, 40)",False,2,False,1750
0,0.0,True,0.0,0.9,0.9,1704,0,1704.0,94,14,19,"(33, 30)",0,0.008264462809917356,90.52631578947368,48.473684210526315,majority_vote,94,ATTACK,154,"(26, 30)",False,0,False,1755
35,0.0,True,0.0,0.5792593600268936,0.6324945927987775,1704,0,1704.0,86,13,19,"(2, 22)",0,0.01833180568285976,89.57894736842105,47.0,majority_vote,86,ATTACK,141,"(3, 32)",False,1,False,1755
16,0.0,False,0.0,0.1931375716884793,0.22385357153265972,1708,0,1708.0,106,8,20,"(2, 41)",0,0.013748854262144821,87.0,48.15,majority_vote,106,ATTACK,167,"(17, 41)",False,2,False,1755
0,0.0,True,0.0,0.9,0.9,1709,0,1709.0,94,14,19,"(33, 30)",0,0.008264462809917356,90.52631578947368,48.473684210526315,majority_vote,94,ATTACK,154,"(31, 30)",False,0,False,1760
34,0.0,True,0.0,0.5820325312164235,0.6347227838174908,1709,0,1709.0,86,13,19,"(2, 22)",0,0.01833180568285976,89.57894736842105,47.0,majority_vote,86,ATTACK,141,"(3, 27)",False,1,False,1760
16,0.0,False,0.0,0.2049587390181938,0.2593812786079125,1713,0,1713.0,106,8,20,"(2, 41)",0,0.01466544454628781,87.0,48.15,majority_vote,106,ATTACK,167,"(12, 41)",False,2,False,1760
0,0.0,True,0.0,0.9,0.9,1713,0,1713.0,95,14,19,"(24, 45)",0,0.0036730945821854912,90.52631578947368,48.473684210526315,majority_vote,95,ATTACK,155,"(31, 30)",False,0,False,1765
20,0.0,False,0.0,0.3071971690512455,0.3071971690512455,1714,0,1714.0,87,13,19,"(2, 22)",0,0.013748854262144821,89.57894736842105,47.0,majority_vote,87,ATTACK,142,"(3, 22)",False,1,False,1765
16,0.0,False,0.0,0.22165381520973457,0.2886393704866825,1718,0,1718.0,106,8,20,"(2, 41)",0,0.010999083409715857,87.0,48.15,majority_vote,106,ATTACK,167,"(7, 41)",False,2,False,1765
0,0.0,True,0.0,0.9,0.9,1718,0,1718.0,95,14,19,"(24, 45)",0,0.0036730945821854912,90.52631578947368,48.473684210526315,majority_vote,95,ATTACK,155,"(29, 33)",False,0,False,1770
28,0.0,False,0.0,0.3073900735785582,0.3110552595974995,1718,0,1718.0,88,13,20,"(12, 50)",0,0.01824817518248175,88.35,45.75,majority_vote,88,ATTACK,143,"(3, 24)",False,1,False,1770
24,0.0,False,0.0,0.24090859939283552,0.31607728051547707,1723,0,1723.0,106,8,20,"(2, 41)",0,0.01824817518248175,87.0,48.15,majority_vote,106,ATTACK,167,"(2, 41)",False,2,False,1770
0,0.0,True,0.0,0.9,0.9,1723,0,1723.0,95,14,19,"(24, 45)",0,0.0036730945821854912,90.52631578947368,48.473684210526315,majority_vote,95,ATTACK,156,"(25, 34)",False,0,False,1775
28,0.0,False,0.0,0.3073900735785582,0.3110552595974995,1723,0,1723.0,88,13,20,"(12, 50)",0,0.01824817518248175,88.35,45.75,majority_vote,88,ATTACK,144,"(5, 27)",False,1,False,1775
24,0.0,False,0.0,0.24520187260709067,0.3267740636779389,1727,0,1727.0,107,8,20,"(21, 24)",0,0.01916058394160584,87.0,48.15,majority_vote,107,ATTACK,169,"(6, 41)",False,2,False,1775
0,0.0,True,0.0,0.9,0.9,1728,0,1728.0,95,14,19,"(24, 45)",0,0.003683241252302026,90.52631578947368,48.473684210526315,majority_vote,95,ATTACK,156,"(25, 39)",False,0,False,1780
28,0.0,False,0.0,0.3084278579743912,0.32004860476066715,1728,0,1728.0,88,13,20,"(12, 50)",0,0.018281535648994516,88.35,45.75,majority_vote,88,ATTACK,144,"(5, 32)",False,1,False,1780
24,0.0,False,0.0,0.24520187260709067,0.3267740636779389,1732,0,1732.0,107,8,20,"(21, 24)",0,0.0192131747483989,87.0,48.15,majority_vote,107,ATTACK,169,"(11, 41)",False,2,False,1780
0,0.0,True,0.0,0.9,0.9,1733,0,1733.0,95,14,19,"(24, 45)",0,0.003683241252302026,90.52631578947368,48.473684210526315,majority_vote,95,ATTACK,156,"(25, 44)",False,0,False,1785
28,0.0,False,0.0,0.31026336792314607,0.329493948292966,1733,0,1733.0,88,13,20,"(12, 50)",0,0.018281535648994516,88.35,45.75,majority_vote,88,ATTACK,144,"(6, 36)",False,1,False,1785
24,0.0,False,0.0,0.25833936880300545,0.3421247260292702,1737,0,1737.0,107,8,20,"(21, 24)",0,0.020128087831655993,87.0,48.15,majority_vote,107,ATTACK,169,"(13, 38)",False,2,False,1785
0,0.0,True,0.0,0.9,0.9,1737,0,1737.0,96,14,20,"(12, 50)",0,0.003683241252302026,89.4,47.3,majority_vote,96,ATTACK,157,"(24, 47)",False,0,False,1790
28,0.0,False,0.0,0.31283333971114974,0.33898801045682014,1738,0,1738.0,88,13,20,"(12, 50)",0,0.018281535648994516,88.35,45.75,majority_vote,88,ATTACK,144,"(7, 40)",False,1,False,1790
24,0.0,False,0.0,0.2806383021596436,0.3661958633081373,1742,0,1742.0,107,8,20,"(21, 24)",0,0.020128087831655993,87.0,48.15,majority_vote,107,ATTACK,169,"(18, 38)",False,2,False,1790
0,0.0,True,0.0,0.9,0.9,1742,0,1742.0,96,14,20,"(12, 50)",0,0.003683241252302026,89.4,47.3,majority_vote,96,ATTACK,157,"(21, 49)",False,0,False,1795
28,0.0,False,0.0,0.31440128770579956,0.3441922996041467,1743,0,1743.0,88,13,20,"(12, 50)",0,0.018281535648994516,88.35,45.75,majority_vote,88,ATTACK,144,"(11, 41)",False,1,False,1795
24,0.0,False,0.0,0.3038129217615497,0.39292886923065573,1747,0,1747.0,107,8,20,"(21, 24)",0,0.021043000914913082,87.0,48.15,majority_vote,107,ATTACK,169,"(21, 36)",False,2,False,1795
0,0.0,True,0.0,0.9,0.9,1747,0,1747.0,96,14,20,"(12, 50)",0,0.056232427366447985,89.4,47.3,majority_vote,96,ATTACK,158,"(16, 49)",False,0,False,1800
28,0.0,False,0.0,0.3224694811653951,0.36571617076218726,1748,0,1748.0,88,13,20,"(12, 50)",0,0.048417132216014895,88.35,45.75,majority_vote,88,ATTACK,145,"(12, 45)",False,1,False,1800
24,0.0,False,0.0,0.32255521795041814,0.41136268970126944,1752,0,1752.0,107,8,20,"(21, 24)",0,0.04562383612662942,87.0,48.15,majority_vote,107,ATTACK,170,"(21, 31)",False,2,False,1800
0,0.0,True,0.0,0.9,0.9,1752,0,1752.0,96,14,20,"(12, 50)",0,0.05435801312089972,89.4,47.3,majority_vote,96,ATTACK,158,"(12, 50)",False,0,False,1805
32,0.0,False,0.0,0.33744515622441296,0.4046423504184797,1751,0,1751.0,88,15,20,"(12, 50)",0,0.048417132216014895,88.35,45.75,majority_vote,88,ATTACK,146,"(12, 48)",False,1,False,1805
28,0.0,False,0.0,0.32255521795041814,0.41136268970126944,1757,0,1757.0,107,8,20,"(21, 24)",0,0.040968342644320296,87.0,48.15,majority_vote,107,ATTACK,170,"(21, 26)",False,2,False,1805
0,0.0,True,0.0,0.9,0.9,1756,0,1756.0,97,14,20,"(33, 50)",0,0.053420805998125584,89.4,47.3,majority_vote,97,ATTACK,159,"(16, 50)",False,0,False,1810
32,0.0,False,0.0,0.35796874947442764,0.4422598526890756,1755,0,1755.0,89,15,20,"(33, 8)",0,0.048417132216014895,88.35,45.75,majority_vote,89,ATTACK,147,"(12, 48)",False,1,False,1810
28,0.0,False,0.0,0.32255521795041814,0.41136268970126944,1761,0,1761.0,108,8,21,"(24, 45)",0,0.040968342644320296,86.0952380952381,47.61904761904762,majority_vote,108,ATTACK,171,"(21, 26)",False,2,False,1810
0,0.0,True,0.0,0.9,0.9,1761,0,1761.0,97,14,20,"(33, 50)",0,0.053420805998125584,89.4,47.3,majority_vote,97,ATTACK,159,"(20, 49)",False,0,False,1815
32,0.0,False,0.0,0.37689804166029134,0.468527469958051,1760,0,1760.0,90,15,20,"(33, 8)",0,0.049348230912476726,88.35,45.75,majority_vote,90,ATTACK,148,"(12, 43)",False,1,False,1815
28,0.0,False,0.0,0.32255521795041814,0.41136268970126944,1766,0,1766.0,109,8,21,"(24, 45)",0,0.04003724394785847,86.0952380952381,47.61904761904762,majority_vote,109,ATTACK,172,"(22, 30)",False,2,False,1815
0,0.0,True,0.0,0.9,0.9,1766,0,1766.0,97,14,20,"(33, 50)",0,0.04592314901593252,89.4,47.3,majority_vote,97,ATTACK,159,"(24, 50)",False,0,False,1820
32,0.0,False,0.0,0.3816766771319581,0.47247075109362613,1765,0,1765.0,90,15,20,"(33, 8)",0,0.043843283582089554,88.35,45.75,majority_vote,90,ATTACK,148,"(15, 41)",False,1,False,1820
28,0.0,False,0.0,0.32255521795041814,0.41136268970126944,1771,0,1771.0,109,8,21,"(24, 45)",0,0.03824626865671642,86.0952380952381,47.61904761904762,majority_vote,109,ATTACK,172,"(26, 31)",False,2,False,1820
0,0.0,True,0.0,0.9,0.9,1771,0,1771.0,97,14,20,"(33, 50)",0,0.040968342644320296,89.4,47.3,majority_vote,97,ATTACK,160,"(29, 50)",False,0,False,1825
32,2.200096372335011,False,2.200096372335011,0.39587964493014444,0.48576601729833513,1770,0,1770.0,91,15,20,"(33, 8)",32,0.04077849860982391,88.35,45.75,majority_vote,91,ATTACK,149,"(19, 40)",True,1,True,1825
28,0.0,False,0.0,0.32255521795041814,0.41136268970126944,1776,0,1776.0,109,8,21,"(24, 45)",0,0.03429101019462465,86.0952380952381,47.61904761904762,majority_vote,109,ATTACK,173,"(25, 35)",False,2,False,1825
0,0.0,True,0.0,0.9,0.9,1775,0,1775.0,98,14,21,"(33, 8)",0,0.03955841766329347,87.14285714285714,46.19047619047619,majority_vote,98,ATTACK,161,"(33, 50)",False,0,False,1830
32,2.200096372335011,False,2.200096372335011,0.39587964493014444,0.48576601729833513,1775,0,1775.0,91,15,20,"(33, 8)",32,0.038461538461538464,88.35,45.75,majority_vote,91,ATTACK,149,"(22, 38)",True,1,True,1830
28,0.0,False,0.0,0.32255521795041814,0.41136268970126944,1781,0,1781.0,109,8,21,"(24, 45)",0,0.03296703296703297,86.0952380952381,47.61904761904762,majority_vote,109,ATTACK,173,"(25, 40)",False,2,False,1830
0,0.0,True,0.0,0.9,0.9,1780,0,1780.0,98,14,21,"(33, 8)",0,0.037545787545787544,87.14285714285714,46.19047619047619,majority_vote,98,ATTACK,161,"(32, 46)",False,0,False,1835
32,2.200096372335011,False,2.200096372335011,0.39587964493014444,0.48576601729833513,1780,0,1780.0,91,15,20,"(33, 8)",32,0.037374658158614404,88.35,45.75,majority_vote,91,ATTACK,149,"(25, 36)",True,1,True,1835
28,0.0,False,0.0,0.33650850961856316,0.42498268044284715,1785,1,1785.0,111,8,21,"(24, 45)",0,0.028258887876025523,86.0952380952381,47.61904761904762,majority_vote,111,ATTACK,175,"(25, 44)",False,2,False,1835
0,0.0,True,0.0,0.9,0.9,1785,0,1785.0,98,14,21,"(33, 8)",0,0.03400735294117647,87.14285714285714,46.19047619047619,majority_vote,98,ATTACK,161,"(29, 44)",False,0,False,1840
32,2.200096372335011,False,2.200096372335011,0.39587964493014444,0.48576601729833513,1785,0,1785.0,91,15,20,"(33, 8)",32,0.03372835004557885,88.35,45.75,majority_vote,91,ATTACK,149,"(26, 32)",True,1,True,1840
28,0.0,False,0.0,0.36082008677394645,0.45746425791845463,1785,6,1785.0,111,8,21,"(24, 45)",0,0.028258887876025523,86.0952380952381,47.61904761904762,majority_vote,111,ATTACK,180,"(25, 44)",False,2,False,1840
0,0.0,True,0.0,0.9,0.9,1790,0,1790.0,98,14,21,"(33, 8)",0,0.03125,87.14285714285714,46.19047619047619,majority_vote,98,ATTACK,161,"(29, 39)",False,0,False,1845
32,0.0,False,0.0,0.39587964493014444,0.48576601729833513,1790,0,1790.0,91,15,20,"(33, 8)",0,0.03099361896080219,88.35,45.75,majority_vote,91,ATTACK,149,"(26, 27)",False,1,False,1845
28,0.0,False,0.0,0.3872965406234166,0.48958596001087745,1785,11,1785.0,111,8,21,"(24, 45)",0,0.024612579762989972,86.0952380952381,47.61904761904762,majority_vote,111,ATTACK,185,"(25, 44)",False,2,False,1845
0,0.0,True,0.0,0.9,0.9,1795,0,1795.0,98,14,21,"(33, 8)",0,0.027472527472527472,87.14285714285714,46.19047619047619,majority_vote,98,ATTACK,162,"(29, 34)",False,0,False,1850
22,0.0,False,0.0,0.39587964493014444,0.48576601729833513,1795,0,1795.0,92,15,20,"(33, 8)",0,0.03002729754322111,88.35,45.75,majority_vote,92,ATTACK,150,"(26, 22)",False,1,False,1850
28,0.0,True,0.0,0.4140508491633577,0.5139586804668713,1785,16,1785.0,111,8,21,"(24, 45)",0,0.018198362147406732,86.0952380952381,47.61904761904762,majority_vote,111,ATTACK,190,"(25, 44)",False,2,False,1850
0,0.0,True,0.0,0.9,0.9,1800,0,1800.0,98,14,21,"(33, 8)",0,0.02459016393442623,87.14285714285714,46.19047619047619,majority_vote,98,ATTACK,162,"(29, 29)",False,0,False,1855
17,0.0,False,0.0,0.39587964493014444,0.48576601729833513,1800,0,1800.0,92,15,20,"(33, 8)",0,0.023614895549500452,88.35,45.75,majority_vote,92,ATTACK,150,"(28, 19)",False,1,False,1855
28,0.0,True,0.0,0.4140508491633577,0.5139586804668713,1785,21,1785.0,111,8,21,"(24, 45)",0,0.013623978201634877,86.0952380952381,47.61904761904762,majority_vote,111,ATTACK,195,"(25, 44)",False,2,False,1855
0,0.0,True,0.0,0.9,0.9,1805,0,1805.0,98,14,21,"(33, 8)",0,0.02064631956912029,87.14285714285714,46.19047619047619,majority_vote,98,ATTACK,162,"(29, 24)",False,0,False,1860
11,0.0,True,0.0,0.4145334773271729,0.5027056516597629,1805,0,1805.0,92,15,20,"(33, 8)",0,0.022401433691756272,88.35,45.75,majority_vote,92,ATTACK,150,"(29, 15)",False,1,False,1860
21,0.0,True,0.0,0.4140508491633577,0.5139586804668713,1785,26,1785.0,111,8,21,"(24, 45)",0,0.013440860215053764,86.0952380952381,47.61904761904762,majority_vote,111,ATTACK,200,"(25, 44)",False,2,False,1860
0,0.0,True,0.0,0.9,0.9,1810,0,1810.0,98,14,21,"(33, 8)",0,0.017953321364452424,87.14285714285714,46.19047619047619,majority_vote,98,ATTACK,162,"(29, 19)",False,0,False,1865
11,0.0,True,0.0,0.43746156653990725,0.5238337926412567,1810,0,1810.0,92,15,20,"(33, 8)",0,0.022401433691756272,88.35,45.75,majority_vote,92,ATTACK,150,"(29, 10)",False,1,False,1865
17,0.0,True,0.0,0.4140508491633577,0.5139586804668713,1785,31,1785.0,111,8,21,"(24, 45)",0,0.013440860215053764,86.0952380952381,47.61904761904762,majority_vote,111,ATTACK,205,"(25, 44)",False,2,False,1865
0,0.0,True,0.0,0.9,0.9,1815,0,1815.0,98,14,21,"(33, 8)",0,0.017953321364452424,87.14285714285714,46.19047619047619,majority_vote,98,ATTACK,162,"(29, 14)",False,0,False,1870
4,0.0,False,0.0,0.4437334366826475,0.47410320736158124,1815,0,1815.0,92,15,20,"(33, 8)",0,0.01971326164874552,88.35,45.75,majority_vote,92,ATTACK,151,"(32, 8)",False,1,False,1870
13,0.0,True,0.0,0.4140508491633577,0.5139586804668713,1785,36,1785.0,111,8,21,"(24, 45)",0,0.017921146953405017,86.0952380952381,47.61904761904762,majority_vote,111,ATTACK,210,"(25, 44)",False,2,False,1870
0,0.0,True,0.0,0.9,0.9,1820,0,1820.0,98,14,21,"(33, 8)",0,0.01526032315978456,87.14285714285714,46.19047619047619,majority_vote,98,ATTACK,163,"(29, 9)",False,0,False,1875
3,0.0,True,0.0,0.45447143407686563,0.5024457606182071,1819,0,1819.0,93,15,21,"(2, 50)",0,0.01971326164874552,89.14285714285714,46.61904761904762,majority_vote,93,ATTACK,153,"(30, 8)",False,1,False,1875
9,0.0,True,0.0,0.4140508491633577,0.5139586804668713,1785,41,1785.0,111,8,21,"(24, 45)",0,0.015232974910394265,86.0952380952381,47.61904761904762,majority_vote,111,ATTACK,215,"(25, 44)",False,2,False,1875
0,0.0,True,0.0,0.9,0.9,1824,0,1824.0,98,15,21,"(33, 8)",0,0.01526032315978456,87.14285714285714,46.19047619047619,majority_vote,98,ATTACK,163,"(32, 8)",False,0,False,1880
3,0.0,True,0.0,0.46943619098586914,0.5302971437684615,1823,0,1823.0,95,16,21,"(2, 50)",0,0.02060931899641577,89.14285714285714,46.61904761904762,majority_vote,95,ATTACK,155,"(28, 10)",False,1,False,1880
9,0.0,True,0.0,0.4140508491633577,0.5139586804668713,1785,46,1785.0,111,8,21,"(24, 45)",0,0.015232974910394265,86.0952380952381,47.61904761904762,majority_vote,111,ATTACK,220,"(25, 44)",False,2,False,1880
0,0.0,True,0.0,0.9,0.9,1828,0,1828.0,99,15,21,"(2, 41)",0,0.01526032315978456,87.14285714285714,46.19047619047619,majority_vote,99,ATTACK,164,"(30, 8)",False,0,False,1885
7,0.0,True,0.0,0.4856721878339154,0.5493253591181649,1828,0,1828.0,95,16,21,"(2, 50)",0,0.023297491039426525,89.14285714285714,46.61904761904762,majority_vote,95,ATTACK,155,"(27, 14)",False,1,False,1885
12,0.0,True,0.0,0.4140508491633577,0.5139586804668713,1785,51,1785.0,111,8,21,"(24, 45)",0,0.017025089605734768,86.0952380952381,47.61904761904762,majority_vote,111,ATTACK,225,"(25, 44)",False,2,False,1885
0,0.0,True,0.0,0.9,0.9,1833,0,1833.0,99,15,21,"(2, 41)",0,0.01526032315978456,87.14285714285714,46.19047619047619,majority_vote,99,ATTACK,164,"(28, 11)",False,0,False,1890
7,0.0,True,0.0,0.5028705840011872,0.5690723426668797,1833,0,1833.0,95,16,21,"(2, 50)",0,0.023297491039426525,89.14285714285714,46.61904761904762,majority_vote,95,ATTACK,155,"(27, 19)",False,1,False,1890
12,0.0,True,0.0,0.4140508491633577,0.5139586804668713,1785,56,1785.0,111,8,21,"(24, 45)",0,0.017921146953405017,86.0952380952381,47.61904761904762,majority_vote,111,ATTACK,230,"(25, 44)",False,2,False,1890
0,0.0,True,0.0,0.9,0.9,1838,0,1838.0,99,15,21,"(2, 41)",0,0.017055655296229804,87.14285714285714,46.19047619047619,majority_vote,99,ATTACK,164,"(28, 16)",False,0,False,1895
7,0.0,True,0.0,0.5202476397972913,0.5858632433594212,1838,0,1838.0,95,16,21,"(2, 50)",0,0.023297491039426525,89.14285714285714,46.61904761904762,majority_vote,95,ATTACK,155,"(27, 24)",False,1,False,1895
12,0.0,True,0.0,0.4140508491633577,0.5139586804668713,1785,61,1785.0,111,8,21,"(24, 45)",0,0.017921146953405017,86.0952380952381,47.61904761904762,majority_vote,111,ATTACK,235,"(25, 44)",False,2,False,1895
0,0.0,True,0.0,0.9,0.9,1843,0,1843.0,99,15,21,"(2, 41)",0,0.017101710171017102,87.14285714285714,46.19047619047619,majority_vote,99,ATTACK,165,"(28, 21)",False,0,False,1900
7,0.0,True,0.0,0.5373313372829898,0.6019475965863054,1843,0,1843.0,95,16,21,"(2, 50)",0,0.023402340234023402,89.14285714285714,46.61904761904762,majority_vote,95,ATTACK,156,"(27, 29)",False,1,False,1900
12,0.0,True,0.0,0.4140508491633577,0.5139586804668713,1785,66,1785.0,111,8,21,"(24, 45)",0,0.019801980198019802,86.0952380952381,47.61904761904762,majority_vote,111,ATTACK,240,"(25, 44)",False,2,False,1900
0,0.0,True,0.0,0.9,0.9,1848,0,1848.0,99,15,21,"(2, 41)",0,0.017101710171017102,87.14285714285714,46.19047619047619,majority_vote,99,ATTACK,165,"(28, 26)",False,0,False,1905
7,0.0,True,0.0,0.5541729362944013,0.6173771918706885,1848,0,1848.0,95,16,21,"(2, 50)",0,0.023402340234023402,89.14285714285714,46.61904761904762,majority_vote,95,ATTACK,156,"(26, 33)",False,1,False,1905
12,0.0,True,0.0,0.4140508491633577,0.5139586804668713,1785,71,1785.0,111,8,21,"(24, 45)",0,0.019801980198019802,86.0952380952381,47.61904761904762,majority_vote,111,ATTACK,245,"(25, 44)",False,2,False,1905
0,0.0,True,0.0,0.9,0.9,1853,0,1853.0,99,15,21,"(2, 41)",0,0.016201620162016202,87.14285714285714,46.19047619047619,majority_vote,99,ATTACK,165,"(28, 31)",False,0,False,1910
7,0.0,True,0.0,0.5709425575465257,0.6348703121149394,1853,0,1853.0,95,16,21,"(2, 50)",0,0.022502250225022502,89.14285714285714,46.61904761904762,majority_vote,95,ATTACK,156,"(24, 36)",False,1,False,1910
12,0.0,True,0.0,0.4140508491633577,0.5139586804668713,1785,76,1785.0,111,8,21,"(24, 45)",0,0.017101710171017102,86.0952380952381,47.61904761904762,majority_vote,111,ATTACK,250,"(25, 44)",False,2,False,1910
0,0.0,True,0.0,0.9,0.9,1858,0,1858.0,99,15,21,"(2, 41)",0,0.017101710171017102,87.14285714285714,46.19047619047619,majority_vote,99,ATTACK,165,"(28, 36)",False,0,False,1915
7,0.0,True,0.0,0.5877710733874851,0.6520064912648501,1858,0,1858.0,95,16,21,"(2, 50)",0,0.022502250225022502,89.14285714285714,46.61904761904762,majority_vote,95,ATTACK,156,"(22, 39)",False,1,False,1915
12,0.0,True,0.0,0.4140508491633577,0.5139586804668713,1785,81,1785.0,111,8,21,"(24, 45)",0,0.017101710171017102,86.0952380952381,47.61904761904762,majority_vote,111,ATTACK,255,"(25, 44)",False,2,False,1915
0,0.0,True,0.0,0.9,0.9,1863,0,1863.0,99,15,21,"(2, 41)",0,0.01743119266055046,87.14285714285714,46.19047619047619,majority_vote,99,ATTACK,165,"(26, 39)",False,0,False,1920
7,0.0,True,0.0,0.6047907264998641,0.6690830305745575,1863,0,1863.0,95,16,21,"(2, 50)",0,0.022893772893772892,89.14285714285714,46.61904761904762,majority_vote,95,ATTACK,156,"(17, 39)",False,1,False,1920
12,0.0,True,0.0,0.4396819076432324,0.5372480768716633,1785,86,1785.0,111,8,21,"(24, 45)",0,0.0173992673992674,86.0952380952381,47.61904761904762,majority_vote,111,ATTACK,260,"(25, 44)",False,2,False,1920
0,0.0,True,0.0,0.9,0.9,1868,0,1868.0,100,15,21,"(2, 41)",0,0.01834862385321101,87.14285714285714,46.19047619047619,majority_vote,100,ATTACK,166,"(21, 39)",False,0,False,1925
7,0.0,True,0.0,0.6213191064193847,0.6831424310212441,1868,0,1868.0,95,16,21,"(2, 50)",0,0.02197802197802198,89.14285714285714,46.61904761904762,majority_vote,95,ATTACK,157,"(13, 40)",False,1,False,1925
12,0.0,True,0.0,0.4656012341521881,0.563850021725514,1785,91,1785.0,111,8,21,"(24, 45)",0,0.0173992673992674,86.0952380952381,47.61904761904762,majority_vote,111,ATTACK,265,"(25, 44)",False,2,False,1925
0,0.0,True,0.0,0.9,0.9,1873,0,1873.0,100,15,21,"(2, 41)",0,0.01834862385321101,87.14285714285714,46.19047619047619,majority_vote,100,ATTACK,166,"(18, 41)",False,0,False,1930
7,0.0,True,0.0,0.6373109525282414,0.6977079793308669,1873,0,1873.0,95,16,21,"(2, 50)",0,0.02197802197802198,89.14285714285714,46.61904761904762,majority_vote,95,ATTACK,157,"(10, 42)",False,1,False,1930
12,0.0,True,0.0,0.48079676859111853,0.5754703257246941,1785,96,1785.0,111,8,21,"(24, 45)",0,0.0173992673992674,86.0952380952381,47.61904761904762,majority_vote,111,ATTACK,270,"(25, 44)",False,2,False,1930
0,0.0,True,0.0,0.9,0.9,1878,0,1878.0,100,15,21,"(2, 41)",0,0.019143117593436645,87.14285714285714,46.19047619047619,majority_vote,100,ATTACK,166,"(13, 41)",False,0,False,1935
7,0.0,True,0.0,0.6467381450492579,0.706167623699689,1878,0,1878.0,95,16,21,"(2, 50)",0,0.02183803457688808,89.14285714285714,46.61904761904762,majority_vote,95,ATTACK,157,"(9, 46)",False,1,False,1935
12,0.0,True,0.0,0.48079676859111853,0.5754703257246941,1785,101,1785.0,111,8,21,"(24, 45)",0,0.017288444040036398,86.0952380952381,47.61904761904762,majority_vote,111,ATTACK,275,"(25, 44)",False,2,False,1935
0,0.0,True,0.0,0.9,0.9,1883,0,1883.0,100,15,21,"(2, 41)",0,0.01895306859205776,87.14285714285714,46.19047619047619,majority_vote,100,ATTACK,166,"(8, 41)",False,0,False,1940
5,0.0,True,0.0,0.6621447397786175,0.7204769872784813,1883,0,1883.0,95,16,21,"(2, 50)",0,0.02164111812443643,89.14285714285714,46.61904761904762,majority_vote,95,ATTACK,157,"(4, 46)",False,1,False,1940
10,0.0,True,0.0,0.48079676859111853,0.5754703257246941,1785,106,1785.0,111,8,21,"(24, 45)",0,0.017132551848512173,86.0952380952381,47.61904761904762,majority_vote,111,ATTACK,280,"(25, 44)",False,2,False,1940
0,0.0,True,0.0,0.9,0.9,1888,0,1888.0,100,15,21,"(2, 41)",0,0.01891891891891892,87.14285714285714,46.19047619047619,majority_vote,100,ATTACK,166,"(3, 41)",False,0,False,1945
5,0.0,True,0.0,0.6772426651516553,0.7341340219117949,1888,0,1888.0,95,16,21,"(2, 50)",0,0.022502250225022502,89.14285714285714,46.61904761904762,majority_vote,95,ATTACK,157,"(3, 50)",False,1,False,1945
10,0.0,True,0.0,0.48079676859111853,0.5754703257246941,1785,111,1785.0,111,8,21,"(24, 45)",0,0.017101710171017102,86.0952380952381,47.61904761904762,majority_vote,111,ATTACK,285,"(25, 44)",False,2,False,1945
0,0.0,True,0.0,0.9,0.9,1892,0,1892.0,101,15,22,"(3, 8)",0,0.044144144144144144,88.5,47.04545454545455,majority_vote,101,ATTACK,168,"(5, 41)",False,0,False,1950
5,0.0,True,0.0,0.6831540544462634,0.7389812660358365,1892,0,1892.0,97,16,21,"(13, 15)",0,0.046804680468046804,89.14285714285714,46.61904761904762,majority_vote,97,ATTACK,159,"(3, 48)",False,1,False,1950
10,0.0,True,0.0,0.48079676859111853,0.5754703257246941,1786,115,1786.0,112,8,21,"(24, 45)",0,0.0387038703870387,86.0952380952381,47.61904761904762,majority_vote,112,ATTACK,290,"(25, 45)",False,2,False,1950
0,0.0,True,0.0,0.9,0.9,1897,0,1897.0,101,15,22,"(3, 8)",0,0.04594594594594595,88.5,47.04545454545455,majority_vote,101,ATTACK,168,"(10, 41)",False,0,False,1955
11,0.0,True,0.0,0.6977289928813097,0.7526588364830104,1897,0,1897.0,97,16,21,"(13, 15)",0,0.04410441044104411,89.14285714285714,46.61904761904762,majority_vote,97,ATTACK,159,"(5, 45)",False,1,False,1955
16,0.6200000000000045,True,0.6200000000000045,0.48079676859111853,0.5754703257246941,1790,115,1790.0,113,8,21,"(2, 22)",16,0.036003600360036005,86.0952380952381,47.61904761904762,majority_vote,113,ATTACK,291,"(25, 43)",True,2,True,1955
0,0.0,True,0.0,0.9,0.9,1902,0,1902.0,101,15,22,"(3, 8)",0,0.046028880866425995,88.5,47.04545454545455,majority_vote,101,ATTACK,168,"(13, 39)",False,0,False,1960
11,0.0,True,0.0,0.7119853031184473,0.7656576928311906,1902,0,1902.0,97,16,21,"(13, 15)",0,0.04450499545867393,89.14285714285714,46.61904761904762,majority_vote,97,ATTACK,159,"(10, 45)",False,1,False,1960
13,0.612000000000009,False,0.612000000000009,0.3030045235549105,0.3030045235549105,1795,115,1795.0,114,8,21,"(2, 22)",13,0.03535811423390753,86.0952380952381,47.61904761904762,majority_vote,114,ATTACK,292,"(25, 38)",True,2,True,1960
0,0.0,True,0.0,0.9,0.9,1907,0,1907.0,101,15,22,"(3, 8)",0,0.0388086642599278,88.5,47.04545454545455,majority_vote,101,ATTACK,168,"(14, 35)",False,0,False,1965
11,0.0,True,0.0,0.7258908952111734,0.7780752353607872,1907,0,1907.0,97,16,21,"(13, 15)",0,0.04268846503178928,89.14285714285714,46.61904761904762,majority_vote,97,ATTACK,159,"(12, 42)",False,1,False,1965
13,0.612000000000009,False,0.612000000000009,0.3030045235549105,0.3030045235549105,1800,115,1800.0,114,8,21,"(2, 22)",13,0.029918404351767906,86.0952380952381,47.61904761904762,majority_vote,114,ATTACK,292,"(24, 34)",True,2,True,1965
0,0.0,True,0.0,0.9,0.9,1912,0,1912.0,101,15,22,"(3, 8)",0,0.032490974729241874,88.5,47.04545454545455,majority_vote,101,ATTACK,168,"(14, 30)",False,0,False,1970
11,0.0,True,0.0,0.7393839236316809,0.7899184792413221,1912,0,1912.0,97,16,21,"(13, 15)",0,0.04268846503178928,89.14285714285714,46.61904761904762,majority_vote,97,ATTACK,159,"(13, 38)",False,1,False,1970
13,0.612000000000009,False,0.612000000000009,0.30474597081673344,0.3213262854006212,1805,115,1805.0,114,8,21,"(2, 22)",13,0.028105167724388033,86.0952380952381,47.61904761904762,majority_vote,114,ATTACK,292,"(20, 33)",True,2,True,1970
0,0.0,True,0.0,0.9,0.9,1917,0,1917.0,102,15,22,"(3, 8)",0,0.030685920577617327,88.5,47.04545454545455,majority_vote,102,ATTACK,169,"(14, 25)",False,0,False,1975
11,0.0,True,0.0,0.7522489455031407,0.7998288371255253,1917,0,1917.0,97,16,21,"(13, 15)",0,0.03996366939146231,89.14285714285714,46.61904761904762,majority_vote,97,ATTACK,160,"(14, 34)",False,1,False,1975
13,0.0,False,0.0,0.3133884961202339,0.3558656217191358,1810,115,1810.0,115,8,21,"(2, 22)",0,0.02357207615593835,86.0952380952381,47.61904761904762,majority_vote,115,ATTACK,293,"(18, 30)",False,2,False,1975
0,0.0,True,0.0,0.9,0.9,1922,0,1922.0,102,15,22,"(3, 8)",0,0.030985915492957747,88.5,47.04545454545455,majority_vote,102,ATTACK,169,"(14, 20)",False,0,False,1980
9,0.0,True,0.0,0.7642239756544098,0.8083927717086771,1922,0,1922.0,97,16,21,"(13, 15)",0,0.03878902554399243,89.14285714285714,46.61904761904762,majority_vote,97,ATTACK,160,"(14, 29)",False,1,False,1980
11,0.0,False,0.0,0.32747190007401306,0.3874664136254538,1815,115,1815.0,115,8,21,"(2, 22)",0,0.022598870056497175,86.0952380952381,47.61904761904762,majority_vote,115,ATTACK,293,"(16, 27)",False,2,False,1980
0,0.0,True,0.0,0.9,0.9,1927,0,1927.0,102,15,22,"(3, 8)",0,0.0215962441314554,88.5,47.04545454545455,majority_vote,102,ATTACK,169,"(14, 15)",False,0,False,1985
9,0.0,True,0.0,0.775372207512582,0.8166404586832815,1927,0,1927.0,97,16,21,"(13, 15)",0,0.03110273327049953,89.14285714285714,46.61904761904762,majority_vote,97,ATTACK,160,"(14, 24)",False,1,False,1985
11,0.0,False,0.0,0.34527731234792974,0.41748127934695695,1819,115,1819.0,115,9,21,"(2, 22)",0,0.017823639774859287,86.0952380952381,47.61904761904762,majority_vote,115,ATTACK,293,"(15, 24)",False,2,False,1985
0,0.0,True,0.0,0.9,0.9,1932,0,1932.0,102,15,22,"(3, 8)",0,0.018501387604070305,88.5,47.04545454545455,majority_vote,102,ATTACK,169,"(14, 10)",False,0,False,1990
9,0.0,True,0.0,0.7858213480068991,0.8244895719396537,1932,0,1932.0,97,16,21,"(13, 15)",0,0.027777777777777776,89.14285714285714,46.61904761904762,majority_vote,97,ATTACK,160,"(14, 19)",False,1,False,1990
11,0.0,False,0.0,0.3651711821828406,0.4424120824950805,1823,115,1823.0,116,10,21,"(2, 22)",0,0.016605166051660517,86.0952380952381,47.61904761904762,majority_vote,116,ATTACK,294,"(12, 23)",False,2,False,1990
0,0.0,True,0.0,0.9,0.9,1937,0,1937.0,102,15,22,"(3, 8)",0,0.01813236627379873,88.5,47.04545454545455,majority_vote,102,ATTACK,169,"(11, 8)",False,0,False,1995
9,0.0,True,0.0,0.7957596917948965,0.8330570225409972,1937,0,1937.0,97,16,21,"(13, 15)",0,0.022686025408348458,89.14285714285714,46.61904761904762,majority_vote,97,ATTACK,160,"(13, 15)",False,1,False,1995
4,0.0,False,0.0,0.37750607997095437,0.4555092332008723,1828,115,1828.0,116,10,21,"(2, 22)",0,0.016289592760180997,86.0952380952381,47.61904761904762,majority_vote,116,ATTACK,294,"(8, 22)",False,2,False,1995
0,0.0,True,0.0,0.9,0.9,1942,0,1942.0,102,15,22,"(3, 8)",0,0.01639344262295082,88.5,47.04545454545455,majority_vote,102,RECOVERY,170,"(6, 8)",False,0,False,2000
9,0.0,True,0.0,0.7977344220758622,0.8352542974142109,1941,0,1941.0,98,16,22,"(33, 50)",0,0.020947176684881604,90.72727272727273,46.72727272727273,majority_vote,98,RECOVERY,162,"(15, 17)",False,1,False,2000
4,0.0,False,0.0,0.37750607997095437,0.4555092332008723,1833,115,1833.0,116,10,21,"(2, 22)",0,0.01364877161055505,86.0952380952381,47.61904761904762,majority_vote,116,RECOVERY,295,"(3, 22)",False,2,False,2000
0,0.0,True,0.0,0.9,0.9,1946,0,1946.0,103,15,22,"(2, 22)",0,0.01639344262295082,88.5,47.04545454545455,majority_vote,103,RECOVERY,171,"(4, 8)",False,0,False,2005
9,0.0,True,0.0,0.7977344220758622,0.8352542974142109,1946,0,1946.0,98,16,22,"(33, 50)",0,0.020947176684881604,90.72727272727273,46.72727272727273,majority_vote,98,RECOVERY,162,"(15, 22)",False,1,False,2005
4,0.0,False,0.0,0.37750607997095437,0.4555092332008723,1837,115,1837.0,117,10,22,"(15, 2)",0,0.01364877161055505,91.0,47.72727272727273,majority_vote,117,RECOVERY,296,"(5, 22)",False,2,False,2005
0,0.0,True,0.0,0.9,0.9,1951,0,1951.0,103,15,22,"(2, 22)",0,0.01639344262295082,88.5,47.04545454545455,majority_vote,103,RECOVERY,171,"(9, 8)",False,0,False,2010
9,0.0,True,0.0,0.7977344220758622,0.8352542974142109,1951,0,1951.0,98,16,22,"(33, 50)",0,0.020947176684881604,90.72727272727273,46.72727272727273,majority_vote,98,RECOVERY,162,"(15, 27)",False,1,False,2010
4,0.0,False,0.0,0.37750607997095437,0.4555092332008723,1842,115,1842.0,117,10,22,"(15, 2)",0,0.014558689717925387,91.0,47.72727272727273,majority_vote,117,RECOVERY,296,"(9, 21)",False,2,False,2010
0,0.0,True,0.0,0.9,0.9,1956,0,1956.0,103,15,22,"(2, 22)",0,0.01639344262295082,88.5,47.04545454545455,majority_vote,103,RECOVERY,171,"(13, 9)",False,0,False,2015
9,0.0,True,0.0,0.7977344220758622,0.8352542974142109,1956,0,1956.0,98,16,22,"(33, 50)",0,0.020947176684881604,90.72727272727273,46.72727272727273,majority_vote,98,RECOVERY,162,"(15, 32)",False,1,False,2015
4,0.0,False,0.0,0.38574680888579166,0.46406411140902293,1847,115,1847.0,117,10,22,"(15, 2)",0,0.014558689717925387,91.0,47.72727272727273,majority_vote,117,RECOVERY,296,"(14, 21)",False,2,False,2015
0,0.0,True,0.0,0.9,0.9,1961,0,1961.0,103,15,22,"(2, 22)",0,0.016423357664233577,88.5,47.04545454545455,majority_vote,103,RECOVERY,171,"(14, 13)",False,0,False,2020
9,0.0,True,0.0,0.7977344220758622,0.8352542974142109,1961,0,1961.0,98,16,22,"(33, 50)",0,0.020985401459854013,90.72727272727273,46.72727272727273,majority_vote,98,RECOVERY,162,"(15, 37)",False,1,False,2020
4,0.0,False,0.0,0.4065073712553825,0.4865426110552251,1852,115,1852.0,117,10,22,"(15, 2)",0,0.014598540145985401,91.0,47.72727272727273,majority_vote,117,RECOVERY,296,"(15, 17)",False,2,False,2020
0,0.0,True,0.0,0.9,0.9,1966,0,1966.0,104,15,22,"(2, 22)",0,0.016408386508659983,88.5,47.04545454545455,majority_vote,104,RECOVERY,172,"(14, 18)",False,0,False,2025
9,0.0,True,0.0,0.7977344220758622,0.8352542974142109,1966,0,1966.0,98,16,22,"(33, 50)",0,0.020054694621695533,90.72727272727273,46.72727272727273,majority_vote,98,RECOVERY,163,"(17, 40)",False,1,False,2025
4,0.0,True,0.0,0.4290535733012663,0.5179428914568779,1857,115,1857.0,117,10,22,"(15, 2)",0,0.014585232452142206,91.0,47.72727272727273,majority_vote,117,RECOVERY,297,"(15, 12)",False,2,False,2025
0,0.0,True,0.0,0.9,0.9,1971,0,1971.0,104,15,22,"(2, 22)",0,0.01634877384196185,88.5,47.04545454545455,majority_vote,104,RECOVERY,172,"(13, 22)",False,0,False,2030
9,0.0,True,0.0,0.7977344220758622,0.8352542974142109,1971,0,1971.0,98,16,22,"(33, 50)",0,0.019981834695731154,90.72727272727273,46.72727272727273,majority_vote,98,RECOVERY,163,"(22, 40)",False,1,False,2030
4,0.0,True,0.0,0.45256215057990096,0.5409156015235806,1862,115,1862.0,117,10,22,"(15, 2)",0,0.01634877384196185,91.0,47.72727272727273,majority_vote,117,RECOVERY,297,"(15, 7)",False,2,False,2030
0,0.0,True,0.0,0.9,0.9,1976,0,1976.0,104,15,22,"(2, 22)",0,0.0162748643761302,88.5,47.04545454545455,majority_vote,104,RECOVERY,172,"(8, 22)",False,0,False,2035
4,0.0,True,0.0,0.6792466254977555,0.6792466254977555,1976,0,1976.0,98,16,22,"(33, 50)",0,0.018083182640144666,90.72727272727273,46.72727272727273,majority_vote,98,RECOVERY,163,"(25, 42)",False,1,False,2035
4,0.0,True,0.0,0.461767764200852,0.5495649163608668,1867,115,1867.0,117,10,22,"(15, 2)",0,0.015370705244122965,91.0,47.72727272727273,majority_vote,117,RECOVERY,297,"(15, 2)",False,2,False,2035
0,0.0,True,0.0,0.9,0.9,1981,0,1981.0,104,15,22,"(2, 22)",0,0.016260162601626018,88.5,47.04545454545455,majority_vote,104,RECOVERY,172,"(3, 22)",False,0,False,2040
4,0.0,True,0.0,0.6792466254977555,0.6792466254977555,1981,0,1981.0,98,16,22,"(33, 50)",0,0.018066847335140017,90.72727272727273,46.72727272727273,majority_vote,98,RECOVERY,163,"(28, 44)",False,1,False,2040
4,0.0,True,0.0,0.461767764200852,0.5495649163608668,1871,115,1871.0,118,10,22,"(33, 30)",0,0.015356820234869015,91.0,47.72727272727273,majority_vote,118,RECOVERY,298,"(15, 6)",False,2,False,2040
0,0.0,True,0.0,0.9,0.9,1985,0,1985.0,105,15,23,"(33, 30)",0,0.016230838593327322,88.78260869565217,46.65217391304348,majority_vote,105,RECOVERY,173,"(4, 23)",False,0,False,2045
2,0.0,False,0.0,0.37947310799558776,0.37947310799558776,1986,0,1986.0,99,16,22,"(33, 50)",0,0.014427412082957619,90.72727272727273,46.72727272727273,majority_vote,99,RECOVERY,164,"(29, 48)",False,1,False,2045
4,0.0,True,0.0,0.461767764200852,0.5495649163608668,1876,115,1876.0,118,10,22,"(33, 30)",0,0.013525698827772768,91.0,47.72727272727273,majority_vote,118,RECOVERY,298,"(16, 10)",False,2,False,2045
0,0.0,True,0.0,0.9,0.9,1990,0,1990.0,106,15,23,"(33, 30)",0,0.016216216216216217,88.78260869565217,46.65217391304348,majority_vote,106,RECOVERY,174,"(8, 24)",False,0,False,2050
1,0.0,False,0.0,0.2957053450661658,0.2957053450661658,1991,0,1991.0,99,16,22,"(33, 50)",0,0.013513513513513514,90.72727272727273,46.72727272727273,majority_vote,99,RECOVERY,165,"(32, 50)",False,1,False,2050
4,0.0,True,0.0,0.47974472606018664,0.5640586072980532,1881,115,1881.0,118,10,22,"(33, 30)",0,0.014414414414414415,91.0,47.72727272727273,majority_vote,118,RECOVERY,299,"(16, 15)",False,2,False,2050
0,0.0,True,0.0,0.9,0.9,1995,0,1995.0,106,15,23,"(33, 30)",0,0.016143497757847534,88.78260869565217,46.65217391304348,majority_vote,106,RECOVERY,174,"(10, 27)",False,0,False,2055
1,0.0,False,0.0,0.2957053450661658,0.2957053450661658,1995,0,1995.0,100,16,22,"(13, 15)",0,0.011659192825112108,90.72727272727273,46.72727272727273,majority_vote,100,RECOVERY,166,"(30, 50)",False,1,False,2055
4,0.0,True,0.0,0.5013847132496427,0.5820819184324749,1886,115,1886.0,118,10,22,"(33, 30)",0,0.014349775784753363,91.0,47.72727272727273,majority_vote,118,RECOVERY,299,"(16, 20)",False,2,False,2055
0,0.0,True,0.0,0.9,0.9,2000,0,2000.0,106,15,23,"(33, 30)",0,0.016129032258064516,88.78260869565217,46.65217391304348,majority_vote,106,RECOVERY,174,"(15, 27)",False,0,False,2060
1,0.0,False,0.0,0.2957053450661658,0.2957053450661658,2000,0,2000.0,100,16,22,"(13, 15)",0,0.011648745519713262,90.72727272727273,46.72727272727273,majority_vote,100,RECOVERY,166,"(30, 45)",False,1,False,2060
4,0.0,True,0.0,0.5223331050037416,0.602243712582566,1891,115,1891.0,118,10,22,"(33, 30)",0,0.014336917562724014,91.0,47.72727272727273,majority_vote,118,RECOVERY,299,"(16, 25)",False,2,False,2060
0,0.0,True,0.0,0.9,0.9,2005,0,2005.0,106,15,23,"(33, 30)",0,0.016129032258064516,88.78260869565217,46.65217391304348,majority_vote,106,RECOVERY,174,"(17, 30)",False,0,False,2065
1,0.0,False,0.0,0.2957053450661658,0.2957053450661658,2005,0,2005.0,100,16,22,"(13, 15)",0,0.011648745519713262,90.72727272727273,46.72727272727273,majority_vote,100,RECOVERY,166,"(27, 43)",False,1,False,2065
4,0.0,True,0.0,0.5436667643931558,0.6248845211251691,1896,115,1896.0,118,10,22,"(33, 30)",0,0.013440860215053764,91.0,47.72727272727273,majority_vote,118,RECOVERY,299,"(20, 26)",False,2,False,2065
0,0.0,True,0.0,0.9,0.9,2010,0,2010.0,106,15,23,"(33, 30)",0,0.012544802867383513,88.78260869565217,46.65217391304348,majority_vote,106,RECOVERY,174,"(22, 30)",False,0,False,2070
1,0.0,False,0.0,0.2957053450661658,0.2957053450661658,2010,0,2010.0,100,16,22,"(13, 15)",0,0.00985663082437276,90.72727272727273,46.72727272727273,majority_vote,100,RECOVERY,166,"(25, 40)",False,1,False,2070
4,0.0,True,0.0,0.5650193314334968,0.6463815301906985,1901,115,1901.0,118,10,22,"(33, 30)",0,0.010752688172043012,91.0,47.72727272727273,majority_vote,118,RECOVERY,299,"(22, 29)",False,2,False,2070
0,0.0,True,0.0,0.9,0.9,2015,0,2015.0,106,15,23,"(33, 30)",0,0.008960573476702509,88.78260869565217,46.65217391304348,majority_vote,106,RECOVERY,175,"(27, 30)",False,0,False,2075
1,0.0,False,0.0,0.2972216936208326,0.3114572848092662,2015,0,2015.0,101,16,22,"(13, 15)",0,0.0062724014336917565,90.72727272727273,46.72727272727273,majority_vote,101,RECOVERY,167,"(21, 39)",False,1,False,2075
4,0.0,True,0.0,0.5862699176621687,0.6663215910188202,1906,115,1906.0,118,10,22,"(33, 30)",0,0.00985663082437276,91.0,47.72727272727273,majority_vote,118,RECOVERY,300,"(26, 30)",False,2,False,2075
0,0.0,True,0.0,0.9,0.9,2020,0,2020.0,106,15,23,"(33, 30)",0,0.00718132854578097,88.78260869565217,46.65217391304348,majority_vote,106,RECOVERY,175,"(32, 30)",False,0,False,2080
1,0.0,False,0.0,0.30396543769436957,0.336687874307444,2020,0,2020.0,101,16,22,"(13, 15)",0,0.004484304932735426,90.72727272727273,46.72727272727273,majority_vote,101,RECOVERY,167,"(19, 36)",False,1,False,2080
4,0.0,True,0.0,0.607013779981697,0.6851826454321613,1911,115,1911.0,118,10,22,"(33, 30)",0,0.00718132854578097,91.0,47.72727272727273,majority_vote,118,RECOVERY,300,"(31, 30)",False,2,False,2080
0,0.0,True,0.0,0.9,0.9,2023,0,2023.0,107,16,23,"(2, 50)",0,0.0062836624775583485,88.78260869565217,46.65217391304348,majority_vote,107,RECOVERY,176,"(31, 30)",False,0,False,2085
1,0.0,False,0.0,0.31544624459371434,0.365744702855929,2025,0,2025.0,101,16,22,"(13, 15)",0,0.003587443946188341,90.72727272727273,46.72727272727273,majority_vote,101,RECOVERY,167,"(17, 33)",False,1,False,2085
4,0.0,True,0.0,0.6234159037838565,0.7009717389556177,1915,115,1915.0,120,11,22,"(33, 30)",0,0.00718132854578097,91.0,47.72727272727273,majority_vote,120,RECOVERY,302,"(32, 31)",False,2,False,2085
0,0.0,True,0.0,0.9,0.9,2028,0,2028.0,107,16,23,"(2, 50)",0,0.0062836624775583485,88.78260869565217,46.65217391304348,majority_vote,107,RECOVERY,176,"(27, 31)",False,0,False,2090
1,0.0,False,0.0,0.3304719097631646,0.3910633420942658,2030,0,2030.0,101,16,22,"(13, 15)",0,0.003587443946188341,90.72727272727273,46.72727272727273,majority_vote,101,RECOVERY,167,"(14, 31)",False,1,False,2090
4,0.0,True,0.0,0.6437945069803258,0.7206218174419025,1918,115,1918.0,121,11,23,"(2, 50)",0,0.00718132854578097,90.78260869565217,47.91304347826087,majority_vote,121,RECOVERY,304,"(32, 30)",False,2,False,2090
0,0.0,True,0.0,0.9,0.9,2033,0,2033.0,107,16,23,"(2, 50)",0,0.0062836624775583485,88.78260869565217,46.65217391304348,majority_vote,107,RECOVERY,176,"(22, 31)",False,0,False,2095
1,0.0,False,0.0,0.34744940901934435,0.41399399500681056,2035,0,2035.0,101,16,22,"(13, 15)",0,0.003587443946188341,90.72727272727273,46.72727272727273,majority_vote,101,RECOVERY,167,"(14, 26)",False,1,False,2095
4,0.0,True,0.0,0.6635221069339357,0.7370353518546431,1923,115,1923.0,121,11,23,"(2, 50)",0,0.00718132854578097,90.78260869565217,47.91304347826087,majority_vote,121,RECOVERY,304,"(29, 32)",False,2,False,2095
0,0.0,True,0.0,0.9,0.9,2038,0,2038.0,108,16,23,"(2, 50)",0,0.05180388529139685,88.78260869565217,46.65217391304348,majority_vote,108,RECOVERY,177,"(17, 31)",False,0,False,2100
1,0.0,False,0.0,0.3617539443241251,0.4304597946234919,2040,0,2040.0,101,16,22,"(13, 15)",0,0.056429232192414434,90.72727272727273,46.72727272727273,majority_vote,101,RECOVERY,168,"(14, 21)",False,1,False,2100
4,0.0,True,0.0,0.6820282407740695,0.7502656587734319,1928,115,1928.0,122,11,23,"(2, 50)",0,0.04810360777058279,90.78260869565217,47.91304347826087,majority_vote,122,RECOVERY,305,"(24, 32)",False,2,False,2100
0,0.0,True,0.0,0.9,0.9,2043,0,2043.0,108,16,23,"(2, 50)",0,0.04625346901017576,88.78260869565217,46.65217391304348,majority_vote,108,RECOVERY,177,"(14, 33)",False,0,False,2105
1,0.0,False,0.0,0.3617539443241251,0.4304597946234919,2045,0,2045.0,101,16,22,"(13, 15)",0,0.05272895467160037,90.72727272727273,46.72727272727273,majority_vote,101,RECOVERY,168,"(14, 16)",False,1,False,2105
4,0.0,True,0.0,0.6992340500778709,0.7627211135379789,1933,115,1933.0,122,11,23,"(2, 50)",0,0.04717853839037928,90.78260869565217,47.91304347826087,majority_vote,122,RECOVERY,305,"(21, 34)",False,2,False,2105
0,0.0,True,0.0,0.9,0.9,2048,0,2048.0,108,16,23,"(2, 50)",0,0.04440333024976873,88.78260869565217,46.65217391304348,majority_vote,108,RECOVERY,177,"(12, 36)",False,0,False,2110
1,0.0,False,0.0,0.3617539443241251,0.4304597946234919,2049,0,2049.0,102,16,23,"(21, 24)",0,0.05180388529139685,91.65217391304348,47.130434782608695,majority_vote,102,RECOVERY,169,"(14, 16)",False,1,False,2110
4,0.0,True,0.0,0.7151692383065087,0.773803818109362,1938,115,1938.0,122,11,23,"(2, 50)",0,0.045328399629972246,90.78260869565217,47.91304347826087,majority_vote,122,RECOVERY,305,"(20, 38)",False,2,False,2110
0,0.0,True,0.0,0.9,0.9,2053,0,2053.0,108,16,23,"(2, 50)",0,0.043875685557586835,88.78260869565217,46.65217391304348,majority_vote,108,RECOVERY,177,"(10, 39)",False,0,False,2115
1,0.0,False,0.0,0.3617539443241251,0.4304597946234919,2054,0,2054.0,102,16,23,"(21, 24)",0,0.051188299817184646,91.65217391304348,47.130434782608695,majority_vote,102,RECOVERY,169,"(17, 18)",False,1,False,2115
4,0.0,True,0.0,0.7297178819334886,0.7829851223933505,1943,115,1943.0,122,11,23,"(2, 50)",0,0.04296160877513711,90.78260869565217,47.91304347826087,majority_vote,122,RECOVERY,305,"(17, 40)",False,2,False,2115
0,0.0,True,0.0,0.9,0.9,2058,0,2058.0,108,16,23,"(2, 50)",0,0.043761638733705775,88.78260869565217,46.65217391304348,majority_vote,108,RECOVERY,177,"(7, 41)",False,0,False,2120
1,0.0,False,0.0,0.365389998206295,0.43447502196752247,2059,0,2059.0,102,16,23,"(21, 24)",0,0.05125815470643057,91.65217391304348,47.130434782608695,majority_vote,102,RECOVERY,169,"(17, 23)",False,1,False,2120
3,0.0,True,0.0,0.7434193399651579,0.7951534190359929,1948,115,1948.0,122,11,23,"(2, 50)",0,0.04100652376514446,90.78260869565217,47.91304347826087,majority_vote,122,RECOVERY,305,"(12, 40)",False,2,False,2120
0,0.0,True,0.0,0.9,0.9,2063,0,2063.0,108,16,23,"(2, 50)",0,0.043761638733705775,88.78260869565217,46.65217391304348,majority_vote,108,RECOVERY,178,"(4, 43)",False,0,False,2125
1,0.0,False,0.0,0.38404537481827444,0.4558059680048206,2064,0,2064.0,102,16,23,"(21, 24)",0,0.047530288909599254,91.65217391304348,47.130434782608695,majority_vote,102,RECOVERY,170,"(21, 24)",False,1,False,2125
3,0.0,True,0.0,0.7569041263769113,0.8073655071338116,1953,115,1953.0,123,11,23,"(2, 50)",0,0.03727865796831314,90.78260869565217,47.91304347826087,majority_vote,123,RECOVERY,306,"(8, 41)",False,2,False,2125
0,0.0,True,0.0,0.9,0.9,2068,0,2068.0,108,16,23,"(2, 50)",0,0.04283054003724395,88.78260869565217,46.65217391304348,majority_vote,108,RECOVERY,178,"(3, 47)",False,0,False,2130
1,0.0,False,0.0,0.38783541777876973,0.4598462340281799,2068,0,2068.0,103,16,23,"(15, 2)",0,0.045666356011183594,91.65217391304348,47.130434782608695,majority_vote,103,RECOVERY,171,"(17, 24)",False,1,False,2130
3,0.0,True,0.0,0.7698281163397942,0.8184436178004532,1958,115,1958.0,123,11,23,"(2, 50)",0,0.03075489282385834,90.78260869565217,47.91304347826087,majority_vote,123,RECOVERY,306,"(7, 45)",False,2,False,2130
0,0.0,True,0.0,0.9,0.9,2072,0,2072.0,109,16,24,"(3, 8)",0,0.04283054003724395,88.95833333333333,46.916666666666664,majority_vote,109,RECOVERY,179,"(2, 50)",False,0,False,2135
1,0.0,False,0.0,0.38783541777876973,0.4598462340281799,2073,0,2073.0,103,16,23,"(15, 2)",0,0.04380242311276794,91.65217391304348,47.130434782608695,majority_vote,103,RECOVERY,171,"(16, 20)",False,1,False,2135
3,0.0,True,0.0,0.7824283781386,0.8296370687591578,1963,115,1963.0,123,11,23,"(2, 50)",0,0.028890959925442685,90.78260869565217,47.91304347826087,majority_vote,123,RECOVERY,306,"(3, 46)",False,2,False,2135
0,0.0,True,0.0,0.9,0.9,2077,0,2077.0,109,16,24,"(3, 8)",0,0.043151969981238276,88.95833333333333,46.916666666666664,majority_vote,109,RECOVERY,179,"(5, 48)",False,0,False,2140
1,0.0,False,0.0,0.38783541777876973,0.4598462340281799,2078,0,2078.0,103,16,23,"(15, 2)",0,0.04409005628517824,91.65217391304348,47.130434782608695,majority_vote,103,RECOVERY,171,"(16, 15)",False,1,False,2140
3,0.0,True,0.0,0.7946165680765395,0.8409627816207564,1968,115,1968.0,123,11,23,"(2, 50)",0,0.029080675422138838,90.78260869565217,47.91304347826087,majority_vote,123,RECOVERY,306,"(2, 50)",False,2,False,2140
0,0.0,True,0.0,0.9,0.9,2082,0,2082.0,109,16,24,"(3, 8)",0,0.03564727954971857,88.95833333333333,46.916666666666664,majority_vote,109,RECOVERY,179,"(7, 45)",False,0,False,2145
1,0.0,False,0.0,0.38783541777876973,0.4598462340281799,2083,0,2083.0,103,16,23,"(15, 2)",0,0.039399624765478425,91.65217391304348,47.130434782608695,majority_vote,103,RECOVERY,171,"(15, 11)",False,1,False,2145
3,0.0,True,0.0,0.8066877667298865,0.8519092296886486,1972,115,1972.0,124,11,24,"(12, 50)",0,0.028142589118198873,89.20833333333333,48.083333333333336,majority_vote,124,RECOVERY,307,"(5, 49)",False,2,False,2145
0,0.0,True,0.0,0.9,0.9,2087,0,2087.0,109,16,24,"(3, 8)",0,0.03280224929709466,88.95833333333333,46.916666666666664,majority_vote,109,RECOVERY,180,"(7, 40)",False,0,False,2150
1,0.0,False,0.0,0.38783541777876973,0.4598462340281799,2087,1,2087.0,104,16,23,"(15, 2)",0,0.038425492033739454,91.65217391304348,47.130434782608695,majority_vote,104,RECOVERY,172,"(15, 7)",False,1,False,2150
3,0.0,True,0.0,0.8181307010669054,0.86060663314566,1977,115,1977.0,125,11,24,"(12, 50)",0,0.02717900656044986,89.20833333333333,48.083333333333336,majority_vote,125,RECOVERY,308,"(7, 46)",False,2,False,2150
0,0.0,True,0.0,0.9,0.9,2092,0,2092.0,109,16,24,"(3, 8)",0,0.03271028037383177,88.95833333333333,46.916666666666664,majority_vote,109,RECOVERY,180,"(9, 37)",False,0,False,2155
1,0.0,False,0.0,0.38783541777876973,0.4598462340281799,2087,6,2087.0,104,16,23,"(15, 2)",0,0.038317757009345796,91.65217391304348,47.130434782608695,majority_vote,104,RECOVERY,177,"(15, 7)",False,1,False,2155
3,0.0,True,0.0,0.8267521143965715,0.8664753501553646,1982,115,1982.0,125,11,24,"(12, 50)",0,0.027102803738317756,89.20833333333333,48.083333333333336,majority_vote,125,RECOVERY,308,"(9, 49)",False,2,False,2155
0,0.0,True,0.0,0.9,0.9,2097,0,2097.0,109,16,24,"(3, 8)",0,0.032527881040892194,88.95833333333333,46.916666666666664,majority_vote,109,RECOVERY,180,"(12, 35)",False,0,False,2160
1,0.0,False,0.0,0.38783541777876973,0.4598462340281799,2087,11,2087.0,104,16,23,"(15, 2)",0,0.03745318352059925,91.65217391304348,47.130434782608695,majority_vote,104,RECOVERY,182,"(15, 7)",False,1,False,2160
3,0.0,True,0.0,0.8267521143965715,0.8664753501553646,1986,115,1986.0,126,11,24,"(21, 24)",0,0.026217228464419477,89.20833333333333,48.083333333333336,majority_vote,126,RECOVERY,309,"(12, 50)",False,2,False,2160
0,0.0,True,0.0,0.9,0.9,2102,0,2102.0,109,16,24,"(3, 8)",0,0.03243744207599629,88.95833333333333,46.916666666666664,majority_vote,109,RECOVERY,180,"(13, 31)",False,0,False,2165
1,0.0,False,0.0,0.38783541777876973,0.4598462340281799,2087,16,2087.0,104,16,23,"(15, 2)",0,0.03734827264239029,91.65217391304348,47.130434782608695,majority_vote,104,RECOVERY,187,"(15, 7)",False,1,False,2165
3,0.0,True,0.0,0.828796459372869,0.8676390139225236,1991,115,1991.0,126,11,24,"(21, 24)",0,0.026143790849673203,89.20833333333333,48.083333333333336,majority_vote,126,RECOVERY,309,"(12, 45)",False,2,False,2165
0,0.0,True,0.0,0.9,0.9,2107,0,2107.0,109,16,24,"(3, 8)",0,0.03151065801668211,88.95833333333333,46.916666666666664,majority_vote,109,RECOVERY,180,"(14, 27)",False,0,False,2170
1,0.0,False,0.0,0.38783541777876973,0.4598462340281799,2087,21,2087.0,104,16,23,"(15, 2)",0,0.035480859010270774,91.65217391304348,47.130434782608695,majority_vote,104,RECOVERY,192,"(15, 7)",False,1,False,2170
3,0.0,True,0.0,0.8383522269404253,0.8733585009383829,1996,115,1996.0,126,11,24,"(21, 24)",0,0.02334267040149393,89.20833333333333,48.083333333333336,majority_vote,126,RECOVERY,309,"(12, 40)",False,2,False,2170
0,0.0,True,0.0,0.9,0.9,2112,0,2112.0,109,16,24,"(3, 8)",0,0.03151065801668211,88.95833333333333,46.916666666666664,majority_vote,109,RECOVERY,181,"(14, 22)",False,0,False,2175
1,0.0,False,0.0,0.38783541777876973,0.4598462340281799,2087,26,2087.0,104,16,23,"(15, 2)",0,0.03454715219421102,91.65217391304348,47.130434782608695,majority_vote,104,RECOVERY,197,"(15, 7)",False,1,False,2175
3,0.0,True,0.0,0.8471367169312123,0.8793419482653947,2001,115,2001.0,127,11,24,"(21, 24)",0,0.021475256769374416,89.20833333333333,48.083333333333336,majority_vote,127,RECOVERY,310,"(15, 38)",False,2,False,2175
0,0.0,True,0.0,0.9,0.9,2117,0,2117.0,109,16,24,"(3, 8)",0,0.029657089898053754,88.95833333333333,46.916666666666664,majority_vote,109,RECOVERY,181,"(14, 17)",False,0,False,2180
1,0.0,False,0.0,0.38783541777876973,0.4598462340281799,2087,31,2087.0,104,16,23,"(15, 2)",0,0.03298774740810556,91.65217391304348,47.130434782608695,majority_vote,104,RECOVERY,202,"(15, 7)",False,1,False,2180
3,0.0,True,0.0,0.8551446553453045,0.8844252154762757,2006,115,2006.0,127,11,24,"(21, 24)",0,0.021759697256385997,89.20833333333333,48.083333333333336,majority_vote,127,RECOVERY,310,"(17, 35)",False,2,False,2180
0,0.0,True,0.0,0.9,0.9,2122,0,2122.0,109,16,24,"(3, 8)",0,0.028730305838739572,88.95833333333333,46.916666666666664,majority_vote,109,RECOVERY,181,"(13, 13)",False,0,False,2185
1,0.0,False,0.0,0.3994899285333786,0.4742766126870384,2087,36,2087.0,104,16,23,"(15, 2)",0,0.03298774740810556,91.65217391304348,47.130434782608695,majority_vote,104,RECOVERY,207,"(15, 7)",False,1,False,2185
3,0.0,True,0.0,0.8581119850659872,0.8859835356679947,2011,115,2011.0,127,11,24,"(21, 24)",0,0.020813623462630087,89.20833333333333,48.083333333333336,majority_vote,127,RECOVERY,310,"(19, 32)",False,2,False,2185
0,0.0,True,0.0,0.9,0.9,2127,0,2127.0,109,16,24,"(3, 8)",0,0.028730305838739572,88.95833333333333,46.916666666666664,majority_vote,109,RECOVERY,181,"(13, 8)",False,0,False,2190
1,0.0,True,0.0,0.4206523050830614,0.5055088283937988,2087,41,2087.0,104,16,23,"(15, 2)",0,0.03110273327049953,91.65217391304348,47.130434782608695,majority_vote,104,RECOVERY,212,"(15, 7)",False,1,False,2190
3,0.0,True,0.0,0.8637018705053221,0.8895464709410379,2016,115,2016.0,127,11,24,"(21, 24)",0,0.01892147587511826,89.20833333333333,48.083333333333336,majority_vote,127,RECOVERY,310,"(20, 28)",False,2,False,2190
0,0.0,True,0.0,0.9,0.9,2132,0,2132.0,109,16,24,"(3, 8)",0,0.028730305838739572,88.95833333333333,46.916666666666664,majority_vote,109,RECOVERY,181,"(8, 8)",False,0,False,2195
1,0.0,True,0.0,0.44446212335439933,0.5381597774028691,2087,46,2087.0,104,16,23,"(15, 2)",0,0.030160226201696512,91.65217391304348,47.130434782608695,majority_vote,104,RECOVERY,217,"(15, 7)",False,1,False,2195
3,0.0,True,0.0,0.8688979397893519,0.8929460556405714,2021,115,2021.0,127,11,24,"(21, 24)",0,0.01892147587511826,89.20833333333333,48.083333333333336,majority_vote,127,RECOVERY,310,"(21, 24)",False,2,False,2195
0,0.0,True,0.0,0.9,0.9,2137,0,2137.0,109,16,24,"(3, 8)",0,0.030832476875642344,88.95833333333333,46.916666666666664,majority_vote,109,RECOVERY,182,"(3, 8)",False,0,False,2200
1,0.0,True,0.0,0.4642547800393997,0.5572008666964137,2087,51,2087.0,104,16,23,"(15, 2)",0,0.032460732984293195,91.65217391304348,47.130434782608695,majority_vote,104,RECOVERY,222,"(15, 7)",False,1,False,2200
3,0.0,True,0.0,0.8688979397893519,0.8929460556405714,2025,115,2025.0,129,11,25,"(33, 50)",0,0.01780104712041885,87.84,47.6,majority_vote,129,RECOVERY,312,"(21, 28)",False,2,False,2200
0,0.0,True,0.0,0.9,0.9,2141,0,2141.0,110,16,24,"(21, 24)",0,0.02877697841726619,88.95833333333333,46.916666666666664,majority_vote,110,RECOVERY,183,"(7, 8)",False,0,False,2205
1,0.0,True,0.0,0.4642547800393997,0.5572008666964137,2087,56,2087.0,104,16,23,"(15, 2)",0,0.032460732984293195,91.65217391304348,47.130434782608695,majority_vote,104,RECOVERY,227,"(15, 7)",False,1,False,2205
3,0.0,True,0.0,0.8688979397893519,0.8929460556405714,2030,115,2030.0,129,11,25,"(33, 50)",0,0.01780104712041885,87.84,47.6,majority_vote,129,RECOVERY,312,"(23, 31)",False,2,False,2205
0,0.0,True,0.0,0.9,0.9,2146,0,2146.0,110,16,24,"(21, 24)",0,0.02774922918807811,88.95833333333333,46.916666666666664,majority_vote,110,RECOVERY,183,"(12, 8)",False,0,False,2210
1,0.0,True,0.0,0.48385362849758756,0.5780917077177754,2087,61,2087.0,104,16,23,"(15, 2)",0,0.032460732984293195,91.65217391304348,47.130434782608695,majority_vote,104,RECOVERY,232,"(15, 7)",False,1,False,2210
3,0.0,True,0.0,0.8688979397893519,0.8929460556405714,2035,115,2035.0,129,11,25,"(33, 50)",0,0.016753926701570682,87.84,47.6,majority_vote,129,RECOVERY,312,"(25, 34)",False,2,False,2210
0,0.0,True,0.0,0.9,0.9,2151,0,2151.0,110,16,24,"(21, 24)",0,0.029804727646454265,88.95833333333333,46.916666666666664,majority_vote,110,RECOVERY,183,"(14, 11)",False,0,False,2215
1,0.0,True,0.0,0.5096584331038972,0.6088155352842849,2087,66,2087.0,104,16,23,"(15, 2)",0,0.03239289446185998,91.65217391304348,47.130434782608695,majority_vote,104,RECOVERY,237,"(15, 7)",False,1,False,2215
3,0.0,True,0.0,0.8688979397893519,0.8929460556405714,2040,115,2040.0,129,11,25,"(33, 50)",0,0.01671891327063741,87.84,47.6,majority_vote,129,RECOVERY,312,"(29, 35)",False,2,False,2215
0,0.0,True,0.0,0.9,0.9,2156,0,2156.0,110,16,24,"(21, 24)",0,0.030066815144766147,88.95833333333333,46.916666666666664,majority_vote,110,RECOVERY,183,"(14, 16)",False,0,False,2220
1,0.0,True,0.0,0.5354494000283128,0.6318656098630314,2087,71,2087.0,104,16,23,"(15, 2)",0,0.034521158129175944,91.65217391304348,47.130434782608695,majority_vote,104,RECOVERY,242,"(15, 7)",False,1,False,2220
3,0.0,True,0.0,0.8688979397893519,0.8929460556405714,2045,115,2045.0,129,11,25,"(33, 50)",0,0.017817371937639197,87.84,47.6,majority_vote,129,RECOVERY,312,"(29, 40)",False,2,False,2220
0,0.0,True,0.0,0.9,0.9,2161,0,2161.0,111,16,24,"(21, 24)",0,0.02338530066815145,88.95833333333333,46.916666666666664,majority_vote,111,RECOVERY,184,"(15, 20)",False,0,False,2225
1,0.0,True,0.0,0.5453500554135067,0.6385034314039432,2087,76,2087.0,104,16,23,"(15, 2)",0,0.030066815144766147,91.65217391304348,47.130434782608695,majority_vote,104,RECOVERY,247,"(15, 7)",False,1,False,2225
3,0.0,True,0.0,0.8688979397893519,0.8929460556405714,2050,115,2050.0,130,11,25,"(33, 50)",0,0.017817371937639197,87.84,47.6,majority_vote,130,RECOVERY,313,"(29, 45)",False,2,False,2225
0,0.0,True,0.0,0.9,0.9,2166,0,2166.0,111,16,24,"(21, 24)",0,0.02338530066815145,88.95833333333333,46.916666666666664,majority_vote,111,RECOVERY,184,"(17, 23)",False,0,False,2230
1,0.0,True,0.0,0.5453500554135067,0.6385034314039432,2087,81,2087.0,104,16,23,"(15, 2)",0,0.02338530066815145,91.65217391304348,47.130434782608695,majority_vote,104,RECOVERY,252,"(15, 7)",False,1,False,2230
3,0.0,True,0.0,0.8688979397893519,0.8929460556405714,2055,115,2055.0,131,11,25,"(33, 50)",0,0.014476614699331848,87.84,47.6,majority_vote,131,RECOVERY,314,"(31, 48)",False,2,False,2230
0,0.0,True,0.0,0.9,0.9,2171,0,2171.0,111,16,24,"(21, 24)",0,0.02338530066815145,88.95833333333333,46.916666666666664,majority_vote,111,RECOVERY,184,"(21, 24)",False,0,False,2235
1,0.0,True,0.0,0.5453500554135067,0.6385034314039432,2087,86,2087.0,104,16,23,"(15, 2)",0,0.021158129175946547,91.65217391304348,47.130434782608695,majority_vote,104,RECOVERY,257,"(15, 7)",False,1,False,2235
3,0.0,True,0.0,0.8688979397893519,0.8929460556405714,2060,115,2060.0,132,11,25,"(33, 50)",0,0.014476614699331848,87.84,47.6,majority_vote,132,RECOVERY,315,"(29, 49)",False,2,False,2235
0,0.0,True,0.0,0.9,0.9,2175,0,2175.0,112,16,25,"(2, 50)",0,0.023411371237458192,89.44,46.44,majority_vote,112,RECOVERY,185,"(17, 24)",False,0,False,2240
1,0.0,True,0.0,0.5453500554135067,0.6385034314039432,2087,91,2087.0,104,16,23,"(15, 2)",0,0.016722408026755852,91.65217391304348,47.130434782608695,majority_vote,104,RECOVERY,262,"(15, 7)",False,1,False,2240
3,0.0,True,0.0,0.8688979397893519,0.8929460556405714,2065,115,2065.0,132,11,25,"(33, 50)",0,0.014492753623188406,87.84,47.6,majority_vote,132,RECOVERY,315,"(33, 50)",False,2,False,2240
0,0.0,True,0.0,0.9,0.9,2180,0,2180.0,112,16,25,"(2, 50)",0,0.023411371237458192,89.44,46.44,majority_vote,112,RECOVERY,185,"(15, 27)",False,0,False,2245
1,0.0,True,0.0,0.5453500554135067,0.6385034314039432,2087,96,2087.0,104,16,23,"(15, 2)",0,0.016722408026755852,91.65217391304348,47.130434782608695,majority_vote,104,RECOVERY,267,"(15, 7)",False,1,False,2245
3,0.0,True,0.0,0.8688979397893519,0.8929460556405714,2069,115,2069.0,133,11,25,"(2, 22)",0,0.014492753623188406,87.84,47.6,majority_vote,133,RECOVERY,316,"(29, 50)",False,2,False,2245
0,0.0,True,0.0,0.9,0.9,2185,0,2185.0,112,16,25,"(2, 50)",0,0.03121516164994426,89.44,46.44,majority_vote,112,RECOVERY,186,"(13, 30)",False,0,False,2250
1,0.0,True,0.0,0.5453500554135067,0.6385034314039432,2088,100,2088.0,105,16,23,"(15, 2)",0,0.030100334448160536,91.65217391304348,47.130434782608695,majority_vote,105,RECOVERY,272,"(15, 6)",False,1,False,2250
3,0.0,True,0.0,0.8688979397893519,0.8929460556405714,2074,115,2074.0,134,11,25,"(2, 22)",0,0.028985507246376812,87.84,47.6,majority_vote,134,RECOVERY,317,"(28, 46)",False,2,False,2250
0,0.0,True,0.0,0.9,0.9,2190,0,2190.0,112,16,25,"(2, 50)",0,0.03114571746384872,89.44,46.44,majority_vote,112,RECOVERY,186,"(12, 34)",False,0,False,2255
1,0.0,True,0.0,0.5453500554135067,0.6385034314039432,2092,100,2092.0,106,16,24,"(24, 45)",0,0.030033370411568408,93.95833333333333,50.541666666666664,majority_vote,106,RECOVERY,273,"(15, 2)",False,1,False,2255
3,0.0,True,0.0,0.8688979397893519,0.8929460556405714,2079,115,2079.0,134,11,25,"(2, 22)",0,0.027808676307007785,87.84,47.6,majority_vote,134,RECOVERY,317,"(25, 44)",False,2,False,2255
0,0.0,True,0.0,0.9,0.9,2195,0,2195.0,112,16,25,"(2, 50)",0,0.03121516164994426,89.44,46.44,majority_vote,112,RECOVERY,186,"(10, 37)",False,0,False,2260
0,0.0,True,0.0,0.5453500554135067,0.6385034314039432,2097,100,2097.0,106,16,24,"(24, 45)",0,0.03121516164994426,93.95833333333333,50.541666666666664,majority_vote,106,RECOVERY,273,"(15, 7)",False,1,False,2260
0,0.0,True,0.0,0.8688979397893519,0.8929460556405714,2084,115,2084.0,134,11,25,"(2, 22)",0,0.02564102564102564,87.84,47.6,majority_vote,134,RECOVERY,317,"(25, 39)",False,2,False,2260
0,0.0,True,0.0,0.9,0.9,2200,0,2200.0,113,16,25,"(2, 50)",0,0.029966703662597113,89.44,46.44,majority_vote,113,RECOVERY,187,"(7, 39)",False,0,False,2265
0,0.0,True,0.0,0.5453500554135067,0.6385034314039432,2102,100,2102.0,106,16,24,"(24, 45)",0,0.03218645948945616,93.95833333333333,50.541666666666664,majority_vote,106,RECOVERY,273,"(17, 10)",False,1,False,2265
0,0.0,True,0.0,0.8688979397893519,0.8929460556405714,2089,115,2089.0,134,11,25,"(2, 22)",0,0.025527192008879023,87.84,47.6,majority_vote,134,RECOVERY,317,"(23, 36)",False,2,False,2265
0,0.0,True,0.0,0.9,0.9,2205,0,2205.0,113,16,25,"(2, 50)",0,0.02774694783573807,89.44,46.44,majority_vote,113,RECOVERY,187,"(5, 42)",False,0,False,2270
0,0.0,True,0.0,0.5453500554135067,0.6385034314039432,2107,100,2107.0,106,16,24,"(24, 45)",0,0.03218645948945616,93.95833333333333,50.541666666666664,majority_vote,106,RECOVERY,273,"(17, 15)",False,1,False,2270
0,0.0,True,0.0,0.8688979397893519,0.8929460556405714,2094,115,2094.0,134,11,25,"(2, 22)",0,0.0244173140954495,87.84,47.6,majority_vote,134,RECOVERY,317,"(23, 31)",False,2,False,2270
0,0.0,True,0.0,0.9,0.9,2210,0,2210.0,113,16,25,"(2, 50)",0,0.02101769911504425,89.44,46.44,majority_vote,113,RECOVERY,188,"(5, 47)",False,0,False,2275
0,0.0,True,0.0,0.5453500554135067,0.6385034314039432,2112,100,2112.0,107,16,24,"(24, 45)",0,0.028761061946902654,93.95833333333333,50.541666666666664,majority_vote,107,RECOVERY,274,"(17, 20)",False,1,False,2275
0,0.0,True,0.0,0.8688979397893519,0.8929460556405714,2099,115,2099.0,134,11,25,"(2, 22)",0,0.018805309734513276,87.84,47.6,majority_vote,134,RECOVERY,318,"(22, 27)",False,2,False,2275
0,0.0,True,0.0,0.9,0.9,2215,0,2215.0,113,16,25,"(2, 50)",0,0.02101769911504425,89.44,46.44,majority_vote,113,RECOVERY,188,"(3, 50)",False,0,False,2280
0,0.0,True,0.0,0.5594142204391154,0.6465972561172162,2117,100,2117.0,107,16,24,"(24, 45)",0,0.028761061946902654,93.95833333333333,50.541666666666664,majority_vote,107,RECOVERY,274,"(19, 23)",False,1,False,2280
0,0.0,True,0.0,0.8737259019310301,0.8960503181088283,2104,115,2104.0,134,11,25,"(2, 22)",0,0.017699115044247787,87.84,47.6,majority_vote,134,RECOVERY,318,"(20, 24)",False,2,False,2280
0,0.0,True,0.0,0.9,0.9,2219,0,2219.0,114,16,25,"(13, 15)",0,0.02101769911504425,89.44,46.44,majority_vote,114,RECOVERY,189,"(4, 49)",False,0,False,2285
0,0.0,True,0.0,0.5768135091171883,0.656828306531553,2122,100,2122.0,107,16,24,"(24, 45)",0,0.028761061946902654,93.95833333333333,50.541666666666664,majority_vote,107,RECOVERY,274,"(19, 28)",False,1,False,2285
0,0.0,True,0.0,0.8748823964068329,0.8968557914470855,2107,115,2107.0,135,13,25,"(2, 22)",0,0.016592920353982302,87.84,47.6,majority_vote,135,RECOVERY,319,"(17, 24)",False,2,False,2285
0,0.0,True,0.0,0.9,0.9,2224,0,2224.0,114,16,25,"(13, 15)",0,0.02101769911504425,89.44,46.44,majority_vote,114,RECOVERY,189,"(6, 46)",False,0,False,2290
0,0.0,True,0.0,0.5966700086092102,0.6693703832574691,2127,100,2127.0,107,16,24,"(24, 45)",0,0.028761061946902654,93.95833333333333,50.541666666666664,majority_vote,107,RECOVERY,274,"(19, 33)",False,1,False,2290
0,0.0,True,0.0,0.8771411824170159,0.8984343444261921,2112,115,2112.0,135,13,25,"(2, 22)",0,0.016592920353982302,87.84,47.6,majority_vote,135,RECOVERY,319,"(14, 22)",False,2,False,2290
0,0.0,True,0.0,0.9,0.9,2229,0,2229.0,114,16,25,"(13, 15)",0,0.02101769911504425,89.44,46.44,majority_vote,114,RECOVERY,189,"(7, 42)",False,0,False,2295
0,0.0,True,0.0,0.6077475115348692,0.6767235708726295,2132,100,2132.0,107,16,24,"(24, 45)",0,0.028761061946902654,93.95833333333333,50.541666666666664,majority_vote,107,RECOVERY,274,"(20, 37)",False,1,False,2295
0,0.0,True,0.0,0.8782480244425703,0.8992780229281051,2117,115,2117.0,135,13,25,"(2, 22)",0,0.016592920353982302,87.84,47.6,majority_vote,135,RECOVERY,319,"(9, 22)",False,2,False,2295
0,0.0,True,0.0,0.9,0.9,2234,0,2234.0,114,16,25,"(13, 15)",0,0.02101769911504425,89.44,46.44,majority_vote,114,RECOVERY,190,"(8, 38)",False,0,False,2300
0,0.0,True,0.0,0.6147787712381968,0.6808696881488823,2137,100,2137.0,107,16,24,"(24, 45)",0,0.022123893805309734,93.95833333333333,50.541666666666664,majority_vote,107,RECOVERY,275,"(22, 40)",False,1,False,2300
0,0.0,True,0.0,0.8782480244425703,0.8992780229281051,2122,115,2122.0,135,13,25,"(2, 22)",0,0.016592920353982302,87.84,47.6,majority_vote,135,RECOVERY,320,"(4, 22)",False,2,False,2300
0,0.0,True,0.0,0.9,0.9,2239,0,2239.0,114,16,25,"(13, 15)",0,0.02097130242825607,89.44,46.44,majority_vote,114,RECOVERY,190,"(11, 36)",False,0,False,2305
0,0.0,True,0.0,0.6147787712381968,0.6808696881488823,2142,100,2142.0,107,16,24,"(24, 45)",0,0.02207505518763797,93.95833333333333,50.541666666666664,majority_vote,107,RECOVERY,275,"(25, 42)",False,1,False,2305
0,0.0,True,0.0,0.8782480244425703,0.8992780229281051,2125,115,2125.0,136,13,26,"(13, 15)",0,0.016556291390728478,88.57692307692308,48.15384615384615,majority_vote,136,RECOVERY,322,"(2, 21)",False,2,False,2305
0,0.0,True,0.0,0.9,0.9,2244,0,2244.0,114,16,25,"(13, 15)",0,0.019867549668874173,89.44,46.44,majority_vote,114,RECOVERY,190,"(13, 33)",False,0,False,2310
0,0.0,True,0.0,0.6147787712381968,0.6808696881488823,2146,100,2146.0,108,16,24,"(2, 22)",0,0.02207505518763797,93.95833333333333,50.541666666666664,majority_vote,108,RECOVERY,276,"(24, 45)",False,1,False,2310
0,0.0,True,0.0,0.8782480244425703,0.8992780229281051,2130,115,2130.0,136,13,26,"(13, 15)",0,0.016556291390728478,88.57692307692308,48.15384615384615,majority_vote,136,RECOVERY,322,"(6, 20)",False,2,False,2310
0,0.0,True,0.0,0.9,0.9,2249,0,2249.0,114,16,25,"(13, 15)",0,0.019867549668874173,89.44,46.44,majority_vote,114,RECOVERY,190,"(13, 28)",False,0,False,2315
0,0.0,True,0.0,0.6147787712381968,0.6808696881488823,2151,100,2151.0,108,16,24,"(2, 22)",0,0.02207505518763797,93.95833333333333,50.541666666666664,majority_vote,108,RECOVERY,276,"(25, 41)",False,1,False,2315
0,0.0,True,0.0,0.8782480244425703,0.8992780229281051,2135,115,2135.0,136,13,26,"(13, 15)",0,0.016556291390728478,88.57692307692308,48.15384615384615,majority_vote,136,RECOVERY,322,"(11, 20)",False,2,False,2315
0,0.0,True,0.0,0.9,0.9,2254,0,2254.0,114,16,25,"(13, 15)",0,0.019867549668874173,89.44,46.44,majority_vote,114,RECOVERY,190,"(14, 24)",False,0,False,2320
0,0.0,True,0.0,0.6147787712381968,0.6808696881488823,2156,100,2156.0,108,16,24,"(2, 22)",0,0.02207505518763797,93.95833333333333,50.541666666666664,majority_vote,108,RECOVERY,276,"(22, 39)",False,1,False,2320
0,0.0,True,0.0,0.8826368269019012,0.9034699176485311,2140,115,2140.0,136,13,26,"(13, 15)",0,0.016556291390728478,88.57692307692308,48.15384615384615,majority_vote,136,RECOVERY,322,"(14, 18)",False,2,False,2320
0,0.0,True,0.0,0.9,0.9,2259,0,2259.0,114,16,25,"(13, 15)",0,0.019867549668874173,89.44,46.44,majority_vote,114,RECOVERY,191,"(14, 19)",False,0,False,2325
0,0.0,True,0.0,0.6248781018877906,0.6878760204871815,2161,100,2161.0,109,16,24,"(2, 22)",0,0.02207505518763797,93.95833333333333,50.541666666666664,majority_vote,109,RECOVERY,277,"(18, 38)",False,1,False,2325
0,0.0,True,0.0,0.8881223342949933,0.9089045504832525,2144,115,2144.0,137,13,27,"(2, 41)",0,0.016556291390728478,86.11111111111111,47.148148148148145,majority_vote,137,RECOVERY,324,"(13, 15)",False,2,False,2325
0,0.0,True,0.0,0.9,0.9,2263,0,2263.0,114,17,25,"(13, 15)",0,0.02097130242825607,89.44,46.44,majority_vote,114,RECOVERY,191,"(14, 15)",False,0,False,2330
0,0.0,True,0.0,0.6408991991767655,0.7005755983361666,2166,100,2166.0,109,16,24,"(2, 22)",0,0.019867549668874173,93.95833333333333,50.541666666666664,majority_vote,109,RECOVERY,277,"(15, 36)",False,1,False,2330
0,0.0,True,0.0,0.8924997484131488,0.9133782201079579,2148,115,2148.0,139,14,27,"(2, 41)",0,0.018763796909492272,86.11111111111111,47.148148148148145,majority_vote,139,RECOVERY,326,"(14, 14)",False,2,False,2330
0,0.0,True,0.0,0.9,0.9,2267,0,2267.0,115,17,26,"(3, 8)",0,0.02097130242825607,89.6923076923077,46.57692307692308,majority_vote,115,RECOVERY,192,"(13, 12)",False,0,False,2335
0,0.0,True,0.0,0.6561505386774424,0.7130347224168614,2171,100,2171.0,109,16,24,"(2, 22)",0,0.019867549668874173,93.95833333333333,50.541666666666664,majority_vote,109,RECOVERY,277,"(15, 31)",False,1,False,2335
0,0.0,True,0.0,0.8979554669573012,0.9183264752177,2152,115,2152.0,139,15,27,"(2, 41)",0,0.02097130242825607,86.11111111111111,47.148148148148145,majority_vote,139,RECOVERY,326,"(14, 18)",False,2,False,2335
0,0.0,True,0.0,0.9,0.9,2272,0,2272.0,115,17,26,"(3, 8)",0,0.02097130242825607,89.6923076923077,46.57692307692308,majority_vote,115,RECOVERY,192,"(12, 8)",False,0,False,2340
0,0.0,True,0.0,0.670701617171867,0.7248941237919816,2176,100,2176.0,109,16,24,"(2, 22)",0,0.019867549668874173,93.95833333333333,50.541666666666664,majority_vote,109,RECOVERY,277,"(15, 26)",False,1,False,2340
0,0.0,True,0.0,0.9031323075161274,0.922216669953468,2157,115,2157.0,139,15,27,"(2, 41)",0,0.02097130242825607,86.11111111111111,47.148148148148145,majority_vote,139,RECOVERY,326,"(12, 21)",False,2,False,2340
0,0.0,True,0.0,0.9,0.9,2277,0,2277.0,115,17,26,"(3, 8)",0,0.02097130242825607,89.6923076923077,46.57692307692308,majority_vote,115,RECOVERY,192,"(7, 8)",False,0,False,2345
0,0.0,True,0.0,0.684598094430918,0.736664778789615,2181,100,2181.0,109,16,24,"(2, 22)",0,0.019867549668874173,93.95833333333333,50.541666666666664,majority_vote,109,RECOVERY,277,"(13, 23)",False,1,False,2345
0,0.0,True,0.0,0.9041169695026855,0.9228255472472889,2162,115,2162.0,139,15,27,"(2, 41)",0,0.02097130242825607,86.11111111111111,47.148148148148145,majority_vote,139,RECOVERY,326,"(7, 21)",False,2,False,2345
0,0.0,True,0.0,0.9,0.9,2281,0,2281.0,116,17,26,"(15, 2)",0,0.02097130242825607,89.6923076923077,46.57692307692308,majority_vote,116,RECOVERY,194,"(3, 8)",False,0,False,2350
0,0.0,True,0.0,0.6926402852790926,0.7427883025470698,2186,100,2186.0,109,16,24,"(2, 22)",0,0.019867549668874173,93.95833333333333,50.541666666666664,majority_vote,109,RECOVERY,278,"(9, 22)",False,1,False,2350
0,0.0,True,0.0,0.9041169695026855,0.9228255472472889,2167,115,2167.0,139,15,27,"(2, 41)",0,0.02207505518763797,86.11111111111111,47.148148148148145,majority_vote,139,RECOVERY,327,"(3, 22)",False,2,False,2350
0,0.0,True,0.0,0.9,0.9,2286,0,2286.0,116,17,26,"(15, 2)",0,0.021929824561403508,89.6923076923077,46.57692307692308,majority_vote,116,RECOVERY,194,"(8, 8)",False,0,False,2355
0,0.0,True,0.0,0.697780082987954,0.7461753944015105,2191,100,2191.0,109,16,24,"(2, 22)",0,0.019736842105263157,93.95833333333333,50.541666666666664,majority_vote,109,RECOVERY,278,"(4, 22)",False,1,False,2355
0,0.0,True,0.0,0.9041169695026855,0.9228255472472889,2172,115,2172.0,139,15,27,"(2, 41)",0,0.021929824561403508,86.11111111111111,47.148148148148145,majority_vote,139,RECOVERY,327,"(3, 27)",False,2,False,2355
0,0.0,True,0.0,0.9,0.9,2291,0,2291.0,116,17,26,"(15, 2)",0,0.02074235807860262,89.6923076923077,46.57692307692308,majority_vote,116,RECOVERY,194,"(13, 8)",False,0,False,2360
0,0.0,True,0.0,0.697780082987954,0.7461753944015105,2195,100,2195.0,110,16,25,"(2, 41)",0,0.019650655021834062,94.32,50.44,majority_vote,110,RECOVERY,279,"(3, 23)",False,1,False,2360
0,0.0,True,0.0,0.9078086607284336,0.9247071457697117,2177,115,2177.0,139,15,27,"(2, 41)",0,0.021834061135371178,86.11111111111111,47.148148148148145,majority_vote,139,RECOVERY,327,"(3, 32)",False,2,False,2360
0,0.0,True,0.0,0.9,0.9,2296,0,2296.0,116,17,26,"(15, 2)",0,0.018538713195201745,89.6923076923077,46.57692307692308,majority_vote,116,RECOVERY,194,"(14, 4)",False,0,False,2365
0,0.0,True,0.0,0.697780082987954,0.7461753944015105,2200,100,2200.0,110,16,25,"(2, 41)",0,0.019629225736095966,94.32,50.44,majority_vote,110,RECOVERY,279,"(3, 28)",False,1,False,2365
0,0.0,True,0.0,0.9119774592823476,0.9272040493651873,2182,115,2182.0,139,15,27,"(2, 41)",0,0.021810250817884406,86.11111111111111,47.148148148148145,majority_vote,139,RECOVERY,327,"(3, 37)",False,2,False,2365
0,0.0,True,0.0,0.9,0.9,2300,0,2300.0,117,17,27,"(33, 50)",0,0.018538713195201745,87.74074074074075,45.55555555555556,majority_vote,117,RECOVERY,195,"(15, 3)",False,0,False,2370
0,0.0,True,0.0,0.7074427658332244,0.7521498439720616,2205,100,2205.0,110,16,25,"(2, 41)",0,0.019629225736095966,94.32,50.44,majority_vote,110,RECOVERY,279,"(3, 33)",False,1,False,2370
0,0.0,True,0.0,0.9158228327095154,0.9300532869120448,2187,115,2187.0,139,15,27,"(2, 41)",0,0.021810250817884406,86.11111111111111,47.148148148148145,majority_vote,139,RECOVERY,327,"(2, 41)",False,2,False,2370
0,0.0,True,0.0,0.9,0.9,2305,0,2305.0,117,17,27,"(33, 50)",0,0.018538713195201745,87.74074074074075,45.55555555555556,majority_vote,117,RECOVERY,196,"(15, 8)",False,0,False,2375
0,0.0,True,0.0,0.718671396219254,0.76038506464175,2210,100,2210.0,110,16,25,"(2, 41)",0,0.018538713195201745,94.32,50.44,majority_vote,110,RECOVERY,280,"(3, 38)",False,1,False,2375
0,0.0,True,0.0,0.9165558164131824,0.9304825067828567,2191,115,2191.0,141,15,27,"(33, 8)",0,0.021810250817884406,86.11111111111111,47.148148148148145,majority_vote,141,RECOVERY,329,"(4, 39)",False,2,False,2375
0,0.0,True,0.0,0.9,0.9,2310,0,2310.0,117,17,27,"(33, 50)",0,0.018558951965065504,87.74074074074075,45.55555555555556,majority_vote,117,RECOVERY,196,"(15, 13)",False,0,False,2380
0,0.0,True,0.0,0.7272585218725252,0.7675707929172755,2214,100,2214.0,111,16,25,"(33, 8)",0,0.017524644030668127,94.32,50.44,majority_vote,111,RECOVERY,281,"(2, 41)",False,1,False,2380
0,0.0,True,0.0,0.9200704721876433,0.9330356752604451,2196,115,2196.0,141,15,27,"(33, 8)",0,0.022975929978118162,86.11111111111111,47.148148148148145,majority_vote,141,RECOVERY,329,"(4, 34)",False,2,False,2380
0,0.0,True,0.0,0.9,0.9,2315,0,2315.0,117,17,27,"(33, 50)",0,0.018538713195201745,87.74074074074075,45.55555555555556,majority_vote,117,RECOVERY,196,"(15, 18)",False,0,False,2385
0,0.0,True,0.0,0.7314035683039043,0.7705612362111318,2219,100,2219.0,111,16,25,"(33, 8)",0,0.0175054704595186,94.32,50.44,majority_vote,111,RECOVERY,281,"(5, 39)",False,1,False,2385
0,0.0,True,0.0,0.9232919764441093,0.9351037777659278,2201,115,2201.0,141,15,27,"(33, 8)",0,0.022950819672131147,86.11111111111111,47.148148148148145,majority_vote,141,RECOVERY,329,"(4, 29)",False,2,False,2385
0,0.0,True,0.0,0.9,0.9,2320,0,2320.0,117,17,27,"(33, 50)",0,0.01847826086956522,87.74074074074075,45.55555555555556,majority_vote,117,RECOVERY,196,"(15, 23)",False,0,False,2390
0,0.0,True,0.0,0.7375377250914052,0.7761570428920358,2224,100,2224.0,111,16,25,"(33, 8)",0,0.016357688113413305,94.32,50.44,majority_vote,111,RECOVERY,281,"(5, 34)",False,1,False,2390
0,0.0,True,0.0,0.9239011175058675,0.935474797679272,2206,115,2206.0,141,15,27,"(33, 8)",0,0.02178649237472767,86.11111111111111,47.148148148148145,majority_vote,141,RECOVERY,329,"(4, 24)",False,2,False,2390
0,0.0,True,0.0,0.9,0.9,2325,0,2325.0,117,17,27,"(33, 50)",0,0.019543973941368076,87.74074074074075,45.55555555555556,majority_vote,117,RECOVERY,196,"(15, 28)",False,0,False,2395
0,0.0,True,0.0,0.7415326464347294,0.7793809077466581,2229,100,2229.0,111,16,25,"(33, 8)",0,0.017429193899782137,94.32,50.44,majority_vote,111,RECOVERY,281,"(5, 29)",False,1,False,2395
0,0.0,True,0.0,0.9239011175058675,0.935474797679272,2211,115,2211.0,141,15,27,"(33, 8)",0,0.02176278563656148,86.11111111111111,47.148148148148145,majority_vote,141,RECOVERY,329,"(5, 20)",False,2,False,2395
0,0.0,True,0.0,0.9,0.9,2330,0,2330.0,118,17,27,"(33, 50)",0,0.034972677595628415,87.74074074074075,45.55555555555556,majority_vote,118,RECOVERY,197,"(15, 33)",False,0,False,2400
0,0.0,True,0.0,0.7474275279780992,0.7847065088365008,2234,100,2234.0,112,16,25,"(33, 8)",0,0.034972677595628415,94.32,50.44,majority_vote,112,RECOVERY,282,"(7, 26)",False,1,False,2400
0,0.0,True,0.0,0.9262832454408393,0.9374906648797051,2216,115,2216.0,141,15,27,"(33, 8)",0,0.033879781420765025,86.11111111111111,47.148148148148145,majority_vote,141,RECOVERY,330,"(10, 20)",False,2,False,2400
0,0.0,True,0.0,0.9,0.9,2335,0,2335.0,118,17,27,"(33, 50)",0,0.03278688524590164,87.74074074074075,45.55555555555556,majority_vote,118,RECOVERY,197,"(17, 36)",False,0,False,2405
0,0.0,True,0.0,0.7474275279780992,0.7847065088365008,2239,100,2239.0,112,16,25,"(33, 8)",0,0.033879781420765025,94.32,50.44,majority_vote,112,RECOVERY,282,"(9, 23)",False,1,False,2405
0,0.0,True,0.0,0.9262832454408393,0.9374906648797051,2221,115,2221.0,141,15,27,"(33, 8)",0,0.033879781420765025,86.11111111111111,47.148148148148145,majority_vote,141,RECOVERY,330,"(14, 19)",False,2,False,2405
0,0.0,True,0.0,0.9,0.9,2340,0,2340.0,118,17,27,"(33, 50)",0,0.03278688524590164,87.74074074074075,45.55555555555556,majority_vote,118,RECOVERY,197,"(18, 40)",False,0,False,2410
0,0.0,True,0.0,0.7474275279780992,0.7847065088365008,2244,100,2244.0,112,16,25,"(33, 8)",0,0.033879781420765025,94.32,50.44,majority_vote,112,RECOVERY,282,"(12, 21)",False,1,False,2410
0,0.0,True,0.0,0.9262832454408393,0.9374906648797051,2226,115,2226.0,141,15,27,"(33, 8)",0,0.033879781420765025,86.11111111111111,47.148148148148145,majority_vote,141,RECOVERY,330,"(15, 15)",False,2,False,2410
0,0.0,True,0.0,0.9,0.9,2345,0,2345.0,118,17,27,"(33, 50)",0,0.02810810810810811,87.74074074074075,45.55555555555556,majority_vote,118,RECOVERY,197,"(18, 45)",False,0,False,2415
0,0.0,True,0.0,0.7474275279780992,0.7847065088365008,2249,100,2249.0,112,16,25,"(33, 8)",0,0.02918918918918919,94.32,50.44,majority_vote,112,RECOVERY,282,"(17, 21)",False,1,False,2415
0,0.0,True,0.0,0.9262832454408393,0.9374906648797051,2231,115,2231.0,141,15,27,"(33, 8)",0,0.032432432432432434,86.11111111111111,47.148148148148145,majority_vote,141,RECOVERY,330,"(15, 10)",False,2,False,2415
0,0.0,True,0.0,0.9,0.9,2350,0,2350.0,118,17,27,"(33, 50)",0,0.023579849946409433,87.74074074074075,45.55555555555556,majority_vote,118,RECOVERY,197,"(19, 49)",False,0,False,2420
0,0.0,True,0.0,0.7474275279780992,0.7847065088365008,2254,100,2254.0,114,16,25,"(33, 8)",0,0.028938906752411574,94.32,50.44,majority_vote,114,RECOVERY,284,"(17, 16)",False,1,False,2420
0,0.0,True,0.0,0.9262832454408393,0.9374906648797051,2236,115,2236.0,141,15,27,"(33, 8)",0,0.030010718113612004,86.11111111111111,47.148148148148145,majority_vote,141,RECOVERY,330,"(19, 9)",False,2,False,2420
0,0.0,True,0.0,0.9,0.9,2355,0,2355.0,118,17,27,"(33, 50)",0,0.022128556375131718,87.74074074074075,45.55555555555556,majority_vote,118,RECOVERY,198,"(23, 50)",False,0,False,2425
0,0.0,True,0.0,0.7474275279780992,0.7847065088365008,2259,100,2259.0,115,16,25,"(33, 8)",0,0.02845100105374078,94.32,50.44,majority_vote,115,RECOVERY,285,"(18, 12)",False,1,False,2425
0,0.0,True,0.0,0.9262832454408393,0.9374906648797051,2241,115,2241.0,142,15,27,"(33, 8)",0,0.029504741833508957,86.11111111111111,47.148148148148145,majority_vote,142,RECOVERY,331,"(24, 9)",False,2,False,2425
0,0.0,True,0.0,0.9,0.9,2360,0,2360.0,118,17,27,"(33, 50)",0,0.016983016983016984,87.74074074074075,45.55555555555556,majority_vote,118,RECOVERY,198,"(28, 50)",False,0,False,2430
0,0.0,True,0.0,0.7474275279780992,0.7847065088365008,2264,100,2264.0,115,16,25,"(33, 8)",0,0.025974025974025976,94.32,50.44,majority_vote,115,RECOVERY,285,"(20, 9)",False,1,False,2430
0,0.0,True,0.0,0.9262832454408393,0.9374906648797051,2246,115,2246.0,142,15,27,"(33, 8)",0,0.027972027972027972,86.11111111111111,47.148148148148145,majority_vote,142,RECOVERY,331,"(28, 8)",False,2,False,2430
0,0.0,True,0.0,0.9,0.9,2365,0,2365.0,118,17,27,"(33, 50)",0,0.015748031496062992,87.74074074074075,45.55555555555556,majority_vote,118,RECOVERY,198,"(33, 50)",False,0,False,2435
0,0.0,True,0.0,0.7474275279780992,0.7847065088365008,2269,100,2269.0,115,16,25,"(33, 8)",0,0.024606299212598427,94.32,50.44,majority_vote,115,RECOVERY,285,"(25, 9)",False,1,False,2435
0,0.0,True,0.0,0.9262832454408393,0.9374906648797051,2251,115,2251.0,142,15,27,"(33, 8)",0,0.027559055118110236,86.11111111111111,47.148148148148145,majority_vote,142,RECOVERY,331,"(33, 8)",False,2,False,2435
0,0.0,True,0.0,0.9,0.9,2369,0,2369.0,119,17,27,"(13, 15)",0,0.01556420233463035,87.74074074074075,45.55555555555556,majority_vote,119,RECOVERY,199,"(29, 50)",False,0,False,2440
0,0.0,True,0.0,0.7474275279780992,0.7847065088365008,2274,100,2274.0,115,16,25,"(33, 8)",0,0.024319066147859923,94.32,50.44,majority_vote,115,RECOVERY,285,"(29, 8)",False,1,False,2440
0,0.0,True,0.0,0.9262832454408393,0.9374906648797051,2255,115,2255.0,143,15,28,"(33, 50)",0,0.027237354085603113,87.0,47.785714285714285,majority_vote,143,RECOVERY,332,"(33, 12)",False,2,False,2440
0,0.0,True,0.0,0.9,0.9,2374,0,2374.0,119,17,27,"(13, 15)",0,0.015281757402101241,87.74074074074075,45.55555555555556,majority_vote,119,RECOVERY,199,"(24, 50)",False,0,False,2445
0,0.0,True,0.0,0.7474275279780992,0.7847065088365008,2278,100,2278.0,116,16,26,"(33, 30)",0,0.02387774594078319,94.03846153846153,51.0,majority_vote,116,RECOVERY,286,"(33, 8)",False,1,False,2445
0,0.0,True,0.0,0.9262832454408393,0.9374906648797051,2260,115,2260.0,143,15,28,"(33, 50)",0,0.026743075453677174,87.0,47.785714285714285,majority_vote,143,RECOVERY,332,"(29, 13)",False,2,False,2445
0,0.0,True,0.0,0.9,0.9,2379,0,2379.0,119,17,27,"(13, 15)",0,0.013940520446096654,87.74074074074075,45.55555555555556,majority_vote,119,RECOVERY,200,"(20, 49)",False,0,False,2450
0,0.0,True,0.0,0.7474275279780992,0.7847065088365008,2283,100,2283.0,116,16,26,"(33, 30)",0,0.024163568773234202,94.03846153846153,51.0,majority_vote,116,RECOVERY,287,"(32, 12)",False,1,False,2450
0,0.0,True,0.0,0.9262832454408393,0.9374906648797051,2265,115,2265.0,143,15,28,"(33, 50)",0,0.026022304832713755,87.0,47.785714285714285,majority_vote,143,RECOVERY,333,"(29, 18)",False,2,False,2450
0,0.0,True,0.0,0.9,0.9,2384,0,2384.0,119,17,27,"(13, 15)",0,0.012466607301869992,87.74074074074075,45.55555555555556,majority_vote,119,RECOVERY,200,"(17, 47)",False,0,False,2455
0,0.0,True,0.0,0.7474275279780992,0.7847065088365008,2288,100,2288.0,116,16,26,"(33, 30)",0,0.02226179875333927,94.03846153846153,51.0,majority_vote,116,RECOVERY,287,"(29, 14)",False,1,False,2455
0,0.0,True,0.0,0.9262832454408393,0.9374906648797051,2270,115,2270.0,143,15,28,"(33, 50)",0,0.02404274265360641,87.0,47.785714285714285,majority_vote,143,RECOVERY,333,"(29, 23)",False,2,False,2455
0,0.0,True,0.0,0.9,0.9,2389,0,2389.0,119,17,27,"(13, 15)",0,0.009734513274336283,87.74074074074075,45.55555555555556,majority_vote,119,RECOVERY,200,"(17, 42)",False,0,False,2460
0,0.0,True,0.0,0.7474275279780992,0.7847065088365008,2293,100,2293.0,116,16,26,"(33, 30)",0,0.019469026548672566,94.03846153846153,51.0,majority_vote,116,RECOVERY,287,"(29, 19)",False,1,False,2460
0,0.0,True,0.0,0.9262832454408393,0.9374906648797051,2275,115,2275.0,143,15,28,"(33, 50)",0,0.021220159151193633,87.0,47.785714285714285,majority_vote,143,RECOVERY,333,"(29, 28)",False,2,False,2460
0,0.0,True,0.0,0.9,0.9,2394,0,2394.0,119,17,27,"(13, 15)",0,0.008841732979664015,87.74074074074075,45.55555555555556,majority_vote,119,RECOVERY,200,"(17, 37)",False,0,False,2465
0,0.0,True,0.0,0.7474275279780992,0.7847065088365008,2298,100,2298.0,116,16,26,"(33, 30)",0,0.015915119363395226,94.03846153846153,51.0,majority_vote,116,RECOVERY,287,"(29, 24)",False,1,False,2465
0,0.0,True,0.0,0.9262832454408393,0.9374906648797051,2280,115,2280.0,143,15,28,"(33, 50)",0,0.018551236749116608,87.0,47.785714285714285,majority_vote,143,RECOVERY,333,"(29, 33)",False,2,False,2465
0,0.0,True,0.0,0.9,0.9,2399,0,2399.0,119,17,27,"(13, 15)",0,0.007957559681697613,87.74074074074075,45.55555555555556,majority_vote,119,RECOVERY,200,"(17, 32)",False,0,False,2470
0,0.0,True,0.0,0.7474275279780992,0.7847065088365008,2303,100,2303.0,116,16,26,"(33, 30)",0,0.016799292661361626,94.03846153846153,51.0,majority_vote,116,RECOVERY,287,"(29, 29)",False,1,False,2470
0,0.0,True,0.0,0.9262832454408393,0.9374906648797051,2285,115,2285.0,143,15,28,"(33, 50)",0,0.018551236749116608,87.0,47.785714285714285,majority_vote,143,RECOVERY,333,"(29, 38)",False,2,False,2470
0,0.0,True,0.0,0.9,0.9,2404,0,2404.0,119,17,27,"(13, 15)",0,0.007957559681697613,87.74074074074075,45.55555555555556,majority_vote,119,RECOVERY,201,"(14, 30)",False,0,False,2475
0,0.0,True,0.0,0.7474275279780992,0.7847065088365008,2308,100,2308.0,116,16,26,"(33, 30)",0,0.015915119363395226,94.03846153846153,51.0,majority_vote,116,RECOVERY,288,"(33, 30)",False,1,False,2475
0,0.0,True,0.0,0.9280064280158951,0.9388139788208495,2290,115,2290.0,144,15,28,"(33, 50)",0,0.018551236749116608,87.0,47.785714285714285,majority_vote,144,RECOVERY,334,"(29, 43)",False,2,False,2475
0,0.0,True,0.0,0.9,0.9,2409,0,2409.0,119,17,27,"(13, 15)",0,0.0071492403932082215,87.74074074074075,45.55555555555556,majority_vote,119,RECOVERY,201,"(14, 25)",False,0,False,2480
0,0.0,True,0.0,0.7474275279780992,0.7847065088365008,2312,100,2312.0,117,16,26,"(21, 24)",0,0.012511170688114389,94.03846153846153,51.0,majority_vote,117,RECOVERY,289,"(29, 30)",False,1,False,2480
0,0.0,True,0.0,0.9308088149077098,0.9413093190741658,2295,115,2295.0,144,15,28,"(33, 50)",0,0.0160857908847185,87.0,47.785714285714285,majority_vote,144,RECOVERY,334,"(31, 46)",False,2,False,2480
0,0.0,True,0.0,0.9,0.9,2414,0,2414.0,119,17,27,"(13, 15)",0,0.0071492403932082215,87.74074074074075,45.55555555555556,majority_vote,119,RECOVERY,201,"(14, 20)",False,0,False,2485
0,0.0,True,0.0,0.7474275279780992,0.7847065088365008,2317,100,2317.0,117,16,26,"(21, 24)",0,0.012511170688114389,94.03846153846153,51.0,majority_vote,117,RECOVERY,289,"(26, 28)",False,1,False,2485
0,0.0,True,0.0,0.9335882117067342,0.9442754769395104,2300,115,2300.0,144,15,28,"(33, 50)",0,0.0160857908847185,87.0,47.785714285714285,majority_vote,144,RECOVERY,334,"(32, 50)",False,2,False,2485
0,0.0,True,0.0,0.9,0.9,2419,0,2419.0,119,17,27,"(13, 15)",0,0.0071492403932082215,87.74074074074075,45.55555555555556,majority_vote,119,RECOVERY,201,"(14, 15)",False,0,False,2490
0,0.0,True,0.0,0.7551341811267144,0.7913427037573173,2322,100,2322.0,117,16,26,"(21, 24)",0,0.01161751563896336,94.03846153846153,51.0,majority_vote,117,RECOVERY,289,"(21, 28)",False,1,False,2490
0,0.0,True,0.0,0.9346999820358036,0.9452158598333104,2304,115,2304.0,145,15,28,"(13, 15)",0,0.01519213583556747,87.0,47.785714285714285,majority_vote,145,RECOVERY,335,"(30, 50)",False,2,False,2490
0,0.0,True,0.0,0.9,0.9,2423,0,2423.0,120,17,28,"(12, 50)",0,0.0071492403932082215,89.0,45.92857142857143,majority_vote,120,RECOVERY,202,"(14, 17)",False,0,False,2495
0,0.0,True,0.0,0.7644383639960183,0.7992302458832153,2326,100,2326.0,118,16,27,"(13, 15)",0,0.01161751563896336,92.4074074074074,49.81481481481482,majority_vote,118,RECOVERY,290,"(21, 24)",False,1,False,2495
0,0.0,True,0.0,0.936353331223225,0.9468783979898996,2309,115,2309.0,145,15,28,"(13, 15)",0,0.01519213583556747,87.0,47.785714285714285,majority_vote,145,RECOVERY,335,"(30, 45)",False,2,False,2495
