active_fake_claim_count,attacker_attributable_cost_on_route,attacker_is_trusted,attacker_route_cost_delta,attacker_source_memory,attacker_trust,benign_movement_steps,benign_no_path_steps,benign_total_distance,benign_total_replans,benign_traffic_wait_steps,deliveries_completed,goal,influential_fake_claim_count,map_error,mean_delivery_cycle_time_steps,mean_delivery_time_steps,method,path_changes,phase,planning_checks,position,preferred_route_affected_by_attacker,robot_id,route_affected_by_attacker,step
0,0.0,True,0.0,0.9,0.9,1,0,1.0,1,0,0,"(33, 50)",0,0.0,,,source_memory,1,RECONNAISSANCE,1,"(7, 8)",False,0,False,0
0,0.0,True,0.0,0.9,0.9,1,0,1.0,1,0,0,"(33, 50)",0,0.0,,,source_memory,1,RECONNAISSANCE,1,"(28, 42)",False,1,False,0
0,0.0,True,0.0,0.9,0.9,1,0,1.0,1,0,0,"(13, 50)",0,0.0,,,source_memory,1,RECONNAISSANCE,1,"(7, 42)",False,2,False,0
0,0.0,True,0.0,0.9,0.9,6,0,6.0,1,0,0,"(33, 50)",0,0.0,,,source_memory,1,RECONNAISSANCE,1,"(12, 8)",False,0,False,5
0,0.0,True,0.0,0.9,0.9,6,0,6.0,1,0,0,"(33, 50)",0,0.0,,,source_memory,1,RECONNAISSANCE,1,"(30, 45)",False,1,False,5
0,0.0,True,0.0,0.9,0.9,6,0,6.0,1,0,0,"(13, 50)",0,0.0,,,source_memory,1,RECONNAISSANCE,1,"(9, 45)",False,2,False,5
0,0.0,True,0.0,0.9,0.9,11,0,11.0,1,0,0,"(33, 50)",0,0.0,,,source_memory,1,RECONNAISSANCE,1,"(13, 12)",False,0,False,10
0,0.0,True,0.0,0.9,0.9,11,0,11.0,1,0,0,"(33, 50)",0,0.0,,,source_memory,1,RECONNAISSANCE,1,"(31, 49)",False,1,False,10
0,0.0,True,0.0,0.9,0.9,11,0,11.0,1,0,0,"(13, 50)",0,0.0,,,source_memory,1,RECONNAISSANCE,1,"(10, 49)",False,2,False,10
0,0.0,True,0.0,0.9,0.9,16,0,16.0,2,0,0,"(33, 50)",0,0.0,,,source_memory,2,RECONNAISSANCE,2,"(14, 16)",False,0,False,15
0,0.0,True,0.0,0.9,0.9,15,0,15.0,2,0,0,"(25, 2)",0,0.0,,,source_memory,2,RECONNAISSANCE,2,"(32, 50)",False,1,False,15
0,0.0,True,0.0,0.9,0.9,15,0,15.0,2,0,0,"(15, 2)",0,0.0,,,source_memory,2,RECONNAISSANCE,2,"(13, 50)",False,2,False,15
0,0.0,True,0.0,0.9,0.9,21,0,21.0,2,0,0,"(33, 50)",0,0.0,,,source_memory,2,RECONNAISSANCE,2,"(17, 18)",False,0,False,20
0,0.0,True,0.0,0.9,0.9,20,0,20.0,2,0,0,"(25, 2)",0,0.0,,,source_memory,2,RECONNAISSANCE,2,"(30, 47)",False,1,False,20
0,0.0,True,0.0,0.9,0.9,20,0,20.0,2,0,0,"(15, 2)",0,0.0,,,source_memory,2,RECONNAISSANCE,2,"(13, 45)",False,2,False,20
0,0.0,True,0.0,0.9,0.9,26,0,26.0,3,0,0,"(33, 50)",0,0.0,,,source_memory,3,RECONNAISSANCE,3,"(18, 22)",False,0,False,25
0,0.0,True,0.0,0.9,0.9,25,0,25.0,2,0,0,"(25, 2)",0,0.0,,,source_memory,2,RECONNAISSANCE,3,"(30, 42)",False,1,False,25
0,0.0,True,0.0,0.9,0.9,25,0,25.0,3,0,0,"(15, 2)",0,0.0,,,source_memory,3,RECONNAISSANCE,4,"(15, 42)",False,2,False,25
0,0.0,True,0.0,0.9,0.9,31,0,31.0,4,0,0,"(33, 50)",0,0.0,,,source_memory,4,RECONNAISSANCE,4,"(18, 27)",False,0,False,30
0,0.0,True,0.0,0.9,0.9,30,0,30.0,2,0,0,"(25, 2)",0,0.0,,,source_memory,2,RECONNAISSANCE,3,"(27, 40)",False,1,False,30
0,0.0,True,0.0,0.9,0.9,30,0,30.0,3,0,0,"(15, 2)",0,0.0,,,source_memory,3,RECONNAISSANCE,4,"(15, 37)",False,2,False,30
0,0.0,True,0.0,0.9,0.9,36,0,36.0,5,0,0,"(33, 50)",0,0.0,,,source_memory,5,RECONNAISSANCE,5,"(20, 30)",False,0,False,35
0,0.0,True,0.0,0.9,0.9,35,0,35.0,2,0,0,"(25, 2)",0,0.0,,,source_memory,2,RECONNAISSANCE,3,"(25, 37)",False,1,False,35
0,0.0,True,0.0,0.9017956315579871,0.9152814590976259,35,0,35.0,3,0,0,"(15, 2)",0,0.0,,,source_memory,3,RECONNAISSANCE,4,"(15, 32)",False,2,False,35
0,0.0,True,0.0,0.9,0.9,41,0,41.0,5,0,0,"(33, 50)",0,0.0,,,source_memory,5,RECONNAISSANCE,5,"(22, 33)",False,0,False,40
0,0.0,True,0.0,0.9026672730098088,0.9192044068590518,40,0,40.0,2,0,0,"(25, 2)",0,0.0,,,source_memory,2,RECONNAISSANCE,3,"(25, 32)",False,1,False,40
0,0.0,True,0.0,0.9070829052904423,0.9306079883245224,40,0,40.0,3,0,0,"(15, 2)",0,0.0,,,source_memory,3,RECONNAISSANCE,4,"(15, 27)",False,2,False,40
0,0.0,True,0.0,0.9,0.9,46,0,46.0,5,0,0,"(33, 50)",0,0.0,,,source_memory,5,RECONNAISSANCE,5,"(23, 37)",False,0,False,45
0,0.0,True,0.0,0.9088617568326655,0.9356100812619287,45,0,45.0,2,0,0,"(25, 2)",0,0.0,,,source_memory,2,RECONNAISSANCE,3,"(25, 27)",False,1,False,45
0,0.0,True,0.0,0.9140867142761423,0.9429764791685379,45,0,45.0,3,0,0,"(15, 2)",0,0.0,,,source_memory,3,RECONNAISSANCE,4,"(15, 22)",False,2,False,45
0,0.0,True,0.0,0.9,0.9,51,0,51.0,6,0,0,"(33, 50)",0,0.0,,,source_memory,6,RECONNAISSANCE,6,"(25, 40)",False,0,False,50
0,0.0,True,0.0,0.913253780414908,0.9413906186238973,50,0,50.0,2,0,0,"(25, 2)",0,0.0,,,source_memory,2,RECONNAISSANCE,4,"(25, 22)",False,1,False,50
0,0.0,True,0.0,0.9221836569530857,0.9533158871592865,50,0,50.0,3,0,0,"(15, 2)",0,0.0,,,source_memory,3,RECONNAISSANCE,5,"(15, 17)",False,2,False,50
0,0.0,True,0.0,0.9,0.9,56,0,56.0,6,0,0,"(33, 50)",0,0.0,,,source_memory,6,RECONNAISSANCE,6,"(27, 43)",False,0,False,55
0,0.0,True,0.0,0.913253780414908,0.9413906186238973,55,0,55.0,2,0,0,"(25, 2)",0,0.0,,,source_memory,2,RECONNAISSANCE,4,"(25, 17)",False,1,False,55
0,0.0,True,0.0,0.9302520586738672,0.9604506729524135,55,0,55.0,3,0,0,"(15, 2)",0,0.0,,,source_memory,3,RECONNAISSANCE,5,"(15, 12)",False,2,False,55
0,0.0,True,0.0,0.9,0.9,61,0,61.0,6,0,0,"(33, 50)",0,0.0,,,source_memory,6,RECONNAISSANCE,6,"(28, 47)",False,0,False,60
0,0.0,True,0.0,0.9147655741031799,0.9434896541803462,60,0,60.0,2,0,0,"(25, 2)",0,0.0,,,source_memory,2,RECONNAISSANCE,4,"(25, 12)",False,1,False,60
0,0.0,True,0.0,0.9379134430211655,0.9662175182493241,60,0,60.0,3,0,0,"(15, 2)",0,0.0,,,source_memory,3,RECONNAISSANCE,5,"(15, 7)",False,2,False,60
0,0.0,True,0.0,0.9,0.9,66,0,66.0,6,0,0,"(33, 50)",0,0.0,,,source_memory,6,RECONNAISSANCE,6,"(30, 50)",False,0,False,65
0,0.0,True,0.0,0.9147655741031799,0.9434896541803462,65,0,65.0,2,0,0,"(25, 2)",0,0.0,,,source_memory,2,RECONNAISSANCE,4,"(25, 7)",False,1,False,65
0,0.0,True,0.0,0.9408206715667821,0.9683325780693672,65,0,65.0,3,0,0,"(15, 2)",0,0.0,,,source_memory,3,RECONNAISSANCE,5,"(15, 2)",False,2,False,65
0,0.0,True,0.0,0.9,0.9,70,0,70.0,7,0,0,"(2, 41)",0,0.0,,,source_memory,7,RECONNAISSANCE,7,"(32, 50)",False,0,False,70
0,0.0,True,0.0,0.9147655741031799,0.9434896541803462,70,0,70.0,2,0,0,"(25, 2)",0,0.0,,,source_memory,2,RECONNAISSANCE,4,"(25, 2)",False,1,False,70
0,0.0,True,0.0,0.9408206715667821,0.9683325780693672,69,0,69.0,4,0,1,"(33, 50)",0,0.0,66.0,51.0,source_memory,4,RECONNAISSANCE,6,"(15, 6)",False,2,False,70
0,0.0,True,0.0,0.9,0.9,75,0,75.0,7,0,0,"(2, 41)",0,0.0,,,source_memory,7,RECONNAISSANCE,8,"(30, 47)",False,0,False,75
0,0.0,True,0.0,0.9147655741031799,0.9434896541803462,74,0,74.0,3,0,1,"(33, 50)",0,0.0,71.0,57.0,source_memory,3,RECONNAISSANCE,6,"(25, 6)",False,1,False,75
0,0.0,True,0.0,0.9408206715667821,0.9683325780693672,74,0,74.0,4,0,1,"(33, 50)",0,0.0,66.0,51.0,source_memory,4,RECONNAISSANCE,7,"(16, 10)",False,2,False,75
0,0.0,True,0.0,0.9,0.9,80,0,80.0,7,0,0,"(2, 41)",0,0.0,,,source_memory,7,RECONNAISSANCE,8,"(28, 44)",False,0,False,80
0,0.0,True,0.0,0.9147655741031799,0.9434896541803462,79,0,79.0,3,0,1,"(33, 50)",0,0.0,71.0,57.0,source_memory,3,RECONNAISSANCE,6,"(26, 10)",False,1,False,80
0,0.0,True,0.0,0.9408206715667821,0.9683325780693672,79,0,79.0,4,0,1,"(33, 50)",0,0.0011185682326621924,66.0,51.0,source_memory,4,RECONNAISSANCE,7,"(16, 15)",False,2,False,80
0,0.0,True,0.0,0.9,0.9,85,0,85.0,7,0,0,"(2, 41)",0,0.0,,,source_memory,7,RECONNAISSANCE,8,"(27, 40)",False,0,False,85
0,0.0,True,0.0,0.9147655741031799,0.9434896541803462,84,0,84.0,3,0,1,"(33, 50)",0,0.0,71.0,57.0,source_memory,3,RECONNAISSANCE,6,"(26, 15)",False,1,False,85
0,0.0,True,0.0,0.9436495546438917,0.9702860321240344,84,0,84.0,4,0,1,"(33, 50)",0,0.004449388209121246,66.0,51.0,source_memory,4,RECONNAISSANCE,7,"(16, 20)",False,2,False,85
0,0.0,True,0.0,0.9,0.9,90,0,90.0,7,0,0,"(2, 41)",0,0.0,,,source_memory,7,RECONNAISSANCE,8,"(22, 40)",False,0,False,90
0,0.0,True,0.0,0.9147655741031799,0.9434896541803462,89,0,89.0,3,0,1,"(33, 50)",0,0.0,71.0,57.0,source_memory,3,RECONNAISSANCE,6,"(26, 20)",False,1,False,90
0,0.0,True,0.0,0.9450226840932893,0.9711121436318436,89,0,89.0,4,0,1,"(33, 50)",0,0.004429678848283499,66.0,51.0,source_memory,4,RECONNAISSANCE,7,"(16, 25)",False,2,False,90
0,0.0,True,0.0,0.9,0.9,95,0,95.0,7,0,0,"(2, 41)",0,0.0,,,source_memory,7,RECONNAISSANCE,8,"(18, 41)",False,0,False,95
0,0.0,True,0.0,0.9147655741031799,0.9434896541803462,94,0,94.0,3,0,1,"(33, 50)",0,0.0,71.0,57.0,source_memory,3,RECONNAISSANCE,6,"(26, 25)",False,1,False,95
0,0.0,True,0.0,0.9514524705069428,0.9747721577370513,94,0,94.0,4,0,1,"(33, 50)",0,0.0032858707557502738,66.0,51.0,source_memory,4,RECONNAISSANCE,7,"(16, 30)",False,2,False,95
0,0.0,True,0.0,0.9,0.9,100,0,100.0,7,0,0,"(2, 41)",0,0.0,,,source_memory,7,RECONNAISSANCE,9,"(14, 42)",False,0,False,100
0,0.0,True,0.0,0.9177813039437798,0.9464215310311471,99,0,99.0,4,0,1,"(33, 50)",0,0.0,71.0,57.0,source_memory,4,RECONNAISSANCE,7,"(26, 30)",False,1,False,100
0,0.0,True,0.0,0.9572396630201856,0.9784925317722727,99,0,99.0,5,0,1,"(33, 50)",0,0.0010905125408942203,66.0,51.0,source_memory,5,RECONNAISSANCE,8,"(16, 35)",False,2,False,100
0,0.0,True,0.0,0.9,0.9,105,0,105.0,7,0,0,"(2, 41)",0,0.0,,,source_memory,7,RECONNAISSANCE,9,"(10, 41)",False,0,False,105
0,0.0,True,0.0,0.9253223035645465,0.9539417404237344,104,0,104.0,4,0,1,"(33, 50)",0,0.0,71.0,57.0,source_memory,4,RECONNAISSANCE,7,"(28, 33)",False,1,False,105
0,0.0,True,0.0,0.9625994241480665,0.9822740414738083,104,0,104.0,5,0,1,"(33, 50)",0,0.0010845986984815619,66.0,51.0,source_memory,5,RECONNAISSANCE,8,"(18, 38)",False,2,False,105
0,0.0,True,0.0,0.9,0.9,110,0,110.0,7,0,0,"(2, 41)",0,0.0,,,source_memory,7,RECONNAISSANCE,9,"(5, 41)",False,0,False,110
0,0.0,True,0.0,0.9327435358834465,0.9606734950324373,109,0,109.0,4,0,1,"(33, 50)",0,0.0,71.0,57.0,source_memory,4,RECONNAISSANCE,7,"(29, 37)",False,1,False,110
0,0.0,True,0.0,0.9674637065429917,0.9851263587798273,109,0,109.0,5,0,1,"(33, 50)",0,0.0010570824524312897,66.0,51.0,source_memory,5,RECONNAISSANCE,8,"(18, 43)",False,2,False,110
0,0.0,True,0.0,0.9,0.9,114,0,114.0,8,0,1,"(33, 50)",0,0.0,114.0,45.0,source_memory,8,RECONNAISSANCE,10,"(3, 41)",False,0,False,115
0,0.0,True,0.0,0.939955791031545,0.9668663550905561,114,0,114.0,4,0,1,"(33, 50)",0,0.0,71.0,57.0,source_memory,4,RECONNAISSANCE,7,"(29, 42)",False,1,False,115
0,0.0,True,0.0,0.9717869563356563,0.9873519957255176,114,0,114.0,5,0,1,"(33, 50)",0,0.0010351966873706005,66.0,51.0,source_memory,5,RECONNAISSANCE,8,"(18, 48)",False,2,False,115
0,0.0,True,0.0,0.9,0.9,119,0,119.0,8,0,1,"(33, 50)",0,0.0,114.0,45.0,source_memory,8,RECONNAISSANCE,10,"(8, 41)",False,0,False,120
0,0.0,True,0.0,0.9466973346302271,0.971401212577899,119,0,119.0,4,0,1,"(33, 50)",0,0.0,71.0,57.0,source_memory,4,RECONNAISSANCE,7,"(31, 45)",False,1,False,120
0,0.0,True,0.0,0.9748257329234917,0.9886308369253483,119,0,119.0,5,0,1,"(33, 50)",0,0.001034126163391934,66.0,51.0,source_memory,5,RECONNAISSANCE,8,"(21, 50)",False,2,False,120
0,0.0,True,0.0,0.9,0.9,124,0,124.0,8,0,1,"(33, 50)",0,0.0,114.0,45.0,source_memory,8,RECONNAISSANCE,11,"(12, 42)",False,0,False,125
0,0.0,True,0.0,0.9516873361848067,0.9749755137105928,124,0,124.0,4,0,1,"(33, 50)",0,0.0,71.0,57.0,source_memory,4,RECONNAISSANCE,8,"(31, 50)",False,1,False,125
0,0.0,True,0.0,0.978174211772691,0.99023038672146,124,0,124.0,5,0,1,"(33, 50)",0,0.002068252326783868,66.0,51.0,source_memory,5,RECONNAISSANCE,9,"(26, 50)",False,2,False,125
0,0.0,True,0.0,0.9,0.9,129,0,129.0,8,0,1,"(33, 50)",0,0.0,114.0,45.0,source_memory,8,RECONNAISSANCE,11,"(15, 40)",False,0,False,130
0,0.0,True,0.0,0.9528822627273026,0.9755858670347246,128,0,128.0,5,0,1,"(33, 8)",0,0.0,71.0,57.0,source_memory,5,RECONNAISSANCE,9,"(33, 48)",False,1,False,130
0,0.0,True,0.0,0.9810984187119568,0.9916100448937645,129,0,129.0,5,0,1,"(33, 50)",0,0.002068252326783868,66.0,51.0,source_memory,5,RECONNAISSANCE,9,"(31, 50)",False,2,False,130
0,0.0,True,0.0,0.9,0.9,134,0,134.0,8,0,1,"(33, 50)",0,0.0,114.0,45.0,source_memory,8,RECONNAISSANCE,11,"(20, 40)",False,0,False,135
0,0.0,True,0.0,0.9528822627273026,0.9755858670347246,133,0,133.0,5,0,1,"(33, 8)",0,0.0,71.0,57.0,source_memory,5,RECONNAISSANCE,9,"(30, 46)",False,1,False,135
0,0.0,True,0.0,0.9831831046347059,0.9926937412070798,133,0,133.0,6,0,1,"(33, 8)",0,0.002068252326783868,66.0,51.0,source_memory,6,RECONNAISSANCE,10,"(33, 48)",False,2,False,135
0,0.0,True,0.0,0.9,0.9,139,0,139.0,8,0,1,"(33, 50)",0,0.0,114.0,45.0,source_memory,8,RECONNAISSANCE,11,"(25, 40)",False,0,False,140
0,0.0,True,0.0,0.956324504637331,0.9778409544258766,138,0,138.0,5,0,1,"(33, 8)",0,0.0,71.0,57.0,source_memory,5,RECONNAISSANCE,9,"(30, 41)",False,1,False,140
0,0.0,True,0.0,0.9854756557471857,0.9936775782749194,138,0,138.0,6,0,1,"(33, 8)",0,0.002068252326783868,66.0,51.0,source_memory,6,RECONNAISSANCE,10,"(30, 46)",False,2,False,140
0,0.0,True,0.0,0.9,0.9,144,0,144.0,8,0,1,"(33, 50)",0,0.0,114.0,45.0,source_memory,8,RECONNAISSANCE,11,"(26, 44)",False,0,False,145
0,0.0,True,0.0,0.9618773420640045,0.9825110733390424,143,0,143.0,5,0,1,"(33, 8)",0,0.0,71.0,57.0,source_memory,5,RECONNAISSANCE,9,"(29, 37)",False,1,False,145
0,0.0,True,0.0,0.9874822942634022,0.9948168778200085,143,0,143.0,6,0,1,"(33, 8)",0,0.0031023784901758012,66.0,51.0,source_memory,6,RECONNAISSANCE,10,"(29, 42)",False,2,False,145
0,0.0,True,0.0,0.9,0.9,149,0,149.0,8,0,1,"(33, 50)",0,0.05170630816959669,114.0,45.0,source_memory,8,RECONNAISSANCE,12,"(28, 47)",False,0,False,150
0,0.0,True,0.0,0.9650136029956391,0.984397714496676,148,0,148.0,5,0,1,"(33, 8)",0,0.055842812823164424,71.0,57.0,source_memory,5,RECONNAISSANCE,10,"(29, 32)",False,1,False,150
0,0.0,True,0.0,0.9892862943348948,0.9958309511503968,148,0,148.0,6,0,1,"(33, 8)",0,0.05377456049638056,66.0,51.0,source_memory,6,RECONNAISSANCE,11,"(29, 37)",False,2,False,150
0,0.0,True,0.0,0.9,0.9,154,0,154.0,8,0,1,"(33, 50)",0,0.05122950819672131,114.0,45.0,source_memory,8,RECONNAISSANCE,12,"(31, 49)",False,0,False,155
0,0.0,True,0.0,0.9650136029956391,0.984397714496676,153,0,153.0,5,0,1,"(33, 8)",0,0.055327868852459015,71.0,57.0,source_memory,5,RECONNAISSANCE,10,"(29, 27)",False,1,False,155
0,0.0,True,0.0,0.9896211549747895,0.9959835071327897,153,0,153.0,6,0,1,"(33, 8)",0,0.05327868852459016,66.0,51.0,source_memory,6,RECONNAISSANCE,11,"(29, 32)",False,2,False,155
0,0.0,True,0.0,0.9,0.9,158,0,158.0,9,0,1,"(13, 50)",0,0.049746192893401014,114.0,45.0,source_memory,9,RECONNAISSANCE,13,"(32, 50)",False,0,False,160
0,0.0,True,0.0,0.9650136029956391,0.984397714496676,158,0,158.0,6,0,1,"(33, 8)",0,0.05380710659898477,71.0,57.0,source_memory,6,RECONNAISSANCE,11,"(28, 23)",False,1,False,160
0,0.0,True,0.0,0.9896211549747895,0.9959835071327897,158,0,158.0,7,0,1,"(33, 8)",0,0.05177664974619289,66.0,51.0,source_memory,7,RECONNAISSANCE,14,"(29, 27)",False,2,False,160
0,0.0,True,0.0,0.9,0.9,163,0,163.0,9,0,1,"(13, 50)",0,0.04467005076142132,114.0,45.0,source_memory,9,RECONNAISSANCE,13,"(27, 50)",False,0,False,165
0,0.0,True,0.0,0.9650136029956391,0.984397714496676,163,0,163.0,6,0,1,"(33, 8)",0,0.048730964467005075,71.0,57.0,source_memory,6,RECONNAISSANCE,11,"(28, 18)",False,1,False,165
0,0.0,True,0.0,0.9896211549747895,0.9959835071327897,163,0,163.0,8,0,1,"(33, 8)",0,0.046700507614213196,66.0,51.0,source_memory,8,RECONNAISSANCE,15,"(28, 23)",False,2,False,165
0,0.0,True,0.0,0.9,0.9,168,0,168.0,10,0,1,"(13, 50)",0,0.040526849037487336,114.0,45.0,source_memory,10,RECONNAISSANCE,14,"(22, 50)",False,0,False,170
0,0.0,True,0.0,0.9650136029956391,0.984397714496676,168,0,168.0,6,0,1,"(33, 8)",0,0.04356636271529889,71.0,57.0,source_memory,6,RECONNAISSANCE,11,"(28, 13)",False,1,False,170
0,0.0,True,0.0,0.9896211549747895,0.9959835071327897,168,0,168.0,8,0,1,"(33, 8)",0,0.04356636271529889,66.0,51.0,source_memory,8,RECONNAISSANCE,15,"(28, 18)",False,2,False,170
0,0.0,True,0.0,0.9,0.9,173,0,173.0,10,0,1,"(13, 50)",0,0.03707414829659319,114.0,45.0,source_memory,10,RECONNAISSANCE,15,"(18, 49)",False,0,False,175
0,0.0,True,0.0,0.9650136029956391,0.984397714496676,173,0,173.0,6,0,1,"(33, 8)",0,0.041082164328657314,71.0,57.0,source_memory,6,RECONNAISSANCE,12,"(28, 8)",False,1,False,175
0,0.0,True,0.0,0.9896211549747895,0.9959835071327897,173,0,173.0,9,0,1,"(33, 8)",0,0.041082164328657314,66.0,51.0,source_memory,9,RECONNAISSANCE,16,"(28, 13)",False,2,False,175
0,0.0,True,0.0,0.9,0.9,178,0,178.0,10,0,1,"(13, 50)",0,0.037,114.0,45.0,source_memory,10,RECONNAISSANCE,15,"(13, 49)",False,0,False,180
0,0.0,True,0.0,0.9650136029956391,0.984397714496676,178,0,178.0,6,0,1,"(33, 8)",0,0.041,71.0,57.0,source_memory,6,RECONNAISSANCE,12,"(33, 8)",False,1,False,180
0,0.0,True,0.0,0.9896211549747895,0.9959835071327897,178,0,178.0,9,0,1,"(33, 8)",0,0.041,66.0,51.0,source_memory,9,RECONNAISSANCE,16,"(30, 10)",False,2,False,180
0,0.0,True,0.0,0.9,0.9,182,0,182.0,11,0,2,"(2, 41)",0,0.03696303696303696,91.0,34.0,source_memory,11,RECONNAISSANCE,16,"(12, 48)",False,0,False,185
0,0.0,True,0.0,0.9650136029956391,0.984397714496676,182,0,182.0,7,0,2,"(13, 50)",0,0.04095904095904096,90.5,55.0,source_memory,7,RECONNAISSANCE,13,"(29, 8)",False,1,False,185
0,0.0,True,0.0,0.9896211549747895,0.9959835071327897,181,0,181.0,9,2,1,"(33, 8)",0,0.04095904095904096,66.0,51.0,source_memory,9,RECONNAISSANCE,17,"(31, 8)",False,2,False,185
0,0.0,True,0.0,0.9,0.9,187,0,187.0,11,0,2,"(2, 41)",0,0.03596403596403597,91.0,34.0,source_memory,11,RECONNAISSANCE,16,"(10, 45)",False,0,False,190
0,0.0,True,0.0,0.9650136029956391,0.984397714496676,187,0,187.0,7,0,2,"(13, 50)",0,0.03696303696303696,90.5,55.0,source_memory,7,RECONNAISSANCE,13,"(27, 11)",False,1,False,190
0,0.0,True,0.0,0.9896211549747895,0.9959835071327897,185,0,185.0,10,2,2,"(2, 20)",0,0.03996003996003996,94.0,53.0,source_memory,10,RECONNAISSANCE,18,"(31, 8)",False,2,False,190
0,0.0,True,0.0,0.9,0.9,192,0,192.0,11,0,2,"(2, 41)",0,0.03596403596403597,91.0,34.0,source_memory,11,RECONNAISSANCE,16,"(9, 41)",False,0,False,195
0,0.0,True,0.0,0.9650136029956391,0.984397714496676,192,0,192.0,7,0,2,"(13, 50)",0,0.03696303696303696,90.5,55.0,source_memory,7,RECONNAISSANCE,13,"(27, 16)",False,1,False,195
0,0.0,True,0.0,0.9896211549747895,0.9959835071327897,190,0,190.0,10,2,2,"(2, 20)",0,0.03696303696303696,94.0,53.0,source_memory,10,RECONNAISSANCE,18,"(30, 12)",False,2,False,195
0,0.0,True,0.0,0.9,0.9,197,0,197.0,11,0,2,"(2, 41)",0,0.03596403596403597,91.0,34.0,source_memory,11,RECONNAISSANCE,17,"(4, 41)",False,0,False,200
0,0.0,True,0.0,0.9650136029956391,0.984397714496676,197,0,197.0,7,0,2,"(13, 50)",0,0.03696303696303696,90.5,55.0,source_memory,7,RECONNAISSANCE,14,"(27, 21)",False,1,False,200
0,0.0,True,0.0,0.9896211549747895,0.9959835071327897,195,0,195.0,10,2,2,"(2, 20)",0,0.03396603396603397,94.0,53.0,source_memory,10,RECONNAISSANCE,19,"(27, 14)",False,2,False,200
0,0.0,True,0.0,0.9,0.9,201,0,201.0,12,0,2,"(2, 50)",0,0.03696303696303696,91.0,34.0,source_memory,12,RECONNAISSANCE,18,"(3, 42)",False,0,False,205
0,0.0,True,0.0,0.9650136029956391,0.984397714496676,202,0,202.0,7,0,2,"(13, 50)",0,0.03696303696303696,90.5,55.0,source_memory,7,RECONNAISSANCE,14,"(27, 26)",False,1,False,205
0,0.0,True,0.0,0.9896211549747895,0.9959835071327897,200,0,200.0,10,2,2,"(2, 20)",0,0.03396603396603397,94.0,53.0,source_memory,10,RECONNAISSANCE,19,"(25, 17)",False,2,False,205
0,0.0,True,0.0,0.9,0.9,206,0,206.0,12,0,2,"(2, 50)",0,0.03670634920634921,91.0,34.0,source_memory,12,RECONNAISSANCE,18,"(3, 47)",False,0,False,210
0,0.0,True,0.0,0.9650136029956391,0.984397714496676,207,0,207.0,7,0,2,"(13, 50)",0,0.03670634920634921,90.5,55.0,source_memory,7,RECONNAISSANCE,14,"(27, 31)",False,1,False,210
0,0.0,True,0.0,0.9896211549747895,0.9959835071327897,205,0,205.0,10,2,2,"(2, 20)",0,0.03273809523809524,94.0,53.0,source_memory,10,RECONNAISSANCE,19,"(20, 17)",False,2,False,210
0,0.0,True,0.0,0.9,0.9,210,0,210.0,13,0,3,"(33, 8)",0,0.027750247770069375,71.66666666666667,26.666666666666668,source_memory,13,RECONNAISSANCE,19,"(2, 50)",False,0,False,215
0,0.0,True,0.0,0.9650136029956391,0.984397714496676,212,0,212.0,7,0,2,"(13, 50)",0,0.027750247770069375,90.5,55.0,source_memory,7,RECONNAISSANCE,14,"(27, 36)",False,1,False,215
0,0.0,True,0.0,0.9896211549747895,0.9959835071327897,210,0,210.0,10,2,2,"(2, 20)",0,0.024777006937561942,94.0,53.0,source_memory,10,RECONNAISSANCE,19,"(16, 18)",False,2,False,215
0,0.0,True,0.0,0.9,0.9,215,0,215.0,13,0,3,"(33, 8)",0,0.02564102564102564,71.66666666666667,26.666666666666668,source_memory,13,RECONNAISSANCE,19,"(5, 48)",False,0,False,220
0,0.0,True,0.0,0.9687979451248813,0.9859627168842082,217,0,217.0,7,0,2,"(13, 50)",0,0.02564102564102564,90.5,55.0,source_memory,7,RECONNAISSANCE,14,"(27, 41)",False,1,False,220
0,0.0,True,0.0,0.9896211549747895,0.9959835071327897,215,0,215.0,10,2,2,"(2, 20)",0,0.023668639053254437,94.0,53.0,source_memory,10,RECONNAISSANCE,19,"(15, 22)",False,2,False,220
0,0.0,True,0.0,0.9,0.9,220,0,220.0,13,0,3,"(33, 8)",0,0.022179363548698167,71.66666666666667,26.666666666666668,source_memory,13,RECONNAISSANCE,20,"(8, 46)",False,0,False,225
0,0.0,True,0.0,0.9729499957376642,0.987884566678875,222,0,222.0,8,0,2,"(13, 50)",0,0.022179363548698167,90.5,55.0,source_memory,8,RECONNAISSANCE,15,"(26, 45)",False,1,False,225
0,0.0,True,0.0,0.9896211549747895,0.9959835071327897,220,0,220.0,11,2,2,"(2, 20)",0,0.020250723240115717,94.0,53.0,source_memory,11,RECONNAISSANCE,20,"(10, 22)",False,2,False,225
0,0.0,True,0.0,0.9,0.9,225,0,225.0,13,0,3,"(33, 8)",0,0.022556390977443608,71.66666666666667,26.666666666666668,source_memory,13,RECONNAISSANCE,20,"(12, 45)",False,0,False,230
0,0.0,True,0.0,0.9765953200617502,0.9899358751337423,227,0,227.0,9,0,2,"(13, 50)",0,0.021616541353383457,90.5,55.0,source_memory,9,RECONNAISSANCE,16,"(26, 50)",False,1,False,230
0,0.0,True,0.0,0.9896211549747895,0.9959835071327897,225,0,225.0,11,2,2,"(2, 20)",0,0.019736842105263157,94.0,53.0,source_memory,11,RECONNAISSANCE,20,"(7, 20)",False,2,False,230
0,0.0,True,0.0,0.9,0.9,230,0,230.0,13,0,3,"(33, 8)",0,0.01780693533270853,71.66666666666667,26.666666666666668,source_memory,13,RECONNAISSANCE,20,"(14, 42)",False,0,False,235
0,0.0,True,0.0,0.9798629381030303,0.9917035861955741,232,0,232.0,9,0,2,"(13, 50)",0,0.01780693533270853,90.5,55.0,source_memory,9,RECONNAISSANCE,16,"(21, 50)",False,1,False,235
0,0.0,True,0.0,0.9896211549747895,0.9959835071327897,230,0,230.0,11,2,2,"(2, 20)",0,0.016869728209934397,94.0,53.0,source_memory,11,RECONNAISSANCE,20,"(2, 20)",False,2,False,235
0,0.0,True,0.0,0.9,0.9,235,0,235.0,13,0,3,"(33, 8)",0,0.014058106841611996,71.66666666666667,26.666666666666668,source_memory,13,RECONNAISSANCE,20,"(19, 42)",False,0,False,240
0,0.0,True,0.0,0.9827248528823717,0.9929961811213569,237,0,237.0,9,0,2,"(13, 50)",0,0.014058106841611996,90.5,55.0,source_memory,9,RECONNAISSANCE,16,"(17, 49)",False,1,False,240
0,0.0,True,0.0,0.9896211549747895,0.9959835071327897,234,0,234.0,12,2,2,"(25, 2)",0,0.013120899718837863,94.0,53.0,source_memory,12,RECONNAISSANCE,21,"(6, 20)",False,2,False,240
0,0.0,True,0.0,0.9,0.9,240,0,240.0,13,0,3,"(33, 8)",0,0.011246485473289597,71.66666666666667,26.666666666666668,source_memory,13,RECONNAISSANCE,20,"(22, 40)",False,0,False,245
0,0.0,True,0.0,0.9852124802657556,0.994137317340254,242,0,242.0,9,0,2,"(13, 50)",0,0.011246485473289597,90.5,55.0,source_memory,9,RECONNAISSANCE,16,"(13, 50)",False,1,False,245
0,0.0,True,0.0,0.9896211549747895,0.9959835071327897,239,0,239.0,12,2,2,"(25, 2)",0,0.011246485473289597,94.0,53.0,source_memory,12,RECONNAISSANCE,21,"(11, 20)",False,2,False,245
0,0.0,True,0.0,0.9,0.9,245,0,245.0,14,0,3,"(33, 8)",0,0.011246485473289597,71.66666666666667,26.666666666666668,source_memory,14,RECONNAISSANCE,21,"(25, 38)",False,0,False,250
0,0.0,True,0.0,0.9869564671260566,0.9948839719768731,246,0,246.0,11,0,2,"(2, 20)",0,0.011246485473289597,90.5,55.0,source_memory,11,RECONNAISSANCE,18,"(12, 47)",False,1,False,250
0,0.0,True,0.0,0.9896211549747895,0.9959835071327897,244,0,244.0,12,2,2,"(25, 2)",0,0.011246485473289597,94.0,53.0,source_memory,12,RECONNAISSANCE,22,"(14, 18)",False,2,False,250
0,0.0,True,0.0,0.9,0.9,250,0,250.0,14,0,3,"(33, 8)",0,0.010309278350515464,71.66666666666667,26.666666666666668,source_memory,14,RECONNAISSANCE,21,"(27, 35)",False,0,False,255
0,0.0,True,0.0,0.9888736310160632,0.9957251530682759,251,0,251.0,11,0,2,"(2, 20)",0,0.010309278350515464,90.5,55.0,source_memory,11,RECONNAISSANCE,18,"(12, 42)",False,1,False,255
0,0.0,True,0.0,0.9896211549747895,0.9959835071327897,249,0,249.0,12,2,2,"(25, 2)",0,0.010309278350515464,94.0,53.0,source_memory,12,RECONNAISSANCE,22,"(18, 17)",False,2,False,255
0,0.0,True,0.0,0.9,0.9,255,0,255.0,14,0,3,"(33, 8)",0,0.010309278350515464,71.66666666666667,26.666666666666668,source_memory,14,RECONNAISSANCE,21,"(28, 31)",False,0,False,260
0,0.0,True,0.0,0.9905187956284724,0.9963720280934137,256,0,256.0,11,0,2,"(2, 20)",0,0.010309278350515464,90.5,55.0,source_memory,11,RECONNAISSANCE,18,"(8, 41)",False,1,False,260
0,0.0,True,0.0,0.9896211549747895,0.9959835071327897,254,0,254.0,12,2,2,"(25, 2)",0,0.010309278350515464,94.0,53.0,source_memory,12,RECONNAISSANCE,22,"(23, 17)",False,2,False,260
0,0.0,True,0.0,0.9,0.9,260,0,260.0,14,0,3,"(33, 8)",0,0.010309278350515464,71.66666666666667,26.666666666666668,source_memory,14,RECONNAISSANCE,21,"(28, 26)",False,0,False,265
0,0.0,True,0.0,0.9919168913090594,0.996889502641075,261,0,261.0,11,0,2,"(2, 20)",0,0.010309278350515464,90.5,55.0,source_memory,11,RECONNAISSANCE,18,"(3, 41)",False,1,False,265
0,0.0,True,0.0,0.9896211549747895,0.9959835071327897,259,0,259.0,12,2,2,"(25, 2)",0,0.010309278350515464,94.0,53.0,source_memory,12,RECONNAISSANCE,22,"(25, 14)",False,2,False,265
0,0.0,True,0.0,0.9,0.9,265,0,265.0,14,0,3,"(33, 8)",0,0.010194624652455977,71.66666666666667,26.666666666666668,source_memory,14,RECONNAISSANCE,21,"(28, 21)",False,0,False,270
0,0.0,True,0.0,0.9924164724398249,0.9971130232860282,266,0,266.0,11,0,2,"(2, 20)",0,0.010194624652455977,90.5,55.0,source_memory,11,RECONNAISSANCE,18,"(3, 36)",False,1,False,270
0,0.0,True,0.0,0.9896211549747895,0.9959835071327897,264,0,264.0,12,2,2,"(25, 2)",0,0.010194624652455977,94.0,53.0,source_memory,12,RECONNAISSANCE,22,"(25, 9)",False,2,False,270
0,0.0,True,0.0,0.9,0.9,270,0,270.0,14,0,3,"(33, 8)",0,0.010101010101010102,71.66666666666667,26.666666666666668,source_memory,14,RECONNAISSANCE,22,"(28, 16)",False,0,False,275
0,0.0,True,0.0,0.9924164724398249,0.9971130232860282,271,0,271.0,11,0,2,"(2, 20)",0,0.010101010101010102,90.5,55.0,source_memory,11,RECONNAISSANCE,19,"(3, 31)",False,1,False,275
0,0.0,True,0.0,0.9896211549747895,0.9959835071327897,269,0,269.0,12,2,2,"(25, 2)",0,0.011937557392102846,94.0,53.0,source_memory,12,RECONNAISSANCE,23,"(25, 4)",False,2,False,275
0,0.0,True,0.0,0.9,0.9,275,0,275.0,14,0,3,"(33, 8)",0,0.009963768115942028,71.66666666666667,26.666666666666668,source_memory,14,RECONNAISSANCE,22,"(28, 11)",False,0,False,280
0,0.0,True,0.0,0.9924164724398249,0.9971130232860282,276,0,276.0,11,0,2,"(2, 20)",0,0.009963768115942028,90.5,55.0,source_memory,11,RECONNAISSANCE,19,"(3, 26)",False,1,False,280
0,0.0,True,0.0,0.9896211549747895,0.9959835071327897,273,0,273.0,13,2,3,"(33, 50)",0,0.01177536231884058,92.66666666666667,49.333333333333336,source_memory,13,RECONNAISSANCE,24,"(25, 4)",False,2,False,280
0,0.0,True,0.0,0.9,0.9,280,0,280.0,14,0,3,"(33, 8)",0,0.009963768115942028,71.66666666666667,26.666666666666668,source_memory,14,RECONNAISSANCE,22,"(30, 8)",False,0,False,285
0,0.0,True,0.0,0.9924164724398249,0.9971130232860282,281,0,281.0,11,0,2,"(2, 20)",0,0.009963768115942028,90.5,55.0,source_memory,11,RECONNAISSANCE,19,"(2, 22)",False,1,False,285
0,0.0,True,0.0,0.9911657014972067,0.9967524756772644,278,0,278.0,13,2,3,"(33, 50)",0,0.01177536231884058,92.66666666666667,49.333333333333336,source_memory,13,RECONNAISSANCE,24,"(26, 8)",False,2,False,285
0,0.0,True,0.0,0.9,0.9,284,0,284.0,15,0,3,"(3, 8)",0,0.009963768115942028,71.66666666666667,26.666666666666668,source_memory,15,RECONNAISSANCE,23,"(32, 8)",False,0,False,290
0,0.0,True,0.0,0.9924164724398249,0.9971130232860282,285,0,285.0,12,0,3,"(2, 41)",0,0.009963768115942028,96.0,50.666666666666664,source_memory,12,RECONNAISSANCE,20,"(2, 22)",False,1,False,290
0,0.0,True,0.0,0.9925230341196928,0.9973819847091745,283,0,283.0,13,2,3,"(33, 50)",0,0.01177536231884058,92.66666666666667,49.333333333333336,source_memory,13,RECONNAISSANCE,24,"(26, 13)",False,2,False,290
0,0.0,True,0.0,0.9,0.9,289,0,289.0,15,0,3,"(3, 8)",0,0.009963768115942028,71.66666666666667,26.666666666666668,source_memory,15,RECONNAISSANCE,23,"(28, 9)",False,0,False,295
0,0.0,True,0.0,0.9924164724398249,0.9971130232860282,290,0,290.0,12,0,3,"(2, 41)",0,0.009963768115942028,96.0,50.666666666666664,source_memory,12,RECONNAISSANCE,20,"(3, 26)",False,1,False,295
0,0.0,True,0.0,0.9936832310175072,0.9978094163376002,288,0,288.0,13,2,3,"(33, 50)",0,0.012681159420289856,92.66666666666667,49.333333333333336,source_memory,13,RECONNAISSANCE,24,"(26, 18)",False,2,False,295
0,0.0,True,0.0,0.9,0.9,294,0,294.0,15,0,3,"(3, 8)",0,0.05877034358047016,71.66666666666667,26.666666666666668,source_memory,15,ATTACK,24,"(23, 9)",False,0,False,300
0,0.0,True,0.0,0.9924164724398249,0.9971130232860282,295,0,295.0,12,0,3,"(2, 41)",0,0.05515370705244123,96.0,50.666666666666664,source_memory,12,ATTACK,21,"(3, 31)",False,1,False,300
0,0.0,True,0.0,0.994483216810223,0.9980902407885721,293,0,293.0,14,2,3,"(33, 50)",0,0.048824593128390596,92.66666666666667,49.333333333333336,source_memory,14,ATTACK,25,"(28, 21)",False,2,False,300
0,0.0,True,0.0,0.9,0.9,299,0,299.0,15,0,3,"(3, 8)",0,0.05855855855855856,71.66666666666667,26.666666666666668,source_memory,15,ATTACK,24,"(18, 9)",False,0,False,305
0,0.0,True,0.0,0.9924164724398249,0.9971130232860282,300,0,300.0,12,0,3,"(2, 41)",0,0.05225225225225225,96.0,50.666666666666664,source_memory,12,ATTACK,21,"(3, 36)",False,1,False,305
0,0.0,True,0.0,0.994483216810223,0.9980902407885721,298,0,298.0,14,2,3,"(33, 50)",0,0.04684684684684685,92.66666666666667,49.333333333333336,source_memory,14,ATTACK,25,"(29, 25)",False,2,False,305
0,0.0,True,0.0,0.9,0.9,304,0,304.0,15,0,3,"(3, 8)",0,0.05850585058505851,71.66666666666667,26.666666666666668,source_memory,15,ATTACK,24,"(14, 8)",False,0,False,310
0,0.0,True,0.0,0.9924164724398249,0.9971130232860282,305,0,305.0,12,0,3,"(2, 41)",0,0.05310531053105311,96.0,50.666666666666664,source_memory,12,ATTACK,21,"(3, 41)",False,1,False,310
0,0.0,True,0.0,0.994483216810223,0.9980902407885721,303,0,303.0,14,2,3,"(33, 50)",0,0.046804680468046804,92.66666666666667,49.333333333333336,source_memory,14,ATTACK,25,"(29, 30)",False,2,False,310
0,0.0,True,0.0,0.9,0.9,309,0,309.0,15,0,3,"(3, 8)",0,0.05850585058505851,71.66666666666667,26.666666666666668,source_memory,15,ATTACK,24,"(9, 8)",False,0,False,315
0,0.0,True,0.0,0.9924164724398249,0.9971130232860282,309,0,309.0,13,0,3,"(15, 2)",0,0.05310531053105311,96.0,50.666666666666664,source_memory,13,ATTACK,22,"(4, 40)",False,1,False,315
0,0.0,True,0.0,0.994483216810223,0.9980902407885721,308,0,308.0,14,2,3,"(33, 50)",0,0.046804680468046804,92.66666666666667,49.333333333333336,source_memory,14,ATTACK,25,"(29, 35)",False,2,False,315
0,0.0,True,0.0,0.9,0.9,314,0,314.0,15,0,3,"(3, 8)",0,0.05750224618149147,71.66666666666667,26.666666666666668,source_memory,15,ATTACK,24,"(4, 8)",False,0,False,320
0,0.0,True,0.0,0.9924164724398249,0.9971130232860282,314,0,314.0,13,0,3,"(15, 2)",0,0.05211141060197664,96.0,50.666666666666664,source_memory,13,ATTACK,22,"(5, 36)",False,1,False,320
0,0.0,True,0.0,0.994483216810223,0.9980902407885721,313,0,313.0,14,2,3,"(33, 50)",0,0.04582210242587601,92.66666666666667,49.333333333333336,source_memory,14,ATTACK,25,"(29, 40)",False,2,False,320
0,0.0,True,0.0,0.9,0.9,318,0,318.0,16,0,4,"(2, 20)",0,0.054367201426024955,80.5,28.25,source_memory,16,ATTACK,26,"(6, 8)",False,0,False,325
0,0.0,True,0.0,0.9924164724398249,0.9971130232860282,319,0,319.0,13,0,3,"(15, 2)",0,0.049019607843137254,96.0,50.666666666666664,source_memory,13,ATTACK,23,"(5, 31)",False,1,False,325
0,0.0,True,0.0,0.994483216810223,0.9980902407885721,318,0,318.0,15,2,3,"(33, 50)",0,0.0427807486631016,92.66666666666667,49.333333333333336,source_memory,15,ATTACK,26,"(31, 43)",False,2,False,325
0,0.0,True,0.0,0.9,0.9,323,0,323.0,16,0,4,"(2, 20)",0,0.053144375553587246,80.5,28.25,source_memory,16,ATTACK,26,"(11, 8)",False,0,False,330
0,0.0,True,0.0,0.9924164724398249,0.9971130232860282,324,0,324.0,13,0,3,"(15, 2)",0,0.047829937998228524,96.0,50.666666666666664,source_memory,13,ATTACK,23,"(5, 26)",False,1,False,330
0,0.0,True,0.0,0.994483216810223,0.9980902407885721,323,0,323.0,15,2,3,"(33, 50)",0,0.04162976085031001,92.66666666666667,49.333333333333336,source_memory,15,ATTACK,26,"(33, 46)",False,2,False,330
0,0.0,True,0.0,0.9,0.9,328,0,328.0,16,0,4,"(2, 20)",0,0.05225863596102746,80.5,28.25,source_memory,16,ATTACK,26,"(14, 10)",False,0,False,335
0,0.0,True,0.0,0.9924164724398249,0.9971130232860282,329,0,329.0,13,0,3,"(15, 2)",0,0.047829937998228524,96.0,50.666666666666664,source_memory,13,ATTACK,23,"(7, 23)",False,1,False,335
0,0.0,True,0.0,0.994483216810223,0.9980902407885721,327,0,327.0,16,2,3,"(33, 8)",0,0.04162976085031001,92.66666666666667,49.333333333333336,source_memory,16,ATTACK,27,"(33, 50)",False,2,False,335
0,0.0,True,0.0,0.9,0.9,333,0,333.0,16,0,4,"(2, 20)",0,0.048,80.5,28.25,source_memory,16,ATTACK,26,"(14, 15)",False,0,False,340
5,0.0,True,0.0,0.9924164724398249,0.9971130232860282,334,0,334.0,13,0,3,"(15, 2)",0,0.050666666666666665,96.0,50.666666666666664,source_memory,13,ATTACK,23,"(9, 20)",False,1,False,340
5,0.0,True,0.0,0.994483216810223,0.9980902407885721,332,0,332.0,16,2,3,"(33, 8)",0,0.04162976085031001,92.66666666666667,49.333333333333336,source_memory,16,ATTACK,27,"(32, 46)",False,2,False,340
0,0.0,True,0.0,0.9,0.9,338,0,338.0,16,0,4,"(2, 20)",0,0.04622222222222222,80.5,28.25,source_memory,16,ATTACK,26,"(14, 20)",False,0,False,345
5,0.0,True,0.0,0.9933348331287492,0.9975356155128409,338,0,338.0,13,1,3,"(15, 2)",0,0.04888888888888889,96.0,50.666666666666664,source_memory,13,ATTACK,23,"(13, 20)",False,1,False,345
5,0.0,True,0.0,0.994483216810223,0.9980902407885721,337,0,337.0,16,2,3,"(33, 8)",0,0.03985828166519043,92.66666666666667,49.333333333333336,source_memory,16,ATTACK,27,"(30, 43)",False,2,False,345
0,0.0,True,0.0,0.9,0.9,342,0,342.0,16,1,4,"(2, 20)",0,0.04533333333333334,80.5,28.25,source_memory,16,ATTACK,27,"(10, 20)",False,0,False,350
5,0.0,True,0.0,0.9943583805267543,0.9980411010867328,343,0,343.0,16,1,3,"(15, 2)",0,0.04888888888888889,96.0,50.666666666666664,source_memory,16,ATTACK,26,"(14, 20)",False,1,False,350
5,0.0,True,0.0,0.994483216810223,0.9980902407885721,342,0,342.0,16,2,3,"(33, 8)",0,0.03985828166519043,92.66666666666667,49.333333333333336,source_memory,16,ATTACK,28,"(29, 39)",False,2,False,350
0,0.0,True,0.0,0.9,0.9,347,0,347.0,16,1,4,"(2, 20)",0,0.04533333333333334,80.5,28.25,source_memory,16,ATTACK,27,"(5, 20)",False,0,False,355
5,0.0,True,0.0,0.9952458750722979,0.9984088346391865,348,0,348.0,16,1,3,"(15, 2)",0,0.04888888888888889,96.0,50.666666666666664,source_memory,16,ATTACK,26,"(15, 16)",False,1,False,355
5,0.0,True,0.0,0.994483216810223,0.9980902407885721,347,0,347.0,16,2,3,"(33, 8)",0,0.04074402125775022,92.66666666666667,49.333333333333336,source_memory,16,ATTACK,28,"(28, 35)",False,2,False,355
0,0.0,True,0.0,0.9,0.9,351,0,351.0,17,1,4,"(24, 45)",0,0.0427426536064114,80.5,28.25,source_memory,17,ATTACK,28,"(2, 21)",False,0,False,360
5,0.0,True,0.0,0.9959972007956548,0.9986563060412709,353,0,353.0,16,1,3,"(15, 2)",0,0.048975957257346395,96.0,50.666666666666664,source_memory,16,ATTACK,26,"(15, 11)",False,1,False,360
5,0.0,True,0.0,0.994483216810223,0.9980902407885721,352,0,352.0,16,2,3,"(33, 8)",0,0.040780141843971635,92.66666666666667,49.333333333333336,source_memory,16,ATTACK,28,"(28, 30)",False,2,False,360
0,0.0,True,0.0,0.9,0.9,356,0,356.0,17,1,4,"(24, 45)",0,0.0427426536064114,80.5,28.25,source_memory,17,ATTACK,28,"(7, 21)",False,0,False,365
5,0.0,True,0.0,0.9966262689816003,0.9988474573017947,358,0,358.0,16,1,3,"(15, 2)",0,0.048975957257346395,96.0,50.666666666666664,source_memory,16,ATTACK,26,"(15, 6)",False,1,False,365
4,0.0,True,0.0,0.7588937627606284,0.7588937627606284,357,0,357.0,16,2,3,"(33, 8)",0,0.040780141843971635,92.66666666666667,49.333333333333336,source_memory,16,ATTACK,28,"(28, 25)",False,2,False,365
0,0.0,True,0.0,0.9,0.9,361,0,361.0,17,1,4,"(24, 45)",0,0.0427426536064114,80.5,28.25,source_memory,17,ATTACK,28,"(12, 21)",False,0,False,370
5,0.0,True,0.0,0.9967397710105464,0.9988963095605231,362,0,362.0,17,1,4,"(33, 50)",0,0.041852181656277826,92.5,52.5,source_memory,17,ATTACK,27,"(15, 2)",False,1,False,370
2,0.0,False,0.0,0.36999727113630587,0.36999727113630587,362,0,362.0,17,2,3,"(33, 8)",0,0.03546099290780142,92.66666666666667,49.333333333333336,source_memory,17,ATTACK,29,"(28, 20)",False,2,False,370
0,0.0,True,0.0,0.9,0.9,366,0,366.0,17,1,4,"(24, 45)",0,0.03561887800534283,80.5,28.25,source_memory,17,ATTACK,29,"(17, 21)",False,0,False,375
20,0.0,True,0.0,0.9967397710105464,0.9988963095605231,367,0,367.0,18,1,4,"(33, 50)",0,0.04986642920747997,92.5,52.5,source_memory,18,ATTACK,28,"(15, 7)",False,1,False,375
15,0.0,False,0.0,0.1811991332282145,0.1811991332282145,367,0,367.0,19,2,3,"(33, 8)",0,0.030141843971631204,92.66666666666667,49.333333333333336,source_memory,19,ATTACK,32,"(30, 17)",False,2,False,375
0,0.0,True,0.0,0.9,0.9,371,0,371.0,17,1,4,"(24, 45)",0,0.031055900621118012,80.5,28.25,source_memory,17,ATTACK,29,"(19, 24)",False,0,False,380
20,0.0,True,0.0,0.9967397710105464,0.9988963095605231,372,0,372.0,18,1,4,"(33, 50)",0,0.04702750665483585,92.5,52.5,source_memory,18,ATTACK,28,"(16, 11)",False,1,False,380
6,0.0,False,0.0,0.07732981060535411,0.07732981060535411,372,0,372.0,22,2,3,"(33, 8)",0,0.028268551236749116,92.66666666666667,49.333333333333336,source_memory,22,ATTACK,35,"(32, 14)",False,2,False,380
0,0.0,True,0.0,0.9,0.9,376,0,376.0,17,1,4,"(24, 45)",0,0.02925531914893617,80.5,28.25,source_memory,17,ATTACK,29,"(23, 25)",False,0,False,385
20,0.0,True,0.0,0.9971563060705968,0.9990346830502815,377,0,377.0,18,1,4,"(33, 50)",0,0.03900709219858156,92.5,52.5,source_memory,18,ATTACK,28,"(16, 16)",False,1,False,385
0,0.0,False,0.0,0.06348514273595017,0.12416137163962282,377,0,377.0,22,2,3,"(33, 8)",0,0.02824360105913504,92.66666666666667,49.333333333333336,source_memory,22,ATTACK,36,"(32, 9)",False,2,False,385
0,0.0,True,0.0,0.9,0.9,381,0,381.0,17,1,4,"(24, 45)",0,0.026595744680851064,80.5,28.25,source_memory,17,ATTACK,29,"(23, 30)",False,0,False,390
19,0.0,True,0.0,0.9976035461997437,0.9991905980704266,382,0,382.0,18,1,4,"(33, 50)",0,0.040780141843971635,92.5,52.5,source_memory,18,ATTACK,28,"(16, 21)",False,1,False,390
0,0.0,False,0.0,0.07223282139569952,0.16320408170076162,381,0,381.0,23,2,4,"(33, 30)",0,0.02824360105913504,97.0,50.25,source_memory,23,ATTACK,37,"(33, 10)",False,2,False,390
0,0.0,True,0.0,0.9,0.9,386,0,386.0,17,1,4,"(24, 45)",0,0.024822695035460994,80.5,28.25,source_memory,17,ATTACK,29,"(23, 35)",False,0,False,395
19,0.0,True,0.0,0.9979807532867995,0.9993188350403798,387,0,387.0,18,1,4,"(33, 50)",0,0.03546099290780142,92.5,52.5,source_memory,18,ATTACK,28,"(17, 25)",False,1,False,395
0,0.0,False,0.0,0.07223282139569952,0.16320408170076162,386,0,386.0,23,2,4,"(33, 30)",0,0.02559576345984113,97.0,50.25,source_memory,23,ATTACK,37,"(33, 15)",False,2,False,395
0,0.0,True,0.0,0.9,0.9,391,0,391.0,17,1,4,"(24, 45)",0,0.02158273381294964,80.5,28.25,source_memory,17,ATTACK,30,"(23, 40)",False,0,False,400
19,0.0,True,0.0,0.99830008285297,0.999435075486122,392,0,392.0,18,1,4,"(33, 50)",0,0.0341726618705036,92.5,52.5,source_memory,18,ATTACK,29,"(22, 25)",False,1,False,400
0,0.0,False,0.0,0.07223282139569952,0.16320408170076162,391,0,391.0,23,2,4,"(33, 30)",0,0.020554066130473638,97.0,50.25,source_memory,23,ATTACK,38,"(30, 17)",False,2,False,400
0,0.0,True,0.0,0.9,0.9,396,0,396.0,17,1,4,"(24, 45)",0,0.018884892086330936,80.5,28.25,source_memory,17,ATTACK,30,"(25, 43)",False,0,False,405
19,0.0,True,0.0,0.9985694404533572,0.9995223084375381,397,0,397.0,18,1,4,"(33, 50)",0,0.02877697841726619,92.5,52.5,source_memory,18,ATTACK,29,"(25, 27)",False,1,False,405
0,0.0,False,0.0,0.07826080323358736,0.19279245815345644,396,0,396.0,23,2,4,"(33, 30)",0,0.020554066130473638,97.0,50.25,source_memory,23,ATTACK,38,"(29, 21)",False,2,False,405
0,0.0,True,0.0,0.9,0.9,400,0,400.0,18,1,5,"(21, 17)",0,0.013489208633093525,81.8,32.6,source_memory,18,ATTACK,31,"(25, 45)",False,0,False,410
19,0.0,True,0.0,0.9987954184997881,0.999594588699217,402,0,402.0,18,1,4,"(33, 50)",0,0.024280575539568347,92.5,52.5,source_memory,18,ATTACK,29,"(25, 32)",False,1,False,410
0,0.0,False,0.0,0.12182507443858184,0.31455068115068496,401,0,401.0,23,2,4,"(33, 30)",0,0.01966041108132261,97.0,50.25,source_memory,23,ATTACK,38,"(29, 26)",False,2,False,410
0,0.0,True,0.0,0.9,0.9,405,0,405.0,18,1,5,"(21, 17)",0,0.012589928057553957,81.8,32.6,source_memory,18,ATTACK,31,"(25, 40)",False,0,False,415
21,0.0,True,0.0,0.7359791958179732,0.7359791958179732,407,0,407.0,20,1,4,"(33, 50)",0,0.01618705035971223,92.5,52.5,source_memory,20,ATTACK,32,"(25, 37)",False,1,False,415
9,0.0,False,0.0,0.1794890344814397,0.4125552027577346,406,0,406.0,23,2,4,"(33, 30)",0,0.01966041108132261,97.0,50.25,source_memory,23,ATTACK,38,"(30, 30)",False,2,False,415
0,0.0,True,0.0,0.9,0.9,410,0,410.0,18,1,5,"(21, 17)",0,0.010101010101010102,81.8,32.6,source_memory,18,ATTACK,31,"(24, 36)",False,0,False,420
19,0.0,True,0.0,0.7391488202045003,0.7727920925337504,412,0,412.0,20,1,4,"(33, 50)",0,0.015610651974288337,92.5,52.5,source_memory,20,ATTACK,32,"(25, 42)",False,1,False,420
3,0.0,False,0.0,0.1794890344814397,0.4125552027577346,410,0,410.0,24,2,4,"(2, 41)",0,0.018365472910927456,97.0,50.25,source_memory,24,ATTACK,39,"(32, 30)",False,2,False,420
0,0.0,True,0.0,0.9,0.9,415,0,415.0,18,1,5,"(21, 17)",0,0.010101010101010102,81.8,32.6,source_memory,18,ATTACK,32,"(24, 31)",False,0,False,425
19,0.0,True,0.0,0.7532952875524687,0.815958751458386,417,0,417.0,20,1,4,"(33, 50)",0,0.017447199265381085,92.5,52.5,source_memory,20,ATTACK,33,"(26, 46)",False,1,False,425
3,0.0,False,0.0,0.2191092570755718,0.47943485766333693,415,0,415.0,25,2,4,"(2, 41)",0,0.011937557392102846,97.0,50.25,source_memory,25,ATTACK,40,"(28, 31)",False,2,False,425
0,0.0,True,0.0,0.9,0.9,420,0,420.0,18,1,5,"(21, 17)",0,0.008264462809917356,81.8,32.6,source_memory,18,ATTACK,32,"(23, 27)",False,0,False,430
19,0.0,True,0.0,0.7605161142721175,0.8315198015755197,422,0,422.0,20,1,4,"(33, 50)",0,0.015610651974288337,92.5,52.5,source_memory,20,ATTACK,33,"(28, 49)",False,1,False,430
3,0.0,True,0.0,0.29330389292674075,0.5845159265809785,420,0,420.0,25,2,4,"(2, 41)",0,0.010101010101010102,97.0,50.25,source_memory,25,ATTACK,40,"(26, 34)",False,2,False,430
0,0.0,True,0.0,0.9,0.9,425,0,425.0,18,1,5,"(21, 17)",0,0.008264462809917356,81.8,32.6,source_memory,18,ATTACK,32,"(19, 26)",False,0,False,435
19,0.0,True,0.0,0.7605161142721175,0.8315198015755197,427,0,427.0,20,1,4,"(33, 50)",0,0.015610651974288337,92.5,52.5,source_memory,20,ATTACK,33,"(32, 50)",False,1,False,435
0,0.0,True,0.0,0.3631266553428647,0.6140197139077428,425,0,425.0,25,2,4,"(2, 41)",0,0.011019283746556474,97.0,50.25,source_memory,25,ATTACK,40,"(26, 39)",False,2,False,435
0,0.0,True,0.0,0.9,0.9,430,0,430.0,18,1,5,"(21, 17)",0,0.008294930875576038,81.8,32.6,source_memory,18,ATTACK,32,"(19, 21)",False,0,False,440
19,0.0,True,0.0,0.7605161142721175,0.8315198015755197,431,0,431.0,21,1,4,"(33, 30)",0,0.01566820276497696,92.5,52.5,source_memory,21,ATTACK,34,"(33, 47)",False,1,False,440
0,0.0,True,0.0,0.42796009830837667,0.6698638928446417,430,0,430.0,25,2,4,"(2, 41)",0,0.010138248847926268,97.0,50.25,source_memory,25,ATTACK,40,"(22, 40)",False,2,False,440
0,0.0,True,0.0,0.9,0.9,435,0,435.0,18,1,5,"(21, 17)",0,0.00827966881324747,81.8,32.6,source_memory,18,ATTACK,32,"(20, 17)",False,0,False,445
19,0.0,True,0.0,0.7605161142721175,0.8315198015755197,436,0,436.0,21,1,4,"(33, 30)",0,0.015639374425023,92.5,52.5,source_memory,21,ATTACK,34,"(31, 44)",False,1,False,445
0,0.0,True,0.0,0.48921841030424873,0.7135993562596177,435,0,435.0,25,2,4,"(2, 41)",0,0.010119595216191352,97.0,50.25,source_memory,25,ATTACK,40,"(17, 40)",False,2,False,445
0,0.0,True,0.0,0.9,0.9,439,0,439.0,19,1,5,"(15, 2)",0,0.04204753199268738,81.8,32.6,source_memory,19,ATTACK,34,"(18, 17)",False,0,False,450
25,0.0,True,0.0,0.7605161142721175,0.8315198015755197,441,0,441.0,21,1,4,"(33, 30)",0,0.04657534246575343,92.5,52.5,source_memory,21,ATTACK,35,"(29, 41)",False,1,False,450
6,0.0,True,0.0,0.48921841030424873,0.7135993562596177,440,0,440.0,25,2,4,"(2, 41)",0,0.04018264840182648,97.0,50.25,source_memory,25,ATTACK,41,"(12, 40)",False,2,False,450
0,0.0,True,0.0,0.9,0.9,444,0,444.0,19,1,5,"(15, 2)",0,0.0410958904109589,81.8,32.6,source_memory,19,ATTACK,34,"(16, 14)",False,0,False,455
25,0.0,True,0.0,0.7605161142721175,0.8315198015755197,446,0,446.0,21,1,4,"(33, 30)",0,0.04562043795620438,92.5,52.5,source_memory,21,ATTACK,35,"(29, 36)",False,1,False,455
6,0.0,True,0.0,0.48921841030424873,0.7135993562596177,445,0,445.0,25,2,4,"(2, 41)",0,0.03923357664233577,97.0,50.25,source_memory,25,ATTACK,41,"(8, 41)",False,2,False,455
0,0.0,True,0.0,0.9,0.9,449,0,449.0,19,1,5,"(15, 2)",0,0.039269406392694065,81.8,32.6,source_memory,19,ATTACK,34,"(15, 10)",False,0,False,460
25,0.0,True,0.0,0.7605161142721175,0.8315198015755197,451,0,451.0,21,1,4,"(33, 30)",0,0.043795620437956206,92.5,52.5,source_memory,21,ATTACK,35,"(29, 31)",False,1,False,460
6,0.0,True,0.0,0.48921841030424873,0.7135993562596177,450,0,450.0,25,2,4,"(2, 41)",0,0.037408759124087594,97.0,50.25,source_memory,25,ATTACK,41,"(3, 41)",False,2,False,460
0,0.0,True,0.0,0.9,0.9,454,0,454.0,19,1,5,"(15, 2)",0,0.039269406392694065,81.8,32.6,source_memory,19,ATTACK,34,"(15, 5)",False,0,False,465
25,0.0,True,0.0,0.7605161142721175,0.8315198015755197,456,0,456.0,21,1,4,"(33, 30)",0,0.04288321167883212,92.5,52.5,source_memory,21,ATTACK,35,"(33, 30)",False,1,False,465
6,0.0,True,0.0,0.48921841030424873,0.7135993562596177,454,0,454.0,26,2,5,"(21, 17)",0,0.037408759124087594,92.4,48.8,source_memory,26,ATTACK,42,"(5, 41)",False,2,False,465
0,0.0,True,0.0,0.9,0.9,458,0,458.0,20,1,6,"(33, 30)",0,0.038356164383561646,78.16666666666667,30.833333333333332,source_memory,20,ATTACK,35,"(15, 3)",False,0,False,470
25,0.0,True,0.0,0.7605161142721175,0.8315198015755197,460,0,460.0,22,1,5,"(2, 50)",0,0.04288321167883212,93.2,47.8,source_memory,22,ATTACK,36,"(29, 30)",False,1,False,470
6,0.0,True,0.0,0.48921841030424873,0.7135993562596177,459,0,459.0,26,2,5,"(21, 17)",0,0.037408759124087594,92.4,48.8,source_memory,26,ATTACK,42,"(10, 41)",False,2,False,470
0,0.0,True,0.0,0.9,0.9,463,0,463.0,20,1,6,"(33, 30)",0,0.03832116788321168,78.16666666666667,30.833333333333332,source_memory,20,ATTACK,36,"(16, 7)",False,0,False,475
25,0.0,True,0.0,0.7605161142721175,0.8315198015755197,465,0,465.0,23,1,5,"(2, 50)",0,0.04284412032816773,93.2,47.8,source_memory,23,ATTACK,37,"(27, 33)",False,1,False,475
6,0.0,True,0.0,0.48921841030424873,0.7135993562596177,464,0,464.0,27,2,5,"(21, 17)",0,0.037374658158614404,92.4,48.8,source_memory,27,ATTACK,43,"(12, 38)",False,2,False,475
0,0.0,True,0.0,0.9,0.9,468,0,468.0,20,1,6,"(33, 30)",0,0.03753351206434316,78.16666666666667,30.833333333333332,source_memory,20,ATTACK,36,"(17, 11)",False,0,False,480
25,0.0,True,0.0,0.7605161142721175,0.8315198015755197,470,0,470.0,23,1,5,"(2, 50)",0,0.04107142857142857,93.2,47.8,source_memory,23,ATTACK,37,"(25, 36)",False,1,False,480
6,0.0,True,0.0,0.48921841030424873,0.7135993562596177,469,0,469.0,27,2,5,"(21, 17)",0,0.03660714285714286,92.4,48.8,source_memory,27,ATTACK,43,"(15, 36)",False,2,False,480
0,0.0,True,0.0,0.9,0.9,473,0,473.0,20,1,6,"(33, 30)",0,0.0374331550802139,78.16666666666667,30.833333333333332,source_memory,20,ATTACK,36,"(17, 16)",False,0,False,485
40,0.0,True,0.0,0.7605161142721175,0.8315198015755197,475,0,475.0,23,1,5,"(2, 50)",0,0.053428317008014245,93.2,47.8,source_memory,23,ATTACK,37,"(23, 39)",False,1,False,485
21,0.0,True,0.0,0.48921841030424873,0.7135993562596177,474,0,474.0,27,2,5,"(21, 17)",0,0.0365093499554764,92.4,48.8,source_memory,27,ATTACK,43,"(19, 35)",False,2,False,485
0,0.0,True,0.0,0.9,0.9,478,0,478.0,20,1,6,"(33, 30)",0,0.03469750889679715,78.16666666666667,30.833333333333332,source_memory,20,ATTACK,36,"(17, 21)",False,0,False,490
25,0.0,True,0.0,0.7605161142721175,0.8315198015755197,480,0,480.0,23,1,5,"(2, 50)",0,0.037366548042704624,93.2,47.8,source_memory,23,ATTACK,37,"(19, 40)",False,1,False,490
6,0.0,True,0.0,0.48921841030424873,0.7135993562596177,479,0,479.0,27,2,5,"(21, 17)",0,0.033807829181494664,92.4,48.8,source_memory,27,ATTACK,43,"(19, 30)",False,2,False,490
0,0.0,True,0.0,0.9,0.9,483,0,483.0,20,1,6,"(33, 30)",0,0.03197158081705151,78.16666666666667,30.833333333333332,source_memory,20,ATTACK,36,"(19, 24)",False,0,False,495
24,0.0,True,0.0,0.7605161142721175,0.8315198015755197,485,0,485.0,23,1,5,"(2, 50)",0,0.03374777975133215,93.2,47.8,source_memory,23,ATTACK,37,"(14, 40)",False,1,False,495
5,0.0,True,0.0,0.5359513715428038,0.7583295695552734,484,0,484.0,27,2,5,"(21, 17)",0,0.03374777975133215,92.4,48.8,source_memory,27,ATTACK,43,"(19, 25)",False,2,False,495
0,0.0,True,0.0,0.9,0.9,488,0,488.0,21,1,6,"(33, 30)",0,0.02930728241563055,78.16666666666667,30.833333333333332,source_memory,21,ATTACK,37,"(22, 26)",False,0,False,500
19,0.0,True,0.0,0.7605161142721175,0.8315198015755197,490,0,490.0,24,1,5,"(2, 50)",0,0.03285968028419183,93.2,47.8,source_memory,24,ATTACK,38,"(10, 41)",False,1,False,500
0,0.0,True,0.0,0.5937782292172322,0.8092549792637975,489,0,489.0,27,2,5,"(21, 17)",0,0.03197158081705151,92.4,48.8,source_memory,27,ATTACK,44,"(19, 20)",False,2,False,500
0,0.0,True,0.0,0.9,0.9,493,0,493.0,21,1,6,"(33, 30)",0,0.02930728241563055,78.16666666666667,30.833333333333332,source_memory,21,ATTACK,37,"(25, 28)",False,0,False,505
19,0.0,True,0.0,0.7605161142721175,0.8315198015755197,495,0,495.0,24,1,5,"(2, 50)",0,0.03374777975133215,93.2,47.8,source_memory,24,ATTACK,38,"(7, 43)",False,1,False,505
0,0.0,True,0.0,0.6369766433976191,0.8351791862426018,494,0,494.0,27,2,5,"(21, 17)",0,0.03197158081705151,92.4,48.8,source_memory,27,ATTACK,44,"(21, 17)",False,2,False,505
0,0.0,True,0.0,0.9,0.9,498,0,498.0,21,1,6,"(33, 30)",0,0.028419182948490232,78.16666666666667,30.833333333333332,source_memory,21,ATTACK,37,"(28, 30)",False,0,False,510
19,0.0,True,0.0,0.7605161142721175,0.8315198015755197,500,0,500.0,24,1,5,"(2, 50)",0,0.03285968028419183,93.2,47.8,source_memory,24,ATTACK,38,"(4, 45)",False,1,False,510
0,0.0,True,0.0,0.6471639127214005,0.840722029873247,498,0,498.0,28,2,5,"(2, 50)",0,0.02930728241563055,92.4,48.8,source_memory,28,ATTACK,45,"(18, 18)",False,2,False,510
0,0.0,True,0.0,0.9,0.9,503,0,503.0,21,1,6,"(33, 30)",0,0.02664298401420959,78.16666666666667,30.833333333333332,source_memory,21,ATTACK,37,"(33, 30)",False,0,False,515
19,0.0,True,0.0,0.7605161142721175,0.8315198015755197,505,0,505.0,24,1,5,"(2, 50)",0,0.03108348134991119,93.2,47.8,source_memory,24,ATTACK,38,"(3, 49)",False,1,False,515
0,0.0,True,0.0,0.6941675634347175,0.8639628680289294,503,0,503.0,28,2,5,"(2, 50)",0,0.028419182948490232,92.4,48.8,source_memory,28,ATTACK,45,"(18, 23)",False,2,False,515
0,0.0,True,0.0,0.9,0.9,507,0,507.0,22,1,6,"(25, 2)",0,0.025777777777777778,78.16666666666667,30.833333333333332,source_memory,22,ATTACK,38,"(29, 30)",False,0,False,520
24,0.0,True,0.0,0.7605161142721175,0.8315198015755197,509,0,509.0,25,1,5,"(24, 45)",0,0.030222222222222223,93.2,47.8,source_memory,25,ATTACK,39,"(3, 49)",False,1,False,520
5,0.0,True,0.0,0.7355106496820896,0.8844869708271953,508,0,508.0,28,2,5,"(2, 50)",0,0.029333333333333333,92.4,48.8,source_memory,28,ATTACK,45,"(18, 28)",False,2,False,520
0,0.0,True,0.0,0.9,0.9,512,0,512.0,22,1,6,"(25, 2)",0,0.025777777777777778,78.16666666666667,30.833333333333332,source_memory,22,ATTACK,39,"(28, 26)",False,0,False,525
24,0.0,True,0.0,0.7605161142721175,0.8315198015755197,514,0,514.0,26,1,5,"(24, 45)",0,0.03111111111111111,93.2,47.8,source_memory,26,ATTACK,40,"(4, 45)",False,1,False,525
5,0.0,True,0.0,0.7714887389974641,0.9002912521148475,513,0,513.0,28,2,5,"(2, 50)",0,0.02666666666666667,92.4,48.8,source_memory,28,ATTACK,46,"(18, 33)",False,2,False,525
0,0.0,True,0.0,0.9,0.9,517,0,517.0,22,1,6,"(25, 2)",0,0.020444444444444446,78.16666666666667,30.833333333333332,source_memory,22,ATTACK,39,"(25, 24)",False,0,False,530
21,0.0,True,0.0,0.7605161142721175,0.8315198015755197,519,0,519.0,26,1,5,"(24, 45)",0,0.02666666666666667,93.2,47.8,source_memory,26,ATTACK,40,"(5, 41)",False,1,False,530
5,0.0,True,0.0,0.7780637110821719,0.9029881806916206,518,0,518.0,28,2,5,"(2, 50)",0,0.025777777777777778,92.4,48.8,source_memory,28,ATTACK,46,"(15, 35)",False,2,False,530
0,0.0,True,0.0,0.9,0.9,522,0,522.0,22,1,6,"(25, 2)",0,0.01773049645390071,78.16666666666667,30.833333333333332,source_memory,22,ATTACK,39,"(25, 19)",False,0,False,535
20,0.0,True,0.0,0.7605161142721175,0.8315198015755197,524,0,524.0,26,1,5,"(24, 45)",0,0.024822695035460994,93.2,47.8,source_memory,26,ATTACK,40,"(10, 41)",False,1,False,535
5,0.0,True,0.0,0.7780637110821719,0.9029881806916206,523,0,523.0,28,2,5,"(2, 50)",0,0.023936170212765957,92.4,48.8,source_memory,28,ATTACK,46,"(11, 36)",False,2,False,535
0,0.0,True,0.0,0.9,0.9,527,0,527.0,22,1,6,"(25, 2)",0,0.014184397163120567,78.16666666666667,30.833333333333332,source_memory,22,ATTACK,39,"(25, 14)",False,0,False,540
18,0.0,True,0.0,0.6434333932219132,0.6434333932219132,529,0,529.0,26,1,5,"(24, 45)",0,0.016843971631205674,93.2,47.8,source_memory,26,ATTACK,40,"(14, 40)",False,1,False,540
5,0.0,True,0.0,0.7780637110821719,0.9029881806916206,528,0,528.0,28,2,5,"(2, 50)",0,0.01950354609929078,92.4,48.8,source_memory,28,ATTACK,46,"(10, 40)",False,2,False,540
0,0.0,True,0.0,0.9,0.9,532,0,532.0,22,1,6,"(25, 2)",0,0.012411347517730497,78.16666666666667,30.833333333333332,source_memory,22,ATTACK,39,"(25, 9)",False,0,False,545
18,0.0,True,0.0,0.6434333932219132,0.6434333932219132,534,0,534.0,26,1,5,"(24, 45)",0,0.014184397163120567,93.2,47.8,source_memory,26,ATTACK,40,"(19, 40)",False,1,False,545
5,0.0,True,0.0,0.7780637110821719,0.9029881806916206,533,0,533.0,28,2,5,"(2, 50)",0,0.016843971631205674,92.4,48.8,source_memory,28,ATTACK,46,"(6, 41)",False,2,False,545
0,0.0,True,0.0,0.9,0.9,537,0,537.0,22,1,6,"(25, 2)",0,0.012411347517730497,78.16666666666667,30.833333333333332,source_memory,22,ATTACK,40,"(25, 4)",False,0,False,550
18,0.0,True,0.0,0.6434333932219132,0.6434333932219132,539,0,539.0,26,1,5,"(24, 45)",0,0.014184397163120567,93.2,47.8,source_memory,26,ATTACK,41,"(24, 40)",False,1,False,550
5,0.0,True,0.0,0.7780637110821719,0.9029881806916206,538,0,538.0,28,2,5,"(2, 50)",0,0.01773049645390071,92.4,48.8,source_memory,28,ATTACK,47,"(4, 44)",False,2,False,550
0,0.0,True,0.0,0.9,0.9,541,0,541.0,23,1,7,"(33, 50)",0,0.012411347517730497,79.0,31.714285714285715,source_memory,23,ATTACK,41,"(25, 4)",False,0,False,555
18,0.0,True,0.0,0.6434333932219132,0.6434333932219132,544,0,544.0,26,1,5,"(24, 45)",0,0.014184397163120567,93.2,47.8,source_memory,26,ATTACK,41,"(25, 44)",False,1,False,555
5,0.0,True,0.0,0.7780637110821719,0.9029881806916206,543,0,543.0,28,2,5,"(2, 50)",0,0.01773049645390071,92.4,48.8,source_memory,28,ATTACK,47,"(3, 48)",False,2,False,555
0,0.0,True,0.0,0.9,0.9,546,0,546.0,23,1,7,"(33, 50)",0,0.012014787430683918,79.0,31.714285714285715,source_memory,23,ATTACK,41,"(25, 9)",False,0,False,560
33,0.0,True,0.0,0.6434333932219132,0.6434333932219132,548,0,548.0,27,1,6,"(33, 8)",0,0.028624192059095107,93.0,46.5,source_memory,27,ATTACK,42,"(25, 44)",False,1,False,560
20,0.0,True,0.0,0.7780637110821719,0.9029881806916206,547,0,547.0,29,2,6,"(33, 50)",0,0.032317636195752536,93.16666666666667,49.5,source_memory,29,ATTACK,48,"(3, 50)",False,2,False,560
0,0.0,True,0.0,0.9,0.9,551,0,551.0,23,1,7,"(33, 50)",0,0.012014787430683918,79.0,31.714285714285715,source_memory,23,ATTACK,41,"(25, 14)",False,0,False,565
33,0.0,True,0.0,0.6434333932219132,0.6434333932219132,553,0,553.0,27,1,6,"(33, 8)",0,0.028624192059095107,93.0,46.5,source_memory,27,ATTACK,42,"(28, 42)",False,1,False,565
20,0.0,True,0.0,0.7780637110821719,0.9029881806916206,552,0,552.0,29,2,6,"(33, 50)",0,0.032317636195752536,93.16666666666667,49.5,source_memory,29,ATTACK,48,"(3, 45)",False,2,False,565
0,0.0,True,0.0,0.9,0.9,556,0,556.0,23,1,7,"(33, 50)",0,0.012014787430683918,79.0,31.714285714285715,source_memory,23,ATTACK,41,"(26, 18)",False,0,False,570
33,0.0,True,0.0,0.6459548983774496,0.6698600856659072,558,0,558.0,27,1,6,"(33, 8)",0,0.027700831024930747,93.0,46.5,source_memory,27,ATTACK,42,"(28, 37)",False,1,False,570
20,0.0,True,0.0,0.7780637110821719,0.9029881806916206,557,0,557.0,29,2,6,"(33, 50)",0,0.032317636195752536,93.16666666666667,49.5,source_memory,29,ATTACK,48,"(8, 45)",False,2,False,570
0,0.0,True,0.0,0.9,0.9,561,0,561.0,24,1,7,"(33, 50)",0,0.009963768115942028,79.0,31.714285714285715,source_memory,24,ATTACK,42,"(26, 23)",False,0,False,575
33,0.0,True,0.0,0.6575760326799203,0.7133916405986773,563,0,563.0,27,1,6,"(33, 8)",0,0.025339366515837104,93.0,46.5,source_memory,27,ATTACK,43,"(28, 32)",False,1,False,575
19,0.0,True,0.0,0.725291711398892,0.725291711398892,562,0,562.0,30,2,6,"(33, 50)",0,0.03076923076923077,93.16666666666667,49.5,source_memory,30,ATTACK,49,"(12, 46)",False,2,False,575
0,0.0,True,0.0,0.9,0.9,566,0,566.0,24,1,7,"(33, 50)",0,0.00985663082437276,79.0,31.714285714285715,source_memory,24,ATTACK,42,"(28, 26)",False,0,False,580
33,0.0,True,0.0,0.6765248374594053,0.761587247038706,568,0,568.0,27,1,6,"(33, 8)",0,0.024193548387096774,93.0,46.5,source_memory,27,ATTACK,43,"(28, 27)",False,1,False,580
18,0.0,True,0.0,0.5830319223463761,0.5830319223463761,567,0,567.0,30,2,6,"(33, 50)",0,0.03136200716845878,93.16666666666667,49.5,source_memory,30,ATTACK,49,"(14, 49)",False,2,False,580
0,0.0,True,0.0,0.9,0.9,571,0,571.0,24,1,7,"(33, 50)",0,0.00975177304964539,79.0,31.714285714285715,source_memory,24,ATTACK,42,"(29, 30)",False,0,False,585
33,0.0,True,0.0,0.7028487182617654,0.8109281195734429,573,0,573.0,27,1,6,"(33, 8)",0,0.023936170212765957,93.0,46.5,source_memory,27,ATTACK,43,"(29, 23)",False,1,False,585
18,0.0,True,0.0,0.5830319223463761,0.5830319223463761,572,0,572.0,30,2,6,"(33, 50)",0,0.03102836879432624,93.16666666666667,49.5,source_memory,30,ATTACK,49,"(19, 49)",False,2,False,585
0,0.0,True,0.0,0.9,0.9,576,0,576.0,24,1,7,"(33, 50)",0,0.00974313551815766,79.0,31.714285714285715,source_memory,24,ATTACK,42,"(29, 35)",False,0,False,590
33,0.0,True,0.0,0.7321230197245954,0.8439503019502554,578,0,578.0,29,1,6,"(33, 8)",0,0.023914968999114262,93.0,46.5,source_memory,29,ATTACK,45,"(29, 18)",False,1,False,590
18,0.0,True,0.0,0.5830319223463761,0.5830319223463761,577,0,577.0,30,2,6,"(33, 50)",0,0.03100088573959256,93.16666666666667,49.5,source_memory,30,ATTACK,49,"(24, 49)",False,2,False,590
0,0.0,True,0.0,0.9,0.9,581,0,581.0,24,1,7,"(33, 50)",0,0.007971656333038087,79.0,31.714285714285715,source_memory,24,ATTACK,42,"(29, 40)",False,0,False,595
33,0.0,True,0.0,0.7557064812882485,0.8675146619471256,583,0,583.0,29,1,6,"(33, 8)",0,0.023914968999114262,93.0,46.5,source_memory,29,ATTACK,45,"(25, 17)",False,1,False,595
18,0.0,True,0.0,0.5830319223463761,0.5830319223463761,582,0,582.0,30,2,6,"(33, 50)",0,0.029229406554472984,93.16666666666667,49.5,source_memory,30,ATTACK,49,"(29, 49)",False,2,False,595
0,0.0,True,0.0,0.9,0.9,586,0,586.0,24,1,7,"(33, 50)",0,0.06023029229406555,79.0,31.714285714285715,source_memory,24,ATTACK,43,"(29, 45)",False,0,False,600
43,4.0,True,4.0,0.7789078639948239,0.8884140606950021,588,0,588.0,32,1,6,"(33, 8)",43,0.0912311780336581,93.0,46.5,source_memory,32,ATTACK,48,"(26, 13)",True,1,True,600
39,0.0,True,0.0,0.592434090866873,0.6517646229665025,587,0,587.0,30,2,6,"(33, 50)",0,0.07971656333038087,93.16666666666667,49.5,source_memory,30,ATTACK,50,"(33, 50)",False,2,False,600
0,0.0,True,0.0,0.9,0.9,591,0,591.0,24,1,7,"(33, 50)",0,0.05486725663716814,79.0,31.714285714285715,source_memory,24,ATTACK,43,"(29, 50)",False,0,False,605
21,0.0,True,0.0,0.7789078639948239,0.8884140606950021,593,0,593.0,32,1,6,"(33, 8)",0,0.06902654867256637,93.0,46.5,source_memory,32,ATTACK,48,"(31, 13)",False,1,False,605
39,0.0,True,0.0,0.615510779471301,0.7219461011295701,590,0,590.0,31,3,6,"(2, 50)",0,0.06460176991150443,93.16666666666667,49.5,source_memory,31,ATTACK,51,"(30, 50)",False,2,False,605
0,0.0,True,0.0,0.9,0.9,595,0,595.0,24,2,7,"(33, 50)",0,0.05486725663716814,79.0,31.714285714285715,source_memory,24,ATTACK,43,"(33, 50)",False,0,False,610
19,0.0,True,0.0,0.7789078639948239,0.8884140606950021,598,0,598.0,32,1,6,"(33, 8)",0,0.06725663716814159,93.0,46.5,source_memory,32,ATTACK,48,"(33, 10)",False,1,False,610
39,0.0,True,0.0,0.6420322825294076,0.7774299459725901,595,0,595.0,33,3,6,"(2, 50)",0,0.06283185840707965,93.16666666666667,49.5,source_memory,33,ATTACK,53,"(30, 49)",False,2,False,610
0,0.0,True,0.0,0.9,0.9,599,0,599.0,25,2,7,"(3, 8)",0,0.05486725663716814,79.0,31.714285714285715,source_memory,25,ATTACK,44,"(29, 50)",False,0,False,615
19,0.0,True,0.0,0.7789078639948239,0.8884140606950021,602,0,602.0,33,1,6,"(33, 50)",0,0.06637168141592921,93.0,46.5,source_memory,33,ATTACK,49,"(33, 10)",False,1,False,615
39,0.0,True,0.0,0.67932639144319,0.8243594307034051,600,0,600.0,33,3,6,"(2, 50)",0,0.061061946902654866,93.16666666666667,49.5,source_memory,33,ATTACK,53,"(25, 49)",False,2,False,615
0,0.0,True,0.0,0.9,0.9,604,0,604.0,25,2,7,"(3, 8)",0,0.05398230088495575,79.0,31.714285714285715,source_memory,25,ATTACK,44,"(28, 46)",False,0,False,620
19,0.0,True,0.0,0.7789078639948239,0.8884140606950021,607,0,607.0,33,1,6,"(33, 50)",0,0.06460176991150443,93.0,46.5,source_memory,33,ATTACK,49,"(30, 12)",False,1,False,620
39,0.0,True,0.0,0.7178661403572163,0.8617188663395093,605,0,605.0,33,3,6,"(2, 50)",0,0.06017699115044248,93.16666666666667,49.5,source_memory,33,ATTACK,53,"(20, 49)",False,2,False,620
0,0.0,True,0.0,0.9,0.9,609,0,609.0,25,2,7,"(3, 8)",0,0.050442477876106194,79.0,31.714285714285715,source_memory,25,ATTACK,45,"(28, 41)",False,0,False,625
19,0.0,True,0.0,0.7789078639948239,0.8884140606950021,612,0,612.0,33,1,6,"(33, 50)",0,0.06371681415929203,93.0,46.5,source_memory,33,ATTACK,50,"(30, 17)",False,1,False,625
39,0.0,True,0.0,0.7252918322445224,0.866379978103338,610,0,610.0,34,3,6,"(2, 50)",0,0.0584070796460177,93.16666666666667,49.5,source_memory,34,ATTACK,54,"(17, 47)",False,2,False,625
0,0.0,True,0.0,0.9,0.9,614,0,614.0,25,2,7,"(3, 8)",0,0.047787610619469026,79.0,31.714285714285715,source_memory,25,ATTACK,45,"(28, 36)",False,0,False,630
19,0.0,True,0.0,0.7789078639948239,0.8884140606950021,617,0,617.0,34,1,6,"(33, 50)",0,0.05929203539823009,93.0,46.5,source_memory,34,ATTACK,51,"(30, 20)",False,1,False,630
39,0.0,True,0.0,0.7252918322445224,0.866379978103338,615,0,615.0,34,3,6,"(2, 50)",0,0.05486725663716814,93.16666666666667,49.5,source_memory,34,ATTACK,54,"(14, 45)",False,2,False,630
0,0.0,True,0.0,0.9,0.9,619,0,619.0,25,2,7,"(3, 8)",0,0.04336283185840708,79.0,31.714285714285715,source_memory,25,ATTACK,45,"(28, 31)",False,0,False,635
32,0.0,True,0.0,0.6730036975144719,0.6730036975144719,622,0,622.0,34,1,6,"(33, 50)",0,0.05752212389380531,93.0,46.5,source_memory,34,ATTACK,51,"(30, 25)",False,1,False,635
54,0.0,True,0.0,0.7252918322445224,0.866379978103338,620,0,620.0,34,3,6,"(2, 50)",0,0.05398230088495575,93.16666666666667,49.5,source_memory,34,ATTACK,54,"(9, 45)",False,2,False,635
0,0.0,True,0.0,0.9,0.9,624,0,624.0,26,2,7,"(3, 8)",0,0.0391425908667288,79.0,31.714285714285715,source_memory,26,ATTACK,46,"(25, 29)",False,0,False,640
30,0.0,True,0.0,0.6381454723283988,0.6818470767811811,627,0,627.0,34,1,6,"(33, 50)",0,0.05312208760484623,93.0,46.5,source_memory,34,ATTACK,51,"(29, 29)",False,1,False,640
54,0.0,True,0.0,0.7252918322445224,0.866379978103338,625,0,625.0,34,3,6,"(2, 50)",0,0.05125815470643057,93.16666666666667,49.5,source_memory,34,ATTACK,54,"(4, 45)",False,2,False,640
0,0.0,True,0.0,0.9,0.9,629,0,629.0,28,2,7,"(3, 8)",0,0.0335195530726257,79.0,31.714285714285715,source_memory,28,ATTACK,48,"(21, 28)",False,0,False,645
29,0.0,True,0.0,0.6567020078626379,0.7404545430585155,632,0,632.0,34,1,6,"(33, 50)",0,0.051210428305400374,93.0,46.5,source_memory,34,ATTACK,51,"(29, 34)",False,1,False,645
53,0.0,True,0.0,0.7252918322445224,0.866379978103338,630,0,630.0,34,3,6,"(2, 50)",0,0.04748603351955307,93.16666666666667,49.5,source_memory,34,ATTACK,54,"(3, 49)",False,2,False,645
0,0.0,True,0.0,0.9,0.9,634,0,634.0,29,2,7,"(3, 8)",0,0.032588454376163874,79.0,31.714285714285715,source_memory,29,ATTACK,49,"(20, 26)",False,0,False,650
29,0.0,True,0.0,0.6812970837017954,0.7796312250031214,637,0,637.0,34,1,6,"(33, 50)",0,0.04562383612662942,93.0,46.5,source_memory,34,ATTACK,52,"(29, 39)",False,1,False,650
53,0.0,True,0.0,0.7252918322445224,0.866379978103338,634,0,634.0,35,3,7,"(15, 2)",0,0.04655493482309125,92.57142857142857,49.142857142857146,source_memory,35,ATTACK,56,"(3, 49)",False,2,False,650
0,0.0,True,0.0,0.9,0.9,639,0,639.0,29,2,7,"(3, 8)",0,0.030726256983240222,79.0,31.714285714285715,source_memory,29,ATTACK,49,"(18, 29)",False,0,False,655
29,0.0,True,0.0,0.7085027130083168,0.8141312804605416,642,0,642.0,34,1,6,"(33, 50)",0,0.04283054003724395,93.0,46.5,source_memory,34,ATTACK,52,"(29, 44)",False,1,False,655
53,0.0,True,0.0,0.7252918322445224,0.866379978103338,639,0,639.0,35,3,7,"(15, 2)",0,0.0446927374301676,92.57142857142857,49.142857142857146,source_memory,35,ATTACK,56,"(5, 46)",False,2,False,655
0,0.0,True,0.0,0.9,0.9,644,0,644.0,29,2,7,"(3, 8)",0,0.025974025974025976,79.0,31.714285714285715,source_memory,29,ATTACK,49,"(18, 24)",False,0,False,660
29,0.0,True,0.0,0.7362888849206297,0.841943392659137,647,0,647.0,34,1,6,"(33, 50)",0,0.038033395176252316,93.0,46.5,source_memory,34,ATTACK,52,"(30, 48)",False,1,False,660
53,0.0,True,0.0,0.7252918322445224,0.866379978103338,644,0,644.0,35,3,7,"(15, 2)",0,0.041743970315398886,92.57142857142857,49.142857142857146,source_memory,35,ATTACK,56,"(10, 46)",False,2,False,660
0,0.0,True,0.0,0.9,0.9,649,0,649.0,29,2,7,"(3, 8)",0,0.02040816326530612,79.0,31.714285714285715,source_memory,29,ATTACK,49,"(17, 20)",False,0,False,665
29,0.0,True,0.0,0.7587880784274168,0.8657843760049855,652,0,652.0,34,1,6,"(33, 50)",0,0.03339517625231911,93.0,46.5,source_memory,34,ATTACK,52,"(33, 50)",False,1,False,665
53,0.0,True,0.0,0.7252918322445224,0.866379978103338,649,0,649.0,35,3,7,"(15, 2)",0,0.03710575139146568,92.57142857142857,49.142857142857146,source_memory,35,ATTACK,56,"(12, 43)",False,2,False,665
0,0.0,True,0.0,0.9,0.9,654,0,654.0,29,2,7,"(3, 8)",0,0.02040816326530612,79.0,31.714285714285715,source_memory,29,ATTACK,49,"(16, 16)",False,0,False,670
37,0.0,True,0.0,0.7587880784274168,0.8657843760049855,656,0,656.0,35,1,7,"(25, 2)",0,0.03896103896103896,95.14285714285714,47.42857142857143,source_memory,35,ATTACK,53,"(29, 50)",False,1,False,670
61,0.0,True,0.0,0.7252918322445224,0.866379978103338,654,0,654.0,35,3,7,"(15, 2)",0,0.04359925788497217,92.57142857142857,49.142857142857146,source_memory,35,ATTACK,56,"(12, 38)",False,2,False,670
0,0.0,True,0.0,0.9,0.9,659,0,659.0,29,2,7,"(3, 8)",0,0.019462465245597776,79.0,31.714285714285715,source_memory,29,ATTACK,50,"(16, 11)",False,0,False,675
37,0.0,True,0.0,0.7696699707275313,0.8718518757264343,661,0,661.0,35,1,7,"(25, 2)",0,0.037998146431881374,95.14285714285714,47.42857142857143,source_memory,35,ATTACK,54,"(28, 46)",False,1,False,675
61,0.0,True,0.0,0.7532559713654156,0.8816252718222666,659,0,659.0,35,3,7,"(15, 2)",0,0.04355885078776645,92.57142857142857,49.142857142857146,source_memory,35,ATTACK,57,"(12, 33)",False,2,False,675
0,0.0,True,0.0,0.9,0.9,664,0,664.0,29,2,7,"(3, 8)",0,0.018664047151277015,79.0,31.714285714285715,source_memory,29,ATTACK,50,"(14, 8)",False,0,False,680
37,0.0,True,0.0,0.780081062944426,0.877907685070039,666,0,666.0,35,1,7,"(25, 2)",0,0.037644787644787646,95.14285714285714,47.42857142857143,source_memory,35,ATTACK,54,"(28, 41)",False,1,False,680
61,0.0,True,0.0,0.7847959964862181,0.8990026206406546,664,0,664.0,35,3,7,"(15, 2)",0,0.043520309477756286,92.57142857142857,49.142857142857146,source_memory,35,ATTACK,57,"(15, 31)",False,2,False,680
0,0.0,True,0.0,0.9,0.9,669,0,669.0,29,2,7,"(3, 8)",0,0.01848249027237354,79.0,31.714285714285715,source_memory,29,ATTACK,50,"(9, 8)",False,0,False,685
37,0.0,True,0.0,0.7995823314674095,0.8891743014754865,671,0,671.0,35,1,7,"(25, 2)",0,0.0372848948374761,95.14285714285714,47.42857142857143,source_memory,35,ATTACK,54,"(28, 36)",False,1,False,685
61,0.0,True,0.0,0.8129440439967794,0.9149608613200186,669,0,669.0,35,3,7,"(15, 2)",0,0.04310344827586207,92.57142857142857,49.142857142857146,source_memory,35,ATTACK,57,"(15, 26)",False,2,False,685
0,0.0,True,0.0,0.9,0.9,674,0,674.0,29,2,7,"(3, 8)",0,0.01833976833976834,79.0,31.714285714285715,source_memory,29,ATTACK,50,"(4, 8)",False,0,False,690
37,0.0,True,0.0,0.8217505764484241,0.9028086097498078,676,0,676.0,35,1,7,"(25, 2)",0,0.03333333333333333,95.14285714285714,47.42857142857143,source_memory,35,ATTACK,54,"(28, 31)",False,1,False,690
52,0.0,True,0.0,0.7183900183085627,0.7273112008685295,674,0,674.0,35,3,7,"(15, 2)",0,0.03428571428571429,92.57142857142857,49.142857142857146,source_memory,35,ATTACK,57,"(15, 21)",False,2,False,690
0,0.0,True,0.0,0.9,0.9,678,0,678.0,30,2,8,"(13, 50)",0,0.017341040462427744,86.5,37.875,source_memory,30,ATTACK,51,"(6, 8)",False,0,False,695
36,0.0,True,0.0,0.838363335549303,0.8434203301468525,681,0,681.0,36,1,7,"(25, 2)",0,0.03142857142857143,95.14285714285714,47.42857142857143,source_memory,36,ATTACK,55,"(28, 26)",False,1,False,695
50,0.0,True,0.0,0.7265536726134155,0.7699147041966388,679,0,679.0,35,3,7,"(15, 2)",0,0.030476190476190476,92.57142857142857,49.142857142857146,source_memory,35,ATTACK,57,"(15, 16)",False,2,False,695
0,0.0,True,0.0,0.9,0.9,683,0,683.0,30,2,8,"(13, 50)",0,0.017341040462427744,86.5,37.875,source_memory,30,ATTACK,52,"(11, 8)",False,0,False,700
36,0.0,True,0.0,0.8402716943647601,0.8557761733636343,686,0,686.0,37,1,7,"(25, 2)",0,0.03238095238095238,95.14285714285714,47.42857142857143,source_memory,37,ATTACK,56,"(30, 23)",False,1,False,700
50,0.0,True,0.0,0.7415931804136957,0.8065825085138111,684,0,684.0,35,3,7,"(15, 2)",0,0.02761904761904762,92.57142857142857,49.142857142857146,source_memory,35,ATTACK,58,"(15, 11)",False,2,False,700
0,0.0,True,0.0,0.9,0.9,688,0,688.0,30,2,8,"(13, 50)",0,0.017341040462427744,86.5,37.875,source_memory,30,ATTACK,52,"(14, 10)",False,0,False,705
42,0.0,False,0.0,0.47592532739822424,0.47592532739822424,691,0,691.0,38,1,7,"(25, 2)",0,0.014285714285714285,95.14285714285714,47.42857142857143,source_memory,38,ATTACK,57,"(29, 19)",False,1,False,705
58,0.0,True,0.0,0.7617627007967319,0.8461470855838743,689,0,689.0,35,3,7,"(15, 2)",0,0.035238095238095235,92.57142857142857,49.142857142857146,source_memory,35,ATTACK,58,"(15, 6)",False,2,False,705
0,0.0,True,0.0,0.9,0.9,693,0,693.0,30,2,8,"(13, 50)",0,0.015414258188824663,86.5,37.875,source_memory,30,ATTACK,52,"(14, 15)",False,0,False,710
39,0.0,False,0.0,0.21211103067387918,0.21211103067387918,696,0,696.0,38,1,7,"(25, 2)",0,0.013333333333333334,95.14285714285714,47.42857142857143,source_memory,38,ATTACK,57,"(26, 17)",False,1,False,710
58,0.0,True,0.0,0.7807511533910788,0.8724109999036913,693,0,693.0,36,3,7,"(24, 45)",0,0.03238095238095238,92.57142857142857,49.142857142857146,source_memory,36,ATTACK,59,"(15, 2)",False,2,False,710
0,0.0,True,0.0,0.9,0.9,698,0,698.0,30,2,8,"(13, 50)",0,0.012524084778420038,86.5,37.875,source_memory,30,ATTACK,52,"(14, 20)",False,0,False,715
34,0.0,False,0.0,0.21325019705492704,0.23489435829483654,701,0,701.0,38,1,7,"(25, 2)",0,0.013333333333333334,95.14285714285714,47.42857142857143,source_memory,38,ATTACK,57,"(26, 12)",False,1,False,715
58,0.0,True,0.0,0.7950553533161833,0.8851359572746995,698,0,698.0,36,3,7,"(24, 45)",0,0.03238095238095238,92.57142857142857,49.142857142857146,source_memory,36,ATTACK,59,"(15, 7)",False,2,False,715
0,0.0,True,0.0,0.9,0.9,703,0,703.0,30,2,8,"(13, 50)",0,0.012476007677543186,86.5,37.875,source_memory,30,ATTACK,52,"(14, 25)",False,0,False,720
24,0.0,False,0.0,0.21833342422619928,0.276002632010367,706,0,706.0,38,1,7,"(25, 2)",0,0.013320647002854425,95.14285714285714,47.42857142857143,source_memory,38,ATTACK,57,"(25, 8)",False,1,False,720
55,0.0,True,0.0,0.8181905392196386,0.9040782335475819,703,0,703.0,36,3,7,"(24, 45)",0,0.028544243577545196,92.57142857142857,49.142857142857146,source_memory,36,ATTACK,59,"(16, 11)",False,2,False,720
0,0.0,True,0.0,0.9,0.9,708,0,708.0,30,2,8,"(13, 50)",0,0.012464046021093002,86.5,37.875,source_memory,30,ATTACK,53,"(14, 30)",False,0,False,725
24,0.0,False,0.0,0.21833342422619928,0.276002632010367,711,0,711.0,38,1,7,"(25, 2)",0,0.013307984790874524,95.14285714285714,47.42857142857143,source_memory,38,ATTACK,58,"(25, 3)",False,1,False,725
55,0.0,True,0.0,0.8399227866522408,0.9200304560696037,708,0,708.0,36,3,7,"(24, 45)",0,0.029467680608365018,92.57142857142857,49.142857142857146,source_memory,36,ATTACK,60,"(16, 16)",False,2,False,725
0,0.0,True,0.0,0.9,0.9,713,0,713.0,30,2,8,"(13, 50)",0,0.012464046021093002,86.5,37.875,source_memory,30,ATTACK,53,"(13, 34)",False,0,False,730
24,0.0,False,0.0,0.21833342422619928,0.276002632010367,715,0,715.0,39,1,7,"(33, 30)",0,0.013307984790874524,95.14285714285714,47.42857142857143,source_memory,39,ATTACK,59,"(25, 5)",False,1,False,730
55,0.0,True,0.0,0.8598772956059002,0.932756513113978,713,0,713.0,36,3,7,"(24, 45)",0,0.029467680608365018,92.57142857142857,49.142857142857146,source_memory,36,ATTACK,60,"(16, 21)",False,2,False,730
0,0.0,True,0.0,0.9,0.9,718,0,718.0,30,2,8,"(13, 50)",0,0.0124282982791587,86.5,37.875,source_memory,30,ATTACK,53,"(13, 39)",False,0,False,735
24,0.0,False,0.0,0.21833342422619928,0.276002632010367,720,0,720.0,39,1,7,"(33, 30)",0,0.013270142180094787,95.14285714285714,47.42857142857143,source_memory,39,ATTACK,59,"(27, 8)",False,1,False,735
55,0.0,True,0.0,0.8778542484649648,0.9430713224733106,718,0,718.0,36,3,7,"(24, 45)",0,0.029383886255924172,92.57142857142857,49.142857142857146,source_memory,36,ATTACK,60,"(16, 26)",False,2,False,735
0,0.0,True,0.0,0.9,0.9,723,0,723.0,30,2,8,"(13, 50)",0,0.0124282982791587,86.5,37.875,source_memory,30,ATTACK,53,"(13, 44)",False,0,False,740
32,0.0,False,0.0,0.21833342422619928,0.276002632010367,725,0,725.0,39,1,7,"(33, 30)",0,0.013270142180094787,95.14285714285714,47.42857142857143,source_memory,39,ATTACK,59,"(27, 13)",False,1,False,740
53,0.0,True,0.0,0.8938581200446143,0.9517537154279143,723,0,723.0,36,3,7,"(24, 45)",0,0.03886255924170616,92.57142857142857,49.142857142857146,source_memory,36,ATTACK,60,"(16, 31)",False,2,False,740
0,0.0,True,0.0,0.9,0.9,728,0,728.0,30,2,8,"(13, 50)",0,0.0124282982791587,86.5,37.875,source_memory,30,ATTACK,53,"(13, 49)",False,0,False,745
27,0.0,False,0.0,0.16018022162877665,0.16018022162877665,730,0,730.0,39,1,7,"(33, 30)",0,0.013270142180094787,95.14285714285714,47.42857142857143,source_memory,39,ATTACK,59,"(27, 18)",False,1,False,745
53,0.0,True,0.0,0.907991002900709,0.9589819521081607,728,0,728.0,36,3,7,"(24, 45)",0,0.03886255924170616,92.57142857142857,49.142857142857146,source_memory,36,ATTACK,60,"(17, 35)",False,2,False,745
0,0.0,True,0.0,0.9,0.9,732,0,732.0,31,2,8,"(33, 50)",0,0.04780114722753346,86.5,37.875,source_memory,31,ATTACK,55,"(16, 50)",False,0,False,750
27,0.0,False,0.0,0.16018022162877665,0.16018022162877665,735,0,735.0,39,1,7,"(33, 30)",0,0.046445497630331754,95.14285714285714,47.42857142857143,source_memory,39,ATTACK,60,"(30, 20)",False,1,False,750
53,0.0,True,0.0,0.9179890804101248,0.9636215125957599,733,0,733.0,36,3,7,"(24, 45)",0,0.05308056872037915,92.57142857142857,49.142857142857146,source_memory,36,ATTACK,61,"(17, 40)",False,2,False,750
0,0.0,True,0.0,0.9,0.9,737,0,737.0,31,2,8,"(33, 50)",0,0.04110898661567878,86.5,37.875,source_memory,31,ATTACK,55,"(20, 49)",False,0,False,755
27,0.0,False,0.0,0.16018022162877665,0.16018022162877665,740,0,740.0,39,1,7,"(33, 30)",0,0.04075829383886256,95.14285714285714,47.42857142857143,source_memory,39,ATTACK,60,"(29, 24)",False,1,False,755
53,0.0,True,0.0,0.9203280083738877,0.9647676396853827,738,0,738.0,36,3,7,"(24, 45)",0,0.055924170616113746,92.57142857142857,49.142857142857146,source_memory,36,ATTACK,61,"(22, 40)",False,2,False,755
0,0.0,True,0.0,0.9,0.9,742,0,742.0,31,2,8,"(33, 50)",0,0.040229885057471264,86.5,37.875,source_memory,31,ATTACK,55,"(25, 49)",False,0,False,760
26,0.0,False,0.0,0.16018022162877665,0.16018022162877665,745,0,745.0,39,1,7,"(33, 30)",0,0.042735042735042736,95.14285714285714,47.42857142857143,source_memory,39,ATTACK,60,"(29, 29)",False,1,False,760
48,0.0,True,0.0,0.9203280083738877,0.9647676396853827,743,0,743.0,36,3,7,"(24, 45)",0,0.051233396584440226,92.57142857142857,49.142857142857146,source_memory,36,ATTACK,61,"(25, 42)",False,2,False,760
0,0.0,True,0.0,0.9,0.9,747,0,747.0,31,2,8,"(33, 50)",0,0.034482758620689655,86.5,37.875,source_memory,31,ATTACK,55,"(30, 49)",False,0,False,765
23,0.0,False,0.0,0.16018022162877665,0.16018022162877665,750,0,750.0,39,1,7,"(33, 30)",0,0.0389363722697056,95.14285714285714,47.42857142857143,source_memory,39,ATTACK,60,"(33, 30)",False,1,False,765
47,0.0,True,0.0,0.9313355313056346,0.9716442525759111,747,0,747.0,37,3,8,"(33, 50)",0,0.046489563567362426,95.625,49.875,source_memory,37,ATTACK,62,"(24, 45)",False,2,False,765
0,0.0,True,0.0,0.9,0.9,751,0,751.0,32,2,9,"(2, 50)",0,0.03253588516746411,85.55555555555556,36.22222222222222,source_memory,32,ATTACK,56,"(33, 50)",False,0,False,770
23,0.0,False,0.0,0.16018022162877665,0.16018022162877665,754,0,754.0,40,1,8,"(33, 50)",0,0.03889943074003795,95.75,46.375,source_memory,40,ATTACK,61,"(33, 34)",False,1,False,770
47,0.0,True,0.0,0.9412221981687094,0.9768968997430135,752,0,752.0,37,3,8,"(33, 50)",0,0.04549763033175355,95.625,49.875,source_memory,37,ATTACK,62,"(25, 49)",False,2,False,770
0,0.0,True,0.0,0.9,0.9,755,0,755.0,32,3,9,"(2, 50)",0,0.03253588516746411,85.55555555555556,36.22222222222222,source_memory,32,ATTACK,57,"(29, 50)",False,0,False,775
23,0.0,False,0.0,0.16018022162877665,0.16018022162877665,759,0,759.0,40,1,8,"(33, 50)",0,0.03889943074003795,95.75,46.375,source_memory,40,ATTACK,62,"(29, 35)",False,1,False,775
47,0.0,True,0.0,0.9499840537737141,0.9819541620402679,757,0,757.0,37,3,8,"(33, 50)",0,0.04549763033175355,95.625,49.875,source_memory,37,ATTACK,63,"(27, 50)",False,2,False,775
0,0.0,True,0.0,0.9,0.9,760,0,760.0,32,3,9,"(2, 50)",0,0.032598274209012464,85.55555555555556,36.22222222222222,source_memory,32,ATTACK,57,"(24, 50)",False,0,False,780
42,0.0,False,0.0,0.12123324640835514,0.12123324640835514,764,0,764.0,40,1,8,"(33, 50)",0,0.03897338403041825,95.75,46.375,source_memory,40,ATTACK,62,"(29, 40)",False,1,False,780
53,0.0,True,0.0,0.7913530741199961,0.8010183772763071,762,0,762.0,40,3,8,"(33, 50)",0,0.04467680608365019,95.625,49.875,source_memory,40,ATTACK,66,"(28, 50)",False,2,False,780
0,0.0,True,0.0,0.9,0.9,765,0,765.0,32,3,9,"(2, 50)",0,0.032598274209012464,85.55555555555556,36.22222222222222,source_memory,32,ATTACK,57,"(20, 49)",False,0,False,785
22,0.0,False,0.0,0.08133940169063612,0.12568282794427912,769,0,769.0,40,1,8,"(33, 50)",0,0.0370722433460076,95.75,46.375,source_memory,40,ATTACK,63,"(29, 45)",False,1,False,785
53,0.0,True,0.0,0.7995541632762898,0.8423308684254491,767,0,767.0,40,3,8,"(33, 50)",0,0.04467680608365019,95.625,49.875,source_memory,40,ATTACK,66,"(33, 50)",False,2,False,785
0,0.0,True,0.0,0.9,0.9,770,0,770.0,32,3,9,"(2, 50)",0,0.032598274209012464,85.55555555555556,36.22222222222222,source_memory,32,ATTACK,57,"(17, 47)",False,0,False,790
21,0.0,False,0.0,0.11026337073314202,0.266959198318139,774,0,774.0,40,1,8,"(33, 50)",0,0.03612167300380228,95.75,46.375,source_memory,40,ATTACK,63,"(29, 48)",False,1,False,790
53,0.0,True,0.0,0.8047102880755419,0.8548457826897352,771,0,771.0,41,3,8,"(24, 45)",0,0.04467680608365019,95.625,49.875,source_memory,41,ATTACK,67,"(29, 50)",False,2,False,790
0,0.0,True,0.0,0.9,0.9,775,0,775.0,32,3,9,"(2, 50)",0,0.032598274209012464,85.55555555555556,36.22222222222222,source_memory,32,ATTACK,57,"(13, 46)",False,0,False,795
21,0.0,False,0.0,0.16609617500171286,0.41108507574524106,779,0,779.0,40,1,8,"(33, 50)",0,0.0370722433460076,95.75,46.375,source_memory,40,ATTACK,63,"(33, 49)",False,1,False,795
47,0.0,True,0.0,0.5097796003043366,0.5097796003043366,776,0,776.0,41,3,8,"(24, 45)",0,0.0408745247148289,95.625,49.875,source_memory,41,ATTACK,67,"(28, 46)",False,2,False,795
0,0.0,True,0.0,0.9,0.9,780,0,780.0,32,3,9,"(2, 50)",0,0.032598274209012464,85.55555555555556,36.22222222222222,source_memory,32,ATTACK,58,"(8, 46)",False,0,False,800
21,0.0,False,0.0,0.17919308251365776,0.42803432524061097,783,0,783.0,42,1,8,"(24, 45)",0,0.0370722433460076,95.75,46.375,source_memory,42,ATTACK,65,"(30, 50)",False,1,False,800
47,0.0,True,0.0,0.5124087456145,0.5450830084030418,781,0,781.0,41,3,8,"(24, 45)",0,0.0408745247148289,95.625,49.875,source_memory,41,ATTACK,68,"(24, 45)",False,2,False,800
0,0.0,True,0.0,0.9,0.9,785,0,785.0,32,3,9,"(2, 50)",0,0.032598274209012464,85.55555555555556,36.22222222222222,source_memory,32,ATTACK,58,"(3, 46)",False,0,False,805
21,0.0,False,0.0,0.22066729737383514,0.4909389012038263,788,0,788.0,42,1,8,"(24, 45)",0,0.0370722433460076,95.75,46.375,source_memory,42,ATTACK,65,"(27, 48)",False,1,False,805
47,0.0,True,0.0,0.5124087456145,0.5450830084030418,785,0,785.0,42,3,9,"(25, 2)",0,0.0408745247148289,89.0,46.0,source_memory,42,ATTACK,69,"(25, 42)",False,2,False,805
0,0.0,True,0.0,0.9,0.9,790,0,790.0,32,3,9,"(2, 50)",0,0.032598274209012464,85.55555555555556,36.22222222222222,source_memory,32,ATTACK,58,"(2, 50)",False,0,False,810
21,0.0,True,0.0,0.23537677184440767,0.5148567867852859,793,0,793.0,42,1,8,"(24, 45)",0,0.03897338403041825,95.75,46.375,source_memory,42,ATTACK,65,"(25, 45)",False,1,False,810
47,0.0,True,0.0,0.5124087456145,0.5450830084030418,790,0,790.0,42,3,9,"(25, 2)",0,0.0408745247148289,89.0,46.0,source_memory,42,ATTACK,69,"(25, 37)",False,2,False,810
0,0.0,True,0.0,0.9,0.9,794,0,794.0,33,3,9,"(2, 41)",0,0.031639501438159155,85.55555555555556,36.22222222222222,source_memory,33,ATTACK,59,"(3, 47)",False,0,False,815
43,0.0,True,0.0,0.23537677184440767,0.5148567867852859,797,0,797.0,43,1,9,"(2, 20)",0,0.03802281368821293,90.22222222222223,42.888888888888886,source_memory,43,ATTACK,66,"(25, 43)",False,1,False,815
69,0.0,True,0.0,0.5124087456145,0.5450830084030418,795,0,795.0,42,3,9,"(25, 2)",0,0.04847908745247148,89.0,46.0,source_memory,42,ATTACK,69,"(25, 32)",False,2,False,815
0,0.0,True,0.0,0.9,0.9,799,0,799.0,33,3,9,"(2, 41)",0,0.027804410354745925,85.55555555555556,36.22222222222222,source_memory,33,ATTACK,59,"(3, 42)",False,0,False,820
43,0.0,True,0.0,0.23537677184440767,0.5148567867852859,802,0,802.0,43,1,9,"(2, 20)",0,0.034220532319391636,90.22222222222223,42.888888888888886,source_memory,43,ATTACK,66,"(25, 38)",False,1,False,820
69,0.0,True,0.0,0.5124087456145,0.5450830084030418,800,0,800.0,42,3,9,"(25, 2)",0,0.04467680608365019,89.0,46.0,source_memory,42,ATTACK,69,"(25, 27)",False,2,False,820
0,0.0,True,0.0,0.9,0.9,803,0,803.0,34,3,10,"(3, 8)",0,0.027777777777777776,82.3,33.8,source_memory,34,ATTACK,61,"(4, 41)",False,0,False,825
43,0.0,True,0.0,0.23537677184440767,0.5148567867852859,807,0,807.0,44,1,9,"(2, 20)",0,0.03323836657169991,90.22222222222223,42.888888888888886,source_memory,44,ATTACK,67,"(24, 34)",False,1,False,825
65,0.0,True,0.0,0.5124087456145,0.5450830084030418,805,0,805.0,44,3,9,"(25, 2)",0,0.0446343779677113,89.0,46.0,source_memory,44,ATTACK,72,"(25, 22)",False,2,False,825
0,0.0,True,0.0,0.9,0.9,808,0,808.0,34,3,10,"(3, 8)",0,0.027751196172248804,82.3,33.8,source_memory,34,ATTACK,61,"(9, 41)",False,0,False,830
43,0.0,True,0.0,0.23537677184440767,0.5148567867852859,812,0,812.0,44,1,9,"(2, 20)",0,0.03225806451612903,90.22222222222223,42.888888888888886,source_memory,44,ATTACK,67,"(21, 32)",False,1,False,830
64,0.0,True,0.0,0.5124087456145,0.5450830084030418,810,0,810.0,45,3,9,"(25, 2)",0,0.04554079696394687,89.0,46.0,source_memory,45,ATTACK,73,"(30, 22)",False,2,False,830
0,0.0,True,0.0,0.9,0.9,813,0,813.0,34,3,10,"(3, 8)",0,0.024880382775119617,82.3,33.8,source_memory,34,ATTACK,61,"(12, 39)",False,0,False,835
43,0.0,True,0.0,0.23537677184440767,0.5148567867852859,817,0,817.0,44,1,9,"(2, 20)",0,0.029411764705882353,90.22222222222223,42.888888888888886,source_memory,44,ATTACK,67,"(17, 31)",False,1,False,835
64,0.0,True,0.0,0.5124087456145,0.5450830084030418,815,0,815.0,46,3,9,"(25, 2)",0,0.04269449715370019,89.0,46.0,source_memory,46,ATTACK,74,"(29, 22)",False,2,False,835
0,0.0,True,0.0,0.9,0.9,818,0,818.0,34,3,10,"(3, 8)",0,0.020309477756286266,82.3,33.8,source_memory,34,ATTACK,61,"(12, 34)",False,0,False,840
43,0.0,True,0.0,0.2953133948667366,0.5869080427045613,822,0,822.0,44,1,9,"(2, 20)",0,0.024928092042186004,90.22222222222223,42.888888888888886,source_memory,44,ATTACK,67,"(12, 31)",False,1,False,840
64,0.0,True,0.0,0.5124087456145,0.5450830084030418,820,0,820.0,47,3,9,"(25, 2)",0,0.039309683604985615,89.0,46.0,source_memory,47,ATTACK,75,"(25, 23)",False,2,False,840
0,0.0,True,0.0,0.9,0.9,823,0,823.0,34,3,10,"(3, 8)",0,0.017208413001912046,82.3,33.8,source_memory,34,ATTACK,61,"(12, 29)",False,0,False,845
43,0.0,True,0.0,0.37523046759285816,0.6832272113790958,827,0,827.0,44,1,9,"(2, 20)",0,0.024644549763033177,90.22222222222223,42.888888888888886,source_memory,44,ATTACK,67,"(11, 27)",False,1,False,845
64,0.0,True,0.0,0.5124087456145,0.5450830084030418,825,0,825.0,47,3,9,"(25, 2)",0,0.03696682464454976,89.0,46.0,source_memory,47,ATTACK,75,"(22, 25)",False,2,False,845
0,0.0,True,0.0,0.9,0.9,828,0,828.0,34,3,10,"(3, 8)",0,0.011049723756906077,82.3,33.8,source_memory,34,ATTACK,62,"(13, 25)",False,0,False,850
41,0.0,True,0.0,0.45611388154356525,0.7609514867927952,832,0,832.0,44,1,9,"(2, 20)",0,0.01646843549862763,90.22222222222223,42.888888888888886,source_memory,44,ATTACK,68,"(6, 27)",False,1,False,850
64,0.0,True,0.0,0.5214028377539613,0.5910714423472468,830,0,830.0,47,3,9,"(25, 2)",0,0.028362305580969808,89.0,46.0,source_memory,47,ATTACK,76,"(18, 24)",False,2,False,850
0,0.0,True,0.0,0.9,0.9,833,0,833.0,34,3,10,"(3, 8)",0,0.007207207207207207,82.3,33.8,source_memory,34,ATTACK,62,"(13, 20)",False,0,False,855
48,0.0,True,0.0,0.4873120062351552,0.780338697150698,837,0,837.0,44,1,9,"(2, 20)",0,0.012556053811659192,90.22222222222223,42.888888888888886,source_memory,44,ATTACK,68,"(3, 25)",False,1,False,855
71,0.0,True,0.0,0.5499640694340988,0.6787629714193203,835,0,835.0,47,3,9,"(25, 2)",0,0.034080717488789235,89.0,46.0,source_memory,47,ATTACK,76,"(18, 19)",False,2,False,855
0,0.0,True,0.0,0.9,0.9,838,0,838.0,34,3,10,"(3, 8)",0,0.0071174377224199285,82.3,33.8,source_memory,34,ATTACK,62,"(14, 16)",False,0,False,860
43,0.0,True,0.0,0.5022780570720472,0.7866330229729948,842,0,842.0,44,1,9,"(2, 20)",0,0.03558718861209965,90.22222222222223,42.888888888888886,source_memory,44,ATTACK,68,"(2, 21)",False,1,False,860
64,0.0,True,0.0,0.5889995717945986,0.7475547817865841,840,0,840.0,47,3,9,"(25, 2)",0,0.029359430604982206,89.0,46.0,source_memory,47,ATTACK,76,"(18, 14)",False,2,False,860
0,0.0,True,0.0,0.9,0.9,843,0,843.0,34,3,10,"(3, 8)",0,0.0071174377224199285,82.3,33.8,source_memory,34,ATTACK,62,"(13, 12)",False,0,False,865
43,0.0,True,0.0,0.5022780570720472,0.7866330229729948,846,0,846.0,45,1,9,"(2, 41)",0,0.03558718861209965,90.22222222222223,42.888888888888886,source_memory,45,ATTACK,69,"(2, 23)",False,1,False,865
64,0.0,True,0.0,0.6323713194778029,0.7983672577914079,845,0,845.0,47,3,9,"(25, 2)",0,0.029359430604982206,89.0,46.0,source_memory,47,ATTACK,76,"(18, 9)",False,2,False,865
0,0.0,True,0.0,0.9,0.9,848,0,848.0,34,3,10,"(3, 8)",0,0.0071174377224199285,82.3,33.8,source_memory,34,ATTACK,62,"(12, 8)",False,0,False,870
43,0.0,True,0.0,0.5022780570720472,0.7866330229729948,851,0,851.0,45,1,9,"(2, 41)",0,0.030249110320284697,90.22222222222223,42.888888888888886,source_memory,45,ATTACK,69,"(3, 27)",False,1,False,870
58,0.0,True,0.0,0.6494589356827306,0.6494589356827306,850,0,850.0,47,3,9,"(25, 2)",0,0.02491103202846975,89.0,46.0,source_memory,47,ATTACK,78,"(23, 9)",False,2,False,870
0,0.0,True,0.0,0.9,0.9,853,0,853.0,34,3,10,"(3, 8)",0,0.007048458149779736,82.3,33.8,source_memory,34,ATTACK,63,"(7, 8)",False,0,False,875
43,0.0,True,0.0,0.5167529618193522,0.7917761520181466,856,0,856.0,45,1,9,"(2, 41)",0,0.007929515418502203,90.22222222222223,42.888888888888886,source_memory,45,ATTACK,70,"(3, 32)",False,1,False,875
25,0.0,False,0.0,0.2885716858090865,0.2885716858090865,855,0,855.0,47,3,9,"(25, 2)",0,0.007048458149779736,89.0,46.0,source_memory,47,ATTACK,81,"(25, 6)",False,2,False,875
0,0.0,True,0.0,0.9,0.9,857,0,857.0,35,3,10,"(33, 8)",0,0.007029876977152899,82.3,33.8,source_memory,35,ATTACK,64,"(3, 8)",False,0,False,880
43,0.0,True,0.0,0.5831827330015042,0.8220685304605979,861,0,861.0,45,1,9,"(2, 41)",0,0.007908611599297012,90.22222222222223,42.888888888888886,source_memory,45,ATTACK,70,"(3, 37)",False,1,False,880
25,0.0,False,0.0,0.2885716858090865,0.2885716858090865,859,0,859.0,48,3,9,"(33, 50)",0,0.007029876977152899,89.0,46.0,source_memory,48,ATTACK,82,"(25, 2)",False,2,False,880
0,0.0,True,0.0,0.9,0.9,862,0,862.0,35,3,10,"(33, 8)",0,0.007029876977152899,82.3,33.8,source_memory,35,ATTACK,64,"(8, 8)",False,0,False,885
43,0.0,True,0.0,0.6412318982951953,0.8498765836792629,866,0,866.0,45,1,9,"(2, 41)",0,0.007908611599297012,90.22222222222223,42.888888888888886,source_memory,45,ATTACK,70,"(2, 41)",False,1,False,885
25,0.0,False,0.0,0.2885716858090865,0.2885716858090865,864,0,864.0,48,3,9,"(33, 50)",0,0.007029876977152899,89.0,46.0,source_memory,48,ATTACK,82,"(25, 7)",False,2,False,885
0,0.0,True,0.0,0.9,0.9,867,0,867.0,35,3,10,"(33, 8)",0,0.007029876977152899,82.3,33.8,source_memory,35,ATTACK,64,"(13, 8)",False,0,False,890
51,0.0,True,0.0,0.6626186780681131,0.8626198882933707,870,0,870.0,46,1,10,"(15, 2)",0,0.013181019332161687,88.6,41.0,source_memory,46,ATTACK,71,"(4, 39)",False,1,False,890
33,0.0,False,0.0,0.2885716858090865,0.2885716858090865,869,0,869.0,48,3,9,"(33, 50)",0,0.007029876977152899,89.0,46.0,source_memory,48,ATTACK,82,"(22, 9)",False,2,False,890
0,0.0,True,0.0,0.9,0.9,872,0,872.0,35,3,10,"(33, 8)",0,0.007017543859649123,82.3,33.8,source_memory,35,ATTACK,64,"(17, 9)",False,0,False,895
51,0.0,True,0.0,0.6828112405963964,0.8719999108415047,875,0,875.0,46,1,10,"(15, 2)",0,0.014035087719298246,88.6,41.0,source_memory,46,ATTACK,71,"(5, 35)",False,1,False,895
33,0.0,False,0.0,0.296168604637073,0.3700718810496389,874,0,874.0,48,3,9,"(33, 50)",0,0.007017543859649123,89.0,46.0,source_memory,48,ATTACK,82,"(19, 11)",False,2,False,895
0,0.0,True,0.0,0.9,0.9,877,0,877.0,36,3,10,"(33, 8)",0,0.05991189427312775,82.3,33.8,source_memory,36,ATTACK,65,"(22, 9)",False,0,False,900
48,0.0,True,0.0,0.6924637176505306,0.87586078167908,880,0,880.0,47,1,10,"(15, 2)",0,0.0528169014084507,88.6,41.0,source_memory,47,ATTACK,72,"(7, 32)",False,1,False,900
20,0.0,True,0.0,0.3323195335891409,0.5007569107490338,879,0,879.0,49,3,9,"(33, 50)",0,0.0528169014084507,89.0,46.0,source_memory,49,ATTACK,83,"(18, 15)",False,2,False,900
0,0.0,True,0.0,0.9,0.9,882,0,882.0,36,3,10,"(33, 8)",0,0.05897887323943662,82.3,33.8,source_memory,36,ATTACK,65,"(26, 8)",False,0,False,905
20,0.0,True,0.0,0.6924637176505306,0.87586078167908,885,0,885.0,47,1,10,"(15, 2)",0,0.044854881266490766,88.6,41.0,source_memory,47,ATTACK,72,"(9, 29)",False,1,False,905
20,0.0,True,0.0,0.3418070844575054,0.5220705509564305,884,0,884.0,49,3,9,"(33, 50)",0,0.04661389621811785,89.0,46.0,source_memory,49,ATTACK,83,"(19, 19)",False,2,False,905
0,0.0,True,0.0,0.9,0.9,887,0,887.0,36,3,10,"(33, 8)",0,0.05897887323943662,82.3,33.8,source_memory,36,ATTACK,65,"(31, 8)",False,0,False,910
20,0.0,True,0.0,0.6924637176505306,0.87586078167908,890,0,890.0,47,1,10,"(15, 2)",0,0.044854881266490766,88.6,41.0,source_memory,47,ATTACK,72,"(12, 27)",False,1,False,910
20,0.0,True,0.0,0.3418070844575054,0.5220705509564305,889,0,889.0,49,3,9,"(33, 50)",0,0.04661389621811785,89.0,46.0,source_memory,49,ATTACK,83,"(19, 24)",False,2,False,910
0,0.0,True,0.0,0.9,0.9,891,0,891.0,37,3,11,"(24, 45)",0,0.05545774647887324,83.0,33.72727272727273,source_memory,37,ATTACK,66,"(31, 8)",False,0,False,915
20,0.0,True,0.0,0.6924637176505306,0.87586078167908,895,0,895.0,47,1,10,"(15, 2)",0,0.04221635883905013,88.6,41.0,source_memory,47,ATTACK,72,"(13, 23)",False,1,False,915
20,0.0,True,0.0,0.3418070844575054,0.5220705509564305,894,0,894.0,49,3,9,"(33, 50)",0,0.04397537379067722,89.0,46.0,source_memory,49,ATTACK,83,"(22, 26)",False,2,False,915
0,0.0,True,0.0,0.9,0.9,896,0,896.0,37,3,11,"(24, 45)",0,0.05369718309859155,83.0,33.72727272727273,source_memory,37,ATTACK,66,"(29, 11)",False,0,False,920
20,0.0,True,0.0,0.6924637176505306,0.87586078167908,900,0,900.0,47,1,10,"(15, 2)",0,0.040457343887423045,88.6,41.0,source_memory,47,ATTACK,72,"(15, 20)",False,1,False,920
20,0.0,True,0.0,0.3418070844575054,0.5220705509564305,899,0,899.0,49,3,9,"(33, 50)",0,0.04221635883905013,89.0,46.0,source_memory,49,ATTACK,83,"(24, 29)",False,2,False,920
0,0.0,True,0.0,0.9,0.9,901,0,901.0,37,3,11,"(24, 45)",0,0.05017605633802817,83.0,33.72727272727273,source_memory,37,ATTACK,67,"(27, 14)",False,0,False,925
20,0.0,True,0.0,0.7018138843862529,0.879467052364976,905,0,905.0,47,1,10,"(15, 2)",0,0.036939313984168866,88.6,41.0,source_memory,47,ATTACK,73,"(15, 15)",False,1,False,925
20,0.0,True,0.0,0.3418070844575054,0.5220705509564305,904,0,904.0,49,3,9,"(33, 50)",0,0.040457343887423045,89.0,46.0,source_memory,49,ATTACK,84,"(26, 32)",False,2,False,925
0,0.0,True,0.0,0.9,0.9,906,0,906.0,37,3,11,"(24, 45)",0,0.03873239436619718,83.0,33.72727272727273,source_memory,37,ATTACK,67,"(27, 19)",False,0,False,930
19,0.0,True,0.0,0.7446220825424943,0.8980377725780139,910,0,910.0,47,1,10,"(15, 2)",0,0.036939313984168866,88.6,41.0,source_memory,47,ATTACK,73,"(15, 10)",False,1,False,930
19,0.0,True,0.0,0.3418070844575054,0.5220705509564305,909,0,909.0,49,3,9,"(33, 50)",0,0.0395778364116095,89.0,46.0,source_memory,49,ATTACK,84,"(26, 37)",False,2,False,930
0,0.0,True,0.0,0.9,0.9,911,0,911.0,37,3,11,"(24, 45)",0,0.035211267605633804,83.0,33.72727272727273,source_memory,37,ATTACK,67,"(27, 24)",False,0,False,935
15,0.0,True,0.0,0.7600455023458531,0.9040820395502868,915,0,915.0,47,1,10,"(15, 2)",0,0.03342128408091469,88.6,41.0,source_memory,47,ATTACK,73,"(15, 5)",False,1,False,935
15,0.0,True,0.0,0.3418070844575054,0.5220705509564305,914,0,914.0,49,3,9,"(33, 50)",0,0.03605980650835532,89.0,46.0,source_memory,49,ATTACK,84,"(26, 42)",False,2,False,935
0,0.0,True,0.0,0.9,0.9,916,0,916.0,37,3,11,"(24, 45)",0,0.02912621359223301,83.0,33.72727272727273,source_memory,37,ATTACK,67,"(27, 29)",False,0,False,940
15,0.0,True,0.0,0.7600455023458531,0.9040820395502868,919,0,919.0,48,1,10,"(21, 17)",0,0.03439153439153439,88.6,41.0,source_memory,48,ATTACK,74,"(15, 3)",False,1,False,940
13,0.0,True,0.0,0.3418070844575054,0.5220705509564305,919,0,919.0,49,3,9,"(33, 50)",0,0.03350970017636684,89.0,46.0,source_memory,49,ATTACK,84,"(26, 47)",False,2,False,940
0,0.0,True,0.0,0.9,0.9,921,0,921.0,37,3,11,"(24, 45)",0,0.02824360105913504,83.0,33.72727272727273,source_memory,37,ATTACK,67,"(27, 34)",False,0,False,945
15,0.0,True,0.0,0.7600455023458531,0.9040820395502868,924,0,924.0,48,1,10,"(21, 17)",0,0.03350970017636684,88.6,41.0,source_memory,48,ATTACK,74,"(16, 7)",False,1,False,945
13,0.0,True,0.0,0.3418070844575054,0.5220705509564305,924,0,924.0,49,3,9,"(33, 50)",0,0.03350970017636684,89.0,46.0,source_memory,49,ATTACK,84,"(30, 48)",False,2,False,945
0,0.0,True,0.0,0.9,0.9,926,0,926.0,38,3,11,"(24, 45)",0,0.023767605633802816,83.0,33.72727272727273,source_memory,38,ATTACK,68,"(26, 38)",False,0,False,950
15,0.0,True,0.0,0.7815496093611414,0.9140022610915753,929,0,929.0,48,1,10,"(21, 17)",0,0.03169014084507042,88.6,41.0,source_memory,48,ATTACK,75,"(17, 11)",False,1,False,950
12,0.0,True,0.0,0.3418070844575054,0.5220705509564305,929,0,929.0,49,3,9,"(33, 50)",0,0.032570422535211266,89.0,46.0,source_memory,49,ATTACK,85,"(33, 50)",False,2,False,950
0,0.0,True,0.0,0.9,0.9,931,0,931.0,38,3,11,"(24, 45)",0,0.020210896309314587,83.0,33.72727272727273,source_memory,38,ATTACK,68,"(25, 42)",False,0,False,955
15,0.0,True,0.0,0.7815496093611414,0.9140022610915753,934,0,934.0,48,1,10,"(21, 17)",0,0.030755711775043937,88.6,41.0,source_memory,48,ATTACK,75,"(17, 16)",False,1,False,955
11,0.0,True,0.0,0.3418070844575054,0.5220705509564305,933,0,933.0,50,3,10,"(33, 8)",0,0.03251318101933216,95.1,48.5,source_memory,50,ATTACK,86,"(31, 48)",False,2,False,955
0,0.0,True,0.0,0.9,0.9,935,0,935.0,39,3,11,"(2, 20)",0,0.019332161687170474,83.0,33.72727272727273,source_memory,39,ATTACK,69,"(24, 45)",False,0,False,960
11,0.0,True,0.0,0.8011707260841138,0.921423725428162,939,0,939.0,48,1,10,"(21, 17)",0,0.030755711775043937,88.6,41.0,source_memory,48,ATTACK,75,"(21, 17)",False,1,False,960
7,0.0,True,0.0,0.38391168611297716,0.5960717225747708,938,0,938.0,50,3,10,"(33, 8)",0,0.03251318101933216,95.1,48.5,source_memory,50,ATTACK,86,"(29, 45)",False,2,False,960
0,0.0,True,0.0,0.9,0.9,940,0,940.0,39,3,11,"(2, 20)",0,0.019332161687170474,83.0,33.72727272727273,source_memory,39,ATTACK,69,"(25, 41)",False,0,False,965
16,0.0,True,0.0,0.8073177023454965,0.9241102513117672,943,0,943.0,49,1,11,"(2, 41)",0,0.033391915641476276,87.36363636363636,39.27272727272727,source_memory,49,ATTACK,76,"(17, 17)",False,1,False,965
12,0.0,True,0.0,0.4433307741098113,0.6768386563873895,943,0,943.0,50,3,10,"(33, 8)",0,0.03163444639718805,95.1,48.5,source_memory,50,ATTACK,86,"(27, 42)",False,2,False,965
0,0.0,True,0.0,0.9,0.9,945,0,945.0,39,3,11,"(2, 20)",0,0.018421052631578946,83.0,33.72727272727273,source_memory,39,ATTACK,69,"(22, 39)",False,0,False,970
16,0.0,True,0.0,0.8073177023454965,0.9241102513117672,948,0,948.0,49,1,11,"(2, 41)",0,0.03245614035087719,87.36363636363636,39.27272727272727,source_memory,49,ATTACK,76,"(14, 19)",False,1,False,970
12,0.0,True,0.0,0.5055038499994603,0.7411157793719397,948,0,948.0,50,3,10,"(33, 8)",0,0.02894736842105263,95.1,48.5,source_memory,50,ATTACK,86,"(27, 37)",False,2,False,970
0,0.0,True,0.0,0.9,0.9,950,0,950.0,40,3,11,"(2, 20)",0,0.014912280701754385,83.0,33.72727272727273,source_memory,40,ATTACK,70,"(18, 38)",False,0,False,975
15,0.0,True,0.0,0.8073177023454965,0.9241102513117672,953,0,953.0,50,1,11,"(2, 41)",0,0.02894736842105263,87.36363636363636,39.27272727272727,source_memory,50,ATTACK,77,"(10, 20)",False,1,False,975
11,0.0,True,0.0,0.5648842874358198,0.7818328443832798,953,0,953.0,50,3,10,"(33, 8)",0,0.02456140350877193,95.1,48.5,source_memory,50,ATTACK,87,"(27, 32)",False,2,False,975
0,0.0,True,0.0,0.9,0.9,955,0,955.0,40,3,11,"(2, 20)",0,0.013169446883230905,83.0,33.72727272727273,source_memory,40,ATTACK,70,"(15, 36)",False,0,False,980
11,0.0,True,0.0,0.8073177023454965,0.9241102513117672,958,0,958.0,50,1,11,"(2, 41)",0,0.0228270412642669,87.36363636363636,39.27272727272727,source_memory,50,ATTACK,77,"(8, 23)",False,1,False,980
7,0.0,True,0.0,0.6181762853770298,0.8111531875217824,958,0,958.0,50,3,10,"(33, 8)",0,0.018437225636523266,95.1,48.5,source_memory,50,ATTACK,87,"(27, 27)",False,2,False,980
0,0.0,True,0.0,0.9,0.9,960,0,960.0,40,3,11,"(2, 20)",0,0.013169446883230905,83.0,33.72727272727273,source_memory,40,ATTACK,70,"(14, 32)",False,0,False,985
11,0.0,True,0.0,0.8073177023454965,0.9241102513117672,963,0,963.0,50,1,11,"(2, 41)",0,0.01755926251097454,87.36363636363636,39.27272727272727,source_memory,50,ATTACK,77,"(8, 28)",False,1,False,985
7,0.0,True,0.0,0.6653931444881126,0.8361880543337136,963,0,963.0,50,3,10,"(33, 8)",0,0.01755926251097454,95.1,48.5,source_memory,50,ATTACK,87,"(27, 22)",False,2,False,985
0,0.0,True,0.0,0.9,0.9,965,0,965.0,40,3,11,"(2, 20)",0,0.01141352063213345,83.0,33.72727272727273,source_memory,40,ATTACK,70,"(14, 27)",False,0,False,990
11,0.0,True,0.0,0.8247868198110518,0.9324642799519424,968,0,968.0,50,1,11,"(2, 41)",0,0.015803336259877086,87.36363636363636,39.27272727272727,source_memory,50,ATTACK,77,"(5, 30)",False,1,False,990
6,0.0,True,0.0,0.7006748146613913,0.8243793571655903,968,0,968.0,50,3,10,"(33, 8)",0,0.014925373134328358,95.1,48.5,source_memory,50,ATTACK,87,"(27, 17)",False,2,False,990
0,0.0,True,0.0,0.9,0.9,970,0,970.0,40,3,11,"(2, 20)",0,0.01141352063213345,83.0,33.72727272727273,source_memory,40,ATTACK,70,"(13, 23)",False,0,False,995
11,0.0,True,0.0,0.8247868198110518,0.9324642799519424,973,0,973.0,50,1,11,"(2, 41)",0,0.012291483757682178,87.36363636363636,39.27272727272727,source_memory,50,ATTACK,77,"(5, 35)",False,1,False,995
2,0.0,True,0.0,0.6808306807674258,0.6899723412810146,973,0,973.0,50,3,10,"(33, 8)",0,0.01141352063213345,95.1,48.5,source_memory,50,ATTACK,87,"(27, 12)",False,2,False,995
0,0.0,True,0.0,0.9,0.9,975,0,975.0,40,3,11,"(2, 20)",0,0.0079155672823219,83.0,33.72727272727273,source_memory,40,ATTACK,71,"(11, 20)",False,0,False,1000
11,0.0,True,0.0,0.8247868198110518,0.9324642799519424,978,0,978.0,50,1,11,"(2, 41)",0,0.0079155672823219,87.36363636363636,39.27272727272727,source_memory,50,ATTACK,78,"(4, 39)",False,1,False,1000
2,0.0,True,0.0,0.6885655099091332,0.7282686787321894,978,0,978.0,50,3,10,"(33, 8)",0,0.0079155672823219,95.1,48.5,source_memory,50,ATTACK,88,"(28, 8)",False,2,False,1000
0,0.0,True,0.0,0.9,0.9,980,0,980.0,40,3,11,"(2, 20)",0,0.0079155672823219,83.0,33.72727272727273,source_memory,40,ATTACK,71,"(6, 20)",False,0,False,1005
16,0.0,True,0.0,0.8247868198110518,0.9324642799519424,982,0,982.0,51,1,11,"(33, 50)",0,0.012313104661389622,87.36363636363636,39.27272727272727,source_memory,51,ATTACK,79,"(2, 41)",False,1,False,1005
7,0.0,True,0.0,0.7024705635670405,0.7685502669308928,983,0,983.0,50,3,10,"(33, 8)",0,0.008795074758135445,95.1,48.5,source_memory,50,ATTACK,88,"(33, 8)",False,2,False,1005
0,0.0,True,0.0,0.9,0.9,984,0,984.0,41,3,12,"(15, 2)",0,0.007901668129938543,84.16666666666667,35.083333333333336,source_memory,41,ATTACK,72,"(2, 20)",False,0,False,1010
16,0.0,True,0.0,0.8247868198110518,0.9324642799519424,987,0,987.0,51,1,11,"(33, 50)",0,0.012291483757682178,87.36363636363636,39.27272727272727,source_memory,51,ATTACK,79,"(5, 43)",False,1,False,1010
7,0.0,True,0.0,0.709946414401234,0.7814142047215675,987,0,987.0,51,3,10,"(33, 30)",0,0.00877963125548727,95.1,48.5,source_memory,51,ATTACK,89,"(33, 12)",False,2,False,1010
0,0.0,True,0.0,0.9,0.9,989,0,989.0,41,3,12,"(15, 2)",0,0.007894736842105263,84.16666666666667,35.083333333333336,source_memory,41,ATTACK,72,"(7, 20)",False,0,False,1015
16,0.0,True,0.0,0.8247868198110518,0.9324642799519424,992,0,992.0,51,1,11,"(33, 50)",0,0.014035087719298246,87.36363636363636,39.27272727272727,source_memory,51,ATTACK,79,"(7, 46)",False,1,False,1015
7,0.0,True,0.0,0.709946414401234,0.7814142047215675,992,0,992.0,51,3,10,"(33, 30)",0,0.008771929824561403,95.1,48.5,source_memory,51,ATTACK,89,"(29, 13)",False,2,False,1015
0,0.0,True,0.0,0.9,0.9,994,0,994.0,41,3,12,"(15, 2)",0,0.007894736842105263,84.16666666666667,35.083333333333336,source_memory,41,ATTACK,72,"(12, 20)",False,0,False,1020
16,0.0,True,0.0,0.8302580489093533,0.9342114017770813,997,0,997.0,51,1,11,"(33, 50)",0,0.009649122807017544,87.36363636363636,39.27272727272727,source_memory,51,ATTACK,79,"(12, 46)",False,1,False,1020
2,0.0,False,0.0,0.22303189705024792,0.22303189705024792,997,0,997.0,52,3,10,"(33, 30)",0,0.02017543859649123,95.1,48.5,source_memory,52,ATTACK,93,"(29, 18)",False,2,False,1020
0,0.0,True,0.0,0.9,0.9,999,0,999.0,41,3,12,"(15, 2)",0,0.007894736842105263,84.16666666666667,35.083333333333336,source_memory,41,ATTACK,73,"(15, 18)",False,0,False,1025
16,0.0,True,0.0,0.835541728329644,0.935931637315169,1002,0,1002.0,51,1,11,"(33, 50)",0,0.009649122807017544,87.36363636363636,39.27272727272727,source_memory,51,ATTACK,80,"(14, 49)",False,1,False,1025
2,0.0,False,0.0,0.22303189705024792,0.22303189705024792,1002,0,1002.0,52,3,10,"(33, 30)",0,0.02017543859649123,95.1,48.5,source_memory,52,ATTACK,94,"(29, 23)",False,2,False,1025
0,0.0,True,0.0,0.9,0.9,1004,0,1004.0,41,3,12,"(15, 2)",0,0.008771929824561403,84.16666666666667,35.083333333333336,source_memory,41,ATTACK,73,"(15, 13)",False,0,False,1030
16,0.0,True,0.0,0.835541728329644,0.935931637315169,1007,0,1007.0,51,1,11,"(33, 50)",0,0.012280701754385965,87.36363636363636,39.27272727272727,source_memory,51,ATTACK,80,"(19, 49)",False,1,False,1030
2,0.0,False,0.0,0.22303189705024792,0.22303189705024792,1007,0,1007.0,52,3,10,"(33, 30)",0,0.021052631578947368,95.1,48.5,source_memory,52,ATTACK,94,"(29, 28)",False,2,False,1030
0,0.0,True,0.0,0.9,0.9,1009,0,1009.0,41,3,12,"(15, 2)",0,0.008771929824561403,84.16666666666667,35.083333333333336,source_memory,41,ATTACK,73,"(15, 8)",False,0,False,1035
16,0.0,True,0.0,0.8593595541374575,0.9438843372685719,1012,0,1012.0,51,1,11,"(33, 50)",0,0.015789473684210527,87.36363636363636,39.27272727272727,source_memory,51,ATTACK,80,"(24, 49)",False,1,False,1035
2,0.0,False,0.0,0.22303189705024792,0.22303189705024792,1012,0,1012.0,52,3,10,"(33, 30)",0,0.021052631578947368,95.1,48.5,source_memory,52,ATTACK,94,"(32, 30)",False,2,False,1035
0,0.0,True,0.0,0.9,0.9,1014,0,1014.0,41,3,12,"(15, 2)",0,0.009674582233948988,84.16666666666667,35.083333333333336,source_memory,41,ATTACK,73,"(15, 3)",False,0,False,1040
14,0.0,True,0.0,0.8795084394668843,0.9507962910630362,1017,0,1017.0,51,1,11,"(33, 50)",0,0.016710642040457344,87.36363636363636,39.27272727272727,source_memory,51,ATTACK,80,"(29, 49)",False,1,False,1040
7,0.0,False,0.0,0.22303189705024792,0.22303189705024792,1016,0,1016.0,53,3,11,"(2, 41)",0,0.021108179419525065,94.27272727272727,46.90909090909091,source_memory,53,ATTACK,95,"(30, 30)",False,2,False,1040
0,0.0,True,0.0,0.9,0.9,1018,0,1018.0,42,3,12,"(21, 17)",0,0.009674582233948988,84.16666666666667,35.083333333333336,source_memory,42,ATTACK,74,"(15, 5)",False,0,False,1045
13,0.0,True,0.0,0.8831269681567693,0.9518790132645831,1022,0,1022.0,51,1,11,"(33, 50)",0,0.016710642040457344,87.36363636363636,39.27272727272727,source_memory,51,ATTACK,80,"(33, 50)",False,1,False,1045
7,0.0,False,0.0,0.22303189705024792,0.22303189705024792,1021,0,1021.0,53,3,11,"(2, 41)",0,0.021108179419525065,94.27272727272727,46.90909090909091,source_memory,53,ATTACK,95,"(28, 33)",False,2,False,1045
0,0.0,True,0.0,0.9,0.9,1023,0,1023.0,42,3,12,"(21, 17)",0,0.04397537379067722,84.16666666666667,35.083333333333336,source_memory,42,ATTACK,75,"(17, 8)",False,0,False,1050
13,0.0,True,0.0,0.8831269681567693,0.9518790132645831,1026,0,1026.0,53,1,12,"(24, 45)",0,0.05364995602462621,87.16666666666667,39.416666666666664,source_memory,53,ATTACK,82,"(29, 50)",False,1,False,1050
7,0.0,False,0.0,0.2239641893491259,0.24167774302780773,1026,0,1026.0,54,3,11,"(2, 41)",0,0.03605980650835532,94.27272727272727,46.90909090909091,source_memory,54,ATTACK,96,"(26, 34)",False,2,False,1050
0,0.0,True,0.0,0.9,0.9,1028,0,1028.0,42,3,12,"(21, 17)",0,0.03869832893579595,84.16666666666667,35.083333333333336,source_memory,42,ATTACK,75,"(17, 13)",False,0,False,1055
13,0.0,True,0.0,0.8831269681567693,0.9518790132645831,1031,0,1031.0,53,1,12,"(24, 45)",0,0.04309586631486367,87.16666666666667,39.416666666666664,source_memory,53,ATTACK,82,"(26, 48)",False,1,False,1055
7,0.0,False,0.0,0.2239641893491259,0.24167774302780773,1031,0,1031.0,54,3,11,"(2, 41)",0,0.03518029903254178,94.27272727272727,46.90909090909091,source_memory,54,ATTACK,96,"(22, 35)",False,2,False,1055
0,0.0,True,0.0,0.9,0.9,1033,0,1033.0,42,3,12,"(21, 17)",0,0.03171806167400881,84.16666666666667,35.083333333333336,source_memory,42,ATTACK,75,"(18, 17)",False,0,False,1060
13,0.0,True,0.0,0.8831269681567693,0.9518790132645831,1036,0,1036.0,53,1,12,"(24, 45)",0,0.03788546255506608,87.16666666666667,39.416666666666664,source_memory,53,ATTACK,82,"(24, 45)",False,1,False,1060
7,0.0,False,0.0,0.2239641893491259,0.24167774302780773,1036,0,1036.0,54,3,11,"(2, 41)",0,0.03436123348017621,94.27272727272727,46.90909090909091,source_memory,54,ATTACK,96,"(22, 40)",False,2,False,1060
0,0.0,True,0.0,0.9,0.9,1037,0,1037.0,43,3,13,"(25, 2)",0,0.029955947136563875,81.84615384615384,34.07692307692308,source_memory,43,ATTACK,76,"(22, 17)",False,0,False,1065
12,0.0,True,0.0,0.8831269681567693,0.9518790132645831,1040,0,1040.0,54,1,12,"(33, 8)",0,0.03524229074889868,87.16666666666667,39.416666666666664,source_memory,54,ATTACK,83,"(26, 43)",False,1,False,1065
6,0.0,False,0.0,0.2239641893491259,0.24167774302780773,1041,0,1041.0,54,3,11,"(2, 41)",0,0.03259911894273128,94.27272727272727,46.90909090909091,source_memory,54,ATTACK,96,"(18, 41)",False,2,False,1065
0,0.0,True,0.0,0.9,0.9,1042,0,1042.0,43,3,13,"(25, 2)",0,0.028144239226033423,81.84615384615384,34.07692307692308,source_memory,43,ATTACK,76,"(25, 15)",False,0,False,1070
9,0.0,True,0.0,0.8831269681567693,0.9518790132645831,1045,0,1045.0,54,1,12,"(33, 8)",0,0.02990325417766051,87.16666666666667,39.416666666666664,source_memory,54,ATTACK,83,"(28, 40)",False,1,False,1070
3,0.0,False,0.0,0.2239641893491259,0.24167774302780773,1046,0,1046.0,54,3,11,"(2, 41)",0,0.0316622691292876,94.27272727272727,46.90909090909091,source_memory,54,ATTACK,96,"(13, 41)",False,2,False,1070
0,0.0,True,0.0,0.9,0.9,1047,0,1047.0,43,3,13,"(25, 2)",0,0.021108179419525065,81.84615384615384,34.07692307692308,source_memory,43,ATTACK,77,"(25, 10)",False,0,False,1075
8,0.0,True,0.0,0.8831269681567693,0.9518790132645831,1050,0,1050.0,54,1,12,"(33, 8)",0,0.025505716798592787,87.16666666666667,39.416666666666664,source_memory,54,ATTACK,84,"(28, 35)",False,1,False,1075
2,0.0,False,0.0,0.2239641893491259,0.24167774302780773,1051,0,1051.0,54,3,11,"(2, 41)",0,0.028144239226033423,94.27272727272727,46.90909090909091,source_memory,54,ATTACK,97,"(8, 41)",False,2,False,1075
0,0.0,True,0.0,0.9,0.9,1052,0,1052.0,43,3,13,"(25, 2)",0,0.020228671943711522,81.84615384615384,34.07692307692308,source_memory,43,ATTACK,77,"(25, 5)",False,0,False,1080
14,0.0,True,0.0,0.8831269681567693,0.9518790132645831,1055,0,1055.0,54,1,12,"(33, 8)",0,0.02990325417766051,87.16666666666667,39.416666666666664,source_memory,54,ATTACK,84,"(29, 31)",False,1,False,1080
7,0.0,False,0.0,0.18079613732417055,0.18079613732417055,1056,0,1056.0,54,3,11,"(2, 41)",0,0.027264731750219876,94.27272727272727,46.90909090909091,source_memory,54,ATTACK,97,"(3, 41)",False,2,False,1080
0,0.0,True,0.0,0.9,0.9,1056,0,1056.0,44,3,13,"(33, 30)",0,0.020228671943711522,81.84615384615384,34.07692307692308,source_memory,44,ATTACK,78,"(25, 3)",False,0,False,1085
13,0.0,True,0.0,0.8831269681567693,0.9518790132645831,1060,0,1060.0,54,1,12,"(33, 8)",0,0.029023746701846966,87.16666666666667,39.416666666666664,source_memory,54,ATTACK,84,"(29, 26)",False,1,False,1085
7,0.0,False,0.0,0.18079613732417055,0.18079613732417055,1060,0,1060.0,55,3,11,"(21, 17)",0,0.027264731750219876,94.27272727272727,46.90909090909091,source_memory,55,ATTACK,98,"(5, 41)",False,2,False,1085
0,0.0,True,0.0,0.9,0.9,1061,0,1061.0,44,3,13,"(33, 30)",0,0.019349164467897976,81.84615384615384,34.07692307692308,source_memory,44,ATTACK,78,"(25, 8)",False,0,False,1090
9,0.0,True,0.0,0.8965735389210897,0.9577727251227715,1065,0,1065.0,54,1,12,"(33, 8)",0,0.025505716798592787,87.16666666666667,39.416666666666664,source_memory,54,ATTACK,84,"(29, 21)",False,1,False,1090
2,0.0,False,0.0,0.08113162985394089,0.08113162985394089,1065,0,1065.0,55,3,11,"(21, 17)",0,0.026385224274406333,94.27272727272727,46.90909090909091,source_memory,55,ATTACK,98,"(10, 41)",False,2,False,1090
0,0.0,True,0.0,0.9,0.9,1066,0,1066.0,44,3,13,"(33, 30)",0,0.0158311345646438,81.84615384615384,34.07692307692308,source_memory,44,ATTACK,78,"(25, 13)",False,0,False,1095
9,0.0,True,0.0,0.9086658716622817,0.9638472264423634,1070,0,1070.0,56,1,12,"(33, 8)",0,0.02198768689533861,87.16666666666667,39.416666666666664,source_memory,56,ATTACK,86,"(29, 16)",False,1,False,1095
2,0.0,False,0.0,0.08113162985394089,0.08113162985394089,1070,0,1070.0,55,3,11,"(21, 17)",0,0.023746701846965697,94.27272727272727,46.90909090909091,source_memory,55,ATTACK,98,"(13, 39)",False,2,False,1095
0,0.0,True,0.0,0.9,0.9,1071,0,1071.0,45,3,13,"(33, 30)",0,0.014072119613016711,81.84615384615384,34.07692307692308,source_memory,45,ATTACK,79,"(25, 18)",False,0,False,1100
9,0.0,True,0.0,0.9170181317860598,0.9687086627993066,1075,0,1075.0,57,1,12,"(33, 8)",0,0.019349164467897976,87.16666666666667,39.416666666666664,source_memory,57,ATTACK,87,"(31, 15)",False,1,False,1100
2,0.0,False,0.0,0.08113162985394089,0.08113162985394089,1075,0,1075.0,55,3,11,"(21, 17)",0,0.02198768689533861,94.27272727272727,46.90909090909091,source_memory,55,ATTACK,99,"(18, 39)",False,2,False,1100
0,0.0,True,0.0,0.9,0.9,1076,0,1076.0,45,3,13,"(33, 30)",0,0.014072119613016711,81.84615384615384,34.07692307692308,source_memory,45,ATTACK,79,"(26, 22)",False,0,False,1105
9,0.0,True,0.0,0.9247374367473469,0.9722392865540037,1080,0,1080.0,57,1,12,"(33, 8)",0,0.016710642040457344,87.16666666666667,39.416666666666664,source_memory,57,ATTACK,87,"(28, 13)",False,1,False,1105
2,0.0,False,0.0,0.08113162985394089,0.08113162985394089,1080,0,1080.0,55,3,11,"(21, 17)",0,0.019349164467897976,94.27272727272727,46.90909090909091,source_memory,55,ATTACK,99,"(19, 35)",False,2,False,1105
0,0.0,True,0.0,0.9,0.9,1081,0,1081.0,45,3,13,"(33, 30)",0,0.012313104661389622,81.84615384615384,34.07692307692308,source_memory,45,ATTACK,79,"(26, 27)",False,0,False,1110
9,0.0,True,0.0,0.9361219798629378,0.9766293460982841,1085,0,1085.0,57,1,12,"(33, 8)",0,0.014951627088830254,87.16666666666667,39.416666666666664,source_memory,57,ATTACK,87,"(28, 8)",False,1,False,1110
2,0.0,False,0.0,0.0824632908166471,0.10776484910806515,1085,0,1085.0,55,3,11,"(21, 17)",0,0.016710642040457344,94.27272727272727,46.90909090909091,source_memory,55,ATTACK,99,"(19, 30)",False,2,False,1110
0,0.0,True,0.0,0.9,0.9,1086,0,1086.0,45,3,13,"(33, 30)",0,0.010554089709762533,81.84615384615384,34.07692307692308,source_memory,45,ATTACK,79,"(28, 30)",False,0,False,1115
9,0.0,True,0.0,0.940175495168705,0.9779934711056048,1090,0,1090.0,57,1,12,"(33, 8)",0,0.013192612137203167,87.16666666666667,39.416666666666664,source_memory,57,ATTACK,87,"(33, 8)",False,1,False,1115
2,0.0,False,0.0,0.10935613888669359,0.2553698433128669,1090,0,1090.0,55,3,11,"(21, 17)",0,0.014951627088830254,94.27272727272727,46.90909090909091,source_memory,55,ATTACK,99,"(19, 25)",False,2,False,1115
0,0.0,True,0.0,0.9,0.9,1091,0,1091.0,45,3,13,"(33, 30)",0,0.010572687224669603,81.84615384615384,34.07692307692308,source_memory,45,ATTACK,79,"(33, 30)",False,0,False,1120
24,10.629931663702692,True,10.629931663702692,0.940175495168705,0.9779934711056048,1094,0,1094.0,58,1,13,"(33, 50)",0,0.013215859030837005,85.84615384615384,40.61538461538461,source_memory,58,ATTACK,88,"(32, 11)",False,1,False,1120
17,0.0,False,0.0,0.15789352199913406,0.3626768349772163,1095,0,1095.0,55,3,11,"(21, 17)",0,0.014977973568281937,94.27272727272727,46.90909090909091,source_memory,55,ATTACK,99,"(19, 20)",False,2,False,1120
0,0.0,True,0.0,0.9,0.9,1095,0,1095.0,46,3,14,"(2, 41)",0,0.009691629955947136,80.07142857142857,34.285714285714285,source_memory,46,ATTACK,81,"(29, 30)",False,0,False,1125
21,1.0060736722764005,True,1.0060736722764005,0.7401510266860488,0.7401510266860488,1099,0,1099.0,58,1,13,"(33, 50)",0,0.013215859030837005,85.84615384615384,40.61538461538461,source_memory,58,ATTACK,89,"(28, 12)",False,1,False,1125
17,0.0,False,0.0,0.2204747334296169,0.47714847403339916,1100,0,1100.0,55,3,11,"(21, 17)",0,0.012334801762114538,94.27272727272727,46.90909090909091,source_memory,55,ATTACK,100,"(21, 17)",False,2,False,1125
0,0.0,True,0.0,0.9,0.9,1100,0,1100.0,46,3,14,"(2, 41)",0,0.007929515418502203,80.07142857142857,34.285714285714285,source_memory,46,ATTACK,81,"(27, 33)",False,0,False,1130
9,0.0,False,0.0,0.26453350928212044,0.28684433148991634,1104,0,1104.0,58,1,13,"(33, 50)",0,0.013215859030837005,85.84615384615384,40.61538461538461,source_memory,58,ATTACK,91,"(28, 17)",False,1,False,1130
17,0.0,True,0.0,0.24859111615361396,0.5160118279011808,1104,0,1104.0,56,3,12,"(2, 41)",0,0.012334801762114538,93.83333333333333,46.666666666666664,source_memory,56,ATTACK,101,"(18, 18)",False,2,False,1130
0,0.0,True,0.0,0.9,0.9,1105,0,1105.0,46,3,14,"(2, 41)",0,0.007929515418502203,80.07142857142857,34.285714285714285,source_memory,46,ATTACK,81,"(22, 33)",False,0,False,1135
9,0.0,False,0.0,0.285556071253143,0.39694414167380715,1109,0,1109.0,58,1,13,"(33, 50)",0,0.012334801762114538,85.84615384615384,40.61538461538461,source_memory,58,ATTACK,91,"(28, 22)",False,1,False,1135
17,0.0,True,0.0,0.2765339931088483,0.5402688806122214,1109,0,1109.0,56,3,12,"(2, 41)",0,0.01145374449339207,93.83333333333333,46.666666666666664,source_memory,56,ATTACK,101,"(18, 23)",False,2,False,1135
0,0.0,True,0.0,0.9,0.9,1110,0,1110.0,46,3,14,"(2, 41)",0,0.007929515418502203,80.07142857142857,34.285714285714285,source_memory,46,ATTACK,81,"(20, 36)",False,0,False,1140
9,0.0,False,0.0,0.3235147740210611,0.4861305724810587,1114,0,1114.0,58,1,13,"(33, 50)",0,0.012334801762114538,85.84615384615384,40.61538461538461,source_memory,58,ATTACK,91,"(28, 27)",False,1,False,1140
17,0.0,True,0.0,0.31854286448338787,0.586807684939808,1114,0,1114.0,56,3,12,"(2, 41)",0,0.01145374449339207,93.83333333333333,46.666666666666664,source_memory,56,ATTACK,101,"(18, 28)",False,2,False,1140
0,0.0,True,0.0,0.9,0.9,1115,0,1115.0,46,3,14,"(2, 41)",0,0.007929515418502203,80.07142857142857,34.285714285714285,source_memory,46,ATTACK,81,"(15, 36)",False,0,False,1145
9,0.0,True,0.0,0.37191779430653604,0.567465475891641,1119,0,1119.0,58,1,13,"(33, 50)",0,0.014096916299559472,85.84615384615384,40.61538461538461,source_memory,58,ATTACK,91,"(28, 32)",False,1,False,1145
17,0.0,True,0.0,0.38971432184991645,0.6612926469767144,1119,0,1119.0,56,3,12,"(2, 41)",0,0.01145374449339207,93.83333333333333,46.666666666666664,source_memory,56,ATTACK,101,"(18, 33)",False,2,False,1145
0,0.0,True,0.0,0.9,0.9,1120,0,1120.0,46,3,14,"(2, 41)",0,0.007929515418502203,80.07142857142857,34.285714285714285,source_memory,46,ATTACK,82,"(13, 39)",False,0,False,1150
9,0.0,True,0.0,0.4248732842836114,0.6267374261257732,1124,0,1124.0,58,1,13,"(33, 50)",0,0.014096916299559472,85.84615384615384,40.61538461538461,source_memory,58,ATTACK,92,"(28, 37)",False,1,False,1150
17,0.0,True,0.0,0.46069522660231754,0.7283341143883768,1124,0,1124.0,57,3,12,"(2, 41)",0,0.01145374449339207,93.83333333333333,46.666666666666664,source_memory,57,ATTACK,102,"(16, 36)",False,2,False,1150
0,0.0,True,0.0,0.9,0.9,1125,0,1125.0,46,3,14,"(2, 41)",0,0.007929515418502203,80.07142857142857,34.285714285714285,source_memory,46,ATTACK,82,"(10, 41)",False,0,False,1155
13,0.0,True,0.0,0.4787137339282389,0.683301624636933,1129,0,1129.0,58,1,13,"(33, 50)",0,0.014977973568281937,85.84615384615384,40.61538461538461,source_memory,58,ATTACK,92,"(27, 41)",False,1,False,1155
22,0.0,True,0.0,0.5294069268054056,0.7857687076676959,1129,0,1129.0,57,3,12,"(2, 41)",0,0.01145374449339207,93.83333333333333,46.666666666666664,source_memory,57,ATTACK,102,"(13, 38)",False,2,False,1155
0,0.0,True,0.0,0.9,0.9,1130,0,1130.0,46,3,14,"(2, 41)",0,0.007929515418502203,80.07142857142857,34.285714285714285,source_memory,46,ATTACK,82,"(5, 41)",False,0,False,1160
8,0.0,True,0.0,0.4787137339282389,0.683301624636933,1134,0,1134.0,58,1,13,"(33, 50)",0,0.013215859030837005,85.84615384615384,40.61538461538461,source_memory,58,ATTACK,92,"(27, 46)",False,1,False,1160
22,0.0,True,0.0,0.5936728234695005,0.8300383451245382,1134,0,1134.0,57,3,12,"(2, 41)",0,0.01145374449339207,93.83333333333333,46.666666666666664,source_memory,57,ATTACK,102,"(11, 41)",False,2,False,1160
0,0.0,True,0.0,0.9,0.9,1134,0,1134.0,47,3,14,"(21, 17)",0,0.007929515418502203,80.07142857142857,34.285714285714285,source_memory,47,ATTACK,83,"(3, 41)",False,0,False,1165
8,0.0,True,0.0,0.4787137339282389,0.683301624636933,1139,0,1139.0,58,1,13,"(33, 50)",0,0.01145374449339207,85.84615384615384,40.61538461538461,source_memory,58,ATTACK,92,"(29, 49)",False,1,False,1165
22,0.0,True,0.0,0.6521121338616946,0.8645133752104845,1139,0,1139.0,57,3,12,"(2, 41)",0,0.012334801762114538,93.83333333333333,46.666666666666664,source_memory,57,ATTACK,102,"(6, 41)",False,2,False,1165
0,0.0,True,0.0,0.9,0.9,1138,0,1138.0,47,4,14,"(21, 17)",0,0.007042253521126761,80.07142857142857,34.285714285714285,source_memory,47,ATTACK,83,"(7, 41)",False,0,False,1170
8,0.0,True,0.0,0.4787137339282389,0.683301624636933,1144,0,1144.0,58,1,13,"(33, 50)",0,0.01056338028169014,85.84615384615384,40.61538461538461,source_memory,58,ATTACK,92,"(33, 50)",False,1,False,1170
22,0.0,True,0.0,0.6945356720415868,0.8904517327873447,1144,0,1144.0,59,3,12,"(2, 41)",0,0.011443661971830986,93.83333333333333,46.666666666666664,source_memory,59,ATTACK,104,"(3, 39)",False,2,False,1170
0,0.0,True,0.0,0.9,0.9,1143,0,1143.0,47,4,14,"(21, 17)",0,0.007042253521126761,80.07142857142857,34.285714285714285,source_memory,47,ATTACK,84,"(8, 37)",False,0,False,1175
8,0.0,True,0.0,0.4787137339282389,0.683301624636933,1148,0,1148.0,59,1,13,"(25, 2)",0,0.01056338028169014,85.84615384615384,40.61538461538461,source_memory,59,ATTACK,94,"(29, 50)",False,1,False,1175
22,0.0,True,0.0,0.7424261744273472,0.914764257021922,1148,0,1148.0,60,3,12,"(33, 8)",0,0.01232394366197183,93.83333333333333,46.666666666666664,source_memory,60,ATTACK,106,"(3, 41)",False,2,False,1175
0,0.0,True,0.0,0.9,0.9,1148,0,1148.0,47,4,14,"(21, 17)",0,0.007048458149779736,80.07142857142857,34.285714285714285,source_memory,47,ATTACK,84,"(12, 36)",False,0,False,1180
8,0.0,True,0.0,0.4787137339282389,0.683301624636933,1153,0,1153.0,59,1,13,"(25, 2)",0,0.010582010582010581,85.84615384615384,40.61538461538461,source_memory,59,ATTACK,94,"(27, 47)",False,1,False,1180
22,0.0,True,0.0,0.7836544827718804,0.930829040549438,1153,0,1153.0,60,3,12,"(33, 8)",0,0.013227513227513227,93.83333333333333,46.666666666666664,source_memory,60,ATTACK,106,"(7, 40)",False,2,False,1180
0,0.0,True,0.0,0.9,0.9,1153,0,1153.0,47,4,14,"(21, 17)",0,0.007048458149779736,80.07142857142857,34.285714285714285,source_memory,47,ATTACK,84,"(14, 33)",False,0,False,1185
8,0.0,True,0.0,0.4787137339282389,0.683301624636933,1158,0,1158.0,59,1,13,"(25, 2)",0,0.01146384479717813,85.84615384615384,40.61538461538461,source_memory,59,ATTACK,94,"(28, 43)",False,1,False,1185
22,0.0,True,0.0,0.8188870179016375,0.944047773909228,1158,0,1158.0,60,3,12,"(33, 8)",0,0.014109347442680775,93.83333333333333,46.666666666666664,source_memory,60,ATTACK,106,"(9, 37)",False,2,False,1185
0,0.0,True,0.0,0.9,0.9,1158,0,1158.0,47,4,14,"(21, 17)",0,0.007048458149779736,80.07142857142857,34.285714285714285,source_memory,47,ATTACK,84,"(18, 32)",False,0,False,1190
8,0.0,True,0.0,0.4787137339282389,0.683301624636933,1163,0,1163.0,59,1,13,"(25, 2)",0,0.01146384479717813,85.84615384615384,40.61538461538461,source_memory,59,ATTACK,94,"(28, 38)",False,1,False,1190
22,0.0,True,0.0,0.8487382258177384,0.9548387267879083,1163,0,1163.0,60,3,12,"(33, 8)",0,0.014109347442680775,93.83333333333333,46.666666666666664,source_memory,60,ATTACK,106,"(13, 36)",False,2,False,1190
0,0.0,True,0.0,0.9,0.9,1163,0,1163.0,47,4,14,"(21, 17)",0,0.007048458149779736,80.07142857142857,34.285714285714285,source_memory,47,ATTACK,84,"(18, 27)",False,0,False,1195
47,0.0,True,0.0,0.4787137339282389,0.683301624636933,1168,0,1168.0,59,1,13,"(25, 2)",0,0.01146384479717813,85.84615384615384,40.61538461538461,source_memory,59,ATTACK,94,"(27, 34)",False,1,False,1195
49,3.135587242577543,True,3.135587242577543,0.8739690911741999,0.9633244069665472,1168,0,1168.0,61,3,12,"(33, 8)",49,0.048500881834215165,93.83333333333333,46.666666666666664,source_memory,61,ATTACK,107,"(14, 32)",True,2,True,1195
0,0.0,True,0.0,0.9,0.9,1168,0,1168.0,47,4,14,"(21, 17)",0,0.0719360568383659,80.07142857142857,34.285714285714285,source_memory,47,ATTACK,85,"(18, 22)",False,0,False,1200
44,2.344319224929393,True,2.344319224929393,0.5206206070094144,0.7163426848760648,1173,0,1173.0,59,1,13,"(25, 2)",0,0.08436944937833037,85.84615384615384,40.61538461538461,source_memory,59,ATTACK,97,"(27, 29)",False,1,False,1200
47,5.761732353386762,True,5.761732353386762,0.8951539605258891,0.9700588716033494,1173,0,1173.0,62,3,12,"(33, 8)",47,0.0994671403197158,93.83333333333333,46.666666666666664,source_memory,62,ATTACK,108,"(16, 29)",True,2,True,1200
0,0.0,True,0.0,0.9,0.9,1173,0,1173.0,47,4,14,"(21, 17)",0,0.06838365896980461,80.07142857142857,34.285714285714285,source_memory,47,ATTACK,85,"(19, 18)",False,0,False,1205
38,2.2911342052091754,True,2.2911342052091754,0.5308144545181154,0.7244975571834351,1178,0,1178.0,59,1,13,"(25, 2)",0,0.08081705150976909,85.84615384615384,40.61538461538461,source_memory,59,ATTACK,98,"(27, 24)",False,1,False,1205
47,5.761732353386762,True,5.761732353386762,0.9128773113623331,0.975455149536097,1178,0,1178.0,62,3,12,"(33, 8)",47,0.09680284191829484,93.83333333333333,46.666666666666664,source_memory,62,ATTACK,108,"(18, 26)",True,2,True,1205
0,0.0,True,0.0,0.9,0.9,1177,0,1177.0,48,4,15,"(33, 50)",0,0.06571936056838366,80.6,35.0,source_memory,48,ATTACK,86,"(20, 17)",False,0,False,1210
16,0.0,True,0.0,0.5308144545181154,0.7244975571834351,1183,0,1183.0,59,1,13,"(25, 2)",0,0.0719360568383659,85.84615384615384,40.61538461538461,source_memory,59,ATTACK,98,"(27, 19)",False,1,False,1210
44,5.761732353386762,True,5.761732353386762,0.9276458726571201,0.979771319678819,1183,0,1183.0,62,3,12,"(33, 8)",44,0.08703374777975133,93.83333333333333,46.666666666666664,source_memory,62,ATTACK,108,"(18, 21)",True,2,True,1210
0,0.0,True,0.0,0.9,0.9,1182,0,1182.0,48,4,15,"(33, 50)",0,0.05772646536412078,80.6,35.0,source_memory,48,ATTACK,86,"(19, 21)",False,0,False,1215
9,0.0,True,0.0,0.5616806200729164,0.7567511932498684,1188,0,1188.0,59,1,13,"(25, 2)",0,0.0541740674955595,85.84615384615384,40.61538461538461,source_memory,59,ATTACK,98,"(27, 14)",False,1,False,1215
44,5.761732353386762,True,5.761732353386762,0.9400229598088493,0.9840603593255528,1188,0,1188.0,62,3,12,"(33, 8)",44,0.0763765541740675,93.83333333333333,46.666666666666664,source_memory,62,ATTACK,108,"(18, 16)",True,2,True,1215
0,0.0,True,0.0,0.9,0.9,1187,0,1187.0,48,4,15,"(33, 50)",0,0.05412599822537711,80.6,35.0,source_memory,48,ATTACK,86,"(19, 26)",False,0,False,1220
9,0.0,True,0.0,0.5616806200729164,0.7567511932498684,1193,0,1193.0,59,1,13,"(25, 2)",0,0.051418439716312055,85.84615384615384,40.61538461538461,source_memory,59,ATTACK,98,"(27, 9)",False,1,False,1220
44,5.761732353386762,True,5.761732353386762,0.9485281549006676,0.9866544336418878,1193,0,1193.0,62,3,12,"(33, 8)",44,0.07897071872227152,93.83333333333333,46.666666666666664,source_memory,62,ATTACK,108,"(18, 11)",True,2,True,1220
0,0.0,True,0.0,0.9,0.9,1192,0,1192.0,49,4,15,"(33, 50)",0,0.053886925795053005,80.6,35.0,source_memory,49,ATTACK,87,"(19, 31)",False,0,False,1225
9,0.0,True,0.0,0.5616806200729164,0.7567511932498684,1198,0,1198.0,59,1,13,"(25, 2)",0,0.05030891438658429,85.84615384615384,40.61538461538461,source_memory,59,ATTACK,99,"(27, 4)",False,1,False,1225
44,0.0,True,0.0,0.9485281549006676,0.9866544336418878,1198,0,1198.0,62,3,12,"(33, 8)",0,0.07862190812720848,93.83333333333333,46.666666666666664,source_memory,62,ATTACK,109,"(21, 9)",False,2,False,1225
0,0.0,True,0.0,0.9,0.9,1197,0,1197.0,50,4,15,"(33, 50)",0,0.05119152691968226,80.6,35.0,source_memory,50,ATTACK,88,"(20, 35)",False,0,False,1230
24,0.0,True,0.0,0.5616806200729164,0.7567511932498684,1202,0,1202.0,60,1,14,"(2, 41)",0,0.06261022927689594,87.85714285714286,41.92857142857143,source_memory,60,ATTACK,100,"(25, 2)",False,1,False,1230
59,0.0,True,0.0,0.9485281549006676,0.9866544336418878,1203,0,1203.0,62,3,12,"(33, 8)",0,0.08914386584289496,93.83333333333333,46.666666666666664,source_memory,62,ATTACK,109,"(26, 9)",False,2,False,1230
0,0.0,True,0.0,0.9,0.9,1202,0,1202.0,51,4,15,"(33, 50)",0,0.04854368932038835,80.6,35.0,source_memory,51,ATTACK,89,"(21, 39)",False,0,False,1235
24,0.0,True,0.0,0.5616806200729164,0.7567511932498684,1207,0,1207.0,60,1,14,"(2, 41)",0,0.06261022927689594,87.85714285714286,41.92857142857143,source_memory,60,ATTACK,100,"(26, 6)",False,1,False,1235
59,0.0,True,0.0,0.9485281549006676,0.9866544336418878,1208,0,1208.0,62,3,12,"(33, 8)",0,0.08649602824360106,93.83333333333333,46.666666666666664,source_memory,62,ATTACK,109,"(30, 8)",False,2,False,1235
0,0.0,True,0.0,0.9,0.9,1207,0,1207.0,51,4,15,"(33, 50)",0,0.04589585172109444,80.6,35.0,source_memory,51,ATTACK,89,"(25, 40)",False,0,False,1240
24,0.0,True,0.0,0.5616806200729164,0.7567511932498684,1212,0,1212.0,63,1,14,"(2, 41)",0,0.06349206349206349,87.85714285714286,41.92857142857143,source_memory,63,ATTACK,103,"(27, 10)",False,1,False,1240
59,0.0,True,0.0,0.9485281549006676,0.9866544336418878,1212,0,1212.0,63,3,13,"(13, 50)",0,0.08473080317740513,95.3076923076923,48.07692307692308,source_memory,63,ATTACK,110,"(32, 8)",False,2,False,1240
0,0.0,True,0.0,0.9,0.9,1212,0,1212.0,51,4,15,"(33, 50)",0,0.03791887125220458,80.6,35.0,source_memory,51,ATTACK,89,"(26, 44)",False,0,False,1245
24,0.0,True,0.0,0.5616806200729164,0.7567511932498684,1217,0,1217.0,64,1,14,"(2, 41)",0,0.05991189427312775,87.85714285714286,41.92857142857143,source_memory,64,ATTACK,104,"(27, 15)",False,1,False,1245
59,0.0,True,0.0,0.9485281549006676,0.9866544336418878,1217,0,1217.0,63,3,13,"(13, 50)",0,0.07760141093474426,95.3076923076923,48.07692307692308,source_memory,63,ATTACK,110,"(28, 9)",False,2,False,1245
0,0.0,True,0.0,0.9,0.9,1217,0,1217.0,51,4,15,"(33, 50)",0,0.031746031746031744,80.6,35.0,source_memory,51,ATTACK,90,"(26, 49)",False,0,False,1250
24,0.0,True,0.0,0.5616806200729164,0.7567511932498684,1222,0,1222.0,65,1,14,"(2, 41)",0,0.059030837004405284,87.85714285714286,41.92857142857143,source_memory,65,ATTACK,105,"(28, 19)",False,1,False,1250
59,0.0,True,0.0,0.9485281549006676,0.9866544336418878,1222,0,1222.0,64,3,13,"(13, 50)",0,0.0564373897707231,95.3076923076923,48.07692307692308,source_memory,64,ATTACK,111,"(23, 9)",False,2,False,1250
0,0.0,True,0.0,0.9,0.9,1222,0,1222.0,51,4,15,"(33, 50)",0,0.030864197530864196,80.6,35.0,source_memory,51,ATTACK,90,"(30, 50)",False,0,False,1255
24,0.0,True,0.0,0.5816214932781535,0.7691934131774029,1227,0,1227.0,65,1,14,"(2, 41)",0,0.05814977973568282,87.85714285714286,41.92857142857143,source_memory,65,ATTACK,105,"(28, 24)",False,1,False,1255
59,0.0,True,0.0,0.9485281549006676,0.9866544336418878,1227,0,1227.0,64,3,13,"(13, 50)",0,0.06525573192239859,95.3076923076923,48.07692307692308,source_memory,64,ATTACK,111,"(19, 10)",False,2,False,1255
0,0.0,True,0.0,0.9,0.9,1226,0,1226.0,52,4,15,"(13, 50)",0,0.030035335689045935,80.6,35.0,source_memory,52,ATTACK,91,"(32, 50)",False,0,False,1260
24,0.0,True,0.0,0.6281047521329705,0.7975853699616732,1232,0,1232.0,65,1,14,"(2, 41)",0,0.05825242718446602,87.85714285714286,41.92857142857143,source_memory,65,ATTACK,105,"(28, 29)",False,1,False,1260
59,0.0,True,0.0,0.9485281549006676,0.9866544336418878,1232,0,1232.0,64,3,13,"(13, 50)",0,0.0706713780918728,95.3076923076923,48.07692307692308,source_memory,64,ATTACK,111,"(18, 14)",False,2,False,1260
0,0.0,True,0.0,0.9,0.9,1231,0,1231.0,52,4,15,"(13, 50)",0,0.024734982332155476,80.6,35.0,source_memory,52,ATTACK,91,"(28, 49)",False,0,False,1265
29,0.0,True,0.0,0.6700489244979234,0.8231810883437259,1237,0,1237.0,67,1,14,"(2, 41)",0,0.05207413945278023,87.85714285714286,41.92857142857143,source_memory,67,ATTACK,107,"(27, 33)",False,1,False,1265
64,0.0,True,0.0,0.955786777460864,0.9881907261597743,1237,0,1237.0,65,3,13,"(13, 50)",0,0.0627208480565371,95.3076923076923,48.07692307692308,source_memory,65,ATTACK,112,"(16, 17)",False,2,False,1265
0,0.0,True,0.0,0.9,0.9,1236,0,1236.0,52,4,15,"(13, 50)",0,0.024734982332155476,80.6,35.0,source_memory,52,ATTACK,91,"(23, 49)",False,0,False,1270
29,0.0,True,0.0,0.7084674294239223,0.8494015533648391,1242,0,1242.0,67,1,14,"(2, 41)",0,0.05119152691968226,87.85714285714286,41.92857142857143,source_memory,67,ATTACK,107,"(24, 35)",False,1,False,1270
59,0.0,True,0.0,0.7206750559920297,0.7206750559920297,1242,0,1242.0,65,3,13,"(13, 50)",0,0.04946996466431095,95.3076923076923,48.07692307692308,source_memory,65,ATTACK,112,"(14, 20)",False,2,False,1270
0,0.0,True,0.0,0.9,0.9,1241,0,1241.0,52,4,15,"(13, 50)",0,0.022084805653710248,80.6,35.0,source_memory,52,ATTACK,92,"(18, 49)",False,0,False,1275
29,0.0,True,0.0,0.7435958593396398,0.8729250033444053,1247,0,1247.0,68,1,14,"(2, 41)",0,0.0441306266548985,87.85714285714286,41.92857142857143,source_memory,68,ATTACK,108,"(22, 38)",False,1,False,1275
51,0.0,False,0.0,0.4354241893714963,0.4354241893714963,1247,0,1247.0,68,3,13,"(13, 50)",0,0.03445229681978799,95.3076923076923,48.07692307692308,source_memory,68,ATTACK,116,"(13, 24)",False,2,False,1275
0,0.0,True,0.0,0.9,0.9,1246,0,1246.0,52,4,15,"(13, 50)",0,0.02127659574468085,80.6,35.0,source_memory,52,ATTACK,92,"(13, 49)",False,0,False,1280
29,0.0,True,0.0,0.7753730402002335,0.8902998142907639,1252,0,1252.0,68,1,14,"(2, 41)",0,0.045172719220549155,87.85714285714286,41.92857142857143,source_memory,68,ATTACK,108,"(19, 40)",False,1,False,1280
51,0.0,False,0.0,0.44295899695963187,0.4992180838742484,1252,0,1252.0,69,3,13,"(13, 50)",0,0.03368794326241135,95.3076923076923,48.07692307692308,source_memory,69,ATTACK,117,"(17, 25)",False,2,False,1280
0,0.0,True,0.0,0.9,0.9,1250,0,1250.0,53,4,16,"(2, 41)",0,0.01773049645390071,80.125,34.25,source_memory,53,ATTACK,93,"(12, 48)",False,0,False,1285
29,0.0,True,0.0,0.8036609370252644,0.9061592701546348,1257,0,1257.0,70,1,14,"(2, 41)",0,0.043401240035429584,87.85714285714286,41.92857142857143,source_memory,70,ATTACK,110,"(15, 41)",False,1,False,1285
51,0.0,True,0.0,0.4658683008213753,0.5691285874321764,1257,0,1257.0,69,3,13,"(13, 50)",0,0.030141843971631204,95.3076923076923,48.07692307692308,source_memory,69,ATTACK,117,"(16, 29)",False,2,False,1285
0,0.0,True,0.0,0.9,0.9,1255,0,1255.0,53,4,16,"(2, 41)",0,0.015070921985815602,80.125,34.25,source_memory,53,ATTACK,93,"(12, 43)",False,0,False,1290
29,0.0,True,0.0,0.829298561768118,0.9244937482749744,1262,0,1262.0,71,1,14,"(2, 41)",0,0.04074402125775022,87.85714285714286,41.92857142857143,source_memory,71,ATTACK,111,"(13, 44)",False,1,False,1290
51,0.0,True,0.0,0.4837184334047407,0.6013176266119796,1262,0,1262.0,70,3,13,"(13, 50)",0,0.0274822695035461,95.3076923076923,48.07692307692308,source_memory,70,ATTACK,118,"(13, 31)",False,2,False,1290
0,0.0,True,0.0,0.9,0.9,1260,0,1260.0,53,4,16,"(2, 41)",0,0.012411347517730497,80.125,34.25,source_memory,53,ATTACK,93,"(9, 41)",False,0,False,1295
29,0.0,True,0.0,0.85330684905512,0.94173802294929,1267,0,1267.0,71,1,14,"(2, 41)",0,0.03631532329495128,87.85714285714286,41.92857142857143,source_memory,71,ATTACK,111,"(11, 41)",False,1,False,1295
51,0.0,True,0.0,0.5107169540592211,0.6465898183880056,1267,0,1267.0,70,3,13,"(13, 50)",0,0.03280141843971631,95.3076923076923,48.07692307692308,source_memory,70,ATTACK,118,"(12, 35)",False,2,False,1295
0,0.0,True,0.0,0.9,0.9,1265,0,1265.0,54,4,16,"(2, 41)",0,0.010242085661080074,80.125,34.25,source_memory,54,ATTACK,95,"(5, 40)",False,0,False,1300
29,0.0,True,0.0,0.8751033411041118,0.954343560733894,1272,0,1272.0,73,1,14,"(2, 41)",0,0.03445065176908752,87.85714285714286,41.92857142857143,source_memory,73,ATTACK,113,"(6, 41)",False,1,False,1300
51,0.0,True,0.0,0.5510940021367324,0.7157136564490111,1272,0,1272.0,70,3,13,"(13, 50)",0,0.0297951582867784,95.3076923076923,48.07692307692308,source_memory,70,ATTACK,119,"(12, 40)",False,2,False,1300
0,0.0,True,0.0,0.9,0.9,1269,0,1269.0,55,4,16,"(2, 50)",0,0.010242085661080074,80.125,34.25,source_memory,55,ATTACK,96,"(2, 41)",False,0,False,1305
29,0.0,True,0.0,0.8945607768006495,0.9649609201317392,1277,0,1277.0,73,1,14,"(2, 41)",0,0.0297951582867784,87.85714285714286,41.92857142857143,source_memory,73,ATTACK,113,"(3, 41)",False,1,False,1305
56,0.0,True,0.0,0.5964895692846867,0.7713142307346829,1277,0,1277.0,70,3,13,"(13, 50)",0,0.028864059590316574,95.3076923076923,48.07692307692308,source_memory,70,ATTACK,119,"(13, 44)",False,2,False,1305
0,0.0,True,0.0,0.9,0.9,1273,0,1273.0,55,5,16,"(2, 50)",0,0.00931098696461825,80.125,34.25,source_memory,55,ATTACK,96,"(3, 44)",False,0,False,1310
29,0.0,True,0.0,0.9051774811982465,0.9708048981090895,1282,0,1282.0,75,1,14,"(2, 41)",0,0.0260707635009311,87.85714285714286,41.92857142857143,source_memory,75,ATTACK,115,"(3, 40)",False,1,False,1310
56,0.0,True,0.0,0.6411936205373726,0.8089181715184811,1282,0,1282.0,70,3,13,"(13, 50)",0,0.027001862197392923,95.3076923076923,48.07692307692308,source_memory,70,ATTACK,119,"(13, 49)",False,2,False,1310
0,0.0,True,0.0,0.9,0.9,1278,0,1278.0,55,5,16,"(2, 50)",0,0.009302325581395349,80.125,34.25,source_memory,55,ATTACK,96,"(3, 49)",False,0,False,1315
29,0.0,True,0.0,0.9210304993365291,0.9776742544375736,1286,0,1286.0,76,1,14,"(21, 17)",0,0.025116279069767444,87.85714285714286,41.92857142857143,source_memory,76,ATTACK,116,"(3, 40)",False,1,False,1315
56,0.0,True,0.0,0.6585668275772728,0.8222962866460901,1286,0,1286.0,71,3,13,"(15, 2)",0,0.025116279069767444,95.3076923076923,48.07692307692308,source_memory,71,ATTACK,120,"(13, 47)",False,2,False,1315
0,0.0,True,0.0,0.9,0.9,1282,0,1282.0,56,5,17,"(33, 8)",0,0.009652509652509652,77.52941176470588,33.0,source_memory,56,ATTACK,97,"(3, 49)",False,0,False,1320
29,0.0,True,0.0,0.9319195651175735,0.9807227024693642,1291,0,1291.0,76,1,14,"(21, 17)",0,0.025936599423631124,87.85714285714286,41.92857142857143,source_memory,76,ATTACK,116,"(7, 41)",False,1,False,1320
56,0.0,True,0.0,0.6832859398152618,0.8364869887939959,1291,0,1291.0,71,3,13,"(15, 2)",0,0.025936599423631124,95.3076923076923,48.07692307692308,source_memory,71,ATTACK,120,"(16, 45)",False,2,False,1320
0,0.0,True,0.0,0.9,0.9,1287,0,1287.0,57,5,17,"(33, 8)",0,0.009652509652509652,77.52941176470588,33.0,source_memory,57,ATTACK,98,"(5, 46)",False,0,False,1325
29,0.0,True,0.0,0.936773119124273,0.9820223425264064,1296,0,1296.0,76,1,14,"(21, 17)",0,0.024975984630163303,87.85714285714286,41.92857142857143,source_memory,76,ATTACK,117,"(12, 41)",False,1,False,1325
56,0.0,True,0.0,0.7208167156853738,0.8563275452147334,1296,0,1296.0,71,3,13,"(15, 2)",0,0.025936599423631124,95.3076923076923,48.07692307692308,source_memory,71,ATTACK,121,"(16, 40)",False,2,False,1325
0,0.0,True,0.0,0.9,0.9,1292,0,1292.0,57,5,17,"(33, 8)",0,0.009606147934678195,77.52941176470588,33.0,source_memory,57,ATTACK,98,"(8, 44)",False,0,False,1330
29,0.0,True,0.0,0.9454180310639382,0.9839362160534574,1301,0,1301.0,76,1,14,"(21, 17)",0,0.02390057361376673,87.85714285714286,41.92857142857143,source_memory,76,ATTACK,117,"(13, 37)",False,1,False,1330
56,0.0,True,0.0,0.7536885639744564,0.8717537206414349,1301,0,1301.0,71,3,13,"(15, 2)",0,0.0248565965583174,95.3076923076923,48.07692307692308,source_memory,71,ATTACK,121,"(16, 35)",False,2,False,1330
0,0.0,True,0.0,0.9,0.9,1297,0,1297.0,57,5,17,"(33, 8)",0,0.009606147934678195,77.52941176470588,33.0,source_memory,57,ATTACK,98,"(10, 41)",False,0,False,1335
29,0.0,True,0.0,0.9543759066080094,0.9856393112232364,1306,0,1306.0,76,1,14,"(21, 17)",0,0.02390057361376673,87.85714285714286,41.92857142857143,source_memory,76,ATTACK,117,"(17, 36)",False,1,False,1335
56,0.0,True,0.0,0.7824246048287697,0.886032875833988,1306,0,1306.0,71,3,13,"(15, 2)",0,0.028680688336520075,95.3076923076923,48.07692307692308,source_memory,71,ATTACK,121,"(17, 31)",False,2,False,1335
0,0.0,True,0.0,0.9,0.9,1302,0,1302.0,57,5,17,"(33, 8)",0,0.009633911368015413,77.52941176470588,33.0,source_memory,57,ATTACK,98,"(12, 38)",False,0,False,1340
29,0.0,True,0.0,0.9616668155593262,0.9871304382262767,1311,0,1311.0,76,1,14,"(21, 17)",0,0.02399232245681382,87.85714285714286,41.92857142857143,source_memory,76,ATTACK,117,"(19, 33)",False,1,False,1340
54,0.0,True,0.0,0.5561770275846615,0.5561770275846615,1311,0,1311.0,71,3,13,"(15, 2)",0,0.030710172744721688,95.3076923076923,48.07692307692308,source_memory,71,ATTACK,121,"(17, 26)",False,2,False,1340
0,0.0,True,0.0,0.9,0.9,1307,0,1307.0,57,5,17,"(33, 8)",0,0.009633911368015413,77.52941176470588,33.0,source_memory,57,ATTACK,98,"(16, 37)",False,0,False,1345
29,0.0,True,0.0,0.8847308691250204,0.8875971377241513,1316,0,1316.0,76,1,14,"(21, 17)",0,0.02015355086372361,87.85714285714286,41.92857142857143,source_memory,76,ATTACK,117,"(19, 28)",False,1,False,1345
57,0.0,False,0.0,0.3492539624640598,0.3657158663694487,1316,0,1316.0,72,3,13,"(15, 2)",0,0.023032629558541268,95.3076923076923,48.07692307692308,source_memory,72,ATTACK,122,"(15, 23)",False,2,False,1345
0,0.0,True,0.0,0.9,0.9,1312,0,1312.0,57,5,17,"(33, 8)",0,0.0674373795761079,77.52941176470588,33.0,source_memory,57,ATTACK,99,"(18, 34)",False,0,False,1350
25,0.0,True,0.0,0.7986593344790882,0.7986593344790882,1321,0,1321.0,76,1,14,"(21, 17)",0,0.07677543186180422,87.85714285714286,41.92857142857143,source_memory,76,ATTACK,118,"(19, 23)",False,1,False,1350
56,0.0,False,0.0,0.28531738442623505,0.28531738442623505,1321,0,1321.0,73,3,13,"(15, 2)",0,0.07293666026871401,95.3076923076923,48.07692307692308,source_memory,73,ATTACK,123,"(14, 19)",False,2,False,1350
0,0.0,True,0.0,0.9,0.9,1317,0,1317.0,57,5,17,"(33, 8)",0,0.06165703275529865,77.52941176470588,33.0,source_memory,57,ATTACK,99,"(18, 29)",False,0,False,1355
24,0.0,True,0.0,0.7986593344790882,0.7986593344790882,1326,0,1326.0,76,1,14,"(21, 17)",0,0.07485604606525911,87.85714285714286,41.92857142857143,source_memory,76,ATTACK,118,"(19, 18)",False,1,False,1355
54,0.0,False,0.0,0.28531738442623505,0.28531738442623505,1326,0,1326.0,74,3,13,"(15, 2)",0,0.07197696737044146,95.3076923076923,48.07692307692308,source_memory,74,ATTACK,124,"(14, 14)",False,2,False,1355
0,0.0,True,0.0,0.9,0.9,1322,0,1322.0,57,5,17,"(33, 8)",0,0.05789990186457311,77.52941176470588,33.0,source_memory,57,ATTACK,99,"(18, 24)",False,0,False,1360
24,0.0,True,0.0,0.7986593344790882,0.7986593344790882,1330,0,1330.0,77,1,15,"(13, 50)",0,0.07309941520467836,90.6,42.2,source_memory,77,ATTACK,119,"(20, 17)",False,1,False,1360
51,0.0,False,0.0,0.28531738442623505,0.28531738442623505,1331,0,1331.0,74,3,13,"(15, 2)",0,0.07212475633528265,95.3076923076923,48.07692307692308,source_memory,74,ATTACK,124,"(15, 10)",False,2,False,1360
0,0.0,True,0.0,0.9,0.9,1326,0,1326.0,57,6,17,"(33, 8)",0,0.05603864734299517,77.52941176470588,33.0,source_memory,57,ATTACK,99,"(18, 20)",False,0,False,1365
24,0.0,True,0.0,0.8027034328891643,0.8335569321962465,1335,0,1335.0,77,1,15,"(13, 50)",0,0.0710172744721689,90.6,42.2,source_memory,77,ATTACK,119,"(17, 19)",False,1,False,1365
51,0.0,False,0.0,0.28531738442623505,0.28531738442623505,1336,0,1336.0,74,3,13,"(15, 2)",0,0.0710172744721689,95.3076923076923,48.07692307692308,source_memory,74,ATTACK,124,"(15, 5)",False,2,False,1365
0,0.0,True,0.0,0.9,0.9,1331,0,1331.0,57,6,17,"(33, 8)",0,0.05491329479768786,77.52941176470588,33.0,source_memory,57,ATTACK,99,"(20, 17)",False,0,False,1370
24,0.0,True,0.0,0.8123107253331333,0.8650241417910722,1340,0,1340.0,79,1,15,"(13, 50)",0,0.06985645933014355,90.6,42.2,source_memory,79,ATTACK,121,"(17, 20)",False,1,False,1370
51,0.0,False,0.0,0.28531738442623505,0.28531738442623505,1340,0,1340.0,75,3,14,"(2, 41)",0,0.0708133971291866,97.78571428571429,48.714285714285715,source_memory,75,ATTACK,125,"(15, 3)",False,2,False,1370
0,0.0,True,0.0,0.9,0.9,1336,0,1336.0,58,6,17,"(33, 8)",0,0.05202312138728324,77.52941176470588,33.0,source_memory,58,ATTACK,100,"(24, 16)",False,0,False,1375
19,0.0,True,0.0,0.8277747075778829,0.8881096444656703,1345,0,1345.0,79,1,15,"(13, 50)",0,0.06315789473684211,90.6,42.2,source_memory,79,ATTACK,122,"(17, 25)",False,1,False,1375
29,0.0,False,0.0,0.28531738442623505,0.28531738442623505,1345,0,1345.0,76,3,14,"(2, 41)",0,0.06985645933014355,97.78571428571429,48.714285714285715,source_memory,76,ATTACK,126,"(15, 8)",False,2,False,1375
0,0.0,True,0.0,0.9,0.9,1341,0,1341.0,58,6,17,"(33, 8)",0,0.04812319538017324,77.52941176470588,33.0,source_memory,58,ATTACK,100,"(26, 13)",False,0,False,1380
16,0.0,True,0.0,0.8437067349872791,0.9040960611125209,1350,0,1350.0,79,1,15,"(13, 50)",0,0.05640535372848948,90.6,42.2,source_memory,79,ATTACK,122,"(17, 30)",False,1,False,1380
19,0.0,False,0.0,0.3011800779554928,0.4013511778807753,1350,0,1350.0,76,3,14,"(2, 41)",0,0.06978967495219886,97.78571428571429,48.714285714285715,source_memory,76,ATTACK,126,"(16, 12)",False,2,False,1380
0,0.0,True,0.0,0.9,0.9,1346,0,1346.0,58,6,17,"(33, 8)",0,0.04812319538017324,77.52941176470588,33.0,source_memory,58,ATTACK,100,"(29, 11)",False,0,False,1385
50,0.0,True,0.0,0.8593528912851293,0.9179087658434383,1355,0,1355.0,79,1,15,"(13, 50)",0,0.05736137667304015,90.6,42.2,source_memory,79,ATTACK,122,"(17, 35)",False,1,False,1385
41,0.0,False,0.0,0.2967978079262903,0.2967978079262903,1355,0,1355.0,77,3,14,"(2, 41)",0,0.06883365200764818,97.78571428571429,48.714285714285715,source_memory,77,ATTACK,129,"(16, 17)",False,2,False,1385
0,0.0,True,0.0,0.9,0.9,1351,0,1351.0,58,6,17,"(33, 8)",0,0.04716073147256978,77.52941176470588,33.0,source_memory,58,ATTACK,100,"(31, 8)",False,0,False,1390
50,0.0,True,0.0,0.8683851702691172,0.9247047846654145,1360,0,1360.0,79,1,15,"(13, 50)",0,0.05640535372848948,90.6,42.2,source_memory,79,ATTACK,122,"(16, 39)",False,1,False,1390
20,0.0,False,0.0,0.16983936135084635,0.16983936135084635,1360,0,1360.0,79,3,14,"(2, 41)",0,0.06692160611854685,97.78571428571429,48.714285714285715,source_memory,79,ATTACK,132,"(16, 22)",False,2,False,1390
0,0.0,True,0.0,0.9,0.9,1355,0,1355.0,59,6,17,"(3, 8)",0,0.04619826756496631,77.52941176470588,33.0,source_memory,59,ATTACK,101,"(31, 8)",False,0,False,1395
50,0.0,True,0.0,0.8683851702691172,0.9247047846654145,1365,0,1365.0,79,1,15,"(13, 50)",0,0.05449330783938815,90.6,42.2,source_memory,79,ATTACK,122,"(15, 43)",False,1,False,1395
18,0.0,False,0.0,0.18246624533779757,0.2663702811800393,1365,0,1365.0,79,3,14,"(2, 41)",0,0.05927342256214149,97.78571428571429,48.714285714285715,source_memory,79,ATTACK,132,"(17, 26)",False,2,False,1395
0,0.0,True,0.0,0.9,0.9,1360,0,1360.0,59,6,17,"(3, 8)",0,0.04619826756496631,77.52941176470588,33.0,source_memory,59,ATTACK,102,"(27, 9)",False,0,False,1400
50,0.0,True,0.0,0.8683851702691172,0.9247047846654145,1370,0,1370.0,79,1,15,"(13, 50)",0,0.05449330783938815,90.6,42.2,source_memory,79,ATTACK,123,"(13, 46)",False,1,False,1400
18,0.0,False,0.0,0.2154686045804302,0.3657143169267034,1370,0,1370.0,80,3,14,"(2, 41)",0,0.05736137667304015,97.78571428571429,48.714285714285715,source_memory,80,ATTACK,133,"(15, 29)",False,2,False,1400
0,0.0,True,0.0,0.9,0.9,1365,0,1365.0,59,6,17,"(3, 8)",0,0.04610951008645533,77.52941176470588,33.0,source_memory,59,ATTACK,102,"(22, 9)",False,0,False,1405
50,0.0,True,0.0,0.8683851702691172,0.9247047846654145,1374,0,1374.0,80,1,15,"(2, 20)",0,0.05438931297709924,90.6,42.2,source_memory,80,ATTACK,124,"(13, 50)",False,1,False,1405
18,0.0,False,0.0,0.24143211814548565,0.41319363547906524,1375,0,1375.0,80,3,14,"(2, 41)",0,0.05725190839694656,97.78571428571429,48.714285714285715,source_memory,80,ATTACK,133,"(13, 32)",False,2,False,1405
0,0.0,True,0.0,0.9,0.9,1370,0,1370.0,59,6,17,"(3, 8)",0,0.04514889529298751,77.52941176470588,33.0,source_memory,59,ATTACK,102,"(17, 9)",False,0,False,1410
50,0.0,True,0.0,0.8683851702691172,0.9247047846654145,1379,0,1379.0,80,1,15,"(2, 20)",0,0.05343511450381679,90.6,42.2,source_memory,80,ATTACK,124,"(12, 46)",False,1,False,1410
18,0.0,False,0.0,0.2809211815452304,0.47569460654110635,1380,0,1380.0,80,3,14,"(2, 41)",0,0.05629770992366412,97.78571428571429,48.714285714285715,source_memory,80,ATTACK,133,"(12, 36)",False,2,False,1410
0,0.0,True,0.0,0.9,0.9,1375,0,1375.0,59,6,17,"(3, 8)",0,0.045105566218809984,77.52941176470588,33.0,source_memory,59,ATTACK,102,"(13, 8)",False,0,False,1415
50,0.0,True,0.0,0.8683851702691172,0.9247047846654145,1384,0,1384.0,80,1,15,"(2, 20)",0,0.05338417540514776,90.6,42.2,source_memory,80,ATTACK,124,"(12, 41)",False,1,False,1415
18,0.0,False,0.0,0.2809211815452304,0.47569460654110635,1384,0,1384.0,80,4,14,"(2, 41)",0,0.05624404194470925,97.78571428571429,48.714285714285715,source_memory,80,ATTACK,133,"(12, 40)",False,2,False,1415
0,0.0,True,0.0,0.9,0.9,1380,0,1380.0,59,6,17,"(3, 8)",0,0.04484732824427481,77.52941176470588,33.0,source_memory,59,ATTACK,102,"(8, 8)",False,0,False,1420
70,0.09468783351371712,True,0.09468783351371712,0.8683851702691172,0.9247047846654145,1388,0,1388.0,80,2,15,"(2, 20)",0,0.07009345794392523,90.6,42.2,source_memory,80,ATTACK,124,"(12, 37)",False,1,False,1420
37,0.0,False,0.0,0.2809211815452304,0.47569460654110635,1389,0,1389.0,80,4,14,"(2, 41)",0,0.05514018691588785,97.78571428571429,48.714285714285715,source_memory,80,ATTACK,133,"(11, 36)",False,2,False,1420
0,0.0,True,0.0,0.9,0.9,1385,0,1385.0,59,6,17,"(3, 8)",0,0.04471931493815414,77.52941176470588,33.0,source_memory,59,ATTACK,103,"(3, 8)",False,0,False,1425
70,0.0,True,0.0,0.8683851702691172,0.9247047846654145,1393,0,1393.0,80,2,15,"(2, 20)",0,0.06989748369058714,90.6,42.2,source_memory,80,ATTACK,125,"(12, 32)",False,1,False,1425
37,0.0,False,0.0,0.2809211815452304,0.47569460654110635,1394,0,1394.0,80,4,14,"(2, 41)",0,0.05498602050326188,97.78571428571429,48.714285714285715,source_memory,80,ATTACK,134,"(9, 39)",False,2,False,1425
0,0.0,True,0.0,0.9,0.9,1389,0,1389.0,60,6,18,"(2, 20)",0,0.0446343779677113,79.22222222222223,33.0,source_memory,60,ATTACK,104,"(7, 8)",False,0,False,1430
68,0.0,True,0.0,0.7321001187973543,0.7321001187973543,1398,0,1398.0,80,2,15,"(2, 20)",0,0.07627906976744186,90.6,42.2,source_memory,80,ATTACK,125,"(12, 27)",False,1,False,1430
37,0.0,False,0.0,0.2809211815452304,0.47569460654110635,1399,0,1399.0,82,4,14,"(2, 41)",0,0.052093023255813956,97.78571428571429,48.714285714285715,source_memory,82,ATTACK,136,"(6, 41)",False,2,False,1430
0,0.0,True,0.0,0.9,0.9,1394,0,1394.0,60,6,18,"(2, 20)",0,0.04409005628517824,79.22222222222223,33.0,source_memory,60,ATTACK,104,"(12, 8)",False,0,False,1435
47,0.0,False,0.0,0.23191701689714583,0.23191701689714583,1403,0,1403.0,81,2,15,"(2, 20)",0,0.03219871205151794,90.6,42.2,source_memory,81,ATTACK,126,"(12, 22)",False,1,False,1435
37,0.0,False,0.0,0.2809211815452304,0.47569460654110635,1403,0,1403.0,83,4,14,"(21, 17)",0,0.051517939282428704,97.78571428571429,48.714285714285715,source_memory,83,ATTACK,137,"(2, 41)",False,2,False,1435
0,0.0,True,0.0,0.9,0.9,1399,0,1399.0,60,6,18,"(2, 20)",0,0.04251386321626617,79.22222222222223,33.0,source_memory,60,ATTACK,104,"(14, 11)",False,0,False,1440
40,0.0,False,0.0,0.1861292270442583,0.1861292270442583,1408,0,1408.0,81,2,15,"(2, 20)",0,0.03099361896080219,90.6,42.2,source_memory,81,ATTACK,126,"(8, 21)",False,1,False,1440
37,0.0,False,0.0,0.2809211815452304,0.47569460654110635,1408,0,1408.0,83,4,14,"(21, 17)",0,0.05104831358249772,97.78571428571429,48.714285714285715,source_memory,83,ATTACK,137,"(7, 41)",False,2,False,1440
0,0.0,True,0.0,0.9,0.9,1404,0,1404.0,60,6,18,"(2, 20)",0,0.039927404718693285,79.22222222222223,33.0,source_memory,60,ATTACK,104,"(14, 16)",False,0,False,1445
40,0.0,False,0.0,0.1861292270442583,0.1861292270442583,1413,0,1413.0,81,2,15,"(2, 20)",0,0.03043867502238138,90.6,42.2,source_memory,81,ATTACK,126,"(3, 21)",False,1,False,1445
34,0.0,False,0.0,0.2850666794400993,0.36383113944260886,1413,0,1413.0,83,4,14,"(21, 17)",0,0.049239033124440466,97.78571428571429,48.714285714285715,source_memory,83,ATTACK,137,"(8, 37)",False,2,False,1445
0,0.0,True,0.0,0.9,0.9,1409,0,1409.0,60,6,18,"(2, 20)",0,0.03989120580235721,79.22222222222223,33.0,source_memory,60,ATTACK,105,"(13, 20)",False,0,False,1450
40,0.0,False,0.0,0.1861292270442583,0.1861292270442583,1417,0,1417.0,82,2,16,"(2, 41)",0,0.03041144901610018,90.5,42.25,source_memory,82,ATTACK,128,"(2, 22)",False,1,False,1450
33,0.0,False,0.0,0.28074910318231727,0.28074910318231727,1418,0,1418.0,84,4,14,"(21, 17)",0,0.049194991055456175,97.78571428571429,48.714285714285715,source_memory,84,ATTACK,138,"(12, 36)",False,2,False,1450
0,0.0,True,0.0,0.9,0.9,1414,0,1414.0,60,6,18,"(2, 20)",0,0.03853046594982079,79.22222222222223,33.0,source_memory,60,ATTACK,105,"(8, 20)",False,0,False,1455
47,0.0,False,0.0,0.19276040965092936,0.2491728104877785,1422,0,1422.0,82,2,16,"(2, 41)",0,0.03008849557522124,90.5,42.25,source_memory,82,ATTACK,129,"(3, 26)",False,1,False,1455
34,0.0,False,0.0,0.2815045734243027,0.2958585080220254,1423,0,1423.0,84,4,14,"(21, 17)",0,0.048672566371681415,97.78571428571429,48.714285714285715,source_memory,84,ATTACK,138,"(14, 33)",False,2,False,1455
0,0.0,True,0.0,0.9,0.9,1419,0,1419.0,60,6,18,"(2, 20)",0,0.03808680248007086,79.22222222222223,33.0,source_memory,60,ATTACK,105,"(3, 20)",False,0,False,1460
27,0.0,False,0.0,0.16164671319381174,0.16164671319381174,1427,0,1427.0,82,2,16,"(2, 41)",0,0.030061892130857647,90.5,42.25,source_memory,82,ATTACK,134,"(3, 31)",False,1,False,1460
30,0.0,False,0.0,0.28308634436600505,0.3131399922583499,1428,0,1428.0,84,4,14,"(21, 17)",0,0.048672566371681415,97.78571428571429,48.714285714285715,source_memory,84,ATTACK,138,"(15, 29)",False,2,False,1460
0,0.0,True,0.0,0.9,0.9,1423,0,1423.0,61,6,18,"(24, 45)",0,0.03801945181255526,79.22222222222223,33.0,source_memory,61,ATTACK,106,"(3, 22)",False,0,False,1465
24,0.0,False,0.0,0.12169865592339668,0.12169865592339668,1432,0,1432.0,82,2,16,"(2, 41)",0,0.030035335689045935,90.5,42.25,source_memory,82,ATTACK,134,"(3, 36)",False,1,False,1465
27,0.0,False,0.0,0.3002296210817407,0.3274028080752917,1433,0,1433.0,84,4,14,"(21, 17)",0,0.04774535809018567,97.78571428571429,48.714285714285715,source_memory,84,ATTACK,138,"(15, 24)",False,2,False,1465
0,0.0,True,0.0,0.9,0.9,1428,0,1428.0,61,6,18,"(24, 45)",0,0.03801945181255526,79.22222222222223,33.0,source_memory,61,ATTACK,106,"(8, 22)",False,0,False,1470
24,0.0,False,0.0,0.12169865592339668,0.12169865592339668,1437,0,1437.0,82,2,16,"(2, 41)",0,0.030035335689045935,90.5,42.25,source_memory,82,ATTACK,134,"(3, 41)",False,1,False,1470
26,0.0,False,0.0,0.30613738507546284,0.36189816429606675,1438,0,1438.0,84,4,14,"(21, 17)",0,0.04597701149425287,97.78571428571429,48.714285714285715,source_memory,84,ATTACK,138,"(18, 22)",False,2,False,1470
0,0.0,True,0.0,0.9,0.9,1433,0,1433.0,62,6,18,"(24, 45)",0,0.03801945181255526,79.22222222222223,33.0,source_memory,62,ATTACK,107,"(12, 23)",False,0,False,1475
20,0.0,False,0.0,0.12169865592339668,0.12169865592339668,1441,0,1441.0,83,2,16,"(15, 2)",0,0.030035335689045935,90.5,42.25,source_memory,83,ATTACK,136,"(4, 40)",False,1,False,1475
26,0.0,False,0.0,0.3344347683604637,0.4692731323145795,1443,0,1443.0,84,4,14,"(21, 17)",0,0.04509283819628647,97.78571428571429,48.714285714285715,source_memory,84,ATTACK,139,"(18, 17)",False,2,False,1475
0,0.0,True,0.0,0.9,0.9,1438,0,1438.0,62,6,18,"(24, 45)",0,0.03808680248007086,79.22222222222223,33.0,source_memory,62,ATTACK,107,"(15, 25)",False,0,False,1480
15,0.0,False,0.0,0.12169865592339668,0.12169865592339668,1446,0,1446.0,83,2,16,"(15, 2)",0,0.03008849557522124,90.5,42.25,source_memory,83,ATTACK,136,"(5, 36)",False,1,False,1480
26,0.0,True,0.0,0.3666258501506728,0.5314096417136027,1447,0,1447.0,85,4,15,"(2, 20)",0,0.04428697962798937,98.6,48.4,source_memory,85,ATTACK,140,"(20, 17)",False,2,False,1480
0,0.0,True,0.0,0.9,0.9,1443,0,1443.0,62,6,18,"(24, 45)",0,0.03713527851458886,79.22222222222223,33.0,source_memory,62,ATTACK,107,"(19, 26)",False,0,False,1485
5,0.0,False,0.0,0.1229072491373113,0.14587052020168886,1451,0,1451.0,83,2,16,"(15, 2)",0,0.030035335689045935,90.5,42.25,source_memory,83,ATTACK,136,"(5, 31)",False,1,False,1485
26,0.0,True,0.0,0.4042365539144815,0.5904673625692828,1452,0,1452.0,85,4,15,"(2, 20)",0,0.040671971706454466,98.6,48.4,source_memory,85,ATTACK,140,"(16, 16)",False,2,False,1485
0,0.0,True,0.0,0.9,0.9,1448,0,1448.0,62,6,18,"(24, 45)",0,0.03524229074889868,79.22222222222223,33.0,source_memory,62,ATTACK,107,"(19, 31)",False,0,False,1490
5,0.0,False,0.0,0.1467877958203958,0.2784169411072658,1456,0,1456.0,83,2,16,"(15, 2)",0,0.02992957746478873,90.5,42.25,source_memory,83,ATTACK,136,"(7, 28)",False,1,False,1490
26,0.0,True,0.0,0.456477126010533,0.6607089205126746,1457,0,1457.0,85,4,15,"(2, 20)",0,0.03788546255506608,98.6,48.4,source_memory,85,ATTACK,140,"(14, 19)",False,2,False,1490
0,0.0,True,0.0,0.9,0.9,1453,0,1453.0,62,6,18,"(24, 45)",0,0.035211267605633804,79.22222222222223,33.0,source_memory,62,ATTACK,107,"(19, 36)",False,0,False,1495
13,0.0,False,0.0,0.19388498109148855,0.4000681452776785,1461,0,1461.0,83,2,16,"(15, 2)",0,0.02990325417766051,90.5,42.25,source_memory,83,ATTACK,136,"(11, 27)",False,1,False,1495
26,0.0,True,0.0,0.4925900277608027,0.6235115111393225,1462,0,1462.0,85,4,15,"(2, 20)",0,0.037852112676056336,98.6,48.4,source_memory,85,ATTACK,141,"(10, 20)",False,2,False,1495
0,0.0,True,0.0,0.9,0.9,1458,0,1458.0,62,6,18,"(24, 45)",0,0.05197132616487455,79.22222222222223,33.0,source_memory,62,ATTACK,108,"(20, 40)",False,0,False,1500
4,0.0,False,0.0,0.23609579941872913,0.3917484714413932,1466,0,1466.0,85,2,16,"(15, 2)",0,0.049019607843137254,90.5,42.25,source_memory,85,ATTACK,139,"(12, 23)",False,1,False,1500
18,0.0,True,0.0,0.5227955685693115,0.672157190683948,1467,0,1467.0,85,4,15,"(2, 20)",0,0.05913978494623656,98.6,48.4,source_memory,85,ATTACK,142,"(5, 20)",False,2,False,1500
0,0.0,True,0.0,0.9,0.9,1463,0,1463.0,62,6,18,"(24, 45)",0,0.05017921146953405,79.22222222222223,33.0,source_memory,62,ATTACK,108,"(25, 40)",False,0,False,1505
1,0.0,False,0.0,0.23609579941872913,0.3917484714413932,1471,0,1471.0,85,2,16,"(15, 2)",0,0.045454545454545456,90.5,42.25,source_memory,85,ATTACK,139,"(14, 20)",False,1,False,1505
18,0.0,True,0.0,0.5227955685693115,0.672157190683948,1471,0,1471.0,86,4,15,"(25, 2)",0,0.0528673835125448,98.6,48.4,source_memory,86,ATTACK,143,"(3, 20)",False,2,False,1505
0,0.0,True,0.0,0.9,0.9,1468,0,1468.0,62,6,18,"(24, 45)",0,0.05,79.22222222222223,33.0,source_memory,62,ATTACK,108,"(25, 45)",False,0,False,1510
0,0.0,False,0.0,0.23609579941872913,0.3917484714413932,1476,0,1476.0,86,2,16,"(15, 2)",0,0.041777777777777775,90.5,42.25,source_memory,86,ATTACK,140,"(14, 15)",False,1,False,1510
18,0.0,True,0.0,0.5227955685693115,0.672157190683948,1476,0,1476.0,88,4,15,"(25, 2)",0,0.048214285714285716,98.6,48.4,source_memory,88,ATTACK,145,"(8, 20)",False,2,False,1510
0,0.0,True,0.0,0.9,0.9,1472,0,1472.0,63,6,19,"(21, 17)",0,0.05,79.57894736842105,33.89473684210526,source_memory,63,ATTACK,109,"(25, 43)",False,0,False,1515
0,0.0,False,0.0,0.23609579941872913,0.3917484714413932,1481,0,1481.0,86,2,16,"(15, 2)",0,0.04088888888888889,90.5,42.25,source_memory,86,ATTACK,140,"(14, 10)",False,1,False,1515
18,0.0,True,0.0,0.5227955685693115,0.672157190683948,1481,0,1481.0,89,4,15,"(25, 2)",0,0.04196428571428571,98.6,48.4,source_memory,89,ATTACK,146,"(13, 20)",False,2,False,1515
0,0.0,True,0.0,0.9,0.9,1477,0,1477.0,63,6,19,"(21, 17)",0,0.05,79.57894736842105,33.89473684210526,source_memory,63,ATTACK,109,"(23, 40)",False,0,False,1520
0,0.0,False,0.0,0.23609579941872913,0.3917484714413932,1486,0,1486.0,86,2,16,"(15, 2)",0,0.04088888888888889,90.5,42.25,source_memory,86,ATTACK,140,"(14, 5)",False,1,False,1520
18,0.0,True,0.0,0.5227955685693115,0.672157190683948,1486,0,1486.0,89,4,15,"(25, 2)",0,0.04017857142857143,98.6,48.4,source_memory,89,ATTACK,146,"(14, 16)",False,2,False,1520
0,0.0,True,0.0,0.9,0.9,1482,0,1482.0,63,6,19,"(21, 17)",0,0.048214285714285716,79.57894736842105,33.89473684210526,source_memory,63,ATTACK,110,"(20, 38)",False,0,False,1525
0,0.0,False,0.0,0.23609579941872913,0.3917484714413932,1490,0,1490.0,87,2,17,"(2, 41)",0,0.04088888888888889,89.70588235294117,42.88235294117647,source_memory,87,ATTACK,142,"(15, 2)",False,1,False,1525
18,0.0,True,0.0,0.5227955685693115,0.672157190683948,1491,0,1491.0,89,4,15,"(25, 2)",0,0.0375,98.6,48.4,source_memory,89,ATTACK,147,"(15, 12)",False,2,False,1525
0,0.0,True,0.0,0.9,0.9,1487,0,1487.0,63,6,19,"(21, 17)",0,0.04732142857142857,79.57894736842105,33.89473684210526,source_memory,63,ATTACK,110,"(20, 33)",False,0,False,1530
6,0.0,False,0.0,0.23609579941872913,0.3917484714413932,1495,0,1495.0,87,2,17,"(2, 41)",0,0.03911111111111111,89.70588235294117,42.88235294117647,source_memory,87,ATTACK,142,"(15, 7)",False,1,False,1530
24,0.0,True,0.0,0.5227955685693115,0.672157190683948,1496,0,1496.0,89,4,15,"(25, 2)",0,0.0375,98.6,48.4,source_memory,89,ATTACK,147,"(19, 11)",False,2,False,1530
0,0.0,True,0.0,0.9,0.9,1492,0,1492.0,63,6,19,"(21, 17)",0,0.04107142857142857,79.57894736842105,33.89473684210526,source_memory,63,ATTACK,110,"(20, 28)",False,0,False,1535
6,0.0,False,0.0,0.23609579941872913,0.3917484714413932,1500,0,1500.0,87,2,17,"(2, 41)",0,0.03911111111111111,89.70588235294117,42.88235294117647,source_memory,87,ATTACK,142,"(15, 12)",False,1,False,1535
24,0.0,True,0.0,0.5227955685693115,0.672157190683948,1501,0,1501.0,89,4,15,"(25, 2)",0,0.033928571428571426,98.6,48.4,source_memory,89,ATTACK,147,"(22, 9)",False,2,False,1535
0,0.0,True,0.0,0.9,0.9,1497,0,1497.0,63,6,19,"(21, 17)",0,0.03989120580235721,79.57894736842105,33.89473684210526,source_memory,63,ATTACK,110,"(19, 24)",False,0,False,1540
6,0.0,False,0.0,0.23609579941872913,0.3917484714413932,1505,0,1505.0,87,2,17,"(2, 41)",0,0.0388086642599278,89.70588235294117,42.88235294117647,source_memory,87,ATTACK,142,"(14, 16)",False,1,False,1540
24,0.0,True,0.0,0.5227955685693115,0.672157190683948,1506,0,1506.0,89,4,15,"(25, 2)",0,0.033544877606527655,98.6,48.4,source_memory,89,ATTACK,147,"(25, 7)",False,2,False,1540
0,0.0,True,0.0,0.9,0.9,1502,0,1502.0,63,6,19,"(21, 17)",0,0.03776978417266187,79.57894736842105,33.89473684210526,source_memory,63,ATTACK,110,"(19, 19)",False,0,False,1545
6,0.0,False,0.0,0.27548875481681456,0.48286315415572556,1510,0,1510.0,87,2,17,"(2, 41)",0,0.03849597135183527,89.70588235294117,42.88235294117647,source_memory,87,ATTACK,142,"(13, 20)",False,1,False,1545
24,0.0,True,0.0,0.5227955685693115,0.672157190683948,1511,0,1511.0,89,4,15,"(25, 2)",0,0.03237410071942446,98.6,48.4,source_memory,89,ATTACK,147,"(25, 2)",False,2,False,1545
0,0.0,True,0.0,0.9,0.9,1506,0,1506.0,64,6,19,"(15, 2)",0,0.03504043126684636,79.57894736842105,33.89473684210526,source_memory,64,ATTACK,112,"(21, 17)",False,0,False,1550
4,0.0,True,0.0,0.3142373894136998,0.5006796036786405,1515,0,1515.0,87,2,17,"(2, 41)",0,0.038461538461538464,89.70588235294117,42.88235294117647,source_memory,87,ATTACK,143,"(10, 22)",False,1,False,1550
24,0.0,True,0.0,0.5227955685693115,0.672157190683948,1515,0,1515.0,90,4,16,"(33, 50)",0,0.029649595687331536,96.625,48.0,source_memory,90,ATTACK,149,"(25, 6)",False,2,False,1550
0,0.0,True,0.0,0.9,0.9,1511,0,1511.0,64,6,19,"(15, 2)",0,0.03127792672028597,79.57894736842105,33.89473684210526,source_memory,64,ATTACK,112,"(16, 17)",False,0,False,1555
4,0.0,True,0.0,0.3142373894136998,0.5006796036786405,1520,0,1520.0,87,2,17,"(2, 41)",0,0.036476868327402136,89.70588235294117,42.88235294117647,source_memory,87,ATTACK,143,"(10, 27)",False,1,False,1555
24,0.0,True,0.0,0.5227955685693115,0.672157190683948,1520,0,1520.0,90,4,16,"(33, 50)",0,0.029490616621983913,96.625,48.0,source_memory,90,ATTACK,149,"(28, 8)",False,2,False,1555
0,0.0,True,0.0,0.9,0.9,1516,0,1516.0,64,6,19,"(15, 2)",0,0.027488151658767772,79.57894736842105,33.89473684210526,source_memory,64,ATTACK,112,"(15, 13)",False,0,False,1560
3,0.0,False,0.0,0.3163053354145574,0.3555963094308526,1525,0,1525.0,88,2,17,"(2, 41)",0,0.035781544256120526,89.70588235294117,42.88235294117647,source_memory,88,ATTACK,144,"(7, 29)",False,1,False,1560
24,0.0,True,0.0,0.5227955685693115,0.672157190683948,1525,0,1525.0,90,4,16,"(33, 50)",0,0.02759276879162702,96.625,48.0,source_memory,90,ATTACK,149,"(28, 13)",False,2,False,1560
0,0.0,True,0.0,0.9,0.9,1521,0,1521.0,64,6,19,"(15, 2)",0,0.02634054562558796,79.57894736842105,33.89473684210526,source_memory,64,ATTACK,112,"(15, 8)",False,0,False,1565
7,0.0,False,0.0,0.2665635709777611,0.2665635709777611,1530,0,1530.0,88,2,17,"(2, 41)",0,0.03551401869158879,89.70588235294117,42.88235294117647,source_memory,88,ATTACK,144,"(5, 32)",False,1,False,1565
30,0.0,True,0.0,0.5307452810330531,0.6817898178441419,1530,0,1530.0,90,4,16,"(33, 50)",0,0.031161473087818695,96.625,48.0,source_memory,90,ATTACK,149,"(29, 17)",False,2,False,1565
0,0.0,True,0.0,0.9,0.9,1526,0,1526.0,64,6,19,"(15, 2)",0,0.022747952684258416,79.57894736842105,33.89473684210526,source_memory,64,ATTACK,112,"(15, 3)",False,0,False,1570
6,0.0,False,0.0,0.2019627027559342,0.2019627027559342,1535,0,1535.0,88,2,17,"(2, 41)",0,0.03170289855072464,89.70588235294117,42.88235294117647,source_memory,88,ATTACK,144,"(4, 36)",False,1,False,1570
30,0.0,True,0.0,0.5307452810330531,0.6817898178441419,1535,0,1535.0,90,4,16,"(33, 50)",0,0.026484018264840183,96.625,48.0,source_memory,90,ATTACK,149,"(29, 22)",False,2,False,1570
0,0.0,True,0.0,0.9,0.9,1530,0,1530.0,66,6,20,"(33, 30)",0,0.022381378692927483,78.6,33.3,source_memory,66,ATTACK,114,"(15, 5)",False,0,False,1575
6,0.0,False,0.0,0.2019627027559342,0.2019627027559342,1540,0,1540.0,88,2,17,"(2, 41)",0,0.03130590339892665,89.70588235294117,42.88235294117647,source_memory,88,ATTACK,145,"(4, 41)",False,1,False,1575
30,0.0,True,0.0,0.5307452810330531,0.6817898178441419,1540,0,1540.0,90,4,16,"(33, 50)",0,0.02605570530098832,96.625,48.0,source_memory,90,ATTACK,150,"(29, 27)",False,2,False,1575
0,0.0,True,0.0,0.9,0.9,1535,0,1535.0,66,6,20,"(33, 30)",0,0.020351526364477335,78.6,33.3,source_memory,66,ATTACK,114,"(16, 9)",False,0,False,1580
6,0.0,False,0.0,0.2019627027559342,0.2019627027559342,1544,0,1544.0,89,2,17,"(2, 50)",0,0.02960222016651249,89.70588235294117,42.88235294117647,source_memory,89,ATTACK,146,"(3, 42)",False,1,False,1580
30,0.0,True,0.0,0.5703797521327595,0.7205339121119244,1545,0,1545.0,90,4,16,"(33, 50)",0,0.024051803885291396,96.625,48.0,source_memory,90,ATTACK,150,"(29, 32)",False,2,False,1580
0,0.0,True,0.0,0.9,0.9,1540,0,1540.0,66,6,20,"(33, 30)",0,0.02089009990917348,78.6,33.3,source_memory,66,ATTACK,114,"(16, 14)",False,0,False,1585
6,0.0,False,0.0,0.2019627027559342,0.2019627027559342,1549,0,1549.0,89,2,17,"(2, 50)",0,0.02815622161671208,89.70588235294117,42.88235294117647,source_memory,89,ATTACK,146,"(3, 47)",False,1,False,1585
30,0.0,True,0.0,0.6091346319052794,0.7548555883969792,1550,0,1550.0,90,4,16,"(33, 50)",0,0.02452316076294278,96.625,48.0,source_memory,90,ATTACK,150,"(29, 37)",False,2,False,1585
0,0.0,True,0.0,0.9,0.9,1545,0,1545.0,66,6,20,"(33, 30)",0,0.019730941704035873,78.6,33.3,source_memory,66,ATTACK,114,"(17, 18)",False,0,False,1590
6,0.0,False,0.0,0.2019627027559342,0.2019627027559342,1553,0,1553.0,89,2,18,"(2, 50)",0,0.026905829596412557,88.33333333333333,41.166666666666664,source_memory,89,ATTACK,147,"(2, 50)",False,1,False,1590
30,0.0,True,0.0,0.6466431602741568,0.7862500270022328,1555,0,1555.0,90,4,16,"(33, 50)",0,0.025112107623318385,96.625,48.0,source_memory,90,ATTACK,150,"(29, 42)",False,2,False,1590
0,0.0,True,0.0,0.9,0.9,1550,0,1550.0,66,6,20,"(33, 30)",0,0.01929824561403509,78.6,33.3,source_memory,66,ATTACK,114,"(18, 22)",False,0,False,1595
6,0.0,False,0.0,0.2019627027559342,0.2019627027559342,1557,0,1557.0,90,2,18,"(24, 45)",0,0.02631578947368421,88.33333333333333,41.166666666666664,source_memory,90,ATTACK,148,"(4, 48)",False,1,False,1595
30,0.0,True,0.0,0.6819298305354902,0.812135876401253,1560,0,1560.0,90,4,16,"(33, 50)",0,0.02631578947368421,96.625,48.0,source_memory,90,ATTACK,150,"(29, 47)",False,2,False,1595
0,0.0,True,0.0,0.9,0.9,1555,0,1555.0,66,6,20,"(33, 30)",0,0.019281332164767746,78.6,33.3,source_memory,66,ATTACK,115,"(21, 24)",False,0,False,1600
6,0.0,False,0.0,0.2019627027559342,0.2019627027559342,1562,0,1562.0,90,2,18,"(24, 45)",0,0.026292725679228746,88.33333333333333,41.166666666666664,source_memory,90,ATTACK,149,"(7, 46)",False,1,False,1600
30,0.0,True,0.0,0.7081143322511724,0.8288132851082562,1565,0,1565.0,90,4,16,"(33, 50)",0,0.026292725679228746,96.625,48.0,source_memory,90,ATTACK,151,"(31, 50)",False,2,False,1600
0,0.0,True,0.0,0.9,0.9,1560,0,1560.0,66,6,20,"(33, 30)",0,0.017528483786152498,78.6,33.3,source_memory,66,ATTACK,115,"(21, 29)",False,0,False,1605
14,0.0,False,0.0,0.2027259066449121,0.21722678053549213,1567,0,1567.0,90,2,18,"(24, 45)",0,0.025394045534150613,88.33333333333333,41.166666666666664,source_memory,90,ATTACK,149,"(12, 46)",False,1,False,1605
38,0.0,True,0.0,0.7081143322511724,0.8288132851082562,1569,0,1569.0,91,4,16,"(33, 8)",0,0.02714535901926445,96.625,48.0,source_memory,91,ATTACK,152,"(33, 48)",False,2,False,1605
0,0.0,True,0.0,0.9,0.9,1565,0,1565.0,66,6,20,"(33, 30)",0,0.016652059596844872,78.6,33.3,source_memory,66,ATTACK,115,"(25, 30)",False,0,False,1610
14,0.0,False,0.0,0.2065542572139157,0.2501458092625782,1572,0,1572.0,90,2,18,"(24, 45)",0,0.025394045534150613,88.33333333333333,41.166666666666664,source_memory,90,ATTACK,149,"(14, 49)",False,1,False,1610
38,0.0,True,0.0,0.7081143322511724,0.8288132851082562,1574,0,1574.0,91,4,16,"(33, 8)",0,0.025394045534150613,96.625,48.0,source_memory,91,ATTACK,152,"(30, 46)",False,2,False,1610
0,0.0,True,0.0,0.9,0.9,1570,0,1570.0,66,6,20,"(33, 30)",0,0.01486013986013986,78.6,33.3,source_memory,66,ATTACK,115,"(30, 30)",False,0,False,1615
14,0.0,False,0.0,0.21680231697685476,0.29242609740445796,1577,0,1577.0,90,2,18,"(24, 45)",0,0.026200873362445413,88.33333333333333,41.166666666666664,source_memory,90,ATTACK,149,"(19, 49)",False,1,False,1615
38,0.0,True,0.0,0.7081143322511724,0.8288132851082562,1579,0,1579.0,91,4,16,"(33, 8)",0,0.022707423580786028,96.625,48.0,source_memory,91,ATTACK,152,"(30, 41)",False,2,False,1615
0,0.0,True,0.0,0.9,0.9,1574,0,1574.0,67,6,20,"(25, 2)",0,0.014821272885789015,78.6,33.3,source_memory,67,ATTACK,116,"(32, 30)",False,0,False,1620
14,0.0,False,0.0,0.24439374958329813,0.36807145320262386,1582,0,1582.0,90,2,18,"(24, 45)",0,0.02613240418118467,88.33333333333333,41.166666666666664,source_memory,90,ATTACK,149,"(24, 49)",False,1,False,1620
35,0.0,True,0.0,0.6392752258735004,0.6392752258735004,1584,0,1584.0,91,4,16,"(33, 8)",0,0.02003484320557491,96.625,48.0,source_memory,91,ATTACK,152,"(29, 37)",False,2,False,1620
0,0.0,True,0.0,0.9,0.9,1579,0,1579.0,67,6,20,"(25, 2)",0,0.014821272885789015,78.6,33.3,source_memory,67,ATTACK,117,"(29, 28)",False,0,False,1625
14,0.0,False,0.0,0.28332065979096466,0.445943260612304,1586,0,1586.0,91,2,19,"(33, 8)",0,0.024390243902439025,85.52631578947368,40.78947368421053,source_memory,91,ATTACK,151,"(24, 45)",False,1,False,1625
34,0.0,True,0.0,0.6479818846378335,0.6972013164510323,1589,0,1589.0,91,4,16,"(33, 8)",0,0.020905923344947737,96.625,48.0,source_memory,91,ATTACK,153,"(29, 32)",False,2,False,1625
0,0.0,True,0.0,0.9,0.9,1584,0,1584.0,67,6,20,"(25, 2)",0,0.013077593722755012,78.6,33.3,source_memory,67,ATTACK,117,"(26, 26)",False,0,False,1630
14,0.0,False,0.0,0.31958009499986406,0.4960427932572333,1591,0,1591.0,91,2,19,"(33, 8)",0,0.024390243902439025,85.52631578947368,40.78947368421053,source_memory,91,ATTACK,151,"(27, 43)",False,1,False,1630
34,0.0,True,0.0,0.6682139237103318,0.7604353625519622,1594,0,1594.0,91,4,16,"(33, 8)",0,0.020905923344947737,96.625,48.0,source_memory,91,ATTACK,153,"(29, 27)",False,2,False,1630
0,0.0,True,0.0,0.9,0.9,1589,0,1589.0,67,6,20,"(25, 2)",0,0.012205754141238012,78.6,33.3,source_memory,67,ATTACK,117,"(25, 22)",False,0,False,1635
10,0.0,False,0.0,0.35459076494191666,0.47249213973390813,1596,0,1596.0,92,2,19,"(33, 8)",0,0.02177700348432056,85.52631578947368,40.78947368421053,source_memory,92,ATTACK,152,"(27, 38)",False,1,False,1635
34,0.0,True,0.0,0.6962982899425686,0.8103046947230164,1599,0,1599.0,91,4,16,"(33, 8)",0,0.020905923344947737,96.625,48.0,source_memory,91,ATTACK,153,"(29, 22)",False,2,False,1635
0,0.0,True,0.0,0.9,0.9,1594,0,1594.0,67,6,20,"(25, 2)",0,0.012205754141238012,78.6,33.3,source_memory,67,ATTACK,117,"(25, 17)",False,0,False,1640
9,0.0,True,0.0,0.386518022058407,0.5123359923918177,1601,0,1601.0,92,2,19,"(33, 8)",0,0.02177700348432056,85.52631578947368,40.78947368421053,source_memory,92,ATTACK,153,"(29, 35)",False,1,False,1640
34,0.0,True,0.0,0.7277993745981217,0.8501699986006649,1604,0,1604.0,91,4,16,"(33, 8)",0,0.020905923344947737,96.625,48.0,source_memory,91,ATTACK,153,"(29, 17)",False,2,False,1640
0,0.0,True,0.0,0.9,0.9,1599,0,1599.0,67,6,20,"(25, 2)",0,0.012205754141238012,78.6,33.3,source_memory,67,ATTACK,117,"(25, 12)",False,0,False,1645
16,0.0,True,0.0,0.42360155930130383,0.5728465539771107,1606,0,1606.0,92,2,19,"(33, 8)",0,0.02264808362369338,85.52631578947368,40.78947368421053,source_memory,92,ATTACK,153,"(29, 30)",False,1,False,1645
41,0.0,True,0.0,0.7597069196194237,0.8789243219330095,1609,0,1609.0,91,4,16,"(33, 8)",0,0.024390243902439025,96.625,48.0,source_memory,91,ATTACK,153,"(31, 14)",False,2,False,1645
0,0.0,True,0.0,0.9,0.9,1604,0,1604.0,67,6,20,"(25, 2)",0,0.05492589363557106,78.6,33.3,source_memory,67,ATTACK,118,"(25, 7)",False,0,False,1650
16,0.0,True,0.0,0.45778754061913124,0.6268061709911518,1611,0,1611.0,92,2,19,"(33, 8)",0,0.046167247386759584,85.52631578947368,40.78947368421053,source_memory,92,ATTACK,154,"(29, 25)",False,1,False,1650
41,0.0,True,0.0,0.7898112041113328,0.9007171272975611,1614,0,1614.0,91,4,16,"(33, 8)",0,0.06097560975609756,96.625,48.0,source_memory,91,ATTACK,154,"(31, 9)",False,2,False,1650
0,0.0,True,0.0,0.9,0.9,1609,0,1609.0,67,6,20,"(25, 2)",0,0.05492589363557106,78.6,33.3,source_memory,67,ATTACK,118,"(25, 2)",False,0,False,1655
16,0.0,True,0.0,0.45778754061913124,0.6268061709911518,1616,0,1616.0,92,2,19,"(33, 8)",0,0.042682926829268296,85.52631578947368,40.78947368421053,source_memory,92,ATTACK,154,"(29, 20)",False,1,False,1655
41,0.0,True,0.0,0.8173932567683776,0.9173555450507546,1618,0,1618.0,92,4,17,"(33, 30)",0,0.06010452961672474,97.29411764705883,48.1764705882353,source_memory,92,ATTACK,155,"(33, 9)",False,2,False,1655
0,0.0,True,0.0,0.9,0.9,1613,0,1613.0,68,6,21,"(2, 41)",0,0.05492589363557106,78.85714285714286,33.476190476190474,source_memory,68,ATTACK,119,"(25, 6)",False,0,False,1660
16,0.0,True,0.0,0.46681287463002163,0.6382942208369389,1621,0,1621.0,92,2,19,"(33, 8)",0,0.041811846689895474,85.52631578947368,40.78947368421053,source_memory,92,ATTACK,154,"(29, 15)",False,1,False,1660
41,0.0,True,0.0,0.8173932567683776,0.9173555450507546,1623,0,1623.0,92,4,17,"(33, 30)",0,0.06097560975609756,97.29411764705883,48.1764705882353,source_memory,92,ATTACK,155,"(31, 12)",False,2,False,1660
0,0.0,True,0.0,0.9,0.9,1618,0,1618.0,68,6,21,"(2, 41)",0,0.05492589363557106,78.85714285714286,33.476190476190474,source_memory,68,ATTACK,119,"(25, 11)",False,0,False,1665
16,0.0,True,0.0,0.5139703535874129,0.7005746585791194,1626,0,1626.0,92,2,19,"(33, 8)",0,0.047038327526132406,85.52631578947368,40.78947368421053,source_memory,92,ATTACK,154,"(29, 10)",False,1,False,1665
41,0.0,True,0.0,0.8420140397536842,0.9320456765855633,1628,0,1628.0,92,4,17,"(33, 30)",0,0.05836236933797909,97.29411764705883,48.1764705882353,source_memory,92,ATTACK,155,"(30, 16)",False,2,False,1665
0,0.0,True,0.0,0.9,0.9,1623,0,1623.0,68,6,21,"(2, 41)",0,0.05231037489102005,78.85714285714286,33.476190476190474,source_memory,68,ATTACK,119,"(25, 16)",False,0,False,1670
16,0.0,True,0.0,0.5645485825607925,0.7574236550004275,1631,0,1631.0,92,2,19,"(33, 8)",0,0.047038327526132406,85.52631578947368,40.78947368421053,source_memory,92,ATTACK,154,"(32, 8)",False,1,False,1670
41,0.0,True,0.0,0.8643268873407575,0.9457212273003367,1633,0,1633.0,92,4,17,"(33, 30)",0,0.05836236933797909,97.29411764705883,48.1764705882353,source_memory,92,ATTACK,155,"(29, 20)",False,2,False,1670
0,0.0,True,0.0,0.9,0.9,1628,0,1628.0,69,6,21,"(2, 41)",0,0.05231037489102005,78.85714285714286,33.476190476190474,source_memory,69,ATTACK,120,"(21, 17)",False,0,False,1675
16,0.0,True,0.0,0.5844450831021573,0.7719045087359907,1635,0,1635.0,93,2,19,"(33, 50)",0,0.047038327526132406,85.52631578947368,40.78947368421053,source_memory,93,ATTACK,156,"(33, 11)",False,1,False,1675
41,0.0,True,0.0,0.8726390027223418,0.9508306672898189,1638,0,1638.0,92,4,17,"(33, 30)",0,0.05574912891986063,97.29411764705883,48.1764705882353,source_memory,92,ATTACK,156,"(29, 25)",False,2,False,1675
0,0.0,True,0.0,0.9,0.9,1633,0,1633.0,69,6,21,"(2, 41)",0,0.04795117698343505,78.85714285714286,33.476190476190474,source_memory,69,ATTACK,120,"(17, 18)",False,0,False,1680
16,0.0,True,0.0,0.6318431530078202,0.8072254035501737,1640,0,1640.0,93,2,19,"(33, 50)",0,0.046167247386759584,85.52631578947368,40.78947368421053,source_memory,93,ATTACK,156,"(30, 13)",False,1,False,1680
41,0.0,True,0.0,0.8726390027223418,0.9508306672898189,1643,0,1643.0,92,4,17,"(33, 30)",0,0.05139372822299652,97.29411764705883,48.1764705882353,source_memory,92,ATTACK,156,"(29, 30)",False,2,False,1680
0,0.0,True,0.0,0.9,0.9,1638,0,1638.0,69,6,21,"(2, 41)",0,0.046207497820401046,78.85714285714286,33.476190476190474,source_memory,69,ATTACK,120,"(17, 23)",False,0,False,1685
16,0.0,True,0.0,0.6759383067971841,0.8378398095550482,1645,0,1645.0,93,2,19,"(33, 50)",0,0.042682926829268296,85.52631578947368,40.78947368421053,source_memory,93,ATTACK,156,"(29, 17)",False,1,False,1685
41,0.0,True,0.0,0.8726390027223418,0.9508306672898189,1647,0,1647.0,93,4,17,"(2, 41)",0,0.050522648083623695,97.29411764705883,48.1764705882353,source_memory,93,ATTACK,157,"(33, 30)",False,2,False,1685
0,0.0,True,0.0,0.9,0.9,1643,0,1643.0,69,6,21,"(2, 41)",0,0.03836094158674804,78.85714285714286,33.476190476190474,source_memory,69,ATTACK,120,"(17, 28)",False,0,False,1690
10,0.0,True,0.0,0.6926607384453487,0.8509125677478389,1650,0,1650.0,93,2,19,"(33, 50)",0,0.037456445993031356,85.52631578947368,40.78947368421053,source_memory,93,ATTACK,156,"(29, 22)",False,1,False,1690
34,0.0,True,0.0,0.8726390027223418,0.9508306672898189,1652,0,1652.0,93,4,17,"(2, 41)",0,0.04355400696864112,97.29411764705883,48.1764705882353,source_memory,93,ATTACK,157,"(29, 31)",False,2,False,1690
0,0.0,True,0.0,0.9,0.9,1648,0,1648.0,69,6,21,"(2, 41)",0,0.033101045296167246,78.85714285714286,33.476190476190474,source_memory,69,ATTACK,120,"(17, 33)",False,0,False,1695
10,0.0,True,0.0,0.6926607384453487,0.8509125677478389,1655,0,1655.0,95,2,19,"(33, 50)",0,0.037456445993031356,85.52631578947368,40.78947368421053,source_memory,95,ATTACK,158,"(29, 27)",False,1,False,1695
34,0.0,True,0.0,0.8766237156322905,0.9523332609213152,1657,0,1657.0,94,4,17,"(2, 41)",0,0.037456445993031356,97.29411764705883,48.1764705882353,source_memory,94,ATTACK,158,"(25, 32)",False,2,False,1695
0,0.0,True,0.0,0.9,0.9,1653,0,1653.0,70,6,21,"(2, 41)",0,0.02789886660854403,78.85714285714286,33.476190476190474,source_memory,70,ATTACK,121,"(15, 36)",False,0,False,1700
10,0.0,True,0.0,0.6926607384453487,0.8509125677478389,1660,0,1660.0,95,2,19,"(33, 50)",0,0.03312990409764603,85.52631578947368,40.78947368421053,source_memory,95,ATTACK,159,"(30, 31)",False,1,False,1700
34,0.0,True,0.0,0.8948377974365787,0.9598984878185647,1662,0,1662.0,95,4,17,"(2, 41)",0,0.03225806451612903,97.29411764705883,48.1764705882353,source_memory,95,ATTACK,159,"(23, 35)",False,2,False,1700
0,0.0,True,0.0,0.9,0.9,1658,0,1658.0,71,6,21,"(2, 41)",0,0.02613240418118467,78.85714285714286,33.476190476190474,source_memory,71,ATTACK,122,"(10, 36)",False,0,False,1705
7,0.0,True,0.0,0.6926607384453487,0.8509125677478389,1665,0,1665.0,95,2,19,"(33, 50)",0,0.03048780487804878,85.52631578947368,40.78947368421053,source_memory,95,ATTACK,159,"(30, 36)",False,1,False,1705
28,0.0,True,0.0,0.9105412737625125,0.9667364536308125,1667,0,1667.0,95,4,17,"(2, 41)",0,0.02613240418118467,97.29411764705883,48.1764705882353,source_memory,95,ATTACK,159,"(20, 37)",False,2,False,1705
0,0.0,True,0.0,0.9,0.9,1663,0,1663.0,71,6,21,"(2, 41)",0,0.024390243902439025,78.85714285714286,33.476190476190474,source_memory,71,ATTACK,122,"(5, 36)",False,0,False,1710
7,0.0,True,0.0,0.6926607384453487,0.8509125677478389,1670,0,1670.0,95,2,19,"(33, 50)",0,0.027874564459930314,85.52631578947368,40.78947368421053,source_memory,95,ATTACK,159,"(29, 40)",False,1,False,1710
22,0.0,True,0.0,0.8745221256403689,0.8745221256403689,1672,0,1672.0,95,4,17,"(2, 41)",0,0.02264808362369338,97.29411764705883,48.1764705882353,source_memory,95,ATTACK,159,"(16, 38)",False,2,False,1710
0,0.0,True,0.0,0.9,0.9,1668,0,1668.0,71,6,21,"(2, 41)",0,0.024390243902439025,78.85714285714286,33.476190476190474,source_memory,71,ATTACK,122,"(3, 39)",False,0,False,1715
7,0.0,True,0.0,0.6926607384453487,0.8509125677478389,1675,0,1675.0,95,2,19,"(33, 50)",0,0.027874564459930314,85.52631578947368,40.78947368421053,source_memory,95,ATTACK,159,"(29, 45)",False,1,False,1715
13,0.0,True,0.0,0.8775751851038567,0.8955904066497443,1677,0,1677.0,96,4,17,"(2, 41)",0,0.02264808362369338,97.29411764705883,48.1764705882353,source_memory,96,ATTACK,160,"(12, 37)",False,2,False,1715
0,0.0,True,0.0,0.9,0.9,1672,0,1672.0,72,6,21,"(25, 2)",0,0.023539668700959023,78.85714285714286,33.476190476190474,source_memory,72,ATTACK,123,"(3, 41)",False,0,False,1720
12,0.0,True,0.0,0.6926607384453487,0.8509125677478389,1680,0,1680.0,95,2,19,"(33, 50)",0,0.03225806451612903,85.52631578947368,40.78947368421053,source_memory,95,ATTACK,159,"(29, 50)",False,1,False,1720
13,0.0,True,0.0,0.8843430228868185,0.9139148880759671,1682,0,1682.0,96,4,17,"(2, 41)",0,0.02702702702702703,97.29411764705883,48.1764705882353,source_memory,96,ATTACK,160,"(10, 38)",False,2,False,1720
0,0.0,True,0.0,0.9,0.9,1677,0,1677.0,72,6,21,"(25, 2)",0,0.022667829119442023,78.85714285714286,33.476190476190474,source_memory,72,ATTACK,124,"(7, 40)",False,0,False,1725
12,0.0,True,0.0,0.6926607384453487,0.8509125677478389,1684,0,1684.0,96,2,20,"(25, 2)",0,0.03138622493461203,86.25,41.4,source_memory,96,ATTACK,161,"(33, 50)",False,1,False,1725
13,0.0,True,0.0,0.8934069934471515,0.9313701534544849,1686,0,1686.0,96,5,17,"(2, 41)",0,0.026155187445510025,97.29411764705883,48.1764705882353,source_memory,96,ATTACK,161,"(8, 40)",False,2,False,1725
0,0.0,True,0.0,0.9,0.9,1682,0,1682.0,72,6,21,"(25, 2)",0,0.022667829119442023,78.85714285714286,33.476190476190474,source_memory,72,ATTACK,124,"(9, 37)",False,0,False,1730
12,0.0,True,0.0,0.6926607384453487,0.8509125677478389,1689,0,1689.0,96,2,20,"(25, 2)",0,0.03138622493461203,86.25,41.4,source_memory,96,ATTACK,161,"(30, 48)",False,1,False,1730
13,0.0,True,0.0,0.9042599292064581,0.9465576439527009,1690,0,1690.0,96,6,17,"(2, 41)",0,0.026155187445510025,97.29411764705883,48.1764705882353,source_memory,96,ATTACK,162,"(5, 41)",False,2,False,1730
0,0.0,True,0.0,0.9,0.9,1687,0,1687.0,72,6,21,"(25, 2)",0,0.022667829119442023,78.85714285714286,33.476190476190474,source_memory,72,ATTACK,124,"(12, 35)",False,0,False,1735
12,0.0,True,0.0,0.6926607384453487,0.8509125677478389,1694,0,1694.0,96,2,20,"(25, 2)",0,0.03138622493461203,86.25,41.4,source_memory,96,ATTACK,161,"(30, 43)",False,1,False,1735
13,0.0,True,0.0,0.913128841299793,0.9553686230802186,1694,0,1694.0,97,6,18,"(21, 17)",0,0.026155187445510025,96.33333333333333,48.22222222222222,source_memory,97,ATTACK,163,"(3, 41)",False,2,False,1735
0,0.0,True,0.0,0.9,0.9,1692,0,1692.0,72,6,21,"(25, 2)",0,0.021052631578947368,78.85714285714286,33.476190476190474,source_memory,72,ATTACK,124,"(14, 32)",False,0,False,1740
12,0.0,True,0.0,0.6926607384453487,0.8509125677478389,1699,0,1699.0,96,2,20,"(25, 2)",0,0.03070175438596491,86.25,41.4,source_memory,96,ATTACK,161,"(29, 39)",False,1,False,1740
13,0.0,True,0.0,0.9196348366160044,0.960410115563734,1699,0,1699.0,97,6,18,"(21, 17)",0,0.02543859649122807,96.33333333333333,48.22222222222222,source_memory,97,ATTACK,163,"(7, 40)",False,2,False,1740
0,0.0,True,0.0,0.9,0.9,1697,0,1697.0,72,6,21,"(25, 2)",0,0.021052631578947368,78.85714285714286,33.476190476190474,source_memory,72,ATTACK,124,"(17, 30)",False,0,False,1745
12,0.0,True,0.0,0.6926607384453487,0.8509125677478389,1704,0,1704.0,96,2,20,"(25, 2)",0,0.03070175438596491,86.25,41.4,source_memory,96,ATTACK,161,"(30, 35)",False,1,False,1745
13,0.0,True,0.0,0.9298624462678033,0.9673534810278873,1704,0,1704.0,97,6,18,"(21, 17)",0,0.02543859649122807,96.33333333333333,48.22222222222222,source_memory,97,ATTACK,163,"(8, 36)",False,2,False,1745
0,0.0,True,0.0,0.9,0.9,1702,0,1702.0,72,6,21,"(25, 2)",0,0.01929824561403509,78.85714285714286,33.476190476190474,source_memory,72,ATTACK,125,"(18, 26)",False,0,False,1750
12,0.0,True,0.0,0.6926607384453487,0.8509125677478389,1709,0,1709.0,96,2,20,"(25, 2)",0,0.02982456140350877,86.25,41.4,source_memory,96,ATTACK,162,"(29, 31)",False,1,False,1750
13,0.0,True,0.0,0.9390546682084664,0.9724817763449664,1709,0,1709.0,98,6,18,"(21, 17)",0,0.02456140350877193,96.33333333333333,48.22222222222222,source_memory,98,ATTACK,164,"(12, 35)",False,2,False,1750
0,0.0,True,0.0,0.9,0.9,1707,0,1707.0,72,6,21,"(25, 2)",0,0.017543859649122806,78.85714285714286,33.476190476190474,source_memory,72,ATTACK,125,"(18, 21)",False,0,False,1755
15,0.0,True,0.0,0.6926607384453487,0.8509125677478389,1714,0,1714.0,96,2,20,"(25, 2)",0,0.031578947368421054,86.25,41.4,source_memory,96,ATTACK,162,"(29, 26)",False,1,False,1755
16,0.0,True,0.0,0.9472453714940253,0.9768316707776298,1714,0,1714.0,98,6,18,"(21, 17)",0,0.02368421052631579,96.33333333333333,48.22222222222222,source_memory,98,ATTACK,164,"(15, 33)",False,2,False,1755
0,0.0,True,0.0,0.9,0.9,1712,0,1712.0,72,6,21,"(25, 2)",0,0.017543859649122806,78.85714285714286,33.476190476190474,source_memory,72,ATTACK,125,"(19, 17)",False,0,False,1760
13,0.0,True,0.0,0.6926607384453487,0.8509125677478389,1719,0,1719.0,96,2,20,"(25, 2)",0,0.02982456140350877,86.25,41.4,source_memory,96,ATTACK,162,"(29, 21)",False,1,False,1760
14,0.0,True,0.0,0.9544558819731676,0.980405960792987,1719,0,1719.0,98,6,18,"(21, 17)",0,0.021929824561403508,96.33333333333333,48.22222222222222,source_memory,98,ATTACK,164,"(19, 32)",False,2,False,1760
0,0.0,True,0.0,0.9,0.9,1717,0,1717.0,72,6,21,"(25, 2)",0,0.017543859649122806,78.85714285714286,33.476190476190474,source_memory,72,ATTACK,125,"(24, 17)",False,0,False,1765
13,0.0,True,0.0,0.7167262740688939,0.8669099533869934,1724,0,1724.0,96,2,20,"(25, 2)",0,0.02982456140350877,86.25,41.4,source_memory,96,ATTACK,162,"(28, 17)",False,1,False,1765
14,0.0,True,0.0,0.9607470453818454,0.9834100522668044,1724,0,1724.0,98,6,18,"(21, 17)",0,0.021929824561403508,96.33333333333333,48.22222222222222,source_memory,98,ATTACK,164,"(19, 27)",False,2,False,1765
0,0.0,True,0.0,0.9,0.9,1722,0,1722.0,72,6,21,"(25, 2)",0,0.017543859649122806,78.85714285714286,33.476190476190474,source_memory,72,ATTACK,125,"(25, 13)",False,0,False,1770
13,0.0,True,0.0,0.754942089327811,0.896154201217478,1729,0,1729.0,96,2,20,"(25, 2)",0,0.02982456140350877,86.25,41.4,source_memory,96,ATTACK,162,"(28, 12)",False,1,False,1770
14,0.0,True,0.0,0.966251498636183,0.9861139526761483,1729,0,1729.0,98,6,18,"(21, 17)",0,0.021929824561403508,96.33333333333333,48.22222222222222,source_memory,98,ATTACK,164,"(19, 22)",False,2,False,1770
0,0.0,True,0.0,0.9,0.9,1727,0,1727.0,72,6,21,"(25, 2)",0,0.017543859649122806,78.85714285714286,33.476190476190474,source_memory,72,ATTACK,126,"(25, 8)",False,0,False,1775
13,0.0,True,0.0,0.790078055146742,0.9178758250710114,1734,0,1734.0,96,2,20,"(25, 2)",0,0.02982456140350877,86.25,41.4,source_memory,96,ATTACK,163,"(28, 7)",False,1,False,1775
14,0.0,True,0.0,0.9711146301056238,0.9887432216347111,1734,0,1734.0,98,6,18,"(21, 17)",0,0.021929824561403508,96.33333333333333,48.22222222222222,source_memory,98,ATTACK,165,"(19, 17)",False,2,False,1775
0,0.0,True,0.0,0.9,0.9,1732,0,1732.0,72,6,21,"(25, 2)",0,0.017482517482517484,78.85714285714286,33.476190476190474,source_memory,72,ATTACK,126,"(25, 3)",False,0,False,1780
13,0.0,True,0.0,0.8213000274780141,0.9343184832013663,1739,0,1739.0,96,2,20,"(25, 2)",0,0.02972027972027972,86.25,41.4,source_memory,96,ATTACK,163,"(26, 4)",False,1,False,1780
14,0.0,True,0.0,0.9737768842924653,0.9902895115133376,1738,0,1738.0,99,6,18,"(2, 50)",0,0.021853146853146852,96.33333333333333,48.22222222222222,source_memory,99,ATTACK,166,"(19, 17)",False,2,False,1780
0,0.0,True,0.0,0.9,0.9,1735,0,1735.0,73,7,22,"(13, 50)",0,0.017482517482517484,81.0,34.81818181818182,source_memory,73,ATTACK,127,"(25, 4)",False,0,False,1785
13,0.0,True,0.0,0.8437431437222263,0.9463920627509964,1744,0,1744.0,98,2,20,"(25, 2)",0,0.02972027972027972,86.25,41.4,source_memory,98,ATTACK,165,"(26, 3)",False,1,False,1785
14,0.0,True,0.0,0.9746185182189984,0.9906095628231263,1743,0,1743.0,99,6,18,"(2, 50)",0,0.021853146853146852,96.33333333333333,48.22222222222222,source_memory,99,ATTACK,166,"(18, 21)",False,2,False,1785
0,0.0,True,0.0,0.9,0.9,1740,0,1740.0,73,7,22,"(13, 50)",0,0.017482517482517484,81.0,34.81818181818182,source_memory,73,ATTACK,127,"(25, 9)",False,0,False,1790
48,11.682483216133285,True,11.682483216133285,0.8688139429700443,0.9588970326793517,1748,0,1748.0,100,2,20,"(33, 30)",48,0.02972027972027972,86.25,41.4,source_memory,100,ATTACK,168,"(25, 4)",True,1,True,1790
49,0.0,True,0.0,0.9776725117773433,0.9913384846366432,1748,0,1748.0,99,6,18,"(2, 50)",0,0.05419580419580419,96.33333333333333,48.22222222222222,source_memory,99,ATTACK,166,"(18, 26)",False,2,False,1790
0,0.0,True,0.0,0.9,0.9,1745,0,1745.0,73,7,22,"(13, 50)",0,0.017482517482517484,81.0,34.81818181818182,source_memory,73,ATTACK,127,"(25, 14)",False,0,False,1795
48,11.682483216133285,True,11.682483216133285,0.8904578813676508,0.9677077880485636,1753,0,1753.0,105,2,20,"(33, 30)",48,0.02972027972027972,86.25,41.4,source_memory,105,ATTACK,173,"(25, 9)",True,1,True,1795
49,0.0,True,0.0,0.9796734232198784,0.9918994288988662,1753,0,1753.0,99,6,18,"(2, 50)",0,0.05419580419580419,96.33333333333333,48.22222222222222,source_memory,99,ATTACK,166,"(18, 31)",False,2,False,1795
0,0.0,True,0.0,0.9,0.9,1750,0,1750.0,73,7,22,"(13, 50)",0,0.060954063604240286,81.0,34.81818181818182,source_memory,73,ATTACK,128,"(23, 17)",False,0,False,1800
48,13.213704208616768,True,13.213704208616768,0.9089162798566587,0.9745922162511144,1758,0,1758.0,110,2,20,"(33, 30)",48,0.06690140845070422,86.25,41.4,source_memory,110,ATTACK,178,"(25, 14)",True,1,True,1800
49,0.0,True,0.0,0.9796734232198784,0.9918994288988662,1758,0,1758.0,99,6,18,"(2, 50)",0,0.09347442680776014,96.33333333333333,48.22222222222222,source_memory,99,ATTACK,167,"(13, 31)",False,2,False,1800
0,0.0,True,0.0,0.9,0.9,1755,0,1755.0,73,7,22,"(13, 50)",0,0.05383936451897617,81.0,34.81818181818182,source_memory,73,ATTACK,128,"(19, 18)",False,0,False,1805
48,13.213704208616768,True,13.213704208616768,0.9246296189682878,0.9805683059933153,1763,0,1763.0,112,2,20,"(33, 30)",48,0.06338028169014084,86.25,41.4,source_memory,112,ATTACK,182,"(25, 19)",True,1,True,1805
49,0.0,True,0.0,0.9796734232198784,0.9918994288988662,1763,0,1763.0,99,6,18,"(2, 50)",0,0.09162995594713656,96.33333333333333,48.22222222222222,source_memory,99,ATTACK,167,"(10, 33)",False,2,False,1805
0,0.0,True,0.0,0.9,0.9,1760,0,1760.0,73,7,22,"(13, 50)",0,0.04854368932038835,81.0,34.81818181818182,source_memory,73,ATTACK,128,"(17, 21)",False,0,False,1810
33,13.804718448040877,True,13.804718448040877,0.927470849138882,0.9814542223801724,1768,0,1768.0,112,2,20,"(33, 30)",33,0.06426056338028169,86.25,41.4,source_memory,112,ATTACK,182,"(25, 24)",True,1,True,1810
49,0.0,True,0.0,0.9796734232198784,0.9918994288988662,1768,0,1768.0,99,6,18,"(2, 50)",0,0.08898678414096917,96.33333333333333,48.22222222222222,source_memory,99,ATTACK,167,"(10, 38)",False,2,False,1810
0,0.0,True,0.0,0.9,0.9,1765,0,1765.0,73,7,22,"(13, 50)",0,0.04236540158870256,81.0,34.81818181818182,source_memory,73,ATTACK,128,"(17, 26)",False,0,False,1815
18,3.63823000682231,True,3.63823000682231,0.9353611817533136,0.9834392169316094,1773,0,1773.0,112,2,20,"(33, 30)",0,0.0528169014084507,86.25,41.4,source_memory,112,ATTACK,182,"(24, 28)",False,1,False,1815
49,0.0,True,0.0,0.9796734232198784,0.9918994288988662,1773,0,1773.0,99,6,18,"(2, 50)",0,0.08546255506607929,96.33333333333333,48.22222222222222,source_memory,99,ATTACK,167,"(7, 40)",False,2,False,1815
0,0.0,True,0.0,0.9,0.9,1770,0,1770.0,73,7,22,"(13, 50)",0,0.036036036036036036,81.0,34.81818181818182,source_memory,73,ATTACK,128,"(17, 31)",False,0,False,1820
14,0.0,True,0.0,0.9466552717630452,0.9863580717361945,1778,0,1778.0,113,2,20,"(33, 30)",0,0.04125560538116592,86.25,41.4,source_memory,113,ATTACK,183,"(24, 31)",False,1,False,1820
46,0.0,True,0.0,0.9796734232198784,0.9918994288988662,1778,0,1778.0,99,6,18,"(2, 50)",0,0.08108108108108109,96.33333333333333,48.22222222222222,source_memory,99,ATTACK,167,"(5, 43)",False,2,False,1820
0,0.0,True,0.0,0.9,0.9,1775,0,1775.0,73,7,22,"(13, 50)",0,0.03423423423423423,81.0,34.81818181818182,source_memory,73,ATTACK,129,"(15, 34)",False,0,False,1825
14,0.0,True,0.0,0.9542521651654382,0.9882385559543798,1783,0,1783.0,113,2,20,"(33, 30)",0,0.03587443946188341,86.25,41.4,source_memory,113,ATTACK,184,"(28, 30)",False,1,False,1825
43,0.0,True,0.0,0.9796734232198784,0.9918994288988662,1783,0,1783.0,99,6,18,"(2, 50)",0,0.06576576576576576,96.33333333333333,48.22222222222222,source_memory,99,ATTACK,168,"(3, 46)",False,2,False,1825
0,0.0,True,0.0,0.9,0.9,1780,0,1780.0,73,7,22,"(13, 50)",0,0.027927927927927927,81.0,34.81818181818182,source_memory,73,ATTACK,129,"(14, 38)",False,0,False,1830
20,0.0,True,0.0,0.9542521651654382,0.9882385559543798,1788,0,1788.0,113,2,20,"(33, 30)",0,0.03139013452914798,86.25,41.4,source_memory,113,ATTACK,184,"(33, 30)",False,1,False,1830
47,0.0,True,0.0,0.9796734232198784,0.9918994288988662,1788,0,1788.0,99,6,18,"(2, 50)",0,0.07477477477477477,96.33333333333333,48.22222222222222,source_memory,99,ATTACK,168,"(2, 50)",False,2,False,1830
0,0.0,True,0.0,0.9,0.9,1785,0,1785.0,73,7,22,"(13, 50)",0,0.026126126126126126,81.0,34.81818181818182,source_memory,73,ATTACK,129,"(13, 42)",False,0,False,1835
20,0.0,True,0.0,0.9542521651654382,0.9882385559543798,1792,0,1792.0,114,2,21,"(2, 41)",0,0.029596412556053813,87.19047619047619,41.476190476190474,source_memory,114,ATTACK,185,"(29, 30)",False,1,False,1835
47,0.0,True,0.0,0.9796734232198784,0.9918994288988662,1792,0,1792.0,100,6,19,"(2, 41)",0,0.07117117117117117,96.36842105263158,48.473684210526315,source_memory,100,ATTACK,169,"(3, 47)",False,2,False,1835
0,0.0,True,0.0,0.9,0.9,1790,0,1790.0,73,7,22,"(13, 50)",0,0.01981981981981982,81.0,34.81818181818182,source_memory,73,ATTACK,129,"(13, 47)",False,0,False,1840
14,0.01199927205496465,True,0.01199927205496465,0.5859413273546789,0.5859413273546789,1797,0,1797.0,114,2,21,"(2, 41)",0,0.028699551569506727,87.19047619047619,41.476190476190474,source_memory,114,ATTACK,185,"(26, 32)",False,1,False,1840
45,0.0,True,0.0,0.9796734232198784,0.9918994288988662,1797,0,1797.0,100,6,19,"(2, 41)",0,0.06126126126126126,96.36842105263158,48.473684210526315,source_memory,100,ATTACK,169,"(3, 42)",False,2,False,1840
0,0.0,True,0.0,0.9,0.9,1794,0,1794.0,74,7,22,"(33, 50)",0,0.018018018018018018,81.0,34.81818181818182,source_memory,74,ATTACK,130,"(14, 50)",False,0,False,1845
11,0.0,False,0.0,0.34540772232351746,0.34540772232351746,1802,0,1802.0,115,2,21,"(2, 41)",0,0.03228699551569507,87.19047619047619,41.476190476190474,source_memory,115,ATTACK,187,"(24, 35)",False,1,False,1845
45,0.0,True,0.0,0.9796734232198784,0.9918994288988662,1801,0,1801.0,101,6,19,"(24, 45)",0,0.06576576576576576,96.36842105263158,48.473684210526315,source_memory,101,ATTACK,170,"(4, 41)",False,2,False,1845
0,0.0,True,0.0,0.9,0.9,1799,0,1799.0,74,7,22,"(33, 50)",0,0.013513513513513514,81.0,34.81818181818182,source_memory,74,ATTACK,131,"(18, 49)",False,0,False,1850
10,0.0,False,0.0,0.358413812591595,0.434401340716402,1807,0,1807.0,116,2,21,"(2, 41)",0,0.028699551569506727,87.19047619047619,41.476190476190474,source_memory,116,ATTACK,188,"(23, 39)",False,1,False,1850
44,0.0,True,0.0,0.9826134401075624,0.9931223195320698,1806,0,1806.0,102,6,19,"(24, 45)",0,0.05855855855855856,96.36842105263158,48.473684210526315,source_memory,102,ATTACK,171,"(9, 41)",False,2,False,1850
0,0.0,True,0.0,0.9,0.9,1804,0,1804.0,74,7,22,"(33, 50)",0,0.011711711711711712,81.0,34.81818181818182,source_memory,74,ATTACK,131,"(22, 50)",False,0,False,1855
8,0.0,True,0.0,0.387846212242167,0.5206096564894604,1812,0,1812.0,116,2,21,"(2, 41)",0,0.02242152466367713,87.19047619047619,41.476190476190474,source_memory,116,ATTACK,188,"(18, 39)",False,1,False,1855
44,0.0,True,0.0,0.9851519865523712,0.9942536613547744,1811,0,1811.0,102,6,19,"(24, 45)",0,0.05765765765765766,96.36842105263158,48.473684210526315,source_memory,102,ATTACK,171,"(13, 40)",False,2,False,1855
0,0.0,True,0.0,0.9,0.9,1809,0,1809.0,74,7,22,"(33, 50)",0,0.009191176470588236,81.0,34.81818181818182,source_memory,74,ATTACK,131,"(27, 50)",False,0,False,1860
7,0.0,True,0.0,0.4283600978894619,0.5942363794035788,1817,0,1817.0,116,2,21,"(2, 41)",0,0.022893772893772892,87.19047619047619,41.476190476190474,source_memory,116,ATTACK,188,"(13, 39)",False,1,False,1860
43,0.0,True,0.0,0.9873361514804792,0.9951125468466002,1816,0,1816.0,102,6,19,"(24, 45)",0,0.05606617647058824,96.36842105263158,48.473684210526315,source_memory,102,ATTACK,171,"(18, 40)",False,2,False,1860
0,0.0,True,0.0,0.9,0.9,1814,0,1814.0,74,7,22,"(33, 50)",0,0.01011029411764706,81.0,34.81818181818182,source_memory,74,ATTACK,131,"(32, 50)",False,0,False,1865
13,0.0,True,0.0,0.475622019394954,0.6655841537322799,1822,0,1822.0,116,2,21,"(2, 41)",0,0.02197802197802198,87.19047619047619,41.476190476190474,source_memory,116,ATTACK,188,"(10, 41)",False,1,False,1865
44,0.0,True,0.0,0.5749619130042621,0.5749619130042621,1821,0,1821.0,102,6,19,"(24, 45)",0,0.016544117647058824,96.36842105263158,48.473684210526315,source_memory,102,ATTACK,171,"(23, 40)",False,2,False,1865
0,0.0,True,0.0,0.9,0.9,1818,0,1818.0,75,7,23,"(2, 50)",0,0.012867647058823529,81.17391304347827,34.30434782608695,source_memory,75,ATTACK,132,"(30, 50)",False,0,False,1870
13,0.0,True,0.0,0.5056906413370763,0.6953842161884917,1827,0,1827.0,116,2,21,"(2, 41)",0,0.02197802197802198,87.19047619047619,41.476190476190474,source_memory,116,ATTACK,188,"(5, 41)",False,1,False,1870
41,0.0,False,0.0,0.36720368143930426,0.4171470160230955,1826,0,1826.0,102,6,19,"(24, 45)",0,0.01838235294117647,96.36842105263158,48.473684210526315,source_memory,102,ATTACK,172,"(25, 43)",False,2,False,1870
0,0.0,True,0.0,0.9,0.9,1823,0,1823.0,75,7,23,"(2, 50)",0,0.012867647058823529,81.17391304347827,34.30434782608695,source_memory,75,ATTACK,133,"(26, 49)",False,0,False,1875
11,0.0,True,0.0,0.5056906413370763,0.6953842161884917,1831,0,1831.0,117,2,21,"(25, 2)",0,0.02197802197802198,87.19047619047619,41.476190476190474,source_memory,117,ATTACK,190,"(3, 41)",False,1,False,1875
41,0.0,True,0.0,0.3929840864248476,0.5238167980499263,1830,0,1830.0,103,6,20,"(15, 2)",0,0.01838235294117647,93.7,47.6,source_memory,103,ATTACK,174,"(25, 45)",False,2,False,1875
0,0.0,True,0.0,0.9,0.9,1828,0,1828.0,75,7,23,"(2, 50)",0,0.013358778625954198,81.17391304347827,34.30434782608695,source_memory,75,ATTACK,133,"(21, 49)",False,0,False,1880
11,0.0,True,0.0,0.5056906413370763,0.6953842161884917,1836,0,1836.0,117,2,21,"(25, 2)",0,0.023032629558541268,87.19047619047619,41.476190476190474,source_memory,117,ATTACK,190,"(8, 41)",False,1,False,1880
41,0.0,True,0.0,0.42744578591204235,0.605114330234603,1835,0,1835.0,103,6,20,"(15, 2)",0,0.02015355086372361,93.7,47.6,source_memory,103,ATTACK,174,"(25, 40)",False,2,False,1880
0,0.0,True,0.0,0.9,0.9,1833,0,1833.0,75,7,23,"(2, 50)",0,0.013358778625954198,81.17391304347827,34.30434782608695,source_memory,75,ATTACK,133,"(17, 48)",False,0,False,1885
11,0.0,True,0.0,0.5056906413370763,0.6953842161884917,1841,0,1841.0,117,2,21,"(25, 2)",0,0.023032629558541268,87.19047619047619,41.476190476190474,source_memory,117,ATTACK,190,"(12, 40)",False,1,False,1885
41,0.0,True,0.0,0.42744578591204235,0.605114330234603,1840,0,1840.0,103,6,20,"(15, 2)",0,0.02111324376199616,93.7,47.6,source_memory,103,ATTACK,174,"(21, 39)",False,2,False,1885
0,0.0,True,0.0,0.9,0.9,1838,0,1838.0,75,7,23,"(2, 50)",0,0.013358778625954198,81.17391304347827,34.30434782608695,source_memory,75,ATTACK,133,"(12, 48)",False,0,False,1890
11,0.0,True,0.0,0.5155794168743405,0.7034661520823611,1846,0,1846.0,117,2,21,"(25, 2)",0,0.02111324376199616,87.19047619047619,41.476190476190474,source_memory,117,ATTACK,190,"(16, 39)",False,1,False,1890
41,0.0,True,0.0,0.46499533161328416,0.6437872316244849,1844,0,1844.0,103,7,20,"(15, 2)",0,0.02111324376199616,93.7,47.6,source_memory,103,ATTACK,174,"(17, 39)",False,2,False,1890
0,0.0,True,0.0,0.9,0.9,1843,0,1843.0,75,7,23,"(2, 50)",0,0.013358778625954198,81.17391304347827,34.30434782608695,source_memory,75,ATTACK,133,"(9, 46)",False,0,False,1895
11,0.0,True,0.0,0.544914628497581,0.7284309958671775,1850,0,1850.0,117,3,21,"(25, 2)",0,0.022072936660268713,87.19047619047619,41.476190476190474,source_memory,117,ATTACK,190,"(19, 38)",False,1,False,1895
41,0.0,True,0.0,0.5027801236687366,0.6817542181061075,1849,0,1849.0,105,7,20,"(15, 2)",0,0.013435700575815739,93.7,47.6,source_memory,105,ATTACK,176,"(17, 34)",False,2,False,1895
0,0.0,True,0.0,0.9,0.9,1848,0,1848.0,75,7,23,"(2, 50)",0,0.014084507042253521,81.17391304347827,34.30434782608695,source_memory,75,ATTACK,134,"(4, 46)",False,0,False,1900
7,0.0,True,0.0,0.5544392005637988,0.7354060698219369,1855,0,1855.0,117,3,21,"(25, 2)",0,0.02112676056338028,87.19047619047619,41.476190476190474,source_memory,117,ATTACK,191,"(24, 38)",False,1,False,1900
38,0.0,True,0.0,0.5425409981064244,0.6619519731652542,1854,0,1854.0,105,7,20,"(15, 2)",0,0.012072434607645875,93.7,47.6,source_memory,105,ATTACK,177,"(17, 29)",False,2,False,1900
0,0.0,True,0.0,0.9,0.9,1853,0,1853.0,75,7,23,"(2, 50)",0,0.011066398390342052,81.17391304347827,34.30434782608695,source_memory,75,ATTACK,134,"(3, 50)",False,0,False,1905
17,0.0,True,0.0,0.5544392005637988,0.7354060698219369,1860,0,1860.0,117,3,21,"(25, 2)",0,0.02716297786720322,87.19047619047619,41.476190476190474,source_memory,117,ATTACK,191,"(25, 34)",False,1,False,1905
48,0.0,True,0.0,0.5752390770022687,0.7016570793685516,1859,0,1859.0,105,7,20,"(15, 2)",0,0.01710261569416499,93.7,47.6,source_memory,105,ATTACK,177,"(17, 24)",False,2,False,1905
0,0.0,True,0.0,0.9,0.9,1857,0,1857.0,76,7,23,"(2, 41)",0,0.009054325955734407,81.17391304347827,34.30434782608695,source_memory,76,ATTACK,135,"(3, 48)",False,0,False,1910
17,0.0,True,0.0,0.5544392005637988,0.7354060698219369,1865,0,1865.0,117,3,21,"(25, 2)",0,0.022132796780684104,87.19047619047619,41.476190476190474,source_memory,117,ATTACK,191,"(25, 29)",False,1,False,1910
48,0.0,True,0.0,0.6086703591482019,0.7352177958255619,1864,0,1864.0,105,7,20,"(15, 2)",0,0.01710261569416499,93.7,47.6,source_memory,105,ATTACK,177,"(17, 19)",False,2,False,1910
0,0.0,True,0.0,0.9,0.9,1862,0,1862.0,76,7,23,"(2, 41)",0,0.008928571428571428,81.17391304347827,34.30434782608695,source_memory,76,ATTACK,135,"(3, 43)",False,0,False,1915
17,0.0,True,0.0,0.5728633322773632,0.745929721724956,1870,0,1870.0,117,3,21,"(25, 2)",0,0.021825396825396824,87.19047619047619,41.476190476190474,source_memory,117,ATTACK,191,"(25, 24)",False,1,False,1915
48,0.0,True,0.0,0.628566042403179,0.7544656609804633,1869,0,1869.0,105,7,20,"(15, 2)",0,0.017857142857142856,93.7,47.6,source_memory,105,ATTACK,177,"(17, 14)",False,2,False,1915
0,0.0,True,0.0,0.9,0.9,1866,0,1866.0,77,7,24,"(3, 8)",0,0.007774538386783284,79.95833333333333,33.375,source_memory,77,ATTACK,136,"(3, 41)",False,0,False,1920
17,0.0,True,0.0,0.5728633322773632,0.745929721724956,1875,0,1875.0,117,3,21,"(25, 2)",0,0.02040816326530612,87.19047619047619,41.476190476190474,source_memory,117,ATTACK,191,"(25, 19)",False,1,False,1920
48,0.0,True,0.0,0.628566042403179,0.7544656609804633,1874,0,1874.0,105,7,20,"(15, 2)",0,0.01652089407191448,93.7,47.6,source_memory,105,ATTACK,177,"(15, 11)",False,2,False,1920
0,0.0,True,0.0,0.9,0.9,1871,0,1871.0,78,7,24,"(3, 8)",0,0.007597340930674264,79.95833333333333,33.375,source_memory,78,ATTACK,137,"(7, 40)",False,0,False,1925
17,0.0,True,0.0,0.5818904015425327,0.7534047175807533,1880,0,1880.0,117,3,21,"(25, 2)",0,0.019943019943019943,87.19047619047619,41.476190476190474,source_memory,117,ATTACK,192,"(25, 14)",False,1,False,1925
48,0.0,True,0.0,0.628566042403179,0.7544656609804633,1879,0,1879.0,105,7,20,"(15, 2)",0,0.016144349477682812,93.7,47.6,source_memory,105,ATTACK,178,"(15, 6)",False,2,False,1925
0,0.0,True,0.0,0.9,0.9,1876,0,1876.0,78,7,24,"(3, 8)",0,0.007561436672967864,79.95833333333333,33.375,source_memory,78,ATTACK,137,"(9, 37)",False,0,False,1930
17,0.0,True,0.0,0.5818904015425327,0.7534047175807533,1885,0,1885.0,117,3,21,"(25, 2)",0,0.01984877126654064,87.19047619047619,41.476190476190474,source_memory,117,ATTACK,192,"(25, 9)",False,1,False,1930
48,0.0,True,0.0,0.628566042403179,0.7544656609804633,1883,0,1883.0,106,7,20,"(24, 45)",0,0.01984877126654064,93.7,47.6,source_memory,106,ATTACK,179,"(15, 2)",False,2,False,1930
0,0.0,True,0.0,0.9,0.9,1881,0,1881.0,78,7,24,"(3, 8)",0,0.007561436672967864,79.95833333333333,33.375,source_memory,78,ATTACK,137,"(13, 36)",False,0,False,1935
17,0.0,True,0.0,0.5818904015425327,0.7534047175807533,1890,0,1890.0,117,3,21,"(25, 2)",0,0.01984877126654064,87.19047619047619,41.476190476190474,source_memory,117,ATTACK,192,"(25, 4)",False,1,False,1935
48,0.0,True,0.0,0.628566042403179,0.7544656609804633,1888,0,1888.0,106,7,20,"(24, 45)",0,0.020793950850661626,93.7,47.6,source_memory,106,ATTACK,179,"(15, 7)",False,2,False,1935
0,0.0,True,0.0,0.9,0.9,1886,0,1886.0,78,7,24,"(3, 8)",0,0.007547169811320755,79.95833333333333,33.375,source_memory,78,ATTACK,137,"(14, 32)",False,0,False,1940
29,0.0,True,0.0,0.5818904015425327,0.7534047175807533,1894,0,1894.0,118,3,22,"(2, 20)",0,0.01981132075471698,88.0909090909091,42.5,source_memory,118,ATTACK,193,"(25, 4)",False,1,False,1940
61,0.0,True,0.0,0.628566042403179,0.7544656609804633,1893,0,1893.0,106,7,20,"(24, 45)",0,0.026415094339622643,93.7,47.6,source_memory,106,ATTACK,179,"(17, 10)",False,2,False,1940
0,0.0,True,0.0,0.9,0.9,1891,0,1891.0,78,7,24,"(3, 8)",0,0.007547169811320755,79.95833333333333,33.375,source_memory,78,ATTACK,137,"(15, 28)",False,0,False,1945
28,0.0,True,0.0,0.5818904015425327,0.7534047175807533,1899,0,1899.0,118,3,22,"(2, 20)",0,0.01981132075471698,88.0909090909091,42.5,source_memory,118,ATTACK,193,"(25, 9)",False,1,False,1945
61,0.0,True,0.0,0.628566042403179,0.7544656609804633,1898,0,1898.0,106,7,20,"(24, 45)",0,0.026415094339622643,93.7,47.6,source_memory,106,ATTACK,179,"(17, 15)",False,2,False,1945
0,0.0,True,0.0,0.9,0.9,1896,0,1896.0,78,7,24,"(3, 8)",0,0.06880301602262016,79.95833333333333,33.375,source_memory,78,ATTACK,138,"(15, 23)",False,0,False,1950
25,0.0,True,0.0,0.5818904015425327,0.7534047175807533,1904,0,1904.0,119,3,22,"(2, 20)",0,0.07351555136663525,88.0909090909091,42.5,source_memory,119,ATTACK,194,"(25, 14)",False,1,False,1950
59,0.0,True,0.0,0.6419103195813534,0.7694295783260204,1903,0,1903.0,106,7,20,"(24, 45)",0,0.06880301602262016,93.7,47.6,source_memory,106,ATTACK,180,"(18, 19)",False,2,False,1950
0,0.0,True,0.0,0.9,0.9,1901,0,1901.0,78,7,24,"(3, 8)",0,0.064030131826742,79.95833333333333,33.375,source_memory,78,ATTACK,138,"(15, 18)",False,0,False,1955
25,0.0,True,0.0,0.5818904015425327,0.7534047175807533,1909,0,1909.0,120,3,22,"(2, 20)",0,0.0687382297551789,88.0909090909091,42.5,source_memory,120,ATTACK,196,"(25, 19)",False,1,False,1955
59,0.0,True,0.0,0.6777014588776317,0.8173157765677981,1908,0,1908.0,106,7,20,"(24, 45)",0,0.062146892655367235,93.7,47.6,source_memory,106,ATTACK,180,"(18, 24)",False,2,False,1955
0,0.0,True,0.0,0.9,0.9,1906,0,1906.0,78,7,24,"(3, 8)",0,0.05832549388523048,79.95833333333333,33.375,source_memory,78,ATTACK,138,"(14, 14)",False,0,False,1960
25,0.0,True,0.0,0.5818904015425327,0.7534047175807533,1914,0,1914.0,120,3,22,"(2, 20)",0,0.06491063029162747,88.0909090909091,42.5,source_memory,120,ATTACK,196,"(25, 24)",False,1,False,1960
59,0.0,True,0.0,0.7140377451527568,0.8486122242675974,1913,0,1913.0,106,7,20,"(24, 45)",0,0.05832549388523048,93.7,47.6,source_memory,106,ATTACK,180,"(18, 29)",False,2,False,1960
0,0.0,True,0.0,0.9,0.9,1911,0,1911.0,78,7,24,"(3, 8)",0,0.05174035747883349,79.95833333333333,33.375,source_memory,78,ATTACK,138,"(13, 10)",False,0,False,1965
25,0.0,True,0.0,0.6084840745443468,0.7754007780085378,1919,0,1919.0,120,3,22,"(2, 20)",0,0.05738476011288805,88.0909090909091,42.5,source_memory,120,ATTACK,196,"(21, 25)",False,1,False,1965
59,0.0,True,0.0,0.7140377451527568,0.8486122242675974,1918,0,1918.0,106,7,20,"(24, 45)",0,0.05079962370649106,93.7,47.6,source_memory,106,ATTACK,180,"(18, 34)",False,2,False,1965
0,0.0,True,0.0,0.9,0.9,1916,0,1916.0,78,7,24,"(3, 8)",0,0.046860356138706656,79.95833333333333,33.375,source_memory,78,ATTACK,138,"(10, 8)",False,0,False,1970
25,0.0,True,0.0,0.6513692577107563,0.8112788359799757,1924,0,1924.0,120,3,22,"(2, 20)",0,0.053420805998125584,88.0909090909091,42.5,source_memory,120,ATTACK,196,"(16, 25)",False,1,False,1970
59,0.0,True,0.0,0.7140377451527568,0.8486122242675974,1923,0,1923.0,106,7,20,"(24, 45)",0,0.04592314901593252,93.7,47.6,source_memory,106,ATTACK,180,"(18, 39)",False,2,False,1970
0,0.0,True,0.0,0.9,0.9,1921,0,1921.0,78,7,24,"(3, 8)",0,0.04178272980501393,79.95833333333333,33.375,source_memory,78,ATTACK,139,"(5, 8)",False,0,False,1975
25,0.0,True,0.0,0.683955513280172,0.8356293562101708,1929,0,1929.0,121,3,22,"(2, 20)",0,0.04549675023212628,88.0909090909091,42.5,source_memory,121,ATTACK,197,"(12, 24)",False,1,False,1975
59,0.0,True,0.0,0.7140377451527568,0.8486122242675974,1928,0,1928.0,106,7,20,"(24, 45)",0,0.039925719591457756,93.7,47.6,source_memory,106,ATTACK,181,"(22, 40)",False,2,False,1975
0,0.0,True,0.0,0.9,0.9,1925,0,1925.0,79,7,24,"(33, 8)",0,0.03804347826086957,79.95833333333333,33.375,source_memory,79,ATTACK,140,"(5, 8)",False,0,False,1980
40,0.0,True,0.0,0.7150279547385866,0.8598681668136935,1934,0,1934.0,121,3,22,"(2, 20)",0,0.041666666666666664,88.0909090909091,42.5,source_memory,121,ATTACK,197,"(10, 21)",False,1,False,1980
73,0.0,True,0.0,0.7140377451527568,0.8486122242675974,1933,0,1933.0,106,7,20,"(24, 45)",0,0.049818840579710144,93.7,47.6,source_memory,106,ATTACK,181,"(25, 42)",False,2,False,1980
0,0.0,True,0.0,0.9,0.9,1930,0,1930.0,79,7,24,"(33, 8)",0,0.035398230088495575,79.95833333333333,33.375,source_memory,79,ATTACK,140,"(10, 8)",False,0,False,1985
40,0.0,True,0.0,0.7150279547385866,0.8598681668136935,1939,0,1939.0,121,3,22,"(2, 20)",0,0.035398230088495575,88.0909090909091,42.5,source_memory,121,ATTACK,197,"(5, 21)",False,1,False,1985
72,0.0,True,0.0,0.7140377451527568,0.8486122242675974,1937,0,1937.0,107,7,21,"(2, 41)",0,0.04601769911504425,94.52380952380952,47.95238095238095,source_memory,107,ATTACK,182,"(24, 45)",False,2,False,1985
0,0.0,True,0.0,0.9,0.9,1935,0,1935.0,79,7,24,"(33, 8)",0,0.0353045013239188,79.95833333333333,33.375,source_memory,79,ATTACK,140,"(14, 9)",False,0,False,1990
40,0.0,True,0.0,0.7150279547385866,0.8598681668136935,1943,0,1943.0,122,3,22,"(2, 41)",0,0.0353045013239188,88.0909090909091,42.5,source_memory,122,ATTACK,198,"(2, 20)",False,1,False,1990
72,0.0,True,0.0,0.7140377451527568,0.8486122242675974,1942,0,1942.0,107,7,21,"(2, 41)",0,0.04589585172109444,94.52380952380952,47.95238095238095,source_memory,107,ATTACK,182,"(25, 41)",False,2,False,1990
0,0.0,True,0.0,0.9,0.9,1940,0,1940.0,79,7,24,"(33, 8)",0,0.03430079155672823,79.95833333333333,33.375,source_memory,79,ATTACK,140,"(19, 9)",False,0,False,1995
40,0.0,True,0.0,0.7150279547385866,0.8598681668136935,1948,0,1948.0,122,3,22,"(2, 41)",0,0.03518029903254178,88.0909090909091,42.5,source_memory,122,ATTACK,198,"(3, 24)",False,1,False,1995
72,0.0,True,0.0,0.7140377451527568,0.8486122242675974,1947,0,1947.0,107,7,21,"(2, 41)",0,0.04573438874230431,94.52380952380952,47.95238095238095,source_memory,107,ATTACK,182,"(21, 40)",False,2,False,1995
0,0.0,True,0.0,0.9,0.9,1945,0,1945.0,79,7,24,"(33, 8)",0,0.03391304347826087,79.95833333333333,33.375,source_memory,79,RECOVERY,141,"(24, 9)",False,0,False,2000
40,0.0,True,0.0,0.7150279547385866,0.8598681668136935,1953,0,1953.0,122,3,22,"(2, 41)",0,0.03304347826086956,88.0909090909091,42.5,source_memory,122,RECOVERY,199,"(3, 29)",False,1,False,2000
72,0.0,True,0.0,0.7140377451527568,0.8486122242675974,1952,0,1952.0,107,7,21,"(2, 41)",0,0.042608695652173914,94.52380952380952,47.95238095238095,source_memory,107,RECOVERY,183,"(17, 41)",False,2,False,2000
0,0.0,True,0.0,0.9,0.9,1950,0,1950.0,79,7,24,"(33, 8)",0,0.030408340573414423,79.95833333333333,33.375,source_memory,79,RECOVERY,141,"(28, 8)",False,0,False,2005
40,0.0,True,0.0,0.7150279547385866,0.8598681668136935,1958,0,1958.0,122,3,22,"(2, 41)",0,0.03301476976542137,88.0909090909091,42.5,source_memory,122,RECOVERY,199,"(3, 34)",False,1,False,2005
72,0.0,True,0.0,0.7140377451527568,0.8486122242675974,1957,0,1957.0,107,7,21,"(2, 41)",0,0.03909643788010426,94.52380952380952,47.95238095238095,source_memory,107,RECOVERY,183,"(12, 41)",False,2,False,2005
0,0.0,True,0.0,0.9,0.9,1955,0,1955.0,79,7,24,"(33, 8)",0,0.030408340573414423,79.95833333333333,33.375,source_memory,79,RECOVERY,141,"(33, 8)",False,0,False,2010
40,0.0,True,0.0,0.7150279547385866,0.8598681668136935,1963,0,1963.0,122,3,22,"(2, 41)",0,0.03475238922675934,88.0909090909091,42.5,source_memory,122,RECOVERY,199,"(3, 39)",False,1,False,2010
72,0.0,True,0.0,0.7140377451527568,0.8486122242675974,1962,0,1962.0,108,7,21,"(2, 41)",0,0.036490008688097306,94.52380952380952,47.95238095238095,source_memory,108,RECOVERY,184,"(7, 41)",False,2,False,2010
0,0.0,True,0.0,0.9,0.9,1959,0,1959.0,80,7,25,"(24, 45)",0,0.030408340573414423,80.44,33.36,source_memory,80,RECOVERY,142,"(29, 8)",False,0,False,2015
40,0.0,True,0.0,0.7150279547385866,0.8598681668136935,1967,0,1967.0,123,3,23,"(15, 2)",0,0.03475238922675934,87.56521739130434,41.69565217391305,source_memory,123,RECOVERY,200,"(3, 41)",False,1,False,2015
72,0.0,True,0.0,0.7140377451527568,0.8486122242675974,1967,0,1967.0,108,7,21,"(2, 41)",0,0.03388357949609035,94.52380952380952,47.95238095238095,source_memory,108,RECOVERY,184,"(6, 45)",False,2,False,2015
0,0.0,True,0.0,0.9,0.9,1964,0,1964.0,80,7,25,"(24, 45)",0,0.030461270670147953,80.44,33.36,source_memory,80,RECOVERY,142,"(27, 11)",False,0,False,2020
28,0.0,True,0.0,0.7150279547385866,0.8598681668136935,1972,0,1972.0,123,3,23,"(15, 2)",0,0.026064291920069503,87.56521739130434,41.69565217391305,source_memory,123,RECOVERY,200,"(5, 38)",False,1,False,2020
60,0.0,True,0.0,0.7140377451527568,0.8486122242675974,1972,0,1972.0,108,7,21,"(2, 41)",0,0.023457862728062554,94.52380952380952,47.95238095238095,source_memory,108,RECOVERY,184,"(4, 42)",False,2,False,2020
0,0.0,True,0.0,0.9,0.9,1969,0,1969.0,80,7,25,"(24, 45)",0,0.030461270670147953,80.44,33.36,source_memory,80,RECOVERY,143,"(25, 14)",False,0,False,2025
27,0.0,True,0.0,0.7150279547385866,0.8598681668136935,1977,0,1977.0,123,3,23,"(15, 2)",0,0.02432667245873154,87.56521739130434,41.69565217391305,source_memory,123,RECOVERY,201,"(5, 33)",False,1,False,2025
59,0.0,True,0.0,0.7140377451527568,0.8486122242675974,1976,0,1976.0,109,7,21,"(25, 2)",0,0.022589052997393572,94.52380952380952,47.95238095238095,source_memory,109,RECOVERY,186,"(3, 41)",False,2,False,2025
0,0.0,True,0.0,0.9,0.9,1974,0,1974.0,80,7,25,"(24, 45)",0,0.030461270670147953,80.44,33.36,source_memory,80,RECOVERY,143,"(25, 19)",False,0,False,2030
26,0.0,True,0.0,0.7150279547385866,0.8598681668136935,1982,0,1982.0,123,3,23,"(15, 2)",0,0.022589052997393572,87.56521739130434,41.69565217391305,source_memory,123,RECOVERY,201,"(5, 28)",False,1,False,2030
58,0.0,True,0.0,0.7140377451527568,0.8486122242675974,1981,0,1981.0,109,7,21,"(25, 2)",0,0.021720243266724587,94.52380952380952,47.95238095238095,source_memory,109,RECOVERY,186,"(3, 36)",False,2,False,2030
0,0.0,True,0.0,0.9,0.9,1979,0,1979.0,80,7,25,"(24, 45)",0,0.028695652173913042,80.44,33.36,source_memory,80,RECOVERY,143,"(25, 24)",False,0,False,2035
26,0.0,True,0.0,0.7150279547385866,0.8598681668136935,1987,0,1987.0,123,3,23,"(15, 2)",0,0.021701388888888888,87.56521739130434,41.69565217391305,source_memory,123,RECOVERY,201,"(10, 28)",False,1,False,2035
44,0.0,True,0.0,0.7140377451527568,0.8486122242675974,1986,0,1986.0,109,7,21,"(25, 2)",0,0.021701388888888888,94.52380952380952,47.95238095238095,source_memory,109,RECOVERY,186,"(8, 36)",False,2,False,2035
0,0.0,True,0.0,0.9,0.9,1984,0,1984.0,80,7,25,"(24, 45)",0,0.027240773286467488,80.44,33.36,source_memory,80,RECOVERY,143,"(25, 29)",False,0,False,2040
25,0.0,True,0.0,0.7150279547385866,0.8598681668136935,1992,0,1992.0,123,3,23,"(15, 2)",0,0.021853146853146852,87.56521739130434,41.69565217391305,source_memory,123,RECOVERY,201,"(12, 25)",False,1,False,2040
23,0.0,True,0.0,0.7140377451527568,0.8486122242675974,1991,0,1991.0,109,7,21,"(25, 2)",0,0.021853146853146852,94.52380952380952,47.95238095238095,source_memory,109,RECOVERY,186,"(13, 36)",False,2,False,2040
0,0.0,True,0.0,0.9,0.9,1989,0,1989.0,80,7,25,"(24, 45)",0,0.028119507908611598,80.44,33.36,source_memory,80,RECOVERY,143,"(25, 34)",False,0,False,2045
20,0.0,True,0.0,0.7296820746840025,0.8667226160085068,1997,0,1997.0,123,3,23,"(15, 2)",0,0.021853146853146852,87.56521739130434,41.69565217391305,source_memory,123,RECOVERY,201,"(15, 23)",False,1,False,2045
18,0.0,True,0.0,0.7209957613658784,0.8531980694151893,1996,0,1996.0,109,7,21,"(25, 2)",0,0.021853146853146852,94.52380952380952,47.95238095238095,source_memory,109,RECOVERY,186,"(17, 35)",False,2,False,2045
0,0.0,True,0.0,0.9,0.9,1994,0,1994.0,80,7,25,"(24, 45)",0,0.027240773286467488,80.44,33.36,source_memory,80,RECOVERY,144,"(25, 39)",False,0,False,2050
20,0.0,True,0.0,0.7631765487111746,0.8839999477003073,2002,0,2002.0,123,3,23,"(15, 2)",0,0.02097902097902098,87.56521739130434,41.69565217391305,source_memory,123,RECOVERY,202,"(15, 18)",False,1,False,2050
18,0.0,True,0.0,0.7541199735286772,0.8752317024044882,2001,0,2001.0,109,7,21,"(25, 2)",0,0.020104895104895104,94.52380952380952,47.95238095238095,source_memory,109,RECOVERY,187,"(17, 30)",False,2,False,2050
0,0.0,True,0.0,0.9,0.9,1999,0,1999.0,80,7,25,"(24, 45)",0,0.023725834797891036,80.44,33.36,source_memory,80,RECOVERY,144,"(25, 44)",False,0,False,2055
19,0.0,True,0.0,0.7928848324671964,0.9009160316383068,2007,0,2007.0,123,3,23,"(15, 2)",0,0.017482517482517484,87.56521739130434,41.69565217391305,source_memory,123,RECOVERY,202,"(15, 13)",False,1,False,2055
18,0.0,True,0.0,0.7839037309436013,0.8920661393522051,2006,0,2006.0,109,7,21,"(25, 2)",0,0.022727272727272728,94.52380952380952,47.95238095238095,source_memory,109,RECOVERY,187,"(17, 25)",False,2,False,2055
0,0.0,True,0.0,0.9,0.9,2003,0,2003.0,81,7,25,"(2, 20)",0,0.0216998191681736,80.44,33.36,source_memory,81,RECOVERY,145,"(25, 44)",False,0,False,2060
18,0.0,True,0.0,0.8192613100511656,0.9142694864886174,2012,0,2012.0,123,3,23,"(15, 2)",0,0.01699463327370304,87.56521739130434,41.69565217391305,source_memory,123,RECOVERY,202,"(15, 8)",False,1,False,2060
18,0.0,True,0.0,0.8102603602374764,0.9051713611164828,2011,0,2011.0,109,7,21,"(25, 2)",0,0.023297491039426525,94.52380952380952,47.95238095238095,source_memory,109,RECOVERY,187,"(17, 20)",False,2,False,2060
0,0.0,True,0.0,0.9,0.9,2008,0,2008.0,81,7,25,"(2, 20)",0,0.020795660036166366,80.44,33.36,source_memory,81,RECOVERY,145,"(24, 40)",False,0,False,2065
18,0.0,True,0.0,0.8335311812695141,0.9218782013307286,2017,0,2017.0,123,3,23,"(15, 2)",0,0.016100178890876567,87.56521739130434,41.69565217391305,source_memory,123,RECOVERY,202,"(15, 3)",False,1,False,2065
18,0.0,True,0.0,0.8290861116143536,0.915718407152026,2016,0,2016.0,109,7,21,"(25, 2)",0,0.022401433691756272,94.52380952380952,47.95238095238095,source_memory,109,RECOVERY,187,"(18, 16)",False,2,False,2065
0,0.0,True,0.0,0.9,0.9,2013,0,2013.0,81,7,25,"(2, 20)",0,0.018083182640144666,80.44,33.36,source_memory,81,RECOVERY,145,"(24, 35)",False,0,False,2070
18,0.0,True,0.0,0.8335311812695141,0.9218782013307286,2021,0,2021.0,124,3,23,"(21, 17)",0,0.01520572450805009,87.56521739130434,41.69565217391305,source_memory,124,RECOVERY,203,"(15, 5)",False,1,False,2070
18,0.0,True,0.0,0.8503447834457858,0.9275559452716523,2021,0,2021.0,109,7,21,"(25, 2)",0,0.02060931899641577,94.52380952380952,47.95238095238095,source_memory,109,RECOVERY,187,"(19, 12)",False,2,False,2070
0,0.0,True,0.0,0.9,0.9,2018,0,2018.0,82,7,25,"(2, 20)",0,0.018083182640144666,80.44,33.36,source_memory,82,RECOVERY,146,"(23, 31)",False,0,False,2075
18,0.0,True,0.0,0.8380801008760491,0.9245095734002137,2026,0,2026.0,124,3,23,"(21, 17)",0,0.01520572450805009,87.56521739130434,41.69565217391305,source_memory,124,RECOVERY,204,"(17, 8)",False,1,False,2075
18,0.0,True,0.0,0.8695145929933896,0.9400958250809918,2026,0,2026.0,109,7,21,"(25, 2)",0,0.02060931899641577,94.52380952380952,47.95238095238095,source_memory,109,RECOVERY,188,"(21, 9)",False,2,False,2075
0,0.0,True,0.0,0.9,0.9,2023,0,2023.0,82,7,25,"(2, 20)",0,0.01784037558685446,80.44,33.36,source_memory,82,RECOVERY,146,"(21, 28)",False,0,False,2080
18,0.0,True,0.0,0.8511224208082785,0.9317604590156728,2031,0,2031.0,124,3,23,"(21, 17)",0,0.015755329008341055,87.56521739130434,41.69565217391305,source_memory,124,RECOVERY,204,"(17, 13)",False,1,False,2080
18,0.0,True,0.0,0.886868845817651,0.9494592662898181,2031,0,2031.0,109,7,21,"(25, 2)",0,0.020446096654275093,94.52380952380952,47.95238095238095,source_memory,109,RECOVERY,188,"(25, 8)",False,2,False,2080
0,0.0,True,0.0,0.9,0.9,2028,0,2028.0,82,7,25,"(2, 20)",0,0.01784037558685446,80.44,33.36,source_memory,82,RECOVERY,146,"(19, 25)",False,0,False,2085
18,0.0,True,0.0,0.8511224208082785,0.9317604590156728,2036,0,2036.0,124,3,23,"(21, 17)",0,0.015755329008341055,87.56521739130434,41.69565217391305,source_memory,124,RECOVERY,204,"(18, 17)",False,1,False,2085
18,0.0,True,0.0,0.90191997698606,0.9554791758071809,2036,0,2036.0,109,7,21,"(25, 2)",0,0.019516728624535316,94.52380952380952,47.95238095238095,source_memory,109,RECOVERY,188,"(25, 3)",False,2,False,2085
0,0.0,True,0.0,0.9,0.9,2033,0,2033.0,82,7,25,"(2, 20)",0,0.01596244131455399,80.44,33.36,source_memory,82,RECOVERY,146,"(14, 25)",False,0,False,2090
18,0.0,True,0.0,0.8671452125563007,0.9404922857155712,2040,0,2040.0,125,3,24,"(33, 8)",0,0.015755329008341055,87.04166666666667,40.875,source_memory,125,RECOVERY,205,"(22, 17)",False,1,False,2090
18,0.0,True,0.0,0.90191997698606,0.9554791758071809,2039,0,2039.0,110,7,22,"(33, 50)",0,0.019516728624535316,94.86363636363636,48.63636363636363,source_memory,110,RECOVERY,190,"(25, 4)",False,2,False,2090
0,0.0,True,0.0,0.9,0.9,2038,0,2038.0,82,7,25,"(2, 20)",0,0.015917602996254682,80.44,33.36,source_memory,82,RECOVERY,146,"(12, 22)",False,0,False,2095
18,0.0,True,0.0,0.8850781593505661,0.9494246498523097,2045,0,2045.0,125,3,24,"(33, 8)",0,0.015711645101663587,87.04166666666667,40.875,source_memory,125,RECOVERY,205,"(26, 16)",False,1,False,2095
18,0.0,True,0.0,0.90191997698606,0.9554791758071809,2044,0,2044.0,110,7,22,"(33, 50)",0,0.019462465245597776,94.86363636363636,48.63636363636363,source_memory,110,RECOVERY,190,"(25, 9)",False,2,False,2095
0,0.0,True,0.0,0.9,0.9,2043,0,2043.0,82,7,25,"(2, 20)",0,0.054409005628517824,80.44,33.36,source_memory,82,RECOVERY,147,"(9, 20)",False,0,False,2100
17,0.0,True,0.0,0.8935455143081209,0.9336600977585588,2050,0,2050.0,125,3,24,"(33, 8)",0,0.06128133704735376,87.04166666666667,40.875,source_memory,125,RECOVERY,206,"(26, 11)",False,1,False,2100
18,0.0,True,0.0,0.90191997698606,0.9554791758071809,2049,0,2049.0,111,7,22,"(33, 50)",0,0.0604089219330855,94.86363636363636,48.63636363636363,source_memory,111,RECOVERY,191,"(21, 10)",False,2,False,2100
0,0.0,True,0.0,0.9,0.9,2048,0,2048.0,82,7,25,"(2, 20)",0,0.0525328330206379,80.44,33.36,source_memory,82,RECOVERY,147,"(4, 20)",False,0,False,2105
17,0.0,True,0.0,0.8935455143081209,0.9336600977585588,2055,0,2055.0,125,3,24,"(33, 8)",0,0.059424326833797586,87.04166666666667,40.875,source_memory,125,RECOVERY,206,"(28, 8)",False,1,False,2105
18,0.0,True,0.0,0.90191997698606,0.9554791758071809,2054,0,2054.0,111,7,22,"(33, 50)",0,0.05762081784386617,94.86363636363636,48.63636363636363,source_memory,111,RECOVERY,191,"(18, 12)",False,2,False,2105
0,0.0,True,0.0,0.9,0.9,2052,0,2052.0,83,7,26,"(15, 2)",0,0.05065666041275797,81.07692307692308,34.0,source_memory,83,RECOVERY,148,"(4, 20)",False,0,False,2110
17,0.0,True,0.0,0.8935455143081209,0.9336600977585588,2060,0,2060.0,125,3,24,"(33, 8)",0,0.059424326833797586,87.04166666666667,40.875,source_memory,125,RECOVERY,206,"(33, 8)",False,1,False,2110
18,0.0,True,0.0,0.90191997698606,0.9554791758071809,2059,0,2059.0,111,7,22,"(33, 50)",0,0.05762081784386617,94.86363636363636,48.63636363636363,source_memory,111,RECOVERY,191,"(18, 17)",False,2,False,2110
0,0.0,True,0.0,0.9,0.9,2057,0,2057.0,83,7,26,"(15, 2)",0,0.04878048780487805,81.07692307692308,34.0,source_memory,83,RECOVERY,148,"(9, 20)",False,0,False,2115
17,0.0,True,0.0,0.8935455143081209,0.9336600977585588,2064,0,2064.0,127,3,24,"(2, 20)",0,0.059424326833797586,87.04166666666667,40.875,source_memory,127,RECOVERY,208,"(30, 9)",False,1,False,2115
18,0.0,True,0.0,0.9046598315203453,0.9567170676717683,2064,0,2064.0,111,7,22,"(33, 50)",0,0.055762081784386616,94.86363636363636,48.63636363636363,source_memory,111,RECOVERY,191,"(19, 21)",False,2,False,2115
0,0.0,True,0.0,0.9,0.9,2062,0,2062.0,83,7,26,"(15, 2)",0,0.0457516339869281,81.07692307692308,34.0,source_memory,83,RECOVERY,148,"(14, 20)",False,0,False,2120
17,0.0,True,0.0,0.8935455143081209,0.9336600977585588,2069,0,2069.0,128,3,24,"(2, 20)",0,0.05545286506469501,87.04166666666667,40.875,source_memory,128,RECOVERY,209,"(30, 14)",False,1,False,2120
18,0.0,True,0.0,0.9173271650580558,0.9630606785629926,2069,0,2069.0,112,7,22,"(33, 50)",0,0.04625346901017576,94.86363636363636,48.63636363636363,source_memory,112,RECOVERY,192,"(19, 26)",False,2,False,2120
0,0.0,True,0.0,0.9,0.9,2067,0,2067.0,83,7,26,"(15, 2)",0,0.04011194029850746,81.07692307692308,34.0,source_memory,83,RECOVERY,149,"(15, 16)",False,0,False,2125
17,0.0,True,0.0,0.8935455143081209,0.9336600977585588,2074,0,2074.0,129,3,24,"(2, 20)",0,0.048938134810710986,87.04166666666667,40.875,source_memory,129,RECOVERY,211,"(28, 17)",False,1,False,2125
18,0.0,True,0.0,0.9219935694605143,0.965860109522335,2074,0,2074.0,113,7,22,"(33, 50)",0,0.03974121996303143,94.86363636363636,48.63636363636363,source_memory,113,RECOVERY,193,"(21, 29)",False,2,False,2125
0,0.0,True,0.0,0.9,0.9,2072,0,2072.0,83,7,26,"(15, 2)",0,0.0335195530726257,81.07692307692308,34.0,source_memory,83,RECOVERY,149,"(15, 11)",False,0,False,2130
17,0.0,True,0.0,0.8935455143081209,0.9336600977585588,2079,0,2079.0,129,3,24,"(2, 20)",0,0.04423963133640553,87.04166666666667,40.875,source_memory,129,RECOVERY,211,"(23, 17)",False,1,False,2130
18,0.0,True,0.0,0.9219935694605143,0.965860109522335,2079,0,2079.0,113,7,22,"(33, 50)",0,0.03505535055350553,94.86363636363636,48.63636363636363,source_memory,113,RECOVERY,193,"(21, 34)",False,2,False,2130
0,0.0,True,0.0,0.9,0.9,2077,0,2077.0,83,7,26,"(15, 2)",0,0.0335195530726257,81.07692307692308,34.0,source_memory,83,RECOVERY,149,"(15, 6)",False,0,False,2135
17,0.0,True,0.0,0.8978561179178829,0.9390448570676305,2084,0,2084.0,129,3,24,"(2, 20)",0,0.0423963133640553,87.04166666666667,40.875,source_memory,129,RECOVERY,211,"(19, 18)",False,1,False,2135
18,0.0,True,0.0,0.9219935694605143,0.965860109522335,2084,0,2084.0,113,7,22,"(33, 50)",0,0.03505535055350553,94.86363636363636,48.63636363636363,source_memory,113,RECOVERY,193,"(21, 39)",False,2,False,2135
0,0.0,True,0.0,0.9,0.9,2081,0,2081.0,84,7,26,"(21, 17)",0,0.029053420805998126,81.07692307692308,34.0,source_memory,84,RECOVERY,150,"(15, 2)",False,0,False,2140
17,0.0,True,0.0,0.9086721686269508,0.9493898176336488,2089,0,2089.0,129,3,24,"(2, 20)",0,0.03518518518518519,87.04166666666667,40.875,source_memory,129,RECOVERY,211,"(16, 20)",False,1,False,2140
18,0.0,True,0.0,0.9219935694605143,0.965860109522335,2089,0,2089.0,113,7,22,"(33, 50)",0,0.032407407407407406,94.86363636363636,48.63636363636363,source_memory,113,RECOVERY,193,"(25, 40)",False,2,False,2140
0,0.0,True,0.0,0.9,0.9,2086,0,2086.0,84,7,26,"(21, 17)",0,0.026241799437675725,81.07692307692308,34.0,source_memory,84,RECOVERY,150,"(15, 7)",False,0,False,2145
17,0.0,True,0.0,0.919114772496622,0.9577752938353544,2094,0,2094.0,129,3,24,"(2, 20)",0,0.030555555555555555,87.04166666666667,40.875,source_memory,129,RECOVERY,211,"(11, 20)",False,1,False,2145
15,0.0,True,0.0,0.9219935694605143,0.965860109522335,2094,0,2094.0,113,7,22,"(33, 50)",0,0.027777777777777776,94.86363636363636,48.63636363636363,source_memory,113,RECOVERY,193,"(25, 45)",False,2,False,2145
0,0.0,True,0.0,0.9,0.9,2091,0,2091.0,84,7,26,"(21, 17)",0,0.026119402985074626,81.07692307692308,34.0,source_memory,84,RECOVERY,151,"(17, 10)",False,0,False,2150
17,0.0,True,0.0,0.9287924435876975,0.9643065301796301,2099,0,2099.0,129,3,24,"(2, 20)",0,0.026802218114602587,87.04166666666667,40.875,source_memory,129,RECOVERY,212,"(6, 20)",False,1,False,2150
11,0.0,True,0.0,0.9219935694605143,0.965860109522335,2099,0,2099.0,113,7,22,"(33, 50)",0,0.022181146025878003,94.86363636363636,48.63636363636363,source_memory,113,RECOVERY,194,"(29, 46)",False,2,False,2150
0,0.0,True,0.0,0.9,0.9,2096,0,2096.0,84,7,26,"(21, 17)",0,0.026046511627906978,81.07692307692308,34.0,source_memory,84,RECOVERY,151,"(18, 14)",False,0,False,2155
17,0.0,True,0.0,0.9377412048023724,0.9713107102489978,2103,0,2103.0,130,3,25,"(24, 45)",0,0.027649769585253458,86.2,41.0,source_memory,130,RECOVERY,213,"(2, 20)",False,1,False,2155
11,0.0,True,0.0,0.9219935694605143,0.965860109522335,2104,0,2104.0,113,7,22,"(33, 50)",0,0.022119815668202765,94.86363636363636,48.63636363636363,source_memory,113,RECOVERY,194,"(30, 50)",False,2,False,2155
0,0.0,True,0.0,0.9,0.9,2101,0,2101.0,84,7,26,"(21, 17)",0,0.026046511627906978,81.07692307692308,34.0,source_memory,84,RECOVERY,151,"(20, 17)",False,0,False,2160
17,0.0,True,0.0,0.9377412048023724,0.9713107102489978,2108,0,2108.0,130,3,25,"(24, 45)",0,0.027649769585253458,86.2,41.0,source_memory,130,RECOVERY,213,"(6, 21)",False,1,False,2160
11,0.0,True,0.0,0.9219935694605143,0.965860109522335,2108,0,2108.0,114,7,23,"(33, 8)",0,0.022119815668202765,93.8695652173913,49.608695652173914,source_memory,114,RECOVERY,195,"(33, 49)",False,2,False,2160
0,0.0,True,0.0,0.9,0.9,2105,0,2105.0,85,7,27,"(25, 2)",0,0.025974025974025976,80.07407407407408,33.55555555555556,source_memory,85,RECOVERY,152,"(18, 17)",False,0,False,2165
17,0.0,True,0.0,0.9377412048023724,0.9713107102489978,2113,0,2113.0,130,3,25,"(24, 45)",0,0.027573529411764705,86.2,41.0,source_memory,130,RECOVERY,213,"(11, 21)",False,1,False,2165
11,0.0,True,0.0,0.9219935694605143,0.965860109522335,2113,0,2113.0,114,7,23,"(33, 8)",0,0.021139705882352942,93.8695652173913,49.608695652173914,source_memory,114,RECOVERY,195,"(31, 46)",False,2,False,2165
0,0.0,True,0.0,0.9,0.9,2110,0,2110.0,85,7,27,"(25, 2)",0,0.025949953660797033,80.07407407407408,33.55555555555556,source_memory,85,RECOVERY,152,"(19, 13)",False,0,False,2170
17,0.0,True,0.0,0.9444074007661202,0.9751122328899583,2118,0,2118.0,130,3,25,"(24, 45)",0,0.02665441176470588,86.2,41.0,source_memory,130,RECOVERY,213,"(16, 21)",False,1,False,2170
10,0.0,True,0.0,0.9219935694605143,0.965860109522335,2118,0,2118.0,114,7,23,"(33, 8)",0,0.019301470588235295,93.8695652173913,49.608695652173914,source_memory,114,RECOVERY,195,"(28, 44)",False,2,False,2170
0,0.0,True,0.0,0.9,0.9,2115,0,2115.0,85,7,27,"(25, 2)",0,0.025949953660797033,80.07407407407408,33.55555555555556,source_memory,85,RECOVERY,153,"(21, 10)",False,0,False,2175
17,0.0,True,0.0,0.950566228679032,0.9789565091568108,2123,0,2123.0,130,3,25,"(24, 45)",0,0.02665441176470588,86.2,41.0,source_memory,130,RECOVERY,214,"(19, 23)",False,1,False,2175
10,0.0,True,0.0,0.9219935694605143,0.965860109522335,2123,0,2123.0,114,7,23,"(33, 8)",0,0.019301470588235295,93.8695652173913,49.608695652173914,source_memory,114,RECOVERY,196,"(26, 41)",False,2,False,2175
0,0.0,True,0.0,0.9,0.9,2120,0,2120.0,85,7,27,"(25, 2)",0,0.025878003696857672,80.07407407407408,33.55555555555556,source_memory,85,RECOVERY,153,"(25, 9)",False,0,False,2180
17,0.0,True,0.0,0.950566228679032,0.9789565091568108,2128,0,2128.0,130,3,25,"(24, 45)",0,0.026605504587155965,86.2,41.0,source_memory,130,RECOVERY,214,"(19, 28)",False,1,False,2180
10,0.0,True,0.0,0.9219935694605143,0.965860109522335,2128,0,2128.0,115,7,23,"(33, 8)",0,0.01926605504587156,93.8695652173913,49.608695652173914,source_memory,115,RECOVERY,197,"(26, 36)",False,2,False,2180
0,0.0,True,0.0,0.9,0.9,2125,0,2125.0,85,7,27,"(25, 2)",0,0.025758969641214352,80.07407407407408,33.55555555555556,source_memory,85,RECOVERY,153,"(25, 4)",False,0,False,2185
17,0.0,True,0.0,0.950566228679032,0.9789565091568108,2133,0,2133.0,130,3,25,"(24, 45)",0,0.026532479414455627,86.2,41.0,source_memory,130,RECOVERY,214,"(23, 29)",False,1,False,2185
10,0.0,True,0.0,0.9219935694605143,0.965860109522335,2133,0,2133.0,116,7,23,"(33, 8)",0,0.0192131747483989,93.8695652173913,49.608695652173914,source_memory,116,RECOVERY,198,"(26, 31)",False,2,False,2185
0,0.0,True,0.0,0.9,0.9,2129,0,2129.0,87,7,27,"(33, 30)",0,0.022914757103574702,80.07407407407408,33.55555555555556,source_memory,87,RECOVERY,155,"(25, 4)",False,0,False,2190
17,0.0,True,0.0,0.950566228679032,0.9789565091568108,2138,0,2138.0,130,3,25,"(24, 45)",0,0.023722627737226276,86.2,41.0,source_memory,130,RECOVERY,214,"(24, 33)",False,1,False,2190
10,0.0,True,0.0,0.9219935694605143,0.965860109522335,2138,0,2138.0,116,7,23,"(33, 8)",0,0.016423357664233577,93.8695652173913,49.608695652173914,source_memory,116,RECOVERY,198,"(26, 26)",False,2,False,2190
0,0.0,True,0.0,0.9,0.9,2134,0,2134.0,87,7,27,"(33, 30)",0,0.022747952684258416,80.07407407407408,33.55555555555556,source_memory,87,RECOVERY,155,"(28, 6)",False,0,False,2195
17,0.0,True,0.0,0.950566228679032,0.9789565091568108,2143,0,2143.0,130,3,25,"(24, 45)",0,0.022644927536231884,86.2,41.0,source_memory,130,RECOVERY,214,"(24, 38)",False,1,False,2195
10,0.0,True,0.0,0.9242312879643237,0.966747939536705,2143,0,2143.0,116,7,23,"(33, 8)",0,0.016304347826086956,93.8695652173913,49.608695652173914,source_memory,116,RECOVERY,198,"(26, 21)",False,2,False,2195
0,0.0,True,0.0,0.9,0.9,2139,0,2139.0,87,7,27,"(33, 30)",0,0.02358490566037736,80.07407407407408,33.55555555555556,source_memory,87,RECOVERY,156,"(28, 11)",False,0,False,2200
17,0.0,True,0.0,0.950566228679032,0.9789565091568108,2148,0,2148.0,130,3,25,"(24, 45)",0,0.02345215759849906,86.2,41.0,source_memory,130,RECOVERY,215,"(25, 42)",False,1,False,2200
10,0.0,True,0.0,0.9326174466975065,0.9709606457152863,2148,0,2148.0,116,7,23,"(33, 8)",0,0.016885553470919325,93.8695652173913,49.608695652173914,source_memory,116,RECOVERY,199,"(26, 16)",False,2,False,2200
0,0.0,True,0.0,0.9,0.9,2144,0,2144.0,87,7,27,"(33, 30)",0,0.02358490566037736,80.07407407407408,33.55555555555556,source_memory,87,RECOVERY,156,"(30, 14)",False,0,False,2205
14,0.0,True,0.0,0.950566228679032,0.9789565091568108,2152,0,2152.0,131,3,25,"(33, 8)",0,0.02345215759849906,86.2,41.0,source_memory,131,RECOVERY,216,"(24, 45)",False,1,False,2205
9,0.0,True,0.0,0.9365339243582775,0.9734330114115591,2153,0,2153.0,116,7,23,"(33, 8)",0,0.016885553470919325,93.8695652173913,49.608695652173914,source_memory,116,RECOVERY,199,"(30, 15)",False,2,False,2205
0,0.0,True,0.0,0.9,0.9,2148,0,2148.0,87,8,27,"(33, 30)",0,0.02169811320754717,80.07407407407408,33.55555555555556,source_memory,87,RECOVERY,156,"(29, 17)",False,0,False,2210
12,0.0,True,0.0,0.950566228679032,0.9789565091568108,2157,0,2157.0,131,3,25,"(33, 8)",0,0.02345215759849906,86.2,41.0,source_memory,131,RECOVERY,216,"(26, 42)",False,1,False,2210
9,0.0,True,0.0,0.9457146994907982,0.9790864913783865,2158,0,2158.0,118,7,23,"(33, 8)",0,0.016885553470919325,93.8695652173913,49.608695652173914,source_memory,118,RECOVERY,201,"(32, 12)",False,2,False,2210
0,0.0,True,0.0,0.9,0.9,2153,0,2153.0,87,8,27,"(33, 30)",0,0.02135561745589601,80.07407407407408,33.55555555555556,source_memory,87,RECOVERY,156,"(30, 21)",False,0,False,2215
10,0.0,True,0.0,0.950566228679032,0.9789565091568108,2162,0,2162.0,131,3,25,"(33, 8)",0,0.023084025854108958,86.2,41.0,source_memory,131,RECOVERY,216,"(26, 37)",False,1,False,2215
9,0.0,True,0.0,0.9537972368913297,0.9825905187373146,2163,0,2163.0,118,7,23,"(33, 8)",0,0.01662049861495845,93.8695652173913,49.608695652173914,source_memory,118,RECOVERY,201,"(33, 8)",False,2,False,2215
0,0.0,True,0.0,0.9,0.9,2158,0,2158.0,87,8,27,"(33, 30)",0,0.021256931608133085,80.07407407407408,33.55555555555556,source_memory,87,RECOVERY,156,"(29, 25)",False,0,False,2220
9,0.0,True,0.0,0.950566228679032,0.9789565091568108,2167,0,2167.0,131,3,25,"(33, 8)",0,0.02297794117647059,86.2,41.0,source_memory,131,RECOVERY,216,"(26, 32)",False,1,False,2220
9,0.0,True,0.0,0.9552651835979536,0.9831561710238099,2167,0,2167.0,119,7,23,"(33, 30)",0,0.016544117647058824,93.8695652173913,49.608695652173914,source_memory,119,RECOVERY,202,"(33, 12)",False,2,False,2220
0,0.0,True,0.0,0.9,0.9,2163,0,2163.0,87,8,27,"(33, 30)",0,0.021217712177121772,80.07407407407408,33.55555555555556,source_memory,87,RECOVERY,157,"(29, 30)",False,0,False,2225
4,0.0,True,0.0,0.9575414542923355,0.982983943532031,2172,0,2172.0,131,3,25,"(33, 8)",0,0.022058823529411766,86.2,41.0,source_memory,131,RECOVERY,217,"(26, 27)",False,1,False,2225
4,0.0,True,0.0,0.9606955725394741,0.9851993747354246,2172,0,2172.0,120,7,23,"(33, 30)",0,0.016544117647058824,93.8695652173913,49.608695652173914,source_memory,120,RECOVERY,203,"(30, 14)",False,2,False,2225
0,0.0,True,0.0,0.9,0.9,2167,0,2167.0,88,8,28,"(33, 8)",0,0.02102376599634369,79.64285714285714,33.857142857142854,source_memory,88,RECOVERY,158,"(33, 30)",False,0,False,2230
0,0.0,True,0.0,0.9637758998586403,0.9862681971814489,2177,0,2177.0,131,3,25,"(33, 8)",0,0.02102376599634369,86.2,41.0,source_memory,131,RECOVERY,217,"(26, 22)",False,1,False,2230
0,0.0,True,0.0,0.9666479661408406,0.9879677485945395,2177,0,2177.0,120,7,23,"(33, 30)",0,0.016453382084095063,93.8695652173913,49.608695652173914,source_memory,120,RECOVERY,203,"(29, 18)",False,2,False,2230
0,0.0,True,0.0,0.9,0.9,2172,0,2172.0,88,8,28,"(33, 8)",0,0.02102376599634369,79.64285714285714,33.857142857142854,source_memory,88,RECOVERY,158,"(29, 29)",False,0,False,2235
0,0.0,True,0.0,0.9691926093104513,0.9884711027583358,2182,0,2182.0,131,3,25,"(33, 8)",0,0.02102376599634369,86.2,41.0,source_memory,131,RECOVERY,217,"(26, 17)",False,1,False,2235
0,0.0,True,0.0,0.9717577458690754,0.9900304335916448,2182,0,2182.0,120,7,23,"(33, 30)",0,0.016453382084095063,93.8695652173913,49.608695652173914,source_memory,120,RECOVERY,203,"(28, 22)",False,2,False,2235
0,0.0,True,0.0,0.9,0.9,2177,0,2177.0,88,8,28,"(33, 8)",0,0.02102376599634369,79.64285714285714,33.857142857142854,source_memory,88,RECOVERY,158,"(30, 25)",False,0,False,2240
0,0.0,True,0.0,0.9738245407036392,0.990367826736812,2187,0,2187.0,131,3,25,"(33, 8)",0,0.02102376599634369,86.2,41.0,source_memory,131,RECOVERY,217,"(30, 16)",False,1,False,2240
0,0.0,True,0.0,0.976169914581437,0.9919902944117487,2187,0,2187.0,120,7,23,"(33, 30)",0,0.016453382084095063,93.8695652173913,49.608695652173914,source_memory,120,RECOVERY,203,"(28, 27)",False,2,False,2240
0,0.0,True,0.0,0.9,0.9,2182,0,2182.0,88,8,28,"(33, 8)",0,0.02102376599634369,79.64285714285714,33.857142857142854,source_memory,88,RECOVERY,158,"(30, 20)",False,0,False,2245
0,0.0,True,0.0,0.9777928967878389,0.9919504469316226,2192,0,2192.0,131,3,25,"(33, 8)",0,0.02102376599634369,86.2,41.0,source_memory,131,RECOVERY,217,"(31, 12)",False,1,False,2245
0,0.0,True,0.0,0.9799841675276418,0.9935302438178018,2192,0,2192.0,120,7,23,"(33, 30)",0,0.016453382084095063,93.8695652173913,49.608695652173914,source_memory,120,RECOVERY,203,"(30, 30)",False,2,False,2245
0,0.0,True,0.0,0.9,0.9,2187,0,2187.0,89,8,28,"(33, 8)",0,0.04936014625228519,79.64285714285714,33.857142857142854,source_memory,89,RECOVERY,159,"(29, 16)",False,0,False,2250
0,0.0,True,0.0,0.9805280034976496,0.9928425944813749,2197,0,2197.0,131,3,25,"(33, 8)",0,0.05301645338208409,86.2,41.0,source_memory,131,RECOVERY,218,"(32, 8)",False,1,False,2250
0,0.0,True,0.0,0.9826045760208956,0.9944782288443696,2196,0,2196.0,121,7,24,"(2, 41)",0,0.051188299817184646,93.70833333333333,48.916666666666664,source_memory,121,RECOVERY,205,"(32, 30)",False,2,False,2250
0,0.0,True,0.0,0.9,0.9,2192,0,2192.0,89,8,28,"(33, 8)",0,0.048446069469835464,79.64285714285714,33.857142857142854,source_memory,89,RECOVERY,159,"(33, 15)",False,0,False,2255
0,0.0,True,0.0,0.9817710955853399,0.993424929550867,2201,0,2201.0,132,3,26,"(33, 50)",0,0.05210237659963437,86.61538461538461,41.23076923076923,source_memory,132,RECOVERY,219,"(33, 11)",False,1,False,2255
0,0.0,True,0.0,0.9826045760208956,0.9944782288443696,2201,0,2201.0,121,7,24,"(2, 41)",0,0.050274223034734916,93.70833333333333,48.916666666666664,source_memory,121,RECOVERY,205,"(29, 32)",False,2,False,2255
0,0.0,True,0.0,0.9,0.9,2196,0,2196.0,89,9,28,"(33, 8)",0,0.04744525547445255,79.64285714285714,33.857142857142854,source_memory,89,RECOVERY,159,"(33, 11)",False,0,False,2260
0,0.0,True,0.0,0.9846384026019106,0.99502518925211,2205,0,2205.0,132,4,26,"(33, 50)",0,0.051094890510948905,86.61538461538461,41.23076923076923,source_memory,132,RECOVERY,219,"(31, 11)",False,1,False,2260
0,0.0,True,0.0,0.9826045760208956,0.9944782288443696,2206,0,2206.0,121,7,24,"(2, 41)",0,0.05018248175182482,93.70833333333333,48.916666666666664,source_memory,121,RECOVERY,205,"(25, 33)",False,2,False,2260
0,0.0,True,0.0,0.9,0.9,2200,0,2200.0,90,9,28,"(2, 50)",0,0.046532846715328466,79.64285714285714,33.857142857142854,source_memory,90,RECOVERY,160,"(32, 8)",False,0,False,2265
0,0.0,True,0.0,0.9871532747972035,0.9961552098679416,2210,0,2210.0,134,4,26,"(33, 50)",0,0.05018248175182482,86.61538461538461,41.23076923076923,source_memory,134,RECOVERY,221,"(32, 15)",False,1,False,2265
0,0.0,True,0.0,0.9826045760208956,0.9944782288443696,2211,0,2211.0,121,7,24,"(2, 41)",0,0.05018248175182482,93.70833333333333,48.916666666666664,source_memory,121,RECOVERY,205,"(23, 36)",False,2,False,2265
0,0.0,True,0.0,0.9,0.9,2205,0,2205.0,90,9,28,"(2, 50)",0,0.04288321167883212,79.64285714285714,33.857142857142854,source_memory,90,RECOVERY,160,"(32, 13)",False,0,False,2270
0,0.0,True,0.0,0.9893008950735637,0.9968942950429008,2215,0,2215.0,134,4,26,"(33, 50)",0,0.043795620437956206,86.61538461538461,41.23076923076923,source_memory,134,RECOVERY,221,"(28, 16)",False,1,False,2270
0,0.0,True,0.0,0.9826045760208956,0.9944782288443696,2216,0,2216.0,122,7,24,"(2, 41)",0,0.046532846715328466,93.70833333333333,48.916666666666664,source_memory,122,RECOVERY,206,"(18, 36)",False,2,False,2270
0,0.0,True,0.0,0.9,0.9,2210,0,2210.0,91,9,28,"(2, 50)",0,0.041970802919708027,79.64285714285714,33.857142857142854,source_memory,91,RECOVERY,161,"(30, 16)",False,0,False,2275
0,0.0,True,0.0,0.9911061513594488,0.9975337783564213,2220,0,2220.0,134,4,26,"(33, 50)",0,0.04105839416058394,86.61538461538461,41.23076923076923,source_memory,134,RECOVERY,222,"(28, 21)",False,1,False,2275
0,0.0,True,0.0,0.9826045760208956,0.9944782288443696,2221,0,2221.0,122,7,24,"(2, 41)",0,0.04562043795620438,93.70833333333333,48.916666666666664,source_memory,122,RECOVERY,207,"(17, 40)",False,2,False,2275
0,0.0,True,0.0,0.9,0.9,2215,0,2215.0,91,9,28,"(2, 50)",0,0.037408759124087594,79.64285714285714,33.857142857142854,source_memory,91,RECOVERY,161,"(27, 18)",False,0,False,2280
0,0.0,True,0.0,0.9926330022392633,0.9980211477942355,2225,0,2225.0,134,4,26,"(33, 50)",0,0.035583941605839414,86.61538461538461,41.23076923076923,source_memory,134,RECOVERY,222,"(28, 26)",False,1,False,2280
0,0.0,True,0.0,0.9826045760208956,0.9944782288443696,2226,0,2226.0,122,7,24,"(2, 41)",0,0.04470802919708029,93.70833333333333,48.916666666666664,source_memory,122,RECOVERY,207,"(13, 41)",False,2,False,2280
0,0.0,True,0.0,0.9,0.9,2220,0,2220.0,92,9,28,"(2, 50)",0,0.035583941605839414,79.64285714285714,33.857142857142854,source_memory,92,RECOVERY,162,"(25, 21)",False,0,False,2285
0,0.0,True,0.0,0.9939019211738402,0.998369525182507,2230,0,2230.0,134,4,26,"(33, 50)",0,0.03375912408759124,86.61538461538461,41.23076923076923,source_memory,134,RECOVERY,222,"(28, 31)",False,1,False,2285
0,0.0,True,0.0,0.9826045760208956,0.9944782288443696,2231,0,2231.0,123,7,24,"(2, 41)",0,0.04105839416058394,93.70833333333333,48.916666666666664,source_memory,123,RECOVERY,208,"(8, 41)",False,2,False,2285
0,0.0,True,0.0,0.9,0.9,2225,0,2225.0,92,9,28,"(2, 50)",0,0.03372835004557885,79.64285714285714,33.857142857142854,source_memory,92,RECOVERY,162,"(25, 26)",False,0,False,2290
0,0.0,True,0.0,0.9939019211738402,0.998369525182507,2235,0,2235.0,134,4,26,"(33, 50)",0,0.03372835004557885,86.61538461538461,41.23076923076923,source_memory,134,RECOVERY,222,"(28, 36)",False,1,False,2290
0,0.0,True,0.0,0.9826045760208956,0.9944782288443696,2236,0,2236.0,123,7,24,"(2, 41)",0,0.040109389243391066,93.70833333333333,48.916666666666664,source_memory,123,RECOVERY,208,"(7, 45)",False,2,False,2290
0,0.0,True,0.0,0.9,0.9,2230,0,2230.0,92,9,28,"(2, 50)",0,0.03360581289736603,79.64285714285714,33.857142857142854,source_memory,92,RECOVERY,162,"(25, 31)",False,0,False,2295
0,0.0,True,0.0,0.9939019211738402,0.998369525182507,2240,0,2240.0,134,4,26,"(33, 50)",0,0.03360581289736603,86.61538461538461,41.23076923076923,source_memory,134,RECOVERY,222,"(28, 41)",False,1,False,2295
0,0.0,True,0.0,0.9826045760208956,0.9944782288443696,2241,0,2241.0,123,7,24,"(2, 41)",0,0.03996366939146231,93.70833333333333,48.916666666666664,source_memory,123,RECOVERY,208,"(4, 43)",False,2,False,2295
0,0.0,True,0.0,0.9,0.9,2235,0,2235.0,93,9,28,"(2, 50)",0,0.03302752293577982,79.64285714285714,33.857142857142854,source_memory,93,RECOVERY,163,"(22, 33)",False,0,False,2300
0,0.0,True,0.0,0.9939019211738402,0.998369525182507,2245,0,2245.0,135,4,26,"(33, 50)",0,0.03302752293577982,86.61538461538461,41.23076923076923,source_memory,135,RECOVERY,223,"(28, 46)",False,1,False,2300
0,0.0,True,0.0,0.9826045760208956,0.9944782288443696,2245,0,2245.0,124,7,24,"(21, 17)",0,0.03853211009174312,93.70833333333333,48.916666666666664,source_memory,124,RECOVERY,210,"(2, 41)",False,2,False,2300
0,0.0,True,0.0,0.9,0.9,2240,0,2240.0,93,9,28,"(2, 50)",0,0.029357798165137616,79.64285714285714,33.857142857142854,source_memory,93,RECOVERY,163,"(20, 36)",False,0,False,2305
0,0.0,True,0.0,0.9939019211738402,0.998369525182507,2250,0,2250.0,135,4,26,"(33, 50)",0,0.030275229357798167,86.61538461538461,41.23076923076923,source_memory,135,RECOVERY,223,"(30, 49)",False,1,False,2305
0,0.0,True,0.0,0.9826045760208956,0.9944782288443696,2250,0,2250.0,124,7,24,"(21, 17)",0,0.03211009174311927,93.70833333333333,48.916666666666664,source_memory,124,RECOVERY,210,"(5, 43)",False,2,False,2305
0,0.0,True,0.0,0.9,0.9,2245,0,2245.0,93,9,28,"(2, 50)",0,0.029357798165137616,79.64285714285714,33.857142857142854,source_memory,93,RECOVERY,163,"(19, 40)",False,0,False,2310
0,0.0,True,0.0,0.9939019211738402,0.998369525182507,2254,0,2254.0,136,4,26,"(25, 2)",0,0.030275229357798167,86.61538461538461,41.23076923076923,source_memory,136,RECOVERY,224,"(33, 50)",False,1,False,2310
0,0.0,True,0.0,0.9826045760208956,0.9944782288443696,2255,0,2255.0,124,7,24,"(21, 17)",0,0.03211009174311927,93.70833333333333,48.916666666666664,source_memory,124,RECOVERY,210,"(7, 44)",False,2,False,2310
0,0.0,True,0.0,0.9,0.9,2250,0,2250.0,93,9,28,"(2, 50)",0,0.029357798165137616,79.64285714285714,33.857142857142854,source_memory,93,RECOVERY,163,"(14, 40)",False,0,False,2315
0,0.0,True,0.0,0.9939019211738402,0.998369525182507,2259,0,2259.0,136,4,26,"(25, 2)",0,0.030275229357798167,86.61538461538461,41.23076923076923,source_memory,136,RECOVERY,224,"(30, 48)",False,1,False,2315
0,0.0,True,0.0,0.9832080480511296,0.9946740166255759,2260,0,2260.0,124,7,24,"(21, 17)",0,0.031192660550458717,93.70833333333333,48.916666666666664,source_memory,124,RECOVERY,210,"(9, 41)",False,2,False,2315
0,0.0,True,0.0,0.9,0.9,2254,0,2254.0,93,10,28,"(2, 50)",0,0.029357798165137616,79.64285714285714,33.857142857142854,source_memory,93,RECOVERY,163,"(11, 41)",False,0,False,2320
0,0.0,True,0.0,0.9939019211738402,0.998369525182507,2264,0,2264.0,136,4,26,"(25, 2)",0,0.030275229357798167,86.61538461538461,41.23076923076923,source_memory,136,RECOVERY,224,"(28, 45)",False,1,False,2320
0,0.0,True,0.0,0.985970942874641,0.9958910644727094,2264,0,2264.0,124,8,24,"(21, 17)",0,0.031192660550458717,93.70833333333333,48.916666666666664,source_memory,124,RECOVERY,210,"(9, 41)",False,2,False,2320
0,0.0,True,0.0,0.9,0.9,2258,0,2258.0,93,11,28,"(2, 50)",0,0.029357798165137616,79.64285714285714,33.857142857142854,source_memory,93,RECOVERY,164,"(7, 41)",False,0,False,2325
0,0.0,True,0.0,0.9945533226665333,0.9985154089985132,2269,0,2269.0,136,4,26,"(25, 2)",0,0.029357798165137616,86.61538461538461,41.23076923076923,source_memory,136,RECOVERY,225,"(27, 41)",False,1,False,2325
0,0.0,True,0.0,0.9883514905621764,0.9968147057328363,2268,0,2268.0,129,9,24,"(21, 17)",0,0.03211009174311927,93.70833333333333,48.916666666666664,source_memory,129,RECOVERY,215,"(10, 38)",False,2,False,2325
0,0.0,True,0.0,0.9,0.9,2263,0,2263.0,93,11,28,"(2, 50)",0,0.025688073394495414,79.64285714285714,33.857142857142854,source_memory,93,RECOVERY,164,"(6, 45)",False,0,False,2330
0,0.0,True,0.0,0.9954806381249168,0.9987310685172147,2274,0,2274.0,136,4,26,"(25, 2)",0,0.025688073394495414,86.61538461538461,41.23076923076923,source_memory,136,RECOVERY,225,"(27, 36)",False,1,False,2330
0,0.0,True,0.0,0.989991851466557,0.997369486423496,2273,0,2273.0,129,9,24,"(21, 17)",0,0.027522935779816515,93.70833333333333,48.916666666666664,source_memory,129,RECOVERY,215,"(10, 33)",False,2,False,2330
0,0.0,True,0.0,0.9,0.9,2268,0,2268.0,93,11,28,"(2, 50)",0,0.019230769230769232,79.64285714285714,33.857142857142854,source_memory,93,RECOVERY,164,"(3, 47)",False,0,False,2335
0,0.0,True,0.0,0.9962422643963024,0.9989136158413533,2279,0,2279.0,136,4,26,"(25, 2)",0,0.019230769230769232,86.61538461538461,41.23076923076923,source_memory,136,RECOVERY,225,"(27, 31)",False,1,False,2335
0,0.0,True,0.0,0.9907223699112541,0.9975224098995102,2278,0,2278.0,130,9,24,"(21, 17)",0,0.021062271062271064,93.70833333333333,48.916666666666664,source_memory,130,RECOVERY,216,"(12, 30)",False,2,False,2335
0,0.0,True,0.0,0.9,0.9,2272,0,2272.0,94,11,29,"(33, 50)",0,0.017142857142857144,80.6896551724138,35.310344827586206,source_memory,94,RECOVERY,165,"(2, 50)",False,0,False,2340
0,0.0,True,0.0,0.9968688914736119,0.9990690112304286,2284,0,2284.0,136,4,26,"(25, 2)",0,0.017142857142857144,86.61538461538461,41.23076923076923,source_memory,136,RECOVERY,225,"(27, 26)",False,1,False,2340
0,0.0,True,0.0,0.9923068533071956,0.9978560383050584,2283,0,2283.0,131,9,24,"(21, 17)",0,0.01904761904761905,93.70833333333333,48.916666666666664,source_memory,131,RECOVERY,217,"(16, 29)",False,2,False,2340
0,0.0,True,0.0,0.9,0.9,2277,0,2277.0,94,11,29,"(33, 50)",0,0.01619047619047619,80.6896551724138,35.310344827586206,source_memory,94,RECOVERY,165,"(5, 48)",False,0,False,2345
0,0.0,True,0.0,0.997386266010722,0.9992047264555995,2289,0,2289.0,136,4,26,"(25, 2)",0,0.01619047619047619,86.61538461538461,41.23076923076923,source_memory,136,RECOVERY,225,"(27, 21)",False,1,False,2345
0,0.0,True,0.0,0.9936031004631997,0.9981420943179798,2288,0,2288.0,131,9,24,"(21, 17)",0,0.018095238095238095,93.70833333333333,48.916666666666664,source_memory,131,RECOVERY,217,"(19, 27)",False,2,False,2345
0,0.0,True,0.0,0.9,0.9,2282,0,2282.0,94,11,29,"(33, 50)",0,0.014245014245014245,80.6896551724138,35.310344827586206,source_memory,94,RECOVERY,166,"(8, 46)",False,0,False,2350
0,0.0,True,0.0,0.9978125222958928,0.9993086919096837,2294,0,2294.0,137,4,26,"(25, 2)",0,0.014245014245014245,86.61538461538461,41.23076923076923,source_memory,137,RECOVERY,226,"(26, 17)",False,1,False,2350
0,0.0,True,0.0,0.9942667424001526,0.998309112949549,2293,0,2293.0,131,9,24,"(21, 17)",0,0.016144349477682812,93.70833333333333,48.916666666666664,source_memory,131,RECOVERY,218,"(19, 22)",False,2,False,2350
0,0.0,True,0.0,0.9,0.9,2287,0,2287.0,94,11,29,"(33, 50)",0,0.004699248120300752,80.6896551724138,35.310344827586206,source_memory,94,RECOVERY,166,"(12, 45)",False,0,False,2355
0,0.0,True,0.0,0.9979608959658284,0.9993436234882577,2299,0,2299.0,137,4,26,"(25, 2)",0,0.004699248120300752,86.61538461538461,41.23076923076923,source_memory,137,RECOVERY,226,"(25, 13)",False,1,False,2355
0,0.0,True,0.0,0.9942667424001526,0.998309112949549,2298,0,2298.0,131,9,24,"(21, 17)",0,0.006578947368421052,93.70833333333333,48.916666666666664,source_memory,131,RECOVERY,218,"(19, 17)",False,2,False,2355
0,0.0,True,0.0,0.9,0.9,2292,0,2292.0,94,11,29,"(33, 50)",0,0.004599816007359705,80.6896551724138,35.310344827586206,source_memory,94,RECOVERY,166,"(17, 45)",False,0,False,2360
0,0.0,True,0.0,0.9982854797140234,0.9994250796573566,2304,0,2304.0,137,4,26,"(25, 2)",0,0.004599816007359705,86.61538461538461,41.23076923076923,source_memory,137,RECOVERY,226,"(25, 8)",False,1,False,2360
0,0.0,True,0.0,0.9950372713944664,0.9984843185413563,2302,0,2302.0,132,9,25,"(33, 8)",0,0.006439742410303588,94.32,49.28,source_memory,132,RECOVERY,219,"(23, 17)",False,2,False,2360
0,0.0,True,0.0,0.9,0.9,2297,0,2297.0,94,11,29,"(33, 50)",0,0.0045871559633027525,80.6896551724138,35.310344827586206,source_memory,94,RECOVERY,166,"(20, 47)",False,0,False,2365
0,0.0,True,0.0,0.9983986090169445,0.9994517950697652,2309,0,2309.0,137,4,26,"(25, 2)",0,0.0045871559633027525,86.61538461538461,41.23076923076923,source_memory,137,RECOVERY,226,"(25, 3)",False,1,False,2365
0,0.0,True,0.0,0.9958472577730748,0.9986916162701349,2307,0,2307.0,132,9,25,"(33, 8)",0,0.0045871559633027525,94.32,49.28,source_memory,132,RECOVERY,219,"(28, 17)",False,2,False,2365
0,0.0,True,0.0,0.9,0.9,2302,0,2302.0,94,11,29,"(33, 50)",0,0.0045662100456621,80.6896551724138,35.310344827586206,source_memory,94,RECOVERY,166,"(23, 49)",False,0,False,2370
0,0.0,True,0.0,0.9983986090169445,0.9994517950697652,2313,0,2313.0,138,4,27,"(33, 8)",0,0.0045662100456621,87.66666666666667,41.81481481481482,source_memory,138,RECOVERY,227,"(25, 5)",False,1,False,2370
0,0.0,True,0.0,0.9965169992183138,0.9988837157113907,2312,0,2312.0,132,9,25,"(33, 8)",0,0.0045662100456621,94.32,49.28,source_memory,132,RECOVERY,219,"(32, 16)",False,2,False,2370
0,0.0,True,0.0,0.9,0.9,2307,0,2307.0,94,11,29,"(33, 50)",0,0.0045662100456621,80.6896551724138,35.310344827586206,source_memory,94,RECOVERY,167,"(28, 49)",False,0,False,2375
0,0.0,True,0.0,0.9985031440255576,0.9994772829923355,2318,0,2318.0,138,4,27,"(33, 8)",0,0.0045662100456621,87.66666666666667,41.81481481481482,source_memory,138,RECOVERY,228,"(28, 7)",False,1,False,2375
0,0.0,True,0.0,0.9970744135995201,0.9990368909052573,2317,0,2317.0,132,9,25,"(33, 8)",0,0.0045662100456621,94.32,49.28,source_memory,132,RECOVERY,220,"(32, 11)",False,2,False,2375
0,0.0,True,0.0,0.9,0.9,2312,0,2312.0,94,11,29,"(33, 50)",0,0.0045662100456621,80.6896551724138,35.310344827586206,source_memory,94,RECOVERY,167,"(32, 50)",False,0,False,2380
0,0.0,True,0.0,0.9987321359888119,0.9995403452425142,2323,0,2323.0,138,4,27,"(33, 8)",0,0.0045662100456621,87.66666666666667,41.81481481481482,source_memory,138,RECOVERY,228,"(32, 8)",False,1,False,2380
0,0.0,True,0.0,0.9973616955187913,0.9991161093692368,2321,0,2321.0,133,9,25,"(21, 17)",0,0.0045662100456621,94.32,49.28,source_memory,133,RECOVERY,221,"(33, 8)",False,2,False,2380
0,0.0,True,0.0,0.9,0.9,2316,0,2316.0,95,11,29,"(13, 50)",0,0.0045662100456621,80.6896551724138,35.310344827586206,source_memory,95,RECOVERY,168,"(30, 50)",False,0,False,2385
0,0.0,True,0.0,0.9988129472231938,0.9995678106755005,2326,0,2326.0,139,5,27,"(13, 50)",0,0.0045662100456621,87.66666666666667,41.81481481481482,source_memory,139,RECOVERY,229,"(31, 8)",False,1,False,2385
0,0.0,True,0.0,0.9973616955187913,0.9991161093692368,2326,0,2326.0,135,9,25,"(21, 17)",0,0.0045662100456621,94.32,49.28,source_memory,135,RECOVERY,223,"(32, 12)",False,2,False,2385
0,0.0,True,0.0,0.9,0.9,2321,0,2321.0,95,11,29,"(13, 50)",0,0.0045662100456621,80.6896551724138,35.310344827586206,source_memory,95,RECOVERY,168,"(26, 49)",False,0,False,2390
0,0.0,True,0.0,0.9988129472231938,0.9995678106755005,2331,0,2331.0,139,5,27,"(13, 50)",0,0.0045662100456621,87.66666666666667,41.81481481481482,source_memory,139,RECOVERY,229,"(29, 11)",False,1,False,2390
0,0.0,True,0.0,0.9973616955187913,0.9991161093692368,2331,0,2331.0,135,9,25,"(21, 17)",0,0.0045662100456621,94.32,49.28,source_memory,135,RECOVERY,223,"(31, 16)",False,2,False,2390
0,0.0,True,0.0,0.9,0.9,2326,0,2326.0,95,11,29,"(13, 50)",0,0.0045662100456621,80.6896551724138,35.310344827586206,source_memory,95,RECOVERY,168,"(21, 49)",False,0,False,2395
0,0.0,True,0.0,0.9988129472231938,0.9995678106755005,2336,0,2336.0,139,5,27,"(13, 50)",0,0.0045662100456621,87.66666666666667,41.81481481481482,source_memory,139,RECOVERY,229,"(26, 13)",False,1,False,2395
0,0.0,True,0.0,0.9974504241141109,0.9991362674251824,2336,0,2336.0,135,9,25,"(21, 17)",0,0.005479452054794521,94.32,49.28,source_memory,135,RECOVERY,223,"(26, 16)",False,2,False,2395
0,0.0,True,0.0,0.9,0.9,2331,0,2331.0,95,11,29,"(13, 50)",0,0.0777676120768527,80.6896551724138,35.310344827586206,source_memory,95,RECOVERY,169,"(17, 50)",False,0,False,2400
0,0.0,True,0.0,0.9988129472231938,0.9995678106755005,2341,0,2341.0,140,5,27,"(13, 50)",0,0.07502287282708142,87.66666666666667,41.81481481481482,source_memory,140,RECOVERY,230,"(27, 17)",False,1,False,2400
0,0.0,True,0.0,0.9974504241141109,0.9991362674251824,2341,0,2341.0,135,9,25,"(21, 17)",0,0.08051235132662397,94.32,49.28,source_memory,135,RECOVERY,224,"(22, 17)",False,2,False,2400
0,0.0,True,0.0,0.9,0.9,2335,0,2335.0,96,11,30,"(2, 41)",0,0.0684931506849315,80.16666666666667,34.9,source_memory,96,RECOVERY,170,"(13, 50)",False,0,False,2405
0,0.0,True,0.0,0.9988129472231938,0.9995678106755005,2346,0,2346.0,141,5,27,"(13, 50)",0,0.06027397260273973,87.66666666666667,41.81481481481482,source_memory,141,RECOVERY,231,"(27, 22)",False,1,False,2405
0,0.0,True,0.0,0.9974504241141109,0.9991362674251824,2345,0,2345.0,137,9,26,"(13, 50)",0,0.07488584474885844,92.38461538461539,48.23076923076923,source_memory,137,RECOVERY,226,"(18, 17)",False,2,False,2405
0,0.0,True,0.0,0.9,0.9,2340,0,2340.0,96,11,30,"(2, 41)",0,0.06575342465753424,80.16666666666667,34.9,source_memory,96,RECOVERY,170,"(12, 46)",False,0,False,2410
0,0.0,True,0.0,0.9988129472231938,0.9995678106755005,2351,0,2351.0,141,5,27,"(13, 50)",0,0.057534246575342465,87.66666666666667,41.81481481481482,source_memory,141,RECOVERY,231,"(26, 26)",False,1,False,2410
0,0.0,True,0.0,0.9974504241141109,0.9991362674251824,2350,0,2350.0,137,9,26,"(13, 50)",0,0.0730593607305936,92.38461538461539,48.23076923076923,source_memory,137,RECOVERY,226,"(18, 22)",False,2,False,2410
0,0.0,True,0.0,0.9,0.9,2345,0,2345.0,96,11,30,"(2, 41)",0,0.057534246575342465,80.16666666666667,34.9,source_memory,96,RECOVERY,170,"(7, 46)",False,0,False,2415
0,0.0,True,0.0,0.9988129472231938,0.9995678106755005,2356,0,2356.0,141,5,27,"(13, 50)",0,0.049315068493150684,87.66666666666667,41.81481481481482,source_memory,141,RECOVERY,231,"(26, 31)",False,1,False,2415
0,0.0,True,0.0,0.9974504241141109,0.9991362674251824,2355,0,2355.0,137,9,26,"(13, 50)",0,0.0639269406392694,92.38461538461539,48.23076923076923,source_memory,137,RECOVERY,226,"(18, 27)",False,2,False,2415
0,0.0,True,0.0,0.9,0.9,2350,0,2350.0,96,11,30,"(2, 41)",0,0.041932543299908843,80.16666666666667,34.9,source_memory,96,RECOVERY,170,"(5, 43)",False,0,False,2420
0,0.0,True,0.0,0.9988129472231938,0.9995678106755005,2361,0,2361.0,141,5,27,"(13, 50)",0,0.03372835004557885,87.66666666666667,41.81481481481482,source_memory,141,RECOVERY,231,"(26, 36)",False,1,False,2420
0,0.0,True,0.0,0.9974504241141109,0.9991362674251824,2360,0,2360.0,137,9,26,"(13, 50)",0,0.04740200546946217,92.38461538461539,48.23076923076923,source_memory,137,RECOVERY,226,"(15, 29)",False,2,False,2420
0,0.0,True,0.0,0.9,0.9,2355,0,2355.0,96,11,30,"(2, 41)",0,0.03723887375113533,80.16666666666667,34.9,source_memory,96,RECOVERY,171,"(2, 41)",False,0,False,2425
0,0.0,True,0.0,0.9988129472231938,0.9995678106755005,2366,0,2366.0,141,5,27,"(13, 50)",0,0.029064486830154404,87.66666666666667,41.81481481481482,source_memory,141,RECOVERY,232,"(26, 41)",False,1,False,2425
0,0.0,True,0.0,0.9974504241141109,0.9991362674251824,2365,0,2365.0,137,9,26,"(13, 50)",0,0.04450499545867393,92.38461538461539,48.23076923076923,source_memory,137,RECOVERY,227,"(13, 32)",False,2,False,2425
0,0.0,True,0.0,0.9,0.9,2359,0,2359.0,97,11,30,"(2, 50)",0,0.03451407811080836,80.16666666666667,34.9,source_memory,97,RECOVERY,172,"(3, 44)",False,0,False,2430
0,0.0,True,0.0,0.9988129472231938,0.9995678106755005,2371,0,2371.0,141,5,27,"(13, 50)",0,0.02633969118982743,87.66666666666667,41.81481481481482,source_memory,141,RECOVERY,232,"(26, 46)",False,1,False,2430
0,0.0,True,0.0,0.9974504241141109,0.9991362674251824,2370,0,2370.0,137,9,26,"(13, 50)",0,0.04178019981834696,92.38461538461539,48.23076923076923,source_memory,137,RECOVERY,227,"(13, 37)",False,2,False,2430
0,0.0,True,0.0,0.9,0.9,2364,0,2364.0,97,11,30,"(2, 50)",0,0.03451407811080836,80.16666666666667,34.9,source_memory,97,RECOVERY,172,"(3, 49)",False,0,False,2435
0,0.0,True,0.0,0.99885141605053,0.9995823237699163,2376,0,2376.0,141,5,27,"(13, 50)",0,0.02633969118982743,87.66666666666667,41.81481481481482,source_memory,141,RECOVERY,232,"(24, 49)",False,1,False,2435
0,0.0,True,0.0,0.9977759847665439,0.9992440564114816,2375,0,2375.0,137,9,26,"(13, 50)",0,0.04087193460490463,92.38461538461539,48.23076923076923,source_memory,137,RECOVERY,227,"(13, 42)",False,2,False,2435
0,0.0,True,0.0,0.9,0.9,2368,0,2368.0,98,11,31,"(33, 8)",0,0.034545454545454546,78.64516129032258,34.16129032258065,source_memory,98,RECOVERY,173,"(3, 49)",False,0,False,2440
0,0.0,True,0.0,0.9990257737459302,0.9996467518989148,2381,0,2381.0,141,5,27,"(13, 50)",0,0.026581118240146653,87.66666666666667,41.81481481481482,source_memory,141,RECOVERY,232,"(19, 49)",False,1,False,2440
0,0.0,True,0.0,0.9981255210773352,0.999363485217348,2380,0,2380.0,137,9,26,"(13, 50)",0,0.04032997250229148,92.38461538461539,48.23076923076923,source_memory,137,RECOVERY,227,"(13, 47)",False,2,False,2440
0,0.0,True,0.0,0.9,0.9,2373,0,2373.0,98,11,31,"(33, 8)",0,0.034545454545454546,78.64516129032258,34.16129032258065,source_memory,98,RECOVERY,173,"(5, 46)",False,0,False,2445
0,0.0,True,0.0,0.9991750894456402,0.999707625409033,2386,0,2386.0,141,5,27,"(13, 50)",0,0.026581118240146653,87.66666666666667,41.81481481481482,source_memory,141,RECOVERY,232,"(14, 49)",False,1,False,2445
0,0.0,True,0.0,0.9983652681047739,0.9994450722212339,2384,0,2384.0,138,9,26,"(15, 2)",0,0.04032997250229148,92.38461538461539,48.23076923076923,source_memory,138,RECOVERY,228,"(13, 49)",False,2,False,2445
0,0.0,True,0.0,0.9,0.9,2378,0,2378.0,99,11,31,"(33, 8)",0,0.034545454545454546,78.64516129032258,34.16129032258065,source_memory,99,RECOVERY,174,"(9, 45)",False,0,False,2450
0,0.0,True,0.0,0.999278317413733,0.9997456838391834,2388,0,2388.0,142,6,28,"(2, 20)",0,0.026581118240146653,87.46428571428571,42.67857142857143,source_memory,142,RECOVERY,235,"(13, 50)",False,1,False,2450
0,0.0,True,0.0,0.9985261036673846,0.9995178511292612,2389,0,2389.0,138,9,26,"(15, 2)",0,0.03941338221814849,92.38461538461539,48.23076923076923,source_memory,138,RECOVERY,229,"(12, 45)",False,2,False,2450
0,0.0,True,0.0,0.9,0.9,2383,0,2383.0,99,11,31,"(33, 8)",0,0.034545454545454546,78.64516129032258,34.16129032258065,source_memory,99,RECOVERY,174,"(13, 44)",False,0,False,2455
0,0.0,True,0.0,0.9993913357496172,0.9997971493668337,2393,0,2393.0,142,6,28,"(2, 20)",0,0.027497708524289642,87.46428571428571,42.67857142857143,source_memory,142,RECOVERY,235,"(12, 46)",False,1,False,2455
0,0.0,True,0.0,0.9987671080675871,0.9996301490462987,2394,0,2394.0,138,9,26,"(15, 2)",0,0.03941338221814849,92.38461538461539,48.23076923076923,source_memory,138,RECOVERY,229,"(12, 40)",False,2,False,2455
0,0.0,True,0.0,0.9,0.9,2388,0,2388.0,99,11,31,"(33, 8)",0,0.03386641580432737,78.64516129032258,34.16129032258065,source_memory,99,RECOVERY,174,"(18, 44)",False,0,False,2460
0,0.0,True,0.0,0.9994891955790207,0.9998384609913685,2398,0,2398.0,142,6,28,"(2, 20)",0,0.026590693257359924,87.46428571428571,42.67857142857143,source_memory,142,RECOVERY,235,"(10, 43)",False,1,False,2460
0,0.0,True,0.0,0.9989734771903306,0.9997031750329155,2399,0,2399.0,138,9,26,"(15, 2)",0,0.04,92.38461538461539,48.23076923076923,source_memory,138,RECOVERY,229,"(12, 35)",False,2,False,2460
0,0.0,True,0.0,0.9,0.9,2393,0,2393.0,99,11,31,"(33, 8)",0,0.03289473684210526,78.64516129032258,34.16129032258065,source_memory,99,RECOVERY,174,"(20, 41)",False,0,False,2465
0,0.0,True,0.0,0.9995567503585976,0.9998614786319857,2403,0,2403.0,142,6,28,"(2, 20)",0,0.026565464895635674,87.46428571428571,42.67857142857143,source_memory,142,RECOVERY,235,"(10, 38)",False,1,False,2465
0,0.0,True,0.0,0.9989734771903306,0.9997031750329155,2404,0,2404.0,138,9,26,"(15, 2)",0,0.0390104662226451,92.38461538461539,48.23076923076923,source_memory,138,RECOVERY,229,"(12, 30)",False,2,False,2465
0,0.0,True,0.0,0.9,0.9,2398,0,2398.0,99,11,31,"(33, 8)",0,0.0308411214953271,78.64516129032258,34.16129032258065,source_memory,99,RECOVERY,174,"(21, 37)",False,0,False,2470
0,0.0,True,0.0,0.9995567503585976,0.9998614786319857,2408,0,2408.0,142,6,28,"(2, 20)",0,0.024528301886792454,87.46428571428571,42.67857142857143,source_memory,142,RECOVERY,235,"(10, 33)",False,1,False,2470
0,0.0,True,0.0,0.9989734771903306,0.9997031750329155,2409,0,2409.0,139,9,26,"(15, 2)",0,0.036896877956480605,92.38461538461539,48.23076923076923,source_memory,139,RECOVERY,230,"(12, 25)",False,2,False,2470
0,0.0,True,0.0,0.9,0.9,2403,0,2403.0,100,11,31,"(33, 8)",0,0.027052238805970148,78.64516129032258,34.16129032258065,source_memory,100,RECOVERY,175,"(21, 32)",False,0,False,2475
0,0.0,True,0.0,0.9995567503585976,0.9998614786319857,2413,0,2413.0,143,6,28,"(2, 20)",0,0.02071563088512241,87.46428571428571,42.67857142857143,source_memory,143,RECOVERY,236,"(9, 29)",False,1,False,2475
0,0.0,True,0.0,0.9989734771903306,0.9997031750329155,2414,0,2414.0,139,9,26,"(15, 2)",0,0.0339943342776204,92.38461538461539,48.23076923076923,source_memory,139,RECOVERY,231,"(14, 22)",False,2,False,2475
0,0.0,True,0.0,0.9,0.9,2408,0,2408.0,100,11,31,"(33, 8)",0,0.024295432458697766,78.64516129032258,34.16129032258065,source_memory,100,RECOVERY,175,"(23, 29)",False,0,False,2480
0,0.0,True,0.0,0.9995567503585976,0.9998614786319857,2418,0,2418.0,143,6,28,"(2, 20)",0,0.0184645286686103,87.46428571428571,42.67857142857143,source_memory,143,RECOVERY,236,"(6, 27)",False,1,False,2480
0,0.0,True,0.0,0.9989734771903306,0.9997031750329155,2419,0,2419.0,139,9,26,"(15, 2)",0,0.029154518950437316,92.38461538461539,48.23076923076923,source_memory,139,RECOVERY,231,"(15, 18)",False,2,False,2480
0,0.0,True,0.0,0.9,0.9,2413,0,2413.0,100,11,31,"(33, 8)",0,0.023408239700374533,78.64516129032258,34.16129032258065,source_memory,100,RECOVERY,175,"(26, 27)",False,0,False,2485
0,0.0,True,0.0,0.9995567503585976,0.9998614786319857,2423,0,2423.0,143,6,28,"(2, 20)",0,0.017790262172284643,87.46428571428571,42.67857142857143,source_memory,143,RECOVERY,236,"(3, 25)",False,1,False,2485
0,0.0,True,0.0,0.9989734771903306,0.9997031750329155,2424,0,2424.0,139,9,26,"(15, 2)",0,0.027153558052434457,92.38461538461539,48.23076923076923,source_memory,139,RECOVERY,231,"(15, 13)",False,2,False,2485
0,0.0,True,0.0,0.9,0.9,2418,0,2418.0,101,11,31,"(33, 8)",0,0.022502250225022502,78.64516129032258,34.16129032258065,source_memory,101,RECOVERY,176,"(26, 22)",False,0,False,2490
0,0.0,True,0.0,0.9995567503585976,0.9998614786319857,2428,0,2428.0,143,6,28,"(2, 20)",0,0.016201620162016202,87.46428571428571,42.67857142857143,source_memory,143,RECOVERY,236,"(2, 21)",False,1,False,2490
0,0.0,True,0.0,0.9989734771903306,0.9997031750329155,2429,0,2429.0,139,9,26,"(15, 2)",0,0.026102610261026102,92.38461538461539,48.23076923076923,source_memory,139,RECOVERY,231,"(15, 8)",False,2,False,2490
0,0.0,True,0.0,0.9,0.9,2423,0,2423.0,101,11,31,"(33, 8)",0,0.02226179875333927,78.64516129032258,34.16129032258065,source_memory,101,RECOVERY,176,"(29, 20)",False,0,False,2495
0,0.0,True,0.0,0.9995567503585976,0.9998614786319857,2432,0,2432.0,144,6,29,"(2, 41)",0,0.016028495102404273,85.93103448275862,42.6551724137931,source_memory,144,RECOVERY,237,"(2, 23)",False,1,False,2495
0,0.0,True,0.0,0.9989734771903306,0.9997031750329155,2434,0,2434.0,139,9,26,"(15, 2)",0,0.025823686553873553,92.38461538461539,48.23076923076923,source_memory,139,RECOVERY,231,"(15, 3)",False,2,False,2495
